archive_path,category,bytes,sha256,original_source_path
00_protocol_and_splits/archive_experiment_results.py,archive provenance,15561,b529e14874addb3bcc07604780c5de833122acaa84155ce007a45703307cf7d0,C:\Users\ACANE\Documents\Codex\2026-07-24\yzzx02-lipidbench-git-https-github-com\archive_experiment_results.py
00_protocol_and_splits/source_domain_metadata.csv,canonical metadata,19529,0ee650596fed7b491b7aa1bbac80206cbdd383d5bedad824060c285697a7bece,D:\CODE\LipidBench\PeakTruthLab\datasets\source_domain_metadata.csv
01_pilot_and_image_only/full_image_only_10epochs/attribute_preprocessing.json,pilot/image-only,2651,cd88825f81997e7674d1dd0faab2d09a4d2b118dc21c60346e75ca8eb6c2ecb8,D:\CODE\LipidBench\PeakTruthLab\results\nvidia_full_10525_2507_b8_e10_image_only\attribute_preprocessing.json
01_pilot_and_image_only/full_image_only_10epochs/history.json,pilot/image-only,13506,868d929fe1af2bdeb18b19d4d34dc87b3583fe2abe6232ed65c61d1432d78bf3,D:\CODE\LipidBench\PeakTruthLab\results\nvidia_full_10525_2507_b8_e10_image_only\history.json
01_pilot_and_image_only/full_image_only_10epochs/run_config.json,pilot/image-only,1152,2c30eb906396873426e12b23688a4881712f482b589c4633d998ac04f3fc24e0,D:\CODE\LipidBench\PeakTruthLab\results\nvidia_full_10525_2507_b8_e10_image_only\run_config.json
01_pilot_and_image_only/full_image_only_10epochs/summary.json,pilot/image-only,3665,ced2e8d5baf614274dd970fc75fc6a43dc6280f3177fdad8583fabe39ffdb85e,D:\CODE\LipidBench\PeakTruthLab\results\nvidia_full_10525_2507_b8_e10_image_only\summary.json
01_pilot_and_image_only/pilot_2000_train_500_val/attribute_preprocessing.json,pilot/image-only,2651,cd88825f81997e7674d1dd0faab2d09a4d2b118dc21c60346e75ca8eb6c2ecb8,D:\CODE\LipidBench\PeakTruthLab\results\nvidia_2000_500_b8_e5\attribute_preprocessing.json
01_pilot_and_image_only/pilot_2000_train_500_val/history.json,pilot/image-only,6569,40867b3960f3b52e444da823aabafe27c63441bc1b120dc10ef0e6884f9f888c,D:\CODE\LipidBench\PeakTruthLab\results\nvidia_2000_500_b8_e5\history.json
01_pilot_and_image_only/pilot_2000_train_500_val/run_config.json,pilot/image-only,1141,74b7c30b6356055d638b58405cbcedde94c62d01ebb75a4949259806a81e03c5,D:\CODE\LipidBench\PeakTruthLab\results\nvidia_2000_500_b8_e5\run_config.json
01_pilot_and_image_only/pilot_2000_train_500_val/summary.json,pilot/image-only,3503,51c50d1920e93864ffe455111ae3d7b2991cf156395559d6efe10b7e04ffb9b0,D:\CODE\LipidBench\PeakTruthLab\results\nvidia_2000_500_b8_e5\summary.json
02_mixed_domain_ablation/data_quality/attribute_summary.csv,data quality,8161,450c3f49ea34714be63feaed9910cf7533d33b8da40f352dc22f918d9fb9a1fa,D:\CODE\LipidBench\PeakTruthLab\results\paper_final_reviewed_20260725\data_quality\attribute_summary.csv
02_mixed_domain_ablation/data_quality/box_geometry_summary.csv,data quality,3048,f5ff958187cc97044cb9fdc41611cf35e9303012dcd683644e6c6f6eb486c0ed,D:\CODE\LipidBench\PeakTruthLab\results\paper_final_reviewed_20260725\data_quality\box_geometry_summary.csv
02_mixed_domain_ablation/data_quality/data_quality_report.json,data quality,5698,de52658f867a1fb304d0022315e173122e3a92557d44bf6be7d07f38d17933d9,D:\CODE\LipidBench\PeakTruthLab\results\paper_final_reviewed_20260725\data_quality\data_quality_report.json
02_mixed_domain_ablation/data_quality/dataset_split_summary.csv,data quality,843,968c5edfbc5a9c9577edc2f66837be77d98514c6387dec8213bd17104874c985,D:\CODE\LipidBench\PeakTruthLab\results\paper_final_reviewed_20260725\data_quality\dataset_split_summary.csv
02_mixed_domain_ablation/data_quality/image_level_quality.csv,data quality,1206204,52f73779e493815d2742a6776383339b9f5a825f101579d2d79c8b2f42024bda,D:\CODE\LipidBench\PeakTruthLab\results\paper_final_reviewed_20260725\data_quality\image_level_quality.csv
02_mixed_domain_ablation/data_quality/peak_count_distribution.csv,data quality,1188,7255ac0386d61aae0ac58340c9ef225ebe4e2e632b6cbaa09decd51855be9bb9,D:\CODE\LipidBench\PeakTruthLab\results\paper_final_reviewed_20260725\data_quality\peak_count_distribution.csv
02_mixed_domain_ablation/data_quality/review_corrections.csv,data quality,23832,0d040f1127d23dd764c35d6332c0aefbb8b587dff7a9f576942030b72f19be46,D:\CODE\LipidBench\PeakTruthLab\results\paper_final_reviewed_20260725\data_quality\review_corrections.csv
02_mixed_domain_ablation/data_quality/source_distribution.csv,data quality,2198,eec542d608b2a07fc7e62eb7533a63003ffc8803ddabd0312c64d62d4113bdf3,D:\CODE\LipidBench\PeakTruthLab\results\paper_final_reviewed_20260725\data_quality\source_distribution.csv
02_mixed_domain_ablation/epoch15_probe/A_image_only_seed_20260725/attribute_preprocessing.json,mixed-domain training,2651,cd88825f81997e7674d1dd0faab2d09a4d2b118dc21c60346e75ca8eb6c2ecb8,D:\CODE\LipidBench\PeakTruthLab\results\paper_final_reviewed_20260725\epoch15_probe\A_image_only_seed_20260725\attribute_preprocessing.json
02_mixed_domain_ablation/epoch15_probe/A_image_only_seed_20260725/history.json,mixed-domain training,23353,5e8ed72b4e73196f14ac8de0939d9093eb4b891e9c9cd0a7c58326fb333462fa,D:\CODE\LipidBench\PeakTruthLab\results\paper_final_reviewed_20260725\epoch15_probe\A_image_only_seed_20260725\history.json
02_mixed_domain_ablation/epoch15_probe/A_image_only_seed_20260725/summary.json,mixed-domain training,4758,54cc05abeadc6917ecd96efe82fda2b9ae84731c9061d6b90e9f787d1a6ad99b,D:\CODE\LipidBench\PeakTruthLab\results\paper_final_reviewed_20260725\epoch15_probe\A_image_only_seed_20260725\summary.json
02_mixed_domain_ablation/epoch15_probe/B_attr_only_seed_20260725/attribute_preprocessing.json,mixed-domain training,2651,cd88825f81997e7674d1dd0faab2d09a4d2b118dc21c60346e75ca8eb6c2ecb8,D:\CODE\LipidBench\PeakTruthLab\results\paper_final_reviewed_20260725\epoch15_probe\B_attr_only_seed_20260725\attribute_preprocessing.json
02_mixed_domain_ablation/epoch15_probe/B_attr_only_seed_20260725/history.json,mixed-domain training,23363,5f327f31d055ed103ab3f4d46df439d5f2654dcf6334d0f3e8dbe30e82e4036b,D:\CODE\LipidBench\PeakTruthLab\results\paper_final_reviewed_20260725\epoch15_probe\B_attr_only_seed_20260725\history.json
02_mixed_domain_ablation/epoch15_probe/B_attr_only_seed_20260725/summary.json,mixed-domain training,4753,2ef1af3cc6da0f4522fbe32b63c13ce80ec10a307a4aa769db20696c80141375,D:\CODE\LipidBench\PeakTruthLab\results\paper_final_reviewed_20260725\epoch15_probe\B_attr_only_seed_20260725\summary.json
02_mixed_domain_ablation/epoch15_probe/C_naive_concat_seed_20260725/attribute_preprocessing.json,mixed-domain training,2651,cd88825f81997e7674d1dd0faab2d09a4d2b118dc21c60346e75ca8eb6c2ecb8,D:\CODE\LipidBench\PeakTruthLab\results\paper_final_reviewed_20260725\epoch15_probe\C_naive_concat_seed_20260725\attribute_preprocessing.json
02_mixed_domain_ablation/epoch15_probe/C_naive_concat_seed_20260725/history.json,mixed-domain training,23368,2351ae868e3bebf836b9daabd524d18aeab0816ba90c446ae83817516203bcc0,D:\CODE\LipidBench\PeakTruthLab\results\paper_final_reviewed_20260725\epoch15_probe\C_naive_concat_seed_20260725\history.json
02_mixed_domain_ablation/epoch15_probe/C_naive_concat_seed_20260725/summary.json,mixed-domain training,4765,8ee58bdf1d006ceb73fbbf9290dd4329233c83eb5f989c41b1a1be09b27d7458,D:\CODE\LipidBench\PeakTruthLab\results\paper_final_reviewed_20260725\epoch15_probe\C_naive_concat_seed_20260725\summary.json
02_mixed_domain_ablation/epoch15_probe/D_gated_fusion_seed_20260725/attribute_preprocessing.json,mixed-domain training,2651,cd88825f81997e7674d1dd0faab2d09a4d2b118dc21c60346e75ca8eb6c2ecb8,D:\CODE\LipidBench\PeakTruthLab\results\paper_final_reviewed_20260725\epoch15_probe\D_gated_fusion_seed_20260725\attribute_preprocessing.json
02_mixed_domain_ablation/epoch15_probe/D_gated_fusion_seed_20260725/history.json,mixed-domain training,23352,3638b11c480643929d0e2a8118b24ad71e7c775a684abb5b85a8528c609220a7,D:\CODE\LipidBench\PeakTruthLab\results\paper_final_reviewed_20260725\epoch15_probe\D_gated_fusion_seed_20260725\history.json
02_mixed_domain_ablation/epoch15_probe/D_gated_fusion_seed_20260725/summary.json,mixed-domain training,4771,3c3ad8032cca2793a53205ed863439dc43df3ed9c8c5c3818e8d1985c20ac350,D:\CODE\LipidBench\PeakTruthLab\results\paper_final_reviewed_20260725\epoch15_probe\D_gated_fusion_seed_20260725\summary.json
02_mixed_domain_ablation/experiments/A_image_only/attribute_preprocessing.json,mixed-domain training,2651,cd88825f81997e7674d1dd0faab2d09a4d2b118dc21c60346e75ca8eb6c2ecb8,D:\CODE\LipidBench\PeakTruthLab\results\paper_final_reviewed_20260725\experiments\A_image_only\attribute_preprocessing.json
02_mixed_domain_ablation/experiments/A_image_only/history.json,mixed-domain training,15558,2ef87d00d1ebaa68efaa0b21b460811c99445d5c44a0c580de39ef0a3d8aaf6f,D:\CODE\LipidBench\PeakTruthLab\results\paper_final_reviewed_20260725\experiments\A_image_only\history.json
02_mixed_domain_ablation/experiments/A_image_only/run_config.json,mixed-domain training,1287,9774b0eeb32d7378ee90114935e11d64c56d7b933983dd6f5007d7fd1a52cb6b,D:\CODE\LipidBench\PeakTruthLab\results\paper_final_reviewed_20260725\experiments\A_image_only\run_config.json
02_mixed_domain_ablation/experiments/A_image_only/summary.json,mixed-domain training,4223,ed25ab86d42754d0083869bb5b0b4c661254e950b87a371238bf45831b9ab639,D:\CODE\LipidBench\PeakTruthLab\results\paper_final_reviewed_20260725\experiments\A_image_only\summary.json
02_mixed_domain_ablation/experiments/B_attr_only/attribute_preprocessing.json,mixed-domain training,2651,cd88825f81997e7674d1dd0faab2d09a4d2b118dc21c60346e75ca8eb6c2ecb8,D:\CODE\LipidBench\PeakTruthLab\results\paper_final_reviewed_20260725\experiments\B_attr_only\attribute_preprocessing.json
02_mixed_domain_ablation/experiments/B_attr_only/history.json,mixed-domain training,15575,ec91cd28631151a955073d796f366f357d69987d810fec2ac92a288a246865f4,D:\CODE\LipidBench\PeakTruthLab\results\paper_final_reviewed_20260725\experiments\B_attr_only\history.json
02_mixed_domain_ablation/experiments/B_attr_only/run_config.json,mixed-domain training,1285,ae5ce31b44d1daaac79098bbb213e609cd04fa9ee88bea8260dbd20fe1371af9,D:\CODE\LipidBench\PeakTruthLab\results\paper_final_reviewed_20260725\experiments\B_attr_only\run_config.json
02_mixed_domain_ablation/experiments/B_attr_only/summary.json,mixed-domain training,4223,0f1fcdc9317059e9884da243da243150ea172fd52d7003c3f66fc7dcdad5b764,D:\CODE\LipidBench\PeakTruthLab\results\paper_final_reviewed_20260725\experiments\B_attr_only\summary.json
02_mixed_domain_ablation/experiments/C_naive_concat/attribute_preprocessing.json,mixed-domain training,2651,cd88825f81997e7674d1dd0faab2d09a4d2b118dc21c60346e75ca8eb6c2ecb8,D:\CODE\LipidBench\PeakTruthLab\results\paper_final_reviewed_20260725\experiments\C_naive_concat\attribute_preprocessing.json
02_mixed_domain_ablation/experiments/C_naive_concat/history.json,mixed-domain training,15572,88b32bfbea1f348757f35069ffe71c1802b58373fccfe7cc0d0c2e66c1e03f4c,D:\CODE\LipidBench\PeakTruthLab\results\paper_final_reviewed_20260725\experiments\C_naive_concat\history.json
02_mixed_domain_ablation/experiments/C_naive_concat/run_config.json,mixed-domain training,1288,dc4a7767083176622a840ada5f0274701d523d60c8e56d3123bc0b4252a7d9f3,D:\CODE\LipidBench\PeakTruthLab\results\paper_final_reviewed_20260725\experiments\C_naive_concat\run_config.json
02_mixed_domain_ablation/experiments/C_naive_concat/summary.json,mixed-domain training,4238,6cbc12fd63735e739c188d4b10b3fb386e40cd1ca1130558f1b2eaa682e0a65f,D:\CODE\LipidBench\PeakTruthLab\results\paper_final_reviewed_20260725\experiments\C_naive_concat\summary.json
02_mixed_domain_ablation/experiments/D_gated_fusion/attribute_preprocessing.json,mixed-domain training,2651,cd88825f81997e7674d1dd0faab2d09a4d2b118dc21c60346e75ca8eb6c2ecb8,D:\CODE\LipidBench\PeakTruthLab\results\paper_final_reviewed_20260725\experiments\D_gated_fusion\attribute_preprocessing.json
02_mixed_domain_ablation/experiments/D_gated_fusion/history.json,mixed-domain training,15562,2d25db09058cf92ef9dc85485bf2772c6a8863340c6354173377c7d1927f8e10,D:\CODE\LipidBench\PeakTruthLab\results\paper_final_reviewed_20260725\experiments\D_gated_fusion\history.json
02_mixed_domain_ablation/experiments/D_gated_fusion/run_config.json,mixed-domain training,1288,02ae8939bfdd60ab466bd1dca81e2003928ce42394944261f777ab1597a9a946,D:\CODE\LipidBench\PeakTruthLab\results\paper_final_reviewed_20260725\experiments\D_gated_fusion\run_config.json
02_mixed_domain_ablation/experiments/D_gated_fusion/summary.json,mixed-domain training,4237,7fb0fc7088004428e8063ff1d5cae7f049740340ef356524f6c740cc94436a65,D:\CODE\LipidBench\PeakTruthLab\results\paper_final_reviewed_20260725\experiments\D_gated_fusion\summary.json
02_mixed_domain_ablation/paper_tables/PeakTruthLab_paper_results.xlsx,paper tables,57876,21a4d309bff8557400d9df5bcd6da6cb6c030a40ec694439981f37fa3f81b675,D:\CODE\LipidBench\PeakTruthLab\results\paper_final_reviewed_20260725\paper_tables_figures\PeakTruthLab_paper_results.xlsx
02_mixed_domain_ablation/paper_tables/ablation_delta_vs_image_only.csv,paper tables,3640,5d8bf9d8939d0b9ea66fc205c147e68baf1c4d2a6f9ca1e55c5553c65f1c3c31,D:\CODE\LipidBench\PeakTruthLab\results\paper_final_reviewed_20260725\paper_tables_figures\ablation_delta_vs_image_only.csv
02_mixed_domain_ablation/paper_tables/ablation_test_core.csv,paper tables,4797,14818a6816d5bd9e27c072bbc9d958099a578c570c1c429ade277af2ccd5bf4e,D:\CODE\LipidBench\PeakTruthLab\results\paper_final_reviewed_20260725\paper_tables_figures\ablation_test_core.csv
02_mixed_domain_ablation/paper_tables/attribute_summary.csv,paper tables,8161,450c3f49ea34714be63feaed9910cf7533d33b8da40f352dc22f918d9fb9a1fa,D:\CODE\LipidBench\PeakTruthLab\results\paper_final_reviewed_20260725\paper_tables_figures\attribute_summary.csv
02_mixed_domain_ablation/paper_tables/box_geometry_summary.csv,paper tables,3048,f5ff958187cc97044cb9fdc41611cf35e9303012dcd683644e6c6f6eb486c0ed,D:\CODE\LipidBench\PeakTruthLab\results\paper_final_reviewed_20260725\paper_tables_figures\box_geometry_summary.csv
02_mixed_domain_ablation/paper_tables/core_results.json,paper tables,26610,7279575ed2a3301580f4663b9c31fd7cfa773beb3670f40e8fb869fa2a2d68de,D:\CODE\LipidBench\PeakTruthLab\results\paper_final_reviewed_20260725\paper_tables_figures\core_results.json
02_mixed_domain_ablation/paper_tables/dataset_split_summary.csv,paper tables,853,787d1633f2eca8cec09e9acd4d5a168cc595adbf13e072801556530822f8532a,D:\CODE\LipidBench\PeakTruthLab\results\paper_final_reviewed_20260725\paper_tables_figures\dataset_split_summary.csv
02_mixed_domain_ablation/paper_tables/hyperparameters.csv,paper tables,1034,15309c3e18e0849c23afc0b30df4c9d92b263f1211c10e99ccf3a33c9fb1787b,D:\CODE\LipidBench\PeakTruthLab\results\paper_final_reviewed_20260725\paper_tables_figures\hyperparameters.csv
02_mixed_domain_ablation/paper_tables/paper_methods_data_results.md,paper tables,5272,18c04a5f3bc4dfd922719a7c5966dec5f51e321d8e3ab754b14a9ac2f3275eed,D:\CODE\LipidBench\PeakTruthLab\results\paper_final_reviewed_20260725\paper_tables_figures\paper_methods_data_results.md
02_mixed_domain_ablation/paper_tables/paper_results_manifest.json,paper tables,1007,9a8d289f1c8d99f92dee8087b2c1e63c8347c2a794b0a580bca0c781185e1d97,D:\CODE\LipidBench\PeakTruthLab\results\paper_final_reviewed_20260725\paper_tables_figures\paper_results_manifest.json
02_mixed_domain_ablation/paper_tables/peak_count_distribution.csv,paper tables,1188,7255ac0386d61aae0ac58340c9ef225ebe4e2e632b6cbaa09decd51855be9bb9,D:\CODE\LipidBench\PeakTruthLab\results\paper_final_reviewed_20260725\paper_tables_figures\peak_count_distribution.csv
02_mixed_domain_ablation/paper_tables/review_corrections.csv,paper tables,23832,0d040f1127d23dd764c35d6332c0aefbb8b587dff7a9f576942030b72f19be46,D:\CODE\LipidBench\PeakTruthLab\results\paper_final_reviewed_20260725\paper_tables_figures\review_corrections.csv
02_mixed_domain_ablation/paper_tables/review_summary.csv,paper tables,228,97f97ab30d1ce735552d8dd11ddcc99939ea90f4466ed29c35f72c909e17ac3d,D:\CODE\LipidBench\PeakTruthLab\results\paper_final_reviewed_20260725\paper_tables_figures\review_summary.csv
02_mixed_domain_ablation/paper_tables/source_distribution.csv,paper tables,2198,eec542d608b2a07fc7e62eb7533a63003ffc8803ddabd0312c64d62d4113bdf3,D:\CODE\LipidBench\PeakTruthLab\results\paper_final_reviewed_20260725\paper_tables_figures\source_distribution.csv
02_mixed_domain_ablation/paper_tables/test_detection_subgroups_all.csv,paper tables,8835,ac754f15601590c81077a9a0a5f130a462087b933f91957f37c738ebc02a8844,D:\CODE\LipidBench\PeakTruthLab\results\paper_final_reviewed_20260725\paper_tables_figures\test_detection_subgroups_all.csv
02_mixed_domain_ablation/paper_tables/test_seed_calibration_all.csv,paper tables,4223,c3716227c260bbefa5b3346c14d45c6de3f106cfb5ca65185302f5fde4c1e4f9,D:\CODE\LipidBench\PeakTruthLab\results\paper_final_reviewed_20260725\paper_tables_figures\test_seed_calibration_all.csv
02_mixed_domain_ablation/paper_tables/test_seed_subgroups_all.csv,paper tables,7049,ca7d63eb3e260981c865e40dc8f222cced71fca2527a9dfb9ba36806944b8c02,D:\CODE\LipidBench\PeakTruthLab\results\paper_final_reviewed_20260725\paper_tables_figures\test_seed_subgroups_all.csv
02_mixed_domain_ablation/paper_tables/validation_best_checkpoints.csv,paper tables,783,a6cf8fa057d4076eb3ce084c0dce0fc6fc98ff5be0b89e821a3af192ea5fbdb2,D:\CODE\LipidBench\PeakTruthLab\results\paper_final_reviewed_20260725\paper_tables_figures\validation_best_checkpoints.csv
02_mixed_domain_ablation/paper_tables/validation_training_curves.csv,paper tables,15557,4733c952c34dabcb282d38e6293ae119527b885a31dd80545da9543c4da8adae,D:\CODE\LipidBench\PeakTruthLab\results\paper_final_reviewed_20260725\paper_tables_figures\validation_training_curves.csv
02_mixed_domain_ablation/provenance/compile_paper_results.py,mixed-domain provenance,34534,be79539d89a47a0b05d0ef0cebb67b18f8705ae6aaf079d8b56f911f1c6aacd6,D:\CODE\LipidBench\PeakTruthLab\results\paper_final_reviewed_20260725\00_provenance\code\compile_paper_results.py
02_mixed_domain_ablation/provenance/evaluate_ablation_final.py,mixed-domain provenance,36844,680b245c30d566cafc4235ea5ad4203c03123f4850caf27cc30f92a9894dc6ed,D:\CODE\LipidBench\PeakTruthLab\results\paper_final_reviewed_20260725\00_provenance\code\evaluate_ablation_final.py
02_mixed_domain_ablation/provenance/peak_multitask.yaml,mixed-domain provenance,1560,f4adf882bb183d78192ef3428466864298b59e03e0ff134e19fd1ed699983a4c,D:\CODE\LipidBench\PeakTruthLab\results\paper_final_reviewed_20260725\00_provenance\code\peak_multitask.yaml
02_mixed_domain_ablation/provenance/train_peak_fusion_experiment.py,mixed-domain provenance,37510,440ceb0b334a7682ff61d5249137542f7bcf45f96a238fa5afd1f115666ca0b6,D:\CODE\LipidBench\PeakTruthLab\results\paper_final_reviewed_20260725\00_provenance\code\train_peak_fusion_experiment.py
02_mixed_domain_ablation/single_seed_test_evaluation/A_image_only/selection_before_test.json,single-seed raw evaluation,3565,70d761c7451c91f6af7f85cd0b4fda1757adc81e6d1873f6d845e4770be519b0,D:\CODE\LipidBench\PeakTruthLab\results\paper_final_reviewed_20260725\test_evaluation\A_image_only\selection_before_test.json
02_mixed_domain_ablation/single_seed_test_evaluation/A_image_only/test_detection_ap_summary.csv,single-seed raw evaluation,285,bc6e9603e85abf623cf59a3baac46d331a704c67bf13a40c51dc150a9adff766,D:\CODE\LipidBench\PeakTruthLab\results\paper_final_reviewed_20260725\test_evaluation\A_image_only\test_detection_ap_summary.csv
02_mixed_domain_ablation/single_seed_test_evaluation/A_image_only/test_detection_image_metrics.csv,single-seed raw evaluation,182338,1c40c55b022d94a41a79062cfa34236d2951d0cb55285079849407b50c67103f,D:\CODE\LipidBench\PeakTruthLab\results\paper_final_reviewed_20260725\test_evaluation\A_image_only\test_detection_image_metrics.csv
02_mixed_domain_ablation/single_seed_test_evaluation/A_image_only/test_detection_subgroups.csv,single-seed raw evaluation,2227,0bd276e0390c1b7a1f99472058b1968f40722eff9c326961a13d418ec54ac32b,D:\CODE\LipidBench\PeakTruthLab\results\paper_final_reviewed_20260725\test_evaluation\A_image_only\test_detection_subgroups.csv
02_mixed_domain_ablation/single_seed_test_evaluation/A_image_only/test_metrics.json,single-seed raw evaluation,8365,af6c75aa527acecca9be38d180eb63e880b64d4842e429e1daae66a22b821cbc,D:\CODE\LipidBench\PeakTruthLab\results\paper_final_reviewed_20260725\test_evaluation\A_image_only\test_metrics.json
02_mixed_domain_ablation/single_seed_test_evaluation/A_image_only/test_seed_predictions.csv,single-seed raw evaluation,149796,042cb788d6333e4883ce8b5b0ffc9c6759f953b72c710e70b4580ae9687523e4,D:\CODE\LipidBench\PeakTruthLab\results\paper_final_reviewed_20260725\test_evaluation\A_image_only\test_seed_predictions.csv
02_mixed_domain_ablation/single_seed_test_evaluation/A_image_only/test_seed_subgroups.csv,single-seed raw evaluation,1686,160f0671588896d0cc6f831bc0610d8e58ca0eb379da67aa777589a0770ca7dd,D:\CODE\LipidBench\PeakTruthLab\results\paper_final_reviewed_20260725\test_evaluation\A_image_only\test_seed_subgroups.csv
02_mixed_domain_ablation/single_seed_test_evaluation/A_image_only/val_detection_threshold_sweep.csv,single-seed raw evaluation,5330,86613e85d8ed7568b30216a490474fde572a34261cf90f5dcf501218a81650d5,D:\CODE\LipidBench\PeakTruthLab\results\paper_final_reviewed_20260725\test_evaluation\A_image_only\val_detection_threshold_sweep.csv
02_mixed_domain_ablation/single_seed_test_evaluation/A_image_only/val_seed_threshold_sweep.csv,single-seed raw evaluation,214193,e4c8fe6be69fd2bf17b3d715e2832f70b12c48120e08a58337176681996742f8,D:\CODE\LipidBench\PeakTruthLab\results\paper_final_reviewed_20260725\test_evaluation\A_image_only\val_seed_threshold_sweep.csv
02_mixed_domain_ablation/single_seed_test_evaluation/B_attr_only/selection_before_test.json,single-seed raw evaluation,3561,09846adf911732eb813f6a1e04bff19982b4edb943597411bc7faa39a7c75216,D:\CODE\LipidBench\PeakTruthLab\results\paper_final_reviewed_20260725\test_evaluation\B_attr_only\selection_before_test.json
02_mixed_domain_ablation/single_seed_test_evaluation/B_attr_only/test_detection_ap_summary.csv,single-seed raw evaluation,280,c854996647cc70af96b85ec812a3f8cc8bfa8cccc65f2bcf65d87c548ee66afb,D:\CODE\LipidBench\PeakTruthLab\results\paper_final_reviewed_20260725\test_evaluation\B_attr_only\test_detection_ap_summary.csv
02_mixed_domain_ablation/single_seed_test_evaluation/B_attr_only/test_detection_image_metrics.csv,single-seed raw evaluation,182957,14bcb0df5f9ab930f2acc1da27140601c95ad2fe45f388204f9459a2a739880d,D:\CODE\LipidBench\PeakTruthLab\results\paper_final_reviewed_20260725\test_evaluation\B_attr_only\test_detection_image_metrics.csv
02_mixed_domain_ablation/single_seed_test_evaluation/B_attr_only/test_detection_subgroups.csv,single-seed raw evaluation,2202,add2076410a4e874ef98c80a5170a09486c29a736688521393d2262ce92810ff,D:\CODE\LipidBench\PeakTruthLab\results\paper_final_reviewed_20260725\test_evaluation\B_attr_only\test_detection_subgroups.csv
02_mixed_domain_ablation/single_seed_test_evaluation/B_attr_only/test_metrics.json,single-seed raw evaluation,8353,da7473f0102628c5051d24f957b283af232f378ce789cb02f6eb32fbcd5fe906,D:\CODE\LipidBench\PeakTruthLab\results\paper_final_reviewed_20260725\test_evaluation\B_attr_only\test_metrics.json
02_mixed_domain_ablation/single_seed_test_evaluation/B_attr_only/test_seed_predictions.csv,single-seed raw evaluation,159692,391656d4e64caef38084b3262a271a4ec4b6a2c4d043fa82c2e13570665f5d10,D:\CODE\LipidBench\PeakTruthLab\results\paper_final_reviewed_20260725\test_evaluation\B_attr_only\test_seed_predictions.csv
02_mixed_domain_ablation/single_seed_test_evaluation/B_attr_only/test_seed_subgroups.csv,single-seed raw evaluation,1720,70db7517068b64128bbaa93903dd83902bad9422bf9fae2e71fa00881b5415c8,D:\CODE\LipidBench\PeakTruthLab\results\paper_final_reviewed_20260725\test_evaluation\B_attr_only\test_seed_subgroups.csv
02_mixed_domain_ablation/single_seed_test_evaluation/B_attr_only/val_detection_threshold_sweep.csv,single-seed raw evaluation,5334,3c2a168327053152518e5b7c2163f92d2b9b0b7e6e3f2cd1570f6026877faf13,D:\CODE\LipidBench\PeakTruthLab\results\paper_final_reviewed_20260725\test_evaluation\B_attr_only\val_detection_threshold_sweep.csv
02_mixed_domain_ablation/single_seed_test_evaluation/B_attr_only/val_seed_threshold_sweep.csv,single-seed raw evaluation,213528,4a83c30bf56e69fb5d4e4538df021a2114d7e074a19c5894ff24ebc41de8b9e0,D:\CODE\LipidBench\PeakTruthLab\results\paper_final_reviewed_20260725\test_evaluation\B_attr_only\val_seed_threshold_sweep.csv
02_mixed_domain_ablation/single_seed_test_evaluation/C_naive_concat/selection_before_test.json,single-seed raw evaluation,3585,6860ca024130cb2ddf44b47db1befbdd4d8798b7476b905c5b7567ce0567dfbc,D:\CODE\LipidBench\PeakTruthLab\results\paper_final_reviewed_20260725\test_evaluation\C_naive_concat\selection_before_test.json
02_mixed_domain_ablation/single_seed_test_evaluation/C_naive_concat/test_detection_ap_summary.csv,single-seed raw evaluation,285,4cf3e30eb549c715fe246b6ac67ece4a20475bc1f03cc0fd29dcd00faa33e89c,D:\CODE\LipidBench\PeakTruthLab\results\paper_final_reviewed_20260725\test_evaluation\C_naive_concat\test_detection_ap_summary.csv
02_mixed_domain_ablation/single_seed_test_evaluation/C_naive_concat/test_detection_image_metrics.csv,single-seed raw evaluation,182543,0ca583abdea16b6f21b72b824277ca772daa5975515a87ecc51967c0e5a357d6,D:\CODE\LipidBench\PeakTruthLab\results\paper_final_reviewed_20260725\test_evaluation\C_naive_concat\test_detection_image_metrics.csv
02_mixed_domain_ablation/single_seed_test_evaluation/C_naive_concat/test_detection_subgroups.csv,single-seed raw evaluation,2230,f6f3e3a0c9654be1ef0adbca3adf7acb7e9330959f7f15ffec821dc433ff0acd,D:\CODE\LipidBench\PeakTruthLab\results\paper_final_reviewed_20260725\test_evaluation\C_naive_concat\test_detection_subgroups.csv
02_mixed_domain_ablation/single_seed_test_evaluation/C_naive_concat/test_metrics.json,single-seed raw evaluation,8398,cec4bcf84ec12b62de27de3a16f5dc6650413bbe1547a80ef2b39c5ea77e81c4,D:\CODE\LipidBench\PeakTruthLab\results\paper_final_reviewed_20260725\test_evaluation\C_naive_concat\test_metrics.json
02_mixed_domain_ablation/single_seed_test_evaluation/C_naive_concat/test_seed_predictions.csv,single-seed raw evaluation,154083,0dccff5bd85fcea7fe04dbdaa7090b16901335796996baa0b1c58f9a25761746,D:\CODE\LipidBench\PeakTruthLab\results\paper_final_reviewed_20260725\test_evaluation\C_naive_concat\test_seed_predictions.csv
02_mixed_domain_ablation/single_seed_test_evaluation/C_naive_concat/test_seed_subgroups.csv,single-seed raw evaluation,1674,c67f70e8480dba9a5e31149eb819269bf8dbe4a0987baabf4b420a34cc775c04,D:\CODE\LipidBench\PeakTruthLab\results\paper_final_reviewed_20260725\test_evaluation\C_naive_concat\test_seed_subgroups.csv
02_mixed_domain_ablation/single_seed_test_evaluation/C_naive_concat/val_detection_threshold_sweep.csv,single-seed raw evaluation,5307,50e38baa37e71cf093ce9d1f33ae8a519cf410faaa0aca410634fb0334999d5e,D:\CODE\LipidBench\PeakTruthLab\results\paper_final_reviewed_20260725\test_evaluation\C_naive_concat\val_detection_threshold_sweep.csv
02_mixed_domain_ablation/single_seed_test_evaluation/C_naive_concat/val_seed_threshold_sweep.csv,single-seed raw evaluation,214093,5a40e826ab22f81504ba11c352b1cb375f971fd34301e3b17743770e3213cf39,D:\CODE\LipidBench\PeakTruthLab\results\paper_final_reviewed_20260725\test_evaluation\C_naive_concat\val_seed_threshold_sweep.csv
02_mixed_domain_ablation/single_seed_test_evaluation/D_gated_fusion/selection_before_test.json,single-seed raw evaluation,3580,58be768704dccba37bd51d09eec2be0399af0acc7e399743e73b1a573c9e8fd5,D:\CODE\LipidBench\PeakTruthLab\results\paper_final_reviewed_20260725\test_evaluation\D_gated_fusion\selection_before_test.json
02_mixed_domain_ablation/single_seed_test_evaluation/D_gated_fusion/test_detection_ap_summary.csv,single-seed raw evaluation,285,dcf045eb39005b88f44883d88a5a17368aee8e529dade11312a61e6bd27c53f5,D:\CODE\LipidBench\PeakTruthLab\results\paper_final_reviewed_20260725\test_evaluation\D_gated_fusion\test_detection_ap_summary.csv
02_mixed_domain_ablation/single_seed_test_evaluation/D_gated_fusion/test_detection_image_metrics.csv,single-seed raw evaluation,182761,f53427fa06794b7c466f8ed26bb7bb177694ce1af8060ff14d3ad5dc2cad5c05,D:\CODE\LipidBench\PeakTruthLab\results\paper_final_reviewed_20260725\test_evaluation\D_gated_fusion\test_detection_image_metrics.csv
02_mixed_domain_ablation/single_seed_test_evaluation/D_gated_fusion/test_detection_subgroups.csv,single-seed raw evaluation,2223,5d1b860ca5837eecb6d1dd777c0de3b7dfc3aaf0c473f65206472e4c80bb2237,D:\CODE\LipidBench\PeakTruthLab\results\paper_final_reviewed_20260725\test_evaluation\D_gated_fusion\test_detection_subgroups.csv
02_mixed_domain_ablation/single_seed_test_evaluation/D_gated_fusion/test_metrics.json,single-seed raw evaluation,8394,9bf99b7955f56343b2bd831583acdff1b09d4aca38497ae1986af60a0d965a18,D:\CODE\LipidBench\PeakTruthLab\results\paper_final_reviewed_20260725\test_evaluation\D_gated_fusion\test_metrics.json
02_mixed_domain_ablation/single_seed_test_evaluation/D_gated_fusion/test_seed_predictions.csv,single-seed raw evaluation,158219,11f4edab9b23f5003b4476fc9853d30a88d7d6dfe545e3ea5d9c21b44c9a6b00,D:\CODE\LipidBench\PeakTruthLab\results\paper_final_reviewed_20260725\test_evaluation\D_gated_fusion\test_seed_predictions.csv
02_mixed_domain_ablation/single_seed_test_evaluation/D_gated_fusion/test_seed_subgroups.csv,single-seed raw evaluation,1644,8001f7c87cefe69767693b90ccf3e0e19207d7b7b15c13b38c8478c24d47ab7f,D:\CODE\LipidBench\PeakTruthLab\results\paper_final_reviewed_20260725\test_evaluation\D_gated_fusion\test_seed_subgroups.csv
02_mixed_domain_ablation/single_seed_test_evaluation/D_gated_fusion/val_detection_threshold_sweep.csv,single-seed raw evaluation,5311,fbdc236db3792c6cdb78be24ecb8188151016f91366bb5056025ed223eebff0b,D:\CODE\LipidBench\PeakTruthLab\results\paper_final_reviewed_20260725\test_evaluation\D_gated_fusion\val_detection_threshold_sweep.csv
02_mixed_domain_ablation/single_seed_test_evaluation/D_gated_fusion/val_seed_threshold_sweep.csv,single-seed raw evaluation,213211,a142c1fdea587ec2db7895af6958550c4a62b3a4c7a85be79d27e3521417d139,D:\CODE\LipidBench\PeakTruthLab\results\paper_final_reviewed_20260725\test_evaluation\D_gated_fusion\val_seed_threshold_sweep.csv
02_mixed_domain_ablation/single_seed_test_evaluation/ablation_test_metrics.csv,single-seed raw evaluation,2561,720c71a748601b25b73540f08e3de15aab14c425259a740fe4ad639c630b4373,D:\CODE\LipidBench\PeakTruthLab\results\paper_final_reviewed_20260725\test_evaluation\ablation_test_metrics.csv
02_mixed_domain_ablation/single_seed_test_evaluation/ablation_test_metrics.json,single-seed raw evaluation,5644,0cae69b8274daff32703221dfa82aa7ac263142090e520eb0866ce456ec53a3f,D:\CODE\LipidBench\PeakTruthLab\results\paper_final_reviewed_20260725\test_evaluation\ablation_test_metrics.json
02_mixed_domain_ablation/single_seed_test_evaluation/evaluation_complete.json,single-seed raw evaluation,438,aa0e5da028381e2c41ee8deb4f293eee0eb1db2a3e24c6f58479a1a8794de0dc,D:\CODE\LipidBench\PeakTruthLab\results\paper_final_reviewed_20260725\test_evaluation\evaluation_complete.json
02_mixed_domain_ablation/stability_3seeds/all_gated_training_complete.json,stability protocol/status,322,b2c9f2e6fdbd667c320d1cb6001b61e70f8ec92aed641ebb15afcfe6b0dd0b8f,D:\CODE\LipidBench\PeakTruthLab\results\paper_final_reviewed_20260725\stability_3seeds_20260729\all_gated_training_complete.json
02_mixed_domain_ablation/stability_3seeds/all_training_complete.json,stability protocol/status,391,2ae5af53cb517aeb24e7e4e8fbebc7165e63839cad61538d7db26f941c924899,D:\CODE\LipidBench\PeakTruthLab\results\paper_final_reviewed_20260725\stability_3seeds_20260729\all_training_complete.json
02_mixed_domain_ablation/stability_3seeds/experiments/seed_20260726/A_image_only/attribute_preprocessing.json,stability training,2651,cd88825f81997e7674d1dd0faab2d09a4d2b118dc21c60346e75ca8eb6c2ecb8,D:\CODE\LipidBench\PeakTruthLab\results\paper_final_reviewed_20260725\stability_3seeds_20260729\experiments\seed_20260726\A_image_only\attribute_preprocessing.json
02_mixed_domain_ablation/stability_3seeds/experiments/seed_20260726/A_image_only/history.json,stability training,23338,43f1baee5eb29fdd9af12fa54e164053a6480108afc01388cf79e781aaeaecb2,D:\CODE\LipidBench\PeakTruthLab\results\paper_final_reviewed_20260725\stability_3seeds_20260729\experiments\seed_20260726\A_image_only\history.json
02_mixed_domain_ablation/stability_3seeds/experiments/seed_20260726/A_image_only/run_config.json,stability training,1287,6a11994e3b5b6e592af6089beb200a3b8911605828adb76c1069d6ca59b450b7,D:\CODE\LipidBench\PeakTruthLab\results\paper_final_reviewed_20260725\stability_3seeds_20260729\experiments\seed_20260726\A_image_only\run_config.json
02_mixed_domain_ablation/stability_3seeds/experiments/seed_20260726/A_image_only/summary.json,stability training,4441,69d1ab007d6565c551007cbc3c8ffbde5b237f2f1c3f7d7c089e1928ffaffc41,D:\CODE\LipidBench\PeakTruthLab\results\paper_final_reviewed_20260725\stability_3seeds_20260729\experiments\seed_20260726\A_image_only\summary.json
02_mixed_domain_ablation/stability_3seeds/experiments/seed_20260726/B_attr_only/attribute_preprocessing.json,stability training,2651,cd88825f81997e7674d1dd0faab2d09a4d2b118dc21c60346e75ca8eb6c2ecb8,D:\CODE\LipidBench\PeakTruthLab\results\paper_final_reviewed_20260725\stability_3seeds_20260729\experiments\seed_20260726\B_attr_only\attribute_preprocessing.json
02_mixed_domain_ablation/stability_3seeds/experiments/seed_20260726/B_attr_only/history.json,stability training,23344,4b3080d6c63525b572d18e4091219ee5ce4d888a095bbf5ba9708d9f5e43c769,D:\CODE\LipidBench\PeakTruthLab\results\paper_final_reviewed_20260725\stability_3seeds_20260729\experiments\seed_20260726\B_attr_only\history.json
02_mixed_domain_ablation/stability_3seeds/experiments/seed_20260726/B_attr_only/run_config.json,stability training,1285,380c7a19b0c41aac0cde25b784feb8db9b1d8a93b98574b5d3c320612d7525a4,D:\CODE\LipidBench\PeakTruthLab\results\paper_final_reviewed_20260725\stability_3seeds_20260729\experiments\seed_20260726\B_attr_only\run_config.json
02_mixed_domain_ablation/stability_3seeds/experiments/seed_20260726/B_attr_only/summary.json,stability training,4433,09d33c91fbe666454157f568810e2f9b36ec34926df4e8e0f64830b5e0ef5e4e,D:\CODE\LipidBench\PeakTruthLab\results\paper_final_reviewed_20260725\stability_3seeds_20260729\experiments\seed_20260726\B_attr_only\summary.json
02_mixed_domain_ablation/stability_3seeds/experiments/seed_20260726/C_naive_concat/attribute_preprocessing.json,stability training,2651,cd88825f81997e7674d1dd0faab2d09a4d2b118dc21c60346e75ca8eb6c2ecb8,D:\CODE\LipidBench\PeakTruthLab\results\paper_final_reviewed_20260725\stability_3seeds_20260729\experiments\seed_20260726\C_naive_concat\attribute_preprocessing.json
02_mixed_domain_ablation/stability_3seeds/experiments/seed_20260726/C_naive_concat/history.json,stability training,23309,491c9985cc73a2c2ad8369750431f14612d045f848408648129e524aed72dcc0,D:\CODE\LipidBench\PeakTruthLab\results\paper_final_reviewed_20260725\stability_3seeds_20260729\experiments\seed_20260726\C_naive_concat\history.json
02_mixed_domain_ablation/stability_3seeds/experiments/seed_20260726/C_naive_concat/run_config.json,stability training,1288,ef1aa11469f559bbdb7d4d9e37373daa3f7b6a124846e253882fa07b6499a160,D:\CODE\LipidBench\PeakTruthLab\results\paper_final_reviewed_20260725\stability_3seeds_20260729\experiments\seed_20260726\C_naive_concat\run_config.json
02_mixed_domain_ablation/stability_3seeds/experiments/seed_20260726/C_naive_concat/summary.json,stability training,4453,3dcd664ae57971d672d1241aeb4cb05a94c8a144e42c0718e9c4823f9f175c65,D:\CODE\LipidBench\PeakTruthLab\results\paper_final_reviewed_20260725\stability_3seeds_20260729\experiments\seed_20260726\C_naive_concat\summary.json
02_mixed_domain_ablation/stability_3seeds/experiments/seed_20260726/D_gated_fusion/attribute_preprocessing.json,stability training,2651,cd88825f81997e7674d1dd0faab2d09a4d2b118dc21c60346e75ca8eb6c2ecb8,D:\CODE\LipidBench\PeakTruthLab\results\paper_final_reviewed_20260725\stability_3seeds_20260729\experiments\seed_20260726\D_gated_fusion\attribute_preprocessing.json
02_mixed_domain_ablation/stability_3seeds/experiments/seed_20260726/D_gated_fusion/history.json,stability training,23337,d97b6f2e00ee1bdbbe9a67ed691f72bacd9ff7c6db415cd5f85735a07f9dbfd2,D:\CODE\LipidBench\PeakTruthLab\results\paper_final_reviewed_20260725\stability_3seeds_20260729\experiments\seed_20260726\D_gated_fusion\history.json
02_mixed_domain_ablation/stability_3seeds/experiments/seed_20260726/D_gated_fusion/run_config.json,stability training,1288,d7182c397d631311db852831bd0cf795451198a2f422935472f6a96117d6bb01,D:\CODE\LipidBench\PeakTruthLab\results\paper_final_reviewed_20260725\stability_3seeds_20260729\experiments\seed_20260726\D_gated_fusion\run_config.json
02_mixed_domain_ablation/stability_3seeds/experiments/seed_20260726/D_gated_fusion/summary.json,stability training,4451,8d2a321b239455b8fd751587c557dc5613f8c4b224a8d8f4efc9a3fee0ce44c9,D:\CODE\LipidBench\PeakTruthLab\results\paper_final_reviewed_20260725\stability_3seeds_20260729\experiments\seed_20260726\D_gated_fusion\summary.json
02_mixed_domain_ablation/stability_3seeds/experiments/seed_20260727/A_image_only/attribute_preprocessing.json,stability training,2651,cd88825f81997e7674d1dd0faab2d09a4d2b118dc21c60346e75ca8eb6c2ecb8,D:\CODE\LipidBench\PeakTruthLab\results\paper_final_reviewed_20260725\stability_3seeds_20260729\experiments\seed_20260727\A_image_only\attribute_preprocessing.json
02_mixed_domain_ablation/stability_3seeds/experiments/seed_20260727/A_image_only/history.json,stability training,23336,f5efd0ebdcffd07078f5cda941648c14d71913cc712c7a1911bdf9a8f12fa106,D:\CODE\LipidBench\PeakTruthLab\results\paper_final_reviewed_20260725\stability_3seeds_20260729\experiments\seed_20260727\A_image_only\history.json
02_mixed_domain_ablation/stability_3seeds/experiments/seed_20260727/A_image_only/run_config.json,stability training,1287,6a11994e3b5b6e592af6089beb200a3b8911605828adb76c1069d6ca59b450b7,D:\CODE\LipidBench\PeakTruthLab\results\paper_final_reviewed_20260725\stability_3seeds_20260729\experiments\seed_20260727\A_image_only\run_config.json
02_mixed_domain_ablation/stability_3seeds/experiments/seed_20260727/A_image_only/summary.json,stability training,4445,5c9474c5652012f746faa2204bfb3d3a62702a7318caa3be0cafcb02f50aaa4c,D:\CODE\LipidBench\PeakTruthLab\results\paper_final_reviewed_20260725\stability_3seeds_20260729\experiments\seed_20260727\A_image_only\summary.json
02_mixed_domain_ablation/stability_3seeds/experiments/seed_20260727/B_attr_only/attribute_preprocessing.json,stability training,2651,cd88825f81997e7674d1dd0faab2d09a4d2b118dc21c60346e75ca8eb6c2ecb8,D:\CODE\LipidBench\PeakTruthLab\results\paper_final_reviewed_20260725\stability_3seeds_20260729\experiments\seed_20260727\B_attr_only\attribute_preprocessing.json
02_mixed_domain_ablation/stability_3seeds/experiments/seed_20260727/B_attr_only/history.json,stability training,23337,666dcf969d1418ad6b4aca7c98a77caa374759f8b2d85b7cf34dca9e8d92d7da,D:\CODE\LipidBench\PeakTruthLab\results\paper_final_reviewed_20260725\stability_3seeds_20260729\experiments\seed_20260727\B_attr_only\history.json
02_mixed_domain_ablation/stability_3seeds/experiments/seed_20260727/B_attr_only/run_config.json,stability training,1285,380c7a19b0c41aac0cde25b784feb8db9b1d8a93b98574b5d3c320612d7525a4,D:\CODE\LipidBench\PeakTruthLab\results\paper_final_reviewed_20260725\stability_3seeds_20260729\experiments\seed_20260727\B_attr_only\run_config.json
02_mixed_domain_ablation/stability_3seeds/experiments/seed_20260727/B_attr_only/summary.json,stability training,4432,1595c1ed8c440babbd9eac721dd8f45449fa6fc855b9dc9a7cd4b328f77f2585,D:\CODE\LipidBench\PeakTruthLab\results\paper_final_reviewed_20260725\stability_3seeds_20260729\experiments\seed_20260727\B_attr_only\summary.json
02_mixed_domain_ablation/stability_3seeds/experiments/seed_20260727/C_naive_concat/attribute_preprocessing.json,stability training,2651,cd88825f81997e7674d1dd0faab2d09a4d2b118dc21c60346e75ca8eb6c2ecb8,D:\CODE\LipidBench\PeakTruthLab\results\paper_final_reviewed_20260725\stability_3seeds_20260729\experiments\seed_20260727\C_naive_concat\attribute_preprocessing.json
02_mixed_domain_ablation/stability_3seeds/experiments/seed_20260727/C_naive_concat/history.json,stability training,23362,69e220aeed7afae172a927d281182712130cdd7055d278ce95ccfcfae87b17bf,D:\CODE\LipidBench\PeakTruthLab\results\paper_final_reviewed_20260725\stability_3seeds_20260729\experiments\seed_20260727\C_naive_concat\history.json
02_mixed_domain_ablation/stability_3seeds/experiments/seed_20260727/C_naive_concat/run_config.json,stability training,1288,ef1aa11469f559bbdb7d4d9e37373daa3f7b6a124846e253882fa07b6499a160,D:\CODE\LipidBench\PeakTruthLab\results\paper_final_reviewed_20260725\stability_3seeds_20260729\experiments\seed_20260727\C_naive_concat\run_config.json
02_mixed_domain_ablation/stability_3seeds/experiments/seed_20260727/C_naive_concat/summary.json,stability training,4451,a157eeeefbd0e57949023fef25fffda4e23d73e0abec3c451e98769415a31a06,D:\CODE\LipidBench\PeakTruthLab\results\paper_final_reviewed_20260725\stability_3seeds_20260729\experiments\seed_20260727\C_naive_concat\summary.json
02_mixed_domain_ablation/stability_3seeds/experiments/seed_20260727/D_gated_fusion/attribute_preprocessing.json,stability training,2651,cd88825f81997e7674d1dd0faab2d09a4d2b118dc21c60346e75ca8eb6c2ecb8,D:\CODE\LipidBench\PeakTruthLab\results\paper_final_reviewed_20260725\stability_3seeds_20260729\experiments\seed_20260727\D_gated_fusion\attribute_preprocessing.json
02_mixed_domain_ablation/stability_3seeds/experiments/seed_20260727/D_gated_fusion/history.json,stability training,23373,06591ba3b3ea7f3fbdc6015562d1c3a62cf95509bc7ee3585541fab0da95df25,D:\CODE\LipidBench\PeakTruthLab\results\paper_final_reviewed_20260725\stability_3seeds_20260729\experiments\seed_20260727\D_gated_fusion\history.json
02_mixed_domain_ablation/stability_3seeds/experiments/seed_20260727/D_gated_fusion/run_config.json,stability training,1288,d7182c397d631311db852831bd0cf795451198a2f422935472f6a96117d6bb01,D:\CODE\LipidBench\PeakTruthLab\results\paper_final_reviewed_20260725\stability_3seeds_20260729\experiments\seed_20260727\D_gated_fusion\run_config.json
02_mixed_domain_ablation/stability_3seeds/experiments/seed_20260727/D_gated_fusion/summary.json,stability training,4455,6b00977c640338bc51a7406aa0861713b02f8deee5e8f4188027f2b8aa3b57c8,D:\CODE\LipidBench\PeakTruthLab\results\paper_final_reviewed_20260725\stability_3seeds_20260729\experiments\seed_20260727\D_gated_fusion\summary.json
02_mixed_domain_ablation/stability_3seeds/gated_hyperparameter_lock.json,stability protocol/status,997,bc51f37cf5111f7fd849344d1b20fc963f69e9c3eff8fac3967bb7acc1389c67,D:\CODE\LipidBench\PeakTruthLab\results\paper_final_reviewed_20260725\stability_3seeds_20260729\gated_hyperparameter_lock.json
02_mixed_domain_ablation/stability_3seeds/gated_postprocess_status.json,stability protocol/status,739,375bed106069b37a3bed7f8d6c265aae4649a0559ca9e8f3da2d102b7557db5f,D:\CODE\LipidBench\PeakTruthLab\results\paper_final_reviewed_20260725\stability_3seeds_20260729\gated_postprocess_status.json
02_mixed_domain_ablation/stability_3seeds/gated_training_status.json,stability protocol/status,6400,04b3413bda233f77d88347b06425dc62f65c1a0f52657b27a265a047c39f9027,D:\CODE\LipidBench\PeakTruthLab\results\paper_final_reviewed_20260725\stability_3seeds_20260729\gated_training_status.json
02_mixed_domain_ablation/stability_3seeds/hyperparameter_lock.json,stability protocol/status,1422,a4945515719bbc54c7d78ca7e4233b3f22f2d216d2880def73ce312952a61d61,D:\CODE\LipidBench\PeakTruthLab\results\paper_final_reviewed_20260725\stability_3seeds_20260729\hyperparameter_lock.json
02_mixed_domain_ablation/stability_3seeds/postprocess_status.json,stability protocol/status,904,319a3d59a005397d5f3cd17f35400a6204b8616b01ef19eb5a26ce892054e205,D:\CODE\LipidBench\PeakTruthLab\results\paper_final_reviewed_20260725\stability_3seeds_20260729\postprocess_status.json
02_mixed_domain_ablation/stability_3seeds/seed_20260725_reference.json,stability protocol/status,1889,9c5633a0d99a8af564dc6c04c4b57a8a3deff9c3df0df4bda75cabae96330b95,D:\CODE\LipidBench\PeakTruthLab\results\paper_final_reviewed_20260725\stability_3seeds_20260729\seed_20260725_reference.json
02_mixed_domain_ablation/stability_3seeds/summary/archive_pre_gated_repeats/gated_fusion_single_reference.csv,stability summary,307,d201e258f722dee35ef17947e488988380904338aaaf41bb5093edd9e80daeda,D:\CODE\LipidBench\PeakTruthLab\results\paper_final_reviewed_20260725\stability_3seeds_20260729\summary\archive_pre_gated_repeats\gated_fusion_single_reference.csv
02_mixed_domain_ablation/stability_3seeds/summary/archive_pre_gated_repeats/gated_fusion_single_reference.json,stability summary,383,dca4d0aba57d8106a636d1f00d79f141f64aecd41fd59d8c65c69145e7fcdc59,D:\CODE\LipidBench\PeakTruthLab\results\paper_final_reviewed_20260725\stability_3seeds_20260729\summary\archive_pre_gated_repeats\gated_fusion_single_reference.json
02_mixed_domain_ablation/stability_3seeds/summary/stability_4models_3seeds.xlsx,stability summary,9789,719aec79afa41a0318cc7dc2b5f001ff5f956ddff2afae2525a69edf7b4aca1b,D:\CODE\LipidBench\PeakTruthLab\results\paper_final_reviewed_20260725\stability_3seeds_20260729\summary\stability_4models_3seeds.xlsx
02_mixed_domain_ablation/stability_3seeds/summary/stability_mean_sd.csv,stability summary,2259,fa9e9e1cce120e3a265d9b876edcb2bb1a37580534975b058f45d42d05c69416,D:\CODE\LipidBench\PeakTruthLab\results\paper_final_reviewed_20260725\stability_3seeds_20260729\summary\stability_mean_sd.csv
02_mixed_domain_ablation/stability_3seeds/summary/stability_mean_sd_long.csv,stability summary,2638,e578c1f0550728c4d04e3749bad718f4006f01db1a242f654dfb4874d9d62dd9,D:\CODE\LipidBench\PeakTruthLab\results\paper_final_reviewed_20260725\stability_3seeds_20260729\summary\stability_mean_sd_long.csv
02_mixed_domain_ablation/stability_3seeds/summary/stability_raw_metrics.csv,stability summary,6775,358cdd2d2b605eda56e4724c99ca12c4049f372d7d7ddb1f0f48861e0992f6bc,D:\CODE\LipidBench\PeakTruthLab\results\paper_final_reviewed_20260725\stability_3seeds_20260729\summary\stability_raw_metrics.csv
02_mixed_domain_ablation/stability_3seeds/summary/stability_raw_metrics.json,stability summary,13555,ce6730489246a8d43d3354aedad14d34a1778477e1f0b7ddfc2af04d86e1c4ae,D:\CODE\LipidBench\PeakTruthLab\results\paper_final_reviewed_20260725\stability_3seeds_20260729\summary\stability_raw_metrics.json
02_mixed_domain_ablation/stability_3seeds/summary/stability_results_report.md,stability summary,1095,245337eba3dd9c55bad1eacf37ca2ba05bb006ae41d8f8cab4041fb96ecfcf33,D:\CODE\LipidBench\PeakTruthLab\results\paper_final_reviewed_20260725\stability_3seeds_20260729\summary\stability_results_report.md
02_mixed_domain_ablation/stability_3seeds/summary/stability_summary.json,stability summary,5784,feb473ce86b51629742a5eaf2e1acc7b81c493c5356c82304aaa1a18fc22e321,D:\CODE\LipidBench\PeakTruthLab\results\paper_final_reviewed_20260725\stability_3seeds_20260729\summary\stability_summary.json
02_mixed_domain_ablation/stability_3seeds/test_evaluation/all_val_selections_complete.json,stability raw evaluation,287,681602fdaa3ebbb475e8f1016772fdf457381615429da4616caca3375b37692f,D:\CODE\LipidBench\PeakTruthLab\results\paper_final_reviewed_20260725\stability_3seeds_20260729\test_evaluation\all_val_selections_complete.json
02_mixed_domain_ablation/stability_3seeds/test_evaluation/evaluation_complete.json,stability raw evaluation,303,9512d8673c4c3251174a502750a14876bd805bc898da79628799d4f85d8400c1,D:\CODE\LipidBench\PeakTruthLab\results\paper_final_reviewed_20260725\stability_3seeds_20260729\test_evaluation\evaluation_complete.json
02_mixed_domain_ablation/stability_3seeds/test_evaluation/evaluation_status.json,stability raw evaluation,271,24440d64e14146e42ccc2f5ab1b82d626c948ac79f4cb8f90ae68cccfc5a61f2,D:\CODE\LipidBench\PeakTruthLab\results\paper_final_reviewed_20260725\stability_3seeds_20260729\test_evaluation\evaluation_status.json
02_mixed_domain_ablation/stability_3seeds/test_evaluation/seed_20260725/A_image_only/selection_before_test.json,stability raw evaluation,3753,cc32ff11558edaa172ffcc0b5399a4744d29652f3674cfdd3abbf1b5bb4cc135,D:\CODE\LipidBench\PeakTruthLab\results\paper_final_reviewed_20260725\stability_3seeds_20260729\test_evaluation\seed_20260725\A_image_only\selection_before_test.json
02_mixed_domain_ablation/stability_3seeds/test_evaluation/seed_20260725/A_image_only/test_detection_image_metrics.csv,stability raw evaluation,183006,231f3207feba183226e2287ceadb70dfa64f2892bac30728961e30c87de30014,D:\CODE\LipidBench\PeakTruthLab\results\paper_final_reviewed_20260725\stability_3seeds_20260729\test_evaluation\seed_20260725\A_image_only\test_detection_image_metrics.csv
02_mixed_domain_ablation/stability_3seeds/test_evaluation/seed_20260725/A_image_only/test_metrics.json,stability raw evaluation,8472,073d9be678ec9bacfbda34dfe23d88a64b9407f65e37af5197193cf5944ea6ee,D:\CODE\LipidBench\PeakTruthLab\results\paper_final_reviewed_20260725\stability_3seeds_20260729\test_evaluation\seed_20260725\A_image_only\test_metrics.json
02_mixed_domain_ablation/stability_3seeds/test_evaluation/seed_20260725/A_image_only/test_seed_predictions.csv,stability raw evaluation,149796,042cb788d6333e4883ce8b5b0ffc9c6759f953b72c710e70b4580ae9687523e4,D:\CODE\LipidBench\PeakTruthLab\results\paper_final_reviewed_20260725\stability_3seeds_20260729\test_evaluation\seed_20260725\A_image_only\test_seed_predictions.csv
02_mixed_domain_ablation/stability_3seeds/test_evaluation/seed_20260725/A_image_only/val_detection_threshold_sweep.csv,stability raw evaluation,5325,5e1212ed125a57e86840bdfd361eaa62ad30df2bebe895fd2bc6e162879e24fc,D:\CODE\LipidBench\PeakTruthLab\results\paper_final_reviewed_20260725\stability_3seeds_20260729\test_evaluation\seed_20260725\A_image_only\val_detection_threshold_sweep.csv
02_mixed_domain_ablation/stability_3seeds/test_evaluation/seed_20260725/A_image_only/val_seed_threshold_sweep.csv,stability raw evaluation,214193,e4c8fe6be69fd2bf17b3d715e2832f70b12c48120e08a58337176681996742f8,D:\CODE\LipidBench\PeakTruthLab\results\paper_final_reviewed_20260725\stability_3seeds_20260729\test_evaluation\seed_20260725\A_image_only\val_seed_threshold_sweep.csv
02_mixed_domain_ablation/stability_3seeds/test_evaluation/seed_20260725/B_attr_only/selection_before_test.json,stability raw evaluation,3748,9945944b9886a98b45cacb25639147a4d7b6530dd8c456986c5cf6fadbdf1ce2,D:\CODE\LipidBench\PeakTruthLab\results\paper_final_reviewed_20260725\stability_3seeds_20260729\test_evaluation\seed_20260725\B_attr_only\selection_before_test.json
02_mixed_domain_ablation/stability_3seeds/test_evaluation/seed_20260725/B_attr_only/test_detection_image_metrics.csv,stability raw evaluation,183279,11dcda38522e038dd1d589b8062132860e0ad652fa073b864e2f4966adfe62ed,D:\CODE\LipidBench\PeakTruthLab\results\paper_final_reviewed_20260725\stability_3seeds_20260729\test_evaluation\seed_20260725\B_attr_only\test_detection_image_metrics.csv
02_mixed_domain_ablation/stability_3seeds/test_evaluation/seed_20260725/B_attr_only/test_metrics.json,stability raw evaluation,8464,5fa1e6f209d38e8cbcbdc5dad771b1d196ef5720ca0a4c30db5c9d383315f960,D:\CODE\LipidBench\PeakTruthLab\results\paper_final_reviewed_20260725\stability_3seeds_20260729\test_evaluation\seed_20260725\B_attr_only\test_metrics.json
02_mixed_domain_ablation/stability_3seeds/test_evaluation/seed_20260725/B_attr_only/test_seed_predictions.csv,stability raw evaluation,159766,dc284c95ad06cdb4a79962becd27234c732f8edb57b26ca7121f62739e0cf653,D:\CODE\LipidBench\PeakTruthLab\results\paper_final_reviewed_20260725\stability_3seeds_20260729\test_evaluation\seed_20260725\B_attr_only\test_seed_predictions.csv
02_mixed_domain_ablation/stability_3seeds/test_evaluation/seed_20260725/B_attr_only/val_detection_threshold_sweep.csv,stability raw evaluation,5338,2f2176bf5f78557d92f9b283fc55459d75fc41365913168b5044874cdfb72679,D:\CODE\LipidBench\PeakTruthLab\results\paper_final_reviewed_20260725\stability_3seeds_20260729\test_evaluation\seed_20260725\B_attr_only\val_detection_threshold_sweep.csv
02_mixed_domain_ablation/stability_3seeds/test_evaluation/seed_20260725/B_attr_only/val_seed_threshold_sweep.csv,stability raw evaluation,214326,466bf7298bcfbc6f51bbeb0aa6fc25f85660564067f57e106d882fa4042d1a60,D:\CODE\LipidBench\PeakTruthLab\results\paper_final_reviewed_20260725\stability_3seeds_20260729\test_evaluation\seed_20260725\B_attr_only\val_seed_threshold_sweep.csv
02_mixed_domain_ablation/stability_3seeds/test_evaluation/seed_20260725/C_naive_concat/selection_before_test.json,stability raw evaluation,3767,3afbd45233eceaf71f9987877f13f61589e8df00dc2ce326cf4b7a9776ff8d96,D:\CODE\LipidBench\PeakTruthLab\results\paper_final_reviewed_20260725\stability_3seeds_20260729\test_evaluation\seed_20260725\C_naive_concat\selection_before_test.json
02_mixed_domain_ablation/stability_3seeds/test_evaluation/seed_20260725/C_naive_concat/test_detection_image_metrics.csv,stability raw evaluation,183276,af830e092bd0a16e398b383a75799d73f4ddc4a70234cfdffadaa607577d065c,D:\CODE\LipidBench\PeakTruthLab\results\paper_final_reviewed_20260725\stability_3seeds_20260729\test_evaluation\seed_20260725\C_naive_concat\test_detection_image_metrics.csv
02_mixed_domain_ablation/stability_3seeds/test_evaluation/seed_20260725/C_naive_concat/test_metrics.json,stability raw evaluation,8497,d0eccbb309be1c6c9e82655de496532e654df6685a746d56884db57784a59d1c,D:\CODE\LipidBench\PeakTruthLab\results\paper_final_reviewed_20260725\stability_3seeds_20260729\test_evaluation\seed_20260725\C_naive_concat\test_metrics.json
02_mixed_domain_ablation/stability_3seeds/test_evaluation/seed_20260725/C_naive_concat/test_seed_predictions.csv,stability raw evaluation,154083,0dccff5bd85fcea7fe04dbdaa7090b16901335796996baa0b1c58f9a25761746,D:\CODE\LipidBench\PeakTruthLab\results\paper_final_reviewed_20260725\stability_3seeds_20260729\test_evaluation\seed_20260725\C_naive_concat\test_seed_predictions.csv
02_mixed_domain_ablation/stability_3seeds/test_evaluation/seed_20260725/C_naive_concat/val_detection_threshold_sweep.csv,stability raw evaluation,5317,afbd72aac829e9ef707c2705bc1744f7557505511c4c6bbaf6eee53df9eeb443,D:\CODE\LipidBench\PeakTruthLab\results\paper_final_reviewed_20260725\stability_3seeds_20260729\test_evaluation\seed_20260725\C_naive_concat\val_detection_threshold_sweep.csv
02_mixed_domain_ablation/stability_3seeds/test_evaluation/seed_20260725/C_naive_concat/val_seed_threshold_sweep.csv,stability raw evaluation,214093,5a40e826ab22f81504ba11c352b1cb375f971fd34301e3b17743770e3213cf39,D:\CODE\LipidBench\PeakTruthLab\results\paper_final_reviewed_20260725\stability_3seeds_20260729\test_evaluation\seed_20260725\C_naive_concat\val_seed_threshold_sweep.csv
02_mixed_domain_ablation/stability_3seeds/test_evaluation/seed_20260725/D_gated_fusion/selection_before_test.json,stability raw evaluation,3766,1bd27f1d6f752a56dcf5eb41446b5b406de239b3f92563c250bddb4a87c9c562,D:\CODE\LipidBench\PeakTruthLab\results\paper_final_reviewed_20260725\stability_3seeds_20260729\test_evaluation\seed_20260725\D_gated_fusion\selection_before_test.json
02_mixed_domain_ablation/stability_3seeds/test_evaluation/seed_20260725/D_gated_fusion/test_detection_image_metrics.csv,stability raw evaluation,182987,a9abdeb55bbd77bc2642636c25448b5415b0a72e9d5935c0e6a34c170c5dd749,D:\CODE\LipidBench\PeakTruthLab\results\paper_final_reviewed_20260725\stability_3seeds_20260729\test_evaluation\seed_20260725\D_gated_fusion\test_detection_image_metrics.csv
02_mixed_domain_ablation/stability_3seeds/test_evaluation/seed_20260725/D_gated_fusion/test_metrics.json,stability raw evaluation,8498,5d5f305541346956cb8d6ca31cbad28bc8c234f344aec8437ac8beb951c121c3,D:\CODE\LipidBench\PeakTruthLab\results\paper_final_reviewed_20260725\stability_3seeds_20260729\test_evaluation\seed_20260725\D_gated_fusion\test_metrics.json
02_mixed_domain_ablation/stability_3seeds/test_evaluation/seed_20260725/D_gated_fusion/test_seed_predictions.csv,stability raw evaluation,158219,11f4edab9b23f5003b4476fc9853d30a88d7d6dfe545e3ea5d9c21b44c9a6b00,D:\CODE\LipidBench\PeakTruthLab\results\paper_final_reviewed_20260725\stability_3seeds_20260729\test_evaluation\seed_20260725\D_gated_fusion\test_seed_predictions.csv
02_mixed_domain_ablation/stability_3seeds/test_evaluation/seed_20260725/D_gated_fusion/val_detection_threshold_sweep.csv,stability raw evaluation,5318,78268611be24d69e7ba955385f00eaf3678ac32955b88770e39052955eb70538,D:\CODE\LipidBench\PeakTruthLab\results\paper_final_reviewed_20260725\stability_3seeds_20260729\test_evaluation\seed_20260725\D_gated_fusion\val_detection_threshold_sweep.csv
02_mixed_domain_ablation/stability_3seeds/test_evaluation/seed_20260725/D_gated_fusion/val_seed_threshold_sweep.csv,stability raw evaluation,213211,a142c1fdea587ec2db7895af6958550c4a62b3a4c7a85be79d27e3521417d139,D:\CODE\LipidBench\PeakTruthLab\results\paper_final_reviewed_20260725\stability_3seeds_20260729\test_evaluation\seed_20260725\D_gated_fusion\val_seed_threshold_sweep.csv
02_mixed_domain_ablation/stability_3seeds/test_evaluation/seed_20260726/A_image_only/selection_before_test.json,stability raw evaluation,3802,4ded6596f7623708f1193f79db27c18dabfeeb98a14b5d51d125708c0925f19e,D:\CODE\LipidBench\PeakTruthLab\results\paper_final_reviewed_20260725\stability_3seeds_20260729\test_evaluation\seed_20260726\A_image_only\selection_before_test.json
02_mixed_domain_ablation/stability_3seeds/test_evaluation/seed_20260726/A_image_only/test_detection_image_metrics.csv,stability raw evaluation,182913,3e2da25abd033966414362ed4888744ef00b182e788022473d77a7225c90729e,D:\CODE\LipidBench\PeakTruthLab\results\paper_final_reviewed_20260725\stability_3seeds_20260729\test_evaluation\seed_20260726\A_image_only\test_detection_image_metrics.csv
02_mixed_domain_ablation/stability_3seeds/test_evaluation/seed_20260726/A_image_only/test_metrics.json,stability raw evaluation,8573,7bf27f01b80e911e4ab032860cdf11c247db90952d2443e98d664dfff33428b3,D:\CODE\LipidBench\PeakTruthLab\results\paper_final_reviewed_20260725\stability_3seeds_20260729\test_evaluation\seed_20260726\A_image_only\test_metrics.json
02_mixed_domain_ablation/stability_3seeds/test_evaluation/seed_20260726/A_image_only/test_seed_predictions.csv,stability raw evaluation,144200,27ce16460ffda42f1e43c6cbdbe56aade5dad171a9c8b586df87f44f3975107c,D:\CODE\LipidBench\PeakTruthLab\results\paper_final_reviewed_20260725\stability_3seeds_20260729\test_evaluation\seed_20260726\A_image_only\test_seed_predictions.csv
02_mixed_domain_ablation/stability_3seeds/test_evaluation/seed_20260726/A_image_only/val_detection_threshold_sweep.csv,stability raw evaluation,5323,bd98529ad48cf7585f21f1d719acae82409a326e16ba910e0e8fbe68ff510dd2,D:\CODE\LipidBench\PeakTruthLab\results\paper_final_reviewed_20260725\stability_3seeds_20260729\test_evaluation\seed_20260726\A_image_only\val_detection_threshold_sweep.csv
02_mixed_domain_ablation/stability_3seeds/test_evaluation/seed_20260726/A_image_only/val_seed_threshold_sweep.csv,stability raw evaluation,211528,57505b5fead8146a21fe43106f53929420f1e7c4982af6d9e32269a18cea8e16,D:\CODE\LipidBench\PeakTruthLab\results\paper_final_reviewed_20260725\stability_3seeds_20260729\test_evaluation\seed_20260726\A_image_only\val_seed_threshold_sweep.csv
02_mixed_domain_ablation/stability_3seeds/test_evaluation/seed_20260726/B_attr_only/selection_before_test.json,stability raw evaluation,3798,5bbad076a1dc52d5a3a5d873e32c7780a7fd35c2e86f6a76ccc25bd13acc0332,D:\CODE\LipidBench\PeakTruthLab\results\paper_final_reviewed_20260725\stability_3seeds_20260729\test_evaluation\seed_20260726\B_attr_only\selection_before_test.json
02_mixed_domain_ablation/stability_3seeds/test_evaluation/seed_20260726/B_attr_only/test_detection_image_metrics.csv,stability raw evaluation,182782,e90d026dde3209b2c67871b7afdbbac2413c944a66810c56fab39410175d363a,D:\CODE\LipidBench\PeakTruthLab\results\paper_final_reviewed_20260725\stability_3seeds_20260729\test_evaluation\seed_20260726\B_attr_only\test_detection_image_metrics.csv
02_mixed_domain_ablation/stability_3seeds/test_evaluation/seed_20260726/B_attr_only/test_metrics.json,stability raw evaluation,8556,047c9c2f40db8ab55ee8a76f9d68952613f1b3113e97e11f5ca9b547edc946f3,D:\CODE\LipidBench\PeakTruthLab\results\paper_final_reviewed_20260725\stability_3seeds_20260729\test_evaluation\seed_20260726\B_attr_only\test_metrics.json
02_mixed_domain_ablation/stability_3seeds/test_evaluation/seed_20260726/B_attr_only/test_seed_predictions.csv,stability raw evaluation,160396,2a354e6e8e3a01f6e89714717042d81f30de980d7c8f94dd4aef2e0ae8a67303,D:\CODE\LipidBench\PeakTruthLab\results\paper_final_reviewed_20260725\stability_3seeds_20260729\test_evaluation\seed_20260726\B_attr_only\test_seed_predictions.csv
02_mixed_domain_ablation/stability_3seeds/test_evaluation/seed_20260726/B_attr_only/val_detection_threshold_sweep.csv,stability raw evaluation,5325,daffd269fd6fac0f9886edd18b147bb0c449a0696ef1d01c9fd304dcff1daffd,D:\CODE\LipidBench\PeakTruthLab\results\paper_final_reviewed_20260725\stability_3seeds_20260729\test_evaluation\seed_20260726\B_attr_only\val_detection_threshold_sweep.csv
02_mixed_domain_ablation/stability_3seeds/test_evaluation/seed_20260726/B_attr_only/val_seed_threshold_sweep.csv,stability raw evaluation,212629,c0ed5a84941626cd545df54dd8223b85c37a9d94d66fed8a5b41433ee36afffe,D:\CODE\LipidBench\PeakTruthLab\results\paper_final_reviewed_20260725\stability_3seeds_20260729\test_evaluation\seed_20260726\B_attr_only\val_seed_threshold_sweep.csv
02_mixed_domain_ablation/stability_3seeds/test_evaluation/seed_20260726/C_naive_concat/selection_before_test.json,stability raw evaluation,3817,727463361adf52c7b0c33991b1217af7d3a3a3e5e0df75eee54697dbd1edf78d,D:\CODE\LipidBench\PeakTruthLab\results\paper_final_reviewed_20260725\stability_3seeds_20260729\test_evaluation\seed_20260726\C_naive_concat\selection_before_test.json
02_mixed_domain_ablation/stability_3seeds/test_evaluation/seed_20260726/C_naive_concat/test_detection_image_metrics.csv,stability raw evaluation,182721,5dfd868a2e61c03314b17ebd7ff9da17a276fbd3a3d1648da71b7c49ead90468,D:\CODE\LipidBench\PeakTruthLab\results\paper_final_reviewed_20260725\stability_3seeds_20260729\test_evaluation\seed_20260726\C_naive_concat\test_detection_image_metrics.csv
02_mixed_domain_ablation/stability_3seeds/test_evaluation/seed_20260726/C_naive_concat/test_metrics.json,stability raw evaluation,8600,4f49773ff9d25cfda19738b00544341922dbe7b901f76322cfbbac39ed5f4125,D:\CODE\LipidBench\PeakTruthLab\results\paper_final_reviewed_20260725\stability_3seeds_20260729\test_evaluation\seed_20260726\C_naive_concat\test_metrics.json
02_mixed_domain_ablation/stability_3seeds/test_evaluation/seed_20260726/C_naive_concat/test_seed_predictions.csv,stability raw evaluation,144921,50c59510deb901d5c9e10d742613bbde1f8eb20b792e97990d2b20259673c25f,D:\CODE\LipidBench\PeakTruthLab\results\paper_final_reviewed_20260725\stability_3seeds_20260729\test_evaluation\seed_20260726\C_naive_concat\test_seed_predictions.csv
02_mixed_domain_ablation/stability_3seeds/test_evaluation/seed_20260726/C_naive_concat/val_detection_threshold_sweep.csv,stability raw evaluation,5330,a3ae6105094e7380a6195564608f181caedfe4d11911232fad114f4acd816d38,D:\CODE\LipidBench\PeakTruthLab\results\paper_final_reviewed_20260725\stability_3seeds_20260729\test_evaluation\seed_20260726\C_naive_concat\val_detection_threshold_sweep.csv
02_mixed_domain_ablation/stability_3seeds/test_evaluation/seed_20260726/C_naive_concat/val_seed_threshold_sweep.csv,stability raw evaluation,212701,cbc741019e76e531a5caeb326dbefc46b7881c68d99d8a507afad1b4ba0b468b,D:\CODE\LipidBench\PeakTruthLab\results\paper_final_reviewed_20260725\stability_3seeds_20260729\test_evaluation\seed_20260726\C_naive_concat\val_seed_threshold_sweep.csv
02_mixed_domain_ablation/stability_3seeds/test_evaluation/seed_20260726/D_gated_fusion/selection_before_test.json,stability raw evaluation,3801,6d6ae3d9a69215ff7cf0a23fe54d3fc59065f280e0da95c9a49dfb5deab96bcc,D:\CODE\LipidBench\PeakTruthLab\results\paper_final_reviewed_20260725\stability_3seeds_20260729\test_evaluation\seed_20260726\D_gated_fusion\selection_before_test.json
02_mixed_domain_ablation/stability_3seeds/test_evaluation/seed_20260726/D_gated_fusion/test_detection_image_metrics.csv,stability raw evaluation,182877,bfeb8162280784efc7253ad971d485cacdd987577fb5ffd848e6592b4d753560,D:\CODE\LipidBench\PeakTruthLab\results\paper_final_reviewed_20260725\stability_3seeds_20260729\test_evaluation\seed_20260726\D_gated_fusion\test_detection_image_metrics.csv
02_mixed_domain_ablation/stability_3seeds/test_evaluation/seed_20260726/D_gated_fusion/test_metrics.json,stability raw evaluation,8565,61caa870cbf779b42631f675a246d111a979cac444a924dac538b6f645443291,D:\CODE\LipidBench\PeakTruthLab\results\paper_final_reviewed_20260725\stability_3seeds_20260729\test_evaluation\seed_20260726\D_gated_fusion\test_metrics.json
02_mixed_domain_ablation/stability_3seeds/test_evaluation/seed_20260726/D_gated_fusion/test_seed_predictions.csv,stability raw evaluation,147156,69fecfea9c892c475ae1c5153e63bd314c617bc50d019b577b30d02f672d1129,D:\CODE\LipidBench\PeakTruthLab\results\paper_final_reviewed_20260725\stability_3seeds_20260729\test_evaluation\seed_20260726\D_gated_fusion\test_seed_predictions.csv
02_mixed_domain_ablation/stability_3seeds/test_evaluation/seed_20260726/D_gated_fusion/val_detection_threshold_sweep.csv,stability raw evaluation,5339,bdb3d6a9b01ce69cc84833c92cd2432ee03bb9319919952c32935a954431afa9,D:\CODE\LipidBench\PeakTruthLab\results\paper_final_reviewed_20260725\stability_3seeds_20260729\test_evaluation\seed_20260726\D_gated_fusion\val_detection_threshold_sweep.csv
02_mixed_domain_ablation/stability_3seeds/test_evaluation/seed_20260726/D_gated_fusion/val_seed_threshold_sweep.csv,stability raw evaluation,213646,9915b9106c4ff908f17e531e2dd6be85051f6180612306fcda3865d1c5dcec40,D:\CODE\LipidBench\PeakTruthLab\results\paper_final_reviewed_20260725\stability_3seeds_20260729\test_evaluation\seed_20260726\D_gated_fusion\val_seed_threshold_sweep.csv
02_mixed_domain_ablation/stability_3seeds/test_evaluation/seed_20260727/A_image_only/selection_before_test.json,stability raw evaluation,3795,b1ba4265caabf9ddb0e6f3356e851871476bed069ffa15c549b5854fc10ee803,D:\CODE\LipidBench\PeakTruthLab\results\paper_final_reviewed_20260725\stability_3seeds_20260729\test_evaluation\seed_20260727\A_image_only\selection_before_test.json
02_mixed_domain_ablation/stability_3seeds/test_evaluation/seed_20260727/A_image_only/test_detection_image_metrics.csv,stability raw evaluation,183270,db282011f3658cc41a80edbdb98197efc41e40d99f7a206f13dbf5f43566e4ff,D:\CODE\LipidBench\PeakTruthLab\results\paper_final_reviewed_20260725\stability_3seeds_20260729\test_evaluation\seed_20260727\A_image_only\test_detection_image_metrics.csv
02_mixed_domain_ablation/stability_3seeds/test_evaluation/seed_20260727/A_image_only/test_metrics.json,stability raw evaluation,8554,332889219a8f72d9bf01e7ebde296153256c877ee00d7d829e48c8976995ef69,D:\CODE\LipidBench\PeakTruthLab\results\paper_final_reviewed_20260725\stability_3seeds_20260729\test_evaluation\seed_20260727\A_image_only\test_metrics.json
02_mixed_domain_ablation/stability_3seeds/test_evaluation/seed_20260727/A_image_only/test_seed_predictions.csv,stability raw evaluation,142874,e19ea0ca406ee9b95012f41926ea4cc6acdf378a5fbbe20cf902bbe6d42fc4a0,D:\CODE\LipidBench\PeakTruthLab\results\paper_final_reviewed_20260725\stability_3seeds_20260729\test_evaluation\seed_20260727\A_image_only\test_seed_predictions.csv
02_mixed_domain_ablation/stability_3seeds/test_evaluation/seed_20260727/A_image_only/val_detection_threshold_sweep.csv,stability raw evaluation,5324,f395f19a39445dfe83825b8b8136436a07a5e81d06d5398e913d7067db381c0f,D:\CODE\LipidBench\PeakTruthLab\results\paper_final_reviewed_20260725\stability_3seeds_20260729\test_evaluation\seed_20260727\A_image_only\val_detection_threshold_sweep.csv
02_mixed_domain_ablation/stability_3seeds/test_evaluation/seed_20260727/A_image_only/val_seed_threshold_sweep.csv,stability raw evaluation,212039,8ea9e097c27c18c45965163bfe3aff4598063873bf92d79e08d219baf484697d,D:\CODE\LipidBench\PeakTruthLab\results\paper_final_reviewed_20260725\stability_3seeds_20260729\test_evaluation\seed_20260727\A_image_only\val_seed_threshold_sweep.csv
02_mixed_domain_ablation/stability_3seeds/test_evaluation/seed_20260727/B_attr_only/selection_before_test.json,stability raw evaluation,3796,136ca07ac81880ea7cce2176067c33ffc478876af39b5914abb970a50118fa25,D:\CODE\LipidBench\PeakTruthLab\results\paper_final_reviewed_20260725\stability_3seeds_20260729\test_evaluation\seed_20260727\B_attr_only\selection_before_test.json
02_mixed_domain_ablation/stability_3seeds/test_evaluation/seed_20260727/B_attr_only/test_detection_image_metrics.csv,stability raw evaluation,182991,acef6875d40b5a3b4580fd6a4a8aca23351a663fca9679d4732234ad8d61be45,D:\CODE\LipidBench\PeakTruthLab\results\paper_final_reviewed_20260725\stability_3seeds_20260729\test_evaluation\seed_20260727\B_attr_only\test_detection_image_metrics.csv
02_mixed_domain_ablation/stability_3seeds/test_evaluation/seed_20260727/B_attr_only/test_metrics.json,stability raw evaluation,8557,1d9db3297615baa87fb603e6caea3c457eba87df9e2a84252790bacefdbb3b41,D:\CODE\LipidBench\PeakTruthLab\results\paper_final_reviewed_20260725\stability_3seeds_20260729\test_evaluation\seed_20260727\B_attr_only\test_metrics.json
02_mixed_domain_ablation/stability_3seeds/test_evaluation/seed_20260727/B_attr_only/test_seed_predictions.csv,stability raw evaluation,159957,db239f431a48821ea8bd078fab263e13988fa2b29d70e214efa310002efc1125,D:\CODE\LipidBench\PeakTruthLab\results\paper_final_reviewed_20260725\stability_3seeds_20260729\test_evaluation\seed_20260727\B_attr_only\test_seed_predictions.csv
02_mixed_domain_ablation/stability_3seeds/test_evaluation/seed_20260727/B_attr_only/val_detection_threshold_sweep.csv,stability raw evaluation,5336,85de632c1a8547948632ba173019604791101477999aa5831e0de60919539c2d,D:\CODE\LipidBench\PeakTruthLab\results\paper_final_reviewed_20260725\stability_3seeds_20260729\test_evaluation\seed_20260727\B_attr_only\val_detection_threshold_sweep.csv
02_mixed_domain_ablation/stability_3seeds/test_evaluation/seed_20260727/B_attr_only/val_seed_threshold_sweep.csv,stability raw evaluation,211608,3ffd9de2b678d2aca61c390fc245a57365280fb0e1c98456fe829d93060501e8,D:\CODE\LipidBench\PeakTruthLab\results\paper_final_reviewed_20260725\stability_3seeds_20260729\test_evaluation\seed_20260727\B_attr_only\val_seed_threshold_sweep.csv
02_mixed_domain_ablation/stability_3seeds/test_evaluation/seed_20260727/C_naive_concat/selection_before_test.json,stability raw evaluation,3816,ba172273d040c4d6905b33924cad5ba9fb52a119ebc7293e4f9304388ae0a0f9,D:\CODE\LipidBench\PeakTruthLab\results\paper_final_reviewed_20260725\stability_3seeds_20260729\test_evaluation\seed_20260727\C_naive_concat\selection_before_test.json
02_mixed_domain_ablation/stability_3seeds/test_evaluation/seed_20260727/C_naive_concat/test_detection_image_metrics.csv,stability raw evaluation,183450,56c09e9c7311aca11073031ddc4b711992ff3e2b6d3c85bd5b4fa6919dd4efea,D:\CODE\LipidBench\PeakTruthLab\results\paper_final_reviewed_20260725\stability_3seeds_20260729\test_evaluation\seed_20260727\C_naive_concat\test_detection_image_metrics.csv
02_mixed_domain_ablation/stability_3seeds/test_evaluation/seed_20260727/C_naive_concat/test_metrics.json,stability raw evaluation,8598,bb2db58ba2a95eebeecc8353f84b300a1a1dd8509b11cb0b10619f45c44a5204,D:\CODE\LipidBench\PeakTruthLab\results\paper_final_reviewed_20260725\stability_3seeds_20260729\test_evaluation\seed_20260727\C_naive_concat\test_metrics.json
02_mixed_domain_ablation/stability_3seeds/test_evaluation/seed_20260727/C_naive_concat/test_seed_predictions.csv,stability raw evaluation,147875,4f0c44fd3fc340dff80c67dab3c6322ef80b02dabf8bfafa0d28c0ecc979f0e5,D:\CODE\LipidBench\PeakTruthLab\results\paper_final_reviewed_20260725\stability_3seeds_20260729\test_evaluation\seed_20260727\C_naive_concat\test_seed_predictions.csv
02_mixed_domain_ablation/stability_3seeds/test_evaluation/seed_20260727/C_naive_concat/val_detection_threshold_sweep.csv,stability raw evaluation,5309,a5e8a6296d5be2a92689d2d428e132611af70c257051493527dde4b13bbec2d2,D:\CODE\LipidBench\PeakTruthLab\results\paper_final_reviewed_20260725\stability_3seeds_20260729\test_evaluation\seed_20260727\C_naive_concat\val_detection_threshold_sweep.csv
02_mixed_domain_ablation/stability_3seeds/test_evaluation/seed_20260727/C_naive_concat/val_seed_threshold_sweep.csv,stability raw evaluation,212973,0e8737f0299c603d760fa468927b095d7957119366bfb53a61e105864d646c4e,D:\CODE\LipidBench\PeakTruthLab\results\paper_final_reviewed_20260725\stability_3seeds_20260729\test_evaluation\seed_20260727\C_naive_concat\val_seed_threshold_sweep.csv
02_mixed_domain_ablation/stability_3seeds/test_evaluation/seed_20260727/D_gated_fusion/selection_before_test.json,stability raw evaluation,3818,9f889c22a95504da6e46115f5fe74a9ba1351d1ad91523913b3363614679ebbe,D:\CODE\LipidBench\PeakTruthLab\results\paper_final_reviewed_20260725\stability_3seeds_20260729\test_evaluation\seed_20260727\D_gated_fusion\selection_before_test.json
02_mixed_domain_ablation/stability_3seeds/test_evaluation/seed_20260727/D_gated_fusion/test_detection_image_metrics.csv,stability raw evaluation,182548,6d5a82ab3186b8ffbbaf76e3720decfc4ee2d8cf23de26d4ab67caa2006abe3d,D:\CODE\LipidBench\PeakTruthLab\results\paper_final_reviewed_20260725\stability_3seeds_20260729\test_evaluation\seed_20260727\D_gated_fusion\test_detection_image_metrics.csv
02_mixed_domain_ablation/stability_3seeds/test_evaluation/seed_20260727/D_gated_fusion/test_metrics.json,stability raw evaluation,8596,2fccfbd46b142cc2ededc17f0498a8137ddcb0979aaa887939b8caefc6ed6640,D:\CODE\LipidBench\PeakTruthLab\results\paper_final_reviewed_20260725\stability_3seeds_20260729\test_evaluation\seed_20260727\D_gated_fusion\test_metrics.json
02_mixed_domain_ablation/stability_3seeds/test_evaluation/seed_20260727/D_gated_fusion/test_seed_predictions.csv,stability raw evaluation,147698,dc4abad2383c7fdead2dbb06b2555959854f604eb2a2fad45d80f32050ee8bb0,D:\CODE\LipidBench\PeakTruthLab\results\paper_final_reviewed_20260725\stability_3seeds_20260729\test_evaluation\seed_20260727\D_gated_fusion\test_seed_predictions.csv
02_mixed_domain_ablation/stability_3seeds/test_evaluation/seed_20260727/D_gated_fusion/val_detection_threshold_sweep.csv,stability raw evaluation,5327,144cac2c142b805bc47562d63706557d3d7643dcf3aebbff69c0d86749590ce5,D:\CODE\LipidBench\PeakTruthLab\results\paper_final_reviewed_20260725\stability_3seeds_20260729\test_evaluation\seed_20260727\D_gated_fusion\val_detection_threshold_sweep.csv
02_mixed_domain_ablation/stability_3seeds/test_evaluation/seed_20260727/D_gated_fusion/val_seed_threshold_sweep.csv,stability raw evaluation,213911,4e7b28887add10fffe10e16841d7ec38a7b5e0e24dcd58938d277ed0350e20c7,D:\CODE\LipidBench\PeakTruthLab\results\paper_final_reviewed_20260725\stability_3seeds_20260729\test_evaluation\seed_20260727\D_gated_fusion\val_seed_threshold_sweep.csv
02_mixed_domain_ablation/stability_3seeds/training_status.json,stability protocol/status,16194,a030d7dfb3bd1514e1c84ebb228faeb94fee1e3334c67788ee6a8e283dc06894,D:\CODE\LipidBench\PeakTruthLab\results\paper_final_reviewed_20260725\stability_3seeds_20260729\training_status.json
03_cross_domain/cross_domain_stage1_report.md,cross-domain report,2548,5a364773c804fa632cfa4a8da64a490febcd1770d59150db1483dd323e4c388b,D:\CODE\LipidBench\PeakTruthLab\results\domain_generalization\cross_domain_stage1_report.md
03_cross_domain/metadata/domain_metadata_audit.csv,cross-domain metadata,5206,d1a63ef83d7955dff1ab1a523c19cef14e50183ed1354e055156514ddaea1fe3,D:\CODE\LipidBench\PeakTruthLab\results\domain_generalization\metadata\domain_metadata_audit.csv
03_cross_domain/metadata/domain_metadata_audit.md,cross-domain metadata,396,0d4ffee73029181a5fd031210165ff0ecc8056d0f12a5e2a0717fa787a636d70,D:\CODE\LipidBench\PeakTruthLab\results\domain_generalization\metadata\domain_metadata_audit.md
03_cross_domain/metadata/domain_statistics.csv,cross-domain metadata,12522,6eb094b7615f7372632ed52ad241473b7eab200596ac00dd54dcc5d2da07cab6,D:\CODE\LipidBench\PeakTruthLab\results\domain_generalization\metadata\domain_statistics.csv
03_cross_domain/metadata/external_domain_candidates.csv,cross-domain metadata,4098,4f06127ea58459d9f5ae0cfb60aaed685e3050f938ceef0688218ca292d04988,D:\CODE\LipidBench\PeakTruthLab\results\domain_generalization\metadata\external_domain_candidates.csv
03_cross_domain/metadata/source_domain_metadata.csv,cross-domain metadata,19529,0ee650596fed7b491b7aa1bbac80206cbdd383d5bedad824060c285697a7bece,D:\CODE\LipidBench\PeakTruthLab\results\domain_generalization\metadata\source_domain_metadata.csv
03_cross_domain/seed_1/checkpoints/attribute_preprocessing.json,cross-domain raw results,2649,ec2b85f0401d4b6c657bd357194ec17d4f704f384be7aa87b6d3db72ca87a8ee,D:\CODE\LipidBench\PeakTruthLab\results\domain_generalization\seed_1\checkpoints\attribute_preprocessing.json
03_cross_domain/seed_1/checkpoints/history.json,cross-domain raw results,23327,04eaacec244fe71e6117ab97e9f4ec20223d35b570987a7bf6c7c77ef08a7afa,D:\CODE\LipidBench\PeakTruthLab\results\domain_generalization\seed_1\checkpoints\history.json
03_cross_domain/seed_1/checkpoints/run_config.json,cross-domain raw results,1285,4c313435fb66e68c7653bbbd5f889a7a589a26ef2d08cb574d76068889fd6254,D:\CODE\LipidBench\PeakTruthLab\results\domain_generalization\seed_1\checkpoints\run_config.json
03_cross_domain/seed_1/checkpoints/summary.json,cross-domain raw results,4052,ac18f02db158c07baa5a1cb9a930ada1a33a4a921a2be774dfe6f04c5d722cd0,D:\CODE\LipidBench\PeakTruthLab\results\domain_generalization\seed_1\checkpoints\summary.json
03_cross_domain/seed_1/interrupted_attempt_20260811_1318/attribute_preprocessing.json,cross-domain raw results,2649,ec2b85f0401d4b6c657bd357194ec17d4f704f384be7aa87b6d3db72ca87a8ee,D:\CODE\LipidBench\PeakTruthLab\results\domain_generalization\seed_1\interrupted_attempt_20260811_1318\attribute_preprocessing.json
03_cross_domain/seed_1/interrupted_attempt_20260811_1318/history.json,cross-domain raw results,3113,fb7bd3fa02888b540d1479dd1d441b4d99e99adde1a31f5733dcd0c2fecd6c92,D:\CODE\LipidBench\PeakTruthLab\results\domain_generalization\seed_1\interrupted_attempt_20260811_1318\history.json
03_cross_domain/seed_1/interrupted_attempt_20260811_1318/run_config.json,cross-domain raw results,1285,4c313435fb66e68c7653bbbd5f889a7a589a26ef2d08cb574d76068889fd6254,D:\CODE\LipidBench\PeakTruthLab\results\domain_generalization\seed_1\interrupted_attempt_20260811_1318\run_config.json
03_cross_domain/seed_1/metrics/External_A/detection_ap_summary.csv,cross-domain raw results,278,43e2d9bee8e2aad1db8d48fa650ae2703b3b4f77426eb9badb714ae5df99e6da,D:\CODE\LipidBench\PeakTruthLab\results\domain_generalization\seed_1\metrics\External_A\detection_ap_summary.csv
03_cross_domain/seed_1/metrics/External_A/detection_image_metrics.csv,cross-domain raw results,66181,39c9a1be328718463e379faed412a38727f86ae67076fae225eb8bb4bfa829de,D:\CODE\LipidBench\PeakTruthLab\results\domain_generalization\seed_1\metrics\External_A\detection_image_metrics.csv
03_cross_domain/seed_1/metrics/External_A/detection_subgroups.csv,cross-domain raw results,1621,fb937d81ec2e5925385d8aab9883054a6a97d4738d3ce2dc83a64a4dea5bc4a1,D:\CODE\LipidBench\PeakTruthLab\results\domain_generalization\seed_1\metrics\External_A\detection_subgroups.csv
03_cross_domain/seed_1/metrics/External_A/metrics.json,cross-domain raw results,4699,a3e77153249acee01b2cf89efd0201e0c7dd44969ba59d719611d7693d1e0026,D:\CODE\LipidBench\PeakTruthLab\results\domain_generalization\seed_1\metrics\External_A\metrics.json
03_cross_domain/seed_1/metrics/External_A/seed_predictions.csv,cross-domain raw results,58125,1c5e9da7145f7b7824999754e9bf04d20b52905d9dd38bcd74df4f294646d85e,D:\CODE\LipidBench\PeakTruthLab\results\domain_generalization\seed_1\metrics\External_A\seed_predictions.csv
03_cross_domain/seed_1/metrics/External_A/seed_subgroups.csv,cross-domain raw results,1221,5ffca9011f9f0369b43f0d0575efe14d7f63fadd94660d22b3a02c971704e9ef,D:\CODE\LipidBench\PeakTruthLab\results\domain_generalization\seed_1\metrics\External_A\seed_subgroups.csv
03_cross_domain/seed_1/metrics/External_B/detection_ap_summary.csv,cross-domain raw results,286,4b572cfce03d276f147ea9cb83b8b799ddf9ec3e874b0084e545308ba6858a6f,D:\CODE\LipidBench\PeakTruthLab\results\domain_generalization\seed_1\metrics\External_B\detection_ap_summary.csv
03_cross_domain/seed_1/metrics/External_B/detection_image_metrics.csv,cross-domain raw results,165274,029f178d100db103520de087f9c27c0e56b0556dc7e5edd93df2b42c973ce66c,D:\CODE\LipidBench\PeakTruthLab\results\domain_generalization\seed_1\metrics\External_B\detection_image_metrics.csv
03_cross_domain/seed_1/metrics/External_B/detection_subgroups.csv,cross-domain raw results,1970,2e35f4d5418e8f106b9eaa08c0cf97f59fc6072bb46aa70364b2f2205ecf0d23,D:\CODE\LipidBench\PeakTruthLab\results\domain_generalization\seed_1\metrics\External_B\detection_subgroups.csv
03_cross_domain/seed_1/metrics/External_B/metrics.json,cross-domain raw results,4707,03c9da0c9ca58e4968dccf5651472a3bccd1f0f37fe036b7a2d96427e1de7a8b,D:\CODE\LipidBench\PeakTruthLab\results\domain_generalization\seed_1\metrics\External_B\metrics.json
03_cross_domain/seed_1/metrics/External_B/seed_predictions.csv,cross-domain raw results,149064,a82ca2ae1515c43c87396348cfa5dfc0af961481d13b96a33f395af03df5bdfd,D:\CODE\LipidBench\PeakTruthLab\results\domain_generalization\seed_1\metrics\External_B\seed_predictions.csv
03_cross_domain/seed_1/metrics/External_B/seed_subgroups.csv,cross-domain raw results,1572,0e6c9b3467adba4d54bb3883f05d9ba4f2386a1efea8906e04ad8a9126cabb34,D:\CODE\LipidBench\PeakTruthLab\results\domain_generalization\seed_1\metrics\External_B\seed_subgroups.csv
03_cross_domain/seed_1/metrics/External_C/detection_ap_summary.csv,cross-domain raw results,284,8a348aa1b415e881d01beadbcdce3b74241c15866529ae3f27393c9ec5455bb5,D:\CODE\LipidBench\PeakTruthLab\results\domain_generalization\seed_1\metrics\External_C\detection_ap_summary.csv
03_cross_domain/seed_1/metrics/External_C/detection_image_metrics.csv,cross-domain raw results,192545,71e8e9a15cfaba54e8bd587b446f94ebf147fa80d573cc7b52182582783fba8f,D:\CODE\LipidBench\PeakTruthLab\results\domain_generalization\seed_1\metrics\External_C\detection_image_metrics.csv
03_cross_domain/seed_1/metrics/External_C/detection_subgroups.csv,cross-domain raw results,2789,ac96f689ee9ddabe665d06626079a6c91b8d78b4d093f3f193e9c1d5c80758b2,D:\CODE\LipidBench\PeakTruthLab\results\domain_generalization\seed_1\metrics\External_C\detection_subgroups.csv
03_cross_domain/seed_1/metrics/External_C/metrics.json,cross-domain raw results,4705,0daa43d44ce8af2fe92fcec4def6eac2d1553188d03cc4aa06dbb61fb24cb29b,D:\CODE\LipidBench\PeakTruthLab\results\domain_generalization\seed_1\metrics\External_C\metrics.json
03_cross_domain/seed_1/metrics/External_C/seed_predictions.csv,cross-domain raw results,149310,b226680a39d62d5d97b88e687e497cd225d45721e96f1f7eb62e422b536355cf,D:\CODE\LipidBench\PeakTruthLab\results\domain_generalization\seed_1\metrics\External_C\seed_predictions.csv
03_cross_domain/seed_1/metrics/External_C/seed_subgroups.csv,cross-domain raw results,2230,aa3dc12de2b3ffcd466a1eaf0a9fa3bc8e2f5faf1c202a49725021c6be78ca35,D:\CODE\LipidBench\PeakTruthLab\results\domain_generalization\seed_1\metrics\External_C\seed_subgroups.csv
03_cross_domain/seed_1/protocol_lock.json,cross-domain raw results,1996,02cd6ed7631fb3982e64959eb0d20bc7af1f95d2f5e734d9abcbab53d1434128,D:\CODE\LipidBench\PeakTruthLab\results\domain_generalization\seed_1\protocol_lock.json
03_cross_domain/seed_1/protocol_lock_stage2.json,cross-domain raw results,2052,1bdf1af395519d1404382872fb02f47c3924ea24ccce7764891a7d0cbdc590b0,D:\CODE\LipidBench\PeakTruthLab\results\domain_generalization\seed_1\protocol_lock_stage2.json
03_cross_domain/seed_1/seen_domain/detection_ap_summary.csv,cross-domain raw results,282,eec9382754af6f5f2e35cea44f6c33d9fca03f37cca3aa7740fddb5c3817d421,D:\CODE\LipidBench\PeakTruthLab\results\domain_generalization\seed_1\seen_domain\detection_ap_summary.csv
03_cross_domain/seed_1/seen_domain/detection_image_metrics.csv,cross-domain raw results,107356,69ef340c57093a9d696a2d704f1540b7dc5455a30f68ba258165398e7ec89d45,D:\CODE\LipidBench\PeakTruthLab\results\domain_generalization\seed_1\seen_domain\detection_image_metrics.csv
03_cross_domain/seed_1/seen_domain/detection_subgroups.csv,cross-domain raw results,1618,07c0db0449c4d8c2cfff13061a4fb6387b6854adae7c3aca774c406fee11087d,D:\CODE\LipidBench\PeakTruthLab\results\domain_generalization\seed_1\seen_domain\detection_subgroups.csv
03_cross_domain/seed_1/seen_domain/metrics.json,cross-domain raw results,4723,d67d1486e4038a1d55559cb9c9d98809c9c33c3070b679e327b542a191bab04b,D:\CODE\LipidBench\PeakTruthLab\results\domain_generalization\seed_1\seen_domain\metrics.json
03_cross_domain/seed_1/seen_domain/seed_predictions.csv,cross-domain raw results,81711,a13bf099abb8d88c738223a12f75b5610ad2bf49f25e3783854f79d1a2d734ca,D:\CODE\LipidBench\PeakTruthLab\results\domain_generalization\seed_1\seen_domain\seed_predictions.csv
03_cross_domain/seed_1/seen_domain/seed_subgroups.csv,cross-domain raw results,1246,698587daec13dc7966af29d23946355246f8509b2d7e41673e3202996b558f5e,D:\CODE\LipidBench\PeakTruthLab\results\domain_generalization\seed_1\seen_domain\seed_subgroups.csv
03_cross_domain/seed_1/summary/condition_metrics.csv,cross-domain raw results,674,992c0c75f84c914250499b4edd08ca25e955f277b45b1ca3b52b75ecdd149eb6,D:\CODE\LipidBench\PeakTruthLab\results\domain_generalization\seed_1\summary\condition_metrics.csv
03_cross_domain/seed_1/summary/evaluation_complete.json,cross-domain raw results,373,94401de2cca5eeb470a84b9a555b1aef80ce646014549e83220a14bdafd68194,D:\CODE\LipidBench\PeakTruthLab\results\domain_generalization\seed_1\summary\evaluation_complete.json
03_cross_domain/seed_1/thresholds/val_detection_threshold_sweep.csv,cross-domain raw results,5329,432ebff8128572c18c2f4f1800f475f035b9e93c1e8ab6b7eff63eb1cc73d25c,D:\CODE\LipidBench\PeakTruthLab\results\domain_generalization\seed_1\thresholds\val_detection_threshold_sweep.csv
03_cross_domain/seed_1/thresholds/val_seed_threshold_sweep.csv,cross-domain raw results,208021,6f3b39ea033b487c30dc3fb44e478916a020365ec8ef4e5f03356a70e733f83d,D:\CODE\LipidBench\PeakTruthLab\results\domain_generalization\seed_1\thresholds\val_seed_threshold_sweep.csv
03_cross_domain/seed_20260726/checkpoints/attribute_preprocessing.json,cross-domain raw results,2649,ec2b85f0401d4b6c657bd357194ec17d4f704f384be7aa87b6d3db72ca87a8ee,D:\CODE\LipidBench\PeakTruthLab\results\domain_generalization\seed_20260726\checkpoints\attribute_preprocessing.json
03_cross_domain/seed_20260726/checkpoints/history.json,cross-domain raw results,23334,4679a8fa616f2235037a3380374c5ce898cee73a171fe62a8cbffb314e4d5276,D:\CODE\LipidBench\PeakTruthLab\results\domain_generalization\seed_20260726\checkpoints\history.json
03_cross_domain/seed_20260726/checkpoints/run_config.json,cross-domain raw results,1285,4c313435fb66e68c7653bbbd5f889a7a589a26ef2d08cb574d76068889fd6254,D:\CODE\LipidBench\PeakTruthLab\results\domain_generalization\seed_20260726\checkpoints\run_config.json
03_cross_domain/seed_20260726/checkpoints/summary.json,cross-domain raw results,4075,5f77d618825ff51c09acfa40af55300b91d99206458cc338d03434d733b1b51f,D:\CODE\LipidBench\PeakTruthLab\results\domain_generalization\seed_20260726\checkpoints\summary.json
03_cross_domain/seed_20260726/external_A/detection_ap_summary.csv,cross-domain raw results,280,d9709ee61605b465325f9092629b0334efbf27b0177be83902f50e553ab195ad,D:\CODE\LipidBench\PeakTruthLab\results\domain_generalization\seed_20260726\external_A\detection_ap_summary.csv
03_cross_domain/seed_20260726/external_A/detection_image_metrics.csv,cross-domain raw results,66143,55d08e1772d812819d200532506591d469703caef2f9db2c49aa381aecd235fd,D:\CODE\LipidBench\PeakTruthLab\results\domain_generalization\seed_20260726\external_A\detection_image_metrics.csv
03_cross_domain/seed_20260726/external_A/detection_subgroups.csv,cross-domain raw results,1609,2182c3cb6d56b0c9a17ad263cc98b27b7adc5cbb0b1bc186bb63fbc5c3eb0b5e,D:\CODE\LipidBench\PeakTruthLab\results\domain_generalization\seed_20260726\external_A\detection_subgroups.csv
03_cross_domain/seed_20260726/external_A/metrics.json,cross-domain raw results,4720,0aee6e258ba8d2ab8aec41e4e8e3788a2ba844d8cf615af1638d49706f10f875,D:\CODE\LipidBench\PeakTruthLab\results\domain_generalization\seed_20260726\external_A\metrics.json
03_cross_domain/seed_20260726/external_A/seed_predictions.csv,cross-domain raw results,62014,369c9d5c2e7d98a370d4771d922cc36a19d36277ff3b0dcd37641df989565095,D:\CODE\LipidBench\PeakTruthLab\results\domain_generalization\seed_20260726\external_A\seed_predictions.csv
03_cross_domain/seed_20260726/external_A/seed_subgroups.csv,cross-domain raw results,1243,ce87e52db86220c0e909076c24d5d5c3d65401d62d0631937f3a8d0fb964da1a,D:\CODE\LipidBench\PeakTruthLab\results\domain_generalization\seed_20260726\external_A\seed_subgroups.csv
03_cross_domain/seed_20260726/external_B/detection_ap_summary.csv,cross-domain raw results,284,4a6917b648b6cde6e900d30b044c11804a63b505f9060bc27fd069cc8adf28e8,D:\CODE\LipidBench\PeakTruthLab\results\domain_generalization\seed_20260726\external_B\detection_ap_summary.csv
03_cross_domain/seed_20260726/external_B/detection_image_metrics.csv,cross-domain raw results,165913,386e505bc2bad88dc2bdf9aacf9ef92adcb68e5e088dc459ec7ce7754e6c77c4,D:\CODE\LipidBench\PeakTruthLab\results\domain_generalization\seed_20260726\external_B\detection_image_metrics.csv
03_cross_domain/seed_20260726/external_B/detection_subgroups.csv,cross-domain raw results,1985,f1681bc05b67b00090041f8e07c259f030c6d28d0ecbc5f7ac559222b6b58c5c,D:\CODE\LipidBench\PeakTruthLab\results\domain_generalization\seed_20260726\external_B\detection_subgroups.csv
03_cross_domain/seed_20260726/external_B/metrics.json,cross-domain raw results,4728,0bdb2367fd6d45122aea6643af6c02167ee25b625bb4285eed7b60f0713542ad,D:\CODE\LipidBench\PeakTruthLab\results\domain_generalization\seed_20260726\external_B\metrics.json
03_cross_domain/seed_20260726/external_B/seed_predictions.csv,cross-domain raw results,153570,09d69fa916fb8255fd0970ff6c33fae63796eb2f747e2aae08d630b60b29a164,D:\CODE\LipidBench\PeakTruthLab\results\domain_generalization\seed_20260726\external_B\seed_predictions.csv
03_cross_domain/seed_20260726/external_B/seed_subgroups.csv,cross-domain raw results,1541,42c203c030fa66cf7cc656aac0501e39ff01152c5312e4c9992102619c84b6c9,D:\CODE\LipidBench\PeakTruthLab\results\domain_generalization\seed_20260726\external_B\seed_subgroups.csv
03_cross_domain/seed_20260726/external_C/detection_ap_summary.csv,cross-domain raw results,281,f6a0f8dd56dcfd42039f992b33f7d5d1da40c75129909f031e2bb3ab1f316fe3,D:\CODE\LipidBench\PeakTruthLab\results\domain_generalization\seed_20260726\external_C\detection_ap_summary.csv
03_cross_domain/seed_20260726/external_C/detection_image_metrics.csv,cross-domain raw results,192735,5dfa9acc71daa93a6be6d4cef53e81a24e5070718602634474d3a9d78ecf787f,D:\CODE\LipidBench\PeakTruthLab\results\domain_generalization\seed_20260726\external_C\detection_image_metrics.csv
03_cross_domain/seed_20260726/external_C/detection_subgroups.csv,cross-domain raw results,2785,137c56f4e75f188cc2901e09eb0ad940aff8b0d2ca5a403b4b1ac65753e07764,D:\CODE\LipidBench\PeakTruthLab\results\domain_generalization\seed_20260726\external_C\detection_subgroups.csv
03_cross_domain/seed_20260726/external_C/metrics.json,cross-domain raw results,4726,3073278afcfc0492cd200e1568eac5116a4b6748c6b10749422ec77ac9dfc018,D:\CODE\LipidBench\PeakTruthLab\results\domain_generalization\seed_20260726\external_C\metrics.json
03_cross_domain/seed_20260726/external_C/seed_predictions.csv,cross-domain raw results,156419,03bb5a95e4b5ad23bb736ccea5a07b0a0dba794db6d14b5f873dfb7f19099e41,D:\CODE\LipidBench\PeakTruthLab\results\domain_generalization\seed_20260726\external_C\seed_predictions.csv
03_cross_domain/seed_20260726/external_C/seed_subgroups.csv,cross-domain raw results,2220,9c567cd7043089bd114e2669069a07a3d281c0cf6afe35a3ed34a5408a0520e8,D:\CODE\LipidBench\PeakTruthLab\results\domain_generalization\seed_20260726\external_C\seed_subgroups.csv
03_cross_domain/seed_20260726/protocol_lock.json,cross-domain raw results,2052,9532e403e934ecf25b539a49566f98fa26b213e2d8ef7892499635f406b68006,D:\CODE\LipidBench\PeakTruthLab\results\domain_generalization\seed_20260726\protocol_lock.json
03_cross_domain/seed_20260726/seen_domain/detection_ap_summary.csv,cross-domain raw results,281,e27f00e0100b5d60540253536473bc9c3408dee7f7f0964e9334a1997a578b27,D:\CODE\LipidBench\PeakTruthLab\results\domain_generalization\seed_20260726\seen_domain\detection_ap_summary.csv
03_cross_domain/seed_20260726/seen_domain/detection_image_metrics.csv,cross-domain raw results,107322,0ea8453195ad69a57cd36360fc987620707249bec939cb4a1707cc19be50eddd,D:\CODE\LipidBench\PeakTruthLab\results\domain_generalization\seed_20260726\seen_domain\detection_image_metrics.csv
03_cross_domain/seed_20260726/seen_domain/detection_subgroups.csv,cross-domain raw results,1621,978682c3a7559fcb77cedd655d844dd07e521e4bc27ffeff4126452704fbac03,D:\CODE\LipidBench\PeakTruthLab\results\domain_generalization\seed_20260726\seen_domain\detection_subgroups.csv
03_cross_domain/seed_20260726/seen_domain/metrics.json,cross-domain raw results,4744,09b56e351fbea05b200149399e164f9ee955ce03a8bc593cb03940105b0fc827,D:\CODE\LipidBench\PeakTruthLab\results\domain_generalization\seed_20260726\seen_domain\metrics.json
03_cross_domain/seed_20260726/seen_domain/seed_predictions.csv,cross-domain raw results,83215,7e11cc8d8d58da8ccf3748e69ebe64251c041cb08628a582a45b24dd78f6f254,D:\CODE\LipidBench\PeakTruthLab\results\domain_generalization\seed_20260726\seen_domain\seed_predictions.csv
03_cross_domain/seed_20260726/seen_domain/seed_subgroups.csv,cross-domain raw results,1232,ce8721426f7d6c3567b757d19ade3d3a509a737cbf676932c5d962d6454832cc,D:\CODE\LipidBench\PeakTruthLab\results\domain_generalization\seed_20260726\seen_domain\seed_subgroups.csv
03_cross_domain/seed_20260726/summary/condition_metrics.csv,cross-domain raw results,2082,16c03d3098fb56dcfc35b04cfbb1edf99599e714103ceeb81cd80f473beb6b53,D:\CODE\LipidBench\PeakTruthLab\results\domain_generalization\seed_20260726\summary\condition_metrics.csv
03_cross_domain/seed_20260726/summary/evaluation_complete.json,cross-domain raw results,447,6625527466553b1bc29d6aae5c55460a59b59503b3bc8640539e0ebdf3ca2bbb,D:\CODE\LipidBench\PeakTruthLab\results\domain_generalization\seed_20260726\summary\evaluation_complete.json
03_cross_domain/seed_20260726/thresholds/val_detection_threshold_sweep.csv,cross-domain raw results,5304,2d9a15c253818512bebafe0fe43c13b0e5735b2a83edfe27adc868b44a8f1582,D:\CODE\LipidBench\PeakTruthLab\results\domain_generalization\seed_20260726\thresholds\val_detection_threshold_sweep.csv
03_cross_domain/seed_20260726/thresholds/val_seed_threshold_sweep.csv,cross-domain raw results,212174,e8199ce6048c6fa46cc39c8307f32ab51a5216e2eae9e9820dfa53201c05419f,D:\CODE\LipidBench\PeakTruthLab\results\domain_generalization\seed_20260726\thresholds\val_seed_threshold_sweep.csv
03_cross_domain/seed_20260727/checkpoints/attribute_preprocessing.json,cross-domain raw results,2649,ec2b85f0401d4b6c657bd357194ec17d4f704f384be7aa87b6d3db72ca87a8ee,D:\CODE\LipidBench\PeakTruthLab\results\domain_generalization\seed_20260727\checkpoints\attribute_preprocessing.json
03_cross_domain/seed_20260727/checkpoints/history.json,cross-domain raw results,23313,71441f0481cd551ac909a2ec0d42b712d023acd11d3aa33e1d5094cb58fad626,D:\CODE\LipidBench\PeakTruthLab\results\domain_generalization\seed_20260727\checkpoints\history.json
03_cross_domain/seed_20260727/checkpoints/run_config.json,cross-domain raw results,1285,4c313435fb66e68c7653bbbd5f889a7a589a26ef2d08cb574d76068889fd6254,D:\CODE\LipidBench\PeakTruthLab\results\domain_generalization\seed_20260727\checkpoints\run_config.json
03_cross_domain/seed_20260727/checkpoints/summary.json,cross-domain raw results,4077,1cb8461826a9e4f9d5b3cde40a641300087a7a21340f270c7a480c33278788b2,D:\CODE\LipidBench\PeakTruthLab\results\domain_generalization\seed_20260727\checkpoints\summary.json
03_cross_domain/seed_20260727/external_A/detection_ap_summary.csv,cross-domain raw results,283,dcdd9f2efa43495a240a4aa97fb405a67890bada754d0d4a2b242bf7d5d36826,D:\CODE\LipidBench\PeakTruthLab\results\domain_generalization\seed_20260727\external_A\detection_ap_summary.csv
03_cross_domain/seed_20260727/external_A/detection_image_metrics.csv,cross-domain raw results,66229,5124d1ea4bda990bed583fe4d0e3420a8b58508f14453b83e7a7d3c310921a2b,D:\CODE\LipidBench\PeakTruthLab\results\domain_generalization\seed_20260727\external_A\detection_image_metrics.csv
03_cross_domain/seed_20260727/external_A/detection_subgroups.csv,cross-domain raw results,1608,98e3bc68263d45e79048615ba376e13778d1476fbfce2cce6654d637dc14500f,D:\CODE\LipidBench\PeakTruthLab\results\domain_generalization\seed_20260727\external_A\detection_subgroups.csv
03_cross_domain/seed_20260727/external_A/metrics.json,cross-domain raw results,4724,03848051b7b7b3a7763dc6069d0dcc5ec65c51b2b1acacc2ce527d8df0caf210,D:\CODE\LipidBench\PeakTruthLab\results\domain_generalization\seed_20260727\external_A\metrics.json
03_cross_domain/seed_20260727/external_A/seed_predictions.csv,cross-domain raw results,57140,4e22922d1ed4ab5c0e3ac85929132f2d2f7418bdc2bf2b2454bc40a7e2996652,D:\CODE\LipidBench\PeakTruthLab\results\domain_generalization\seed_20260727\external_A\seed_predictions.csv
03_cross_domain/seed_20260727/external_A/seed_subgroups.csv,cross-domain raw results,1251,d9b36fe9af53cefdb5f1f97215985900ab5698b52fc4315d6d75f598b059d1ca,D:\CODE\LipidBench\PeakTruthLab\results\domain_generalization\seed_20260727\external_A\seed_subgroups.csv
03_cross_domain/seed_20260727/external_B/detection_ap_summary.csv,cross-domain raw results,282,c49ca64b51a4736484f0da6fddf78499d5b7e9288a7438e4e8561ea5e2910cca,D:\CODE\LipidBench\PeakTruthLab\results\domain_generalization\seed_20260727\external_B\detection_ap_summary.csv
03_cross_domain/seed_20260727/external_B/detection_image_metrics.csv,cross-domain raw results,164447,f4024f5eee7d1bf43149dea85dc7029080ff67cd9ff02fcc225caa80c002cc7f,D:\CODE\LipidBench\PeakTruthLab\results\domain_generalization\seed_20260727\external_B\detection_image_metrics.csv
03_cross_domain/seed_20260727/external_B/detection_subgroups.csv,cross-domain raw results,1978,98d70877156b5b9c2bff2df6d6419d7cb1f8e1b133d3ff1093d6462b0cb31ebe,D:\CODE\LipidBench\PeakTruthLab\results\domain_generalization\seed_20260727\external_B\detection_subgroups.csv
03_cross_domain/seed_20260727/external_B/metrics.json,cross-domain raw results,4730,e549994f0c1b52bff9beabc12415385fc110d77dd7d65c600643aec8d6306de3,D:\CODE\LipidBench\PeakTruthLab\results\domain_generalization\seed_20260727\external_B\metrics.json
03_cross_domain/seed_20260727/external_B/seed_predictions.csv,cross-domain raw results,148359,4f68089f80110be27c612e39bbd5eafb4ea433b545aaa0e68cef8f3d2c80e266,D:\CODE\LipidBench\PeakTruthLab\results\domain_generalization\seed_20260727\external_B\seed_predictions.csv
03_cross_domain/seed_20260727/external_B/seed_subgroups.csv,cross-domain raw results,1545,3e58038cb89ca9773c2e427c7370f692a247812abfb5e0c0779522ec3ec0a7b8,D:\CODE\LipidBench\PeakTruthLab\results\domain_generalization\seed_20260727\external_B\seed_subgroups.csv
03_cross_domain/seed_20260727/external_C/detection_ap_summary.csv,cross-domain raw results,283,a35c03b7a44a68bbd6620466fe1b535c6c0391d415a72617bb08f40b5611332c,D:\CODE\LipidBench\PeakTruthLab\results\domain_generalization\seed_20260727\external_C\detection_ap_summary.csv
03_cross_domain/seed_20260727/external_C/detection_image_metrics.csv,cross-domain raw results,192556,53f8986cb829c10a0a9bf2cb7ff9205c084eb28b7b8e576ebce6846a04d0d203,D:\CODE\LipidBench\PeakTruthLab\results\domain_generalization\seed_20260727\external_C\detection_image_metrics.csv
03_cross_domain/seed_20260727/external_C/detection_subgroups.csv,cross-domain raw results,2785,6cbd8fbf09a0b540d792f92f82a7080ad7c8af2252b3dc8330ba9525abb33de3,D:\CODE\LipidBench\PeakTruthLab\results\domain_generalization\seed_20260727\external_C\detection_subgroups.csv
03_cross_domain/seed_20260727/external_C/metrics.json,cross-domain raw results,4729,5977a272d7a8cc903a09e86c13ea8fbb62e6beeceae7eeb9d360703a1a653a3e,D:\CODE\LipidBench\PeakTruthLab\results\domain_generalization\seed_20260727\external_C\metrics.json
03_cross_domain/seed_20260727/external_C/seed_predictions.csv,cross-domain raw results,150276,4f3fad3a8b85d1c3fd9c68ba852f33eb65a7e03576322a847ebf684fdfd20744,D:\CODE\LipidBench\PeakTruthLab\results\domain_generalization\seed_20260727\external_C\seed_predictions.csv
03_cross_domain/seed_20260727/external_C/seed_subgroups.csv,cross-domain raw results,2207,99bb97e7046b07122e643c0b2a1f473263ee248b615a63c322344881c0c71ed0,D:\CODE\LipidBench\PeakTruthLab\results\domain_generalization\seed_20260727\external_C\seed_subgroups.csv
03_cross_domain/seed_20260727/protocol_lock.json,cross-domain raw results,2052,a772c5c95b9cf163349c53d694cac638cc5b10f47e08a0113933800ceaba22c2,D:\CODE\LipidBench\PeakTruthLab\results\domain_generalization\seed_20260727\protocol_lock.json
03_cross_domain/seed_20260727/seen_domain/detection_ap_summary.csv,cross-domain raw results,281,0c10284e41d07a4f5dd3f0a5416a2e7dc83e6bcc3ea7e6dc93a83e308e913c33,D:\CODE\LipidBench\PeakTruthLab\results\domain_generalization\seed_20260727\seen_domain\detection_ap_summary.csv
03_cross_domain/seed_20260727/seen_domain/detection_image_metrics.csv,cross-domain raw results,107198,49bbbe339967398295519f324c52192826781bc5af9c23f9f24e5b9ccdfcc0aa,D:\CODE\LipidBench\PeakTruthLab\results\domain_generalization\seed_20260727\seen_domain\detection_image_metrics.csv
03_cross_domain/seed_20260727/seen_domain/detection_subgroups.csv,cross-domain raw results,1618,b00c00eadc92d846a21bdf9e5057f9abda22d2b715f4cb48a17e0fabefaedf92,D:\CODE\LipidBench\PeakTruthLab\results\domain_generalization\seed_20260727\seen_domain\detection_subgroups.csv
03_cross_domain/seed_20260727/seen_domain/metrics.json,cross-domain raw results,4744,5b2a6b96f9e1d267a98f6ed43d2c7ffbbf9ddcb3780a99d21503b017f075506d,D:\CODE\LipidBench\PeakTruthLab\results\domain_generalization\seed_20260727\seen_domain\metrics.json
03_cross_domain/seed_20260727/seen_domain/seed_predictions.csv,cross-domain raw results,82310,1628423e4b7d638bce07c8c1fc6dd4d7f32849e47807c2008b443af2be4a3946,D:\CODE\LipidBench\PeakTruthLab\results\domain_generalization\seed_20260727\seen_domain\seed_predictions.csv
03_cross_domain/seed_20260727/seen_domain/seed_subgroups.csv,cross-domain raw results,1251,dbdc10ffc91c478637573cd57cbf527d7a6e5fca5c23358a2c8002c062826141,D:\CODE\LipidBench\PeakTruthLab\results\domain_generalization\seed_20260727\seen_domain\seed_subgroups.csv
03_cross_domain/seed_20260727/summary/condition_metrics.csv,cross-domain raw results,2082,cb4d07f10097952eac052d3d682ae58f67be21095e42dcf3f174395872f77da1,D:\CODE\LipidBench\PeakTruthLab\results\domain_generalization\seed_20260727\summary\condition_metrics.csv
03_cross_domain/seed_20260727/summary/evaluation_complete.json,cross-domain raw results,446,2410654b6fc55b6b70320bab46d7e211fc41326c60054f6b6563d8856ff5e333,D:\CODE\LipidBench\PeakTruthLab\results\domain_generalization\seed_20260727\summary\evaluation_complete.json
03_cross_domain/seed_20260727/thresholds/val_detection_threshold_sweep.csv,cross-domain raw results,5318,fcd80e28aecff23b838a9197414a206de01c7999167857f391069f40c780699a,D:\CODE\LipidBench\PeakTruthLab\results\domain_generalization\seed_20260727\thresholds\val_detection_threshold_sweep.csv
03_cross_domain/seed_20260727/thresholds/val_seed_threshold_sweep.csv,cross-domain raw results,210636,2881a5e65f7ec696a2aaad581c3acde06e52ab3434f851f848050e4059b301c0,D:\CODE\LipidBench\PeakTruthLab\results\domain_generalization\seed_20260727\thresholds\val_seed_threshold_sweep.csv
03_cross_domain/splits/cross_domain_split_manifest.csv,cross-domain split,4389,687de5aa079f562c66de563ddcd3082013895a7bd2903a64deb9d427fd193090,D:\CODE\LipidBench\PeakTruthLab\results\domain_generalization\splits\cross_domain_split_manifest.csv
03_cross_domain/splits/cross_domain_split_summary.json,cross-domain split,2684,008f8df72190f60266d789c73d3f6af5e92a90e8a6e699f474af19a57ac65f7c,D:\CODE\LipidBench\PeakTruthLab\results\domain_generalization\splits\cross_domain_split_summary.json
03_cross_domain/splits/external_A.csv,cross-domain split,533295,3630a354e7dbc916b6583b4356be4fb0b04dd97c8873f107347fcb999cda9b78,D:\CODE\LipidBench\PeakTruthLab\results\domain_generalization\splits\external_A.csv
03_cross_domain/splits/external_B.csv,cross-domain split,1018150,81a5801f61431f2485176a8ce07d589dea140b39fc55bc00dfb8412f041ee86c,D:\CODE\LipidBench\PeakTruthLab\results\domain_generalization\splits\external_B.csv
03_cross_domain/splits/external_C.csv,cross-domain split,1603063,b4f5be75c3ecac739a4e5293b87d5bd3bcfcff3f8761c5a9df4d248d10b28069,D:\CODE\LipidBench\PeakTruthLab\results\domain_generalization\splits\external_C.csv
03_cross_domain/splits/locked_original_test.csv,cross-domain split,791271,9d681034ee315b35ea59f4d7c6e3570ccd9f98b51c97b99d655735b5471329fc,D:\CODE\LipidBench\PeakTruthLab\results\domain_generalization\splits\locked_original_test.csv
03_cross_domain/splits/train.csv,cross-domain split,4294415,526ec873f43a37a418b72b3a154ae321b2415059fb7e557a1ab12b745d3f60e4,D:\CODE\LipidBench\PeakTruthLab\results\domain_generalization\splits\train.csv
03_cross_domain/splits/val.csv,cross-domain split,938034,aa34c7a41910f1d356c4476df5db1523f11ff79bf327f59ed81ba196a6391ec4,D:\CODE\LipidBench\PeakTruthLab\results\domain_generalization\splits\val.csv
03_cross_domain/summary/cross_domain_3seed_mean_sd.csv,cross-domain summary,4403,f69b4cdf8231a91afc2e4edc22f2c61693d931b0ba3a636442afc84980cef304,D:\CODE\LipidBench\PeakTruthLab\results\domain_generalization\summary\cross_domain_3seed_mean_sd.csv
03_cross_domain/summary/cross_domain_3seed_raw_metrics.csv,cross-domain summary,5384,1a022809db7d86a535f0ec9db75b03a9a7d06e7f572abb1f2dbc0359b9ece9b2,D:\CODE\LipidBench\PeakTruthLab\results\domain_generalization\summary\cross_domain_3seed_raw_metrics.csv
03_cross_domain/summary/cross_domain_3seed_results.xlsx,cross-domain summary,27733,a39646b4838ce737e1911761d8463c6bd58b676ba89104e82582a599a2dd912c,D:\CODE\LipidBench\PeakTruthLab\results\domain_generalization\summary\cross_domain_3seed_results.xlsx
03_cross_domain/summary/cross_domain_comparison.csv,cross-domain summary,903,5a5d56517f7867eb52f7a1371bd2f1754a1840a7fe811f34c85dab0955d4f73c,D:\CODE\LipidBench\PeakTruthLab\results\domain_generalization\summary\cross_domain_comparison.csv
03_cross_domain/summary/cross_domain_final_report.md,cross-domain summary,4465,542b2f617d7fb1372e49659957d79be1c9dcb41d13195a2a282e509ffe9225d2,D:\CODE\LipidBench\PeakTruthLab\results\domain_generalization\summary\cross_domain_final_report.md
03_cross_domain/summary/cross_domain_results_report.md,cross-domain summary,893,abbb13e18b54f0e8581303da7ec7f3f6927bfa61812bdedf076ceb3ff2dd8eec,D:\CODE\LipidBench\PeakTruthLab\results\domain_generalization\summary\cross_domain_results_report.md
03_cross_domain/summary/domain_gap.csv,cross-domain summary,598,7ba1f6704da70a71d462182471cea6af4dcc130d495d7dead9657bde479a5629,D:\CODE\LipidBench\PeakTruthLab\results\domain_generalization\summary\domain_gap.csv
03_cross_domain/summary/domain_shift_attribute_statistics.csv,cross-domain summary,6757,75a27f19d1657e19816b1ab2d67226f8f5032995fc5bfdf3a14f355d2e77c826,D:\CODE\LipidBench\PeakTruthLab\results\domain_generalization\summary\domain_shift_attribute_statistics.csv
03_cross_domain/summary/domain_shift_descriptive_statistics.csv,cross-domain summary,2176,8a1d5204cf957c3f2102e61de44e9e273713f9e08a3969002641b18da795be6c,D:\CODE\LipidBench\PeakTruthLab\results\domain_generalization\summary\domain_shift_descriptive_statistics.csv
03_cross_domain/summary/evaluation_complete.json,cross-domain summary,1090,6209a7dee333b849b9378e66882460b464972bba31385de5df72aba1f68e227f,D:\CODE\LipidBench\PeakTruthLab\results\domain_generalization\summary\evaluation_complete.json
03_cross_domain/summary/external_B_attribute_shift.csv,cross-domain summary,2095,a6f7f0ea21611886eaaf95aa1e892fcc7a03438e58ea7cd91be15741b1bb51ed,D:\CODE\LipidBench\PeakTruthLab\results\domain_generalization\summary\external_B_attribute_shift.csv
03_cross_domain/summary/external_B_failure_analysis.csv,cross-domain summary,1263,4a86369660fc63717fc97200d2baba7dafdf4b27ddec39823bf10d92cf99b469,D:\CODE\LipidBench\PeakTruthLab\results\domain_generalization\summary\external_B_failure_analysis.csv
03_cross_domain/summary/external_domain_raw_metrics.csv,cross-domain summary,1233,67d1312a48bdd4817d1011d87c34235a0e1d72f969732eb5255ad6b4976ea469,D:\CODE\LipidBench\PeakTruthLab\results\domain_generalization\summary\external_domain_raw_metrics.csv
03_cross_domain/summary/external_domain_summary.csv,cross-domain summary,1564,625aab5dc361fdc5171a5203e7617cbfa6f5c542a7345874d3188a056ae234e6,D:\CODE\LipidBench\PeakTruthLab\results\domain_generalization\summary\external_domain_summary.csv
03_cross_domain/summary/integrity_audit.json,cross-domain summary,1371,f365b5cf100acbaa66330afe092a443094833ebfbb9d0a4ae144b6cc60c9814f,D:\CODE\LipidBench\PeakTruthLab\results\domain_generalization\summary\integrity_audit.json
03_cross_domain/summary/provenance/build_cross_domain_workbook.mjs,cross-domain summary,5876,e96086a57828e1c34fdc52ee4a0d9baae5fd271165599e8e5911bc5e487cacdf,D:\CODE\LipidBench\PeakTruthLab\results\domain_generalization\summary\provenance\build_cross_domain_workbook.mjs
03_cross_domain/summary/provenance/evaluate_cross_domain_seed.py,cross-domain summary,16189,0d7cecf488cfbcbf9005b0859a5d2741877f68f7f8c6fef33847495d3c697914,D:\CODE\LipidBench\PeakTruthLab\results\domain_generalization\summary\provenance\evaluate_cross_domain_seed.py
03_cross_domain/summary/provenance/evaluate_cross_domain_with_seen.py,cross-domain summary,10096,89dd40e2856e95d9edffb4452dbcec3023e2250f68165b549645ae58e7d66212,D:\CODE\LipidBench\PeakTruthLab\results\domain_generalization\summary\provenance\evaluate_cross_domain_with_seen.py
03_cross_domain/summary/provenance/finalize_cross_domain_3seed.py,cross-domain summary,28170,9edfda9db4b5cb03238ae166af70891618e71a68a19f0e613aea630f7fa3b373,D:\CODE\LipidBench\PeakTruthLab\results\domain_generalization\summary\provenance\finalize_cross_domain_3seed.py
03_cross_domain/summary/seen_vs_unseen_domain_gap.csv,cross-domain summary,2278,86561ca11cbfff995453241efe5a299ba237e642cce91e0b97894b47be7ad1eb,D:\CODE\LipidBench\PeakTruthLab\results\domain_generalization\summary\seen_vs_unseen_domain_gap.csv
CHECKPOINT_INDEX.csv,excluded checkpoint index,13458,83d0f9b6ee56d9da7eff96ecb48d348e82f96243e72ea563fcda2dc69c1542ce,generated during curation
EXCLUDED_ARTIFACTS_SUMMARY.csv,exclusion summary,421,42780cea75ddeb2014c90385730c9e0327797886ec865f2c6877ea9363b59e0f,generated during curation
README.md,archive documentation,3810,a780093055273c4450684431ccfbda428ec4f017f5a39ad530094eb9c8fe25b4,generated during curation
