sample_id,source_file,true_peak_count_class,true_positive,false_positive,false_negative,target_count,prediction_count,exact_count,count_absolute_error,mean_matched_iou
Sphingolipid-BTSPT-Cell-pellet_1__F1,Sphingolipid-BTSPT-Cell-pellet_1,single,1,0,0,1,1,True,0,0.9542289972305298
Sphingolipid-BTSPT-Cell-pellet_1__F10,Sphingolipid-BTSPT-Cell-pellet_1,empty,0,1,0,0,1,False,1,0.0
Sphingolipid-BTSPT-Cell-pellet_1__F100,Sphingolipid-BTSPT-Cell-pellet_1,empty,0,0,0,0,0,True,0,0.0
Sphingolipid-BTSPT-Cell-pellet_1__F101,Sphingolipid-BTSPT-Cell-pellet_1,single,1,0,0,1,1,True,0,0.8726530075073242
Sphingolipid-BTSPT-Cell-pellet_1__F102,Sphingolipid-BTSPT-Cell-pellet_1,single,1,0,0,1,1,True,0,0.8858625888824463
Sphingolipid-BTSPT-Cell-pellet_1__F103,Sphingolipid-BTSPT-Cell-pellet_1,empty,0,1,0,0,1,False,1,0.0
Sphingolipid-BTSPT-Cell-pellet_1__F104,Sphingolipid-BTSPT-Cell-pellet_1,single,1,0,0,1,1,True,0,0.9125003218650818
Sphingolipid-BTSPT-Cell-pellet_1__F105,Sphingolipid-BTSPT-Cell-pellet_1,empty,0,0,0,0,0,True,0,0.0
Sphingolipid-BTSPT-Cell-pellet_1__F106,Sphingolipid-BTSPT-Cell-pellet_1,empty,0,0,0,0,0,True,0,0.0
Sphingolipid-BTSPT-Cell-pellet_1__F107,Sphingolipid-BTSPT-Cell-pellet_1,single,1,0,0,1,1,True,0,0.756628692150116
Sphingolipid-BTSPT-Cell-pellet_1__F108,Sphingolipid-BTSPT-Cell-pellet_1,empty,0,0,0,0,0,True,0,0.0
Sphingolipid-BTSPT-Cell-pellet_1__F109,Sphingolipid-BTSPT-Cell-pellet_1,single,1,0,0,1,1,True,0,0.8427980542182922
Sphingolipid-BTSPT-Cell-pellet_1__F11,Sphingolipid-BTSPT-Cell-pellet_1,single,1,0,0,1,1,True,0,0.7430186867713928
Sphingolipid-BTSPT-Cell-pellet_1__F110,Sphingolipid-BTSPT-Cell-pellet_1,empty,0,1,0,0,1,False,1,0.0
Sphingolipid-BTSPT-Cell-pellet_1__F111,Sphingolipid-BTSPT-Cell-pellet_1,empty,0,0,0,0,0,True,0,0.0
Sphingolipid-BTSPT-Cell-pellet_1__F112,Sphingolipid-BTSPT-Cell-pellet_1,empty,0,1,0,0,1,False,1,0.0
Sphingolipid-BTSPT-Cell-pellet_1__F113,Sphingolipid-BTSPT-Cell-pellet_1,multi,2,0,0,2,2,True,0,0.8845739662647247
Sphingolipid-BTSPT-Cell-pellet_1__F114,Sphingolipid-BTSPT-Cell-pellet_1,single,1,0,0,1,1,True,0,0.8626869916915894
Sphingolipid-BTSPT-Cell-pellet_1__F115,Sphingolipid-BTSPT-Cell-pellet_1,single,1,0,0,1,1,True,0,0.8706556558609009
Sphingolipid-BTSPT-Cell-pellet_1__F116,Sphingolipid-BTSPT-Cell-pellet_1,single,1,0,0,1,1,True,0,0.913492739200592
Sphingolipid-BTSPT-Cell-pellet_1__F117,Sphingolipid-BTSPT-Cell-pellet_1,single,1,0,0,1,1,True,0,0.8927907347679138
Sphingolipid-BTSPT-Cell-pellet_1__F118,Sphingolipid-BTSPT-Cell-pellet_1,empty,0,0,0,0,0,True,0,0.0
Sphingolipid-BTSPT-Cell-pellet_1__F119,Sphingolipid-BTSPT-Cell-pellet_1,single,1,0,0,1,1,True,0,0.7787420749664307
Sphingolipid-BTSPT-Cell-pellet_1__F12,Sphingolipid-BTSPT-Cell-pellet_1,empty,0,0,0,0,0,True,0,0.0
Sphingolipid-BTSPT-Cell-pellet_1__F120,Sphingolipid-BTSPT-Cell-pellet_1,single,1,0,0,1,1,True,0,0.9140059351921082
Sphingolipid-BTSPT-Cell-pellet_1__F121,Sphingolipid-BTSPT-Cell-pellet_1,multi,2,0,0,2,2,True,0,0.8473349511623383
Sphingolipid-BTSPT-Cell-pellet_1__F122,Sphingolipid-BTSPT-Cell-pellet_1,single,1,0,0,1,1,True,0,0.8488796949386597
Sphingolipid-BTSPT-Cell-pellet_1__F123,Sphingolipid-BTSPT-Cell-pellet_1,single,1,0,0,1,1,True,0,0.9153363108634949
Sphingolipid-BTSPT-Cell-pellet_1__F124,Sphingolipid-BTSPT-Cell-pellet_1,empty,0,0,0,0,0,True,0,0.0
Sphingolipid-BTSPT-Cell-pellet_1__F125,Sphingolipid-BTSPT-Cell-pellet_1,single,0,1,1,1,1,True,0,0.0
Sphingolipid-BTSPT-Cell-pellet_1__F126,Sphingolipid-BTSPT-Cell-pellet_1,single,1,0,0,1,1,True,0,0.7928895354270935
Sphingolipid-BTSPT-Cell-pellet_1__F127,Sphingolipid-BTSPT-Cell-pellet_1,single,1,0,0,1,1,True,0,0.7952107787132263
Sphingolipid-BTSPT-Cell-pellet_1__F128,Sphingolipid-BTSPT-Cell-pellet_1,empty,0,0,0,0,0,True,0,0.0
Sphingolipid-BTSPT-Cell-pellet_1__F129,Sphingolipid-BTSPT-Cell-pellet_1,single,1,0,0,1,1,True,0,0.6742613315582275
Sphingolipid-BTSPT-Cell-pellet_1__F13,Sphingolipid-BTSPT-Cell-pellet_1,single,1,0,0,1,1,True,0,0.843320369720459
Sphingolipid-BTSPT-Cell-pellet_1__F130,Sphingolipid-BTSPT-Cell-pellet_1,single,1,0,0,1,1,True,0,0.8794040083885193
Sphingolipid-BTSPT-Cell-pellet_1__F131,Sphingolipid-BTSPT-Cell-pellet_1,single,0,1,1,1,1,True,0,0.0
Sphingolipid-BTSPT-Cell-pellet_1__F132,Sphingolipid-BTSPT-Cell-pellet_1,empty,0,1,0,0,1,False,1,0.0
Sphingolipid-BTSPT-Cell-pellet_1__F133,Sphingolipid-BTSPT-Cell-pellet_1,single,1,0,0,1,1,True,0,0.8722888231277466
Sphingolipid-BTSPT-Cell-pellet_1__F134,Sphingolipid-BTSPT-Cell-pellet_1,single,1,0,0,1,1,True,0,0.7539860606193542
Sphingolipid-BTSPT-Cell-pellet_1__F135,Sphingolipid-BTSPT-Cell-pellet_1,single,1,0,0,1,1,True,0,0.9021923542022705
Sphingolipid-BTSPT-Cell-pellet_1__F136,Sphingolipid-BTSPT-Cell-pellet_1,single,1,0,0,1,1,True,0,0.8180132508277893
Sphingolipid-BTSPT-Cell-pellet_1__F137,Sphingolipid-BTSPT-Cell-pellet_1,single,1,0,0,1,1,True,0,0.8498664498329163
Sphingolipid-BTSPT-Cell-pellet_1__F138,Sphingolipid-BTSPT-Cell-pellet_1,multi,2,0,0,2,2,True,0,0.8851230144500732
Sphingolipid-BTSPT-Cell-pellet_1__F139,Sphingolipid-BTSPT-Cell-pellet_1,empty,0,1,0,0,1,False,1,0.0
Sphingolipid-BTSPT-Cell-pellet_1__F14,Sphingolipid-BTSPT-Cell-pellet_1,single,1,0,0,1,1,True,0,0.868374764919281
Sphingolipid-BTSPT-Cell-pellet_1__F140,Sphingolipid-BTSPT-Cell-pellet_1,empty,0,1,0,0,1,False,1,0.0
Sphingolipid-BTSPT-Cell-pellet_1__F141,Sphingolipid-BTSPT-Cell-pellet_1,single,1,0,0,1,1,True,0,0.8575929403305054
Sphingolipid-BTSPT-Cell-pellet_1__F143,Sphingolipid-BTSPT-Cell-pellet_1,empty,0,0,0,0,0,True,0,0.0
Sphingolipid-BTSPT-Cell-pellet_1__F144,Sphingolipid-BTSPT-Cell-pellet_1,single,1,0,0,1,1,True,0,0.8930803537368774
Sphingolipid-BTSPT-Cell-pellet_1__F145,Sphingolipid-BTSPT-Cell-pellet_1,empty,0,1,0,0,1,False,1,0.0
Sphingolipid-BTSPT-Cell-pellet_1__F146,Sphingolipid-BTSPT-Cell-pellet_1,empty,0,0,0,0,0,True,0,0.0
Sphingolipid-BTSPT-Cell-pellet_1__F147,Sphingolipid-BTSPT-Cell-pellet_1,empty,0,0,0,0,0,True,0,0.0
Sphingolipid-BTSPT-Cell-pellet_1__F148,Sphingolipid-BTSPT-Cell-pellet_1,single,1,0,0,1,1,True,0,0.9280533194541931
Sphingolipid-BTSPT-Cell-pellet_1__F149,Sphingolipid-BTSPT-Cell-pellet_1,empty,0,0,0,0,0,True,0,0.0
Sphingolipid-BTSPT-Cell-pellet_1__F15,Sphingolipid-BTSPT-Cell-pellet_1,single,1,0,0,1,1,True,0,0.68987637758255
Sphingolipid-BTSPT-Cell-pellet_1__F150,Sphingolipid-BTSPT-Cell-pellet_1,single,1,0,0,1,1,True,0,0.9190754294395447
Sphingolipid-BTSPT-Cell-pellet_1__F151,Sphingolipid-BTSPT-Cell-pellet_1,multi,2,0,0,2,2,True,0,0.8153019547462463
Sphingolipid-BTSPT-Cell-pellet_1__F152,Sphingolipid-BTSPT-Cell-pellet_1,single,1,0,0,1,1,True,0,0.8607561588287354
Sphingolipid-BTSPT-Cell-pellet_1__F153,Sphingolipid-BTSPT-Cell-pellet_1,single,1,0,0,1,1,True,0,0.6101619005203247
Sphingolipid-BTSPT-Cell-pellet_1__F154,Sphingolipid-BTSPT-Cell-pellet_1,single,1,0,0,1,1,True,0,0.7349004745483398
Sphingolipid-BTSPT-Cell-pellet_1__F155,Sphingolipid-BTSPT-Cell-pellet_1,single,1,0,0,1,1,True,0,0.8900784254074097
Sphingolipid-BTSPT-Cell-pellet_1__F156,Sphingolipid-BTSPT-Cell-pellet_1,single,1,0,0,1,1,True,0,0.8305675387382507
Sphingolipid-BTSPT-Cell-pellet_1__F157,Sphingolipid-BTSPT-Cell-pellet_1,empty,0,1,0,0,1,False,1,0.0
Sphingolipid-BTSPT-Cell-pellet_1__F158,Sphingolipid-BTSPT-Cell-pellet_1,single,1,0,0,1,1,True,0,0.9428226947784424
Sphingolipid-BTSPT-Cell-pellet_1__F159,Sphingolipid-BTSPT-Cell-pellet_1,empty,0,0,0,0,0,True,0,0.0
Sphingolipid-BTSPT-Cell-pellet_1__F16,Sphingolipid-BTSPT-Cell-pellet_1,empty,0,0,0,0,0,True,0,0.0
Sphingolipid-BTSPT-Cell-pellet_1__F161,Sphingolipid-BTSPT-Cell-pellet_1,empty,0,0,0,0,0,True,0,0.0
Sphingolipid-BTSPT-Cell-pellet_1__F162,Sphingolipid-BTSPT-Cell-pellet_1,empty,0,1,0,0,1,False,1,0.0
Sphingolipid-BTSPT-Cell-pellet_1__F163,Sphingolipid-BTSPT-Cell-pellet_1,empty,0,0,0,0,0,True,0,0.0
Sphingolipid-BTSPT-Cell-pellet_1__F164,Sphingolipid-BTSPT-Cell-pellet_1,multi,0,1,2,2,1,False,1,0.0
Sphingolipid-BTSPT-Cell-pellet_1__F165,Sphingolipid-BTSPT-Cell-pellet_1,single,1,0,0,1,1,True,0,0.971506655216217
Sphingolipid-BTSPT-Cell-pellet_1__F166,Sphingolipid-BTSPT-Cell-pellet_1,empty,0,1,0,0,1,False,1,0.0
Sphingolipid-BTSPT-Cell-pellet_1__F167,Sphingolipid-BTSPT-Cell-pellet_1,empty,0,0,0,0,0,True,0,0.0
Sphingolipid-BTSPT-Cell-pellet_1__F168,Sphingolipid-BTSPT-Cell-pellet_1,empty,0,0,0,0,0,True,0,0.0
Sphingolipid-BTSPT-Cell-pellet_1__F169,Sphingolipid-BTSPT-Cell-pellet_1,empty,0,1,0,0,1,False,1,0.0
Sphingolipid-BTSPT-Cell-pellet_1__F17,Sphingolipid-BTSPT-Cell-pellet_1,empty,0,1,0,0,1,False,1,0.0
Sphingolipid-BTSPT-Cell-pellet_1__F170,Sphingolipid-BTSPT-Cell-pellet_1,multi,2,0,0,2,2,True,0,0.7108292281627655
Sphingolipid-BTSPT-Cell-pellet_1__F171,Sphingolipid-BTSPT-Cell-pellet_1,single,1,0,0,1,1,True,0,0.8627378344535828
Sphingolipid-BTSPT-Cell-pellet_1__F172,Sphingolipid-BTSPT-Cell-pellet_1,empty,0,0,0,0,0,True,0,0.0
Sphingolipid-BTSPT-Cell-pellet_1__F173,Sphingolipid-BTSPT-Cell-pellet_1,single,1,0,0,1,1,True,0,0.7339155673980713
Sphingolipid-BTSPT-Cell-pellet_1__F175,Sphingolipid-BTSPT-Cell-pellet_1,multi,2,0,0,2,2,True,0,0.906096488237381
Sphingolipid-BTSPT-Cell-pellet_1__F176,Sphingolipid-BTSPT-Cell-pellet_1,empty,0,0,0,0,0,True,0,0.0
Sphingolipid-BTSPT-Cell-pellet_1__F177,Sphingolipid-BTSPT-Cell-pellet_1,empty,0,0,0,0,0,True,0,0.0
Sphingolipid-BTSPT-Cell-pellet_1__F178,Sphingolipid-BTSPT-Cell-pellet_1,single,1,0,0,1,1,True,0,0.7632087469100952
Sphingolipid-BTSPT-Cell-pellet_1__F179,Sphingolipid-BTSPT-Cell-pellet_1,empty,0,0,0,0,0,True,0,0.0
Sphingolipid-BTSPT-Cell-pellet_1__F18,Sphingolipid-BTSPT-Cell-pellet_1,empty,0,0,0,0,0,True,0,0.0
Sphingolipid-BTSPT-Cell-pellet_1__F180,Sphingolipid-BTSPT-Cell-pellet_1,single,1,0,0,1,1,True,0,0.8728246688842773
Sphingolipid-BTSPT-Cell-pellet_1__F181,Sphingolipid-BTSPT-Cell-pellet_1,empty,0,0,0,0,0,True,0,0.0
Sphingolipid-BTSPT-Cell-pellet_1__F182,Sphingolipid-BTSPT-Cell-pellet_1,empty,0,0,0,0,0,True,0,0.0
Sphingolipid-BTSPT-Cell-pellet_1__F183,Sphingolipid-BTSPT-Cell-pellet_1,multi,1,0,2,3,1,False,2,0.7729936242103577
Sphingolipid-BTSPT-Cell-pellet_1__F184,Sphingolipid-BTSPT-Cell-pellet_1,single,1,0,0,1,1,True,0,0.8804070353507996
Sphingolipid-BTSPT-Cell-pellet_1__F186,Sphingolipid-BTSPT-Cell-pellet_1,single,1,0,0,1,1,True,0,0.9441925883293152
Sphingolipid-BTSPT-Cell-pellet_1__F187,Sphingolipid-BTSPT-Cell-pellet_1,empty,0,0,0,0,0,True,0,0.0
Sphingolipid-BTSPT-Cell-pellet_1__F188,Sphingolipid-BTSPT-Cell-pellet_1,single,1,0,0,1,1,True,0,0.9175806045532227
Sphingolipid-BTSPT-Cell-pellet_1__F189,Sphingolipid-BTSPT-Cell-pellet_1,multi,2,0,0,2,2,True,0,0.8775989711284637
Sphingolipid-BTSPT-Cell-pellet_1__F19,Sphingolipid-BTSPT-Cell-pellet_1,single,1,0,0,1,1,True,0,0.8198692798614502
Sphingolipid-BTSPT-Cell-pellet_1__F190,Sphingolipid-BTSPT-Cell-pellet_1,empty,0,0,0,0,0,True,0,0.0
Sphingolipid-BTSPT-Cell-pellet_1__F191,Sphingolipid-BTSPT-Cell-pellet_1,empty,0,0,0,0,0,True,0,0.0
Sphingolipid-BTSPT-Cell-pellet_1__F192,Sphingolipid-BTSPT-Cell-pellet_1,empty,0,0,0,0,0,True,0,0.0
Sphingolipid-BTSPT-Cell-pellet_1__F193,Sphingolipid-BTSPT-Cell-pellet_1,single,1,0,0,1,1,True,0,0.7101408839225769
Sphingolipid-BTSPT-Cell-pellet_1__F194,Sphingolipid-BTSPT-Cell-pellet_1,multi,1,0,1,2,1,False,1,0.8446922898292542
Sphingolipid-BTSPT-Cell-pellet_1__F195,Sphingolipid-BTSPT-Cell-pellet_1,empty,0,0,0,0,0,True,0,0.0
Sphingolipid-BTSPT-Cell-pellet_1__F196,Sphingolipid-BTSPT-Cell-pellet_1,single,0,1,1,1,1,True,0,0.0
Sphingolipid-BTSPT-Cell-pellet_1__F197,Sphingolipid-BTSPT-Cell-pellet_1,single,1,0,0,1,1,True,0,0.7450052499771118
Sphingolipid-BTSPT-Cell-pellet_1__F198,Sphingolipid-BTSPT-Cell-pellet_1,empty,0,1,0,0,1,False,1,0.0
Sphingolipid-BTSPT-Cell-pellet_1__F199,Sphingolipid-BTSPT-Cell-pellet_1,empty,0,1,0,0,1,False,1,0.0
Sphingolipid-BTSPT-Cell-pellet_1__F2,Sphingolipid-BTSPT-Cell-pellet_1,single,1,0,0,1,1,True,0,0.7926864624023438
Sphingolipid-BTSPT-Cell-pellet_1__F20,Sphingolipid-BTSPT-Cell-pellet_1,empty,0,0,0,0,0,True,0,0.0
Sphingolipid-BTSPT-Cell-pellet_1__F200,Sphingolipid-BTSPT-Cell-pellet_1,empty,0,0,0,0,0,True,0,0.0
Sphingolipid-BTSPT-Cell-pellet_1__F201,Sphingolipid-BTSPT-Cell-pellet_1,empty,0,1,0,0,1,False,1,0.0
Sphingolipid-BTSPT-Cell-pellet_1__F202,Sphingolipid-BTSPT-Cell-pellet_1,empty,0,1,0,0,1,False,1,0.0
Sphingolipid-BTSPT-Cell-pellet_1__F203,Sphingolipid-BTSPT-Cell-pellet_1,single,1,0,0,1,1,True,0,0.673491895198822
Sphingolipid-BTSPT-Cell-pellet_1__F204,Sphingolipid-BTSPT-Cell-pellet_1,single,1,0,0,1,1,True,0,0.6915493011474609
Sphingolipid-BTSPT-Cell-pellet_1__F205,Sphingolipid-BTSPT-Cell-pellet_1,single,1,0,0,1,1,True,0,0.7489349842071533
Sphingolipid-BTSPT-Cell-pellet_1__F207,Sphingolipid-BTSPT-Cell-pellet_1,empty,0,0,0,0,0,True,0,0.0
Sphingolipid-BTSPT-Cell-pellet_1__F208,Sphingolipid-BTSPT-Cell-pellet_1,empty,0,0,0,0,0,True,0,0.0
Sphingolipid-BTSPT-Cell-pellet_1__F209,Sphingolipid-BTSPT-Cell-pellet_1,empty,0,0,0,0,0,True,0,0.0
Sphingolipid-BTSPT-Cell-pellet_1__F21,Sphingolipid-BTSPT-Cell-pellet_1,empty,0,0,0,0,0,True,0,0.0
Sphingolipid-BTSPT-Cell-pellet_1__F210,Sphingolipid-BTSPT-Cell-pellet_1,single,1,0,0,1,1,True,0,0.9236798286437988
Sphingolipid-BTSPT-Cell-pellet_1__F211,Sphingolipid-BTSPT-Cell-pellet_1,single,1,0,0,1,1,True,0,0.890376091003418
Sphingolipid-BTSPT-Cell-pellet_1__F212,Sphingolipid-BTSPT-Cell-pellet_1,empty,0,0,0,0,0,True,0,0.0
Sphingolipid-BTSPT-Cell-pellet_1__F213,Sphingolipid-BTSPT-Cell-pellet_1,single,1,0,0,1,1,True,0,0.8124473690986633
Sphingolipid-BTSPT-Cell-pellet_1__F214,Sphingolipid-BTSPT-Cell-pellet_1,empty,0,0,0,0,0,True,0,0.0
Sphingolipid-BTSPT-Cell-pellet_1__F215,Sphingolipid-BTSPT-Cell-pellet_1,single,1,0,0,1,1,True,0,0.9106954336166382
Sphingolipid-BTSPT-Cell-pellet_1__F216,Sphingolipid-BTSPT-Cell-pellet_1,single,1,0,0,1,1,True,0,0.9741112589836121
Sphingolipid-BTSPT-Cell-pellet_1__F217,Sphingolipid-BTSPT-Cell-pellet_1,single,1,0,0,1,1,True,0,0.7359313368797302
Sphingolipid-BTSPT-Cell-pellet_1__F218,Sphingolipid-BTSPT-Cell-pellet_1,empty,0,0,0,0,0,True,0,0.0
Sphingolipid-BTSPT-Cell-pellet_1__F219,Sphingolipid-BTSPT-Cell-pellet_1,empty,0,1,0,0,1,False,1,0.0
Sphingolipid-BTSPT-Cell-pellet_1__F22,Sphingolipid-BTSPT-Cell-pellet_1,empty,0,1,0,0,1,False,1,0.0
Sphingolipid-BTSPT-Cell-pellet_1__F220,Sphingolipid-BTSPT-Cell-pellet_1,single,1,0,0,1,1,True,0,0.6469984650611877
Sphingolipid-BTSPT-Cell-pellet_1__F221,Sphingolipid-BTSPT-Cell-pellet_1,empty,0,0,0,0,0,True,0,0.0
Sphingolipid-BTSPT-Cell-pellet_1__F222,Sphingolipid-BTSPT-Cell-pellet_1,empty,0,0,0,0,0,True,0,0.0
Sphingolipid-BTSPT-Cell-pellet_1__F224,Sphingolipid-BTSPT-Cell-pellet_1,empty,0,2,0,0,2,False,2,0.0
Sphingolipid-BTSPT-Cell-pellet_1__F225,Sphingolipid-BTSPT-Cell-pellet_1,empty,0,0,0,0,0,True,0,0.0
Sphingolipid-BTSPT-Cell-pellet_1__F226,Sphingolipid-BTSPT-Cell-pellet_1,empty,0,0,0,0,0,True,0,0.0
Sphingolipid-BTSPT-Cell-pellet_1__F227,Sphingolipid-BTSPT-Cell-pellet_1,multi,2,0,0,2,2,True,0,0.9016966819763184
Sphingolipid-BTSPT-Cell-pellet_1__F228,Sphingolipid-BTSPT-Cell-pellet_1,single,1,1,0,1,2,False,1,0.8684950470924377
Sphingolipid-BTSPT-Cell-pellet_1__F229,Sphingolipid-BTSPT-Cell-pellet_1,single,1,0,0,1,1,True,0,0.6701935529708862
Sphingolipid-BTSPT-Cell-pellet_1__F23,Sphingolipid-BTSPT-Cell-pellet_1,single,1,0,0,1,1,True,0,0.596778392791748
Sphingolipid-BTSPT-Cell-pellet_1__F230,Sphingolipid-BTSPT-Cell-pellet_1,empty,0,0,0,0,0,True,0,0.0
Sphingolipid-BTSPT-Cell-pellet_1__F231,Sphingolipid-BTSPT-Cell-pellet_1,empty,0,0,0,0,0,True,0,0.0
Sphingolipid-BTSPT-Cell-pellet_1__F232,Sphingolipid-BTSPT-Cell-pellet_1,empty,0,0,0,0,0,True,0,0.0
Sphingolipid-BTSPT-Cell-pellet_1__F233,Sphingolipid-BTSPT-Cell-pellet_1,single,1,0,0,1,1,True,0,0.9605552554130554
Sphingolipid-BTSPT-Cell-pellet_1__F234,Sphingolipid-BTSPT-Cell-pellet_1,multi,1,0,2,3,1,False,2,0.8646751046180725
Sphingolipid-BTSPT-Cell-pellet_1__F235,Sphingolipid-BTSPT-Cell-pellet_1,empty,0,0,0,0,0,True,0,0.0
Sphingolipid-BTSPT-Cell-pellet_1__F236,Sphingolipid-BTSPT-Cell-pellet_1,single,1,0,0,1,1,True,0,0.8053117990493774
Sphingolipid-BTSPT-Cell-pellet_1__F237,Sphingolipid-BTSPT-Cell-pellet_1,multi,2,0,0,2,2,True,0,0.883996456861496
Sphingolipid-BTSPT-Cell-pellet_1__F238,Sphingolipid-BTSPT-Cell-pellet_1,single,1,0,0,1,1,True,0,0.9408063888549805
Sphingolipid-BTSPT-Cell-pellet_1__F239,Sphingolipid-BTSPT-Cell-pellet_1,single,1,0,0,1,1,True,0,0.9427938461303711
Sphingolipid-BTSPT-Cell-pellet_1__F24,Sphingolipid-BTSPT-Cell-pellet_1,single,1,0,0,1,1,True,0,0.8233081102371216
Sphingolipid-BTSPT-Cell-pellet_1__F240,Sphingolipid-BTSPT-Cell-pellet_1,single,1,0,0,1,1,True,0,0.8117785453796387
Sphingolipid-BTSPT-Cell-pellet_1__F241,Sphingolipid-BTSPT-Cell-pellet_1,single,1,0,0,1,1,True,0,0.8239608407020569
Sphingolipid-BTSPT-Cell-pellet_1__F242,Sphingolipid-BTSPT-Cell-pellet_1,single,1,0,0,1,1,True,0,0.9276043176651001
Sphingolipid-BTSPT-Cell-pellet_1__F243,Sphingolipid-BTSPT-Cell-pellet_1,multi,2,0,0,2,2,True,0,0.8479807078838348
Sphingolipid-BTSPT-Cell-pellet_1__F244,Sphingolipid-BTSPT-Cell-pellet_1,single,0,0,1,1,0,False,1,0.0
Sphingolipid-BTSPT-Cell-pellet_1__F245,Sphingolipid-BTSPT-Cell-pellet_1,empty,0,1,0,0,1,False,1,0.0
Sphingolipid-BTSPT-Cell-pellet_1__F246,Sphingolipid-BTSPT-Cell-pellet_1,empty,0,1,0,0,1,False,1,0.0
Sphingolipid-BTSPT-Cell-pellet_1__F247,Sphingolipid-BTSPT-Cell-pellet_1,single,1,0,0,1,1,True,0,0.8895108103752136
Sphingolipid-BTSPT-Cell-pellet_1__F248,Sphingolipid-BTSPT-Cell-pellet_1,single,1,0,0,1,1,True,0,0.6434141993522644
Sphingolipid-BTSPT-Cell-pellet_1__F249,Sphingolipid-BTSPT-Cell-pellet_1,empty,0,0,0,0,0,True,0,0.0
Sphingolipid-BTSPT-Cell-pellet_1__F25,Sphingolipid-BTSPT-Cell-pellet_1,multi,2,0,0,2,2,True,0,0.8485421240329742
Sphingolipid-BTSPT-Cell-pellet_1__F250,Sphingolipid-BTSPT-Cell-pellet_1,empty,0,2,0,0,2,False,2,0.0
Sphingolipid-BTSPT-Cell-pellet_1__F251,Sphingolipid-BTSPT-Cell-pellet_1,empty,0,0,0,0,0,True,0,0.0
Sphingolipid-BTSPT-Cell-pellet_1__F252,Sphingolipid-BTSPT-Cell-pellet_1,single,1,0,0,1,1,True,0,0.8949717879295349
Sphingolipid-BTSPT-Cell-pellet_1__F253,Sphingolipid-BTSPT-Cell-pellet_1,empty,0,0,0,0,0,True,0,0.0
Sphingolipid-BTSPT-Cell-pellet_1__F254,Sphingolipid-BTSPT-Cell-pellet_1,single,1,0,0,1,1,True,0,0.7273750901222229
Sphingolipid-BTSPT-Cell-pellet_1__F255,Sphingolipid-BTSPT-Cell-pellet_1,single,1,0,0,1,1,True,0,0.8646161556243896
Sphingolipid-BTSPT-Cell-pellet_1__F256,Sphingolipid-BTSPT-Cell-pellet_1,empty,0,1,0,0,1,False,1,0.0
Sphingolipid-BTSPT-Cell-pellet_1__F257,Sphingolipid-BTSPT-Cell-pellet_1,empty,0,1,0,0,1,False,1,0.0
Sphingolipid-BTSPT-Cell-pellet_1__F258,Sphingolipid-BTSPT-Cell-pellet_1,empty,0,1,0,0,1,False,1,0.0
Sphingolipid-BTSPT-Cell-pellet_1__F259,Sphingolipid-BTSPT-Cell-pellet_1,single,1,0,0,1,1,True,0,0.9372167587280273
Sphingolipid-BTSPT-Cell-pellet_1__F26,Sphingolipid-BTSPT-Cell-pellet_1,single,1,0,0,1,1,True,0,0.9184153079986572
Sphingolipid-BTSPT-Cell-pellet_1__F260,Sphingolipid-BTSPT-Cell-pellet_1,empty,0,0,0,0,0,True,0,0.0
Sphingolipid-BTSPT-Cell-pellet_1__F261,Sphingolipid-BTSPT-Cell-pellet_1,multi,0,1,2,2,1,False,1,0.0
Sphingolipid-BTSPT-Cell-pellet_1__F262,Sphingolipid-BTSPT-Cell-pellet_1,single,1,0,0,1,1,True,0,0.7712921500205994
Sphingolipid-BTSPT-Cell-pellet_1__F263,Sphingolipid-BTSPT-Cell-pellet_1,single,1,0,0,1,1,True,0,0.8193261623382568
Sphingolipid-BTSPT-Cell-pellet_1__F264,Sphingolipid-BTSPT-Cell-pellet_1,single,1,0,0,1,1,True,0,0.806761622428894
Sphingolipid-BTSPT-Cell-pellet_1__F265,Sphingolipid-BTSPT-Cell-pellet_1,empty,0,0,0,0,0,True,0,0.0
Sphingolipid-BTSPT-Cell-pellet_1__F266,Sphingolipid-BTSPT-Cell-pellet_1,single,1,0,0,1,1,True,0,0.8139740228652954
Sphingolipid-BTSPT-Cell-pellet_1__F267,Sphingolipid-BTSPT-Cell-pellet_1,single,1,0,0,1,1,True,0,0.7777854204177856
Sphingolipid-BTSPT-Cell-pellet_1__F268,Sphingolipid-BTSPT-Cell-pellet_1,empty,0,0,0,0,0,True,0,0.0
Sphingolipid-BTSPT-Cell-pellet_1__F27,Sphingolipid-BTSPT-Cell-pellet_1,empty,0,0,0,0,0,True,0,0.0
Sphingolipid-BTSPT-Cell-pellet_1__F270,Sphingolipid-BTSPT-Cell-pellet_1,empty,0,0,0,0,0,True,0,0.0
Sphingolipid-BTSPT-Cell-pellet_1__F271,Sphingolipid-BTSPT-Cell-pellet_1,single,1,0,0,1,1,True,0,0.7877926230430603
Sphingolipid-BTSPT-Cell-pellet_1__F272,Sphingolipid-BTSPT-Cell-pellet_1,single,1,0,0,1,1,True,0,0.7977596521377563
Sphingolipid-BTSPT-Cell-pellet_1__F273,Sphingolipid-BTSPT-Cell-pellet_1,empty,0,0,0,0,0,True,0,0.0
Sphingolipid-BTSPT-Cell-pellet_1__F274,Sphingolipid-BTSPT-Cell-pellet_1,empty,0,0,0,0,0,True,0,0.0
Sphingolipid-BTSPT-Cell-pellet_1__F275,Sphingolipid-BTSPT-Cell-pellet_1,single,1,0,0,1,1,True,0,0.8999060392379761
Sphingolipid-BTSPT-Cell-pellet_1__F276,Sphingolipid-BTSPT-Cell-pellet_1,empty,0,0,0,0,0,True,0,0.0
Sphingolipid-BTSPT-Cell-pellet_1__F277,Sphingolipid-BTSPT-Cell-pellet_1,empty,0,0,0,0,0,True,0,0.0
Sphingolipid-BTSPT-Cell-pellet_1__F278,Sphingolipid-BTSPT-Cell-pellet_1,single,1,0,0,1,1,True,0,0.8835753202438354
Sphingolipid-BTSPT-Cell-pellet_1__F279,Sphingolipid-BTSPT-Cell-pellet_1,single,1,0,0,1,1,True,0,0.8932191133499146
Sphingolipid-BTSPT-Cell-pellet_1__F28,Sphingolipid-BTSPT-Cell-pellet_1,single,1,0,0,1,1,True,0,0.8246035575866699
Sphingolipid-BTSPT-Cell-pellet_1__F280,Sphingolipid-BTSPT-Cell-pellet_1,empty,0,1,0,0,1,False,1,0.0
Sphingolipid-BTSPT-Cell-pellet_1__F281,Sphingolipid-BTSPT-Cell-pellet_1,empty,0,1,0,0,1,False,1,0.0
Sphingolipid-BTSPT-Cell-pellet_1__F282,Sphingolipid-BTSPT-Cell-pellet_1,empty,0,0,0,0,0,True,0,0.0
Sphingolipid-BTSPT-Cell-pellet_1__F283,Sphingolipid-BTSPT-Cell-pellet_1,empty,0,1,0,0,1,False,1,0.0
Sphingolipid-BTSPT-Cell-pellet_1__F284,Sphingolipid-BTSPT-Cell-pellet_1,empty,0,2,0,0,2,False,2,0.0
Sphingolipid-BTSPT-Cell-pellet_1__F285,Sphingolipid-BTSPT-Cell-pellet_1,empty,0,0,0,0,0,True,0,0.0
Sphingolipid-BTSPT-Cell-pellet_1__F286,Sphingolipid-BTSPT-Cell-pellet_1,single,1,0,0,1,1,True,0,0.7818625569343567
Sphingolipid-BTSPT-Cell-pellet_1__F287,Sphingolipid-BTSPT-Cell-pellet_1,single,1,0,0,1,1,True,0,0.9498690366744995
Sphingolipid-BTSPT-Cell-pellet_1__F288,Sphingolipid-BTSPT-Cell-pellet_1,multi,2,0,0,2,2,True,0,0.9110346734523773
Sphingolipid-BTSPT-Cell-pellet_1__F289,Sphingolipid-BTSPT-Cell-pellet_1,single,1,0,0,1,1,True,0,0.7213135361671448
Sphingolipid-BTSPT-Cell-pellet_1__F29,Sphingolipid-BTSPT-Cell-pellet_1,empty,0,0,0,0,0,True,0,0.0
Sphingolipid-BTSPT-Cell-pellet_1__F290,Sphingolipid-BTSPT-Cell-pellet_1,empty,0,0,0,0,0,True,0,0.0
Sphingolipid-BTSPT-Cell-pellet_1__F291,Sphingolipid-BTSPT-Cell-pellet_1,single,1,0,0,1,1,True,0,0.8676205277442932
Sphingolipid-BTSPT-Cell-pellet_1__F292,Sphingolipid-BTSPT-Cell-pellet_1,single,1,0,0,1,1,True,0,0.9215736985206604
Sphingolipid-BTSPT-Cell-pellet_1__F293,Sphingolipid-BTSPT-Cell-pellet_1,empty,0,0,0,0,0,True,0,0.0
Sphingolipid-BTSPT-Cell-pellet_1__F294,Sphingolipid-BTSPT-Cell-pellet_1,empty,0,0,0,0,0,True,0,0.0
Sphingolipid-BTSPT-Cell-pellet_1__F296,Sphingolipid-BTSPT-Cell-pellet_1,empty,0,0,0,0,0,True,0,0.0
Sphingolipid-BTSPT-Cell-pellet_1__F297,Sphingolipid-BTSPT-Cell-pellet_1,empty,0,0,0,0,0,True,0,0.0
Sphingolipid-BTSPT-Cell-pellet_1__F298,Sphingolipid-BTSPT-Cell-pellet_1,empty,0,0,0,0,0,True,0,0.0
Sphingolipid-BTSPT-Cell-pellet_1__F299,Sphingolipid-BTSPT-Cell-pellet_1,empty,0,0,0,0,0,True,0,0.0
Sphingolipid-BTSPT-Cell-pellet_1__F3,Sphingolipid-BTSPT-Cell-pellet_1,single,1,0,0,1,1,True,0,0.8429074883460999
Sphingolipid-BTSPT-Cell-pellet_1__F30,Sphingolipid-BTSPT-Cell-pellet_1,empty,0,1,0,0,1,False,1,0.0
Sphingolipid-BTSPT-Cell-pellet_1__F300,Sphingolipid-BTSPT-Cell-pellet_1,empty,0,0,0,0,0,True,0,0.0
Sphingolipid-BTSPT-Cell-pellet_1__F301,Sphingolipid-BTSPT-Cell-pellet_1,single,1,0,0,1,1,True,0,0.8443445563316345
Sphingolipid-BTSPT-Cell-pellet_1__F302,Sphingolipid-BTSPT-Cell-pellet_1,single,1,0,0,1,1,True,0,0.894608199596405
Sphingolipid-BTSPT-Cell-pellet_1__F303,Sphingolipid-BTSPT-Cell-pellet_1,empty,0,1,0,0,1,False,1,0.0
Sphingolipid-BTSPT-Cell-pellet_1__F304,Sphingolipid-BTSPT-Cell-pellet_1,single,1,0,0,1,1,True,0,0.7431427240371704
Sphingolipid-BTSPT-Cell-pellet_1__F305,Sphingolipid-BTSPT-Cell-pellet_1,empty,0,0,0,0,0,True,0,0.0
Sphingolipid-BTSPT-Cell-pellet_1__F306,Sphingolipid-BTSPT-Cell-pellet_1,empty,0,0,0,0,0,True,0,0.0
Sphingolipid-BTSPT-Cell-pellet_1__F307,Sphingolipid-BTSPT-Cell-pellet_1,single,0,0,1,1,0,False,1,0.0
Sphingolipid-BTSPT-Cell-pellet_1__F308,Sphingolipid-BTSPT-Cell-pellet_1,single,1,0,0,1,1,True,0,0.6537528038024902
Sphingolipid-BTSPT-Cell-pellet_1__F309,Sphingolipid-BTSPT-Cell-pellet_1,empty,0,0,0,0,0,True,0,0.0
Sphingolipid-BTSPT-Cell-pellet_1__F31,Sphingolipid-BTSPT-Cell-pellet_1,single,1,0,0,1,1,True,0,0.608421266078949
Sphingolipid-BTSPT-Cell-pellet_1__F310,Sphingolipid-BTSPT-Cell-pellet_1,empty,0,0,0,0,0,True,0,0.0
Sphingolipid-BTSPT-Cell-pellet_1__F311,Sphingolipid-BTSPT-Cell-pellet_1,empty,0,0,0,0,0,True,0,0.0
Sphingolipid-BTSPT-Cell-pellet_1__F312,Sphingolipid-BTSPT-Cell-pellet_1,single,1,0,0,1,1,True,0,0.9317528009414673
Sphingolipid-BTSPT-Cell-pellet_1__F313,Sphingolipid-BTSPT-Cell-pellet_1,single,1,0,0,1,1,True,0,0.6388800144195557
Sphingolipid-BTSPT-Cell-pellet_1__F314,Sphingolipid-BTSPT-Cell-pellet_1,empty,0,0,0,0,0,True,0,0.0
Sphingolipid-BTSPT-Cell-pellet_1__F316,Sphingolipid-BTSPT-Cell-pellet_1,empty,0,0,0,0,0,True,0,0.0
Sphingolipid-BTSPT-Cell-pellet_1__F317,Sphingolipid-BTSPT-Cell-pellet_1,single,1,0,0,1,1,True,0,0.7976140975952148
Sphingolipid-BTSPT-Cell-pellet_1__F318,Sphingolipid-BTSPT-Cell-pellet_1,empty,0,0,0,0,0,True,0,0.0
Sphingolipid-BTSPT-Cell-pellet_1__F319,Sphingolipid-BTSPT-Cell-pellet_1,single,1,0,0,1,1,True,0,0.9535102844238281
Sphingolipid-BTSPT-Cell-pellet_1__F32,Sphingolipid-BTSPT-Cell-pellet_1,single,1,0,0,1,1,True,0,0.8662806153297424
Sphingolipid-BTSPT-Cell-pellet_1__F320,Sphingolipid-BTSPT-Cell-pellet_1,single,1,0,0,1,1,True,0,0.8303821682929993
Sphingolipid-BTSPT-Cell-pellet_1__F321,Sphingolipid-BTSPT-Cell-pellet_1,empty,0,0,0,0,0,True,0,0.0
Sphingolipid-BTSPT-Cell-pellet_1__F322,Sphingolipid-BTSPT-Cell-pellet_1,single,1,1,0,1,2,False,1,0.9508334398269653
Sphingolipid-BTSPT-Cell-pellet_1__F323,Sphingolipid-BTSPT-Cell-pellet_1,empty,0,0,0,0,0,True,0,0.0
Sphingolipid-BTSPT-Cell-pellet_1__F324,Sphingolipid-BTSPT-Cell-pellet_1,empty,0,0,0,0,0,True,0,0.0
Sphingolipid-BTSPT-Cell-pellet_1__F325,Sphingolipid-BTSPT-Cell-pellet_1,multi,3,0,0,3,3,True,0,0.7303282022476196
Sphingolipid-BTSPT-Cell-pellet_1__F326,Sphingolipid-BTSPT-Cell-pellet_1,empty,0,0,0,0,0,True,0,0.0
Sphingolipid-BTSPT-Cell-pellet_1__F327,Sphingolipid-BTSPT-Cell-pellet_1,single,1,0,0,1,1,True,0,0.8576416969299316
Sphingolipid-BTSPT-Cell-pellet_1__F328,Sphingolipid-BTSPT-Cell-pellet_1,empty,0,0,0,0,0,True,0,0.0
Sphingolipid-BTSPT-Cell-pellet_1__F329,Sphingolipid-BTSPT-Cell-pellet_1,single,1,0,0,1,1,True,0,0.7161117792129517
Sphingolipid-BTSPT-Cell-pellet_1__F33,Sphingolipid-BTSPT-Cell-pellet_1,single,1,0,0,1,1,True,0,0.8376783728599548
Sphingolipid-BTSPT-Cell-pellet_1__F330,Sphingolipid-BTSPT-Cell-pellet_1,empty,0,1,0,0,1,False,1,0.0
Sphingolipid-BTSPT-Cell-pellet_1__F331,Sphingolipid-BTSPT-Cell-pellet_1,multi,2,0,0,2,2,True,0,0.8478167653083801
Sphingolipid-BTSPT-Cell-pellet_1__F332,Sphingolipid-BTSPT-Cell-pellet_1,multi,2,0,0,2,2,True,0,0.8649309873580933
Sphingolipid-BTSPT-Cell-pellet_1__F333,Sphingolipid-BTSPT-Cell-pellet_1,single,1,0,0,1,1,True,0,0.9177829623222351
Sphingolipid-BTSPT-Cell-pellet_1__F335,Sphingolipid-BTSPT-Cell-pellet_1,empty,0,0,0,0,0,True,0,0.0
Sphingolipid-BTSPT-Cell-pellet_1__F336,Sphingolipid-BTSPT-Cell-pellet_1,empty,0,0,0,0,0,True,0,0.0
Sphingolipid-BTSPT-Cell-pellet_1__F337,Sphingolipid-BTSPT-Cell-pellet_1,single,1,0,0,1,1,True,0,0.892448902130127
Sphingolipid-BTSPT-Cell-pellet_1__F338,Sphingolipid-BTSPT-Cell-pellet_1,single,1,0,0,1,1,True,0,0.7313867211341858
Sphingolipid-BTSPT-Cell-pellet_1__F339,Sphingolipid-BTSPT-Cell-pellet_1,empty,0,0,0,0,0,True,0,0.0
Sphingolipid-BTSPT-Cell-pellet_1__F34,Sphingolipid-BTSPT-Cell-pellet_1,empty,0,0,0,0,0,True,0,0.0
Sphingolipid-BTSPT-Cell-pellet_1__F340,Sphingolipid-BTSPT-Cell-pellet_1,single,1,0,0,1,1,True,0,0.9457542300224304
Sphingolipid-BTSPT-Cell-pellet_1__F341,Sphingolipid-BTSPT-Cell-pellet_1,single,1,0,0,1,1,True,0,0.8934940099716187
Sphingolipid-BTSPT-Cell-pellet_1__F342,Sphingolipid-BTSPT-Cell-pellet_1,empty,0,0,0,0,0,True,0,0.0
Sphingolipid-BTSPT-Cell-pellet_1__F343,Sphingolipid-BTSPT-Cell-pellet_1,empty,0,0,0,0,0,True,0,0.0
Sphingolipid-BTSPT-Cell-pellet_1__F344,Sphingolipid-BTSPT-Cell-pellet_1,empty,0,0,0,0,0,True,0,0.0
Sphingolipid-BTSPT-Cell-pellet_1__F345,Sphingolipid-BTSPT-Cell-pellet_1,empty,0,1,0,0,1,False,1,0.0
Sphingolipid-BTSPT-Cell-pellet_1__F346,Sphingolipid-BTSPT-Cell-pellet_1,empty,0,0,0,0,0,True,0,0.0
Sphingolipid-BTSPT-Cell-pellet_1__F347,Sphingolipid-BTSPT-Cell-pellet_1,empty,0,0,0,0,0,True,0,0.0
Sphingolipid-BTSPT-Cell-pellet_1__F348,Sphingolipid-BTSPT-Cell-pellet_1,empty,0,1,0,0,1,False,1,0.0
Sphingolipid-BTSPT-Cell-pellet_1__F349,Sphingolipid-BTSPT-Cell-pellet_1,empty,0,0,0,0,0,True,0,0.0
Sphingolipid-BTSPT-Cell-pellet_1__F35,Sphingolipid-BTSPT-Cell-pellet_1,single,1,0,0,1,1,True,0,0.7811981439590454
Sphingolipid-BTSPT-Cell-pellet_1__F350,Sphingolipid-BTSPT-Cell-pellet_1,single,1,0,0,1,1,True,0,0.8769118785858154
Sphingolipid-BTSPT-Cell-pellet_1__F351,Sphingolipid-BTSPT-Cell-pellet_1,empty,0,0,0,0,0,True,0,0.0
Sphingolipid-BTSPT-Cell-pellet_1__F352,Sphingolipid-BTSPT-Cell-pellet_1,empty,0,0,0,0,0,True,0,0.0
Sphingolipid-BTSPT-Cell-pellet_1__F353,Sphingolipid-BTSPT-Cell-pellet_1,single,1,0,0,1,1,True,0,0.7725225687026978
Sphingolipid-BTSPT-Cell-pellet_1__F354,Sphingolipid-BTSPT-Cell-pellet_1,empty,0,0,0,0,0,True,0,0.0
Sphingolipid-BTSPT-Cell-pellet_1__F355,Sphingolipid-BTSPT-Cell-pellet_1,single,1,0,0,1,1,True,0,0.9138144254684448
Sphingolipid-BTSPT-Cell-pellet_1__F356,Sphingolipid-BTSPT-Cell-pellet_1,single,1,0,0,1,1,True,0,0.7631224393844604
Sphingolipid-BTSPT-Cell-pellet_1__F357,Sphingolipid-BTSPT-Cell-pellet_1,single,1,0,0,1,1,True,0,0.6715779900550842
Sphingolipid-BTSPT-Cell-pellet_1__F358,Sphingolipid-BTSPT-Cell-pellet_1,empty,0,0,0,0,0,True,0,0.0
Sphingolipid-BTSPT-Cell-pellet_1__F359,Sphingolipid-BTSPT-Cell-pellet_1,single,1,0,0,1,1,True,0,0.7641257643699646
Sphingolipid-BTSPT-Cell-pellet_1__F36,Sphingolipid-BTSPT-Cell-pellet_1,empty,0,0,0,0,0,True,0,0.0
Sphingolipid-BTSPT-Cell-pellet_1__F360,Sphingolipid-BTSPT-Cell-pellet_1,empty,0,0,0,0,0,True,0,0.0
Sphingolipid-BTSPT-Cell-pellet_1__F361,Sphingolipid-BTSPT-Cell-pellet_1,single,1,0,0,1,1,True,0,0.9250864386558533
Sphingolipid-BTSPT-Cell-pellet_1__F362,Sphingolipid-BTSPT-Cell-pellet_1,empty,0,0,0,0,0,True,0,0.0
Sphingolipid-BTSPT-Cell-pellet_1__F363,Sphingolipid-BTSPT-Cell-pellet_1,empty,0,0,0,0,0,True,0,0.0
Sphingolipid-BTSPT-Cell-pellet_1__F364,Sphingolipid-BTSPT-Cell-pellet_1,empty,0,0,0,0,0,True,0,0.0
Sphingolipid-BTSPT-Cell-pellet_1__F365,Sphingolipid-BTSPT-Cell-pellet_1,single,1,0,0,1,1,True,0,0.6488479971885681
Sphingolipid-BTSPT-Cell-pellet_1__F366,Sphingolipid-BTSPT-Cell-pellet_1,empty,0,0,0,0,0,True,0,0.0
Sphingolipid-BTSPT-Cell-pellet_1__F367,Sphingolipid-BTSPT-Cell-pellet_1,empty,0,1,0,0,1,False,1,0.0
Sphingolipid-BTSPT-Cell-pellet_1__F368,Sphingolipid-BTSPT-Cell-pellet_1,single,1,0,0,1,1,True,0,0.8751777410507202
Sphingolipid-BTSPT-Cell-pellet_1__F369,Sphingolipid-BTSPT-Cell-pellet_1,single,1,0,0,1,1,True,0,0.8364787697792053
Sphingolipid-BTSPT-Cell-pellet_1__F37,Sphingolipid-BTSPT-Cell-pellet_1,single,1,0,0,1,1,True,0,0.805163562297821
Sphingolipid-BTSPT-Cell-pellet_1__F370,Sphingolipid-BTSPT-Cell-pellet_1,single,1,0,0,1,1,True,0,0.7742799520492554
Sphingolipid-BTSPT-Cell-pellet_1__F371,Sphingolipid-BTSPT-Cell-pellet_1,multi,2,0,0,2,2,True,0,0.9406768977642059
Sphingolipid-BTSPT-Cell-pellet_1__F372,Sphingolipid-BTSPT-Cell-pellet_1,single,1,0,0,1,1,True,0,0.5921846628189087
Sphingolipid-BTSPT-Cell-pellet_1__F373,Sphingolipid-BTSPT-Cell-pellet_1,single,1,0,0,1,1,True,0,0.5539113283157349
Sphingolipid-BTSPT-Cell-pellet_1__F374,Sphingolipid-BTSPT-Cell-pellet_1,empty,0,0,0,0,0,True,0,0.0
Sphingolipid-BTSPT-Cell-pellet_1__F375,Sphingolipid-BTSPT-Cell-pellet_1,empty,0,1,0,0,1,False,1,0.0
Sphingolipid-BTSPT-Cell-pellet_1__F376,Sphingolipid-BTSPT-Cell-pellet_1,single,1,0,0,1,1,True,0,0.725528359413147
Sphingolipid-BTSPT-Cell-pellet_1__F377,Sphingolipid-BTSPT-Cell-pellet_1,empty,0,0,0,0,0,True,0,0.0
Sphingolipid-BTSPT-Cell-pellet_1__F378,Sphingolipid-BTSPT-Cell-pellet_1,empty,0,1,0,0,1,False,1,0.0
Sphingolipid-BTSPT-Cell-pellet_1__F379,Sphingolipid-BTSPT-Cell-pellet_1,single,0,1,1,1,1,True,0,0.0
Sphingolipid-BTSPT-Cell-pellet_1__F38,Sphingolipid-BTSPT-Cell-pellet_1,single,1,0,0,1,1,True,0,0.9162713289260864
Sphingolipid-BTSPT-Cell-pellet_1__F380,Sphingolipid-BTSPT-Cell-pellet_1,empty,0,0,0,0,0,True,0,0.0
Sphingolipid-BTSPT-Cell-pellet_1__F381,Sphingolipid-BTSPT-Cell-pellet_1,empty,0,0,0,0,0,True,0,0.0
Sphingolipid-BTSPT-Cell-pellet_1__F382,Sphingolipid-BTSPT-Cell-pellet_1,single,1,0,0,1,1,True,0,0.9286565780639648
Sphingolipid-BTSPT-Cell-pellet_1__F383,Sphingolipid-BTSPT-Cell-pellet_1,single,1,0,0,1,1,True,0,0.8324227333068848
Sphingolipid-BTSPT-Cell-pellet_1__F384,Sphingolipid-BTSPT-Cell-pellet_1,empty,0,0,0,0,0,True,0,0.0
Sphingolipid-BTSPT-Cell-pellet_1__F385,Sphingolipid-BTSPT-Cell-pellet_1,empty,0,0,0,0,0,True,0,0.0
Sphingolipid-BTSPT-Cell-pellet_1__F386,Sphingolipid-BTSPT-Cell-pellet_1,empty,0,1,0,0,1,False,1,0.0
Sphingolipid-BTSPT-Cell-pellet_1__F387,Sphingolipid-BTSPT-Cell-pellet_1,empty,0,0,0,0,0,True,0,0.0
Sphingolipid-BTSPT-Cell-pellet_1__F388,Sphingolipid-BTSPT-Cell-pellet_1,single,1,0,0,1,1,True,0,0.7826825976371765
Sphingolipid-BTSPT-Cell-pellet_1__F389,Sphingolipid-BTSPT-Cell-pellet_1,single,1,0,0,1,1,True,0,0.8720695972442627
Sphingolipid-BTSPT-Cell-pellet_1__F39,Sphingolipid-BTSPT-Cell-pellet_1,empty,0,0,0,0,0,True,0,0.0
Sphingolipid-BTSPT-Cell-pellet_1__F390,Sphingolipid-BTSPT-Cell-pellet_1,empty,0,1,0,0,1,False,1,0.0
Sphingolipid-BTSPT-Cell-pellet_1__F391,Sphingolipid-BTSPT-Cell-pellet_1,multi,0,2,2,2,2,True,0,0.0
Sphingolipid-BTSPT-Cell-pellet_1__F392,Sphingolipid-BTSPT-Cell-pellet_1,empty,0,0,0,0,0,True,0,0.0
Sphingolipid-BTSPT-Cell-pellet_1__F393,Sphingolipid-BTSPT-Cell-pellet_1,single,1,0,0,1,1,True,0,0.9493042826652527
Sphingolipid-BTSPT-Cell-pellet_1__F394,Sphingolipid-BTSPT-Cell-pellet_1,empty,0,0,0,0,0,True,0,0.0
Sphingolipid-BTSPT-Cell-pellet_1__F395,Sphingolipid-BTSPT-Cell-pellet_1,single,1,0,0,1,1,True,0,0.7775158286094666
Sphingolipid-BTSPT-Cell-pellet_1__F396,Sphingolipid-BTSPT-Cell-pellet_1,empty,0,0,0,0,0,True,0,0.0
Sphingolipid-BTSPT-Cell-pellet_1__F397,Sphingolipid-BTSPT-Cell-pellet_1,single,1,0,0,1,1,True,0,0.8701597452163696
Sphingolipid-BTSPT-Cell-pellet_1__F398,Sphingolipid-BTSPT-Cell-pellet_1,empty,0,0,0,0,0,True,0,0.0
Sphingolipid-BTSPT-Cell-pellet_1__F399,Sphingolipid-BTSPT-Cell-pellet_1,empty,0,0,0,0,0,True,0,0.0
Sphingolipid-BTSPT-Cell-pellet_1__F4,Sphingolipid-BTSPT-Cell-pellet_1,empty,0,0,0,0,0,True,0,0.0
Sphingolipid-BTSPT-Cell-pellet_1__F40,Sphingolipid-BTSPT-Cell-pellet_1,empty,0,1,0,0,1,False,1,0.0
Sphingolipid-BTSPT-Cell-pellet_1__F400,Sphingolipid-BTSPT-Cell-pellet_1,single,1,0,0,1,1,True,0,0.8076910376548767
Sphingolipid-BTSPT-Cell-pellet_1__F401,Sphingolipid-BTSPT-Cell-pellet_1,single,1,0,0,1,1,True,0,0.9303435683250427
Sphingolipid-BTSPT-Cell-pellet_1__F402,Sphingolipid-BTSPT-Cell-pellet_1,single,1,0,0,1,1,True,0,0.9434678554534912
Sphingolipid-BTSPT-Cell-pellet_1__F403,Sphingolipid-BTSPT-Cell-pellet_1,multi,0,2,3,3,2,False,1,0.0
Sphingolipid-BTSPT-Cell-pellet_1__F404,Sphingolipid-BTSPT-Cell-pellet_1,single,1,0,0,1,1,True,0,0.9427343606948853
Sphingolipid-BTSPT-Cell-pellet_1__F405,Sphingolipid-BTSPT-Cell-pellet_1,empty,0,0,0,0,0,True,0,0.0
Sphingolipid-BTSPT-Cell-pellet_1__F406,Sphingolipid-BTSPT-Cell-pellet_1,multi,2,0,0,2,2,True,0,0.8088174164295197
Sphingolipid-BTSPT-Cell-pellet_1__F407,Sphingolipid-BTSPT-Cell-pellet_1,single,1,0,0,1,1,True,0,0.6764490008354187
Sphingolipid-BTSPT-Cell-pellet_1__F408,Sphingolipid-BTSPT-Cell-pellet_1,single,1,0,0,1,1,True,0,0.9577640891075134
Sphingolipid-BTSPT-Cell-pellet_1__F409,Sphingolipid-BTSPT-Cell-pellet_1,empty,0,0,0,0,0,True,0,0.0
Sphingolipid-BTSPT-Cell-pellet_1__F41,Sphingolipid-BTSPT-Cell-pellet_1,empty,0,1,0,0,1,False,1,0.0
Sphingolipid-BTSPT-Cell-pellet_1__F410,Sphingolipid-BTSPT-Cell-pellet_1,single,1,0,0,1,1,True,0,0.6772011518478394
Sphingolipid-BTSPT-Cell-pellet_1__F411,Sphingolipid-BTSPT-Cell-pellet_1,empty,0,0,0,0,0,True,0,0.0
Sphingolipid-BTSPT-Cell-pellet_1__F412,Sphingolipid-BTSPT-Cell-pellet_1,empty,0,1,0,0,1,False,1,0.0
Sphingolipid-BTSPT-Cell-pellet_1__F413,Sphingolipid-BTSPT-Cell-pellet_1,empty,0,1,0,0,1,False,1,0.0
Sphingolipid-BTSPT-Cell-pellet_1__F414,Sphingolipid-BTSPT-Cell-pellet_1,single,1,0,0,1,1,True,0,0.7430164813995361
Sphingolipid-BTSPT-Cell-pellet_1__F415,Sphingolipid-BTSPT-Cell-pellet_1,empty,0,0,0,0,0,True,0,0.0
Sphingolipid-BTSPT-Cell-pellet_1__F416,Sphingolipid-BTSPT-Cell-pellet_1,empty,0,1,0,0,1,False,1,0.0
Sphingolipid-BTSPT-Cell-pellet_1__F417,Sphingolipid-BTSPT-Cell-pellet_1,single,1,0,0,1,1,True,0,0.8915336728096008
Sphingolipid-BTSPT-Cell-pellet_1__F418,Sphingolipid-BTSPT-Cell-pellet_1,empty,0,0,0,0,0,True,0,0.0
Sphingolipid-BTSPT-Cell-pellet_1__F419,Sphingolipid-BTSPT-Cell-pellet_1,single,1,0,0,1,1,True,0,0.8882666230201721
Sphingolipid-BTSPT-Cell-pellet_1__F42,Sphingolipid-BTSPT-Cell-pellet_1,single,0,0,1,1,0,False,1,0.0
Sphingolipid-BTSPT-Cell-pellet_1__F420,Sphingolipid-BTSPT-Cell-pellet_1,single,1,0,0,1,1,True,0,0.9114345908164978
Sphingolipid-BTSPT-Cell-pellet_1__F421,Sphingolipid-BTSPT-Cell-pellet_1,empty,0,0,0,0,0,True,0,0.0
Sphingolipid-BTSPT-Cell-pellet_1__F422,Sphingolipid-BTSPT-Cell-pellet_1,single,1,0,0,1,1,True,0,0.790346622467041
Sphingolipid-BTSPT-Cell-pellet_1__F423,Sphingolipid-BTSPT-Cell-pellet_1,empty,0,1,0,0,1,False,1,0.0
Sphingolipid-BTSPT-Cell-pellet_1__F424,Sphingolipid-BTSPT-Cell-pellet_1,multi,1,1,1,2,2,True,0,0.8401346802711487
Sphingolipid-BTSPT-Cell-pellet_1__F425,Sphingolipid-BTSPT-Cell-pellet_1,empty,0,0,0,0,0,True,0,0.0
Sphingolipid-BTSPT-Cell-pellet_1__F426,Sphingolipid-BTSPT-Cell-pellet_1,single,0,0,1,1,0,False,1,0.0
Sphingolipid-BTSPT-Cell-pellet_1__F427,Sphingolipid-BTSPT-Cell-pellet_1,empty,0,0,0,0,0,True,0,0.0
Sphingolipid-BTSPT-Cell-pellet_1__F428,Sphingolipid-BTSPT-Cell-pellet_1,single,1,0,0,1,1,True,0,0.9233381748199463
Sphingolipid-BTSPT-Cell-pellet_1__F429,Sphingolipid-BTSPT-Cell-pellet_1,single,1,0,0,1,1,True,0,0.8496595025062561
Sphingolipid-BTSPT-Cell-pellet_1__F43,Sphingolipid-BTSPT-Cell-pellet_1,single,1,0,0,1,1,True,0,0.7261499762535095
Sphingolipid-BTSPT-Cell-pellet_1__F430,Sphingolipid-BTSPT-Cell-pellet_1,single,1,0,0,1,1,True,0,0.8621111512184143
Sphingolipid-BTSPT-Cell-pellet_1__F431,Sphingolipid-BTSPT-Cell-pellet_1,empty,0,0,0,0,0,True,0,0.0
Sphingolipid-BTSPT-Cell-pellet_1__F432,Sphingolipid-BTSPT-Cell-pellet_1,single,1,0,0,1,1,True,0,0.7439249157905579
Sphingolipid-BTSPT-Cell-pellet_1__F433,Sphingolipid-BTSPT-Cell-pellet_1,empty,0,0,0,0,0,True,0,0.0
Sphingolipid-BTSPT-Cell-pellet_1__F434,Sphingolipid-BTSPT-Cell-pellet_1,empty,0,0,0,0,0,True,0,0.0
Sphingolipid-BTSPT-Cell-pellet_1__F435,Sphingolipid-BTSPT-Cell-pellet_1,empty,0,0,0,0,0,True,0,0.0
Sphingolipid-BTSPT-Cell-pellet_1__F436,Sphingolipid-BTSPT-Cell-pellet_1,empty,0,1,0,0,1,False,1,0.0
Sphingolipid-BTSPT-Cell-pellet_1__F437,Sphingolipid-BTSPT-Cell-pellet_1,single,1,0,0,1,1,True,0,0.8778697848320007
Sphingolipid-BTSPT-Cell-pellet_1__F438,Sphingolipid-BTSPT-Cell-pellet_1,single,1,0,0,1,1,True,0,0.9308784604072571
Sphingolipid-BTSPT-Cell-pellet_1__F439,Sphingolipid-BTSPT-Cell-pellet_1,empty,0,0,0,0,0,True,0,0.0
Sphingolipid-BTSPT-Cell-pellet_1__F44,Sphingolipid-BTSPT-Cell-pellet_1,single,0,1,1,1,1,True,0,0.0
Sphingolipid-BTSPT-Cell-pellet_1__F440,Sphingolipid-BTSPT-Cell-pellet_1,empty,0,1,0,0,1,False,1,0.0
Sphingolipid-BTSPT-Cell-pellet_1__F441,Sphingolipid-BTSPT-Cell-pellet_1,single,1,0,0,1,1,True,0,0.7900494337081909
Sphingolipid-BTSPT-Cell-pellet_1__F442,Sphingolipid-BTSPT-Cell-pellet_1,single,1,0,0,1,1,True,0,0.7740648984909058
Sphingolipid-BTSPT-Cell-pellet_1__F443,Sphingolipid-BTSPT-Cell-pellet_1,empty,0,1,0,0,1,False,1,0.0
Sphingolipid-BTSPT-Cell-pellet_1__F444,Sphingolipid-BTSPT-Cell-pellet_1,empty,0,0,0,0,0,True,0,0.0
Sphingolipid-BTSPT-Cell-pellet_1__F445,Sphingolipid-BTSPT-Cell-pellet_1,single,1,0,0,1,1,True,0,0.7682994604110718
Sphingolipid-BTSPT-Cell-pellet_1__F446,Sphingolipid-BTSPT-Cell-pellet_1,single,1,0,0,1,1,True,0,0.9502221345901489
Sphingolipid-BTSPT-Cell-pellet_1__F447,Sphingolipid-BTSPT-Cell-pellet_1,empty,0,2,0,0,2,False,2,0.0
Sphingolipid-BTSPT-Cell-pellet_1__F449,Sphingolipid-BTSPT-Cell-pellet_1,single,1,0,0,1,1,True,0,0.8463259339332581
Sphingolipid-BTSPT-Cell-pellet_1__F45,Sphingolipid-BTSPT-Cell-pellet_1,single,1,0,0,1,1,True,0,0.8927590847015381
Sphingolipid-BTSPT-Cell-pellet_1__F450,Sphingolipid-BTSPT-Cell-pellet_1,single,1,0,0,1,1,True,0,0.9661296606063843
Sphingolipid-BTSPT-Cell-pellet_1__F451,Sphingolipid-BTSPT-Cell-pellet_1,empty,0,1,0,0,1,False,1,0.0
Sphingolipid-BTSPT-Cell-pellet_1__F452,Sphingolipid-BTSPT-Cell-pellet_1,single,1,0,0,1,1,True,0,0.7727733850479126
Sphingolipid-BTSPT-Cell-pellet_1__F453,Sphingolipid-BTSPT-Cell-pellet_1,empty,0,0,0,0,0,True,0,0.0
Sphingolipid-BTSPT-Cell-pellet_1__F454,Sphingolipid-BTSPT-Cell-pellet_1,empty,0,0,0,0,0,True,0,0.0
Sphingolipid-BTSPT-Cell-pellet_1__F455,Sphingolipid-BTSPT-Cell-pellet_1,single,1,0,0,1,1,True,0,0.8318013548851013
Sphingolipid-BTSPT-Cell-pellet_1__F457,Sphingolipid-BTSPT-Cell-pellet_1,empty,0,0,0,0,0,True,0,0.0
Sphingolipid-BTSPT-Cell-pellet_1__F458,Sphingolipid-BTSPT-Cell-pellet_1,multi,2,0,0,2,2,True,0,0.7250752151012421
Sphingolipid-BTSPT-Cell-pellet_1__F459,Sphingolipid-BTSPT-Cell-pellet_1,single,1,0,0,1,1,True,0,0.8630151152610779
Sphingolipid-BTSPT-Cell-pellet_1__F46,Sphingolipid-BTSPT-Cell-pellet_1,empty,0,2,0,0,2,False,2,0.0
Sphingolipid-BTSPT-Cell-pellet_1__F460,Sphingolipid-BTSPT-Cell-pellet_1,empty,0,0,0,0,0,True,0,0.0
Sphingolipid-BTSPT-Cell-pellet_1__F461,Sphingolipid-BTSPT-Cell-pellet_1,empty,0,0,0,0,0,True,0,0.0
Sphingolipid-BTSPT-Cell-pellet_1__F462,Sphingolipid-BTSPT-Cell-pellet_1,single,1,0,0,1,1,True,0,0.8719459772109985
Sphingolipid-BTSPT-Cell-pellet_1__F463,Sphingolipid-BTSPT-Cell-pellet_1,empty,0,0,0,0,0,True,0,0.0
Sphingolipid-BTSPT-Cell-pellet_1__F465,Sphingolipid-BTSPT-Cell-pellet_1,single,1,0,0,1,1,True,0,0.8721716403961182
Sphingolipid-BTSPT-Cell-pellet_1__F466,Sphingolipid-BTSPT-Cell-pellet_1,single,1,0,0,1,1,True,0,0.843521237373352
Sphingolipid-BTSPT-Cell-pellet_1__F467,Sphingolipid-BTSPT-Cell-pellet_1,single,1,0,0,1,1,True,0,0.7145269513130188
Sphingolipid-BTSPT-Cell-pellet_1__F468,Sphingolipid-BTSPT-Cell-pellet_1,single,1,0,0,1,1,True,0,0.7976909875869751
Sphingolipid-BTSPT-Cell-pellet_1__F469,Sphingolipid-BTSPT-Cell-pellet_1,single,1,0,0,1,1,True,0,0.9901823997497559
Sphingolipid-BTSPT-Cell-pellet_1__F47,Sphingolipid-BTSPT-Cell-pellet_1,empty,0,0,0,0,0,True,0,0.0
Sphingolipid-BTSPT-Cell-pellet_1__F470,Sphingolipid-BTSPT-Cell-pellet_1,single,1,0,0,1,1,True,0,0.8017286062240601
Sphingolipid-BTSPT-Cell-pellet_1__F471,Sphingolipid-BTSPT-Cell-pellet_1,single,1,0,0,1,1,True,0,0.8126610517501831
Sphingolipid-BTSPT-Cell-pellet_1__F472,Sphingolipid-BTSPT-Cell-pellet_1,multi,3,1,0,3,4,False,1,0.8773274024327596
Sphingolipid-BTSPT-Cell-pellet_1__F473,Sphingolipid-BTSPT-Cell-pellet_1,empty,0,0,0,0,0,True,0,0.0
Sphingolipid-BTSPT-Cell-pellet_1__F474,Sphingolipid-BTSPT-Cell-pellet_1,empty,0,0,0,0,0,True,0,0.0
Sphingolipid-BTSPT-Cell-pellet_1__F475,Sphingolipid-BTSPT-Cell-pellet_1,single,1,0,0,1,1,True,0,0.720424234867096
Sphingolipid-BTSPT-Cell-pellet_1__F476,Sphingolipid-BTSPT-Cell-pellet_1,empty,0,0,0,0,0,True,0,0.0
Sphingolipid-BTSPT-Cell-pellet_1__F477,Sphingolipid-BTSPT-Cell-pellet_1,single,1,0,0,1,1,True,0,0.9339795112609863
Sphingolipid-BTSPT-Cell-pellet_1__F478,Sphingolipid-BTSPT-Cell-pellet_1,single,1,0,0,1,1,True,0,0.884737491607666
Sphingolipid-BTSPT-Cell-pellet_1__F479,Sphingolipid-BTSPT-Cell-pellet_1,empty,0,0,0,0,0,True,0,0.0
Sphingolipid-BTSPT-Cell-pellet_1__F48,Sphingolipid-BTSPT-Cell-pellet_1,empty,0,0,0,0,0,True,0,0.0
Sphingolipid-BTSPT-Cell-pellet_1__F480,Sphingolipid-BTSPT-Cell-pellet_1,single,1,0,0,1,1,True,0,0.8842213749885559
Sphingolipid-BTSPT-Cell-pellet_1__F481,Sphingolipid-BTSPT-Cell-pellet_1,single,1,0,0,1,1,True,0,0.8287205100059509
Sphingolipid-BTSPT-Cell-pellet_1__F482,Sphingolipid-BTSPT-Cell-pellet_1,single,1,0,0,1,1,True,0,0.9326793551445007
Sphingolipid-BTSPT-Cell-pellet_1__F483,Sphingolipid-BTSPT-Cell-pellet_1,single,1,0,0,1,1,True,0,0.7847532033920288
Sphingolipid-BTSPT-Cell-pellet_1__F484,Sphingolipid-BTSPT-Cell-pellet_1,single,1,0,0,1,1,True,0,0.7525345087051392
Sphingolipid-BTSPT-Cell-pellet_1__F485,Sphingolipid-BTSPT-Cell-pellet_1,single,1,0,0,1,1,True,0,0.6188552379608154
Sphingolipid-BTSPT-Cell-pellet_1__F486,Sphingolipid-BTSPT-Cell-pellet_1,empty,0,0,0,0,0,True,0,0.0
Sphingolipid-BTSPT-Cell-pellet_1__F487,Sphingolipid-BTSPT-Cell-pellet_1,empty,0,1,0,0,1,False,1,0.0
Sphingolipid-BTSPT-Cell-pellet_1__F488,Sphingolipid-BTSPT-Cell-pellet_1,empty,0,1,0,0,1,False,1,0.0
Sphingolipid-BTSPT-Cell-pellet_1__F489,Sphingolipid-BTSPT-Cell-pellet_1,multi,2,0,0,2,2,True,0,0.6994686126708984
Sphingolipid-BTSPT-Cell-pellet_1__F49,Sphingolipid-BTSPT-Cell-pellet_1,single,1,0,0,1,1,True,0,0.6683815121650696
Sphingolipid-BTSPT-Cell-pellet_1__F490,Sphingolipid-BTSPT-Cell-pellet_1,single,1,0,0,1,1,True,0,0.706659197807312
Sphingolipid-BTSPT-Cell-pellet_1__F491,Sphingolipid-BTSPT-Cell-pellet_1,empty,0,0,0,0,0,True,0,0.0
Sphingolipid-BTSPT-Cell-pellet_1__F492,Sphingolipid-BTSPT-Cell-pellet_1,single,1,0,0,1,1,True,0,0.9473313689231873
Sphingolipid-BTSPT-Cell-pellet_1__F493,Sphingolipid-BTSPT-Cell-pellet_1,single,1,1,0,1,2,False,1,0.6187496185302734
Sphingolipid-BTSPT-Cell-pellet_1__F494,Sphingolipid-BTSPT-Cell-pellet_1,empty,0,1,0,0,1,False,1,0.0
Sphingolipid-BTSPT-Cell-pellet_1__F495,Sphingolipid-BTSPT-Cell-pellet_1,single,1,0,0,1,1,True,0,0.8911160230636597
Sphingolipid-BTSPT-Cell-pellet_1__F496,Sphingolipid-BTSPT-Cell-pellet_1,empty,0,0,0,0,0,True,0,0.0
Sphingolipid-BTSPT-Cell-pellet_1__F497,Sphingolipid-BTSPT-Cell-pellet_1,single,0,1,1,1,1,True,0,0.0
Sphingolipid-BTSPT-Cell-pellet_1__F498,Sphingolipid-BTSPT-Cell-pellet_1,single,1,0,0,1,1,True,0,0.909550666809082
Sphingolipid-BTSPT-Cell-pellet_1__F499,Sphingolipid-BTSPT-Cell-pellet_1,single,1,0,0,1,1,True,0,0.87819904088974
Sphingolipid-BTSPT-Cell-pellet_1__F5,Sphingolipid-BTSPT-Cell-pellet_1,multi,2,0,0,2,2,True,0,0.9342971444129944
Sphingolipid-BTSPT-Cell-pellet_1__F50,Sphingolipid-BTSPT-Cell-pellet_1,empty,0,0,0,0,0,True,0,0.0
Sphingolipid-BTSPT-Cell-pellet_1__F500,Sphingolipid-BTSPT-Cell-pellet_1,single,1,0,0,1,1,True,0,0.689873218536377
Sphingolipid-BTSPT-Cell-pellet_1__F501,Sphingolipid-BTSPT-Cell-pellet_1,single,1,0,0,1,1,True,0,0.8502001166343689
Sphingolipid-BTSPT-Cell-pellet_1__F502,Sphingolipid-BTSPT-Cell-pellet_1,single,1,0,0,1,1,True,0,0.8962299823760986
Sphingolipid-BTSPT-Cell-pellet_1__F503,Sphingolipid-BTSPT-Cell-pellet_1,single,1,0,0,1,1,True,0,0.8744856715202332
Sphingolipid-BTSPT-Cell-pellet_1__F504,Sphingolipid-BTSPT-Cell-pellet_1,single,1,0,0,1,1,True,0,0.8258633017539978
Sphingolipid-BTSPT-Cell-pellet_1__F506,Sphingolipid-BTSPT-Cell-pellet_1,empty,0,0,0,0,0,True,0,0.0
Sphingolipid-BTSPT-Cell-pellet_1__F507,Sphingolipid-BTSPT-Cell-pellet_1,empty,0,0,0,0,0,True,0,0.0
Sphingolipid-BTSPT-Cell-pellet_1__F508,Sphingolipid-BTSPT-Cell-pellet_1,single,1,0,0,1,1,True,0,0.9238229990005493
Sphingolipid-BTSPT-Cell-pellet_1__F509,Sphingolipid-BTSPT-Cell-pellet_1,empty,0,0,0,0,0,True,0,0.0
Sphingolipid-BTSPT-Cell-pellet_1__F51,Sphingolipid-BTSPT-Cell-pellet_1,multi,2,0,0,2,2,True,0,0.7913109958171844
Sphingolipid-BTSPT-Cell-pellet_1__F510,Sphingolipid-BTSPT-Cell-pellet_1,empty,0,0,0,0,0,True,0,0.0
Sphingolipid-BTSPT-Cell-pellet_1__F511,Sphingolipid-BTSPT-Cell-pellet_1,single,1,0,0,1,1,True,0,0.8703283071517944
Sphingolipid-BTSPT-Cell-pellet_1__F512,Sphingolipid-BTSPT-Cell-pellet_1,single,1,0,0,1,1,True,0,0.6394265294075012
Sphingolipid-BTSPT-Cell-pellet_1__F513,Sphingolipid-BTSPT-Cell-pellet_1,multi,2,0,0,2,2,True,0,0.8239774703979492
Sphingolipid-BTSPT-Cell-pellet_1__F514,Sphingolipid-BTSPT-Cell-pellet_1,single,1,0,0,1,1,True,0,0.8362574577331543
Sphingolipid-BTSPT-Cell-pellet_1__F515,Sphingolipid-BTSPT-Cell-pellet_1,empty,0,0,0,0,0,True,0,0.0
Sphingolipid-BTSPT-Cell-pellet_1__F517,Sphingolipid-BTSPT-Cell-pellet_1,single,1,0,0,1,1,True,0,0.8919323682785034
Sphingolipid-BTSPT-Cell-pellet_1__F518,Sphingolipid-BTSPT-Cell-pellet_1,empty,0,1,0,0,1,False,1,0.0
Sphingolipid-BTSPT-Cell-pellet_1__F519,Sphingolipid-BTSPT-Cell-pellet_1,multi,2,0,0,2,2,True,0,0.7742679119110107
Sphingolipid-BTSPT-Cell-pellet_1__F52,Sphingolipid-BTSPT-Cell-pellet_1,single,1,0,0,1,1,True,0,0.8876209259033203
Sphingolipid-BTSPT-Cell-pellet_1__F520,Sphingolipid-BTSPT-Cell-pellet_1,single,1,0,0,1,1,True,0,0.9164841771125793
Sphingolipid-BTSPT-Cell-pellet_1__F521,Sphingolipid-BTSPT-Cell-pellet_1,empty,0,1,0,0,1,False,1,0.0
Sphingolipid-BTSPT-Cell-pellet_1__F522,Sphingolipid-BTSPT-Cell-pellet_1,single,1,0,0,1,1,True,0,0.9396117925643921
Sphingolipid-BTSPT-Cell-pellet_1__F523,Sphingolipid-BTSPT-Cell-pellet_1,multi,0,2,2,2,2,True,0,0.0
Sphingolipid-BTSPT-Cell-pellet_1__F524,Sphingolipid-BTSPT-Cell-pellet_1,empty,0,0,0,0,0,True,0,0.0
Sphingolipid-BTSPT-Cell-pellet_1__F525,Sphingolipid-BTSPT-Cell-pellet_1,single,1,0,0,1,1,True,0,0.7261793613433838
Sphingolipid-BTSPT-Cell-pellet_1__F526,Sphingolipid-BTSPT-Cell-pellet_1,single,1,0,0,1,1,True,0,0.7440308332443237
Sphingolipid-BTSPT-Cell-pellet_1__F527,Sphingolipid-BTSPT-Cell-pellet_1,empty,0,0,0,0,0,True,0,0.0
Sphingolipid-BTSPT-Cell-pellet_1__F528,Sphingolipid-BTSPT-Cell-pellet_1,empty,0,0,0,0,0,True,0,0.0
Sphingolipid-BTSPT-Cell-pellet_1__F529,Sphingolipid-BTSPT-Cell-pellet_1,single,1,0,0,1,1,True,0,0.7659669518470764
Sphingolipid-BTSPT-Cell-pellet_1__F53,Sphingolipid-BTSPT-Cell-pellet_1,single,1,0,0,1,1,True,0,0.7071470022201538
Sphingolipid-BTSPT-Cell-pellet_1__F530,Sphingolipid-BTSPT-Cell-pellet_1,empty,0,1,0,0,1,False,1,0.0
Sphingolipid-BTSPT-Cell-pellet_1__F531,Sphingolipid-BTSPT-Cell-pellet_1,single,0,0,1,1,0,False,1,0.0
Sphingolipid-BTSPT-Cell-pellet_1__F532,Sphingolipid-BTSPT-Cell-pellet_1,multi,1,0,1,2,1,False,1,0.8580852150917053
Sphingolipid-BTSPT-Cell-pellet_1__F533,Sphingolipid-BTSPT-Cell-pellet_1,empty,0,1,0,0,1,False,1,0.0
Sphingolipid-BTSPT-Cell-pellet_1__F534,Sphingolipid-BTSPT-Cell-pellet_1,single,1,1,0,1,2,False,1,0.7925341725349426
Sphingolipid-BTSPT-Cell-pellet_1__F535,Sphingolipid-BTSPT-Cell-pellet_1,single,1,0,0,1,1,True,0,0.7438724040985107
Sphingolipid-BTSPT-Cell-pellet_1__F536,Sphingolipid-BTSPT-Cell-pellet_1,multi,2,0,0,2,2,True,0,0.8313412070274353
Sphingolipid-BTSPT-Cell-pellet_1__F537,Sphingolipid-BTSPT-Cell-pellet_1,single,1,0,0,1,1,True,0,0.776665210723877
Sphingolipid-BTSPT-Cell-pellet_1__F538,Sphingolipid-BTSPT-Cell-pellet_1,empty,0,0,0,0,0,True,0,0.0
Sphingolipid-BTSPT-Cell-pellet_1__F539,Sphingolipid-BTSPT-Cell-pellet_1,single,1,0,0,1,1,True,0,0.7991806268692017
Sphingolipid-BTSPT-Cell-pellet_1__F54,Sphingolipid-BTSPT-Cell-pellet_1,empty,0,0,0,0,0,True,0,0.0
Sphingolipid-BTSPT-Cell-pellet_1__F540,Sphingolipid-BTSPT-Cell-pellet_1,single,1,0,0,1,1,True,0,0.6386383175849915
Sphingolipid-BTSPT-Cell-pellet_1__F541,Sphingolipid-BTSPT-Cell-pellet_1,empty,0,0,0,0,0,True,0,0.0
Sphingolipid-BTSPT-Cell-pellet_1__F542,Sphingolipid-BTSPT-Cell-pellet_1,single,1,1,0,1,2,False,1,0.8658425807952881
Sphingolipid-BTSPT-Cell-pellet_1__F543,Sphingolipid-BTSPT-Cell-pellet_1,empty,0,0,0,0,0,True,0,0.0
Sphingolipid-BTSPT-Cell-pellet_1__F544,Sphingolipid-BTSPT-Cell-pellet_1,multi,1,0,1,2,1,False,1,0.9500752687454224
Sphingolipid-BTSPT-Cell-pellet_1__F545,Sphingolipid-BTSPT-Cell-pellet_1,single,1,0,0,1,1,True,0,0.8614187240600586
Sphingolipid-BTSPT-Cell-pellet_1__F546,Sphingolipid-BTSPT-Cell-pellet_1,empty,0,1,0,0,1,False,1,0.0
Sphingolipid-BTSPT-Cell-pellet_1__F547,Sphingolipid-BTSPT-Cell-pellet_1,empty,0,0,0,0,0,True,0,0.0
Sphingolipid-BTSPT-Cell-pellet_1__F548,Sphingolipid-BTSPT-Cell-pellet_1,single,1,0,0,1,1,True,0,0.9104780554771423
Sphingolipid-BTSPT-Cell-pellet_1__F549,Sphingolipid-BTSPT-Cell-pellet_1,empty,0,0,0,0,0,True,0,0.0
Sphingolipid-BTSPT-Cell-pellet_1__F55,Sphingolipid-BTSPT-Cell-pellet_1,single,1,0,0,1,1,True,0,0.5859519243240356
Sphingolipid-BTSPT-Cell-pellet_1__F550,Sphingolipid-BTSPT-Cell-pellet_1,single,1,0,0,1,1,True,0,0.8173020482063293
Sphingolipid-BTSPT-Cell-pellet_1__F56,Sphingolipid-BTSPT-Cell-pellet_1,empty,0,0,0,0,0,True,0,0.0
Sphingolipid-BTSPT-Cell-pellet_1__F57,Sphingolipid-BTSPT-Cell-pellet_1,single,1,0,0,1,1,True,0,0.5592334866523743
Sphingolipid-BTSPT-Cell-pellet_1__F59,Sphingolipid-BTSPT-Cell-pellet_1,single,1,0,0,1,1,True,0,0.7801773548126221
Sphingolipid-BTSPT-Cell-pellet_1__F6,Sphingolipid-BTSPT-Cell-pellet_1,single,1,0,0,1,1,True,0,0.8261776566505432
Sphingolipid-BTSPT-Cell-pellet_1__F60,Sphingolipid-BTSPT-Cell-pellet_1,empty,0,0,0,0,0,True,0,0.0
Sphingolipid-BTSPT-Cell-pellet_1__F61,Sphingolipid-BTSPT-Cell-pellet_1,single,1,0,0,1,1,True,0,0.6036573052406311
Sphingolipid-BTSPT-Cell-pellet_1__F62,Sphingolipid-BTSPT-Cell-pellet_1,empty,0,0,0,0,0,True,0,0.0
Sphingolipid-BTSPT-Cell-pellet_1__F64,Sphingolipid-BTSPT-Cell-pellet_1,empty,0,0,0,0,0,True,0,0.0
Sphingolipid-BTSPT-Cell-pellet_1__F65,Sphingolipid-BTSPT-Cell-pellet_1,empty,0,1,0,0,1,False,1,0.0
Sphingolipid-BTSPT-Cell-pellet_1__F66,Sphingolipid-BTSPT-Cell-pellet_1,single,1,0,0,1,1,True,0,0.8956401348114014
Sphingolipid-BTSPT-Cell-pellet_1__F67,Sphingolipid-BTSPT-Cell-pellet_1,single,1,0,0,1,1,True,0,0.8490628600120544
Sphingolipid-BTSPT-Cell-pellet_1__F68,Sphingolipid-BTSPT-Cell-pellet_1,single,1,0,0,1,1,True,0,0.8727552890777588
Sphingolipid-BTSPT-Cell-pellet_1__F69,Sphingolipid-BTSPT-Cell-pellet_1,single,1,0,0,1,1,True,0,0.9451909065246582
Sphingolipid-BTSPT-Cell-pellet_1__F7,Sphingolipid-BTSPT-Cell-pellet_1,empty,0,0,0,0,0,True,0,0.0
Sphingolipid-BTSPT-Cell-pellet_1__F70,Sphingolipid-BTSPT-Cell-pellet_1,single,1,0,0,1,1,True,0,0.7180473804473877
Sphingolipid-BTSPT-Cell-pellet_1__F71,Sphingolipid-BTSPT-Cell-pellet_1,single,1,0,0,1,1,True,0,0.9396940469741821
Sphingolipid-BTSPT-Cell-pellet_1__F72,Sphingolipid-BTSPT-Cell-pellet_1,single,1,0,0,1,1,True,0,0.929354190826416
Sphingolipid-BTSPT-Cell-pellet_1__F73,Sphingolipid-BTSPT-Cell-pellet_1,empty,0,1,0,0,1,False,1,0.0
Sphingolipid-BTSPT-Cell-pellet_1__F74,Sphingolipid-BTSPT-Cell-pellet_1,empty,0,1,0,0,1,False,1,0.0
Sphingolipid-BTSPT-Cell-pellet_1__F75,Sphingolipid-BTSPT-Cell-pellet_1,empty,0,0,0,0,0,True,0,0.0
Sphingolipid-BTSPT-Cell-pellet_1__F76,Sphingolipid-BTSPT-Cell-pellet_1,single,1,0,0,1,1,True,0,0.8470489382743835
Sphingolipid-BTSPT-Cell-pellet_1__F77,Sphingolipid-BTSPT-Cell-pellet_1,empty,0,0,0,0,0,True,0,0.0
Sphingolipid-BTSPT-Cell-pellet_1__F78,Sphingolipid-BTSPT-Cell-pellet_1,empty,0,0,0,0,0,True,0,0.0
Sphingolipid-BTSPT-Cell-pellet_1__F79,Sphingolipid-BTSPT-Cell-pellet_1,empty,0,1,0,0,1,False,1,0.0
Sphingolipid-BTSPT-Cell-pellet_1__F8,Sphingolipid-BTSPT-Cell-pellet_1,empty,0,0,0,0,0,True,0,0.0
Sphingolipid-BTSPT-Cell-pellet_1__F80,Sphingolipid-BTSPT-Cell-pellet_1,single,1,0,0,1,1,True,0,0.7615858912467957
Sphingolipid-BTSPT-Cell-pellet_1__F81,Sphingolipid-BTSPT-Cell-pellet_1,empty,0,1,0,0,1,False,1,0.0
Sphingolipid-BTSPT-Cell-pellet_1__F82,Sphingolipid-BTSPT-Cell-pellet_1,empty,0,0,0,0,0,True,0,0.0
Sphingolipid-BTSPT-Cell-pellet_1__F83,Sphingolipid-BTSPT-Cell-pellet_1,single,1,0,0,1,1,True,0,0.9687408208847046
Sphingolipid-BTSPT-Cell-pellet_1__F84,Sphingolipid-BTSPT-Cell-pellet_1,single,1,0,0,1,1,True,0,0.926284670829773
Sphingolipid-BTSPT-Cell-pellet_1__F85,Sphingolipid-BTSPT-Cell-pellet_1,empty,0,0,0,0,0,True,0,0.0
Sphingolipid-BTSPT-Cell-pellet_1__F86,Sphingolipid-BTSPT-Cell-pellet_1,empty,0,0,0,0,0,True,0,0.0
Sphingolipid-BTSPT-Cell-pellet_1__F87,Sphingolipid-BTSPT-Cell-pellet_1,single,1,0,0,1,1,True,0,0.9387338161468506
Sphingolipid-BTSPT-Cell-pellet_1__F88,Sphingolipid-BTSPT-Cell-pellet_1,single,1,0,0,1,1,True,0,0.7146102786064148
Sphingolipid-BTSPT-Cell-pellet_1__F89,Sphingolipid-BTSPT-Cell-pellet_1,single,1,0,0,1,1,True,0,0.8711304068565369
Sphingolipid-BTSPT-Cell-pellet_1__F9,Sphingolipid-BTSPT-Cell-pellet_1,empty,0,0,0,0,0,True,0,0.0
Sphingolipid-BTSPT-Cell-pellet_1__F90,Sphingolipid-BTSPT-Cell-pellet_1,empty,0,0,0,0,0,True,0,0.0
Sphingolipid-BTSPT-Cell-pellet_1__F91,Sphingolipid-BTSPT-Cell-pellet_1,single,1,0,0,1,1,True,0,0.9127981662750244
Sphingolipid-BTSPT-Cell-pellet_1__F92,Sphingolipid-BTSPT-Cell-pellet_1,empty,0,0,0,0,0,True,0,0.0
Sphingolipid-BTSPT-Cell-pellet_1__F93,Sphingolipid-BTSPT-Cell-pellet_1,empty,0,0,0,0,0,True,0,0.0
Sphingolipid-BTSPT-Cell-pellet_1__F94,Sphingolipid-BTSPT-Cell-pellet_1,empty,0,0,0,0,0,True,0,0.0
Sphingolipid-BTSPT-Cell-pellet_1__F95,Sphingolipid-BTSPT-Cell-pellet_1,empty,0,1,0,0,1,False,1,0.0
Sphingolipid-BTSPT-Cell-pellet_1__F96,Sphingolipid-BTSPT-Cell-pellet_1,single,1,0,0,1,1,True,0,0.8293622136116028
Sphingolipid-BTSPT-Cell-pellet_1__F97,Sphingolipid-BTSPT-Cell-pellet_1,empty,0,0,0,0,0,True,0,0.0
Sphingolipid-BTSPT-Cell-pellet_1__F98,Sphingolipid-BTSPT-Cell-pellet_1,single,1,0,0,1,1,True,0,0.9386025071144104
Sphingolipid-BTSPT-Cell-pellet_1__F99,Sphingolipid-BTSPT-Cell-pellet_1,single,1,0,0,1,1,True,0,0.7218520641326904
Sphingolipid-BTSPT-OMV_1__F1,Sphingolipid-BTSPT-OMV_1,single,1,0,0,1,1,True,0,0.8136284351348877
Sphingolipid-BTSPT-OMV_1__F10,Sphingolipid-BTSPT-OMV_1,empty,0,0,0,0,0,True,0,0.0
Sphingolipid-BTSPT-OMV_1__F100,Sphingolipid-BTSPT-OMV_1,empty,0,0,0,0,0,True,0,0.0
Sphingolipid-BTSPT-OMV_1__F101,Sphingolipid-BTSPT-OMV_1,single,1,0,0,1,1,True,0,0.7913507223129272
Sphingolipid-BTSPT-OMV_1__F102,Sphingolipid-BTSPT-OMV_1,single,1,0,0,1,1,True,0,0.7563938498497009
Sphingolipid-BTSPT-OMV_1__F103,Sphingolipid-BTSPT-OMV_1,empty,0,0,0,0,0,True,0,0.0
Sphingolipid-BTSPT-OMV_1__F104,Sphingolipid-BTSPT-OMV_1,single,1,0,0,1,1,True,0,0.8864317536354065
Sphingolipid-BTSPT-OMV_1__F105,Sphingolipid-BTSPT-OMV_1,empty,0,0,0,0,0,True,0,0.0
Sphingolipid-BTSPT-OMV_1__F106,Sphingolipid-BTSPT-OMV_1,single,1,0,0,1,1,True,0,0.6994211077690125
Sphingolipid-BTSPT-OMV_1__F107,Sphingolipid-BTSPT-OMV_1,multi,1,0,1,2,1,False,1,0.8381364345550537
Sphingolipid-BTSPT-OMV_1__F108,Sphingolipid-BTSPT-OMV_1,single,1,0,0,1,1,True,0,0.7001051306724548
Sphingolipid-BTSPT-OMV_1__F109,Sphingolipid-BTSPT-OMV_1,single,1,0,0,1,1,True,0,0.8264458179473877
Sphingolipid-BTSPT-OMV_1__F11,Sphingolipid-BTSPT-OMV_1,single,1,0,0,1,1,True,0,0.940039873123169
Sphingolipid-BTSPT-OMV_1__F110,Sphingolipid-BTSPT-OMV_1,single,1,0,0,1,1,True,0,0.827504575252533
Sphingolipid-BTSPT-OMV_1__F111,Sphingolipid-BTSPT-OMV_1,single,1,0,0,1,1,True,0,0.8303143382072449
Sphingolipid-BTSPT-OMV_1__F112,Sphingolipid-BTSPT-OMV_1,single,1,0,0,1,1,True,0,0.6838507652282715
Sphingolipid-BTSPT-OMV_1__F113,Sphingolipid-BTSPT-OMV_1,empty,0,0,0,0,0,True,0,0.0
Sphingolipid-BTSPT-OMV_1__F114,Sphingolipid-BTSPT-OMV_1,multi,0,0,2,2,0,False,2,0.0
Sphingolipid-BTSPT-OMV_1__F115,Sphingolipid-BTSPT-OMV_1,empty,0,0,0,0,0,True,0,0.0
Sphingolipid-BTSPT-OMV_1__F116,Sphingolipid-BTSPT-OMV_1,single,1,0,0,1,1,True,0,0.9345828890800476
Sphingolipid-BTSPT-OMV_1__F117,Sphingolipid-BTSPT-OMV_1,single,1,0,0,1,1,True,0,0.9528992772102356
Sphingolipid-BTSPT-OMV_1__F118,Sphingolipid-BTSPT-OMV_1,single,1,0,0,1,1,True,0,0.8390730619430542
Sphingolipid-BTSPT-OMV_1__F119,Sphingolipid-BTSPT-OMV_1,single,1,0,0,1,1,True,0,0.8629084229469299
Sphingolipid-BTSPT-OMV_1__F12,Sphingolipid-BTSPT-OMV_1,empty,0,0,0,0,0,True,0,0.0
Sphingolipid-BTSPT-OMV_1__F120,Sphingolipid-BTSPT-OMV_1,single,1,0,0,1,1,True,0,0.7989447116851807
Sphingolipid-BTSPT-OMV_1__F121,Sphingolipid-BTSPT-OMV_1,empty,0,0,0,0,0,True,0,0.0
Sphingolipid-BTSPT-OMV_1__F122,Sphingolipid-BTSPT-OMV_1,empty,0,0,0,0,0,True,0,0.0
Sphingolipid-BTSPT-OMV_1__F123,Sphingolipid-BTSPT-OMV_1,empty,0,1,0,0,1,False,1,0.0
Sphingolipid-BTSPT-OMV_1__F124,Sphingolipid-BTSPT-OMV_1,empty,0,0,0,0,0,True,0,0.0
Sphingolipid-BTSPT-OMV_1__F125,Sphingolipid-BTSPT-OMV_1,empty,0,1,0,0,1,False,1,0.0
Sphingolipid-BTSPT-OMV_1__F126,Sphingolipid-BTSPT-OMV_1,multi,0,1,7,7,1,False,6,0.0
Sphingolipid-BTSPT-OMV_1__F127,Sphingolipid-BTSPT-OMV_1,empty,0,0,0,0,0,True,0,0.0
Sphingolipid-BTSPT-OMV_1__F128,Sphingolipid-BTSPT-OMV_1,empty,0,1,0,0,1,False,1,0.0
Sphingolipid-BTSPT-OMV_1__F129,Sphingolipid-BTSPT-OMV_1,empty,0,0,0,0,0,True,0,0.0
Sphingolipid-BTSPT-OMV_1__F13,Sphingolipid-BTSPT-OMV_1,empty,0,0,0,0,0,True,0,0.0
Sphingolipid-BTSPT-OMV_1__F130,Sphingolipid-BTSPT-OMV_1,single,1,0,0,1,1,True,0,0.9303906559944153
Sphingolipid-BTSPT-OMV_1__F131,Sphingolipid-BTSPT-OMV_1,empty,0,1,0,0,1,False,1,0.0
Sphingolipid-BTSPT-OMV_1__F132,Sphingolipid-BTSPT-OMV_1,empty,0,0,0,0,0,True,0,0.0
Sphingolipid-BTSPT-OMV_1__F133,Sphingolipid-BTSPT-OMV_1,single,1,0,0,1,1,True,0,0.9443975687026978
Sphingolipid-BTSPT-OMV_1__F134,Sphingolipid-BTSPT-OMV_1,empty,0,1,0,0,1,False,1,0.0
Sphingolipid-BTSPT-OMV_1__F135,Sphingolipid-BTSPT-OMV_1,empty,0,1,0,0,1,False,1,0.0
Sphingolipid-BTSPT-OMV_1__F136,Sphingolipid-BTSPT-OMV_1,single,1,0,0,1,1,True,0,0.9211684465408325
Sphingolipid-BTSPT-OMV_1__F137,Sphingolipid-BTSPT-OMV_1,single,1,0,0,1,1,True,0,0.9086949229240417
Sphingolipid-BTSPT-OMV_1__F138,Sphingolipid-BTSPT-OMV_1,single,1,0,0,1,1,True,0,0.6233139634132385
Sphingolipid-BTSPT-OMV_1__F139,Sphingolipid-BTSPT-OMV_1,empty,0,0,0,0,0,True,0,0.0
Sphingolipid-BTSPT-OMV_1__F14,Sphingolipid-BTSPT-OMV_1,empty,0,0,0,0,0,True,0,0.0
Sphingolipid-BTSPT-OMV_1__F140,Sphingolipid-BTSPT-OMV_1,single,1,0,0,1,1,True,0,0.7194637656211853
Sphingolipid-BTSPT-OMV_1__F141,Sphingolipid-BTSPT-OMV_1,single,1,0,0,1,1,True,0,0.9560914039611816
Sphingolipid-BTSPT-OMV_1__F142,Sphingolipid-BTSPT-OMV_1,empty,0,0,0,0,0,True,0,0.0
Sphingolipid-BTSPT-OMV_1__F143,Sphingolipid-BTSPT-OMV_1,single,0,0,1,1,0,False,1,0.0
Sphingolipid-BTSPT-OMV_1__F144,Sphingolipid-BTSPT-OMV_1,multi,1,1,2,3,2,False,1,0.9501999020576477
Sphingolipid-BTSPT-OMV_1__F146,Sphingolipid-BTSPT-OMV_1,multi,1,0,1,2,1,False,1,0.5008645057678223
Sphingolipid-BTSPT-OMV_1__F148,Sphingolipid-BTSPT-OMV_1,single,1,0,0,1,1,True,0,0.9165485501289368
Sphingolipid-BTSPT-OMV_1__F149,Sphingolipid-BTSPT-OMV_1,empty,0,1,0,0,1,False,1,0.0
Sphingolipid-BTSPT-OMV_1__F15,Sphingolipid-BTSPT-OMV_1,multi,0,1,2,2,1,False,1,0.0
Sphingolipid-BTSPT-OMV_1__F150,Sphingolipid-BTSPT-OMV_1,multi,2,0,0,2,2,True,0,0.7617688477039337
Sphingolipid-BTSPT-OMV_1__F151,Sphingolipid-BTSPT-OMV_1,single,1,0,0,1,1,True,0,0.9401057958602905
Sphingolipid-BTSPT-OMV_1__F152,Sphingolipid-BTSPT-OMV_1,single,0,0,1,1,0,False,1,0.0
Sphingolipid-BTSPT-OMV_1__F153,Sphingolipid-BTSPT-OMV_1,single,1,0,0,1,1,True,0,0.824712872505188
Sphingolipid-BTSPT-OMV_1__F154,Sphingolipid-BTSPT-OMV_1,single,1,0,0,1,1,True,0,0.7865538597106934
Sphingolipid-BTSPT-OMV_1__F155,Sphingolipid-BTSPT-OMV_1,single,1,0,0,1,1,True,0,0.8451478481292725
Sphingolipid-BTSPT-OMV_1__F156,Sphingolipid-BTSPT-OMV_1,empty,0,1,0,0,1,False,1,0.0
Sphingolipid-BTSPT-OMV_1__F157,Sphingolipid-BTSPT-OMV_1,empty,0,1,0,0,1,False,1,0.0
Sphingolipid-BTSPT-OMV_1__F158,Sphingolipid-BTSPT-OMV_1,empty,0,0,0,0,0,True,0,0.0
Sphingolipid-BTSPT-OMV_1__F159,Sphingolipid-BTSPT-OMV_1,single,1,0,0,1,1,True,0,0.9178231954574585
Sphingolipid-BTSPT-OMV_1__F16,Sphingolipid-BTSPT-OMV_1,single,1,0,0,1,1,True,0,0.6568852066993713
Sphingolipid-BTSPT-OMV_1__F160,Sphingolipid-BTSPT-OMV_1,single,1,0,0,1,1,True,0,0.83119797706604
Sphingolipid-BTSPT-OMV_1__F161,Sphingolipid-BTSPT-OMV_1,single,1,0,0,1,1,True,0,0.881873607635498
Sphingolipid-BTSPT-OMV_1__F162,Sphingolipid-BTSPT-OMV_1,empty,0,0,0,0,0,True,0,0.0
Sphingolipid-BTSPT-OMV_1__F163,Sphingolipid-BTSPT-OMV_1,empty,0,0,0,0,0,True,0,0.0
Sphingolipid-BTSPT-OMV_1__F164,Sphingolipid-BTSPT-OMV_1,empty,0,0,0,0,0,True,0,0.0
Sphingolipid-BTSPT-OMV_1__F165,Sphingolipid-BTSPT-OMV_1,multi,2,0,1,3,2,False,1,0.854776531457901
Sphingolipid-BTSPT-OMV_1__F166,Sphingolipid-BTSPT-OMV_1,single,1,0,0,1,1,True,0,0.8405454754829407
Sphingolipid-BTSPT-OMV_1__F167,Sphingolipid-BTSPT-OMV_1,single,1,0,0,1,1,True,0,0.8297426700592041
Sphingolipid-BTSPT-OMV_1__F168,Sphingolipid-BTSPT-OMV_1,empty,0,1,0,0,1,False,1,0.0
Sphingolipid-BTSPT-OMV_1__F169,Sphingolipid-BTSPT-OMV_1,empty,0,0,0,0,0,True,0,0.0
Sphingolipid-BTSPT-OMV_1__F17,Sphingolipid-BTSPT-OMV_1,single,1,0,0,1,1,True,0,0.6259382367134094
Sphingolipid-BTSPT-OMV_1__F170,Sphingolipid-BTSPT-OMV_1,multi,0,0,2,2,0,False,2,0.0
Sphingolipid-BTSPT-OMV_1__F171,Sphingolipid-BTSPT-OMV_1,single,1,0,0,1,1,True,0,0.9360647201538086
Sphingolipid-BTSPT-OMV_1__F172,Sphingolipid-BTSPT-OMV_1,single,1,0,0,1,1,True,0,0.8049589395523071
Sphingolipid-BTSPT-OMV_1__F173,Sphingolipid-BTSPT-OMV_1,single,1,0,0,1,1,True,0,0.8111264705657959
Sphingolipid-BTSPT-OMV_1__F174,Sphingolipid-BTSPT-OMV_1,multi,0,1,2,2,1,False,1,0.0
Sphingolipid-BTSPT-OMV_1__F175,Sphingolipid-BTSPT-OMV_1,single,1,0,0,1,1,True,0,0.8784902095794678
Sphingolipid-BTSPT-OMV_1__F176,Sphingolipid-BTSPT-OMV_1,empty,0,0,0,0,0,True,0,0.0
Sphingolipid-BTSPT-OMV_1__F177,Sphingolipid-BTSPT-OMV_1,single,1,0,0,1,1,True,0,0.7717214822769165
Sphingolipid-BTSPT-OMV_1__F178,Sphingolipid-BTSPT-OMV_1,single,1,0,0,1,1,True,0,0.8275646567344666
Sphingolipid-BTSPT-OMV_1__F179,Sphingolipid-BTSPT-OMV_1,multi,2,0,0,2,2,True,0,0.798176497220993
Sphingolipid-BTSPT-OMV_1__F18,Sphingolipid-BTSPT-OMV_1,empty,0,0,0,0,0,True,0,0.0
Sphingolipid-BTSPT-OMV_1__F180,Sphingolipid-BTSPT-OMV_1,single,1,0,0,1,1,True,0,0.9249515533447266
Sphingolipid-BTSPT-OMV_1__F181,Sphingolipid-BTSPT-OMV_1,empty,0,1,0,0,1,False,1,0.0
Sphingolipid-BTSPT-OMV_1__F182,Sphingolipid-BTSPT-OMV_1,empty,0,0,0,0,0,True,0,0.0
Sphingolipid-BTSPT-OMV_1__F183,Sphingolipid-BTSPT-OMV_1,multi,0,0,2,2,0,False,2,0.0
Sphingolipid-BTSPT-OMV_1__F184,Sphingolipid-BTSPT-OMV_1,single,1,0,0,1,1,True,0,0.8442335724830627
Sphingolipid-BTSPT-OMV_1__F185,Sphingolipid-BTSPT-OMV_1,multi,0,1,2,2,1,False,1,0.0
Sphingolipid-BTSPT-OMV_1__F186,Sphingolipid-BTSPT-OMV_1,single,1,0,0,1,1,True,0,0.8809269070625305
Sphingolipid-BTSPT-OMV_1__F187,Sphingolipid-BTSPT-OMV_1,single,1,0,0,1,1,True,0,0.613282322883606
Sphingolipid-BTSPT-OMV_1__F188,Sphingolipid-BTSPT-OMV_1,single,1,0,0,1,1,True,0,0.9259645342826843
Sphingolipid-BTSPT-OMV_1__F189,Sphingolipid-BTSPT-OMV_1,single,1,0,0,1,1,True,0,0.9512770175933838
Sphingolipid-BTSPT-OMV_1__F19,Sphingolipid-BTSPT-OMV_1,single,1,0,0,1,1,True,0,0.8625335097312927
Sphingolipid-BTSPT-OMV_1__F190,Sphingolipid-BTSPT-OMV_1,empty,0,0,0,0,0,True,0,0.0
Sphingolipid-BTSPT-OMV_1__F191,Sphingolipid-BTSPT-OMV_1,empty,0,0,0,0,0,True,0,0.0
Sphingolipid-BTSPT-OMV_1__F192,Sphingolipid-BTSPT-OMV_1,empty,0,0,0,0,0,True,0,0.0
Sphingolipid-BTSPT-OMV_1__F193,Sphingolipid-BTSPT-OMV_1,single,1,0,0,1,1,True,0,0.9285427927970886
Sphingolipid-BTSPT-OMV_1__F194,Sphingolipid-BTSPT-OMV_1,empty,0,0,0,0,0,True,0,0.0
Sphingolipid-BTSPT-OMV_1__F196,Sphingolipid-BTSPT-OMV_1,empty,0,0,0,0,0,True,0,0.0
Sphingolipid-BTSPT-OMV_1__F197,Sphingolipid-BTSPT-OMV_1,multi,0,1,2,2,1,False,1,0.0
Sphingolipid-BTSPT-OMV_1__F198,Sphingolipid-BTSPT-OMV_1,single,1,0,0,1,1,True,0,0.9079004526138306
Sphingolipid-BTSPT-OMV_1__F199,Sphingolipid-BTSPT-OMV_1,multi,0,0,2,2,0,False,2,0.0
Sphingolipid-BTSPT-OMV_1__F2,Sphingolipid-BTSPT-OMV_1,empty,0,0,0,0,0,True,0,0.0
Sphingolipid-BTSPT-OMV_1__F20,Sphingolipid-BTSPT-OMV_1,empty,0,1,0,0,1,False,1,0.0
Sphingolipid-BTSPT-OMV_1__F200,Sphingolipid-BTSPT-OMV_1,single,1,0,0,1,1,True,0,0.9271071553230286
Sphingolipid-BTSPT-OMV_1__F201,Sphingolipid-BTSPT-OMV_1,empty,0,0,0,0,0,True,0,0.0
Sphingolipid-BTSPT-OMV_1__F202,Sphingolipid-BTSPT-OMV_1,multi,0,0,2,2,0,False,2,0.0
Sphingolipid-BTSPT-OMV_1__F203,Sphingolipid-BTSPT-OMV_1,single,1,0,0,1,1,True,0,0.8885394334793091
Sphingolipid-BTSPT-OMV_1__F204,Sphingolipid-BTSPT-OMV_1,single,1,0,0,1,1,True,0,0.7873018980026245
Sphingolipid-BTSPT-OMV_1__F205,Sphingolipid-BTSPT-OMV_1,empty,0,0,0,0,0,True,0,0.0
Sphingolipid-BTSPT-OMV_1__F206,Sphingolipid-BTSPT-OMV_1,single,1,0,0,1,1,True,0,0.7457614541053772
Sphingolipid-BTSPT-OMV_1__F207,Sphingolipid-BTSPT-OMV_1,single,1,0,0,1,1,True,0,0.8050200343132019
Sphingolipid-BTSPT-OMV_1__F208,Sphingolipid-BTSPT-OMV_1,single,1,0,0,1,1,True,0,0.8897807598114014
Sphingolipid-BTSPT-OMV_1__F209,Sphingolipid-BTSPT-OMV_1,single,1,0,0,1,1,True,0,0.6071977615356445
Sphingolipid-BTSPT-OMV_1__F21,Sphingolipid-BTSPT-OMV_1,empty,0,0,0,0,0,True,0,0.0
Sphingolipid-BTSPT-OMV_1__F210,Sphingolipid-BTSPT-OMV_1,multi,0,1,2,2,1,False,1,0.0
Sphingolipid-BTSPT-OMV_1__F211,Sphingolipid-BTSPT-OMV_1,multi,2,0,0,2,2,True,0,0.7221227884292603
Sphingolipid-BTSPT-OMV_1__F212,Sphingolipid-BTSPT-OMV_1,empty,0,0,0,0,0,True,0,0.0
Sphingolipid-BTSPT-OMV_1__F213,Sphingolipid-BTSPT-OMV_1,single,1,0,0,1,1,True,0,0.944614052772522
Sphingolipid-BTSPT-OMV_1__F214,Sphingolipid-BTSPT-OMV_1,single,1,0,0,1,1,True,0,0.8061615824699402
Sphingolipid-BTSPT-OMV_1__F215,Sphingolipid-BTSPT-OMV_1,empty,0,0,0,0,0,True,0,0.0
Sphingolipid-BTSPT-OMV_1__F216,Sphingolipid-BTSPT-OMV_1,empty,0,0,0,0,0,True,0,0.0
Sphingolipid-BTSPT-OMV_1__F217,Sphingolipid-BTSPT-OMV_1,single,1,0,0,1,1,True,0,0.8150578141212463
Sphingolipid-BTSPT-OMV_1__F218,Sphingolipid-BTSPT-OMV_1,single,1,0,0,1,1,True,0,0.8064790368080139
Sphingolipid-BTSPT-OMV_1__F219,Sphingolipid-BTSPT-OMV_1,empty,0,0,0,0,0,True,0,0.0
Sphingolipid-BTSPT-OMV_1__F22,Sphingolipid-BTSPT-OMV_1,single,1,0,0,1,1,True,0,0.8199051022529602
Sphingolipid-BTSPT-OMV_1__F220,Sphingolipid-BTSPT-OMV_1,single,1,0,0,1,1,True,0,0.862147331237793
Sphingolipid-BTSPT-OMV_1__F221,Sphingolipid-BTSPT-OMV_1,empty,0,0,0,0,0,True,0,0.0
Sphingolipid-BTSPT-OMV_1__F222,Sphingolipid-BTSPT-OMV_1,single,1,0,0,1,1,True,0,0.810090959072113
Sphingolipid-BTSPT-OMV_1__F223,Sphingolipid-BTSPT-OMV_1,single,1,0,0,1,1,True,0,0.8883556127548218
Sphingolipid-BTSPT-OMV_1__F224,Sphingolipid-BTSPT-OMV_1,empty,0,0,0,0,0,True,0,0.0
Sphingolipid-BTSPT-OMV_1__F225,Sphingolipid-BTSPT-OMV_1,empty,0,0,0,0,0,True,0,0.0
Sphingolipid-BTSPT-OMV_1__F226,Sphingolipid-BTSPT-OMV_1,single,1,0,0,1,1,True,0,0.9417344927787781
Sphingolipid-BTSPT-OMV_1__F227,Sphingolipid-BTSPT-OMV_1,empty,0,0,0,0,0,True,0,0.0
Sphingolipid-BTSPT-OMV_1__F228,Sphingolipid-BTSPT-OMV_1,empty,0,0,0,0,0,True,0,0.0
Sphingolipid-BTSPT-OMV_1__F229,Sphingolipid-BTSPT-OMV_1,empty,0,1,0,0,1,False,1,0.0
Sphingolipid-BTSPT-OMV_1__F230,Sphingolipid-BTSPT-OMV_1,multi,2,0,0,2,2,True,0,0.7861726582050323
Sphingolipid-BTSPT-OMV_1__F231,Sphingolipid-BTSPT-OMV_1,empty,0,0,0,0,0,True,0,0.0
Sphingolipid-BTSPT-OMV_1__F232,Sphingolipid-BTSPT-OMV_1,empty,0,0,0,0,0,True,0,0.0
Sphingolipid-BTSPT-OMV_1__F233,Sphingolipid-BTSPT-OMV_1,single,1,0,0,1,1,True,0,0.8777583837509155
Sphingolipid-BTSPT-OMV_1__F234,Sphingolipid-BTSPT-OMV_1,empty,0,0,0,0,0,True,0,0.0
Sphingolipid-BTSPT-OMV_1__F235,Sphingolipid-BTSPT-OMV_1,empty,0,0,0,0,0,True,0,0.0
Sphingolipid-BTSPT-OMV_1__F236,Sphingolipid-BTSPT-OMV_1,multi,2,0,1,3,2,False,1,0.8848780989646912
Sphingolipid-BTSPT-OMV_1__F237,Sphingolipid-BTSPT-OMV_1,single,1,0,0,1,1,True,0,0.8248739242553711
Sphingolipid-BTSPT-OMV_1__F238,Sphingolipid-BTSPT-OMV_1,empty,0,1,0,0,1,False,1,0.0
Sphingolipid-BTSPT-OMV_1__F239,Sphingolipid-BTSPT-OMV_1,single,1,0,0,1,1,True,0,0.7407112717628479
Sphingolipid-BTSPT-OMV_1__F24,Sphingolipid-BTSPT-OMV_1,empty,0,0,0,0,0,True,0,0.0
Sphingolipid-BTSPT-OMV_1__F240,Sphingolipid-BTSPT-OMV_1,empty,0,0,0,0,0,True,0,0.0
Sphingolipid-BTSPT-OMV_1__F241,Sphingolipid-BTSPT-OMV_1,single,1,0,0,1,1,True,0,0.8642347455024719
Sphingolipid-BTSPT-OMV_1__F242,Sphingolipid-BTSPT-OMV_1,single,0,1,1,1,1,True,0,0.0
Sphingolipid-BTSPT-OMV_1__F243,Sphingolipid-BTSPT-OMV_1,multi,1,0,1,2,1,False,1,0.8157919645309448
Sphingolipid-BTSPT-OMV_1__F244,Sphingolipid-BTSPT-OMV_1,empty,0,0,0,0,0,True,0,0.0
Sphingolipid-BTSPT-OMV_1__F245,Sphingolipid-BTSPT-OMV_1,empty,0,0,0,0,0,True,0,0.0
Sphingolipid-BTSPT-OMV_1__F246,Sphingolipid-BTSPT-OMV_1,multi,2,0,0,2,2,True,0,0.89292311668396
Sphingolipid-BTSPT-OMV_1__F247,Sphingolipid-BTSPT-OMV_1,single,1,0,0,1,1,True,0,0.8475513458251953
Sphingolipid-BTSPT-OMV_1__F248,Sphingolipid-BTSPT-OMV_1,single,1,0,0,1,1,True,0,0.8198443055152893
Sphingolipid-BTSPT-OMV_1__F249,Sphingolipid-BTSPT-OMV_1,multi,0,2,2,2,2,True,0,0.0
Sphingolipid-BTSPT-OMV_1__F25,Sphingolipid-BTSPT-OMV_1,single,1,0,0,1,1,True,0,0.6996917128562927
Sphingolipid-BTSPT-OMV_1__F250,Sphingolipid-BTSPT-OMV_1,empty,0,0,0,0,0,True,0,0.0
Sphingolipid-BTSPT-OMV_1__F251,Sphingolipid-BTSPT-OMV_1,single,1,0,0,1,1,True,0,0.9605274796485901
Sphingolipid-BTSPT-OMV_1__F252,Sphingolipid-BTSPT-OMV_1,multi,1,0,1,2,1,False,1,0.9082280993461609
Sphingolipid-BTSPT-OMV_1__F253,Sphingolipid-BTSPT-OMV_1,single,1,0,0,1,1,True,0,0.8039802312850952
Sphingolipid-BTSPT-OMV_1__F254,Sphingolipid-BTSPT-OMV_1,empty,0,1,0,0,1,False,1,0.0
Sphingolipid-BTSPT-OMV_1__F255,Sphingolipid-BTSPT-OMV_1,single,0,0,1,1,0,False,1,0.0
Sphingolipid-BTSPT-OMV_1__F256,Sphingolipid-BTSPT-OMV_1,single,1,0,0,1,1,True,0,0.8344289064407349
Sphingolipid-BTSPT-OMV_1__F257,Sphingolipid-BTSPT-OMV_1,single,1,2,0,1,3,False,2,0.5737571120262146
Sphingolipid-BTSPT-OMV_1__F258,Sphingolipid-BTSPT-OMV_1,empty,0,0,0,0,0,True,0,0.0
Sphingolipid-BTSPT-OMV_1__F259,Sphingolipid-BTSPT-OMV_1,single,1,0,0,1,1,True,0,0.9507837295532227
Sphingolipid-BTSPT-OMV_1__F26,Sphingolipid-BTSPT-OMV_1,single,1,0,0,1,1,True,0,0.8418503403663635
Sphingolipid-BTSPT-OMV_1__F260,Sphingolipid-BTSPT-OMV_1,single,1,0,0,1,1,True,0,0.7268841862678528
Sphingolipid-BTSPT-OMV_1__F261,Sphingolipid-BTSPT-OMV_1,empty,0,0,0,0,0,True,0,0.0
Sphingolipid-BTSPT-OMV_1__F262,Sphingolipid-BTSPT-OMV_1,single,1,0,0,1,1,True,0,0.8420690894126892
Sphingolipid-BTSPT-OMV_1__F263,Sphingolipid-BTSPT-OMV_1,single,1,0,0,1,1,True,0,0.9121187925338745
Sphingolipid-BTSPT-OMV_1__F264,Sphingolipid-BTSPT-OMV_1,empty,0,0,0,0,0,True,0,0.0
Sphingolipid-BTSPT-OMV_1__F265,Sphingolipid-BTSPT-OMV_1,single,1,0,0,1,1,True,0,0.8489305973052979
Sphingolipid-BTSPT-OMV_1__F266,Sphingolipid-BTSPT-OMV_1,empty,0,0,0,0,0,True,0,0.0
Sphingolipid-BTSPT-OMV_1__F267,Sphingolipid-BTSPT-OMV_1,multi,2,0,0,2,2,True,0,0.8418601453304291
Sphingolipid-BTSPT-OMV_1__F268,Sphingolipid-BTSPT-OMV_1,single,1,0,0,1,1,True,0,0.9150516390800476
Sphingolipid-BTSPT-OMV_1__F269,Sphingolipid-BTSPT-OMV_1,single,1,0,0,1,1,True,0,0.8663458824157715
Sphingolipid-BTSPT-OMV_1__F27,Sphingolipid-BTSPT-OMV_1,empty,0,0,0,0,0,True,0,0.0
Sphingolipid-BTSPT-OMV_1__F270,Sphingolipid-BTSPT-OMV_1,single,0,0,1,1,0,False,1,0.0
Sphingolipid-BTSPT-OMV_1__F271,Sphingolipid-BTSPT-OMV_1,empty,0,0,0,0,0,True,0,0.0
Sphingolipid-BTSPT-OMV_1__F272,Sphingolipid-BTSPT-OMV_1,single,1,0,0,1,1,True,0,0.8048170804977417
Sphingolipid-BTSPT-OMV_1__F273,Sphingolipid-BTSPT-OMV_1,multi,1,0,1,2,1,False,1,0.9117603302001953
Sphingolipid-BTSPT-OMV_1__F274,Sphingolipid-BTSPT-OMV_1,single,1,0,0,1,1,True,0,0.8854039907455444
Sphingolipid-BTSPT-OMV_1__F275,Sphingolipid-BTSPT-OMV_1,empty,0,1,0,0,1,False,1,0.0
Sphingolipid-BTSPT-OMV_1__F276,Sphingolipid-BTSPT-OMV_1,single,1,0,0,1,1,True,0,0.9145280718803406
Sphingolipid-BTSPT-OMV_1__F277,Sphingolipid-BTSPT-OMV_1,multi,1,0,2,3,1,False,2,0.8909928798675537
Sphingolipid-BTSPT-OMV_1__F278,Sphingolipid-BTSPT-OMV_1,empty,0,1,0,0,1,False,1,0.0
Sphingolipid-BTSPT-OMV_1__F279,Sphingolipid-BTSPT-OMV_1,multi,2,0,0,2,2,True,0,0.8658093512058258
Sphingolipid-BTSPT-OMV_1__F28,Sphingolipid-BTSPT-OMV_1,empty,0,0,0,0,0,True,0,0.0
Sphingolipid-BTSPT-OMV_1__F280,Sphingolipid-BTSPT-OMV_1,single,0,0,1,1,0,False,1,0.0
Sphingolipid-BTSPT-OMV_1__F281,Sphingolipid-BTSPT-OMV_1,single,1,0,0,1,1,True,0,0.9221329689025879
Sphingolipid-BTSPT-OMV_1__F282,Sphingolipid-BTSPT-OMV_1,empty,0,2,0,0,2,False,2,0.0
Sphingolipid-BTSPT-OMV_1__F283,Sphingolipid-BTSPT-OMV_1,empty,0,0,0,0,0,True,0,0.0
Sphingolipid-BTSPT-OMV_1__F284,Sphingolipid-BTSPT-OMV_1,single,1,0,0,1,1,True,0,0.8831360340118408
Sphingolipid-BTSPT-OMV_1__F285,Sphingolipid-BTSPT-OMV_1,single,1,0,0,1,1,True,0,0.9090908169746399
Sphingolipid-BTSPT-OMV_1__F286,Sphingolipid-BTSPT-OMV_1,single,1,0,0,1,1,True,0,0.8419238924980164
Sphingolipid-BTSPT-OMV_1__F287,Sphingolipid-BTSPT-OMV_1,empty,0,1,0,0,1,False,1,0.0
Sphingolipid-BTSPT-OMV_1__F288,Sphingolipid-BTSPT-OMV_1,empty,0,0,0,0,0,True,0,0.0
Sphingolipid-BTSPT-OMV_1__F289,Sphingolipid-BTSPT-OMV_1,multi,0,1,2,2,1,False,1,0.0
Sphingolipid-BTSPT-OMV_1__F29,Sphingolipid-BTSPT-OMV_1,empty,0,1,0,0,1,False,1,0.0
Sphingolipid-BTSPT-OMV_1__F290,Sphingolipid-BTSPT-OMV_1,empty,0,0,0,0,0,True,0,0.0
Sphingolipid-BTSPT-OMV_1__F291,Sphingolipid-BTSPT-OMV_1,empty,0,0,0,0,0,True,0,0.0
Sphingolipid-BTSPT-OMV_1__F292,Sphingolipid-BTSPT-OMV_1,empty,0,1,0,0,1,False,1,0.0
Sphingolipid-BTSPT-OMV_1__F293,Sphingolipid-BTSPT-OMV_1,single,0,0,1,1,0,False,1,0.0
Sphingolipid-BTSPT-OMV_1__F294,Sphingolipid-BTSPT-OMV_1,multi,0,0,2,2,0,False,2,0.0
Sphingolipid-BTSPT-OMV_1__F295,Sphingolipid-BTSPT-OMV_1,single,1,0,0,1,1,True,0,0.8205276727676392
Sphingolipid-BTSPT-OMV_1__F296,Sphingolipid-BTSPT-OMV_1,empty,0,0,0,0,0,True,0,0.0
Sphingolipid-BTSPT-OMV_1__F297,Sphingolipid-BTSPT-OMV_1,single,1,0,0,1,1,True,0,0.9224386811256409
Sphingolipid-BTSPT-OMV_1__F298,Sphingolipid-BTSPT-OMV_1,single,1,0,0,1,1,True,0,0.8441259264945984
Sphingolipid-BTSPT-OMV_1__F299,Sphingolipid-BTSPT-OMV_1,single,1,0,0,1,1,True,0,0.8598175048828125
Sphingolipid-BTSPT-OMV_1__F3,Sphingolipid-BTSPT-OMV_1,single,1,0,0,1,1,True,0,0.7788318395614624
Sphingolipid-BTSPT-OMV_1__F30,Sphingolipid-BTSPT-OMV_1,empty,0,0,0,0,0,True,0,0.0
Sphingolipid-BTSPT-OMV_1__F300,Sphingolipid-BTSPT-OMV_1,single,1,0,0,1,1,True,0,0.7668542265892029
Sphingolipid-BTSPT-OMV_1__F301,Sphingolipid-BTSPT-OMV_1,single,1,0,0,1,1,True,0,0.8608636260032654
Sphingolipid-BTSPT-OMV_1__F302,Sphingolipid-BTSPT-OMV_1,single,1,0,0,1,1,True,0,0.7561525702476501
Sphingolipid-BTSPT-OMV_1__F303,Sphingolipid-BTSPT-OMV_1,single,1,0,0,1,1,True,0,0.8536120057106018
Sphingolipid-BTSPT-OMV_1__F304,Sphingolipid-BTSPT-OMV_1,empty,0,0,0,0,0,True,0,0.0
Sphingolipid-BTSPT-OMV_1__F305,Sphingolipid-BTSPT-OMV_1,empty,0,0,0,0,0,True,0,0.0
Sphingolipid-BTSPT-OMV_1__F307,Sphingolipid-BTSPT-OMV_1,empty,0,0,0,0,0,True,0,0.0
Sphingolipid-BTSPT-OMV_1__F308,Sphingolipid-BTSPT-OMV_1,empty,0,1,0,0,1,False,1,0.0
Sphingolipid-BTSPT-OMV_1__F309,Sphingolipid-BTSPT-OMV_1,single,1,0,0,1,1,True,0,0.9356495141983032
Sphingolipid-BTSPT-OMV_1__F31,Sphingolipid-BTSPT-OMV_1,empty,0,0,0,0,0,True,0,0.0
Sphingolipid-BTSPT-OMV_1__F310,Sphingolipid-BTSPT-OMV_1,multi,1,0,1,2,1,False,1,0.7261323928833008
Sphingolipid-BTSPT-OMV_1__F311,Sphingolipid-BTSPT-OMV_1,empty,0,0,0,0,0,True,0,0.0
Sphingolipid-BTSPT-OMV_1__F312,Sphingolipid-BTSPT-OMV_1,empty,0,0,0,0,0,True,0,0.0
Sphingolipid-BTSPT-OMV_1__F313,Sphingolipid-BTSPT-OMV_1,single,1,0,0,1,1,True,0,0.8392214775085449
Sphingolipid-BTSPT-OMV_1__F314,Sphingolipid-BTSPT-OMV_1,multi,2,1,1,3,3,True,0,0.810276985168457
Sphingolipid-BTSPT-OMV_1__F315,Sphingolipid-BTSPT-OMV_1,empty,0,0,0,0,0,True,0,0.0
Sphingolipid-BTSPT-OMV_1__F316,Sphingolipid-BTSPT-OMV_1,empty,0,0,0,0,0,True,0,0.0
Sphingolipid-BTSPT-OMV_1__F317,Sphingolipid-BTSPT-OMV_1,multi,3,2,1,4,5,False,1,0.835876484711965
Sphingolipid-BTSPT-OMV_1__F318,Sphingolipid-BTSPT-OMV_1,single,1,0,0,1,1,True,0,0.9127777814865112
Sphingolipid-BTSPT-OMV_1__F32,Sphingolipid-BTSPT-OMV_1,single,1,0,0,1,1,True,0,0.9270974397659302
Sphingolipid-BTSPT-OMV_1__F320,Sphingolipid-BTSPT-OMV_1,empty,0,1,0,0,1,False,1,0.0
Sphingolipid-BTSPT-OMV_1__F321,Sphingolipid-BTSPT-OMV_1,empty,0,0,0,0,0,True,0,0.0
Sphingolipid-BTSPT-OMV_1__F322,Sphingolipid-BTSPT-OMV_1,single,1,0,0,1,1,True,0,0.8403769731521606
Sphingolipid-BTSPT-OMV_1__F323,Sphingolipid-BTSPT-OMV_1,multi,2,0,0,2,2,True,0,0.9073606431484222
Sphingolipid-BTSPT-OMV_1__F324,Sphingolipid-BTSPT-OMV_1,single,1,0,0,1,1,True,0,0.9644402861595154
Sphingolipid-BTSPT-OMV_1__F325,Sphingolipid-BTSPT-OMV_1,single,1,0,0,1,1,True,0,0.659959077835083
Sphingolipid-BTSPT-OMV_1__F326,Sphingolipid-BTSPT-OMV_1,empty,0,0,0,0,0,True,0,0.0
Sphingolipid-BTSPT-OMV_1__F327,Sphingolipid-BTSPT-OMV_1,multi,2,1,1,3,3,True,0,0.7250582575798035
Sphingolipid-BTSPT-OMV_1__F328,Sphingolipid-BTSPT-OMV_1,empty,0,0,0,0,0,True,0,0.0
Sphingolipid-BTSPT-OMV_1__F329,Sphingolipid-BTSPT-OMV_1,single,1,0,0,1,1,True,0,0.7901946306228638
Sphingolipid-BTSPT-OMV_1__F33,Sphingolipid-BTSPT-OMV_1,single,1,0,0,1,1,True,0,0.8110001087188721
Sphingolipid-BTSPT-OMV_1__F330,Sphingolipid-BTSPT-OMV_1,single,1,0,0,1,1,True,0,0.8647539019584656
Sphingolipid-BTSPT-OMV_1__F331,Sphingolipid-BTSPT-OMV_1,multi,1,0,4,5,1,False,4,0.7337155938148499
Sphingolipid-BTSPT-OMV_1__F332,Sphingolipid-BTSPT-OMV_1,empty,0,0,0,0,0,True,0,0.0
Sphingolipid-BTSPT-OMV_1__F333,Sphingolipid-BTSPT-OMV_1,single,1,0,0,1,1,True,0,0.89015132188797
Sphingolipid-BTSPT-OMV_1__F334,Sphingolipid-BTSPT-OMV_1,empty,0,0,0,0,0,True,0,0.0
Sphingolipid-BTSPT-OMV_1__F335,Sphingolipid-BTSPT-OMV_1,single,1,0,0,1,1,True,0,0.8759872913360596
Sphingolipid-BTSPT-OMV_1__F336,Sphingolipid-BTSPT-OMV_1,multi,2,0,0,2,2,True,0,0.9560713469982147
Sphingolipid-BTSPT-OMV_1__F337,Sphingolipid-BTSPT-OMV_1,empty,0,0,0,0,0,True,0,0.0
Sphingolipid-BTSPT-OMV_1__F338,Sphingolipid-BTSPT-OMV_1,multi,2,0,0,2,2,True,0,0.8563098311424255
Sphingolipid-BTSPT-OMV_1__F339,Sphingolipid-BTSPT-OMV_1,empty,0,0,0,0,0,True,0,0.0
Sphingolipid-BTSPT-OMV_1__F34,Sphingolipid-BTSPT-OMV_1,single,1,0,0,1,1,True,0,0.8818153142929077
Sphingolipid-BTSPT-OMV_1__F340,Sphingolipid-BTSPT-OMV_1,single,1,0,0,1,1,True,0,0.9302560687065125
Sphingolipid-BTSPT-OMV_1__F341,Sphingolipid-BTSPT-OMV_1,empty,0,1,0,0,1,False,1,0.0
Sphingolipid-BTSPT-OMV_1__F342,Sphingolipid-BTSPT-OMV_1,single,1,1,0,1,2,False,1,0.7409782409667969
Sphingolipid-BTSPT-OMV_1__F343,Sphingolipid-BTSPT-OMV_1,single,1,0,0,1,1,True,0,0.8339400291442871
Sphingolipid-BTSPT-OMV_1__F344,Sphingolipid-BTSPT-OMV_1,multi,1,0,1,2,1,False,1,0.6512377858161926
Sphingolipid-BTSPT-OMV_1__F345,Sphingolipid-BTSPT-OMV_1,empty,0,0,0,0,0,True,0,0.0
Sphingolipid-BTSPT-OMV_1__F346,Sphingolipid-BTSPT-OMV_1,multi,2,0,1,3,2,False,1,0.6901113986968994
Sphingolipid-BTSPT-OMV_1__F347,Sphingolipid-BTSPT-OMV_1,single,0,0,1,1,0,False,1,0.0
Sphingolipid-BTSPT-OMV_1__F348,Sphingolipid-BTSPT-OMV_1,empty,0,0,0,0,0,True,0,0.0
Sphingolipid-BTSPT-OMV_1__F349,Sphingolipid-BTSPT-OMV_1,single,1,0,0,1,1,True,0,0.7437747120857239
Sphingolipid-BTSPT-OMV_1__F35,Sphingolipid-BTSPT-OMV_1,single,0,1,1,1,1,True,0,0.0
Sphingolipid-BTSPT-OMV_1__F350,Sphingolipid-BTSPT-OMV_1,empty,0,0,0,0,0,True,0,0.0
Sphingolipid-BTSPT-OMV_1__F351,Sphingolipid-BTSPT-OMV_1,single,1,0,0,1,1,True,0,0.8511258363723755
Sphingolipid-BTSPT-OMV_1__F352,Sphingolipid-BTSPT-OMV_1,single,1,0,0,1,1,True,0,0.887583315372467
Sphingolipid-BTSPT-OMV_1__F353,Sphingolipid-BTSPT-OMV_1,empty,0,0,0,0,0,True,0,0.0
Sphingolipid-BTSPT-OMV_1__F354,Sphingolipid-BTSPT-OMV_1,empty,0,0,0,0,0,True,0,0.0
Sphingolipid-BTSPT-OMV_1__F355,Sphingolipid-BTSPT-OMV_1,single,1,0,0,1,1,True,0,0.9345017075538635
Sphingolipid-BTSPT-OMV_1__F357,Sphingolipid-BTSPT-OMV_1,single,1,0,0,1,1,True,0,0.874745786190033
Sphingolipid-BTSPT-OMV_1__F358,Sphingolipid-BTSPT-OMV_1,multi,1,0,1,2,1,False,1,0.5571429133415222
Sphingolipid-BTSPT-OMV_1__F359,Sphingolipid-BTSPT-OMV_1,single,1,0,0,1,1,True,0,0.8442445397377014
Sphingolipid-BTSPT-OMV_1__F36,Sphingolipid-BTSPT-OMV_1,empty,0,0,0,0,0,True,0,0.0
Sphingolipid-BTSPT-OMV_1__F360,Sphingolipid-BTSPT-OMV_1,single,1,0,0,1,1,True,0,0.5995089411735535
Sphingolipid-BTSPT-OMV_1__F362,Sphingolipid-BTSPT-OMV_1,multi,2,0,1,3,2,False,1,0.7965874671936035
Sphingolipid-BTSPT-OMV_1__F363,Sphingolipid-BTSPT-OMV_1,empty,0,0,0,0,0,True,0,0.0
Sphingolipid-BTSPT-OMV_1__F366,Sphingolipid-BTSPT-OMV_1,empty,0,1,0,0,1,False,1,0.0
Sphingolipid-BTSPT-OMV_1__F367,Sphingolipid-BTSPT-OMV_1,single,1,0,0,1,1,True,0,0.8608766794204712
Sphingolipid-BTSPT-OMV_1__F368,Sphingolipid-BTSPT-OMV_1,single,0,0,1,1,0,False,1,0.0
Sphingolipid-BTSPT-OMV_1__F369,Sphingolipid-BTSPT-OMV_1,multi,0,0,3,3,0,False,3,0.0
Sphingolipid-BTSPT-OMV_1__F37,Sphingolipid-BTSPT-OMV_1,empty,0,0,0,0,0,True,0,0.0
Sphingolipid-BTSPT-OMV_1__F370,Sphingolipid-BTSPT-OMV_1,multi,0,1,2,2,1,False,1,0.0
Sphingolipid-BTSPT-OMV_1__F371,Sphingolipid-BTSPT-OMV_1,empty,0,1,0,0,1,False,1,0.0
Sphingolipid-BTSPT-OMV_1__F372,Sphingolipid-BTSPT-OMV_1,single,0,1,1,1,1,True,0,0.0
Sphingolipid-BTSPT-OMV_1__F373,Sphingolipid-BTSPT-OMV_1,empty,0,1,0,0,1,False,1,0.0
Sphingolipid-BTSPT-OMV_1__F374,Sphingolipid-BTSPT-OMV_1,empty,0,0,0,0,0,True,0,0.0
Sphingolipid-BTSPT-OMV_1__F375,Sphingolipid-BTSPT-OMV_1,single,1,0,0,1,1,True,0,0.8371589183807373
Sphingolipid-BTSPT-OMV_1__F376,Sphingolipid-BTSPT-OMV_1,single,1,0,0,1,1,True,0,0.716529369354248
Sphingolipid-BTSPT-OMV_1__F377,Sphingolipid-BTSPT-OMV_1,empty,0,1,0,0,1,False,1,0.0
Sphingolipid-BTSPT-OMV_1__F378,Sphingolipid-BTSPT-OMV_1,single,1,0,0,1,1,True,0,0.9321472644805908
Sphingolipid-BTSPT-OMV_1__F379,Sphingolipid-BTSPT-OMV_1,single,1,0,0,1,1,True,0,0.8440846800804138
Sphingolipid-BTSPT-OMV_1__F38,Sphingolipid-BTSPT-OMV_1,empty,0,0,0,0,0,True,0,0.0
Sphingolipid-BTSPT-OMV_1__F380,Sphingolipid-BTSPT-OMV_1,single,1,0,0,1,1,True,0,0.8770827651023865
Sphingolipid-BTSPT-OMV_1__F381,Sphingolipid-BTSPT-OMV_1,single,1,0,0,1,1,True,0,0.8866102695465088
Sphingolipid-BTSPT-OMV_1__F382,Sphingolipid-BTSPT-OMV_1,multi,1,0,1,2,1,False,1,0.9187353849411011
Sphingolipid-BTSPT-OMV_1__F383,Sphingolipid-BTSPT-OMV_1,multi,2,0,0,2,2,True,0,0.8929683268070221
Sphingolipid-BTSPT-OMV_1__F384,Sphingolipid-BTSPT-OMV_1,empty,0,1,0,0,1,False,1,0.0
Sphingolipid-BTSPT-OMV_1__F385,Sphingolipid-BTSPT-OMV_1,multi,1,0,1,2,1,False,1,0.9071797132492065
Sphingolipid-BTSPT-OMV_1__F386,Sphingolipid-BTSPT-OMV_1,single,1,0,0,1,1,True,0,0.7173308730125427
Sphingolipid-BTSPT-OMV_1__F387,Sphingolipid-BTSPT-OMV_1,single,1,0,0,1,1,True,0,0.6658259034156799
Sphingolipid-BTSPT-OMV_1__F388,Sphingolipid-BTSPT-OMV_1,multi,1,0,1,2,1,False,1,0.8447870016098022
Sphingolipid-BTSPT-OMV_1__F389,Sphingolipid-BTSPT-OMV_1,single,1,0,0,1,1,True,0,0.8387469053268433
Sphingolipid-BTSPT-OMV_1__F39,Sphingolipid-BTSPT-OMV_1,empty,0,0,0,0,0,True,0,0.0
Sphingolipid-BTSPT-OMV_1__F390,Sphingolipid-BTSPT-OMV_1,multi,2,0,0,2,2,True,0,0.834101527929306
Sphingolipid-BTSPT-OMV_1__F391,Sphingolipid-BTSPT-OMV_1,single,1,0,0,1,1,True,0,0.9732576012611389
Sphingolipid-BTSPT-OMV_1__F392,Sphingolipid-BTSPT-OMV_1,multi,0,1,2,2,1,False,1,0.0
Sphingolipid-BTSPT-OMV_1__F393,Sphingolipid-BTSPT-OMV_1,empty,0,0,0,0,0,True,0,0.0
Sphingolipid-BTSPT-OMV_1__F394,Sphingolipid-BTSPT-OMV_1,empty,0,0,0,0,0,True,0,0.0
Sphingolipid-BTSPT-OMV_1__F395,Sphingolipid-BTSPT-OMV_1,empty,0,0,0,0,0,True,0,0.0
Sphingolipid-BTSPT-OMV_1__F396,Sphingolipid-BTSPT-OMV_1,multi,1,0,1,2,1,False,1,0.8022884726524353
Sphingolipid-BTSPT-OMV_1__F398,Sphingolipid-BTSPT-OMV_1,multi,2,0,0,2,2,True,0,0.8920288681983948
Sphingolipid-BTSPT-OMV_1__F399,Sphingolipid-BTSPT-OMV_1,empty,0,1,0,0,1,False,1,0.0
Sphingolipid-BTSPT-OMV_1__F4,Sphingolipid-BTSPT-OMV_1,single,1,0,0,1,1,True,0,0.859332799911499
Sphingolipid-BTSPT-OMV_1__F40,Sphingolipid-BTSPT-OMV_1,empty,0,1,0,0,1,False,1,0.0
Sphingolipid-BTSPT-OMV_1__F400,Sphingolipid-BTSPT-OMV_1,empty,0,0,0,0,0,True,0,0.0
Sphingolipid-BTSPT-OMV_1__F401,Sphingolipid-BTSPT-OMV_1,single,1,0,0,1,1,True,0,0.964233934879303
Sphingolipid-BTSPT-OMV_1__F402,Sphingolipid-BTSPT-OMV_1,multi,2,0,0,2,2,True,0,0.8835287988185883
Sphingolipid-BTSPT-OMV_1__F403,Sphingolipid-BTSPT-OMV_1,empty,0,0,0,0,0,True,0,0.0
Sphingolipid-BTSPT-OMV_1__F404,Sphingolipid-BTSPT-OMV_1,single,1,0,0,1,1,True,0,0.9607335925102234
Sphingolipid-BTSPT-OMV_1__F405,Sphingolipid-BTSPT-OMV_1,empty,0,2,0,0,2,False,2,0.0
Sphingolipid-BTSPT-OMV_1__F406,Sphingolipid-BTSPT-OMV_1,single,1,0,0,1,1,True,0,0.938952624797821
Sphingolipid-BTSPT-OMV_1__F407,Sphingolipid-BTSPT-OMV_1,empty,0,0,0,0,0,True,0,0.0
Sphingolipid-BTSPT-OMV_1__F408,Sphingolipid-BTSPT-OMV_1,single,0,1,1,1,1,True,0,0.0
Sphingolipid-BTSPT-OMV_1__F409,Sphingolipid-BTSPT-OMV_1,single,1,0,0,1,1,True,0,0.7626076936721802
Sphingolipid-BTSPT-OMV_1__F41,Sphingolipid-BTSPT-OMV_1,multi,3,0,0,3,3,True,0,0.8468367656071981
Sphingolipid-BTSPT-OMV_1__F410,Sphingolipid-BTSPT-OMV_1,empty,0,0,0,0,0,True,0,0.0
Sphingolipid-BTSPT-OMV_1__F411,Sphingolipid-BTSPT-OMV_1,single,1,0,0,1,1,True,0,0.9477084279060364
Sphingolipid-BTSPT-OMV_1__F412,Sphingolipid-BTSPT-OMV_1,empty,0,0,0,0,0,True,0,0.0
Sphingolipid-BTSPT-OMV_1__F413,Sphingolipid-BTSPT-OMV_1,empty,0,0,0,0,0,True,0,0.0
Sphingolipid-BTSPT-OMV_1__F414,Sphingolipid-BTSPT-OMV_1,empty,0,0,0,0,0,True,0,0.0
Sphingolipid-BTSPT-OMV_1__F415,Sphingolipid-BTSPT-OMV_1,empty,0,1,0,0,1,False,1,0.0
Sphingolipid-BTSPT-OMV_1__F416,Sphingolipid-BTSPT-OMV_1,single,0,0,1,1,0,False,1,0.0
Sphingolipid-BTSPT-OMV_1__F417,Sphingolipid-BTSPT-OMV_1,single,1,1,0,1,2,False,1,0.5973880290985107
Sphingolipid-BTSPT-OMV_1__F418,Sphingolipid-BTSPT-OMV_1,single,1,0,0,1,1,True,0,0.9196423292160034
Sphingolipid-BTSPT-OMV_1__F419,Sphingolipid-BTSPT-OMV_1,empty,0,0,0,0,0,True,0,0.0
Sphingolipid-BTSPT-OMV_1__F42,Sphingolipid-BTSPT-OMV_1,multi,0,0,2,2,0,False,2,0.0
Sphingolipid-BTSPT-OMV_1__F420,Sphingolipid-BTSPT-OMV_1,single,0,0,1,1,0,False,1,0.0
Sphingolipid-BTSPT-OMV_1__F421,Sphingolipid-BTSPT-OMV_1,multi,1,0,1,2,1,False,1,0.8426775932312012
Sphingolipid-BTSPT-OMV_1__F422,Sphingolipid-BTSPT-OMV_1,single,1,0,0,1,1,True,0,0.7893613576889038
Sphingolipid-BTSPT-OMV_1__F423,Sphingolipid-BTSPT-OMV_1,single,1,0,0,1,1,True,0,0.7897116541862488
Sphingolipid-BTSPT-OMV_1__F424,Sphingolipid-BTSPT-OMV_1,empty,0,0,0,0,0,True,0,0.0
Sphingolipid-BTSPT-OMV_1__F425,Sphingolipid-BTSPT-OMV_1,empty,0,0,0,0,0,True,0,0.0
Sphingolipid-BTSPT-OMV_1__F426,Sphingolipid-BTSPT-OMV_1,single,1,0,0,1,1,True,0,0.8849173188209534
Sphingolipid-BTSPT-OMV_1__F427,Sphingolipid-BTSPT-OMV_1,single,1,0,0,1,1,True,0,0.8209575414657593
Sphingolipid-BTSPT-OMV_1__F428,Sphingolipid-BTSPT-OMV_1,empty,0,0,0,0,0,True,0,0.0
Sphingolipid-BTSPT-OMV_1__F429,Sphingolipid-BTSPT-OMV_1,empty,0,1,0,0,1,False,1,0.0
Sphingolipid-BTSPT-OMV_1__F43,Sphingolipid-BTSPT-OMV_1,empty,0,1,0,0,1,False,1,0.0
Sphingolipid-BTSPT-OMV_1__F430,Sphingolipid-BTSPT-OMV_1,single,1,0,0,1,1,True,0,0.7623011469841003
Sphingolipid-BTSPT-OMV_1__F431,Sphingolipid-BTSPT-OMV_1,single,1,0,0,1,1,True,0,0.614891529083252
Sphingolipid-BTSPT-OMV_1__F432,Sphingolipid-BTSPT-OMV_1,single,1,0,0,1,1,True,0,0.8027536869049072
Sphingolipid-BTSPT-OMV_1__F433,Sphingolipid-BTSPT-OMV_1,single,0,0,1,1,0,False,1,0.0
Sphingolipid-BTSPT-OMV_1__F434,Sphingolipid-BTSPT-OMV_1,multi,2,0,0,2,2,True,0,0.89382004737854
Sphingolipid-BTSPT-OMV_1__F435,Sphingolipid-BTSPT-OMV_1,single,1,0,0,1,1,True,0,0.9720014333724976
Sphingolipid-BTSPT-OMV_1__F436,Sphingolipid-BTSPT-OMV_1,empty,0,0,0,0,0,True,0,0.0
Sphingolipid-BTSPT-OMV_1__F437,Sphingolipid-BTSPT-OMV_1,single,1,0,0,1,1,True,0,0.8358510732650757
Sphingolipid-BTSPT-OMV_1__F438,Sphingolipid-BTSPT-OMV_1,single,1,0,0,1,1,True,0,0.5463546514511108
Sphingolipid-BTSPT-OMV_1__F439,Sphingolipid-BTSPT-OMV_1,multi,1,0,2,3,1,False,2,0.6713372468948364
Sphingolipid-BTSPT-OMV_1__F44,Sphingolipid-BTSPT-OMV_1,single,1,0,0,1,1,True,0,0.7980367541313171
Sphingolipid-BTSPT-OMV_1__F440,Sphingolipid-BTSPT-OMV_1,single,1,0,0,1,1,True,0,0.8053219318389893
Sphingolipid-BTSPT-OMV_1__F441,Sphingolipid-BTSPT-OMV_1,empty,0,0,0,0,0,True,0,0.0
Sphingolipid-BTSPT-OMV_1__F442,Sphingolipid-BTSPT-OMV_1,single,1,0,0,1,1,True,0,0.8574856519699097
Sphingolipid-BTSPT-OMV_1__F443,Sphingolipid-BTSPT-OMV_1,single,1,0,0,1,1,True,0,0.7769419550895691
Sphingolipid-BTSPT-OMV_1__F444,Sphingolipid-BTSPT-OMV_1,empty,0,0,0,0,0,True,0,0.0
Sphingolipid-BTSPT-OMV_1__F445,Sphingolipid-BTSPT-OMV_1,single,1,0,0,1,1,True,0,0.9550422430038452
Sphingolipid-BTSPT-OMV_1__F446,Sphingolipid-BTSPT-OMV_1,empty,0,0,0,0,0,True,0,0.0
Sphingolipid-BTSPT-OMV_1__F447,Sphingolipid-BTSPT-OMV_1,single,1,0,0,1,1,True,0,0.7967487573623657
Sphingolipid-BTSPT-OMV_1__F448,Sphingolipid-BTSPT-OMV_1,multi,0,0,3,3,0,False,3,0.0
Sphingolipid-BTSPT-OMV_1__F449,Sphingolipid-BTSPT-OMV_1,empty,0,0,0,0,0,True,0,0.0
Sphingolipid-BTSPT-OMV_1__F45,Sphingolipid-BTSPT-OMV_1,single,1,0,0,1,1,True,0,0.9313886761665344
Sphingolipid-BTSPT-OMV_1__F450,Sphingolipid-BTSPT-OMV_1,multi,1,0,1,2,1,False,1,0.82265305519104
Sphingolipid-BTSPT-OMV_1__F451,Sphingolipid-BTSPT-OMV_1,empty,0,0,0,0,0,True,0,0.0
Sphingolipid-BTSPT-OMV_1__F452,Sphingolipid-BTSPT-OMV_1,multi,0,1,2,2,1,False,1,0.0
Sphingolipid-BTSPT-OMV_1__F453,Sphingolipid-BTSPT-OMV_1,single,1,0,0,1,1,True,0,0.714560329914093
Sphingolipid-BTSPT-OMV_1__F454,Sphingolipid-BTSPT-OMV_1,single,1,0,0,1,1,True,0,0.8502597808837891
Sphingolipid-BTSPT-OMV_1__F455,Sphingolipid-BTSPT-OMV_1,single,1,0,0,1,1,True,0,0.8781867027282715
Sphingolipid-BTSPT-OMV_1__F456,Sphingolipid-BTSPT-OMV_1,empty,0,0,0,0,0,True,0,0.0
Sphingolipid-BTSPT-OMV_1__F457,Sphingolipid-BTSPT-OMV_1,single,1,0,0,1,1,True,0,0.8286290168762207
Sphingolipid-BTSPT-OMV_1__F458,Sphingolipid-BTSPT-OMV_1,single,1,0,0,1,1,True,0,0.9253004789352417
Sphingolipid-BTSPT-OMV_1__F459,Sphingolipid-BTSPT-OMV_1,multi,2,0,0,2,2,True,0,0.9023846089839935
Sphingolipid-BTSPT-OMV_1__F46,Sphingolipid-BTSPT-OMV_1,empty,0,1,0,0,1,False,1,0.0
Sphingolipid-BTSPT-OMV_1__F460,Sphingolipid-BTSPT-OMV_1,single,1,0,0,1,1,True,0,0.7529405355453491
Sphingolipid-BTSPT-OMV_1__F461,Sphingolipid-BTSPT-OMV_1,single,1,0,0,1,1,True,0,0.8959588408470154
Sphingolipid-BTSPT-OMV_1__F462,Sphingolipid-BTSPT-OMV_1,single,1,0,0,1,1,True,0,0.8680099844932556
Sphingolipid-BTSPT-OMV_1__F463,Sphingolipid-BTSPT-OMV_1,single,1,0,0,1,1,True,0,0.8498995304107666
Sphingolipid-BTSPT-OMV_1__F464,Sphingolipid-BTSPT-OMV_1,multi,2,0,0,2,2,True,0,0.8252737522125244
Sphingolipid-BTSPT-OMV_1__F465,Sphingolipid-BTSPT-OMV_1,single,1,0,0,1,1,True,0,0.7394933700561523
Sphingolipid-BTSPT-OMV_1__F466,Sphingolipid-BTSPT-OMV_1,multi,2,0,1,3,2,False,1,0.6988733112812042
Sphingolipid-BTSPT-OMV_1__F467,Sphingolipid-BTSPT-OMV_1,single,1,0,0,1,1,True,0,0.8980501890182495
Sphingolipid-BTSPT-OMV_1__F468,Sphingolipid-BTSPT-OMV_1,empty,0,0,0,0,0,True,0,0.0
Sphingolipid-BTSPT-OMV_1__F469,Sphingolipid-BTSPT-OMV_1,single,1,0,0,1,1,True,0,0.8113715052604675
Sphingolipid-BTSPT-OMV_1__F47,Sphingolipid-BTSPT-OMV_1,single,1,0,0,1,1,True,0,0.9589223861694336
Sphingolipid-BTSPT-OMV_1__F470,Sphingolipid-BTSPT-OMV_1,single,1,0,0,1,1,True,0,0.7563854455947876
Sphingolipid-BTSPT-OMV_1__F471,Sphingolipid-BTSPT-OMV_1,multi,2,0,0,2,2,True,0,0.8423932790756226
Sphingolipid-BTSPT-OMV_1__F472,Sphingolipid-BTSPT-OMV_1,empty,0,0,0,0,0,True,0,0.0
Sphingolipid-BTSPT-OMV_1__F473,Sphingolipid-BTSPT-OMV_1,empty,0,0,0,0,0,True,0,0.0
Sphingolipid-BTSPT-OMV_1__F474,Sphingolipid-BTSPT-OMV_1,empty,0,1,0,0,1,False,1,0.0
Sphingolipid-BTSPT-OMV_1__F475,Sphingolipid-BTSPT-OMV_1,empty,0,1,0,0,1,False,1,0.0
Sphingolipid-BTSPT-OMV_1__F476,Sphingolipid-BTSPT-OMV_1,single,1,0,0,1,1,True,0,0.8962787389755249
Sphingolipid-BTSPT-OMV_1__F477,Sphingolipid-BTSPT-OMV_1,single,1,0,0,1,1,True,0,0.7958548665046692
Sphingolipid-BTSPT-OMV_1__F478,Sphingolipid-BTSPT-OMV_1,empty,0,0,0,0,0,True,0,0.0
Sphingolipid-BTSPT-OMV_1__F479,Sphingolipid-BTSPT-OMV_1,empty,0,0,0,0,0,True,0,0.0
Sphingolipid-BTSPT-OMV_1__F48,Sphingolipid-BTSPT-OMV_1,single,1,0,0,1,1,True,0,0.9803500771522522
Sphingolipid-BTSPT-OMV_1__F480,Sphingolipid-BTSPT-OMV_1,empty,0,0,0,0,0,True,0,0.0
Sphingolipid-BTSPT-OMV_1__F481,Sphingolipid-BTSPT-OMV_1,empty,0,0,0,0,0,True,0,0.0
Sphingolipid-BTSPT-OMV_1__F482,Sphingolipid-BTSPT-OMV_1,single,0,0,1,1,0,False,1,0.0
Sphingolipid-BTSPT-OMV_1__F483,Sphingolipid-BTSPT-OMV_1,single,1,0,0,1,1,True,0,0.8592814803123474
Sphingolipid-BTSPT-OMV_1__F484,Sphingolipid-BTSPT-OMV_1,empty,0,0,0,0,0,True,0,0.0
Sphingolipid-BTSPT-OMV_1__F485,Sphingolipid-BTSPT-OMV_1,empty,0,0,0,0,0,True,0,0.0
Sphingolipid-BTSPT-OMV_1__F487,Sphingolipid-BTSPT-OMV_1,empty,0,0,0,0,0,True,0,0.0
Sphingolipid-BTSPT-OMV_1__F488,Sphingolipid-BTSPT-OMV_1,single,1,0,0,1,1,True,0,0.914562463760376
Sphingolipid-BTSPT-OMV_1__F489,Sphingolipid-BTSPT-OMV_1,empty,0,0,0,0,0,True,0,0.0
Sphingolipid-BTSPT-OMV_1__F49,Sphingolipid-BTSPT-OMV_1,empty,0,1,0,0,1,False,1,0.0
Sphingolipid-BTSPT-OMV_1__F490,Sphingolipid-BTSPT-OMV_1,single,1,0,0,1,1,True,0,0.7090917229652405
Sphingolipid-BTSPT-OMV_1__F491,Sphingolipid-BTSPT-OMV_1,single,1,0,0,1,1,True,0,0.8119242787361145
Sphingolipid-BTSPT-OMV_1__F492,Sphingolipid-BTSPT-OMV_1,single,1,0,0,1,1,True,0,0.9095575213432312
Sphingolipid-BTSPT-OMV_1__F493,Sphingolipid-BTSPT-OMV_1,single,1,0,0,1,1,True,0,0.9739440679550171
Sphingolipid-BTSPT-OMV_1__F494,Sphingolipid-BTSPT-OMV_1,empty,0,0,0,0,0,True,0,0.0
Sphingolipid-BTSPT-OMV_1__F495,Sphingolipid-BTSPT-OMV_1,single,1,0,0,1,1,True,0,0.9771535992622375
Sphingolipid-BTSPT-OMV_1__F497,Sphingolipid-BTSPT-OMV_1,single,1,0,0,1,1,True,0,0.9180276393890381
Sphingolipid-BTSPT-OMV_1__F498,Sphingolipid-BTSPT-OMV_1,single,1,0,0,1,1,True,0,0.9298239946365356
Sphingolipid-BTSPT-OMV_1__F499,Sphingolipid-BTSPT-OMV_1,single,1,0,0,1,1,True,0,0.8830428123474121
Sphingolipid-BTSPT-OMV_1__F5,Sphingolipid-BTSPT-OMV_1,single,1,0,0,1,1,True,0,0.8154392242431641
Sphingolipid-BTSPT-OMV_1__F50,Sphingolipid-BTSPT-OMV_1,single,1,0,0,1,1,True,0,0.8315656185150146
Sphingolipid-BTSPT-OMV_1__F500,Sphingolipid-BTSPT-OMV_1,multi,2,0,0,2,2,True,0,0.7796246707439423
Sphingolipid-BTSPT-OMV_1__F501,Sphingolipid-BTSPT-OMV_1,single,1,0,0,1,1,True,0,0.7197986245155334
Sphingolipid-BTSPT-OMV_1__F502,Sphingolipid-BTSPT-OMV_1,single,1,0,0,1,1,True,0,0.777682363986969
Sphingolipid-BTSPT-OMV_1__F503,Sphingolipid-BTSPT-OMV_1,single,1,0,0,1,1,True,0,0.824393093585968
Sphingolipid-BTSPT-OMV_1__F504,Sphingolipid-BTSPT-OMV_1,multi,2,0,0,2,2,True,0,0.7785156965255737
Sphingolipid-BTSPT-OMV_1__F505,Sphingolipid-BTSPT-OMV_1,single,1,0,0,1,1,True,0,0.956000804901123
Sphingolipid-BTSPT-OMV_1__F506,Sphingolipid-BTSPT-OMV_1,single,1,0,0,1,1,True,0,0.913116991519928
Sphingolipid-BTSPT-OMV_1__F507,Sphingolipid-BTSPT-OMV_1,empty,0,2,0,0,2,False,2,0.0
Sphingolipid-BTSPT-OMV_1__F508,Sphingolipid-BTSPT-OMV_1,single,1,0,0,1,1,True,0,0.8413087129592896
Sphingolipid-BTSPT-OMV_1__F509,Sphingolipid-BTSPT-OMV_1,empty,0,0,0,0,0,True,0,0.0
Sphingolipid-BTSPT-OMV_1__F51,Sphingolipid-BTSPT-OMV_1,empty,0,1,0,0,1,False,1,0.0
Sphingolipid-BTSPT-OMV_1__F510,Sphingolipid-BTSPT-OMV_1,empty,0,0,0,0,0,True,0,0.0
Sphingolipid-BTSPT-OMV_1__F511,Sphingolipid-BTSPT-OMV_1,multi,0,0,2,2,0,False,2,0.0
Sphingolipid-BTSPT-OMV_1__F512,Sphingolipid-BTSPT-OMV_1,single,1,0,0,1,1,True,0,0.7577039003372192
Sphingolipid-BTSPT-OMV_1__F513,Sphingolipid-BTSPT-OMV_1,single,1,0,0,1,1,True,0,0.7310474514961243
Sphingolipid-BTSPT-OMV_1__F514,Sphingolipid-BTSPT-OMV_1,single,1,0,0,1,1,True,0,0.7355060577392578
Sphingolipid-BTSPT-OMV_1__F515,Sphingolipid-BTSPT-OMV_1,empty,0,0,0,0,0,True,0,0.0
Sphingolipid-BTSPT-OMV_1__F516,Sphingolipid-BTSPT-OMV_1,multi,1,0,1,2,1,False,1,0.8278855681419373
Sphingolipid-BTSPT-OMV_1__F517,Sphingolipid-BTSPT-OMV_1,empty,0,0,0,0,0,True,0,0.0
Sphingolipid-BTSPT-OMV_1__F518,Sphingolipid-BTSPT-OMV_1,empty,0,0,0,0,0,True,0,0.0
Sphingolipid-BTSPT-OMV_1__F519,Sphingolipid-BTSPT-OMV_1,single,1,0,0,1,1,True,0,0.8040082454681396
Sphingolipid-BTSPT-OMV_1__F52,Sphingolipid-BTSPT-OMV_1,multi,2,0,0,2,2,True,0,0.8455107510089874
Sphingolipid-BTSPT-OMV_1__F520,Sphingolipid-BTSPT-OMV_1,empty,0,0,0,0,0,True,0,0.0
Sphingolipid-BTSPT-OMV_1__F521,Sphingolipid-BTSPT-OMV_1,empty,0,0,0,0,0,True,0,0.0
Sphingolipid-BTSPT-OMV_1__F522,Sphingolipid-BTSPT-OMV_1,empty,0,1,0,0,1,False,1,0.0
Sphingolipid-BTSPT-OMV_1__F523,Sphingolipid-BTSPT-OMV_1,empty,0,0,0,0,0,True,0,0.0
Sphingolipid-BTSPT-OMV_1__F524,Sphingolipid-BTSPT-OMV_1,multi,1,0,1,2,1,False,1,0.6529499292373657
Sphingolipid-BTSPT-OMV_1__F525,Sphingolipid-BTSPT-OMV_1,single,1,0,0,1,1,True,0,0.9010271430015564
Sphingolipid-BTSPT-OMV_1__F526,Sphingolipid-BTSPT-OMV_1,empty,0,0,0,0,0,True,0,0.0
Sphingolipid-BTSPT-OMV_1__F527,Sphingolipid-BTSPT-OMV_1,empty,0,0,0,0,0,True,0,0.0
Sphingolipid-BTSPT-OMV_1__F528,Sphingolipid-BTSPT-OMV_1,multi,2,0,0,2,2,True,0,0.8733061850070953
Sphingolipid-BTSPT-OMV_1__F529,Sphingolipid-BTSPT-OMV_1,single,1,0,0,1,1,True,0,0.7483614683151245
Sphingolipid-BTSPT-OMV_1__F53,Sphingolipid-BTSPT-OMV_1,empty,0,1,0,0,1,False,1,0.0
Sphingolipid-BTSPT-OMV_1__F530,Sphingolipid-BTSPT-OMV_1,empty,0,0,0,0,0,True,0,0.0
Sphingolipid-BTSPT-OMV_1__F531,Sphingolipid-BTSPT-OMV_1,single,1,0,0,1,1,True,0,0.9561748504638672
Sphingolipid-BTSPT-OMV_1__F532,Sphingolipid-BTSPT-OMV_1,single,1,0,0,1,1,True,0,0.919503927230835
Sphingolipid-BTSPT-OMV_1__F533,Sphingolipid-BTSPT-OMV_1,multi,2,0,0,2,2,True,0,0.9345673322677612
Sphingolipid-BTSPT-OMV_1__F534,Sphingolipid-BTSPT-OMV_1,multi,2,0,0,2,2,True,0,0.8485330939292908
Sphingolipid-BTSPT-OMV_1__F535,Sphingolipid-BTSPT-OMV_1,empty,0,0,0,0,0,True,0,0.0
Sphingolipid-BTSPT-OMV_1__F536,Sphingolipid-BTSPT-OMV_1,empty,0,0,0,0,0,True,0,0.0
Sphingolipid-BTSPT-OMV_1__F537,Sphingolipid-BTSPT-OMV_1,empty,0,0,0,0,0,True,0,0.0
Sphingolipid-BTSPT-OMV_1__F538,Sphingolipid-BTSPT-OMV_1,single,1,0,0,1,1,True,0,0.8422958850860596
Sphingolipid-BTSPT-OMV_1__F539,Sphingolipid-BTSPT-OMV_1,empty,0,1,0,0,1,False,1,0.0
Sphingolipid-BTSPT-OMV_1__F540,Sphingolipid-BTSPT-OMV_1,empty,0,1,0,0,1,False,1,0.0
Sphingolipid-BTSPT-OMV_1__F541,Sphingolipid-BTSPT-OMV_1,multi,0,2,2,2,2,True,0,0.0
Sphingolipid-BTSPT-OMV_1__F542,Sphingolipid-BTSPT-OMV_1,empty,0,0,0,0,0,True,0,0.0
Sphingolipid-BTSPT-OMV_1__F543,Sphingolipid-BTSPT-OMV_1,single,1,0,0,1,1,True,0,0.8503887057304382
Sphingolipid-BTSPT-OMV_1__F544,Sphingolipid-BTSPT-OMV_1,single,1,0,0,1,1,True,0,0.9088024497032166
Sphingolipid-BTSPT-OMV_1__F545,Sphingolipid-BTSPT-OMV_1,single,1,0,0,1,1,True,0,0.8360270857810974
Sphingolipid-BTSPT-OMV_1__F546,Sphingolipid-BTSPT-OMV_1,multi,2,0,0,2,2,True,0,0.9304424822330475
Sphingolipid-BTSPT-OMV_1__F547,Sphingolipid-BTSPT-OMV_1,single,1,0,0,1,1,True,0,0.9652864336967468
Sphingolipid-BTSPT-OMV_1__F548,Sphingolipid-BTSPT-OMV_1,single,1,0,0,1,1,True,0,0.6048671007156372
Sphingolipid-BTSPT-OMV_1__F549,Sphingolipid-BTSPT-OMV_1,empty,0,1,0,0,1,False,1,0.0
Sphingolipid-BTSPT-OMV_1__F55,Sphingolipid-BTSPT-OMV_1,empty,0,0,0,0,0,True,0,0.0
Sphingolipid-BTSPT-OMV_1__F550,Sphingolipid-BTSPT-OMV_1,empty,0,0,0,0,0,True,0,0.0
Sphingolipid-BTSPT-OMV_1__F56,Sphingolipid-BTSPT-OMV_1,single,1,0,0,1,1,True,0,0.772911548614502
Sphingolipid-BTSPT-OMV_1__F57,Sphingolipid-BTSPT-OMV_1,single,1,0,0,1,1,True,0,0.9376201629638672
Sphingolipid-BTSPT-OMV_1__F58,Sphingolipid-BTSPT-OMV_1,empty,0,0,0,0,0,True,0,0.0
Sphingolipid-BTSPT-OMV_1__F59,Sphingolipid-BTSPT-OMV_1,single,1,0,0,1,1,True,0,0.9070854187011719
Sphingolipid-BTSPT-OMV_1__F6,Sphingolipid-BTSPT-OMV_1,single,1,0,0,1,1,True,0,0.9357905983924866
Sphingolipid-BTSPT-OMV_1__F60,Sphingolipid-BTSPT-OMV_1,empty,0,1,0,0,1,False,1,0.0
Sphingolipid-BTSPT-OMV_1__F61,Sphingolipid-BTSPT-OMV_1,empty,0,0,0,0,0,True,0,0.0
Sphingolipid-BTSPT-OMV_1__F62,Sphingolipid-BTSPT-OMV_1,empty,0,0,0,0,0,True,0,0.0
Sphingolipid-BTSPT-OMV_1__F63,Sphingolipid-BTSPT-OMV_1,empty,0,0,0,0,0,True,0,0.0
Sphingolipid-BTSPT-OMV_1__F64,Sphingolipid-BTSPT-OMV_1,empty,0,0,0,0,0,True,0,0.0
Sphingolipid-BTSPT-OMV_1__F65,Sphingolipid-BTSPT-OMV_1,multi,2,0,0,2,2,True,0,0.835083931684494
Sphingolipid-BTSPT-OMV_1__F66,Sphingolipid-BTSPT-OMV_1,empty,0,1,0,0,1,False,1,0.0
Sphingolipid-BTSPT-OMV_1__F67,Sphingolipid-BTSPT-OMV_1,empty,0,0,0,0,0,True,0,0.0
Sphingolipid-BTSPT-OMV_1__F68,Sphingolipid-BTSPT-OMV_1,empty,0,0,0,0,0,True,0,0.0
Sphingolipid-BTSPT-OMV_1__F69,Sphingolipid-BTSPT-OMV_1,single,1,0,0,1,1,True,0,0.7018551826477051
Sphingolipid-BTSPT-OMV_1__F7,Sphingolipid-BTSPT-OMV_1,single,1,0,0,1,1,True,0,0.9658892154693604
Sphingolipid-BTSPT-OMV_1__F70,Sphingolipid-BTSPT-OMV_1,single,1,0,0,1,1,True,0,0.9312102198600769
Sphingolipid-BTSPT-OMV_1__F71,Sphingolipid-BTSPT-OMV_1,empty,0,1,0,0,1,False,1,0.0
Sphingolipid-BTSPT-OMV_1__F72,Sphingolipid-BTSPT-OMV_1,empty,0,0,0,0,0,True,0,0.0
Sphingolipid-BTSPT-OMV_1__F73,Sphingolipid-BTSPT-OMV_1,empty,0,1,0,0,1,False,1,0.0
Sphingolipid-BTSPT-OMV_1__F74,Sphingolipid-BTSPT-OMV_1,multi,2,0,0,2,2,True,0,0.7165239155292511
Sphingolipid-BTSPT-OMV_1__F75,Sphingolipid-BTSPT-OMV_1,single,1,0,0,1,1,True,0,0.9496915936470032
Sphingolipid-BTSPT-OMV_1__F76,Sphingolipid-BTSPT-OMV_1,multi,1,0,1,2,1,False,1,0.9107450246810913
Sphingolipid-BTSPT-OMV_1__F78,Sphingolipid-BTSPT-OMV_1,empty,0,0,0,0,0,True,0,0.0
Sphingolipid-BTSPT-OMV_1__F79,Sphingolipid-BTSPT-OMV_1,empty,0,0,0,0,0,True,0,0.0
Sphingolipid-BTSPT-OMV_1__F8,Sphingolipid-BTSPT-OMV_1,single,1,0,0,1,1,True,0,0.8935243487358093
Sphingolipid-BTSPT-OMV_1__F80,Sphingolipid-BTSPT-OMV_1,empty,0,0,0,0,0,True,0,0.0
Sphingolipid-BTSPT-OMV_1__F81,Sphingolipid-BTSPT-OMV_1,empty,0,1,0,0,1,False,1,0.0
Sphingolipid-BTSPT-OMV_1__F82,Sphingolipid-BTSPT-OMV_1,empty,0,0,0,0,0,True,0,0.0
Sphingolipid-BTSPT-OMV_1__F83,Sphingolipid-BTSPT-OMV_1,single,1,0,0,1,1,True,0,0.8354751467704773
Sphingolipid-BTSPT-OMV_1__F84,Sphingolipid-BTSPT-OMV_1,multi,4,0,0,4,4,True,0,0.8800559192895889
Sphingolipid-BTSPT-OMV_1__F85,Sphingolipid-BTSPT-OMV_1,single,1,0,0,1,1,True,0,0.8297356963157654
Sphingolipid-BTSPT-OMV_1__F86,Sphingolipid-BTSPT-OMV_1,single,1,0,0,1,1,True,0,0.9929664134979248
Sphingolipid-BTSPT-OMV_1__F87,Sphingolipid-BTSPT-OMV_1,empty,0,0,0,0,0,True,0,0.0
Sphingolipid-BTSPT-OMV_1__F88,Sphingolipid-BTSPT-OMV_1,single,1,0,0,1,1,True,0,0.6597890853881836
Sphingolipid-BTSPT-OMV_1__F89,Sphingolipid-BTSPT-OMV_1,single,1,0,0,1,1,True,0,0.8027896881103516
Sphingolipid-BTSPT-OMV_1__F9,Sphingolipid-BTSPT-OMV_1,single,1,0,0,1,1,True,0,0.6685622334480286
Sphingolipid-BTSPT-OMV_1__F90,Sphingolipid-BTSPT-OMV_1,single,1,0,0,1,1,True,0,0.8515344858169556
Sphingolipid-BTSPT-OMV_1__F91,Sphingolipid-BTSPT-OMV_1,single,1,0,0,1,1,True,0,0.7952715158462524
Sphingolipid-BTSPT-OMV_1__F92,Sphingolipid-BTSPT-OMV_1,single,1,0,0,1,1,True,0,0.8117592930793762
Sphingolipid-BTSPT-OMV_1__F93,Sphingolipid-BTSPT-OMV_1,single,0,1,1,1,1,True,0,0.0
Sphingolipid-BTSPT-OMV_1__F94,Sphingolipid-BTSPT-OMV_1,empty,0,1,0,0,1,False,1,0.0
Sphingolipid-BTSPT-OMV_1__F95,Sphingolipid-BTSPT-OMV_1,multi,0,1,2,2,1,False,1,0.0
Sphingolipid-BTSPT-OMV_1__F96,Sphingolipid-BTSPT-OMV_1,empty,0,1,0,0,1,False,1,0.0
Sphingolipid-BTSPT-OMV_1__F97,Sphingolipid-BTSPT-OMV_1,single,1,0,0,1,1,True,0,0.9319817423820496
Sphingolipid-BTSPT-OMV_1__F98,Sphingolipid-BTSPT-OMV_1,empty,0,0,0,0,0,True,0,0.0
Sphingolipid-BTSPT-OMV_1__F99,Sphingolipid-BTSPT-OMV_1,multi,0,1,2,2,1,False,1,0.0
Sphingolipid-BTWT-Cell-pellet_1__F1,Sphingolipid-BTWT-Cell-pellet_1,single,1,0,0,1,1,True,0,0.9450074434280396
Sphingolipid-BTWT-Cell-pellet_1__F10,Sphingolipid-BTWT-Cell-pellet_1,single,1,0,0,1,1,True,0,0.8245145082473755
Sphingolipid-BTWT-Cell-pellet_1__F100,Sphingolipid-BTWT-Cell-pellet_1,single,1,0,0,1,1,True,0,0.8854960799217224
Sphingolipid-BTWT-Cell-pellet_1__F101,Sphingolipid-BTWT-Cell-pellet_1,single,0,1,1,1,1,True,0,0.0
Sphingolipid-BTWT-Cell-pellet_1__F102,Sphingolipid-BTWT-Cell-pellet_1,empty,0,0,0,0,0,True,0,0.0
Sphingolipid-BTWT-Cell-pellet_1__F103,Sphingolipid-BTWT-Cell-pellet_1,multi,1,0,1,2,1,False,1,0.501193642616272
Sphingolipid-BTWT-Cell-pellet_1__F104,Sphingolipid-BTWT-Cell-pellet_1,single,1,0,0,1,1,True,0,0.8920559287071228
Sphingolipid-BTWT-Cell-pellet_1__F105,Sphingolipid-BTWT-Cell-pellet_1,single,1,0,0,1,1,True,0,0.9484028816223145
Sphingolipid-BTWT-Cell-pellet_1__F106,Sphingolipid-BTWT-Cell-pellet_1,empty,0,0,0,0,0,True,0,0.0
Sphingolipid-BTWT-Cell-pellet_1__F107,Sphingolipid-BTWT-Cell-pellet_1,empty,0,0,0,0,0,True,0,0.0
Sphingolipid-BTWT-Cell-pellet_1__F108,Sphingolipid-BTWT-Cell-pellet_1,empty,0,0,0,0,0,True,0,0.0
Sphingolipid-BTWT-Cell-pellet_1__F109,Sphingolipid-BTWT-Cell-pellet_1,single,1,0,0,1,1,True,0,0.8859111070632935
Sphingolipid-BTWT-Cell-pellet_1__F11,Sphingolipid-BTWT-Cell-pellet_1,multi,2,0,1,3,2,False,1,0.7198945879936218
Sphingolipid-BTWT-Cell-pellet_1__F110,Sphingolipid-BTWT-Cell-pellet_1,single,0,0,1,1,0,False,1,0.0
Sphingolipid-BTWT-Cell-pellet_1__F111,Sphingolipid-BTWT-Cell-pellet_1,single,1,0,0,1,1,True,0,0.8334774971008301
Sphingolipid-BTWT-Cell-pellet_1__F112,Sphingolipid-BTWT-Cell-pellet_1,single,0,0,1,1,0,False,1,0.0
Sphingolipid-BTWT-Cell-pellet_1__F113,Sphingolipid-BTWT-Cell-pellet_1,single,1,0,0,1,1,True,0,0.8321129083633423
Sphingolipid-BTWT-Cell-pellet_1__F114,Sphingolipid-BTWT-Cell-pellet_1,single,1,0,0,1,1,True,0,0.7282496690750122
Sphingolipid-BTWT-Cell-pellet_1__F115,Sphingolipid-BTWT-Cell-pellet_1,single,1,0,0,1,1,True,0,0.9111840724945068
Sphingolipid-BTWT-Cell-pellet_1__F116,Sphingolipid-BTWT-Cell-pellet_1,multi,2,0,0,2,2,True,0,0.8520870208740234
Sphingolipid-BTWT-Cell-pellet_1__F117,Sphingolipid-BTWT-Cell-pellet_1,empty,0,0,0,0,0,True,0,0.0
Sphingolipid-BTWT-Cell-pellet_1__F118,Sphingolipid-BTWT-Cell-pellet_1,single,1,0,0,1,1,True,0,0.8119469285011292
Sphingolipid-BTWT-Cell-pellet_1__F119,Sphingolipid-BTWT-Cell-pellet_1,multi,2,0,0,2,2,True,0,0.9239416420459747
Sphingolipid-BTWT-Cell-pellet_1__F12,Sphingolipid-BTWT-Cell-pellet_1,single,1,0,0,1,1,True,0,0.8475778698921204
Sphingolipid-BTWT-Cell-pellet_1__F120,Sphingolipid-BTWT-Cell-pellet_1,single,1,0,0,1,1,True,0,0.5425259470939636
Sphingolipid-BTWT-Cell-pellet_1__F121,Sphingolipid-BTWT-Cell-pellet_1,multi,2,0,0,2,2,True,0,0.8444467484951019
Sphingolipid-BTWT-Cell-pellet_1__F122,Sphingolipid-BTWT-Cell-pellet_1,single,1,0,0,1,1,True,0,0.7650235891342163
Sphingolipid-BTWT-Cell-pellet_1__F123,Sphingolipid-BTWT-Cell-pellet_1,empty,0,0,0,0,0,True,0,0.0
Sphingolipid-BTWT-Cell-pellet_1__F124,Sphingolipid-BTWT-Cell-pellet_1,single,1,0,0,1,1,True,0,0.9776226282119751
Sphingolipid-BTWT-Cell-pellet_1__F125,Sphingolipid-BTWT-Cell-pellet_1,empty,0,0,0,0,0,True,0,0.0
Sphingolipid-BTWT-Cell-pellet_1__F126,Sphingolipid-BTWT-Cell-pellet_1,single,1,0,0,1,1,True,0,0.7875486612319946
Sphingolipid-BTWT-Cell-pellet_1__F127,Sphingolipid-BTWT-Cell-pellet_1,single,1,0,0,1,1,True,0,0.9146043062210083
Sphingolipid-BTWT-Cell-pellet_1__F128,Sphingolipid-BTWT-Cell-pellet_1,empty,0,0,0,0,0,True,0,0.0
Sphingolipid-BTWT-Cell-pellet_1__F129,Sphingolipid-BTWT-Cell-pellet_1,single,1,0,0,1,1,True,0,0.8189188838005066
Sphingolipid-BTWT-Cell-pellet_1__F130,Sphingolipid-BTWT-Cell-pellet_1,single,1,0,0,1,1,True,0,0.9172828793525696
Sphingolipid-BTWT-Cell-pellet_1__F131,Sphingolipid-BTWT-Cell-pellet_1,single,1,0,0,1,1,True,0,0.9209933876991272
Sphingolipid-BTWT-Cell-pellet_1__F132,Sphingolipid-BTWT-Cell-pellet_1,empty,0,0,0,0,0,True,0,0.0
Sphingolipid-BTWT-Cell-pellet_1__F133,Sphingolipid-BTWT-Cell-pellet_1,single,0,1,1,1,1,True,0,0.0
Sphingolipid-BTWT-Cell-pellet_1__F134,Sphingolipid-BTWT-Cell-pellet_1,multi,1,3,1,2,4,False,2,0.5662076473236084
Sphingolipid-BTWT-Cell-pellet_1__F135,Sphingolipid-BTWT-Cell-pellet_1,single,0,0,1,1,0,False,1,0.0
Sphingolipid-BTWT-Cell-pellet_1__F136,Sphingolipid-BTWT-Cell-pellet_1,empty,0,0,0,0,0,True,0,0.0
Sphingolipid-BTWT-Cell-pellet_1__F137,Sphingolipid-BTWT-Cell-pellet_1,single,1,0,0,1,1,True,0,0.8102508783340454
Sphingolipid-BTWT-Cell-pellet_1__F138,Sphingolipid-BTWT-Cell-pellet_1,single,1,0,0,1,1,True,0,0.8707056045532227
Sphingolipid-BTWT-Cell-pellet_1__F139,Sphingolipid-BTWT-Cell-pellet_1,empty,0,0,0,0,0,True,0,0.0
Sphingolipid-BTWT-Cell-pellet_1__F14,Sphingolipid-BTWT-Cell-pellet_1,empty,0,0,0,0,0,True,0,0.0
Sphingolipid-BTWT-Cell-pellet_1__F140,Sphingolipid-BTWT-Cell-pellet_1,single,0,0,1,1,0,False,1,0.0
Sphingolipid-BTWT-Cell-pellet_1__F141,Sphingolipid-BTWT-Cell-pellet_1,single,0,1,1,1,1,True,0,0.0
Sphingolipid-BTWT-Cell-pellet_1__F142,Sphingolipid-BTWT-Cell-pellet_1,multi,1,0,1,2,1,False,1,0.5455312728881836
Sphingolipid-BTWT-Cell-pellet_1__F143,Sphingolipid-BTWT-Cell-pellet_1,empty,0,0,0,0,0,True,0,0.0
Sphingolipid-BTWT-Cell-pellet_1__F144,Sphingolipid-BTWT-Cell-pellet_1,single,1,0,0,1,1,True,0,0.9505857229232788
Sphingolipid-BTWT-Cell-pellet_1__F145,Sphingolipid-BTWT-Cell-pellet_1,single,1,0,0,1,1,True,0,0.8467299938201904
Sphingolipid-BTWT-Cell-pellet_1__F146,Sphingolipid-BTWT-Cell-pellet_1,single,1,0,0,1,1,True,0,0.855009913444519
Sphingolipid-BTWT-Cell-pellet_1__F147,Sphingolipid-BTWT-Cell-pellet_1,single,1,0,0,1,1,True,0,0.5788215398788452
Sphingolipid-BTWT-Cell-pellet_1__F148,Sphingolipid-BTWT-Cell-pellet_1,empty,0,0,0,0,0,True,0,0.0
Sphingolipid-BTWT-Cell-pellet_1__F149,Sphingolipid-BTWT-Cell-pellet_1,empty,0,0,0,0,0,True,0,0.0
Sphingolipid-BTWT-Cell-pellet_1__F15,Sphingolipid-BTWT-Cell-pellet_1,single,1,0,0,1,1,True,0,0.7203076481819153
Sphingolipid-BTWT-Cell-pellet_1__F150,Sphingolipid-BTWT-Cell-pellet_1,empty,0,0,0,0,0,True,0,0.0
Sphingolipid-BTWT-Cell-pellet_1__F151,Sphingolipid-BTWT-Cell-pellet_1,single,1,0,0,1,1,True,0,0.9017417430877686
Sphingolipid-BTWT-Cell-pellet_1__F152,Sphingolipid-BTWT-Cell-pellet_1,single,1,0,0,1,1,True,0,0.9218287467956543
Sphingolipid-BTWT-Cell-pellet_1__F153,Sphingolipid-BTWT-Cell-pellet_1,single,1,0,0,1,1,True,0,0.7964420914649963
Sphingolipid-BTWT-Cell-pellet_1__F154,Sphingolipid-BTWT-Cell-pellet_1,multi,1,0,3,4,1,False,3,0.5063185095787048
Sphingolipid-BTWT-Cell-pellet_1__F155,Sphingolipid-BTWT-Cell-pellet_1,single,1,0,0,1,1,True,0,0.6416642069816589
Sphingolipid-BTWT-Cell-pellet_1__F156,Sphingolipid-BTWT-Cell-pellet_1,multi,1,0,1,2,1,False,1,0.8070554137229919
Sphingolipid-BTWT-Cell-pellet_1__F157,Sphingolipid-BTWT-Cell-pellet_1,single,1,0,0,1,1,True,0,0.8669222593307495
Sphingolipid-BTWT-Cell-pellet_1__F158,Sphingolipid-BTWT-Cell-pellet_1,empty,0,0,0,0,0,True,0,0.0
Sphingolipid-BTWT-Cell-pellet_1__F159,Sphingolipid-BTWT-Cell-pellet_1,single,1,0,0,1,1,True,0,0.9554618000984192
Sphingolipid-BTWT-Cell-pellet_1__F16,Sphingolipid-BTWT-Cell-pellet_1,empty,0,0,0,0,0,True,0,0.0
Sphingolipid-BTWT-Cell-pellet_1__F160,Sphingolipid-BTWT-Cell-pellet_1,single,1,0,0,1,1,True,0,0.9152344465255737
Sphingolipid-BTWT-Cell-pellet_1__F162,Sphingolipid-BTWT-Cell-pellet_1,single,1,0,0,1,1,True,0,0.8045930862426758
Sphingolipid-BTWT-Cell-pellet_1__F163,Sphingolipid-BTWT-Cell-pellet_1,empty,0,0,0,0,0,True,0,0.0
Sphingolipid-BTWT-Cell-pellet_1__F164,Sphingolipid-BTWT-Cell-pellet_1,single,0,0,1,1,0,False,1,0.0
Sphingolipid-BTWT-Cell-pellet_1__F166,Sphingolipid-BTWT-Cell-pellet_1,multi,1,0,1,2,1,False,1,0.961531937122345
Sphingolipid-BTWT-Cell-pellet_1__F167,Sphingolipid-BTWT-Cell-pellet_1,empty,0,0,0,0,0,True,0,0.0
Sphingolipid-BTWT-Cell-pellet_1__F168,Sphingolipid-BTWT-Cell-pellet_1,single,1,0,0,1,1,True,0,0.7391893863677979
Sphingolipid-BTWT-Cell-pellet_1__F169,Sphingolipid-BTWT-Cell-pellet_1,empty,0,0,0,0,0,True,0,0.0
Sphingolipid-BTWT-Cell-pellet_1__F170,Sphingolipid-BTWT-Cell-pellet_1,empty,0,0,0,0,0,True,0,0.0
Sphingolipid-BTWT-Cell-pellet_1__F171,Sphingolipid-BTWT-Cell-pellet_1,multi,1,1,1,2,2,True,0,0.9638111591339111
Sphingolipid-BTWT-Cell-pellet_1__F172,Sphingolipid-BTWT-Cell-pellet_1,empty,0,0,0,0,0,True,0,0.0
Sphingolipid-BTWT-Cell-pellet_1__F173,Sphingolipid-BTWT-Cell-pellet_1,single,1,0,0,1,1,True,0,0.8840063214302063
Sphingolipid-BTWT-Cell-pellet_1__F174,Sphingolipid-BTWT-Cell-pellet_1,multi,0,1,3,3,1,False,2,0.0
Sphingolipid-BTWT-Cell-pellet_1__F175,Sphingolipid-BTWT-Cell-pellet_1,single,1,0,0,1,1,True,0,0.922704815864563
Sphingolipid-BTWT-Cell-pellet_1__F176,Sphingolipid-BTWT-Cell-pellet_1,empty,0,0,0,0,0,True,0,0.0
Sphingolipid-BTWT-Cell-pellet_1__F177,Sphingolipid-BTWT-Cell-pellet_1,empty,0,0,0,0,0,True,0,0.0
Sphingolipid-BTWT-Cell-pellet_1__F178,Sphingolipid-BTWT-Cell-pellet_1,empty,0,0,0,0,0,True,0,0.0
Sphingolipid-BTWT-Cell-pellet_1__F179,Sphingolipid-BTWT-Cell-pellet_1,empty,0,0,0,0,0,True,0,0.0
Sphingolipid-BTWT-Cell-pellet_1__F18,Sphingolipid-BTWT-Cell-pellet_1,single,0,1,1,1,1,True,0,0.0
Sphingolipid-BTWT-Cell-pellet_1__F180,Sphingolipid-BTWT-Cell-pellet_1,empty,0,0,0,0,0,True,0,0.0
Sphingolipid-BTWT-Cell-pellet_1__F181,Sphingolipid-BTWT-Cell-pellet_1,single,1,0,0,1,1,True,0,0.7898839712142944
Sphingolipid-BTWT-Cell-pellet_1__F182,Sphingolipid-BTWT-Cell-pellet_1,multi,0,0,2,2,0,False,2,0.0
Sphingolipid-BTWT-Cell-pellet_1__F183,Sphingolipid-BTWT-Cell-pellet_1,single,1,0,0,1,1,True,0,0.8434320092201233
Sphingolipid-BTWT-Cell-pellet_1__F184,Sphingolipid-BTWT-Cell-pellet_1,empty,0,0,0,0,0,True,0,0.0
Sphingolipid-BTWT-Cell-pellet_1__F185,Sphingolipid-BTWT-Cell-pellet_1,single,1,0,0,1,1,True,0,0.9387472867965698
Sphingolipid-BTWT-Cell-pellet_1__F186,Sphingolipid-BTWT-Cell-pellet_1,single,1,0,0,1,1,True,0,0.7909401059150696
Sphingolipid-BTWT-Cell-pellet_1__F187,Sphingolipid-BTWT-Cell-pellet_1,multi,1,0,1,2,1,False,1,0.5520036220550537
Sphingolipid-BTWT-Cell-pellet_1__F188,Sphingolipid-BTWT-Cell-pellet_1,single,1,0,0,1,1,True,0,0.8899978399276733
Sphingolipid-BTWT-Cell-pellet_1__F189,Sphingolipid-BTWT-Cell-pellet_1,multi,0,0,2,2,0,False,2,0.0
Sphingolipid-BTWT-Cell-pellet_1__F19,Sphingolipid-BTWT-Cell-pellet_1,single,1,0,0,1,1,True,0,0.7843520641326904
Sphingolipid-BTWT-Cell-pellet_1__F190,Sphingolipid-BTWT-Cell-pellet_1,single,1,0,0,1,1,True,0,0.9625500440597534
Sphingolipid-BTWT-Cell-pellet_1__F191,Sphingolipid-BTWT-Cell-pellet_1,single,1,0,0,1,1,True,0,0.8776912689208984
Sphingolipid-BTWT-Cell-pellet_1__F192,Sphingolipid-BTWT-Cell-pellet_1,single,1,0,0,1,1,True,0,0.6721970438957214
Sphingolipid-BTWT-Cell-pellet_1__F193,Sphingolipid-BTWT-Cell-pellet_1,single,1,0,0,1,1,True,0,0.7454279065132141
Sphingolipid-BTWT-Cell-pellet_1__F194,Sphingolipid-BTWT-Cell-pellet_1,single,0,0,1,1,0,False,1,0.0
Sphingolipid-BTWT-Cell-pellet_1__F195,Sphingolipid-BTWT-Cell-pellet_1,single,1,0,0,1,1,True,0,0.8020094633102417
Sphingolipid-BTWT-Cell-pellet_1__F196,Sphingolipid-BTWT-Cell-pellet_1,multi,2,0,2,4,2,False,2,0.9201197624206543
Sphingolipid-BTWT-Cell-pellet_1__F197,Sphingolipid-BTWT-Cell-pellet_1,single,1,0,0,1,1,True,0,0.9143105745315552
Sphingolipid-BTWT-Cell-pellet_1__F198,Sphingolipid-BTWT-Cell-pellet_1,single,1,0,0,1,1,True,0,0.8840370178222656
Sphingolipid-BTWT-Cell-pellet_1__F199,Sphingolipid-BTWT-Cell-pellet_1,empty,0,0,0,0,0,True,0,0.0
Sphingolipid-BTWT-Cell-pellet_1__F2,Sphingolipid-BTWT-Cell-pellet_1,single,1,0,0,1,1,True,0,0.825584352016449
Sphingolipid-BTWT-Cell-pellet_1__F20,Sphingolipid-BTWT-Cell-pellet_1,empty,0,0,0,0,0,True,0,0.0
Sphingolipid-BTWT-Cell-pellet_1__F200,Sphingolipid-BTWT-Cell-pellet_1,empty,0,0,0,0,0,True,0,0.0
Sphingolipid-BTWT-Cell-pellet_1__F201,Sphingolipid-BTWT-Cell-pellet_1,empty,0,0,0,0,0,True,0,0.0
Sphingolipid-BTWT-Cell-pellet_1__F202,Sphingolipid-BTWT-Cell-pellet_1,empty,0,1,0,0,1,False,1,0.0
Sphingolipid-BTWT-Cell-pellet_1__F203,Sphingolipid-BTWT-Cell-pellet_1,multi,2,0,0,2,2,True,0,0.8924948871135712
Sphingolipid-BTWT-Cell-pellet_1__F204,Sphingolipid-BTWT-Cell-pellet_1,single,1,0,0,1,1,True,0,0.7008000016212463
Sphingolipid-BTWT-Cell-pellet_1__F205,Sphingolipid-BTWT-Cell-pellet_1,multi,2,0,0,2,2,True,0,0.7548952698707581
Sphingolipid-BTWT-Cell-pellet_1__F206,Sphingolipid-BTWT-Cell-pellet_1,multi,0,1,2,2,1,False,1,0.0
Sphingolipid-BTWT-Cell-pellet_1__F207,Sphingolipid-BTWT-Cell-pellet_1,single,1,0,0,1,1,True,0,0.8048338294029236
Sphingolipid-BTWT-Cell-pellet_1__F208,Sphingolipid-BTWT-Cell-pellet_1,single,1,0,0,1,1,True,0,0.8991599082946777
Sphingolipid-BTWT-Cell-pellet_1__F209,Sphingolipid-BTWT-Cell-pellet_1,single,0,0,1,1,0,False,1,0.0
Sphingolipid-BTWT-Cell-pellet_1__F21,Sphingolipid-BTWT-Cell-pellet_1,single,1,0,0,1,1,True,0,0.8566246628761292
Sphingolipid-BTWT-Cell-pellet_1__F210,Sphingolipid-BTWT-Cell-pellet_1,single,0,0,1,1,0,False,1,0.0
Sphingolipid-BTWT-Cell-pellet_1__F211,Sphingolipid-BTWT-Cell-pellet_1,empty,0,0,0,0,0,True,0,0.0
Sphingolipid-BTWT-Cell-pellet_1__F212,Sphingolipid-BTWT-Cell-pellet_1,single,1,0,0,1,1,True,0,0.6031880974769592
Sphingolipid-BTWT-Cell-pellet_1__F213,Sphingolipid-BTWT-Cell-pellet_1,multi,2,0,0,2,2,True,0,0.8796584904193878
Sphingolipid-BTWT-Cell-pellet_1__F214,Sphingolipid-BTWT-Cell-pellet_1,single,1,0,0,1,1,True,0,0.9385801553726196
Sphingolipid-BTWT-Cell-pellet_1__F215,Sphingolipid-BTWT-Cell-pellet_1,empty,0,0,0,0,0,True,0,0.0
Sphingolipid-BTWT-Cell-pellet_1__F216,Sphingolipid-BTWT-Cell-pellet_1,empty,0,0,0,0,0,True,0,0.0
Sphingolipid-BTWT-Cell-pellet_1__F217,Sphingolipid-BTWT-Cell-pellet_1,single,1,0,0,1,1,True,0,0.9149708151817322
Sphingolipid-BTWT-Cell-pellet_1__F218,Sphingolipid-BTWT-Cell-pellet_1,single,1,0,0,1,1,True,0,0.9093483686447144
Sphingolipid-BTWT-Cell-pellet_1__F219,Sphingolipid-BTWT-Cell-pellet_1,single,1,0,0,1,1,True,0,0.9225335121154785
Sphingolipid-BTWT-Cell-pellet_1__F22,Sphingolipid-BTWT-Cell-pellet_1,single,1,0,0,1,1,True,0,0.9063954949378967
Sphingolipid-BTWT-Cell-pellet_1__F220,Sphingolipid-BTWT-Cell-pellet_1,multi,1,0,1,2,1,False,1,0.7376678586006165
Sphingolipid-BTWT-Cell-pellet_1__F221,Sphingolipid-BTWT-Cell-pellet_1,single,1,0,0,1,1,True,0,0.8855857849121094
Sphingolipid-BTWT-Cell-pellet_1__F222,Sphingolipid-BTWT-Cell-pellet_1,empty,0,0,0,0,0,True,0,0.0
Sphingolipid-BTWT-Cell-pellet_1__F223,Sphingolipid-BTWT-Cell-pellet_1,single,1,0,0,1,1,True,0,0.9275230765342712
Sphingolipid-BTWT-Cell-pellet_1__F224,Sphingolipid-BTWT-Cell-pellet_1,single,1,0,0,1,1,True,0,0.8699280619621277
Sphingolipid-BTWT-Cell-pellet_1__F225,Sphingolipid-BTWT-Cell-pellet_1,single,1,0,0,1,1,True,0,0.6320819854736328
Sphingolipid-BTWT-Cell-pellet_1__F226,Sphingolipid-BTWT-Cell-pellet_1,single,1,0,0,1,1,True,0,0.7807950377464294
Sphingolipid-BTWT-Cell-pellet_1__F227,Sphingolipid-BTWT-Cell-pellet_1,multi,1,0,1,2,1,False,1,0.5884475708007812
Sphingolipid-BTWT-Cell-pellet_1__F228,Sphingolipid-BTWT-Cell-pellet_1,single,1,0,0,1,1,True,0,0.8737960457801819
Sphingolipid-BTWT-Cell-pellet_1__F229,Sphingolipid-BTWT-Cell-pellet_1,single,1,0,0,1,1,True,0,0.758985161781311
Sphingolipid-BTWT-Cell-pellet_1__F23,Sphingolipid-BTWT-Cell-pellet_1,empty,0,1,0,0,1,False,1,0.0
Sphingolipid-BTWT-Cell-pellet_1__F230,Sphingolipid-BTWT-Cell-pellet_1,single,0,0,1,1,0,False,1,0.0
Sphingolipid-BTWT-Cell-pellet_1__F231,Sphingolipid-BTWT-Cell-pellet_1,empty,0,0,0,0,0,True,0,0.0
Sphingolipid-BTWT-Cell-pellet_1__F232,Sphingolipid-BTWT-Cell-pellet_1,single,1,0,0,1,1,True,0,0.7912173867225647
Sphingolipid-BTWT-Cell-pellet_1__F233,Sphingolipid-BTWT-Cell-pellet_1,multi,1,1,3,4,2,False,2,0.7571747303009033
Sphingolipid-BTWT-Cell-pellet_1__F234,Sphingolipid-BTWT-Cell-pellet_1,empty,0,0,0,0,0,True,0,0.0
Sphingolipid-BTWT-Cell-pellet_1__F235,Sphingolipid-BTWT-Cell-pellet_1,single,1,0,0,1,1,True,0,0.8549702763557434
Sphingolipid-BTWT-Cell-pellet_1__F236,Sphingolipid-BTWT-Cell-pellet_1,multi,0,0,2,2,0,False,2,0.0
Sphingolipid-BTWT-Cell-pellet_1__F237,Sphingolipid-BTWT-Cell-pellet_1,empty,0,0,0,0,0,True,0,0.0
Sphingolipid-BTWT-Cell-pellet_1__F238,Sphingolipid-BTWT-Cell-pellet_1,single,0,0,1,1,0,False,1,0.0
Sphingolipid-BTWT-Cell-pellet_1__F239,Sphingolipid-BTWT-Cell-pellet_1,single,1,0,0,1,1,True,0,0.7772785425186157
Sphingolipid-BTWT-Cell-pellet_1__F24,Sphingolipid-BTWT-Cell-pellet_1,empty,0,0,0,0,0,True,0,0.0
Sphingolipid-BTWT-Cell-pellet_1__F240,Sphingolipid-BTWT-Cell-pellet_1,single,1,0,0,1,1,True,0,0.7812914252281189
Sphingolipid-BTWT-Cell-pellet_1__F241,Sphingolipid-BTWT-Cell-pellet_1,single,1,1,0,1,2,False,1,0.8607652187347412
Sphingolipid-BTWT-Cell-pellet_1__F242,Sphingolipid-BTWT-Cell-pellet_1,single,1,0,0,1,1,True,0,0.9476041197776794
Sphingolipid-BTWT-Cell-pellet_1__F243,Sphingolipid-BTWT-Cell-pellet_1,single,1,0,0,1,1,True,0,0.9272128343582153
Sphingolipid-BTWT-Cell-pellet_1__F244,Sphingolipid-BTWT-Cell-pellet_1,single,1,0,0,1,1,True,0,0.7949432730674744
Sphingolipid-BTWT-Cell-pellet_1__F245,Sphingolipid-BTWT-Cell-pellet_1,single,1,0,0,1,1,True,0,0.8586643934249878
Sphingolipid-BTWT-Cell-pellet_1__F246,Sphingolipid-BTWT-Cell-pellet_1,empty,0,0,0,0,0,True,0,0.0
Sphingolipid-BTWT-Cell-pellet_1__F247,Sphingolipid-BTWT-Cell-pellet_1,single,1,0,0,1,1,True,0,0.733956515789032
Sphingolipid-BTWT-Cell-pellet_1__F248,Sphingolipid-BTWT-Cell-pellet_1,empty,0,0,0,0,0,True,0,0.0
Sphingolipid-BTWT-Cell-pellet_1__F249,Sphingolipid-BTWT-Cell-pellet_1,multi,2,0,0,2,2,True,0,0.7160732746124268
Sphingolipid-BTWT-Cell-pellet_1__F25,Sphingolipid-BTWT-Cell-pellet_1,empty,0,0,0,0,0,True,0,0.0
Sphingolipid-BTWT-Cell-pellet_1__F250,Sphingolipid-BTWT-Cell-pellet_1,empty,0,0,0,0,0,True,0,0.0
Sphingolipid-BTWT-Cell-pellet_1__F251,Sphingolipid-BTWT-Cell-pellet_1,empty,0,0,0,0,0,True,0,0.0
Sphingolipid-BTWT-Cell-pellet_1__F252,Sphingolipid-BTWT-Cell-pellet_1,empty,0,0,0,0,0,True,0,0.0
Sphingolipid-BTWT-Cell-pellet_1__F253,Sphingolipid-BTWT-Cell-pellet_1,single,1,0,0,1,1,True,0,0.8623224496841431
Sphingolipid-BTWT-Cell-pellet_1__F254,Sphingolipid-BTWT-Cell-pellet_1,multi,0,1,3,3,1,False,2,0.0
Sphingolipid-BTWT-Cell-pellet_1__F255,Sphingolipid-BTWT-Cell-pellet_1,single,1,0,0,1,1,True,0,0.8890144228935242
Sphingolipid-BTWT-Cell-pellet_1__F256,Sphingolipid-BTWT-Cell-pellet_1,single,0,0,1,1,0,False,1,0.0
Sphingolipid-BTWT-Cell-pellet_1__F257,Sphingolipid-BTWT-Cell-pellet_1,single,1,0,0,1,1,True,0,0.8162868618965149
Sphingolipid-BTWT-Cell-pellet_1__F258,Sphingolipid-BTWT-Cell-pellet_1,empty,0,0,0,0,0,True,0,0.0
Sphingolipid-BTWT-Cell-pellet_1__F259,Sphingolipid-BTWT-Cell-pellet_1,multi,2,0,1,3,2,False,1,0.7978597283363342
Sphingolipid-BTWT-Cell-pellet_1__F26,Sphingolipid-BTWT-Cell-pellet_1,single,1,0,0,1,1,True,0,0.6875350475311279
Sphingolipid-BTWT-Cell-pellet_1__F260,Sphingolipid-BTWT-Cell-pellet_1,multi,1,0,1,2,1,False,1,0.8168365955352783
Sphingolipid-BTWT-Cell-pellet_1__F261,Sphingolipid-BTWT-Cell-pellet_1,multi,1,0,2,3,1,False,2,0.7955437898635864
Sphingolipid-BTWT-Cell-pellet_1__F262,Sphingolipid-BTWT-Cell-pellet_1,single,1,0,0,1,1,True,0,0.8062515258789062
Sphingolipid-BTWT-Cell-pellet_1__F263,Sphingolipid-BTWT-Cell-pellet_1,single,1,0,0,1,1,True,0,0.725405752658844
Sphingolipid-BTWT-Cell-pellet_1__F264,Sphingolipid-BTWT-Cell-pellet_1,multi,0,1,3,3,1,False,2,0.0
Sphingolipid-BTWT-Cell-pellet_1__F265,Sphingolipid-BTWT-Cell-pellet_1,empty,0,0,0,0,0,True,0,0.0
Sphingolipid-BTWT-Cell-pellet_1__F266,Sphingolipid-BTWT-Cell-pellet_1,multi,1,0,1,2,1,False,1,0.8249861001968384
Sphingolipid-BTWT-Cell-pellet_1__F267,Sphingolipid-BTWT-Cell-pellet_1,empty,0,0,0,0,0,True,0,0.0
Sphingolipid-BTWT-Cell-pellet_1__F268,Sphingolipid-BTWT-Cell-pellet_1,empty,0,0,0,0,0,True,0,0.0
Sphingolipid-BTWT-Cell-pellet_1__F269,Sphingolipid-BTWT-Cell-pellet_1,single,1,0,0,1,1,True,0,0.8835692405700684
Sphingolipid-BTWT-Cell-pellet_1__F27,Sphingolipid-BTWT-Cell-pellet_1,single,1,0,0,1,1,True,0,0.8813396096229553
Sphingolipid-BTWT-Cell-pellet_1__F270,Sphingolipid-BTWT-Cell-pellet_1,single,1,0,0,1,1,True,0,0.9011532068252563
Sphingolipid-BTWT-Cell-pellet_1__F271,Sphingolipid-BTWT-Cell-pellet_1,empty,0,0,0,0,0,True,0,0.0
Sphingolipid-BTWT-Cell-pellet_1__F272,Sphingolipid-BTWT-Cell-pellet_1,multi,1,0,1,2,1,False,1,0.6444656848907471
Sphingolipid-BTWT-Cell-pellet_1__F273,Sphingolipid-BTWT-Cell-pellet_1,single,1,0,0,1,1,True,0,0.7774562239646912
Sphingolipid-BTWT-Cell-pellet_1__F274,Sphingolipid-BTWT-Cell-pellet_1,single,1,0,0,1,1,True,0,0.7982158660888672
Sphingolipid-BTWT-Cell-pellet_1__F275,Sphingolipid-BTWT-Cell-pellet_1,single,1,0,0,1,1,True,0,0.8744088411331177
Sphingolipid-BTWT-Cell-pellet_1__F276,Sphingolipid-BTWT-Cell-pellet_1,single,1,0,0,1,1,True,0,0.9347317814826965
Sphingolipid-BTWT-Cell-pellet_1__F277,Sphingolipid-BTWT-Cell-pellet_1,empty,0,0,0,0,0,True,0,0.0
Sphingolipid-BTWT-Cell-pellet_1__F278,Sphingolipid-BTWT-Cell-pellet_1,empty,0,0,0,0,0,True,0,0.0
Sphingolipid-BTWT-Cell-pellet_1__F279,Sphingolipid-BTWT-Cell-pellet_1,multi,0,1,3,3,1,False,2,0.0
Sphingolipid-BTWT-Cell-pellet_1__F280,Sphingolipid-BTWT-Cell-pellet_1,single,0,1,1,1,1,True,0,0.0
Sphingolipid-BTWT-Cell-pellet_1__F281,Sphingolipid-BTWT-Cell-pellet_1,empty,0,0,0,0,0,True,0,0.0
Sphingolipid-BTWT-Cell-pellet_1__F282,Sphingolipid-BTWT-Cell-pellet_1,single,1,0,0,1,1,True,0,0.8521502017974854
Sphingolipid-BTWT-Cell-pellet_1__F283,Sphingolipid-BTWT-Cell-pellet_1,single,1,0,0,1,1,True,0,0.8732107877731323
Sphingolipid-BTWT-Cell-pellet_1__F284,Sphingolipid-BTWT-Cell-pellet_1,single,1,0,0,1,1,True,0,0.8547964096069336
Sphingolipid-BTWT-Cell-pellet_1__F285,Sphingolipid-BTWT-Cell-pellet_1,single,1,0,0,1,1,True,0,0.8779199123382568
Sphingolipid-BTWT-Cell-pellet_1__F286,Sphingolipid-BTWT-Cell-pellet_1,single,1,0,0,1,1,True,0,0.6290692687034607
Sphingolipid-BTWT-Cell-pellet_1__F287,Sphingolipid-BTWT-Cell-pellet_1,single,1,0,0,1,1,True,0,0.8070564270019531
Sphingolipid-BTWT-Cell-pellet_1__F288,Sphingolipid-BTWT-Cell-pellet_1,single,1,0,0,1,1,True,0,0.845628023147583
Sphingolipid-BTWT-Cell-pellet_1__F289,Sphingolipid-BTWT-Cell-pellet_1,single,0,0,1,1,0,False,1,0.0
Sphingolipid-BTWT-Cell-pellet_1__F29,Sphingolipid-BTWT-Cell-pellet_1,empty,0,0,0,0,0,True,0,0.0
Sphingolipid-BTWT-Cell-pellet_1__F290,Sphingolipid-BTWT-Cell-pellet_1,empty,0,0,0,0,0,True,0,0.0
Sphingolipid-BTWT-Cell-pellet_1__F291,Sphingolipid-BTWT-Cell-pellet_1,empty,0,0,0,0,0,True,0,0.0
Sphingolipid-BTWT-Cell-pellet_1__F292,Sphingolipid-BTWT-Cell-pellet_1,single,1,0,0,1,1,True,0,0.7277179956436157
Sphingolipid-BTWT-Cell-pellet_1__F293,Sphingolipid-BTWT-Cell-pellet_1,single,1,0,0,1,1,True,0,0.8727483153343201
Sphingolipid-BTWT-Cell-pellet_1__F294,Sphingolipid-BTWT-Cell-pellet_1,multi,1,0,1,2,1,False,1,0.8856303691864014
Sphingolipid-BTWT-Cell-pellet_1__F295,Sphingolipid-BTWT-Cell-pellet_1,single,1,0,0,1,1,True,0,0.9541850090026855
Sphingolipid-BTWT-Cell-pellet_1__F296,Sphingolipid-BTWT-Cell-pellet_1,single,1,0,0,1,1,True,0,0.6595072150230408
Sphingolipid-BTWT-Cell-pellet_1__F297,Sphingolipid-BTWT-Cell-pellet_1,multi,2,0,0,2,2,True,0,0.6926388442516327
Sphingolipid-BTWT-Cell-pellet_1__F298,Sphingolipid-BTWT-Cell-pellet_1,empty,0,1,0,0,1,False,1,0.0
Sphingolipid-BTWT-Cell-pellet_1__F299,Sphingolipid-BTWT-Cell-pellet_1,single,1,0,0,1,1,True,0,0.9207359552383423
Sphingolipid-BTWT-Cell-pellet_1__F3,Sphingolipid-BTWT-Cell-pellet_1,single,0,0,1,1,0,False,1,0.0
Sphingolipid-BTWT-Cell-pellet_1__F30,Sphingolipid-BTWT-Cell-pellet_1,empty,0,0,0,0,0,True,0,0.0
Sphingolipid-BTWT-Cell-pellet_1__F300,Sphingolipid-BTWT-Cell-pellet_1,empty,0,0,0,0,0,True,0,0.0
Sphingolipid-BTWT-Cell-pellet_1__F301,Sphingolipid-BTWT-Cell-pellet_1,single,1,0,0,1,1,True,0,0.8768416047096252
Sphingolipid-BTWT-Cell-pellet_1__F302,Sphingolipid-BTWT-Cell-pellet_1,single,1,0,0,1,1,True,0,0.863949179649353
Sphingolipid-BTWT-Cell-pellet_1__F303,Sphingolipid-BTWT-Cell-pellet_1,multi,0,4,3,3,4,False,1,0.0
Sphingolipid-BTWT-Cell-pellet_1__F304,Sphingolipid-BTWT-Cell-pellet_1,single,1,0,0,1,1,True,0,0.9765210747718811
Sphingolipid-BTWT-Cell-pellet_1__F305,Sphingolipid-BTWT-Cell-pellet_1,empty,0,0,0,0,0,True,0,0.0
Sphingolipid-BTWT-Cell-pellet_1__F306,Sphingolipid-BTWT-Cell-pellet_1,single,1,0,0,1,1,True,0,0.7906407117843628
Sphingolipid-BTWT-Cell-pellet_1__F307,Sphingolipid-BTWT-Cell-pellet_1,single,1,0,0,1,1,True,0,0.7617165446281433
Sphingolipid-BTWT-Cell-pellet_1__F308,Sphingolipid-BTWT-Cell-pellet_1,single,1,0,0,1,1,True,0,0.643160879611969
Sphingolipid-BTWT-Cell-pellet_1__F309,Sphingolipid-BTWT-Cell-pellet_1,single,1,0,0,1,1,True,0,0.9446101784706116
Sphingolipid-BTWT-Cell-pellet_1__F31,Sphingolipid-BTWT-Cell-pellet_1,multi,1,0,1,2,1,False,1,0.8886574506759644
Sphingolipid-BTWT-Cell-pellet_1__F310,Sphingolipid-BTWT-Cell-pellet_1,empty,0,0,0,0,0,True,0,0.0
Sphingolipid-BTWT-Cell-pellet_1__F311,Sphingolipid-BTWT-Cell-pellet_1,single,1,0,0,1,1,True,0,0.9199346303939819
Sphingolipid-BTWT-Cell-pellet_1__F312,Sphingolipid-BTWT-Cell-pellet_1,single,1,0,0,1,1,True,0,0.9065091013908386
Sphingolipid-BTWT-Cell-pellet_1__F313,Sphingolipid-BTWT-Cell-pellet_1,single,1,0,0,1,1,True,0,0.9741899967193604
Sphingolipid-BTWT-Cell-pellet_1__F314,Sphingolipid-BTWT-Cell-pellet_1,empty,0,0,0,0,0,True,0,0.0
Sphingolipid-BTWT-Cell-pellet_1__F315,Sphingolipid-BTWT-Cell-pellet_1,empty,0,1,0,0,1,False,1,0.0
Sphingolipid-BTWT-Cell-pellet_1__F316,Sphingolipid-BTWT-Cell-pellet_1,single,1,0,0,1,1,True,0,0.9474854469299316
Sphingolipid-BTWT-Cell-pellet_1__F317,Sphingolipid-BTWT-Cell-pellet_1,single,1,0,0,1,1,True,0,0.8256720304489136
Sphingolipid-BTWT-Cell-pellet_1__F318,Sphingolipid-BTWT-Cell-pellet_1,single,1,0,0,1,1,True,0,0.7156522274017334
Sphingolipid-BTWT-Cell-pellet_1__F319,Sphingolipid-BTWT-Cell-pellet_1,empty,0,0,0,0,0,True,0,0.0
Sphingolipid-BTWT-Cell-pellet_1__F32,Sphingolipid-BTWT-Cell-pellet_1,empty,0,0,0,0,0,True,0,0.0
Sphingolipid-BTWT-Cell-pellet_1__F320,Sphingolipid-BTWT-Cell-pellet_1,multi,3,0,0,3,3,True,0,0.6499330401420593
Sphingolipid-BTWT-Cell-pellet_1__F321,Sphingolipid-BTWT-Cell-pellet_1,multi,1,0,1,2,1,False,1,0.5962324142456055
Sphingolipid-BTWT-Cell-pellet_1__F322,Sphingolipid-BTWT-Cell-pellet_1,single,1,0,0,1,1,True,0,0.8369514346122742
Sphingolipid-BTWT-Cell-pellet_1__F323,Sphingolipid-BTWT-Cell-pellet_1,single,1,0,0,1,1,True,0,0.8868846893310547
Sphingolipid-BTWT-Cell-pellet_1__F324,Sphingolipid-BTWT-Cell-pellet_1,single,1,0,0,1,1,True,0,0.9273133873939514
Sphingolipid-BTWT-Cell-pellet_1__F325,Sphingolipid-BTWT-Cell-pellet_1,single,1,0,0,1,1,True,0,0.9658068418502808
Sphingolipid-BTWT-Cell-pellet_1__F326,Sphingolipid-BTWT-Cell-pellet_1,empty,0,0,0,0,0,True,0,0.0
Sphingolipid-BTWT-Cell-pellet_1__F327,Sphingolipid-BTWT-Cell-pellet_1,single,1,0,0,1,1,True,0,0.7458670139312744
Sphingolipid-BTWT-Cell-pellet_1__F328,Sphingolipid-BTWT-Cell-pellet_1,single,1,0,0,1,1,True,0,0.7102757692337036
Sphingolipid-BTWT-Cell-pellet_1__F329,Sphingolipid-BTWT-Cell-pellet_1,single,1,0,0,1,1,True,0,0.8241661190986633
Sphingolipid-BTWT-Cell-pellet_1__F33,Sphingolipid-BTWT-Cell-pellet_1,single,1,0,0,1,1,True,0,0.8980879187583923
Sphingolipid-BTWT-Cell-pellet_1__F330,Sphingolipid-BTWT-Cell-pellet_1,empty,0,0,0,0,0,True,0,0.0
Sphingolipid-BTWT-Cell-pellet_1__F331,Sphingolipid-BTWT-Cell-pellet_1,multi,1,0,2,3,1,False,2,0.7522786855697632
Sphingolipid-BTWT-Cell-pellet_1__F332,Sphingolipid-BTWT-Cell-pellet_1,empty,0,0,0,0,0,True,0,0.0
Sphingolipid-BTWT-Cell-pellet_1__F333,Sphingolipid-BTWT-Cell-pellet_1,empty,0,1,0,0,1,False,1,0.0
Sphingolipid-BTWT-Cell-pellet_1__F334,Sphingolipid-BTWT-Cell-pellet_1,empty,0,0,0,0,0,True,0,0.0
Sphingolipid-BTWT-Cell-pellet_1__F335,Sphingolipid-BTWT-Cell-pellet_1,single,1,0,0,1,1,True,0,0.8367089629173279
Sphingolipid-BTWT-Cell-pellet_1__F336,Sphingolipid-BTWT-Cell-pellet_1,single,1,0,0,1,1,True,0,0.8579979538917542
Sphingolipid-BTWT-Cell-pellet_1__F337,Sphingolipid-BTWT-Cell-pellet_1,empty,0,0,0,0,0,True,0,0.0
Sphingolipid-BTWT-Cell-pellet_1__F338,Sphingolipid-BTWT-Cell-pellet_1,multi,2,0,0,2,2,True,0,0.8574302196502686
Sphingolipid-BTWT-Cell-pellet_1__F339,Sphingolipid-BTWT-Cell-pellet_1,empty,0,1,0,0,1,False,1,0.0
Sphingolipid-BTWT-Cell-pellet_1__F34,Sphingolipid-BTWT-Cell-pellet_1,empty,0,0,0,0,0,True,0,0.0
Sphingolipid-BTWT-Cell-pellet_1__F341,Sphingolipid-BTWT-Cell-pellet_1,empty,0,0,0,0,0,True,0,0.0
Sphingolipid-BTWT-Cell-pellet_1__F342,Sphingolipid-BTWT-Cell-pellet_1,empty,0,0,0,0,0,True,0,0.0
Sphingolipid-BTWT-Cell-pellet_1__F343,Sphingolipid-BTWT-Cell-pellet_1,empty,0,1,0,0,1,False,1,0.0
Sphingolipid-BTWT-Cell-pellet_1__F344,Sphingolipid-BTWT-Cell-pellet_1,single,0,0,1,1,0,False,1,0.0
Sphingolipid-BTWT-Cell-pellet_1__F345,Sphingolipid-BTWT-Cell-pellet_1,empty,0,0,0,0,0,True,0,0.0
Sphingolipid-BTWT-Cell-pellet_1__F346,Sphingolipid-BTWT-Cell-pellet_1,single,1,0,0,1,1,True,0,0.8693674206733704
Sphingolipid-BTWT-Cell-pellet_1__F347,Sphingolipid-BTWT-Cell-pellet_1,single,1,0,0,1,1,True,0,0.8496843576431274
Sphingolipid-BTWT-Cell-pellet_1__F348,Sphingolipid-BTWT-Cell-pellet_1,empty,0,0,0,0,0,True,0,0.0
Sphingolipid-BTWT-Cell-pellet_1__F349,Sphingolipid-BTWT-Cell-pellet_1,empty,0,0,0,0,0,True,0,0.0
Sphingolipid-BTWT-Cell-pellet_1__F35,Sphingolipid-BTWT-Cell-pellet_1,empty,0,0,0,0,0,True,0,0.0
Sphingolipid-BTWT-Cell-pellet_1__F350,Sphingolipid-BTWT-Cell-pellet_1,single,1,0,0,1,1,True,0,0.7787748575210571
Sphingolipid-BTWT-Cell-pellet_1__F351,Sphingolipid-BTWT-Cell-pellet_1,empty,0,1,0,0,1,False,1,0.0
Sphingolipid-BTWT-Cell-pellet_1__F352,Sphingolipid-BTWT-Cell-pellet_1,multi,2,0,0,2,2,True,0,0.8275115489959717
Sphingolipid-BTWT-Cell-pellet_1__F353,Sphingolipid-BTWT-Cell-pellet_1,single,1,0,0,1,1,True,0,0.8054089546203613
Sphingolipid-BTWT-Cell-pellet_1__F354,Sphingolipid-BTWT-Cell-pellet_1,single,1,0,0,1,1,True,0,0.9162301421165466
Sphingolipid-BTWT-Cell-pellet_1__F355,Sphingolipid-BTWT-Cell-pellet_1,empty,0,0,0,0,0,True,0,0.0
Sphingolipid-BTWT-Cell-pellet_1__F356,Sphingolipid-BTWT-Cell-pellet_1,single,1,0,0,1,1,True,0,0.8142474293708801
Sphingolipid-BTWT-Cell-pellet_1__F357,Sphingolipid-BTWT-Cell-pellet_1,empty,0,0,0,0,0,True,0,0.0
Sphingolipid-BTWT-Cell-pellet_1__F358,Sphingolipid-BTWT-Cell-pellet_1,empty,0,0,0,0,0,True,0,0.0
Sphingolipid-BTWT-Cell-pellet_1__F359,Sphingolipid-BTWT-Cell-pellet_1,empty,0,0,0,0,0,True,0,0.0
Sphingolipid-BTWT-Cell-pellet_1__F36,Sphingolipid-BTWT-Cell-pellet_1,empty,0,0,0,0,0,True,0,0.0
Sphingolipid-BTWT-Cell-pellet_1__F360,Sphingolipid-BTWT-Cell-pellet_1,empty,0,0,0,0,0,True,0,0.0
Sphingolipid-BTWT-Cell-pellet_1__F361,Sphingolipid-BTWT-Cell-pellet_1,single,1,0,0,1,1,True,0,0.7397502660751343
Sphingolipid-BTWT-Cell-pellet_1__F362,Sphingolipid-BTWT-Cell-pellet_1,multi,2,1,2,4,3,False,1,0.7590942680835724
Sphingolipid-BTWT-Cell-pellet_1__F363,Sphingolipid-BTWT-Cell-pellet_1,single,1,0,0,1,1,True,0,0.8211833834648132
Sphingolipid-BTWT-Cell-pellet_1__F364,Sphingolipid-BTWT-Cell-pellet_1,empty,0,0,0,0,0,True,0,0.0
Sphingolipid-BTWT-Cell-pellet_1__F365,Sphingolipid-BTWT-Cell-pellet_1,multi,1,0,1,2,1,False,1,0.90488600730896
Sphingolipid-BTWT-Cell-pellet_1__F366,Sphingolipid-BTWT-Cell-pellet_1,single,1,1,0,1,2,False,1,0.7115011215209961
Sphingolipid-BTWT-Cell-pellet_1__F367,Sphingolipid-BTWT-Cell-pellet_1,empty,0,0,0,0,0,True,0,0.0
Sphingolipid-BTWT-Cell-pellet_1__F368,Sphingolipid-BTWT-Cell-pellet_1,single,1,0,0,1,1,True,0,0.6586058735847473
Sphingolipid-BTWT-Cell-pellet_1__F369,Sphingolipid-BTWT-Cell-pellet_1,single,1,0,0,1,1,True,0,0.9224400520324707
Sphingolipid-BTWT-Cell-pellet_1__F37,Sphingolipid-BTWT-Cell-pellet_1,single,1,0,0,1,1,True,0,0.8990321159362793
Sphingolipid-BTWT-Cell-pellet_1__F370,Sphingolipid-BTWT-Cell-pellet_1,multi,2,0,0,2,2,True,0,0.8163273334503174
Sphingolipid-BTWT-Cell-pellet_1__F371,Sphingolipid-BTWT-Cell-pellet_1,multi,1,0,1,2,1,False,1,0.5156710743904114
Sphingolipid-BTWT-Cell-pellet_1__F372,Sphingolipid-BTWT-Cell-pellet_1,empty,0,0,0,0,0,True,0,0.0
Sphingolipid-BTWT-Cell-pellet_1__F373,Sphingolipid-BTWT-Cell-pellet_1,single,1,0,0,1,1,True,0,0.8302054405212402
Sphingolipid-BTWT-Cell-pellet_1__F374,Sphingolipid-BTWT-Cell-pellet_1,single,1,0,0,1,1,True,0,0.8619726896286011
Sphingolipid-BTWT-Cell-pellet_1__F375,Sphingolipid-BTWT-Cell-pellet_1,single,1,0,0,1,1,True,0,0.8378127217292786
Sphingolipid-BTWT-Cell-pellet_1__F376,Sphingolipid-BTWT-Cell-pellet_1,empty,0,0,0,0,0,True,0,0.0
Sphingolipid-BTWT-Cell-pellet_1__F377,Sphingolipid-BTWT-Cell-pellet_1,single,1,0,0,1,1,True,0,0.9438955187797546
Sphingolipid-BTWT-Cell-pellet_1__F378,Sphingolipid-BTWT-Cell-pellet_1,single,1,0,0,1,1,True,0,0.6706498265266418
Sphingolipid-BTWT-Cell-pellet_1__F379,Sphingolipid-BTWT-Cell-pellet_1,multi,1,0,1,2,1,False,1,0.753470778465271
Sphingolipid-BTWT-Cell-pellet_1__F38,Sphingolipid-BTWT-Cell-pellet_1,empty,0,0,0,0,0,True,0,0.0
Sphingolipid-BTWT-Cell-pellet_1__F380,Sphingolipid-BTWT-Cell-pellet_1,single,1,0,0,1,1,True,0,0.8568857312202454
Sphingolipid-BTWT-Cell-pellet_1__F381,Sphingolipid-BTWT-Cell-pellet_1,single,1,0,0,1,1,True,0,0.9392187595367432
Sphingolipid-BTWT-Cell-pellet_1__F382,Sphingolipid-BTWT-Cell-pellet_1,multi,1,0,1,2,1,False,1,0.6108525991439819
Sphingolipid-BTWT-Cell-pellet_1__F383,Sphingolipid-BTWT-Cell-pellet_1,empty,0,0,0,0,0,True,0,0.0
Sphingolipid-BTWT-Cell-pellet_1__F384,Sphingolipid-BTWT-Cell-pellet_1,empty,0,0,0,0,0,True,0,0.0
Sphingolipid-BTWT-Cell-pellet_1__F385,Sphingolipid-BTWT-Cell-pellet_1,single,1,0,0,1,1,True,0,0.9504562616348267
Sphingolipid-BTWT-Cell-pellet_1__F386,Sphingolipid-BTWT-Cell-pellet_1,single,0,0,1,1,0,False,1,0.0
Sphingolipid-BTWT-Cell-pellet_1__F387,Sphingolipid-BTWT-Cell-pellet_1,empty,0,0,0,0,0,True,0,0.0
Sphingolipid-BTWT-Cell-pellet_1__F388,Sphingolipid-BTWT-Cell-pellet_1,single,1,0,0,1,1,True,0,0.645246684551239
Sphingolipid-BTWT-Cell-pellet_1__F389,Sphingolipid-BTWT-Cell-pellet_1,single,1,0,0,1,1,True,0,0.7006657123565674
Sphingolipid-BTWT-Cell-pellet_1__F39,Sphingolipid-BTWT-Cell-pellet_1,single,1,0,0,1,1,True,0,0.6180452704429626
Sphingolipid-BTWT-Cell-pellet_1__F390,Sphingolipid-BTWT-Cell-pellet_1,empty,0,0,0,0,0,True,0,0.0
Sphingolipid-BTWT-Cell-pellet_1__F391,Sphingolipid-BTWT-Cell-pellet_1,single,1,0,0,1,1,True,0,0.9596292972564697
Sphingolipid-BTWT-Cell-pellet_1__F392,Sphingolipid-BTWT-Cell-pellet_1,single,1,0,0,1,1,True,0,0.7844059467315674
Sphingolipid-BTWT-Cell-pellet_1__F393,Sphingolipid-BTWT-Cell-pellet_1,empty,0,0,0,0,0,True,0,0.0
Sphingolipid-BTWT-Cell-pellet_1__F394,Sphingolipid-BTWT-Cell-pellet_1,single,1,0,0,1,1,True,0,0.835527241230011
Sphingolipid-BTWT-Cell-pellet_1__F395,Sphingolipid-BTWT-Cell-pellet_1,single,1,0,0,1,1,True,0,0.8114952445030212
Sphingolipid-BTWT-Cell-pellet_1__F396,Sphingolipid-BTWT-Cell-pellet_1,single,1,0,0,1,1,True,0,0.7389124631881714
Sphingolipid-BTWT-Cell-pellet_1__F397,Sphingolipid-BTWT-Cell-pellet_1,single,1,0,0,1,1,True,0,0.8989338278770447
Sphingolipid-BTWT-Cell-pellet_1__F398,Sphingolipid-BTWT-Cell-pellet_1,single,1,0,0,1,1,True,0,0.7946987748146057
Sphingolipid-BTWT-Cell-pellet_1__F399,Sphingolipid-BTWT-Cell-pellet_1,single,1,0,0,1,1,True,0,0.837353527545929
Sphingolipid-BTWT-Cell-pellet_1__F4,Sphingolipid-BTWT-Cell-pellet_1,empty,0,0,0,0,0,True,0,0.0
Sphingolipid-BTWT-Cell-pellet_1__F40,Sphingolipid-BTWT-Cell-pellet_1,single,1,0,0,1,1,True,0,0.7894036769866943
Sphingolipid-BTWT-Cell-pellet_1__F400,Sphingolipid-BTWT-Cell-pellet_1,multi,2,0,0,2,2,True,0,0.6853452026844025
Sphingolipid-BTWT-Cell-pellet_1__F401,Sphingolipid-BTWT-Cell-pellet_1,multi,2,0,0,2,2,True,0,0.8198684751987457
Sphingolipid-BTWT-Cell-pellet_1__F402,Sphingolipid-BTWT-Cell-pellet_1,single,1,0,0,1,1,True,0,0.8901602625846863
Sphingolipid-BTWT-Cell-pellet_1__F403,Sphingolipid-BTWT-Cell-pellet_1,single,0,0,1,1,0,False,1,0.0
Sphingolipid-BTWT-Cell-pellet_1__F404,Sphingolipid-BTWT-Cell-pellet_1,multi,1,0,2,3,1,False,2,0.8619523644447327
Sphingolipid-BTWT-Cell-pellet_1__F405,Sphingolipid-BTWT-Cell-pellet_1,multi,0,2,5,5,2,False,3,0.0
Sphingolipid-BTWT-Cell-pellet_1__F406,Sphingolipid-BTWT-Cell-pellet_1,empty,0,0,0,0,0,True,0,0.0
Sphingolipid-BTWT-Cell-pellet_1__F407,Sphingolipid-BTWT-Cell-pellet_1,multi,2,0,2,4,2,False,2,0.6900537014007568
Sphingolipid-BTWT-Cell-pellet_1__F408,Sphingolipid-BTWT-Cell-pellet_1,single,1,0,0,1,1,True,0,0.8864688873291016
Sphingolipid-BTWT-Cell-pellet_1__F409,Sphingolipid-BTWT-Cell-pellet_1,single,1,0,0,1,1,True,0,0.8127409815788269
Sphingolipid-BTWT-Cell-pellet_1__F41,Sphingolipid-BTWT-Cell-pellet_1,multi,2,0,0,2,2,True,0,0.7071966230869293
Sphingolipid-BTWT-Cell-pellet_1__F410,Sphingolipid-BTWT-Cell-pellet_1,empty,0,0,0,0,0,True,0,0.0
Sphingolipid-BTWT-Cell-pellet_1__F411,Sphingolipid-BTWT-Cell-pellet_1,single,1,0,0,1,1,True,0,0.6642959117889404
Sphingolipid-BTWT-Cell-pellet_1__F412,Sphingolipid-BTWT-Cell-pellet_1,empty,0,0,0,0,0,True,0,0.0
Sphingolipid-BTWT-Cell-pellet_1__F413,Sphingolipid-BTWT-Cell-pellet_1,single,1,0,0,1,1,True,0,0.9356632232666016
Sphingolipid-BTWT-Cell-pellet_1__F414,Sphingolipid-BTWT-Cell-pellet_1,single,1,0,0,1,1,True,0,0.7664512395858765
Sphingolipid-BTWT-Cell-pellet_1__F415,Sphingolipid-BTWT-Cell-pellet_1,empty,0,0,0,0,0,True,0,0.0
Sphingolipid-BTWT-Cell-pellet_1__F416,Sphingolipid-BTWT-Cell-pellet_1,single,1,0,0,1,1,True,0,0.7262381911277771
Sphingolipid-BTWT-Cell-pellet_1__F417,Sphingolipid-BTWT-Cell-pellet_1,single,1,0,0,1,1,True,0,0.8952882289886475
Sphingolipid-BTWT-Cell-pellet_1__F418,Sphingolipid-BTWT-Cell-pellet_1,multi,2,0,0,2,2,True,0,0.9041719734668732
Sphingolipid-BTWT-Cell-pellet_1__F419,Sphingolipid-BTWT-Cell-pellet_1,single,1,0,0,1,1,True,0,0.8493459820747375
Sphingolipid-BTWT-Cell-pellet_1__F42,Sphingolipid-BTWT-Cell-pellet_1,empty,0,0,0,0,0,True,0,0.0
Sphingolipid-BTWT-Cell-pellet_1__F420,Sphingolipid-BTWT-Cell-pellet_1,single,1,0,0,1,1,True,0,0.9505224823951721
Sphingolipid-BTWT-Cell-pellet_1__F421,Sphingolipid-BTWT-Cell-pellet_1,single,0,0,1,1,0,False,1,0.0
Sphingolipid-BTWT-Cell-pellet_1__F422,Sphingolipid-BTWT-Cell-pellet_1,single,1,0,0,1,1,True,0,0.8746832013130188
Sphingolipid-BTWT-Cell-pellet_1__F423,Sphingolipid-BTWT-Cell-pellet_1,multi,1,0,1,2,1,False,1,0.5078390836715698
Sphingolipid-BTWT-Cell-pellet_1__F424,Sphingolipid-BTWT-Cell-pellet_1,single,1,0,0,1,1,True,0,0.8145631551742554
Sphingolipid-BTWT-Cell-pellet_1__F425,Sphingolipid-BTWT-Cell-pellet_1,empty,0,0,0,0,0,True,0,0.0
Sphingolipid-BTWT-Cell-pellet_1__F426,Sphingolipid-BTWT-Cell-pellet_1,single,0,1,1,1,1,True,0,0.0
Sphingolipid-BTWT-Cell-pellet_1__F427,Sphingolipid-BTWT-Cell-pellet_1,single,1,0,0,1,1,True,0,0.7218785881996155
Sphingolipid-BTWT-Cell-pellet_1__F428,Sphingolipid-BTWT-Cell-pellet_1,empty,0,0,0,0,0,True,0,0.0
Sphingolipid-BTWT-Cell-pellet_1__F429,Sphingolipid-BTWT-Cell-pellet_1,single,1,0,0,1,1,True,0,0.802453875541687
Sphingolipid-BTWT-Cell-pellet_1__F43,Sphingolipid-BTWT-Cell-pellet_1,multi,1,0,1,2,1,False,1,0.980465829372406
Sphingolipid-BTWT-Cell-pellet_1__F431,Sphingolipid-BTWT-Cell-pellet_1,multi,1,0,1,2,1,False,1,0.8351756930351257
Sphingolipid-BTWT-Cell-pellet_1__F432,Sphingolipid-BTWT-Cell-pellet_1,empty,0,0,0,0,0,True,0,0.0
Sphingolipid-BTWT-Cell-pellet_1__F433,Sphingolipid-BTWT-Cell-pellet_1,empty,0,0,0,0,0,True,0,0.0
Sphingolipid-BTWT-Cell-pellet_1__F434,Sphingolipid-BTWT-Cell-pellet_1,empty,0,0,0,0,0,True,0,0.0
Sphingolipid-BTWT-Cell-pellet_1__F435,Sphingolipid-BTWT-Cell-pellet_1,single,1,0,0,1,1,True,0,0.841212809085846
Sphingolipid-BTWT-Cell-pellet_1__F436,Sphingolipid-BTWT-Cell-pellet_1,multi,2,0,1,3,2,False,1,0.7046923041343689
Sphingolipid-BTWT-Cell-pellet_1__F437,Sphingolipid-BTWT-Cell-pellet_1,multi,1,0,1,2,1,False,1,0.6052829027175903
Sphingolipid-BTWT-Cell-pellet_1__F438,Sphingolipid-BTWT-Cell-pellet_1,empty,0,0,0,0,0,True,0,0.0
Sphingolipid-BTWT-Cell-pellet_1__F439,Sphingolipid-BTWT-Cell-pellet_1,empty,0,0,0,0,0,True,0,0.0
Sphingolipid-BTWT-Cell-pellet_1__F44,Sphingolipid-BTWT-Cell-pellet_1,empty,0,0,0,0,0,True,0,0.0
Sphingolipid-BTWT-Cell-pellet_1__F440,Sphingolipid-BTWT-Cell-pellet_1,single,1,0,0,1,1,True,0,0.8451828956604004
Sphingolipid-BTWT-Cell-pellet_1__F441,Sphingolipid-BTWT-Cell-pellet_1,empty,0,0,0,0,0,True,0,0.0
Sphingolipid-BTWT-Cell-pellet_1__F442,Sphingolipid-BTWT-Cell-pellet_1,empty,0,0,0,0,0,True,0,0.0
Sphingolipid-BTWT-Cell-pellet_1__F443,Sphingolipid-BTWT-Cell-pellet_1,single,1,0,0,1,1,True,0,0.8907219767570496
Sphingolipid-BTWT-Cell-pellet_1__F444,Sphingolipid-BTWT-Cell-pellet_1,empty,0,0,0,0,0,True,0,0.0
Sphingolipid-BTWT-Cell-pellet_1__F445,Sphingolipid-BTWT-Cell-pellet_1,single,1,0,0,1,1,True,0,0.9272927641868591
Sphingolipid-BTWT-Cell-pellet_1__F446,Sphingolipid-BTWT-Cell-pellet_1,single,0,0,1,1,0,False,1,0.0
Sphingolipid-BTWT-Cell-pellet_1__F447,Sphingolipid-BTWT-Cell-pellet_1,empty,0,0,0,0,0,True,0,0.0
Sphingolipid-BTWT-Cell-pellet_1__F448,Sphingolipid-BTWT-Cell-pellet_1,single,1,0,0,1,1,True,0,0.7887294888496399
Sphingolipid-BTWT-Cell-pellet_1__F449,Sphingolipid-BTWT-Cell-pellet_1,single,1,0,0,1,1,True,0,0.8046426177024841
Sphingolipid-BTWT-Cell-pellet_1__F45,Sphingolipid-BTWT-Cell-pellet_1,single,1,0,0,1,1,True,0,0.7051900029182434
Sphingolipid-BTWT-Cell-pellet_1__F450,Sphingolipid-BTWT-Cell-pellet_1,empty,0,0,0,0,0,True,0,0.0
Sphingolipid-BTWT-Cell-pellet_1__F451,Sphingolipid-BTWT-Cell-pellet_1,single,0,0,1,1,0,False,1,0.0
Sphingolipid-BTWT-Cell-pellet_1__F452,Sphingolipid-BTWT-Cell-pellet_1,single,1,0,0,1,1,True,0,0.8480428457260132
Sphingolipid-BTWT-Cell-pellet_1__F453,Sphingolipid-BTWT-Cell-pellet_1,single,0,0,1,1,0,False,1,0.0
Sphingolipid-BTWT-Cell-pellet_1__F454,Sphingolipid-BTWT-Cell-pellet_1,single,1,0,0,1,1,True,0,0.9681423306465149
Sphingolipid-BTWT-Cell-pellet_1__F455,Sphingolipid-BTWT-Cell-pellet_1,empty,0,0,0,0,0,True,0,0.0
Sphingolipid-BTWT-Cell-pellet_1__F456,Sphingolipid-BTWT-Cell-pellet_1,single,1,0,0,1,1,True,0,0.9128936529159546
Sphingolipid-BTWT-Cell-pellet_1__F457,Sphingolipid-BTWT-Cell-pellet_1,empty,0,0,0,0,0,True,0,0.0
Sphingolipid-BTWT-Cell-pellet_1__F458,Sphingolipid-BTWT-Cell-pellet_1,single,1,0,0,1,1,True,0,0.7219609618186951
Sphingolipid-BTWT-Cell-pellet_1__F459,Sphingolipid-BTWT-Cell-pellet_1,empty,0,0,0,0,0,True,0,0.0
Sphingolipid-BTWT-Cell-pellet_1__F46,Sphingolipid-BTWT-Cell-pellet_1,empty,0,0,0,0,0,True,0,0.0
Sphingolipid-BTWT-Cell-pellet_1__F460,Sphingolipid-BTWT-Cell-pellet_1,multi,0,0,2,2,0,False,2,0.0
Sphingolipid-BTWT-Cell-pellet_1__F461,Sphingolipid-BTWT-Cell-pellet_1,empty,0,1,0,0,1,False,1,0.0
Sphingolipid-BTWT-Cell-pellet_1__F462,Sphingolipid-BTWT-Cell-pellet_1,single,1,0,0,1,1,True,0,0.8031734824180603
Sphingolipid-BTWT-Cell-pellet_1__F463,Sphingolipid-BTWT-Cell-pellet_1,single,1,0,0,1,1,True,0,0.9421840906143188
Sphingolipid-BTWT-Cell-pellet_1__F464,Sphingolipid-BTWT-Cell-pellet_1,empty,0,0,0,0,0,True,0,0.0
Sphingolipid-BTWT-Cell-pellet_1__F465,Sphingolipid-BTWT-Cell-pellet_1,empty,0,0,0,0,0,True,0,0.0
Sphingolipid-BTWT-Cell-pellet_1__F466,Sphingolipid-BTWT-Cell-pellet_1,empty,0,1,0,0,1,False,1,0.0
Sphingolipid-BTWT-Cell-pellet_1__F467,Sphingolipid-BTWT-Cell-pellet_1,single,1,0,0,1,1,True,0,0.7990583777427673
Sphingolipid-BTWT-Cell-pellet_1__F468,Sphingolipid-BTWT-Cell-pellet_1,multi,2,0,0,2,2,True,0,0.8376124799251556
Sphingolipid-BTWT-Cell-pellet_1__F469,Sphingolipid-BTWT-Cell-pellet_1,single,1,0,0,1,1,True,0,0.8699687123298645
Sphingolipid-BTWT-Cell-pellet_1__F47,Sphingolipid-BTWT-Cell-pellet_1,single,1,0,0,1,1,True,0,0.8624452948570251
Sphingolipid-BTWT-Cell-pellet_1__F470,Sphingolipid-BTWT-Cell-pellet_1,empty,0,0,0,0,0,True,0,0.0
Sphingolipid-BTWT-Cell-pellet_1__F471,Sphingolipid-BTWT-Cell-pellet_1,single,1,0,0,1,1,True,0,0.7619490027427673
Sphingolipid-BTWT-Cell-pellet_1__F472,Sphingolipid-BTWT-Cell-pellet_1,empty,0,0,0,0,0,True,0,0.0
Sphingolipid-BTWT-Cell-pellet_1__F473,Sphingolipid-BTWT-Cell-pellet_1,single,1,0,0,1,1,True,0,0.7366374731063843
Sphingolipid-BTWT-Cell-pellet_1__F474,Sphingolipid-BTWT-Cell-pellet_1,multi,0,0,3,3,0,False,3,0.0
Sphingolipid-BTWT-Cell-pellet_1__F475,Sphingolipid-BTWT-Cell-pellet_1,single,0,0,1,1,0,False,1,0.0
Sphingolipid-BTWT-Cell-pellet_1__F476,Sphingolipid-BTWT-Cell-pellet_1,empty,0,0,0,0,0,True,0,0.0
Sphingolipid-BTWT-Cell-pellet_1__F477,Sphingolipid-BTWT-Cell-pellet_1,empty,0,0,0,0,0,True,0,0.0
Sphingolipid-BTWT-Cell-pellet_1__F478,Sphingolipid-BTWT-Cell-pellet_1,single,1,0,0,1,1,True,0,0.80735182762146
Sphingolipid-BTWT-Cell-pellet_1__F479,Sphingolipid-BTWT-Cell-pellet_1,single,1,0,0,1,1,True,0,0.8597561120986938
Sphingolipid-BTWT-Cell-pellet_1__F48,Sphingolipid-BTWT-Cell-pellet_1,single,1,1,0,1,2,False,1,0.9198035001754761
Sphingolipid-BTWT-Cell-pellet_1__F480,Sphingolipid-BTWT-Cell-pellet_1,single,1,0,0,1,1,True,0,0.8571454286575317
Sphingolipid-BTWT-Cell-pellet_1__F481,Sphingolipid-BTWT-Cell-pellet_1,empty,0,0,0,0,0,True,0,0.0
Sphingolipid-BTWT-Cell-pellet_1__F482,Sphingolipid-BTWT-Cell-pellet_1,single,1,0,0,1,1,True,0,0.9294938445091248
Sphingolipid-BTWT-Cell-pellet_1__F483,Sphingolipid-BTWT-Cell-pellet_1,single,1,0,0,1,1,True,0,0.8092881441116333
Sphingolipid-BTWT-Cell-pellet_1__F484,Sphingolipid-BTWT-Cell-pellet_1,empty,0,0,0,0,0,True,0,0.0
Sphingolipid-BTWT-Cell-pellet_1__F485,Sphingolipid-BTWT-Cell-pellet_1,single,1,0,0,1,1,True,0,0.844312846660614
Sphingolipid-BTWT-Cell-pellet_1__F486,Sphingolipid-BTWT-Cell-pellet_1,single,0,0,1,1,0,False,1,0.0
Sphingolipid-BTWT-Cell-pellet_1__F487,Sphingolipid-BTWT-Cell-pellet_1,empty,0,0,0,0,0,True,0,0.0
Sphingolipid-BTWT-Cell-pellet_1__F488,Sphingolipid-BTWT-Cell-pellet_1,empty,0,0,0,0,0,True,0,0.0
Sphingolipid-BTWT-Cell-pellet_1__F489,Sphingolipid-BTWT-Cell-pellet_1,empty,0,0,0,0,0,True,0,0.0
Sphingolipid-BTWT-Cell-pellet_1__F49,Sphingolipid-BTWT-Cell-pellet_1,multi,1,0,1,2,1,False,1,0.6295797824859619
Sphingolipid-BTWT-Cell-pellet_1__F490,Sphingolipid-BTWT-Cell-pellet_1,empty,0,0,0,0,0,True,0,0.0
Sphingolipid-BTWT-Cell-pellet_1__F491,Sphingolipid-BTWT-Cell-pellet_1,empty,0,0,0,0,0,True,0,0.0
Sphingolipid-BTWT-Cell-pellet_1__F492,Sphingolipid-BTWT-Cell-pellet_1,single,1,0,0,1,1,True,0,0.8889738917350769
Sphingolipid-BTWT-Cell-pellet_1__F493,Sphingolipid-BTWT-Cell-pellet_1,single,1,0,0,1,1,True,0,0.8626195788383484
Sphingolipid-BTWT-Cell-pellet_1__F494,Sphingolipid-BTWT-Cell-pellet_1,empty,0,2,0,0,2,False,2,0.0
Sphingolipid-BTWT-Cell-pellet_1__F495,Sphingolipid-BTWT-Cell-pellet_1,single,1,0,0,1,1,True,0,0.8528257608413696
Sphingolipid-BTWT-Cell-pellet_1__F496,Sphingolipid-BTWT-Cell-pellet_1,single,1,0,0,1,1,True,0,0.9579864144325256
Sphingolipid-BTWT-Cell-pellet_1__F497,Sphingolipid-BTWT-Cell-pellet_1,single,1,0,0,1,1,True,0,0.8793905973434448
Sphingolipid-BTWT-Cell-pellet_1__F498,Sphingolipid-BTWT-Cell-pellet_1,empty,0,0,0,0,0,True,0,0.0
Sphingolipid-BTWT-Cell-pellet_1__F499,Sphingolipid-BTWT-Cell-pellet_1,single,1,0,0,1,1,True,0,0.8907828330993652
Sphingolipid-BTWT-Cell-pellet_1__F5,Sphingolipid-BTWT-Cell-pellet_1,single,1,0,0,1,1,True,0,0.8079402446746826
Sphingolipid-BTWT-Cell-pellet_1__F50,Sphingolipid-BTWT-Cell-pellet_1,empty,0,0,0,0,0,True,0,0.0
Sphingolipid-BTWT-Cell-pellet_1__F500,Sphingolipid-BTWT-Cell-pellet_1,single,1,0,0,1,1,True,0,0.7287157773971558
Sphingolipid-BTWT-Cell-pellet_1__F501,Sphingolipid-BTWT-Cell-pellet_1,empty,0,0,0,0,0,True,0,0.0
Sphingolipid-BTWT-Cell-pellet_1__F502,Sphingolipid-BTWT-Cell-pellet_1,single,1,0,0,1,1,True,0,0.8588154315948486
Sphingolipid-BTWT-Cell-pellet_1__F503,Sphingolipid-BTWT-Cell-pellet_1,empty,0,0,0,0,0,True,0,0.0
Sphingolipid-BTWT-Cell-pellet_1__F505,Sphingolipid-BTWT-Cell-pellet_1,single,1,0,0,1,1,True,0,0.6745560169219971
Sphingolipid-BTWT-Cell-pellet_1__F506,Sphingolipid-BTWT-Cell-pellet_1,single,0,0,1,1,0,False,1,0.0
Sphingolipid-BTWT-Cell-pellet_1__F507,Sphingolipid-BTWT-Cell-pellet_1,multi,2,0,1,3,2,False,1,0.7640723586082458
Sphingolipid-BTWT-Cell-pellet_1__F508,Sphingolipid-BTWT-Cell-pellet_1,single,1,0,0,1,1,True,0,0.7080647349357605
Sphingolipid-BTWT-Cell-pellet_1__F509,Sphingolipid-BTWT-Cell-pellet_1,single,1,0,0,1,1,True,0,0.8930301070213318
Sphingolipid-BTWT-Cell-pellet_1__F51,Sphingolipid-BTWT-Cell-pellet_1,single,1,0,0,1,1,True,0,0.871298611164093
Sphingolipid-BTWT-Cell-pellet_1__F510,Sphingolipid-BTWT-Cell-pellet_1,single,0,0,1,1,0,False,1,0.0
Sphingolipid-BTWT-Cell-pellet_1__F511,Sphingolipid-BTWT-Cell-pellet_1,single,0,0,1,1,0,False,1,0.0
Sphingolipid-BTWT-Cell-pellet_1__F512,Sphingolipid-BTWT-Cell-pellet_1,single,1,0,0,1,1,True,0,0.7689589262008667
Sphingolipid-BTWT-Cell-pellet_1__F513,Sphingolipid-BTWT-Cell-pellet_1,single,1,0,0,1,1,True,0,0.8605098128318787
Sphingolipid-BTWT-Cell-pellet_1__F514,Sphingolipid-BTWT-Cell-pellet_1,multi,0,1,2,2,1,False,1,0.0
Sphingolipid-BTWT-Cell-pellet_1__F515,Sphingolipid-BTWT-Cell-pellet_1,empty,0,0,0,0,0,True,0,0.0
Sphingolipid-BTWT-Cell-pellet_1__F516,Sphingolipid-BTWT-Cell-pellet_1,single,1,0,0,1,1,True,0,0.6939136981964111
Sphingolipid-BTWT-Cell-pellet_1__F517,Sphingolipid-BTWT-Cell-pellet_1,single,1,0,0,1,1,True,0,0.9039224982261658
Sphingolipid-BTWT-Cell-pellet_1__F518,Sphingolipid-BTWT-Cell-pellet_1,single,1,0,0,1,1,True,0,0.9335089325904846
Sphingolipid-BTWT-Cell-pellet_1__F519,Sphingolipid-BTWT-Cell-pellet_1,empty,0,0,0,0,0,True,0,0.0
Sphingolipid-BTWT-Cell-pellet_1__F52,Sphingolipid-BTWT-Cell-pellet_1,single,1,0,0,1,1,True,0,0.9108446836471558
Sphingolipid-BTWT-Cell-pellet_1__F520,Sphingolipid-BTWT-Cell-pellet_1,multi,0,0,3,3,0,False,3,0.0
Sphingolipid-BTWT-Cell-pellet_1__F521,Sphingolipid-BTWT-Cell-pellet_1,empty,0,0,0,0,0,True,0,0.0
Sphingolipid-BTWT-Cell-pellet_1__F522,Sphingolipid-BTWT-Cell-pellet_1,single,0,0,1,1,0,False,1,0.0
Sphingolipid-BTWT-Cell-pellet_1__F523,Sphingolipid-BTWT-Cell-pellet_1,empty,0,0,0,0,0,True,0,0.0
Sphingolipid-BTWT-Cell-pellet_1__F524,Sphingolipid-BTWT-Cell-pellet_1,single,1,0,0,1,1,True,0,0.5788133144378662
Sphingolipid-BTWT-Cell-pellet_1__F525,Sphingolipid-BTWT-Cell-pellet_1,single,1,0,0,1,1,True,0,0.6104574799537659
Sphingolipid-BTWT-Cell-pellet_1__F526,Sphingolipid-BTWT-Cell-pellet_1,empty,0,0,0,0,0,True,0,0.0
Sphingolipid-BTWT-Cell-pellet_1__F527,Sphingolipid-BTWT-Cell-pellet_1,empty,0,0,0,0,0,True,0,0.0
Sphingolipid-BTWT-Cell-pellet_1__F528,Sphingolipid-BTWT-Cell-pellet_1,empty,0,0,0,0,0,True,0,0.0
Sphingolipid-BTWT-Cell-pellet_1__F529,Sphingolipid-BTWT-Cell-pellet_1,single,1,0,0,1,1,True,0,0.7706425189971924
Sphingolipid-BTWT-Cell-pellet_1__F53,Sphingolipid-BTWT-Cell-pellet_1,empty,0,0,0,0,0,True,0,0.0
Sphingolipid-BTWT-Cell-pellet_1__F530,Sphingolipid-BTWT-Cell-pellet_1,empty,0,0,0,0,0,True,0,0.0
Sphingolipid-BTWT-Cell-pellet_1__F531,Sphingolipid-BTWT-Cell-pellet_1,single,1,0,0,1,1,True,0,0.9206094145774841
Sphingolipid-BTWT-Cell-pellet_1__F532,Sphingolipid-BTWT-Cell-pellet_1,single,1,0,0,1,1,True,0,0.5784769654273987
Sphingolipid-BTWT-Cell-pellet_1__F533,Sphingolipid-BTWT-Cell-pellet_1,empty,0,0,0,0,0,True,0,0.0
Sphingolipid-BTWT-Cell-pellet_1__F534,Sphingolipid-BTWT-Cell-pellet_1,single,1,0,0,1,1,True,0,0.9482641816139221
Sphingolipid-BTWT-Cell-pellet_1__F535,Sphingolipid-BTWT-Cell-pellet_1,single,1,0,0,1,1,True,0,0.8519471883773804
Sphingolipid-BTWT-Cell-pellet_1__F536,Sphingolipid-BTWT-Cell-pellet_1,single,1,0,0,1,1,True,0,0.8932793736457825
Sphingolipid-BTWT-Cell-pellet_1__F537,Sphingolipid-BTWT-Cell-pellet_1,single,1,0,0,1,1,True,0,0.7424220442771912
Sphingolipid-BTWT-Cell-pellet_1__F538,Sphingolipid-BTWT-Cell-pellet_1,empty,0,0,0,0,0,True,0,0.0
Sphingolipid-BTWT-Cell-pellet_1__F539,Sphingolipid-BTWT-Cell-pellet_1,empty,0,0,0,0,0,True,0,0.0
Sphingolipid-BTWT-Cell-pellet_1__F54,Sphingolipid-BTWT-Cell-pellet_1,multi,2,0,0,2,2,True,0,0.839674711227417
Sphingolipid-BTWT-Cell-pellet_1__F540,Sphingolipid-BTWT-Cell-pellet_1,multi,1,0,2,3,1,False,2,0.9127044081687927
Sphingolipid-BTWT-Cell-pellet_1__F541,Sphingolipid-BTWT-Cell-pellet_1,empty,0,0,0,0,0,True,0,0.0
Sphingolipid-BTWT-Cell-pellet_1__F542,Sphingolipid-BTWT-Cell-pellet_1,single,1,0,0,1,1,True,0,0.8791184425354004
Sphingolipid-BTWT-Cell-pellet_1__F543,Sphingolipid-BTWT-Cell-pellet_1,single,1,0,0,1,1,True,0,0.6203012466430664
Sphingolipid-BTWT-Cell-pellet_1__F544,Sphingolipid-BTWT-Cell-pellet_1,multi,2,0,0,2,2,True,0,0.8866918087005615
Sphingolipid-BTWT-Cell-pellet_1__F545,Sphingolipid-BTWT-Cell-pellet_1,single,0,0,1,1,0,False,1,0.0
Sphingolipid-BTWT-Cell-pellet_1__F546,Sphingolipid-BTWT-Cell-pellet_1,single,1,0,0,1,1,True,0,0.9082425236701965
Sphingolipid-BTWT-Cell-pellet_1__F547,Sphingolipid-BTWT-Cell-pellet_1,empty,0,0,0,0,0,True,0,0.0
Sphingolipid-BTWT-Cell-pellet_1__F548,Sphingolipid-BTWT-Cell-pellet_1,empty,0,0,0,0,0,True,0,0.0
Sphingolipid-BTWT-Cell-pellet_1__F549,Sphingolipid-BTWT-Cell-pellet_1,empty,0,0,0,0,0,True,0,0.0
Sphingolipid-BTWT-Cell-pellet_1__F55,Sphingolipid-BTWT-Cell-pellet_1,single,1,0,0,1,1,True,0,0.9574008584022522
Sphingolipid-BTWT-Cell-pellet_1__F550,Sphingolipid-BTWT-Cell-pellet_1,empty,0,1,0,0,1,False,1,0.0
Sphingolipid-BTWT-Cell-pellet_1__F56,Sphingolipid-BTWT-Cell-pellet_1,multi,1,0,1,2,1,False,1,0.8357070684432983
Sphingolipid-BTWT-Cell-pellet_1__F57,Sphingolipid-BTWT-Cell-pellet_1,single,1,0,0,1,1,True,0,0.7708404660224915
Sphingolipid-BTWT-Cell-pellet_1__F58,Sphingolipid-BTWT-Cell-pellet_1,single,0,1,1,1,1,True,0,0.0
Sphingolipid-BTWT-Cell-pellet_1__F59,Sphingolipid-BTWT-Cell-pellet_1,empty,0,0,0,0,0,True,0,0.0
Sphingolipid-BTWT-Cell-pellet_1__F6,Sphingolipid-BTWT-Cell-pellet_1,multi,0,1,3,3,1,False,2,0.0
Sphingolipid-BTWT-Cell-pellet_1__F60,Sphingolipid-BTWT-Cell-pellet_1,single,1,0,0,1,1,True,0,0.9016597270965576
Sphingolipid-BTWT-Cell-pellet_1__F61,Sphingolipid-BTWT-Cell-pellet_1,single,1,0,0,1,1,True,0,0.9146335124969482
Sphingolipid-BTWT-Cell-pellet_1__F62,Sphingolipid-BTWT-Cell-pellet_1,single,1,0,0,1,1,True,0,0.6925637125968933
Sphingolipid-BTWT-Cell-pellet_1__F63,Sphingolipid-BTWT-Cell-pellet_1,single,1,0,0,1,1,True,0,0.8261928558349609
Sphingolipid-BTWT-Cell-pellet_1__F64,Sphingolipid-BTWT-Cell-pellet_1,single,1,0,0,1,1,True,0,0.9134588241577148
Sphingolipid-BTWT-Cell-pellet_1__F65,Sphingolipid-BTWT-Cell-pellet_1,single,1,0,0,1,1,True,0,0.8290526270866394
Sphingolipid-BTWT-Cell-pellet_1__F66,Sphingolipid-BTWT-Cell-pellet_1,single,1,0,0,1,1,True,0,0.9058610796928406
Sphingolipid-BTWT-Cell-pellet_1__F67,Sphingolipid-BTWT-Cell-pellet_1,empty,0,1,0,0,1,False,1,0.0
Sphingolipid-BTWT-Cell-pellet_1__F68,Sphingolipid-BTWT-Cell-pellet_1,empty,0,0,0,0,0,True,0,0.0
Sphingolipid-BTWT-Cell-pellet_1__F69,Sphingolipid-BTWT-Cell-pellet_1,multi,2,0,1,3,2,False,1,0.829706072807312
Sphingolipid-BTWT-Cell-pellet_1__F7,Sphingolipid-BTWT-Cell-pellet_1,single,0,0,1,1,0,False,1,0.0
Sphingolipid-BTWT-Cell-pellet_1__F70,Sphingolipid-BTWT-Cell-pellet_1,single,1,0,0,1,1,True,0,0.7039691209793091
Sphingolipid-BTWT-Cell-pellet_1__F71,Sphingolipid-BTWT-Cell-pellet_1,single,1,0,0,1,1,True,0,0.5164620280265808
Sphingolipid-BTWT-Cell-pellet_1__F72,Sphingolipid-BTWT-Cell-pellet_1,empty,0,0,0,0,0,True,0,0.0
Sphingolipid-BTWT-Cell-pellet_1__F73,Sphingolipid-BTWT-Cell-pellet_1,single,1,0,0,1,1,True,0,0.6324781179428101
Sphingolipid-BTWT-Cell-pellet_1__F74,Sphingolipid-BTWT-Cell-pellet_1,empty,0,1,0,0,1,False,1,0.0
Sphingolipid-BTWT-Cell-pellet_1__F75,Sphingolipid-BTWT-Cell-pellet_1,multi,2,0,1,3,2,False,1,0.7151904106140137
Sphingolipid-BTWT-Cell-pellet_1__F76,Sphingolipid-BTWT-Cell-pellet_1,single,1,0,0,1,1,True,0,0.8750638961791992
Sphingolipid-BTWT-Cell-pellet_1__F77,Sphingolipid-BTWT-Cell-pellet_1,single,1,0,0,1,1,True,0,0.710137128829956
Sphingolipid-BTWT-Cell-pellet_1__F78,Sphingolipid-BTWT-Cell-pellet_1,single,1,0,0,1,1,True,0,0.9235775470733643
Sphingolipid-BTWT-Cell-pellet_1__F79,Sphingolipid-BTWT-Cell-pellet_1,single,1,0,0,1,1,True,0,0.6442809104919434
Sphingolipid-BTWT-Cell-pellet_1__F8,Sphingolipid-BTWT-Cell-pellet_1,single,1,0,0,1,1,True,0,0.902387261390686
Sphingolipid-BTWT-Cell-pellet_1__F80,Sphingolipid-BTWT-Cell-pellet_1,empty,0,1,0,0,1,False,1,0.0
Sphingolipid-BTWT-Cell-pellet_1__F81,Sphingolipid-BTWT-Cell-pellet_1,single,1,0,0,1,1,True,0,0.7005311250686646
Sphingolipid-BTWT-Cell-pellet_1__F82,Sphingolipid-BTWT-Cell-pellet_1,single,1,0,0,1,1,True,0,0.7764001488685608
Sphingolipid-BTWT-Cell-pellet_1__F83,Sphingolipid-BTWT-Cell-pellet_1,empty,0,0,0,0,0,True,0,0.0
Sphingolipid-BTWT-Cell-pellet_1__F84,Sphingolipid-BTWT-Cell-pellet_1,empty,0,0,0,0,0,True,0,0.0
Sphingolipid-BTWT-Cell-pellet_1__F85,Sphingolipid-BTWT-Cell-pellet_1,single,1,0,0,1,1,True,0,0.8033316731452942
Sphingolipid-BTWT-Cell-pellet_1__F86,Sphingolipid-BTWT-Cell-pellet_1,single,1,0,0,1,1,True,0,0.916528582572937
Sphingolipid-BTWT-Cell-pellet_1__F87,Sphingolipid-BTWT-Cell-pellet_1,empty,0,0,0,0,0,True,0,0.0
Sphingolipid-BTWT-Cell-pellet_1__F88,Sphingolipid-BTWT-Cell-pellet_1,single,0,0,1,1,0,False,1,0.0
Sphingolipid-BTWT-Cell-pellet_1__F89,Sphingolipid-BTWT-Cell-pellet_1,multi,1,0,1,2,1,False,1,0.5965611338615417
Sphingolipid-BTWT-Cell-pellet_1__F9,Sphingolipid-BTWT-Cell-pellet_1,single,0,0,1,1,0,False,1,0.0
Sphingolipid-BTWT-Cell-pellet_1__F90,Sphingolipid-BTWT-Cell-pellet_1,single,0,0,1,1,0,False,1,0.0
Sphingolipid-BTWT-Cell-pellet_1__F91,Sphingolipid-BTWT-Cell-pellet_1,single,1,0,0,1,1,True,0,0.8546004295349121
Sphingolipid-BTWT-Cell-pellet_1__F92,Sphingolipid-BTWT-Cell-pellet_1,empty,0,0,0,0,0,True,0,0.0
Sphingolipid-BTWT-Cell-pellet_1__F93,Sphingolipid-BTWT-Cell-pellet_1,multi,0,2,3,3,2,False,1,0.0
Sphingolipid-BTWT-Cell-pellet_1__F94,Sphingolipid-BTWT-Cell-pellet_1,single,1,0,0,1,1,True,0,0.9048287868499756
Sphingolipid-BTWT-Cell-pellet_1__F95,Sphingolipid-BTWT-Cell-pellet_1,single,1,0,0,1,1,True,0,0.8315110802650452
Sphingolipid-BTWT-Cell-pellet_1__F96,Sphingolipid-BTWT-Cell-pellet_1,single,0,1,1,1,1,True,0,0.0
Sphingolipid-BTWT-Cell-pellet_1__F97,Sphingolipid-BTWT-Cell-pellet_1,empty,0,0,0,0,0,True,0,0.0
Sphingolipid-BTWT-Cell-pellet_1__F98,Sphingolipid-BTWT-Cell-pellet_1,multi,1,0,1,2,1,False,1,0.9719057083129883
Sphingolipid-BTWT-Cell-pellet_1__F99,Sphingolipid-BTWT-Cell-pellet_1,empty,0,0,0,0,0,True,0,0.0
