sample_id,source_file,true_peak_count_class,seed_label,seed_probability,seed_prediction,correct
Sphingolipid-BTSPT-Cell-pellet_1__F1,Sphingolipid-BTSPT-Cell-pellet_1,single,1,1.0,1,True
Sphingolipid-BTSPT-Cell-pellet_1__F10,Sphingolipid-BTSPT-Cell-pellet_1,empty,0,1.0,1,False
Sphingolipid-BTSPT-Cell-pellet_1__F100,Sphingolipid-BTSPT-Cell-pellet_1,empty,0,0.0,0,True
Sphingolipid-BTSPT-Cell-pellet_1__F101,Sphingolipid-BTSPT-Cell-pellet_1,single,1,1.0,1,True
Sphingolipid-BTSPT-Cell-pellet_1__F102,Sphingolipid-BTSPT-Cell-pellet_1,single,1,1.0,1,True
Sphingolipid-BTSPT-Cell-pellet_1__F103,Sphingolipid-BTSPT-Cell-pellet_1,empty,0,0.1307373046875,0,True
Sphingolipid-BTSPT-Cell-pellet_1__F104,Sphingolipid-BTSPT-Cell-pellet_1,single,1,1.0,1,True
Sphingolipid-BTSPT-Cell-pellet_1__F105,Sphingolipid-BTSPT-Cell-pellet_1,empty,0,5.960464477539063e-08,0,True
Sphingolipid-BTSPT-Cell-pellet_1__F106,Sphingolipid-BTSPT-Cell-pellet_1,empty,0,0.0006880760192871094,0,True
Sphingolipid-BTSPT-Cell-pellet_1__F107,Sphingolipid-BTSPT-Cell-pellet_1,single,1,1.0,1,True
Sphingolipid-BTSPT-Cell-pellet_1__F108,Sphingolipid-BTSPT-Cell-pellet_1,empty,0,0.0,0,True
Sphingolipid-BTSPT-Cell-pellet_1__F109,Sphingolipid-BTSPT-Cell-pellet_1,single,1,1.0,1,True
Sphingolipid-BTSPT-Cell-pellet_1__F11,Sphingolipid-BTSPT-Cell-pellet_1,single,1,1.0,1,True
Sphingolipid-BTSPT-Cell-pellet_1__F110,Sphingolipid-BTSPT-Cell-pellet_1,empty,0,1.0,1,False
Sphingolipid-BTSPT-Cell-pellet_1__F111,Sphingolipid-BTSPT-Cell-pellet_1,empty,0,5.960464477539063e-08,0,True
Sphingolipid-BTSPT-Cell-pellet_1__F112,Sphingolipid-BTSPT-Cell-pellet_1,empty,0,0.0038852691650390625,0,True
Sphingolipid-BTSPT-Cell-pellet_1__F113,Sphingolipid-BTSPT-Cell-pellet_1,multi,1,1.0,1,True
Sphingolipid-BTSPT-Cell-pellet_1__F114,Sphingolipid-BTSPT-Cell-pellet_1,single,1,1.0,1,True
Sphingolipid-BTSPT-Cell-pellet_1__F115,Sphingolipid-BTSPT-Cell-pellet_1,single,1,1.0,1,True
Sphingolipid-BTSPT-Cell-pellet_1__F116,Sphingolipid-BTSPT-Cell-pellet_1,single,1,1.0,1,True
Sphingolipid-BTSPT-Cell-pellet_1__F117,Sphingolipid-BTSPT-Cell-pellet_1,single,1,0.9990234375,1,True
Sphingolipid-BTSPT-Cell-pellet_1__F118,Sphingolipid-BTSPT-Cell-pellet_1,empty,0,4.76837158203125e-07,0,True
Sphingolipid-BTSPT-Cell-pellet_1__F119,Sphingolipid-BTSPT-Cell-pellet_1,single,1,1.0,1,True
Sphingolipid-BTSPT-Cell-pellet_1__F12,Sphingolipid-BTSPT-Cell-pellet_1,empty,0,3.874301910400391e-06,0,True
Sphingolipid-BTSPT-Cell-pellet_1__F120,Sphingolipid-BTSPT-Cell-pellet_1,single,1,0.87255859375,1,True
Sphingolipid-BTSPT-Cell-pellet_1__F121,Sphingolipid-BTSPT-Cell-pellet_1,multi,1,1.0,1,True
Sphingolipid-BTSPT-Cell-pellet_1__F122,Sphingolipid-BTSPT-Cell-pellet_1,single,1,1.0,1,True
Sphingolipid-BTSPT-Cell-pellet_1__F123,Sphingolipid-BTSPT-Cell-pellet_1,single,1,1.0,1,True
Sphingolipid-BTSPT-Cell-pellet_1__F124,Sphingolipid-BTSPT-Cell-pellet_1,empty,0,5.364418029785156e-07,0,True
Sphingolipid-BTSPT-Cell-pellet_1__F125,Sphingolipid-BTSPT-Cell-pellet_1,single,1,1.0,1,True
Sphingolipid-BTSPT-Cell-pellet_1__F126,Sphingolipid-BTSPT-Cell-pellet_1,single,1,1.0,1,True
Sphingolipid-BTSPT-Cell-pellet_1__F127,Sphingolipid-BTSPT-Cell-pellet_1,single,1,1.0,1,True
Sphingolipid-BTSPT-Cell-pellet_1__F128,Sphingolipid-BTSPT-Cell-pellet_1,empty,0,0.0,0,True
Sphingolipid-BTSPT-Cell-pellet_1__F129,Sphingolipid-BTSPT-Cell-pellet_1,single,1,0.99951171875,1,True
Sphingolipid-BTSPT-Cell-pellet_1__F13,Sphingolipid-BTSPT-Cell-pellet_1,single,1,1.0,1,True
Sphingolipid-BTSPT-Cell-pellet_1__F130,Sphingolipid-BTSPT-Cell-pellet_1,single,1,1.0,1,True
Sphingolipid-BTSPT-Cell-pellet_1__F131,Sphingolipid-BTSPT-Cell-pellet_1,single,0,3.6954879760742188e-06,0,True
Sphingolipid-BTSPT-Cell-pellet_1__F132,Sphingolipid-BTSPT-Cell-pellet_1,empty,0,0.133544921875,0,True
Sphingolipid-BTSPT-Cell-pellet_1__F133,Sphingolipid-BTSPT-Cell-pellet_1,single,1,1.0,1,True
Sphingolipid-BTSPT-Cell-pellet_1__F134,Sphingolipid-BTSPT-Cell-pellet_1,single,1,1.0,1,True
Sphingolipid-BTSPT-Cell-pellet_1__F135,Sphingolipid-BTSPT-Cell-pellet_1,single,1,1.0,1,True
Sphingolipid-BTSPT-Cell-pellet_1__F136,Sphingolipid-BTSPT-Cell-pellet_1,single,1,1.0,1,True
Sphingolipid-BTSPT-Cell-pellet_1__F137,Sphingolipid-BTSPT-Cell-pellet_1,single,1,1.0,1,True
Sphingolipid-BTSPT-Cell-pellet_1__F138,Sphingolipid-BTSPT-Cell-pellet_1,multi,1,1.0,1,True
Sphingolipid-BTSPT-Cell-pellet_1__F139,Sphingolipid-BTSPT-Cell-pellet_1,empty,0,0.375,0,True
Sphingolipid-BTSPT-Cell-pellet_1__F14,Sphingolipid-BTSPT-Cell-pellet_1,single,1,1.0,1,True
Sphingolipid-BTSPT-Cell-pellet_1__F140,Sphingolipid-BTSPT-Cell-pellet_1,empty,0,1.0,1,False
Sphingolipid-BTSPT-Cell-pellet_1__F141,Sphingolipid-BTSPT-Cell-pellet_1,single,1,1.0,1,True
Sphingolipid-BTSPT-Cell-pellet_1__F143,Sphingolipid-BTSPT-Cell-pellet_1,empty,0,0.0,0,True
Sphingolipid-BTSPT-Cell-pellet_1__F144,Sphingolipid-BTSPT-Cell-pellet_1,single,1,1.0,1,True
Sphingolipid-BTSPT-Cell-pellet_1__F145,Sphingolipid-BTSPT-Cell-pellet_1,empty,0,0.478271484375,0,True
Sphingolipid-BTSPT-Cell-pellet_1__F146,Sphingolipid-BTSPT-Cell-pellet_1,empty,0,1.4901161193847656e-06,0,True
Sphingolipid-BTSPT-Cell-pellet_1__F147,Sphingolipid-BTSPT-Cell-pellet_1,empty,0,0.99658203125,1,False
Sphingolipid-BTSPT-Cell-pellet_1__F148,Sphingolipid-BTSPT-Cell-pellet_1,single,1,1.0,1,True
Sphingolipid-BTSPT-Cell-pellet_1__F149,Sphingolipid-BTSPT-Cell-pellet_1,empty,0,7.748603820800781e-07,0,True
Sphingolipid-BTSPT-Cell-pellet_1__F15,Sphingolipid-BTSPT-Cell-pellet_1,single,1,1.0,1,True
Sphingolipid-BTSPT-Cell-pellet_1__F150,Sphingolipid-BTSPT-Cell-pellet_1,single,1,1.0,1,True
Sphingolipid-BTSPT-Cell-pellet_1__F151,Sphingolipid-BTSPT-Cell-pellet_1,multi,1,1.0,1,True
Sphingolipid-BTSPT-Cell-pellet_1__F152,Sphingolipid-BTSPT-Cell-pellet_1,single,1,1.0,1,True
Sphingolipid-BTSPT-Cell-pellet_1__F153,Sphingolipid-BTSPT-Cell-pellet_1,single,1,1.0,1,True
Sphingolipid-BTSPT-Cell-pellet_1__F154,Sphingolipid-BTSPT-Cell-pellet_1,single,1,1.0,1,True
Sphingolipid-BTSPT-Cell-pellet_1__F155,Sphingolipid-BTSPT-Cell-pellet_1,single,1,1.0,1,True
Sphingolipid-BTSPT-Cell-pellet_1__F156,Sphingolipid-BTSPT-Cell-pellet_1,single,1,0.73681640625,1,True
Sphingolipid-BTSPT-Cell-pellet_1__F157,Sphingolipid-BTSPT-Cell-pellet_1,empty,0,0.99755859375,1,False
Sphingolipid-BTSPT-Cell-pellet_1__F158,Sphingolipid-BTSPT-Cell-pellet_1,single,1,1.0,1,True
Sphingolipid-BTSPT-Cell-pellet_1__F159,Sphingolipid-BTSPT-Cell-pellet_1,empty,0,3.874301910400391e-06,0,True
Sphingolipid-BTSPT-Cell-pellet_1__F16,Sphingolipid-BTSPT-Cell-pellet_1,empty,0,3.319978713989258e-05,0,True
Sphingolipid-BTSPT-Cell-pellet_1__F161,Sphingolipid-BTSPT-Cell-pellet_1,empty,0,0.0,0,True
Sphingolipid-BTSPT-Cell-pellet_1__F162,Sphingolipid-BTSPT-Cell-pellet_1,empty,0,0.80859375,1,False
Sphingolipid-BTSPT-Cell-pellet_1__F163,Sphingolipid-BTSPT-Cell-pellet_1,empty,0,0.01763916015625,0,True
Sphingolipid-BTSPT-Cell-pellet_1__F164,Sphingolipid-BTSPT-Cell-pellet_1,multi,1,0.0003407001495361328,0,False
Sphingolipid-BTSPT-Cell-pellet_1__F165,Sphingolipid-BTSPT-Cell-pellet_1,single,1,1.0,1,True
Sphingolipid-BTSPT-Cell-pellet_1__F166,Sphingolipid-BTSPT-Cell-pellet_1,empty,0,1.0,1,False
Sphingolipid-BTSPT-Cell-pellet_1__F167,Sphingolipid-BTSPT-Cell-pellet_1,empty,0,0.0,0,True
Sphingolipid-BTSPT-Cell-pellet_1__F168,Sphingolipid-BTSPT-Cell-pellet_1,empty,0,1.1324882507324219e-05,0,True
Sphingolipid-BTSPT-Cell-pellet_1__F169,Sphingolipid-BTSPT-Cell-pellet_1,empty,0,1.0,1,False
Sphingolipid-BTSPT-Cell-pellet_1__F17,Sphingolipid-BTSPT-Cell-pellet_1,empty,0,0.99951171875,1,False
Sphingolipid-BTSPT-Cell-pellet_1__F170,Sphingolipid-BTSPT-Cell-pellet_1,multi,1,1.0,1,True
Sphingolipid-BTSPT-Cell-pellet_1__F171,Sphingolipid-BTSPT-Cell-pellet_1,single,1,1.0,1,True
Sphingolipid-BTSPT-Cell-pellet_1__F172,Sphingolipid-BTSPT-Cell-pellet_1,empty,0,0.0,0,True
Sphingolipid-BTSPT-Cell-pellet_1__F173,Sphingolipid-BTSPT-Cell-pellet_1,single,1,1.0,1,True
Sphingolipid-BTSPT-Cell-pellet_1__F175,Sphingolipid-BTSPT-Cell-pellet_1,multi,1,1.0,1,True
Sphingolipid-BTSPT-Cell-pellet_1__F176,Sphingolipid-BTSPT-Cell-pellet_1,empty,0,1.3709068298339844e-06,0,True
Sphingolipid-BTSPT-Cell-pellet_1__F177,Sphingolipid-BTSPT-Cell-pellet_1,empty,0,0.99951171875,1,False
Sphingolipid-BTSPT-Cell-pellet_1__F178,Sphingolipid-BTSPT-Cell-pellet_1,single,1,1.0,1,True
Sphingolipid-BTSPT-Cell-pellet_1__F179,Sphingolipid-BTSPT-Cell-pellet_1,empty,0,1.341104507446289e-05,0,True
Sphingolipid-BTSPT-Cell-pellet_1__F18,Sphingolipid-BTSPT-Cell-pellet_1,empty,0,9.995698928833008e-05,0,True
Sphingolipid-BTSPT-Cell-pellet_1__F180,Sphingolipid-BTSPT-Cell-pellet_1,single,1,1.0,1,True
Sphingolipid-BTSPT-Cell-pellet_1__F181,Sphingolipid-BTSPT-Cell-pellet_1,empty,0,0.0,0,True
Sphingolipid-BTSPT-Cell-pellet_1__F182,Sphingolipid-BTSPT-Cell-pellet_1,empty,0,0.0,0,True
Sphingolipid-BTSPT-Cell-pellet_1__F183,Sphingolipid-BTSPT-Cell-pellet_1,multi,1,1.0,1,True
Sphingolipid-BTSPT-Cell-pellet_1__F184,Sphingolipid-BTSPT-Cell-pellet_1,single,1,1.0,1,True
Sphingolipid-BTSPT-Cell-pellet_1__F186,Sphingolipid-BTSPT-Cell-pellet_1,single,1,1.0,1,True
Sphingolipid-BTSPT-Cell-pellet_1__F187,Sphingolipid-BTSPT-Cell-pellet_1,empty,0,4.172325134277344e-07,0,True
Sphingolipid-BTSPT-Cell-pellet_1__F188,Sphingolipid-BTSPT-Cell-pellet_1,single,1,1.0,1,True
Sphingolipid-BTSPT-Cell-pellet_1__F189,Sphingolipid-BTSPT-Cell-pellet_1,multi,1,1.0,1,True
Sphingolipid-BTSPT-Cell-pellet_1__F19,Sphingolipid-BTSPT-Cell-pellet_1,single,1,0.9990234375,1,True
Sphingolipid-BTSPT-Cell-pellet_1__F190,Sphingolipid-BTSPT-Cell-pellet_1,empty,0,0.0125274658203125,0,True
Sphingolipid-BTSPT-Cell-pellet_1__F191,Sphingolipid-BTSPT-Cell-pellet_1,empty,0,0.0,0,True
Sphingolipid-BTSPT-Cell-pellet_1__F192,Sphingolipid-BTSPT-Cell-pellet_1,empty,0,0.00015842914581298828,0,True
Sphingolipid-BTSPT-Cell-pellet_1__F193,Sphingolipid-BTSPT-Cell-pellet_1,single,1,1.0,1,True
Sphingolipid-BTSPT-Cell-pellet_1__F194,Sphingolipid-BTSPT-Cell-pellet_1,multi,1,1.0,1,True
Sphingolipid-BTSPT-Cell-pellet_1__F195,Sphingolipid-BTSPT-Cell-pellet_1,empty,0,0.0,0,True
Sphingolipid-BTSPT-Cell-pellet_1__F196,Sphingolipid-BTSPT-Cell-pellet_1,single,1,1.0,1,True
Sphingolipid-BTSPT-Cell-pellet_1__F197,Sphingolipid-BTSPT-Cell-pellet_1,single,1,1.0,1,True
Sphingolipid-BTSPT-Cell-pellet_1__F198,Sphingolipid-BTSPT-Cell-pellet_1,empty,0,0.1990966796875,0,True
Sphingolipid-BTSPT-Cell-pellet_1__F199,Sphingolipid-BTSPT-Cell-pellet_1,empty,0,0.0360107421875,0,True
Sphingolipid-BTSPT-Cell-pellet_1__F2,Sphingolipid-BTSPT-Cell-pellet_1,single,1,1.0,1,True
Sphingolipid-BTSPT-Cell-pellet_1__F20,Sphingolipid-BTSPT-Cell-pellet_1,empty,0,5.960464477539063e-08,0,True
Sphingolipid-BTSPT-Cell-pellet_1__F200,Sphingolipid-BTSPT-Cell-pellet_1,empty,0,0.0,0,True
Sphingolipid-BTSPT-Cell-pellet_1__F201,Sphingolipid-BTSPT-Cell-pellet_1,empty,0,0.04296875,0,True
Sphingolipid-BTSPT-Cell-pellet_1__F202,Sphingolipid-BTSPT-Cell-pellet_1,empty,0,5.960464477539062e-07,0,True
Sphingolipid-BTSPT-Cell-pellet_1__F203,Sphingolipid-BTSPT-Cell-pellet_1,single,1,1.0,1,True
Sphingolipid-BTSPT-Cell-pellet_1__F204,Sphingolipid-BTSPT-Cell-pellet_1,single,1,1.0,1,True
Sphingolipid-BTSPT-Cell-pellet_1__F205,Sphingolipid-BTSPT-Cell-pellet_1,single,1,1.0,1,True
Sphingolipid-BTSPT-Cell-pellet_1__F207,Sphingolipid-BTSPT-Cell-pellet_1,empty,0,2.1457672119140625e-06,0,True
Sphingolipid-BTSPT-Cell-pellet_1__F208,Sphingolipid-BTSPT-Cell-pellet_1,empty,0,6.556510925292969e-07,0,True
Sphingolipid-BTSPT-Cell-pellet_1__F209,Sphingolipid-BTSPT-Cell-pellet_1,empty,0,5.960464477539062e-07,0,True
Sphingolipid-BTSPT-Cell-pellet_1__F21,Sphingolipid-BTSPT-Cell-pellet_1,empty,0,0.0017004013061523438,0,True
Sphingolipid-BTSPT-Cell-pellet_1__F210,Sphingolipid-BTSPT-Cell-pellet_1,single,1,1.0,1,True
Sphingolipid-BTSPT-Cell-pellet_1__F211,Sphingolipid-BTSPT-Cell-pellet_1,single,1,1.0,1,True
Sphingolipid-BTSPT-Cell-pellet_1__F212,Sphingolipid-BTSPT-Cell-pellet_1,empty,0,3.5762786865234375e-07,0,True
Sphingolipid-BTSPT-Cell-pellet_1__F213,Sphingolipid-BTSPT-Cell-pellet_1,single,1,1.0,1,True
Sphingolipid-BTSPT-Cell-pellet_1__F214,Sphingolipid-BTSPT-Cell-pellet_1,empty,0,5.960464477539063e-08,0,True
Sphingolipid-BTSPT-Cell-pellet_1__F215,Sphingolipid-BTSPT-Cell-pellet_1,single,1,1.0,1,True
Sphingolipid-BTSPT-Cell-pellet_1__F216,Sphingolipid-BTSPT-Cell-pellet_1,single,1,0.9990234375,1,True
Sphingolipid-BTSPT-Cell-pellet_1__F217,Sphingolipid-BTSPT-Cell-pellet_1,single,1,1.0,1,True
Sphingolipid-BTSPT-Cell-pellet_1__F218,Sphingolipid-BTSPT-Cell-pellet_1,empty,0,1.7344951629638672e-05,0,True
Sphingolipid-BTSPT-Cell-pellet_1__F219,Sphingolipid-BTSPT-Cell-pellet_1,empty,0,1.0,1,False
Sphingolipid-BTSPT-Cell-pellet_1__F22,Sphingolipid-BTSPT-Cell-pellet_1,empty,0,0.155029296875,0,True
Sphingolipid-BTSPT-Cell-pellet_1__F220,Sphingolipid-BTSPT-Cell-pellet_1,single,1,0.99951171875,1,True
Sphingolipid-BTSPT-Cell-pellet_1__F221,Sphingolipid-BTSPT-Cell-pellet_1,empty,0,0.0,0,True
Sphingolipid-BTSPT-Cell-pellet_1__F222,Sphingolipid-BTSPT-Cell-pellet_1,empty,0,0.0,0,True
Sphingolipid-BTSPT-Cell-pellet_1__F224,Sphingolipid-BTSPT-Cell-pellet_1,empty,0,0.99951171875,1,False
Sphingolipid-BTSPT-Cell-pellet_1__F225,Sphingolipid-BTSPT-Cell-pellet_1,empty,0,1.1920928955078125e-06,0,True
Sphingolipid-BTSPT-Cell-pellet_1__F226,Sphingolipid-BTSPT-Cell-pellet_1,empty,0,0.0,0,True
Sphingolipid-BTSPT-Cell-pellet_1__F227,Sphingolipid-BTSPT-Cell-pellet_1,multi,1,1.0,1,True
Sphingolipid-BTSPT-Cell-pellet_1__F228,Sphingolipid-BTSPT-Cell-pellet_1,single,1,1.0,1,True
Sphingolipid-BTSPT-Cell-pellet_1__F229,Sphingolipid-BTSPT-Cell-pellet_1,single,1,0.9970703125,1,True
Sphingolipid-BTSPT-Cell-pellet_1__F23,Sphingolipid-BTSPT-Cell-pellet_1,single,1,1.0,1,True
Sphingolipid-BTSPT-Cell-pellet_1__F230,Sphingolipid-BTSPT-Cell-pellet_1,empty,0,0.0,0,True
Sphingolipid-BTSPT-Cell-pellet_1__F231,Sphingolipid-BTSPT-Cell-pellet_1,empty,0,4.172325134277344e-07,0,True
Sphingolipid-BTSPT-Cell-pellet_1__F232,Sphingolipid-BTSPT-Cell-pellet_1,empty,0,0.0,0,True
Sphingolipid-BTSPT-Cell-pellet_1__F233,Sphingolipid-BTSPT-Cell-pellet_1,single,1,1.0,1,True
Sphingolipid-BTSPT-Cell-pellet_1__F234,Sphingolipid-BTSPT-Cell-pellet_1,multi,1,1.0,1,True
Sphingolipid-BTSPT-Cell-pellet_1__F235,Sphingolipid-BTSPT-Cell-pellet_1,empty,0,1.7881393432617188e-07,0,True
Sphingolipid-BTSPT-Cell-pellet_1__F236,Sphingolipid-BTSPT-Cell-pellet_1,single,1,0.99951171875,1,True
Sphingolipid-BTSPT-Cell-pellet_1__F237,Sphingolipid-BTSPT-Cell-pellet_1,multi,1,1.0,1,True
Sphingolipid-BTSPT-Cell-pellet_1__F238,Sphingolipid-BTSPT-Cell-pellet_1,single,1,1.0,1,True
Sphingolipid-BTSPT-Cell-pellet_1__F239,Sphingolipid-BTSPT-Cell-pellet_1,single,1,1.0,1,True
Sphingolipid-BTSPT-Cell-pellet_1__F24,Sphingolipid-BTSPT-Cell-pellet_1,single,1,1.0,1,True
Sphingolipid-BTSPT-Cell-pellet_1__F240,Sphingolipid-BTSPT-Cell-pellet_1,single,1,1.0,1,True
Sphingolipid-BTSPT-Cell-pellet_1__F241,Sphingolipid-BTSPT-Cell-pellet_1,single,1,1.0,1,True
Sphingolipid-BTSPT-Cell-pellet_1__F242,Sphingolipid-BTSPT-Cell-pellet_1,single,1,1.0,1,True
Sphingolipid-BTSPT-Cell-pellet_1__F243,Sphingolipid-BTSPT-Cell-pellet_1,multi,1,1.0,1,True
Sphingolipid-BTSPT-Cell-pellet_1__F244,Sphingolipid-BTSPT-Cell-pellet_1,single,1,0.015777587890625,0,False
Sphingolipid-BTSPT-Cell-pellet_1__F245,Sphingolipid-BTSPT-Cell-pellet_1,empty,0,1.0,1,False
Sphingolipid-BTSPT-Cell-pellet_1__F246,Sphingolipid-BTSPT-Cell-pellet_1,empty,0,0.0003249645233154297,0,True
Sphingolipid-BTSPT-Cell-pellet_1__F247,Sphingolipid-BTSPT-Cell-pellet_1,single,1,1.0,1,True
Sphingolipid-BTSPT-Cell-pellet_1__F248,Sphingolipid-BTSPT-Cell-pellet_1,single,1,0.98974609375,1,True
Sphingolipid-BTSPT-Cell-pellet_1__F249,Sphingolipid-BTSPT-Cell-pellet_1,empty,0,0.0,0,True
Sphingolipid-BTSPT-Cell-pellet_1__F25,Sphingolipid-BTSPT-Cell-pellet_1,multi,1,1.0,1,True
Sphingolipid-BTSPT-Cell-pellet_1__F250,Sphingolipid-BTSPT-Cell-pellet_1,empty,0,0.9970703125,1,False
Sphingolipid-BTSPT-Cell-pellet_1__F251,Sphingolipid-BTSPT-Cell-pellet_1,empty,0,1.7285346984863281e-06,0,True
Sphingolipid-BTSPT-Cell-pellet_1__F252,Sphingolipid-BTSPT-Cell-pellet_1,single,1,1.0,1,True
Sphingolipid-BTSPT-Cell-pellet_1__F253,Sphingolipid-BTSPT-Cell-pellet_1,empty,0,5.960464477539063e-08,0,True
Sphingolipid-BTSPT-Cell-pellet_1__F254,Sphingolipid-BTSPT-Cell-pellet_1,single,1,0.9990234375,1,True
Sphingolipid-BTSPT-Cell-pellet_1__F255,Sphingolipid-BTSPT-Cell-pellet_1,single,1,1.0,1,True
Sphingolipid-BTSPT-Cell-pellet_1__F256,Sphingolipid-BTSPT-Cell-pellet_1,empty,0,0.99609375,1,False
Sphingolipid-BTSPT-Cell-pellet_1__F257,Sphingolipid-BTSPT-Cell-pellet_1,empty,0,0.99755859375,1,False
Sphingolipid-BTSPT-Cell-pellet_1__F258,Sphingolipid-BTSPT-Cell-pellet_1,empty,0,0.9990234375,1,False
Sphingolipid-BTSPT-Cell-pellet_1__F259,Sphingolipid-BTSPT-Cell-pellet_1,single,1,1.0,1,True
Sphingolipid-BTSPT-Cell-pellet_1__F26,Sphingolipid-BTSPT-Cell-pellet_1,single,1,1.0,1,True
Sphingolipid-BTSPT-Cell-pellet_1__F260,Sphingolipid-BTSPT-Cell-pellet_1,empty,0,2.9206275939941406e-06,0,True
Sphingolipid-BTSPT-Cell-pellet_1__F261,Sphingolipid-BTSPT-Cell-pellet_1,multi,1,0.2213134765625,0,False
Sphingolipid-BTSPT-Cell-pellet_1__F262,Sphingolipid-BTSPT-Cell-pellet_1,single,1,1.0,1,True
Sphingolipid-BTSPT-Cell-pellet_1__F263,Sphingolipid-BTSPT-Cell-pellet_1,single,1,1.0,1,True
Sphingolipid-BTSPT-Cell-pellet_1__F264,Sphingolipid-BTSPT-Cell-pellet_1,single,1,1.0,1,True
Sphingolipid-BTSPT-Cell-pellet_1__F265,Sphingolipid-BTSPT-Cell-pellet_1,empty,0,0.00012052059173583984,0,True
Sphingolipid-BTSPT-Cell-pellet_1__F266,Sphingolipid-BTSPT-Cell-pellet_1,single,1,1.0,1,True
Sphingolipid-BTSPT-Cell-pellet_1__F267,Sphingolipid-BTSPT-Cell-pellet_1,single,1,1.0,1,True
Sphingolipid-BTSPT-Cell-pellet_1__F268,Sphingolipid-BTSPT-Cell-pellet_1,empty,0,1.817941665649414e-05,0,True
Sphingolipid-BTSPT-Cell-pellet_1__F27,Sphingolipid-BTSPT-Cell-pellet_1,empty,0,2.2649765014648438e-06,0,True
Sphingolipid-BTSPT-Cell-pellet_1__F270,Sphingolipid-BTSPT-Cell-pellet_1,empty,0,5.960464477539063e-08,0,True
Sphingolipid-BTSPT-Cell-pellet_1__F271,Sphingolipid-BTSPT-Cell-pellet_1,single,1,1.0,1,True
Sphingolipid-BTSPT-Cell-pellet_1__F272,Sphingolipid-BTSPT-Cell-pellet_1,single,1,1.0,1,True
Sphingolipid-BTSPT-Cell-pellet_1__F273,Sphingolipid-BTSPT-Cell-pellet_1,empty,0,2.2470951080322266e-05,0,True
Sphingolipid-BTSPT-Cell-pellet_1__F274,Sphingolipid-BTSPT-Cell-pellet_1,empty,0,0.0,0,True
Sphingolipid-BTSPT-Cell-pellet_1__F275,Sphingolipid-BTSPT-Cell-pellet_1,single,1,1.0,1,True
Sphingolipid-BTSPT-Cell-pellet_1__F276,Sphingolipid-BTSPT-Cell-pellet_1,empty,0,5.960464477539063e-08,0,True
Sphingolipid-BTSPT-Cell-pellet_1__F277,Sphingolipid-BTSPT-Cell-pellet_1,empty,0,0.99658203125,1,False
Sphingolipid-BTSPT-Cell-pellet_1__F278,Sphingolipid-BTSPT-Cell-pellet_1,single,1,1.0,1,True
Sphingolipid-BTSPT-Cell-pellet_1__F279,Sphingolipid-BTSPT-Cell-pellet_1,single,1,1.0,1,True
Sphingolipid-BTSPT-Cell-pellet_1__F28,Sphingolipid-BTSPT-Cell-pellet_1,single,1,1.0,1,True
Sphingolipid-BTSPT-Cell-pellet_1__F280,Sphingolipid-BTSPT-Cell-pellet_1,empty,0,1.0,1,False
Sphingolipid-BTSPT-Cell-pellet_1__F281,Sphingolipid-BTSPT-Cell-pellet_1,empty,0,0.97802734375,1,False
Sphingolipid-BTSPT-Cell-pellet_1__F282,Sphingolipid-BTSPT-Cell-pellet_1,empty,0,0.0006771087646484375,0,True
Sphingolipid-BTSPT-Cell-pellet_1__F283,Sphingolipid-BTSPT-Cell-pellet_1,empty,0,0.0258026123046875,0,True
Sphingolipid-BTSPT-Cell-pellet_1__F284,Sphingolipid-BTSPT-Cell-pellet_1,empty,0,1.0,1,False
Sphingolipid-BTSPT-Cell-pellet_1__F285,Sphingolipid-BTSPT-Cell-pellet_1,empty,0,0.0169219970703125,0,True
Sphingolipid-BTSPT-Cell-pellet_1__F286,Sphingolipid-BTSPT-Cell-pellet_1,single,1,1.0,1,True
Sphingolipid-BTSPT-Cell-pellet_1__F287,Sphingolipid-BTSPT-Cell-pellet_1,single,1,1.0,1,True
Sphingolipid-BTSPT-Cell-pellet_1__F288,Sphingolipid-BTSPT-Cell-pellet_1,multi,1,1.0,1,True
Sphingolipid-BTSPT-Cell-pellet_1__F289,Sphingolipid-BTSPT-Cell-pellet_1,single,1,1.0,1,True
Sphingolipid-BTSPT-Cell-pellet_1__F29,Sphingolipid-BTSPT-Cell-pellet_1,empty,0,6.556510925292969e-07,0,True
Sphingolipid-BTSPT-Cell-pellet_1__F290,Sphingolipid-BTSPT-Cell-pellet_1,empty,0,1.4841556549072266e-05,0,True
Sphingolipid-BTSPT-Cell-pellet_1__F291,Sphingolipid-BTSPT-Cell-pellet_1,single,1,1.0,1,True
Sphingolipid-BTSPT-Cell-pellet_1__F292,Sphingolipid-BTSPT-Cell-pellet_1,single,1,1.0,1,True
Sphingolipid-BTSPT-Cell-pellet_1__F293,Sphingolipid-BTSPT-Cell-pellet_1,empty,0,0.0154876708984375,0,True
Sphingolipid-BTSPT-Cell-pellet_1__F294,Sphingolipid-BTSPT-Cell-pellet_1,empty,0,0.0,0,True
Sphingolipid-BTSPT-Cell-pellet_1__F296,Sphingolipid-BTSPT-Cell-pellet_1,empty,0,0.0,0,True
Sphingolipid-BTSPT-Cell-pellet_1__F297,Sphingolipid-BTSPT-Cell-pellet_1,empty,0,0.0,0,True
Sphingolipid-BTSPT-Cell-pellet_1__F298,Sphingolipid-BTSPT-Cell-pellet_1,empty,0,0.03912353515625,0,True
Sphingolipid-BTSPT-Cell-pellet_1__F299,Sphingolipid-BTSPT-Cell-pellet_1,empty,0,0.0002694129943847656,0,True
Sphingolipid-BTSPT-Cell-pellet_1__F3,Sphingolipid-BTSPT-Cell-pellet_1,single,1,1.0,1,True
Sphingolipid-BTSPT-Cell-pellet_1__F30,Sphingolipid-BTSPT-Cell-pellet_1,empty,0,0.0021915435791015625,0,True
Sphingolipid-BTSPT-Cell-pellet_1__F300,Sphingolipid-BTSPT-Cell-pellet_1,empty,0,0.0,0,True
Sphingolipid-BTSPT-Cell-pellet_1__F301,Sphingolipid-BTSPT-Cell-pellet_1,single,1,1.0,1,True
Sphingolipid-BTSPT-Cell-pellet_1__F302,Sphingolipid-BTSPT-Cell-pellet_1,single,1,1.0,1,True
Sphingolipid-BTSPT-Cell-pellet_1__F303,Sphingolipid-BTSPT-Cell-pellet_1,empty,0,0.99462890625,1,False
Sphingolipid-BTSPT-Cell-pellet_1__F304,Sphingolipid-BTSPT-Cell-pellet_1,single,1,1.0,1,True
Sphingolipid-BTSPT-Cell-pellet_1__F305,Sphingolipid-BTSPT-Cell-pellet_1,empty,0,0.0,0,True
Sphingolipid-BTSPT-Cell-pellet_1__F306,Sphingolipid-BTSPT-Cell-pellet_1,empty,0,1.3947486877441406e-05,0,True
Sphingolipid-BTSPT-Cell-pellet_1__F307,Sphingolipid-BTSPT-Cell-pellet_1,single,1,1.0,1,True
Sphingolipid-BTSPT-Cell-pellet_1__F308,Sphingolipid-BTSPT-Cell-pellet_1,single,1,1.0,1,True
Sphingolipid-BTSPT-Cell-pellet_1__F309,Sphingolipid-BTSPT-Cell-pellet_1,empty,0,2.3186206817626953e-05,0,True
Sphingolipid-BTSPT-Cell-pellet_1__F31,Sphingolipid-BTSPT-Cell-pellet_1,single,1,1.0,1,True
Sphingolipid-BTSPT-Cell-pellet_1__F310,Sphingolipid-BTSPT-Cell-pellet_1,empty,0,2.086162567138672e-06,0,True
Sphingolipid-BTSPT-Cell-pellet_1__F311,Sphingolipid-BTSPT-Cell-pellet_1,empty,0,1.1324882507324219e-05,0,True
Sphingolipid-BTSPT-Cell-pellet_1__F312,Sphingolipid-BTSPT-Cell-pellet_1,single,1,0.76123046875,1,True
Sphingolipid-BTSPT-Cell-pellet_1__F313,Sphingolipid-BTSPT-Cell-pellet_1,single,1,0.99609375,1,True
Sphingolipid-BTSPT-Cell-pellet_1__F314,Sphingolipid-BTSPT-Cell-pellet_1,empty,0,5.960464477539063e-08,0,True
Sphingolipid-BTSPT-Cell-pellet_1__F316,Sphingolipid-BTSPT-Cell-pellet_1,empty,0,0.0011835098266601562,0,True
Sphingolipid-BTSPT-Cell-pellet_1__F317,Sphingolipid-BTSPT-Cell-pellet_1,single,1,1.0,1,True
Sphingolipid-BTSPT-Cell-pellet_1__F318,Sphingolipid-BTSPT-Cell-pellet_1,empty,0,0.0,0,True
Sphingolipid-BTSPT-Cell-pellet_1__F319,Sphingolipid-BTSPT-Cell-pellet_1,single,1,1.0,1,True
Sphingolipid-BTSPT-Cell-pellet_1__F32,Sphingolipid-BTSPT-Cell-pellet_1,single,1,0.99462890625,1,True
Sphingolipid-BTSPT-Cell-pellet_1__F320,Sphingolipid-BTSPT-Cell-pellet_1,single,1,0.9990234375,1,True
Sphingolipid-BTSPT-Cell-pellet_1__F321,Sphingolipid-BTSPT-Cell-pellet_1,empty,0,0.0010528564453125,0,True
Sphingolipid-BTSPT-Cell-pellet_1__F322,Sphingolipid-BTSPT-Cell-pellet_1,single,1,1.0,1,True
Sphingolipid-BTSPT-Cell-pellet_1__F323,Sphingolipid-BTSPT-Cell-pellet_1,empty,0,0.99658203125,1,False
Sphingolipid-BTSPT-Cell-pellet_1__F324,Sphingolipid-BTSPT-Cell-pellet_1,empty,0,2.86102294921875e-05,0,True
Sphingolipid-BTSPT-Cell-pellet_1__F325,Sphingolipid-BTSPT-Cell-pellet_1,multi,1,0.998046875,1,True
Sphingolipid-BTSPT-Cell-pellet_1__F326,Sphingolipid-BTSPT-Cell-pellet_1,empty,0,0.0,0,True
Sphingolipid-BTSPT-Cell-pellet_1__F327,Sphingolipid-BTSPT-Cell-pellet_1,single,1,1.0,1,True
Sphingolipid-BTSPT-Cell-pellet_1__F328,Sphingolipid-BTSPT-Cell-pellet_1,empty,0,1.5497207641601562e-06,0,True
Sphingolipid-BTSPT-Cell-pellet_1__F329,Sphingolipid-BTSPT-Cell-pellet_1,single,1,1.0,1,True
Sphingolipid-BTSPT-Cell-pellet_1__F33,Sphingolipid-BTSPT-Cell-pellet_1,single,1,1.0,1,True
Sphingolipid-BTSPT-Cell-pellet_1__F330,Sphingolipid-BTSPT-Cell-pellet_1,empty,0,0.99951171875,1,False
Sphingolipid-BTSPT-Cell-pellet_1__F331,Sphingolipid-BTSPT-Cell-pellet_1,multi,1,1.0,1,True
Sphingolipid-BTSPT-Cell-pellet_1__F332,Sphingolipid-BTSPT-Cell-pellet_1,multi,1,1.0,1,True
Sphingolipid-BTSPT-Cell-pellet_1__F333,Sphingolipid-BTSPT-Cell-pellet_1,single,1,1.0,1,True
Sphingolipid-BTSPT-Cell-pellet_1__F335,Sphingolipid-BTSPT-Cell-pellet_1,empty,0,5.960464477539063e-08,0,True
Sphingolipid-BTSPT-Cell-pellet_1__F336,Sphingolipid-BTSPT-Cell-pellet_1,empty,0,7.152557373046875e-07,0,True
Sphingolipid-BTSPT-Cell-pellet_1__F337,Sphingolipid-BTSPT-Cell-pellet_1,single,1,1.0,1,True
Sphingolipid-BTSPT-Cell-pellet_1__F338,Sphingolipid-BTSPT-Cell-pellet_1,single,1,1.0,1,True
Sphingolipid-BTSPT-Cell-pellet_1__F339,Sphingolipid-BTSPT-Cell-pellet_1,empty,0,1.4901161193847656e-06,0,True
Sphingolipid-BTSPT-Cell-pellet_1__F34,Sphingolipid-BTSPT-Cell-pellet_1,empty,0,0.0,0,True
Sphingolipid-BTSPT-Cell-pellet_1__F340,Sphingolipid-BTSPT-Cell-pellet_1,single,1,1.0,1,True
Sphingolipid-BTSPT-Cell-pellet_1__F341,Sphingolipid-BTSPT-Cell-pellet_1,single,1,1.0,1,True
Sphingolipid-BTSPT-Cell-pellet_1__F342,Sphingolipid-BTSPT-Cell-pellet_1,empty,0,1.7881393432617188e-07,0,True
Sphingolipid-BTSPT-Cell-pellet_1__F343,Sphingolipid-BTSPT-Cell-pellet_1,empty,0,0.00031256675720214844,0,True
Sphingolipid-BTSPT-Cell-pellet_1__F344,Sphingolipid-BTSPT-Cell-pellet_1,empty,0,0.0,0,True
Sphingolipid-BTSPT-Cell-pellet_1__F345,Sphingolipid-BTSPT-Cell-pellet_1,empty,0,0.99951171875,1,False
Sphingolipid-BTSPT-Cell-pellet_1__F346,Sphingolipid-BTSPT-Cell-pellet_1,empty,0,0.00763702392578125,0,True
Sphingolipid-BTSPT-Cell-pellet_1__F347,Sphingolipid-BTSPT-Cell-pellet_1,empty,0,5.960464477539063e-08,0,True
Sphingolipid-BTSPT-Cell-pellet_1__F348,Sphingolipid-BTSPT-Cell-pellet_1,empty,0,1.0,1,False
Sphingolipid-BTSPT-Cell-pellet_1__F349,Sphingolipid-BTSPT-Cell-pellet_1,empty,0,0.0,0,True
Sphingolipid-BTSPT-Cell-pellet_1__F35,Sphingolipid-BTSPT-Cell-pellet_1,single,1,1.0,1,True
Sphingolipid-BTSPT-Cell-pellet_1__F350,Sphingolipid-BTSPT-Cell-pellet_1,single,1,1.0,1,True
Sphingolipid-BTSPT-Cell-pellet_1__F351,Sphingolipid-BTSPT-Cell-pellet_1,empty,0,5.960464477539063e-08,0,True
Sphingolipid-BTSPT-Cell-pellet_1__F352,Sphingolipid-BTSPT-Cell-pellet_1,empty,0,5.960464477539063e-08,0,True
Sphingolipid-BTSPT-Cell-pellet_1__F353,Sphingolipid-BTSPT-Cell-pellet_1,single,1,1.0,1,True
Sphingolipid-BTSPT-Cell-pellet_1__F354,Sphingolipid-BTSPT-Cell-pellet_1,empty,0,0.002269744873046875,0,True
Sphingolipid-BTSPT-Cell-pellet_1__F355,Sphingolipid-BTSPT-Cell-pellet_1,single,1,0.9951171875,1,True
Sphingolipid-BTSPT-Cell-pellet_1__F356,Sphingolipid-BTSPT-Cell-pellet_1,single,1,1.0,1,True
Sphingolipid-BTSPT-Cell-pellet_1__F357,Sphingolipid-BTSPT-Cell-pellet_1,single,1,1.0,1,True
Sphingolipid-BTSPT-Cell-pellet_1__F358,Sphingolipid-BTSPT-Cell-pellet_1,empty,0,4.07099723815918e-05,0,True
Sphingolipid-BTSPT-Cell-pellet_1__F359,Sphingolipid-BTSPT-Cell-pellet_1,single,1,1.0,1,True
Sphingolipid-BTSPT-Cell-pellet_1__F36,Sphingolipid-BTSPT-Cell-pellet_1,empty,0,1.1920928955078125e-07,0,True
Sphingolipid-BTSPT-Cell-pellet_1__F360,Sphingolipid-BTSPT-Cell-pellet_1,empty,0,1.3649463653564453e-05,0,True
Sphingolipid-BTSPT-Cell-pellet_1__F361,Sphingolipid-BTSPT-Cell-pellet_1,single,1,1.0,1,True
Sphingolipid-BTSPT-Cell-pellet_1__F362,Sphingolipid-BTSPT-Cell-pellet_1,empty,0,0.0,0,True
Sphingolipid-BTSPT-Cell-pellet_1__F363,Sphingolipid-BTSPT-Cell-pellet_1,empty,0,0.00864410400390625,0,True
Sphingolipid-BTSPT-Cell-pellet_1__F364,Sphingolipid-BTSPT-Cell-pellet_1,empty,0,0.0,0,True
Sphingolipid-BTSPT-Cell-pellet_1__F365,Sphingolipid-BTSPT-Cell-pellet_1,single,1,0.9990234375,1,True
Sphingolipid-BTSPT-Cell-pellet_1__F366,Sphingolipid-BTSPT-Cell-pellet_1,empty,0,1.1920928955078125e-07,0,True
Sphingolipid-BTSPT-Cell-pellet_1__F367,Sphingolipid-BTSPT-Cell-pellet_1,empty,0,0.99853515625,1,False
Sphingolipid-BTSPT-Cell-pellet_1__F368,Sphingolipid-BTSPT-Cell-pellet_1,single,1,1.0,1,True
Sphingolipid-BTSPT-Cell-pellet_1__F369,Sphingolipid-BTSPT-Cell-pellet_1,single,1,1.0,1,True
Sphingolipid-BTSPT-Cell-pellet_1__F37,Sphingolipid-BTSPT-Cell-pellet_1,single,1,0.99658203125,1,True
Sphingolipid-BTSPT-Cell-pellet_1__F370,Sphingolipid-BTSPT-Cell-pellet_1,single,1,1.0,1,True
Sphingolipid-BTSPT-Cell-pellet_1__F371,Sphingolipid-BTSPT-Cell-pellet_1,multi,1,1.0,1,True
Sphingolipid-BTSPT-Cell-pellet_1__F372,Sphingolipid-BTSPT-Cell-pellet_1,single,1,0.99365234375,1,True
Sphingolipid-BTSPT-Cell-pellet_1__F373,Sphingolipid-BTSPT-Cell-pellet_1,single,1,1.0,1,True
Sphingolipid-BTSPT-Cell-pellet_1__F374,Sphingolipid-BTSPT-Cell-pellet_1,empty,0,5.435943603515625e-05,0,True
Sphingolipid-BTSPT-Cell-pellet_1__F375,Sphingolipid-BTSPT-Cell-pellet_1,empty,0,0.99853515625,1,False
Sphingolipid-BTSPT-Cell-pellet_1__F376,Sphingolipid-BTSPT-Cell-pellet_1,single,1,1.0,1,True
Sphingolipid-BTSPT-Cell-pellet_1__F377,Sphingolipid-BTSPT-Cell-pellet_1,empty,0,0.0007791519165039062,0,True
Sphingolipid-BTSPT-Cell-pellet_1__F378,Sphingolipid-BTSPT-Cell-pellet_1,empty,0,0.99658203125,1,False
Sphingolipid-BTSPT-Cell-pellet_1__F379,Sphingolipid-BTSPT-Cell-pellet_1,single,1,0.99267578125,1,True
Sphingolipid-BTSPT-Cell-pellet_1__F38,Sphingolipid-BTSPT-Cell-pellet_1,single,1,0.07135009765625,0,False
Sphingolipid-BTSPT-Cell-pellet_1__F380,Sphingolipid-BTSPT-Cell-pellet_1,empty,0,0.0,0,True
Sphingolipid-BTSPT-Cell-pellet_1__F381,Sphingolipid-BTSPT-Cell-pellet_1,empty,0,2.0623207092285156e-05,0,True
Sphingolipid-BTSPT-Cell-pellet_1__F382,Sphingolipid-BTSPT-Cell-pellet_1,single,1,1.0,1,True
Sphingolipid-BTSPT-Cell-pellet_1__F383,Sphingolipid-BTSPT-Cell-pellet_1,single,1,1.0,1,True
Sphingolipid-BTSPT-Cell-pellet_1__F384,Sphingolipid-BTSPT-Cell-pellet_1,empty,0,0.59423828125,1,False
Sphingolipid-BTSPT-Cell-pellet_1__F385,Sphingolipid-BTSPT-Cell-pellet_1,empty,0,6.657838821411133e-05,0,True
Sphingolipid-BTSPT-Cell-pellet_1__F386,Sphingolipid-BTSPT-Cell-pellet_1,empty,0,0.0139007568359375,0,True
Sphingolipid-BTSPT-Cell-pellet_1__F387,Sphingolipid-BTSPT-Cell-pellet_1,empty,0,0.0,0,True
Sphingolipid-BTSPT-Cell-pellet_1__F388,Sphingolipid-BTSPT-Cell-pellet_1,single,1,1.0,1,True
Sphingolipid-BTSPT-Cell-pellet_1__F389,Sphingolipid-BTSPT-Cell-pellet_1,single,1,1.0,1,True
Sphingolipid-BTSPT-Cell-pellet_1__F39,Sphingolipid-BTSPT-Cell-pellet_1,empty,0,0.0,0,True
Sphingolipid-BTSPT-Cell-pellet_1__F390,Sphingolipid-BTSPT-Cell-pellet_1,empty,0,0.99609375,1,False
Sphingolipid-BTSPT-Cell-pellet_1__F391,Sphingolipid-BTSPT-Cell-pellet_1,multi,1,0.99951171875,1,True
Sphingolipid-BTSPT-Cell-pellet_1__F392,Sphingolipid-BTSPT-Cell-pellet_1,empty,0,0.0,0,True
Sphingolipid-BTSPT-Cell-pellet_1__F393,Sphingolipid-BTSPT-Cell-pellet_1,single,1,1.0,1,True
Sphingolipid-BTSPT-Cell-pellet_1__F394,Sphingolipid-BTSPT-Cell-pellet_1,empty,0,5.960464477539063e-08,0,True
Sphingolipid-BTSPT-Cell-pellet_1__F395,Sphingolipid-BTSPT-Cell-pellet_1,single,1,0.982421875,1,True
Sphingolipid-BTSPT-Cell-pellet_1__F396,Sphingolipid-BTSPT-Cell-pellet_1,empty,0,0.0011882781982421875,0,True
Sphingolipid-BTSPT-Cell-pellet_1__F397,Sphingolipid-BTSPT-Cell-pellet_1,single,1,0.9970703125,1,True
Sphingolipid-BTSPT-Cell-pellet_1__F398,Sphingolipid-BTSPT-Cell-pellet_1,empty,0,0.0,0,True
Sphingolipid-BTSPT-Cell-pellet_1__F399,Sphingolipid-BTSPT-Cell-pellet_1,empty,0,0.02606201171875,0,True
Sphingolipid-BTSPT-Cell-pellet_1__F4,Sphingolipid-BTSPT-Cell-pellet_1,empty,0,1.7881393432617188e-07,0,True
Sphingolipid-BTSPT-Cell-pellet_1__F40,Sphingolipid-BTSPT-Cell-pellet_1,empty,0,0.99609375,1,False
Sphingolipid-BTSPT-Cell-pellet_1__F400,Sphingolipid-BTSPT-Cell-pellet_1,single,1,1.0,1,True
Sphingolipid-BTSPT-Cell-pellet_1__F401,Sphingolipid-BTSPT-Cell-pellet_1,single,1,1.0,1,True
Sphingolipid-BTSPT-Cell-pellet_1__F402,Sphingolipid-BTSPT-Cell-pellet_1,single,1,1.0,1,True
Sphingolipid-BTSPT-Cell-pellet_1__F403,Sphingolipid-BTSPT-Cell-pellet_1,multi,1,0.017242431640625,0,False
Sphingolipid-BTSPT-Cell-pellet_1__F404,Sphingolipid-BTSPT-Cell-pellet_1,single,1,1.0,1,True
Sphingolipid-BTSPT-Cell-pellet_1__F405,Sphingolipid-BTSPT-Cell-pellet_1,empty,0,0.0,0,True
Sphingolipid-BTSPT-Cell-pellet_1__F406,Sphingolipid-BTSPT-Cell-pellet_1,multi,1,1.0,1,True
Sphingolipid-BTSPT-Cell-pellet_1__F407,Sphingolipid-BTSPT-Cell-pellet_1,single,1,0.98974609375,1,True
Sphingolipid-BTSPT-Cell-pellet_1__F408,Sphingolipid-BTSPT-Cell-pellet_1,single,1,1.0,1,True
Sphingolipid-BTSPT-Cell-pellet_1__F409,Sphingolipid-BTSPT-Cell-pellet_1,empty,0,0.0,0,True
Sphingolipid-BTSPT-Cell-pellet_1__F41,Sphingolipid-BTSPT-Cell-pellet_1,empty,0,0.0025119781494140625,0,True
Sphingolipid-BTSPT-Cell-pellet_1__F410,Sphingolipid-BTSPT-Cell-pellet_1,single,1,1.0,1,True
Sphingolipid-BTSPT-Cell-pellet_1__F411,Sphingolipid-BTSPT-Cell-pellet_1,empty,0,0.147705078125,0,True
Sphingolipid-BTSPT-Cell-pellet_1__F412,Sphingolipid-BTSPT-Cell-pellet_1,empty,0,0.76220703125,1,False
Sphingolipid-BTSPT-Cell-pellet_1__F413,Sphingolipid-BTSPT-Cell-pellet_1,empty,0,0.998046875,1,False
Sphingolipid-BTSPT-Cell-pellet_1__F414,Sphingolipid-BTSPT-Cell-pellet_1,single,1,0.99853515625,1,True
Sphingolipid-BTSPT-Cell-pellet_1__F415,Sphingolipid-BTSPT-Cell-pellet_1,empty,0,0.0,0,True
Sphingolipid-BTSPT-Cell-pellet_1__F416,Sphingolipid-BTSPT-Cell-pellet_1,empty,0,1.0,1,False
Sphingolipid-BTSPT-Cell-pellet_1__F417,Sphingolipid-BTSPT-Cell-pellet_1,single,1,1.0,1,True
Sphingolipid-BTSPT-Cell-pellet_1__F418,Sphingolipid-BTSPT-Cell-pellet_1,empty,0,0.00919342041015625,0,True
Sphingolipid-BTSPT-Cell-pellet_1__F419,Sphingolipid-BTSPT-Cell-pellet_1,single,1,0.9990234375,1,True
Sphingolipid-BTSPT-Cell-pellet_1__F42,Sphingolipid-BTSPT-Cell-pellet_1,single,1,0.98291015625,1,True
Sphingolipid-BTSPT-Cell-pellet_1__F420,Sphingolipid-BTSPT-Cell-pellet_1,single,1,1.0,1,True
Sphingolipid-BTSPT-Cell-pellet_1__F421,Sphingolipid-BTSPT-Cell-pellet_1,empty,0,0.0,0,True
Sphingolipid-BTSPT-Cell-pellet_1__F422,Sphingolipid-BTSPT-Cell-pellet_1,single,1,1.0,1,True
Sphingolipid-BTSPT-Cell-pellet_1__F423,Sphingolipid-BTSPT-Cell-pellet_1,empty,0,0.9736328125,1,False
Sphingolipid-BTSPT-Cell-pellet_1__F424,Sphingolipid-BTSPT-Cell-pellet_1,multi,1,1.0,1,True
Sphingolipid-BTSPT-Cell-pellet_1__F425,Sphingolipid-BTSPT-Cell-pellet_1,empty,0,0.0104522705078125,0,True
Sphingolipid-BTSPT-Cell-pellet_1__F426,Sphingolipid-BTSPT-Cell-pellet_1,single,1,0.58642578125,1,True
Sphingolipid-BTSPT-Cell-pellet_1__F427,Sphingolipid-BTSPT-Cell-pellet_1,empty,0,1.1920928955078125e-07,0,True
Sphingolipid-BTSPT-Cell-pellet_1__F428,Sphingolipid-BTSPT-Cell-pellet_1,single,1,1.0,1,True
Sphingolipid-BTSPT-Cell-pellet_1__F429,Sphingolipid-BTSPT-Cell-pellet_1,single,1,1.0,1,True
Sphingolipid-BTSPT-Cell-pellet_1__F43,Sphingolipid-BTSPT-Cell-pellet_1,single,1,0.8505859375,1,True
Sphingolipid-BTSPT-Cell-pellet_1__F430,Sphingolipid-BTSPT-Cell-pellet_1,single,1,1.0,1,True
Sphingolipid-BTSPT-Cell-pellet_1__F431,Sphingolipid-BTSPT-Cell-pellet_1,empty,0,0.0,0,True
Sphingolipid-BTSPT-Cell-pellet_1__F432,Sphingolipid-BTSPT-Cell-pellet_1,single,1,1.0,1,True
Sphingolipid-BTSPT-Cell-pellet_1__F433,Sphingolipid-BTSPT-Cell-pellet_1,empty,0,0.01467132568359375,0,True
Sphingolipid-BTSPT-Cell-pellet_1__F434,Sphingolipid-BTSPT-Cell-pellet_1,empty,0,0.95849609375,1,False
Sphingolipid-BTSPT-Cell-pellet_1__F435,Sphingolipid-BTSPT-Cell-pellet_1,empty,0,1.6689300537109375e-06,0,True
Sphingolipid-BTSPT-Cell-pellet_1__F436,Sphingolipid-BTSPT-Cell-pellet_1,empty,0,0.9990234375,1,False
Sphingolipid-BTSPT-Cell-pellet_1__F437,Sphingolipid-BTSPT-Cell-pellet_1,single,1,1.0,1,True
Sphingolipid-BTSPT-Cell-pellet_1__F438,Sphingolipid-BTSPT-Cell-pellet_1,single,1,1.0,1,True
Sphingolipid-BTSPT-Cell-pellet_1__F439,Sphingolipid-BTSPT-Cell-pellet_1,empty,0,0.0006852149963378906,0,True
Sphingolipid-BTSPT-Cell-pellet_1__F44,Sphingolipid-BTSPT-Cell-pellet_1,single,0,1.0,1,False
Sphingolipid-BTSPT-Cell-pellet_1__F440,Sphingolipid-BTSPT-Cell-pellet_1,empty,0,1.0,1,False
Sphingolipid-BTSPT-Cell-pellet_1__F441,Sphingolipid-BTSPT-Cell-pellet_1,single,1,1.0,1,True
Sphingolipid-BTSPT-Cell-pellet_1__F442,Sphingolipid-BTSPT-Cell-pellet_1,single,1,1.0,1,True
Sphingolipid-BTSPT-Cell-pellet_1__F443,Sphingolipid-BTSPT-Cell-pellet_1,empty,0,0.0,0,True
Sphingolipid-BTSPT-Cell-pellet_1__F444,Sphingolipid-BTSPT-Cell-pellet_1,empty,0,0.0,0,True
Sphingolipid-BTSPT-Cell-pellet_1__F445,Sphingolipid-BTSPT-Cell-pellet_1,single,1,1.0,1,True
Sphingolipid-BTSPT-Cell-pellet_1__F446,Sphingolipid-BTSPT-Cell-pellet_1,single,1,1.0,1,True
Sphingolipid-BTSPT-Cell-pellet_1__F447,Sphingolipid-BTSPT-Cell-pellet_1,empty,0,1.0,1,False
Sphingolipid-BTSPT-Cell-pellet_1__F449,Sphingolipid-BTSPT-Cell-pellet_1,single,1,1.0,1,True
Sphingolipid-BTSPT-Cell-pellet_1__F45,Sphingolipid-BTSPT-Cell-pellet_1,single,1,1.0,1,True
Sphingolipid-BTSPT-Cell-pellet_1__F450,Sphingolipid-BTSPT-Cell-pellet_1,single,1,1.0,1,True
Sphingolipid-BTSPT-Cell-pellet_1__F451,Sphingolipid-BTSPT-Cell-pellet_1,empty,0,2.980232238769531e-07,0,True
Sphingolipid-BTSPT-Cell-pellet_1__F452,Sphingolipid-BTSPT-Cell-pellet_1,single,1,1.0,1,True
Sphingolipid-BTSPT-Cell-pellet_1__F453,Sphingolipid-BTSPT-Cell-pellet_1,empty,0,0.0,0,True
Sphingolipid-BTSPT-Cell-pellet_1__F454,Sphingolipid-BTSPT-Cell-pellet_1,empty,0,1.9073486328125e-06,0,True
Sphingolipid-BTSPT-Cell-pellet_1__F455,Sphingolipid-BTSPT-Cell-pellet_1,single,1,1.0,1,True
Sphingolipid-BTSPT-Cell-pellet_1__F457,Sphingolipid-BTSPT-Cell-pellet_1,empty,0,0.0,0,True
Sphingolipid-BTSPT-Cell-pellet_1__F458,Sphingolipid-BTSPT-Cell-pellet_1,multi,1,1.0,1,True
Sphingolipid-BTSPT-Cell-pellet_1__F459,Sphingolipid-BTSPT-Cell-pellet_1,single,1,0.99658203125,1,True
Sphingolipid-BTSPT-Cell-pellet_1__F46,Sphingolipid-BTSPT-Cell-pellet_1,empty,0,0.7373046875,1,False
Sphingolipid-BTSPT-Cell-pellet_1__F460,Sphingolipid-BTSPT-Cell-pellet_1,empty,0,0.0,0,True
Sphingolipid-BTSPT-Cell-pellet_1__F461,Sphingolipid-BTSPT-Cell-pellet_1,empty,0,0.0394287109375,0,True
Sphingolipid-BTSPT-Cell-pellet_1__F462,Sphingolipid-BTSPT-Cell-pellet_1,single,1,0.998046875,1,True
Sphingolipid-BTSPT-Cell-pellet_1__F463,Sphingolipid-BTSPT-Cell-pellet_1,empty,0,0.0,0,True
Sphingolipid-BTSPT-Cell-pellet_1__F465,Sphingolipid-BTSPT-Cell-pellet_1,single,1,1.0,1,True
Sphingolipid-BTSPT-Cell-pellet_1__F466,Sphingolipid-BTSPT-Cell-pellet_1,single,1,0.9990234375,1,True
Sphingolipid-BTSPT-Cell-pellet_1__F467,Sphingolipid-BTSPT-Cell-pellet_1,single,1,0.99609375,1,True
Sphingolipid-BTSPT-Cell-pellet_1__F468,Sphingolipid-BTSPT-Cell-pellet_1,single,1,1.0,1,True
Sphingolipid-BTSPT-Cell-pellet_1__F469,Sphingolipid-BTSPT-Cell-pellet_1,single,1,1.0,1,True
Sphingolipid-BTSPT-Cell-pellet_1__F47,Sphingolipid-BTSPT-Cell-pellet_1,empty,0,0.0,0,True
Sphingolipid-BTSPT-Cell-pellet_1__F470,Sphingolipid-BTSPT-Cell-pellet_1,single,1,1.0,1,True
Sphingolipid-BTSPT-Cell-pellet_1__F471,Sphingolipid-BTSPT-Cell-pellet_1,single,1,1.0,1,True
Sphingolipid-BTSPT-Cell-pellet_1__F472,Sphingolipid-BTSPT-Cell-pellet_1,multi,1,1.0,1,True
Sphingolipid-BTSPT-Cell-pellet_1__F473,Sphingolipid-BTSPT-Cell-pellet_1,empty,0,1.1920928955078125e-07,0,True
Sphingolipid-BTSPT-Cell-pellet_1__F474,Sphingolipid-BTSPT-Cell-pellet_1,empty,0,0.0,0,True
Sphingolipid-BTSPT-Cell-pellet_1__F475,Sphingolipid-BTSPT-Cell-pellet_1,single,1,1.0,1,True
Sphingolipid-BTSPT-Cell-pellet_1__F476,Sphingolipid-BTSPT-Cell-pellet_1,empty,0,5.960464477539063e-08,0,True
Sphingolipid-BTSPT-Cell-pellet_1__F477,Sphingolipid-BTSPT-Cell-pellet_1,single,1,1.0,1,True
Sphingolipid-BTSPT-Cell-pellet_1__F478,Sphingolipid-BTSPT-Cell-pellet_1,single,1,1.0,1,True
Sphingolipid-BTSPT-Cell-pellet_1__F479,Sphingolipid-BTSPT-Cell-pellet_1,empty,0,1.1920928955078125e-07,0,True
Sphingolipid-BTSPT-Cell-pellet_1__F48,Sphingolipid-BTSPT-Cell-pellet_1,empty,0,3.5762786865234375e-07,0,True
Sphingolipid-BTSPT-Cell-pellet_1__F480,Sphingolipid-BTSPT-Cell-pellet_1,single,1,1.0,1,True
Sphingolipid-BTSPT-Cell-pellet_1__F481,Sphingolipid-BTSPT-Cell-pellet_1,single,1,1.0,1,True
Sphingolipid-BTSPT-Cell-pellet_1__F482,Sphingolipid-BTSPT-Cell-pellet_1,single,1,1.0,1,True
Sphingolipid-BTSPT-Cell-pellet_1__F483,Sphingolipid-BTSPT-Cell-pellet_1,single,1,1.0,1,True
Sphingolipid-BTSPT-Cell-pellet_1__F484,Sphingolipid-BTSPT-Cell-pellet_1,single,1,1.0,1,True
Sphingolipid-BTSPT-Cell-pellet_1__F485,Sphingolipid-BTSPT-Cell-pellet_1,single,1,1.0,1,True
Sphingolipid-BTSPT-Cell-pellet_1__F486,Sphingolipid-BTSPT-Cell-pellet_1,empty,0,4.506111145019531e-05,0,True
Sphingolipid-BTSPT-Cell-pellet_1__F487,Sphingolipid-BTSPT-Cell-pellet_1,empty,0,0.99853515625,1,False
Sphingolipid-BTSPT-Cell-pellet_1__F488,Sphingolipid-BTSPT-Cell-pellet_1,empty,0,1.0,1,False
Sphingolipid-BTSPT-Cell-pellet_1__F489,Sphingolipid-BTSPT-Cell-pellet_1,multi,1,1.0,1,True
Sphingolipid-BTSPT-Cell-pellet_1__F49,Sphingolipid-BTSPT-Cell-pellet_1,single,1,1.0,1,True
Sphingolipid-BTSPT-Cell-pellet_1__F490,Sphingolipid-BTSPT-Cell-pellet_1,single,1,0.99169921875,1,True
Sphingolipid-BTSPT-Cell-pellet_1__F491,Sphingolipid-BTSPT-Cell-pellet_1,empty,0,5.960464477539063e-08,0,True
Sphingolipid-BTSPT-Cell-pellet_1__F492,Sphingolipid-BTSPT-Cell-pellet_1,single,1,1.0,1,True
Sphingolipid-BTSPT-Cell-pellet_1__F493,Sphingolipid-BTSPT-Cell-pellet_1,single,1,1.0,1,True
Sphingolipid-BTSPT-Cell-pellet_1__F494,Sphingolipid-BTSPT-Cell-pellet_1,empty,0,1.055002212524414e-05,0,True
Sphingolipid-BTSPT-Cell-pellet_1__F495,Sphingolipid-BTSPT-Cell-pellet_1,single,1,1.0,1,True
Sphingolipid-BTSPT-Cell-pellet_1__F496,Sphingolipid-BTSPT-Cell-pellet_1,empty,0,0.0,0,True
Sphingolipid-BTSPT-Cell-pellet_1__F497,Sphingolipid-BTSPT-Cell-pellet_1,single,1,1.0,1,True
Sphingolipid-BTSPT-Cell-pellet_1__F498,Sphingolipid-BTSPT-Cell-pellet_1,single,1,1.0,1,True
Sphingolipid-BTSPT-Cell-pellet_1__F499,Sphingolipid-BTSPT-Cell-pellet_1,single,1,1.0,1,True
Sphingolipid-BTSPT-Cell-pellet_1__F5,Sphingolipid-BTSPT-Cell-pellet_1,multi,1,1.0,1,True
Sphingolipid-BTSPT-Cell-pellet_1__F50,Sphingolipid-BTSPT-Cell-pellet_1,empty,0,0.01056671142578125,0,True
Sphingolipid-BTSPT-Cell-pellet_1__F500,Sphingolipid-BTSPT-Cell-pellet_1,single,1,1.0,1,True
Sphingolipid-BTSPT-Cell-pellet_1__F501,Sphingolipid-BTSPT-Cell-pellet_1,single,1,1.0,1,True
Sphingolipid-BTSPT-Cell-pellet_1__F502,Sphingolipid-BTSPT-Cell-pellet_1,single,1,0.9892578125,1,True
Sphingolipid-BTSPT-Cell-pellet_1__F503,Sphingolipid-BTSPT-Cell-pellet_1,single,1,1.0,1,True
Sphingolipid-BTSPT-Cell-pellet_1__F504,Sphingolipid-BTSPT-Cell-pellet_1,single,1,1.0,1,True
Sphingolipid-BTSPT-Cell-pellet_1__F506,Sphingolipid-BTSPT-Cell-pellet_1,empty,0,2.4497509002685547e-05,0,True
Sphingolipid-BTSPT-Cell-pellet_1__F507,Sphingolipid-BTSPT-Cell-pellet_1,empty,0,9.179115295410156e-06,0,True
Sphingolipid-BTSPT-Cell-pellet_1__F508,Sphingolipid-BTSPT-Cell-pellet_1,single,1,1.0,1,True
Sphingolipid-BTSPT-Cell-pellet_1__F509,Sphingolipid-BTSPT-Cell-pellet_1,empty,0,0.0,0,True
Sphingolipid-BTSPT-Cell-pellet_1__F51,Sphingolipid-BTSPT-Cell-pellet_1,multi,1,1.0,1,True
Sphingolipid-BTSPT-Cell-pellet_1__F510,Sphingolipid-BTSPT-Cell-pellet_1,empty,0,0.0517578125,0,True
Sphingolipid-BTSPT-Cell-pellet_1__F511,Sphingolipid-BTSPT-Cell-pellet_1,single,1,0.998046875,1,True
Sphingolipid-BTSPT-Cell-pellet_1__F512,Sphingolipid-BTSPT-Cell-pellet_1,single,1,1.0,1,True
Sphingolipid-BTSPT-Cell-pellet_1__F513,Sphingolipid-BTSPT-Cell-pellet_1,multi,1,1.0,1,True
Sphingolipid-BTSPT-Cell-pellet_1__F514,Sphingolipid-BTSPT-Cell-pellet_1,single,1,1.0,1,True
Sphingolipid-BTSPT-Cell-pellet_1__F515,Sphingolipid-BTSPT-Cell-pellet_1,empty,0,0.00019872188568115234,0,True
Sphingolipid-BTSPT-Cell-pellet_1__F517,Sphingolipid-BTSPT-Cell-pellet_1,single,1,1.0,1,True
Sphingolipid-BTSPT-Cell-pellet_1__F518,Sphingolipid-BTSPT-Cell-pellet_1,empty,0,0.11859130859375,0,True
Sphingolipid-BTSPT-Cell-pellet_1__F519,Sphingolipid-BTSPT-Cell-pellet_1,multi,1,0.99951171875,1,True
Sphingolipid-BTSPT-Cell-pellet_1__F52,Sphingolipid-BTSPT-Cell-pellet_1,single,1,1.0,1,True
Sphingolipid-BTSPT-Cell-pellet_1__F520,Sphingolipid-BTSPT-Cell-pellet_1,single,1,1.0,1,True
Sphingolipid-BTSPT-Cell-pellet_1__F521,Sphingolipid-BTSPT-Cell-pellet_1,empty,0,0.0548095703125,0,True
Sphingolipid-BTSPT-Cell-pellet_1__F522,Sphingolipid-BTSPT-Cell-pellet_1,single,1,1.0,1,True
Sphingolipid-BTSPT-Cell-pellet_1__F523,Sphingolipid-BTSPT-Cell-pellet_1,multi,0,3.8504600524902344e-05,0,True
Sphingolipid-BTSPT-Cell-pellet_1__F524,Sphingolipid-BTSPT-Cell-pellet_1,empty,0,1.8477439880371094e-05,0,True
Sphingolipid-BTSPT-Cell-pellet_1__F525,Sphingolipid-BTSPT-Cell-pellet_1,single,1,1.0,1,True
Sphingolipid-BTSPT-Cell-pellet_1__F526,Sphingolipid-BTSPT-Cell-pellet_1,single,1,1.0,1,True
Sphingolipid-BTSPT-Cell-pellet_1__F527,Sphingolipid-BTSPT-Cell-pellet_1,empty,0,1.7881393432617188e-07,0,True
Sphingolipid-BTSPT-Cell-pellet_1__F528,Sphingolipid-BTSPT-Cell-pellet_1,empty,0,0.0,0,True
Sphingolipid-BTSPT-Cell-pellet_1__F529,Sphingolipid-BTSPT-Cell-pellet_1,single,1,1.0,1,True
Sphingolipid-BTSPT-Cell-pellet_1__F53,Sphingolipid-BTSPT-Cell-pellet_1,single,1,0.99951171875,1,True
Sphingolipid-BTSPT-Cell-pellet_1__F530,Sphingolipid-BTSPT-Cell-pellet_1,empty,0,0.290283203125,0,True
Sphingolipid-BTSPT-Cell-pellet_1__F531,Sphingolipid-BTSPT-Cell-pellet_1,single,1,0.74072265625,1,True
Sphingolipid-BTSPT-Cell-pellet_1__F532,Sphingolipid-BTSPT-Cell-pellet_1,multi,1,1.0,1,True
Sphingolipid-BTSPT-Cell-pellet_1__F533,Sphingolipid-BTSPT-Cell-pellet_1,empty,0,1.0,1,False
Sphingolipid-BTSPT-Cell-pellet_1__F534,Sphingolipid-BTSPT-Cell-pellet_1,single,1,1.0,1,True
Sphingolipid-BTSPT-Cell-pellet_1__F535,Sphingolipid-BTSPT-Cell-pellet_1,single,1,1.0,1,True
Sphingolipid-BTSPT-Cell-pellet_1__F536,Sphingolipid-BTSPT-Cell-pellet_1,multi,1,1.0,1,True
Sphingolipid-BTSPT-Cell-pellet_1__F537,Sphingolipid-BTSPT-Cell-pellet_1,single,1,1.0,1,True
Sphingolipid-BTSPT-Cell-pellet_1__F538,Sphingolipid-BTSPT-Cell-pellet_1,empty,0,5.960464477539063e-08,0,True
Sphingolipid-BTSPT-Cell-pellet_1__F539,Sphingolipid-BTSPT-Cell-pellet_1,single,1,1.0,1,True
Sphingolipid-BTSPT-Cell-pellet_1__F54,Sphingolipid-BTSPT-Cell-pellet_1,empty,0,1.1920928955078125e-07,0,True
Sphingolipid-BTSPT-Cell-pellet_1__F540,Sphingolipid-BTSPT-Cell-pellet_1,single,1,0.99365234375,1,True
Sphingolipid-BTSPT-Cell-pellet_1__F541,Sphingolipid-BTSPT-Cell-pellet_1,empty,0,0.0,0,True
Sphingolipid-BTSPT-Cell-pellet_1__F542,Sphingolipid-BTSPT-Cell-pellet_1,single,1,1.0,1,True
Sphingolipid-BTSPT-Cell-pellet_1__F543,Sphingolipid-BTSPT-Cell-pellet_1,empty,0,1.0728836059570312e-06,0,True
Sphingolipid-BTSPT-Cell-pellet_1__F544,Sphingolipid-BTSPT-Cell-pellet_1,multi,1,1.0,1,True
Sphingolipid-BTSPT-Cell-pellet_1__F545,Sphingolipid-BTSPT-Cell-pellet_1,single,1,1.0,1,True
Sphingolipid-BTSPT-Cell-pellet_1__F546,Sphingolipid-BTSPT-Cell-pellet_1,empty,0,0.0604248046875,0,True
Sphingolipid-BTSPT-Cell-pellet_1__F547,Sphingolipid-BTSPT-Cell-pellet_1,empty,0,2.384185791015625e-07,0,True
Sphingolipid-BTSPT-Cell-pellet_1__F548,Sphingolipid-BTSPT-Cell-pellet_1,single,1,1.0,1,True
Sphingolipid-BTSPT-Cell-pellet_1__F549,Sphingolipid-BTSPT-Cell-pellet_1,empty,0,2.3245811462402344e-06,0,True
Sphingolipid-BTSPT-Cell-pellet_1__F55,Sphingolipid-BTSPT-Cell-pellet_1,single,1,0.99609375,1,True
Sphingolipid-BTSPT-Cell-pellet_1__F550,Sphingolipid-BTSPT-Cell-pellet_1,single,1,1.0,1,True
Sphingolipid-BTSPT-Cell-pellet_1__F56,Sphingolipid-BTSPT-Cell-pellet_1,empty,0,5.650520324707031e-05,0,True
Sphingolipid-BTSPT-Cell-pellet_1__F57,Sphingolipid-BTSPT-Cell-pellet_1,single,1,0.99560546875,1,True
Sphingolipid-BTSPT-Cell-pellet_1__F59,Sphingolipid-BTSPT-Cell-pellet_1,single,1,1.0,1,True
Sphingolipid-BTSPT-Cell-pellet_1__F6,Sphingolipid-BTSPT-Cell-pellet_1,single,1,1.0,1,True
Sphingolipid-BTSPT-Cell-pellet_1__F60,Sphingolipid-BTSPT-Cell-pellet_1,empty,0,1.430511474609375e-06,0,True
Sphingolipid-BTSPT-Cell-pellet_1__F61,Sphingolipid-BTSPT-Cell-pellet_1,single,1,1.0,1,True
Sphingolipid-BTSPT-Cell-pellet_1__F62,Sphingolipid-BTSPT-Cell-pellet_1,empty,0,0.0,0,True
Sphingolipid-BTSPT-Cell-pellet_1__F64,Sphingolipid-BTSPT-Cell-pellet_1,empty,0,0.0,0,True
Sphingolipid-BTSPT-Cell-pellet_1__F65,Sphingolipid-BTSPT-Cell-pellet_1,empty,0,0.0112457275390625,0,True
Sphingolipid-BTSPT-Cell-pellet_1__F66,Sphingolipid-BTSPT-Cell-pellet_1,single,1,1.0,1,True
Sphingolipid-BTSPT-Cell-pellet_1__F67,Sphingolipid-BTSPT-Cell-pellet_1,single,1,1.0,1,True
Sphingolipid-BTSPT-Cell-pellet_1__F68,Sphingolipid-BTSPT-Cell-pellet_1,single,1,1.0,1,True
Sphingolipid-BTSPT-Cell-pellet_1__F69,Sphingolipid-BTSPT-Cell-pellet_1,single,1,1.0,1,True
Sphingolipid-BTSPT-Cell-pellet_1__F7,Sphingolipid-BTSPT-Cell-pellet_1,empty,0,0.0,0,True
Sphingolipid-BTSPT-Cell-pellet_1__F70,Sphingolipid-BTSPT-Cell-pellet_1,single,1,1.0,1,True
Sphingolipid-BTSPT-Cell-pellet_1__F71,Sphingolipid-BTSPT-Cell-pellet_1,single,1,1.0,1,True
Sphingolipid-BTSPT-Cell-pellet_1__F72,Sphingolipid-BTSPT-Cell-pellet_1,single,1,1.0,1,True
Sphingolipid-BTSPT-Cell-pellet_1__F73,Sphingolipid-BTSPT-Cell-pellet_1,empty,0,0.9736328125,1,False
Sphingolipid-BTSPT-Cell-pellet_1__F74,Sphingolipid-BTSPT-Cell-pellet_1,empty,0,0.99755859375,1,False
Sphingolipid-BTSPT-Cell-pellet_1__F75,Sphingolipid-BTSPT-Cell-pellet_1,empty,0,0.4423828125,0,True
Sphingolipid-BTSPT-Cell-pellet_1__F76,Sphingolipid-BTSPT-Cell-pellet_1,single,1,1.0,1,True
Sphingolipid-BTSPT-Cell-pellet_1__F77,Sphingolipid-BTSPT-Cell-pellet_1,empty,0,0.0631103515625,0,True
Sphingolipid-BTSPT-Cell-pellet_1__F78,Sphingolipid-BTSPT-Cell-pellet_1,empty,0,0.0,0,True
Sphingolipid-BTSPT-Cell-pellet_1__F79,Sphingolipid-BTSPT-Cell-pellet_1,empty,0,0.98486328125,1,False
Sphingolipid-BTSPT-Cell-pellet_1__F8,Sphingolipid-BTSPT-Cell-pellet_1,empty,0,0.744140625,1,False
Sphingolipid-BTSPT-Cell-pellet_1__F80,Sphingolipid-BTSPT-Cell-pellet_1,single,1,1.0,1,True
Sphingolipid-BTSPT-Cell-pellet_1__F81,Sphingolipid-BTSPT-Cell-pellet_1,empty,0,0.99658203125,1,False
Sphingolipid-BTSPT-Cell-pellet_1__F82,Sphingolipid-BTSPT-Cell-pellet_1,empty,0,0.0,0,True
Sphingolipid-BTSPT-Cell-pellet_1__F83,Sphingolipid-BTSPT-Cell-pellet_1,single,1,1.0,1,True
Sphingolipid-BTSPT-Cell-pellet_1__F84,Sphingolipid-BTSPT-Cell-pellet_1,single,1,1.0,1,True
Sphingolipid-BTSPT-Cell-pellet_1__F85,Sphingolipid-BTSPT-Cell-pellet_1,empty,0,0.0,0,True
Sphingolipid-BTSPT-Cell-pellet_1__F86,Sphingolipid-BTSPT-Cell-pellet_1,empty,0,0.0,0,True
Sphingolipid-BTSPT-Cell-pellet_1__F87,Sphingolipid-BTSPT-Cell-pellet_1,single,1,1.0,1,True
Sphingolipid-BTSPT-Cell-pellet_1__F88,Sphingolipid-BTSPT-Cell-pellet_1,single,1,0.95556640625,1,True
Sphingolipid-BTSPT-Cell-pellet_1__F89,Sphingolipid-BTSPT-Cell-pellet_1,single,1,1.0,1,True
Sphingolipid-BTSPT-Cell-pellet_1__F9,Sphingolipid-BTSPT-Cell-pellet_1,empty,0,0.0,0,True
Sphingolipid-BTSPT-Cell-pellet_1__F90,Sphingolipid-BTSPT-Cell-pellet_1,empty,0,0.9775390625,1,False
Sphingolipid-BTSPT-Cell-pellet_1__F91,Sphingolipid-BTSPT-Cell-pellet_1,single,1,1.0,1,True
Sphingolipid-BTSPT-Cell-pellet_1__F92,Sphingolipid-BTSPT-Cell-pellet_1,empty,0,1.7881393432617188e-07,0,True
Sphingolipid-BTSPT-Cell-pellet_1__F93,Sphingolipid-BTSPT-Cell-pellet_1,empty,0,0.0,0,True
Sphingolipid-BTSPT-Cell-pellet_1__F94,Sphingolipid-BTSPT-Cell-pellet_1,empty,0,0.00011146068572998047,0,True
Sphingolipid-BTSPT-Cell-pellet_1__F95,Sphingolipid-BTSPT-Cell-pellet_1,empty,0,0.9990234375,1,False
Sphingolipid-BTSPT-Cell-pellet_1__F96,Sphingolipid-BTSPT-Cell-pellet_1,single,1,1.0,1,True
Sphingolipid-BTSPT-Cell-pellet_1__F97,Sphingolipid-BTSPT-Cell-pellet_1,empty,0,0.00020825862884521484,0,True
Sphingolipid-BTSPT-Cell-pellet_1__F98,Sphingolipid-BTSPT-Cell-pellet_1,single,1,1.0,1,True
Sphingolipid-BTSPT-Cell-pellet_1__F99,Sphingolipid-BTSPT-Cell-pellet_1,single,1,1.0,1,True
Sphingolipid-BTSPT-OMV_1__F1,Sphingolipid-BTSPT-OMV_1,single,1,1.0,1,True
Sphingolipid-BTSPT-OMV_1__F10,Sphingolipid-BTSPT-OMV_1,empty,0,0.0,0,True
Sphingolipid-BTSPT-OMV_1__F100,Sphingolipid-BTSPT-OMV_1,empty,0,2.562999725341797e-06,0,True
Sphingolipid-BTSPT-OMV_1__F101,Sphingolipid-BTSPT-OMV_1,single,1,1.0,1,True
Sphingolipid-BTSPT-OMV_1__F102,Sphingolipid-BTSPT-OMV_1,single,1,0.890625,1,True
Sphingolipid-BTSPT-OMV_1__F103,Sphingolipid-BTSPT-OMV_1,empty,0,2.980232238769531e-07,0,True
Sphingolipid-BTSPT-OMV_1__F104,Sphingolipid-BTSPT-OMV_1,single,1,1.0,1,True
Sphingolipid-BTSPT-OMV_1__F105,Sphingolipid-BTSPT-OMV_1,empty,0,0.0,0,True
Sphingolipid-BTSPT-OMV_1__F106,Sphingolipid-BTSPT-OMV_1,single,1,1.0,1,True
Sphingolipid-BTSPT-OMV_1__F107,Sphingolipid-BTSPT-OMV_1,multi,1,1.0,1,True
Sphingolipid-BTSPT-OMV_1__F108,Sphingolipid-BTSPT-OMV_1,single,1,0.99853515625,1,True
Sphingolipid-BTSPT-OMV_1__F109,Sphingolipid-BTSPT-OMV_1,single,1,1.0,1,True
Sphingolipid-BTSPT-OMV_1__F11,Sphingolipid-BTSPT-OMV_1,single,1,0.83984375,1,True
Sphingolipid-BTSPT-OMV_1__F110,Sphingolipid-BTSPT-OMV_1,single,1,1.0,1,True
Sphingolipid-BTSPT-OMV_1__F111,Sphingolipid-BTSPT-OMV_1,single,1,0.99951171875,1,True
Sphingolipid-BTSPT-OMV_1__F112,Sphingolipid-BTSPT-OMV_1,single,1,1.0,1,True
Sphingolipid-BTSPT-OMV_1__F113,Sphingolipid-BTSPT-OMV_1,empty,0,0.0,0,True
Sphingolipid-BTSPT-OMV_1__F114,Sphingolipid-BTSPT-OMV_1,multi,1,0.036285400390625,0,False
Sphingolipid-BTSPT-OMV_1__F115,Sphingolipid-BTSPT-OMV_1,empty,0,0.0,0,True
Sphingolipid-BTSPT-OMV_1__F116,Sphingolipid-BTSPT-OMV_1,single,1,0.99951171875,1,True
Sphingolipid-BTSPT-OMV_1__F117,Sphingolipid-BTSPT-OMV_1,single,1,0.01751708984375,0,False
Sphingolipid-BTSPT-OMV_1__F118,Sphingolipid-BTSPT-OMV_1,single,1,0.99462890625,1,True
Sphingolipid-BTSPT-OMV_1__F119,Sphingolipid-BTSPT-OMV_1,single,1,1.0,1,True
Sphingolipid-BTSPT-OMV_1__F12,Sphingolipid-BTSPT-OMV_1,empty,0,0.004608154296875,0,True
Sphingolipid-BTSPT-OMV_1__F120,Sphingolipid-BTSPT-OMV_1,single,1,1.0,1,True
Sphingolipid-BTSPT-OMV_1__F121,Sphingolipid-BTSPT-OMV_1,empty,0,0.0,0,True
Sphingolipid-BTSPT-OMV_1__F122,Sphingolipid-BTSPT-OMV_1,empty,0,0.0,0,True
Sphingolipid-BTSPT-OMV_1__F123,Sphingolipid-BTSPT-OMV_1,empty,0,0.99853515625,1,False
Sphingolipid-BTSPT-OMV_1__F124,Sphingolipid-BTSPT-OMV_1,empty,0,5.960464477539063e-08,0,True
Sphingolipid-BTSPT-OMV_1__F125,Sphingolipid-BTSPT-OMV_1,empty,0,0.99951171875,1,False
Sphingolipid-BTSPT-OMV_1__F126,Sphingolipid-BTSPT-OMV_1,multi,1,1.0,1,True
Sphingolipid-BTSPT-OMV_1__F127,Sphingolipid-BTSPT-OMV_1,empty,0,4.887580871582031e-06,0,True
Sphingolipid-BTSPT-OMV_1__F128,Sphingolipid-BTSPT-OMV_1,empty,0,1.0,1,False
Sphingolipid-BTSPT-OMV_1__F129,Sphingolipid-BTSPT-OMV_1,empty,0,0.0,0,True
Sphingolipid-BTSPT-OMV_1__F13,Sphingolipid-BTSPT-OMV_1,empty,0,1.7881393432617188e-07,0,True
Sphingolipid-BTSPT-OMV_1__F130,Sphingolipid-BTSPT-OMV_1,single,1,1.0,1,True
Sphingolipid-BTSPT-OMV_1__F131,Sphingolipid-BTSPT-OMV_1,empty,0,0.1357421875,0,True
Sphingolipid-BTSPT-OMV_1__F132,Sphingolipid-BTSPT-OMV_1,empty,0,0.0,0,True
Sphingolipid-BTSPT-OMV_1__F133,Sphingolipid-BTSPT-OMV_1,single,1,1.0,1,True
Sphingolipid-BTSPT-OMV_1__F134,Sphingolipid-BTSPT-OMV_1,empty,0,0.66796875,1,False
Sphingolipid-BTSPT-OMV_1__F135,Sphingolipid-BTSPT-OMV_1,empty,0,0.98193359375,1,False
Sphingolipid-BTSPT-OMV_1__F136,Sphingolipid-BTSPT-OMV_1,single,1,1.0,1,True
Sphingolipid-BTSPT-OMV_1__F137,Sphingolipid-BTSPT-OMV_1,single,1,1.0,1,True
Sphingolipid-BTSPT-OMV_1__F138,Sphingolipid-BTSPT-OMV_1,single,1,1.0,1,True
Sphingolipid-BTSPT-OMV_1__F139,Sphingolipid-BTSPT-OMV_1,empty,0,3.874301910400391e-06,0,True
Sphingolipid-BTSPT-OMV_1__F14,Sphingolipid-BTSPT-OMV_1,empty,0,8.52346420288086e-06,0,True
Sphingolipid-BTSPT-OMV_1__F140,Sphingolipid-BTSPT-OMV_1,single,1,1.0,1,True
Sphingolipid-BTSPT-OMV_1__F141,Sphingolipid-BTSPT-OMV_1,single,1,1.0,1,True
Sphingolipid-BTSPT-OMV_1__F142,Sphingolipid-BTSPT-OMV_1,empty,0,1.7881393432617188e-07,0,True
Sphingolipid-BTSPT-OMV_1__F143,Sphingolipid-BTSPT-OMV_1,single,1,0.92822265625,1,True
Sphingolipid-BTSPT-OMV_1__F144,Sphingolipid-BTSPT-OMV_1,multi,1,1.0,1,True
Sphingolipid-BTSPT-OMV_1__F146,Sphingolipid-BTSPT-OMV_1,multi,1,1.0,1,True
Sphingolipid-BTSPT-OMV_1__F148,Sphingolipid-BTSPT-OMV_1,single,1,1.0,1,True
Sphingolipid-BTSPT-OMV_1__F149,Sphingolipid-BTSPT-OMV_1,empty,0,0.953125,1,False
Sphingolipid-BTSPT-OMV_1__F15,Sphingolipid-BTSPT-OMV_1,multi,1,0.0012598037719726562,0,False
Sphingolipid-BTSPT-OMV_1__F150,Sphingolipid-BTSPT-OMV_1,multi,1,1.0,1,True
Sphingolipid-BTSPT-OMV_1__F151,Sphingolipid-BTSPT-OMV_1,single,1,1.0,1,True
Sphingolipid-BTSPT-OMV_1__F152,Sphingolipid-BTSPT-OMV_1,single,1,0.6083984375,1,True
Sphingolipid-BTSPT-OMV_1__F153,Sphingolipid-BTSPT-OMV_1,single,1,1.0,1,True
Sphingolipid-BTSPT-OMV_1__F154,Sphingolipid-BTSPT-OMV_1,single,1,1.0,1,True
Sphingolipid-BTSPT-OMV_1__F155,Sphingolipid-BTSPT-OMV_1,single,1,1.0,1,True
Sphingolipid-BTSPT-OMV_1__F156,Sphingolipid-BTSPT-OMV_1,empty,0,1.0,1,False
Sphingolipid-BTSPT-OMV_1__F157,Sphingolipid-BTSPT-OMV_1,empty,0,0.380859375,0,True
Sphingolipid-BTSPT-OMV_1__F158,Sphingolipid-BTSPT-OMV_1,empty,0,2.384185791015625e-07,0,True
Sphingolipid-BTSPT-OMV_1__F159,Sphingolipid-BTSPT-OMV_1,single,1,1.0,1,True
Sphingolipid-BTSPT-OMV_1__F16,Sphingolipid-BTSPT-OMV_1,single,1,1.0,1,True
Sphingolipid-BTSPT-OMV_1__F160,Sphingolipid-BTSPT-OMV_1,single,1,1.0,1,True
Sphingolipid-BTSPT-OMV_1__F161,Sphingolipid-BTSPT-OMV_1,single,1,1.0,1,True
Sphingolipid-BTSPT-OMV_1__F162,Sphingolipid-BTSPT-OMV_1,empty,0,0.0,0,True
Sphingolipid-BTSPT-OMV_1__F163,Sphingolipid-BTSPT-OMV_1,empty,0,0.0023784637451171875,0,True
Sphingolipid-BTSPT-OMV_1__F164,Sphingolipid-BTSPT-OMV_1,empty,0,0.0,0,True
Sphingolipid-BTSPT-OMV_1__F165,Sphingolipid-BTSPT-OMV_1,multi,1,0.99951171875,1,True
Sphingolipid-BTSPT-OMV_1__F166,Sphingolipid-BTSPT-OMV_1,single,1,0.268798828125,0,False
Sphingolipid-BTSPT-OMV_1__F167,Sphingolipid-BTSPT-OMV_1,single,1,0.99951171875,1,True
Sphingolipid-BTSPT-OMV_1__F168,Sphingolipid-BTSPT-OMV_1,empty,0,0.227294921875,0,True
Sphingolipid-BTSPT-OMV_1__F169,Sphingolipid-BTSPT-OMV_1,empty,0,0.0,0,True
Sphingolipid-BTSPT-OMV_1__F17,Sphingolipid-BTSPT-OMV_1,single,1,0.9990234375,1,True
Sphingolipid-BTSPT-OMV_1__F170,Sphingolipid-BTSPT-OMV_1,multi,1,0.00033283233642578125,0,False
Sphingolipid-BTSPT-OMV_1__F171,Sphingolipid-BTSPT-OMV_1,single,1,1.0,1,True
Sphingolipid-BTSPT-OMV_1__F172,Sphingolipid-BTSPT-OMV_1,single,1,1.0,1,True
Sphingolipid-BTSPT-OMV_1__F173,Sphingolipid-BTSPT-OMV_1,single,1,1.0,1,True
Sphingolipid-BTSPT-OMV_1__F174,Sphingolipid-BTSPT-OMV_1,multi,1,1.0,1,True
Sphingolipid-BTSPT-OMV_1__F175,Sphingolipid-BTSPT-OMV_1,single,1,1.0,1,True
Sphingolipid-BTSPT-OMV_1__F176,Sphingolipid-BTSPT-OMV_1,empty,0,1.4603137969970703e-05,0,True
Sphingolipid-BTSPT-OMV_1__F177,Sphingolipid-BTSPT-OMV_1,single,1,1.0,1,True
Sphingolipid-BTSPT-OMV_1__F178,Sphingolipid-BTSPT-OMV_1,single,1,1.0,1,True
Sphingolipid-BTSPT-OMV_1__F179,Sphingolipid-BTSPT-OMV_1,multi,1,1.0,1,True
Sphingolipid-BTSPT-OMV_1__F18,Sphingolipid-BTSPT-OMV_1,empty,0,0.342529296875,0,True
Sphingolipid-BTSPT-OMV_1__F180,Sphingolipid-BTSPT-OMV_1,single,1,1.0,1,True
Sphingolipid-BTSPT-OMV_1__F181,Sphingolipid-BTSPT-OMV_1,empty,0,1.0,1,False
Sphingolipid-BTSPT-OMV_1__F182,Sphingolipid-BTSPT-OMV_1,empty,0,0.0001881122589111328,0,True
Sphingolipid-BTSPT-OMV_1__F183,Sphingolipid-BTSPT-OMV_1,multi,1,0.8154296875,1,True
Sphingolipid-BTSPT-OMV_1__F184,Sphingolipid-BTSPT-OMV_1,single,1,1.0,1,True
Sphingolipid-BTSPT-OMV_1__F185,Sphingolipid-BTSPT-OMV_1,multi,1,1.0,1,True
Sphingolipid-BTSPT-OMV_1__F186,Sphingolipid-BTSPT-OMV_1,single,1,1.0,1,True
Sphingolipid-BTSPT-OMV_1__F187,Sphingolipid-BTSPT-OMV_1,single,1,1.0,1,True
Sphingolipid-BTSPT-OMV_1__F188,Sphingolipid-BTSPT-OMV_1,single,1,1.0,1,True
Sphingolipid-BTSPT-OMV_1__F189,Sphingolipid-BTSPT-OMV_1,single,1,1.0,1,True
Sphingolipid-BTSPT-OMV_1__F19,Sphingolipid-BTSPT-OMV_1,single,1,1.0,1,True
Sphingolipid-BTSPT-OMV_1__F190,Sphingolipid-BTSPT-OMV_1,empty,0,2.384185791015625e-07,0,True
Sphingolipid-BTSPT-OMV_1__F191,Sphingolipid-BTSPT-OMV_1,empty,0,2.980232238769531e-07,0,True
Sphingolipid-BTSPT-OMV_1__F192,Sphingolipid-BTSPT-OMV_1,empty,0,8.887052536010742e-05,0,True
Sphingolipid-BTSPT-OMV_1__F193,Sphingolipid-BTSPT-OMV_1,single,1,0.99951171875,1,True
Sphingolipid-BTSPT-OMV_1__F194,Sphingolipid-BTSPT-OMV_1,empty,0,0.0,0,True
Sphingolipid-BTSPT-OMV_1__F196,Sphingolipid-BTSPT-OMV_1,empty,0,0.0,0,True
Sphingolipid-BTSPT-OMV_1__F197,Sphingolipid-BTSPT-OMV_1,multi,1,0.2081298828125,0,False
Sphingolipid-BTSPT-OMV_1__F198,Sphingolipid-BTSPT-OMV_1,single,1,0.9228515625,1,True
Sphingolipid-BTSPT-OMV_1__F199,Sphingolipid-BTSPT-OMV_1,multi,1,2.086162567138672e-06,0,False
Sphingolipid-BTSPT-OMV_1__F2,Sphingolipid-BTSPT-OMV_1,empty,0,0.5185546875,1,False
Sphingolipid-BTSPT-OMV_1__F20,Sphingolipid-BTSPT-OMV_1,empty,0,0.982421875,1,False
Sphingolipid-BTSPT-OMV_1__F200,Sphingolipid-BTSPT-OMV_1,single,1,1.0,1,True
Sphingolipid-BTSPT-OMV_1__F201,Sphingolipid-BTSPT-OMV_1,empty,0,9.834766387939453e-06,0,True
Sphingolipid-BTSPT-OMV_1__F202,Sphingolipid-BTSPT-OMV_1,multi,1,0.030731201171875,0,False
Sphingolipid-BTSPT-OMV_1__F203,Sphingolipid-BTSPT-OMV_1,single,1,1.0,1,True
Sphingolipid-BTSPT-OMV_1__F204,Sphingolipid-BTSPT-OMV_1,single,1,1.0,1,True
Sphingolipid-BTSPT-OMV_1__F205,Sphingolipid-BTSPT-OMV_1,empty,0,3.0219554901123047e-05,0,True
Sphingolipid-BTSPT-OMV_1__F206,Sphingolipid-BTSPT-OMV_1,single,1,1.0,1,True
Sphingolipid-BTSPT-OMV_1__F207,Sphingolipid-BTSPT-OMV_1,single,1,1.0,1,True
Sphingolipid-BTSPT-OMV_1__F208,Sphingolipid-BTSPT-OMV_1,single,1,1.0,1,True
Sphingolipid-BTSPT-OMV_1__F209,Sphingolipid-BTSPT-OMV_1,single,1,1.0,1,True
Sphingolipid-BTSPT-OMV_1__F21,Sphingolipid-BTSPT-OMV_1,empty,0,0.0,0,True
Sphingolipid-BTSPT-OMV_1__F210,Sphingolipid-BTSPT-OMV_1,multi,1,1.0,1,True
Sphingolipid-BTSPT-OMV_1__F211,Sphingolipid-BTSPT-OMV_1,multi,1,0.98095703125,1,True
Sphingolipid-BTSPT-OMV_1__F212,Sphingolipid-BTSPT-OMV_1,empty,0,0.0,0,True
Sphingolipid-BTSPT-OMV_1__F213,Sphingolipid-BTSPT-OMV_1,single,1,1.0,1,True
Sphingolipid-BTSPT-OMV_1__F214,Sphingolipid-BTSPT-OMV_1,single,1,1.0,1,True
Sphingolipid-BTSPT-OMV_1__F215,Sphingolipid-BTSPT-OMV_1,empty,0,2.980232238769531e-07,0,True
Sphingolipid-BTSPT-OMV_1__F216,Sphingolipid-BTSPT-OMV_1,empty,0,3.319978713989258e-05,0,True
Sphingolipid-BTSPT-OMV_1__F217,Sphingolipid-BTSPT-OMV_1,single,1,1.0,1,True
Sphingolipid-BTSPT-OMV_1__F218,Sphingolipid-BTSPT-OMV_1,single,1,1.0,1,True
Sphingolipid-BTSPT-OMV_1__F219,Sphingolipid-BTSPT-OMV_1,empty,0,2.6226043701171875e-06,0,True
Sphingolipid-BTSPT-OMV_1__F22,Sphingolipid-BTSPT-OMV_1,single,1,1.0,1,True
Sphingolipid-BTSPT-OMV_1__F220,Sphingolipid-BTSPT-OMV_1,single,1,1.0,1,True
Sphingolipid-BTSPT-OMV_1__F221,Sphingolipid-BTSPT-OMV_1,empty,0,1.0728836059570312e-06,0,True
Sphingolipid-BTSPT-OMV_1__F222,Sphingolipid-BTSPT-OMV_1,single,1,1.0,1,True
Sphingolipid-BTSPT-OMV_1__F223,Sphingolipid-BTSPT-OMV_1,single,1,1.0,1,True
Sphingolipid-BTSPT-OMV_1__F224,Sphingolipid-BTSPT-OMV_1,empty,0,1.0132789611816406e-06,0,True
Sphingolipid-BTSPT-OMV_1__F225,Sphingolipid-BTSPT-OMV_1,empty,0,0.0,0,True
Sphingolipid-BTSPT-OMV_1__F226,Sphingolipid-BTSPT-OMV_1,single,1,1.0,1,True
Sphingolipid-BTSPT-OMV_1__F227,Sphingolipid-BTSPT-OMV_1,empty,0,0.0,0,True
Sphingolipid-BTSPT-OMV_1__F228,Sphingolipid-BTSPT-OMV_1,empty,0,0.95263671875,1,False
Sphingolipid-BTSPT-OMV_1__F229,Sphingolipid-BTSPT-OMV_1,empty,0,0.99658203125,1,False
Sphingolipid-BTSPT-OMV_1__F230,Sphingolipid-BTSPT-OMV_1,multi,1,1.0,1,True
Sphingolipid-BTSPT-OMV_1__F231,Sphingolipid-BTSPT-OMV_1,empty,0,0.0,0,True
Sphingolipid-BTSPT-OMV_1__F232,Sphingolipid-BTSPT-OMV_1,empty,0,0.00010722875595092773,0,True
Sphingolipid-BTSPT-OMV_1__F233,Sphingolipid-BTSPT-OMV_1,single,1,1.0,1,True
Sphingolipid-BTSPT-OMV_1__F234,Sphingolipid-BTSPT-OMV_1,empty,0,1.043081283569336e-05,0,True
Sphingolipid-BTSPT-OMV_1__F235,Sphingolipid-BTSPT-OMV_1,empty,0,0.460205078125,0,True
Sphingolipid-BTSPT-OMV_1__F236,Sphingolipid-BTSPT-OMV_1,multi,1,1.0,1,True
Sphingolipid-BTSPT-OMV_1__F237,Sphingolipid-BTSPT-OMV_1,single,1,1.0,1,True
Sphingolipid-BTSPT-OMV_1__F238,Sphingolipid-BTSPT-OMV_1,empty,0,0.9970703125,1,False
Sphingolipid-BTSPT-OMV_1__F239,Sphingolipid-BTSPT-OMV_1,single,1,1.0,1,True
Sphingolipid-BTSPT-OMV_1__F24,Sphingolipid-BTSPT-OMV_1,empty,0,1.7881393432617188e-07,0,True
Sphingolipid-BTSPT-OMV_1__F240,Sphingolipid-BTSPT-OMV_1,empty,0,1.0132789611816406e-06,0,True
Sphingolipid-BTSPT-OMV_1__F241,Sphingolipid-BTSPT-OMV_1,single,1,1.0,1,True
Sphingolipid-BTSPT-OMV_1__F242,Sphingolipid-BTSPT-OMV_1,single,0,3.319978713989258e-05,0,True
Sphingolipid-BTSPT-OMV_1__F243,Sphingolipid-BTSPT-OMV_1,multi,1,1.0,1,True
Sphingolipid-BTSPT-OMV_1__F244,Sphingolipid-BTSPT-OMV_1,empty,0,3.3736228942871094e-05,0,True
Sphingolipid-BTSPT-OMV_1__F245,Sphingolipid-BTSPT-OMV_1,empty,0,0.0,0,True
Sphingolipid-BTSPT-OMV_1__F246,Sphingolipid-BTSPT-OMV_1,multi,1,1.0,1,True
Sphingolipid-BTSPT-OMV_1__F247,Sphingolipid-BTSPT-OMV_1,single,1,0.953125,1,True
Sphingolipid-BTSPT-OMV_1__F248,Sphingolipid-BTSPT-OMV_1,single,1,1.0,1,True
Sphingolipid-BTSPT-OMV_1__F249,Sphingolipid-BTSPT-OMV_1,multi,1,0.00033283233642578125,0,False
Sphingolipid-BTSPT-OMV_1__F25,Sphingolipid-BTSPT-OMV_1,single,1,1.0,1,True
Sphingolipid-BTSPT-OMV_1__F250,Sphingolipid-BTSPT-OMV_1,empty,0,0.0,0,True
Sphingolipid-BTSPT-OMV_1__F251,Sphingolipid-BTSPT-OMV_1,single,1,1.0,1,True
Sphingolipid-BTSPT-OMV_1__F252,Sphingolipid-BTSPT-OMV_1,multi,1,1.0,1,True
Sphingolipid-BTSPT-OMV_1__F253,Sphingolipid-BTSPT-OMV_1,single,1,1.0,1,True
Sphingolipid-BTSPT-OMV_1__F254,Sphingolipid-BTSPT-OMV_1,empty,0,0.99951171875,1,False
Sphingolipid-BTSPT-OMV_1__F255,Sphingolipid-BTSPT-OMV_1,single,1,0.418212890625,0,False
Sphingolipid-BTSPT-OMV_1__F256,Sphingolipid-BTSPT-OMV_1,single,1,1.0,1,True
Sphingolipid-BTSPT-OMV_1__F257,Sphingolipid-BTSPT-OMV_1,single,1,0.94091796875,1,True
Sphingolipid-BTSPT-OMV_1__F258,Sphingolipid-BTSPT-OMV_1,empty,0,0.0,0,True
Sphingolipid-BTSPT-OMV_1__F259,Sphingolipid-BTSPT-OMV_1,single,1,1.0,1,True
Sphingolipid-BTSPT-OMV_1__F26,Sphingolipid-BTSPT-OMV_1,single,1,1.0,1,True
Sphingolipid-BTSPT-OMV_1__F260,Sphingolipid-BTSPT-OMV_1,single,1,1.0,1,True
Sphingolipid-BTSPT-OMV_1__F261,Sphingolipid-BTSPT-OMV_1,empty,0,2.6047229766845703e-05,0,True
Sphingolipid-BTSPT-OMV_1__F262,Sphingolipid-BTSPT-OMV_1,single,1,0.94873046875,1,True
Sphingolipid-BTSPT-OMV_1__F263,Sphingolipid-BTSPT-OMV_1,single,1,1.0,1,True
Sphingolipid-BTSPT-OMV_1__F264,Sphingolipid-BTSPT-OMV_1,empty,0,0.0,0,True
Sphingolipid-BTSPT-OMV_1__F265,Sphingolipid-BTSPT-OMV_1,single,1,1.0,1,True
Sphingolipid-BTSPT-OMV_1__F266,Sphingolipid-BTSPT-OMV_1,empty,0,4.708766937255859e-06,0,True
Sphingolipid-BTSPT-OMV_1__F267,Sphingolipid-BTSPT-OMV_1,multi,1,0.99951171875,1,True
Sphingolipid-BTSPT-OMV_1__F268,Sphingolipid-BTSPT-OMV_1,single,1,0.0002913475036621094,0,False
Sphingolipid-BTSPT-OMV_1__F269,Sphingolipid-BTSPT-OMV_1,single,1,0.96875,1,True
Sphingolipid-BTSPT-OMV_1__F27,Sphingolipid-BTSPT-OMV_1,empty,0,8.940696716308594e-07,0,True
Sphingolipid-BTSPT-OMV_1__F270,Sphingolipid-BTSPT-OMV_1,single,1,0.2939453125,0,False
Sphingolipid-BTSPT-OMV_1__F271,Sphingolipid-BTSPT-OMV_1,empty,0,1.2814998626708984e-05,0,True
Sphingolipid-BTSPT-OMV_1__F272,Sphingolipid-BTSPT-OMV_1,single,1,1.0,1,True
Sphingolipid-BTSPT-OMV_1__F273,Sphingolipid-BTSPT-OMV_1,multi,1,0.9892578125,1,True
Sphingolipid-BTSPT-OMV_1__F274,Sphingolipid-BTSPT-OMV_1,single,1,1.0,1,True
Sphingolipid-BTSPT-OMV_1__F275,Sphingolipid-BTSPT-OMV_1,empty,0,0.393798828125,0,True
Sphingolipid-BTSPT-OMV_1__F276,Sphingolipid-BTSPT-OMV_1,single,1,1.0,1,True
Sphingolipid-BTSPT-OMV_1__F277,Sphingolipid-BTSPT-OMV_1,multi,1,0.998046875,1,True
Sphingolipid-BTSPT-OMV_1__F278,Sphingolipid-BTSPT-OMV_1,empty,0,0.9912109375,1,False
Sphingolipid-BTSPT-OMV_1__F279,Sphingolipid-BTSPT-OMV_1,multi,1,0.99755859375,1,True
Sphingolipid-BTSPT-OMV_1__F28,Sphingolipid-BTSPT-OMV_1,empty,0,6.496906280517578e-06,0,True
Sphingolipid-BTSPT-OMV_1__F280,Sphingolipid-BTSPT-OMV_1,single,1,0.9990234375,1,True
Sphingolipid-BTSPT-OMV_1__F281,Sphingolipid-BTSPT-OMV_1,single,1,1.0,1,True
Sphingolipid-BTSPT-OMV_1__F282,Sphingolipid-BTSPT-OMV_1,empty,0,0.0002512931823730469,0,True
Sphingolipid-BTSPT-OMV_1__F283,Sphingolipid-BTSPT-OMV_1,empty,0,4.9114227294921875e-05,0,True
Sphingolipid-BTSPT-OMV_1__F284,Sphingolipid-BTSPT-OMV_1,single,1,1.0,1,True
Sphingolipid-BTSPT-OMV_1__F285,Sphingolipid-BTSPT-OMV_1,single,1,1.0,1,True
Sphingolipid-BTSPT-OMV_1__F286,Sphingolipid-BTSPT-OMV_1,single,1,1.0,1,True
Sphingolipid-BTSPT-OMV_1__F287,Sphingolipid-BTSPT-OMV_1,empty,0,6.496906280517578e-06,0,True
Sphingolipid-BTSPT-OMV_1__F288,Sphingolipid-BTSPT-OMV_1,empty,0,0.0001442432403564453,0,True
Sphingolipid-BTSPT-OMV_1__F289,Sphingolipid-BTSPT-OMV_1,multi,1,5.304813385009766e-06,0,False
Sphingolipid-BTSPT-OMV_1__F29,Sphingolipid-BTSPT-OMV_1,empty,0,0.00070953369140625,0,True
Sphingolipid-BTSPT-OMV_1__F290,Sphingolipid-BTSPT-OMV_1,empty,0,5.960464477539063e-08,0,True
Sphingolipid-BTSPT-OMV_1__F291,Sphingolipid-BTSPT-OMV_1,empty,0,0.00034880638122558594,0,True
Sphingolipid-BTSPT-OMV_1__F292,Sphingolipid-BTSPT-OMV_1,empty,0,1.0,1,False
Sphingolipid-BTSPT-OMV_1__F293,Sphingolipid-BTSPT-OMV_1,single,1,0.317626953125,0,False
Sphingolipid-BTSPT-OMV_1__F294,Sphingolipid-BTSPT-OMV_1,multi,1,1.0728836059570312e-06,0,False
Sphingolipid-BTSPT-OMV_1__F295,Sphingolipid-BTSPT-OMV_1,single,1,0.97998046875,1,True
Sphingolipid-BTSPT-OMV_1__F296,Sphingolipid-BTSPT-OMV_1,empty,0,1.1920928955078125e-07,0,True
Sphingolipid-BTSPT-OMV_1__F297,Sphingolipid-BTSPT-OMV_1,single,1,1.0,1,True
Sphingolipid-BTSPT-OMV_1__F298,Sphingolipid-BTSPT-OMV_1,single,1,0.1885986328125,0,False
Sphingolipid-BTSPT-OMV_1__F299,Sphingolipid-BTSPT-OMV_1,single,1,1.0,1,True
Sphingolipid-BTSPT-OMV_1__F3,Sphingolipid-BTSPT-OMV_1,single,1,1.0,1,True
Sphingolipid-BTSPT-OMV_1__F30,Sphingolipid-BTSPT-OMV_1,empty,0,0.004055023193359375,0,True
Sphingolipid-BTSPT-OMV_1__F300,Sphingolipid-BTSPT-OMV_1,single,1,1.0,1,True
Sphingolipid-BTSPT-OMV_1__F301,Sphingolipid-BTSPT-OMV_1,single,1,1.0,1,True
Sphingolipid-BTSPT-OMV_1__F302,Sphingolipid-BTSPT-OMV_1,single,1,1.0,1,True
Sphingolipid-BTSPT-OMV_1__F303,Sphingolipid-BTSPT-OMV_1,single,1,1.0,1,True
Sphingolipid-BTSPT-OMV_1__F304,Sphingolipid-BTSPT-OMV_1,empty,0,1.341104507446289e-05,0,True
Sphingolipid-BTSPT-OMV_1__F305,Sphingolipid-BTSPT-OMV_1,empty,0,0.0,0,True
Sphingolipid-BTSPT-OMV_1__F307,Sphingolipid-BTSPT-OMV_1,empty,0,0.0,0,True
Sphingolipid-BTSPT-OMV_1__F308,Sphingolipid-BTSPT-OMV_1,empty,0,0.994140625,1,False
Sphingolipid-BTSPT-OMV_1__F309,Sphingolipid-BTSPT-OMV_1,single,1,1.0,1,True
Sphingolipid-BTSPT-OMV_1__F31,Sphingolipid-BTSPT-OMV_1,empty,0,0.0,0,True
Sphingolipid-BTSPT-OMV_1__F310,Sphingolipid-BTSPT-OMV_1,multi,1,1.0,1,True
Sphingolipid-BTSPT-OMV_1__F311,Sphingolipid-BTSPT-OMV_1,empty,0,7.987022399902344e-06,0,True
Sphingolipid-BTSPT-OMV_1__F312,Sphingolipid-BTSPT-OMV_1,empty,0,0.00595855712890625,0,True
Sphingolipid-BTSPT-OMV_1__F313,Sphingolipid-BTSPT-OMV_1,single,1,1.0,1,True
Sphingolipid-BTSPT-OMV_1__F314,Sphingolipid-BTSPT-OMV_1,multi,1,1.0,1,True
Sphingolipid-BTSPT-OMV_1__F315,Sphingolipid-BTSPT-OMV_1,empty,0,5.960464477539062e-07,0,True
Sphingolipid-BTSPT-OMV_1__F316,Sphingolipid-BTSPT-OMV_1,empty,0,2.384185791015625e-06,0,True
Sphingolipid-BTSPT-OMV_1__F317,Sphingolipid-BTSPT-OMV_1,multi,1,1.0,1,True
Sphingolipid-BTSPT-OMV_1__F318,Sphingolipid-BTSPT-OMV_1,single,1,0.82275390625,1,True
Sphingolipid-BTSPT-OMV_1__F32,Sphingolipid-BTSPT-OMV_1,single,1,1.0,1,True
Sphingolipid-BTSPT-OMV_1__F320,Sphingolipid-BTSPT-OMV_1,empty,0,0.85107421875,1,False
Sphingolipid-BTSPT-OMV_1__F321,Sphingolipid-BTSPT-OMV_1,empty,0,5.960464477539063e-08,0,True
Sphingolipid-BTSPT-OMV_1__F322,Sphingolipid-BTSPT-OMV_1,single,1,1.0,1,True
Sphingolipid-BTSPT-OMV_1__F323,Sphingolipid-BTSPT-OMV_1,multi,1,0.95947265625,1,True
Sphingolipid-BTSPT-OMV_1__F324,Sphingolipid-BTSPT-OMV_1,single,1,1.0,1,True
Sphingolipid-BTSPT-OMV_1__F325,Sphingolipid-BTSPT-OMV_1,single,1,0.99951171875,1,True
Sphingolipid-BTSPT-OMV_1__F326,Sphingolipid-BTSPT-OMV_1,empty,0,0.01473236083984375,0,True
Sphingolipid-BTSPT-OMV_1__F327,Sphingolipid-BTSPT-OMV_1,multi,1,1.0,1,True
Sphingolipid-BTSPT-OMV_1__F328,Sphingolipid-BTSPT-OMV_1,empty,0,1.9073486328125e-06,0,True
Sphingolipid-BTSPT-OMV_1__F329,Sphingolipid-BTSPT-OMV_1,single,1,1.0,1,True
Sphingolipid-BTSPT-OMV_1__F33,Sphingolipid-BTSPT-OMV_1,single,1,0.99755859375,1,True
Sphingolipid-BTSPT-OMV_1__F330,Sphingolipid-BTSPT-OMV_1,single,1,1.0,1,True
Sphingolipid-BTSPT-OMV_1__F331,Sphingolipid-BTSPT-OMV_1,multi,1,0.99951171875,1,True
Sphingolipid-BTSPT-OMV_1__F332,Sphingolipid-BTSPT-OMV_1,empty,0,4.76837158203125e-07,0,True
Sphingolipid-BTSPT-OMV_1__F333,Sphingolipid-BTSPT-OMV_1,single,1,1.0,1,True
Sphingolipid-BTSPT-OMV_1__F334,Sphingolipid-BTSPT-OMV_1,empty,0,5.960464477539063e-08,0,True
Sphingolipid-BTSPT-OMV_1__F335,Sphingolipid-BTSPT-OMV_1,single,1,1.0,1,True
Sphingolipid-BTSPT-OMV_1__F336,Sphingolipid-BTSPT-OMV_1,multi,1,1.0,1,True
Sphingolipid-BTSPT-OMV_1__F337,Sphingolipid-BTSPT-OMV_1,empty,0,0.00080108642578125,0,True
Sphingolipid-BTSPT-OMV_1__F338,Sphingolipid-BTSPT-OMV_1,multi,1,1.0,1,True
Sphingolipid-BTSPT-OMV_1__F339,Sphingolipid-BTSPT-OMV_1,empty,0,2.980232238769531e-07,0,True
Sphingolipid-BTSPT-OMV_1__F34,Sphingolipid-BTSPT-OMV_1,single,1,1.0,1,True
Sphingolipid-BTSPT-OMV_1__F340,Sphingolipid-BTSPT-OMV_1,single,1,1.0,1,True
Sphingolipid-BTSPT-OMV_1__F341,Sphingolipid-BTSPT-OMV_1,empty,0,0.00029587745666503906,0,True
Sphingolipid-BTSPT-OMV_1__F342,Sphingolipid-BTSPT-OMV_1,single,1,1.0,1,True
Sphingolipid-BTSPT-OMV_1__F343,Sphingolipid-BTSPT-OMV_1,single,1,1.0,1,True
Sphingolipid-BTSPT-OMV_1__F344,Sphingolipid-BTSPT-OMV_1,multi,1,1.0,1,True
Sphingolipid-BTSPT-OMV_1__F345,Sphingolipid-BTSPT-OMV_1,empty,0,0.00034999847412109375,0,True
Sphingolipid-BTSPT-OMV_1__F346,Sphingolipid-BTSPT-OMV_1,multi,1,1.0,1,True
Sphingolipid-BTSPT-OMV_1__F347,Sphingolipid-BTSPT-OMV_1,single,1,0.003780364990234375,0,False
Sphingolipid-BTSPT-OMV_1__F348,Sphingolipid-BTSPT-OMV_1,empty,0,0.986328125,1,False
Sphingolipid-BTSPT-OMV_1__F349,Sphingolipid-BTSPT-OMV_1,single,1,1.0,1,True
Sphingolipid-BTSPT-OMV_1__F35,Sphingolipid-BTSPT-OMV_1,single,0,1.0,1,False
Sphingolipid-BTSPT-OMV_1__F350,Sphingolipid-BTSPT-OMV_1,empty,0,5.960464477539063e-08,0,True
Sphingolipid-BTSPT-OMV_1__F351,Sphingolipid-BTSPT-OMV_1,single,1,1.0,1,True
Sphingolipid-BTSPT-OMV_1__F352,Sphingolipid-BTSPT-OMV_1,single,1,1.0,1,True
Sphingolipid-BTSPT-OMV_1__F353,Sphingolipid-BTSPT-OMV_1,empty,0,1.9669532775878906e-05,0,True
Sphingolipid-BTSPT-OMV_1__F354,Sphingolipid-BTSPT-OMV_1,empty,0,0.0,0,True
Sphingolipid-BTSPT-OMV_1__F355,Sphingolipid-BTSPT-OMV_1,single,1,1.0,1,True
Sphingolipid-BTSPT-OMV_1__F357,Sphingolipid-BTSPT-OMV_1,single,1,1.0,1,True
Sphingolipid-BTSPT-OMV_1__F358,Sphingolipid-BTSPT-OMV_1,multi,1,1.0,1,True
Sphingolipid-BTSPT-OMV_1__F359,Sphingolipid-BTSPT-OMV_1,single,1,1.0,1,True
Sphingolipid-BTSPT-OMV_1__F36,Sphingolipid-BTSPT-OMV_1,empty,0,5.960464477539063e-08,0,True
Sphingolipid-BTSPT-OMV_1__F360,Sphingolipid-BTSPT-OMV_1,single,1,0.998046875,1,True
Sphingolipid-BTSPT-OMV_1__F362,Sphingolipid-BTSPT-OMV_1,multi,1,1.0,1,True
Sphingolipid-BTSPT-OMV_1__F363,Sphingolipid-BTSPT-OMV_1,empty,0,0.0,0,True
Sphingolipid-BTSPT-OMV_1__F366,Sphingolipid-BTSPT-OMV_1,empty,0,0.0006313323974609375,0,True
Sphingolipid-BTSPT-OMV_1__F367,Sphingolipid-BTSPT-OMV_1,single,1,1.0,1,True
Sphingolipid-BTSPT-OMV_1__F368,Sphingolipid-BTSPT-OMV_1,single,1,1.0,1,True
Sphingolipid-BTSPT-OMV_1__F369,Sphingolipid-BTSPT-OMV_1,multi,1,0.0,0,False
Sphingolipid-BTSPT-OMV_1__F37,Sphingolipid-BTSPT-OMV_1,empty,0,0.0028228759765625,0,True
Sphingolipid-BTSPT-OMV_1__F370,Sphingolipid-BTSPT-OMV_1,multi,1,1.0,1,True
Sphingolipid-BTSPT-OMV_1__F371,Sphingolipid-BTSPT-OMV_1,empty,0,0.91845703125,1,False
Sphingolipid-BTSPT-OMV_1__F372,Sphingolipid-BTSPT-OMV_1,single,1,0.387939453125,0,False
Sphingolipid-BTSPT-OMV_1__F373,Sphingolipid-BTSPT-OMV_1,empty,0,1.0,1,False
Sphingolipid-BTSPT-OMV_1__F374,Sphingolipid-BTSPT-OMV_1,empty,0,0.0,0,True
Sphingolipid-BTSPT-OMV_1__F375,Sphingolipid-BTSPT-OMV_1,single,1,0.268798828125,0,False
Sphingolipid-BTSPT-OMV_1__F376,Sphingolipid-BTSPT-OMV_1,single,1,1.0,1,True
Sphingolipid-BTSPT-OMV_1__F377,Sphingolipid-BTSPT-OMV_1,empty,0,1.0,1,False
Sphingolipid-BTSPT-OMV_1__F378,Sphingolipid-BTSPT-OMV_1,single,1,1.0,1,True
Sphingolipid-BTSPT-OMV_1__F379,Sphingolipid-BTSPT-OMV_1,single,1,1.0,1,True
Sphingolipid-BTSPT-OMV_1__F38,Sphingolipid-BTSPT-OMV_1,empty,0,0.0,0,True
Sphingolipid-BTSPT-OMV_1__F380,Sphingolipid-BTSPT-OMV_1,single,1,1.0,1,True
Sphingolipid-BTSPT-OMV_1__F381,Sphingolipid-BTSPT-OMV_1,single,1,1.0,1,True
Sphingolipid-BTSPT-OMV_1__F382,Sphingolipid-BTSPT-OMV_1,multi,1,1.0,1,True
Sphingolipid-BTSPT-OMV_1__F383,Sphingolipid-BTSPT-OMV_1,multi,1,1.0,1,True
Sphingolipid-BTSPT-OMV_1__F384,Sphingolipid-BTSPT-OMV_1,empty,0,1.0,1,False
Sphingolipid-BTSPT-OMV_1__F385,Sphingolipid-BTSPT-OMV_1,multi,1,0.00763702392578125,0,False
Sphingolipid-BTSPT-OMV_1__F386,Sphingolipid-BTSPT-OMV_1,single,1,1.0,1,True
Sphingolipid-BTSPT-OMV_1__F387,Sphingolipid-BTSPT-OMV_1,single,1,1.0,1,True
Sphingolipid-BTSPT-OMV_1__F388,Sphingolipid-BTSPT-OMV_1,multi,1,1.0,1,True
Sphingolipid-BTSPT-OMV_1__F389,Sphingolipid-BTSPT-OMV_1,single,1,0.406494140625,0,False
Sphingolipid-BTSPT-OMV_1__F39,Sphingolipid-BTSPT-OMV_1,empty,0,5.185604095458984e-06,0,True
Sphingolipid-BTSPT-OMV_1__F390,Sphingolipid-BTSPT-OMV_1,multi,1,1.0,1,True
Sphingolipid-BTSPT-OMV_1__F391,Sphingolipid-BTSPT-OMV_1,single,1,1.0,1,True
Sphingolipid-BTSPT-OMV_1__F392,Sphingolipid-BTSPT-OMV_1,multi,1,1.0,1,True
Sphingolipid-BTSPT-OMV_1__F393,Sphingolipid-BTSPT-OMV_1,empty,0,0.0011510848999023438,0,True
Sphingolipid-BTSPT-OMV_1__F394,Sphingolipid-BTSPT-OMV_1,empty,0,0.0,0,True
Sphingolipid-BTSPT-OMV_1__F395,Sphingolipid-BTSPT-OMV_1,empty,0,0.0,0,True
Sphingolipid-BTSPT-OMV_1__F396,Sphingolipid-BTSPT-OMV_1,multi,1,1.0,1,True
Sphingolipid-BTSPT-OMV_1__F398,Sphingolipid-BTSPT-OMV_1,multi,1,1.0,1,True
Sphingolipid-BTSPT-OMV_1__F399,Sphingolipid-BTSPT-OMV_1,empty,0,0.71142578125,1,False
Sphingolipid-BTSPT-OMV_1__F4,Sphingolipid-BTSPT-OMV_1,single,1,1.0,1,True
Sphingolipid-BTSPT-OMV_1__F40,Sphingolipid-BTSPT-OMV_1,empty,0,0.95556640625,1,False
Sphingolipid-BTSPT-OMV_1__F400,Sphingolipid-BTSPT-OMV_1,empty,0,2.568960189819336e-05,0,True
Sphingolipid-BTSPT-OMV_1__F401,Sphingolipid-BTSPT-OMV_1,single,1,1.0,1,True
Sphingolipid-BTSPT-OMV_1__F402,Sphingolipid-BTSPT-OMV_1,multi,1,1.0,1,True
Sphingolipid-BTSPT-OMV_1__F403,Sphingolipid-BTSPT-OMV_1,empty,0,0.001964569091796875,0,True
Sphingolipid-BTSPT-OMV_1__F404,Sphingolipid-BTSPT-OMV_1,single,1,1.0,1,True
Sphingolipid-BTSPT-OMV_1__F405,Sphingolipid-BTSPT-OMV_1,empty,0,0.955078125,1,False
Sphingolipid-BTSPT-OMV_1__F406,Sphingolipid-BTSPT-OMV_1,single,1,1.0,1,True
Sphingolipid-BTSPT-OMV_1__F407,Sphingolipid-BTSPT-OMV_1,empty,0,5.960464477539063e-08,0,True
Sphingolipid-BTSPT-OMV_1__F408,Sphingolipid-BTSPT-OMV_1,single,0,2.1755695343017578e-05,0,True
Sphingolipid-BTSPT-OMV_1__F409,Sphingolipid-BTSPT-OMV_1,single,1,1.0,1,True
Sphingolipid-BTSPT-OMV_1__F41,Sphingolipid-BTSPT-OMV_1,multi,1,1.0,1,True
Sphingolipid-BTSPT-OMV_1__F410,Sphingolipid-BTSPT-OMV_1,empty,0,5.245208740234375e-06,0,True
Sphingolipid-BTSPT-OMV_1__F411,Sphingolipid-BTSPT-OMV_1,single,1,1.0,1,True
Sphingolipid-BTSPT-OMV_1__F412,Sphingolipid-BTSPT-OMV_1,empty,0,9.655952453613281e-06,0,True
Sphingolipid-BTSPT-OMV_1__F413,Sphingolipid-BTSPT-OMV_1,empty,0,0.0,0,True
Sphingolipid-BTSPT-OMV_1__F414,Sphingolipid-BTSPT-OMV_1,empty,0,0.0,0,True
Sphingolipid-BTSPT-OMV_1__F415,Sphingolipid-BTSPT-OMV_1,empty,0,0.9873046875,1,False
Sphingolipid-BTSPT-OMV_1__F416,Sphingolipid-BTSPT-OMV_1,single,1,0.0031604766845703125,0,False
Sphingolipid-BTSPT-OMV_1__F417,Sphingolipid-BTSPT-OMV_1,single,1,1.0,1,True
Sphingolipid-BTSPT-OMV_1__F418,Sphingolipid-BTSPT-OMV_1,single,1,1.0,1,True
Sphingolipid-BTSPT-OMV_1__F419,Sphingolipid-BTSPT-OMV_1,empty,0,0.05780029296875,0,True
Sphingolipid-BTSPT-OMV_1__F42,Sphingolipid-BTSPT-OMV_1,multi,1,0.00012052059173583984,0,False
Sphingolipid-BTSPT-OMV_1__F420,Sphingolipid-BTSPT-OMV_1,single,0,0.0,0,True
Sphingolipid-BTSPT-OMV_1__F421,Sphingolipid-BTSPT-OMV_1,multi,1,1.0,1,True
Sphingolipid-BTSPT-OMV_1__F422,Sphingolipid-BTSPT-OMV_1,single,1,1.0,1,True
Sphingolipid-BTSPT-OMV_1__F423,Sphingolipid-BTSPT-OMV_1,single,1,1.0,1,True
Sphingolipid-BTSPT-OMV_1__F424,Sphingolipid-BTSPT-OMV_1,empty,0,0.0003006458282470703,0,True
Sphingolipid-BTSPT-OMV_1__F425,Sphingolipid-BTSPT-OMV_1,empty,0,0.0,0,True
Sphingolipid-BTSPT-OMV_1__F426,Sphingolipid-BTSPT-OMV_1,single,1,1.0,1,True
Sphingolipid-BTSPT-OMV_1__F427,Sphingolipid-BTSPT-OMV_1,single,1,1.0,1,True
Sphingolipid-BTSPT-OMV_1__F428,Sphingolipid-BTSPT-OMV_1,empty,0,0.82421875,1,False
Sphingolipid-BTSPT-OMV_1__F429,Sphingolipid-BTSPT-OMV_1,empty,0,0.99365234375,1,False
Sphingolipid-BTSPT-OMV_1__F43,Sphingolipid-BTSPT-OMV_1,empty,0,0.6455078125,1,False
Sphingolipid-BTSPT-OMV_1__F430,Sphingolipid-BTSPT-OMV_1,single,1,1.0,1,True
Sphingolipid-BTSPT-OMV_1__F431,Sphingolipid-BTSPT-OMV_1,single,1,0.99951171875,1,True
Sphingolipid-BTSPT-OMV_1__F432,Sphingolipid-BTSPT-OMV_1,single,1,1.0,1,True
Sphingolipid-BTSPT-OMV_1__F433,Sphingolipid-BTSPT-OMV_1,single,1,0.99609375,1,True
Sphingolipid-BTSPT-OMV_1__F434,Sphingolipid-BTSPT-OMV_1,multi,1,1.0,1,True
Sphingolipid-BTSPT-OMV_1__F435,Sphingolipid-BTSPT-OMV_1,single,1,0.95947265625,1,True
Sphingolipid-BTSPT-OMV_1__F436,Sphingolipid-BTSPT-OMV_1,empty,0,0.0,0,True
Sphingolipid-BTSPT-OMV_1__F437,Sphingolipid-BTSPT-OMV_1,single,1,1.0,1,True
Sphingolipid-BTSPT-OMV_1__F438,Sphingolipid-BTSPT-OMV_1,single,1,1.0,1,True
Sphingolipid-BTSPT-OMV_1__F439,Sphingolipid-BTSPT-OMV_1,multi,1,1.0,1,True
Sphingolipid-BTSPT-OMV_1__F44,Sphingolipid-BTSPT-OMV_1,single,1,1.0,1,True
Sphingolipid-BTSPT-OMV_1__F440,Sphingolipid-BTSPT-OMV_1,single,1,1.0,1,True
Sphingolipid-BTSPT-OMV_1__F441,Sphingolipid-BTSPT-OMV_1,empty,0,1.6808509826660156e-05,0,True
Sphingolipid-BTSPT-OMV_1__F442,Sphingolipid-BTSPT-OMV_1,single,1,1.0,1,True
Sphingolipid-BTSPT-OMV_1__F443,Sphingolipid-BTSPT-OMV_1,single,1,1.0,1,True
Sphingolipid-BTSPT-OMV_1__F444,Sphingolipid-BTSPT-OMV_1,empty,0,5.960464477539063e-08,0,True
Sphingolipid-BTSPT-OMV_1__F445,Sphingolipid-BTSPT-OMV_1,single,1,1.0,1,True
Sphingolipid-BTSPT-OMV_1__F446,Sphingolipid-BTSPT-OMV_1,empty,0,5.960464477539063e-08,0,True
Sphingolipid-BTSPT-OMV_1__F447,Sphingolipid-BTSPT-OMV_1,single,1,0.99951171875,1,True
Sphingolipid-BTSPT-OMV_1__F448,Sphingolipid-BTSPT-OMV_1,multi,1,1.0192394256591797e-05,0,False
Sphingolipid-BTSPT-OMV_1__F449,Sphingolipid-BTSPT-OMV_1,empty,0,0.0,0,True
Sphingolipid-BTSPT-OMV_1__F45,Sphingolipid-BTSPT-OMV_1,single,1,1.0,1,True
Sphingolipid-BTSPT-OMV_1__F450,Sphingolipid-BTSPT-OMV_1,multi,1,1.0,1,True
Sphingolipid-BTSPT-OMV_1__F451,Sphingolipid-BTSPT-OMV_1,empty,0,1.7881393432617188e-06,0,True
Sphingolipid-BTSPT-OMV_1__F452,Sphingolipid-BTSPT-OMV_1,multi,1,0.56201171875,1,True
Sphingolipid-BTSPT-OMV_1__F453,Sphingolipid-BTSPT-OMV_1,single,1,0.9990234375,1,True
Sphingolipid-BTSPT-OMV_1__F454,Sphingolipid-BTSPT-OMV_1,single,1,0.99853515625,1,True
Sphingolipid-BTSPT-OMV_1__F455,Sphingolipid-BTSPT-OMV_1,single,1,1.0,1,True
Sphingolipid-BTSPT-OMV_1__F456,Sphingolipid-BTSPT-OMV_1,empty,0,0.001438140869140625,0,True
Sphingolipid-BTSPT-OMV_1__F457,Sphingolipid-BTSPT-OMV_1,single,1,0.9990234375,1,True
Sphingolipid-BTSPT-OMV_1__F458,Sphingolipid-BTSPT-OMV_1,single,1,1.0,1,True
Sphingolipid-BTSPT-OMV_1__F459,Sphingolipid-BTSPT-OMV_1,multi,1,1.0,1,True
Sphingolipid-BTSPT-OMV_1__F46,Sphingolipid-BTSPT-OMV_1,empty,0,0.99853515625,1,False
Sphingolipid-BTSPT-OMV_1__F460,Sphingolipid-BTSPT-OMV_1,single,1,0.99951171875,1,True
Sphingolipid-BTSPT-OMV_1__F461,Sphingolipid-BTSPT-OMV_1,single,1,1.0,1,True
Sphingolipid-BTSPT-OMV_1__F462,Sphingolipid-BTSPT-OMV_1,single,1,1.0,1,True
Sphingolipid-BTSPT-OMV_1__F463,Sphingolipid-BTSPT-OMV_1,single,1,1.0,1,True
Sphingolipid-BTSPT-OMV_1__F464,Sphingolipid-BTSPT-OMV_1,multi,1,0.9990234375,1,True
Sphingolipid-BTSPT-OMV_1__F465,Sphingolipid-BTSPT-OMV_1,single,1,0.998046875,1,True
Sphingolipid-BTSPT-OMV_1__F466,Sphingolipid-BTSPT-OMV_1,multi,1,1.0,1,True
Sphingolipid-BTSPT-OMV_1__F467,Sphingolipid-BTSPT-OMV_1,single,1,1.0,1,True
Sphingolipid-BTSPT-OMV_1__F468,Sphingolipid-BTSPT-OMV_1,empty,0,8.940696716308594e-07,0,True
Sphingolipid-BTSPT-OMV_1__F469,Sphingolipid-BTSPT-OMV_1,single,1,1.0,1,True
Sphingolipid-BTSPT-OMV_1__F47,Sphingolipid-BTSPT-OMV_1,single,1,1.0,1,True
Sphingolipid-BTSPT-OMV_1__F470,Sphingolipid-BTSPT-OMV_1,single,1,0.99853515625,1,True
Sphingolipid-BTSPT-OMV_1__F471,Sphingolipid-BTSPT-OMV_1,multi,1,0.9990234375,1,True
Sphingolipid-BTSPT-OMV_1__F472,Sphingolipid-BTSPT-OMV_1,empty,0,0.0011968612670898438,0,True
Sphingolipid-BTSPT-OMV_1__F473,Sphingolipid-BTSPT-OMV_1,empty,0,0.0,0,True
Sphingolipid-BTSPT-OMV_1__F474,Sphingolipid-BTSPT-OMV_1,empty,0,3.319978713989258e-05,0,True
Sphingolipid-BTSPT-OMV_1__F475,Sphingolipid-BTSPT-OMV_1,empty,0,0.9990234375,1,False
Sphingolipid-BTSPT-OMV_1__F476,Sphingolipid-BTSPT-OMV_1,single,1,1.0,1,True
Sphingolipid-BTSPT-OMV_1__F477,Sphingolipid-BTSPT-OMV_1,single,1,1.0,1,True
Sphingolipid-BTSPT-OMV_1__F478,Sphingolipid-BTSPT-OMV_1,empty,0,0.0,0,True
Sphingolipid-BTSPT-OMV_1__F479,Sphingolipid-BTSPT-OMV_1,empty,0,5.960464477539063e-08,0,True
Sphingolipid-BTSPT-OMV_1__F48,Sphingolipid-BTSPT-OMV_1,single,1,1.0,1,True
Sphingolipid-BTSPT-OMV_1__F480,Sphingolipid-BTSPT-OMV_1,empty,0,0.00011593103408813477,0,True
Sphingolipid-BTSPT-OMV_1__F481,Sphingolipid-BTSPT-OMV_1,empty,0,1.7881393432617188e-07,0,True
Sphingolipid-BTSPT-OMV_1__F482,Sphingolipid-BTSPT-OMV_1,single,1,0.64501953125,1,True
Sphingolipid-BTSPT-OMV_1__F483,Sphingolipid-BTSPT-OMV_1,single,1,0.9990234375,1,True
Sphingolipid-BTSPT-OMV_1__F484,Sphingolipid-BTSPT-OMV_1,empty,0,0.9892578125,1,False
Sphingolipid-BTSPT-OMV_1__F485,Sphingolipid-BTSPT-OMV_1,empty,0,0.0,0,True
Sphingolipid-BTSPT-OMV_1__F487,Sphingolipid-BTSPT-OMV_1,empty,0,0.0009851455688476562,0,True
Sphingolipid-BTSPT-OMV_1__F488,Sphingolipid-BTSPT-OMV_1,single,1,1.0,1,True
Sphingolipid-BTSPT-OMV_1__F489,Sphingolipid-BTSPT-OMV_1,empty,0,0.0010404586791992188,0,True
Sphingolipid-BTSPT-OMV_1__F49,Sphingolipid-BTSPT-OMV_1,empty,0,1.0,1,False
Sphingolipid-BTSPT-OMV_1__F490,Sphingolipid-BTSPT-OMV_1,single,1,1.0,1,True
Sphingolipid-BTSPT-OMV_1__F491,Sphingolipid-BTSPT-OMV_1,single,1,1.0,1,True
Sphingolipid-BTSPT-OMV_1__F492,Sphingolipid-BTSPT-OMV_1,single,1,1.0,1,True
Sphingolipid-BTSPT-OMV_1__F493,Sphingolipid-BTSPT-OMV_1,single,1,1.0,1,True
Sphingolipid-BTSPT-OMV_1__F494,Sphingolipid-BTSPT-OMV_1,empty,0,5.960464477539063e-08,0,True
Sphingolipid-BTSPT-OMV_1__F495,Sphingolipid-BTSPT-OMV_1,single,1,1.0,1,True
Sphingolipid-BTSPT-OMV_1__F497,Sphingolipid-BTSPT-OMV_1,single,1,0.998046875,1,True
Sphingolipid-BTSPT-OMV_1__F498,Sphingolipid-BTSPT-OMV_1,single,1,0.9990234375,1,True
Sphingolipid-BTSPT-OMV_1__F499,Sphingolipid-BTSPT-OMV_1,single,1,1.0,1,True
Sphingolipid-BTSPT-OMV_1__F5,Sphingolipid-BTSPT-OMV_1,single,1,1.0,1,True
Sphingolipid-BTSPT-OMV_1__F50,Sphingolipid-BTSPT-OMV_1,single,1,1.0,1,True
Sphingolipid-BTSPT-OMV_1__F500,Sphingolipid-BTSPT-OMV_1,multi,1,1.0,1,True
Sphingolipid-BTSPT-OMV_1__F501,Sphingolipid-BTSPT-OMV_1,single,1,1.0,1,True
Sphingolipid-BTSPT-OMV_1__F502,Sphingolipid-BTSPT-OMV_1,single,1,0.1221923828125,0,False
Sphingolipid-BTSPT-OMV_1__F503,Sphingolipid-BTSPT-OMV_1,single,1,0.9775390625,1,True
Sphingolipid-BTSPT-OMV_1__F504,Sphingolipid-BTSPT-OMV_1,multi,1,1.0,1,True
Sphingolipid-BTSPT-OMV_1__F505,Sphingolipid-BTSPT-OMV_1,single,1,0.9990234375,1,True
Sphingolipid-BTSPT-OMV_1__F506,Sphingolipid-BTSPT-OMV_1,single,1,1.0,1,True
Sphingolipid-BTSPT-OMV_1__F507,Sphingolipid-BTSPT-OMV_1,empty,0,0.00948333740234375,0,True
Sphingolipid-BTSPT-OMV_1__F508,Sphingolipid-BTSPT-OMV_1,single,1,1.0,1,True
Sphingolipid-BTSPT-OMV_1__F509,Sphingolipid-BTSPT-OMV_1,empty,0,0.0,0,True
Sphingolipid-BTSPT-OMV_1__F51,Sphingolipid-BTSPT-OMV_1,empty,0,0.99462890625,1,False
Sphingolipid-BTSPT-OMV_1__F510,Sphingolipid-BTSPT-OMV_1,empty,0,2.980232238769531e-07,0,True
Sphingolipid-BTSPT-OMV_1__F511,Sphingolipid-BTSPT-OMV_1,multi,1,0.00881195068359375,0,False
Sphingolipid-BTSPT-OMV_1__F512,Sphingolipid-BTSPT-OMV_1,single,1,1.0,1,True
Sphingolipid-BTSPT-OMV_1__F513,Sphingolipid-BTSPT-OMV_1,single,1,1.0,1,True
Sphingolipid-BTSPT-OMV_1__F514,Sphingolipid-BTSPT-OMV_1,single,1,1.0,1,True
Sphingolipid-BTSPT-OMV_1__F515,Sphingolipid-BTSPT-OMV_1,empty,0,0.0,0,True
Sphingolipid-BTSPT-OMV_1__F516,Sphingolipid-BTSPT-OMV_1,multi,1,0.98291015625,1,True
Sphingolipid-BTSPT-OMV_1__F517,Sphingolipid-BTSPT-OMV_1,empty,0,0.0,0,True
Sphingolipid-BTSPT-OMV_1__F518,Sphingolipid-BTSPT-OMV_1,empty,0,0.0011606216430664062,0,True
Sphingolipid-BTSPT-OMV_1__F519,Sphingolipid-BTSPT-OMV_1,single,1,1.0,1,True
Sphingolipid-BTSPT-OMV_1__F52,Sphingolipid-BTSPT-OMV_1,multi,1,1.0,1,True
Sphingolipid-BTSPT-OMV_1__F520,Sphingolipid-BTSPT-OMV_1,empty,0,2.4437904357910156e-06,0,True
Sphingolipid-BTSPT-OMV_1__F521,Sphingolipid-BTSPT-OMV_1,empty,0,0.0,0,True
Sphingolipid-BTSPT-OMV_1__F522,Sphingolipid-BTSPT-OMV_1,empty,0,0.73486328125,1,False
Sphingolipid-BTSPT-OMV_1__F523,Sphingolipid-BTSPT-OMV_1,empty,0,0.0,0,True
Sphingolipid-BTSPT-OMV_1__F524,Sphingolipid-BTSPT-OMV_1,multi,1,1.0,1,True
Sphingolipid-BTSPT-OMV_1__F525,Sphingolipid-BTSPT-OMV_1,single,1,1.0,1,True
Sphingolipid-BTSPT-OMV_1__F526,Sphingolipid-BTSPT-OMV_1,empty,0,3.159046173095703e-06,0,True
Sphingolipid-BTSPT-OMV_1__F527,Sphingolipid-BTSPT-OMV_1,empty,0,1.996755599975586e-05,0,True
Sphingolipid-BTSPT-OMV_1__F528,Sphingolipid-BTSPT-OMV_1,multi,1,0.99755859375,1,True
Sphingolipid-BTSPT-OMV_1__F529,Sphingolipid-BTSPT-OMV_1,single,1,1.0,1,True
Sphingolipid-BTSPT-OMV_1__F53,Sphingolipid-BTSPT-OMV_1,empty,0,0.9892578125,1,False
Sphingolipid-BTSPT-OMV_1__F530,Sphingolipid-BTSPT-OMV_1,empty,0,0.00861358642578125,0,True
Sphingolipid-BTSPT-OMV_1__F531,Sphingolipid-BTSPT-OMV_1,single,1,1.0,1,True
Sphingolipid-BTSPT-OMV_1__F532,Sphingolipid-BTSPT-OMV_1,single,1,1.0,1,True
Sphingolipid-BTSPT-OMV_1__F533,Sphingolipid-BTSPT-OMV_1,multi,1,1.0,1,True
Sphingolipid-BTSPT-OMV_1__F534,Sphingolipid-BTSPT-OMV_1,multi,1,1.0,1,True
Sphingolipid-BTSPT-OMV_1__F535,Sphingolipid-BTSPT-OMV_1,empty,0,1.6093254089355469e-06,0,True
Sphingolipid-BTSPT-OMV_1__F536,Sphingolipid-BTSPT-OMV_1,empty,0,0.0,0,True
Sphingolipid-BTSPT-OMV_1__F537,Sphingolipid-BTSPT-OMV_1,empty,0,1.0728836059570312e-06,0,True
Sphingolipid-BTSPT-OMV_1__F538,Sphingolipid-BTSPT-OMV_1,single,1,1.0,1,True
Sphingolipid-BTSPT-OMV_1__F539,Sphingolipid-BTSPT-OMV_1,empty,0,0.98046875,1,False
Sphingolipid-BTSPT-OMV_1__F540,Sphingolipid-BTSPT-OMV_1,empty,0,1.0,1,False
Sphingolipid-BTSPT-OMV_1__F541,Sphingolipid-BTSPT-OMV_1,multi,1,1.0,1,True
Sphingolipid-BTSPT-OMV_1__F542,Sphingolipid-BTSPT-OMV_1,empty,0,0.0,0,True
Sphingolipid-BTSPT-OMV_1__F543,Sphingolipid-BTSPT-OMV_1,single,1,1.0,1,True
Sphingolipid-BTSPT-OMV_1__F544,Sphingolipid-BTSPT-OMV_1,single,1,1.0,1,True
Sphingolipid-BTSPT-OMV_1__F545,Sphingolipid-BTSPT-OMV_1,single,1,1.0,1,True
Sphingolipid-BTSPT-OMV_1__F546,Sphingolipid-BTSPT-OMV_1,multi,1,1.0,1,True
Sphingolipid-BTSPT-OMV_1__F547,Sphingolipid-BTSPT-OMV_1,single,1,1.0,1,True
Sphingolipid-BTSPT-OMV_1__F548,Sphingolipid-BTSPT-OMV_1,single,1,1.0,1,True
Sphingolipid-BTSPT-OMV_1__F549,Sphingolipid-BTSPT-OMV_1,empty,0,0.034423828125,0,True
Sphingolipid-BTSPT-OMV_1__F55,Sphingolipid-BTSPT-OMV_1,empty,0,0.00027370452880859375,0,True
Sphingolipid-BTSPT-OMV_1__F550,Sphingolipid-BTSPT-OMV_1,empty,0,0.0,0,True
Sphingolipid-BTSPT-OMV_1__F56,Sphingolipid-BTSPT-OMV_1,single,1,0.9990234375,1,True
Sphingolipid-BTSPT-OMV_1__F57,Sphingolipid-BTSPT-OMV_1,single,1,1.0,1,True
Sphingolipid-BTSPT-OMV_1__F58,Sphingolipid-BTSPT-OMV_1,empty,0,1.6093254089355469e-06,0,True
Sphingolipid-BTSPT-OMV_1__F59,Sphingolipid-BTSPT-OMV_1,single,1,1.0,1,True
Sphingolipid-BTSPT-OMV_1__F6,Sphingolipid-BTSPT-OMV_1,single,1,1.0,1,True
Sphingolipid-BTSPT-OMV_1__F60,Sphingolipid-BTSPT-OMV_1,empty,0,0.053985595703125,0,True
Sphingolipid-BTSPT-OMV_1__F61,Sphingolipid-BTSPT-OMV_1,empty,0,1.7881393432617188e-07,0,True
Sphingolipid-BTSPT-OMV_1__F62,Sphingolipid-BTSPT-OMV_1,empty,0,0.0,0,True
Sphingolipid-BTSPT-OMV_1__F63,Sphingolipid-BTSPT-OMV_1,empty,0,5.960464477539063e-08,0,True
Sphingolipid-BTSPT-OMV_1__F64,Sphingolipid-BTSPT-OMV_1,empty,0,1.1920928955078125e-07,0,True
Sphingolipid-BTSPT-OMV_1__F65,Sphingolipid-BTSPT-OMV_1,multi,1,1.0,1,True
Sphingolipid-BTSPT-OMV_1__F66,Sphingolipid-BTSPT-OMV_1,empty,0,0.998046875,1,False
Sphingolipid-BTSPT-OMV_1__F67,Sphingolipid-BTSPT-OMV_1,empty,0,0.0,0,True
Sphingolipid-BTSPT-OMV_1__F68,Sphingolipid-BTSPT-OMV_1,empty,0,0.30517578125,0,True
Sphingolipid-BTSPT-OMV_1__F69,Sphingolipid-BTSPT-OMV_1,single,1,1.0,1,True
Sphingolipid-BTSPT-OMV_1__F7,Sphingolipid-BTSPT-OMV_1,single,1,1.0,1,True
Sphingolipid-BTSPT-OMV_1__F70,Sphingolipid-BTSPT-OMV_1,single,1,1.0,1,True
Sphingolipid-BTSPT-OMV_1__F71,Sphingolipid-BTSPT-OMV_1,empty,0,1.0,1,False
Sphingolipid-BTSPT-OMV_1__F72,Sphingolipid-BTSPT-OMV_1,empty,0,4.172325134277344e-07,0,True
Sphingolipid-BTSPT-OMV_1__F73,Sphingolipid-BTSPT-OMV_1,empty,0,0.9931640625,1,False
Sphingolipid-BTSPT-OMV_1__F74,Sphingolipid-BTSPT-OMV_1,multi,1,1.0,1,True
Sphingolipid-BTSPT-OMV_1__F75,Sphingolipid-BTSPT-OMV_1,single,1,1.0,1,True
Sphingolipid-BTSPT-OMV_1__F76,Sphingolipid-BTSPT-OMV_1,multi,1,1.0,1,True
Sphingolipid-BTSPT-OMV_1__F78,Sphingolipid-BTSPT-OMV_1,empty,0,2.8431415557861328e-05,0,True
Sphingolipid-BTSPT-OMV_1__F79,Sphingolipid-BTSPT-OMV_1,empty,0,0.0,0,True
Sphingolipid-BTSPT-OMV_1__F8,Sphingolipid-BTSPT-OMV_1,single,1,1.0,1,True
Sphingolipid-BTSPT-OMV_1__F80,Sphingolipid-BTSPT-OMV_1,empty,0,9.387731552124023e-05,0,True
Sphingolipid-BTSPT-OMV_1__F81,Sphingolipid-BTSPT-OMV_1,empty,0,0.8935546875,1,False
Sphingolipid-BTSPT-OMV_1__F82,Sphingolipid-BTSPT-OMV_1,empty,0,0.0,0,True
Sphingolipid-BTSPT-OMV_1__F83,Sphingolipid-BTSPT-OMV_1,single,1,1.0,1,True
Sphingolipid-BTSPT-OMV_1__F84,Sphingolipid-BTSPT-OMV_1,multi,1,1.0,1,True
Sphingolipid-BTSPT-OMV_1__F85,Sphingolipid-BTSPT-OMV_1,single,1,1.0,1,True
Sphingolipid-BTSPT-OMV_1__F86,Sphingolipid-BTSPT-OMV_1,single,1,1.0,1,True
Sphingolipid-BTSPT-OMV_1__F87,Sphingolipid-BTSPT-OMV_1,empty,0,2.980232238769531e-07,0,True
Sphingolipid-BTSPT-OMV_1__F88,Sphingolipid-BTSPT-OMV_1,single,1,1.0,1,True
Sphingolipid-BTSPT-OMV_1__F89,Sphingolipid-BTSPT-OMV_1,single,1,0.72412109375,1,True
Sphingolipid-BTSPT-OMV_1__F9,Sphingolipid-BTSPT-OMV_1,single,1,0.9921875,1,True
Sphingolipid-BTSPT-OMV_1__F90,Sphingolipid-BTSPT-OMV_1,single,1,1.0,1,True
Sphingolipid-BTSPT-OMV_1__F91,Sphingolipid-BTSPT-OMV_1,single,1,0.99755859375,1,True
Sphingolipid-BTSPT-OMV_1__F92,Sphingolipid-BTSPT-OMV_1,single,1,1.0,1,True
Sphingolipid-BTSPT-OMV_1__F93,Sphingolipid-BTSPT-OMV_1,single,1,0.054901123046875,0,False
Sphingolipid-BTSPT-OMV_1__F94,Sphingolipid-BTSPT-OMV_1,empty,0,0.00012731552124023438,0,True
Sphingolipid-BTSPT-OMV_1__F95,Sphingolipid-BTSPT-OMV_1,multi,0,0.0003447532653808594,0,True
Sphingolipid-BTSPT-OMV_1__F96,Sphingolipid-BTSPT-OMV_1,empty,0,1.0,1,False
Sphingolipid-BTSPT-OMV_1__F97,Sphingolipid-BTSPT-OMV_1,single,1,1.0,1,True
Sphingolipid-BTSPT-OMV_1__F98,Sphingolipid-BTSPT-OMV_1,empty,0,0.0,0,True
Sphingolipid-BTSPT-OMV_1__F99,Sphingolipid-BTSPT-OMV_1,multi,1,0.004718780517578125,0,False
Sphingolipid-BTWT-Cell-pellet_1__F1,Sphingolipid-BTWT-Cell-pellet_1,single,1,1.0,1,True
Sphingolipid-BTWT-Cell-pellet_1__F10,Sphingolipid-BTWT-Cell-pellet_1,single,1,0.99951171875,1,True
Sphingolipid-BTWT-Cell-pellet_1__F100,Sphingolipid-BTWT-Cell-pellet_1,single,1,1.0,1,True
Sphingolipid-BTWT-Cell-pellet_1__F101,Sphingolipid-BTWT-Cell-pellet_1,single,0,0.9736328125,1,False
Sphingolipid-BTWT-Cell-pellet_1__F102,Sphingolipid-BTWT-Cell-pellet_1,empty,0,1.5497207641601562e-06,0,True
Sphingolipid-BTWT-Cell-pellet_1__F103,Sphingolipid-BTWT-Cell-pellet_1,multi,1,1.0,1,True
Sphingolipid-BTWT-Cell-pellet_1__F104,Sphingolipid-BTWT-Cell-pellet_1,single,1,1.0,1,True
Sphingolipid-BTWT-Cell-pellet_1__F105,Sphingolipid-BTWT-Cell-pellet_1,single,1,1.0,1,True
Sphingolipid-BTWT-Cell-pellet_1__F106,Sphingolipid-BTWT-Cell-pellet_1,empty,0,0.0,0,True
Sphingolipid-BTWT-Cell-pellet_1__F107,Sphingolipid-BTWT-Cell-pellet_1,empty,0,1.7881393432617188e-07,0,True
Sphingolipid-BTWT-Cell-pellet_1__F108,Sphingolipid-BTWT-Cell-pellet_1,empty,0,1.7881393432617188e-07,0,True
Sphingolipid-BTWT-Cell-pellet_1__F109,Sphingolipid-BTWT-Cell-pellet_1,single,1,0.99609375,1,True
Sphingolipid-BTWT-Cell-pellet_1__F11,Sphingolipid-BTWT-Cell-pellet_1,multi,1,1.0,1,True
Sphingolipid-BTWT-Cell-pellet_1__F110,Sphingolipid-BTWT-Cell-pellet_1,single,1,0.0011119842529296875,0,False
Sphingolipid-BTWT-Cell-pellet_1__F111,Sphingolipid-BTWT-Cell-pellet_1,single,1,1.0,1,True
Sphingolipid-BTWT-Cell-pellet_1__F112,Sphingolipid-BTWT-Cell-pellet_1,single,1,0.007038116455078125,0,False
Sphingolipid-BTWT-Cell-pellet_1__F113,Sphingolipid-BTWT-Cell-pellet_1,single,1,1.0,1,True
Sphingolipid-BTWT-Cell-pellet_1__F114,Sphingolipid-BTWT-Cell-pellet_1,single,1,1.0,1,True
Sphingolipid-BTWT-Cell-pellet_1__F115,Sphingolipid-BTWT-Cell-pellet_1,single,1,1.0,1,True
Sphingolipid-BTWT-Cell-pellet_1__F116,Sphingolipid-BTWT-Cell-pellet_1,multi,1,0.8984375,1,True
Sphingolipid-BTWT-Cell-pellet_1__F117,Sphingolipid-BTWT-Cell-pellet_1,empty,0,0.0,0,True
Sphingolipid-BTWT-Cell-pellet_1__F118,Sphingolipid-BTWT-Cell-pellet_1,single,1,1.0,1,True
Sphingolipid-BTWT-Cell-pellet_1__F119,Sphingolipid-BTWT-Cell-pellet_1,multi,1,1.0,1,True
Sphingolipid-BTWT-Cell-pellet_1__F12,Sphingolipid-BTWT-Cell-pellet_1,single,1,1.0,1,True
Sphingolipid-BTWT-Cell-pellet_1__F120,Sphingolipid-BTWT-Cell-pellet_1,single,1,0.9228515625,1,True
Sphingolipid-BTWT-Cell-pellet_1__F121,Sphingolipid-BTWT-Cell-pellet_1,multi,1,1.0,1,True
Sphingolipid-BTWT-Cell-pellet_1__F122,Sphingolipid-BTWT-Cell-pellet_1,single,1,0.9921875,1,True
Sphingolipid-BTWT-Cell-pellet_1__F123,Sphingolipid-BTWT-Cell-pellet_1,empty,0,3.159046173095703e-06,0,True
Sphingolipid-BTWT-Cell-pellet_1__F124,Sphingolipid-BTWT-Cell-pellet_1,single,1,1.0,1,True
Sphingolipid-BTWT-Cell-pellet_1__F125,Sphingolipid-BTWT-Cell-pellet_1,empty,0,0.0,0,True
Sphingolipid-BTWT-Cell-pellet_1__F126,Sphingolipid-BTWT-Cell-pellet_1,single,1,0.97021484375,1,True
Sphingolipid-BTWT-Cell-pellet_1__F127,Sphingolipid-BTWT-Cell-pellet_1,single,1,1.0,1,True
Sphingolipid-BTWT-Cell-pellet_1__F128,Sphingolipid-BTWT-Cell-pellet_1,empty,0,3.337860107421875e-06,0,True
Sphingolipid-BTWT-Cell-pellet_1__F129,Sphingolipid-BTWT-Cell-pellet_1,single,1,0.998046875,1,True
Sphingolipid-BTWT-Cell-pellet_1__F130,Sphingolipid-BTWT-Cell-pellet_1,single,1,0.3935546875,0,False
Sphingolipid-BTWT-Cell-pellet_1__F131,Sphingolipid-BTWT-Cell-pellet_1,single,1,1.0,1,True
Sphingolipid-BTWT-Cell-pellet_1__F132,Sphingolipid-BTWT-Cell-pellet_1,empty,0,0.0,0,True
Sphingolipid-BTWT-Cell-pellet_1__F133,Sphingolipid-BTWT-Cell-pellet_1,single,1,0.9931640625,1,True
Sphingolipid-BTWT-Cell-pellet_1__F134,Sphingolipid-BTWT-Cell-pellet_1,multi,1,1.0,1,True
Sphingolipid-BTWT-Cell-pellet_1__F135,Sphingolipid-BTWT-Cell-pellet_1,single,1,0.007518768310546875,0,False
Sphingolipid-BTWT-Cell-pellet_1__F136,Sphingolipid-BTWT-Cell-pellet_1,empty,0,0.0,0,True
Sphingolipid-BTWT-Cell-pellet_1__F137,Sphingolipid-BTWT-Cell-pellet_1,single,1,1.0,1,True
Sphingolipid-BTWT-Cell-pellet_1__F138,Sphingolipid-BTWT-Cell-pellet_1,single,1,1.0,1,True
Sphingolipid-BTWT-Cell-pellet_1__F139,Sphingolipid-BTWT-Cell-pellet_1,empty,0,0.00015842914581298828,0,True
Sphingolipid-BTWT-Cell-pellet_1__F14,Sphingolipid-BTWT-Cell-pellet_1,empty,0,4.172325134277344e-07,0,True
Sphingolipid-BTWT-Cell-pellet_1__F140,Sphingolipid-BTWT-Cell-pellet_1,single,1,1.1861324310302734e-05,0,False
Sphingolipid-BTWT-Cell-pellet_1__F141,Sphingolipid-BTWT-Cell-pellet_1,single,1,0.95751953125,1,True
Sphingolipid-BTWT-Cell-pellet_1__F142,Sphingolipid-BTWT-Cell-pellet_1,multi,1,1.0,1,True
Sphingolipid-BTWT-Cell-pellet_1__F143,Sphingolipid-BTWT-Cell-pellet_1,empty,0,0.0,0,True
Sphingolipid-BTWT-Cell-pellet_1__F144,Sphingolipid-BTWT-Cell-pellet_1,single,1,1.0,1,True
Sphingolipid-BTWT-Cell-pellet_1__F145,Sphingolipid-BTWT-Cell-pellet_1,single,1,1.0,1,True
Sphingolipid-BTWT-Cell-pellet_1__F146,Sphingolipid-BTWT-Cell-pellet_1,single,1,1.0,1,True
Sphingolipid-BTWT-Cell-pellet_1__F147,Sphingolipid-BTWT-Cell-pellet_1,single,1,1.0,1,True
Sphingolipid-BTWT-Cell-pellet_1__F148,Sphingolipid-BTWT-Cell-pellet_1,empty,0,0.0,0,True
Sphingolipid-BTWT-Cell-pellet_1__F149,Sphingolipid-BTWT-Cell-pellet_1,empty,0,0.0,0,True
Sphingolipid-BTWT-Cell-pellet_1__F15,Sphingolipid-BTWT-Cell-pellet_1,single,1,0.96435546875,1,True
Sphingolipid-BTWT-Cell-pellet_1__F150,Sphingolipid-BTWT-Cell-pellet_1,empty,0,5.960464477539063e-08,0,True
Sphingolipid-BTWT-Cell-pellet_1__F151,Sphingolipid-BTWT-Cell-pellet_1,single,1,1.0,1,True
Sphingolipid-BTWT-Cell-pellet_1__F152,Sphingolipid-BTWT-Cell-pellet_1,single,1,0.99951171875,1,True
Sphingolipid-BTWT-Cell-pellet_1__F153,Sphingolipid-BTWT-Cell-pellet_1,single,1,1.0,1,True
Sphingolipid-BTWT-Cell-pellet_1__F154,Sphingolipid-BTWT-Cell-pellet_1,multi,1,0.99951171875,1,True
Sphingolipid-BTWT-Cell-pellet_1__F155,Sphingolipid-BTWT-Cell-pellet_1,single,1,1.0,1,True
Sphingolipid-BTWT-Cell-pellet_1__F156,Sphingolipid-BTWT-Cell-pellet_1,multi,1,0.0011119842529296875,0,False
Sphingolipid-BTWT-Cell-pellet_1__F157,Sphingolipid-BTWT-Cell-pellet_1,single,1,0.23876953125,0,False
Sphingolipid-BTWT-Cell-pellet_1__F158,Sphingolipid-BTWT-Cell-pellet_1,empty,0,0.0,0,True
Sphingolipid-BTWT-Cell-pellet_1__F159,Sphingolipid-BTWT-Cell-pellet_1,single,1,1.0,1,True
Sphingolipid-BTWT-Cell-pellet_1__F16,Sphingolipid-BTWT-Cell-pellet_1,empty,0,1.3113021850585938e-06,0,True
Sphingolipid-BTWT-Cell-pellet_1__F160,Sphingolipid-BTWT-Cell-pellet_1,single,1,1.0,1,True
Sphingolipid-BTWT-Cell-pellet_1__F162,Sphingolipid-BTWT-Cell-pellet_1,single,1,0.00019407272338867188,0,False
Sphingolipid-BTWT-Cell-pellet_1__F163,Sphingolipid-BTWT-Cell-pellet_1,empty,0,0.0,0,True
Sphingolipid-BTWT-Cell-pellet_1__F164,Sphingolipid-BTWT-Cell-pellet_1,single,1,0.78466796875,1,True
Sphingolipid-BTWT-Cell-pellet_1__F166,Sphingolipid-BTWT-Cell-pellet_1,multi,1,1.0,1,True
Sphingolipid-BTWT-Cell-pellet_1__F167,Sphingolipid-BTWT-Cell-pellet_1,empty,0,0.0,0,True
Sphingolipid-BTWT-Cell-pellet_1__F168,Sphingolipid-BTWT-Cell-pellet_1,single,1,1.0,1,True
Sphingolipid-BTWT-Cell-pellet_1__F169,Sphingolipid-BTWT-Cell-pellet_1,empty,0,2.384185791015625e-07,0,True
Sphingolipid-BTWT-Cell-pellet_1__F170,Sphingolipid-BTWT-Cell-pellet_1,empty,0,5.960464477539063e-08,0,True
Sphingolipid-BTWT-Cell-pellet_1__F171,Sphingolipid-BTWT-Cell-pellet_1,multi,1,1.0,1,True
Sphingolipid-BTWT-Cell-pellet_1__F172,Sphingolipid-BTWT-Cell-pellet_1,empty,0,6.556510925292969e-07,0,True
Sphingolipid-BTWT-Cell-pellet_1__F173,Sphingolipid-BTWT-Cell-pellet_1,single,1,1.0,1,True
Sphingolipid-BTWT-Cell-pellet_1__F174,Sphingolipid-BTWT-Cell-pellet_1,multi,1,0.8994140625,1,True
Sphingolipid-BTWT-Cell-pellet_1__F175,Sphingolipid-BTWT-Cell-pellet_1,single,1,1.0,1,True
Sphingolipid-BTWT-Cell-pellet_1__F176,Sphingolipid-BTWT-Cell-pellet_1,empty,0,1.4483928680419922e-05,0,True
Sphingolipid-BTWT-Cell-pellet_1__F177,Sphingolipid-BTWT-Cell-pellet_1,empty,0,0.0,0,True
Sphingolipid-BTWT-Cell-pellet_1__F178,Sphingolipid-BTWT-Cell-pellet_1,empty,0,0.0,0,True
Sphingolipid-BTWT-Cell-pellet_1__F179,Sphingolipid-BTWT-Cell-pellet_1,empty,0,4.76837158203125e-07,0,True
Sphingolipid-BTWT-Cell-pellet_1__F18,Sphingolipid-BTWT-Cell-pellet_1,single,1,1.0,1,True
Sphingolipid-BTWT-Cell-pellet_1__F180,Sphingolipid-BTWT-Cell-pellet_1,empty,0,0.0,0,True
Sphingolipid-BTWT-Cell-pellet_1__F181,Sphingolipid-BTWT-Cell-pellet_1,single,1,1.0,1,True
Sphingolipid-BTWT-Cell-pellet_1__F182,Sphingolipid-BTWT-Cell-pellet_1,multi,1,4.3332576751708984e-05,0,False
Sphingolipid-BTWT-Cell-pellet_1__F183,Sphingolipid-BTWT-Cell-pellet_1,single,1,0.99951171875,1,True
Sphingolipid-BTWT-Cell-pellet_1__F184,Sphingolipid-BTWT-Cell-pellet_1,empty,0,3.5762786865234375e-06,0,True
Sphingolipid-BTWT-Cell-pellet_1__F185,Sphingolipid-BTWT-Cell-pellet_1,single,1,0.99951171875,1,True
Sphingolipid-BTWT-Cell-pellet_1__F186,Sphingolipid-BTWT-Cell-pellet_1,single,1,0.99853515625,1,True
Sphingolipid-BTWT-Cell-pellet_1__F187,Sphingolipid-BTWT-Cell-pellet_1,multi,1,1.0,1,True
Sphingolipid-BTWT-Cell-pellet_1__F188,Sphingolipid-BTWT-Cell-pellet_1,single,1,0.9638671875,1,True
Sphingolipid-BTWT-Cell-pellet_1__F189,Sphingolipid-BTWT-Cell-pellet_1,multi,1,0.002471923828125,0,False
Sphingolipid-BTWT-Cell-pellet_1__F19,Sphingolipid-BTWT-Cell-pellet_1,single,1,0.029541015625,0,False
Sphingolipid-BTWT-Cell-pellet_1__F190,Sphingolipid-BTWT-Cell-pellet_1,single,1,1.0,1,True
Sphingolipid-BTWT-Cell-pellet_1__F191,Sphingolipid-BTWT-Cell-pellet_1,single,1,1.0,1,True
Sphingolipid-BTWT-Cell-pellet_1__F192,Sphingolipid-BTWT-Cell-pellet_1,single,1,0.1868896484375,0,False
Sphingolipid-BTWT-Cell-pellet_1__F193,Sphingolipid-BTWT-Cell-pellet_1,single,1,1.0,1,True
Sphingolipid-BTWT-Cell-pellet_1__F194,Sphingolipid-BTWT-Cell-pellet_1,single,0,5.364418029785156e-07,0,True
Sphingolipid-BTWT-Cell-pellet_1__F195,Sphingolipid-BTWT-Cell-pellet_1,single,1,1.0,1,True
Sphingolipid-BTWT-Cell-pellet_1__F196,Sphingolipid-BTWT-Cell-pellet_1,multi,1,1.0,1,True
Sphingolipid-BTWT-Cell-pellet_1__F197,Sphingolipid-BTWT-Cell-pellet_1,single,1,1.0,1,True
Sphingolipid-BTWT-Cell-pellet_1__F198,Sphingolipid-BTWT-Cell-pellet_1,single,1,0.7548828125,1,True
Sphingolipid-BTWT-Cell-pellet_1__F199,Sphingolipid-BTWT-Cell-pellet_1,empty,0,1.1920928955078125e-07,0,True
Sphingolipid-BTWT-Cell-pellet_1__F2,Sphingolipid-BTWT-Cell-pellet_1,single,1,0.99951171875,1,True
Sphingolipid-BTWT-Cell-pellet_1__F20,Sphingolipid-BTWT-Cell-pellet_1,empty,0,3.319978713989258e-05,0,True
Sphingolipid-BTWT-Cell-pellet_1__F200,Sphingolipid-BTWT-Cell-pellet_1,empty,0,0.0,0,True
Sphingolipid-BTWT-Cell-pellet_1__F201,Sphingolipid-BTWT-Cell-pellet_1,empty,0,1.0728836059570312e-06,0,True
Sphingolipid-BTWT-Cell-pellet_1__F202,Sphingolipid-BTWT-Cell-pellet_1,empty,0,0.00017952919006347656,0,True
Sphingolipid-BTWT-Cell-pellet_1__F203,Sphingolipid-BTWT-Cell-pellet_1,multi,1,0.91162109375,1,True
Sphingolipid-BTWT-Cell-pellet_1__F204,Sphingolipid-BTWT-Cell-pellet_1,single,1,1.0,1,True
Sphingolipid-BTWT-Cell-pellet_1__F205,Sphingolipid-BTWT-Cell-pellet_1,multi,1,1.0,1,True
Sphingolipid-BTWT-Cell-pellet_1__F206,Sphingolipid-BTWT-Cell-pellet_1,multi,1,0.9619140625,1,True
Sphingolipid-BTWT-Cell-pellet_1__F207,Sphingolipid-BTWT-Cell-pellet_1,single,1,1.0,1,True
Sphingolipid-BTWT-Cell-pellet_1__F208,Sphingolipid-BTWT-Cell-pellet_1,single,1,1.0,1,True
Sphingolipid-BTWT-Cell-pellet_1__F209,Sphingolipid-BTWT-Cell-pellet_1,single,1,0.0238189697265625,0,False
Sphingolipid-BTWT-Cell-pellet_1__F21,Sphingolipid-BTWT-Cell-pellet_1,single,1,1.0,1,True
Sphingolipid-BTWT-Cell-pellet_1__F210,Sphingolipid-BTWT-Cell-pellet_1,single,1,0.0013093948364257812,0,False
Sphingolipid-BTWT-Cell-pellet_1__F211,Sphingolipid-BTWT-Cell-pellet_1,empty,0,0.0,0,True
Sphingolipid-BTWT-Cell-pellet_1__F212,Sphingolipid-BTWT-Cell-pellet_1,single,1,0.99951171875,1,True
Sphingolipid-BTWT-Cell-pellet_1__F213,Sphingolipid-BTWT-Cell-pellet_1,multi,1,1.0,1,True
Sphingolipid-BTWT-Cell-pellet_1__F214,Sphingolipid-BTWT-Cell-pellet_1,single,1,1.0,1,True
Sphingolipid-BTWT-Cell-pellet_1__F215,Sphingolipid-BTWT-Cell-pellet_1,empty,0,1.5437602996826172e-05,0,True
Sphingolipid-BTWT-Cell-pellet_1__F216,Sphingolipid-BTWT-Cell-pellet_1,empty,0,0.0,0,True
Sphingolipid-BTWT-Cell-pellet_1__F217,Sphingolipid-BTWT-Cell-pellet_1,single,1,1.0,1,True
Sphingolipid-BTWT-Cell-pellet_1__F218,Sphingolipid-BTWT-Cell-pellet_1,single,1,1.0,1,True
Sphingolipid-BTWT-Cell-pellet_1__F219,Sphingolipid-BTWT-Cell-pellet_1,single,1,1.0,1,True
Sphingolipid-BTWT-Cell-pellet_1__F22,Sphingolipid-BTWT-Cell-pellet_1,single,1,1.0,1,True
Sphingolipid-BTWT-Cell-pellet_1__F220,Sphingolipid-BTWT-Cell-pellet_1,multi,1,1.0,1,True
Sphingolipid-BTWT-Cell-pellet_1__F221,Sphingolipid-BTWT-Cell-pellet_1,single,1,1.0,1,True
Sphingolipid-BTWT-Cell-pellet_1__F222,Sphingolipid-BTWT-Cell-pellet_1,empty,0,0.0,0,True
Sphingolipid-BTWT-Cell-pellet_1__F223,Sphingolipid-BTWT-Cell-pellet_1,single,1,1.0,1,True
Sphingolipid-BTWT-Cell-pellet_1__F224,Sphingolipid-BTWT-Cell-pellet_1,single,1,1.0,1,True
Sphingolipid-BTWT-Cell-pellet_1__F225,Sphingolipid-BTWT-Cell-pellet_1,single,1,0.98876953125,1,True
Sphingolipid-BTWT-Cell-pellet_1__F226,Sphingolipid-BTWT-Cell-pellet_1,single,1,1.0,1,True
Sphingolipid-BTWT-Cell-pellet_1__F227,Sphingolipid-BTWT-Cell-pellet_1,multi,1,1.0,1,True
Sphingolipid-BTWT-Cell-pellet_1__F228,Sphingolipid-BTWT-Cell-pellet_1,single,1,1.0,1,True
Sphingolipid-BTWT-Cell-pellet_1__F229,Sphingolipid-BTWT-Cell-pellet_1,single,1,1.0,1,True
Sphingolipid-BTWT-Cell-pellet_1__F23,Sphingolipid-BTWT-Cell-pellet_1,empty,0,0.58056640625,1,False
Sphingolipid-BTWT-Cell-pellet_1__F230,Sphingolipid-BTWT-Cell-pellet_1,single,1,0.06280517578125,0,False
Sphingolipid-BTWT-Cell-pellet_1__F231,Sphingolipid-BTWT-Cell-pellet_1,empty,0,5.364418029785156e-07,0,True
Sphingolipid-BTWT-Cell-pellet_1__F232,Sphingolipid-BTWT-Cell-pellet_1,single,1,0.99951171875,1,True
Sphingolipid-BTWT-Cell-pellet_1__F233,Sphingolipid-BTWT-Cell-pellet_1,multi,1,1.0,1,True
Sphingolipid-BTWT-Cell-pellet_1__F234,Sphingolipid-BTWT-Cell-pellet_1,empty,0,0.0,0,True
Sphingolipid-BTWT-Cell-pellet_1__F235,Sphingolipid-BTWT-Cell-pellet_1,single,1,1.0,1,True
Sphingolipid-BTWT-Cell-pellet_1__F236,Sphingolipid-BTWT-Cell-pellet_1,multi,0,3.7550926208496094e-06,0,True
Sphingolipid-BTWT-Cell-pellet_1__F237,Sphingolipid-BTWT-Cell-pellet_1,empty,0,1.1920928955078125e-07,0,True
Sphingolipid-BTWT-Cell-pellet_1__F238,Sphingolipid-BTWT-Cell-pellet_1,single,1,8.463859558105469e-06,0,False
Sphingolipid-BTWT-Cell-pellet_1__F239,Sphingolipid-BTWT-Cell-pellet_1,single,1,0.1669921875,0,False
Sphingolipid-BTWT-Cell-pellet_1__F24,Sphingolipid-BTWT-Cell-pellet_1,empty,0,5.960464477539063e-08,0,True
Sphingolipid-BTWT-Cell-pellet_1__F240,Sphingolipid-BTWT-Cell-pellet_1,single,1,1.0,1,True
Sphingolipid-BTWT-Cell-pellet_1__F241,Sphingolipid-BTWT-Cell-pellet_1,single,1,1.0,1,True
Sphingolipid-BTWT-Cell-pellet_1__F242,Sphingolipid-BTWT-Cell-pellet_1,single,1,1.0,1,True
Sphingolipid-BTWT-Cell-pellet_1__F243,Sphingolipid-BTWT-Cell-pellet_1,single,1,1.0,1,True
Sphingolipid-BTWT-Cell-pellet_1__F244,Sphingolipid-BTWT-Cell-pellet_1,single,1,0.96875,1,True
Sphingolipid-BTWT-Cell-pellet_1__F245,Sphingolipid-BTWT-Cell-pellet_1,single,1,1.0,1,True
Sphingolipid-BTWT-Cell-pellet_1__F246,Sphingolipid-BTWT-Cell-pellet_1,empty,0,2.6047229766845703e-05,0,True
Sphingolipid-BTWT-Cell-pellet_1__F247,Sphingolipid-BTWT-Cell-pellet_1,single,1,1.0,1,True
Sphingolipid-BTWT-Cell-pellet_1__F248,Sphingolipid-BTWT-Cell-pellet_1,empty,0,0.0,0,True
Sphingolipid-BTWT-Cell-pellet_1__F249,Sphingolipid-BTWT-Cell-pellet_1,multi,1,0.07476806640625,0,False
Sphingolipid-BTWT-Cell-pellet_1__F25,Sphingolipid-BTWT-Cell-pellet_1,empty,0,0.01282501220703125,0,True
Sphingolipid-BTWT-Cell-pellet_1__F250,Sphingolipid-BTWT-Cell-pellet_1,empty,0,0.0,0,True
Sphingolipid-BTWT-Cell-pellet_1__F251,Sphingolipid-BTWT-Cell-pellet_1,empty,0,0.00029587745666503906,0,True
Sphingolipid-BTWT-Cell-pellet_1__F252,Sphingolipid-BTWT-Cell-pellet_1,empty,0,3.5762786865234375e-07,0,True
Sphingolipid-BTWT-Cell-pellet_1__F253,Sphingolipid-BTWT-Cell-pellet_1,single,1,0.99951171875,1,True
Sphingolipid-BTWT-Cell-pellet_1__F254,Sphingolipid-BTWT-Cell-pellet_1,multi,1,1.0,1,True
Sphingolipid-BTWT-Cell-pellet_1__F255,Sphingolipid-BTWT-Cell-pellet_1,single,1,0.99951171875,1,True
Sphingolipid-BTWT-Cell-pellet_1__F256,Sphingolipid-BTWT-Cell-pellet_1,single,1,3.4570693969726562e-06,0,False
Sphingolipid-BTWT-Cell-pellet_1__F257,Sphingolipid-BTWT-Cell-pellet_1,single,1,1.0,1,True
Sphingolipid-BTWT-Cell-pellet_1__F258,Sphingolipid-BTWT-Cell-pellet_1,empty,0,0.00012242794036865234,0,True
Sphingolipid-BTWT-Cell-pellet_1__F259,Sphingolipid-BTWT-Cell-pellet_1,multi,1,0.99853515625,1,True
Sphingolipid-BTWT-Cell-pellet_1__F26,Sphingolipid-BTWT-Cell-pellet_1,single,1,0.99951171875,1,True
Sphingolipid-BTWT-Cell-pellet_1__F260,Sphingolipid-BTWT-Cell-pellet_1,multi,1,0.00046563148498535156,0,False
Sphingolipid-BTWT-Cell-pellet_1__F261,Sphingolipid-BTWT-Cell-pellet_1,multi,1,0.0546875,0,False
Sphingolipid-BTWT-Cell-pellet_1__F262,Sphingolipid-BTWT-Cell-pellet_1,single,1,1.0,1,True
Sphingolipid-BTWT-Cell-pellet_1__F263,Sphingolipid-BTWT-Cell-pellet_1,single,1,1.0,1,True
Sphingolipid-BTWT-Cell-pellet_1__F264,Sphingolipid-BTWT-Cell-pellet_1,multi,1,0.333984375,0,False
Sphingolipid-BTWT-Cell-pellet_1__F265,Sphingolipid-BTWT-Cell-pellet_1,empty,0,2.8192996978759766e-05,0,True
Sphingolipid-BTWT-Cell-pellet_1__F266,Sphingolipid-BTWT-Cell-pellet_1,multi,1,1.0,1,True
Sphingolipid-BTWT-Cell-pellet_1__F267,Sphingolipid-BTWT-Cell-pellet_1,empty,0,1.1920928955078125e-07,0,True
Sphingolipid-BTWT-Cell-pellet_1__F268,Sphingolipid-BTWT-Cell-pellet_1,empty,0,4.172325134277344e-07,0,True
Sphingolipid-BTWT-Cell-pellet_1__F269,Sphingolipid-BTWT-Cell-pellet_1,single,1,0.99951171875,1,True
Sphingolipid-BTWT-Cell-pellet_1__F27,Sphingolipid-BTWT-Cell-pellet_1,single,1,1.0,1,True
Sphingolipid-BTWT-Cell-pellet_1__F270,Sphingolipid-BTWT-Cell-pellet_1,single,1,1.0,1,True
Sphingolipid-BTWT-Cell-pellet_1__F271,Sphingolipid-BTWT-Cell-pellet_1,empty,0,4.792213439941406e-05,0,True
Sphingolipid-BTWT-Cell-pellet_1__F272,Sphingolipid-BTWT-Cell-pellet_1,multi,1,1.0,1,True
Sphingolipid-BTWT-Cell-pellet_1__F273,Sphingolipid-BTWT-Cell-pellet_1,single,1,0.35693359375,0,False
Sphingolipid-BTWT-Cell-pellet_1__F274,Sphingolipid-BTWT-Cell-pellet_1,single,1,1.0,1,True
Sphingolipid-BTWT-Cell-pellet_1__F275,Sphingolipid-BTWT-Cell-pellet_1,single,1,1.0,1,True
Sphingolipid-BTWT-Cell-pellet_1__F276,Sphingolipid-BTWT-Cell-pellet_1,single,1,1.0,1,True
Sphingolipid-BTWT-Cell-pellet_1__F277,Sphingolipid-BTWT-Cell-pellet_1,empty,0,5.960464477539063e-08,0,True
Sphingolipid-BTWT-Cell-pellet_1__F278,Sphingolipid-BTWT-Cell-pellet_1,empty,0,0.0,0,True
Sphingolipid-BTWT-Cell-pellet_1__F279,Sphingolipid-BTWT-Cell-pellet_1,multi,1,0.9326171875,1,True
Sphingolipid-BTWT-Cell-pellet_1__F280,Sphingolipid-BTWT-Cell-pellet_1,single,1,1.0,1,True
Sphingolipid-BTWT-Cell-pellet_1__F281,Sphingolipid-BTWT-Cell-pellet_1,empty,0,3.5762786865234375e-07,0,True
Sphingolipid-BTWT-Cell-pellet_1__F282,Sphingolipid-BTWT-Cell-pellet_1,single,1,1.0,1,True
Sphingolipid-BTWT-Cell-pellet_1__F283,Sphingolipid-BTWT-Cell-pellet_1,single,1,1.0,1,True
Sphingolipid-BTWT-Cell-pellet_1__F284,Sphingolipid-BTWT-Cell-pellet_1,single,1,1.0,1,True
Sphingolipid-BTWT-Cell-pellet_1__F285,Sphingolipid-BTWT-Cell-pellet_1,single,1,1.0,1,True
Sphingolipid-BTWT-Cell-pellet_1__F286,Sphingolipid-BTWT-Cell-pellet_1,single,1,1.0,1,True
Sphingolipid-BTWT-Cell-pellet_1__F287,Sphingolipid-BTWT-Cell-pellet_1,single,1,1.0,1,True
Sphingolipid-BTWT-Cell-pellet_1__F288,Sphingolipid-BTWT-Cell-pellet_1,single,1,1.0,1,True
Sphingolipid-BTWT-Cell-pellet_1__F289,Sphingolipid-BTWT-Cell-pellet_1,single,1,0.0014209747314453125,0,False
Sphingolipid-BTWT-Cell-pellet_1__F29,Sphingolipid-BTWT-Cell-pellet_1,empty,0,0.0,0,True
Sphingolipid-BTWT-Cell-pellet_1__F290,Sphingolipid-BTWT-Cell-pellet_1,empty,0,0.0,0,True
Sphingolipid-BTWT-Cell-pellet_1__F291,Sphingolipid-BTWT-Cell-pellet_1,empty,0,0.0,0,True
Sphingolipid-BTWT-Cell-pellet_1__F292,Sphingolipid-BTWT-Cell-pellet_1,single,1,0.0015430450439453125,0,False
Sphingolipid-BTWT-Cell-pellet_1__F293,Sphingolipid-BTWT-Cell-pellet_1,single,1,1.0,1,True
Sphingolipid-BTWT-Cell-pellet_1__F294,Sphingolipid-BTWT-Cell-pellet_1,multi,1,1.0,1,True
Sphingolipid-BTWT-Cell-pellet_1__F295,Sphingolipid-BTWT-Cell-pellet_1,single,1,1.0,1,True
Sphingolipid-BTWT-Cell-pellet_1__F296,Sphingolipid-BTWT-Cell-pellet_1,single,1,0.9990234375,1,True
Sphingolipid-BTWT-Cell-pellet_1__F297,Sphingolipid-BTWT-Cell-pellet_1,multi,1,1.0,1,True
Sphingolipid-BTWT-Cell-pellet_1__F298,Sphingolipid-BTWT-Cell-pellet_1,empty,0,0.78515625,1,False
Sphingolipid-BTWT-Cell-pellet_1__F299,Sphingolipid-BTWT-Cell-pellet_1,single,1,1.0,1,True
Sphingolipid-BTWT-Cell-pellet_1__F3,Sphingolipid-BTWT-Cell-pellet_1,single,1,0.0032978057861328125,0,False
Sphingolipid-BTWT-Cell-pellet_1__F30,Sphingolipid-BTWT-Cell-pellet_1,empty,0,0.0,0,True
Sphingolipid-BTWT-Cell-pellet_1__F300,Sphingolipid-BTWT-Cell-pellet_1,empty,0,0.0,0,True
Sphingolipid-BTWT-Cell-pellet_1__F301,Sphingolipid-BTWT-Cell-pellet_1,single,1,1.0,1,True
Sphingolipid-BTWT-Cell-pellet_1__F302,Sphingolipid-BTWT-Cell-pellet_1,single,0,8.165836334228516e-06,0,True
Sphingolipid-BTWT-Cell-pellet_1__F303,Sphingolipid-BTWT-Cell-pellet_1,multi,1,1.0,1,True
Sphingolipid-BTWT-Cell-pellet_1__F304,Sphingolipid-BTWT-Cell-pellet_1,single,1,1.0,1,True
Sphingolipid-BTWT-Cell-pellet_1__F305,Sphingolipid-BTWT-Cell-pellet_1,empty,0,0.0,0,True
Sphingolipid-BTWT-Cell-pellet_1__F306,Sphingolipid-BTWT-Cell-pellet_1,single,1,0.99658203125,1,True
Sphingolipid-BTWT-Cell-pellet_1__F307,Sphingolipid-BTWT-Cell-pellet_1,single,1,1.0,1,True
Sphingolipid-BTWT-Cell-pellet_1__F308,Sphingolipid-BTWT-Cell-pellet_1,single,1,1.0,1,True
Sphingolipid-BTWT-Cell-pellet_1__F309,Sphingolipid-BTWT-Cell-pellet_1,single,1,0.94482421875,1,True
Sphingolipid-BTWT-Cell-pellet_1__F31,Sphingolipid-BTWT-Cell-pellet_1,multi,1,1.341104507446289e-05,0,False
Sphingolipid-BTWT-Cell-pellet_1__F310,Sphingolipid-BTWT-Cell-pellet_1,empty,0,1.043081283569336e-05,0,True
Sphingolipid-BTWT-Cell-pellet_1__F311,Sphingolipid-BTWT-Cell-pellet_1,single,1,1.0,1,True
Sphingolipid-BTWT-Cell-pellet_1__F312,Sphingolipid-BTWT-Cell-pellet_1,single,1,1.0,1,True
Sphingolipid-BTWT-Cell-pellet_1__F313,Sphingolipid-BTWT-Cell-pellet_1,single,1,1.0,1,True
Sphingolipid-BTWT-Cell-pellet_1__F314,Sphingolipid-BTWT-Cell-pellet_1,empty,0,5.960464477539063e-08,0,True
Sphingolipid-BTWT-Cell-pellet_1__F315,Sphingolipid-BTWT-Cell-pellet_1,empty,0,0.98876953125,1,False
Sphingolipid-BTWT-Cell-pellet_1__F316,Sphingolipid-BTWT-Cell-pellet_1,single,1,1.0,1,True
Sphingolipid-BTWT-Cell-pellet_1__F317,Sphingolipid-BTWT-Cell-pellet_1,single,1,0.9892578125,1,True
Sphingolipid-BTWT-Cell-pellet_1__F318,Sphingolipid-BTWT-Cell-pellet_1,single,1,0.99951171875,1,True
Sphingolipid-BTWT-Cell-pellet_1__F319,Sphingolipid-BTWT-Cell-pellet_1,empty,0,1.4424324035644531e-05,0,True
Sphingolipid-BTWT-Cell-pellet_1__F32,Sphingolipid-BTWT-Cell-pellet_1,empty,0,2.384185791015625e-07,0,True
Sphingolipid-BTWT-Cell-pellet_1__F320,Sphingolipid-BTWT-Cell-pellet_1,multi,1,1.0,1,True
Sphingolipid-BTWT-Cell-pellet_1__F321,Sphingolipid-BTWT-Cell-pellet_1,multi,1,1.0,1,True
Sphingolipid-BTWT-Cell-pellet_1__F322,Sphingolipid-BTWT-Cell-pellet_1,single,1,0.99365234375,1,True
Sphingolipid-BTWT-Cell-pellet_1__F323,Sphingolipid-BTWT-Cell-pellet_1,single,1,1.0,1,True
Sphingolipid-BTWT-Cell-pellet_1__F324,Sphingolipid-BTWT-Cell-pellet_1,single,1,1.0,1,True
Sphingolipid-BTWT-Cell-pellet_1__F325,Sphingolipid-BTWT-Cell-pellet_1,single,1,1.0,1,True
Sphingolipid-BTWT-Cell-pellet_1__F326,Sphingolipid-BTWT-Cell-pellet_1,empty,0,3.820657730102539e-05,0,True
Sphingolipid-BTWT-Cell-pellet_1__F327,Sphingolipid-BTWT-Cell-pellet_1,single,1,1.0,1,True
Sphingolipid-BTWT-Cell-pellet_1__F328,Sphingolipid-BTWT-Cell-pellet_1,single,1,1.0,1,True
Sphingolipid-BTWT-Cell-pellet_1__F329,Sphingolipid-BTWT-Cell-pellet_1,single,1,1.0,1,True
Sphingolipid-BTWT-Cell-pellet_1__F33,Sphingolipid-BTWT-Cell-pellet_1,single,1,1.0,1,True
Sphingolipid-BTWT-Cell-pellet_1__F330,Sphingolipid-BTWT-Cell-pellet_1,empty,0,0.0,0,True
Sphingolipid-BTWT-Cell-pellet_1__F331,Sphingolipid-BTWT-Cell-pellet_1,multi,1,1.0,1,True
Sphingolipid-BTWT-Cell-pellet_1__F332,Sphingolipid-BTWT-Cell-pellet_1,empty,0,0.006565093994140625,0,True
Sphingolipid-BTWT-Cell-pellet_1__F333,Sphingolipid-BTWT-Cell-pellet_1,empty,0,0.0028781890869140625,0,True
Sphingolipid-BTWT-Cell-pellet_1__F334,Sphingolipid-BTWT-Cell-pellet_1,empty,0,0.0,0,True
Sphingolipid-BTWT-Cell-pellet_1__F335,Sphingolipid-BTWT-Cell-pellet_1,single,1,1.0,1,True
Sphingolipid-BTWT-Cell-pellet_1__F336,Sphingolipid-BTWT-Cell-pellet_1,single,1,1.0,1,True
Sphingolipid-BTWT-Cell-pellet_1__F337,Sphingolipid-BTWT-Cell-pellet_1,empty,0,0.0,0,True
Sphingolipid-BTWT-Cell-pellet_1__F338,Sphingolipid-BTWT-Cell-pellet_1,multi,1,0.0110321044921875,0,False
Sphingolipid-BTWT-Cell-pellet_1__F339,Sphingolipid-BTWT-Cell-pellet_1,empty,0,0.0010404586791992188,0,True
Sphingolipid-BTWT-Cell-pellet_1__F34,Sphingolipid-BTWT-Cell-pellet_1,empty,0,0.0,0,True
Sphingolipid-BTWT-Cell-pellet_1__F341,Sphingolipid-BTWT-Cell-pellet_1,empty,0,5.960464477539062e-07,0,True
Sphingolipid-BTWT-Cell-pellet_1__F342,Sphingolipid-BTWT-Cell-pellet_1,empty,0,0.0,0,True
Sphingolipid-BTWT-Cell-pellet_1__F343,Sphingolipid-BTWT-Cell-pellet_1,empty,0,0.98876953125,1,False
Sphingolipid-BTWT-Cell-pellet_1__F344,Sphingolipid-BTWT-Cell-pellet_1,single,1,0.01374053955078125,0,False
Sphingolipid-BTWT-Cell-pellet_1__F345,Sphingolipid-BTWT-Cell-pellet_1,empty,0,5.960464477539063e-08,0,True
Sphingolipid-BTWT-Cell-pellet_1__F346,Sphingolipid-BTWT-Cell-pellet_1,single,1,1.0,1,True
Sphingolipid-BTWT-Cell-pellet_1__F347,Sphingolipid-BTWT-Cell-pellet_1,single,1,1.0,1,True
Sphingolipid-BTWT-Cell-pellet_1__F348,Sphingolipid-BTWT-Cell-pellet_1,empty,0,5.829334259033203e-05,0,True
Sphingolipid-BTWT-Cell-pellet_1__F349,Sphingolipid-BTWT-Cell-pellet_1,empty,0,5.960464477539063e-08,0,True
Sphingolipid-BTWT-Cell-pellet_1__F35,Sphingolipid-BTWT-Cell-pellet_1,empty,0,0.0,0,True
Sphingolipid-BTWT-Cell-pellet_1__F350,Sphingolipid-BTWT-Cell-pellet_1,single,1,0.99853515625,1,True
Sphingolipid-BTWT-Cell-pellet_1__F351,Sphingolipid-BTWT-Cell-pellet_1,empty,0,0.53759765625,1,False
Sphingolipid-BTWT-Cell-pellet_1__F352,Sphingolipid-BTWT-Cell-pellet_1,multi,1,1.0,1,True
Sphingolipid-BTWT-Cell-pellet_1__F353,Sphingolipid-BTWT-Cell-pellet_1,single,1,1.0,1,True
Sphingolipid-BTWT-Cell-pellet_1__F354,Sphingolipid-BTWT-Cell-pellet_1,single,1,1.0,1,True
Sphingolipid-BTWT-Cell-pellet_1__F355,Sphingolipid-BTWT-Cell-pellet_1,empty,0,0.0003275871276855469,0,True
Sphingolipid-BTWT-Cell-pellet_1__F356,Sphingolipid-BTWT-Cell-pellet_1,single,1,1.0,1,True
Sphingolipid-BTWT-Cell-pellet_1__F357,Sphingolipid-BTWT-Cell-pellet_1,empty,0,0.0014553070068359375,0,True
Sphingolipid-BTWT-Cell-pellet_1__F358,Sphingolipid-BTWT-Cell-pellet_1,empty,0,1.1920928955078125e-07,0,True
Sphingolipid-BTWT-Cell-pellet_1__F359,Sphingolipid-BTWT-Cell-pellet_1,empty,0,2.384185791015625e-07,0,True
Sphingolipid-BTWT-Cell-pellet_1__F36,Sphingolipid-BTWT-Cell-pellet_1,empty,0,1.7881393432617188e-07,0,True
Sphingolipid-BTWT-Cell-pellet_1__F360,Sphingolipid-BTWT-Cell-pellet_1,empty,0,0.0,0,True
Sphingolipid-BTWT-Cell-pellet_1__F361,Sphingolipid-BTWT-Cell-pellet_1,single,1,0.99951171875,1,True
Sphingolipid-BTWT-Cell-pellet_1__F362,Sphingolipid-BTWT-Cell-pellet_1,multi,1,1.0,1,True
Sphingolipid-BTWT-Cell-pellet_1__F363,Sphingolipid-BTWT-Cell-pellet_1,single,1,1.0,1,True
Sphingolipid-BTWT-Cell-pellet_1__F364,Sphingolipid-BTWT-Cell-pellet_1,empty,0,0.00025916099548339844,0,True
Sphingolipid-BTWT-Cell-pellet_1__F365,Sphingolipid-BTWT-Cell-pellet_1,multi,1,0.99755859375,1,True
Sphingolipid-BTWT-Cell-pellet_1__F366,Sphingolipid-BTWT-Cell-pellet_1,single,1,1.0,1,True
Sphingolipid-BTWT-Cell-pellet_1__F367,Sphingolipid-BTWT-Cell-pellet_1,empty,0,1.1324882507324219e-06,0,True
Sphingolipid-BTWT-Cell-pellet_1__F368,Sphingolipid-BTWT-Cell-pellet_1,single,0,7.927417755126953e-06,0,True
Sphingolipid-BTWT-Cell-pellet_1__F369,Sphingolipid-BTWT-Cell-pellet_1,single,1,1.0,1,True
Sphingolipid-BTWT-Cell-pellet_1__F37,Sphingolipid-BTWT-Cell-pellet_1,single,1,1.0,1,True
Sphingolipid-BTWT-Cell-pellet_1__F370,Sphingolipid-BTWT-Cell-pellet_1,multi,1,1.0,1,True
Sphingolipid-BTWT-Cell-pellet_1__F371,Sphingolipid-BTWT-Cell-pellet_1,multi,1,1.0,1,True
Sphingolipid-BTWT-Cell-pellet_1__F372,Sphingolipid-BTWT-Cell-pellet_1,empty,0,0.0,0,True
Sphingolipid-BTWT-Cell-pellet_1__F373,Sphingolipid-BTWT-Cell-pellet_1,single,1,1.0,1,True
Sphingolipid-BTWT-Cell-pellet_1__F374,Sphingolipid-BTWT-Cell-pellet_1,single,1,1.0,1,True
Sphingolipid-BTWT-Cell-pellet_1__F375,Sphingolipid-BTWT-Cell-pellet_1,single,1,0.76806640625,1,True
Sphingolipid-BTWT-Cell-pellet_1__F376,Sphingolipid-BTWT-Cell-pellet_1,empty,0,1.1920928955078125e-07,0,True
Sphingolipid-BTWT-Cell-pellet_1__F377,Sphingolipid-BTWT-Cell-pellet_1,single,1,1.0,1,True
Sphingolipid-BTWT-Cell-pellet_1__F378,Sphingolipid-BTWT-Cell-pellet_1,single,1,0.98876953125,1,True
Sphingolipid-BTWT-Cell-pellet_1__F379,Sphingolipid-BTWT-Cell-pellet_1,multi,1,1.0,1,True
Sphingolipid-BTWT-Cell-pellet_1__F38,Sphingolipid-BTWT-Cell-pellet_1,empty,0,0.346435546875,0,True
Sphingolipid-BTWT-Cell-pellet_1__F380,Sphingolipid-BTWT-Cell-pellet_1,single,1,1.0,1,True
Sphingolipid-BTWT-Cell-pellet_1__F381,Sphingolipid-BTWT-Cell-pellet_1,single,1,1.0,1,True
Sphingolipid-BTWT-Cell-pellet_1__F382,Sphingolipid-BTWT-Cell-pellet_1,multi,1,1.0,1,True
Sphingolipid-BTWT-Cell-pellet_1__F383,Sphingolipid-BTWT-Cell-pellet_1,empty,0,0.0,0,True
Sphingolipid-BTWT-Cell-pellet_1__F384,Sphingolipid-BTWT-Cell-pellet_1,empty,0,0.0,0,True
Sphingolipid-BTWT-Cell-pellet_1__F385,Sphingolipid-BTWT-Cell-pellet_1,single,1,1.0,1,True
Sphingolipid-BTWT-Cell-pellet_1__F386,Sphingolipid-BTWT-Cell-pellet_1,single,1,0.00012242794036865234,0,False
Sphingolipid-BTWT-Cell-pellet_1__F387,Sphingolipid-BTWT-Cell-pellet_1,empty,0,0.0,0,True
Sphingolipid-BTWT-Cell-pellet_1__F388,Sphingolipid-BTWT-Cell-pellet_1,single,1,0.9970703125,1,True
Sphingolipid-BTWT-Cell-pellet_1__F389,Sphingolipid-BTWT-Cell-pellet_1,single,1,1.0,1,True
Sphingolipid-BTWT-Cell-pellet_1__F39,Sphingolipid-BTWT-Cell-pellet_1,single,1,0.9990234375,1,True
Sphingolipid-BTWT-Cell-pellet_1__F390,Sphingolipid-BTWT-Cell-pellet_1,empty,0,0.0,0,True
Sphingolipid-BTWT-Cell-pellet_1__F391,Sphingolipid-BTWT-Cell-pellet_1,single,1,1.0,1,True
Sphingolipid-BTWT-Cell-pellet_1__F392,Sphingolipid-BTWT-Cell-pellet_1,single,1,1.0,1,True
Sphingolipid-BTWT-Cell-pellet_1__F393,Sphingolipid-BTWT-Cell-pellet_1,empty,0,6.258487701416016e-06,0,True
Sphingolipid-BTWT-Cell-pellet_1__F394,Sphingolipid-BTWT-Cell-pellet_1,single,1,0.98095703125,1,True
Sphingolipid-BTWT-Cell-pellet_1__F395,Sphingolipid-BTWT-Cell-pellet_1,single,1,0.99951171875,1,True
Sphingolipid-BTWT-Cell-pellet_1__F396,Sphingolipid-BTWT-Cell-pellet_1,single,1,0.994140625,1,True
Sphingolipid-BTWT-Cell-pellet_1__F397,Sphingolipid-BTWT-Cell-pellet_1,single,1,1.0,1,True
Sphingolipid-BTWT-Cell-pellet_1__F398,Sphingolipid-BTWT-Cell-pellet_1,single,1,1.0,1,True
Sphingolipid-BTWT-Cell-pellet_1__F399,Sphingolipid-BTWT-Cell-pellet_1,single,1,1.0,1,True
Sphingolipid-BTWT-Cell-pellet_1__F4,Sphingolipid-BTWT-Cell-pellet_1,empty,0,0.0,0,True
Sphingolipid-BTWT-Cell-pellet_1__F40,Sphingolipid-BTWT-Cell-pellet_1,single,1,1.0,1,True
Sphingolipid-BTWT-Cell-pellet_1__F400,Sphingolipid-BTWT-Cell-pellet_1,multi,1,1.0,1,True
Sphingolipid-BTWT-Cell-pellet_1__F401,Sphingolipid-BTWT-Cell-pellet_1,multi,1,1.0,1,True
Sphingolipid-BTWT-Cell-pellet_1__F402,Sphingolipid-BTWT-Cell-pellet_1,single,1,1.0,1,True
Sphingolipid-BTWT-Cell-pellet_1__F403,Sphingolipid-BTWT-Cell-pellet_1,single,1,0.00626373291015625,0,False
Sphingolipid-BTWT-Cell-pellet_1__F404,Sphingolipid-BTWT-Cell-pellet_1,multi,1,0.00012636184692382812,0,False
Sphingolipid-BTWT-Cell-pellet_1__F405,Sphingolipid-BTWT-Cell-pellet_1,multi,1,0.9990234375,1,True
Sphingolipid-BTWT-Cell-pellet_1__F406,Sphingolipid-BTWT-Cell-pellet_1,empty,0,0.0,0,True
Sphingolipid-BTWT-Cell-pellet_1__F407,Sphingolipid-BTWT-Cell-pellet_1,multi,1,1.0,1,True
Sphingolipid-BTWT-Cell-pellet_1__F408,Sphingolipid-BTWT-Cell-pellet_1,single,1,1.0,1,True
Sphingolipid-BTWT-Cell-pellet_1__F409,Sphingolipid-BTWT-Cell-pellet_1,single,1,0.053985595703125,0,False
Sphingolipid-BTWT-Cell-pellet_1__F41,Sphingolipid-BTWT-Cell-pellet_1,multi,1,0.99951171875,1,True
Sphingolipid-BTWT-Cell-pellet_1__F410,Sphingolipid-BTWT-Cell-pellet_1,empty,0,0.0,0,True
Sphingolipid-BTWT-Cell-pellet_1__F411,Sphingolipid-BTWT-Cell-pellet_1,single,1,1.0,1,True
Sphingolipid-BTWT-Cell-pellet_1__F412,Sphingolipid-BTWT-Cell-pellet_1,empty,0,5.7220458984375e-06,0,True
Sphingolipid-BTWT-Cell-pellet_1__F413,Sphingolipid-BTWT-Cell-pellet_1,single,1,1.0,1,True
Sphingolipid-BTWT-Cell-pellet_1__F414,Sphingolipid-BTWT-Cell-pellet_1,single,1,1.0,1,True
Sphingolipid-BTWT-Cell-pellet_1__F415,Sphingolipid-BTWT-Cell-pellet_1,empty,0,0.0,0,True
Sphingolipid-BTWT-Cell-pellet_1__F416,Sphingolipid-BTWT-Cell-pellet_1,single,1,1.0,1,True
Sphingolipid-BTWT-Cell-pellet_1__F417,Sphingolipid-BTWT-Cell-pellet_1,single,1,1.0,1,True
Sphingolipid-BTWT-Cell-pellet_1__F418,Sphingolipid-BTWT-Cell-pellet_1,multi,1,1.0,1,True
Sphingolipid-BTWT-Cell-pellet_1__F419,Sphingolipid-BTWT-Cell-pellet_1,single,1,0.931640625,1,True
Sphingolipid-BTWT-Cell-pellet_1__F42,Sphingolipid-BTWT-Cell-pellet_1,empty,0,2.7298927307128906e-05,0,True
Sphingolipid-BTWT-Cell-pellet_1__F420,Sphingolipid-BTWT-Cell-pellet_1,single,1,0.07879638671875,0,False
Sphingolipid-BTWT-Cell-pellet_1__F421,Sphingolipid-BTWT-Cell-pellet_1,single,1,0.7060546875,1,True
Sphingolipid-BTWT-Cell-pellet_1__F422,Sphingolipid-BTWT-Cell-pellet_1,single,1,1.0,1,True
Sphingolipid-BTWT-Cell-pellet_1__F423,Sphingolipid-BTWT-Cell-pellet_1,multi,1,1.0,1,True
Sphingolipid-BTWT-Cell-pellet_1__F424,Sphingolipid-BTWT-Cell-pellet_1,single,1,1.0,1,True
Sphingolipid-BTWT-Cell-pellet_1__F425,Sphingolipid-BTWT-Cell-pellet_1,empty,0,3.337860107421875e-06,0,True
Sphingolipid-BTWT-Cell-pellet_1__F426,Sphingolipid-BTWT-Cell-pellet_1,single,0,0.00818634033203125,0,True
Sphingolipid-BTWT-Cell-pellet_1__F427,Sphingolipid-BTWT-Cell-pellet_1,single,1,1.0,1,True
Sphingolipid-BTWT-Cell-pellet_1__F428,Sphingolipid-BTWT-Cell-pellet_1,empty,0,0.0007410049438476562,0,True
Sphingolipid-BTWT-Cell-pellet_1__F429,Sphingolipid-BTWT-Cell-pellet_1,single,1,1.0,1,True
Sphingolipid-BTWT-Cell-pellet_1__F43,Sphingolipid-BTWT-Cell-pellet_1,multi,1,0.98486328125,1,True
Sphingolipid-BTWT-Cell-pellet_1__F431,Sphingolipid-BTWT-Cell-pellet_1,multi,1,1.0,1,True
Sphingolipid-BTWT-Cell-pellet_1__F432,Sphingolipid-BTWT-Cell-pellet_1,empty,0,4.267692565917969e-05,0,True
Sphingolipid-BTWT-Cell-pellet_1__F433,Sphingolipid-BTWT-Cell-pellet_1,empty,0,1.8656253814697266e-05,0,True
Sphingolipid-BTWT-Cell-pellet_1__F434,Sphingolipid-BTWT-Cell-pellet_1,empty,0,4.351139068603516e-06,0,True
Sphingolipid-BTWT-Cell-pellet_1__F435,Sphingolipid-BTWT-Cell-pellet_1,single,1,1.0,1,True
Sphingolipid-BTWT-Cell-pellet_1__F436,Sphingolipid-BTWT-Cell-pellet_1,multi,1,1.0,1,True
Sphingolipid-BTWT-Cell-pellet_1__F437,Sphingolipid-BTWT-Cell-pellet_1,multi,1,1.0,1,True
Sphingolipid-BTWT-Cell-pellet_1__F438,Sphingolipid-BTWT-Cell-pellet_1,empty,0,0.0005335807800292969,0,True
Sphingolipid-BTWT-Cell-pellet_1__F439,Sphingolipid-BTWT-Cell-pellet_1,empty,0,1.430511474609375e-06,0,True
Sphingolipid-BTWT-Cell-pellet_1__F44,Sphingolipid-BTWT-Cell-pellet_1,empty,0,0.0,0,True
Sphingolipid-BTWT-Cell-pellet_1__F440,Sphingolipid-BTWT-Cell-pellet_1,single,1,1.0,1,True
Sphingolipid-BTWT-Cell-pellet_1__F441,Sphingolipid-BTWT-Cell-pellet_1,empty,0,6.455183029174805e-05,0,True
Sphingolipid-BTWT-Cell-pellet_1__F442,Sphingolipid-BTWT-Cell-pellet_1,empty,0,0.0,0,True
Sphingolipid-BTWT-Cell-pellet_1__F443,Sphingolipid-BTWT-Cell-pellet_1,single,1,1.0,1,True
Sphingolipid-BTWT-Cell-pellet_1__F444,Sphingolipid-BTWT-Cell-pellet_1,empty,0,0.0,0,True
Sphingolipid-BTWT-Cell-pellet_1__F445,Sphingolipid-BTWT-Cell-pellet_1,single,1,1.0,1,True
Sphingolipid-BTWT-Cell-pellet_1__F446,Sphingolipid-BTWT-Cell-pellet_1,single,1,0.00428009033203125,0,False
Sphingolipid-BTWT-Cell-pellet_1__F447,Sphingolipid-BTWT-Cell-pellet_1,empty,0,0.0,0,True
Sphingolipid-BTWT-Cell-pellet_1__F448,Sphingolipid-BTWT-Cell-pellet_1,single,1,1.0,1,True
Sphingolipid-BTWT-Cell-pellet_1__F449,Sphingolipid-BTWT-Cell-pellet_1,single,1,1.0,1,True
Sphingolipid-BTWT-Cell-pellet_1__F45,Sphingolipid-BTWT-Cell-pellet_1,single,1,0.004718780517578125,0,False
Sphingolipid-BTWT-Cell-pellet_1__F450,Sphingolipid-BTWT-Cell-pellet_1,empty,0,5.960464477539063e-08,0,True
Sphingolipid-BTWT-Cell-pellet_1__F451,Sphingolipid-BTWT-Cell-pellet_1,single,1,0.2186279296875,0,False
Sphingolipid-BTWT-Cell-pellet_1__F452,Sphingolipid-BTWT-Cell-pellet_1,single,1,1.0,1,True
Sphingolipid-BTWT-Cell-pellet_1__F453,Sphingolipid-BTWT-Cell-pellet_1,single,1,0.00586700439453125,0,False
Sphingolipid-BTWT-Cell-pellet_1__F454,Sphingolipid-BTWT-Cell-pellet_1,single,1,1.0,1,True
Sphingolipid-BTWT-Cell-pellet_1__F455,Sphingolipid-BTWT-Cell-pellet_1,empty,0,1.1920928955078125e-07,0,True
Sphingolipid-BTWT-Cell-pellet_1__F456,Sphingolipid-BTWT-Cell-pellet_1,single,1,1.0,1,True
Sphingolipid-BTWT-Cell-pellet_1__F457,Sphingolipid-BTWT-Cell-pellet_1,empty,0,0.0,0,True
Sphingolipid-BTWT-Cell-pellet_1__F458,Sphingolipid-BTWT-Cell-pellet_1,single,1,0.955078125,1,True
Sphingolipid-BTWT-Cell-pellet_1__F459,Sphingolipid-BTWT-Cell-pellet_1,empty,0,8.344650268554688e-07,0,True
Sphingolipid-BTWT-Cell-pellet_1__F46,Sphingolipid-BTWT-Cell-pellet_1,empty,0,2.384185791015625e-07,0,True
Sphingolipid-BTWT-Cell-pellet_1__F460,Sphingolipid-BTWT-Cell-pellet_1,multi,1,0.07159423828125,0,False
Sphingolipid-BTWT-Cell-pellet_1__F461,Sphingolipid-BTWT-Cell-pellet_1,empty,0,0.004810333251953125,0,True
Sphingolipid-BTWT-Cell-pellet_1__F462,Sphingolipid-BTWT-Cell-pellet_1,single,1,1.0,1,True
Sphingolipid-BTWT-Cell-pellet_1__F463,Sphingolipid-BTWT-Cell-pellet_1,single,1,1.0,1,True
Sphingolipid-BTWT-Cell-pellet_1__F464,Sphingolipid-BTWT-Cell-pellet_1,empty,0,0.0,0,True
Sphingolipid-BTWT-Cell-pellet_1__F465,Sphingolipid-BTWT-Cell-pellet_1,empty,0,0.0,0,True
Sphingolipid-BTWT-Cell-pellet_1__F466,Sphingolipid-BTWT-Cell-pellet_1,empty,0,0.1663818359375,0,True
Sphingolipid-BTWT-Cell-pellet_1__F467,Sphingolipid-BTWT-Cell-pellet_1,single,1,1.0,1,True
Sphingolipid-BTWT-Cell-pellet_1__F468,Sphingolipid-BTWT-Cell-pellet_1,multi,1,1.0,1,True
Sphingolipid-BTWT-Cell-pellet_1__F469,Sphingolipid-BTWT-Cell-pellet_1,single,1,1.0,1,True
Sphingolipid-BTWT-Cell-pellet_1__F47,Sphingolipid-BTWT-Cell-pellet_1,single,1,1.0,1,True
Sphingolipid-BTWT-Cell-pellet_1__F470,Sphingolipid-BTWT-Cell-pellet_1,empty,0,0.0,0,True
Sphingolipid-BTWT-Cell-pellet_1__F471,Sphingolipid-BTWT-Cell-pellet_1,single,1,0.99951171875,1,True
Sphingolipid-BTWT-Cell-pellet_1__F472,Sphingolipid-BTWT-Cell-pellet_1,empty,0,1.1920928955078125e-07,0,True
Sphingolipid-BTWT-Cell-pellet_1__F473,Sphingolipid-BTWT-Cell-pellet_1,single,1,0.99658203125,1,True
Sphingolipid-BTWT-Cell-pellet_1__F474,Sphingolipid-BTWT-Cell-pellet_1,multi,1,0.0034961700439453125,0,False
Sphingolipid-BTWT-Cell-pellet_1__F475,Sphingolipid-BTWT-Cell-pellet_1,single,1,0.0029468536376953125,0,False
Sphingolipid-BTWT-Cell-pellet_1__F476,Sphingolipid-BTWT-Cell-pellet_1,empty,0,3.5762786865234375e-07,0,True
Sphingolipid-BTWT-Cell-pellet_1__F477,Sphingolipid-BTWT-Cell-pellet_1,empty,0,0.0,0,True
Sphingolipid-BTWT-Cell-pellet_1__F478,Sphingolipid-BTWT-Cell-pellet_1,single,0,5.960464477539063e-08,0,True
Sphingolipid-BTWT-Cell-pellet_1__F479,Sphingolipid-BTWT-Cell-pellet_1,single,1,1.0,1,True
Sphingolipid-BTWT-Cell-pellet_1__F48,Sphingolipid-BTWT-Cell-pellet_1,single,1,1.0,1,True
Sphingolipid-BTWT-Cell-pellet_1__F480,Sphingolipid-BTWT-Cell-pellet_1,single,1,0.90087890625,1,True
Sphingolipid-BTWT-Cell-pellet_1__F481,Sphingolipid-BTWT-Cell-pellet_1,empty,0,0.0,0,True
Sphingolipid-BTWT-Cell-pellet_1__F482,Sphingolipid-BTWT-Cell-pellet_1,single,1,1.0,1,True
Sphingolipid-BTWT-Cell-pellet_1__F483,Sphingolipid-BTWT-Cell-pellet_1,single,1,1.0,1,True
Sphingolipid-BTWT-Cell-pellet_1__F484,Sphingolipid-BTWT-Cell-pellet_1,empty,0,1.0728836059570312e-06,0,True
Sphingolipid-BTWT-Cell-pellet_1__F485,Sphingolipid-BTWT-Cell-pellet_1,single,1,1.0,1,True
Sphingolipid-BTWT-Cell-pellet_1__F486,Sphingolipid-BTWT-Cell-pellet_1,single,1,0.11456298828125,0,False
Sphingolipid-BTWT-Cell-pellet_1__F487,Sphingolipid-BTWT-Cell-pellet_1,empty,0,4.172325134277344e-06,0,True
Sphingolipid-BTWT-Cell-pellet_1__F488,Sphingolipid-BTWT-Cell-pellet_1,empty,0,0.0,0,True
Sphingolipid-BTWT-Cell-pellet_1__F489,Sphingolipid-BTWT-Cell-pellet_1,empty,0,0.0,0,True
Sphingolipid-BTWT-Cell-pellet_1__F49,Sphingolipid-BTWT-Cell-pellet_1,multi,1,1.0,1,True
Sphingolipid-BTWT-Cell-pellet_1__F490,Sphingolipid-BTWT-Cell-pellet_1,empty,0,2.1278858184814453e-05,0,True
Sphingolipid-BTWT-Cell-pellet_1__F491,Sphingolipid-BTWT-Cell-pellet_1,empty,0,0.0006070137023925781,0,True
Sphingolipid-BTWT-Cell-pellet_1__F492,Sphingolipid-BTWT-Cell-pellet_1,single,1,1.0,1,True
Sphingolipid-BTWT-Cell-pellet_1__F493,Sphingolipid-BTWT-Cell-pellet_1,single,1,1.0,1,True
Sphingolipid-BTWT-Cell-pellet_1__F494,Sphingolipid-BTWT-Cell-pellet_1,empty,0,0.99658203125,1,False
Sphingolipid-BTWT-Cell-pellet_1__F495,Sphingolipid-BTWT-Cell-pellet_1,single,1,0.99951171875,1,True
Sphingolipid-BTWT-Cell-pellet_1__F496,Sphingolipid-BTWT-Cell-pellet_1,single,1,0.98583984375,1,True
Sphingolipid-BTWT-Cell-pellet_1__F497,Sphingolipid-BTWT-Cell-pellet_1,single,1,1.0,1,True
Sphingolipid-BTWT-Cell-pellet_1__F498,Sphingolipid-BTWT-Cell-pellet_1,empty,0,0.00015234947204589844,0,True
Sphingolipid-BTWT-Cell-pellet_1__F499,Sphingolipid-BTWT-Cell-pellet_1,single,1,0.982421875,1,True
Sphingolipid-BTWT-Cell-pellet_1__F5,Sphingolipid-BTWT-Cell-pellet_1,single,1,1.0,1,True
Sphingolipid-BTWT-Cell-pellet_1__F50,Sphingolipid-BTWT-Cell-pellet_1,empty,0,5.960464477539063e-08,0,True
Sphingolipid-BTWT-Cell-pellet_1__F500,Sphingolipid-BTWT-Cell-pellet_1,single,1,1.0,1,True
Sphingolipid-BTWT-Cell-pellet_1__F501,Sphingolipid-BTWT-Cell-pellet_1,empty,0,0.0,0,True
Sphingolipid-BTWT-Cell-pellet_1__F502,Sphingolipid-BTWT-Cell-pellet_1,single,1,0.58154296875,1,True
Sphingolipid-BTWT-Cell-pellet_1__F503,Sphingolipid-BTWT-Cell-pellet_1,empty,0,8.940696716308594e-07,0,True
Sphingolipid-BTWT-Cell-pellet_1__F505,Sphingolipid-BTWT-Cell-pellet_1,single,1,1.0,1,True
Sphingolipid-BTWT-Cell-pellet_1__F506,Sphingolipid-BTWT-Cell-pellet_1,single,1,0.0160980224609375,0,False
Sphingolipid-BTWT-Cell-pellet_1__F507,Sphingolipid-BTWT-Cell-pellet_1,multi,1,1.0,1,True
Sphingolipid-BTWT-Cell-pellet_1__F508,Sphingolipid-BTWT-Cell-pellet_1,single,1,0.9990234375,1,True
Sphingolipid-BTWT-Cell-pellet_1__F509,Sphingolipid-BTWT-Cell-pellet_1,single,1,1.0,1,True
Sphingolipid-BTWT-Cell-pellet_1__F51,Sphingolipid-BTWT-Cell-pellet_1,single,1,1.0,1,True
Sphingolipid-BTWT-Cell-pellet_1__F510,Sphingolipid-BTWT-Cell-pellet_1,single,1,0.2467041015625,0,False
Sphingolipid-BTWT-Cell-pellet_1__F511,Sphingolipid-BTWT-Cell-pellet_1,single,1,0.0457763671875,0,False
Sphingolipid-BTWT-Cell-pellet_1__F512,Sphingolipid-BTWT-Cell-pellet_1,single,1,0.431884765625,0,False
Sphingolipid-BTWT-Cell-pellet_1__F513,Sphingolipid-BTWT-Cell-pellet_1,single,1,1.0,1,True
Sphingolipid-BTWT-Cell-pellet_1__F514,Sphingolipid-BTWT-Cell-pellet_1,multi,1,1.0,1,True
Sphingolipid-BTWT-Cell-pellet_1__F515,Sphingolipid-BTWT-Cell-pellet_1,empty,0,1.2516975402832031e-05,0,True
Sphingolipid-BTWT-Cell-pellet_1__F516,Sphingolipid-BTWT-Cell-pellet_1,single,1,1.0,1,True
Sphingolipid-BTWT-Cell-pellet_1__F517,Sphingolipid-BTWT-Cell-pellet_1,single,1,1.0,1,True
Sphingolipid-BTWT-Cell-pellet_1__F518,Sphingolipid-BTWT-Cell-pellet_1,single,1,1.0,1,True
Sphingolipid-BTWT-Cell-pellet_1__F519,Sphingolipid-BTWT-Cell-pellet_1,empty,0,1.1920928955078125e-07,0,True
Sphingolipid-BTWT-Cell-pellet_1__F52,Sphingolipid-BTWT-Cell-pellet_1,single,1,0.9853515625,1,True
Sphingolipid-BTWT-Cell-pellet_1__F520,Sphingolipid-BTWT-Cell-pellet_1,multi,1,1.0728836059570312e-06,0,False
Sphingolipid-BTWT-Cell-pellet_1__F521,Sphingolipid-BTWT-Cell-pellet_1,empty,0,0.0,0,True
Sphingolipid-BTWT-Cell-pellet_1__F522,Sphingolipid-BTWT-Cell-pellet_1,single,1,0.0174407958984375,0,False
Sphingolipid-BTWT-Cell-pellet_1__F523,Sphingolipid-BTWT-Cell-pellet_1,empty,0,0.0,0,True
Sphingolipid-BTWT-Cell-pellet_1__F524,Sphingolipid-BTWT-Cell-pellet_1,single,1,1.0,1,True
Sphingolipid-BTWT-Cell-pellet_1__F525,Sphingolipid-BTWT-Cell-pellet_1,single,1,1.0,1,True
Sphingolipid-BTWT-Cell-pellet_1__F526,Sphingolipid-BTWT-Cell-pellet_1,empty,0,0.0,0,True
Sphingolipid-BTWT-Cell-pellet_1__F527,Sphingolipid-BTWT-Cell-pellet_1,empty,0,0.00130462646484375,0,True
Sphingolipid-BTWT-Cell-pellet_1__F528,Sphingolipid-BTWT-Cell-pellet_1,empty,0,0.0,0,True
Sphingolipid-BTWT-Cell-pellet_1__F529,Sphingolipid-BTWT-Cell-pellet_1,single,1,1.0,1,True
Sphingolipid-BTWT-Cell-pellet_1__F53,Sphingolipid-BTWT-Cell-pellet_1,empty,0,3.5762786865234375e-07,0,True
Sphingolipid-BTWT-Cell-pellet_1__F530,Sphingolipid-BTWT-Cell-pellet_1,empty,0,0.0,0,True
Sphingolipid-BTWT-Cell-pellet_1__F531,Sphingolipid-BTWT-Cell-pellet_1,single,1,1.0,1,True
Sphingolipid-BTWT-Cell-pellet_1__F532,Sphingolipid-BTWT-Cell-pellet_1,single,1,0.99609375,1,True
Sphingolipid-BTWT-Cell-pellet_1__F533,Sphingolipid-BTWT-Cell-pellet_1,empty,0,5.960464477539062e-07,0,True
Sphingolipid-BTWT-Cell-pellet_1__F534,Sphingolipid-BTWT-Cell-pellet_1,single,1,0.00595855712890625,0,False
Sphingolipid-BTWT-Cell-pellet_1__F535,Sphingolipid-BTWT-Cell-pellet_1,single,1,1.0,1,True
Sphingolipid-BTWT-Cell-pellet_1__F536,Sphingolipid-BTWT-Cell-pellet_1,single,1,1.0,1,True
Sphingolipid-BTWT-Cell-pellet_1__F537,Sphingolipid-BTWT-Cell-pellet_1,single,1,1.0,1,True
Sphingolipid-BTWT-Cell-pellet_1__F538,Sphingolipid-BTWT-Cell-pellet_1,empty,0,7.152557373046875e-07,0,True
Sphingolipid-BTWT-Cell-pellet_1__F539,Sphingolipid-BTWT-Cell-pellet_1,empty,0,0.0,0,True
Sphingolipid-BTWT-Cell-pellet_1__F54,Sphingolipid-BTWT-Cell-pellet_1,multi,1,1.0,1,True
Sphingolipid-BTWT-Cell-pellet_1__F540,Sphingolipid-BTWT-Cell-pellet_1,multi,1,1.0,1,True
Sphingolipid-BTWT-Cell-pellet_1__F541,Sphingolipid-BTWT-Cell-pellet_1,empty,0,5.960464477539063e-08,0,True
Sphingolipid-BTWT-Cell-pellet_1__F542,Sphingolipid-BTWT-Cell-pellet_1,single,1,1.0,1,True
Sphingolipid-BTWT-Cell-pellet_1__F543,Sphingolipid-BTWT-Cell-pellet_1,single,1,1.0,1,True
Sphingolipid-BTWT-Cell-pellet_1__F544,Sphingolipid-BTWT-Cell-pellet_1,multi,1,1.0,1,True
Sphingolipid-BTWT-Cell-pellet_1__F545,Sphingolipid-BTWT-Cell-pellet_1,single,1,0.0011205673217773438,0,False
Sphingolipid-BTWT-Cell-pellet_1__F546,Sphingolipid-BTWT-Cell-pellet_1,single,1,1.0,1,True
Sphingolipid-BTWT-Cell-pellet_1__F547,Sphingolipid-BTWT-Cell-pellet_1,empty,0,5.960464477539063e-08,0,True
Sphingolipid-BTWT-Cell-pellet_1__F548,Sphingolipid-BTWT-Cell-pellet_1,empty,0,1.9252300262451172e-05,0,True
Sphingolipid-BTWT-Cell-pellet_1__F549,Sphingolipid-BTWT-Cell-pellet_1,empty,0,0.0,0,True
Sphingolipid-BTWT-Cell-pellet_1__F55,Sphingolipid-BTWT-Cell-pellet_1,single,1,0.88916015625,1,True
Sphingolipid-BTWT-Cell-pellet_1__F550,Sphingolipid-BTWT-Cell-pellet_1,empty,0,2.8192996978759766e-05,0,True
Sphingolipid-BTWT-Cell-pellet_1__F56,Sphingolipid-BTWT-Cell-pellet_1,multi,1,1.0,1,True
Sphingolipid-BTWT-Cell-pellet_1__F57,Sphingolipid-BTWT-Cell-pellet_1,single,1,0.085693359375,0,False
Sphingolipid-BTWT-Cell-pellet_1__F58,Sphingolipid-BTWT-Cell-pellet_1,single,0,1.0,1,False
Sphingolipid-BTWT-Cell-pellet_1__F59,Sphingolipid-BTWT-Cell-pellet_1,empty,0,0.0,0,True
Sphingolipid-BTWT-Cell-pellet_1__F6,Sphingolipid-BTWT-Cell-pellet_1,multi,1,1.0,1,True
Sphingolipid-BTWT-Cell-pellet_1__F60,Sphingolipid-BTWT-Cell-pellet_1,single,1,1.0,1,True
Sphingolipid-BTWT-Cell-pellet_1__F61,Sphingolipid-BTWT-Cell-pellet_1,single,1,1.0,1,True
Sphingolipid-BTWT-Cell-pellet_1__F62,Sphingolipid-BTWT-Cell-pellet_1,single,1,1.0,1,True
Sphingolipid-BTWT-Cell-pellet_1__F63,Sphingolipid-BTWT-Cell-pellet_1,single,1,1.0,1,True
Sphingolipid-BTWT-Cell-pellet_1__F64,Sphingolipid-BTWT-Cell-pellet_1,single,1,1.0,1,True
Sphingolipid-BTWT-Cell-pellet_1__F65,Sphingolipid-BTWT-Cell-pellet_1,single,1,1.0,1,True
Sphingolipid-BTWT-Cell-pellet_1__F66,Sphingolipid-BTWT-Cell-pellet_1,single,1,1.0,1,True
Sphingolipid-BTWT-Cell-pellet_1__F67,Sphingolipid-BTWT-Cell-pellet_1,empty,0,0.9921875,1,False
Sphingolipid-BTWT-Cell-pellet_1__F68,Sphingolipid-BTWT-Cell-pellet_1,empty,0,0.0003712177276611328,0,True
Sphingolipid-BTWT-Cell-pellet_1__F69,Sphingolipid-BTWT-Cell-pellet_1,multi,1,0.9990234375,1,True
Sphingolipid-BTWT-Cell-pellet_1__F7,Sphingolipid-BTWT-Cell-pellet_1,single,1,0.037322998046875,0,False
Sphingolipid-BTWT-Cell-pellet_1__F70,Sphingolipid-BTWT-Cell-pellet_1,single,1,0.68798828125,1,True
Sphingolipid-BTWT-Cell-pellet_1__F71,Sphingolipid-BTWT-Cell-pellet_1,single,1,0.99951171875,1,True
Sphingolipid-BTWT-Cell-pellet_1__F72,Sphingolipid-BTWT-Cell-pellet_1,empty,0,0.0001323223114013672,0,True
Sphingolipid-BTWT-Cell-pellet_1__F73,Sphingolipid-BTWT-Cell-pellet_1,single,1,1.0,1,True
Sphingolipid-BTWT-Cell-pellet_1__F74,Sphingolipid-BTWT-Cell-pellet_1,empty,0,0.58447265625,1,False
Sphingolipid-BTWT-Cell-pellet_1__F75,Sphingolipid-BTWT-Cell-pellet_1,multi,1,1.0,1,True
Sphingolipid-BTWT-Cell-pellet_1__F76,Sphingolipid-BTWT-Cell-pellet_1,single,1,0.99951171875,1,True
Sphingolipid-BTWT-Cell-pellet_1__F77,Sphingolipid-BTWT-Cell-pellet_1,single,1,1.0,1,True
Sphingolipid-BTWT-Cell-pellet_1__F78,Sphingolipid-BTWT-Cell-pellet_1,single,1,1.0,1,True
Sphingolipid-BTWT-Cell-pellet_1__F79,Sphingolipid-BTWT-Cell-pellet_1,single,1,1.0,1,True
Sphingolipid-BTWT-Cell-pellet_1__F8,Sphingolipid-BTWT-Cell-pellet_1,single,1,1.0,1,True
Sphingolipid-BTWT-Cell-pellet_1__F80,Sphingolipid-BTWT-Cell-pellet_1,empty,0,0.984375,1,False
Sphingolipid-BTWT-Cell-pellet_1__F81,Sphingolipid-BTWT-Cell-pellet_1,single,1,0.99853515625,1,True
Sphingolipid-BTWT-Cell-pellet_1__F82,Sphingolipid-BTWT-Cell-pellet_1,single,1,1.0,1,True
Sphingolipid-BTWT-Cell-pellet_1__F83,Sphingolipid-BTWT-Cell-pellet_1,empty,0,6.556510925292969e-07,0,True
Sphingolipid-BTWT-Cell-pellet_1__F84,Sphingolipid-BTWT-Cell-pellet_1,empty,0,0.0030994415283203125,0,True
Sphingolipid-BTWT-Cell-pellet_1__F85,Sphingolipid-BTWT-Cell-pellet_1,single,1,1.0,1,True
Sphingolipid-BTWT-Cell-pellet_1__F86,Sphingolipid-BTWT-Cell-pellet_1,single,1,0.05975341796875,0,False
Sphingolipid-BTWT-Cell-pellet_1__F87,Sphingolipid-BTWT-Cell-pellet_1,empty,0,1.1920928955078125e-07,0,True
Sphingolipid-BTWT-Cell-pellet_1__F88,Sphingolipid-BTWT-Cell-pellet_1,single,1,0.0010080337524414062,0,False
Sphingolipid-BTWT-Cell-pellet_1__F89,Sphingolipid-BTWT-Cell-pellet_1,multi,1,1.0,1,True
Sphingolipid-BTWT-Cell-pellet_1__F9,Sphingolipid-BTWT-Cell-pellet_1,single,1,2.2649765014648438e-05,0,False
Sphingolipid-BTWT-Cell-pellet_1__F90,Sphingolipid-BTWT-Cell-pellet_1,single,1,0.91357421875,1,True
Sphingolipid-BTWT-Cell-pellet_1__F91,Sphingolipid-BTWT-Cell-pellet_1,single,0,0.0,0,True
Sphingolipid-BTWT-Cell-pellet_1__F92,Sphingolipid-BTWT-Cell-pellet_1,empty,0,0.0,0,True
Sphingolipid-BTWT-Cell-pellet_1__F93,Sphingolipid-BTWT-Cell-pellet_1,multi,1,0.9853515625,1,True
Sphingolipid-BTWT-Cell-pellet_1__F94,Sphingolipid-BTWT-Cell-pellet_1,single,1,0.98388671875,1,True
Sphingolipid-BTWT-Cell-pellet_1__F95,Sphingolipid-BTWT-Cell-pellet_1,single,1,1.0,1,True
Sphingolipid-BTWT-Cell-pellet_1__F96,Sphingolipid-BTWT-Cell-pellet_1,single,1,0.9990234375,1,True
Sphingolipid-BTWT-Cell-pellet_1__F97,Sphingolipid-BTWT-Cell-pellet_1,empty,0,0.0,0,True
Sphingolipid-BTWT-Cell-pellet_1__F98,Sphingolipid-BTWT-Cell-pellet_1,multi,1,1.0,1,True
Sphingolipid-BTWT-Cell-pellet_1__F99,Sphingolipid-BTWT-Cell-pellet_1,empty,0,7.748603820800781e-07,0,True
