sample_id,source_file,true_peak_count_class,true_positive,false_positive,false_negative,target_count,prediction_count,exact_count,count_absolute_error,mean_matched_iou
20180321_S00033936_P__F1,20180321_S00033936_P,single,1,0,0,1,1,True,0,0.9749965667724609
20180321_S00033936_P__F10,20180321_S00033936_P,single,1,0,0,1,1,True,0,0.8659873604774475
20180321_S00033936_P__F100,20180321_S00033936_P,single,1,1,0,1,2,False,1,0.7137731909751892
20180321_S00033936_P__F101,20180321_S00033936_P,single,1,1,0,1,2,False,1,0.5986759066581726
20180321_S00033936_P__F102,20180321_S00033936_P,multi,2,0,0,2,2,True,0,0.7380912601947784
20180321_S00033936_P__F103,20180321_S00033936_P,single,1,0,0,1,1,True,0,0.9114746451377869
20180321_S00033936_P__F104,20180321_S00033936_P,single,1,1,0,1,2,False,1,0.9573000073432922
20180321_S00033936_P__F105,20180321_S00033936_P,single,1,0,0,1,1,True,0,0.7701007723808289
20180321_S00033936_P__F106,20180321_S00033936_P,multi,3,0,0,3,3,True,0,0.9131513436635336
20180321_S00033936_P__F107,20180321_S00033936_P,multi,2,0,2,4,2,False,2,0.9583039581775665
20180321_S00033936_P__F108,20180321_S00033936_P,multi,4,1,1,5,5,True,0,0.846635103225708
20180321_S00033936_P__F109,20180321_S00033936_P,multi,1,0,1,2,1,False,1,0.9423028826713562
20180321_S00033936_P__F11,20180321_S00033936_P,single,1,0,0,1,1,True,0,0.9545798897743225
20180321_S00033936_P__F110,20180321_S00033936_P,multi,2,0,0,2,2,True,0,0.9397095143795013
20180321_S00033936_P__F111,20180321_S00033936_P,single,1,0,0,1,1,True,0,0.9231583476066589
20180321_S00033936_P__F112,20180321_S00033936_P,single,1,0,0,1,1,True,0,0.9530694484710693
20180321_S00033936_P__F113,20180321_S00033936_P,empty,0,2,0,0,2,False,2,0.0
20180321_S00033936_P__F114,20180321_S00033936_P,single,1,0,0,1,1,True,0,0.9228814840316772
20180321_S00033936_P__F115,20180321_S00033936_P,single,0,3,1,1,3,False,2,0.0
20180321_S00033936_P__F116,20180321_S00033936_P,multi,2,0,0,2,2,True,0,0.937306821346283
20180321_S00033936_P__F117,20180321_S00033936_P,multi,1,0,1,2,1,False,1,0.9348184466362
20180321_S00033936_P__F118,20180321_S00033936_P,multi,2,0,0,2,2,True,0,0.8961606025695801
20180321_S00033936_P__F119,20180321_S00033936_P,single,1,0,0,1,1,True,0,0.9124292731285095
20180321_S00033936_P__F12,20180321_S00033936_P,empty,0,1,0,0,1,False,1,0.0
20180321_S00033936_P__F120,20180321_S00033936_P,multi,3,0,1,4,3,False,1,0.9084759553273519
20180321_S00033936_P__F121,20180321_S00033936_P,single,1,0,0,1,1,True,0,0.9484412670135498
20180321_S00033936_P__F122,20180321_S00033936_P,single,1,0,0,1,1,True,0,0.7516064643859863
20180321_S00033936_P__F123,20180321_S00033936_P,single,1,0,0,1,1,True,0,0.9496298432350159
20180321_S00033936_P__F124,20180321_S00033936_P,single,1,0,0,1,1,True,0,0.9365785717964172
20180321_S00033936_P__F125,20180321_S00033936_P,multi,0,1,2,2,1,False,1,0.0
20180321_S00033936_P__F126,20180321_S00033936_P,multi,4,0,0,4,4,True,0,0.8822737634181976
20180321_S00033936_P__F127,20180321_S00033936_P,single,1,0,0,1,1,True,0,0.951198935508728
20180321_S00033936_P__F128,20180321_S00033936_P,single,1,1,0,1,2,False,1,0.9540497064590454
20180321_S00033936_P__F129,20180321_S00033936_P,empty,0,2,0,0,2,False,2,0.0
20180321_S00033936_P__F13,20180321_S00033936_P,single,1,0,0,1,1,True,0,0.9317585229873657
20180321_S00033936_P__F130,20180321_S00033936_P,multi,2,0,0,2,2,True,0,0.9228692650794983
20180321_S00033936_P__F131,20180321_S00033936_P,multi,2,0,0,2,2,True,0,0.882286936044693
20180321_S00033936_P__F132,20180321_S00033936_P,single,1,0,0,1,1,True,0,0.8363519906997681
20180321_S00033936_P__F133,20180321_S00033936_P,single,1,0,0,1,1,True,0,0.96589195728302
20180321_S00033936_P__F134,20180321_S00033936_P,single,1,0,0,1,1,True,0,0.7270114421844482
20180321_S00033936_P__F135,20180321_S00033936_P,single,1,0,0,1,1,True,0,0.8067240715026855
20180321_S00033936_P__F136,20180321_S00033936_P,multi,2,0,0,2,2,True,0,0.9285270273685455
20180321_S00033936_P__F137,20180321_S00033936_P,multi,2,0,0,2,2,True,0,0.8133272230625153
20180321_S00033936_P__F138,20180321_S00033936_P,multi,4,1,0,4,5,False,1,0.8557596802711487
20180321_S00033936_P__F139,20180321_S00033936_P,single,1,0,0,1,1,True,0,0.9262987971305847
20180321_S00033936_P__F14,20180321_S00033936_P,single,1,0,0,1,1,True,0,0.980034589767456
20180321_S00033936_P__F140,20180321_S00033936_P,empty,0,1,0,0,1,False,1,0.0
20180321_S00033936_P__F141,20180321_S00033936_P,multi,2,0,0,2,2,True,0,0.8308250606060028
20180321_S00033936_P__F142,20180321_S00033936_P,multi,3,0,1,4,3,False,1,0.8156905174255371
20180321_S00033936_P__F143,20180321_S00033936_P,single,1,0,0,1,1,True,0,0.8137571215629578
20180321_S00033936_P__F144,20180321_S00033936_P,multi,2,0,0,2,2,True,0,0.9118741750717163
20180321_S00033936_P__F145,20180321_S00033936_P,single,0,1,1,1,1,True,0,0.0
20180321_S00033936_P__F146,20180321_S00033936_P,multi,3,0,0,3,3,True,0,0.9109148780504862
20180321_S00033936_P__F147,20180321_S00033936_P,multi,2,0,0,2,2,True,0,0.9537990391254425
20180321_S00033936_P__F148,20180321_S00033936_P,multi,4,0,0,4,4,True,0,0.9142509251832962
20180321_S00033936_P__F15,20180321_S00033936_P,single,1,0,0,1,1,True,0,0.9790870547294617
20180321_S00033936_P__F150,20180321_S00033936_P,single,1,0,0,1,1,True,0,0.9349755644798279
20180321_S00033936_P__F151,20180321_S00033936_P,single,1,0,0,1,1,True,0,0.8082743287086487
20180321_S00033936_P__F152,20180321_S00033936_P,single,1,0,0,1,1,True,0,0.9460538029670715
20180321_S00033936_P__F153,20180321_S00033936_P,single,1,2,0,1,3,False,2,0.9518318176269531
20180321_S00033936_P__F154,20180321_S00033936_P,multi,3,0,0,3,3,True,0,0.9003428419431051
20180321_S00033936_P__F155,20180321_S00033936_P,single,1,0,0,1,1,True,0,0.9446148872375488
20180321_S00033936_P__F156,20180321_S00033936_P,multi,2,0,0,2,2,True,0,0.7435828745365143
20180321_S00033936_P__F157,20180321_S00033936_P,single,1,0,0,1,1,True,0,0.9298405647277832
20180321_S00033936_P__F158,20180321_S00033936_P,single,1,1,0,1,2,False,1,0.9298886656761169
20180321_S00033936_P__F159,20180321_S00033936_P,multi,2,0,0,2,2,True,0,0.8908922076225281
20180321_S00033936_P__F16,20180321_S00033936_P,multi,1,0,1,2,1,False,1,0.6635246872901917
20180321_S00033936_P__F160,20180321_S00033936_P,single,1,2,0,1,3,False,2,0.9137434959411621
20180321_S00033936_P__F161,20180321_S00033936_P,single,1,0,0,1,1,True,0,0.8975012302398682
20180321_S00033936_P__F162,20180321_S00033936_P,multi,2,0,0,2,2,True,0,0.8621659278869629
20180321_S00033936_P__F163,20180321_S00033936_P,multi,3,0,0,3,3,True,0,0.8427159388860067
20180321_S00033936_P__F164,20180321_S00033936_P,single,1,0,0,1,1,True,0,0.9424026012420654
20180321_S00033936_P__F165,20180321_S00033936_P,single,1,0,0,1,1,True,0,0.9604882001876831
20180321_S00033936_P__F166,20180321_S00033936_P,single,1,0,0,1,1,True,0,0.8127537369728088
20180321_S00033936_P__F167,20180321_S00033936_P,single,1,1,0,1,2,False,1,0.9426155090332031
20180321_S00033936_P__F168,20180321_S00033936_P,single,1,0,0,1,1,True,0,0.9421162605285645
20180321_S00033936_P__F169,20180321_S00033936_P,multi,3,0,1,4,3,False,1,0.8491979042689005
20180321_S00033936_P__F17,20180321_S00033936_P,single,1,0,0,1,1,True,0,0.9370006918907166
20180321_S00033936_P__F170,20180321_S00033936_P,multi,2,0,0,2,2,True,0,0.8130382299423218
20180321_S00033936_P__F171,20180321_S00033936_P,multi,2,2,0,2,4,False,2,0.8680054843425751
20180321_S00033936_P__F172,20180321_S00033936_P,single,1,0,0,1,1,True,0,0.9377955794334412
20180321_S00033936_P__F173,20180321_S00033936_P,multi,3,1,0,3,4,False,1,0.744119127591451
20180321_S00033936_P__F174,20180321_S00033936_P,multi,2,0,0,2,2,True,0,0.9553174674510956
20180321_S00033936_P__F175,20180321_S00033936_P,single,1,0,0,1,1,True,0,0.8712300062179565
20180321_S00033936_P__F176,20180321_S00033936_P,single,0,4,1,1,4,False,3,0.0
20180321_S00033936_P__F177,20180321_S00033936_P,multi,2,0,0,2,2,True,0,0.874907910823822
20180321_S00033936_P__F178,20180321_S00033936_P,multi,2,0,0,2,2,True,0,0.9018866121768951
20180321_S00033936_P__F179,20180321_S00033936_P,multi,2,0,0,2,2,True,0,0.9267323613166809
20180321_S00033936_P__F18,20180321_S00033936_P,multi,3,0,0,3,3,True,0,0.8435397942860922
20180321_S00033936_P__F180,20180321_S00033936_P,single,1,0,0,1,1,True,0,0.9288418292999268
20180321_S00033936_P__F181,20180321_S00033936_P,single,1,0,0,1,1,True,0,0.8813285827636719
20180321_S00033936_P__F182,20180321_S00033936_P,multi,3,0,0,3,3,True,0,0.9302162528038025
20180321_S00033936_P__F183,20180321_S00033936_P,multi,2,0,0,2,2,True,0,0.9308583736419678
20180321_S00033936_P__F184,20180321_S00033936_P,single,1,0,0,1,1,True,0,0.9324005246162415
20180321_S00033936_P__F185,20180321_S00033936_P,multi,1,0,1,2,1,False,1,0.8222915530204773
20180321_S00033936_P__F186,20180321_S00033936_P,single,1,0,0,1,1,True,0,0.9414299130439758
20180321_S00033936_P__F187,20180321_S00033936_P,single,1,0,0,1,1,True,0,0.9446055293083191
20180321_S00033936_P__F188,20180321_S00033936_P,multi,2,1,0,2,3,False,1,0.9185585081577301
20180321_S00033936_P__F189,20180321_S00033936_P,empty,0,0,0,0,0,True,0,0.0
20180321_S00033936_P__F19,20180321_S00033936_P,single,1,0,0,1,1,True,0,0.9466164708137512
20180321_S00033936_P__F190,20180321_S00033936_P,multi,3,0,0,3,3,True,0,0.8766485651334127
20180321_S00033936_P__F191,20180321_S00033936_P,single,1,0,0,1,1,True,0,0.9303110241889954
20180321_S00033936_P__F192,20180321_S00033936_P,single,1,1,0,1,2,False,1,0.5322299599647522
20180321_S00033936_P__F193,20180321_S00033936_P,multi,2,0,0,2,2,True,0,0.92776820063591
20180321_S00033936_P__F194,20180321_S00033936_P,single,1,0,0,1,1,True,0,0.8941954374313354
20180321_S00033936_P__F195,20180321_S00033936_P,single,1,0,0,1,1,True,0,0.9545945525169373
20180321_S00033936_P__F196,20180321_S00033936_P,multi,2,0,0,2,2,True,0,0.9101566970348358
20180321_S00033936_P__F197,20180321_S00033936_P,single,1,0,0,1,1,True,0,0.9593344926834106
20180321_S00033936_P__F198,20180321_S00033936_P,single,1,3,0,1,4,False,3,0.9435142874717712
20180321_S00033936_P__F199,20180321_S00033936_P,single,1,0,0,1,1,True,0,0.9484925866127014
20180321_S00033936_P__F2,20180321_S00033936_P,single,1,0,0,1,1,True,0,0.5597000122070312
20180321_S00033936_P__F20,20180321_S00033936_P,single,1,0,0,1,1,True,0,0.9275802969932556
20180321_S00033936_P__F200,20180321_S00033936_P,single,1,0,0,1,1,True,0,0.949876606464386
20180321_S00033936_P__F201,20180321_S00033936_P,single,1,2,0,1,3,False,2,0.9492000937461853
20180321_S00033936_P__F202,20180321_S00033936_P,multi,2,1,0,2,3,False,1,0.9122194647789001
20180321_S00033936_P__F203,20180321_S00033936_P,single,1,0,0,1,1,True,0,0.9759609699249268
20180321_S00033936_P__F204,20180321_S00033936_P,single,1,1,0,1,2,False,1,0.6447305083274841
20180321_S00033936_P__F205,20180321_S00033936_P,multi,3,0,0,3,3,True,0,0.9545644919077555
20180321_S00033936_P__F206,20180321_S00033936_P,multi,2,0,0,2,2,True,0,0.7965623736381531
20180321_S00033936_P__F207,20180321_S00033936_P,multi,2,0,0,2,2,True,0,0.9290257096290588
20180321_S00033936_P__F208,20180321_S00033936_P,multi,2,0,0,2,2,True,0,0.9452039003372192
20180321_S00033936_P__F209,20180321_S00033936_P,single,1,0,0,1,1,True,0,0.9059043526649475
20180321_S00033936_P__F21,20180321_S00033936_P,multi,2,0,0,2,2,True,0,0.9248027801513672
20180321_S00033936_P__F210,20180321_S00033936_P,single,0,2,1,1,2,False,1,0.0
20180321_S00033936_P__F211,20180321_S00033936_P,multi,2,1,0,2,3,False,1,0.785493791103363
20180321_S00033936_P__F212,20180321_S00033936_P,single,1,0,0,1,1,True,0,0.8228835463523865
20180321_S00033936_P__F213,20180321_S00033936_P,single,1,1,0,1,2,False,1,0.8925458192825317
20180321_S00033936_P__F214,20180321_S00033936_P,multi,2,1,0,2,3,False,1,0.9453731775283813
20180321_S00033936_P__F215,20180321_S00033936_P,multi,2,0,0,2,2,True,0,0.8981977701187134
20180321_S00033936_P__F216,20180321_S00033936_P,single,1,0,0,1,1,True,0,0.9535087943077087
20180321_S00033936_P__F217,20180321_S00033936_P,single,1,2,0,1,3,False,2,0.6656695008277893
20180321_S00033936_P__F218,20180321_S00033936_P,single,1,3,0,1,4,False,3,0.5610941052436829
20180321_S00033936_P__F219,20180321_S00033936_P,multi,2,1,0,2,3,False,1,0.7739834189414978
20180321_S00033936_P__F22,20180321_S00033936_P,multi,2,0,0,2,2,True,0,0.9389072060585022
20180321_S00033936_P__F220,20180321_S00033936_P,multi,3,1,0,3,4,False,1,0.8529839515686035
20180321_S00033936_P__F221,20180321_S00033936_P,single,1,0,0,1,1,True,0,0.9108116030693054
20180321_S00033936_P__F222,20180321_S00033936_P,single,1,0,0,1,1,True,0,0.9464543461799622
20180321_S00033936_P__F223,20180321_S00033936_P,single,1,0,0,1,1,True,0,0.9457725286483765
20180321_S00033936_P__F224,20180321_S00033936_P,single,1,1,0,1,2,False,1,0.952843427658081
20180321_S00033936_P__F225,20180321_S00033936_P,single,1,0,0,1,1,True,0,0.789225161075592
20180321_S00033936_P__F226,20180321_S00033936_P,single,1,1,0,1,2,False,1,0.9408528208732605
20180321_S00033936_P__F227,20180321_S00033936_P,multi,2,1,0,2,3,False,1,0.8920776546001434
20180321_S00033936_P__F228,20180321_S00033936_P,single,1,1,0,1,2,False,1,0.9398794174194336
20180321_S00033936_P__F229,20180321_S00033936_P,single,1,0,0,1,1,True,0,0.8671478033065796
20180321_S00033936_P__F23,20180321_S00033936_P,single,1,2,0,1,3,False,2,0.6042296290397644
20180321_S00033936_P__F230,20180321_S00033936_P,single,1,0,0,1,1,True,0,0.9286134243011475
20180321_S00033936_P__F231,20180321_S00033936_P,single,1,2,0,1,3,False,2,0.9725508093833923
20180321_S00033936_P__F232,20180321_S00033936_P,empty,0,0,0,0,0,True,0,0.0
20180321_S00033936_P__F233,20180321_S00033936_P,single,1,0,0,1,1,True,0,0.9030760526657104
20180321_S00033936_P__F234,20180321_S00033936_P,single,1,0,0,1,1,True,0,0.9186887145042419
20180321_S00033936_P__F235,20180321_S00033936_P,single,1,0,0,1,1,True,0,0.9321686029434204
20180321_S00033936_P__F236,20180321_S00033936_P,single,1,0,0,1,1,True,0,0.9771628975868225
20180321_S00033936_P__F237,20180321_S00033936_P,single,1,0,0,1,1,True,0,0.9183762669563293
20180321_S00033936_P__F238,20180321_S00033936_P,single,1,0,0,1,1,True,0,0.9396278858184814
20180321_S00033936_P__F239,20180321_S00033936_P,single,1,0,0,1,1,True,0,0.9584296345710754
20180321_S00033936_P__F24,20180321_S00033936_P,multi,5,0,0,5,5,True,0,0.9085022211074829
20180321_S00033936_P__F240,20180321_S00033936_P,empty,0,1,0,0,1,False,1,0.0
20180321_S00033936_P__F241,20180321_S00033936_P,single,1,1,0,1,2,False,1,0.8783255219459534
20180321_S00033936_P__F242,20180321_S00033936_P,single,1,0,0,1,1,True,0,0.7727115154266357
20180321_S00033936_P__F243,20180321_S00033936_P,single,1,0,0,1,1,True,0,0.8598242402076721
20180321_S00033936_P__F244,20180321_S00033936_P,single,1,1,0,1,2,False,1,0.7324752807617188
20180321_S00033936_P__F245,20180321_S00033936_P,empty,0,0,0,0,0,True,0,0.0
20180321_S00033936_P__F246,20180321_S00033936_P,multi,1,1,1,2,2,True,0,0.6909065842628479
20180321_S00033936_P__F247,20180321_S00033936_P,multi,3,0,0,3,3,True,0,0.9261447985967001
20180321_S00033936_P__F248,20180321_S00033936_P,single,1,0,0,1,1,True,0,0.904858410358429
20180321_S00033936_P__F249,20180321_S00033936_P,multi,2,1,0,2,3,False,1,0.8397204875946045
20180321_S00033936_P__F25,20180321_S00033936_P,single,1,1,0,1,2,False,1,0.7424753308296204
20180321_S00033936_P__F250,20180321_S00033936_P,single,1,1,0,1,2,False,1,0.9244812726974487
20180321_S00033936_P__F251,20180321_S00033936_P,single,1,1,0,1,2,False,1,0.8320202231407166
20180321_S00033936_P__F252,20180321_S00033936_P,empty,0,1,0,0,1,False,1,0.0
20180321_S00033936_P__F253,20180321_S00033936_P,multi,2,1,0,2,3,False,1,0.9483899474143982
20180321_S00033936_P__F254,20180321_S00033936_P,single,1,0,0,1,1,True,0,0.9382337331771851
20180321_S00033936_P__F255,20180321_S00033936_P,single,1,0,0,1,1,True,0,0.9386870265007019
20180321_S00033936_P__F256,20180321_S00033936_P,multi,2,0,0,2,2,True,0,0.9259693324565887
20180321_S00033936_P__F257,20180321_S00033936_P,single,1,0,0,1,1,True,0,0.9414796829223633
20180321_S00033936_P__F258,20180321_S00033936_P,single,1,1,0,1,2,False,1,0.7384058833122253
20180321_S00033936_P__F259,20180321_S00033936_P,multi,2,0,0,2,2,True,0,0.9622557163238525
20180321_S00033936_P__F26,20180321_S00033936_P,multi,3,0,0,3,3,True,0,0.8466706077257792
20180321_S00033936_P__F260,20180321_S00033936_P,single,1,0,0,1,1,True,0,0.9123135209083557
20180321_S00033936_P__F261,20180321_S00033936_P,single,1,1,0,1,2,False,1,0.8907806277275085
20180321_S00033936_P__F262,20180321_S00033936_P,single,1,1,0,1,2,False,1,0.9354404211044312
20180321_S00033936_P__F263,20180321_S00033936_P,empty,0,0,0,0,0,True,0,0.0
20180321_S00033936_P__F264,20180321_S00033936_P,single,1,0,0,1,1,True,0,0.9184421300888062
20180321_S00033936_P__F265,20180321_S00033936_P,multi,2,0,0,2,2,True,0,0.9326851963996887
20180321_S00033936_P__F266,20180321_S00033936_P,single,1,1,0,1,2,False,1,0.724582314491272
20180321_S00033936_P__F267,20180321_S00033936_P,single,1,0,0,1,1,True,0,0.8633477091789246
20180321_S00033936_P__F268,20180321_S00033936_P,single,1,1,0,1,2,False,1,0.9311918020248413
20180321_S00033936_P__F269,20180321_S00033936_P,single,1,0,0,1,1,True,0,0.8974565863609314
20180321_S00033936_P__F27,20180321_S00033936_P,multi,1,2,2,3,3,True,0,0.9251789450645447
20180321_S00033936_P__F270,20180321_S00033936_P,multi,2,1,0,2,3,False,1,0.8264102041721344
20180321_S00033936_P__F271,20180321_S00033936_P,multi,2,0,0,2,2,True,0,0.8641247451305389
20180321_S00033936_P__F272,20180321_S00033936_P,multi,2,0,1,3,2,False,1,0.9244820177555084
20180321_S00033936_P__F273,20180321_S00033936_P,single,1,0,0,1,1,True,0,0.9731513261795044
20180321_S00033936_P__F274,20180321_S00033936_P,multi,2,1,0,2,3,False,1,0.9432229101657867
20180321_S00033936_P__F275,20180321_S00033936_P,multi,2,1,0,2,3,False,1,0.944133996963501
20180321_S00033936_P__F276,20180321_S00033936_P,single,1,1,0,1,2,False,1,0.8126769065856934
20180321_S00033936_P__F277,20180321_S00033936_P,single,1,1,0,1,2,False,1,0.9616841077804565
20180321_S00033936_P__F278,20180321_S00033936_P,single,1,0,0,1,1,True,0,0.9443210363388062
20180321_S00033936_P__F279,20180321_S00033936_P,multi,0,1,2,2,1,False,1,0.0
20180321_S00033936_P__F28,20180321_S00033936_P,single,1,0,0,1,1,True,0,0.9408368468284607
20180321_S00033936_P__F280,20180321_S00033936_P,multi,2,0,0,2,2,True,0,0.7564810812473297
20180321_S00033936_P__F281,20180321_S00033936_P,multi,2,0,0,2,2,True,0,0.941775381565094
20180321_S00033936_P__F282,20180321_S00033936_P,single,1,0,0,1,1,True,0,0.8719171285629272
20180321_S00033936_P__F283,20180321_S00033936_P,empty,0,1,0,0,1,False,1,0.0
20180321_S00033936_P__F284,20180321_S00033936_P,multi,2,0,1,3,2,False,1,0.9299573600292206
20180321_S00033936_P__F285,20180321_S00033936_P,single,1,1,0,1,2,False,1,0.5170782804489136
20180321_S00033936_P__F286,20180321_S00033936_P,empty,0,0,0,0,0,True,0,0.0
20180321_S00033936_P__F287,20180321_S00033936_P,multi,2,0,0,2,2,True,0,0.7880504131317139
20180321_S00033936_P__F288,20180321_S00033936_P,multi,3,1,0,3,4,False,1,0.7662586172421774
20180321_S00033936_P__F289,20180321_S00033936_P,multi,3,0,0,3,3,True,0,0.7946958541870117
20180321_S00033936_P__F29,20180321_S00033936_P,single,0,2,1,1,2,False,1,0.0
20180321_S00033936_P__F290,20180321_S00033936_P,single,1,0,0,1,1,True,0,0.9671213030815125
20180321_S00033936_P__F291,20180321_S00033936_P,single,1,0,0,1,1,True,0,0.8846070170402527
20180321_S00033936_P__F292,20180321_S00033936_P,multi,2,0,0,2,2,True,0,0.8196282982826233
20180321_S00033936_P__F293,20180321_S00033936_P,multi,2,2,0,2,4,False,2,0.9391433596611023
20180321_S00033936_P__F294,20180321_S00033936_P,empty,0,0,0,0,0,True,0,0.0
20180321_S00033936_P__F295,20180321_S00033936_P,single,1,1,0,1,2,False,1,0.9614750146865845
20180321_S00033936_P__F296,20180321_S00033936_P,single,1,0,0,1,1,True,0,0.8977588415145874
20180321_S00033936_P__F297,20180321_S00033936_P,single,1,0,0,1,1,True,0,0.949352502822876
20180321_S00033936_P__F298,20180321_S00033936_P,single,1,0,0,1,1,True,0,0.9258922338485718
20180321_S00033936_P__F299,20180321_S00033936_P,single,1,0,0,1,1,True,0,0.9302581548690796
20180321_S00033936_P__F3,20180321_S00033936_P,empty,0,2,0,0,2,False,2,0.0
20180321_S00033936_P__F30,20180321_S00033936_P,single,1,0,0,1,1,True,0,0.9357941150665283
20180321_S00033936_P__F300,20180321_S00033936_P,single,1,0,0,1,1,True,0,0.8839497566223145
20180321_S00033936_P__F301,20180321_S00033936_P,multi,1,0,2,3,1,False,2,0.9815158843994141
20180321_S00033936_P__F302,20180321_S00033936_P,multi,4,0,0,4,4,True,0,0.8929527550935745
20180321_S00033936_P__F303,20180321_S00033936_P,single,1,0,0,1,1,True,0,0.9520949125289917
20180321_S00033936_P__F304,20180321_S00033936_P,single,1,0,0,1,1,True,0,0.9463034272193909
20180321_S00033936_P__F305,20180321_S00033936_P,multi,2,0,2,4,2,False,2,0.90209099650383
20180321_S00033936_P__F306,20180321_S00033936_P,single,1,0,0,1,1,True,0,0.9024954438209534
20180321_S00033936_P__F307,20180321_S00033936_P,single,1,0,0,1,1,True,0,0.9484448432922363
20180321_S00033936_P__F308,20180321_S00033936_P,single,1,0,0,1,1,True,0,0.7481648325920105
20180321_S00033936_P__F309,20180321_S00033936_P,single,1,1,0,1,2,False,1,0.9441337585449219
20180321_S00033936_P__F31,20180321_S00033936_P,multi,2,0,0,2,2,True,0,0.9590916931629181
20180321_S00033936_P__F310,20180321_S00033936_P,single,1,0,0,1,1,True,0,0.9290065765380859
20180321_S00033936_P__F311,20180321_S00033936_P,single,1,0,0,1,1,True,0,0.9850391149520874
20180321_S00033936_P__F312,20180321_S00033936_P,multi,2,0,1,3,2,False,1,0.728059858083725
20180321_S00033936_P__F313,20180321_S00033936_P,single,1,0,0,1,1,True,0,0.9039973020553589
20180321_S00033936_P__F314,20180321_S00033936_P,single,1,0,0,1,1,True,0,0.906146764755249
20180321_S00033936_P__F315,20180321_S00033936_P,multi,2,0,0,2,2,True,0,0.8902775049209595
20180321_S00033936_P__F316,20180321_S00033936_P,single,1,2,0,1,3,False,2,0.834277331829071
20180321_S00033936_P__F317,20180321_S00033936_P,multi,3,1,0,3,4,False,1,0.8692519863446554
20180321_S00033936_P__F318,20180321_S00033936_P,single,1,0,0,1,1,True,0,0.9720232486724854
20180321_S00033936_P__F319,20180321_S00033936_P,empty,0,3,0,0,3,False,3,0.0
20180321_S00033936_P__F32,20180321_S00033936_P,multi,1,0,1,2,1,False,1,0.933380126953125
20180321_S00033936_P__F320,20180321_S00033936_P,single,1,0,0,1,1,True,0,0.936769425868988
20180321_S00033936_P__F321,20180321_S00033936_P,single,1,2,0,1,3,False,2,0.9219475984573364
20180321_S00033936_P__F322,20180321_S00033936_P,multi,2,0,0,2,2,True,0,0.9350029826164246
20180321_S00033936_P__F323,20180321_S00033936_P,empty,0,1,0,0,1,False,1,0.0
20180321_S00033936_P__F324,20180321_S00033936_P,single,1,0,0,1,1,True,0,0.9428033828735352
20180321_S00033936_P__F325,20180321_S00033936_P,multi,1,0,1,2,1,False,1,0.8913100957870483
20180321_S00033936_P__F326,20180321_S00033936_P,multi,2,0,0,2,2,True,0,0.9115453958511353
20180321_S00033936_P__F327,20180321_S00033936_P,multi,2,0,0,2,2,True,0,0.7738422453403473
20180321_S00033936_P__F328,20180321_S00033936_P,single,1,0,0,1,1,True,0,0.909277617931366
20180321_S00033936_P__F329,20180321_S00033936_P,multi,2,0,0,2,2,True,0,0.9343884885311127
20180321_S00033936_P__F33,20180321_S00033936_P,single,1,0,0,1,1,True,0,0.9507725238800049
20180321_S00033936_P__F330,20180321_S00033936_P,multi,2,0,0,2,2,True,0,0.9088830947875977
20180321_S00033936_P__F331,20180321_S00033936_P,single,1,0,0,1,1,True,0,0.869581937789917
20180321_S00033936_P__F332,20180321_S00033936_P,single,1,0,0,1,1,True,0,0.9570225477218628
20180321_S00033936_P__F333,20180321_S00033936_P,single,1,0,0,1,1,True,0,0.886593222618103
20180321_S00033936_P__F334,20180321_S00033936_P,single,1,0,0,1,1,True,0,0.9250626564025879
20180321_S00033936_P__F335,20180321_S00033936_P,multi,2,0,1,3,2,False,1,0.6806357204914093
20180321_S00033936_P__F336,20180321_S00033936_P,empty,0,0,0,0,0,True,0,0.0
20180321_S00033936_P__F337,20180321_S00033936_P,multi,1,0,1,2,1,False,1,0.9479978680610657
20180321_S00033936_P__F338,20180321_S00033936_P,single,1,1,0,1,2,False,1,0.8851428627967834
20180321_S00033936_P__F339,20180321_S00033936_P,multi,2,0,0,2,2,True,0,0.9242658019065857
20180321_S00033936_P__F34,20180321_S00033936_P,multi,2,0,0,2,2,True,0,0.8912542462348938
20180321_S00033936_P__F340,20180321_S00033936_P,single,1,3,0,1,4,False,3,0.736819863319397
20180321_S00033936_P__F341,20180321_S00033936_P,single,1,0,0,1,1,True,0,0.9327433109283447
20180321_S00033936_P__F342,20180321_S00033936_P,single,1,1,0,1,2,False,1,0.9013606905937195
20180321_S00033936_P__F343,20180321_S00033936_P,single,1,0,0,1,1,True,0,0.884158194065094
20180321_S00033936_P__F344,20180321_S00033936_P,multi,2,0,0,2,2,True,0,0.9212755560874939
20180321_S00033936_P__F345,20180321_S00033936_P,multi,2,1,0,2,3,False,1,0.6863177716732025
20180321_S00033936_P__F346,20180321_S00033936_P,empty,0,1,0,0,1,False,1,0.0
20180321_S00033936_P__F347,20180321_S00033936_P,multi,1,0,1,2,1,False,1,0.9422111511230469
20180321_S00033936_P__F348,20180321_S00033936_P,multi,2,0,1,3,2,False,1,0.8679255843162537
20180321_S00033936_P__F349,20180321_S00033936_P,single,1,0,0,1,1,True,0,0.9454559087753296
20180321_S00033936_P__F35,20180321_S00033936_P,single,1,0,0,1,1,True,0,0.7885467410087585
20180321_S00033936_P__F350,20180321_S00033936_P,single,1,1,0,1,2,False,1,0.9414095878601074
20180321_S00033936_P__F351,20180321_S00033936_P,single,1,0,0,1,1,True,0,0.9117963314056396
20180321_S00033936_P__F352,20180321_S00033936_P,multi,2,0,0,2,2,True,0,0.9407069683074951
20180321_S00033936_P__F353,20180321_S00033936_P,multi,3,0,0,3,3,True,0,0.8979594707489014
20180321_S00033936_P__F354,20180321_S00033936_P,single,1,0,0,1,1,True,0,0.9374268054962158
20180321_S00033936_P__F355,20180321_S00033936_P,single,1,0,0,1,1,True,0,0.5325641632080078
20180321_S00033936_P__F356,20180321_S00033936_P,single,1,0,0,1,1,True,0,0.9476913213729858
20180321_S00033936_P__F357,20180321_S00033936_P,single,1,1,0,1,2,False,1,0.6552363634109497
20180321_S00033936_P__F358,20180321_S00033936_P,multi,3,0,0,3,3,True,0,0.948916514714559
20180321_S00033936_P__F359,20180321_S00033936_P,multi,2,1,1,3,3,True,0,0.9471661150455475
20180321_S00033936_P__F36,20180321_S00033936_P,multi,2,0,0,2,2,True,0,0.8333608508110046
20180321_S00033936_P__F360,20180321_S00033936_P,single,1,0,0,1,1,True,0,0.9298985600471497
20180321_S00033936_P__F361,20180321_S00033936_P,single,1,0,0,1,1,True,0,0.8608246445655823
20180321_S00033936_P__F362,20180321_S00033936_P,single,1,0,0,1,1,True,0,0.95011967420578
20180321_S00033936_P__F363,20180321_S00033936_P,multi,2,3,0,2,5,False,3,0.6570353209972382
20180321_S00033936_P__F364,20180321_S00033936_P,multi,1,0,1,2,1,False,1,0.9161805510520935
20180321_S00033936_P__F365,20180321_S00033936_P,multi,3,0,0,3,3,True,0,0.9412059187889099
20180321_S00033936_P__F366,20180321_S00033936_P,multi,2,0,0,2,2,True,0,0.9327393770217896
20180321_S00033936_P__F367,20180321_S00033936_P,multi,2,0,0,2,2,True,0,0.8945334553718567
20180321_S00033936_P__F368,20180321_S00033936_P,single,1,0,0,1,1,True,0,0.9705902934074402
20180321_S00033936_P__F369,20180321_S00033936_P,single,1,0,0,1,1,True,0,0.777928352355957
20180321_S00033936_P__F37,20180321_S00033936_P,multi,2,0,1,3,2,False,1,0.9059538841247559
20180321_S00033936_P__F370,20180321_S00033936_P,multi,2,0,1,3,2,False,1,0.9307599067687988
20180321_S00033936_P__F371,20180321_S00033936_P,single,1,0,0,1,1,True,0,0.9609118700027466
20180321_S00033936_P__F372,20180321_S00033936_P,single,1,0,0,1,1,True,0,0.8148090243339539
20180321_S00033936_P__F373,20180321_S00033936_P,single,1,0,0,1,1,True,0,0.9268829822540283
20180321_S00033936_P__F374,20180321_S00033936_P,single,1,0,0,1,1,True,0,0.8816494345664978
20180321_S00033936_P__F375,20180321_S00033936_P,multi,2,1,0,2,3,False,1,0.9253932237625122
20180321_S00033936_P__F376,20180321_S00033936_P,single,1,1,0,1,2,False,1,0.6826107501983643
20180321_S00033936_P__F377,20180321_S00033936_P,single,1,0,0,1,1,True,0,0.8124461770057678
20180321_S00033936_P__F378,20180321_S00033936_P,multi,2,0,0,2,2,True,0,0.8818158209323883
20180321_S00033936_P__F379,20180321_S00033936_P,single,1,0,0,1,1,True,0,0.962523341178894
20180321_S00033936_P__F38,20180321_S00033936_P,multi,1,0,2,3,1,False,2,0.9385138154029846
20180321_S00033936_P__F380,20180321_S00033936_P,multi,2,1,0,2,3,False,1,0.7287886738777161
20180321_S00033936_P__F381,20180321_S00033936_P,multi,2,0,0,2,2,True,0,0.930014044046402
20180321_S00033936_P__F382,20180321_S00033936_P,single,1,0,0,1,1,True,0,0.9942542910575867
20180321_S00033936_P__F383,20180321_S00033936_P,single,1,0,0,1,1,True,0,0.8451600074768066
20180321_S00033936_P__F384,20180321_S00033936_P,single,1,0,0,1,1,True,0,0.9651238918304443
20180321_S00033936_P__F385,20180321_S00033936_P,empty,0,2,0,0,2,False,2,0.0
20180321_S00033936_P__F386,20180321_S00033936_P,single,1,0,0,1,1,True,0,0.9304172396659851
20180321_S00033936_P__F387,20180321_S00033936_P,single,1,0,0,1,1,True,0,0.8878070712089539
20180321_S00033936_P__F388,20180321_S00033936_P,single,1,0,0,1,1,True,0,0.9450430870056152
20180321_S00033936_P__F389,20180321_S00033936_P,single,1,0,0,1,1,True,0,0.9593086838722229
20180321_S00033936_P__F39,20180321_S00033936_P,single,1,0,0,1,1,True,0,0.9366488456726074
20180321_S00033936_P__F390,20180321_S00033936_P,single,1,0,0,1,1,True,0,0.9606767892837524
20180321_S00033936_P__F391,20180321_S00033936_P,single,1,0,0,1,1,True,0,0.8758338689804077
20180321_S00033936_P__F392,20180321_S00033936_P,multi,2,0,0,2,2,True,0,0.9162216186523438
20180321_S00033936_P__F393,20180321_S00033936_P,single,1,2,0,1,3,False,2,0.5327582955360413
20180321_S00033936_P__F394,20180321_S00033936_P,single,1,0,0,1,1,True,0,0.938195526599884
20180321_S00033936_P__F395,20180321_S00033936_P,multi,4,1,0,4,5,False,1,0.8608916401863098
20180321_S00033936_P__F396,20180321_S00033936_P,single,1,0,0,1,1,True,0,0.9298645257949829
20180321_S00033936_P__F397,20180321_S00033936_P,single,1,0,0,1,1,True,0,0.9557945132255554
20180321_S00033936_P__F398,20180321_S00033936_P,multi,2,1,0,2,3,False,1,0.9237108528614044
20180321_S00033936_P__F399,20180321_S00033936_P,empty,0,0,0,0,0,True,0,0.0
20180321_S00033936_P__F4,20180321_S00033936_P,multi,1,2,1,2,3,False,1,0.5973140001296997
20180321_S00033936_P__F40,20180321_S00033936_P,single,1,0,0,1,1,True,0,0.8903056979179382
20180321_S00033936_P__F400,20180321_S00033936_P,multi,2,3,0,2,5,False,3,0.805259108543396
20180321_S00033936_P__F401,20180321_S00033936_P,single,1,0,0,1,1,True,0,0.9404308199882507
20180321_S00033936_P__F402,20180321_S00033936_P,empty,0,0,0,0,0,True,0,0.0
20180321_S00033936_P__F403,20180321_S00033936_P,single,1,1,0,1,2,False,1,0.7099321484565735
20180321_S00033936_P__F404,20180321_S00033936_P,multi,2,0,0,2,2,True,0,0.9179616868495941
20180321_S00033936_P__F405,20180321_S00033936_P,single,1,0,0,1,1,True,0,0.9440317749977112
20180321_S00033936_P__F406,20180321_S00033936_P,single,1,0,0,1,1,True,0,0.8842198252677917
20180321_S00033936_P__F407,20180321_S00033936_P,multi,2,2,0,2,4,False,2,0.7603865563869476
20180321_S00033936_P__F408,20180321_S00033936_P,multi,2,0,1,3,2,False,1,0.9472140371799469
20180321_S00033936_P__F409,20180321_S00033936_P,multi,1,0,1,2,1,False,1,0.7733151316642761
20180321_S00033936_P__F41,20180321_S00033936_P,single,1,0,0,1,1,True,0,0.892875611782074
20180321_S00033936_P__F410,20180321_S00033936_P,multi,2,0,0,2,2,True,0,0.934796005487442
20180321_S00033936_P__F411,20180321_S00033936_P,single,1,2,0,1,3,False,2,0.9779821634292603
20180321_S00033936_P__F412,20180321_S00033936_P,single,1,1,0,1,2,False,1,0.947904646396637
20180321_S00033936_P__F413,20180321_S00033936_P,empty,0,0,0,0,0,True,0,0.0
20180321_S00033936_P__F414,20180321_S00033936_P,single,1,2,0,1,3,False,2,0.8462200164794922
20180321_S00033936_P__F415,20180321_S00033936_P,multi,2,2,0,2,4,False,2,0.9071998596191406
20180321_S00033936_P__F416,20180321_S00033936_P,multi,2,1,0,2,3,False,1,0.9224297404289246
20180321_S00033936_P__F417,20180321_S00033936_P,multi,2,0,0,2,2,True,0,0.9404338002204895
20180321_S00033936_P__F418,20180321_S00033936_P,single,1,0,0,1,1,True,0,0.95015549659729
20180321_S00033936_P__F419,20180321_S00033936_P,single,1,0,0,1,1,True,0,0.5828303694725037
20180321_S00033936_P__F42,20180321_S00033936_P,single,1,1,0,1,2,False,1,0.9576221704483032
20180321_S00033936_P__F420,20180321_S00033936_P,single,1,0,0,1,1,True,0,0.9575815200805664
20180321_S00033936_P__F421,20180321_S00033936_P,single,1,0,0,1,1,True,0,0.9624854326248169
20180321_S00033936_P__F422,20180321_S00033936_P,multi,4,0,0,4,4,True,0,0.9215341210365295
20180321_S00033936_P__F423,20180321_S00033936_P,single,1,0,0,1,1,True,0,0.9545889496803284
20180321_S00033936_P__F424,20180321_S00033936_P,single,1,3,0,1,4,False,3,0.5060190558433533
20180321_S00033936_P__F425,20180321_S00033936_P,single,1,0,0,1,1,True,0,0.9174384474754333
20180321_S00033936_P__F426,20180321_S00033936_P,single,1,0,0,1,1,True,0,0.9735641479492188
20180321_S00033936_P__F427,20180321_S00033936_P,single,1,0,0,1,1,True,0,0.7670406699180603
20180321_S00033936_P__F428,20180321_S00033936_P,multi,2,0,0,2,2,True,0,0.8581892251968384
20180321_S00033936_P__F429,20180321_S00033936_P,single,1,1,0,1,2,False,1,0.6087272763252258
20180321_S00033936_P__F43,20180321_S00033936_P,single,1,2,0,1,3,False,2,0.9266737103462219
20180321_S00033936_P__F430,20180321_S00033936_P,single,0,3,1,1,3,False,2,0.0
20180321_S00033936_P__F431,20180321_S00033936_P,single,1,0,0,1,1,True,0,0.8852556347846985
20180321_S00033936_P__F432,20180321_S00033936_P,multi,2,0,0,2,2,True,0,0.915279746055603
20180321_S00033936_P__F433,20180321_S00033936_P,single,1,0,0,1,1,True,0,0.9499597549438477
20180321_S00033936_P__F434,20180321_S00033936_P,multi,2,0,0,2,2,True,0,0.8763298988342285
20180321_S00033936_P__F435,20180321_S00033936_P,single,1,1,0,1,2,False,1,0.6416860818862915
20180321_S00033936_P__F436,20180321_S00033936_P,single,1,1,0,1,2,False,1,0.9307662844657898
20180321_S00033936_P__F437,20180321_S00033936_P,multi,2,0,0,2,2,True,0,0.9409674406051636
20180321_S00033936_P__F438,20180321_S00033936_P,single,1,1,0,1,2,False,1,0.7455253601074219
20180321_S00033936_P__F439,20180321_S00033936_P,single,1,3,0,1,4,False,3,0.5362335443496704
20180321_S00033936_P__F44,20180321_S00033936_P,single,1,0,0,1,1,True,0,0.8439592123031616
20180321_S00033936_P__F440,20180321_S00033936_P,single,1,1,0,1,2,False,1,0.9293916821479797
20180321_S00033936_P__F441,20180321_S00033936_P,single,1,0,0,1,1,True,0,0.9499430656433105
20180321_S00033936_P__F442,20180321_S00033936_P,single,1,0,0,1,1,True,0,0.9412323236465454
20180321_S00033936_P__F443,20180321_S00033936_P,single,1,0,0,1,1,True,0,0.9227527976036072
20180321_S00033936_P__F444,20180321_S00033936_P,multi,2,0,0,2,2,True,0,0.7848173379898071
20180321_S00033936_P__F445,20180321_S00033936_P,single,0,5,1,1,5,False,4,0.0
20180321_S00033936_P__F446,20180321_S00033936_P,empty,0,0,0,0,0,True,0,0.0
20180321_S00033936_P__F447,20180321_S00033936_P,single,1,0,0,1,1,True,0,0.9203968644142151
20180321_S00033936_P__F448,20180321_S00033936_P,multi,3,0,0,3,3,True,0,0.7028133869171143
20180321_S00033936_P__F449,20180321_S00033936_P,single,1,0,0,1,1,True,0,0.9792492985725403
20180321_S00033936_P__F45,20180321_S00033936_P,multi,1,0,1,2,1,False,1,0.7049545049667358
20180321_S00033936_P__F450,20180321_S00033936_P,single,1,0,0,1,1,True,0,0.8425819277763367
20180321_S00033936_P__F451,20180321_S00033936_P,single,1,0,0,1,1,True,0,0.9268388152122498
20180321_S00033936_P__F452,20180321_S00033936_P,single,1,2,0,1,3,False,2,0.594319760799408
20180321_S00033936_P__F453,20180321_S00033936_P,multi,2,0,0,2,2,True,0,0.9371683895587921
20180321_S00033936_P__F454,20180321_S00033936_P,single,1,2,0,1,3,False,2,0.6432049870491028
20180321_S00033936_P__F455,20180321_S00033936_P,single,1,1,0,1,2,False,1,0.9520487785339355
20180321_S00033936_P__F456,20180321_S00033936_P,empty,0,2,0,0,2,False,2,0.0
20180321_S00033936_P__F457,20180321_S00033936_P,single,1,1,0,1,2,False,1,0.9713494181632996
20180321_S00033936_P__F458,20180321_S00033936_P,single,1,0,0,1,1,True,0,0.94952791929245
20180321_S00033936_P__F459,20180321_S00033936_P,multi,2,0,0,2,2,True,0,0.9065564274787903
20180321_S00033936_P__F46,20180321_S00033936_P,multi,4,0,0,4,4,True,0,0.9155146181583405
20180321_S00033936_P__F460,20180321_S00033936_P,single,0,3,1,1,3,False,2,0.0
20180321_S00033936_P__F461,20180321_S00033936_P,multi,3,0,0,3,3,True,0,0.9184508919715881
20180321_S00033936_P__F462,20180321_S00033936_P,single,0,1,1,1,1,True,0,0.0
20180321_S00033936_P__F463,20180321_S00033936_P,single,1,0,0,1,1,True,0,0.9154159426689148
20180321_S00033936_P__F464,20180321_S00033936_P,multi,3,1,0,3,4,False,1,0.8258893688519796
20180321_S00033936_P__F465,20180321_S00033936_P,multi,2,0,0,2,2,True,0,0.9097807705402374
20180321_S00033936_P__F466,20180321_S00033936_P,multi,2,0,0,2,2,True,0,0.9541525542736053
20180321_S00033936_P__F467,20180321_S00033936_P,single,1,1,0,1,2,False,1,0.8370724320411682
20180321_S00033936_P__F468,20180321_S00033936_P,single,1,4,0,1,5,False,4,0.923893928527832
20180321_S00033936_P__F469,20180321_S00033936_P,single,1,0,0,1,1,True,0,0.9782677292823792
20180321_S00033936_P__F47,20180321_S00033936_P,single,1,0,0,1,1,True,0,0.9178234338760376
20180321_S00033936_P__F470,20180321_S00033936_P,single,1,0,0,1,1,True,0,0.8989306092262268
20180321_S00033936_P__F471,20180321_S00033936_P,multi,2,0,0,2,2,True,0,0.9493818581104279
20180321_S00033936_P__F472,20180321_S00033936_P,multi,2,0,0,2,2,True,0,0.9463108777999878
20180321_S00033936_P__F473,20180321_S00033936_P,multi,2,0,0,2,2,True,0,0.8905228972434998
20180321_S00033936_P__F474,20180321_S00033936_P,single,0,6,1,1,6,False,5,0.0
20180321_S00033936_P__F475,20180321_S00033936_P,multi,2,3,0,2,5,False,3,0.9498553574085236
20180321_S00033936_P__F476,20180321_S00033936_P,single,1,1,0,1,2,False,1,0.5598154664039612
20180321_S00033936_P__F477,20180321_S00033936_P,single,1,0,0,1,1,True,0,0.9545014500617981
20180321_S00033936_P__F478,20180321_S00033936_P,single,1,0,0,1,1,True,0,0.9149830341339111
20180321_S00033936_P__F479,20180321_S00033936_P,single,1,0,0,1,1,True,0,0.9476943016052246
20180321_S00033936_P__F48,20180321_S00033936_P,single,1,1,0,1,2,False,1,0.8875986337661743
20180321_S00033936_P__F480,20180321_S00033936_P,single,1,0,0,1,1,True,0,0.8987982273101807
20180321_S00033936_P__F481,20180321_S00033936_P,multi,0,1,2,2,1,False,1,0.0
20180321_S00033936_P__F482,20180321_S00033936_P,single,1,0,0,1,1,True,0,0.8473451733589172
20180321_S00033936_P__F483,20180321_S00033936_P,single,1,1,0,1,2,False,1,0.9744313359260559
20180321_S00033936_P__F484,20180321_S00033936_P,multi,2,1,0,2,3,False,1,0.9086733758449554
20180321_S00033936_P__F485,20180321_S00033936_P,empty,0,0,0,0,0,True,0,0.0
20180321_S00033936_P__F486,20180321_S00033936_P,single,1,0,0,1,1,True,0,0.9775202870368958
20180321_S00033936_P__F487,20180321_S00033936_P,single,1,0,0,1,1,True,0,0.9632830023765564
20180321_S00033936_P__F488,20180321_S00033936_P,multi,3,0,0,3,3,True,0,0.8756546775499979
20180321_S00033936_P__F489,20180321_S00033936_P,multi,3,0,0,3,3,True,0,0.9307535092035929
20180321_S00033936_P__F49,20180321_S00033936_P,multi,2,0,0,2,2,True,0,0.8582236170768738
20180321_S00033936_P__F490,20180321_S00033936_P,single,1,1,0,1,2,False,1,0.7054545879364014
20180321_S00033936_P__F491,20180321_S00033936_P,multi,2,0,0,2,2,True,0,0.8358650803565979
20180321_S00033936_P__F492,20180321_S00033936_P,empty,0,1,0,0,1,False,1,0.0
20180321_S00033936_P__F493,20180321_S00033936_P,multi,3,0,0,3,3,True,0,0.9446825981140137
20180321_S00033936_P__F494,20180321_S00033936_P,multi,2,0,1,3,2,False,1,0.8427961468696594
20180321_S00033936_P__F495,20180321_S00033936_P,multi,4,0,0,4,4,True,0,0.9290569871664047
20180321_S00033936_P__F496,20180321_S00033936_P,single,1,1,0,1,2,False,1,0.7188255786895752
20180321_S00033936_P__F497,20180321_S00033936_P,single,0,2,1,1,2,False,1,0.0
20180321_S00033936_P__F498,20180321_S00033936_P,empty,0,0,0,0,0,True,0,0.0
20180321_S00033936_P__F499,20180321_S00033936_P,single,1,1,0,1,2,False,1,0.9354360699653625
20180321_S00033936_P__F5,20180321_S00033936_P,multi,2,0,0,2,2,True,0,0.9430158138275146
20180321_S00033936_P__F50,20180321_S00033936_P,single,1,0,0,1,1,True,0,0.9520530700683594
20180321_S00033936_P__F500,20180321_S00033936_P,empty,0,1,0,0,1,False,1,0.0
20180321_S00033936_P__F501,20180321_S00033936_P,single,1,0,0,1,1,True,0,0.8789153099060059
20180321_S00033936_P__F502,20180321_S00033936_P,empty,0,0,0,0,0,True,0,0.0
20180321_S00033936_P__F503,20180321_S00033936_P,multi,2,2,0,2,4,False,2,0.8772278428077698
20180321_S00033936_P__F504,20180321_S00033936_P,single,1,0,0,1,1,True,0,0.9624538421630859
20180321_S00033936_P__F505,20180321_S00033936_P,single,1,1,0,1,2,False,1,0.5853177309036255
20180321_S00033936_P__F506,20180321_S00033936_P,empty,0,0,0,0,0,True,0,0.0
20180321_S00033936_P__F507,20180321_S00033936_P,empty,0,2,0,0,2,False,2,0.0
20180321_S00033936_P__F508,20180321_S00033936_P,single,1,0,0,1,1,True,0,0.970238208770752
20180321_S00033936_P__F509,20180321_S00033936_P,single,1,0,0,1,1,True,0,0.9565346240997314
20180321_S00033936_P__F51,20180321_S00033936_P,multi,2,0,0,2,2,True,0,0.8732100129127502
20180321_S00033936_P__F510,20180321_S00033936_P,single,1,1,0,1,2,False,1,0.584851086139679
20180321_S00033936_P__F511,20180321_S00033936_P,multi,2,1,0,2,3,False,1,0.734983503818512
20180321_S00033936_P__F512,20180321_S00033936_P,single,1,0,0,1,1,True,0,0.9556290507316589
20180321_S00033936_P__F513,20180321_S00033936_P,single,1,1,0,1,2,False,1,0.7796082496643066
20180321_S00033936_P__F514,20180321_S00033936_P,multi,2,0,0,2,2,True,0,0.9382169842720032
20180321_S00033936_P__F515,20180321_S00033936_P,empty,0,2,0,0,2,False,2,0.0
20180321_S00033936_P__F516,20180321_S00033936_P,empty,0,5,0,0,5,False,5,0.0
20180321_S00033936_P__F517,20180321_S00033936_P,single,1,0,0,1,1,True,0,0.5689001679420471
20180321_S00033936_P__F518,20180321_S00033936_P,empty,0,0,0,0,0,True,0,0.0
20180321_S00033936_P__F519,20180321_S00033936_P,multi,2,1,0,2,3,False,1,0.6547011733055115
20180321_S00033936_P__F52,20180321_S00033936_P,single,1,0,0,1,1,True,0,0.9527297019958496
20180321_S00033936_P__F520,20180321_S00033936_P,single,1,0,0,1,1,True,0,0.9704694151878357
20180321_S00033936_P__F521,20180321_S00033936_P,single,1,1,0,1,2,False,1,0.871519923210144
20180321_S00033936_P__F522,20180321_S00033936_P,single,1,1,0,1,2,False,1,0.9610130190849304
20180321_S00033936_P__F523,20180321_S00033936_P,single,1,0,0,1,1,True,0,0.9155900478363037
20180321_S00033936_P__F524,20180321_S00033936_P,single,1,0,0,1,1,True,0,0.9232692718505859
20180321_S00033936_P__F525,20180321_S00033936_P,multi,2,0,0,2,2,True,0,0.7784089744091034
20180321_S00033936_P__F526,20180321_S00033936_P,single,1,1,0,1,2,False,1,0.9104220867156982
20180321_S00033936_P__F527,20180321_S00033936_P,single,1,1,0,1,2,False,1,0.9320634603500366
20180321_S00033936_P__F528,20180321_S00033936_P,single,1,0,0,1,1,True,0,0.9223247170448303
20180321_S00033936_P__F529,20180321_S00033936_P,single,1,0,0,1,1,True,0,0.9700511693954468
20180321_S00033936_P__F53,20180321_S00033936_P,multi,2,2,0,2,4,False,2,0.7166176736354828
20180321_S00033936_P__F530,20180321_S00033936_P,single,1,0,0,1,1,True,0,0.949914813041687
20180321_S00033936_P__F531,20180321_S00033936_P,multi,2,0,0,2,2,True,0,0.9152918756008148
20180321_S00033936_P__F532,20180321_S00033936_P,multi,1,0,1,2,1,False,1,0.8531059622764587
20180321_S00033936_P__F533,20180321_S00033936_P,multi,2,2,0,2,4,False,2,0.7731832265853882
20180321_S00033936_P__F534,20180321_S00033936_P,multi,2,1,0,2,3,False,1,0.7749657332897186
20180321_S00033936_P__F535,20180321_S00033936_P,single,1,0,0,1,1,True,0,0.9755070209503174
20180321_S00033936_P__F536,20180321_S00033936_P,single,0,1,1,1,1,True,0,0.0
20180321_S00033936_P__F537,20180321_S00033936_P,single,1,0,0,1,1,True,0,0.9469436407089233
20180321_S00033936_P__F538,20180321_S00033936_P,multi,3,1,0,3,4,False,1,0.8901654283205668
20180321_S00033936_P__F539,20180321_S00033936_P,single,1,1,0,1,2,False,1,0.514919638633728
20180321_S00033936_P__F54,20180321_S00033936_P,single,1,0,0,1,1,True,0,0.807631254196167
20180321_S00033936_P__F540,20180321_S00033936_P,single,1,0,0,1,1,True,0,0.9633008241653442
20180321_S00033936_P__F541,20180321_S00033936_P,single,1,0,0,1,1,True,0,0.9819414019584656
20180321_S00033936_P__F542,20180321_S00033936_P,multi,2,0,0,2,2,True,0,0.9326832592487335
20180321_S00033936_P__F543,20180321_S00033936_P,multi,2,0,0,2,2,True,0,0.9159736931324005
20180321_S00033936_P__F544,20180321_S00033936_P,single,1,1,0,1,2,False,1,0.84293532371521
20180321_S00033936_P__F545,20180321_S00033936_P,single,1,0,0,1,1,True,0,0.7018781304359436
20180321_S00033936_P__F546,20180321_S00033936_P,empty,0,0,0,0,0,True,0,0.0
20180321_S00033936_P__F547,20180321_S00033936_P,single,1,0,0,1,1,True,0,0.952912449836731
20180321_S00033936_P__F548,20180321_S00033936_P,single,1,0,0,1,1,True,0,0.9246417284011841
20180321_S00033936_P__F549,20180321_S00033936_P,single,1,0,0,1,1,True,0,0.9144841432571411
20180321_S00033936_P__F55,20180321_S00033936_P,multi,3,0,0,3,3,True,0,0.8999168872833252
20180321_S00033936_P__F550,20180321_S00033936_P,multi,2,0,0,2,2,True,0,0.7734358310699463
20180321_S00033936_P__F551,20180321_S00033936_P,single,1,0,0,1,1,True,0,0.8731809854507446
20180321_S00033936_P__F552,20180321_S00033936_P,single,1,0,0,1,1,True,0,0.8900075554847717
20180321_S00033936_P__F553,20180321_S00033936_P,multi,3,1,0,3,4,False,1,0.9216388265291849
20180321_S00033936_P__F554,20180321_S00033936_P,empty,0,2,0,0,2,False,2,0.0
20180321_S00033936_P__F555,20180321_S00033936_P,single,1,1,0,1,2,False,1,0.952786922454834
20180321_S00033936_P__F556,20180321_S00033936_P,single,1,0,0,1,1,True,0,0.6549694538116455
20180321_S00033936_P__F557,20180321_S00033936_P,single,1,0,0,1,1,True,0,0.9109755754470825
20180321_S00033936_P__F558,20180321_S00033936_P,empty,0,0,0,0,0,True,0,0.0
20180321_S00033936_P__F559,20180321_S00033936_P,empty,0,0,0,0,0,True,0,0.0
20180321_S00033936_P__F56,20180321_S00033936_P,empty,0,2,0,0,2,False,2,0.0
20180321_S00033936_P__F560,20180321_S00033936_P,multi,3,2,0,3,5,False,2,0.9393285115559896
20180321_S00033936_P__F561,20180321_S00033936_P,multi,2,0,0,2,2,True,0,0.8765985071659088
20180321_S00033936_P__F562,20180321_S00033936_P,single,1,1,0,1,2,False,1,0.9472533464431763
20180321_S00033936_P__F563,20180321_S00033936_P,multi,3,1,0,3,4,False,1,0.7584426403045654
20180321_S00033936_P__F564,20180321_S00033936_P,single,1,0,0,1,1,True,0,0.9416751265525818
20180321_S00033936_P__F565,20180321_S00033936_P,single,1,0,0,1,1,True,0,0.9849382042884827
20180321_S00033936_P__F566,20180321_S00033936_P,single,1,0,0,1,1,True,0,0.8896977305412292
20180321_S00033936_P__F567,20180321_S00033936_P,empty,0,0,0,0,0,True,0,0.0
20180321_S00033936_P__F568,20180321_S00033936_P,multi,2,2,0,2,4,False,2,0.804463267326355
20180321_S00033936_P__F569,20180321_S00033936_P,single,1,0,0,1,1,True,0,0.9740411043167114
20180321_S00033936_P__F57,20180321_S00033936_P,single,1,0,0,1,1,True,0,0.8446057438850403
20180321_S00033936_P__F570,20180321_S00033936_P,single,1,2,0,1,3,False,2,0.9660159349441528
20180321_S00033936_P__F571,20180321_S00033936_P,single,1,0,0,1,1,True,0,0.9732872247695923
20180321_S00033936_P__F572,20180321_S00033936_P,empty,0,0,0,0,0,True,0,0.0
20180321_S00033936_P__F573,20180321_S00033936_P,single,1,0,0,1,1,True,0,0.9722456336021423
20180321_S00033936_P__F574,20180321_S00033936_P,single,1,0,0,1,1,True,0,0.9271785020828247
20180321_S00033936_P__F575,20180321_S00033936_P,single,1,0,0,1,1,True,0,0.9205867648124695
20180321_S00033936_P__F576,20180321_S00033936_P,single,1,0,0,1,1,True,0,0.8465946912765503
20180321_S00033936_P__F577,20180321_S00033936_P,single,1,0,0,1,1,True,0,0.927152156829834
20180321_S00033936_P__F578,20180321_S00033936_P,multi,2,0,0,2,2,True,0,0.8435713052749634
20180321_S00033936_P__F579,20180321_S00033936_P,multi,2,0,1,3,2,False,1,0.9073055684566498
20180321_S00033936_P__F58,20180321_S00033936_P,multi,2,0,0,2,2,True,0,0.8879011571407318
20180321_S00033936_P__F580,20180321_S00033936_P,single,1,0,0,1,1,True,0,0.727347195148468
20180321_S00033936_P__F581,20180321_S00033936_P,multi,2,0,0,2,2,True,0,0.8115554451942444
20180321_S00033936_P__F582,20180321_S00033936_P,single,1,0,0,1,1,True,0,0.7376431226730347
20180321_S00033936_P__F583,20180321_S00033936_P,single,1,0,0,1,1,True,0,0.9017460942268372
20180321_S00033936_P__F584,20180321_S00033936_P,single,1,0,0,1,1,True,0,0.7946062088012695
20180321_S00033936_P__F585,20180321_S00033936_P,multi,1,2,1,2,3,False,1,0.9117088913917542
20180321_S00033936_P__F586,20180321_S00033936_P,single,1,0,0,1,1,True,0,0.923591673374176
20180321_S00033936_P__F587,20180321_S00033936_P,empty,0,2,0,0,2,False,2,0.0
20180321_S00033936_P__F588,20180321_S00033936_P,single,1,0,0,1,1,True,0,0.6484295725822449
20180321_S00033936_P__F589,20180321_S00033936_P,single,1,1,0,1,2,False,1,0.8882724642753601
20180321_S00033936_P__F59,20180321_S00033936_P,single,1,0,0,1,1,True,0,0.884230375289917
20180321_S00033936_P__F590,20180321_S00033936_P,single,1,0,0,1,1,True,0,0.5570129752159119
20180321_S00033936_P__F591,20180321_S00033936_P,single,1,0,0,1,1,True,0,0.9267174005508423
20180321_S00033936_P__F592,20180321_S00033936_P,single,1,1,0,1,2,False,1,0.8098492622375488
20180321_S00033936_P__F593,20180321_S00033936_P,single,1,3,0,1,4,False,3,0.6495488882064819
20180321_S00033936_P__F594,20180321_S00033936_P,single,1,0,0,1,1,True,0,0.9807294607162476
20180321_S00033936_P__F595,20180321_S00033936_P,multi,2,1,0,2,3,False,1,0.9078238010406494
20180321_S00033936_P__F596,20180321_S00033936_P,empty,0,0,0,0,0,True,0,0.0
20180321_S00033936_P__F597,20180321_S00033936_P,empty,0,0,0,0,0,True,0,0.0
20180321_S00033936_P__F598,20180321_S00033936_P,single,1,0,0,1,1,True,0,0.9758172631263733
20180321_S00033936_P__F599,20180321_S00033936_P,single,1,0,0,1,1,True,0,0.9832033514976501
20180321_S00033936_P__F6,20180321_S00033936_P,single,1,0,0,1,1,True,0,0.9218977689743042
20180321_S00033936_P__F60,20180321_S00033936_P,single,1,0,0,1,1,True,0,0.7833306193351746
20180321_S00033936_P__F600,20180321_S00033936_P,multi,3,0,0,3,3,True,0,0.8445555965105692
20180321_S00033936_P__F601,20180321_S00033936_P,single,1,0,0,1,1,True,0,0.893537163734436
20180321_S00033936_P__F602,20180321_S00033936_P,empty,0,2,0,0,2,False,2,0.0
20180321_S00033936_P__F603,20180321_S00033936_P,multi,2,0,0,2,2,True,0,0.9292620420455933
20180321_S00033936_P__F604,20180321_S00033936_P,multi,2,1,1,3,3,True,0,0.8590593934059143
20180321_S00033936_P__F605,20180321_S00033936_P,single,1,2,0,1,3,False,2,0.5444517731666565
20180321_S00033936_P__F606,20180321_S00033936_P,single,1,0,0,1,1,True,0,0.9938597679138184
20180321_S00033936_P__F607,20180321_S00033936_P,multi,2,0,0,2,2,True,0,0.9219990074634552
20180321_S00033936_P__F608,20180321_S00033936_P,single,1,1,0,1,2,False,1,0.9104816317558289
20180321_S00033936_P__F609,20180321_S00033936_P,multi,2,1,0,2,3,False,1,0.8706290125846863
20180321_S00033936_P__F61,20180321_S00033936_P,multi,2,0,0,2,2,True,0,0.7988260388374329
20180321_S00033936_P__F610,20180321_S00033936_P,single,1,1,0,1,2,False,1,0.7735053896903992
20180321_S00033936_P__F611,20180321_S00033936_P,multi,1,2,1,2,3,False,1,0.9503719806671143
20180321_S00033936_P__F612,20180321_S00033936_P,single,1,0,0,1,1,True,0,0.9081003665924072
20180321_S00033936_P__F613,20180321_S00033936_P,multi,2,1,1,3,3,True,0,0.9214900434017181
20180321_S00033936_P__F614,20180321_S00033936_P,single,1,0,0,1,1,True,0,0.922153890132904
20180321_S00033936_P__F615,20180321_S00033936_P,multi,3,1,0,3,4,False,1,0.9396719137827555
20180321_S00033936_P__F616,20180321_S00033936_P,multi,3,0,0,3,3,True,0,0.9506320158640543
20180321_S00033936_P__F617,20180321_S00033936_P,multi,2,0,0,2,2,True,0,0.7719894051551819
20180321_S00033936_P__F618,20180321_S00033936_P,single,1,1,0,1,2,False,1,0.9423308372497559
20180321_S00033936_P__F619,20180321_S00033936_P,multi,2,1,0,2,3,False,1,0.8969665169715881
20180321_S00033936_P__F62,20180321_S00033936_P,single,1,0,0,1,1,True,0,0.904231071472168
20180321_S00033936_P__F620,20180321_S00033936_P,single,1,2,0,1,3,False,2,0.9137375354766846
20180321_S00033936_P__F621,20180321_S00033936_P,multi,3,0,0,3,3,True,0,0.9176886677742004
20180321_S00033936_P__F622,20180321_S00033936_P,multi,3,0,0,3,3,True,0,0.9129034479459127
20180321_S00033936_P__F623,20180321_S00033936_P,multi,3,0,0,3,3,True,0,0.9250132242838541
20180321_S00033936_P__F624,20180321_S00033936_P,single,1,0,0,1,1,True,0,0.8842691779136658
20180321_S00033936_P__F625,20180321_S00033936_P,empty,0,0,0,0,0,True,0,0.0
20180321_S00033936_P__F626,20180321_S00033936_P,single,1,0,0,1,1,True,0,0.8176835775375366
20180321_S00033936_P__F627,20180321_S00033936_P,empty,0,4,0,0,4,False,4,0.0
20180321_S00033936_P__F628,20180321_S00033936_P,single,1,0,0,1,1,True,0,0.9611635208129883
20180321_S00033936_P__F629,20180321_S00033936_P,single,1,0,0,1,1,True,0,0.9321926832199097
20180321_S00033936_P__F63,20180321_S00033936_P,single,1,0,0,1,1,True,0,0.8985533714294434
20180321_S00033936_P__F630,20180321_S00033936_P,single,1,0,0,1,1,True,0,0.7854303121566772
20180321_S00033936_P__F631,20180321_S00033936_P,single,1,1,0,1,2,False,1,0.953561007976532
20180321_S00033936_P__F632,20180321_S00033936_P,single,1,2,0,1,3,False,2,0.6861389875411987
20180321_S00033936_P__F633,20180321_S00033936_P,single,1,1,0,1,2,False,1,0.9511715173721313
20180321_S00033936_P__F634,20180321_S00033936_P,single,1,0,0,1,1,True,0,0.9486002326011658
20180321_S00033936_P__F635,20180321_S00033936_P,single,1,0,0,1,1,True,0,0.9819163680076599
20180321_S00033936_P__F636,20180321_S00033936_P,multi,3,0,0,3,3,True,0,0.94908074537913
20180321_S00033936_P__F637,20180321_S00033936_P,single,1,1,0,1,2,False,1,0.9332491159439087
20180321_S00033936_P__F638,20180321_S00033936_P,multi,2,0,0,2,2,True,0,0.9230659604072571
20180321_S00033936_P__F639,20180321_S00033936_P,single,1,0,0,1,1,True,0,0.9698719382286072
20180321_S00033936_P__F64,20180321_S00033936_P,single,1,0,0,1,1,True,0,0.9358541965484619
20180321_S00033936_P__F640,20180321_S00033936_P,single,1,0,0,1,1,True,0,0.9411579966545105
20180321_S00033936_P__F641,20180321_S00033936_P,single,1,0,0,1,1,True,0,0.9565945267677307
20180321_S00033936_P__F642,20180321_S00033936_P,multi,2,1,0,2,3,False,1,0.9156719744205475
20180321_S00033936_P__F643,20180321_S00033936_P,single,1,2,0,1,3,False,2,0.9227812886238098
20180321_S00033936_P__F644,20180321_S00033936_P,multi,2,0,0,2,2,True,0,0.8271016180515289
20180321_S00033936_P__F645,20180321_S00033936_P,single,1,1,0,1,2,False,1,0.9511674642562866
20180321_S00033936_P__F646,20180321_S00033936_P,single,1,0,0,1,1,True,0,0.9344654083251953
20180321_S00033936_P__F647,20180321_S00033936_P,single,1,0,0,1,1,True,0,0.93404620885849
20180321_S00033936_P__F648,20180321_S00033936_P,single,1,2,0,1,3,False,2,0.9336090683937073
20180321_S00033936_P__F649,20180321_S00033936_P,multi,2,0,0,2,2,True,0,0.8786667883396149
20180321_S00033936_P__F65,20180321_S00033936_P,single,1,0,0,1,1,True,0,0.9857014417648315
20180321_S00033936_P__F650,20180321_S00033936_P,single,1,0,0,1,1,True,0,0.9680351614952087
20180321_S00033936_P__F651,20180321_S00033936_P,multi,2,0,0,2,2,True,0,0.8017995953559875
20180321_S00033936_P__F652,20180321_S00033936_P,multi,2,0,0,2,2,True,0,0.9691183567047119
20180321_S00033936_P__F653,20180321_S00033936_P,single,1,1,0,1,2,False,1,0.5068114995956421
20180321_S00033936_P__F654,20180321_S00033936_P,multi,2,1,0,2,3,False,1,0.7770638763904572
20180321_S00033936_P__F655,20180321_S00033936_P,single,0,1,1,1,1,True,0,0.0
20180321_S00033936_P__F656,20180321_S00033936_P,empty,0,1,0,0,1,False,1,0.0
20180321_S00033936_P__F657,20180321_S00033936_P,single,0,3,1,1,3,False,2,0.0
20180321_S00033936_P__F658,20180321_S00033936_P,single,1,3,0,1,4,False,3,0.5709688663482666
20180321_S00033936_P__F659,20180321_S00033936_P,single,1,1,0,1,2,False,1,0.6908765435218811
20180321_S00033936_P__F66,20180321_S00033936_P,multi,4,2,0,4,6,False,2,0.9083021581172943
20180321_S00033936_P__F660,20180321_S00033936_P,multi,1,3,1,2,4,False,2,0.57310950756073
20180321_S00033936_P__F661,20180321_S00033936_P,empty,0,2,0,0,2,False,2,0.0
20180321_S00033936_P__F662,20180321_S00033936_P,single,1,0,0,1,1,True,0,0.894048273563385
20180321_S00033936_P__F663,20180321_S00033936_P,single,1,0,0,1,1,True,0,0.9306324124336243
20180321_S00033936_P__F664,20180321_S00033936_P,single,1,1,0,1,2,False,1,0.6361122727394104
20180321_S00033936_P__F665,20180321_S00033936_P,single,1,0,0,1,1,True,0,0.9807671308517456
20180321_S00033936_P__F666,20180321_S00033936_P,empty,0,2,0,0,2,False,2,0.0
20180321_S00033936_P__F667,20180321_S00033936_P,single,1,0,0,1,1,True,0,0.9671162366867065
20180321_S00033936_P__F668,20180321_S00033936_P,single,1,0,0,1,1,True,0,0.9437181949615479
20180321_S00033936_P__F669,20180321_S00033936_P,single,1,0,0,1,1,True,0,0.8891465067863464
20180321_S00033936_P__F67,20180321_S00033936_P,multi,1,0,1,2,1,False,1,0.958605945110321
20180321_S00033936_P__F670,20180321_S00033936_P,single,1,1,0,1,2,False,1,0.6953704953193665
20180321_S00033936_P__F671,20180321_S00033936_P,single,1,0,0,1,1,True,0,0.9294965267181396
20180321_S00033936_P__F672,20180321_S00033936_P,empty,0,1,0,0,1,False,1,0.0
20180321_S00033936_P__F673,20180321_S00033936_P,multi,2,1,0,2,3,False,1,0.7854219675064087
20180321_S00033936_P__F674,20180321_S00033936_P,single,1,0,0,1,1,True,0,0.9632641077041626
20180321_S00033936_P__F675,20180321_S00033936_P,empty,0,0,0,0,0,True,0,0.0
20180321_S00033936_P__F676,20180321_S00033936_P,single,1,0,0,1,1,True,0,0.9517009258270264
20180321_S00033936_P__F677,20180321_S00033936_P,single,1,0,0,1,1,True,0,0.9337167143821716
20180321_S00033936_P__F678,20180321_S00033936_P,multi,4,0,0,4,4,True,0,0.9324319660663605
20180321_S00033936_P__F679,20180321_S00033936_P,single,1,0,0,1,1,True,0,0.9521094560623169
20180321_S00033936_P__F68,20180321_S00033936_P,multi,2,1,0,2,3,False,1,0.9018886685371399
20180321_S00033936_P__F680,20180321_S00033936_P,single,1,0,0,1,1,True,0,0.9336038827896118
20180321_S00033936_P__F681,20180321_S00033936_P,single,1,1,0,1,2,False,1,0.8999922871589661
20180321_S00033936_P__F682,20180321_S00033936_P,multi,2,1,0,2,3,False,1,0.9242053031921387
20180321_S00033936_P__F683,20180321_S00033936_P,single,1,1,0,1,2,False,1,0.6462163329124451
20180321_S00033936_P__F684,20180321_S00033936_P,single,1,0,0,1,1,True,0,0.9292704463005066
20180321_S00033936_P__F685,20180321_S00033936_P,single,1,0,0,1,1,True,0,0.677848756313324
20180321_S00033936_P__F686,20180321_S00033936_P,single,1,0,0,1,1,True,0,0.8767380714416504
20180321_S00033936_P__F687,20180321_S00033936_P,multi,2,1,0,2,3,False,1,0.9049488604068756
20180321_S00033936_P__F688,20180321_S00033936_P,single,1,0,0,1,1,True,0,0.9439523816108704
20180321_S00033936_P__F689,20180321_S00033936_P,multi,2,0,0,2,2,True,0,0.9628906846046448
20180321_S00033936_P__F69,20180321_S00033936_P,multi,2,3,0,2,5,False,3,0.923326700925827
20180321_S00033936_P__F690,20180321_S00033936_P,multi,3,0,0,3,3,True,0,0.9506735404332479
20180321_S00033936_P__F691,20180321_S00033936_P,single,1,1,0,1,2,False,1,0.8244131207466125
20180321_S00033936_P__F692,20180321_S00033936_P,single,1,1,0,1,2,False,1,0.6369978189468384
20180321_S00033936_P__F693,20180321_S00033936_P,single,1,0,0,1,1,True,0,0.8957962989807129
20180321_S00033936_P__F694,20180321_S00033936_P,multi,2,1,0,2,3,False,1,0.8682267665863037
20180321_S00033936_P__F695,20180321_S00033936_P,multi,2,1,0,2,3,False,1,0.8134340047836304
20180321_S00033936_P__F696,20180321_S00033936_P,single,1,0,0,1,1,True,0,0.9638935327529907
20180321_S00033936_P__F697,20180321_S00033936_P,single,1,0,0,1,1,True,0,0.9590798616409302
20180321_S00033936_P__F698,20180321_S00033936_P,multi,2,0,0,2,2,True,0,0.9200766682624817
20180321_S00033936_P__F699,20180321_S00033936_P,single,1,0,0,1,1,True,0,0.9575302600860596
20180321_S00033936_P__F7,20180321_S00033936_P,multi,2,1,0,2,3,False,1,0.9085248708724976
20180321_S00033936_P__F70,20180321_S00033936_P,single,1,0,0,1,1,True,0,0.9577360153198242
20180321_S00033936_P__F700,20180321_S00033936_P,single,1,1,0,1,2,False,1,0.917315661907196
20180321_S00033936_P__F701,20180321_S00033936_P,single,0,2,1,1,2,False,1,0.0
20180321_S00033936_P__F702,20180321_S00033936_P,empty,0,2,0,0,2,False,2,0.0
20180321_S00033936_P__F703,20180321_S00033936_P,single,1,1,0,1,2,False,1,0.9532589912414551
20180321_S00033936_P__F704,20180321_S00033936_P,single,1,0,0,1,1,True,0,0.9318126440048218
20180321_S00033936_P__F705,20180321_S00033936_P,single,1,0,0,1,1,True,0,0.9218292236328125
20180321_S00033936_P__F706,20180321_S00033936_P,single,1,1,0,1,2,False,1,0.9325802326202393
20180321_S00033936_P__F707,20180321_S00033936_P,single,1,0,0,1,1,True,0,0.9472672939300537
20180321_S00033936_P__F708,20180321_S00033936_P,single,1,1,0,1,2,False,1,0.7331051826477051
20180321_S00033936_P__F709,20180321_S00033936_P,single,1,0,0,1,1,True,0,0.9436173439025879
20180321_S00033936_P__F71,20180321_S00033936_P,multi,2,0,0,2,2,True,0,0.7822127342224121
20180321_S00033936_P__F710,20180321_S00033936_P,single,1,0,0,1,1,True,0,0.934139609336853
20180321_S00033936_P__F711,20180321_S00033936_P,multi,3,1,0,3,4,False,1,0.8350067337354025
20180321_S00033936_P__F712,20180321_S00033936_P,multi,3,0,0,3,3,True,0,0.8147976795832316
20180321_S00033936_P__F713,20180321_S00033936_P,single,1,0,0,1,1,True,0,0.9261630773544312
20180321_S00033936_P__F714,20180321_S00033936_P,single,1,0,0,1,1,True,0,0.9485414028167725
20180321_S00033936_P__F715,20180321_S00033936_P,multi,2,0,0,2,2,True,0,0.8715294003486633
20180321_S00033936_P__F716,20180321_S00033936_P,empty,0,0,0,0,0,True,0,0.0
20180321_S00033936_P__F717,20180321_S00033936_P,single,1,1,0,1,2,False,1,0.9815081357955933
20180321_S00033936_P__F718,20180321_S00033936_P,multi,2,1,0,2,3,False,1,0.7700363099575043
20180321_S00033936_P__F719,20180321_S00033936_P,multi,3,1,0,3,4,False,1,0.8971340457598368
20180321_S00033936_P__F72,20180321_S00033936_P,empty,0,0,0,0,0,True,0,0.0
20180321_S00033936_P__F720,20180321_S00033936_P,multi,4,1,0,4,5,False,1,0.9176488518714905
20180321_S00033936_P__F721,20180321_S00033936_P,single,1,0,0,1,1,True,0,0.870037317276001
20180321_S00033936_P__F722,20180321_S00033936_P,empty,0,0,0,0,0,True,0,0.0
20180321_S00033936_P__F723,20180321_S00033936_P,single,1,3,0,1,4,False,3,0.8962942361831665
20180321_S00033936_P__F724,20180321_S00033936_P,single,1,0,0,1,1,True,0,0.941966712474823
20180321_S00033936_P__F725,20180321_S00033936_P,multi,3,0,0,3,3,True,0,0.914991021156311
20180321_S00033936_P__F726,20180321_S00033936_P,empty,0,0,0,0,0,True,0,0.0
20180321_S00033936_P__F727,20180321_S00033936_P,empty,0,3,0,0,3,False,3,0.0
20180321_S00033936_P__F728,20180321_S00033936_P,single,1,0,0,1,1,True,0,0.9544199705123901
20180321_S00033936_P__F729,20180321_S00033936_P,single,1,1,0,1,2,False,1,0.8739232420921326
20180321_S00033936_P__F73,20180321_S00033936_P,multi,3,3,0,3,6,False,3,0.9119725426038107
20180321_S00033936_P__F730,20180321_S00033936_P,single,1,1,0,1,2,False,1,0.9627339839935303
20180321_S00033936_P__F731,20180321_S00033936_P,single,1,0,0,1,1,True,0,0.9230467677116394
20180321_S00033936_P__F732,20180321_S00033936_P,multi,2,0,0,2,2,True,0,0.9251292943954468
20180321_S00033936_P__F733,20180321_S00033936_P,multi,2,0,0,2,2,True,0,0.8937274813652039
20180321_S00033936_P__F734,20180321_S00033936_P,multi,2,1,0,2,3,False,1,0.9151330888271332
20180321_S00033936_P__F735,20180321_S00033936_P,single,1,0,0,1,1,True,0,0.9851766228675842
20180321_S00033936_P__F736,20180321_S00033936_P,single,1,0,0,1,1,True,0,0.9617233872413635
20180321_S00033936_P__F737,20180321_S00033936_P,empty,0,0,0,0,0,True,0,0.0
20180321_S00033936_P__F738,20180321_S00033936_P,single,1,0,0,1,1,True,0,0.8823182582855225
20180321_S00033936_P__F739,20180321_S00033936_P,single,1,0,0,1,1,True,0,0.8574897646903992
20180321_S00033936_P__F74,20180321_S00033936_P,multi,2,2,1,3,4,False,1,0.8858896493911743
20180321_S00033936_P__F740,20180321_S00033936_P,multi,2,0,0,2,2,True,0,0.9456987679004669
20180321_S00033936_P__F741,20180321_S00033936_P,multi,2,0,0,2,2,True,0,0.9440924525260925
20180321_S00033936_P__F742,20180321_S00033936_P,single,1,0,0,1,1,True,0,0.9396912455558777
20180321_S00033936_P__F743,20180321_S00033936_P,multi,2,0,0,2,2,True,0,0.9492538571357727
20180321_S00033936_P__F744,20180321_S00033936_P,multi,2,1,0,2,3,False,1,0.8869856595993042
20180321_S00033936_P__F745,20180321_S00033936_P,empty,0,2,0,0,2,False,2,0.0
20180321_S00033936_P__F746,20180321_S00033936_P,multi,2,0,0,2,2,True,0,0.9339595139026642
20180321_S00033936_P__F747,20180321_S00033936_P,empty,0,0,0,0,0,True,0,0.0
20180321_S00033936_P__F748,20180321_S00033936_P,multi,1,2,1,2,3,False,1,0.6443924903869629
20180321_S00033936_P__F749,20180321_S00033936_P,multi,2,0,0,2,2,True,0,0.9361307322978973
20180321_S00033936_P__F75,20180321_S00033936_P,multi,2,0,0,2,2,True,0,0.9252655208110809
20180321_S00033936_P__F750,20180321_S00033936_P,single,1,1,0,1,2,False,1,0.9544411897659302
20180321_S00033936_P__F76,20180321_S00033936_P,single,1,1,0,1,2,False,1,0.8807084560394287
20180321_S00033936_P__F77,20180321_S00033936_P,multi,3,0,1,4,3,False,1,0.8082393209139506
20180321_S00033936_P__F78,20180321_S00033936_P,multi,1,0,2,3,1,False,2,0.9543443918228149
20180321_S00033936_P__F79,20180321_S00033936_P,multi,3,0,0,3,3,True,0,0.9115917086601257
20180321_S00033936_P__F8,20180321_S00033936_P,multi,2,1,0,2,3,False,1,0.8472503423690796
20180321_S00033936_P__F80,20180321_S00033936_P,multi,2,0,0,2,2,True,0,0.9465551376342773
20180321_S00033936_P__F81,20180321_S00033936_P,single,1,0,0,1,1,True,0,0.8519739508628845
20180321_S00033936_P__F82,20180321_S00033936_P,empty,0,3,0,0,3,False,3,0.0
20180321_S00033936_P__F83,20180321_S00033936_P,multi,1,0,1,2,1,False,1,0.9788867235183716
20180321_S00033936_P__F84,20180321_S00033936_P,single,1,1,0,1,2,False,1,0.9622986912727356
20180321_S00033936_P__F85,20180321_S00033936_P,single,1,2,0,1,3,False,2,0.9286431074142456
20180321_S00033936_P__F86,20180321_S00033936_P,single,1,0,0,1,1,True,0,0.6522841453552246
20180321_S00033936_P__F87,20180321_S00033936_P,single,1,0,0,1,1,True,0,0.5607376098632812
20180321_S00033936_P__F88,20180321_S00033936_P,multi,1,1,1,2,2,True,0,0.9524973630905151
20180321_S00033936_P__F89,20180321_S00033936_P,empty,0,2,0,0,2,False,2,0.0
20180321_S00033936_P__F9,20180321_S00033936_P,single,1,0,0,1,1,True,0,0.9447355270385742
20180321_S00033936_P__F90,20180321_S00033936_P,multi,3,0,0,3,3,True,0,0.9452579220136007
20180321_S00033936_P__F91,20180321_S00033936_P,single,1,0,0,1,1,True,0,0.9178498983383179
20180321_S00033936_P__F92,20180321_S00033936_P,single,1,1,0,1,2,False,1,0.9237358570098877
20180321_S00033936_P__F93,20180321_S00033936_P,multi,2,0,2,4,2,False,2,0.9066356420516968
20180321_S00033936_P__F94,20180321_S00033936_P,single,1,0,0,1,1,True,0,0.9522031545639038
20180321_S00033936_P__F95,20180321_S00033936_P,single,1,0,0,1,1,True,0,0.9607719779014587
20180321_S00033936_P__F96,20180321_S00033936_P,multi,3,0,0,3,3,True,0,0.7963040868441263
20180321_S00033936_P__F97,20180321_S00033936_P,multi,2,0,0,2,2,True,0,0.9439094066619873
20180321_S00033936_P__F98,20180321_S00033936_P,single,1,1,0,1,2,False,1,0.8683682084083557
20180321_S00033936_P__F99,20180321_S00033936_P,single,1,0,0,1,1,True,0,0.9402433037757874
AG-88-11_r12-__F1,AG-88-11_r12-,single,1,0,0,1,1,True,0,0.9459912180900574
AG-88-11_r12-__F10,AG-88-11_r12-,empty,0,0,0,0,0,True,0,0.0
AG-88-11_r12-__F100,AG-88-11_r12-,single,1,0,0,1,1,True,0,0.8737226724624634
AG-88-11_r12-__F101,AG-88-11_r12-,single,1,0,0,1,1,True,0,0.8837878704071045
AG-88-11_r12-__F102,AG-88-11_r12-,single,1,0,0,1,1,True,0,0.881385862827301
AG-88-11_r12-__F103,AG-88-11_r12-,multi,2,0,0,2,2,True,0,0.760087251663208
AG-88-11_r12-__F104,AG-88-11_r12-,single,1,0,0,1,1,True,0,0.8777459263801575
AG-88-11_r12-__F105,AG-88-11_r12-,single,1,0,0,1,1,True,0,0.844372570514679
AG-88-11_r12-__F106,AG-88-11_r12-,empty,0,0,0,0,0,True,0,0.0
AG-88-11_r12-__F107,AG-88-11_r12-,multi,2,0,0,2,2,True,0,0.8654152452945709
AG-88-11_r12-__F108,AG-88-11_r12-,multi,2,0,0,2,2,True,0,0.8870449364185333
AG-88-11_r12-__F109,AG-88-11_r12-,single,1,0,0,1,1,True,0,0.626277506351471
AG-88-11_r12-__F11,AG-88-11_r12-,multi,2,0,0,2,2,True,0,0.819893091917038
AG-88-11_r12-__F110,AG-88-11_r12-,single,1,0,0,1,1,True,0,0.7357209324836731
AG-88-11_r12-__F111,AG-88-11_r12-,multi,2,0,0,2,2,True,0,0.8099173009395599
AG-88-11_r12-__F112,AG-88-11_r12-,single,1,0,0,1,1,True,0,0.8072892427444458
AG-88-11_r12-__F113,AG-88-11_r12-,single,1,0,0,1,1,True,0,0.7477712035179138
AG-88-11_r12-__F114,AG-88-11_r12-,single,1,0,0,1,1,True,0,0.6988963484764099
AG-88-11_r12-__F115,AG-88-11_r12-,single,1,0,0,1,1,True,0,0.8748149871826172
AG-88-11_r12-__F116,AG-88-11_r12-,single,1,0,0,1,1,True,0,0.8353709578514099
AG-88-11_r12-__F117,AG-88-11_r12-,multi,2,0,0,2,2,True,0,0.8859997391700745
AG-88-11_r12-__F118,AG-88-11_r12-,single,1,0,0,1,1,True,0,0.5725750923156738
AG-88-11_r12-__F119,AG-88-11_r12-,single,1,0,0,1,1,True,0,0.6774080991744995
AG-88-11_r12-__F12,AG-88-11_r12-,single,1,0,0,1,1,True,0,0.9129192233085632
AG-88-11_r12-__F120,AG-88-11_r12-,single,1,0,0,1,1,True,0,0.8680539131164551
AG-88-11_r12-__F121,AG-88-11_r12-,single,1,0,0,1,1,True,0,0.9053388833999634
AG-88-11_r12-__F122,AG-88-11_r12-,multi,1,1,1,2,2,True,0,0.9259970784187317
AG-88-11_r12-__F123,AG-88-11_r12-,multi,1,0,1,2,1,False,1,0.9851791262626648
AG-88-11_r12-__F124,AG-88-11_r12-,single,0,1,1,1,1,True,0,0.0
AG-88-11_r12-__F125,AG-88-11_r12-,single,1,0,0,1,1,True,0,0.8144081234931946
AG-88-11_r12-__F126,AG-88-11_r12-,single,1,0,0,1,1,True,0,0.893709123134613
AG-88-11_r12-__F127,AG-88-11_r12-,single,1,0,0,1,1,True,0,0.9869571328163147
AG-88-11_r12-__F128,AG-88-11_r12-,multi,1,0,1,2,1,False,1,0.9174591302871704
AG-88-11_r12-__F129,AG-88-11_r12-,single,1,0,0,1,1,True,0,0.8497646450996399
AG-88-11_r12-__F13,AG-88-11_r12-,single,1,0,0,1,1,True,0,0.6447005271911621
AG-88-11_r12-__F130,AG-88-11_r12-,multi,2,0,0,2,2,True,0,0.8557532429695129
AG-88-11_r12-__F131,AG-88-11_r12-,empty,0,0,0,0,0,True,0,0.0
AG-88-11_r12-__F132,AG-88-11_r12-,single,1,0,0,1,1,True,0,0.8793972730636597
AG-88-11_r12-__F133,AG-88-11_r12-,single,1,0,0,1,1,True,0,0.8603930473327637
AG-88-11_r12-__F134,AG-88-11_r12-,single,1,0,0,1,1,True,0,0.5101543068885803
AG-88-11_r12-__F135,AG-88-11_r12-,single,0,1,1,1,1,True,0,0.0
AG-88-11_r12-__F136,AG-88-11_r12-,single,1,0,0,1,1,True,0,0.8987885117530823
AG-88-11_r12-__F137,AG-88-11_r12-,single,1,0,0,1,1,True,0,0.9356520771980286
AG-88-11_r12-__F138,AG-88-11_r12-,single,1,0,0,1,1,True,0,0.7545430064201355
AG-88-11_r12-__F139,AG-88-11_r12-,single,1,0,0,1,1,True,0,0.9245038032531738
AG-88-11_r12-__F14,AG-88-11_r12-,single,1,0,0,1,1,True,0,0.8957780003547668
AG-88-11_r12-__F140,AG-88-11_r12-,multi,2,0,0,2,2,True,0,0.8257485628128052
AG-88-11_r12-__F141,AG-88-11_r12-,single,1,0,0,1,1,True,0,0.8755295276641846
AG-88-11_r12-__F142,AG-88-11_r12-,single,1,0,0,1,1,True,0,0.9345656037330627
AG-88-11_r12-__F143,AG-88-11_r12-,single,1,0,0,1,1,True,0,0.9457299709320068
AG-88-11_r12-__F144,AG-88-11_r12-,single,1,0,0,1,1,True,0,0.9807392358779907
AG-88-11_r12-__F145,AG-88-11_r12-,single,1,0,0,1,1,True,0,0.9333662986755371
AG-88-11_r12-__F146,AG-88-11_r12-,single,1,3,0,1,4,False,3,0.690255343914032
AG-88-11_r12-__F147,AG-88-11_r12-,single,1,0,0,1,1,True,0,0.9185652732849121
AG-88-11_r12-__F148,AG-88-11_r12-,single,1,0,0,1,1,True,0,0.8204748034477234
AG-88-11_r12-__F149,AG-88-11_r12-,multi,2,0,0,2,2,True,0,0.7539471983909607
AG-88-11_r12-__F15,AG-88-11_r12-,single,1,0,0,1,1,True,0,0.9381451606750488
AG-88-11_r12-__F150,AG-88-11_r12-,single,1,0,0,1,1,True,0,0.9212736487388611
AG-88-11_r12-__F151,AG-88-11_r12-,empty,0,0,0,0,0,True,0,0.0
AG-88-11_r12-__F152,AG-88-11_r12-,multi,2,0,0,2,2,True,0,0.8616518080234528
AG-88-11_r12-__F153,AG-88-11_r12-,single,1,0,0,1,1,True,0,0.9558076858520508
AG-88-11_r12-__F154,AG-88-11_r12-,single,1,0,0,1,1,True,0,0.8441029787063599
AG-88-11_r12-__F155,AG-88-11_r12-,single,1,0,0,1,1,True,0,0.8846374750137329
AG-88-11_r12-__F156,AG-88-11_r12-,multi,1,1,1,2,2,True,0,0.9364485144615173
AG-88-11_r12-__F157,AG-88-11_r12-,single,1,0,0,1,1,True,0,0.9528590440750122
AG-88-11_r12-__F158,AG-88-11_r12-,single,1,0,0,1,1,True,0,0.941677451133728
AG-88-11_r12-__F159,AG-88-11_r12-,single,1,0,0,1,1,True,0,0.8567299246788025
AG-88-11_r12-__F16,AG-88-11_r12-,multi,1,0,1,2,1,False,1,0.8832934498786926
AG-88-11_r12-__F160,AG-88-11_r12-,single,1,0,0,1,1,True,0,0.9387608170509338
AG-88-11_r12-__F161,AG-88-11_r12-,multi,2,0,0,2,2,True,0,0.7285465002059937
AG-88-11_r12-__F162,AG-88-11_r12-,single,1,0,0,1,1,True,0,0.5237591862678528
AG-88-11_r12-__F163,AG-88-11_r12-,single,1,0,0,1,1,True,0,0.923775851726532
AG-88-11_r12-__F164,AG-88-11_r12-,single,1,0,0,1,1,True,0,0.8294839859008789
AG-88-11_r12-__F165,AG-88-11_r12-,empty,0,1,0,0,1,False,1,0.0
AG-88-11_r12-__F166,AG-88-11_r12-,single,0,1,1,1,1,True,0,0.0
AG-88-11_r12-__F167,AG-88-11_r12-,single,1,0,0,1,1,True,0,0.9462292194366455
AG-88-11_r12-__F168,AG-88-11_r12-,single,1,0,0,1,1,True,0,0.8569662570953369
AG-88-11_r12-__F169,AG-88-11_r12-,single,1,0,0,1,1,True,0,0.5001964569091797
AG-88-11_r12-__F17,AG-88-11_r12-,single,1,0,0,1,1,True,0,0.6519749164581299
AG-88-11_r12-__F170,AG-88-11_r12-,single,1,0,0,1,1,True,0,0.6226405501365662
AG-88-11_r12-__F171,AG-88-11_r12-,single,1,0,0,1,1,True,0,0.8575213551521301
AG-88-11_r12-__F172,AG-88-11_r12-,multi,2,0,0,2,2,True,0,0.9234932959079742
AG-88-11_r12-__F173,AG-88-11_r12-,single,1,0,0,1,1,True,0,0.9591559171676636
AG-88-11_r12-__F174,AG-88-11_r12-,empty,0,0,0,0,0,True,0,0.0
AG-88-11_r12-__F175,AG-88-11_r12-,single,1,0,0,1,1,True,0,0.8546619415283203
AG-88-11_r12-__F176,AG-88-11_r12-,single,1,0,0,1,1,True,0,0.8050705194473267
AG-88-11_r12-__F177,AG-88-11_r12-,single,1,0,0,1,1,True,0,0.9498592019081116
AG-88-11_r12-__F178,AG-88-11_r12-,single,1,0,0,1,1,True,0,0.7806572914123535
AG-88-11_r12-__F179,AG-88-11_r12-,multi,1,1,1,2,2,True,0,0.8465030789375305
AG-88-11_r12-__F18,AG-88-11_r12-,single,1,0,0,1,1,True,0,0.8173015713691711
AG-88-11_r12-__F180,AG-88-11_r12-,single,1,0,0,1,1,True,0,0.6665899157524109
AG-88-11_r12-__F181,AG-88-11_r12-,single,1,0,0,1,1,True,0,0.5469081401824951
AG-88-11_r12-__F182,AG-88-11_r12-,single,1,0,0,1,1,True,0,0.8873365521430969
AG-88-11_r12-__F183,AG-88-11_r12-,empty,0,0,0,0,0,True,0,0.0
AG-88-11_r12-__F184,AG-88-11_r12-,single,1,0,0,1,1,True,0,0.9566376209259033
AG-88-11_r12-__F185,AG-88-11_r12-,multi,1,0,1,2,1,False,1,0.5442134737968445
AG-88-11_r12-__F186,AG-88-11_r12-,multi,1,0,1,2,1,False,1,0.9204081892967224
AG-88-11_r12-__F187,AG-88-11_r12-,single,1,0,0,1,1,True,0,0.872075617313385
AG-88-11_r12-__F188,AG-88-11_r12-,single,1,0,0,1,1,True,0,0.7143142819404602
AG-88-11_r12-__F189,AG-88-11_r12-,single,1,0,0,1,1,True,0,0.7347241640090942
AG-88-11_r12-__F19,AG-88-11_r12-,single,1,0,0,1,1,True,0,0.6742597222328186
AG-88-11_r12-__F190,AG-88-11_r12-,single,1,0,0,1,1,True,0,0.8369116187095642
AG-88-11_r12-__F191,AG-88-11_r12-,single,1,0,0,1,1,True,0,0.6709682941436768
AG-88-11_r12-__F192,AG-88-11_r12-,single,1,0,0,1,1,True,0,0.8806977868080139
AG-88-11_r12-__F193,AG-88-11_r12-,multi,2,0,0,2,2,True,0,0.8971074223518372
AG-88-11_r12-__F194,AG-88-11_r12-,single,1,0,0,1,1,True,0,0.684556245803833
AG-88-11_r12-__F195,AG-88-11_r12-,multi,2,0,0,2,2,True,0,0.9231352508068085
AG-88-11_r12-__F196,AG-88-11_r12-,single,1,0,0,1,1,True,0,0.8023351430892944
AG-88-11_r12-__F197,AG-88-11_r12-,single,1,0,0,1,1,True,0,0.9536188840866089
AG-88-11_r12-__F198,AG-88-11_r12-,single,1,0,0,1,1,True,0,0.5792062282562256
AG-88-11_r12-__F199,AG-88-11_r12-,single,1,0,0,1,1,True,0,0.9584522247314453
AG-88-11_r12-__F2,AG-88-11_r12-,single,1,0,0,1,1,True,0,0.5849233865737915
AG-88-11_r12-__F20,AG-88-11_r12-,multi,2,0,0,2,2,True,0,0.8978630900382996
AG-88-11_r12-__F200,AG-88-11_r12-,single,1,0,0,1,1,True,0,0.8094387650489807
AG-88-11_r12-__F201,AG-88-11_r12-,single,1,0,0,1,1,True,0,0.796768844127655
AG-88-11_r12-__F202,AG-88-11_r12-,multi,1,1,2,3,2,False,1,0.968326210975647
AG-88-11_r12-__F203,AG-88-11_r12-,single,1,0,0,1,1,True,0,0.8727205395698547
AG-88-11_r12-__F204,AG-88-11_r12-,single,1,0,0,1,1,True,0,0.8800480961799622
AG-88-11_r12-__F205,AG-88-11_r12-,single,1,0,0,1,1,True,0,0.8764662742614746
AG-88-11_r12-__F206,AG-88-11_r12-,single,1,0,0,1,1,True,0,0.8331725001335144
AG-88-11_r12-__F207,AG-88-11_r12-,single,1,0,0,1,1,True,0,0.9309046268463135
AG-88-11_r12-__F208,AG-88-11_r12-,multi,4,0,0,4,4,True,0,0.8589567989110947
AG-88-11_r12-__F209,AG-88-11_r12-,multi,2,0,0,2,2,True,0,0.9689105451107025
AG-88-11_r12-__F21,AG-88-11_r12-,single,1,0,0,1,1,True,0,0.8033353090286255
AG-88-11_r12-__F210,AG-88-11_r12-,single,1,0,0,1,1,True,0,0.9602069854736328
AG-88-11_r12-__F211,AG-88-11_r12-,single,1,0,0,1,1,True,0,0.7745814323425293
AG-88-11_r12-__F212,AG-88-11_r12-,single,1,0,0,1,1,True,0,0.9379487633705139
AG-88-11_r12-__F213,AG-88-11_r12-,single,1,0,0,1,1,True,0,0.8712779879570007
AG-88-11_r12-__F214,AG-88-11_r12-,single,1,0,0,1,1,True,0,0.9349167346954346
AG-88-11_r12-__F215,AG-88-11_r12-,single,1,0,0,1,1,True,0,0.9723120331764221
AG-88-11_r12-__F216,AG-88-11_r12-,single,1,0,0,1,1,True,0,0.9162152409553528
AG-88-11_r12-__F217,AG-88-11_r12-,multi,1,0,1,2,1,False,1,0.8834809064865112
AG-88-11_r12-__F218,AG-88-11_r12-,single,1,0,0,1,1,True,0,0.9076232314109802
AG-88-11_r12-__F219,AG-88-11_r12-,multi,1,0,1,2,1,False,1,0.781711757183075
AG-88-11_r12-__F22,AG-88-11_r12-,single,1,0,0,1,1,True,0,0.9414533972740173
AG-88-11_r12-__F220,AG-88-11_r12-,single,1,0,0,1,1,True,0,0.9191334247589111
AG-88-11_r12-__F221,AG-88-11_r12-,single,1,0,0,1,1,True,0,0.8787530064582825
AG-88-11_r12-__F222,AG-88-11_r12-,single,1,0,0,1,1,True,0,0.8533093333244324
AG-88-11_r12-__F223,AG-88-11_r12-,empty,0,0,0,0,0,True,0,0.0
AG-88-11_r12-__F224,AG-88-11_r12-,single,1,0,0,1,1,True,0,0.8617141842842102
AG-88-11_r12-__F225,AG-88-11_r12-,multi,2,0,0,2,2,True,0,0.9011322855949402
AG-88-11_r12-__F226,AG-88-11_r12-,multi,2,0,1,3,2,False,1,0.8763314783573151
AG-88-11_r12-__F227,AG-88-11_r12-,multi,2,0,0,2,2,True,0,0.6760353147983551
AG-88-11_r12-__F228,AG-88-11_r12-,single,1,2,0,1,3,False,2,0.8338865041732788
AG-88-11_r12-__F229,AG-88-11_r12-,multi,2,0,0,2,2,True,0,0.7757991254329681
AG-88-11_r12-__F23,AG-88-11_r12-,single,1,0,0,1,1,True,0,0.8719810843467712
AG-88-11_r12-__F230,AG-88-11_r12-,multi,0,0,2,2,0,False,2,0.0
AG-88-11_r12-__F231,AG-88-11_r12-,single,1,0,0,1,1,True,0,0.6953360438346863
AG-88-11_r12-__F232,AG-88-11_r12-,single,1,0,0,1,1,True,0,0.9276511073112488
AG-88-11_r12-__F233,AG-88-11_r12-,single,1,0,0,1,1,True,0,0.898510754108429
AG-88-11_r12-__F234,AG-88-11_r12-,single,1,0,0,1,1,True,0,0.9331750273704529
AG-88-11_r12-__F235,AG-88-11_r12-,multi,1,1,1,2,2,True,0,0.7720935344696045
AG-88-11_r12-__F236,AG-88-11_r12-,single,1,0,0,1,1,True,0,0.8953729867935181
AG-88-11_r12-__F237,AG-88-11_r12-,single,1,0,0,1,1,True,0,0.5725448727607727
AG-88-11_r12-__F238,AG-88-11_r12-,multi,1,0,1,2,1,False,1,0.6546837091445923
AG-88-11_r12-__F239,AG-88-11_r12-,multi,2,0,0,2,2,True,0,0.8985843658447266
AG-88-11_r12-__F24,AG-88-11_r12-,single,1,0,0,1,1,True,0,0.9075214266777039
AG-88-11_r12-__F240,AG-88-11_r12-,single,1,0,0,1,1,True,0,0.9261947274208069
AG-88-11_r12-__F241,AG-88-11_r12-,single,1,0,0,1,1,True,0,0.8884967565536499
AG-88-11_r12-__F242,AG-88-11_r12-,single,1,0,0,1,1,True,0,0.8474740982055664
AG-88-11_r12-__F243,AG-88-11_r12-,multi,2,0,0,2,2,True,0,0.9194380342960358
AG-88-11_r12-__F244,AG-88-11_r12-,single,1,0,0,1,1,True,0,0.9145946502685547
AG-88-11_r12-__F245,AG-88-11_r12-,single,1,0,0,1,1,True,0,0.7561597228050232
AG-88-11_r12-__F246,AG-88-11_r12-,single,1,0,0,1,1,True,0,0.8628334999084473
AG-88-11_r12-__F247,AG-88-11_r12-,single,1,0,0,1,1,True,0,0.865300714969635
AG-88-11_r12-__F248,AG-88-11_r12-,empty,0,0,0,0,0,True,0,0.0
AG-88-11_r12-__F249,AG-88-11_r12-,single,1,0,0,1,1,True,0,0.7627515196800232
AG-88-11_r12-__F25,AG-88-11_r12-,single,1,1,0,1,2,False,1,0.7328546047210693
AG-88-11_r12-__F250,AG-88-11_r12-,multi,0,1,2,2,1,False,1,0.0
AG-88-11_r12-__F251,AG-88-11_r12-,multi,1,0,1,2,1,False,1,0.7385650873184204
AG-88-11_r12-__F253,AG-88-11_r12-,single,1,0,0,1,1,True,0,0.966999888420105
AG-88-11_r12-__F254,AG-88-11_r12-,single,1,0,0,1,1,True,0,0.9085163474082947
AG-88-11_r12-__F255,AG-88-11_r12-,single,1,0,0,1,1,True,0,0.8912006616592407
AG-88-11_r12-__F256,AG-88-11_r12-,single,1,0,0,1,1,True,0,0.8636015057563782
AG-88-11_r12-__F257,AG-88-11_r12-,single,1,0,0,1,1,True,0,0.9295541048049927
AG-88-11_r12-__F258,AG-88-11_r12-,multi,2,0,0,2,2,True,0,0.8589584529399872
AG-88-11_r12-__F259,AG-88-11_r12-,single,1,0,0,1,1,True,0,0.9162350296974182
AG-88-11_r12-__F26,AG-88-11_r12-,single,1,0,0,1,1,True,0,0.8344868421554565
AG-88-11_r12-__F260,AG-88-11_r12-,empty,0,0,0,0,0,True,0,0.0
AG-88-11_r12-__F261,AG-88-11_r12-,single,1,0,0,1,1,True,0,0.8040863275527954
AG-88-11_r12-__F262,AG-88-11_r12-,single,1,0,0,1,1,True,0,0.9452173709869385
AG-88-11_r12-__F263,AG-88-11_r12-,single,1,0,0,1,1,True,0,0.8501664400100708
AG-88-11_r12-__F264,AG-88-11_r12-,single,1,0,0,1,1,True,0,0.9585275650024414
AG-88-11_r12-__F265,AG-88-11_r12-,single,1,0,0,1,1,True,0,0.9026206731796265
AG-88-11_r12-__F266,AG-88-11_r12-,single,1,0,0,1,1,True,0,0.9774564504623413
AG-88-11_r12-__F267,AG-88-11_r12-,single,1,0,0,1,1,True,0,0.8885395526885986
AG-88-11_r12-__F268,AG-88-11_r12-,single,1,0,0,1,1,True,0,0.905094563961029
AG-88-11_r12-__F269,AG-88-11_r12-,multi,2,0,0,2,2,True,0,0.8652983009815216
AG-88-11_r12-__F27,AG-88-11_r12-,single,1,0,0,1,1,True,0,0.7506037354469299
AG-88-11_r12-__F270,AG-88-11_r12-,single,1,0,0,1,1,True,0,0.6371291875839233
AG-88-11_r12-__F271,AG-88-11_r12-,single,1,0,0,1,1,True,0,0.8813952803611755
AG-88-11_r12-__F272,AG-88-11_r12-,single,1,0,0,1,1,True,0,0.9312723875045776
AG-88-11_r12-__F273,AG-88-11_r12-,multi,2,0,0,2,2,True,0,0.9374234080314636
AG-88-11_r12-__F274,AG-88-11_r12-,empty,0,0,0,0,0,True,0,0.0
AG-88-11_r12-__F275,AG-88-11_r12-,empty,0,0,0,0,0,True,0,0.0
AG-88-11_r12-__F276,AG-88-11_r12-,multi,2,0,0,2,2,True,0,0.884751945734024
AG-88-11_r12-__F277,AG-88-11_r12-,single,1,0,0,1,1,True,0,0.8265789151191711
AG-88-11_r12-__F278,AG-88-11_r12-,single,1,0,0,1,1,True,0,0.9116116166114807
AG-88-11_r12-__F279,AG-88-11_r12-,multi,1,0,1,2,1,False,1,0.9317902326583862
AG-88-11_r12-__F28,AG-88-11_r12-,single,1,0,0,1,1,True,0,0.8900681734085083
AG-88-11_r12-__F280,AG-88-11_r12-,multi,2,0,0,2,2,True,0,0.8500006794929504
AG-88-11_r12-__F281,AG-88-11_r12-,multi,1,0,1,2,1,False,1,0.9637951254844666
AG-88-11_r12-__F282,AG-88-11_r12-,single,1,0,0,1,1,True,0,0.8548794984817505
AG-88-11_r12-__F283,AG-88-11_r12-,single,1,0,0,1,1,True,0,0.8366914987564087
AG-88-11_r12-__F284,AG-88-11_r12-,multi,2,0,0,2,2,True,0,0.889864057302475
AG-88-11_r12-__F285,AG-88-11_r12-,single,1,0,0,1,1,True,0,0.8820309638977051
AG-88-11_r12-__F286,AG-88-11_r12-,single,1,0,0,1,1,True,0,0.925504207611084
AG-88-11_r12-__F287,AG-88-11_r12-,single,1,0,0,1,1,True,0,0.8546474575996399
AG-88-11_r12-__F288,AG-88-11_r12-,single,1,0,0,1,1,True,0,0.7457848191261292
AG-88-11_r12-__F289,AG-88-11_r12-,single,1,0,0,1,1,True,0,0.8584383130073547
AG-88-11_r12-__F29,AG-88-11_r12-,single,1,0,0,1,1,True,0,0.9635286331176758
AG-88-11_r12-__F290,AG-88-11_r12-,multi,2,0,0,2,2,True,0,0.9283286035060883
AG-88-11_r12-__F291,AG-88-11_r12-,single,1,0,0,1,1,True,0,0.7924156188964844
AG-88-11_r12-__F292,AG-88-11_r12-,single,1,0,0,1,1,True,0,0.5989441871643066
AG-88-11_r12-__F293,AG-88-11_r12-,single,1,0,0,1,1,True,0,0.9205962419509888
AG-88-11_r12-__F294,AG-88-11_r12-,empty,0,0,0,0,0,True,0,0.0
AG-88-11_r12-__F295,AG-88-11_r12-,single,1,0,0,1,1,True,0,0.8368390202522278
AG-88-11_r12-__F296,AG-88-11_r12-,single,1,0,0,1,1,True,0,0.9621922373771667
AG-88-11_r12-__F297,AG-88-11_r12-,multi,2,0,0,2,2,True,0,0.8743996918201447
AG-88-11_r12-__F298,AG-88-11_r12-,single,1,2,0,1,3,False,2,0.9434716701507568
AG-88-11_r12-__F299,AG-88-11_r12-,multi,1,0,1,2,1,False,1,0.777125895023346
AG-88-11_r12-__F3,AG-88-11_r12-,empty,0,0,0,0,0,True,0,0.0
AG-88-11_r12-__F30,AG-88-11_r12-,single,1,0,0,1,1,True,0,0.8272847533226013
AG-88-11_r12-__F300,AG-88-11_r12-,empty,0,0,0,0,0,True,0,0.0
AG-88-11_r12-__F301,AG-88-11_r12-,single,1,0,0,1,1,True,0,0.7796010375022888
AG-88-11_r12-__F302,AG-88-11_r12-,single,1,0,0,1,1,True,0,0.9458782076835632
AG-88-11_r12-__F303,AG-88-11_r12-,empty,0,0,0,0,0,True,0,0.0
AG-88-11_r12-__F304,AG-88-11_r12-,single,1,0,0,1,1,True,0,0.8732694983482361
AG-88-11_r12-__F305,AG-88-11_r12-,single,1,0,0,1,1,True,0,0.5608021020889282
AG-88-11_r12-__F306,AG-88-11_r12-,single,1,0,0,1,1,True,0,0.8484093546867371
AG-88-11_r12-__F307,AG-88-11_r12-,single,1,0,0,1,1,True,0,0.8033295273780823
AG-88-11_r12-__F308,AG-88-11_r12-,single,1,0,0,1,1,True,0,0.9597428441047668
AG-88-11_r12-__F309,AG-88-11_r12-,single,1,0,0,1,1,True,0,0.8874456286430359
AG-88-11_r12-__F310,AG-88-11_r12-,empty,0,1,0,0,1,False,1,0.0
AG-88-11_r12-__F311,AG-88-11_r12-,single,1,0,0,1,1,True,0,0.6852949261665344
AG-88-11_r12-__F312,AG-88-11_r12-,single,1,0,0,1,1,True,0,0.960702121257782
AG-88-11_r12-__F313,AG-88-11_r12-,multi,1,0,1,2,1,False,1,0.8402959704399109
AG-88-11_r12-__F314,AG-88-11_r12-,single,1,0,0,1,1,True,0,0.924704909324646
AG-88-11_r12-__F315,AG-88-11_r12-,single,1,0,0,1,1,True,0,0.8594135046005249
AG-88-11_r12-__F316,AG-88-11_r12-,single,1,0,0,1,1,True,0,0.9202834367752075
AG-88-11_r12-__F317,AG-88-11_r12-,multi,1,0,1,2,1,False,1,0.7769914269447327
AG-88-11_r12-__F318,AG-88-11_r12-,multi,2,0,0,2,2,True,0,0.8752310574054718
AG-88-11_r12-__F319,AG-88-11_r12-,single,0,1,1,1,1,True,0,0.0
AG-88-11_r12-__F32,AG-88-11_r12-,single,1,0,0,1,1,True,0,0.6720261573791504
AG-88-11_r12-__F320,AG-88-11_r12-,single,1,0,0,1,1,True,0,0.8595418334007263
AG-88-11_r12-__F321,AG-88-11_r12-,single,1,0,0,1,1,True,0,0.6183488368988037
AG-88-11_r12-__F322,AG-88-11_r12-,single,1,0,0,1,1,True,0,0.9266673922538757
AG-88-11_r12-__F323,AG-88-11_r12-,single,1,0,0,1,1,True,0,0.8288022875785828
AG-88-11_r12-__F324,AG-88-11_r12-,single,1,0,0,1,1,True,0,0.8160592317581177
AG-88-11_r12-__F325,AG-88-11_r12-,multi,2,0,0,2,2,True,0,0.918096274137497
AG-88-11_r12-__F326,AG-88-11_r12-,single,1,0,0,1,1,True,0,0.93064945936203
AG-88-11_r12-__F327,AG-88-11_r12-,multi,2,0,0,2,2,True,0,0.8316048383712769
AG-88-11_r12-__F328,AG-88-11_r12-,multi,2,0,1,3,2,False,1,0.8884434401988983
AG-88-11_r12-__F329,AG-88-11_r12-,empty,0,1,0,0,1,False,1,0.0
AG-88-11_r12-__F33,AG-88-11_r12-,single,1,0,0,1,1,True,0,0.5979872941970825
AG-88-11_r12-__F330,AG-88-11_r12-,single,1,0,0,1,1,True,0,0.8962929248809814
AG-88-11_r12-__F331,AG-88-11_r12-,single,1,0,0,1,1,True,0,0.9641642570495605
AG-88-11_r12-__F332,AG-88-11_r12-,single,1,0,0,1,1,True,0,0.8890002965927124
AG-88-11_r12-__F333,AG-88-11_r12-,single,1,0,0,1,1,True,0,0.864602267742157
AG-88-11_r12-__F334,AG-88-11_r12-,single,1,0,0,1,1,True,0,0.8542980551719666
AG-88-11_r12-__F335,AG-88-11_r12-,single,1,0,0,1,1,True,0,0.7444382309913635
AG-88-11_r12-__F336,AG-88-11_r12-,single,1,0,0,1,1,True,0,0.818807065486908
AG-88-11_r12-__F337,AG-88-11_r12-,single,1,0,0,1,1,True,0,0.9181366562843323
AG-88-11_r12-__F338,AG-88-11_r12-,single,1,0,0,1,1,True,0,0.8316476345062256
AG-88-11_r12-__F339,AG-88-11_r12-,multi,2,0,0,2,2,True,0,0.755919873714447
AG-88-11_r12-__F34,AG-88-11_r12-,single,1,0,0,1,1,True,0,0.7409160733222961
AG-88-11_r12-__F340,AG-88-11_r12-,single,1,0,0,1,1,True,0,0.865483820438385
AG-88-11_r12-__F341,AG-88-11_r12-,multi,2,0,0,2,2,True,0,0.9179877638816833
AG-88-11_r12-__F342,AG-88-11_r12-,multi,2,0,0,2,2,True,0,0.847372978925705
AG-88-11_r12-__F343,AG-88-11_r12-,single,1,0,0,1,1,True,0,0.91737961769104
AG-88-11_r12-__F344,AG-88-11_r12-,single,1,0,0,1,1,True,0,0.971330463886261
AG-88-11_r12-__F345,AG-88-11_r12-,single,1,0,0,1,1,True,0,0.876001238822937
AG-88-11_r12-__F346,AG-88-11_r12-,single,1,0,0,1,1,True,0,0.9409622550010681
AG-88-11_r12-__F347,AG-88-11_r12-,single,1,0,0,1,1,True,0,0.7234448790550232
AG-88-11_r12-__F348,AG-88-11_r12-,single,1,0,0,1,1,True,0,0.946840226650238
AG-88-11_r12-__F349,AG-88-11_r12-,single,1,0,0,1,1,True,0,0.9781695008277893
AG-88-11_r12-__F35,AG-88-11_r12-,single,1,0,0,1,1,True,0,0.8676295280456543
AG-88-11_r12-__F350,AG-88-11_r12-,multi,2,1,0,2,3,False,1,0.8771486878395081
AG-88-11_r12-__F351,AG-88-11_r12-,single,1,0,0,1,1,True,0,0.8807312250137329
AG-88-11_r12-__F352,AG-88-11_r12-,single,1,0,0,1,1,True,0,0.7693233489990234
AG-88-11_r12-__F353,AG-88-11_r12-,single,1,0,0,1,1,True,0,0.8735427260398865
AG-88-11_r12-__F354,AG-88-11_r12-,single,1,0,0,1,1,True,0,0.9360398054122925
AG-88-11_r12-__F355,AG-88-11_r12-,single,1,0,0,1,1,True,0,0.900557279586792
AG-88-11_r12-__F356,AG-88-11_r12-,single,1,0,0,1,1,True,0,0.918261706829071
AG-88-11_r12-__F357,AG-88-11_r12-,single,1,0,0,1,1,True,0,0.7226632833480835
AG-88-11_r12-__F358,AG-88-11_r12-,single,1,0,0,1,1,True,0,0.7812873721122742
AG-88-11_r12-__F359,AG-88-11_r12-,single,1,0,0,1,1,True,0,0.9877310991287231
AG-88-11_r12-__F36,AG-88-11_r12-,multi,2,0,0,2,2,True,0,0.8496781289577484
AG-88-11_r12-__F360,AG-88-11_r12-,single,1,0,0,1,1,True,0,0.5788989663124084
AG-88-11_r12-__F361,AG-88-11_r12-,multi,2,0,0,2,2,True,0,0.8224769830703735
AG-88-11_r12-__F362,AG-88-11_r12-,single,1,0,0,1,1,True,0,0.9176862835884094
AG-88-11_r12-__F363,AG-88-11_r12-,single,1,0,0,1,1,True,0,0.8583223819732666
AG-88-11_r12-__F364,AG-88-11_r12-,single,1,0,0,1,1,True,0,0.9672954678535461
AG-88-11_r12-__F365,AG-88-11_r12-,single,1,0,0,1,1,True,0,0.8054190278053284
AG-88-11_r12-__F366,AG-88-11_r12-,single,1,0,0,1,1,True,0,0.9331368207931519
AG-88-11_r12-__F367,AG-88-11_r12-,multi,2,0,0,2,2,True,0,0.8598147630691528
AG-88-11_r12-__F368,AG-88-11_r12-,single,1,0,0,1,1,True,0,0.7413515448570251
AG-88-11_r12-__F369,AG-88-11_r12-,single,1,0,0,1,1,True,0,0.8602235317230225
AG-88-11_r12-__F37,AG-88-11_r12-,single,1,0,0,1,1,True,0,0.8548334836959839
AG-88-11_r12-__F370,AG-88-11_r12-,single,1,0,0,1,1,True,0,0.9344258904457092
AG-88-11_r12-__F371,AG-88-11_r12-,single,1,0,0,1,1,True,0,0.5225441455841064
AG-88-11_r12-__F372,AG-88-11_r12-,single,1,0,0,1,1,True,0,0.8437812924385071
AG-88-11_r12-__F373,AG-88-11_r12-,single,1,0,0,1,1,True,0,0.8433199524879456
AG-88-11_r12-__F374,AG-88-11_r12-,single,1,0,0,1,1,True,0,0.9454195499420166
AG-88-11_r12-__F375,AG-88-11_r12-,multi,1,0,1,2,1,False,1,0.5008769035339355
AG-88-11_r12-__F376,AG-88-11_r12-,single,1,0,0,1,1,True,0,0.9454907774925232
AG-88-11_r12-__F377,AG-88-11_r12-,single,1,0,0,1,1,True,0,0.9395714998245239
AG-88-11_r12-__F378,AG-88-11_r12-,single,1,0,0,1,1,True,0,0.8680131435394287
AG-88-11_r12-__F379,AG-88-11_r12-,single,1,1,0,1,2,False,1,0.941789448261261
AG-88-11_r12-__F38,AG-88-11_r12-,single,1,0,0,1,1,True,0,0.8978486657142639
AG-88-11_r12-__F380,AG-88-11_r12-,single,1,0,0,1,1,True,0,0.7498021721839905
AG-88-11_r12-__F381,AG-88-11_r12-,single,1,0,0,1,1,True,0,0.7631880640983582
AG-88-11_r12-__F382,AG-88-11_r12-,single,1,0,0,1,1,True,0,0.5722993016242981
AG-88-11_r12-__F383,AG-88-11_r12-,single,1,0,0,1,1,True,0,0.9466962218284607
AG-88-11_r12-__F384,AG-88-11_r12-,single,1,0,0,1,1,True,0,0.8629144430160522
AG-88-11_r12-__F385,AG-88-11_r12-,single,1,0,0,1,1,True,0,0.8596616983413696
AG-88-11_r12-__F386,AG-88-11_r12-,multi,2,0,0,2,2,True,0,0.8060184717178345
AG-88-11_r12-__F387,AG-88-11_r12-,multi,2,0,0,2,2,True,0,0.9048563539981842
AG-88-11_r12-__F388,AG-88-11_r12-,single,1,0,0,1,1,True,0,0.7710879445075989
AG-88-11_r12-__F389,AG-88-11_r12-,single,1,0,0,1,1,True,0,0.779149055480957
AG-88-11_r12-__F39,AG-88-11_r12-,single,1,0,0,1,1,True,0,0.8443757891654968
AG-88-11_r12-__F390,AG-88-11_r12-,single,1,1,0,1,2,False,1,0.9129371047019958
AG-88-11_r12-__F391,AG-88-11_r12-,multi,2,0,0,2,2,True,0,0.8772120773792267
AG-88-11_r12-__F392,AG-88-11_r12-,single,1,0,0,1,1,True,0,0.8208425641059875
AG-88-11_r12-__F393,AG-88-11_r12-,single,1,0,0,1,1,True,0,0.8834024667739868
AG-88-11_r12-__F394,AG-88-11_r12-,single,1,0,0,1,1,True,0,0.8206396698951721
AG-88-11_r12-__F395,AG-88-11_r12-,multi,2,0,0,2,2,True,0,0.8020740747451782
AG-88-11_r12-__F396,AG-88-11_r12-,single,1,1,0,1,2,False,1,0.7385185956954956
AG-88-11_r12-__F397,AG-88-11_r12-,single,1,0,0,1,1,True,0,0.9253789186477661
AG-88-11_r12-__F398,AG-88-11_r12-,empty,0,0,0,0,0,True,0,0.0
AG-88-11_r12-__F399,AG-88-11_r12-,single,1,0,0,1,1,True,0,0.6801101565361023
AG-88-11_r12-__F4,AG-88-11_r12-,multi,2,0,0,2,2,True,0,0.8044195175170898
AG-88-11_r12-__F40,AG-88-11_r12-,single,1,0,0,1,1,True,0,0.8831711411476135
AG-88-11_r12-__F400,AG-88-11_r12-,single,1,0,0,1,1,True,0,0.9584766626358032
AG-88-11_r12-__F401,AG-88-11_r12-,single,1,0,0,1,1,True,0,0.6221185326576233
AG-88-11_r12-__F402,AG-88-11_r12-,single,1,1,0,1,2,False,1,0.8493047952651978
AG-88-11_r12-__F403,AG-88-11_r12-,single,1,0,0,1,1,True,0,0.9447146654129028
AG-88-11_r12-__F404,AG-88-11_r12-,empty,0,0,0,0,0,True,0,0.0
AG-88-11_r12-__F405,AG-88-11_r12-,single,1,0,0,1,1,True,0,0.9112741351127625
AG-88-11_r12-__F406,AG-88-11_r12-,single,1,0,0,1,1,True,0,0.8797722458839417
AG-88-11_r12-__F407,AG-88-11_r12-,single,1,0,0,1,1,True,0,0.9208163022994995
AG-88-11_r12-__F408,AG-88-11_r12-,single,1,1,0,1,2,False,1,0.9473561644554138
AG-88-11_r12-__F409,AG-88-11_r12-,multi,2,0,0,2,2,True,0,0.8574710488319397
AG-88-11_r12-__F41,AG-88-11_r12-,single,1,0,0,1,1,True,0,0.8218687176704407
AG-88-11_r12-__F410,AG-88-11_r12-,single,0,1,1,1,1,True,0,0.0
AG-88-11_r12-__F411,AG-88-11_r12-,single,1,0,0,1,1,True,0,0.748435914516449
AG-88-11_r12-__F412,AG-88-11_r12-,multi,1,0,1,2,1,False,1,0.58762127161026
AG-88-11_r12-__F413,AG-88-11_r12-,single,1,0,0,1,1,True,0,0.9245970845222473
AG-88-11_r12-__F414,AG-88-11_r12-,single,1,1,0,1,2,False,1,0.9037212133407593
AG-88-11_r12-__F415,AG-88-11_r12-,single,1,0,0,1,1,True,0,0.867576539516449
AG-88-11_r12-__F416,AG-88-11_r12-,single,1,0,0,1,1,True,0,0.9262496829032898
AG-88-11_r12-__F417,AG-88-11_r12-,single,1,0,0,1,1,True,0,0.9353476762771606
AG-88-11_r12-__F418,AG-88-11_r12-,single,1,0,0,1,1,True,0,0.8998517394065857
AG-88-11_r12-__F419,AG-88-11_r12-,single,1,0,0,1,1,True,0,0.7620593309402466
AG-88-11_r12-__F42,AG-88-11_r12-,single,1,0,0,1,1,True,0,0.9684967398643494
AG-88-11_r12-__F420,AG-88-11_r12-,multi,4,0,0,4,4,True,0,0.8609047830104828
AG-88-11_r12-__F421,AG-88-11_r12-,multi,2,0,0,2,2,True,0,0.8467599451541901
AG-88-11_r12-__F422,AG-88-11_r12-,single,1,0,0,1,1,True,0,0.6772471070289612
AG-88-11_r12-__F423,AG-88-11_r12-,single,1,0,0,1,1,True,0,0.9359234571456909
AG-88-11_r12-__F424,AG-88-11_r12-,single,1,0,0,1,1,True,0,0.9571310877799988
AG-88-11_r12-__F425,AG-88-11_r12-,single,1,0,0,1,1,True,0,0.9476917386054993
AG-88-11_r12-__F426,AG-88-11_r12-,single,1,0,0,1,1,True,0,0.9458292722702026
AG-88-11_r12-__F427,AG-88-11_r12-,single,1,0,0,1,1,True,0,0.9223973751068115
AG-88-11_r12-__F428,AG-88-11_r12-,single,1,0,0,1,1,True,0,0.9058048129081726
AG-88-11_r12-__F429,AG-88-11_r12-,single,1,0,0,1,1,True,0,0.8999462723731995
AG-88-11_r12-__F43,AG-88-11_r12-,single,1,0,0,1,1,True,0,0.84622722864151
AG-88-11_r12-__F430,AG-88-11_r12-,single,1,0,0,1,1,True,0,0.8805343508720398
AG-88-11_r12-__F431,AG-88-11_r12-,single,1,0,0,1,1,True,0,0.9011827111244202
AG-88-11_r12-__F432,AG-88-11_r12-,empty,0,0,0,0,0,True,0,0.0
AG-88-11_r12-__F433,AG-88-11_r12-,single,1,0,0,1,1,True,0,0.9422126412391663
AG-88-11_r12-__F434,AG-88-11_r12-,single,1,0,0,1,1,True,0,0.545927107334137
AG-88-11_r12-__F435,AG-88-11_r12-,single,1,0,0,1,1,True,0,0.8087300062179565
AG-88-11_r12-__F436,AG-88-11_r12-,single,1,1,0,1,2,False,1,0.9131035804748535
AG-88-11_r12-__F437,AG-88-11_r12-,single,1,0,0,1,1,True,0,0.9053710699081421
AG-88-11_r12-__F438,AG-88-11_r12-,single,1,0,0,1,1,True,0,0.9055066108703613
AG-88-11_r12-__F439,AG-88-11_r12-,multi,2,0,0,2,2,True,0,0.8718793094158173
AG-88-11_r12-__F44,AG-88-11_r12-,single,1,0,0,1,1,True,0,0.8669231534004211
AG-88-11_r12-__F440,AG-88-11_r12-,single,1,0,0,1,1,True,0,0.9475405216217041
AG-88-11_r12-__F441,AG-88-11_r12-,single,1,0,0,1,1,True,0,0.9411559700965881
AG-88-11_r12-__F442,AG-88-11_r12-,single,1,0,0,1,1,True,0,0.7276588082313538
AG-88-11_r12-__F443,AG-88-11_r12-,multi,2,0,0,2,2,True,0,0.8724418878555298
AG-88-11_r12-__F444,AG-88-11_r12-,single,1,0,0,1,1,True,0,0.6784653067588806
AG-88-11_r12-__F445,AG-88-11_r12-,single,1,0,0,1,1,True,0,0.8770266175270081
AG-88-11_r12-__F446,AG-88-11_r12-,multi,0,1,2,2,1,False,1,0.0
AG-88-11_r12-__F447,AG-88-11_r12-,single,1,0,0,1,1,True,0,0.7926811575889587
AG-88-11_r12-__F448,AG-88-11_r12-,single,1,0,0,1,1,True,0,0.8930358290672302
AG-88-11_r12-__F449,AG-88-11_r12-,single,1,0,0,1,1,True,0,0.8776506781578064
AG-88-11_r12-__F45,AG-88-11_r12-,single,1,0,0,1,1,True,0,0.8564717173576355
AG-88-11_r12-__F450,AG-88-11_r12-,single,1,0,0,1,1,True,0,0.9559952020645142
AG-88-11_r12-__F451,AG-88-11_r12-,single,1,0,0,1,1,True,0,0.5930947661399841
AG-88-11_r12-__F452,AG-88-11_r12-,single,1,0,0,1,1,True,0,0.9435194134712219
AG-88-11_r12-__F453,AG-88-11_r12-,multi,2,0,0,2,2,True,0,0.8051446080207825
AG-88-11_r12-__F454,AG-88-11_r12-,single,1,0,0,1,1,True,0,0.9320839047431946
AG-88-11_r12-__F455,AG-88-11_r12-,multi,2,0,0,2,2,True,0,0.8816830813884735
AG-88-11_r12-__F456,AG-88-11_r12-,single,1,0,0,1,1,True,0,0.5782883763313293
AG-88-11_r12-__F457,AG-88-11_r12-,empty,0,1,0,0,1,False,1,0.0
AG-88-11_r12-__F458,AG-88-11_r12-,single,1,0,0,1,1,True,0,0.930884838104248
AG-88-11_r12-__F459,AG-88-11_r12-,single,1,0,0,1,1,True,0,0.8896645903587341
AG-88-11_r12-__F46,AG-88-11_r12-,single,1,0,0,1,1,True,0,0.8187682628631592
AG-88-11_r12-__F460,AG-88-11_r12-,single,1,0,0,1,1,True,0,0.8314718008041382
AG-88-11_r12-__F461,AG-88-11_r12-,single,1,0,0,1,1,True,0,0.8927010893821716
AG-88-11_r12-__F462,AG-88-11_r12-,single,1,0,0,1,1,True,0,0.8466014266014099
AG-88-11_r12-__F463,AG-88-11_r12-,single,1,0,0,1,1,True,0,0.948936939239502
AG-88-11_r12-__F464,AG-88-11_r12-,single,1,0,0,1,1,True,0,0.9487287402153015
AG-88-11_r12-__F465,AG-88-11_r12-,single,1,0,0,1,1,True,0,0.9431032538414001
AG-88-11_r12-__F466,AG-88-11_r12-,single,1,0,0,1,1,True,0,0.6788328886032104
AG-88-11_r12-__F467,AG-88-11_r12-,single,1,0,0,1,1,True,0,0.9411270022392273
AG-88-11_r12-__F468,AG-88-11_r12-,single,1,0,0,1,1,True,0,0.870832085609436
AG-88-11_r12-__F469,AG-88-11_r12-,single,1,1,0,1,2,False,1,0.7153462767601013
AG-88-11_r12-__F47,AG-88-11_r12-,single,1,0,0,1,1,True,0,0.907597541809082
AG-88-11_r12-__F470,AG-88-11_r12-,single,1,0,0,1,1,True,0,0.8204174041748047
AG-88-11_r12-__F471,AG-88-11_r12-,single,1,0,0,1,1,True,0,0.948447585105896
AG-88-11_r12-__F472,AG-88-11_r12-,single,1,0,0,1,1,True,0,0.8314518332481384
AG-88-11_r12-__F473,AG-88-11_r12-,single,1,0,0,1,1,True,0,0.8877595067024231
AG-88-11_r12-__F474,AG-88-11_r12-,multi,0,1,2,2,1,False,1,0.0
AG-88-11_r12-__F475,AG-88-11_r12-,single,1,0,0,1,1,True,0,0.6229239702224731
AG-88-11_r12-__F476,AG-88-11_r12-,single,1,0,0,1,1,True,0,0.9602318406105042
AG-88-11_r12-__F477,AG-88-11_r12-,single,1,0,0,1,1,True,0,0.9482257962226868
AG-88-11_r12-__F478,AG-88-11_r12-,empty,0,0,0,0,0,True,0,0.0
AG-88-11_r12-__F479,AG-88-11_r12-,single,0,0,1,1,0,False,1,0.0
AG-88-11_r12-__F48,AG-88-11_r12-,single,1,0,0,1,1,True,0,0.7821058034896851
AG-88-11_r12-__F480,AG-88-11_r12-,single,1,1,0,1,2,False,1,0.8229244351387024
AG-88-11_r12-__F481,AG-88-11_r12-,single,1,0,0,1,1,True,0,0.8891035914421082
AG-88-11_r12-__F482,AG-88-11_r12-,multi,1,0,1,2,1,False,1,0.9583139419555664
AG-88-11_r12-__F483,AG-88-11_r12-,single,1,0,0,1,1,True,0,0.94317626953125
AG-88-11_r12-__F484,AG-88-11_r12-,single,1,0,0,1,1,True,0,0.6661761403083801
AG-88-11_r12-__F485,AG-88-11_r12-,single,1,0,0,1,1,True,0,0.7243452668190002
AG-88-11_r12-__F486,AG-88-11_r12-,single,1,0,0,1,1,True,0,0.9185947179794312
AG-88-11_r12-__F487,AG-88-11_r12-,multi,2,0,0,2,2,True,0,0.8609678447246552
AG-88-11_r12-__F488,AG-88-11_r12-,multi,0,1,2,2,1,False,1,0.0
AG-88-11_r12-__F489,AG-88-11_r12-,single,1,0,0,1,1,True,0,0.9534451365470886
AG-88-11_r12-__F49,AG-88-11_r12-,multi,2,0,0,2,2,True,0,0.8825004696846008
AG-88-11_r12-__F490,AG-88-11_r12-,multi,1,0,1,2,1,False,1,0.7234538793563843
AG-88-11_r12-__F491,AG-88-11_r12-,single,1,0,0,1,1,True,0,0.9394910931587219
AG-88-11_r12-__F492,AG-88-11_r12-,single,1,0,0,1,1,True,0,0.9218084216117859
AG-88-11_r12-__F493,AG-88-11_r12-,empty,0,0,0,0,0,True,0,0.0
AG-88-11_r12-__F494,AG-88-11_r12-,single,1,0,0,1,1,True,0,0.9661844372749329
AG-88-11_r12-__F495,AG-88-11_r12-,single,1,0,0,1,1,True,0,0.894401490688324
AG-88-11_r12-__F496,AG-88-11_r12-,single,1,0,0,1,1,True,0,0.8730998039245605
AG-88-11_r12-__F497,AG-88-11_r12-,single,1,0,0,1,1,True,0,0.5901567935943604
AG-88-11_r12-__F498,AG-88-11_r12-,single,1,0,0,1,1,True,0,0.7757735252380371
AG-88-11_r12-__F499,AG-88-11_r12-,single,1,0,0,1,1,True,0,0.9673031568527222
AG-88-11_r12-__F5,AG-88-11_r12-,single,1,0,0,1,1,True,0,0.8823085427284241
AG-88-11_r12-__F50,AG-88-11_r12-,multi,1,0,1,2,1,False,1,0.7305117845535278
AG-88-11_r12-__F500,AG-88-11_r12-,single,1,1,0,1,2,False,1,0.5522801876068115
AG-88-11_r12-__F501,AG-88-11_r12-,single,1,0,0,1,1,True,0,0.9738730192184448
AG-88-11_r12-__F502,AG-88-11_r12-,single,1,1,0,1,2,False,1,0.7168664932250977
AG-88-11_r12-__F503,AG-88-11_r12-,single,1,0,0,1,1,True,0,0.8918555974960327
AG-88-11_r12-__F504,AG-88-11_r12-,single,1,0,0,1,1,True,0,0.8561378121376038
AG-88-11_r12-__F505,AG-88-11_r12-,multi,1,0,1,2,1,False,1,0.7164784073829651
AG-88-11_r12-__F506,AG-88-11_r12-,single,1,0,0,1,1,True,0,0.9045401811599731
AG-88-11_r12-__F507,AG-88-11_r12-,single,1,0,0,1,1,True,0,0.921652615070343
AG-88-11_r12-__F508,AG-88-11_r12-,single,1,0,0,1,1,True,0,0.9326533079147339
AG-88-11_r12-__F509,AG-88-11_r12-,multi,2,0,1,3,2,False,1,0.736931324005127
AG-88-11_r12-__F51,AG-88-11_r12-,single,1,0,0,1,1,True,0,0.8816949129104614
AG-88-11_r12-__F510,AG-88-11_r12-,single,1,0,0,1,1,True,0,0.9209005236625671
AG-88-11_r12-__F511,AG-88-11_r12-,multi,2,0,0,2,2,True,0,0.8299848139286041
AG-88-11_r12-__F512,AG-88-11_r12-,single,1,1,0,1,2,False,1,0.9416946172714233
AG-88-11_r12-__F513,AG-88-11_r12-,single,0,1,1,1,1,True,0,0.0
AG-88-11_r12-__F514,AG-88-11_r12-,single,1,0,0,1,1,True,0,0.9341649413108826
AG-88-11_r12-__F515,AG-88-11_r12-,single,1,0,0,1,1,True,0,0.8245190382003784
AG-88-11_r12-__F516,AG-88-11_r12-,multi,2,0,0,2,2,True,0,0.7558554112911224
AG-88-11_r12-__F517,AG-88-11_r12-,multi,2,0,0,2,2,True,0,0.8356309533119202
AG-88-11_r12-__F518,AG-88-11_r12-,single,1,0,0,1,1,True,0,0.8502792716026306
AG-88-11_r12-__F519,AG-88-11_r12-,single,1,0,0,1,1,True,0,0.7239373326301575
AG-88-11_r12-__F52,AG-88-11_r12-,single,1,0,0,1,1,True,0,0.8595690131187439
AG-88-11_r12-__F520,AG-88-11_r12-,single,1,0,0,1,1,True,0,0.9763246178627014
AG-88-11_r12-__F521,AG-88-11_r12-,single,1,0,0,1,1,True,0,0.8990013003349304
AG-88-11_r12-__F522,AG-88-11_r12-,multi,2,0,0,2,2,True,0,0.835767537355423
AG-88-11_r12-__F523,AG-88-11_r12-,multi,1,0,1,2,1,False,1,0.979059100151062
AG-88-11_r12-__F53,AG-88-11_r12-,single,1,0,0,1,1,True,0,0.9573030471801758
AG-88-11_r12-__F54,AG-88-11_r12-,single,1,0,0,1,1,True,0,0.9388629794120789
AG-88-11_r12-__F55,AG-88-11_r12-,single,1,0,0,1,1,True,0,0.7500627040863037
AG-88-11_r12-__F56,AG-88-11_r12-,empty,0,0,0,0,0,True,0,0.0
AG-88-11_r12-__F57,AG-88-11_r12-,single,1,0,0,1,1,True,0,0.8636672496795654
AG-88-11_r12-__F58,AG-88-11_r12-,single,1,0,0,1,1,True,0,0.6834995150566101
AG-88-11_r12-__F59,AG-88-11_r12-,single,1,0,0,1,1,True,0,0.9397653341293335
AG-88-11_r12-__F6,AG-88-11_r12-,single,1,0,0,1,1,True,0,0.9047315716743469
AG-88-11_r12-__F60,AG-88-11_r12-,multi,1,0,1,2,1,False,1,0.8357963562011719
AG-88-11_r12-__F61,AG-88-11_r12-,single,1,0,0,1,1,True,0,0.759016215801239
AG-88-11_r12-__F62,AG-88-11_r12-,single,1,0,0,1,1,True,0,0.8105263113975525
AG-88-11_r12-__F63,AG-88-11_r12-,multi,1,0,1,2,1,False,1,0.8332923650741577
AG-88-11_r12-__F64,AG-88-11_r12-,single,1,0,0,1,1,True,0,0.8481655716896057
AG-88-11_r12-__F65,AG-88-11_r12-,single,1,0,0,1,1,True,0,0.7668237090110779
AG-88-11_r12-__F66,AG-88-11_r12-,single,1,0,0,1,1,True,0,0.8447054624557495
AG-88-11_r12-__F67,AG-88-11_r12-,single,1,0,0,1,1,True,0,0.9442200660705566
AG-88-11_r12-__F68,AG-88-11_r12-,single,1,0,0,1,1,True,0,0.8496112823486328
AG-88-11_r12-__F69,AG-88-11_r12-,single,1,0,0,1,1,True,0,0.8372493982315063
AG-88-11_r12-__F7,AG-88-11_r12-,single,1,0,0,1,1,True,0,0.8265371322631836
AG-88-11_r12-__F70,AG-88-11_r12-,single,1,0,0,1,1,True,0,0.7894874215126038
AG-88-11_r12-__F71,AG-88-11_r12-,single,1,0,0,1,1,True,0,0.8551782369613647
AG-88-11_r12-__F72,AG-88-11_r12-,multi,2,0,0,2,2,True,0,0.8414857685565948
AG-88-11_r12-__F73,AG-88-11_r12-,single,1,0,0,1,1,True,0,0.7945321798324585
AG-88-11_r12-__F74,AG-88-11_r12-,single,1,0,0,1,1,True,0,0.9216986894607544
AG-88-11_r12-__F75,AG-88-11_r12-,single,1,0,0,1,1,True,0,0.7982680797576904
AG-88-11_r12-__F76,AG-88-11_r12-,single,1,0,0,1,1,True,0,0.8904956579208374
AG-88-11_r12-__F77,AG-88-11_r12-,single,1,0,0,1,1,True,0,0.8752179145812988
AG-88-11_r12-__F78,AG-88-11_r12-,multi,1,0,1,2,1,False,1,0.8837642669677734
AG-88-11_r12-__F79,AG-88-11_r12-,single,1,0,0,1,1,True,0,0.9521518349647522
AG-88-11_r12-__F80,AG-88-11_r12-,multi,1,0,1,2,1,False,1,0.755914032459259
AG-88-11_r12-__F81,AG-88-11_r12-,single,1,0,0,1,1,True,0,0.699427604675293
AG-88-11_r12-__F82,AG-88-11_r12-,multi,2,1,0,2,3,False,1,0.8223044574260712
AG-88-11_r12-__F83,AG-88-11_r12-,single,1,0,0,1,1,True,0,0.7283086776733398
AG-88-11_r12-__F84,AG-88-11_r12-,single,1,0,0,1,1,True,0,0.9542140364646912
AG-88-11_r12-__F85,AG-88-11_r12-,single,1,0,0,1,1,True,0,0.9174542427062988
AG-88-11_r12-__F86,AG-88-11_r12-,single,1,0,0,1,1,True,0,0.6328721642494202
AG-88-11_r12-__F87,AG-88-11_r12-,single,1,0,0,1,1,True,0,0.7797818779945374
AG-88-11_r12-__F88,AG-88-11_r12-,empty,0,0,0,0,0,True,0,0.0
AG-88-11_r12-__F89,AG-88-11_r12-,single,1,0,0,1,1,True,0,0.8200907111167908
AG-88-11_r12-__F9,AG-88-11_r12-,single,1,0,0,1,1,True,0,0.8610185980796814
AG-88-11_r12-__F90,AG-88-11_r12-,single,1,0,0,1,1,True,0,0.8798646330833435
AG-88-11_r12-__F91,AG-88-11_r12-,single,1,0,0,1,1,True,0,0.8198192715644836
AG-88-11_r12-__F92,AG-88-11_r12-,single,1,1,0,1,2,False,1,0.6703762412071228
AG-88-11_r12-__F93,AG-88-11_r12-,single,1,0,0,1,1,True,0,0.8939341306686401
AG-88-11_r12-__F94,AG-88-11_r12-,single,1,0,0,1,1,True,0,0.6869964599609375
AG-88-11_r12-__F95,AG-88-11_r12-,single,1,0,0,1,1,True,0,0.8734579086303711
AG-88-11_r12-__F96,AG-88-11_r12-,single,1,0,0,1,1,True,0,0.9244277477264404
AG-88-11_r12-__F97,AG-88-11_r12-,multi,1,0,1,2,1,False,1,0.7501029968261719
AG-88-11_r12-__F98,AG-88-11_r12-,multi,2,0,0,2,2,True,0,0.8024277985095978
AG-88-11_r12-__F99,AG-88-11_r12-,single,0,1,1,1,1,True,0,0.0
