assigned_split,original_split,sample_id,image_path,source_file,study_id,project_id,instrument_id,instrument_family,column_id,chromatography_type,polarity,domain_id,seed_label,true_box_count,boxes_json,attributes_json
External A,train,HetCD_mixneg__F10000,HetCD_mixneg/HetCD_mixneg__F10000.png,HetCD_mixneg,ST003127,PR001944,Thermo Q Exactive Orbitrap,Thermo Exactive Orbitrap,"Imtakt Cadenza CD-C18 (150 × 2.1 mm, 3 µm)",Reversed phase,negative,DG07,1,1,"[[238.0337078651686, 84.3599033816425, 332.97752808988764, 403.75925925925924]]","[2.2426367226713886, 1.1724542226778751, 1.8641075109826848, 0.2588035104504972, 0.2596613698204565, -2.45409600536474, 0.9464618159086826, 3.4881209700659137, 1.0242143883678725, 5.026858603833047, 0.1398184200448755, 5.286648574224887, 0.7142857142857143]"
External A,train,HetCD_mixneg__F10022,HetCD_mixneg/HetCD_mixneg__F10022.png,HetCD_mixneg,ST003127,PR001944,Thermo Q Exactive Orbitrap,Thermo Exactive Orbitrap,"Imtakt Cadenza CD-C18 (150 × 2.1 mm, 3 µm)",Reversed phase,negative,DG07,0,0,[],"[1.8966169521330145, 0.7306982349293528, 0.3372885371488724, 0.0766139882622843, 0.1063073610972146, -0.4756489222702973, 0.9455358245648464, 1.0025918241435847, 0.3474964999279256, 4.034162020026765, 0.6847891189442784, 3.931838457168456, 1.2173913043478262]"
External A,train,HetCD_mixneg__F10138,HetCD_mixneg/HetCD_mixneg__F10138.png,HetCD_mixneg,ST003127,PR001944,Thermo Q Exactive Orbitrap,Thermo Exactive Orbitrap,"Imtakt Cadenza CD-C18 (150 × 2.1 mm, 3 µm)",Reversed phase,negative,DG07,1,1,"[[238.0337078651686, 84.35990338164251, 272.86516853932585, 403.75925925925924]]","[2.9069151838904195, 1.1396926998408097, 1.3884738603282616, 0.3337484569613315, 0.174166767255361, -1.2882072795090942, 0.9721742233877316, 1.92500003940255, 1.3553227604439262, 4.61123526310295, 0.4564889055329617, 4.55909379741774, 0.9777777777777776]"
External A,train,HetCD_mixneg__F10185,HetCD_mixneg/HetCD_mixneg__F10185.png,HetCD_mixneg,ST003127,PR001944,Thermo Q Exactive Orbitrap,Thermo Exactive Orbitrap,"Imtakt Cadenza CD-C18 (150 × 2.1 mm, 3 µm)",Reversed phase,negative,DG07,1,1,"[[233.53932584269663, 84.35990338164248, 289.7191011235956, 403.75925925925924]]","[2.177072470510168, 1.1341208674749972, 1.6519842982294586, 0.2391822311769898, 0.2779970476528399, -1.388067093300844, 1.1123499391214522, 2.261117318731772, 0.8931043812513142, 4.828412349616372, 0.2962814731413951, 4.378783493486176, 1.0714285714285714]"
External A,train,HetCD_mixneg__F10200,HetCD_mixneg/HetCD_mixneg__F10200.png,HetCD_mixneg,ST003127,PR001944,Thermo Q Exactive Orbitrap,Thermo Exactive Orbitrap,"Imtakt Cadenza CD-C18 (150 × 2.1 mm, 3 µm)",Reversed phase,negative,DG07,0,0,[],"[4.121249919193405, 1.107914324469541, 0.4776421683774688, 0.4445125680933821, 0.0108032583063323, -0.634856682168448, 0.5018337079762265, 0.6676726662683803, 1.437694112806702, 5.417871872138911, 1.0276670795646554, 4.010417785851876, 1.2804878048780488]"
External A,train,HetCD_mixneg__F10372,HetCD_mixneg/HetCD_mixneg__F10372.png,HetCD_mixneg,ST003127,PR001944,Thermo Q Exactive Orbitrap,Thermo Exactive Orbitrap,"Imtakt Cadenza CD-C18 (150 × 2.1 mm, 3 µm)",Reversed phase,negative,DG07,0,0,[],"[4.046445278427908, 1.1085144654548658, 0.4780821944761333, 0.4381896379659872, 0.0160967318604695, -0.6919725773023713, 0.6154419366497128, 0.7903760854120545, 1.1767333173738, 5.400235947470443, 1.0022745629251546, 3.5277848400070018, 1.0813953488372092]"
External A,train,HetCD_mixneg__F10385,HetCD_mixneg/HetCD_mixneg__F10385.png,HetCD_mixneg,ST003127,PR001944,Thermo Q Exactive Orbitrap,Thermo Exactive Orbitrap,"Imtakt Cadenza CD-C18 (150 × 2.1 mm, 3 µm)",Reversed phase,negative,DG07,0,0,[],"[2.519344039081524, 0.8149972408432383, 0.4815617943225733, 0.1837335706950125, 0.0563081567630546, -0.3261977188427661, 0.624893900250074, 0.5588339856202754, 0.9334666073177812, 4.30057961009434, 0.9728977432991316, 3.947416444901134, 1.3103448275862069]"
External A,train,HetCD_mixneg__F10435,HetCD_mixneg/HetCD_mixneg__F10435.png,HetCD_mixneg,ST003127,PR001944,Thermo Q Exactive Orbitrap,Thermo Exactive Orbitrap,"Imtakt Cadenza CD-C18 (150 × 2.1 mm, 3 µm)",Reversed phase,negative,DG07,0,0,[],"[2.612097949889615, 1.019191290744985, 0.6720621103553683, 0.2627153215595425, 0.0678256234082129, -0.0643318473018863, 0.4767619387479502, -0.1526804026233522, 0.8557799048518258, 3.3462648212395574, 1.565518029164119, 2.879506460812006, 1.368421052631579]"
External A,train,HetCD_mixneg__F10462,HetCD_mixneg/HetCD_mixneg__F10462.png,HetCD_mixneg,ST003127,PR001944,Thermo Q Exactive Orbitrap,Thermo Exactive Orbitrap,"Imtakt Cadenza CD-C18 (150 × 2.1 mm, 3 µm)",Reversed phase,negative,DG07,1,2,"[[227.69425893134374, 84.35990338164251, 281.2800587700484, 403.75925925925924], [281.2800587700484, 290.55894042677903, 302.0786516853933, 403.75925925925924]]","[1.980492715993015, 0.7002295774572427, 1.8851694214585704, 0.0767859566635205, 0.4173003363923495, -1.7049543871503463, 0.9920229206213452, 2.51644541031581, 0.4531109127252824, 5.237154764974839, 0.1502920352377476, 5.492260864523372, 1.0612244897959184]"
External A,train,HetCD_mixneg__F1053,HetCD_mixneg/HetCD_mixneg__F1053.png,HetCD_mixneg,ST003127,PR001944,Thermo Q Exactive Orbitrap,Thermo Exactive Orbitrap,"Imtakt Cadenza CD-C18 (150 × 2.1 mm, 3 µm)",Reversed phase,negative,DG07,0,0,[],"[3.2239078797544, 0.5357813242539003, 0.1943702241235435, 0.1347044507879685, 0.0067028778227734, -0.7278128335214779, 0.9069996189321368, 0.8196008762732847, 1.1296880372588702, 7.621997660999188, 0.4839063729926582, 6.301761727911877, 1.3187772925764192]"
External A,train,HetCD_mixneg__F1057,HetCD_mixneg/HetCD_mixneg__F1057.png,HetCD_mixneg,ST003127,PR001944,Thermo Q Exactive Orbitrap,Thermo Exactive Orbitrap,"Imtakt Cadenza CD-C18 (150 × 2.1 mm, 3 µm)",Reversed phase,negative,DG07,0,0,[],"[3.8297156781395714, 0.5800068863563717, 0.2963979570664078, 0.2069959817726774, 0.007915388601836, -0.677624220487135, 0.6274856414120891, 0.5808847193405369, 0.4085135388348281, 7.00995814688833, 0.6286342975026686, 5.927139684662475, 1.225]"
External A,train,HetCD_mixneg__F10575,HetCD_mixneg/HetCD_mixneg__F10575.png,HetCD_mixneg,ST003127,PR001944,Thermo Q Exactive Orbitrap,Thermo Exactive Orbitrap,"Imtakt Cadenza CD-C18 (150 × 2.1 mm, 3 µm)",Reversed phase,negative,DG07,1,1,"[[227.35955056179776, 84.35990338164248, 322.3033707865168, 403.75925925925924]]","[2.1866104743574564, 0.6919447616748295, 1.1908195451485144, 0.0991648542459002, 0.2920179980243056, -1.6190160304719772, 1.1192265333718328, 2.346939379976253, 0.5179189462752183, 5.735778059050429, 0.1750109195016498, 5.569836453248823, 0.9285714285714286]"
External A,train,HetCD_mixneg__F10600,HetCD_mixneg/HetCD_mixneg__F10600.png,HetCD_mixneg,ST003127,PR001944,Thermo Q Exactive Orbitrap,Thermo Exactive Orbitrap,"Imtakt Cadenza CD-C18 (150 × 2.1 mm, 3 µm)",Reversed phase,negative,DG07,1,2,"[[234.1011235955056, 236.28688250852875, 266.12359550561786, 403.75925925925924], [180.16853932584274, 84.3599033816425, 210.5056179775281, 403.75925925925924]]","[1.825456658109702, 1.0144195430846488, 1.6761569268992067, 0.1540858571057277, 0.4018313132621661, -1.121302946458145, 0.8355857883445763, 2.0428915312266445, 0.4050523386921612, 3.8043398903323182, 0.323816408471996, 3.603157986872599, 0.9230769230769232]"
External A,train,HetCD_mixneg__F10601,HetCD_mixneg/HetCD_mixneg__F10601.png,HetCD_mixneg,ST003127,PR001944,Thermo Q Exactive Orbitrap,Thermo Exactive Orbitrap,"Imtakt Cadenza CD-C18 (150 × 2.1 mm, 3 µm)",Reversed phase,negative,DG07,1,2,"[[220.2090447493126, 84.35990338164248, 320.05617977528095, 403.75925925925924], [170.61797752808985, 379.1623132716067, 220.2090447493126, 403.75925925925924]]","[2.041458026819228, 1.1237451413006607, 1.935574193024252, 0.2167039539250731, 0.3458525539890705, -2.188993821813502, 0.8686103834461729, 3.2410630716180115, 0.8915566137190561, 4.999888882694594, 0.1536703762304469, 5.294309137239127, 0.7666666666666667]"
External A,train,HetCD_mixneg__F1064,HetCD_mixneg/HetCD_mixneg__F1064.png,HetCD_mixneg,ST003127,PR001944,Thermo Q Exactive Orbitrap,Thermo Exactive Orbitrap,"Imtakt Cadenza CD-C18 (150 × 2.1 mm, 3 µm)",Reversed phase,negative,DG07,0,0,[],"[1.7154019221235632, 1.0299718055580551, 0.3338902245811399, 0.1409502223632315, 0.0562412875427748, 0.0520104298585214, 0.7666001884851711, 0.3179159892845026, 0.1930454466208757, 3.563657304658596, 1.319391045414075, 2.709147917027245, 1.25]"
External A,train,HetCD_mixneg__F10735,HetCD_mixneg/HetCD_mixneg__F10735.png,HetCD_mixneg,ST003127,PR001944,Thermo Q Exactive Orbitrap,Thermo Exactive Orbitrap,"Imtakt Cadenza CD-C18 (150 × 2.1 mm, 3 µm)",Reversed phase,negative,DG07,0,0,[],"[2.459205999761448, 0.9659679228279716, 0.2221371687064254, 0.2273099322403136, 0.0098889689665342, -0.2688504412198724, 0.9197281856523256, 0.5737624751758361, 0.6150412426445067, 5.923104272661552, 1.112239446971701, 4.431730665821848, 1.2710280373831775]"
External A,train,HetCD_mixneg__F10747,HetCD_mixneg/HetCD_mixneg__F10747.png,HetCD_mixneg,ST003127,PR001944,Thermo Q Exactive Orbitrap,Thermo Exactive Orbitrap,"Imtakt Cadenza CD-C18 (150 × 2.1 mm, 3 µm)",Reversed phase,negative,DG07,0,0,[],"[1.6771920150668755, 0.9398753802224156, 0.2934291643331518, 0.1099751163842664, 0.0679972492023977, -0.3427191650476309, 0.7489549378044138, 0.936767640264394, 0.045688597868981, 3.972525708603308, 0.8030506506146668, 3.199163190443634, 0.896551724137931]"
External A,train,HetCD_mixneg__F1078,HetCD_mixneg/HetCD_mixneg__F1078.png,HetCD_mixneg,ST003127,PR001944,Thermo Q Exactive Orbitrap,Thermo Exactive Orbitrap,"Imtakt Cadenza CD-C18 (150 × 2.1 mm, 3 µm)",Reversed phase,negative,DG07,0,0,[],"[2.157122134331171, 1.1414349172137668, 0.534316143228559, 0.2383239783488855, 0.0532190345076339, -0.0974998037750833, 0.7936814494207192, 0.4002454589217158, 0.8637436738875688, 3.0712322945245347, 1.2717540443177793, 2.473851389610045, 1.0]"
External A,train,HetCD_mixneg__F10797,HetCD_mixneg/HetCD_mixneg__F10797.png,HetCD_mixneg,ST003127,PR001944,Thermo Q Exactive Orbitrap,Thermo Exactive Orbitrap,"Imtakt Cadenza CD-C18 (150 × 2.1 mm, 3 µm)",Reversed phase,negative,DG07,0,0,[],"[2.624840468570718, 1.0692952191795035, 0.3549628122543182, 0.279522006489622, 0.0177786552436599, -0.255013919180913, 0.6029294514137054, 0.4649110614519116, 0.3934346542644439, 4.721059860074722, 1.2154695412830194, 3.1157972077498783, 1.2545454545454546]"
External A,train,HetCD_mixneg__F10853,HetCD_mixneg/HetCD_mixneg__F10853.png,HetCD_mixneg,ST003127,PR001944,Thermo Q Exactive Orbitrap,Thermo Exactive Orbitrap,"Imtakt Cadenza CD-C18 (150 × 2.1 mm, 3 µm)",Reversed phase,negative,DG07,0,0,[],"[2.4656969284956167, 1.2284566758175566, 0.7360306455349095, 0.3041674713934522, 0.0751345399269853, -0.5663537834699166, 0.8838727294239765, 1.16003186965752, 0.9895103421921292, 3.4823225399813102, 0.978818277311002, 2.5734024524177666, 0.7307692307692307]"
External A,train,HetCD_mixneg__F10873,HetCD_mixneg/HetCD_mixneg__F10873.png,HetCD_mixneg,ST003127,PR001944,Thermo Q Exactive Orbitrap,Thermo Exactive Orbitrap,"Imtakt Cadenza CD-C18 (150 × 2.1 mm, 3 µm)",Reversed phase,negative,DG07,1,1,"[[246.4606741573033, 84.35990338164247, 272.3033707865167, 403.75925925925924]]","[2.266591881450776, 1.9372634801799504, 1.442504282212543, 0.4306381822663642, 0.1759073245607937, -0.7209322896951926, 0.9381073446940892, 1.5666930363395537, 1.6526707826520572, 2.2533411077947507, 0.7011119061817336, 1.3009376049438532, 0.3636363636363636]"
External A,train,HetCD_mixneg__F10903,HetCD_mixneg/HetCD_mixneg__F10903.png,HetCD_mixneg,ST003127,PR001944,Thermo Q Exactive Orbitrap,Thermo Exactive Orbitrap,"Imtakt Cadenza CD-C18 (150 × 2.1 mm, 3 µm)",Reversed phase,negative,DG07,0,0,[],"[2.544365131341147, 1.1356540621667848, 0.5029601912526933, 0.288865856668029, 0.0694703335767723, -0.245188649173118, 0.7663128650339738, 0.5322947419503418, 0.877273247062024, 3.609363842687298, 1.335813885283129, 2.850219859070545, 1.1538461538461535]"
External A,train,HetCD_mixneg__F1093,HetCD_mixneg/HetCD_mixneg__F1093.png,HetCD_mixneg,ST003127,PR001944,Thermo Q Exactive Orbitrap,Thermo Exactive Orbitrap,"Imtakt Cadenza CD-C18 (150 × 2.1 mm, 3 µm)",Reversed phase,negative,DG07,1,1,"[[229.04494382022472, 84.35990338164251, 295.3370786516854, 403.75925925925924]]","[1.8391772619713127, 1.1816058533574132, 2.290216815288306, 0.2004650710012054, 0.3814156442093556, -1.54532308041613, 0.4768309182883148, 2.687248393135285, 0.8434536179226106, 3.030721282759149, 0.3962980209947201, 3.499227547132693, 0.4117647058823529]"
External A,train,HetCD_mixneg__F10937,HetCD_mixneg/HetCD_mixneg__F10937.png,HetCD_mixneg,ST003127,PR001944,Thermo Q Exactive Orbitrap,Thermo Exactive Orbitrap,"Imtakt Cadenza CD-C18 (150 × 2.1 mm, 3 µm)",Reversed phase,negative,DG07,0,0,[],"[2.1524751258934947, 1.0903433237359696, 0.3331602066384602, 0.2236175267887738, 0.0523963283941302, -0.1869968390733358, 0.5887203578315782, 0.6504117926964401, 0.6096638902046165, 4.37844603210715, 1.2349951995842323, 3.077577466783088, 1.069767441860465]"
External A,train,HetCD_mixneg__F10946,HetCD_mixneg/HetCD_mixneg__F10946.png,HetCD_mixneg,ST003127,PR001944,Thermo Q Exactive Orbitrap,Thermo Exactive Orbitrap,"Imtakt Cadenza CD-C18 (150 × 2.1 mm, 3 µm)",Reversed phase,negative,DG07,1,2,"[[209.94382022471893, 222.76278699301943, 289.1573033707864, 403.75925925925924], [97.02247191011227, 84.3599033816425, 133.53932584269668, 403.75925925925924]]","[3.4424875840739104, 1.5595798790721287, 1.7870889265122611, 0.5030299589687666, 0.1288697515157763, -1.8473818704218312, 1.0586075160956916, 2.505099257618352, 1.7362244478418791, 5.671878473953971, 0.2812698738653794, 3.9704707236641896, 0.9295774647887324]"
External A,train,HetCD_mixneg__F1098,HetCD_mixneg/HetCD_mixneg__F1098.png,HetCD_mixneg,ST003127,PR001944,Thermo Q Exactive Orbitrap,Thermo Exactive Orbitrap,"Imtakt Cadenza CD-C18 (150 × 2.1 mm, 3 µm)",Reversed phase,negative,DG07,0,0,[],"[2.967625376946601, 0.6750060001687057, 0.5416274866880555, 0.1765491889138919, 0.0303188040878856, -0.4358500977287716, 0.6805047062660294, 0.4370211691095578, 1.447195341498323, 4.668070294820092, 0.6894536251089947, 4.538909765557392, 1.0]"
External A,train,HetCD_mixneg__F11001,HetCD_mixneg/HetCD_mixneg__F11001.png,HetCD_mixneg,ST003127,PR001944,Thermo Q Exactive Orbitrap,Thermo Exactive Orbitrap,"Imtakt Cadenza CD-C18 (150 × 2.1 mm, 3 µm)",Reversed phase,negative,DG07,1,1,"[[239.7191011235958, 84.35990338164248, 278.483146067416, 403.75925925925924]]","[2.3753887300109, 1.3675369737173662, 1.1571264858247068, 0.3271986670399969, 0.2405330003129706, -0.5994288386020045, 0.8806053996860624, 1.2730875014091392, 1.1844497247573682, 2.8837108417495454, 0.7593229355686285, 2.499544305608131, 0.631578947368421]"
External A,train,HetCD_mixneg__F11052,HetCD_mixneg/HetCD_mixneg__F11052.png,HetCD_mixneg,ST003127,PR001944,Thermo Q Exactive Orbitrap,Thermo Exactive Orbitrap,"Imtakt Cadenza CD-C18 (150 × 2.1 mm, 3 µm)",Reversed phase,negative,DG07,0,0,[],"[2.281993479891816, 1.2021031740720942, 0.518242641035112, 0.272212062557494, 0.038945096805767, -0.3159719184351021, 0.7529830069076051, 0.829999855113588, 1.015971918569934, 3.308874549991049, 1.133616466262152, 2.6388067184095574, 0.7727272727272727]"
External A,train,HetCD_mixneg__F11091,HetCD_mixneg/HetCD_mixneg__F11091.png,HetCD_mixneg,ST003127,PR001944,Thermo Q Exactive Orbitrap,Thermo Exactive Orbitrap,"Imtakt Cadenza CD-C18 (150 × 2.1 mm, 3 µm)",Reversed phase,negative,DG07,1,2,"[[142.52808988764042, 84.3599033816425, 194.18356549999996, 403.75925925925924], [194.18356549999996, 143.61170533605662, 240.28089887640448, 403.75925925925924]]","[1.6534751695335244, 0.6816178189605941, 0.9475073074923231, 0.0267452814064935, 0.4606009877749356, -1.3658415327109104, 0.8794594941752025, 2.1468670472268165, 0.1792351615622232, 4.283653753665658, 0.2154646828376966, 4.23890125660263, 1.0384615384615383]"
External A,train,HetCD_mixneg__F11118,HetCD_mixneg/HetCD_mixneg__F11118.png,HetCD_mixneg,ST003127,PR001944,Thermo Q Exactive Orbitrap,Thermo Exactive Orbitrap,"Imtakt Cadenza CD-C18 (150 × 2.1 mm, 3 µm)",Reversed phase,negative,DG07,1,2,"[[149.83146067415737, 84.35990338164248, 173.98876404494376, 403.75925925925924], [248.70786516853929, 218.3822499033084, 266.123595505618, 403.75925925925924]]","[3.099363915572029, 0.9768945962844786, 0.8642332237017664, 0.3040327113268454, 0.103994654555107, -0.7328599801988699, 0.6674375461940606, 1.1050604727279076, 1.384370301910245, 3.854727045176021, 0.8273870628586958, 3.7661506484543534, 1.1666666666666667]"
External A,train,HetCD_mixneg__F11128,HetCD_mixneg/HetCD_mixneg__F11128.png,HetCD_mixneg,ST003127,PR001944,Thermo Q Exactive Orbitrap,Thermo Exactive Orbitrap,"Imtakt Cadenza CD-C18 (150 × 2.1 mm, 3 µm)",Reversed phase,negative,DG07,0,0,[],"[1.2544343134619838, 0.9055770207130786, 0.6305066312884674, 0.028568586788246, 0.340926690374676, -0.0601132752325976, 0.9117601933944084, 0.6314711228597819, -0.1642773065988181, 3.313861414515122, 0.8819288351585756, 2.614369445886757, 1.0]"
External A,train,HetCD_mixneg__F1115,HetCD_mixneg/HetCD_mixneg__F1115.png,HetCD_mixneg,ST003127,PR001944,Thermo Q Exactive Orbitrap,Thermo Exactive Orbitrap,"Imtakt Cadenza CD-C18 (150 × 2.1 mm, 3 µm)",Reversed phase,negative,DG07,0,0,[],"[5.159822307741756, 0.4521366946143152, 0.2245204955492809, 0.2217981517552691, 0.0035433652443279, -0.9482006619068138, 0.5695178182302708, 0.639292836501844, 1.073958785095153, 8.781345157720983, 0.4505364108748153, 6.387816078480649, 1.3144016227180528]"
External A,train,HetCD_mixneg__F11151,HetCD_mixneg/HetCD_mixneg__F11151.png,HetCD_mixneg,ST003127,PR001944,Thermo Q Exactive Orbitrap,Thermo Exactive Orbitrap,"Imtakt Cadenza CD-C18 (150 × 2.1 mm, 3 µm)",Reversed phase,negative,DG07,0,0,[],"[2.923726148343115, 1.0331923418999758, 0.2179690719663948, 0.3032793935906977, 0.0075673968327955, -0.3883121643131985, 0.7736666943161972, 0.6265888719236515, 0.5237185693345601, 6.40440384324817, 1.1263269171187438, 4.135802791408736, 1.2181818181818185]"
External A,train,HetCD_mixneg__F11265,HetCD_mixneg/HetCD_mixneg__F11265.png,HetCD_mixneg,ST003127,PR001944,Thermo Q Exactive Orbitrap,Thermo Exactive Orbitrap,"Imtakt Cadenza CD-C18 (150 × 2.1 mm, 3 µm)",Reversed phase,negative,DG07,1,1,"[[220.61797752808985, 84.3599033816425, 322.3033707865169, 403.75925925925924]]","[2.568259116327635, 1.2067735265313035, 1.618674952638708, 0.3116804602358849, 0.208441640987997, -2.2057903470137665, 0.912012754997762, 3.114576594854599, 1.3876339657180816, 4.973506455322385, 0.1943880078933655, 5.078701789185228, 0.7704918032786885]"
External A,train,HetCD_mixneg__F11321,HetCD_mixneg/HetCD_mixneg__F11321.png,HetCD_mixneg,ST003127,PR001944,Thermo Q Exactive Orbitrap,Thermo Exactive Orbitrap,"Imtakt Cadenza CD-C18 (150 × 2.1 mm, 3 µm)",Reversed phase,negative,DG07,1,2,"[[219.16942875489224, 359.1056244333335, 283.06503660763354, 403.75925925925924], [283.06503660763354, 84.35990338164248, 358.8202247191012, 403.75925925925924]]","[2.073150297187136, 0.9185195806083426, 1.749208955269194, 0.1620008832261989, 0.2855484013954135, -1.90402666051569, 1.100286545966433, 2.8270475887487923, 0.6884890780864381, 4.786212206341082, 0.1736965105930483, 5.065572312741006, 0.6976744186046512]"
External A,train,HetCD_mixneg__F11347,HetCD_mixneg/HetCD_mixneg__F11347.png,HetCD_mixneg,ST003127,PR001944,Thermo Q Exactive Orbitrap,Thermo Exactive Orbitrap,"Imtakt Cadenza CD-C18 (150 × 2.1 mm, 3 µm)",Reversed phase,negative,DG07,0,0,[],"[1.7557421971191358, 1.0532761442886778, 0.3955071672272827, 0.1537053430676173, 0.0521587835921093, -0.1341335601691616, 0.6596401442120122, 0.5706382657859224, 0.3255691906381039, 3.2832073671590845, 1.0972905291773047, 2.560964047443681, 0.85]"
External A,train,HetCD_mixneg__F11377,HetCD_mixneg/HetCD_mixneg__F11377.png,HetCD_mixneg,ST003127,PR001944,Thermo Q Exactive Orbitrap,Thermo Exactive Orbitrap,"Imtakt Cadenza CD-C18 (150 × 2.1 mm, 3 µm)",Reversed phase,negative,DG07,0,0,[],"[2.171433188657455, 0.8350423178775618, 0.3650970537979615, 0.1481765724627995, 0.039544045707779, -0.2540402610924421, 0.6701014563816543, 0.6063995226346333, 0.7151986493501511, 4.456560392427389, 0.9718320073600492, 4.135303210267544, 1.4545454545454546]"
External A,train,HetCD_mixneg__F11386,HetCD_mixneg/HetCD_mixneg__F11386.png,HetCD_mixneg,ST003127,PR001944,Thermo Q Exactive Orbitrap,Thermo Exactive Orbitrap,"Imtakt Cadenza CD-C18 (150 × 2.1 mm, 3 µm)",Reversed phase,negative,DG07,1,1,"[[236.34831460674135, 84.35990338164248, 315.0000000000003, 403.75925925925924]]","[2.284336066403775, 1.198658698851132, 1.7366571719272763, 0.271625485122068, 0.2174627842858546, -1.158267061432397, 0.809264655703231, 1.9803731888367304, 1.1551732927307423, 3.410717825870821, 0.4667978673843093, 3.2776134368191148, 0.7272727272727273]"
External A,train,HetCD_mixneg__F11421,HetCD_mixneg/HetCD_mixneg__F11421.png,HetCD_mixneg,ST003127,PR001944,Thermo Q Exactive Orbitrap,Thermo Exactive Orbitrap,"Imtakt Cadenza CD-C18 (150 × 2.1 mm, 3 µm)",Reversed phase,negative,DG07,0,0,[],"[2.34634758328696, 0.7457054581445064, 0.6677988271027605, 0.1382528224341112, 0.0982521558021663, -0.4166386523469759, 1.0605027270563736, 0.7528925402369759, 0.5007670457569979, 4.194239873158993, 0.7254237627026043, 4.103909910282363, 1.2692307692307692]"
External A,train,HetCD_mixneg__F11468,HetCD_mixneg/HetCD_mixneg__F11468.png,HetCD_mixneg,ST003127,PR001944,Thermo Q Exactive Orbitrap,Thermo Exactive Orbitrap,"Imtakt Cadenza CD-C18 (150 × 2.1 mm, 3 µm)",Reversed phase,negative,DG07,0,0,[],"[1.8663755344626327, 0.6653110970493498, 0.5923097762556057, 0.0495514394718315, 0.3026612163726688, -0.5397732878576903, 0.853789250805184, 1.0906600115977034, 0.1651222507782986, 4.658193157347824, 0.4932914853193644, 4.62015169511603, 1.2424242424242424]"
External A,train,HetCD_mixneg__F11488,HetCD_mixneg/HetCD_mixneg__F11488.png,HetCD_mixneg,ST003127,PR001944,Thermo Q Exactive Orbitrap,Thermo Exactive Orbitrap,"Imtakt Cadenza CD-C18 (150 × 2.1 mm, 3 µm)",Reversed phase,negative,DG07,0,0,[],"[1.952653445822656, 0.573275124990437, 0.9385267330802732, 0.0251845015584567, 0.3342921132613466, -0.7550351195985489, 0.8799717877430978, 1.1382702912661096, -0.2169554373147565, 4.441661062780213, 0.4642401609040392, 4.504706483564822, 1.2592592592592593]"
External A,train,HetCD_mixneg__F11500,HetCD_mixneg/HetCD_mixneg__F11500.png,HetCD_mixneg,ST003127,PR001944,Thermo Q Exactive Orbitrap,Thermo Exactive Orbitrap,"Imtakt Cadenza CD-C18 (150 × 2.1 mm, 3 µm)",Reversed phase,negative,DG07,1,1,"[[217.2471910112361, 84.35990338164251, 296.9759455510948, 403.7592592592593]]","[2.114945773469832, 1.2952324475244033, 2.513892866818736, 0.2717657017816788, 0.264652451042099, -1.972877005791421, 0.2817690913115553, 3.181781956840648, 1.1115424497218531, 3.104946859533974, 0.3936154095318655, 3.239353872167201, 0.2]"
External A,train,HetCD_mixneg__F11582,HetCD_mixneg/HetCD_mixneg__F11582.png,HetCD_mixneg,ST003127,PR001944,Thermo Q Exactive Orbitrap,Thermo Exactive Orbitrap,"Imtakt Cadenza CD-C18 (150 × 2.1 mm, 3 µm)",Reversed phase,negative,DG07,1,1,"[[124.7735735519546, 84.35990338164251, 171.17977528089887, 403.75925925925924]]","[3.584441349111764, 1.6146320163333774, 1.556164651512324, 0.5306832869119863, 0.1238998073710969, -1.7342545718832412, 0.9301559620610078, 2.3449204808028745, 2.1352695049294623, 5.142985847601819, 0.3535178889071976, 4.384644373558956, 0.851063829787234]"
External A,train,HetCD_mixneg__F11644,HetCD_mixneg/HetCD_mixneg__F11644.png,HetCD_mixneg,ST003127,PR001944,Thermo Q Exactive Orbitrap,Thermo Exactive Orbitrap,"Imtakt Cadenza CD-C18 (150 × 2.1 mm, 3 µm)",Reversed phase,negative,DG07,1,1,"[[224.75177304964538, 84.35990338164248, 272.9787234042552, 403.7592592592593]]","[3.686045157875218, 1.7205892725474925, 0.6776696839898954, 0.5647944258516212, 0.0895589594882739, -0.629760958264901, 0.8576952723642318, 0.9242115223746806, 2.15861323180548, 3.933846112493773, 0.985945753586461, 3.693620548324625, 0.7872340425531915]"
External A,train,HetCD_mixneg__F11713,HetCD_mixneg/HetCD_mixneg__F11713.png,HetCD_mixneg,ST003127,PR001944,Thermo Q Exactive Orbitrap,Thermo Exactive Orbitrap,"Imtakt Cadenza CD-C18 (150 × 2.1 mm, 3 µm)",Reversed phase,negative,DG07,1,1,"[[236.45863047922535, 84.35990338164248, 292.5280898876406, 403.75925925925924]]","[2.302283099451748, 0.9434155171181396, 1.129651508279665, 0.2003044974763966, 0.2980644826296606, -1.5295151679402768, 0.9681140843114556, 2.330824751782192, 0.5615923431771906, 5.233021552092841, 0.2320536283665704, 4.642150813365715, 1.2063492063492065]"
External A,train,HetCD_mixneg__F11720,HetCD_mixneg/HetCD_mixneg__F11720.png,HetCD_mixneg,ST003127,PR001944,Thermo Q Exactive Orbitrap,Thermo Exactive Orbitrap,"Imtakt Cadenza CD-C18 (150 × 2.1 mm, 3 µm)",Reversed phase,negative,DG07,0,0,[],"[2.4180655900115124, 0.9501141074605276, 0.5201315317191431, 0.2171466730902345, 0.0732472733002613, -0.6290838579378047, 0.8392906987878043, 1.1715597295352405, 0.9164677460310888, 4.058407287213728, 0.7081199056602488, 3.788450457308289, 1.0357142857142858]"
External A,train,HetCD_mixneg__F11828,HetCD_mixneg/HetCD_mixneg__F11828.png,HetCD_mixneg,ST003127,PR001944,Thermo Q Exactive Orbitrap,Thermo Exactive Orbitrap,"Imtakt Cadenza CD-C18 (150 × 2.1 mm, 3 µm)",Reversed phase,negative,DG07,0,0,[],"[2.2364488521221846, 0.6754084748372413, 0.4076376874852882, 0.0987330858217694, 0.0741908278046536, -0.5535030428342339, 0.7640919740121023, 1.005115764444698, 0.3708330254501183, 4.830989342260987, 0.6723456269039343, 4.6255200278013975, 1.0526315789473684]"
External A,train,HetCD_mixneg__F11863,HetCD_mixneg/HetCD_mixneg__F11863.png,HetCD_mixneg,ST003127,PR001944,Thermo Q Exactive Orbitrap,Thermo Exactive Orbitrap,"Imtakt Cadenza CD-C18 (150 × 2.1 mm, 3 µm)",Reversed phase,negative,DG07,1,3,"[[192.70836137190776, 84.35990338164245, 294.3416339832869, 403.75925925925924], [379.83223398328687, 352.56703719090217, 444.7752808988764, 403.75925925925924], [294.3416339832869, 278.1075527848394, 379.83223398328687, 403.75925925925924]]","[2.042340294747077, 0.9371841327041696, 2.452352980100805, 0.1634668422849793, 0.3164035479983955, -2.345520093616123, 0.9614576644207596, 3.326804330241777, 0.7800389374229382, 5.8515140558069945, 0.0923153177100114, 5.797123931813454, 1.021978021978022]"
External A,train,HetCD_mixneg__F11887,HetCD_mixneg/HetCD_mixneg__F11887.png,HetCD_mixneg,ST003127,PR001944,Thermo Q Exactive Orbitrap,Thermo Exactive Orbitrap,"Imtakt Cadenza CD-C18 (150 × 2.1 mm, 3 µm)",Reversed phase,negative,DG07,0,0,[],"[2.911145214166861, 1.163577155712342, 0.8912097523678469, 0.3411715007253257, 0.0911199974645866, -0.5901991266965138, 0.7023680107673386, 0.9546577678744496, 1.1289286639378262, 3.353790345975027, 0.9379043034355584, 2.6388067184095574, 0.9545454545454546]"
External A,train,HetCD_mixneg__F11938,HetCD_mixneg/HetCD_mixneg__F11938.png,HetCD_mixneg,ST003127,PR001944,Thermo Q Exactive Orbitrap,Thermo Exactive Orbitrap,"Imtakt Cadenza CD-C18 (150 × 2.1 mm, 3 µm)",Reversed phase,negative,DG07,1,2,"[[269.4595268997567, 279.780910192968, 285.22471910112364, 403.75925925925924], [222.75091046796882, 84.3599033816425, 269.4595268997567, 403.75925925925924]]","[1.8720336626377017, 0.8775794242526307, 1.6664275496829344, 0.1210438703599615, 0.4573838514640448, -1.3863742028844537, 0.8795482896785134, 2.2540514476286715, 0.4463885322080219, 4.208262515781218, 0.2835982537040658, 4.457648564974578, 0.5862068965517241]"
External A,train,HetCD_mixneg__F12013,HetCD_mixneg/HetCD_mixneg__F12013.png,HetCD_mixneg,ST003127,PR001944,Thermo Q Exactive Orbitrap,Thermo Exactive Orbitrap,"Imtakt Cadenza CD-C18 (150 × 2.1 mm, 3 µm)",Reversed phase,negative,DG07,0,1,"[[76.23595505617978, 84.35990338164248, 105.44943820224714, 403.75925925925924]]","[2.352403417802157, 1.050047983979256, 0.8142433429452216, 0.2393165585002869, 0.1329510358436728, -0.2634150459955781, 0.8371906649286612, 0.6078549146188177, 1.18509055276533, 2.420800508288774, 1.2483481294349026, 2.5219280948873624, 1.2]"
External A,train,HetCD_mixneg__F12064,HetCD_mixneg/HetCD_mixneg__F12064.png,HetCD_mixneg,ST003127,PR001944,Thermo Q Exactive Orbitrap,Thermo Exactive Orbitrap,"Imtakt Cadenza CD-C18 (150 × 2.1 mm, 3 µm)",Reversed phase,negative,DG07,0,0,[],"[2.479460419682774, 0.4858252993476343, 0.6372207820548293, 0.0422967738056424, 0.1488328256318483, -1.0566753290595017, 0.9966718454376716, 1.424954738873457, -0.2197602979760565, 7.627532543384946, 0.2922438455009113, 6.49111549470197, 1.222707423580786]"
External A,train,HetCD_mixneg__F12070,HetCD_mixneg/HetCD_mixneg__F12070.png,HetCD_mixneg,ST003127,PR001944,Thermo Q Exactive Orbitrap,Thermo Exactive Orbitrap,"Imtakt Cadenza CD-C18 (150 × 2.1 mm, 3 µm)",Reversed phase,negative,DG07,0,0,[],"[2.531270530667696, 0.9671995374740772, 0.5261950818369235, 0.23656795405119, 0.0706762933447981, -0.6777319337851627, 0.9045432258315684, 1.219697955009147, 0.9614988633659926, 4.43615816405575, 0.7393302535714781, 4.02494497508471, 1.3333333333333333]"
External A,train,HetCD_mixneg__F12091,HetCD_mixneg/HetCD_mixneg__F12091.png,HetCD_mixneg,ST003127,PR001944,Thermo Q Exactive Orbitrap,Thermo Exactive Orbitrap,"Imtakt Cadenza CD-C18 (150 × 2.1 mm, 3 µm)",Reversed phase,negative,DG07,1,2,"[[234.6629213483144, 211.1284358834732, 268.3973539999996, 403.75925925925924], [268.3973539999996, 84.35990338164251, 318.932584269663, 403.75925925925924]]","[2.222426439718515, 0.6755887381104759, 0.8426499651382703, 0.0971611838814877, 0.1755743852745094, -1.7217824771214456, 0.1049952002656524, 1.8160283583206, 0.3236479915617469, 4.038168454512035, 0.2250007262373354, 3.913977073182752, 0.5909090909090909]"
External A,train,HetCD_mixneg__F12118,HetCD_mixneg/HetCD_mixneg__F12118.png,HetCD_mixneg,ST003127,PR001944,Thermo Q Exactive Orbitrap,Thermo Exactive Orbitrap,"Imtakt Cadenza CD-C18 (150 × 2.1 mm, 3 µm)",Reversed phase,negative,DG07,1,2,"[[216.12359550561797, 306.9210806022605, 275.1123595505618, 403.75925925925924], [293.65168539325856, 84.35990338164248, 367.8089887640449, 403.75925925925924]]","[2.539019032736181, 0.5581630509820552, 0.3398126659578578, 0.0822801841122551, 0.0672962928286628, -0.7573927214001988, 0.783481411123458, 1.0759178748616762, 0.2804964855743661, 4.827365517678519, 0.4654253386390339, 4.85216872360328, 1.0588235294117647]"
External A,train,HetCD_mixneg__F12124,HetCD_mixneg/HetCD_mixneg__F12124.png,HetCD_mixneg,ST003127,PR001944,Thermo Q Exactive Orbitrap,Thermo Exactive Orbitrap,"Imtakt Cadenza CD-C18 (150 × 2.1 mm, 3 µm)",Reversed phase,negative,DG07,0,0,[],"[2.7689813112192474, 0.7666808267574006, 0.241665923166801, 0.1935315421440817, 0.01398753163531, -0.5748187780933498, 0.94042051055988, 0.8949915718275615, 0.716195659022121, 7.103972608475535, 0.7043181436222782, 5.972994665222053, 1.2395833333333333]"
External A,train,HetCD_mixneg__F12135,HetCD_mixneg/HetCD_mixneg__F12135.png,HetCD_mixneg,ST003127,PR001944,Thermo Q Exactive Orbitrap,Thermo Exactive Orbitrap,"Imtakt Cadenza CD-C18 (150 × 2.1 mm, 3 µm)",Reversed phase,negative,DG07,0,0,[],"[2.937855839218628, 0.8507354530998182, 0.3513527239027342, 0.2429559119269042, 0.0226858485135329, -0.4842632564332911, 0.8969902243005785, 0.7097386323319186, 0.7641108427954779, 6.0325072605273125, 0.9193897579135252, 4.887215439938889, 1.3465346534653466]"
External A,train,HetCD_mixneg__F1216,HetCD_mixneg/HetCD_mixneg__F1216.png,HetCD_mixneg,ST003127,PR001944,Thermo Q Exactive Orbitrap,Thermo Exactive Orbitrap,"Imtakt Cadenza CD-C18 (150 × 2.1 mm, 3 µm)",Reversed phase,negative,DG07,0,0,[],"[1.7525831334738446, 1.00899653780412, 0.356336313482905, 0.1411910502950439, 0.1066061100415136, -0.0381082596579785, 0.8586789993005838, 0.3536939784227139, 0.2482261543277812, 3.4188453290782737, 1.3205069426495244, 2.7152088061657302, 1.0476190476190477]"
External A,train,HetCD_mixneg__F12163,HetCD_mixneg/HetCD_mixneg__F12163.png,HetCD_mixneg,ST003127,PR001944,Thermo Q Exactive Orbitrap,Thermo Exactive Orbitrap,"Imtakt Cadenza CD-C18 (150 × 2.1 mm, 3 µm)",Reversed phase,negative,DG07,0,0,[],"[3.9868516093906665, 0.9845475859335664, 0.3605636543611324, 0.3913978543720453, 0.0159748831347039, -0.6952891095634286, 0.8226624634070303, 0.793638087147831, 1.2745440916855006, 6.18075289811082, 0.8614449835775692, 4.55502790905331, 1.1370967741935485]"
External A,train,HetCD_mixneg__F12168,HetCD_mixneg/HetCD_mixneg__F12168.png,HetCD_mixneg,ST003127,PR001944,Thermo Q Exactive Orbitrap,Thermo Exactive Orbitrap,"Imtakt Cadenza CD-C18 (150 × 2.1 mm, 3 µm)",Reversed phase,negative,DG07,0,0,[],"[1.773279877138125, 1.163918368435832, 0.7507994664442315, 0.1852521064478872, 0.102654860513152, -0.0106455870542431, 0.3537049638938609, 0.1291888387638784, 0.8694663098666835, 1.8697988037963773, 1.4211044235070598, 2.0, 1.0]"
External A,train,HetCD_mixneg__F12234,HetCD_mixneg/HetCD_mixneg__F12234.png,HetCD_mixneg,ST003127,PR001944,Thermo Q Exactive Orbitrap,Thermo Exactive Orbitrap,"Imtakt Cadenza CD-C18 (150 × 2.1 mm, 3 µm)",Reversed phase,negative,DG07,0,0,[],"[2.51152358783288, 0.4215477925243459, 0.6122325712489167, 0.0125688119454168, 0.1987531399109123, -0.5004587317397874, 0.6742713948421454, 0.841830749217558, 1.4040432625318573, 3.5847109751175563, 0.4123202588553858, 3.5465935642949384, 1.2307692307692308]"
External A,train,HetCD_mixneg__F12278,HetCD_mixneg/HetCD_mixneg__F12278.png,HetCD_mixneg,ST003127,PR001944,Thermo Q Exactive Orbitrap,Thermo Exactive Orbitrap,"Imtakt Cadenza CD-C18 (150 × 2.1 mm, 3 µm)",Reversed phase,negative,DG07,0,0,[],"[3.425826904335872, 0.9668011060237603, 0.7078238860567485, 0.333658147342219, 0.0604125545248788, -0.4362333305320884, 0.2268929685873311, 0.4701276231938486, 1.8909486986159303, 4.19261699907376, 1.0574728411011731, 3.981661512101756, 1.1428571428571428]"
External A,train,HetCD_mixneg__F12315,HetCD_mixneg/HetCD_mixneg__F12315.png,HetCD_mixneg,ST003127,PR001944,Thermo Q Exactive Orbitrap,Thermo Exactive Orbitrap,"Imtakt Cadenza CD-C18 (150 × 2.1 mm, 3 µm)",Reversed phase,negative,DG07,0,0,[],"[1.602833017419158, 0.529991730408872, 0.6055958374724241, -0.0339784204251396, 0.2594782518227943, -0.7501075092307514, 0.9120266723168632, 1.3118892313628858, -0.3906043751460112, 5.486628248810479, 0.3583103619376429, 5.391746011896119, 1.2222222222222223]"
External A,train,HetCD_mixneg__F12321,HetCD_mixneg/HetCD_mixneg__F12321.png,HetCD_mixneg,ST003127,PR001944,Thermo Q Exactive Orbitrap,Thermo Exactive Orbitrap,"Imtakt Cadenza CD-C18 (150 × 2.1 mm, 3 µm)",Reversed phase,negative,DG07,0,0,[],"[2.9764982417116617, 1.1205265467914942, 0.3403707826302057, 0.3359836800404299, 0.0178618500301796, -0.3781894621792221, 0.9531052171752376, 0.6068561081696536, 0.9974826616883576, 5.447257125522513, 1.176862348607778, 3.5757553193190743, 1.1555555555555554]"
External A,train,HetCD_mixneg__F12417,HetCD_mixneg/HetCD_mixneg__F12417.png,HetCD_mixneg,ST003127,PR001944,Thermo Q Exactive Orbitrap,Thermo Exactive Orbitrap,"Imtakt Cadenza CD-C18 (150 × 2.1 mm, 3 µm)",Reversed phase,negative,DG07,0,0,[],"[3.468171520465288, 1.423057396891255, 0.3945509234059666, 0.4724205188320353, 0.0170058434226372, -0.4943564130183225, 0.7676193062908452, 0.715345835594248, 1.07309339565828, 5.078971207122004, 1.3355686126756872, 2.59350157692315, 0.9693877551020408]"
External A,train,HetCD_mixneg__F1244,HetCD_mixneg/HetCD_mixneg__F1244.png,HetCD_mixneg,ST003127,PR001944,Thermo Q Exactive Orbitrap,Thermo Exactive Orbitrap,"Imtakt Cadenza CD-C18 (150 × 2.1 mm, 3 µm)",Reversed phase,negative,DG07,0,0,[],"[1.480861701336659, 0.9553207400811576, 0.8019699662807489, 0.0818328081195166, 0.2129639272445306, -0.1714018501203464, 0.9768973690622677, 0.7469416871934437, 0.0300832956782643, 2.785738562589576, 0.96524661671028, 2.507380102423636, 0.9230769230769232]"
External A,train,HetCD_mixneg__F12482,HetCD_mixneg/HetCD_mixneg__F12482.png,HetCD_mixneg,ST003127,PR001944,Thermo Q Exactive Orbitrap,Thermo Exactive Orbitrap,"Imtakt Cadenza CD-C18 (150 × 2.1 mm, 3 µm)",Reversed phase,negative,DG07,0,0,[],"[2.4850996729771864, 0.7980543602608673, 0.153659288504418, 0.1736588718361102, 0.0047431029195359, -0.3736228007616481, 0.8735955956706449, 0.6647675792398742, 0.3208438901676106, 7.215132821013944, 0.8766516810725623, 5.27441120705574, 1.32]"
External A,train,HetCD_mixneg__F12557,HetCD_mixneg/HetCD_mixneg__F12557.png,HetCD_mixneg,ST003127,PR001944,Thermo Q Exactive Orbitrap,Thermo Exactive Orbitrap,"Imtakt Cadenza CD-C18 (150 × 2.1 mm, 3 µm)",Reversed phase,negative,DG07,0,0,[],"[1.6802400837488536, 1.0691381717575754, 0.4344753895618683, 0.1455706662211636, 0.0523408676476782, 0.0365194660540142, 0.9966373894258608, 0.3908275854466195, 0.4031287478271371, 2.53230039980268, 1.296259269305296, 2.292481250360578, 1.0]"
External A,train,HetCD_mixneg__F12605,HetCD_mixneg/HetCD_mixneg__F12605.png,HetCD_mixneg,ST003127,PR001944,Thermo Q Exactive Orbitrap,Thermo Exactive Orbitrap,"Imtakt Cadenza CD-C18 (150 × 2.1 mm, 3 µm)",Reversed phase,negative,DG07,1,1,"[[226.79775280898875, 84.3599033816425, 270.6179775280899, 403.75925925925924]]","[2.0743439271431345, 0.9814379884611052, 1.8617573065542736, 0.1812488733989275, 0.3411020508079145, -1.2219476359974664, 0.9595026628999292, 2.056002815923036, 0.6656324399029959, 4.059336622840156, 0.3221606484193654, 3.961429270989641, 1.103448275862069]"
External A,train,HetCD_mixneg__F12624,HetCD_mixneg/HetCD_mixneg__F12624.png,HetCD_mixneg,ST003127,PR001944,Thermo Q Exactive Orbitrap,Thermo Exactive Orbitrap,"Imtakt Cadenza CD-C18 (150 × 2.1 mm, 3 µm)",Reversed phase,negative,DG07,1,3,"[[215.5617977528087, 84.35990338164251, 270.0561797752811, 403.75925925925924], [79.04494382022483, 363.17255718882114, 133.53932584269654, 403.75925925925924], [300.9550561797753, 346.3292604114381, 372.86516853932557, 403.75925925925924]]","[2.296232597285854, 1.2535462071239067, 2.4076666413387104, 0.2876263719768454, 0.2135409841548927, -1.7080885569122073, 0.6356273642069377, 2.668188894507311, 1.2572059733648715, 3.68318536865457, 0.3040898484822908, 3.6158175946759328, 0.2962962962962963]"
External A,train,HetCD_mixneg__F12629,HetCD_mixneg/HetCD_mixneg__F12629.png,HetCD_mixneg,ST003127,PR001944,Thermo Q Exactive Orbitrap,Thermo Exactive Orbitrap,"Imtakt Cadenza CD-C18 (150 × 2.1 mm, 3 µm)",Reversed phase,negative,DG07,0,0,[],"[2.576050885492604, 0.9833300422821036, 0.161883653282209, 0.2471269452808694, 0.0057222118860283, -0.38216689130047, 0.853251746157575, 0.7438800874557343, 0.7272168461272173, 6.941571371990129, 1.0053408026852282, 4.754189399518548, 1.238532110091743]"
External A,train,HetCD_mixneg__F12668,HetCD_mixneg/HetCD_mixneg__F12668.png,HetCD_mixneg,ST003127,PR001944,Thermo Q Exactive Orbitrap,Thermo Exactive Orbitrap,"Imtakt Cadenza CD-C18 (150 × 2.1 mm, 3 µm)",Reversed phase,negative,DG07,0,0,[],"[2.9016933459425225, 0.8268126964500762, 0.5106369118514585, 0.2303412157183894, 0.0337884303589782, -0.3971690736730248, 0.7092894030066873, 0.540617243904575, 0.8815331782923842, 4.450198184188605, 0.8818796964518827, 3.975175558293475, 1.2121212121212122]"
External A,train,HetCD_mixneg__F1273,HetCD_mixneg/HetCD_mixneg__F1273.png,HetCD_mixneg,ST003127,PR001944,Thermo Q Exactive Orbitrap,Thermo Exactive Orbitrap,"Imtakt Cadenza CD-C18 (150 × 2.1 mm, 3 µm)",Reversed phase,negative,DG07,0,0,[],"[1.5019092610881164, 1.1657282758267442, 0.2937402315857007, 0.1384318765669013, 0.0600903338572323, 0.0949205761949963, 0.3065034277836475, -0.0739503257736035, 0.535219284263448, 1.963555636496462, 1.6481174401529002, 1.8799649487271108, 1.1111111111111112]"
External A,train,HetCD_mixneg__F12748,HetCD_mixneg/HetCD_mixneg__F12748.png,HetCD_mixneg,ST003127,PR001944,Thermo Q Exactive Orbitrap,Thermo Exactive Orbitrap,"Imtakt Cadenza CD-C18 (150 × 2.1 mm, 3 µm)",Reversed phase,negative,DG07,0,0,[],"[3.397386978664475, 1.7644860613175055, 0.2681319591735922, 0.5437354937180499, 0.0058243303754447, -0.4210556642499448, 0.8261707576717401, 0.6652227307943075, 1.6546286385783866, 5.392780878255748, 1.4822472465181442, 2.302806347463694, 0.7950310559006211]"
External A,train,HetCD_mixneg__F12789,HetCD_mixneg/HetCD_mixneg__F12789.png,HetCD_mixneg,ST003127,PR001944,Thermo Q Exactive Orbitrap,Thermo Exactive Orbitrap,"Imtakt Cadenza CD-C18 (150 × 2.1 mm, 3 µm)",Reversed phase,negative,DG07,0,0,[],"[2.8530825816859706, 0.906346551730423, 0.2517896859116587, 0.2535659452196102, 0.0105688933895292, -0.402652333342324, 0.7099353766916778, 0.627668475582385, 0.5604298311413187, 6.110837551518147, 0.9988605550953826, 4.653778455322453, 1.2695652173913043]"
External A,train,HetCD_mixneg__F12848,HetCD_mixneg/HetCD_mixneg__F12848.png,HetCD_mixneg,ST003127,PR001944,Thermo Q Exactive Orbitrap,Thermo Exactive Orbitrap,"Imtakt Cadenza CD-C18 (150 × 2.1 mm, 3 µm)",Reversed phase,negative,DG07,1,1,"[[244.21348314606746, 84.3599033816425, 282.4157303370787, 403.75925925925924]]","[1.3345556976965405, 0.4209768847564307, 0.717419825911466, -0.1073998221062853, 0.4865747949711113, -0.6050623637067415, 0.6085243689994978, 0.9425303393972808, -1.128149955172006, 3.39707738301646, 0.3202016962505558, 3.4182958340544896, 0.5]"
External A,train,HetCD_mixneg__F12877,HetCD_mixneg/HetCD_mixneg__F12877.png,HetCD_mixneg,ST003127,PR001944,Thermo Q Exactive Orbitrap,Thermo Exactive Orbitrap,"Imtakt Cadenza CD-C18 (150 × 2.1 mm, 3 µm)",Reversed phase,negative,DG07,0,0,[],"[3.5382782691723964, 0.6740997025407096, 0.4905094859503723, 0.2285482206509486, 0.0344627413930112, -0.7863995091065427, 0.8739895537205914, 0.9383435129116726, 0.8359308386375597, 7.006893833342524, 0.5649274994151062, 6.059064549623479, 1.3493975903614457]"
External A,train,HetCD_mixneg__F12888,HetCD_mixneg/HetCD_mixneg__F12888.png,HetCD_mixneg,ST003127,PR001944,Thermo Q Exactive Orbitrap,Thermo Exactive Orbitrap,"Imtakt Cadenza CD-C18 (150 × 2.1 mm, 3 µm)",Reversed phase,negative,DG07,0,0,[],"[3.6838999299773816, 1.0917171675432458, 0.7174085398223006, 0.3998274100534087, 0.0489221805636906, -0.7775098139965181, 0.761846429174294, 1.0190442036919696, 1.3779592190154777, 4.502488809286301, 0.8666497502932367, 3.670756189556615, 1.1395348837209305]"
External A,train,HetCD_mixneg__F1289,HetCD_mixneg/HetCD_mixneg__F1289.png,HetCD_mixneg,ST003127,PR001944,Thermo Q Exactive Orbitrap,Thermo Exactive Orbitrap,"Imtakt Cadenza CD-C18 (150 × 2.1 mm, 3 µm)",Reversed phase,negative,DG07,0,0,[],"[2.1392394254744262, 0.7890675891873868, 0.3480679595854953, 0.1283999951512572, 0.0522050322885164, -0.3800623671659269, 0.9295975904610356, 0.8356239183339517, 0.0199658069407603, 4.9258083305385565, 0.7721660288584172, 4.265155682866409, 1.1063829787234043]"
External A,train,HetCD_mixneg__F12899,HetCD_mixneg/HetCD_mixneg__F12899.png,HetCD_mixneg,ST003127,PR001944,Thermo Q Exactive Orbitrap,Thermo Exactive Orbitrap,"Imtakt Cadenza CD-C18 (150 × 2.1 mm, 3 µm)",Reversed phase,negative,DG07,0,0,[],"[2.774788972463172, 1.3001906501493483, 0.3065435403974163, 0.3624593530565585, 0.0100115916147229, -0.1933999725522976, 0.5631750034555988, 0.3384699929206928, 0.8015940286829676, 4.959452832325128, 1.5195513734289785, 2.844531702123573, 1.160493827160494]"
External A,train,HetCD_mixneg__F12910,HetCD_mixneg/HetCD_mixneg__F12910.png,HetCD_mixneg,ST003127,PR001944,Thermo Q Exactive Orbitrap,Thermo Exactive Orbitrap,"Imtakt Cadenza CD-C18 (150 × 2.1 mm, 3 µm)",Reversed phase,negative,DG07,0,0,[],"[1.5752839070031912, 1.0437213903213634, 0.3001722167356252, 0.1212573263670464, 0.0385526850658088, 0.0439897216733991, 1.0330865047849689, 0.3917111093027063, 0.2553095577932251, 3.668121226324592, 1.3955841736972918, 2.7732967821474688, 1.1538461538461535]"
External A,train,HetCD_mixneg__F12918,HetCD_mixneg/HetCD_mixneg__F12918.png,HetCD_mixneg,ST003127,PR001944,Thermo Q Exactive Orbitrap,Thermo Exactive Orbitrap,"Imtakt Cadenza CD-C18 (150 × 2.1 mm, 3 µm)",Reversed phase,negative,DG07,1,1,"[[236.9101123595503, 84.35990338164248, 288.03370786516825, 403.75925925925924]]","[2.359595967348369, 1.3166701709172492, 1.444400946978068, 0.3124745755955204, 0.2969466481910715, -1.353770329626547, 0.6404693282758087, 2.224880823605329, 0.988936949806294, 3.1258644904586217, 0.4527812486451628, 2.503997527334848, 0.7272727272727273]"
External A,train,HetCD_mixneg__F12960,HetCD_mixneg/HetCD_mixneg__F12960.png,HetCD_mixneg,ST003127,PR001944,Thermo Q Exactive Orbitrap,Thermo Exactive Orbitrap,"Imtakt Cadenza CD-C18 (150 × 2.1 mm, 3 µm)",Reversed phase,negative,DG07,1,1,"[[227.35955056179776, 84.3599033816425, 270.05617977528107, 403.75925925925924]]","[1.922416023295813, 0.6288531534113926, 0.6342282219777673, 0.0431494763106084, 0.4111059007614319, -0.5484329021110814, 0.9546153768664012, 1.0292702027635936, 0.1620422870676431, 3.548599590875274, 0.6215898845368379, 3.773557262275185, 1.0666666666666669]"
External A,train,HetCD_mixneg__F12972,HetCD_mixneg/HetCD_mixneg__F12972.png,HetCD_mixneg,ST003127,PR001944,Thermo Q Exactive Orbitrap,Thermo Exactive Orbitrap,"Imtakt Cadenza CD-C18 (150 × 2.1 mm, 3 µm)",Reversed phase,negative,DG07,1,2,"[[218.36046140869348, 84.35990338164247, 284.10112359550567, 403.7592592592593], [179.04494382022474, 301.5079423004534, 218.36046140869348, 403.7592592592593]]","[2.009283004031324, 1.0217226638614056, 1.758316665356664, 0.1836868485292217, 0.4290092728140714, -1.3193613733880818, 0.924578476748591, 2.211751560284422, 0.6993984031984003, 4.128753938645728, 0.3368403067483884, 4.255761327986771, 0.9032258064516128]"
External A,train,HetCD_mixneg__F1298,HetCD_mixneg/HetCD_mixneg__F1298.png,HetCD_mixneg,ST003127,PR001944,Thermo Q Exactive Orbitrap,Thermo Exactive Orbitrap,"Imtakt Cadenza CD-C18 (150 × 2.1 mm, 3 µm)",Reversed phase,negative,DG07,1,1,"[[178.48314606741573, 84.35990338164251, 214.41500386135297, 403.75925925925924]]","[2.704328330476576, 1.429886337984856, 1.3443150917232114, 0.3862208329029193, 0.1902965713750466, -0.9146949443023116, 0.7327503236332644, 1.6175269639114451, 1.5017511141027828, 2.811358623203592, 0.7082268219398339, 2.7254805569978675, 1.0555555555555556]"
External A,train,HetCD_mixneg__F13112,HetCD_mixneg/HetCD_mixneg__F13112.png,HetCD_mixneg,ST003127,PR001944,Thermo Q Exactive Orbitrap,Thermo Exactive Orbitrap,"Imtakt Cadenza CD-C18 (150 × 2.1 mm, 3 µm)",Reversed phase,negative,DG07,0,0,[],"[1.824528566369472, 0.987389401950454, 0.3206666639795747, 0.1463637579229079, 0.0536456744873648, -0.001645637149212, 0.7443400869693663, 0.3718276605503791, 0.6611363471792231, 4.213223495381132, 1.2959715536451328, 3.619559270611366, 1.4545454545454546]"
External A,train,HetCD_mixneg__F13133,HetCD_mixneg/HetCD_mixneg__F13133.png,HetCD_mixneg,ST003127,PR001944,Thermo Q Exactive Orbitrap,Thermo Exactive Orbitrap,"Imtakt Cadenza CD-C18 (150 × 2.1 mm, 3 µm)",Reversed phase,negative,DG07,0,2,"[[109.94382022471913, 84.35990338164248, 129.6067415730337, 403.75925925925924], [74.55056179775272, 303.12787956257233, 89.71910112359545, 403.75925925925924]]","[2.664833532603235, 1.1504494508678975, 0.8456376165992047, 0.3081113452080871, 0.116963061215266, -0.6731643976136734, 0.8162885184641111, 1.231877449701803, 1.2208851120448, 3.5410496045584083, 0.9030209779160818, 2.999389675512395, 1.125]"
External A,train,HetCD_mixneg__F13166,HetCD_mixneg/HetCD_mixneg__F13166.png,HetCD_mixneg,ST003127,PR001944,Thermo Q Exactive Orbitrap,Thermo Exactive Orbitrap,"Imtakt Cadenza CD-C18 (150 × 2.1 mm, 3 µm)",Reversed phase,negative,DG07,1,2,"[[154.32584269662934, 236.52399890680326, 217.24719101123628, 403.75925925925924], [223.42696629213498, 84.35990338164251, 284.1011235955053, 403.75925925925924]]","[2.297497574047703, 1.331157478249078, 2.0476150740646286, 0.3073174780408703, 0.2437650755866071, -1.457909289128119, 0.95358726382367, 2.342601712042021, 1.0526570483762905, 4.1656550324960495, 0.2777806571120459, 3.494918848233952, 0.75]"
External A,train,HetCD_mixneg__F13212,HetCD_mixneg/HetCD_mixneg__F13212.png,HetCD_mixneg,ST003127,PR001944,Thermo Q Exactive Orbitrap,Thermo Exactive Orbitrap,"Imtakt Cadenza CD-C18 (150 × 2.1 mm, 3 µm)",Reversed phase,negative,DG07,1,1,"[[215.561797752809, 84.35990338164248, 329.04494382022466, 403.75925925925924]]","[2.0488396764618164, 0.8108381044826523, 1.027170527402749, 0.1240601305780731, 0.2198759306216697, -1.084939977649156, 0.9639075340446503, 1.827179634727959, 0.5671497382302885, 5.454527833897897, 0.254996923954518, 5.542748326446116, 1.2096774193548387]"
External A,train,HetCD_mixneg__F13250,HetCD_mixneg/HetCD_mixneg__F13250.png,HetCD_mixneg,ST003127,PR001944,Thermo Q Exactive Orbitrap,Thermo Exactive Orbitrap,"Imtakt Cadenza CD-C18 (150 × 2.1 mm, 3 µm)",Reversed phase,negative,DG07,0,0,[],"[2.631354279857191, 0.982715484851172, 0.3451296606251843, 0.2535648597164924, 0.0235603709075493, -0.2603456520812063, 0.8234360757641901, 0.4728848980278604, 0.8340706288047727, 5.676160384136084, 1.1336090050419605, 4.33657775251683, 1.2666666666666666]"
External A,train,HetCD_mixneg__F13253,HetCD_mixneg/HetCD_mixneg__F13253.png,HetCD_mixneg,ST003127,PR001944,Thermo Q Exactive Orbitrap,Thermo Exactive Orbitrap,"Imtakt Cadenza CD-C18 (150 × 2.1 mm, 3 µm)",Reversed phase,negative,DG07,0,0,[],"[1.632650172525045, 1.0008092356671827, 0.644788432039394, 0.1195810546261237, 0.185255670133926, -0.162232619300749, 1.042660559711008, 0.7700629340940232, 0.2199737435639557, 3.2840026383779857, 0.9805490730741936, 2.641120933813016, 1.0526315789473684]"
External A,train,HetCD_mixneg__F13268,HetCD_mixneg/HetCD_mixneg__F13268.png,HetCD_mixneg,ST003127,PR001944,Thermo Q Exactive Orbitrap,Thermo Exactive Orbitrap,"Imtakt Cadenza CD-C18 (150 × 2.1 mm, 3 µm)",Reversed phase,negative,DG07,0,0,[],"[3.4174811376702072, 1.637552681709005, 1.372151363141469, 0.5182707591306205, 0.1321397693125417, -0.411009137509895, 0.4602833150139139, 0.6108189547832605, 3.116594858147696, 2.523881888919256, 1.384819291458851, 2.835237745312117, 1.0]"
External A,train,HetCD_mixneg__F13316,HetCD_mixneg/HetCD_mixneg__F13316.png,HetCD_mixneg,ST003127,PR001944,Thermo Q Exactive Orbitrap,Thermo Exactive Orbitrap,"Imtakt Cadenza CD-C18 (150 × 2.1 mm, 3 µm)",Reversed phase,negative,DG07,1,1,"[[225.11235955056188, 84.35990338164245, 283.5393258426967, 403.75925925925924]]","[2.2727227111825736, 0.9972807071991469, 1.7360584464043023, 0.2130583190584921, 0.2703416750417224, -1.525548328217096, 0.9671515486327288, 2.352679218098781, 0.5520821942703217, 5.590344922685617, 0.243039876666258, 4.612981221500963, 0.9655172413793104]"
External A,train,HetCD_mixneg__F13346,HetCD_mixneg/HetCD_mixneg__F13346.png,HetCD_mixneg,ST003127,PR001944,Thermo Q Exactive Orbitrap,Thermo Exactive Orbitrap,"Imtakt Cadenza CD-C18 (150 × 2.1 mm, 3 µm)",Reversed phase,negative,DG07,1,1,"[[241.96629213483138, 84.35990338164247, 266.68539325842687, 403.75925925925924]]","[3.347698610241222, 1.256505600856469, 0.9401462070626878, 0.4155077069071344, 0.1516537529597668, -1.2150083923059218, 0.735659606150169, 1.7553101083957938, 1.9184108131631248, 4.163801823983514, 0.5270088610195173, 3.6066704221476944, 0.7567567567567568]"
External A,train,HetCD_mixneg__F13368,HetCD_mixneg/HetCD_mixneg__F13368.png,HetCD_mixneg,ST003127,PR001944,Thermo Q Exactive Orbitrap,Thermo Exactive Orbitrap,"Imtakt Cadenza CD-C18 (150 × 2.1 mm, 3 µm)",Reversed phase,negative,DG07,0,0,[],"[3.8826707050625777, 0.3275694958072286, 0.1067318078210392, 0.0553486035966253, 0.0019836678557616, -1.255318117546267, 0.914452215082184, 1.2157824518091969, -0.9897579172342572, 9.744986351629638, 0.1989183168150476, 6.558454616495931, 1.267027027027027]"
External A,train,HetCD_mixneg__F134,HetCD_mixneg/HetCD_mixneg__F134.png,HetCD_mixneg,ST003127,PR001944,Thermo Q Exactive Orbitrap,Thermo Exactive Orbitrap,"Imtakt Cadenza CD-C18 (150 × 2.1 mm, 3 µm)",Reversed phase,negative,DG07,0,0,[],"[2.6997804906981853, 0.4865791818941435, 0.2891163929642387, 0.063268976208319, 0.0325244692941651, -0.3503589450399395, 0.8555938854791747, 0.5548391738133462, 1.1018615576558564, 6.573211301411639, 0.5311917296458935, 5.989574581860458, 1.30188679245283]"
External A,train,HetCD_mixneg__F13414,HetCD_mixneg/HetCD_mixneg__F13414.png,HetCD_mixneg,ST003127,PR001944,Thermo Q Exactive Orbitrap,Thermo Exactive Orbitrap,"Imtakt Cadenza CD-C18 (150 × 2.1 mm, 3 µm)",Reversed phase,negative,DG07,0,0,[],"[2.688609748544191, 1.3465399403347045, 0.3010636376776442, 0.3636420984285864, 0.0194640955704519, -0.3275105449731901, 0.8494104887148692, 0.7168106505554696, 1.0969348935116396, 4.898719107204107, 1.2912603191854186, 2.864392763980376, 1.0256410256410255]"
External A,train,HetCD_mixneg__F13531,HetCD_mixneg/HetCD_mixneg__F13531.png,HetCD_mixneg,ST003127,PR001944,Thermo Q Exactive Orbitrap,Thermo Exactive Orbitrap,"Imtakt Cadenza CD-C18 (150 × 2.1 mm, 3 µm)",Reversed phase,negative,DG07,0,0,[],"[2.937061792937306, 1.0901387856338014, 0.5150033662220775, 0.3224058954118515, 0.0468742408208349, -0.3584726384753989, 0.6788493163197873, 0.49175241698512, 0.7009317294931365, 4.031191520818289, 1.251316506432514, 2.984907891213405, 1.2352941176470589]"
External A,train,HetCD_mixneg__F13537,HetCD_mixneg/HetCD_mixneg__F13537.png,HetCD_mixneg,ST003127,PR001944,Thermo Q Exactive Orbitrap,Thermo Exactive Orbitrap,"Imtakt Cadenza CD-C18 (150 × 2.1 mm, 3 µm)",Reversed phase,negative,DG07,0,0,[],"[2.268884260908296, 0.9277389076673612, 0.3986773904426995, 0.1910221264165493, 0.0500602965821093, -0.4013566676094676, 0.7280302314453145, 0.857295958620083, 0.7020648800910155, 4.582906226404028, 0.8543860500554341, 4.019285186491508, 1.2]"
External A,train,HetCD_mixneg__F13574,HetCD_mixneg/HetCD_mixneg__F13574.png,HetCD_mixneg,ST003127,PR001944,Thermo Q Exactive Orbitrap,Thermo Exactive Orbitrap,"Imtakt Cadenza CD-C18 (150 × 2.1 mm, 3 µm)",Reversed phase,negative,DG07,1,1,"[[235.22471910112355, 84.35990338164248, 274.55056179775283, 403.75925925925924]]","[3.153708056647203, 1.6192499603369612, 1.4222901378805672, 0.4847724394968898, 0.11698900268936, -1.5811264658606043, 0.8158051898814624, 2.2798397833615933, 1.5555856116304485, 3.777056652169331, 0.3672375624662599, 2.5416597423097147, 0.4545454545454545]"
External A,train,HetCD_mixneg__F13590,HetCD_mixneg/HetCD_mixneg__F13590.png,HetCD_mixneg,ST003127,PR001944,Thermo Q Exactive Orbitrap,Thermo Exactive Orbitrap,"Imtakt Cadenza CD-C18 (150 × 2.1 mm, 3 µm)",Reversed phase,negative,DG07,1,1,"[[232.97752808988767, 84.35990338164251, 272.86516853932585, 403.75925925925924]]","[3.002850845250846, 1.1850321064560088, 1.775187411551076, 0.3577895495289037, 0.1778278345760111, -1.3987328210822787, 0.7506158952646984, 1.9779593001797684, 1.612929960309528, 3.947559573625469, 0.5026959889741304, 3.973447048424013, 0.7241379310344828]"
External A,train,HetCD_mixneg__F13631,HetCD_mixneg/HetCD_mixneg__F13631.png,HetCD_mixneg,ST003127,PR001944,Thermo Q Exactive Orbitrap,Thermo Exactive Orbitrap,"Imtakt Cadenza CD-C18 (150 × 2.1 mm, 3 µm)",Reversed phase,negative,DG07,1,2,"[[205.54044390885437, 84.3599033816425, 307.69662921348316, 403.75925925925924], [333.0685337964945, 273.6327790993482, 432.4157303370784, 403.75925925925924]]","[2.127144187255693, 0.9118995275867344, 1.6461999564356833, 0.1672791889394896, 0.3052405069220398, -2.357508892129901, 0.9854306834791576, 3.298313759202563, 0.6959701940859674, 5.230343098051448, 0.1252867652621247, 5.500138107159235, 0.7068965517241379]"
External A,train,HetCD_mixneg__F13802,HetCD_mixneg/HetCD_mixneg__F13802.png,HetCD_mixneg,ST003127,PR001944,Thermo Q Exactive Orbitrap,Thermo Exactive Orbitrap,"Imtakt Cadenza CD-C18 (150 × 2.1 mm, 3 µm)",Reversed phase,negative,DG07,0,0,[],"[1.887914592844216, 1.1328377549646715, 0.6774907568178387, 0.1957199402633882, 0.1253794471195373, 0.0123371295059011, 0.7752392324020018, 0.363784616979563, 1.1821556204315853, 2.337417969504284, 1.4830567701047772, 2.5219280948873624, 1.2]"
External A,train,HetCD_mixneg__F13830,HetCD_mixneg/HetCD_mixneg__F13830.png,HetCD_mixneg,ST003127,PR001944,Thermo Q Exactive Orbitrap,Thermo Exactive Orbitrap,"Imtakt Cadenza CD-C18 (150 × 2.1 mm, 3 µm)",Reversed phase,negative,DG07,1,1,"[[213.8764044943821, 84.35990338164248, 271.179775280899, 403.75925925925924]]","[2.188068429837285, 0.7976356745529835, 1.2086139866611354, 0.1375568779693424, 0.3613937593921934, -1.0445336346144858, 1.087630413680563, 1.7276807683766038, 0.3252909984195899, 4.925415710038173, 0.3662085604903475, 4.680090318263435, 1.1555555555555554]"
External A,train,HetCD_mixneg__F13882,HetCD_mixneg/HetCD_mixneg__F13882.png,HetCD_mixneg,ST003127,PR001944,Thermo Q Exactive Orbitrap,Thermo Exactive Orbitrap,"Imtakt Cadenza CD-C18 (150 × 2.1 mm, 3 µm)",Reversed phase,negative,DG07,0,0,[],"[2.7172931793594794, 1.0510908486294537, 0.8516051423401976, 0.2851207693037447, 0.2101971149163392, -1.0062994604784694, 0.9782036292325568, 1.5978916930484135, 0.8637724090507716, 5.5349074357459145, 0.5331261081541164, 4.605145932375627, 1.188235294117647]"
External A,train,HetCD_mixneg__F13886,HetCD_mixneg/HetCD_mixneg__F13886.png,HetCD_mixneg,ST003127,PR001944,Thermo Q Exactive Orbitrap,Thermo Exactive Orbitrap,"Imtakt Cadenza CD-C18 (150 × 2.1 mm, 3 µm)",Reversed phase,negative,DG07,0,0,[],"[2.0488292241219, 0.9070702683177984, 1.341315960366276, 0.1550978807146358, 0.359448633961436, -1.042320751821764, 1.065667692129518, 1.7894869775537856, 0.4338049443217632, 4.376224806769915, 0.3763153865017626, 4.248365046750903, 1.1176470588235294]"
External A,train,HetCD_mixneg__F13895,HetCD_mixneg/HetCD_mixneg__F13895.png,HetCD_mixneg,ST003127,PR001944,Thermo Q Exactive Orbitrap,Thermo Exactive Orbitrap,"Imtakt Cadenza CD-C18 (150 × 2.1 mm, 3 µm)",Reversed phase,negative,DG07,0,0,[],"[2.443644977367313, 0.9164424515715888, 0.4972902446386643, 0.2094426252691477, 0.1092977558283755, -0.353257674436559, 0.7139554423147869, 0.6938052328103005, 0.7035591779208746, 3.917455723924473, 1.0785965464040266, 3.603856189774724, 1.36]"
External A,train,HetCD_mixneg__F13904,HetCD_mixneg/HetCD_mixneg__F13904.png,HetCD_mixneg,ST003127,PR001944,Thermo Q Exactive Orbitrap,Thermo Exactive Orbitrap,"Imtakt Cadenza CD-C18 (150 × 2.1 mm, 3 µm)",Reversed phase,negative,DG07,0,0,[],"[1.23435254649298, 1.2247675896862036, 0.9655431123940718, 0.0989541947518754, 0.4979521757156952, -0.2272438517072615, 0.7727271477291886, 1.344917972381479, 0.608749943454132, 0.9999839431065242, 1.2558974965956171, 1.3709505944546687, 0.6]"
External A,train,HetCD_mixneg__F13912,HetCD_mixneg/HetCD_mixneg__F13912.png,HetCD_mixneg,ST003127,PR001944,Thermo Q Exactive Orbitrap,Thermo Exactive Orbitrap,"Imtakt Cadenza CD-C18 (150 × 2.1 mm, 3 µm)",Reversed phase,negative,DG07,1,1,"[[226.797752808989, 84.35990338164248, 294.2134831460671, 403.75925925925924]]","[2.004065836003712, 0.6509313617436461, 1.1347944384585755, 0.0615484701128335, 0.3430144965699755, -0.7942477403881585, 1.024060261109514, 1.3551874321202977, 0.1801194825750028, 4.370620096161778, 0.4187872337805007, 4.3104430577190245, 1.3703703703703705]"
External A,train,HetCD_mixneg__F13957,HetCD_mixneg/HetCD_mixneg__F13957.png,HetCD_mixneg,ST003127,PR001944,Thermo Q Exactive Orbitrap,Thermo Exactive Orbitrap,"Imtakt Cadenza CD-C18 (150 × 2.1 mm, 3 µm)",Reversed phase,negative,DG07,0,0,[],"[2.8369516116369344, 1.0257099158419576, 0.695080950808904, 0.2911344767800672, 0.0926800522059549, -0.3112716254402412, 0.3817346918124279, 0.4262027245405462, 0.9396445314318568, 3.481242188169785, 1.37528344565028, 2.938540041208245, 1.238095238095238]"
External A,train,HetCD_mixneg__F13962,HetCD_mixneg/HetCD_mixneg__F13962.png,HetCD_mixneg,ST003127,PR001944,Thermo Q Exactive Orbitrap,Thermo Exactive Orbitrap,"Imtakt Cadenza CD-C18 (150 × 2.1 mm, 3 µm)",Reversed phase,negative,DG07,0,0,[],"[2.6402690551217685, 0.8135887567616655, 0.6298487616984704, 0.1970175880914211, 0.1351311981856529, -0.373691812742379, 0.4213581357983781, 0.2045939851991383, 1.253291280264215, 3.38742510982369, 0.9458220065008888, 3.5898980954642865, 1.2]"
External A,train,HetCD_mixneg__F13982,HetCD_mixneg/HetCD_mixneg__F13982.png,HetCD_mixneg,ST003127,PR001944,Thermo Q Exactive Orbitrap,Thermo Exactive Orbitrap,"Imtakt Cadenza CD-C18 (150 × 2.1 mm, 3 µm)",Reversed phase,negative,DG07,0,0,[],"[2.09283540250718, 1.3268003118352178, 0.4401219846578073, 0.2760910784377484, 0.0566179104888938, -0.0616945887010991, 0.6737785019687983, 0.3713241808149536, 0.914462765514842, 3.204438029073355, 1.5923021341953814, 2.3640054628542204, 1.2083333333333333]"
External A,train,HetCD_mixneg__F13985,HetCD_mixneg/HetCD_mixneg__F13985.png,HetCD_mixneg,ST003127,PR001944,Thermo Q Exactive Orbitrap,Thermo Exactive Orbitrap,"Imtakt Cadenza CD-C18 (150 × 2.1 mm, 3 µm)",Reversed phase,negative,DG07,0,0,[],"[2.5040443574529045, 1.1689916228167334, 0.2392832090170904, 0.2930537839317381, 0.0333625608639882, -0.2949050542067989, 0.7775308943400555, 0.6469775435160906, 1.0120952712631204, 4.9309508674871525, 1.2000782494208349, 3.413443418843945, 1.1384615384615384]"
External A,train,HetCD_mixneg__F1399,HetCD_mixneg/HetCD_mixneg__F1399.png,HetCD_mixneg,ST003127,PR001944,Thermo Q Exactive Orbitrap,Thermo Exactive Orbitrap,"Imtakt Cadenza CD-C18 (150 × 2.1 mm, 3 µm)",Reversed phase,negative,DG07,0,0,[],"[2.255369472402954, 1.1621381564122193, 0.384113607935563, 0.2578046364211293, 0.0764357478916576, -0.2221788075942888, 0.8003444937884595, 0.6058745092251012, 0.5096474297272877, 4.051640785985774, 1.2032862286245862, 2.7679626219079547, 1.0]"
External A,train,HetCD_mixneg__F140,HetCD_mixneg/HetCD_mixneg__F140.png,HetCD_mixneg,ST003127,PR001944,Thermo Q Exactive Orbitrap,Thermo Exactive Orbitrap,"Imtakt Cadenza CD-C18 (150 × 2.1 mm, 3 µm)",Reversed phase,negative,DG07,0,0,[],"[4.519385301312031, 0.6474800136923591, 0.2055416848046097, 0.2929437124608126, 0.0035456676348762, -0.8266520735907316, 0.7642665615730068, 0.7335653743255024, 0.4888369055848523, 8.452685481758737, 0.643225574944526, 5.919692900579375, 1.3015184381778742]"
External A,train,HetCD_mixneg__F14045,HetCD_mixneg/HetCD_mixneg__F14045.png,HetCD_mixneg,ST003127,PR001944,Thermo Q Exactive Orbitrap,Thermo Exactive Orbitrap,"Imtakt Cadenza CD-C18 (150 × 2.1 mm, 3 µm)",Reversed phase,negative,DG07,1,1,"[[247.02247191011224, 84.35990338164248, 272.8651685393257, 403.75925925925924]]","[1.884198477019256, 1.0012649442359909, 1.2733021227289465, 0.1593538858797724, 0.2916736413351723, -0.604396966652121, 0.4750727359859206, 1.129158222697683, 0.8251536817329009, 2.1468634309253707, 1.0013521169478432, 2.4056390622295662, 0.5]"
External A,train,HetCD_mixneg__F14055,HetCD_mixneg/HetCD_mixneg__F14055.png,HetCD_mixneg,ST003127,PR001944,Thermo Q Exactive Orbitrap,Thermo Exactive Orbitrap,"Imtakt Cadenza CD-C18 (150 × 2.1 mm, 3 µm)",Reversed phase,negative,DG07,0,0,[],"[1.394363436503658, 0.7498745456937607, 0.3077295546728448, 0.0097902201107151, 0.1163375314036843, -0.5033653066437114, 0.9541228348897706, 1.265391405751165, -0.0982273207176087, 4.198690266769398, 0.5265775319320126, 3.952980670518905, 1.0740740740740742]"
External A,train,HetCD_mixneg__F14091,HetCD_mixneg/HetCD_mixneg__F14091.png,HetCD_mixneg,ST003127,PR001944,Thermo Q Exactive Orbitrap,Thermo Exactive Orbitrap,"Imtakt Cadenza CD-C18 (150 × 2.1 mm, 3 µm)",Reversed phase,negative,DG07,0,0,[],"[2.5677915201701937, 1.230525008735606, 0.8064834123315742, 0.3180353223563998, 0.0665204734839207, -0.0650227346149809, 0.4444821518675252, -0.0337261831734798, 1.3722401684494754, 2.566783705029332, 1.8798112937286, 2.507380102423636, 1.3846153846153846]"
External A,train,HetCD_mixneg__F14143,HetCD_mixneg/HetCD_mixneg__F14143.png,HetCD_mixneg,ST003127,PR001944,Thermo Q Exactive Orbitrap,Thermo Exactive Orbitrap,"Imtakt Cadenza CD-C18 (150 × 2.1 mm, 3 µm)",Reversed phase,negative,DG07,0,0,[],"[4.277057425792077, 2.1241921283953493, 1.7405098209546117, 0.70265846901282, 0.0822116052643939, -0.6670849096210267, 0.3336799536695964, 0.8149261419101842, 3.782253064286762, 2.585236886069705, 1.5711754027200866, 1.965767807819221, 1.0]"
External A,train,HetCD_mixneg__F14239,HetCD_mixneg/HetCD_mixneg__F14239.png,HetCD_mixneg,ST003127,PR001944,Thermo Q Exactive Orbitrap,Thermo Exactive Orbitrap,"Imtakt Cadenza CD-C18 (150 × 2.1 mm, 3 µm)",Reversed phase,negative,DG07,1,1,"[[230.7303370786518, 84.35990338164251, 305.4494382022473, 403.75925925925924]]","[2.93820821370408, 1.678293087878462, 2.1067786149928787, 0.4721107084777177, 0.1628443376551284, -1.9625581974115125, 0.4758970268127624, 2.827649208759624, 1.680163400215863, 3.3585680319518456, 0.3644065431806221, 2.545152197198949, 0.2352941176470588]"
External A,train,HetCD_mixneg__F14281,HetCD_mixneg/HetCD_mixneg__F14281.png,HetCD_mixneg,ST003127,PR001944,Thermo Q Exactive Orbitrap,Thermo Exactive Orbitrap,"Imtakt Cadenza CD-C18 (150 × 2.1 mm, 3 µm)",Reversed phase,negative,DG07,0,0,[],"[2.175814034951176, 1.0964757523761408, 0.5234700804595254, 0.2286219836822421, 0.0668205954717265, -0.4464167881277157, 0.8814206103978579, 1.0830219333146152, 0.659070392277868, 4.210187485907204, 1.0088652857458502, 3.220068302234069, 0.868421052631579]"
External A,train,HetCD_mixneg__F14342,HetCD_mixneg/HetCD_mixneg__F14342.png,HetCD_mixneg,ST003127,PR001944,Thermo Q Exactive Orbitrap,Thermo Exactive Orbitrap,"Imtakt Cadenza CD-C18 (150 × 2.1 mm, 3 µm)",Reversed phase,negative,DG07,1,1,"[[219.95147130289723, 84.35990338164248, 367.5946621141759, 403.75925925925924]]","[2.694015383820543, 1.3473481153969102, 2.1220011771848544, 0.3645300352375252, 0.1967159125385229, -2.3086450247222454, 0.7149226507993873, 3.225149456909809, 1.312860948559453, 4.592854135020422, 0.1983531685159347, 4.773043983484692, 0.6296296296296297]"
External A,train,HetCD_mixneg__F14356,HetCD_mixneg/HetCD_mixneg__F14356.png,HetCD_mixneg,ST003127,PR001944,Thermo Q Exactive Orbitrap,Thermo Exactive Orbitrap,"Imtakt Cadenza CD-C18 (150 × 2.1 mm, 3 µm)",Reversed phase,negative,DG07,1,1,"[[233.03240722848582, 84.3599033816425, 293.6516853932585, 403.75925925925924]]","[2.0963539996880383, 0.883503187550943, 1.3850293485747218, 0.1541401495918268, 0.2711454758239512, -1.3472930170984478, 1.0257105032238554, 2.160748391477705, 0.6763712174786121, 4.979077034860119, 0.3021749565318513, 4.732683702301461, 0.979591836734694]"
External A,train,HetCD_mixneg__F14407,HetCD_mixneg/HetCD_mixneg__F14407.png,HetCD_mixneg,ST003127,PR001944,Thermo Q Exactive Orbitrap,Thermo Exactive Orbitrap,"Imtakt Cadenza CD-C18 (150 × 2.1 mm, 3 µm)",Reversed phase,negative,DG07,0,0,[],"[1.765929486948995, 0.980400653505589, 0.4364780724079862, 0.1353423384237542, 0.0624501816106686, 0.0196754935239126, 0.6894673988977849, 0.2854736843696154, 0.135137332297214, 3.1431972487701447, 1.3411226942698566, 2.6756981353679867, 1.2941176470588236]"
External A,train,HetCD_mixneg__F14433,HetCD_mixneg/HetCD_mixneg__F14433.png,HetCD_mixneg,ST003127,PR001944,Thermo Q Exactive Orbitrap,Thermo Exactive Orbitrap,"Imtakt Cadenza CD-C18 (150 × 2.1 mm, 3 µm)",Reversed phase,negative,DG07,0,1,"[[310.505617977528, 84.3599033816425, 327.35955056179773, 403.75925925925924]]","[2.1113764046834063, 0.9983869068407628, 0.1604635515153992, 0.1914469003643409, 0.0159560606853861, -0.340489853324027, 0.8045855674299955, 0.6461652625238513, 0.3022743546144723, 3.640753322799023, 0.9519605724729104, 2.999389675512395, 1.0833333333333333]"
External A,train,HetCD_mixneg__F14471,HetCD_mixneg/HetCD_mixneg__F14471.png,HetCD_mixneg,ST003127,PR001944,Thermo Q Exactive Orbitrap,Thermo Exactive Orbitrap,"Imtakt Cadenza CD-C18 (150 × 2.1 mm, 3 µm)",Reversed phase,negative,DG07,1,1,"[[235.22471910112336, 84.35990338164248, 270.05617977528107, 403.75925925925924]]","[1.9102906664657904, 1.0457280603214183, 0.8839241474644958, 0.175750139287544, 0.2830441851943607, -1.1370376496116663, 0.8544018982944919, 2.042967346125007, 0.4654658766961154, 3.475509675546044, 0.3987131062538847, 2.8585552118703133, 0.5454545454545454]"
External A,train,HetCD_mixneg__F14546,HetCD_mixneg/HetCD_mixneg__F14546.png,HetCD_mixneg,ST003127,PR001944,Thermo Q Exactive Orbitrap,Thermo Exactive Orbitrap,"Imtakt Cadenza CD-C18 (150 × 2.1 mm, 3 µm)",Reversed phase,negative,DG07,0,0,[],"[1.443339601763571, 0.6606309781589783, 0.7689711424189795, -0.010213278070706, 0.4913968174720662, -0.3575974899102895, 1.079394543238431, 0.9051657369312736, -0.5080985505896934, 3.1112050058272653, 0.6528517540416073, 3.188721875540867, 1.0833333333333333]"
External A,train,HetCD_mixneg__F14660,HetCD_mixneg/HetCD_mixneg__F14660.png,HetCD_mixneg,ST003127,PR001944,Thermo Q Exactive Orbitrap,Thermo Exactive Orbitrap,"Imtakt Cadenza CD-C18 (150 × 2.1 mm, 3 µm)",Reversed phase,negative,DG07,0,0,[],"[3.051493683553922, 0.978229789548138, 0.6091854842817628, 0.2994050895198561, 0.0742210875368573, -0.6454624464835924, 0.4178528929959749, 1.0656861034474352, 0.9400386029312896, 3.804166248197885, 0.8583052549443712, 3.2350849518197786, 0.88]"
External A,train,HetCD_mixneg__F14754,HetCD_mixneg/HetCD_mixneg__F14754.png,HetCD_mixneg,ST003127,PR001944,Thermo Q Exactive Orbitrap,Thermo Exactive Orbitrap,"Imtakt Cadenza CD-C18 (150 × 2.1 mm, 3 µm)",Reversed phase,negative,DG07,0,0,[],"[1.9080050796824413, 0.311277335585698, 0.6045630676745969, -0.0985638196078881, 0.37582637462461, -0.4296832139595877, 0.3686706166760889, 0.2304142885751089, 0.6000533574185977, 3.100921560933488, 0.3941060829138026, 3.169925001442312, 1.3333333333333333]"
External A,train,HetCD_mixneg__F14780,HetCD_mixneg/HetCD_mixneg__F14780.png,HetCD_mixneg,ST003127,PR001944,Thermo Q Exactive Orbitrap,Thermo Exactive Orbitrap,"Imtakt Cadenza CD-C18 (150 × 2.1 mm, 3 µm)",Reversed phase,negative,DG07,0,0,[],"[2.5242899501827347, 1.147524537759488, 0.3478808674202399, 0.2896652659867214, 0.0248502901760623, -0.3265696912477173, 0.7189443734373341, 0.6630583963162603, 0.9558383947441036, 4.712404226397782, 1.2427976840604995, 3.377515483130689, 1.2]"
External A,train,HetCD_mixneg__F14883,HetCD_mixneg/HetCD_mixneg__F14883.png,HetCD_mixneg,ST003127,PR001944,Thermo Q Exactive Orbitrap,Thermo Exactive Orbitrap,"Imtakt Cadenza CD-C18 (150 × 2.1 mm, 3 µm)",Reversed phase,negative,DG07,1,2,"[[233.53932584269657, 84.35990338164248, 289.7191011235958, 403.75925925925924], [71.17977528089881, 360.2359517645907, 84.10112359550553, 403.75925925925924]]","[2.526561785646865, 1.602034366819944, 1.3338659029427329, 0.4020582752514206, 0.2072274293480392, -1.7866804857546883, 0.4433366114937971, 2.770108373853888, 1.4409327774907366, 2.990066912242102, 0.4038111048400193, 1.9509447834774083, 0.1538461538461538]"
External A,train,HetCD_mixneg__F1490,HetCD_mixneg/HetCD_mixneg__F1490.png,HetCD_mixneg,ST003127,PR001944,Thermo Q Exactive Orbitrap,Thermo Exactive Orbitrap,"Imtakt Cadenza CD-C18 (150 × 2.1 mm, 3 µm)",Reversed phase,negative,DG07,0,0,[],"[2.003633095201306, 0.9594922966003494, 0.5810669734494996, 0.1647201433178164, 0.1457947746651419, -0.439109033973011, 0.910850432332418, 0.9524105695523064, 0.3061335425055051, 3.642960454389297, 0.9187893551213128, 2.9922888713233777, 1.0434782608695652]"
External A,train,HetCD_mixneg__F15226,HetCD_mixneg/HetCD_mixneg__F15226.png,HetCD_mixneg,ST003127,PR001944,Thermo Q Exactive Orbitrap,Thermo Exactive Orbitrap,"Imtakt Cadenza CD-C18 (150 × 2.1 mm, 3 µm)",Reversed phase,negative,DG07,1,2,"[[211.6292134831462, 84.35990338164248, 320.0561797752811, 403.75925925925924], [344.21348314606735, 346.6502401332155, 385.78651685393254, 403.75925925925924]]","[2.3378271979204537, 1.1759080634384602, 1.6876122068223314, 0.2728935366414391, 0.2199470794478482, -2.075119448352822, 0.8235396123940406, 3.030922686694715, 1.1314714116799798, 4.422412427789446, 0.2076861253221693, 4.047125942869389, 0.5581395348837209]"
External A,train,HetCD_mixneg__F15327,HetCD_mixneg/HetCD_mixneg__F15327.png,HetCD_mixneg,ST003127,PR001944,Thermo Q Exactive Orbitrap,Thermo Exactive Orbitrap,"Imtakt Cadenza CD-C18 (150 × 2.1 mm, 3 µm)",Reversed phase,negative,DG07,1,1,"[[218.9325842696632, 84.35990338164248, 299.83146067415726, 403.75925925925924]]","[2.062179626892396, 1.0354033577822797, 1.90340548002149, 0.1952335523709349, 0.3621183450455155, -1.541025132932126, 0.779556319254251, 2.456622946758994, 0.8361186437298107, 3.7699539034112592, 0.3501428247131918, 4.101227480952955, 0.5416666666666666]"
External A,train,HetCD_mixneg__F15446,HetCD_mixneg/HetCD_mixneg__F15446.png,HetCD_mixneg,ST003127,PR001944,Thermo Q Exactive Orbitrap,Thermo Exactive Orbitrap,"Imtakt Cadenza CD-C18 (150 × 2.1 mm, 3 µm)",Reversed phase,negative,DG07,0,0,[],"[2.6367298093548315, 0.93440724927574, 0.7878656838017601, 0.238520235412094, 0.0787359622911614, -0.3883700799146831, 0.6131364266495781, 0.5868011804921373, 0.8622546696816158, 3.2212793065238663, 0.9591843835740494, 2.7806390622295662, 1.125]"
External A,train,HetCD_mixneg__F15583,HetCD_mixneg/HetCD_mixneg__F15583.png,HetCD_mixneg,ST003127,PR001944,Thermo Q Exactive Orbitrap,Thermo Exactive Orbitrap,"Imtakt Cadenza CD-C18 (150 × 2.1 mm, 3 µm)",Reversed phase,negative,DG07,1,1,"[[240.84269662921372, 84.35990338164247, 274.55056179775255, 403.75925925925924]]","[2.5347981194299902, 1.0320018878391366, 1.3521849420944934, 0.2571883907153304, 0.3209334149700022, -1.7578526854306151, 0.5334662249949691, 2.6025826089328525, 1.0423105970276831, 4.070145997932281, 0.3080221234050422, 3.799581230646065, 0.6666666666666666]"
External A,train,HetCD_mixneg__F15617,HetCD_mixneg/HetCD_mixneg__F15617.png,HetCD_mixneg,ST003127,PR001944,Thermo Q Exactive Orbitrap,Thermo Exactive Orbitrap,"Imtakt Cadenza CD-C18 (150 × 2.1 mm, 3 µm)",Reversed phase,negative,DG07,0,0,[],"[1.1790583111971775, 0.0462412621758427, 1.1824307832616243, -0.2779747033450536, 1.0, -0.0946501130501099, -0.1985339430808975, -1.3554210858852065, -0.3171745085752674, 1.5834161672544729, 0.0877995085480205, 1.584962500721156, 0.6666666666666666]"
External A,train,HetCD_mixneg__F15664,HetCD_mixneg/HetCD_mixneg__F15664.png,HetCD_mixneg,ST003127,PR001944,Thermo Q Exactive Orbitrap,Thermo Exactive Orbitrap,"Imtakt Cadenza CD-C18 (150 × 2.1 mm, 3 µm)",Reversed phase,negative,DG07,1,1,"[[220.05617977528115, 84.3599033816425, 303.76404494382, 403.75925925925924]]","[2.101005565299152, 1.084684107000608, 1.9343170761872464, 0.2147017979979052, 0.3396862351610596, -1.88355910877704, 0.5468787240835398, 2.896367513509765, 0.7797886597672784, 3.6348843904722647, 0.2977019983017022, 3.584962500721156, 0.375]"
External A,train,HetCD_mixneg__F15720,HetCD_mixneg/HetCD_mixneg__F15720.png,HetCD_mixneg,ST003127,PR001944,Thermo Q Exactive Orbitrap,Thermo Exactive Orbitrap,"Imtakt Cadenza CD-C18 (150 × 2.1 mm, 3 µm)",Reversed phase,negative,DG07,0,0,[],"[1.9973017244318465, 0.5825151240687328, 0.3578666830302411, 0.0341185655394296, 0.0710937431489753, -0.830959796604322, 1.0454838077776665, 1.3554337828927048, -0.3095247506785892, 6.326430587847871, 0.3663870354129868, 5.877413424949837, 1.316831683168317]"
External A,train,HetCD_mixneg__F15841,HetCD_mixneg/HetCD_mixneg__F15841.png,HetCD_mixneg,ST003127,PR001944,Thermo Q Exactive Orbitrap,Thermo Exactive Orbitrap,"Imtakt Cadenza CD-C18 (150 × 2.1 mm, 3 µm)",Reversed phase,negative,DG07,0,0,[],"[2.537105060312356, 1.024470667574917, 0.543557409065136, 0.2551747434421694, 0.0581792869030723, -0.6685815970010623, 0.6461385514700352, 1.1695816062748097, 0.7020914870152491, 3.885517178764245, 0.8042707156434495, 3.2709424217485377, 0.8928571428571429]"
External A,train,HetCD_mixneg__F15912,HetCD_mixneg/HetCD_mixneg__F15912.png,HetCD_mixneg,ST003127,PR001944,Thermo Q Exactive Orbitrap,Thermo Exactive Orbitrap,"Imtakt Cadenza CD-C18 (150 × 2.1 mm, 3 µm)",Reversed phase,negative,DG07,0,0,[],"[1.9199972621189467, 0.7043096875687976, 0.4409420685436228, 0.0704576674039143, 0.0994589968674181, -0.1245924121946857, 0.7018318721448851, 0.3084018250302662, 0.3217202489822819, 3.5795530075693947, 0.9982655176707438, 3.75, 1.25]"
External A,train,HetCD_mixneg__F15934,HetCD_mixneg/HetCD_mixneg__F15934.png,HetCD_mixneg,ST003127,PR001944,Thermo Q Exactive Orbitrap,Thermo Exactive Orbitrap,"Imtakt Cadenza CD-C18 (150 × 2.1 mm, 3 µm)",Reversed phase,negative,DG07,0,0,[],"[4.696998215326685, 1.0056424145070313, 2.086682179628396, 0.4566317390065296, 0.0493443558036996, -0.7083514782393091, 0.2585826495857807, 0.6894438967367383, 4.573862153017752, 4.1978031798738975, 0.6115329447926869, 3.605388542207534, 1.3333333333333333]"
External A,train,HetCD_mixneg__F1600,HetCD_mixneg/HetCD_mixneg__F1600.png,HetCD_mixneg,ST003127,PR001944,Thermo Q Exactive Orbitrap,Thermo Exactive Orbitrap,"Imtakt Cadenza CD-C18 (150 × 2.1 mm, 3 µm)",Reversed phase,negative,DG07,0,0,[],"[2.3498678017734416, 0.6362562230128408, 0.2255949353753526, 0.096061095701176, 0.0183511665798945, -0.5072682759267023, 0.799379048264283, 0.842856560404116, -0.1291958290043242, 6.06478882513248, 0.6492830878393633, 5.323279217142931, 1.0786516853932584]"
External A,train,HetCD_mixneg__F16007,HetCD_mixneg/HetCD_mixneg__F16007.png,HetCD_mixneg,ST003127,PR001944,Thermo Q Exactive Orbitrap,Thermo Exactive Orbitrap,"Imtakt Cadenza CD-C18 (150 × 2.1 mm, 3 µm)",Reversed phase,negative,DG07,1,1,"[[208.258426966292, 84.35990338164251, 349.26966292134813, 403.75925925925924]]","[2.303545857591003, 0.8899566150940353, 1.805864413453288, 0.183277799619361, 0.3298940390213819, -1.398820429761879, 0.8487150898517537, 2.155981207704699, 0.6344692643873536, 4.045537990002591, 0.3153050084503255, 4.026986833359286, 0.5769230769230769]"
External A,train,HetCD_mixneg__F1612,HetCD_mixneg/HetCD_mixneg__F1612.png,HetCD_mixneg,ST003127,PR001944,Thermo Q Exactive Orbitrap,Thermo Exactive Orbitrap,"Imtakt Cadenza CD-C18 (150 × 2.1 mm, 3 µm)",Reversed phase,negative,DG07,0,0,[],"[2.0546703285484043, 1.0511680929525484, 0.6383061736217684, 0.1986301338721138, 0.2655667098093334, -0.4395861684836691, 0.6957465893599676, 0.9884201150971922, 0.8129723720305182, 2.649171944412451, 0.7784587189494155, 2.617492461184755, 1.0]"
External A,train,HetCD_mixneg__F16124,HetCD_mixneg/HetCD_mixneg__F16124.png,HetCD_mixneg,ST003127,PR001944,Thermo Q Exactive Orbitrap,Thermo Exactive Orbitrap,"Imtakt Cadenza CD-C18 (150 × 2.1 mm, 3 µm)",Reversed phase,negative,DG07,1,1,"[[237.47191011235924, 84.35990338164248, 261.62921348314575, 403.75925925925924]]","[1.972485997484572, 0.9215211590246788, 1.0266758615188851, 0.1488628424027907, 0.3346799462205411, -0.3855839907061821, 0.8300862075736468, 0.9033934531981952, 0.4090413485919766, 2.5132261981584434, 1.055196641845064, 2.5219280948873624, 0.9]"
External A,train,HetCD_mixneg__F16133,HetCD_mixneg/HetCD_mixneg__F16133.png,HetCD_mixneg,ST003127,PR001944,Thermo Q Exactive Orbitrap,Thermo Exactive Orbitrap,"Imtakt Cadenza CD-C18 (150 × 2.1 mm, 3 µm)",Reversed phase,negative,DG07,0,0,[],"[4.03417600628384, 1.222270099043254, 0.9667256584967866, 0.4720871427621463, 0.0439814612588228, -0.745709047920971, 0.7122360078838114, 0.91388864073165, 2.153948925915824, 4.143245607384039, 1.092221271537929, 3.6405482644925593, 1.3142857142857145]"
External A,train,HetCD_mixneg__F16142,HetCD_mixneg/HetCD_mixneg__F16142.png,HetCD_mixneg,ST003127,PR001944,Thermo Q Exactive Orbitrap,Thermo Exactive Orbitrap,"Imtakt Cadenza CD-C18 (150 × 2.1 mm, 3 µm)",Reversed phase,negative,DG07,0,0,[],"[1.9591072473142208, 0.9269234829233196, 0.3587202409333616, 0.1485937888622239, 0.0617381499608284, -0.3913247047267614, 0.7880888875362997, 1.0204808258431275, 0.5408734474348228, 4.204377856214541, 0.9105345845113176, 3.8826066023586927, 0.935483870967742]"
External A,train,HetCD_mixneg__F16204,HetCD_mixneg/HetCD_mixneg__F16204.png,HetCD_mixneg,ST003127,PR001944,Thermo Q Exactive Orbitrap,Thermo Exactive Orbitrap,"Imtakt Cadenza CD-C18 (150 × 2.1 mm, 3 µm)",Reversed phase,negative,DG07,1,2,"[[210.2793521886788, 84.3599033816425, 388.59550561797755, 403.75925925925924], [96.46067415730312, 332.42920914002997, 210.2793521886788, 403.75925925925924]]","[3.0936454623845733, 1.5649890293318924, 1.553462733812058, 0.4654959621958157, 0.1523542145166515, -2.48504095109713, 0.4479568326756151, 3.3862036724047297, 1.8813077935449924, 4.358490912877197, 0.2446295792078995, 4.6056337349799925, 0.8627450980392157]"
External A,train,HetCD_mixneg__F16270,HetCD_mixneg/HetCD_mixneg__F16270.png,HetCD_mixneg,ST003127,PR001944,Thermo Q Exactive Orbitrap,Thermo Exactive Orbitrap,"Imtakt Cadenza CD-C18 (150 × 2.1 mm, 3 µm)",Reversed phase,negative,DG07,0,0,[],"[2.393894339405589, 0.994104946872476, 0.5164775306047849, 0.2278587193551517, 0.0687168840439272, -0.2124041939493336, 0.8235555796542974, 0.4842043088473585, 0.6352974273039809, 3.4983415614746813, 1.188638870815232, 3.0337781364463403, 1.1904761904761905]"
External A,train,HetCD_mixneg__F16302,HetCD_mixneg/HetCD_mixneg__F16302.png,HetCD_mixneg,ST003127,PR001944,Thermo Q Exactive Orbitrap,Thermo Exactive Orbitrap,"Imtakt Cadenza CD-C18 (150 × 2.1 mm, 3 µm)",Reversed phase,negative,DG07,1,3,"[[220.49817053254503, 174.55078113866793, 344.2134831460674, 403.75925925925924], [101.25033253254472, 84.35990338164248, 220.49817053254503, 403.75925925925924], [48.14606741573015, 334.926270580049, 101.25033253254472, 403.75925925925924]]","[2.3556707002300623, 0.8699467159410011, 1.951959609204061, 0.1831712959977818, 0.266335051513398, -1.697275605503731, 0.4313746884350666, 2.5397371233085657, 1.1086861957148706, 3.6625194843411095, 0.3448985921052362, 4.058813890331201, 0.2222222222222222]"
External A,train,HetCD_mixneg__F16321,HetCD_mixneg/HetCD_mixneg__F16321.png,HetCD_mixneg,ST003127,PR001944,Thermo Q Exactive Orbitrap,Thermo Exactive Orbitrap,"Imtakt Cadenza CD-C18 (150 × 2.1 mm, 3 µm)",Reversed phase,negative,DG07,0,0,[],"[2.259199569319964, 0.7862024061918677, 0.4282761709371742, 0.1424188985018029, 0.045089482146987, -0.3612952024052117, 0.92327027726784, 0.7184042902866989, 0.3271734140354623, 4.095827556834651, 0.7678464176961705, 3.700439718141092, 1.1153846153846154]"
External A,train,HetCD_mixneg__F16363,HetCD_mixneg/HetCD_mixneg__F16363.png,HetCD_mixneg,ST003127,PR001944,Thermo Q Exactive Orbitrap,Thermo Exactive Orbitrap,"Imtakt Cadenza CD-C18 (150 × 2.1 mm, 3 µm)",Reversed phase,negative,DG07,0,0,[],"[2.805975428944281, 0.5928001002590303, 0.3185723020354897, 0.1244035487266848, 0.0200580354422162, -0.6166716495643162, 0.6351500793652386, 0.8093342810693933, 0.1628669484294116, 5.7698498055619805, 0.6047934462594978, 5.282243907394997, 1.2941176470588236]"
External A,train,HetCD_mixneg__F16419,HetCD_mixneg/HetCD_mixneg__F16419.png,HetCD_mixneg,ST003127,PR001944,Thermo Q Exactive Orbitrap,Thermo Exactive Orbitrap,"Imtakt Cadenza CD-C18 (150 × 2.1 mm, 3 µm)",Reversed phase,negative,DG07,1,2,"[[209.38202247191, 84.35990338164251, 289.829319148937, 403.75925925925924], [289.829319148937, 222.30427447088104, 354.8876404494383, 403.75925925925924]]","[1.677763802360294, 0.7065388889767003, 1.4124608723312602, 0.0385020108040579, 0.4436128496460718, -1.3785493821809072, 0.9593466167553856, 2.2269684651839894, -0.1287131106093971, 4.158870429426294, 0.2377706682617494, 4.179470570797252, 0.76]"
External A,train,HetCD_mixneg__F16473,HetCD_mixneg/HetCD_mixneg__F16473.png,HetCD_mixneg,ST003127,PR001944,Thermo Q Exactive Orbitrap,Thermo Exactive Orbitrap,"Imtakt Cadenza CD-C18 (150 × 2.1 mm, 3 µm)",Reversed phase,negative,DG07,0,0,[],"[2.275946993198239, 0.9265332345477996, 0.7954230796268957, 0.1915544795442194, 0.160974299447501, -0.4612771082908506, 0.4226951108894535, 0.991632623978574, 1.0232658908753332, 2.9916208649338136, 1.1672856098678406, 2.931208948910323, 1.0769230769230769]"
External A,train,HetCD_mixneg__F16506,HetCD_mixneg/HetCD_mixneg__F16506.png,HetCD_mixneg,ST003127,PR001944,Thermo Q Exactive Orbitrap,Thermo Exactive Orbitrap,"Imtakt Cadenza CD-C18 (150 × 2.1 mm, 3 µm)",Reversed phase,negative,DG07,1,3,"[[231.29213483146057, 151.66105344037567, 279.0449438202246, 403.75925925925924], [298.14606741573033, 114.85531739825231, 340.2808988764046, 403.75925925925924], [404.3258426966295, 84.35990338164248, 422.86516853932557, 403.75925925925924]]","[1.502407981338666, 0.3995684551436574, 0.6014952367237693, -0.0968245641769634, 0.5653541694324362, -0.2055823066025597, 0.6675282520781, 0.6962717163707142, 0.2544114190945922, 2.4682835116239783, 0.394946933078225, 2.584962500721156, 1.3333333333333333]"
External A,train,HetCD_mixneg__F16571,HetCD_mixneg/HetCD_mixneg__F16571.png,HetCD_mixneg,ST003127,PR001944,Thermo Q Exactive Orbitrap,Thermo Exactive Orbitrap,"Imtakt Cadenza CD-C18 (150 × 2.1 mm, 3 µm)",Reversed phase,negative,DG07,0,0,[],"[1.5025559461620883, 1.0411637979108457, 0.3029300116506871, 0.1079569335573061, 0.0697395412226341, 0.0419492376217066, 0.8786421031799536, 0.4239679405256867, 0.2093555916630473, 3.288580447070161, 1.3312164288783672, 2.660964047443681, 1.1]"
External A,train,HetCD_mixneg__F16599,HetCD_mixneg/HetCD_mixneg__F16599.png,HetCD_mixneg,ST003127,PR001944,Thermo Q Exactive Orbitrap,Thermo Exactive Orbitrap,"Imtakt Cadenza CD-C18 (150 × 2.1 mm, 3 µm)",Reversed phase,negative,DG07,0,0,[],"[1.6689437894412853, 1.1569171969988612, 0.7536184465506442, 0.1659605987087597, 0.3524956147596086, -0.3800115001494948, 0.7170304363361524, 1.0551668721292915, 0.5169198317416255, 1.9720659152955355, 0.9453229914556678, 1.8799649487271108, 0.5555555555555556]"
External A,train,HetCD_mixneg__F16605,HetCD_mixneg/HetCD_mixneg__F16605.png,HetCD_mixneg,ST003127,PR001944,Thermo Q Exactive Orbitrap,Thermo Exactive Orbitrap,"Imtakt Cadenza CD-C18 (150 × 2.1 mm, 3 µm)",Reversed phase,negative,DG07,1,1,"[[230.16853932584263, 84.35990338164248, 259.38202247190986, 403.75925925925924]]","[2.6978455536394765, 1.783622876537788, 0.8272012334974189, 0.4632910552887228, 0.220002773146331, -0.6252232492366061, 0.8219372991829041, 1.2599158032291342, 1.6519765948791856, 2.193147416927374, 0.8596900375060748, 1.497385205007079, 0.6666666666666666]"
External A,train,HetCD_mixneg__F1663,HetCD_mixneg/HetCD_mixneg__F1663.png,HetCD_mixneg,ST003127,PR001944,Thermo Q Exactive Orbitrap,Thermo Exactive Orbitrap,"Imtakt Cadenza CD-C18 (150 × 2.1 mm, 3 µm)",Reversed phase,negative,DG07,0,0,[],"[2.355601692693352, 0.971507897961033, 0.3404722669515586, 0.2159659552549418, 0.0231536730900727, -0.2266098985454001, 0.7937327747779928, 0.5271415012756779, 0.3066879053980169, 4.650987948643585, 1.0807756087479388, 3.4483430350708835, 1.1914893617021276]"
External A,train,HetCD_mixneg__F16635,HetCD_mixneg/HetCD_mixneg__F16635.png,HetCD_mixneg,ST003127,PR001944,Thermo Q Exactive Orbitrap,Thermo Exactive Orbitrap,"Imtakt Cadenza CD-C18 (150 × 2.1 mm, 3 µm)",Reversed phase,negative,DG07,1,1,"[[249.83146067415703, 84.3599033816425, 285.22471910112347, 403.7592592592593]]","[1.5766862176743757, 0.5030012581474048, 0.7294132338107375, -0.0474315036116435, 0.4329614377768189, -0.6469665192457311, 0.968880406088232, 1.073060764523059, -0.6895790345778415, 3.6371987469672535, 0.4753030688913365, 3.640223928941852, 1.0666666666666669]"
External A,train,HetCD_mixneg__F16652,HetCD_mixneg/HetCD_mixneg__F16652.png,HetCD_mixneg,ST003127,PR001944,Thermo Q Exactive Orbitrap,Thermo Exactive Orbitrap,"Imtakt Cadenza CD-C18 (150 × 2.1 mm, 3 µm)",Reversed phase,negative,DG07,1,1,"[[220.61797752808985, 337.1157375676758, 279.6067415730339, 403.75925925925924]]","[2.157660932013265, 0.9091089087538708, 1.1175797941190009, 0.1704888940047783, 0.2279508385217863, -1.1719611704349902, 0.9992308909092033, 1.9400004990404325, 0.4067617664738924, 4.943541524625743, 0.333470403180658, 4.337957569207379, 1.0980392156862746]"
External A,train,HetCD_mixneg__F16665,HetCD_mixneg/HetCD_mixneg__F16665.png,HetCD_mixneg,ST003127,PR001944,Thermo Q Exactive Orbitrap,Thermo Exactive Orbitrap,"Imtakt Cadenza CD-C18 (150 × 2.1 mm, 3 µm)",Reversed phase,negative,DG07,1,1,"[[227.9213483146066, 84.35990338164248, 276.2359550561799, 403.75925925925924]]","[2.712642372365603, 1.1047015184916535, 1.194852989571508, 0.300667224355742, 0.205542865288816, -1.3973796569512071, 0.8403410178073312, 2.099808024063626, 0.7915822585867648, 4.950083590727804, 0.307338076163061, 3.9507861060051273, 0.967741935483871]"
External A,train,HetCD_mixneg__F16695,HetCD_mixneg/HetCD_mixneg__F16695.png,HetCD_mixneg,ST003127,PR001944,Thermo Q Exactive Orbitrap,Thermo Exactive Orbitrap,"Imtakt Cadenza CD-C18 (150 × 2.1 mm, 3 µm)",Reversed phase,negative,DG07,1,2,"[[241.40449438202268, 84.3599033816425, 279.04494382022494, 403.75925925925924], [115.56179775280924, 250.6630453925768, 138.59550561797718, 403.75925925925924]]","[2.0736976888889886, 1.3455618507549787, 1.0934463317295682, 0.2776422721569569, 0.3458660534059238, -1.1357784813748042, 0.6311053540902003, 2.106054869197412, 0.8568028150108838, 2.547229791636179, 0.5053718000223719, 1.9237949406953985, 0.25]"
External A,train,HetCD_mixneg__F16700,HetCD_mixneg/HetCD_mixneg__F16700.png,HetCD_mixneg,ST003127,PR001944,Thermo Q Exactive Orbitrap,Thermo Exactive Orbitrap,"Imtakt Cadenza CD-C18 (150 × 2.1 mm, 3 µm)",Reversed phase,negative,DG07,0,0,[],"[8.687615714162334, 0.4393020377754554, 0.3882151863035951, 0.3817004226177698, 0.0038614546382813, -1.4416667235160807, 0.5411451490509576, 0.9051437925014392, 1.934453560661796, 8.701736604786436, 0.3499899326934398, 5.996267942720621, 1.3115468409586055]"
External A,train,HetCD_mixneg__F16720,HetCD_mixneg/HetCD_mixneg__F16720.png,HetCD_mixneg,ST003127,PR001944,Thermo Q Exactive Orbitrap,Thermo Exactive Orbitrap,"Imtakt Cadenza CD-C18 (150 × 2.1 mm, 3 µm)",Reversed phase,negative,DG07,1,2,"[[155.44943820224734, 228.89698654278473, 192.52808988764045, 403.75925925925924], [221.17977528089872, 84.35990338164247, 293.08988764044966, 403.75925925925924]]","[2.474557499274222, 1.150277084418356, 1.356134543906008, 0.2840274746441709, 0.2841186196112196, -1.564782867097691, 0.9316168895742528, 2.390075574938999, 1.0026960646338603, 3.847132155568258, 0.3538420914483757, 3.712488548614688, 0.6896551724137931]"
External A,train,HetCD_mixneg__F16784,HetCD_mixneg/HetCD_mixneg__F16784.png,HetCD_mixneg,ST003127,PR001944,Thermo Q Exactive Orbitrap,Thermo Exactive Orbitrap,"Imtakt Cadenza CD-C18 (150 × 2.1 mm, 3 µm)",Reversed phase,negative,DG07,0,0,[],"[6.0729317878992335, 1.0224017441417137, 0.689622254901094, 0.5568435871489789, 0.0086206704117852, -0.98359334761917, 0.3670649142527179, 0.7826157184036593, 3.560614544615221, 6.0529679714335884, 0.7904986320352888, 4.797822600433447, 1.14]"
External A,train,HetCD_mixneg__F16977,HetCD_mixneg/HetCD_mixneg__F16977.png,HetCD_mixneg,ST003127,PR001944,Thermo Q Exactive Orbitrap,Thermo Exactive Orbitrap,"Imtakt Cadenza CD-C18 (150 × 2.1 mm, 3 µm)",Reversed phase,negative,DG07,0,0,[],"[1.9322548871101228, 1.1597685582910866, 0.4442705679890783, 0.2096448096093793, 0.1430749933655742, -0.2577212571938091, 0.7430494341086106, 0.9617149604779516, 0.7280226720474827, 3.1913099858845, 1.2210247339648133, 2.560964047443681, 0.95]"
External A,train,HetCD_mixneg__F1699,HetCD_mixneg/HetCD_mixneg__F1699.png,HetCD_mixneg,ST003127,PR001944,Thermo Q Exactive Orbitrap,Thermo Exactive Orbitrap,"Imtakt Cadenza CD-C18 (150 × 2.1 mm, 3 µm)",Reversed phase,negative,DG07,0,0,[],"[2.289742117373032, 0.4308207245829054, 0.1458192900119993, -0.0029483439698817, 0.0681622256431624, -0.8431541511245044, 0.7290320287359939, 1.13201186070299, -0.2409469723094449, 6.616038234628333, 0.3315079533160623, 6.11332386393044, 1.1454545454545455]"
External A,train,HetCD_mixneg__F17011,HetCD_mixneg/HetCD_mixneg__F17011.png,HetCD_mixneg,ST003127,PR001944,Thermo Q Exactive Orbitrap,Thermo Exactive Orbitrap,"Imtakt Cadenza CD-C18 (150 × 2.1 mm, 3 µm)",Reversed phase,negative,DG07,0,0,[],"[1.4060551705317226, 0.743537570277529, 0.5991710908454753, 0.009759900925964, 0.3331200642612755, 0.0131971091868492, 0.8457216570801835, 0.370215329382861, 0.0527464435222643, 2.648144776089673, 1.039520540293329, 2.94770277922009, 0.8888888888888888]"
External A,train,HetCD_mixneg__F17017,HetCD_mixneg/HetCD_mixneg__F17017.png,HetCD_mixneg,ST003127,PR001944,Thermo Q Exactive Orbitrap,Thermo Exactive Orbitrap,"Imtakt Cadenza CD-C18 (150 × 2.1 mm, 3 µm)",Reversed phase,negative,DG07,0,0,[],"[1.2090678224613205, 0.6851691125094863, 0.6236898197744071, -0.0389549999982313, 0.5857818479485524, -0.1632973178380058, 0.7520660066808511, 0.6852931941574508, -0.1061114730413616, 1.8691405574249893, 0.943057381332618, 2.321928094887362, 0.8]"
External A,train,HetCD_mixneg__F17028,HetCD_mixneg/HetCD_mixneg__F17028.png,HetCD_mixneg,ST003127,PR001944,Thermo Q Exactive Orbitrap,Thermo Exactive Orbitrap,"Imtakt Cadenza CD-C18 (150 × 2.1 mm, 3 µm)",Reversed phase,negative,DG07,0,1,"[[352.6819883358777, 84.35990338164251, 402.6404494382022, 403.75925925925924]]","[2.4667965693767764, 1.193841213943208, 0.694494317510923, 0.2950129838707078, 0.088742563317387, -0.5112368446848347, 0.9774773581159822, 1.047725713014322, 1.459486513830809, 3.333197774288005, 0.8409673730235622, 3.239353872167201, 1.1]"
External A,train,HetCD_mixneg__F17061,HetCD_mixneg/HetCD_mixneg__F17061.png,HetCD_mixneg,ST003127,PR001944,Thermo Q Exactive Orbitrap,Thermo Exactive Orbitrap,"Imtakt Cadenza CD-C18 (150 × 2.1 mm, 3 µm)",Reversed phase,negative,DG07,0,0,[],"[2.367952191731089, 1.1129042819302095, 0.3968606440494748, 0.2595107546099797, 0.0418265238550766, -0.153947307631411, 0.6899302322261043, 0.3773563749150956, 0.7023572281653705, 3.9220527163320926, 1.316291076265509, 2.9375, 1.28125]"
External A,train,HetCD_mixneg__F17063,HetCD_mixneg/HetCD_mixneg__F17063.png,HetCD_mixneg,ST003127,PR001944,Thermo Q Exactive Orbitrap,Thermo Exactive Orbitrap,"Imtakt Cadenza CD-C18 (150 × 2.1 mm, 3 µm)",Reversed phase,negative,DG07,1,1,"[[234.66292134831448, 84.35990338164248, 276.7977528089891, 403.75925925925924]]","[2.0614035536757043, 1.0025687755196149, 1.3168927775996502, 0.1856411327806602, 0.261089538272512, -0.9578949262818288, 0.9066488550168528, 1.6756649564551875, 0.4366481786601452, 3.9505182907054, 0.4487249805585488, 3.374548236208473, 1.0344827586206895]"
External A,train,HetCD_mixneg__F17181,HetCD_mixneg/HetCD_mixneg__F17181.png,HetCD_mixneg,ST003127,PR001944,Thermo Q Exactive Orbitrap,Thermo Exactive Orbitrap,"Imtakt Cadenza CD-C18 (150 × 2.1 mm, 3 µm)",Reversed phase,negative,DG07,0,0,[],"[1.3752828912322437, 0.4804665931995833, 0.0497853674913408, -0.0807185470300422, 0.1121201222099625, -0.2271643389068427, 0.6983298452716581, 0.3873534962369079, -1.3388867152718684, 3.889089851345153, 0.5405202413540626, 3.794653473544342, 1.2222222222222223]"
External A,train,HetCD_mixneg__F17184,HetCD_mixneg/HetCD_mixneg__F17184.png,HetCD_mixneg,ST003127,PR001944,Thermo Q Exactive Orbitrap,Thermo Exactive Orbitrap,"Imtakt Cadenza CD-C18 (150 × 2.1 mm, 3 µm)",Reversed phase,negative,DG07,1,1,"[[221.5821094410108, 84.35990338164248, 439.15730337078645, 403.75925925925924]]","[2.41147719632037, 0.8649279391916764, 1.0020571468446864, 0.1883313052238601, 0.1969462617262424, -1.963026418562033, 0.5739690988260657, 2.700349983513457, 0.99831169720475, 4.575928072571907, 0.2029306799647547, 4.346272655486667, 1.0277777777777777]"
External A,train,HetCD_mixneg__F17186,HetCD_mixneg/HetCD_mixneg__F17186.png,HetCD_mixneg,ST003127,PR001944,Thermo Q Exactive Orbitrap,Thermo Exactive Orbitrap,"Imtakt Cadenza CD-C18 (150 × 2.1 mm, 3 µm)",Reversed phase,negative,DG07,1,1,"[[227.35955056179805, 84.3599033816425, 307.6966292134831, 403.75925925925924]]","[2.489014563912724, 1.1065072873041455, 1.8423092296320545, 0.2734773166667901, 0.2137487649220436, -1.8249637377175525, 1.201766511533188, 2.666870574490015, 0.923284530514186, 5.588629249783329, 0.2052914070029108, 4.818328816288539, 0.9565217391304348]"
External A,train,HetCD_mixneg__F1720,HetCD_mixneg/HetCD_mixneg__F1720.png,HetCD_mixneg,ST003127,PR001944,Thermo Q Exactive Orbitrap,Thermo Exactive Orbitrap,"Imtakt Cadenza CD-C18 (150 × 2.1 mm, 3 µm)",Reversed phase,negative,DG07,0,0,[],"[8.20699839513197, 1.060048531962687, 0.3867247335801277, 0.6857335272508027, 0.0033914302639915, -1.334850675550791, 0.6731786857107676, 0.9824998934472996, 2.3464368465280674, 8.418106873719067, 0.8681823240007808, 4.659780824631827, 1.2808798646362098]"
External A,train,HetCD_mixneg__F17268,HetCD_mixneg/HetCD_mixneg__F17268.png,HetCD_mixneg,ST003127,PR001944,Thermo Q Exactive Orbitrap,Thermo Exactive Orbitrap,"Imtakt Cadenza CD-C18 (150 × 2.1 mm, 3 µm)",Reversed phase,negative,DG07,0,0,[],"[2.211470887481184, 0.8185116887050558, 0.4363785897560933, 0.1476940620472464, 0.0578088462612362, -0.3658053815542437, 0.61126939355308, 0.7791431414627285, 0.6249902143174055, 4.201095826038111, 0.8628644660083434, 3.807354922057604, 1.3571428571428572]"
External A,train,HetCD_mixneg__F17326,HetCD_mixneg/HetCD_mixneg__F17326.png,HetCD_mixneg,ST003127,PR001944,Thermo Q Exactive Orbitrap,Thermo Exactive Orbitrap,"Imtakt Cadenza CD-C18 (150 × 2.1 mm, 3 µm)",Reversed phase,negative,DG07,0,0,[],"[1.2676441720116909, 1.0711363636991509, 0.5189601053022674, 0.0714806090071182, 0.1794917610301322, -0.0854209166024963, 1.0523960929242346, 0.788359439328197, 0.1625309341244171, 2.8058765321923302, 1.0804305105663066, 2.1735572622751853, 0.8]"
External A,train,HetCD_mixneg__F17452,HetCD_mixneg/HetCD_mixneg__F17452.png,HetCD_mixneg,ST003127,PR001944,Thermo Q Exactive Orbitrap,Thermo Exactive Orbitrap,"Imtakt Cadenza CD-C18 (150 × 2.1 mm, 3 µm)",Reversed phase,negative,DG07,0,2,"[[146.460674157303, 84.35990338164248, 202.07865168539334, 403.75925925925924], [103.20224719101151, 276.9991609449597, 131.2921348314608, 403.75925925925924]]","[1.8820890855199848, 0.1606517741088224, 0.1194030520324667, -0.1862986296058447, 1.0, -0.1631732542494574, 0.5233018778544916, 0.1274351258759256, -0.1686842508829514, 3.4404005138578, 0.2298869097718113, 3.4594316186372978, 1.4545454545454546]"
External A,train,HetCD_mixneg__F1748,HetCD_mixneg/HetCD_mixneg__F1748.png,HetCD_mixneg,ST003127,PR001944,Thermo Q Exactive Orbitrap,Thermo Exactive Orbitrap,"Imtakt Cadenza CD-C18 (150 × 2.1 mm, 3 µm)",Reversed phase,negative,DG07,0,0,[],"[4.203384856510229, 0.6140202762891017, 0.2154564482483796, 0.2529699024519425, 0.0046237412883898, -0.7809645570243583, 0.6873112496009045, 0.6990043892675797, 0.4371433390563627, 8.161932734184699, 0.6244751314946821, 5.9720452598515, 1.3005464480874316]"
External A,train,HetCD_mixneg__F17561,HetCD_mixneg/HetCD_mixneg__F17561.png,HetCD_mixneg,ST003127,PR001944,Thermo Q Exactive Orbitrap,Thermo Exactive Orbitrap,"Imtakt Cadenza CD-C18 (150 × 2.1 mm, 3 µm)",Reversed phase,negative,DG07,1,2,"[[230.16853932584283, 84.35990338164251, 292.5280898876406, 403.75925925925924], [137.47191011235927, 213.3966983418251, 217.2471910112361, 403.75925925925924]]","[1.7236753022457174, 0.7827539695859009, 1.4649913721403562, 0.0698925264534952, 0.3855053670616435, -0.854397336612385, 0.9793306920189108, 1.6341467400444816, 0.0754538692450673, 4.048618815043223, 0.3826240260459681, 3.857796811598595, 1.08]"
External A,train,HetCD_mixneg__F17563,HetCD_mixneg/HetCD_mixneg__F17563.png,HetCD_mixneg,ST003127,PR001944,Thermo Q Exactive Orbitrap,Thermo Exactive Orbitrap,"Imtakt Cadenza CD-C18 (150 × 2.1 mm, 3 µm)",Reversed phase,negative,DG07,0,0,[],"[2.672309274931397, 0.825373859313657, 0.8604670844144952, 0.2048866793569531, 0.1872810424835134, -0.6417319085995126, 0.8361176932735548, 1.045842277950802, 0.3900728191546066, 4.9668551266905725, 0.6796030614315054, 4.332760077057944, 1.2916666666666667]"
External A,train,HetCD_mixneg__F17565,HetCD_mixneg/HetCD_mixneg__F17565.png,HetCD_mixneg,ST003127,PR001944,Thermo Q Exactive Orbitrap,Thermo Exactive Orbitrap,"Imtakt Cadenza CD-C18 (150 × 2.1 mm, 3 µm)",Reversed phase,negative,DG07,0,0,[],"[1.8721523002670908, 0.8847079789668524, 0.2072969250623181, 0.1232484473088699, 0.0836869631580455, -0.290429267151243, 1.0218081885438532, 0.8409917813627633, 0.30894806464329, 4.62915585390494, 0.8954023122111763, 3.862357640988658, 1.2682926829268293]"
External A,train,HetCD_mixneg__F17606,HetCD_mixneg/HetCD_mixneg__F17606.png,HetCD_mixneg,ST003127,PR001944,Thermo Q Exactive Orbitrap,Thermo Exactive Orbitrap,"Imtakt Cadenza CD-C18 (150 × 2.1 mm, 3 µm)",Reversed phase,negative,DG07,1,1,"[[230.7303370786516, 84.3599033816425, 279.0449438202246, 403.75925925925924]]","[1.6342409032873466, 0.4893156313237042, 0.51177016790746, -0.045839623575501, 0.285780946971402, -0.6745804147486855, 0.9696643017479885, 1.1306762148233431, -0.3465201846261606, 4.309911829977747, 0.3930241092421924, 4.436605434317882, 1.1304347826086956]"
External A,train,HetCD_mixneg__F17652,HetCD_mixneg/HetCD_mixneg__F17652.png,HetCD_mixneg,ST003127,PR001944,Thermo Q Exactive Orbitrap,Thermo Exactive Orbitrap,"Imtakt Cadenza CD-C18 (150 × 2.1 mm, 3 µm)",Reversed phase,negative,DG07,0,0,[],"[2.008102685259739, 1.2101521124593786, 0.445792777991308, 0.23427801481906, 0.0736840426014862, -0.0598378555611205, 0.8029782626098688, 0.4662255076197804, 0.8278416055361789, 3.490203132314828, 1.4486107474143648, 2.650325529340843, 1.0]"
External A,train,HetCD_mixneg__F17654,HetCD_mixneg/HetCD_mixneg__F17654.png,HetCD_mixneg,ST003127,PR001944,Thermo Q Exactive Orbitrap,Thermo Exactive Orbitrap,"Imtakt Cadenza CD-C18 (150 × 2.1 mm, 3 µm)",Reversed phase,negative,DG07,1,1,"[[234.1011235955054, 84.3599033816425, 273.42696629213486, 403.75925925925924]]","[2.448682534104727, 1.766639330167551, 1.8580660874147483, 0.4253661818776768, 0.1728366021988188, -1.0055606725869586, 0.8159276293008042, 1.8438566281351607, 1.722956890397684, 2.7134509264732025, 0.6420370169636926, 1.9182958340544896, 0.5]"
External A,train,HetCD_mixneg__F1769,HetCD_mixneg/HetCD_mixneg__F1769.png,HetCD_mixneg,ST003127,PR001944,Thermo Q Exactive Orbitrap,Thermo Exactive Orbitrap,"Imtakt Cadenza CD-C18 (150 × 2.1 mm, 3 µm)",Reversed phase,negative,DG07,0,0,[],"[1.2375234847410983, 1.0154237128064254, 0.4122930529576571, 0.0524266457840559, 0.2633161118164688, 0.0090861271835449, 0.1722406973001472, 0.3499928804108614, 0.1092111022541039, 1.9886543923809423, 1.4380410406869102, 2.0, 1.0]"
External A,train,HetCD_mixneg__F17709,HetCD_mixneg/HetCD_mixneg__F17709.png,HetCD_mixneg,ST003127,PR001944,Thermo Q Exactive Orbitrap,Thermo Exactive Orbitrap,"Imtakt Cadenza CD-C18 (150 × 2.1 mm, 3 µm)",Reversed phase,negative,DG07,0,0,[],"[1.5545063742848952, 0.4831039828579014, 0.2408265483912594, -0.0577467711458846, 0.1172138371361151, -0.301757216327631, 0.6397816728600086, 0.5267395828468412, -0.5973664074213542, 4.62049976679001, 0.6175015249441453, 4.625053839880555, 1.3103448275862069]"
External A,train,HetCD_mixneg__F17712,HetCD_mixneg/HetCD_mixneg__F17712.png,HetCD_mixneg,ST003127,PR001944,Thermo Q Exactive Orbitrap,Thermo Exactive Orbitrap,"Imtakt Cadenza CD-C18 (150 × 2.1 mm, 3 µm)",Reversed phase,negative,DG07,0,0,[],"[1.707640919841956, 0.962554998196674, 0.3220516025674981, 0.1211818965160418, 0.051385327817704, -0.356818315934034, 1.0704145670524852, 1.0822236337715263, 0.3455233169616071, 4.468350444155554, 0.776988736734355, 3.5219280948873624, 0.975]"
External A,train,HetCD_mixneg__F17737,HetCD_mixneg/HetCD_mixneg__F17737.png,HetCD_mixneg,ST003127,PR001944,Thermo Q Exactive Orbitrap,Thermo Exactive Orbitrap,"Imtakt Cadenza CD-C18 (150 × 2.1 mm, 3 µm)",Reversed phase,negative,DG07,1,2,"[[225.67415730337046, 147.3276332336905, 281.8539325842697, 403.75925925925924], [94.77528089887642, 84.35990338164251, 168.37078651685403, 403.75925925925924]]","[3.1274518520964496, 1.449721134642272, 1.4022328143832885, 0.4420039048491217, 0.1355874933099736, -1.564999512967835, 0.8895109073065901, 2.099383237852702, 1.244265457140655, 4.368253876820708, 0.3224178415998504, 2.694214234922464, 0.559322033898305]"
External A,train,HetCD_mixneg__F17747,HetCD_mixneg/HetCD_mixneg__F17747.png,HetCD_mixneg,ST003127,PR001944,Thermo Q Exactive Orbitrap,Thermo Exactive Orbitrap,"Imtakt Cadenza CD-C18 (150 × 2.1 mm, 3 µm)",Reversed phase,negative,DG07,0,0,[],"[2.341247365960683, 0.9945939415882846, 0.6618504171438916, 0.2212303666273816, 0.1026939564311603, -0.3380675235477335, 1.0215547657012751, 0.7184446435794677, 0.7328723074526297, 3.885786793794888, 1.0224816634269058, 3.271415361237162, 1.1111111111111112]"
External A,train,HetCD_mixneg__F17748,HetCD_mixneg/HetCD_mixneg__F17748.png,HetCD_mixneg,ST003127,PR001944,Thermo Q Exactive Orbitrap,Thermo Exactive Orbitrap,"Imtakt Cadenza CD-C18 (150 × 2.1 mm, 3 µm)",Reversed phase,negative,DG07,1,1,"[[227.92134831460663, 84.3599033816425, 308.95943514135746, 403.75925925925924]]","[2.45479299531662, 0.7550838264886078, 1.2167445992976915, 0.1543592179535784, 0.2572228371948428, -1.4515871693599591, 1.0580914141335005, 2.119146837238845, 0.5169199004829329, 5.616469062400547, 0.2283907845449969, 5.462031591059446, 1.1764705882352942]"
External A,train,HetCD_mixneg__F1789,HetCD_mixneg/HetCD_mixneg__F1789.png,HetCD_mixneg,ST003127,PR001944,Thermo Q Exactive Orbitrap,Thermo Exactive Orbitrap,"Imtakt Cadenza CD-C18 (150 × 2.1 mm, 3 µm)",Reversed phase,negative,DG07,0,0,[],"[2.110981130126936, 1.069431372667595, 0.4047452048223863, 0.2118610211031277, 0.037925398961708, -0.1045956642548928, 1.032425551900786, 0.4562026696253076, 0.4737226385912803, 3.760613848522096, 1.3568217471951896, 2.903677461028802, 1.25]"
External A,train,HetCD_mixneg__F17991,HetCD_mixneg/HetCD_mixneg__F17991.png,HetCD_mixneg,ST003127,PR001944,Thermo Q Exactive Orbitrap,Thermo Exactive Orbitrap,"Imtakt Cadenza CD-C18 (150 × 2.1 mm, 3 µm)",Reversed phase,negative,DG07,0,1,"[[98.14606741573004, 84.35990338164251, 174.55056179775303, 403.75925925925924]]","[1.766338675606666, 1.1721443992421807, 0.5448655634133561, 0.1861655254975827, 0.2452135275240854, -0.1533523606259522, 0.6012554823963147, 0.6472904162105676, 0.6098302421960947, 1.9611806163589915, 1.3555497494052602, 1.8799649487271108, 0.8888888888888888]"
External A,train,HetCD_mixneg__F18057,HetCD_mixneg/HetCD_mixneg__F18057.png,HetCD_mixneg,ST003127,PR001944,Thermo Q Exactive Orbitrap,Thermo Exactive Orbitrap,"Imtakt Cadenza CD-C18 (150 × 2.1 mm, 3 µm)",Reversed phase,negative,DG07,0,0,[],"[1.606144564554579, 0.6073977522112065, 0.6909428015663719, -0.0053378812524764, 0.4662425608930093, -0.8276613505160051, 1.0895525278285425, 1.4121580260681437, -0.0966047741421475, 4.469186806565069, 0.3879182336629455, 4.5661089398374815, 0.9285714285714286]"
External A,train,HetCD_mixneg__F18096,HetCD_mixneg/HetCD_mixneg__F18096.png,HetCD_mixneg,ST003127,PR001944,Thermo Q Exactive Orbitrap,Thermo Exactive Orbitrap,"Imtakt Cadenza CD-C18 (150 × 2.1 mm, 3 µm)",Reversed phase,negative,DG07,1,1,"[[229.0449438202247, 84.35990338164251, 267.2471910112358, 403.75925925925924]]","[3.168604776370391, 1.1664129180437932, 0.787595928643418, 0.3706889870314674, 0.062867990186734, -1.0339315123820985, 1.044608451748296, 1.528753749220186, 1.193248408264426, 5.17526100918769, 0.6605248604504583, 4.140011732018879, 1.1232876712328768]"
External A,train,HetCD_mixneg__F18106,HetCD_mixneg/HetCD_mixneg__F18106.png,HetCD_mixneg,ST003127,PR001944,Thermo Q Exactive Orbitrap,Thermo Exactive Orbitrap,"Imtakt Cadenza CD-C18 (150 × 2.1 mm, 3 µm)",Reversed phase,negative,DG07,0,0,[],"[2.063872440378604, 0.9858074931626088, 0.2999197370504328, 0.1810687267158457, 0.0286590853753013, -0.2574197225779399, 0.8328020060529203, 0.7325444252247908, 0.6734015023549483, 4.46563597008943, 1.0687262500009331, 3.403055907333276, 1.35]"
External A,train,HetCD_mixneg__F18152,HetCD_mixneg/HetCD_mixneg__F18152.png,HetCD_mixneg,ST003127,PR001944,Thermo Q Exactive Orbitrap,Thermo Exactive Orbitrap,"Imtakt Cadenza CD-C18 (150 × 2.1 mm, 3 µm)",Reversed phase,negative,DG07,1,4,"[[220.92914624999852, 84.35990338164245, 286.478503399538, 403.75925925925924], [167.5583597331448, 360.19260013449014, 192.5280898876401, 403.75925925925924], [286.478503399538, 313.2623184008456, 310.5056179775284, 403.75925925925924], [84.41229231741417, 317.35995339417565, 109.38202247191019, 403.75925925925924]]","[2.0872022227446587, 0.7817623523062339, 1.2512362805976651, 0.1192057444107138, 0.2984470473246914, -1.1046433617000495, 1.114951500844204, 1.8214616214256736, 0.2958644218147868, 4.265116688233417, 0.3636553593801027, 4.3927249051134325, 1.0357142857142858]"
External A,train,HetCD_mixneg__F1816,HetCD_mixneg/HetCD_mixneg__F1816.png,HetCD_mixneg,ST003127,PR001944,Thermo Q Exactive Orbitrap,Thermo Exactive Orbitrap,"Imtakt Cadenza CD-C18 (150 × 2.1 mm, 3 µm)",Reversed phase,negative,DG07,0,0,[],"[2.230702864112992, 0.5775847367442979, 0.317235468315281, 0.0585057250856105, 0.0420514765475014, -0.5155240249130829, 0.9005759953530049, 0.8244642274391478, 0.1945289576284413, 5.8768514639908345, 0.5897200901084138, 5.340863347221976, 1.2602739726027397]"
External A,train,HetCD_mixneg__F18218,HetCD_mixneg/HetCD_mixneg__F18218.png,HetCD_mixneg,ST003127,PR001944,Thermo Q Exactive Orbitrap,Thermo Exactive Orbitrap,"Imtakt Cadenza CD-C18 (150 × 2.1 mm, 3 µm)",Reversed phase,negative,DG07,1,1,"[[240.28089887640476, 84.3599033816425, 289.15730337078685, 403.75925925925924]]","[2.437520221452842, 1.2478553443508322, 1.4139905235327714, 0.3055311382458682, 0.2335361854473585, -0.9582909447158972, 0.871382166830222, 1.6950701163119712, 0.9744060508809934, 2.909141860351717, 0.5987471127167371, 2.3244093931715555, 0.6666666666666666]"
External A,train,HetCD_mixneg__F18232,HetCD_mixneg/HetCD_mixneg__F18232.png,HetCD_mixneg,ST003127,PR001944,Thermo Q Exactive Orbitrap,Thermo Exactive Orbitrap,"Imtakt Cadenza CD-C18 (150 × 2.1 mm, 3 µm)",Reversed phase,negative,DG07,1,1,"[[219.4943820224718, 84.35990338164251, 269.49438202247205, 403.75925925925924]]","[2.766217066691546, 1.0752676637785037, 1.0270545079069795, 0.2982441751210116, 0.1429097276659965, -1.2390584643085247, 0.970846357890916, 1.8885515382661808, 0.8186492435366528, 4.573183107116921, 0.3875094699221596, 3.804895651144803, 0.8695652173913043]"
External A,train,HetCD_mixneg__F18249,HetCD_mixneg/HetCD_mixneg__F18249.png,HetCD_mixneg,ST003127,PR001944,Thermo Q Exactive Orbitrap,Thermo Exactive Orbitrap,"Imtakt Cadenza CD-C18 (150 × 2.1 mm, 3 µm)",Reversed phase,negative,DG07,0,0,[],"[1.5376725795225812, 0.582628535945493, 0.6779004618327019, -0.0232164191217354, 0.4942100078748466, -0.7298123635879967, 0.7785833047266519, 1.3820104864127811, -0.492657330282938, 3.751216058818486, 0.4287164318850343, 3.734521664779752, 1.1764705882352942]"
External A,train,HetCD_mixneg__F18340,HetCD_mixneg/HetCD_mixneg__F18340.png,HetCD_mixneg,ST003127,PR001944,Thermo Q Exactive Orbitrap,Thermo Exactive Orbitrap,"Imtakt Cadenza CD-C18 (150 × 2.1 mm, 3 µm)",Reversed phase,negative,DG07,1,1,"[[194.15766395245694, 84.3599033816425, 311.629213483146, 403.75925925925924]]","[2.169721415161737, 0.9847051121902644, 1.973619645843178, 0.1954202489989758, 0.297711127503153, -1.939694395630994, 1.186962168284142, 2.8631646116385587, 0.6748479865806218, 6.203917280332647, 0.1460643716386008, 5.987468060540685, 1.1290322580645162]"
External A,train,HetCD_mixneg__F18376,HetCD_mixneg/HetCD_mixneg__F18376.png,HetCD_mixneg,ST003127,PR001944,Thermo Q Exactive Orbitrap,Thermo Exactive Orbitrap,"Imtakt Cadenza CD-C18 (150 × 2.1 mm, 3 µm)",Reversed phase,negative,DG07,1,1,"[[235.78651685393245, 84.3599033816425, 273.42696629213475, 403.75925925925924]]","[1.9170529662197624, 0.530906567921612, 0.6815686348046854, 0.0038429587720471, 0.2941787265942596, -0.6675221209622612, 0.8318152199798213, 1.084868719498162, -0.3488596272338263, 5.012305792491283, 0.4530743698190093, 4.926427859887889, 1.2307692307692308]"
External A,train,HetCD_mixneg__F18425,HetCD_mixneg/HetCD_mixneg__F18425.png,HetCD_mixneg,ST003127,PR001944,Thermo Q Exactive Orbitrap,Thermo Exactive Orbitrap,"Imtakt Cadenza CD-C18 (150 × 2.1 mm, 3 µm)",Reversed phase,negative,DG07,1,1,"[[237.47191011235964, 84.3599033816425, 263.3146067415731, 403.75925925925924]]","[1.653157376152837, 0.6350824217149293, 0.8040883541783496, 0.010700813259987, 0.6626723767292663, -1.0908132612292172, 0.6333934342837388, 1.8072453921616256, -0.0733705967565841, 2.799594847316248, 0.4786604031329465, 3.169925001442312, 0.2222222222222222]"
External A,train,HetCD_mixneg__F18457,HetCD_mixneg/HetCD_mixneg__F18457.png,HetCD_mixneg,ST003127,PR001944,Thermo Q Exactive Orbitrap,Thermo Exactive Orbitrap,"Imtakt Cadenza CD-C18 (150 × 2.1 mm, 3 µm)",Reversed phase,negative,DG07,0,0,[],"[2.8021994479046004, 0.89917858972207, 1.0500309386904314, 0.2454729067891405, 0.166699739243435, -0.9630302409232236, 0.9406883975347148, 1.4732763374631588, 0.9544633084026122, 5.0601635406325896, 0.5320071721143643, 4.574875775583769, 1.2307692307692308]"
External A,train,HetCD_mixneg__F18486,HetCD_mixneg/HetCD_mixneg__F18486.png,HetCD_mixneg,ST003127,PR001944,Thermo Q Exactive Orbitrap,Thermo Exactive Orbitrap,"Imtakt Cadenza CD-C18 (150 × 2.1 mm, 3 µm)",Reversed phase,negative,DG07,0,0,[],"[1.4475874852647486, 0.9611477194947012, 0.763780553708153, 0.0776123152586015, 0.2464640475228548, -0.4507263085896356, 0.6777722847064866, 1.2374786389070969, 0.0734703329800714, 2.7818547893195, 0.6016283532375728, 2.507380102423636, 0.6923076923076923]"
External A,train,HetCD_mixneg__F18501,HetCD_mixneg/HetCD_mixneg__F18501.png,HetCD_mixneg,ST003127,PR001944,Thermo Q Exactive Orbitrap,Thermo Exactive Orbitrap,"Imtakt Cadenza CD-C18 (150 × 2.1 mm, 3 µm)",Reversed phase,negative,DG07,1,2,"[[216.97527314155352, 84.3599033816425, 295.89887640449444, 403.75925925925924], [161.62921348314597, 213.5566242114599, 216.97527314155352, 403.75925925925924]]","[2.85313052637383, 0.6799273180902108, 1.2457199416446736, 0.1673057219364357, 0.2056560812725096, -1.3242145959991118, 1.090354039904037, 1.821714967319496, 0.7502424261271716, 5.882933289429239, 0.3033213864565017, 5.685420190467034, 1.28]"
External A,train,HetCD_mixneg__F18511,HetCD_mixneg/HetCD_mixneg__F18511.png,HetCD_mixneg,ST003127,PR001944,Thermo Q Exactive Orbitrap,Thermo Exactive Orbitrap,"Imtakt Cadenza CD-C18 (150 × 2.1 mm, 3 µm)",Reversed phase,negative,DG07,0,1,"[[298.70786516853934, 84.35990338164248, 386.3483146067417, 403.75925925925924]]","[1.7626272948361477, 0.5747142321293663, 0.3139387461931155, 0.0028152877712319, 0.2518592945211848, -0.4652047110021523, 0.8107328945012998, 0.9251128914086229, -0.2271995873401948, 3.681787067242116, 0.5380230940948532, 3.875, 0.875]"
External A,train,HetCD_mixneg__F18513,HetCD_mixneg/HetCD_mixneg__F18513.png,HetCD_mixneg,ST003127,PR001944,Thermo Q Exactive Orbitrap,Thermo Exactive Orbitrap,"Imtakt Cadenza CD-C18 (150 × 2.1 mm, 3 µm)",Reversed phase,negative,DG07,1,1,"[[240.84269662921372, 84.35990338164251, 273.42696629213464, 403.75925925925924]]","[1.2382447980679807, 0.5804588072901874, 1.4078783819821126, -0.0658172595703461, 0.7344452944085171, -1.0291068253304947, 0.0829939252685505, 1.7706854945995565, -0.7166434240793962, 2.231051751541134, 0.5824256362500346, 2.584962500721156, 0.3333333333333333]"
External A,train,HetCD_mixneg__F18621,HetCD_mixneg/HetCD_mixneg__F18621.png,HetCD_mixneg,ST003127,PR001944,Thermo Q Exactive Orbitrap,Thermo Exactive Orbitrap,"Imtakt Cadenza CD-C18 (150 × 2.1 mm, 3 µm)",Reversed phase,negative,DG07,0,0,[],"[2.9299932852992, 1.117731178817914, 0.7160763317494596, 0.3299005205798276, 0.0633147601684257, -0.3976002654830368, 0.5287602867057943, 0.5876248018761853, 1.2401713728185997, 3.452226662536178, 1.298722034477151, 2.8585552118703137, 1.181818181818182]"
External A,train,HetCD_mixneg__F1863,HetCD_mixneg/HetCD_mixneg__F1863.png,HetCD_mixneg,ST003127,PR001944,Thermo Q Exactive Orbitrap,Thermo Exactive Orbitrap,"Imtakt Cadenza CD-C18 (150 × 2.1 mm, 3 µm)",Reversed phase,negative,DG07,0,0,[],"[5.056465197628555, 1.133380093603584, 0.5863238747413981, 0.5270429490582854, 0.0147575385066857, -0.7623828523128422, 0.64288933236054, 0.6288644854728792, 1.8445077178319824, 5.597002617558215, 1.1859017224450918, 3.898839260827057, 1.372340425531915]"
External A,train,HetCD_mixneg__F18671,HetCD_mixneg/HetCD_mixneg__F18671.png,HetCD_mixneg,ST003127,PR001944,Thermo Q Exactive Orbitrap,Thermo Exactive Orbitrap,"Imtakt Cadenza CD-C18 (150 × 2.1 mm, 3 µm)",Reversed phase,negative,DG07,0,0,[],"[2.8766371658935634, 1.1283035439220643, 0.4924113811225623, 0.3269213446015338, 0.0280363871810048, -0.2776295283801326, 0.5810914963421245, 0.4679035559613482, 0.975598978837634, 4.250315089086782, 1.296318660017085, 3.5478391204402224, 1.3157894736842106]"
External A,train,HetCD_mixneg__F18703,HetCD_mixneg/HetCD_mixneg__F18703.png,HetCD_mixneg,ST003127,PR001944,Thermo Q Exactive Orbitrap,Thermo Exactive Orbitrap,"Imtakt Cadenza CD-C18 (150 × 2.1 mm, 3 µm)",Reversed phase,negative,DG07,0,0,[],"[2.257366893844363, 0.8892990901932212, 0.5744456447477014, 0.1771719327536702, 0.1012151347408536, -0.6150253359559933, 0.8621670245591809, 1.189435824553187, 0.4142683163749451, 5.101554180621626, 0.6274311200225471, 4.38794655953518, 1.0178571428571428]"
External A,train,HetCD_mixneg__F18763,HetCD_mixneg/HetCD_mixneg__F18763.png,HetCD_mixneg,ST003127,PR001944,Thermo Q Exactive Orbitrap,Thermo Exactive Orbitrap,"Imtakt Cadenza CD-C18 (150 × 2.1 mm, 3 µm)",Reversed phase,negative,DG07,0,0,[],"[1.4998566830509747, 1.2116576079948482, 0.8945160122800326, 0.1488050667290258, 0.2389580405541077, -0.28384116916575, 0.5808377997368115, 1.2058624488917145, 0.6807758474756161, 1.5403913978571269, 1.0156064624412855, 1.6644977792004614, 0.8571428571428571]"
External A,train,HetCD_mixneg__F18843,HetCD_mixneg/HetCD_mixneg__F18843.png,HetCD_mixneg,ST003127,PR001944,Thermo Q Exactive Orbitrap,Thermo Exactive Orbitrap,"Imtakt Cadenza CD-C18 (150 × 2.1 mm, 3 µm)",Reversed phase,negative,DG07,1,1,"[[224.55056179775292, 84.35990338164248, 275.1123595505618, 403.7592592592593]]","[2.196670724921275, 0.7312468951624843, 1.2225210462746194, 0.1149958492808685, 0.2932570011784064, -1.2683931826895802, 0.8484086170915226, 1.950253388489098, 0.113413684118062, 5.499390163875906, 0.2969078157664326, 4.998348182252591, 1.03125]"
External A,train,HetCD_mixneg__F18887,HetCD_mixneg/HetCD_mixneg__F18887.png,HetCD_mixneg,ST003127,PR001944,Thermo Q Exactive Orbitrap,Thermo Exactive Orbitrap,"Imtakt Cadenza CD-C18 (150 × 2.1 mm, 3 µm)",Reversed phase,negative,DG07,0,0,[],"[1.969052693924691, 0.6961227027048008, 0.9378313074468276, 0.073847022278265, 0.2736114611951651, -0.942970155813068, 1.0254823027126838, 1.6052910995210758, -0.0431204657463977, 5.661016845303162, 0.3948871308833958, 5.196383461104874, 1.1]"
External A,train,HetCD_mixneg__F1892,HetCD_mixneg/HetCD_mixneg__F1892.png,HetCD_mixneg,ST003127,PR001944,Thermo Q Exactive Orbitrap,Thermo Exactive Orbitrap,"Imtakt Cadenza CD-C18 (150 × 2.1 mm, 3 µm)",Reversed phase,negative,DG07,0,0,[],"[2.61926234885231, 0.6347472711098423, 0.2066305283504724, 0.1242709780678587, 0.011479961005858, -0.6036407345023359, 0.7579453324132363, 0.8986860601107823, 0.4756014367917733, 6.785770568936257, 0.5696546643819991, 6.235956131580165, 1.287769784172662]"
External A,train,HetCD_mixneg__F18930,HetCD_mixneg/HetCD_mixneg__F18930.png,HetCD_mixneg,ST003127,PR001944,Thermo Q Exactive Orbitrap,Thermo Exactive Orbitrap,"Imtakt Cadenza CD-C18 (150 × 2.1 mm, 3 µm)",Reversed phase,negative,DG07,1,1,"[[236.3483146067417, 84.35990338164248, 304.8876404494382, 403.75925925925924]]","[2.529816206566473, 0.9228722077957988, 1.0855607146976516, 0.2220263919957006, 0.3103647939814059, -1.097653206507221, 0.8704264767120862, 1.7422458592202992, 0.4197688733503489, 4.206516308172521, 0.3690882027226019, 3.4681390622295662, 0.875]"
External A,train,HetCD_mixneg__F1912,HetCD_mixneg/HetCD_mixneg__F1912.png,HetCD_mixneg,ST003127,PR001944,Thermo Q Exactive Orbitrap,Thermo Exactive Orbitrap,"Imtakt Cadenza CD-C18 (150 × 2.1 mm, 3 µm)",Reversed phase,negative,DG07,0,0,[],"[1.8244504302959577, 0.9538118505533631, 0.2004059135074646, 0.1367494834165662, 0.0136131727050924, -0.1196269912159935, 0.8726869882220857, 0.5707677605478682, 0.1415970743369292, 5.316600575316236, 1.1082160319262064, 3.851818150239369, 1.2432432432432432]"
External A,train,HetCD_mixneg__F19164,HetCD_mixneg/HetCD_mixneg__F19164.png,HetCD_mixneg,ST003127,PR001944,Thermo Q Exactive Orbitrap,Thermo Exactive Orbitrap,"Imtakt Cadenza CD-C18 (150 × 2.1 mm, 3 µm)",Reversed phase,negative,DG07,0,1,"[[130.7303370786518, 110.34191091440913, 182.9775280898876, 403.75925925925924]]","[2.055452726655569, 1.105164890728704, 0.481932278139981, 0.2137320872695223, 0.1052009645887482, -0.1528345835817987, 0.9909416268288418, 0.5863669029816182, 0.5688183724642039, 3.620752983681853, 1.2488116212123497, 2.7732967821474688, 1.0769230769230769]"
External A,train,HetCD_mixneg__F19247,HetCD_mixneg/HetCD_mixneg__F19247.png,HetCD_mixneg,ST003127,PR001944,Thermo Q Exactive Orbitrap,Thermo Exactive Orbitrap,"Imtakt Cadenza CD-C18 (150 × 2.1 mm, 3 µm)",Reversed phase,negative,DG07,0,0,[],"[2.4745213828543107, 1.2010106946230032, 0.416779971202122, 0.2979712235104609, 0.0496578148225971, -0.4403331612153203, 1.0742053108588965, 0.9516457180858752, 1.1623812190062297, 3.735913797607666, 1.0960947573472837, 2.9509820672376947, 1.103448275862069]"
External A,train,HetCD_mixneg__F19277,HetCD_mixneg/HetCD_mixneg__F19277.png,HetCD_mixneg,ST003127,PR001944,Thermo Q Exactive Orbitrap,Thermo Exactive Orbitrap,"Imtakt Cadenza CD-C18 (150 × 2.1 mm, 3 µm)",Reversed phase,negative,DG07,0,1,"[[157.1348314606742, 84.35990338164248, 208.258426966292, 403.75925925925924]]","[2.434744398685732, 0.7515223969726832, 0.43675614671404, 0.1507203668318258, 0.0583602077090307, -0.5006105244460001, 0.744445790411053, 0.8467384213361274, 0.5668748415215914, 4.59433206412423, 0.7071806133783278, 4.274183886709068, 1.1764705882352942]"
External A,train,HetCD_mixneg__F19306,HetCD_mixneg/HetCD_mixneg__F19306.png,HetCD_mixneg,ST003127,PR001944,Thermo Q Exactive Orbitrap,Thermo Exactive Orbitrap,"Imtakt Cadenza CD-C18 (150 × 2.1 mm, 3 µm)",Reversed phase,negative,DG07,0,0,[],"[2.2917772118517896, 0.9718473844095749, 0.3424491627220151, 0.2078036485243253, 0.0551232271770514, -0.4269869478740811, 0.7974863482468608, 0.9280916266146662, 0.9676500337521828, 4.077344245291139, 0.9263815983640712, 3.5055919968905505, 1.103448275862069]"
External A,train,HetCD_mixneg__F19310,HetCD_mixneg/HetCD_mixneg__F19310.png,HetCD_mixneg,ST003127,PR001944,Thermo Q Exactive Orbitrap,Thermo Exactive Orbitrap,"Imtakt Cadenza CD-C18 (150 × 2.1 mm, 3 µm)",Reversed phase,negative,DG07,1,1,"[[234.66292134831457, 84.35990338164251, 290.8426966292135, 403.7592592592593]]","[2.2114867414026427, 1.2494046021771437, 0.608090929564491, 0.2745090367266581, 0.3439770260617585, -1.4760736742212972, 0.8999372258285627, 2.381183255490847, 0.8957246998192825, 4.688274195623964, 0.2411246329072228, 3.9149073757284834, 0.6779661016949152]"
External A,train,HetCD_mixneg__F19463,HetCD_mixneg/HetCD_mixneg__F19463.png,HetCD_mixneg,ST003127,PR001944,Thermo Q Exactive Orbitrap,Thermo Exactive Orbitrap,"Imtakt Cadenza CD-C18 (150 × 2.1 mm, 3 µm)",Reversed phase,negative,DG07,0,0,[],"[2.017798709252084, 0.9375658880540184, 0.4780685207075252, 0.1601411470162252, 0.1047111908577775, -0.4333406050243569, 0.9437458013692848, 1.0600137245135648, 0.3968790340242573, 4.106840036120026, 0.8264508349627128, 3.63843233544151, 1.0333333333333334]"
External A,train,HetCD_mixneg__F19481,HetCD_mixneg/HetCD_mixneg__F19481.png,HetCD_mixneg,ST003127,PR001944,Thermo Q Exactive Orbitrap,Thermo Exactive Orbitrap,"Imtakt Cadenza CD-C18 (150 × 2.1 mm, 3 µm)",Reversed phase,negative,DG07,1,2,"[[243.10916969696973, 292.17543349862774, 280.16853932584263, 403.75925925925924], [203.2022471910111, 84.35990338164247, 243.10916969696973, 403.75925925925924]]","[2.993553404050184, 1.9968050347902289, 2.131586411378424, 0.5426724953469738, 0.1870811087864891, -2.186205293016673, 0.7488829767314029, 3.078879490142888, 1.952082671177304, 3.615934539084429, 0.2701992975742456, 1.9108665536065776, 0.1454545454545454]"
External A,train,HetCD_mixneg__F19485,HetCD_mixneg/HetCD_mixneg__F19485.png,HetCD_mixneg,ST003127,PR001944,Thermo Q Exactive Orbitrap,Thermo Exactive Orbitrap,"Imtakt Cadenza CD-C18 (150 × 2.1 mm, 3 µm)",Reversed phase,negative,DG07,0,0,[],"[1.9782387784764328, 0.8252741248563531, 0.2838720696825668, 0.1193531122866563, 0.0496307961474266, -0.4310306085345619, 1.0452556696386726, 0.9651201481588716, 0.340883865813351, 4.236574032124747, 0.7259954258072094, 4.03039478823102, 1.0344827586206895]"
External A,train,HetCD_mixneg__F19584,HetCD_mixneg/HetCD_mixneg__F19584.png,HetCD_mixneg,ST003127,PR001944,Thermo Q Exactive Orbitrap,Thermo Exactive Orbitrap,"Imtakt Cadenza CD-C18 (150 × 2.1 mm, 3 µm)",Reversed phase,negative,DG07,0,0,[],"[2.830976565999863, 1.0304990210698832, 0.3934097318074084, 0.2919588967624839, 0.0347589237400581, -0.4735313266576207, 0.7443553626623473, 0.72747371413665, 0.9358412046912484, 4.457548616048287, 1.0696270283660505, 3.516408875319163, 1.2195121951219512]"
External A,train,HetCD_mixneg__F19591,HetCD_mixneg/HetCD_mixneg__F19591.png,HetCD_mixneg,ST003127,PR001944,Thermo Q Exactive Orbitrap,Thermo Exactive Orbitrap,"Imtakt Cadenza CD-C18 (150 × 2.1 mm, 3 µm)",Reversed phase,negative,DG07,0,0,[],"[2.5062338681590486, 0.9732087444507131, 0.5268976266995746, 0.2354133835395842, 0.0486740805136481, -0.2866109988556869, 0.7804948245573348, 0.6033502094411219, 0.9719880964705454, 4.178293719982867, 0.9507915785677932, 4.185174447128411, 1.2666666666666666]"
External A,train,HetCD_mixneg__F19634,HetCD_mixneg/HetCD_mixneg__F19634.png,HetCD_mixneg,ST003127,PR001944,Thermo Q Exactive Orbitrap,Thermo Exactive Orbitrap,"Imtakt Cadenza CD-C18 (150 × 2.1 mm, 3 µm)",Reversed phase,negative,DG07,0,0,[],"[2.2982221019466813, 0.4906299901441359, 0.5753789874675346, 0.0268552272591983, 0.1522534774141014, -0.859088160489821, 0.7826128622195493, 1.1382139123692352, -0.3508771176131455, 4.854425409232472, 0.3637823184285259, 4.829966150010237, 1.1764705882352942]"
External A,train,HetCD_mixneg__F19751,HetCD_mixneg/HetCD_mixneg__F19751.png,HetCD_mixneg,ST003127,PR001944,Thermo Q Exactive Orbitrap,Thermo Exactive Orbitrap,"Imtakt Cadenza CD-C18 (150 × 2.1 mm, 3 µm)",Reversed phase,negative,DG07,0,0,[],"[2.2563556944233394, 0.8842883398730764, 0.398920198874331, 0.1754058405811148, 0.0463234186639872, -0.3649745404888206, 0.8821615547484464, 0.7345265557260939, 0.5954563933861333, 4.62244922313267, 0.8740614223579689, 3.969285186491508, 1.2]"
External A,train,HetCD_mixneg__F19793,HetCD_mixneg/HetCD_mixneg__F19793.png,HetCD_mixneg,ST003127,PR001944,Thermo Q Exactive Orbitrap,Thermo Exactive Orbitrap,"Imtakt Cadenza CD-C18 (150 × 2.1 mm, 3 µm)",Reversed phase,negative,DG07,1,1,"[[234.1011235955054, 84.35990338164251, 279.0449438202246, 403.75925925925924]]","[3.736029406812457, 2.1368967829873577, 1.1890206475764131, 0.6524160222306684, 0.1128972759244695, -1.0611751082672087, 0.8833529388108139, 1.5338201237006894, 2.262029209595218, 2.9837350695877647, 0.8205847545667994, 1.482425954337534, 0.4]"
External A,train,HetCD_mixneg__F19914,HetCD_mixneg/HetCD_mixneg__F19914.png,HetCD_mixneg,ST003127,PR001944,Thermo Q Exactive Orbitrap,Thermo Exactive Orbitrap,"Imtakt Cadenza CD-C18 (150 × 2.1 mm, 3 µm)",Reversed phase,negative,DG07,1,1,"[[244.77528089887642, 84.35990338164251, 279.6067415730339, 403.75925925925924]]","[1.4010723629635868, 0.6864037319033083, 1.188100582957568, -0.0083971160876927, 0.50168999703747, -1.211933969836016, -0.011843620849067, 1.319621073974385, -0.0596206045796496, 2.1448579273415307, 0.4782647376024177, 2.584962500721156, 0.3333333333333333]"
External A,train,HetCD_mixneg__F19951,HetCD_mixneg/HetCD_mixneg__F19951.png,HetCD_mixneg,ST003127,PR001944,Thermo Q Exactive Orbitrap,Thermo Exactive Orbitrap,"Imtakt Cadenza CD-C18 (150 × 2.1 mm, 3 µm)",Reversed phase,negative,DG07,0,0,[],"[1.100951257948487, 0.6293519241990054, 1.1451912683627654, -0.0724023354284216, 0.750172145929362, -0.7945438179579581, 0.8420806949635004, 1.490548534016439, -0.7653929933138452, 3.134594467017568, 0.2916710681707041, 3.188721875540867, 0.75]"
External A,train,HetCD_mixneg__F19954,HetCD_mixneg/HetCD_mixneg__F19954.png,HetCD_mixneg,ST003127,PR001944,Thermo Q Exactive Orbitrap,Thermo Exactive Orbitrap,"Imtakt Cadenza CD-C18 (150 × 2.1 mm, 3 µm)",Reversed phase,negative,DG07,0,0,[],"[2.213640342464676, 0.6506395168122164, 0.5017734754667105, 0.086409999970354, 0.0859647331130462, -0.528985906387157, 0.8290337629133709, 0.9185763342503146, 0.3412344802256935, 4.724312134499995, 0.6216438366108422, 4.793345194191516, 1.2941176470588236]"
External A,train,HetCD_mixneg__F19961,HetCD_mixneg/HetCD_mixneg__F19961.png,HetCD_mixneg,ST003127,PR001944,Thermo Q Exactive Orbitrap,Thermo Exactive Orbitrap,"Imtakt Cadenza CD-C18 (150 × 2.1 mm, 3 µm)",Reversed phase,negative,DG07,1,1,"[[229.0449438202247, 84.35990338164245, 273.42696629213486, 403.75925925925924]]","[3.022028971173218, 1.831127044401525, 1.9544172830972064, 0.5141304554283461, 0.1595373716155931, -1.3122330163017233, 0.7059053307247287, 2.0327899371326685, 1.8480237503313548, 2.7305598889734264, 0.5810208565399189, 1.8135685632964145, 0.4615384615384615]"
External A,train,HetCD_mixneg__F19982,HetCD_mixneg/HetCD_mixneg__F19982.png,HetCD_mixneg,ST003127,PR001944,Thermo Q Exactive Orbitrap,Thermo Exactive Orbitrap,"Imtakt Cadenza CD-C18 (150 × 2.1 mm, 3 µm)",Reversed phase,negative,DG07,1,1,"[[231.8539325842697, 84.35990338164248, 325.2703373390557, 403.75925925925924]]","[4.072936446695704, 1.7478911671805706, 1.6115397703269092, 0.6084752010151948, 0.0902886947622992, -2.1719258944544446, 1.025552416330476, 2.752593684744952, 1.900285129671592, 5.50548023871908, 0.1747765847498441, 4.282127381241319, 0.9315068493150684]"
External A,train,HetCD_mixneg__F19999,HetCD_mixneg/HetCD_mixneg__F19999.png,HetCD_mixneg,ST003127,PR001944,Thermo Q Exactive Orbitrap,Thermo Exactive Orbitrap,"Imtakt Cadenza CD-C18 (150 × 2.1 mm, 3 µm)",Reversed phase,negative,DG07,0,0,[],"[2.0944865953977843, 0.880549394383439, 0.6164399741005167, 0.1529452381501776, 0.1237285306354668, -0.3885659974710669, 0.8460890658816751, 0.8637303575105194, 0.5000276829040229, 3.1979859547601404, 0.8982127725113144, 3.1329145639793974, 1.0666666666666669]"
External A,train,HetCD_mixneg__F20000,HetCD_mixneg/HetCD_mixneg__F20000.png,HetCD_mixneg,ST003127,PR001944,Thermo Q Exactive Orbitrap,Thermo Exactive Orbitrap,"Imtakt Cadenza CD-C18 (150 × 2.1 mm, 3 µm)",Reversed phase,negative,DG07,1,1,"[[234.66292134831448, 84.3599033816425, 299.83146067415703, 403.75925925925924]]","[3.086647537332981, 1.6886402670071743, 1.313822507102513, 0.4922180427467174, 0.1784397031623565, -1.4443957740241944, 0.6741693265822828, 2.1526514455421584, 1.655632218621011, 3.120562101690189, 0.469309391521085, 2.149869837094248, 0.2666666666666666]"
External A,train,HetCD_mixneg__F20018,HetCD_mixneg/HetCD_mixneg__F20018.png,HetCD_mixneg,ST003127,PR001944,Thermo Q Exactive Orbitrap,Thermo Exactive Orbitrap,"Imtakt Cadenza CD-C18 (150 × 2.1 mm, 3 µm)",Reversed phase,negative,DG07,1,1,"[[227.35955056179776, 84.35990338164248, 275.0778613420364, 403.75925925925924]]","[1.843711811814034, 0.6065979264410704, 1.0623898226152202, 0.0249762832151805, 0.4521511106721661, -0.7436527150584427, 1.10523507478431, 1.3195571771090464, -0.2247729827906167, 4.813368523883351, 0.4333387158741674, 4.791879432707956, 1.2222222222222223]"
External A,train,HetCD_mixneg__F20079,HetCD_mixneg/HetCD_mixneg__F20079.png,HetCD_mixneg,ST003127,PR001944,Thermo Q Exactive Orbitrap,Thermo Exactive Orbitrap,"Imtakt Cadenza CD-C18 (150 × 2.1 mm, 3 µm)",Reversed phase,negative,DG07,1,1,"[[239.71910112359564, 84.35990338164248, 267.808988764045, 403.7592592592593]]","[1.064400402797847, 0.839143046251174, 1.8009583229221473, -0.0238371251742912, 0.6120634957184171, -0.4407477591926383, 0.656435644049596, 1.5889812845473832, -0.3859898859801255, 1.5681341308265289, 0.6170051846938641, 1.9219280948873625, 0.6]"
External A,train,HetCD_mixneg__F20119,HetCD_mixneg/HetCD_mixneg__F20119.png,HetCD_mixneg,ST003127,PR001944,Thermo Q Exactive Orbitrap,Thermo Exactive Orbitrap,"Imtakt Cadenza CD-C18 (150 × 2.1 mm, 3 µm)",Reversed phase,negative,DG07,1,1,"[[234.66292134831448, 84.3599033816425, 268.932584269663, 403.75925925925924]]","[2.675940651752203, 2.267556362834503, 1.6742716331028202, 0.5482570979616492, 0.1792758532838194, -1.0074443443793148, 0.8273243590462787, 1.8121528903177389, 2.0787156740666166, 2.1950665199306747, 0.6108189512028205, 1.121276553644189, 0.2962962962962963]"
External A,train,HetCD_mixneg__F20130,HetCD_mixneg/HetCD_mixneg__F20130.png,HetCD_mixneg,ST003127,PR001944,Thermo Q Exactive Orbitrap,Thermo Exactive Orbitrap,"Imtakt Cadenza CD-C18 (150 × 2.1 mm, 3 µm)",Reversed phase,negative,DG07,1,1,"[[241.40449438202268, 84.35990338164248, 266.68539325842715, 403.75925925925924]]","[1.2450813155905638, 0.7753894241510273, 0.9721138836665668, -0.0075739872293827, 0.4381735208268699, -0.2222321762905591, 1.391889353257799, 1.018710133746873, -0.0869219257288787, 2.2104733660193165, 0.8293891785771762, 2.5216406363433186, 1.0]"
External A,train,HetCD_mixneg__F20135,HetCD_mixneg/HetCD_mixneg__F20135.png,HetCD_mixneg,ST003127,PR001944,Thermo Q Exactive Orbitrap,Thermo Exactive Orbitrap,"Imtakt Cadenza CD-C18 (150 × 2.1 mm, 3 µm)",Reversed phase,negative,DG07,0,0,[],"[1.812984318145654, 0.5454491216797132, 0.5091496414110371, -0.0024190777858487, 0.1634331353859852, -0.6042894745722222, 0.9231995233249334, 1.0438314820895211, -0.3242976859455018, 5.098946733833516, 0.4756545665682359, 4.973040268625502, 1.2857142857142858]"
External A,train,HetCD_mixneg__F20141,HetCD_mixneg/HetCD_mixneg__F20141.png,HetCD_mixneg,ST003127,PR001944,Thermo Q Exactive Orbitrap,Thermo Exactive Orbitrap,"Imtakt Cadenza CD-C18 (150 × 2.1 mm, 3 µm)",Reversed phase,negative,DG07,0,0,[],"[2.4548133546147666, 1.244038881428257, 0.619983111836541, 0.3068412424377126, 0.0879318919966986, -0.3564578672696341, 0.566580761784863, 0.8567937057749999, 1.1638634321482773, 3.135446026181582, 1.3390423755845282, 2.660964047443681, 1.1]"
External A,train,HetCD_mixneg__F20145,HetCD_mixneg/HetCD_mixneg__F20145.png,HetCD_mixneg,ST003127,PR001944,Thermo Q Exactive Orbitrap,Thermo Exactive Orbitrap,"Imtakt Cadenza CD-C18 (150 × 2.1 mm, 3 µm)",Reversed phase,negative,DG07,0,0,[],"[5.414229598817238, 0.5197558258864234, 0.2245038450256247, 0.2803595037226696, 0.0024458731535013, -0.9175291511223737, 0.4488853261138724, 0.5599120440388506, -0.0611531140331089, 8.75533249934131, 0.542373040618567, 6.189847499161775, 1.3346153846153843]"
External A,train,HetCD_mixneg__F20165,HetCD_mixneg/HetCD_mixneg__F20165.png,HetCD_mixneg,ST003127,PR001944,Thermo Q Exactive Orbitrap,Thermo Exactive Orbitrap,"Imtakt Cadenza CD-C18 (150 × 2.1 mm, 3 µm)",Reversed phase,negative,DG07,1,1,"[[237.47191011235927, 84.35990338164248, 325.6741573033708, 403.75925925925924]]","[2.2585817019918344, 0.9946830454667454, 0.7230778370753272, 0.2103951669444439, 0.2489655327201007, -1.6047812167492972, 1.1102539627503765, 2.450579511534981, 0.837429749411466, 5.041697757759388, 0.2413407660164627, 5.199541531706477, 1.0727272727272728]"
External A,train,HetCD_mixneg__F20167,HetCD_mixneg/HetCD_mixneg__F20167.png,HetCD_mixneg,ST003127,PR001944,Thermo Q Exactive Orbitrap,Thermo Exactive Orbitrap,"Imtakt Cadenza CD-C18 (150 × 2.1 mm, 3 µm)",Reversed phase,negative,DG07,1,2,"[[238.77336487887817, 99.97943479682925, 364.4382022471911, 403.75925925925924], [192.5280898876401, 84.35990338164251, 238.77336487887817, 403.75925925925924]]","[2.711092535358026, 0.7215115017132002, 1.3161593902708697, 0.1696868407272519, 0.2482052073091146, -1.66205839610912, 0.8663687538774625, 2.273714725560426, 0.8567242687309422, 5.842617570765298, 0.1927439596026812, 5.827498466892595, 1.2432432432432432]"
External A,train,HetCD_mixneg__F20220,HetCD_mixneg/HetCD_mixneg__F20220.png,HetCD_mixneg,ST003127,PR001944,Thermo Q Exactive Orbitrap,Thermo Exactive Orbitrap,"Imtakt Cadenza CD-C18 (150 × 2.1 mm, 3 µm)",Reversed phase,negative,DG07,1,3,"[[234.10112359550547, 379.94893108135034, 260.39157174019505, 403.75925925925924], [280.73033707865136, 220.20367228388392, 326.69596741284454, 403.75925925925924], [326.69596741284454, 84.35990338164245, 341.40449438202216, 403.75925925925924]]","[2.10283542799432, 1.2971114899100982, 1.832348626628312, 0.2704007049111718, 0.3055856132861551, -1.0555937648582694, 0.806978935272963, 1.9504135075231843, 1.173551296847312, 2.92080380517528, 0.5210526908844634, 2.473851389610045, 0.6666666666666666]"
External A,train,HetCD_mixneg__F20233,HetCD_mixneg/HetCD_mixneg__F20233.png,HetCD_mixneg,ST003127,PR001944,Thermo Q Exactive Orbitrap,Thermo Exactive Orbitrap,"Imtakt Cadenza CD-C18 (150 × 2.1 mm, 3 µm)",Reversed phase,negative,DG07,1,1,"[[227.27343649397767, 84.3599033816425, 276.7977528089891, 403.75925925925924]]","[2.053529959034565, 1.4185477713339492, 1.860696841830976, 0.2914832203372763, 0.3065770432832287, -1.083961310109405, 0.4407615410783889, 2.111248788889229, 1.0599631281027428, 2.186003915886619, 0.6521717244593296, 1.854285871987246, 0.3076923076923077]"
External A,train,HetCD_mixneg__F20282,HetCD_mixneg/HetCD_mixneg__F20282.png,HetCD_mixneg,ST003127,PR001944,Thermo Q Exactive Orbitrap,Thermo Exactive Orbitrap,"Imtakt Cadenza CD-C18 (150 × 2.1 mm, 3 µm)",Reversed phase,negative,DG07,0,0,[],"[1.3069411037948488, 0.8556668505839782, 0.4359168498933073, 0.0249587372014651, 0.1649217079441987, -0.0184629268639776, 0.9983913487954942, 0.6589953794805881, -0.1741504275370352, 3.555346315714461, 0.9175364000205176, 3.1219280948873624, 1.15]"
External A,train,HetCD_mixneg__F20376,HetCD_mixneg/HetCD_mixneg__F20376.png,HetCD_mixneg,ST003127,PR001944,Thermo Q Exactive Orbitrap,Thermo Exactive Orbitrap,"Imtakt Cadenza CD-C18 (150 × 2.1 mm, 3 µm)",Reversed phase,negative,DG07,0,0,[],"[2.3078188498333723, 1.2736458001923316, 0.750842032091955, 0.2943938875861913, 0.0915357608360047, -0.1975556681900749, 0.7416877382896386, 0.4766793286112015, 0.9938746693192444, 2.5016676030110028, 1.3622580331718304, 2.0930692077718898, 1.0]"
External A,train,HetCD_mixneg__F2044,HetCD_mixneg/HetCD_mixneg__F2044.png,HetCD_mixneg,ST003127,PR001944,Thermo Q Exactive Orbitrap,Thermo Exactive Orbitrap,"Imtakt Cadenza CD-C18 (150 × 2.1 mm, 3 µm)",Reversed phase,negative,DG07,1,1,"[[239.7191011235958, 107.02898192960761, 268.370786516854, 403.75925925925924]]","[7.707510703298765, 0.2366902178912507, 0.2576426864338159, 0.149879659824425, 0.0014030819577653, -1.810911897713004, 0.9856023312762536, 1.3205644813585036, 0.4998415546639245, 9.504656287983074, 0.1365418860588332, 5.959212419544251, 1.3306666666666669]"
External A,train,HetCD_mixneg__F20488,HetCD_mixneg/HetCD_mixneg__F20488.png,HetCD_mixneg,ST003127,PR001944,Thermo Q Exactive Orbitrap,Thermo Exactive Orbitrap,"Imtakt Cadenza CD-C18 (150 × 2.1 mm, 3 µm)",Reversed phase,negative,DG07,1,2,"[[231.85393258426953, 84.35990338164251, 270.61797752809, 403.75925925925924], [301.5168539325841, 313.2876423618869, 317.24719101123605, 403.75925925925924]]","[2.406744152087554, 1.5341376403495033, 2.6620203007829257, 0.370353627289022, 0.2188164664648191, -1.2640749017568669, 0.2490878287745015, 2.330861335266125, 1.50062910781302, 2.1030736705431234, 0.7820461324014277, 1.854285871987246, 0.3076923076923077]"
External A,train,HetCD_mixneg__F20532,HetCD_mixneg/HetCD_mixneg__F20532.png,HetCD_mixneg,ST003127,PR001944,Thermo Q Exactive Orbitrap,Thermo Exactive Orbitrap,"Imtakt Cadenza CD-C18 (150 × 2.1 mm, 3 µm)",Reversed phase,negative,DG07,0,0,[],"[2.096243732093147, 0.97536679850215, 0.4061900361883586, 0.1825011799647453, 0.0403596035252043, -0.0384847988389546, 0.5698612105061398, 0.1398997395111806, 0.5906163653471034, 3.8976400849202646, 1.3191279414361587, 3.271415361237162, 1.4074074074074074]"
External A,train,HetCD_mixneg__F20575,HetCD_mixneg/HetCD_mixneg__F20575.png,HetCD_mixneg,ST003127,PR001944,Thermo Q Exactive Orbitrap,Thermo Exactive Orbitrap,"Imtakt Cadenza CD-C18 (150 × 2.1 mm, 3 µm)",Reversed phase,negative,DG07,0,0,[],"[2.3828371969843034, 0.7236582237970421, 0.4802507478541559, 0.1342344570584637, 0.1722318892189401, -0.7901128566330053, 0.9894634921224312, 1.298882729069218, 0.4388594855721575, 6.014901104097893, 0.491981987579718, 5.402589891591938, 1.3146067415730338]"
External A,train,HetCD_mixneg__F20589,HetCD_mixneg/HetCD_mixneg__F20589.png,HetCD_mixneg,ST003127,PR001944,Thermo Q Exactive Orbitrap,Thermo Exactive Orbitrap,"Imtakt Cadenza CD-C18 (150 × 2.1 mm, 3 µm)",Reversed phase,negative,DG07,0,0,[],"[2.486056923174748, 0.8749244385473829, 0.3546765970025678, 0.2007290479030537, 0.0391864860061948, -0.4178910152885004, 0.801981895143353, 0.7776417163694608, 0.4997376104851396, 5.269701702136378, 0.9339164867264412, 4.523379814331582, 1.1935483870967742]"
External A,train,HetCD_mixneg__F20616,HetCD_mixneg/HetCD_mixneg__F20616.png,HetCD_mixneg,ST003127,PR001944,Thermo Q Exactive Orbitrap,Thermo Exactive Orbitrap,"Imtakt Cadenza CD-C18 (150 × 2.1 mm, 3 µm)",Reversed phase,negative,DG07,1,1,"[[234.6629213483144, 84.35990338164248, 267.8089887640451, 403.75925925925924]]","[2.3526290739271856, 1.3332630285040077, 1.183872605810513, 0.3156212342499589, 0.1957017346652395, -0.6706089667218834, 0.8408404957848564, 1.3413917039446486, 1.3511582681642538, 2.900959711887867, 0.9097645343513312, 2.473851389610045, 1.1111111111111112]"
External A,train,HetCD_mixneg__F20631,HetCD_mixneg/HetCD_mixneg__F20631.png,HetCD_mixneg,ST003127,PR001944,Thermo Q Exactive Orbitrap,Thermo Exactive Orbitrap,"Imtakt Cadenza CD-C18 (150 × 2.1 mm, 3 µm)",Reversed phase,negative,DG07,1,2,"[[293.5770916894636, 326.56157877462573, 336.34831460674184, 403.75925925925924], [214.87260215472827, 84.35990338164251, 293.5770916894636, 403.75925925925924]]","[2.5997779240346, 1.4559025600069009, 1.6529173557622523, 0.3788540643714197, 0.1863722343961506, -1.376343959000394, 0.7518584354527702, 2.199789319526419, 1.7405646149501115, 3.5744630349544795, 0.4577857135741309, 3.643523031373309, 0.5517241379310345]"
External A,train,HetCD_mixneg__F20654,HetCD_mixneg/HetCD_mixneg__F20654.png,HetCD_mixneg,ST003127,PR001944,Thermo Q Exactive Orbitrap,Thermo Exactive Orbitrap,"Imtakt Cadenza CD-C18 (150 × 2.1 mm, 3 µm)",Reversed phase,negative,DG07,1,2,"[[235.7865168539324, 176.9323368904168, 279.6067415730339, 403.75925925925924], [297.5842696629212, 129.86563394524302, 339.7191011235958, 403.75925925925924]]","[1.3783110459650325, 0.6400351718901381, 1.5491774517196744, -0.0263717147261378, 0.6768526185009107, -1.139205587502724, 0.7246107274674265, 1.8958920005577868, -0.4107739087567708, 2.8977313100004816, 0.3506015408359355, 3.121928094887362, 0.4]"
External A,train,HetCD_mixneg__F20701,HetCD_mixneg/HetCD_mixneg__F20701.png,HetCD_mixneg,ST003127,PR001944,Thermo Q Exactive Orbitrap,Thermo Exactive Orbitrap,"Imtakt Cadenza CD-C18 (150 × 2.1 mm, 3 µm)",Reversed phase,negative,DG07,1,2,"[[220.6179775280901, 174.28152623133943, 274.55056179775283, 403.75925925925924], [110.50561797752813, 84.35990338164248, 138.5955056179774, 403.75925925925924]]","[1.061987397382032, 0.3283838139619469, 0.9670324284925762, -0.1711019280006361, 0.7527524899787638, -0.6596402858953911, 0.8543362776458161, 1.0250777188126343, -0.622954913783521, 2.91402925340978, 0.3282036523179552, 3.0, 1.0]"
External A,train,HetCD_mixneg__F20789,HetCD_mixneg/HetCD_mixneg__F20789.png,HetCD_mixneg,ST003127,PR001944,Thermo Q Exactive Orbitrap,Thermo Exactive Orbitrap,"Imtakt Cadenza CD-C18 (150 × 2.1 mm, 3 µm)",Reversed phase,negative,DG07,0,0,[],"[2.883065307111292, 1.1217864042302337, 0.2418600537278883, 0.3257396760845074, 0.0194110972369775, -0.4124577592540856, 0.9130677493984634, 0.7291957160914537, 0.7853230582362614, 5.619128916206072, 1.2163210915421865, 3.813719704334805, 1.196078431372549]"
External A,train,HetCD_mixneg__F20816,HetCD_mixneg/HetCD_mixneg__F20816.png,HetCD_mixneg,ST003127,PR001944,Thermo Q Exactive Orbitrap,Thermo Exactive Orbitrap,"Imtakt Cadenza CD-C18 (150 × 2.1 mm, 3 µm)",Reversed phase,negative,DG07,1,2,"[[226.84927421158687, 84.35990338164251, 383.7782202115873, 403.75925925925924], [162.7528089887639, 84.80557945751815, 226.84927421158687, 403.75925925925924]]","[2.294870373818249, 0.7966415198586861, 1.8513718549382967, 0.1504784365738451, 0.2956929428825888, -1.7011728284661465, 1.01244066095394, 2.4332497030006195, 0.9228257356336326, 5.206406603064339, 0.1573559653903578, 5.403856189774727, 1.2]"
External A,train,HetCD_mixneg__F20848,HetCD_mixneg/HetCD_mixneg__F20848.png,HetCD_mixneg,ST003127,PR001944,Thermo Q Exactive Orbitrap,Thermo Exactive Orbitrap,"Imtakt Cadenza CD-C18 (150 × 2.1 mm, 3 µm)",Reversed phase,negative,DG07,1,1,"[[245.89887640449433, 84.35990338164248, 268.370786516854, 403.75925925925924]]","[1.1089071681623883, 1.003153711017606, 0.9285539424857732, 0.0237470556131757, 0.4822618896086257, -0.4503560030022887, 0.701378746257243, 1.5484876891284112, 0.0325173841054606, 0.9977202901215416, 0.7041347803053748, 1.5, 0.25]"
External A,train,HetCD_mixneg__F20887,HetCD_mixneg/HetCD_mixneg__F20887.png,HetCD_mixneg,ST003127,PR001944,Thermo Q Exactive Orbitrap,Thermo Exactive Orbitrap,"Imtakt Cadenza CD-C18 (150 × 2.1 mm, 3 µm)",Reversed phase,negative,DG07,0,1,"[[96.46067415730329, 251.27594742025263, 115.56179775280924, 403.75925925925924]]","[1.7493441844710838, 0.687110970184413, 0.4500462411961686, 0.041786052727027, 0.1858032049654415, -0.0691183474892553, 0.7890373479539015, 0.2164608044031908, 0.3116165585240095, 2.881630194880401, 1.0421163492469585, 3.121928094887362, 1.4]"
External A,train,HetCD_mixneg__F20949,HetCD_mixneg/HetCD_mixneg__F20949.png,HetCD_mixneg,ST003127,PR001944,Thermo Q Exactive Orbitrap,Thermo Exactive Orbitrap,"Imtakt Cadenza CD-C18 (150 × 2.1 mm, 3 µm)",Reversed phase,negative,DG07,1,1,"[[234.10112359550553, 84.3599033816425, 270.0561797752809, 403.75925925925924]]","[1.4988554203857436, 0.5494264728642841, 0.7109919252131477, -0.0401216446529809, 0.3558593454106871, -0.4119141515137719, 0.9552629836229768, 0.9080431832316344, -0.1215234915880728, 3.542161371610569, 0.6043054583182658, 3.6644977792004623, 1.0]"
External A,train,HetCD_mixneg__F20958,HetCD_mixneg/HetCD_mixneg__F20958.png,HetCD_mixneg,ST003127,PR001944,Thermo Q Exactive Orbitrap,Thermo Exactive Orbitrap,"Imtakt Cadenza CD-C18 (150 × 2.1 mm, 3 µm)",Reversed phase,negative,DG07,0,0,[],"[2.212765696842949, 1.1527452843765378, 0.4461077621860499, 0.2492907388182988, 0.18040295445566, -0.1533916958657254, 0.876374139896016, 0.5445287350331365, 0.9079419659019404, 3.1635444223993963, 1.3504639490717665, 2.7463840917077524, 1.263157894736842]"
External A,train,HetCD_mixneg__F20977,HetCD_mixneg/HetCD_mixneg__F20977.png,HetCD_mixneg,ST003127,PR001944,Thermo Q Exactive Orbitrap,Thermo Exactive Orbitrap,"Imtakt Cadenza CD-C18 (150 × 2.1 mm, 3 µm)",Reversed phase,negative,DG07,0,0,[],"[1.952724526096958, 0.6025925637790267, 0.5513026073086328, 0.0367680386121006, 0.1611229801791465, -0.4489266044835662, 1.0797927252249906, 0.8537175381354131, -0.104300543863957, 5.422847357981295, 0.5080474848077297, 5.1171901678340985, 1.309090909090909]"
External A,train,HetCD_mixneg__F20988,HetCD_mixneg/HetCD_mixneg__F20988.png,HetCD_mixneg,ST003127,PR001944,Thermo Q Exactive Orbitrap,Thermo Exactive Orbitrap,"Imtakt Cadenza CD-C18 (150 × 2.1 mm, 3 µm)",Reversed phase,negative,DG07,1,3,"[[230.16853932584263, 316.26002201953577, 273.9887640449438, 403.75925925925924], [75.67415730337046, 84.35990338164248, 130.16853932584286, 403.75925925925924], [333.53932584269694, 364.2647930354152, 362.1910112359552, 403.75925925925924]]","[1.9005403217591568, 1.2946170723935, 1.373790438016466, 0.2381053372733494, 0.2823914198426179, -1.291380857676612, 0.5442268819489053, 2.372835339191087, 1.0235481360078102, 2.613570696364161, 0.4943531353316629, 2.306890595608519, 0.2666666666666666]"
External A,train,HetCD_mixneg__F21017,HetCD_mixneg/HetCD_mixneg__F21017.png,HetCD_mixneg,ST003127,PR001944,Thermo Q Exactive Orbitrap,Thermo Exactive Orbitrap,"Imtakt Cadenza CD-C18 (150 × 2.1 mm, 3 µm)",Reversed phase,negative,DG07,0,0,[],"[1.7362353902655072, 0.7440801375130424, 0.7136176139815202, 0.0591653407329418, 0.2666571310363055, -0.5572508855668329, 1.1265534888654796, 1.1802006806273169, 0.1198989811147119, 4.529401488650634, 0.5236568967389144, 4.388288529831084, 0.9696969696969696]"
External A,train,HetCD_mixneg__F21074,HetCD_mixneg/HetCD_mixneg__F21074.png,HetCD_mixneg,ST003127,PR001944,Thermo Q Exactive Orbitrap,Thermo Exactive Orbitrap,"Imtakt Cadenza CD-C18 (150 × 2.1 mm, 3 µm)",Reversed phase,negative,DG07,0,0,[],"[1.7789046547336032, 0.6836724258043017, 0.7926163260275635, 0.0445766151781182, 0.3228007094183185, -0.4156101086253491, 0.7759391261223022, 0.8071956459987694, -0.0733395992719119, 3.451702830182718, 0.7047634453375622, 3.5898980954642865, 1.2]"
External A,train,HetCD_mixneg__F21088,HetCD_mixneg/HetCD_mixneg__F21088.png,HetCD_mixneg,ST003127,PR001944,Thermo Q Exactive Orbitrap,Thermo Exactive Orbitrap,"Imtakt Cadenza CD-C18 (150 × 2.1 mm, 3 µm)",Reversed phase,negative,DG07,1,2,"[[231.29213483146057, 202.3481593239046, 283.53932584269637, 403.75925925925924], [80.73033707865193, 84.35990338164248, 124.55056179775315, 403.75925925925924]]","[2.213897786631078, 1.276419004603227, 2.216261867424401, 0.281699215397611, 0.2645362113616498, -1.743901341612352, 0.2129924817211665, 2.911656102734907, 1.1259950098422822, 2.788399644729082, 0.5101148278806571, 2.771782221599798, 0.25]"
External A,train,HetCD_mixneg__F21142,HetCD_mixneg/HetCD_mixneg__F21142.png,HetCD_mixneg,ST003127,PR001944,Thermo Q Exactive Orbitrap,Thermo Exactive Orbitrap,"Imtakt Cadenza CD-C18 (150 × 2.1 mm, 3 µm)",Reversed phase,negative,DG07,0,0,[],"[2.190621081500717, 1.0477867057312846, 0.2513372944691215, 0.2168654432720194, 0.0164645379183348, -0.296685464922958, 0.9643630149963922, 0.7962630912899497, 0.6085555106220861, 5.127219384742235, 1.0211423676107652, 3.823321585803, 1.1323529411764706]"
External A,train,HetCD_mixneg__F21194,HetCD_mixneg/HetCD_mixneg__F21194.png,HetCD_mixneg,ST003127,PR001944,Thermo Q Exactive Orbitrap,Thermo Exactive Orbitrap,"Imtakt Cadenza CD-C18 (150 × 2.1 mm, 3 µm)",Reversed phase,negative,DG07,0,0,[],"[1.6924581612324845, 0.890682465699684, 0.5845850168071505, 0.0982010403884246, 0.1632652342600292, -0.2260954721381693, 0.8322082190901824, 0.6043040791035135, 0.0029704129605322, 2.7764154623350734, 1.2065889569234354, 2.617492461184755, 1.0]"
External A,train,HetCD_mixneg__F21200,HetCD_mixneg/HetCD_mixneg__F21200.png,HetCD_mixneg,ST003127,PR001944,Thermo Q Exactive Orbitrap,Thermo Exactive Orbitrap,"Imtakt Cadenza CD-C18 (150 × 2.1 mm, 3 µm)",Reversed phase,negative,DG07,1,2,"[[214.99999999999994, 287.57465245952835, 274.55056179775295, 403.75925925925924], [118.37078651685378, 84.3599033816425, 186.9101123595503, 403.75925925925924]]","[2.537017688541551, 1.525384936215838, 2.4032346835146328, 0.3864925951096685, 0.2146644628114789, -1.538772945543694, 0.6929772500865046, 2.410507896225923, 1.3004528099388677, 3.199344778478859, 0.378936403810524, 2.254252482727041, 0.4285714285714285]"
External A,train,HetCD_mixneg__F21220,HetCD_mixneg/HetCD_mixneg__F21220.png,HetCD_mixneg,ST003127,PR001944,Thermo Q Exactive Orbitrap,Thermo Exactive Orbitrap,"Imtakt Cadenza CD-C18 (150 × 2.1 mm, 3 µm)",Reversed phase,negative,DG07,1,1,"[[236.34831460674135, 84.35990338164251, 274.55056179775255, 403.75925925925924]]","[1.929404614364048, 1.3383990591796309, 1.5550996520676577, 0.2531335723020926, 0.3722900853344649, -0.749901644669158, 0.881608693869455, 1.641692120838237, 0.8177674371800251, 2.552137279243848, 0.5566904596277916, 1.9237949406953985, 0.75]"
External A,train,HetCD_mixneg__F21361,HetCD_mixneg/HetCD_mixneg__F21361.png,HetCD_mixneg,ST003127,PR001944,Thermo Q Exactive Orbitrap,Thermo Exactive Orbitrap,"Imtakt Cadenza CD-C18 (150 × 2.1 mm, 3 µm)",Reversed phase,negative,DG07,0,0,[],"[2.4640317835243595, 1.1290607405508937, 0.5349798896462071, 0.2766963001152274, 0.1538468110456464, -0.4899250929699066, 0.6692570376810161, 1.0981690429736046, 1.0400545330640147, 3.145075528711262, 1.0548051567941, 2.836591668108979, 0.7777777777777778]"
External A,train,HetCD_mixneg__F21415,HetCD_mixneg/HetCD_mixneg__F21415.png,HetCD_mixneg,ST003127,PR001944,Thermo Q Exactive Orbitrap,Thermo Exactive Orbitrap,"Imtakt Cadenza CD-C18 (150 × 2.1 mm, 3 µm)",Reversed phase,negative,DG07,1,1,"[[227.921348314607, 84.35990338164245, 307.6966292134831, 403.75925925925924]]","[2.2238576335968707, 1.061423259369772, 1.1566542430916704, 0.2253679873697497, 0.1689814879480852, -0.9561352254241636, 0.9547543824512236, 1.7077628434160343, 0.7896776841117941, 4.258496099162405, 0.4591515500636131, 3.8336551032246953, 1.1111111111111112]"
External A,train,HetCD_mixneg__F2190,HetCD_mixneg/HetCD_mixneg__F2190.png,HetCD_mixneg,ST003127,PR001944,Thermo Q Exactive Orbitrap,Thermo Exactive Orbitrap,"Imtakt Cadenza CD-C18 (150 × 2.1 mm, 3 µm)",Reversed phase,negative,DG07,1,1,"[[220.6179775280898, 84.3599033816425, 294.21348314606735, 403.75925925925924]]","[2.8979721648901533, 1.362323871562905, 1.493897034112691, 0.3933976466396313, 0.234743161392873, -2.114984770605949, 0.9329396227826988, 2.934891774980506, 1.1837279978008477, 5.777589509422759, 0.1674290013320773, 4.89547355741658, 1.0769230769230769]"
External A,train,HetCD_mixneg__F2196,HetCD_mixneg/HetCD_mixneg__F2196.png,HetCD_mixneg,ST003127,PR001944,Thermo Q Exactive Orbitrap,Thermo Exactive Orbitrap,"Imtakt Cadenza CD-C18 (150 × 2.1 mm, 3 µm)",Reversed phase,negative,DG07,0,0,[],"[4.533657893266398, 0.7443504963261101, 0.2940230446441376, 0.3399113811746218, 0.006318007917981, -1.0190287637010158, 0.9320548288555356, 1.085209451519183, 1.5542534491269269, 8.424167834353236, 0.5514706274129296, 6.142568093655615, 1.343680709534368]"
External A,train,HetCD_mixneg__F2203,HetCD_mixneg/HetCD_mixneg__F2203.png,HetCD_mixneg,ST003127,PR001944,Thermo Q Exactive Orbitrap,Thermo Exactive Orbitrap,"Imtakt Cadenza CD-C18 (150 × 2.1 mm, 3 µm)",Reversed phase,negative,DG07,0,0,[],"[2.636387927981571, 1.081971651789072, 0.4027697165814942, 0.2847123136693764, 0.0329787964281868, -0.291726081152811, 0.8338405063040302, 0.540640288432953, 0.6782028063250043, 4.390171916366472, 1.190000002876069, 3.031065838876111, 1.1162790697674418]"
External A,train,HetCD_mixneg__F2291,HetCD_mixneg/HetCD_mixneg__F2291.png,HetCD_mixneg,ST003127,PR001944,Thermo Q Exactive Orbitrap,Thermo Exactive Orbitrap,"Imtakt Cadenza CD-C18 (150 × 2.1 mm, 3 µm)",Reversed phase,negative,DG07,0,0,[],"[3.992328584188157, 0.6193060569220394, 0.2513996641530097, 0.2396089161236663, 0.0096858789248036, -0.8979866760493359, 0.7941886024533998, 0.97153538420525, 0.6283453879011532, 7.658064391667903, 0.5532426064756711, 5.860322882414461, 1.1007751937984496]"
External A,train,HetCD_mixneg__F2316,HetCD_mixneg/HetCD_mixneg__F2316.png,HetCD_mixneg,ST003127,PR001944,Thermo Q Exactive Orbitrap,Thermo Exactive Orbitrap,"Imtakt Cadenza CD-C18 (150 × 2.1 mm, 3 µm)",Reversed phase,negative,DG07,0,0,[],"[1.9131651369826808, 0.4584681169440556, 0.1415350085555323, -0.0275367515102, 0.0394932743266809, -0.4325903981890169, 0.7787670735259822, 0.6185577410153975, 0.1728417155109662, 5.88238226491847, 0.5215722915556369, 5.627579346565622, 1.3333333333333333]"
External A,train,HetCD_mixneg__F2362,HetCD_mixneg/HetCD_mixneg__F2362.png,HetCD_mixneg,ST003127,PR001944,Thermo Q Exactive Orbitrap,Thermo Exactive Orbitrap,"Imtakt Cadenza CD-C18 (150 × 2.1 mm, 3 µm)",Reversed phase,negative,DG07,0,0,[],"[3.4551077872804545, 0.7673874326785745, 0.2338489856369764, 0.2614301642224593, 0.0058918483408731, -0.5942415040665772, 0.8951398702880595, 0.6908825884680504, 0.4568261820544959, 7.271954248417938, 0.7732137374205448, 5.35433199371816, 1.263157894736842]"
External A,train,HetCD_mixneg__F2413,HetCD_mixneg/HetCD_mixneg__F2413.png,HetCD_mixneg,ST003127,PR001944,Thermo Q Exactive Orbitrap,Thermo Exactive Orbitrap,"Imtakt Cadenza CD-C18 (150 × 2.1 mm, 3 µm)",Reversed phase,negative,DG07,0,0,[],"[2.116540626262098, 1.0552007736950175, 0.6052622867625848, 0.2086261215778652, 0.1531523802722286, -0.1970598484278104, 0.6663302586363304, 0.5676285968764606, 0.4038691671821227, 3.1331205237561126, 1.4027445117182913, 2.473851389610045, 1.1111111111111112]"
External A,train,HetCD_mixneg__F2426,HetCD_mixneg/HetCD_mixneg__F2426.png,HetCD_mixneg,ST003127,PR001944,Thermo Q Exactive Orbitrap,Thermo Exactive Orbitrap,"Imtakt Cadenza CD-C18 (150 × 2.1 mm, 3 µm)",Reversed phase,negative,DG07,0,0,[],"[3.1082319997790173, 0.8538292255252803, 0.2388357519430111, 0.2617265810464133, 0.0090436111206658, -0.4746312977998513, 0.8950576049248812, 0.6250275664998296, 0.2425903332483397, 6.496339196235365, 0.9686182428261452, 4.647098469793855, 1.3243243243243243]"
External A,train,HetCD_mixneg__F2451,HetCD_mixneg/HetCD_mixneg__F2451.png,HetCD_mixneg,ST003127,PR001944,Thermo Q Exactive Orbitrap,Thermo Exactive Orbitrap,"Imtakt Cadenza CD-C18 (150 × 2.1 mm, 3 µm)",Reversed phase,negative,DG07,0,0,[],"[2.818026709366409, 0.6243401723485511, 0.2339594756711059, 0.1397858102933457, 0.0299764586267717, -0.5267861770184693, 0.8463879918631879, 0.6821767666848468, 0.0251682089873569, 6.3457019065632405, 0.7125144482768173, 5.671295279529675, 1.3904761904761904]"
External A,train,HetCD_mixneg__F2459,HetCD_mixneg/HetCD_mixneg__F2459.png,HetCD_mixneg,ST003127,PR001944,Thermo Q Exactive Orbitrap,Thermo Exactive Orbitrap,"Imtakt Cadenza CD-C18 (150 × 2.1 mm, 3 µm)",Reversed phase,negative,DG07,0,0,[],"[2.5288095728870017, 0.7075151345955762, 0.4950576909910531, 0.1444451524364949, 0.0492615673855398, -0.4811047307578059, 0.6106822528529553, 0.7006258990067032, 0.2672695975722444, 4.3710233258482285, 0.6786462091713479, 4.18034360014815, 1.0344827586206895]"
External A,train,HetCD_mixneg__F248,HetCD_mixneg/HetCD_mixneg__F248.png,HetCD_mixneg,ST003127,PR001944,Thermo Q Exactive Orbitrap,Thermo Exactive Orbitrap,"Imtakt Cadenza CD-C18 (150 × 2.1 mm, 3 µm)",Reversed phase,negative,DG07,0,0,[],"[2.9779948846996085, 0.6153328457065013, 0.5760715137988189, 0.1511334934105385, 0.0521000739113021, -0.7054669330387955, 1.0390600533955132, 0.9316632270011528, 0.7401723648600392, 7.80008521848633, 0.5704349262465505, 6.51630794605216, 1.3284671532846717]"
External A,train,HetCD_mixneg__F2502,HetCD_mixneg/HetCD_mixneg__F2502.png,HetCD_mixneg,ST003127,PR001944,Thermo Q Exactive Orbitrap,Thermo Exactive Orbitrap,"Imtakt Cadenza CD-C18 (150 × 2.1 mm, 3 µm)",Reversed phase,negative,DG07,0,0,[],"[2.526554314534117, 0.9970523168916224, 0.2941587194122191, 0.2454024556848904, 0.0202989259773069, -0.3066590442389773, 0.804777290027048, 0.6157117542244672, 0.4372949537905184, 5.1423592564651255, 1.0910185596248911, 3.719720267050973, 1.3134328358208955]"
External A,train,HetCD_mixneg__F2517,HetCD_mixneg/HetCD_mixneg__F2517.png,HetCD_mixneg,ST003127,PR001944,Thermo Q Exactive Orbitrap,Thermo Exactive Orbitrap,"Imtakt Cadenza CD-C18 (150 × 2.1 mm, 3 µm)",Reversed phase,negative,DG07,0,0,[],"[2.1427972095837817, 1.0624166673199005, 0.4863413754775276, 0.2143859384839175, 0.1144900139722198, -0.1704534755024194, 0.9697234738595222, 0.5497425149991375, 0.4275094041247232, 3.279133939198571, 1.1813514266618357, 2.560964047443681, 1.2]"
External A,train,HetCD_mixneg__F2535,HetCD_mixneg/HetCD_mixneg__F2535.png,HetCD_mixneg,ST003127,PR001944,Thermo Q Exactive Orbitrap,Thermo Exactive Orbitrap,"Imtakt Cadenza CD-C18 (150 × 2.1 mm, 3 µm)",Reversed phase,negative,DG07,0,0,[],"[3.3245111008339783, 0.6522680552936311, 0.2984402938455402, 0.1998199314554637, 0.010017648078844, -0.5875829596021562, 0.8418108774910076, 0.6402073272023804, 0.4163852865645728, 6.527483538691524, 0.6882196706875126, 5.468260936501883, 1.322314049586777]"
External A,train,HetCD_mixneg__F2546,HetCD_mixneg/HetCD_mixneg__F2546.png,HetCD_mixneg,ST003127,PR001944,Thermo Q Exactive Orbitrap,Thermo Exactive Orbitrap,"Imtakt Cadenza CD-C18 (150 × 2.1 mm, 3 µm)",Reversed phase,negative,DG07,0,0,[],"[3.963519661279749, 0.8538480115638711, 0.2912796145870853, 0.3408646593794954, 0.0069142267229649, -0.6299325737722036, 0.7098014508460436, 0.599976612971515, 0.4090252084824722, 6.771983670071388, 0.9331812256528492, 4.669529317763913, 1.2696629213483146]"
External A,train,HetCD_mixneg__F2580,HetCD_mixneg/HetCD_mixneg__F2580.png,HetCD_mixneg,ST003127,PR001944,Thermo Q Exactive Orbitrap,Thermo Exactive Orbitrap,"Imtakt Cadenza CD-C18 (150 × 2.1 mm, 3 µm)",Reversed phase,negative,DG07,0,0,[],"[1.9463730819721403, 0.9462277985273316, 0.4803308916837668, 0.1525501139251023, 0.1080024818923511, -0.2278356993580383, 0.5836311806720325, 0.6787815099447421, 0.2062163702778043, 3.124891002013178, 1.1567381941581494, 2.771782221599798, 1.0]"
External A,train,HetCD_mixneg__F2618,HetCD_mixneg/HetCD_mixneg__F2618.png,HetCD_mixneg,ST003127,PR001944,Thermo Q Exactive Orbitrap,Thermo Exactive Orbitrap,"Imtakt Cadenza CD-C18 (150 × 2.1 mm, 3 µm)",Reversed phase,negative,DG07,0,0,[],"[1.6819613194550938, 1.0909208364217449, 0.4159183366030882, 0.1515057030136287, 0.0516506181851567, 0.1240787504422347, 0.8220260280857115, 0.187875803584776, 0.3157249394822277, 2.978321803103672, 1.5050662545497868, 2.409267252251468, 1.4705882352941178]"
External A,train,HetCD_mixneg__F2713,HetCD_mixneg/HetCD_mixneg__F2713.png,HetCD_mixneg,ST003127,PR001944,Thermo Q Exactive Orbitrap,Thermo Exactive Orbitrap,"Imtakt Cadenza CD-C18 (150 × 2.1 mm, 3 µm)",Reversed phase,negative,DG07,0,0,[],"[4.037541470422176, 0.890516852421469, 0.4626133383556755, 0.3613026539767309, 0.0305156934423123, -0.6993943132227322, 0.7293178342876657, 0.7367397692966072, 0.7470093295590264, 5.813487567257097, 0.8968229391684786, 4.324376220321409, 1.1827956989247312]"
External A,train,HetCD_mixneg__F2755,HetCD_mixneg/HetCD_mixneg__F2755.png,HetCD_mixneg,ST003127,PR001944,Thermo Q Exactive Orbitrap,Thermo Exactive Orbitrap,"Imtakt Cadenza CD-C18 (150 × 2.1 mm, 3 µm)",Reversed phase,negative,DG07,1,2,"[[230.81349852633363, 84.35990338164248, 263.314606741573, 403.75925925925924], [217.80898876404498, 249.16796897712578, 230.81349852633363, 403.75925925925924]]","[6.825373179791228, 1.812189835014355, 1.1352010037408644, 0.8250647661415301, 0.0765180385613671, -1.4237256703155934, 0.6603185564577299, 1.383253280763632, 4.385913313810348, 5.612436436665042, 0.9136939813407108, 4.408010805985613, 1.3949579831932772]"
External A,train,HetCD_mixneg__F2782,HetCD_mixneg/HetCD_mixneg__F2782.png,HetCD_mixneg,ST003127,PR001944,Thermo Q Exactive Orbitrap,Thermo Exactive Orbitrap,"Imtakt Cadenza CD-C18 (150 × 2.1 mm, 3 µm)",Reversed phase,negative,DG07,0,0,[],"[2.12970962619385, 0.8751797002346001, 0.6357674434574372, 0.1559246134796183, 0.2249718736376177, -1.199152292986673, 0.9302736767458528, 1.9670023959207, 0.5391773555830194, 5.729848649655181, 0.3411321320023895, 5.357552004618085, 1.048780487804878]"
External A,train,HetCD_mixneg__F2843,HetCD_mixneg/HetCD_mixneg__F2843.png,HetCD_mixneg,ST003127,PR001944,Thermo Q Exactive Orbitrap,Thermo Exactive Orbitrap,"Imtakt Cadenza CD-C18 (150 × 2.1 mm, 3 µm)",Reversed phase,negative,DG07,0,0,[],"[1.8011531749767349, 1.0800966013423623, 0.585688687566412, 0.1681171506690726, 0.1391871979683568, -0.1179057704726437, 1.174249789263923, 0.7082285498161304, 0.4294837750320187, 4.399394801028596, 1.1273099769705437, 3.1388067184095583, 1.181818181818182]"
External A,train,HetCD_mixneg__F2930,HetCD_mixneg/HetCD_mixneg__F2930.png,HetCD_mixneg,ST003127,PR001944,Thermo Q Exactive Orbitrap,Thermo Exactive Orbitrap,"Imtakt Cadenza CD-C18 (150 × 2.1 mm, 3 µm)",Reversed phase,negative,DG07,0,0,[],"[2.393805813458454, 0.4416465405863327, 0.3725505222717254, 0.0122499096198768, 0.0926083669634218, -0.4386186936423545, 1.0001936447959197, 0.7741752488750079, 0.7304562585676783, 5.480877695185363, 0.4584578969583618, 5.533077191053984, 1.346938775510204]"
External A,train,HetCD_mixneg__F3024,HetCD_mixneg/HetCD_mixneg__F3024.png,HetCD_mixneg,ST003127,PR001944,Thermo Q Exactive Orbitrap,Thermo Exactive Orbitrap,"Imtakt Cadenza CD-C18 (150 × 2.1 mm, 3 µm)",Reversed phase,negative,DG07,0,0,[],"[2.165868620982536, 1.2130002775672628, 0.8103529143255989, 0.2585414159331382, 0.1887573720432285, -0.4453242882234629, 0.3811292937859797, 1.1665243942207115, 0.9354812886965534, 2.2401672790046505, 0.9493932077066232, 2.049452072789394, 0.8181818181818182]"
External A,train,HetCD_mixneg__F3036,HetCD_mixneg/HetCD_mixneg__F3036.png,HetCD_mixneg,ST003127,PR001944,Thermo Q Exactive Orbitrap,Thermo Exactive Orbitrap,"Imtakt Cadenza CD-C18 (150 × 2.1 mm, 3 µm)",Reversed phase,negative,DG07,0,0,[],"[1.905465002125452, 0.8969665458021657, 0.3886108260396064, 0.131801190221619, 0.08712467393313, -0.2884662949609505, 0.7532517387413422, 0.8266014685866736, 0.0547971100401419, 4.04773775541109, 0.8877076851361346, 3.374548236208473, 1.1724137931034482]"
External A,train,HetCD_mixneg__F3046,HetCD_mixneg/HetCD_mixneg__F3046.png,HetCD_mixneg,ST003127,PR001944,Thermo Q Exactive Orbitrap,Thermo Exactive Orbitrap,"Imtakt Cadenza CD-C18 (150 × 2.1 mm, 3 µm)",Reversed phase,negative,DG07,0,0,[],"[2.786166916498262, 0.5307206978855558, 0.2066711800046473, 0.0931898449407171, 0.0103070834265348, -0.560703073766409, 0.9048311604382312, 0.6239981101312454, 0.083652225803799, 6.891699385137663, 0.5618899372620969, 6.052336598928717, 1.3661971830985915]"
External A,train,HetCD_mixneg__F3107,HetCD_mixneg/HetCD_mixneg__F3107.png,HetCD_mixneg,ST003127,PR001944,Thermo Q Exactive Orbitrap,Thermo Exactive Orbitrap,"Imtakt Cadenza CD-C18 (150 × 2.1 mm, 3 µm)",Reversed phase,negative,DG07,0,0,[],"[3.2896713332266603, 0.4954835923041499, 0.2031452070432503, 0.1189221479498197, 0.0075318174003561, -0.6531555522768243, 0.7369579388426525, 0.6144174188232655, 0.9090708832870452, 7.537803043322235, 0.5393452567110624, 6.442783675151667, 1.2666666666666666]"
External A,train,HetCD_mixneg__F3143,HetCD_mixneg/HetCD_mixneg__F3143.png,HetCD_mixneg,ST003127,PR001944,Thermo Q Exactive Orbitrap,Thermo Exactive Orbitrap,"Imtakt Cadenza CD-C18 (150 × 2.1 mm, 3 µm)",Reversed phase,negative,DG07,0,0,[],"[2.808033223429683, 0.4824838502478767, 0.6291842436317028, 0.0709296899681592, 0.3293414999078973, -0.5167476550694854, 0.504029834329691, 0.8262478973858357, 2.120505373652991, 3.318200661879656, 0.4573125255556579, 3.4594316186372978, 1.0909090909090908]"
External A,train,HetCD_mixneg__F3231,HetCD_mixneg/HetCD_mixneg__F3231.png,HetCD_mixneg,ST003127,PR001944,Thermo Q Exactive Orbitrap,Thermo Exactive Orbitrap,"Imtakt Cadenza CD-C18 (150 × 2.1 mm, 3 µm)",Reversed phase,negative,DG07,0,0,[],"[3.91486813701778, 0.5853159020104394, 0.1925495956373117, 0.2163552312090145, 0.0023665527843609, -0.7456778930716791, 0.7456235152399379, 0.701544602625212, 0.4716789266184186, 8.242804677423518, 0.5852128777960433, 6.0942464870484905, 1.273209549071618]"
External A,train,HetCD_mixneg__F3247,HetCD_mixneg/HetCD_mixneg__F3247.png,HetCD_mixneg,ST003127,PR001944,Thermo Q Exactive Orbitrap,Thermo Exactive Orbitrap,"Imtakt Cadenza CD-C18 (150 × 2.1 mm, 3 µm)",Reversed phase,negative,DG07,0,0,[],"[1.739012451079586, 1.0479274618114882, 0.2583597226977752, 0.1495822441159036, 0.0270322013387221, -0.1443330991161314, 1.049024474970694, 0.6704353121589557, 0.2701911785581975, 4.356697824276337, 1.0620516235012274, 3.1485396637703325, 1.0952380952380951]"
External A,train,HetCD_mixneg__F3249,HetCD_mixneg/HetCD_mixneg__F3249.png,HetCD_mixneg,ST003127,PR001944,Thermo Q Exactive Orbitrap,Thermo Exactive Orbitrap,"Imtakt Cadenza CD-C18 (150 × 2.1 mm, 3 µm)",Reversed phase,negative,DG07,1,1,"[[219.49438202247194, 84.35990338164248, 447.5842696629214, 403.75925925925924]]","[4.267101243853435, 1.2165258340425005, 1.830007067205112, 0.4907335371226864, 0.1568603072049105, -1.907015632892984, 0.7338512653849179, 2.373891456767573, 3.3005943828333417, 5.652602303171048, 0.2396772872349334, 5.16613134335524, 1.0253164556962024]"
External A,train,HetCD_mixneg__F3264,HetCD_mixneg/HetCD_mixneg__F3264.png,HetCD_mixneg,ST003127,PR001944,Thermo Q Exactive Orbitrap,Thermo Exactive Orbitrap,"Imtakt Cadenza CD-C18 (150 × 2.1 mm, 3 µm)",Reversed phase,negative,DG07,0,0,[],"[4.293973802124875, 0.7464532576077296, 0.1558184851654491, 0.3227618994930921, 0.0015948914652774, -0.6937633850482514, 0.652260251556763, 0.5977886847197086, 0.1432358910305933, 8.78091926115433, 0.8342794813255001, 5.339592877809693, 1.345622119815668]"
External A,train,HetCD_mixneg__F3278,HetCD_mixneg/HetCD_mixneg__F3278.png,HetCD_mixneg,ST003127,PR001944,Thermo Q Exactive Orbitrap,Thermo Exactive Orbitrap,"Imtakt Cadenza CD-C18 (150 × 2.1 mm, 3 µm)",Reversed phase,negative,DG07,0,0,[],"[2.578828320287277, 0.5762433001996781, 0.6367468832625561, 0.0944768135525252, 0.0817639750772434, -0.6146743766780502, 0.2458224317539047, 0.7884026786319434, 0.1681635812702866, 3.921690051471544, 0.696007192693362, 3.892407118592877, 0.9473684210526316]"
External A,train,HetCD_mixneg__F3283,HetCD_mixneg/HetCD_mixneg__F3283.png,HetCD_mixneg,ST003127,PR001944,Thermo Q Exactive Orbitrap,Thermo Exactive Orbitrap,"Imtakt Cadenza CD-C18 (150 × 2.1 mm, 3 µm)",Reversed phase,negative,DG07,0,0,[],"[2.351212436323423, 1.040467535225715, 0.1766070567253798, 0.2363306716299114, 0.0110906954131765, -0.2314226655215504, 0.9713011230147116, 0.5938132984772378, 0.3928266961651355, 6.290001607399518, 1.1838444187296386, 4.000944611769316, 1.21656050955414]"
External A,train,HetCD_mixneg__F3354,HetCD_mixneg/HetCD_mixneg__F3354.png,HetCD_mixneg,ST003127,PR001944,Thermo Q Exactive Orbitrap,Thermo Exactive Orbitrap,"Imtakt Cadenza CD-C18 (150 × 2.1 mm, 3 µm)",Reversed phase,negative,DG07,0,0,[],"[4.969826567686215, 0.8012762879639442, 0.3211968206420809, 0.3963915264443307, 0.0048326601163477, -0.7916760688360787, 0.4858844912049398, 0.6195793905837002, 1.2097416296509242, 7.334617468814718, 0.8305896198990702, 5.165000494030849, 1.2320675105485233]"
External A,train,HetCD_mixneg__F3377,HetCD_mixneg/HetCD_mixneg__F3377.png,HetCD_mixneg,ST003127,PR001944,Thermo Q Exactive Orbitrap,Thermo Exactive Orbitrap,"Imtakt Cadenza CD-C18 (150 × 2.1 mm, 3 µm)",Reversed phase,negative,DG07,0,0,[],"[3.940174582652508, 0.6980620179159096, 0.2105808828257316, 0.2730575784694099, 0.0033781229850685, -0.7506943132929168, 0.850232087222169, 0.7868685840658681, 0.8487051900613378, 7.906218253933133, 0.6891314082201299, 5.72948128903272, 1.2523076923076923]"
External A,train,HetCD_mixneg__F345,HetCD_mixneg/HetCD_mixneg__F345.png,HetCD_mixneg,ST003127,PR001944,Thermo Q Exactive Orbitrap,Thermo Exactive Orbitrap,"Imtakt Cadenza CD-C18 (150 × 2.1 mm, 3 µm)",Reversed phase,negative,DG07,1,1,"[[226.12587419015753, 84.35990338164248, 316.68539325842715, 403.75925925925924]]","[2.092011337295189, 1.172196976793751, 2.2820992558595354, 0.2370721627378779, 0.2839700274656463, -2.289120528393034, 0.9821635105234868, 3.3486906757859667, 0.7620593100004661, 4.872773393980322, 0.1344273385346444, 4.1671509476211535, 0.4516129032258064]"
External A,train,HetCD_mixneg__F3495,HetCD_mixneg/HetCD_mixneg__F3495.png,HetCD_mixneg,ST003127,PR001944,Thermo Q Exactive Orbitrap,Thermo Exactive Orbitrap,"Imtakt Cadenza CD-C18 (150 × 2.1 mm, 3 µm)",Reversed phase,negative,DG07,1,2,"[[163.31460674157296, 84.35990338164248, 402.6866599412273, 403.75925925925924], [113.31460674157302, 238.70530576948377, 128.69789589628346, 403.75925925925924]]","[1.7468766142003798, 0.531172502295394, 1.5494584861761052, -0.0159471092241352, 0.4353623317971832, -1.5409080234290349, 1.0612438055221356, 2.264152514413274, -0.1271829606995322, 7.563768743708129, 0.1411790469743855, 7.050746480569882, 1.3318385650224216]"
External A,train,HetCD_mixneg__F3499,HetCD_mixneg/HetCD_mixneg__F3499.png,HetCD_mixneg,ST003127,PR001944,Thermo Q Exactive Orbitrap,Thermo Exactive Orbitrap,"Imtakt Cadenza CD-C18 (150 × 2.1 mm, 3 µm)",Reversed phase,negative,DG07,0,0,[],"[2.47182125760599, 1.445555860669668, 0.6166364600723837, 0.3591859926992001, 0.0756666075524982, -0.0827421792672606, 0.3886530608352339, 0.3230362232887507, 1.389833622653487, 2.836825183593632, 1.7353004461537949, 2.170950594454669, 1.15]"
External A,train,HetCD_mixneg__F3504,HetCD_mixneg/HetCD_mixneg__F3504.png,HetCD_mixneg,ST003127,PR001944,Thermo Q Exactive Orbitrap,Thermo Exactive Orbitrap,"Imtakt Cadenza CD-C18 (150 × 2.1 mm, 3 µm)",Reversed phase,negative,DG07,0,0,[],"[1.9099273795995364, 0.9493154501781066, 0.7523879406248577, 0.1481588138795167, 0.1642366043525387, 0.0952068229850533, 0.3524888280300846, -0.1526075737502592, 0.8432483696047465, 2.4067524384864, 1.5452190683577465, 2.4193819456463714, 1.5555555555555556]"
External A,train,HetCD_mixneg__F3529,HetCD_mixneg/HetCD_mixneg__F3529.png,HetCD_mixneg,ST003127,PR001944,Thermo Q Exactive Orbitrap,Thermo Exactive Orbitrap,"Imtakt Cadenza CD-C18 (150 × 2.1 mm, 3 µm)",Reversed phase,negative,DG07,0,0,[],"[3.769182406042361, 0.7959824639029331, 0.2423029221801261, 0.301052046239425, 0.0057917460066566, -0.6887170378409474, 1.0219376444744293, 0.771709155947525, 0.5127114044456667, 8.720617024335901, 0.798023218392574, 5.44298998191059, 1.2946708463949843]"
External A,train,HetCD_mixneg__F3618,HetCD_mixneg/HetCD_mixneg__F3618.png,HetCD_mixneg,ST003127,PR001944,Thermo Q Exactive Orbitrap,Thermo Exactive Orbitrap,"Imtakt Cadenza CD-C18 (150 × 2.1 mm, 3 µm)",Reversed phase,negative,DG07,0,0,[],"[2.205603367044553, 0.6827034442868137, 0.2677975946530389, 0.0979117323593598, 0.0397044995152672, -0.4586411444187248, 0.8600402638263078, 0.7817886433243547, 0.2041939173683674, 5.3792112209869645, 0.7081586397426081, 4.865764637179024, 1.1428571428571428]"
External A,train,HetCD_mixneg__F3690,HetCD_mixneg/HetCD_mixneg__F3690.png,HetCD_mixneg,ST003127,PR001944,Thermo Q Exactive Orbitrap,Thermo Exactive Orbitrap,"Imtakt Cadenza CD-C18 (150 × 2.1 mm, 3 µm)",Reversed phase,negative,DG07,1,2,"[[118.37078651685387, 346.77340184656197, 184.10112359550567, 403.75925925925924], [280.4381647214285, 84.35990338164248, 348.7078651685394, 403.75925925925924]]","[4.209642557600662, 1.010399538035413, 0.9344383497917996, 0.4194122014969708, 0.056058330401931, -1.796145368851708, 0.0497840302823331, 1.596439945044179, 3.026445161825336, 4.677893695191872, 0.3767297760424335, 4.572431251322119, 0.9444444444444444]"
External A,train,HetCD_mixneg__F3711,HetCD_mixneg/HetCD_mixneg__F3711.png,HetCD_mixneg,ST003127,PR001944,Thermo Q Exactive Orbitrap,Thermo Exactive Orbitrap,"Imtakt Cadenza CD-C18 (150 × 2.1 mm, 3 µm)",Reversed phase,negative,DG07,0,0,[],"[2.1496705550353647, 1.0255828035914505, 0.2568128712444648, 0.2047526624988016, 0.0250273639036705, -0.158972003865069, 0.5920896768821817, 0.5031165581169922, 0.3137305853289856, 4.865221369773334, 1.1683118846412115, 3.386242627545221, 1.0689655172413792]"
External A,train,HetCD_mixneg__F3712,HetCD_mixneg/HetCD_mixneg__F3712.png,HetCD_mixneg,ST003127,PR001944,Thermo Q Exactive Orbitrap,Thermo Exactive Orbitrap,"Imtakt Cadenza CD-C18 (150 × 2.1 mm, 3 µm)",Reversed phase,negative,DG07,0,0,[],"[4.272249433981896, 1.045807584058519, 0.344729896421786, 0.4367946072068956, 0.0083062893199998, -0.6738176505449515, 0.6457387849982109, 0.6779097287325551, 0.5901124381236537, 6.29192363352985, 1.1175834603644457, 3.7390375068090367, 1.095541401273885]"
External A,train,HetCD_mixneg__F3753,HetCD_mixneg/HetCD_mixneg__F3753.png,HetCD_mixneg,ST003127,PR001944,Thermo Q Exactive Orbitrap,Thermo Exactive Orbitrap,"Imtakt Cadenza CD-C18 (150 × 2.1 mm, 3 µm)",Reversed phase,negative,DG07,1,1,"[[147.5842696629213, 84.35990338164251, 397.5842696629215, 403.75925925925924]]","[1.9165683724272853, 0.4296743901369754, 1.3986434709187554, -0.0401241454712033, 0.6093496446358472, -2.2975009144746616, 0.9173486111473368, 3.1003548881985963, 0.1530432018995972, 6.1646443760445, 0.0584699401845071, 6.075932646911282, 0.8354430379746836]"
External A,train,HetCD_mixneg__F3779,HetCD_mixneg/HetCD_mixneg__F3779.png,HetCD_mixneg,ST003127,PR001944,Thermo Q Exactive Orbitrap,Thermo Exactive Orbitrap,"Imtakt Cadenza CD-C18 (150 × 2.1 mm, 3 µm)",Reversed phase,negative,DG07,1,1,"[[213.87640449438206, 84.35990338164248, 450.9550561797752, 403.75925925925924]]","[6.528752661581216, 1.4363181763914914, 1.4668870576233803, 0.7150571433968338, 0.1422801389819862, -2.34151864022796, 0.6017973080574217, 2.512143312787691, 3.714293533685397, 6.677374042595636, 0.2362996689398815, 5.027530828620307, 1.074866310160428]"
External A,train,HetCD_mixneg__F3848,HetCD_mixneg/HetCD_mixneg__F3848.png,HetCD_mixneg,ST003127,PR001944,Thermo Q Exactive Orbitrap,Thermo Exactive Orbitrap,"Imtakt Cadenza CD-C18 (150 × 2.1 mm, 3 µm)",Reversed phase,negative,DG07,0,0,[],"[1.5415453132662236, 0.966554874503306, 0.3993734768433823, 0.0951672823023113, 0.0560924847257111, 0.0812682246119367, 0.8297611988214083, 0.3130789137753275, 0.0591367940958222, 2.977011139934085, 1.3005998364143705, 2.596791631981637, 1.1333333333333333]"
External A,train,HetCD_mixneg__F3923,HetCD_mixneg/HetCD_mixneg__F3923.png,HetCD_mixneg,ST003127,PR001944,Thermo Q Exactive Orbitrap,Thermo Exactive Orbitrap,"Imtakt Cadenza CD-C18 (150 × 2.1 mm, 3 µm)",Reversed phase,negative,DG07,0,0,[],"[3.3975939068236087, 1.074511066333558, 0.3002826065305574, 0.3664932093503217, 0.0104901252142589, -0.4038918466049606, 0.6880167491425182, 0.4435547974772146, 0.5067223111622099, 6.058356966652162, 1.315086525356894, 3.695495742850484, 1.2463768115942029]"
External A,train,HetCD_mixneg__F3966,HetCD_mixneg/HetCD_mixneg__F3966.png,HetCD_mixneg,ST003127,PR001944,Thermo Q Exactive Orbitrap,Thermo Exactive Orbitrap,"Imtakt Cadenza CD-C18 (150 × 2.1 mm, 3 µm)",Reversed phase,negative,DG07,0,0,[],"[2.357584539144584, 0.5519593765178243, 0.1577361308435845, 0.0609415230229599, 0.0303568227815403, -0.5577752634547793, 0.975324290508743, 0.8311597391174488, 0.5160715307418521, 6.870283764503933, 0.542225021085713, 6.090209285243718, 1.2517985611510791]"
External A,train,HetCD_mixneg__F3994,HetCD_mixneg/HetCD_mixneg__F3994.png,HetCD_mixneg,ST003127,PR001944,Thermo Q Exactive Orbitrap,Thermo Exactive Orbitrap,"Imtakt Cadenza CD-C18 (150 × 2.1 mm, 3 µm)",Reversed phase,negative,DG07,0,0,[],"[4.529642622279299, 1.0844068287183033, 0.7411173183993985, 0.4707026219648035, 0.0228758818254709, -0.5733896381025673, 0.5101401865380476, 0.3740532728670612, 1.8099824680488883, 4.724284719716208, 1.1872872735513698, 3.5590828722076453, 1.36]"
External A,train,HetCD_mixneg__F4025,HetCD_mixneg/HetCD_mixneg__F4025.png,HetCD_mixneg,ST003127,PR001944,Thermo Q Exactive Orbitrap,Thermo Exactive Orbitrap,"Imtakt Cadenza CD-C18 (150 × 2.1 mm, 3 µm)",Reversed phase,negative,DG07,0,0,[],"[1.9366166227338648, 0.936444152333095, 0.2607294059839325, 0.1482220658160443, 0.0375643952963037, -0.1346042048215103, 0.7637883488167065, 0.5164184987736997, 0.1542379666557645, 4.755730450563083, 1.1529697839944335, 3.73228809149574, 1.1428571428571428]"
External A,train,HetCD_mixneg__F4033,HetCD_mixneg/HetCD_mixneg__F4033.png,HetCD_mixneg,ST003127,PR001944,Thermo Q Exactive Orbitrap,Thermo Exactive Orbitrap,"Imtakt Cadenza CD-C18 (150 × 2.1 mm, 3 µm)",Reversed phase,negative,DG07,1,1,"[[231.90640238482388, 84.35990338164248, 281.29213483146077, 403.75925925925924]]","[1.5568227207488423, 0.632609815407085, 1.2518284112565492, -0.0032998241036787, 0.4792887107855417, -0.6356465336205277, 1.4697469057684107, 1.3668897015322297, 0.1383781918310288, 4.068280896644375, 0.4144839944895148, 4.20184123230257, 1.1428571428571428]"
External A,train,HetCD_mixneg__F4049,HetCD_mixneg/HetCD_mixneg__F4049.png,HetCD_mixneg,ST003127,PR001944,Thermo Q Exactive Orbitrap,Thermo Exactive Orbitrap,"Imtakt Cadenza CD-C18 (150 × 2.1 mm, 3 µm)",Reversed phase,negative,DG07,0,0,[],"[1.4292336903161158, 1.0210170590897023, 0.7164581977388476, 0.0897765658322103, 0.2750174757515496, -0.2589897189859572, 1.1146619384739551, 1.1167604939836533, 0.138776661885728, 2.792197268174787, 0.8505450898440906, 2.403677461028802, 0.7857142857142857]"
External A,train,HetCD_mixneg__F4074,HetCD_mixneg/HetCD_mixneg__F4074.png,HetCD_mixneg,ST003127,PR001944,Thermo Q Exactive Orbitrap,Thermo Exactive Orbitrap,"Imtakt Cadenza CD-C18 (150 × 2.1 mm, 3 µm)",Reversed phase,negative,DG07,0,0,[],"[4.069104498909725, 0.5938802464384351, 0.1699860011056755, 0.2325591558139646, 0.0025086193517709, -0.7713808612065675, 0.7475441927931475, 0.7147992334773561, 0.5354833127958925, 8.704687579808784, 0.6093393046919902, 6.441994428963834, 1.3091976516634052]"
External A,train,HetCD_mixneg__F409,HetCD_mixneg/HetCD_mixneg__F409.png,HetCD_mixneg,ST003127,PR001944,Thermo Q Exactive Orbitrap,Thermo Exactive Orbitrap,"Imtakt Cadenza CD-C18 (150 × 2.1 mm, 3 µm)",Reversed phase,negative,DG07,0,1,"[[340.91720459999993, 389.9314098441799, 380.20274359999996, 403.75925925925924]]","[1.3498045506734715, 0.8604533416699423, 2.5627509861265083, 0.0337139594807126, 0.556279246214166, -0.6850410436252411, 0.4499554382554346, 2.0294061648613364, -0.1329784554677262, 1.5543033025950543, 0.7324210280164869, 1.9219280948873625, 0.6]"
External A,train,HetCD_mixneg__F4098,HetCD_mixneg/HetCD_mixneg__F4098.png,HetCD_mixneg,ST003127,PR001944,Thermo Q Exactive Orbitrap,Thermo Exactive Orbitrap,"Imtakt Cadenza CD-C18 (150 × 2.1 mm, 3 µm)",Reversed phase,negative,DG07,0,1,"[[298.70786516853934, 84.35990338164251, 325.1123595505618, 403.75925925925924]]","[2.7982358441542297, 0.7778226451171415, 0.2186817923333059, 0.2009231304988381, 0.0101400440649851, -0.44877029340227, 0.6911594684293416, 0.6501410019612562, 0.2784501859309514, 6.5709531902110685, 0.8481370058940292, 5.171398366585137, 1.118881118881119]"
External A,train,HetCD_mixneg__F4105,HetCD_mixneg/HetCD_mixneg__F4105.png,HetCD_mixneg,ST003127,PR001944,Thermo Q Exactive Orbitrap,Thermo Exactive Orbitrap,"Imtakt Cadenza CD-C18 (150 × 2.1 mm, 3 µm)",Reversed phase,negative,DG07,0,0,[],"[1.6216803408722924, 0.8635544771179091, 0.1644871487334351, 0.0792553084414928, 0.090071564963755, -0.0455957788178088, 0.951307340829338, 0.5004754052292651, -0.0436523155881153, 3.761648064376062, 1.101731966939352, 3.2831565207100213, 1.2608695652173914]"
External A,train,HetCD_mixneg__F4140,HetCD_mixneg/HetCD_mixneg__F4140.png,HetCD_mixneg,ST003127,PR001944,Thermo Q Exactive Orbitrap,Thermo Exactive Orbitrap,"Imtakt Cadenza CD-C18 (150 × 2.1 mm, 3 µm)",Reversed phase,negative,DG07,0,0,[],"[2.733981189366949, 0.8673265789892283, 0.3718839870448268, 0.226761550198086, 0.0259417516570361, -0.3653024939711822, 0.6972388845507258, 0.5584526219085014, 0.7706592672917517, 5.038274326189014, 0.9879098017111916, 4.277362795064168, 1.1538461538461535]"
External A,train,HetCD_mixneg__F4166,HetCD_mixneg/HetCD_mixneg__F4166.png,HetCD_mixneg,ST003127,PR001944,Thermo Q Exactive Orbitrap,Thermo Exactive Orbitrap,"Imtakt Cadenza CD-C18 (150 × 2.1 mm, 3 µm)",Reversed phase,negative,DG07,0,0,[],"[2.740927691157404, 1.0327902934033653, 0.2634185343522725, 0.2822598815023762, 0.0178750717018716, -0.3372746145889276, 0.7858326684877026, 0.6060878479711425, 0.561085984121143, 5.571916932249191, 1.1682666838455356, 3.785564489018207, 1.1397849462365592]"
External A,train,HetCD_mixneg__F4167,HetCD_mixneg/HetCD_mixneg__F4167.png,HetCD_mixneg,ST003127,PR001944,Thermo Q Exactive Orbitrap,Thermo Exactive Orbitrap,"Imtakt Cadenza CD-C18 (150 × 2.1 mm, 3 µm)",Reversed phase,negative,DG07,0,0,[],"[1.7852194990015458, 0.7763570905201155, 0.299303051277712, 0.076634585603412, 0.0990678682208774, -0.2326702285181625, 0.8450502879472517, 0.5796566730484017, -0.1876267264817213, 3.950702967158228, 0.9064636410029056, 3.584962500721156, 1.375]"
External A,train,HetCD_mixneg__F4259,HetCD_mixneg/HetCD_mixneg__F4259.png,HetCD_mixneg,ST003127,PR001944,Thermo Q Exactive Orbitrap,Thermo Exactive Orbitrap,"Imtakt Cadenza CD-C18 (150 × 2.1 mm, 3 µm)",Reversed phase,negative,DG07,0,0,[],"[2.920583416022866, 0.7571198475493367, 0.2524636102515017, 0.2056416427193298, 0.0222738181158304, -0.4244275295967288, 0.8581322825033473, 0.5237310131988775, 0.2052371359034758, 6.2471525177521245, 0.848168963353299, 4.948343528262212, 1.3035714285714286]"
External A,train,HetCD_mixneg__F4346,HetCD_mixneg/HetCD_mixneg__F4346.png,HetCD_mixneg,ST003127,PR001944,Thermo Q Exactive Orbitrap,Thermo Exactive Orbitrap,"Imtakt Cadenza CD-C18 (150 × 2.1 mm, 3 µm)",Reversed phase,negative,DG07,0,0,[],"[1.7815460968378989, 0.9685598110084152, 0.3229142123815402, 0.1344216005612729, 0.0610947043719107, -0.1043062349451542, 0.8539392713057328, 0.6165769350678331, 0.2062368752005376, 4.044140832296914, 1.0752304701445483, 3.170229571393118, 1.096774193548387]"
External A,train,HetCD_mixneg__F4392,HetCD_mixneg/HetCD_mixneg__F4392.png,HetCD_mixneg,ST003127,PR001944,Thermo Q Exactive Orbitrap,Thermo Exactive Orbitrap,"Imtakt Cadenza CD-C18 (150 × 2.1 mm, 3 µm)",Reversed phase,negative,DG07,0,0,[],"[3.289035389406008, 0.8247536772858864, 0.5310945234583921, 0.2686533154555005, 0.0506531023655128, -0.998511165485546, 1.1036882162048598, 1.3730868063486985, 0.8647607316001458, 7.99907186645072, 0.5120209365460974, 5.8683104269187245, 1.2439678284182305]"
External A,train,HetCD_mixneg__F4401,HetCD_mixneg/HetCD_mixneg__F4401.png,HetCD_mixneg,ST003127,PR001944,Thermo Q Exactive Orbitrap,Thermo Exactive Orbitrap,"Imtakt Cadenza CD-C18 (150 × 2.1 mm, 3 µm)",Reversed phase,negative,DG07,0,0,[],"[2.4086878172457293, 0.5256056520317556, 0.0994033275656051, 0.0542337297069788, 0.0031614543110471, -1.0807072865535934, 0.957445166352416, 1.5163911029329644, -0.3166105606594158, 8.425772656560618, 0.2396826650970144, 7.101951760149499, 1.2707317073170732]"
External A,train,HetCD_mixneg__F4405,HetCD_mixneg/HetCD_mixneg__F4405.png,HetCD_mixneg,ST003127,PR001944,Thermo Q Exactive Orbitrap,Thermo Exactive Orbitrap,"Imtakt Cadenza CD-C18 (150 × 2.1 mm, 3 µm)",Reversed phase,negative,DG07,0,0,[],"[3.634531083913216, 0.6307309456670259, 0.3084537509593514, 0.2164840783638688, 0.0238887393878901, -0.6499467429030589, 0.7601604098331448, 0.6034902319621963, 0.079240292806802, 6.481078767385098, 0.702851054023381, 5.391851498529341, 1.4406779661016949]"
External A,train,HetCD_mixneg__F4412,HetCD_mixneg/HetCD_mixneg__F4412.png,HetCD_mixneg,ST003127,PR001944,Thermo Q Exactive Orbitrap,Thermo Exactive Orbitrap,"Imtakt Cadenza CD-C18 (150 × 2.1 mm, 3 µm)",Reversed phase,negative,DG07,0,0,[],"[3.625424811019865, 0.6500195736695715, 0.1719934383375471, 0.2248692180659681, 0.0024430284482657, -0.6538111020813749, 0.8178657712956684, 0.6691573524293748, 0.7642010355674813, 8.225916036037086, 0.680487330901066, 5.989861918894434, 1.3541666666666667]"
External A,train,HetCD_mixneg__F4421,HetCD_mixneg/HetCD_mixneg__F4421.png,HetCD_mixneg,ST003127,PR001944,Thermo Q Exactive Orbitrap,Thermo Exactive Orbitrap,"Imtakt Cadenza CD-C18 (150 × 2.1 mm, 3 µm)",Reversed phase,negative,DG07,0,0,[],"[3.130198174014835, 1.11628343039262, 0.3995353269184551, 0.3516212744750254, 0.013959927026166, -0.3616850690345416, 0.6239040365471265, 0.5050849040514818, 0.7300908927872178, 4.919349717880981, 1.3191526584907851, 3.331954882778696, 1.359375]"
External A,train,HetCD_mixneg__F4451,HetCD_mixneg/HetCD_mixneg__F4451.png,HetCD_mixneg,ST003127,PR001944,Thermo Q Exactive Orbitrap,Thermo Exactive Orbitrap,"Imtakt Cadenza CD-C18 (150 × 2.1 mm, 3 µm)",Reversed phase,negative,DG07,0,0,[],"[1.876440878166568, 0.8790181953407388, 0.2471265125035951, 0.1221217448856528, 0.0355215982067195, -0.2624066693629855, 0.8061081778876693, 0.7461393689964221, -0.0790036129999742, 5.059832271118085, 0.877831828217811, 3.82282409827744, 1.1724137931034482]"
External A,train,HetCD_mixneg__F4485,HetCD_mixneg/HetCD_mixneg__F4485.png,HetCD_mixneg,ST003127,PR001944,Thermo Q Exactive Orbitrap,Thermo Exactive Orbitrap,"Imtakt Cadenza CD-C18 (150 × 2.1 mm, 3 µm)",Reversed phase,negative,DG07,0,0,[],"[2.2688827929650413, 0.9629559077121144, 0.2498482071629331, 0.2020568174788855, 0.012023147117739, -0.1325995258583663, 0.8952639288637045, 0.3530088290499141, 0.3695649202860718, 5.402159849648451, 1.1856367022339322, 4.136916410824772, 1.1948051948051948]"
External A,train,HetCD_mixneg__F4505,HetCD_mixneg/HetCD_mixneg__F4505.png,HetCD_mixneg,ST003127,PR001944,Thermo Q Exactive Orbitrap,Thermo Exactive Orbitrap,"Imtakt Cadenza CD-C18 (150 × 2.1 mm, 3 µm)",Reversed phase,negative,DG07,0,0,[],"[2.764446870859026, 0.9556368472575631, 0.4722433205956567, 0.260286965509067, 0.0379982736931158, -0.4354774434258468, 0.9213202958318968, 0.6946855818901735, 0.8725220011191742, 4.526292978199777, 0.9658277939441194, 3.7568441215341686, 1.15]"
External A,train,HetCD_mixneg__F4519,HetCD_mixneg/HetCD_mixneg__F4519.png,HetCD_mixneg,ST003127,PR001944,Thermo Q Exactive Orbitrap,Thermo Exactive Orbitrap,"Imtakt Cadenza CD-C18 (150 × 2.1 mm, 3 µm)",Reversed phase,negative,DG07,0,0,[],"[2.176910419235448, 1.1106472485856618, 0.3209395127325033, 0.2327140534499495, 0.0290103190494704, -0.230469026924186, 0.8613516968093675, 0.5746445307022306, 0.516249659022718, 4.3275760245518615, 1.1400686188597124, 3.144695089352783, 1.069767441860465]"
External A,train,HetCD_mixneg__F4521,HetCD_mixneg/HetCD_mixneg__F4521.png,HetCD_mixneg,ST003127,PR001944,Thermo Q Exactive Orbitrap,Thermo Exactive Orbitrap,"Imtakt Cadenza CD-C18 (150 × 2.1 mm, 3 µm)",Reversed phase,negative,DG07,0,0,[],"[2.701708574118701, 0.8385802577456961, 0.1930219645877779, 0.2129329215471892, 0.013332345836998, -0.3798777804082339, 0.8109765803167455, 0.6155912803157567, 0.1040593451055343, 6.925208620257486, 0.9359061578280056, 4.827987198351629, 1.3282828282828285]"
External A,train,HetCD_mixneg__F4580,HetCD_mixneg/HetCD_mixneg__F4580.png,HetCD_mixneg,ST003127,PR001944,Thermo Q Exactive Orbitrap,Thermo Exactive Orbitrap,"Imtakt Cadenza CD-C18 (150 × 2.1 mm, 3 µm)",Reversed phase,negative,DG07,0,0,[],"[3.084730263659424, 0.7954271969390787, 0.3769023182419461, 0.2372518920967894, 0.0220533118218635, -0.6363239585564784, 0.7537432715250896, 0.895471190262252, 1.1083005112752655, 5.787289106465432, 0.7434015297718148, 5.0000257696254256, 1.2658227848101269]"
External A,train,HetCD_mixneg__F4601,HetCD_mixneg/HetCD_mixneg__F4601.png,HetCD_mixneg,ST003127,PR001944,Thermo Q Exactive Orbitrap,Thermo Exactive Orbitrap,"Imtakt Cadenza CD-C18 (150 × 2.1 mm, 3 µm)",Reversed phase,negative,DG07,0,0,[],"[3.449608213714652, 0.6862137063148877, 0.1975922259121994, 0.2262348462126197, 0.0080666385787303, -0.6371341237064794, 0.8506557024828527, 0.7227644736093373, 0.5433498669262811, 7.200736974708479, 0.7008903531086986, 5.934749324081306, 1.270408163265306]"
External A,train,HetCD_mixneg__F4610,HetCD_mixneg/HetCD_mixneg__F4610.png,HetCD_mixneg,ST003127,PR001944,Thermo Q Exactive Orbitrap,Thermo Exactive Orbitrap,"Imtakt Cadenza CD-C18 (150 × 2.1 mm, 3 µm)",Reversed phase,negative,DG07,1,1,"[[280.92746331288356, 84.35990338164248, 432.97752808988764, 403.7592592592593]]","[3.344095013640146, 1.6949265054712943, 1.879100187623244, 0.522965287775419, 0.1395708178597129, -2.746193357822156, 0.5062510786251417, 3.62016328060881, 2.1804905710926668, 4.770586901006886, 0.1937053471001311, 4.639994752575354, 0.75]"
External A,train,HetCD_mixneg__F4654,HetCD_mixneg/HetCD_mixneg__F4654.png,HetCD_mixneg,ST003127,PR001944,Thermo Q Exactive Orbitrap,Thermo Exactive Orbitrap,"Imtakt Cadenza CD-C18 (150 × 2.1 mm, 3 µm)",Reversed phase,negative,DG07,0,0,[],"[1.3981296042618565, 0.8664234088143062, 0.402236157400295, 0.043631853419892, 0.1721514027312903, -0.3686615477682266, 0.8389924169982921, 1.195509771419102, -0.1720263451228766, 3.3003907180563963, 0.6696173955389502, 2.813846108638385, 0.8823529411764706]"
External A,train,HetCD_mixneg__F4697,HetCD_mixneg/HetCD_mixneg__F4697.png,HetCD_mixneg,ST003127,PR001944,Thermo Q Exactive Orbitrap,Thermo Exactive Orbitrap,"Imtakt Cadenza CD-C18 (150 × 2.1 mm, 3 µm)",Reversed phase,negative,DG07,0,0,[],"[1.4511435028498618, 0.9207317665519704, 0.2900017498953501, 0.0674640217197096, 0.0605043120430771, 0.0490209295926558, 0.8371307788448734, 0.3067708970548156, 0.0414180090277374, 3.5438345681999346, 1.224454350889472, 3.0337781364463403, 1.238095238095238]"
External A,train,HetCD_mixneg__F4744,HetCD_mixneg/HetCD_mixneg__F4744.png,HetCD_mixneg,ST003127,PR001944,Thermo Q Exactive Orbitrap,Thermo Exactive Orbitrap,"Imtakt Cadenza CD-C18 (150 × 2.1 mm, 3 µm)",Reversed phase,negative,DG07,0,0,[],"[2.760950033084959, 0.5325221606949938, 0.1168034715663844, 0.0917139146317569, 0.0100925178280095, -0.5177832026882959, 0.8864172478008455, 0.5824743554376144, 0.524024290408717, 8.05539180876154, 0.6043579481312567, 6.639762502877208, 1.335483870967742]"
External A,train,HetCD_mixneg__F4772,HetCD_mixneg/HetCD_mixneg__F4772.png,HetCD_mixneg,ST003127,PR001944,Thermo Q Exactive Orbitrap,Thermo Exactive Orbitrap,"Imtakt Cadenza CD-C18 (150 × 2.1 mm, 3 µm)",Reversed phase,negative,DG07,0,0,[],"[3.228693599747851, 0.8553945132076023, 0.2036176401154316, 0.274366490348698, 0.0054515465843083, -0.5959546133532468, 0.6423451558497607, 0.8164817729414523, 0.3727298573189172, 7.128451347881594, 0.857796448150649, 5.045403011091722, 1.1850220264317182]"
External A,train,HetCD_mixneg__F4773,HetCD_mixneg/HetCD_mixneg__F4773.png,HetCD_mixneg,ST003127,PR001944,Thermo Q Exactive Orbitrap,Thermo Exactive Orbitrap,"Imtakt Cadenza CD-C18 (150 × 2.1 mm, 3 µm)",Reversed phase,negative,DG07,0,0,[],"[3.91161520852401, 0.9279412071031804, 0.4487458584627265, 0.364527445103832, 0.0135735662299297, -0.5432359082311189, 0.5995569260045011, 0.4884464414745801, 0.6213643466517214, 5.515324617711402, 1.1176949084059764, 4.062492001110319, 1.25]"
External A,train,HetCD_mixneg__F4795,HetCD_mixneg/HetCD_mixneg__F4795.png,HetCD_mixneg,ST003127,PR001944,Thermo Q Exactive Orbitrap,Thermo Exactive Orbitrap,"Imtakt Cadenza CD-C18 (150 × 2.1 mm, 3 µm)",Reversed phase,negative,DG07,0,0,[],"[2.673533533989959, 0.7856073793589946, 0.2863568223397997, 0.1903804027233745, 0.0639162136314317, -0.4181608681538423, 0.814989578477345, 0.6504563474429852, 0.2319250401918815, 5.230895634985044, 0.8908577726585869, 4.354964473753878, 1.4736842105263157]"
External A,train,HetCD_mixneg__F4833,HetCD_mixneg/HetCD_mixneg__F4833.png,HetCD_mixneg,ST003127,PR001944,Thermo Q Exactive Orbitrap,Thermo Exactive Orbitrap,"Imtakt Cadenza CD-C18 (150 × 2.1 mm, 3 µm)",Reversed phase,negative,DG07,0,0,[],"[2.517266511807738, 0.6380755023065252, 0.4171410424560552, 0.1149787602755202, 0.0779594214526557, -0.61773387413388, 0.794389694924428, 0.8653992994218472, -0.2905457234347033, 4.9899380788634105, 0.5422161692203924, 4.374653569844572, 1.0232558139534884]"
External A,train,HetCD_mixneg__F4845,HetCD_mixneg/HetCD_mixneg__F4845.png,HetCD_mixneg,ST003127,PR001944,Thermo Q Exactive Orbitrap,Thermo Exactive Orbitrap,"Imtakt Cadenza CD-C18 (150 × 2.1 mm, 3 µm)",Reversed phase,negative,DG07,0,0,[],"[2.622576163752839, 0.5901360440422909, 0.5431593475651004, 0.105114323387197, 0.1147345738885921, -0.9092629815387616, 0.8817329425455033, 1.2964446296880054, -0.0218553050495728, 6.563119545733079, 0.372224329580655, 6.197246022983718, 1.452991452991453]"
External A,train,HetCD_mixneg__F485,HetCD_mixneg/HetCD_mixneg__F485.png,HetCD_mixneg,ST003127,PR001944,Thermo Q Exactive Orbitrap,Thermo Exactive Orbitrap,"Imtakt Cadenza CD-C18 (150 × 2.1 mm, 3 µm)",Reversed phase,negative,DG07,0,0,[],"[3.1202933824243813, 0.4642231141031092, 0.193167981463508, 0.0878722962901716, 0.0070675498092521, -0.6677814293673179, 0.8090292819770666, 0.642563366424747, 0.6881722749300411, 7.447598660742237, 0.5071323230452738, 6.445193762967699, 1.2512820512820513]"
External A,train,HetCD_mixneg__F4872,HetCD_mixneg/HetCD_mixneg__F4872.png,HetCD_mixneg,ST003127,PR001944,Thermo Q Exactive Orbitrap,Thermo Exactive Orbitrap,"Imtakt Cadenza CD-C18 (150 × 2.1 mm, 3 µm)",Reversed phase,negative,DG07,0,0,[],"[3.121315384096968, 0.7030017800363609, 0.4287861906823724, 0.2033443830759219, 0.0390466062705671, -0.4599885122869375, 0.6140548995072698, 0.4875702272163915, 0.3707034248746477, 4.768576695567784, 0.7349923775515749, 4.089003828777592, 1.4210526315789471]"
External A,train,HetCD_mixneg__F4990,HetCD_mixneg/HetCD_mixneg__F4990.png,HetCD_mixneg,ST003127,PR001944,Thermo Q Exactive Orbitrap,Thermo Exactive Orbitrap,"Imtakt Cadenza CD-C18 (150 × 2.1 mm, 3 µm)",Reversed phase,negative,DG07,1,1,"[[241.96629213483146, 84.35990338164251, 277.9213483146068, 403.75925925925924]]","[2.4613197357890964, 1.318852986632736, 1.7793667937186215, 0.3269621538938613, 0.2432803467927787, -1.1946603642052718, 1.0584014684005287, 1.979835615912051, 0.9073914721545672, 3.997455018482064, 0.3779219514830462, 2.819944078049516, 0.5853658536585366]"
External A,train,HetCD_mixneg__F504,HetCD_mixneg/HetCD_mixneg__F504.png,HetCD_mixneg,ST003127,PR001944,Thermo Q Exactive Orbitrap,Thermo Exactive Orbitrap,"Imtakt Cadenza CD-C18 (150 × 2.1 mm, 3 µm)",Reversed phase,negative,DG07,0,0,[],"[3.699027072069802, 0.53433609607083, 0.2385464181140073, 0.1726793470283276, 0.0096061142918679, -0.7351176649296253, 0.7470888648560324, 0.6999745359659458, 0.7622517070650452, 7.517943823637555, 0.5610806650770263, 6.282066542660266, 1.3240740740740742]"
External A,train,HetCD_mixneg__F5099,HetCD_mixneg/HetCD_mixneg__F5099.png,HetCD_mixneg,ST003127,PR001944,Thermo Q Exactive Orbitrap,Thermo Exactive Orbitrap,"Imtakt Cadenza CD-C18 (150 × 2.1 mm, 3 µm)",Reversed phase,negative,DG07,0,0,[],"[1.540975223685734, 0.8058522950183804, 0.3572380722290825, 0.0495665631889145, 0.214069141131595, 0.0425792746517247, 0.9096687823076032, 0.3087269806680435, -0.2572135096910679, 4.43342639601758, 1.0545322252853169, 3.754833978778274, 1.4285714285714286]"
External A,train,HetCD_mixneg__F5100,HetCD_mixneg/HetCD_mixneg__F5100.png,HetCD_mixneg,ST003127,PR001944,Thermo Q Exactive Orbitrap,Thermo Exactive Orbitrap,"Imtakt Cadenza CD-C18 (150 × 2.1 mm, 3 µm)",Reversed phase,negative,DG07,0,0,[],"[1.713505331696674, 1.10671969437591, 0.5881918892756901, 0.1608240593812673, 0.1538882626714067, 0.066513562037792, 0.7631610247804503, 0.207560014597576, 0.3537979672402442, 2.566606152066649, 1.6387522669285757, 2.1887870678023824, 1.2307692307692308]"
External A,train,HetCD_mixneg__F5166,HetCD_mixneg/HetCD_mixneg__F5166.png,HetCD_mixneg,ST003127,PR001944,Thermo Q Exactive Orbitrap,Thermo Exactive Orbitrap,"Imtakt Cadenza CD-C18 (150 × 2.1 mm, 3 µm)",Reversed phase,negative,DG07,0,0,[],"[1.8030013913876968, 1.016586316133275, 0.3723116407333498, 0.1512022517240809, 0.0884021361431061, -0.0968873091600313, 0.8635405743401272, 0.5313761979906639, 0.2747261376239124, 3.5416600928037982, 1.1389139419759398, 2.869051181926132, 1.1304347826086956]"
External A,train,HetCD_mixneg__F5199,HetCD_mixneg/HetCD_mixneg__F5199.png,HetCD_mixneg,ST003127,PR001944,Thermo Q Exactive Orbitrap,Thermo Exactive Orbitrap,"Imtakt Cadenza CD-C18 (150 × 2.1 mm, 3 µm)",Reversed phase,negative,DG07,0,0,[],"[2.0957406953693347, 0.8289942974239556, 0.1432175523548062, 0.1363014586980903, 0.0309124716906774, -0.3283675702956106, 0.8823060176091073, 0.7686378596229426, -0.0638114611981379, 5.5737200945455925, 0.8622295277183735, 4.152181400105499, 1.2564102564102564]"
External A,train,HetCD_mixneg__F5217,HetCD_mixneg/HetCD_mixneg__F5217.png,HetCD_mixneg,ST003127,PR001944,Thermo Q Exactive Orbitrap,Thermo Exactive Orbitrap,"Imtakt Cadenza CD-C18 (150 × 2.1 mm, 3 µm)",Reversed phase,negative,DG07,0,0,[],"[2.72691850715357, 1.8458559826509104, 0.5540844602856504, 0.4795392379529727, 0.0528748478006975, -0.3985889811763445, 0.5456939061584265, 0.8571437507214217, 1.4950092972649032, 2.9747267193631863, 1.445981124357833, 1.4930089391424453, 0.6176470588235294]"
External A,train,HetCD_mixneg__F5218,HetCD_mixneg/HetCD_mixneg__F5218.png,HetCD_mixneg,ST003127,PR001944,Thermo Q Exactive Orbitrap,Thermo Exactive Orbitrap,"Imtakt Cadenza CD-C18 (150 × 2.1 mm, 3 µm)",Reversed phase,negative,DG07,0,0,[],"[2.281904869249311, 1.0718912510597405, 0.2833621241701912, 0.2362794630931043, 0.0270986952924588, -0.2165500411603814, 0.7762685619198278, 0.5741911150746194, 0.3837749369387935, 5.349623507359499, 1.156349870580675, 3.49075244255707, 1.152941176470588]"
External A,train,HetCD_mixneg__F5231,HetCD_mixneg/HetCD_mixneg__F5231.png,HetCD_mixneg,ST003127,PR001944,Thermo Q Exactive Orbitrap,Thermo Exactive Orbitrap,"Imtakt Cadenza CD-C18 (150 × 2.1 mm, 3 µm)",Reversed phase,negative,DG07,0,0,[],"[3.228517932054592, 0.7220041773839241, 0.1817221327427691, 0.2215450847117356, 0.0047824966122161, -0.5721849373435568, 0.8317162636411108, 0.6978160865552315, 0.5569064654549748, 7.828537472199841, 0.7636895484901411, 5.574202625534272, 1.3459119496855343]"
External A,train,HetCD_mixneg__F5260,HetCD_mixneg/HetCD_mixneg__F5260.png,HetCD_mixneg,ST003127,PR001944,Thermo Q Exactive Orbitrap,Thermo Exactive Orbitrap,"Imtakt Cadenza CD-C18 (150 × 2.1 mm, 3 µm)",Reversed phase,negative,DG07,0,0,[],"[2.618645148635012, 0.8904307664504267, 0.592277026518016, 0.2216387878569881, 0.0795514038895978, -0.6554355156343544, 0.7512085942525183, 1.038111707419517, 0.3378691914253655, 4.322329527081723, 0.6933741783464434, 3.613765301961098, 1.0]"
External A,train,HetCD_mixneg__F5285,HetCD_mixneg/HetCD_mixneg__F5285.png,HetCD_mixneg,ST003127,PR001944,Thermo Q Exactive Orbitrap,Thermo Exactive Orbitrap,"Imtakt Cadenza CD-C18 (150 × 2.1 mm, 3 µm)",Reversed phase,negative,DG07,0,0,[],"[4.304028308475145, 0.8800228688166096, 0.453638633781201, 0.3790917940528758, 0.0136761256126365, -0.725574190249891, 0.6884517161512126, 0.7102963166834845, 1.048238107921145, 5.983972282828462, 0.9111719207860725, 4.64326321538222, 1.2277227722772277]"
External A,train,HetCD_mixneg__F5294,HetCD_mixneg/HetCD_mixneg__F5294.png,HetCD_mixneg,ST003127,PR001944,Thermo Q Exactive Orbitrap,Thermo Exactive Orbitrap,"Imtakt Cadenza CD-C18 (150 × 2.1 mm, 3 µm)",Reversed phase,negative,DG07,0,0,[],"[2.2424939648180486, 1.0219530136346695, 0.30159798075102, 0.2163933477371652, 0.0299250155768372, -0.2481798173021993, 0.8599519008415953, 0.6064407391263431, 0.2632057506962219, 5.174915424771218, 1.2101012360554353, 3.5654124237607308, 1.1388888888888888]"
External A,train,HetCD_mixneg__F5352,HetCD_mixneg/HetCD_mixneg__F5352.png,HetCD_mixneg,ST003127,PR001944,Thermo Q Exactive Orbitrap,Thermo Exactive Orbitrap,"Imtakt Cadenza CD-C18 (150 × 2.1 mm, 3 µm)",Reversed phase,negative,DG07,1,1,"[[140.41188734908138, 84.35990338164248, 296.4606741573034, 403.75925925925924]]","[1.6434523695057612, 0.7618806787104995, 1.0670113251393805, 0.0515604916672659, 0.3317477664283159, -1.6377451992360232, 1.056372292771605, 2.5878125458011523, -0.0054685654210699, 6.841174672133879, 0.1317461303814526, 6.055020757547362, 1.1976047904191616]"
External A,train,HetCD_mixneg__F5419,HetCD_mixneg/HetCD_mixneg__F5419.png,HetCD_mixneg,ST003127,PR001944,Thermo Q Exactive Orbitrap,Thermo Exactive Orbitrap,"Imtakt Cadenza CD-C18 (150 × 2.1 mm, 3 µm)",Reversed phase,negative,DG07,0,0,[],"[5.0730190168677005, 0.8972707886141902, 0.3026118048317022, 0.4434094314293943, 0.0044122726826975, -0.8702614460573376, 0.6436490459158991, 0.7765565207030126, 0.422589979927396, 7.4581575261740385, 0.9228099112403866, 4.445700671097876, 1.1258278145695364]"
External A,train,HetCD_mixneg__F5422,HetCD_mixneg/HetCD_mixneg__F5422.png,HetCD_mixneg,ST003127,PR001944,Thermo Q Exactive Orbitrap,Thermo Exactive Orbitrap,"Imtakt Cadenza CD-C18 (150 × 2.1 mm, 3 µm)",Reversed phase,negative,DG07,0,0,[],"[4.235478764657702, 0.7824289357247348, 0.205108666681127, 0.3338462332247813, 0.0037271506610606, -0.7573906393334794, 0.6512119516591287, 0.7577002003347941, 0.5442702287929216, 7.999356502824746, 0.8003081571886614, 5.152378316721615, 1.2083333333333333]"
External A,train,HetCD_mixneg__F5454,HetCD_mixneg/HetCD_mixneg__F5454.png,HetCD_mixneg,ST003127,PR001944,Thermo Q Exactive Orbitrap,Thermo Exactive Orbitrap,"Imtakt Cadenza CD-C18 (150 × 2.1 mm, 3 µm)",Reversed phase,negative,DG07,1,1,"[[240.8426966292135, 84.35990338164247, 399.8314606741573, 403.75925925925924]]","[4.063723445384824, 1.8077893768536093, 1.2415342096285165, 0.6204669131235538, 0.189796969646482, -1.83853572392816, 0.6853587107779227, 2.39557305276374, 2.8663896869778185, 4.757778362285375, 0.2956750566444216, 4.522090253173282, 1.1571428571428573]"
External A,train,HetCD_mixneg__F5501,HetCD_mixneg/HetCD_mixneg__F5501.png,HetCD_mixneg,ST003127,PR001944,Thermo Q Exactive Orbitrap,Thermo Exactive Orbitrap,"Imtakt Cadenza CD-C18 (150 × 2.1 mm, 3 µm)",Reversed phase,negative,DG07,0,0,[],"[2.372391513717493, 0.3448530759454521, 0.1690268295279825, -0.0414058961765539, 0.0553639653702415, -0.9194730517444438, 1.0517211373388349, 1.0698877401507711, -1.0583747124582878, 7.121813759322547, 0.2586492306127191, 6.125936766855916, 1.355263157894737]"
External A,train,HetCD_mixneg__F5529,HetCD_mixneg/HetCD_mixneg__F5529.png,HetCD_mixneg,ST003127,PR001944,Thermo Q Exactive Orbitrap,Thermo Exactive Orbitrap,"Imtakt Cadenza CD-C18 (150 × 2.1 mm, 3 µm)",Reversed phase,negative,DG07,0,0,[],"[1.851525537637468, 1.0359458874310137, 0.2288652318068343, 0.164067237981028, 0.0149008725886809, -0.1034015673576483, 0.9851408276734072, 0.6151407662432691, 0.2191546256189306, 4.881117885260019, 1.139670985772124, 3.228282381065477, 1.15]"
External A,train,HetCD_mixneg__F5533,HetCD_mixneg/HetCD_mixneg__F5533.png,HetCD_mixneg,ST003127,PR001944,Thermo Q Exactive Orbitrap,Thermo Exactive Orbitrap,"Imtakt Cadenza CD-C18 (150 × 2.1 mm, 3 µm)",Reversed phase,negative,DG07,0,0,[],"[4.735876592690557, 0.7666843830924633, 0.2334640310881099, 0.3646375289473896, 0.0044999412469833, -0.8029968434677334, 0.6505128629065465, 0.6903025203334087, 0.534209456964664, 8.166229217557417, 0.7919917487888778, 5.131916318780182, 1.3192488262910798]"
External A,train,HetCD_mixneg__F555,HetCD_mixneg/HetCD_mixneg__F555.png,HetCD_mixneg,ST003127,PR001944,Thermo Q Exactive Orbitrap,Thermo Exactive Orbitrap,"Imtakt Cadenza CD-C18 (150 × 2.1 mm, 3 µm)",Reversed phase,negative,DG07,1,1,"[[230.7303370786516, 84.35990338164248, 294.7752808988765, 403.75925925925924]]","[2.426113682128204, 1.4078800863644194, 1.4034775960495744, 0.3439673160450642, 0.263404163310093, -1.5047849799951964, 0.6141688423210847, 2.3899803463630303, 1.0360185187461333, 3.3200998653200275, 0.3427376289082799, 2.3256810541556123, 0.2857142857142857]"
External A,train,HetCD_mixneg__F5565,HetCD_mixneg/HetCD_mixneg__F5565.png,HetCD_mixneg,ST003127,PR001944,Thermo Q Exactive Orbitrap,Thermo Exactive Orbitrap,"Imtakt Cadenza CD-C18 (150 × 2.1 mm, 3 µm)",Reversed phase,negative,DG07,0,0,[],"[3.001616836381844, 1.308943175443768, 0.8143917065435914, 0.3917240533559758, 0.0653309549039633, -0.3609956583723576, 0.4403821977613369, 0.5477041509654679, 1.435243856775823, 3.035843828550184, 1.4039358161281474, 2.419240704636849, 0.9]"
External A,train,HetCD_mixneg__F5594,HetCD_mixneg/HetCD_mixneg__F5594.png,HetCD_mixneg,ST003127,PR001944,Thermo Q Exactive Orbitrap,Thermo Exactive Orbitrap,"Imtakt Cadenza CD-C18 (150 × 2.1 mm, 3 µm)",Reversed phase,negative,DG07,0,0,[],"[2.4629941481089, 0.5727176867788746, 0.3661651581186532, 0.0810952126010771, 0.0434043888215259, -0.4793204054228988, 0.7010206119539824, 0.6766353583062292, 1.087521455412298, 5.120599747094061, 0.6428525450602934, 5.064869077788814, 1.3170731707317074]"
External A,train,HetCD_mixneg__F5611,HetCD_mixneg/HetCD_mixneg__F5611.png,HetCD_mixneg,ST003127,PR001944,Thermo Q Exactive Orbitrap,Thermo Exactive Orbitrap,"Imtakt Cadenza CD-C18 (150 × 2.1 mm, 3 µm)",Reversed phase,negative,DG07,0,0,[],"[4.441032340640629, 0.618194244579804, 0.9332337728096168, 0.2724706029595968, 0.0518518890387892, -1.4696538300577044, 1.066916634047546, 1.6449700784831744, 1.555723738216786, 7.993169877446746, 0.326671788078764, 6.453371305532002, 1.3442622950819672]"
External A,train,HetCD_mixneg__F5717,HetCD_mixneg/HetCD_mixneg__F5717.png,HetCD_mixneg,ST003127,PR001944,Thermo Q Exactive Orbitrap,Thermo Exactive Orbitrap,"Imtakt Cadenza CD-C18 (150 × 2.1 mm, 3 µm)",Reversed phase,negative,DG07,0,0,[],"[3.4619887880709874, 0.6228100117155706, 0.1507762213669509, 0.1981291915879766, 0.0031964654637997, -0.6520127570976375, 0.8677817577568021, 0.6974311852307372, 0.73267091103893, 8.564322123676853, 0.6225563056610822, 6.530034439253507, 1.3192389006342495]"
External A,train,HetCD_mixneg__F5765,HetCD_mixneg/HetCD_mixneg__F5765.png,HetCD_mixneg,ST003127,PR001944,Thermo Q Exactive Orbitrap,Thermo Exactive Orbitrap,"Imtakt Cadenza CD-C18 (150 × 2.1 mm, 3 µm)",Reversed phase,negative,DG07,1,1,"[[294.19074105962085, 84.3599033816425, 319.49438202247194, 403.75925925925924]]","[3.0572401736097388, 2.355971999635275, 2.154817825374426, 0.6129306576116377, 0.134670200980518, -0.3957747113646976, 0.3725276957130769, 0.8312383910768181, 2.971798225773, 1.0304122763082444, 1.6405544490369262, 1.2776134368191154, 0.3636363636363636]"
External A,train,HetCD_mixneg__F5785,HetCD_mixneg/HetCD_mixneg__F5785.png,HetCD_mixneg,ST003127,PR001944,Thermo Q Exactive Orbitrap,Thermo Exactive Orbitrap,"Imtakt Cadenza CD-C18 (150 × 2.1 mm, 3 µm)",Reversed phase,negative,DG07,0,0,[],"[2.6551837303220984, 0.608611028188879, 0.2222066862842535, 0.1166034442094958, 0.0206437627882376, -0.5492260512800148, 0.6705463111900621, 0.7623054171109405, -0.0596911508513281, 6.267417543171682, 0.581582167686843, 5.692438564502202, 1.2121212121212122]"
External A,train,HetCD_mixneg__F5864,HetCD_mixneg/HetCD_mixneg__F5864.png,HetCD_mixneg,ST003127,PR001944,Thermo Q Exactive Orbitrap,Thermo Exactive Orbitrap,"Imtakt Cadenza CD-C18 (150 × 2.1 mm, 3 µm)",Reversed phase,negative,DG07,1,3,"[[174.55056179775303, 245.20508646277995, 224.4605578347679, 403.75925925925924], [224.4605578347679, 88.52699014908367, 284.9256778347674, 403.75925925925924], [284.9256778347674, 84.35990338164247, 359.94382022471933, 403.75925925925924]]","[2.2173641255601706, 0.4866513406530267, 1.220428680322819, 0.016841878555825, 0.4057184204062903, -1.4270180594993451, 0.8586364261740216, 2.007143422065937, 0.0552893660635095, 5.540907094500446, 0.1881246047513962, 5.614712907393388, 1.1320754716981132]"
External A,train,HetCD_mixneg__F5867,HetCD_mixneg/HetCD_mixneg__F5867.png,HetCD_mixneg,ST003127,PR001944,Thermo Q Exactive Orbitrap,Thermo Exactive Orbitrap,"Imtakt Cadenza CD-C18 (150 × 2.1 mm, 3 µm)",Reversed phase,negative,DG07,0,0,[],"[2.4191581883214046, 0.5460985509497518, 0.2958260918200526, 0.0646636278596047, 0.0546916831853012, -1.1494272477353304, 0.9467529606272322, 1.6305980786931946, -0.1850821863971927, 6.655000335273945, 0.2828258844309944, 6.288576770278809, 1.2892561983471074]"
External A,train,HetCD_mixneg__F5901,HetCD_mixneg/HetCD_mixneg__F5901.png,HetCD_mixneg,ST003127,PR001944,Thermo Q Exactive Orbitrap,Thermo Exactive Orbitrap,"Imtakt Cadenza CD-C18 (150 × 2.1 mm, 3 µm)",Reversed phase,negative,DG07,1,1,"[[242.5280898876406, 84.35990338164247, 280.16853932584286, 403.75925925925924]]","[3.0286378503950155, 1.438097069171389, 0.7715128754817058, 0.4277680181838993, 0.0402621249256412, -1.1326869986827142, 1.1160008494757874, 1.75570380451914, 1.4265424493665355, 3.8242472853245193, 0.5002246820425368, 2.617660552469651, 0.5128205128205128]"
External A,train,HetCD_mixneg__F5996,HetCD_mixneg/HetCD_mixneg__F5996.png,HetCD_mixneg,ST003127,PR001944,Thermo Q Exactive Orbitrap,Thermo Exactive Orbitrap,"Imtakt Cadenza CD-C18 (150 × 2.1 mm, 3 µm)",Reversed phase,negative,DG07,0,0,[],"[2.6428301724395102, 0.8034138752623793, 0.5802019363855584, 0.1935818186915427, 0.070069731393945, -0.6856847362777967, 0.714625950421155, 1.1059119969207074, 0.8891057540513151, 4.399416973629748, 0.6729060254191728, 4.386569246460625, 1.2666666666666666]"
External A,train,HetCD_mixneg__F6004,HetCD_mixneg/HetCD_mixneg__F6004.png,HetCD_mixneg,ST003127,PR001944,Thermo Q Exactive Orbitrap,Thermo Exactive Orbitrap,"Imtakt Cadenza CD-C18 (150 × 2.1 mm, 3 µm)",Reversed phase,negative,DG07,1,1,"[[225.73514793724257, 84.3599033816425, 308.2584269662922, 403.75925925925924]]","[1.9670396351524388, 0.6197857497769936, 1.1042621644069552, 0.0451553195402607, 0.3656455595188116, -1.0583190170353496, 1.0732028823140487, 1.6996186220601008, 0.0597190124047503, 6.136511259793392, 0.2906859776164407, 5.9054537961106295, 1.2247191011235956]"
External A,train,HetCD_mixneg__F6025,HetCD_mixneg/HetCD_mixneg__F6025.png,HetCD_mixneg,ST003127,PR001944,Thermo Q Exactive Orbitrap,Thermo Exactive Orbitrap,"Imtakt Cadenza CD-C18 (150 × 2.1 mm, 3 µm)",Reversed phase,negative,DG07,0,0,[],"[3.047051405729708, 1.0306722929874237, 0.1886800135266537, 0.3160239952603256, 0.0042037737694295, -0.4064378373843204, 0.854993903997871, 0.6099394071038, 0.5562688706273192, 6.976388818926437, 1.1067315262791004, 4.252643125986765, 1.2285714285714286]"
External A,train,HetCD_mixneg__F607,HetCD_mixneg/HetCD_mixneg__F607.png,HetCD_mixneg,ST003127,PR001944,Thermo Q Exactive Orbitrap,Thermo Exactive Orbitrap,"Imtakt Cadenza CD-C18 (150 × 2.1 mm, 3 µm)",Reversed phase,negative,DG07,0,0,[],"[3.518192372792114, 1.1033319850852457, 0.4121601677483428, 0.3875441313929659, 0.0157775786094726, -0.5320292811517175, 0.5525107970453174, 0.6690381695625557, 0.8302068973105504, 5.199570617448943, 1.1353037568594029, 3.606483111755808, 1.0657894736842106]"
External A,train,HetCD_mixneg__F6085,HetCD_mixneg/HetCD_mixneg__F6085.png,HetCD_mixneg,ST003127,PR001944,Thermo Q Exactive Orbitrap,Thermo Exactive Orbitrap,"Imtakt Cadenza CD-C18 (150 × 2.1 mm, 3 µm)",Reversed phase,negative,DG07,0,0,[],"[3.1808268105859034, 0.8613344593791362, 0.8461290132291437, 0.2718132419159754, 0.0857276159789369, -0.5147310946379775, 0.7458219899180045, 0.6636688571972439, 1.2862662202014543, 3.688858476842719, 0.7586746950553698, 3.546439344671016, 1.0]"
External A,train,HetCD_mixneg__F6162,HetCD_mixneg/HetCD_mixneg__F6162.png,HetCD_mixneg,ST003127,PR001944,Thermo Q Exactive Orbitrap,Thermo Exactive Orbitrap,"Imtakt Cadenza CD-C18 (150 × 2.1 mm, 3 µm)",Reversed phase,negative,DG07,0,0,[],"[1.7598306647342157, 0.9574885259690712, 0.27077432535024, 0.1279171523161283, 0.0643237931714218, -0.0824135307015205, 1.0162731649926748, 0.5050725090595989, 0.0999182871185124, 4.552701820218095, 1.1640950669964245, 3.4040097573248604, 1.318181818181818]"
External A,train,HetCD_mixneg__F6174,HetCD_mixneg/HetCD_mixneg__F6174.png,HetCD_mixneg,ST003127,PR001944,Thermo Q Exactive Orbitrap,Thermo Exactive Orbitrap,"Imtakt Cadenza CD-C18 (150 × 2.1 mm, 3 µm)",Reversed phase,negative,DG07,0,0,[],"[3.2048495539116875, 0.9841293146560453, 0.4884069922693639, 0.3174350741573732, 0.029770323206756, -0.5417399801945532, 0.8326224798550862, 0.7577044834124699, 0.8434974629485534, 4.981505721099282, 1.0065151401684451, 3.748735409051149, 1.1403508771929824]"
External A,train,HetCD_mixneg__F6203,HetCD_mixneg/HetCD_mixneg__F6203.png,HetCD_mixneg,ST003127,PR001944,Thermo Q Exactive Orbitrap,Thermo Exactive Orbitrap,"Imtakt Cadenza CD-C18 (150 × 2.1 mm, 3 µm)",Reversed phase,negative,DG07,0,0,[],"[3.404564143560144, 0.7450055112146771, 0.4541506311254775, 0.2475337257285834, 0.0318603249809869, -0.5126345394669481, 0.6679210317972414, 0.5110207305734243, 0.5053057801397559, 5.179020948027167, 0.8193726157834069, 4.424086278865619, 1.3461538461538465]"
External A,train,HetCD_mixneg__F6246,HetCD_mixneg/HetCD_mixneg__F6246.png,HetCD_mixneg,ST003127,PR001944,Thermo Q Exactive Orbitrap,Thermo Exactive Orbitrap,"Imtakt Cadenza CD-C18 (150 × 2.1 mm, 3 µm)",Reversed phase,negative,DG07,0,0,[],"[3.408419203527131, 0.9499484282916304, 0.2126648287818141, 0.3261127632388718, 0.004083611320971, -0.4890137690952694, 0.7648036384632348, 0.5936401350667052, 0.5027273600576699, 7.109611172762564, 1.059022447537276, 4.512585204538706, 1.3024193548387095]"
External A,train,HetCD_mixneg__F6259,HetCD_mixneg/HetCD_mixneg__F6259.png,HetCD_mixneg,ST003127,PR001944,Thermo Q Exactive Orbitrap,Thermo Exactive Orbitrap,"Imtakt Cadenza CD-C18 (150 × 2.1 mm, 3 µm)",Reversed phase,negative,DG07,0,0,[],"[2.282448877660253, 0.5602807151717127, 0.2181191978986981, 0.0566785191390853, 0.0293722226615819, -0.7340783931189969, 1.0180221054362524, 1.135846970292847, 0.1042648989396397, 7.820553397885032, 0.4523519798747246, 6.702460418507505, 1.3345588235294117]"
External A,train,HetCD_mixneg__F6299,HetCD_mixneg/HetCD_mixneg__F6299.png,HetCD_mixneg,ST003127,PR001944,Thermo Q Exactive Orbitrap,Thermo Exactive Orbitrap,"Imtakt Cadenza CD-C18 (150 × 2.1 mm, 3 µm)",Reversed phase,negative,DG07,0,0,[],"[2.7986165915375705, 1.087568515914193, 0.7615603711058633, 0.3057475676386254, 0.0708391991491203, -0.6588729197000246, 0.7308922427179573, 1.1766497819025905, 1.136453425784359, 3.849955572111264, 0.9568496536189778, 3.1280852788913944, 0.9642857142857144]"
External A,train,HetCD_mixneg__F6310,HetCD_mixneg/HetCD_mixneg__F6310.png,HetCD_mixneg,ST003127,PR001944,Thermo Q Exactive Orbitrap,Thermo Exactive Orbitrap,"Imtakt Cadenza CD-C18 (150 × 2.1 mm, 3 µm)",Reversed phase,negative,DG07,0,0,[],"[3.6918561934568297, 0.6125875867430629, 0.1480905581117356, 0.212398742239186, 0.0026964807182087, -0.7241243306113555, 0.8552188330075025, 0.7530106967860228, 0.6144674270965992, 8.656054894675265, 0.6124473925404207, 6.620468684902468, 1.3226452905811623]"
External A,train,HetCD_mixneg__F6329,HetCD_mixneg/HetCD_mixneg__F6329.png,HetCD_mixneg,ST003127,PR001944,Thermo Q Exactive Orbitrap,Thermo Exactive Orbitrap,"Imtakt Cadenza CD-C18 (150 × 2.1 mm, 3 µm)",Reversed phase,negative,DG07,0,0,[],"[2.698503846487003, 0.6580936432386578, 0.239775471566568, 0.1423688503507305, 0.017809469160815, -0.7401236579254137, 0.8695508498569838, 1.0984150232046035, 0.333518815694201, 6.539495636327696, 0.5339697413331316, 5.624596429175261, 1.2396694214876034]"
External A,train,HetCD_mixneg__F6356,HetCD_mixneg/HetCD_mixneg__F6356.png,HetCD_mixneg,ST003127,PR001944,Thermo Q Exactive Orbitrap,Thermo Exactive Orbitrap,"Imtakt Cadenza CD-C18 (150 × 2.1 mm, 3 µm)",Reversed phase,negative,DG07,0,0,[],"[1.6853887778927006, 1.152926720384361, 1.2281961490099216, 0.1677794139684627, 0.3279843892260601, -0.763243494950111, 0.6610123923267823, 1.4539988595435065, 0.5316719479162612, 2.278546517128283, 0.7617258391407958, 2.049452072789394, 0.4545454545454545]"
External A,train,HetCD_mixneg__F6367,HetCD_mixneg/HetCD_mixneg__F6367.png,HetCD_mixneg,ST003127,PR001944,Thermo Q Exactive Orbitrap,Thermo Exactive Orbitrap,"Imtakt Cadenza CD-C18 (150 × 2.1 mm, 3 µm)",Reversed phase,negative,DG07,0,0,[],"[2.6723034784204094, 0.6666076309294361, 0.1910617549666305, 0.1432300024674202, 0.0084015198705532, -0.6662387689374671, 0.8784540257333058, 0.9650966224812751, 0.4384592669745301, 6.980393872761572, 0.589121145386382, 6.078960957763614, 1.2331288343558282]"
External A,train,HetCD_mixneg__F6386,HetCD_mixneg/HetCD_mixneg__F6386.png,HetCD_mixneg,ST003127,PR001944,Thermo Q Exactive Orbitrap,Thermo Exactive Orbitrap,"Imtakt Cadenza CD-C18 (150 × 2.1 mm, 3 µm)",Reversed phase,negative,DG07,1,1,"[[231.29213483146066, 84.35990338164251, 351.7079004076555, 403.75925925925924]]","[3.796075889919421, 2.139017739499232, 1.4412396817837572, 0.658958826740508, 0.1612931416387624, -1.7427689636546695, 0.4026101604034016, 2.444950055928816, 3.06074959820371, 3.634415759252364, 0.4783322138390778, 3.795622735903261, 1.0975609756097562]"
External A,train,HetCD_mixneg__F6391,HetCD_mixneg/HetCD_mixneg__F6391.png,HetCD_mixneg,ST003127,PR001944,Thermo Q Exactive Orbitrap,Thermo Exactive Orbitrap,"Imtakt Cadenza CD-C18 (150 × 2.1 mm, 3 µm)",Reversed phase,negative,DG07,0,0,[],"[2.8069171568261155, 0.9127836785939576, 0.5530438457917011, 0.2506771075642762, 0.0644924864966409, -0.6315655422842007, 0.953866473825956, 1.0296617906289602, 0.8973216249537344, 4.9183261651873424, 0.8035295188338277, 4.014118823749609, 1.06]"
External A,train,HetCD_mixneg__F6408,HetCD_mixneg/HetCD_mixneg__F6408.png,HetCD_mixneg,ST003127,PR001944,Thermo Q Exactive Orbitrap,Thermo Exactive Orbitrap,"Imtakt Cadenza CD-C18 (150 × 2.1 mm, 3 µm)",Reversed phase,negative,DG07,0,0,[],"[2.035744255220441, 0.9107720362779668, 0.357575203858896, 0.1544390287003076, 0.1456793617846508, -0.2275805242012927, 0.8343936875303164, 0.6537595943068822, 0.1301188488008519, 3.420482464856727, 1.0548434806101357, 2.9847696187067423, 1.0526315789473684]"
External A,train,HetCD_mixneg__F641,HetCD_mixneg/HetCD_mixneg__F641.png,HetCD_mixneg,ST003127,PR001944,Thermo Q Exactive Orbitrap,Thermo Exactive Orbitrap,"Imtakt Cadenza CD-C18 (150 × 2.1 mm, 3 µm)",Reversed phase,negative,DG07,0,0,[],"[2.037176798145968, 1.1555345652867737, 0.2931316012788669, 0.2245367148413085, 0.0509276888238243, -0.2533090279488353, 0.6361951797600026, 0.7851982640060319, 0.553887024772311, 4.114372279011083, 1.0714701020309365, 2.817744119417275, 0.8717948717948718]"
External A,train,HetCD_mixneg__F6425,HetCD_mixneg/HetCD_mixneg__F6425.png,HetCD_mixneg,ST003127,PR001944,Thermo Q Exactive Orbitrap,Thermo Exactive Orbitrap,"Imtakt Cadenza CD-C18 (150 × 2.1 mm, 3 µm)",Reversed phase,negative,DG07,0,0,[],"[2.3047603007640616, 0.9560211776644066, 0.4416126241399614, 0.2045811290720551, 0.0479636218013412, -0.4247182205562196, 0.7422046645996174, 0.9306986427720308, 0.646271591092938, 3.882287821264973, 0.9000906434626985, 3.345851989338261, 0.9615384615384616]"
External A,train,HetCD_mixneg__F6507,HetCD_mixneg/HetCD_mixneg__F6507.png,HetCD_mixneg,ST003127,PR001944,Thermo Q Exactive Orbitrap,Thermo Exactive Orbitrap,"Imtakt Cadenza CD-C18 (150 × 2.1 mm, 3 µm)",Reversed phase,negative,DG07,0,0,[],"[2.213508791320164, 1.0613766099550124, 0.4717262741856595, 0.2239326710046789, 0.1114027303816467, -0.2503278699353492, 0.8308608397564092, 0.7070005147975915, 0.4627607995151462, 3.8344176851947496, 1.19223163350419, 3.0199475844790733, 1.206896551724138]"
External A,train,HetCD_mixneg__F6527,HetCD_mixneg/HetCD_mixneg__F6527.png,HetCD_mixneg,ST003127,PR001944,Thermo Q Exactive Orbitrap,Thermo Exactive Orbitrap,"Imtakt Cadenza CD-C18 (150 × 2.1 mm, 3 µm)",Reversed phase,negative,DG07,1,1,"[[225.3003717494292, 84.35990338164251, 321.0710723404252, 403.75925925925924]]","[3.229059793464584, 1.4961883274215508, 2.0023549270957632, 0.4647340167754913, 0.1850170379012505, -2.6173674686536312, 0.7730706430763399, 3.4506951231431566, 1.8346060208642927, 5.4847613822941765, 0.1292308500151074, 5.156178820151863, 0.822429906542056]"
External A,train,HetCD_mixneg__F6528,HetCD_mixneg/HetCD_mixneg__F6528.png,HetCD_mixneg,ST003127,PR001944,Thermo Q Exactive Orbitrap,Thermo Exactive Orbitrap,"Imtakt Cadenza CD-C18 (150 × 2.1 mm, 3 µm)",Reversed phase,negative,DG07,0,0,[],"[3.5976030345691146, 0.8495956584954973, 0.3528568985150343, 0.3071223324852647, 0.0099979906958965, -0.5410593192887548, 0.4553655894352834, 0.555891655066271, 0.5720592994010775, 6.012531445099396, 0.8693719424368714, 4.379271328073136, 1.2884615384615383]"
External A,train,HetCD_mixneg__F6535,HetCD_mixneg/HetCD_mixneg__F6535.png,HetCD_mixneg,ST003127,PR001944,Thermo Q Exactive Orbitrap,Thermo Exactive Orbitrap,"Imtakt Cadenza CD-C18 (150 × 2.1 mm, 3 µm)",Reversed phase,negative,DG07,0,0,[],"[2.632182300197287, 0.6129123979130972, 0.233297079702849, 0.1161588017163582, 0.0126965298890365, -0.5530835111880578, 0.9009209082814952, 0.7841030117776776, 0.7096861085579318, 6.26730646840894, 0.603920411378107, 5.887813634441777, 1.2210526315789474]"
External A,train,HetCD_mixneg__F6587,HetCD_mixneg/HetCD_mixneg__F6587.png,HetCD_mixneg,ST003127,PR001944,Thermo Q Exactive Orbitrap,Thermo Exactive Orbitrap,"Imtakt Cadenza CD-C18 (150 × 2.1 mm, 3 µm)",Reversed phase,negative,DG07,0,0,[],"[2.766561002371738, 0.5484811655944765, 0.5514267470964564, 0.0999233713720869, 0.1190912694921063, -0.4402739032857606, 0.916766029845, 0.6850007840175192, 1.142407589803318, 4.503637614452225, 0.578576799296533, 4.469670487371861, 1.4615384615384617]"
External A,train,HetCD_mixneg__F6600,HetCD_mixneg/HetCD_mixneg__F6600.png,HetCD_mixneg,ST003127,PR001944,Thermo Q Exactive Orbitrap,Thermo Exactive Orbitrap,"Imtakt Cadenza CD-C18 (150 × 2.1 mm, 3 µm)",Reversed phase,negative,DG07,0,0,[],"[3.4122629609522845, 0.7678496219268423, 0.2278903541032776, 0.2576911505694777, 0.0055914514350932, -0.6176341711058311, 0.8155059948904488, 0.7485231382913188, 0.5559282601158319, 7.189654997013159, 0.7585621546722284, 5.445572741984497, 1.2641509433962264]"
External A,train,HetCD_mixneg__F6626,HetCD_mixneg/HetCD_mixneg__F6626.png,HetCD_mixneg,ST003127,PR001944,Thermo Q Exactive Orbitrap,Thermo Exactive Orbitrap,"Imtakt Cadenza CD-C18 (150 × 2.1 mm, 3 µm)",Reversed phase,negative,DG07,0,0,[],"[2.397033657028844, 0.7995378351248527, 0.7742085488574522, 0.1638348293920961, 0.0793348797339133, -0.4518910794127507, 0.906558735230052, 0.8323901923387185, 0.8447645104896676, 4.09638504192681, 0.7395344926663548, 3.943465189601647, 0.8]"
External A,train,HetCD_mixneg__F6632,HetCD_mixneg/HetCD_mixneg__F6632.png,HetCD_mixneg,ST003127,PR001944,Thermo Q Exactive Orbitrap,Thermo Exactive Orbitrap,"Imtakt Cadenza CD-C18 (150 × 2.1 mm, 3 µm)",Reversed phase,negative,DG07,0,0,[],"[5.1851387450444895, 1.0710870491065383, 0.6635656257971999, 0.5154588782510166, 0.014748393012845, -0.8312974802400885, 0.5100097652550735, 0.6936964957960874, 1.853766724086251, 5.300728623323522, 0.9931802071302496, 3.745467242329536, 1.3243243243243243]"
External A,train,HetCD_mixneg__F6654,HetCD_mixneg/HetCD_mixneg__F6654.png,HetCD_mixneg,ST003127,PR001944,Thermo Q Exactive Orbitrap,Thermo Exactive Orbitrap,"Imtakt Cadenza CD-C18 (150 × 2.1 mm, 3 µm)",Reversed phase,negative,DG07,0,0,[],"[2.2605553387317983, 1.0551255933472286, 0.2126355479306507, 0.2285504612111217, 0.0168261615653473, -0.2437590736853716, 0.8534290755192098, 0.6622707006833074, 0.3011479790561644, 6.135546826081976, 1.1430151629044745, 3.8135514672236814, 1.186206896551724]"
External A,train,HetCD_mixneg__F6699,HetCD_mixneg/HetCD_mixneg__F6699.png,HetCD_mixneg,ST003127,PR001944,Thermo Q Exactive Orbitrap,Thermo Exactive Orbitrap,"Imtakt Cadenza CD-C18 (150 × 2.1 mm, 3 µm)",Reversed phase,negative,DG07,0,0,[],"[2.3979120528257263, 0.5831531589055151, 0.3181770757003228, 0.0788825638046249, 0.0275136620430011, -0.4850493358189587, 0.7348549532224591, 0.7212155425097543, 0.7677394096762933, 5.239379145446286, 0.6042944355225859, 5.075077818503819, 1.288888888888889]"
External A,train,HetCD_mixneg__F6869,HetCD_mixneg/HetCD_mixneg__F6869.png,HetCD_mixneg,ST003127,PR001944,Thermo Q Exactive Orbitrap,Thermo Exactive Orbitrap,"Imtakt Cadenza CD-C18 (150 × 2.1 mm, 3 µm)",Reversed phase,negative,DG07,0,0,[],"[3.0307550253257145, 0.8447089702123666, 0.7151601260150316, 0.2504329280389228, 0.1234550760518704, -0.8704442777570084, 0.8215839259236414, 1.2687776775430657, 0.7228996813176082, 4.723474556993495, 0.5741594033704817, 4.113172736114331, 1.0]"
External A,train,HetCD_mixneg__F6904,HetCD_mixneg/HetCD_mixneg__F6904.png,HetCD_mixneg,ST003127,PR001944,Thermo Q Exactive Orbitrap,Thermo Exactive Orbitrap,"Imtakt Cadenza CD-C18 (150 × 2.1 mm, 3 µm)",Reversed phase,negative,DG07,0,0,[],"[3.81651925045894, 0.9624537240919888, 0.3532688765066905, 0.3685865252075672, 0.0129528765984188, -0.6243715720354226, 0.5313335846272891, 0.7032390355727074, 0.529375261478051, 5.938604661783492, 1.0560446535865649, 4.06103371635276, 1.1607142857142858]"
External A,train,HetCD_mixneg__F6937,HetCD_mixneg/HetCD_mixneg__F6937.png,HetCD_mixneg,ST003127,PR001944,Thermo Q Exactive Orbitrap,Thermo Exactive Orbitrap,"Imtakt Cadenza CD-C18 (150 × 2.1 mm, 3 µm)",Reversed phase,negative,DG07,0,0,[],"[2.0066835644811407, 1.0117029937701305, 0.1737043160248824, 0.1804366788624204, 0.0148719959814207, -0.158434539117897, 0.9417561930653144, 0.6055563195374424, 0.2052938581988831, 6.234710044427866, 1.1289407644497909, 3.932293519736165, 1.2416107382550337]"
External A,train,HetCD_mixneg__F7071,HetCD_mixneg/HetCD_mixneg__F7071.png,HetCD_mixneg,ST003127,PR001944,Thermo Q Exactive Orbitrap,Thermo Exactive Orbitrap,"Imtakt Cadenza CD-C18 (150 × 2.1 mm, 3 µm)",Reversed phase,negative,DG07,0,0,[],"[2.4737973812958534, 0.6186413015344496, 0.3845359963563808, 0.1021580215931908, 0.0476427757525096, -0.5016635816919747, 0.7866520931706859, 0.7227646050325437, 0.5652307728808004, 4.890685049170365, 0.5741319495981613, 4.831074987250575, 1.4054054054054057]"
External A,train,HetCD_mixneg__F7154,HetCD_mixneg/HetCD_mixneg__F7154.png,HetCD_mixneg,ST003127,PR001944,Thermo Q Exactive Orbitrap,Thermo Exactive Orbitrap,"Imtakt Cadenza CD-C18 (150 × 2.1 mm, 3 µm)",Reversed phase,negative,DG07,0,0,[],"[3.5793672241078216, 1.1123244335133706, 0.4153883379221512, 0.3963229569119706, 0.0148862273318176, -0.5640489983753769, 0.645570963107372, 0.7223695798835235, 0.9940219140819004, 5.236345010085349, 1.1144025540227231, 3.443275192998829, 1.1282051282051282]"
External A,train,HetCD_mixneg__F7164,HetCD_mixneg/HetCD_mixneg__F7164.png,HetCD_mixneg,ST003127,PR001944,Thermo Q Exactive Orbitrap,Thermo Exactive Orbitrap,"Imtakt Cadenza CD-C18 (150 × 2.1 mm, 3 µm)",Reversed phase,negative,DG07,0,0,[],"[2.5261241104000387, 1.0796870903865134, 0.3881393374339592, 0.2703787538529178, 0.0455631236408363, -0.3858207059736319, 0.7024641071621046, 0.8119631349425802, 0.5960712906265789, 4.740433668239382, 1.1155658032528153, 3.4107785760989566, 1.0909090909090908]"
External A,train,HetCD_mixneg__F7200,HetCD_mixneg/HetCD_mixneg__F7200.png,HetCD_mixneg,ST003127,PR001944,Thermo Q Exactive Orbitrap,Thermo Exactive Orbitrap,"Imtakt Cadenza CD-C18 (150 × 2.1 mm, 3 µm)",Reversed phase,negative,DG07,0,0,[],"[1.9267683545962813, 0.444497135452472, 0.2365201324912728, -0.032348373077047, 0.0408743878418746, -0.8198690610125577, 0.8547163502013037, 1.2037750373696057, -0.6172257575908593, 5.020921949567751, 0.3486715876658556, 5.047291203466789, 1.2972972972972974]"
External A,train,HetCD_mixneg__F7216,HetCD_mixneg/HetCD_mixneg__F7216.png,HetCD_mixneg,ST003127,PR001944,Thermo Q Exactive Orbitrap,Thermo Exactive Orbitrap,"Imtakt Cadenza CD-C18 (150 × 2.1 mm, 3 µm)",Reversed phase,negative,DG07,0,0,[],"[2.834619051903853, 0.9462745281634544, 0.2185614116826698, 0.2650924517144208, 0.0097531158368097, -0.3337925710776627, 0.8235791667001626, 0.4858245815356375, 0.4121556768754815, 6.415273745922683, 1.0825594173645765, 4.335178952539216, 1.2156862745098038]"
External A,train,HetCD_mixneg__F7271,HetCD_mixneg/HetCD_mixneg__F7271.png,HetCD_mixneg,ST003127,PR001944,Thermo Q Exactive Orbitrap,Thermo Exactive Orbitrap,"Imtakt Cadenza CD-C18 (150 × 2.1 mm, 3 µm)",Reversed phase,negative,DG07,0,0,[],"[2.7079811519469565, 0.7037846849413022, 0.2329722648245241, 0.1622410536752185, 0.011179199034592, -0.5211748237008983, 0.7846482937314406, 0.7659574127913429, 0.2979022079984144, 6.423718899781311, 0.7227268656351895, 5.48384093049776, 1.194915254237288]"
External A,train,HetCD_mixneg__F7325,HetCD_mixneg/HetCD_mixneg__F7325.png,HetCD_mixneg,ST003127,PR001944,Thermo Q Exactive Orbitrap,Thermo Exactive Orbitrap,"Imtakt Cadenza CD-C18 (150 × 2.1 mm, 3 µm)",Reversed phase,negative,DG07,0,0,[],"[1.925999522709396, 0.7216799952865656, 0.1577621298872429, 0.0773597874395847, 0.0505755821866862, -0.2775982145592274, 0.8715970893134746, 0.6790294190293379, -0.2883025688754995, 6.273829205414204, 0.7807253961831565, 5.063340679913207, 1.2105263157894737]"
External A,train,HetCD_mixneg__F7360,HetCD_mixneg/HetCD_mixneg__F7360.png,HetCD_mixneg,ST003127,PR001944,Thermo Q Exactive Orbitrap,Thermo Exactive Orbitrap,"Imtakt Cadenza CD-C18 (150 × 2.1 mm, 3 µm)",Reversed phase,negative,DG07,0,0,[],"[3.1533266479986013, 0.9445973436416898, 0.3183172546780702, 0.2987028997140368, 0.0150086282292654, -0.4868782245502256, 0.7844284873357139, 0.674631977905915, 0.8548746673531208, 6.043670402872754, 0.98182299202748, 4.340922716319534, 1.3859649122807018]"
External A,train,HetCD_mixneg__F7412,HetCD_mixneg/HetCD_mixneg__F7412.png,HetCD_mixneg,ST003127,PR001944,Thermo Q Exactive Orbitrap,Thermo Exactive Orbitrap,"Imtakt Cadenza CD-C18 (150 × 2.1 mm, 3 µm)",Reversed phase,negative,DG07,1,1,"[[225.36868196875037, 84.35990338164248, 284.10112359550567, 403.75925925925924]]","[2.478148653216444, 0.8573822616116529, 0.4444075056291442, 0.1937812083475864, 0.0662066668588102, -0.887122027142813, 0.726723367292193, 1.4682821212412538, 0.6228962516782033, 5.089289173301816, 0.4695139090328611, 4.723350577618522, 1.0769230769230769]"
External A,train,HetCD_mixneg__F7485,HetCD_mixneg/HetCD_mixneg__F7485.png,HetCD_mixneg,ST003127,PR001944,Thermo Q Exactive Orbitrap,Thermo Exactive Orbitrap,"Imtakt Cadenza CD-C18 (150 × 2.1 mm, 3 µm)",Reversed phase,negative,DG07,1,1,"[[235.2052126782145, 84.35990338164251, 291.23543907032877, 403.7592592592593]]","[2.073066084793305, 0.8387722380293767, 1.8165978908975664, 0.1365351249618085, 0.3175089494237237, -1.386584965985876, 1.0947329523594338, 2.192399310477892, 0.4862844550847283, 5.140320726279666, 0.2343964745700922, 4.972465737255506, 1.1320754716981132]"
External A,train,HetCD_mixneg__F7528,HetCD_mixneg/HetCD_mixneg__F7528.png,HetCD_mixneg,ST003127,PR001944,Thermo Q Exactive Orbitrap,Thermo Exactive Orbitrap,"Imtakt Cadenza CD-C18 (150 × 2.1 mm, 3 µm)",Reversed phase,negative,DG07,0,0,[],"[1.7967107043552886, 0.7632171072874657, 0.3513924371040415, 0.0739529061428193, 0.0825116882423656, -0.6730242978444586, 1.0909720319209284, 1.350556891743916, 0.3400037581243978, 5.340793949597544, 0.5439583239239051, 4.758421727699685, 1.2413793103448276]"
External A,train,HetCD_mixneg__F7538,HetCD_mixneg/HetCD_mixneg__F7538.png,HetCD_mixneg,ST003127,PR001944,Thermo Q Exactive Orbitrap,Thermo Exactive Orbitrap,"Imtakt Cadenza CD-C18 (150 × 2.1 mm, 3 µm)",Reversed phase,negative,DG07,1,1,"[[230.3987902188802, 84.35990338164247, 295.57605553597637, 403.75925925925924]]","[2.566464443696087, 1.276207341247089, 2.364709358593451, 0.3299407400242874, 0.2421946311986617, -1.806072591534919, 1.031202765557129, 2.6576105050814403, 1.254843437292072, 5.225460277130116, 0.239845587117887, 4.997133510017637, 1.1012658227848102]"
External A,train,HetCD_mixneg__F7629,HetCD_mixneg/HetCD_mixneg__F7629.png,HetCD_mixneg,ST003127,PR001944,Thermo Q Exactive Orbitrap,Thermo Exactive Orbitrap,"Imtakt Cadenza CD-C18 (150 × 2.1 mm, 3 µm)",Reversed phase,negative,DG07,1,2,"[[248.70786516853934, 84.3599033816425, 260.67237800740736, 403.75925925925924], [260.67237800740736, 238.43949306142872, 278.48314606741576, 403.75925925925924]]","[1.9271829515169896, 1.2619787865985137, 0.6553727609134318, 0.2345253825115386, 0.2201274838648562, -0.2771683057121598, 0.5494749429704913, 0.8798569317245554, 1.0464606804322687, 1.5092030644199812, 1.43390859993306, 1.6644977792004614, 0.7142857142857143]"
External A,train,HetCD_mixneg__F7732,HetCD_mixneg/HetCD_mixneg__F7732.png,HetCD_mixneg,ST003127,PR001944,Thermo Q Exactive Orbitrap,Thermo Exactive Orbitrap,"Imtakt Cadenza CD-C18 (150 × 2.1 mm, 3 µm)",Reversed phase,negative,DG07,0,0,[],"[2.300278463333047, 0.6885452974779419, 0.2540239831830258, 0.111236616367124, 0.0270064467838275, -0.5266130731091303, 0.8758163295923651, 0.9080889749462484, 0.3095276689541996, 5.722781684562952, 0.6412545775221389, 5.095504912049378, 1.1388888888888888]"
External A,train,HetCD_mixneg__F7815,HetCD_mixneg/HetCD_mixneg__F7815.png,HetCD_mixneg,ST003127,PR001944,Thermo Q Exactive Orbitrap,Thermo Exactive Orbitrap,"Imtakt Cadenza CD-C18 (150 × 2.1 mm, 3 µm)",Reversed phase,negative,DG07,0,0,[],"[1.5042353548443586, 1.1325197953864676, 0.3381464823385391, 0.130908637641821, 0.071857348279623, -0.0618281624089142, 0.9710287225122414, 0.8186725512480785, 0.4835981473852851, 3.1071976454916284, 1.088205821938374, 2.499544305608131, 1.0]"
External A,train,HetCD_mixneg__F7902,HetCD_mixneg/HetCD_mixneg__F7902.png,HetCD_mixneg,ST003127,PR001944,Thermo Q Exactive Orbitrap,Thermo Exactive Orbitrap,"Imtakt Cadenza CD-C18 (150 × 2.1 mm, 3 µm)",Reversed phase,negative,DG07,1,1,"[[240.28089887640476, 84.3599033816425, 281.1454323751623, 403.75925925925924]]","[2.457193110250388, 1.2560739735376014, 2.5265239026402333, 0.3103126137079404, 0.3028501304845414, -1.711023017511343, 0.6494236689941237, 2.6031914300402312, 1.3062305267627117, 3.845980667777356, 0.3708420366136544, 3.881727678869737, 1.0666666666666669]"
External A,train,HetCD_mixneg__F7917,HetCD_mixneg/HetCD_mixneg__F7917.png,HetCD_mixneg,ST003127,PR001944,Thermo Q Exactive Orbitrap,Thermo Exactive Orbitrap,"Imtakt Cadenza CD-C18 (150 × 2.1 mm, 3 µm)",Reversed phase,negative,DG07,0,0,[],"[4.401308944702096, 0.6757084358963104, 0.2714088246262288, 0.2981980400976761, 0.0060592949430149, -0.8619470207360588, 0.704189170530442, 0.8288424801137927, 0.4267845634819954, 7.495304587563921, 0.6645365751504194, 5.6147139014877485, 1.242798353909465]"
External A,train,HetCD_mixneg__F7923,HetCD_mixneg/HetCD_mixneg__F7923.png,HetCD_mixneg,ST003127,PR001944,Thermo Q Exactive Orbitrap,Thermo Exactive Orbitrap,"Imtakt Cadenza CD-C18 (150 × 2.1 mm, 3 µm)",Reversed phase,negative,DG07,0,0,[],"[2.993501154323284, 0.778605619842748, 0.229037338902821, 0.2215129303858951, 0.0115132326681598, -0.5485037477756559, 0.8563254417010947, 0.7726374953336564, 0.5823120191025025, 7.277102592286001, 0.8309120705729429, 5.507028426991764, 1.277533039647577]"
External A,train,HetCD_mixneg__F7998,HetCD_mixneg/HetCD_mixneg__F7998.png,HetCD_mixneg,ST003127,PR001944,Thermo Q Exactive Orbitrap,Thermo Exactive Orbitrap,"Imtakt Cadenza CD-C18 (150 × 2.1 mm, 3 µm)",Reversed phase,negative,DG07,0,0,[],"[1.977349779240684, 1.00697430333713, 0.2832348281870578, 0.1748068054109143, 0.0203618887764048, 5.804156762095798e-05, 0.7083385843212717, 0.2388913946554532, 0.2025405811763344, 4.5480356420395065, 1.3489044447221163, 3.390790312360914, 1.3478260869565215]"
External A,train,HetCD_mixneg__F8019,HetCD_mixneg/HetCD_mixneg__F8019.png,HetCD_mixneg,ST003127,PR001944,Thermo Q Exactive Orbitrap,Thermo Exactive Orbitrap,"Imtakt Cadenza CD-C18 (150 × 2.1 mm, 3 µm)",Reversed phase,negative,DG07,1,1,"[[236.89598283529412, 84.35990338164247, 266.685393258427, 403.75925925925924]]","[3.395410537705502, 2.308574239125676, 2.491501811863946, 0.6453513860471738, 0.126985927239165, -0.6688596678739714, 0.459044341762984, 1.139782228313882, 2.9865280405888552, 1.6294681789712104, 1.2636787228937112, 2.004935594743132, 0.3333333333333333]"
External A,train,HetCD_mixneg__F8047,HetCD_mixneg/HetCD_mixneg__F8047.png,HetCD_mixneg,ST003127,PR001944,Thermo Q Exactive Orbitrap,Thermo Exactive Orbitrap,"Imtakt Cadenza CD-C18 (150 × 2.1 mm, 3 µm)",Reversed phase,negative,DG07,0,0,[],"[2.386766569791852, 1.2106108048491957, 0.4981275034433698, 0.2888576833632285, 0.0595832130469059, -0.3818456830233344, 0.5091688843627789, 0.9434346073538906, 1.0216877102490718, 3.46440580100027, 1.2369561048949815, 2.719627536341356, 0.84]"
External A,train,HetCD_mixneg__F8088,HetCD_mixneg/HetCD_mixneg__F8088.png,HetCD_mixneg,ST003127,PR001944,Thermo Q Exactive Orbitrap,Thermo Exactive Orbitrap,"Imtakt Cadenza CD-C18 (150 × 2.1 mm, 3 µm)",Reversed phase,negative,DG07,0,0,[],"[3.2856126028095978, 1.0216291450728108, 0.3675372779139331, 0.338125426531913, 0.0233162762842813, -0.4994195319503287, 0.7805926792633304, 0.6893765260191586, 1.0280373533417726, 5.354743986569591, 1.0667679270511643, 3.859641000228758, 1.1842105263157894]"
External A,train,HetCD_mixneg__F8095,HetCD_mixneg/HetCD_mixneg__F8095.png,HetCD_mixneg,ST003127,PR001944,Thermo Q Exactive Orbitrap,Thermo Exactive Orbitrap,"Imtakt Cadenza CD-C18 (150 × 2.1 mm, 3 µm)",Reversed phase,negative,DG07,0,0,[],"[3.2021777276057763, 0.981119329193268, 0.5259063500084915, 0.3161505784545136, 0.0324994477576518, -0.636781627530267, 0.8470049932448936, 0.901536746020114, 0.8665561340318869, 4.985565141892028, 0.8699069904413491, 3.8672422073347184, 1.1578947368421053]"
External A,train,HetCD_mixneg__F8171,HetCD_mixneg/HetCD_mixneg__F8171.png,HetCD_mixneg,ST003127,PR001944,Thermo Q Exactive Orbitrap,Thermo Exactive Orbitrap,"Imtakt Cadenza CD-C18 (150 × 2.1 mm, 3 µm)",Reversed phase,negative,DG07,0,0,[],"[3.673173438604003, 1.0456774698176, 0.3328090997083335, 0.3839010236876614, 0.0123066712883754, -0.6300505095135932, 0.7718141552702465, 0.785262882634769, 0.7973417252756707, 6.110909378718336, 1.0068221393965875, 4.051736871496294, 1.1343283582089552]"
External A,train,HetCD_mixneg__F8194,HetCD_mixneg/HetCD_mixneg__F8194.png,HetCD_mixneg,ST003127,PR001944,Thermo Q Exactive Orbitrap,Thermo Exactive Orbitrap,"Imtakt Cadenza CD-C18 (150 × 2.1 mm, 3 µm)",Reversed phase,negative,DG07,0,0,[],"[2.867583072772427, 0.6537734433147228, 0.6703417030503536, 0.1575700355386145, 0.0786922793739632, -0.5710602759721911, 0.5583450441935726, 0.7474664017973072, 1.119815377816603, 4.266491906156381, 0.6723402453760312, 4.418295834054489, 1.1666666666666667]"
External A,train,HetCD_mixneg__F8212,HetCD_mixneg/HetCD_mixneg__F8212.png,HetCD_mixneg,ST003127,PR001944,Thermo Q Exactive Orbitrap,Thermo Exactive Orbitrap,"Imtakt Cadenza CD-C18 (150 × 2.1 mm, 3 µm)",Reversed phase,negative,DG07,0,0,[],"[1.778147864340697, 0.3426111252200462, 0.5415181141454899, -0.0944163983742917, 0.5321594925873641, -0.8417424908236392, 0.9009183503760192, 1.108482669476539, -0.6486414022086942, 6.087205542777275, 0.2857556233627769, 5.68633294926134, 1.3424657534246576]"
External A,train,HetCD_mixneg__F8238,HetCD_mixneg/HetCD_mixneg__F8238.png,HetCD_mixneg,ST003127,PR001944,Thermo Q Exactive Orbitrap,Thermo Exactive Orbitrap,"Imtakt Cadenza CD-C18 (150 × 2.1 mm, 3 µm)",Reversed phase,negative,DG07,0,0,[],"[3.4935957910645588, 0.7768511863242327, 0.3314465676482395, 0.2688123755495945, 0.0072988517041031, -0.570774190481528, 0.6653037724255024, 0.6356076875541452, 0.3083996792320234, 6.17362567148466, 0.7889292572963235, 4.85323323812262, 1.2293577981651376]"
External A,train,HetCD_mixneg__F8257,HetCD_mixneg/HetCD_mixneg__F8257.png,HetCD_mixneg,ST003127,PR001944,Thermo Q Exactive Orbitrap,Thermo Exactive Orbitrap,"Imtakt Cadenza CD-C18 (150 × 2.1 mm, 3 µm)",Reversed phase,negative,DG07,0,0,[],"[2.707322423141488, 0.6558606762779728, 0.2732164576214434, 0.1423310006620285, 0.0244174319610527, -0.4987785530508785, 0.8589710132625797, 0.7009576322294367, 0.7988616569514364, 6.378185716859952, 0.6913455245612055, 5.797685222832527, 1.3714285714285714]"
External A,train,HetCD_mixneg__F8263,HetCD_mixneg/HetCD_mixneg__F8263.png,HetCD_mixneg,ST003127,PR001944,Thermo Q Exactive Orbitrap,Thermo Exactive Orbitrap,"Imtakt Cadenza CD-C18 (150 × 2.1 mm, 3 µm)",Reversed phase,negative,DG07,0,0,[],"[4.183450371291685, 0.6856760559213176, 0.2360722323599439, 0.2865116794300321, 0.0131088871699418, -0.9355630632443316, 0.8855194410606746, 1.01549436414218, 0.8409493342781618, 7.834476208765549, 0.5957321372334767, 6.260084875600612, 1.3186440677966105]"
External A,train,HetCD_mixneg__F8294,HetCD_mixneg/HetCD_mixneg__F8294.png,HetCD_mixneg,ST003127,PR001944,Thermo Q Exactive Orbitrap,Thermo Exactive Orbitrap,"Imtakt Cadenza CD-C18 (150 × 2.1 mm, 3 µm)",Reversed phase,negative,DG07,0,0,[],"[4.130720869945288, 0.715341690217987, 0.2864463596364802, 0.2961029688663364, 0.01181927822135, -0.7378890952855437, 0.7420141301878977, 0.7180561947786129, 1.006690466897406, 7.193160100261423, 0.7412465437596915, 5.8621325175116565, 1.3435897435897437]"
External A,train,HetCD_mixneg__F8333,HetCD_mixneg/HetCD_mixneg__F8333.png,HetCD_mixneg,ST003127,PR001944,Thermo Q Exactive Orbitrap,Thermo Exactive Orbitrap,"Imtakt Cadenza CD-C18 (150 × 2.1 mm, 3 µm)",Reversed phase,negative,DG07,0,0,[],"[3.127782521852956, 0.7363504294606623, 0.1544275527689736, 0.2178975118582419, 0.0034876322386597, -0.5596324088701188, 0.8918935315867651, 0.7239993615539796, 0.5747990401802789, 7.86760726663497, 0.743503510716736, 5.589602447954566, 1.2870090634441087]"
External A,train,HetCD_mixneg__F8345,HetCD_mixneg/HetCD_mixneg__F8345.png,HetCD_mixneg,ST003127,PR001944,Thermo Q Exactive Orbitrap,Thermo Exactive Orbitrap,"Imtakt Cadenza CD-C18 (150 × 2.1 mm, 3 µm)",Reversed phase,negative,DG07,0,0,[],"[1.7288048417505355, 0.9100529281812936, 0.3595358584501909, 0.1094610839726022, 0.0349104019025804, -0.0033287080765696, 0.8278130644296934, 0.4003379290858542, 0.1076252251187479, 3.641407564282109, 1.2181857530751363, 3.0717350271381685, 1.4090909090909092]"
External A,train,HetCD_mixneg__F8359,HetCD_mixneg/HetCD_mixneg__F8359.png,HetCD_mixneg,ST003127,PR001944,Thermo Q Exactive Orbitrap,Thermo Exactive Orbitrap,"Imtakt Cadenza CD-C18 (150 × 2.1 mm, 3 µm)",Reversed phase,negative,DG07,0,0,[],"[3.994416120912194, 0.7557734578299572, 0.4091949287213202, 0.3030743605334531, 0.0181472102749336, -0.702066864756848, 0.6397206568855389, 0.699628059099846, 0.5973531871903993, 6.143359306283235, 0.8160293934777383, 4.675478557954156, 1.2427184466019416]"
External A,train,HetCD_mixneg__F8405,HetCD_mixneg/HetCD_mixneg__F8405.png,HetCD_mixneg,ST003127,PR001944,Thermo Q Exactive Orbitrap,Thermo Exactive Orbitrap,"Imtakt Cadenza CD-C18 (150 × 2.1 mm, 3 µm)",Reversed phase,negative,DG07,0,0,[],"[1.4788975665876338, 1.0195180885331607, 0.25745021511318, 0.0982564636322814, 0.0389283916453747, 0.1692540784433093, 0.8630835535024702, 0.1708197610364379, 0.1221947137365062, 3.793312270280436, 1.404492546246767, 2.903677461028802, 1.3571428571428572]"
External A,train,HetCD_mixneg__F8507,HetCD_mixneg/HetCD_mixneg__F8507.png,HetCD_mixneg,ST003127,PR001944,Thermo Q Exactive Orbitrap,Thermo Exactive Orbitrap,"Imtakt Cadenza CD-C18 (150 × 2.1 mm, 3 µm)",Reversed phase,negative,DG07,0,0,[],"[2.951011404441051, 0.895004696250062, 0.4538321762237652, 0.2602108487683293, 0.0357436466488696, -0.5160836209217313, 0.952010621471817, 0.7821945569504566, 0.4714481666544043, 5.473768840145484, 0.8925562093781063, 4.093942519536683, 1.1733333333333331]"
External A,train,HetCD_mixneg__F8538,HetCD_mixneg/HetCD_mixneg__F8538.png,HetCD_mixneg,ST003127,PR001944,Thermo Q Exactive Orbitrap,Thermo Exactive Orbitrap,"Imtakt Cadenza CD-C18 (150 × 2.1 mm, 3 µm)",Reversed phase,negative,DG07,0,0,[],"[2.441901624070712, 0.6873823040778279, 0.4707213447779432, 0.1268648921254514, 0.0553432999104132, -0.5933616825604103, 0.7639739226686671, 0.9784773666499474, 0.2391635325774387, 4.407337513119924, 0.6132355389762217, 4.32316116739216, 1.137931034482759]"
External A,train,HetCD_mixneg__F8539,HetCD_mixneg/HetCD_mixneg__F8539.png,HetCD_mixneg,ST003127,PR001944,Thermo Q Exactive Orbitrap,Thermo Exactive Orbitrap,"Imtakt Cadenza CD-C18 (150 × 2.1 mm, 3 µm)",Reversed phase,negative,DG07,0,0,[],"[2.565203680942912, 1.0393868181871382, 0.8602144644873955, 0.2631907644902755, 0.1557089767201355, -0.4535768760760181, 0.8133713875546331, 0.8987053682416555, 1.0414411652376498, 3.28447640546976, 1.07325060930355, 3.0781758650865774, 1.0555555555555556]"
External A,train,HetCD_mixneg__F8569,HetCD_mixneg/HetCD_mixneg__F8569.png,HetCD_mixneg,ST003127,PR001944,Thermo Q Exactive Orbitrap,Thermo Exactive Orbitrap,"Imtakt Cadenza CD-C18 (150 × 2.1 mm, 3 µm)",Reversed phase,negative,DG07,0,0,[],"[3.840495819698961, 0.8551438072165791, 0.3731491638564003, 0.3308373302760785, 0.0119042651370137, -0.6337649297517903, 0.6960753424332305, 0.6490906540301369, 1.011788745491138, 6.065046584445566, 0.9020320667963644, 4.706646226479454, 1.3653846153846154]"
External A,train,HetCD_mixneg__F8609,HetCD_mixneg/HetCD_mixneg__F8609.png,HetCD_mixneg,ST003127,PR001944,Thermo Q Exactive Orbitrap,Thermo Exactive Orbitrap,"Imtakt Cadenza CD-C18 (150 × 2.1 mm, 3 µm)",Reversed phase,negative,DG07,0,0,[],"[3.024288929046861, 1.0498806911035623, 0.6849693553566352, 0.3196413124246327, 0.1668648925557004, -0.6915142056631629, 1.0076233471644087, 1.0718872176811975, 1.3062825977146992, 3.854441324386936, 0.8440755542681505, 3.5262349099495225, 0.8461538461538461]"
External A,train,HetCD_mixneg__F8648,HetCD_mixneg/HetCD_mixneg__F8648.png,HetCD_mixneg,ST003127,PR001944,Thermo Q Exactive Orbitrap,Thermo Exactive Orbitrap,"Imtakt Cadenza CD-C18 (150 × 2.1 mm, 3 µm)",Reversed phase,negative,DG07,0,0,[],"[3.3326263356534565, 0.7167653053741694, 0.1909737118646036, 0.2290045281800848, 0.0051453078920984, -0.600554991589695, 0.7720849955078497, 0.7127899145881531, 0.5840767805064089, 7.692773640299201, 0.7603869017255662, 5.453351356087012, 1.3519163763066202]"
External A,train,HetCD_mixneg__F8679,HetCD_mixneg/HetCD_mixneg__F8679.png,HetCD_mixneg,ST003127,PR001944,Thermo Q Exactive Orbitrap,Thermo Exactive Orbitrap,"Imtakt Cadenza CD-C18 (150 × 2.1 mm, 3 µm)",Reversed phase,negative,DG07,0,0,[],"[2.5246009334516355, 0.8559506406627744, 0.2278963718099438, 0.1987854028963243, 0.0101710198203584, -0.3319402825462827, 0.858411606037125, 0.6002668566281373, 0.4999874032599144, 6.015153496602218, 1.0242974496049813, 4.48837980846749, 1.3076923076923077]"
External A,train,HetCD_mixneg__F8695,HetCD_mixneg/HetCD_mixneg__F8695.png,HetCD_mixneg,ST003127,PR001944,Thermo Q Exactive Orbitrap,Thermo Exactive Orbitrap,"Imtakt Cadenza CD-C18 (150 × 2.1 mm, 3 µm)",Reversed phase,negative,DG07,0,0,[],"[1.5576037111073018, 1.13651402476234, 0.7028510082657813, 0.1414871591676963, 0.2008303527257459, -0.208026448162501, 1.081749503691925, 0.8890976390266927, 0.3489752428827357, 2.986512759542342, 0.9768132618880516, 2.3244093931715555, 0.9444444444444444]"
External A,train,HetCD_mixneg__F8747,HetCD_mixneg/HetCD_mixneg__F8747.png,HetCD_mixneg,ST003127,PR001944,Thermo Q Exactive Orbitrap,Thermo Exactive Orbitrap,"Imtakt Cadenza CD-C18 (150 × 2.1 mm, 3 µm)",Reversed phase,negative,DG07,0,0,[],"[1.891645310800244, 0.9608544798573015, 0.4428196350384492, 0.148848706558188, 0.0662395802640266, -0.0155159966053316, 0.6099473036153849, 0.2452096092577863, 0.2340959161622241, 3.275353914683309, 1.2694271154760772, 2.7254805569978675, 1.2222222222222223]"
External A,train,HetCD_mixneg__F8802,HetCD_mixneg/HetCD_mixneg__F8802.png,HetCD_mixneg,ST003127,PR001944,Thermo Q Exactive Orbitrap,Thermo Exactive Orbitrap,"Imtakt Cadenza CD-C18 (150 × 2.1 mm, 3 µm)",Reversed phase,negative,DG07,0,0,[],"[3.06838180403944, 0.8847122818020194, 0.8564264493331039, 0.2688861586247013, 0.0689156802816487, -0.6150829288494174, 0.7612187703089949, 0.8565493127142375, 0.8216012220215759, 3.990468573604157, 0.8724664679902758, 3.449311833026446, 1.1538461538461535]"
External A,train,HetCD_mixneg__F8883,HetCD_mixneg/HetCD_mixneg__F8883.png,HetCD_mixneg,ST003127,PR001944,Thermo Q Exactive Orbitrap,Thermo Exactive Orbitrap,"Imtakt Cadenza CD-C18 (150 × 2.1 mm, 3 µm)",Reversed phase,negative,DG07,0,0,[],"[2.0727675327014863, 0.588001621981985, 0.5448552444271342, 0.0450863355800607, 0.1806202746160338, -0.7693241913479669, 0.9661202743887594, 1.2707393163676266, -0.0053617436908973, 6.458602261300689, 0.4066942989692561, 6.245447224305561, 1.2962962962962965]"
External A,train,HetCD_mixneg__F8910,HetCD_mixneg/HetCD_mixneg__F8910.png,HetCD_mixneg,ST003127,PR001944,Thermo Q Exactive Orbitrap,Thermo Exactive Orbitrap,"Imtakt Cadenza CD-C18 (150 × 2.1 mm, 3 µm)",Reversed phase,negative,DG07,0,0,[],"[2.8327236519709658, 0.5951627106617995, 0.1335653501768085, 0.128064934826876, 0.0034700506056104, -0.4770959405805592, 0.7545875966764914, 0.5493432526239299, 0.4338049603645302, 8.193860316464658, 0.6780401115066749, 6.339258400349182, 1.3905817174515236]"
External A,train,HetCD_mixneg__F8953,HetCD_mixneg/HetCD_mixneg__F8953.png,HetCD_mixneg,ST003127,PR001944,Thermo Q Exactive Orbitrap,Thermo Exactive Orbitrap,"Imtakt Cadenza CD-C18 (150 × 2.1 mm, 3 µm)",Reversed phase,negative,DG07,0,0,[],"[1.823652381059059, 1.031148147964451, 0.3540573496804043, 0.1584312160603476, 0.0536155237687909, -0.1861335533440727, 0.8731817138927057, 0.7234966097522816, 0.3915240162091549, 3.7242273234609766, 1.1061174461520065, 3.045841640885173, 1.1153846153846154]"
External A,train,HetCD_mixneg__F8982,HetCD_mixneg/HetCD_mixneg__F8982.png,HetCD_mixneg,ST003127,PR001944,Thermo Q Exactive Orbitrap,Thermo Exactive Orbitrap,"Imtakt Cadenza CD-C18 (150 × 2.1 mm, 3 µm)",Reversed phase,negative,DG07,0,0,[],"[2.3552912743664, 1.1306882787961192, 0.584747035720296, 0.2628188071976011, 0.1995764266640553, -0.4393343880681979, 0.8277276046057758, 0.990854546447099, 1.2862850429301282, 3.108632252587551, 0.9061218128691656, 2.9314931674619142, 0.8823529411764706]"
External A,train,HetCD_mixneg__F9007,HetCD_mixneg/HetCD_mixneg__F9007.png,HetCD_mixneg,ST003127,PR001944,Thermo Q Exactive Orbitrap,Thermo Exactive Orbitrap,"Imtakt Cadenza CD-C18 (150 × 2.1 mm, 3 µm)",Reversed phase,negative,DG07,0,0,[],"[1.933391478976053, 0.4474514457300518, 0.6421020254341685, -0.0303281501057125, 0.2987482060017448, -1.2037604565971105, 0.9871901414881954, 1.7021751522262578, -0.6236764755637427, 7.957252388231394, 0.2158685765296183, 6.971634315326979, 1.3498233215547704]"
External A,train,HetCD_mixneg__F9041,HetCD_mixneg/HetCD_mixneg__F9041.png,HetCD_mixneg,ST003127,PR001944,Thermo Q Exactive Orbitrap,Thermo Exactive Orbitrap,"Imtakt Cadenza CD-C18 (150 × 2.1 mm, 3 µm)",Reversed phase,negative,DG07,0,0,[],"[3.1842648624769447, 1.364329928700448, 0.6509076645075285, 0.42686797255589, 0.0365621534126595, -0.3260345248853999, 0.4486729025814699, 0.4361751262942202, 1.2881223767458698, 3.498232817864513, 1.4233713658037472, 2.3382689280764644, 1.1333333333333333]"
External A,train,HetCD_mixneg__F9060,HetCD_mixneg/HetCD_mixneg__F9060.png,HetCD_mixneg,ST003127,PR001944,Thermo Q Exactive Orbitrap,Thermo Exactive Orbitrap,"Imtakt Cadenza CD-C18 (150 × 2.1 mm, 3 µm)",Reversed phase,negative,DG07,0,0,[],"[4.010175084738155, 1.0789371717790257, 0.6122075717066358, 0.4254304407582507, 0.022703972053833, -0.5008260099329503, 0.7157848366519769, 0.3577552613735783, 1.1659804677525056, 4.768828413876407, 1.365712265909906, 3.4568059328233183, 1.3703703703703705]"
External A,train,HetCD_mixneg__F9062,HetCD_mixneg/HetCD_mixneg__F9062.png,HetCD_mixneg,ST003127,PR001944,Thermo Q Exactive Orbitrap,Thermo Exactive Orbitrap,"Imtakt Cadenza CD-C18 (150 × 2.1 mm, 3 µm)",Reversed phase,negative,DG07,0,0,[],"[3.4043092820688883, 0.6533049573620936, 0.1759944476622428, 0.2073720597236412, 0.0044910633457412, -0.6514837549415349, 0.9376091630659564, 0.7388814229429579, 0.7454916924093896, 8.452084139885002, 0.6506270470878317, 5.934035190894396, 1.3259911894273129]"
External A,train,HetCD_mixneg__F9101,HetCD_mixneg/HetCD_mixneg__F9101.png,HetCD_mixneg,ST003127,PR001944,Thermo Q Exactive Orbitrap,Thermo Exactive Orbitrap,"Imtakt Cadenza CD-C18 (150 × 2.1 mm, 3 µm)",Reversed phase,negative,DG07,0,0,[],"[1.4952261356522747, 1.1590384448789186, 0.0449095749335601, 0.1356135411668788, 0.0325960816438164, -0.3642440753044368, 0.4199118324531542, 0.9041715232352726, 0.409714417860574, 2.788346151695804, 0.9681314685015942, 2.216917186688699, 0.625]"
External A,train,HetCD_mixneg__F912,HetCD_mixneg/HetCD_mixneg__F912.png,HetCD_mixneg,ST003127,PR001944,Thermo Q Exactive Orbitrap,Thermo Exactive Orbitrap,"Imtakt Cadenza CD-C18 (150 × 2.1 mm, 3 µm)",Reversed phase,negative,DG07,0,0,[],"[1.8285001250953736, 1.020448971569647, 0.6059933203074638, 0.1562296838882233, 0.0907315829380174, 0.0713836108833269, 0.6329784609719807, 0.18395168889528, 0.4927972373022596, 2.505631704346497, 1.2402971972737378, 2.4040097573248604, 1.181818181818182]"
External A,train,HetCD_mixneg__F9189,HetCD_mixneg/HetCD_mixneg__F9189.png,HetCD_mixneg,ST003127,PR001944,Thermo Q Exactive Orbitrap,Thermo Exactive Orbitrap,"Imtakt Cadenza CD-C18 (150 × 2.1 mm, 3 µm)",Reversed phase,negative,DG07,0,0,[],"[2.171558640339986, 0.611217445533559, 0.3418085738013398, 0.065821352159643, 0.0956563682353984, -0.5170490879906997, 1.0134295411221526, 0.8892518612390495, 0.3129554609806088, 6.048371109182081, 0.5990653111752537, 5.4746893596216175, 1.2771084337349397]"
External A,train,HetCD_mixneg__F9241,HetCD_mixneg/HetCD_mixneg__F9241.png,HetCD_mixneg,ST003127,PR001944,Thermo Q Exactive Orbitrap,Thermo Exactive Orbitrap,"Imtakt Cadenza CD-C18 (150 × 2.1 mm, 3 µm)",Reversed phase,negative,DG07,0,0,[],"[3.626761019686221, 1.0988821870565442, 0.2317587128113865, 0.3966685398379178, 0.0067215957975524, -0.5884226489312578, 0.6859363834505796, 0.7552292409184159, 0.7049727945870647, 6.867874811092645, 1.1052534188117538, 4.0102836992151225, 1.1851851851851851]"
External A,train,HetCD_mixneg__F9251,HetCD_mixneg/HetCD_mixneg__F9251.png,HetCD_mixneg,ST003127,PR001944,Thermo Q Exactive Orbitrap,Thermo Exactive Orbitrap,"Imtakt Cadenza CD-C18 (150 × 2.1 mm, 3 µm)",Reversed phase,negative,DG07,0,0,[],"[2.231335516768759, 1.1115010956920477, 0.3290287075734286, 0.2405657052038934, 0.0890443013822586, -0.4649371501203572, 0.8673097449083489, 1.0586162542038675, 0.5487945819301906, 4.18648675754807, 0.9000694696558037, 3.0177467855866777, 0.8461538461538461]"
External A,train,HetCD_mixneg__F9263,HetCD_mixneg/HetCD_mixneg__F9263.png,HetCD_mixneg,ST003127,PR001944,Thermo Q Exactive Orbitrap,Thermo Exactive Orbitrap,"Imtakt Cadenza CD-C18 (150 × 2.1 mm, 3 µm)",Reversed phase,negative,DG07,0,0,[],"[2.657658326267567, 1.0567155173410112, 0.3027895868614926, 0.2797112828362004, 0.0321981345443497, -0.3673282869556638, 0.8207291970066897, 0.6700224667860851, 0.5438452713866294, 4.671010560210491, 1.1153533644569762, 3.3971488710438926, 1.2745098039215683]"
External A,train,HetCD_mixneg__F9280,HetCD_mixneg/HetCD_mixneg__F9280.png,HetCD_mixneg,ST003127,PR001944,Thermo Q Exactive Orbitrap,Thermo Exactive Orbitrap,"Imtakt Cadenza CD-C18 (150 × 2.1 mm, 3 µm)",Reversed phase,negative,DG07,0,0,[],"[4.607251644250995, 0.7956567162353081, 0.2574721992279756, 0.3678952587819651, 0.0043534541000322, -0.965940231949738, 0.7637339686905347, 1.005344963217364, 1.023211253930539, 7.863989746439515, 0.5878011496202625, 6.063142340083526, 1.2181818181818185]"
External A,train,HetCD_mixneg__F9316,HetCD_mixneg/HetCD_mixneg__F9316.png,HetCD_mixneg,ST003127,PR001944,Thermo Q Exactive Orbitrap,Thermo Exactive Orbitrap,"Imtakt Cadenza CD-C18 (150 × 2.1 mm, 3 µm)",Reversed phase,negative,DG07,0,0,[],"[1.7183866577243383, 0.7274092805174007, 0.2517286943694463, 0.0511468094774383, 0.1380467498877576, -0.2162823993021811, 0.7161761058755461, 0.6285279376469995, -0.3473900225098711, 4.2832918456271845, 0.827944373707782, 3.710249529088114, 1.1724137931034482]"
External A,train,HetCD_mixneg__F9364,HetCD_mixneg/HetCD_mixneg__F9364.png,HetCD_mixneg,ST003127,PR001944,Thermo Q Exactive Orbitrap,Thermo Exactive Orbitrap,"Imtakt Cadenza CD-C18 (150 × 2.1 mm, 3 µm)",Reversed phase,negative,DG07,0,0,[],"[2.6188980609689314, 0.4380603289736387, 0.2804855295890079, 0.0308496519054317, 0.0146211050797959, -0.6783074058688652, 0.8622905331513016, 0.7711605892010636, -0.0946848685801718, 6.4235737235844494, 0.4276820429226905, 5.968116836876363, 1.2783505154639174]"
External A,train,HetCD_mixneg__F9368,HetCD_mixneg/HetCD_mixneg__F9368.png,HetCD_mixneg,ST003127,PR001944,Thermo Q Exactive Orbitrap,Thermo Exactive Orbitrap,"Imtakt Cadenza CD-C18 (150 × 2.1 mm, 3 µm)",Reversed phase,negative,DG07,0,0,[],"[2.099553873928812, 0.522035181463301, 0.9045411817430687, 0.0203697752530224, 0.4837588972953905, -0.4766865522293976, 0.5461819337387427, 0.752310476116506, 0.2442920599519173, 2.9145705052114, 0.5948765682353931, 2.725480556997868, 1.1111111111111112]"
External A,train,HetCD_mixneg__F937,HetCD_mixneg/HetCD_mixneg__F937.png,HetCD_mixneg,ST003127,PR001944,Thermo Q Exactive Orbitrap,Thermo Exactive Orbitrap,"Imtakt Cadenza CD-C18 (150 × 2.1 mm, 3 µm)",Reversed phase,negative,DG07,1,1,"[[230.73033707865167, 84.35990338164248, 276.7977528089888, 403.75925925925924]]","[3.669466803386834, 1.3822776053762549, 1.3259839256018793, 0.4823176299826583, 0.0856177574481821, -1.4308290969812278, 1.006354079889978, 1.928536949952555, 2.1546347761426925, 6.382268953932561, 0.5202926571742357, 4.736855537382387, 1.310734463276836]"
External A,train,HetCD_mixneg__F9381,HetCD_mixneg/HetCD_mixneg__F9381.png,HetCD_mixneg,ST003127,PR001944,Thermo Q Exactive Orbitrap,Thermo Exactive Orbitrap,"Imtakt Cadenza CD-C18 (150 × 2.1 mm, 3 µm)",Reversed phase,negative,DG07,0,0,[],"[1.77433331404003, 1.0310933259199229, 0.2438696475035967, 0.1506801996112694, 0.0456377590434561, -0.2098409428379454, 1.029698764410916, 0.7984710161760585, 0.2283817559026761, 5.325958283275528, 1.0086177678708772, 3.58828057331062, 0.9629629629629628]"
External A,train,HetCD_mixneg__F9385,HetCD_mixneg/HetCD_mixneg__F9385.png,HetCD_mixneg,ST003127,PR001944,Thermo Q Exactive Orbitrap,Thermo Exactive Orbitrap,"Imtakt Cadenza CD-C18 (150 × 2.1 mm, 3 µm)",Reversed phase,negative,DG07,0,0,[],"[2.965482639750744, 0.671064740936034, 0.1318719394701012, 0.1746456720282901, 0.0032959720143049, -0.6446930156087529, 0.977892834093414, 0.881586026880138, 0.6760338051863126, 8.393070784352648, 0.6276198075380024, 5.969003379845577, 1.215419501133787]"
External A,train,HetCD_mixneg__F9441,HetCD_mixneg/HetCD_mixneg__F9441.png,HetCD_mixneg,ST003127,PR001944,Thermo Q Exactive Orbitrap,Thermo Exactive Orbitrap,"Imtakt Cadenza CD-C18 (150 × 2.1 mm, 3 µm)",Reversed phase,negative,DG07,0,0,[],"[2.472083490403487, 0.9652294680564224, 0.7191579489880886, 0.2286733538184483, 0.0745293808757238, -0.4151965396308202, 0.4798389593947493, 0.932135572300058, 0.7652779934513825, 3.07198537004865, 1.0073134509699782, 2.6062389286533896, 0.9333333333333332]"
External A,train,HetCD_mixneg__F9445,HetCD_mixneg/HetCD_mixneg__F9445.png,HetCD_mixneg,ST003127,PR001944,Thermo Q Exactive Orbitrap,Thermo Exactive Orbitrap,"Imtakt Cadenza CD-C18 (150 × 2.1 mm, 3 µm)",Reversed phase,negative,DG07,0,0,[],"[2.42722861233902, 0.5531450926945592, 0.1259914999999934, 0.0686699222402462, 0.005784263277293, -0.5265064091998913, 0.9238106949089132, 0.754558256741999, 0.0289985916907924, 7.733703407153111, 0.5768267294802906, 6.395352311225307, 1.3294573643410852]"
External A,train,HetCD_mixneg__F9521,HetCD_mixneg/HetCD_mixneg__F9521.png,HetCD_mixneg,ST003127,PR001944,Thermo Q Exactive Orbitrap,Thermo Exactive Orbitrap,"Imtakt Cadenza CD-C18 (150 × 2.1 mm, 3 µm)",Reversed phase,negative,DG07,0,0,[],"[2.8850387886812583, 0.8092367774191606, 0.4677876121082039, 0.2220241030055687, 0.0478244565026528, -0.7025365191219856, 0.7499483616353554, 1.05392548271354, 0.7955767685788403, 4.965302359119844, 0.718036277538056, 4.522393525513312, 1.326086956521739]"
External A,train,HetCD_mixneg__F9544,HetCD_mixneg/HetCD_mixneg__F9544.png,HetCD_mixneg,ST003127,PR001944,Thermo Q Exactive Orbitrap,Thermo Exactive Orbitrap,"Imtakt Cadenza CD-C18 (150 × 2.1 mm, 3 µm)",Reversed phase,negative,DG07,0,0,[],"[1.4354351505731977, 0.7118808595961585, 0.5836579288659377, 0.0047208288534765, 0.2545454130766046, -0.457423916742457, 0.9006962087119885, 1.0718502068221538, -0.4832713965399728, 4.138221021249287, 0.5331108503373484, 3.5944825065194204, 0.8461538461538461]"
External A,train,HetCD_mixneg__F9560,HetCD_mixneg/HetCD_mixneg__F9560.png,HetCD_mixneg,ST003127,PR001944,Thermo Q Exactive Orbitrap,Thermo Exactive Orbitrap,"Imtakt Cadenza CD-C18 (150 × 2.1 mm, 3 µm)",Reversed phase,negative,DG07,0,0,[],"[3.273153605805298, 0.801579557212257, 0.5211134388173828, 0.2581214035441658, 0.0352563924573146, -0.699602512738467, 0.748324932072085, 0.9427934577904372, 0.8191086867082574, 4.947722138290995, 0.6858031135652853, 4.620313519688039, 1.3555555555555556]"
External A,train,HetCD_mixneg__F9646,HetCD_mixneg/HetCD_mixneg__F9646.png,HetCD_mixneg,ST003127,PR001944,Thermo Q Exactive Orbitrap,Thermo Exactive Orbitrap,"Imtakt Cadenza CD-C18 (150 × 2.1 mm, 3 µm)",Reversed phase,negative,DG07,1,1,"[[234.66292134831463, 84.35990338164245, 269.4943820224719, 403.75925925925924]]","[2.301527083138972, 1.4377489116716204, 1.6691352823934316, 0.3333483185433858, 0.2729242406564787, -1.1420983245583467, 0.4143423503218397, 2.115745376141257, 1.235251712877464, 2.183276410174906, 0.7181696764943025, 1.854285871987246, 0.3076923076923077]"
External A,train,HetCD_mixneg__F9699,HetCD_mixneg/HetCD_mixneg__F9699.png,HetCD_mixneg,ST003127,PR001944,Thermo Q Exactive Orbitrap,Thermo Exactive Orbitrap,"Imtakt Cadenza CD-C18 (150 × 2.1 mm, 3 µm)",Reversed phase,negative,DG07,0,0,[],"[2.560414150984218, 1.101453980071139, 0.4260064275633767, 0.2810536441465306, 0.0322250891812228, -0.3428830604634504, 0.6698415900244518, 0.6261616276147688, 0.6683093657172713, 4.101784511214764, 1.1408069413458009, 2.9528822923277263, 0.9444444444444444]"
External A,train,HetCD_mixneg__F972,HetCD_mixneg/HetCD_mixneg__F972.png,HetCD_mixneg,ST003127,PR001944,Thermo Q Exactive Orbitrap,Thermo Exactive Orbitrap,"Imtakt Cadenza CD-C18 (150 × 2.1 mm, 3 µm)",Reversed phase,negative,DG07,0,1,"[[307.69662921348316, 84.35990338164248, 330.7303370786517, 403.75925925925924]]","[2.497817977099613, 0.6275386005803751, 0.1897257238164174, 0.1084765995886516, 0.0173114712350769, -0.6066637570687947, 0.958388299230582, 0.9348064653447232, 0.7248803872203102, 6.752495627355033, 0.542992184521399, 6.460156123307212, 1.318181818181818]"
External A,train,HetCD_mixneg__F9740,HetCD_mixneg/HetCD_mixneg__F9740.png,HetCD_mixneg,ST003127,PR001944,Thermo Q Exactive Orbitrap,Thermo Exactive Orbitrap,"Imtakt Cadenza CD-C18 (150 × 2.1 mm, 3 µm)",Reversed phase,negative,DG07,0,0,[],"[1.4764698342789122, 0.8902689316420125, 0.3106593115075783, 0.0634187871901836, 0.0640760095011822, 0.0505170078267284, 0.9228618838048492, 0.2461326835664268, -0.0713230506081038, 3.4326026531001115, 1.237554515987371, 2.9847696187067423, 1.368421052631579]"
External A,train,HetCD_mixneg__F9813,HetCD_mixneg/HetCD_mixneg__F9813.png,HetCD_mixneg,ST003127,PR001944,Thermo Q Exactive Orbitrap,Thermo Exactive Orbitrap,"Imtakt Cadenza CD-C18 (150 × 2.1 mm, 3 µm)",Reversed phase,negative,DG07,0,0,[],"[4.213521844439899, 0.9318504591278032, 0.2350868352737549, 0.3914972308912846, 0.003065832904013, -0.6672504337007992, 0.6369171340087478, 0.6553005012853022, 0.6875123556930983, 7.492123886146189, 0.9751314100306536, 4.766068938133921, 1.2636655948553055]"
External A,train,HetCD_mixneg__F9872,HetCD_mixneg/HetCD_mixneg__F9872.png,HetCD_mixneg,ST003127,PR001944,Thermo Q Exactive Orbitrap,Thermo Exactive Orbitrap,"Imtakt Cadenza CD-C18 (150 × 2.1 mm, 3 µm)",Reversed phase,negative,DG07,0,0,[],"[3.610616431274861, 0.9919477835999306, 0.3687514999222738, 0.3599817681383013, 0.0109789833634275, -0.5647917677867643, 0.6108574626828419, 0.6673676834534847, 0.6729782606727048, 5.714963108830211, 1.032396480552301, 3.8841583445368335, 1.183673469387755]"
External A,train,HetCD_mixneg__F9932,HetCD_mixneg/HetCD_mixneg__F9932.png,HetCD_mixneg,ST003127,PR001944,Thermo Q Exactive Orbitrap,Thermo Exactive Orbitrap,"Imtakt Cadenza CD-C18 (150 × 2.1 mm, 3 µm)",Reversed phase,negative,DG07,0,0,[],"[3.228367283528617, 0.8292081870605403, 0.3680144005912202, 0.2644622856505457, 0.0118446675212745, -0.489936314920088, 0.5987755186789457, 0.5951702224899239, 0.5302845863776287, 5.615459490979152, 0.8634619646175419, 4.411574953077608, 1.1688311688311688]"
External A,train,HetCD_mixneg__F9940,HetCD_mixneg/HetCD_mixneg__F9940.png,HetCD_mixneg,ST003127,PR001944,Thermo Q Exactive Orbitrap,Thermo Exactive Orbitrap,"Imtakt Cadenza CD-C18 (150 × 2.1 mm, 3 µm)",Reversed phase,negative,DG07,0,0,[],"[2.2527152660466605, 0.4528387454194607, 0.207189978448228, 0.0043464750340124, 0.0293502415220891, -0.5173795691166843, 0.6954807861408805, 0.6311421279429301, 0.1694083938750091, 6.298015422178907, 0.5097766571901821, 5.939267556014373, 1.181818181818182]"
External A,train,WTHFD_mixpos__F10000,WTHFD_mixpos/WTHFD_mixpos__F10000.png,WTHFD_mixpos,ST003127,PR001944,Thermo Q Exactive Orbitrap,Thermo Exactive Orbitrap,"Imtakt Cadenza CD-C18 (150 × 2.1 mm, 3 µm)",Reversed phase,positive,DG08,1,1,"[[231.3709677419353, 84.35990338164251, 287.31182795698936, 403.75925925925924]]","[2.969227376726027, 1.2185019525135288, 0.9629655993733084, 0.3634248127902553, 0.2471986386174099, -0.9994698855517392, 0.9947770706022072, 1.569892499435223, 1.3681139900268215, 4.496564167294034, 0.6216919296906263, 3.6245756015621455, 0.851063829787234]"
External A,train,WTHFD_mixpos__F10011,WTHFD_mixpos/WTHFD_mixpos__F10011.png,WTHFD_mixpos,ST003127,PR001944,Thermo Q Exactive Orbitrap,Thermo Exactive Orbitrap,"Imtakt Cadenza CD-C18 (150 × 2.1 mm, 3 µm)",Reversed phase,positive,DG08,1,2,"[[335.1523297491039, 207.81457172630132, 391.07526881720435, 403.75925925925924], [231.38888888888872, 84.35990338164251, 286.3888888888888, 403.75925925925924]]","[2.716402836611382, 1.4069821027777338, 1.323134888533661, 0.3821909215322862, 0.12972821717951, -1.3825097074246613, 1.0258987323187694, 2.136554899073821, 1.265995333381799, 4.260011824825998, 0.3345141458093618, 2.9154461690771254, 0.7254901960784313]"
External A,train,WTHFD_mixpos__F10017,WTHFD_mixpos/WTHFD_mixpos__F10017.png,WTHFD_mixpos,ST003127,PR001944,Thermo Q Exactive Orbitrap,Thermo Exactive Orbitrap,"Imtakt Cadenza CD-C18 (150 × 2.1 mm, 3 µm)",Reversed phase,positive,DG08,1,1,"[[210.83333333333337, 84.35990338164248, 289.7222222222222, 403.7592592592593]]","[5.763214965066474, 2.7771808403425062, 2.586425890029085, 0.9295591592343267, 0.087926006335679, -2.7304949039553965, 0.3210710382947606, 3.1821972721361056, 4.234074018299275, 4.726634260594372, 0.403854540701521, 3.519871979005444, 1.045801526717557]"
External A,train,WTHFD_mixpos__F10090,WTHFD_mixpos/WTHFD_mixpos__F10090.png,WTHFD_mixpos,ST003127,PR001944,Thermo Q Exactive Orbitrap,Thermo Exactive Orbitrap,"Imtakt Cadenza CD-C18 (150 × 2.1 mm, 3 µm)",Reversed phase,positive,DG08,0,0,[],"[2.6707228339698603, 0.6200932473018399, 0.6816481907196849, 0.1232139674926208, 0.094497512838954, -0.4475232230105923, 0.7113565661579939, 0.5145568225017754, 0.714231161319547, 3.980104105648644, 0.7129513164125599, 3.884183719779189, 1.1]"
External A,train,WTHFD_mixpos__F10183,WTHFD_mixpos/WTHFD_mixpos__F10183.png,WTHFD_mixpos,ST003127,PR001944,Thermo Q Exactive Orbitrap,Thermo Exactive Orbitrap,"Imtakt Cadenza CD-C18 (150 × 2.1 mm, 3 µm)",Reversed phase,positive,DG08,0,0,[],"[2.256288451551477, 0.8842522472585245, 0.4240724355200508, 0.1753854108908294, 0.0772424316112215, -0.6207394614103954, 0.8664430545212898, 1.161852368776057, 0.4655834708054917, 4.330637218221401, 0.7494683965318949, 3.8306441858732936, 1.2424242424242424]"
External A,train,WTHFD_mixpos__F10204,WTHFD_mixpos/WTHFD_mixpos__F10204.png,WTHFD_mixpos,ST003127,PR001944,Thermo Q Exactive Orbitrap,Thermo Exactive Orbitrap,"Imtakt Cadenza CD-C18 (150 × 2.1 mm, 3 µm)",Reversed phase,positive,DG08,0,0,[],"[2.115981265546179, 0.7501108784404824, 0.3176438017609633, 0.1118034591266524, 0.0968301037845398, -0.2918395354670287, 0.6885883109007098, 0.6141471238754497, -0.0352871138043458, 4.272299402109333, 0.8534671760663795, 3.874211167093751, 1.103448275862069]"
External A,train,WTHFD_mixpos__F10225,WTHFD_mixpos/WTHFD_mixpos__F10225.png,WTHFD_mixpos,ST003127,PR001944,Thermo Q Exactive Orbitrap,Thermo Exactive Orbitrap,"Imtakt Cadenza CD-C18 (150 × 2.1 mm, 3 µm)",Reversed phase,positive,DG08,0,0,[],"[3.201906597101334, 1.0503639019487232, 0.4544771488365395, 0.338771850891741, 0.0209061436670918, -0.5126720101277602, 0.5843603015274021, 0.714400559615698, 0.8267732965515794, 4.747005739524921, 1.1005045509542524, 3.622710391423566, 1.1538461538461535]"
External A,train,WTHFD_mixpos__F10264,WTHFD_mixpos/WTHFD_mixpos__F10264.png,WTHFD_mixpos,ST003127,PR001944,Thermo Q Exactive Orbitrap,Thermo Exactive Orbitrap,"Imtakt Cadenza CD-C18 (150 × 2.1 mm, 3 µm)",Reversed phase,positive,DG08,0,0,[],"[2.992360148792035, 1.017405157645955, 0.4573323931895855, 0.3058286857408759, 0.0358708323097053, -0.736205293657864, 0.8322110742885984, 1.1607660657879637, 1.190048039004701, 5.140010064800571, 0.7608711236316221, 4.443677948129637, 1.180327868852459]"
External A,train,WTHFD_mixpos__F10389,WTHFD_mixpos/WTHFD_mixpos__F10389.png,WTHFD_mixpos,ST003127,PR001944,Thermo Q Exactive Orbitrap,Thermo Exactive Orbitrap,"Imtakt Cadenza CD-C18 (150 × 2.1 mm, 3 µm)",Reversed phase,positive,DG08,1,1,"[[232.5, 84.3599033816425, 310.8333333333333, 403.75925925925924]]","[6.761378769235561, 3.2704680121797427, 2.0704894569601136, 1.0628239369687429, 0.080917829229082, -2.4299909074009323, 0.3786569763779206, 2.708963555417564, 5.20872188354899, 4.6310476772729965, 0.5086351088938208, 3.3514119820145294, 1.0149253731343284]"
External A,train,WTHFD_mixpos__F1044,WTHFD_mixpos/WTHFD_mixpos__F1044.png,WTHFD_mixpos,ST003127,PR001944,Thermo Q Exactive Orbitrap,Thermo Exactive Orbitrap,"Imtakt Cadenza CD-C18 (150 × 2.1 mm, 3 µm)",Reversed phase,positive,DG08,0,0,[],"[3.915609830663586, 0.3273666915553331, 0.1667454508182811, 0.0572552381127902, 0.0051484549027138, -0.9698339782451696, 0.8779749296271802, 0.7657670872356622, -0.2420652622493231, 8.821960030036113, 0.3254551214236461, 6.743153782829864, 1.2863070539419088]"
External A,train,WTHFD_mixpos__F10455,WTHFD_mixpos/WTHFD_mixpos__F10455.png,WTHFD_mixpos,ST003127,PR001944,Thermo Q Exactive Orbitrap,Thermo Exactive Orbitrap,"Imtakt Cadenza CD-C18 (150 × 2.1 mm, 3 µm)",Reversed phase,positive,DG08,0,0,[],"[2.56775458881108, 0.5792795962134596, 0.338875813430406, 0.0947239872462096, 0.0752863938664217, -0.4876624583099866, 0.8735022590374062, 0.6496005007587797, 0.6220393658151417, 5.476920021662852, 0.6263628572987662, 5.280634900785008, 1.4814814814814814]"
External A,train,WTHFD_mixpos__F10516,WTHFD_mixpos/WTHFD_mixpos__F10516.png,WTHFD_mixpos,ST003127,PR001944,Thermo Q Exactive Orbitrap,Thermo Exactive Orbitrap,"Imtakt Cadenza CD-C18 (150 × 2.1 mm, 3 µm)",Reversed phase,positive,DG08,0,0,[],"[1.9840731349403748, 0.7780130325790454, 0.426887712012245, 0.1044247549474002, 0.1221797714934257, -0.1769958979364891, 0.6887199480550827, 0.460461549800835, 0.3368215904298444, 3.338636295641263, 1.0205018665311305, 3.3735572622751846, 1.2]"
External A,train,WTHFD_mixpos__F10570,WTHFD_mixpos/WTHFD_mixpos__F10570.png,WTHFD_mixpos,ST003127,PR001944,Thermo Q Exactive Orbitrap,Thermo Exactive Orbitrap,"Imtakt Cadenza CD-C18 (150 × 2.1 mm, 3 µm)",Reversed phase,positive,DG08,0,0,[],"[2.959066915421681, 1.2007245412298828, 0.5560979624195519, 0.357269969141301, 0.040314125894523, -0.4149494366834488, 0.714791074472343, 0.7241102153318617, 1.421947674829481, 4.075880500781561, 1.2025643134193589, 3.3406156188270293, 1.1714285714285717]"
External A,train,WTHFD_mixpos__F10611,WTHFD_mixpos/WTHFD_mixpos__F10611.png,WTHFD_mixpos,ST003127,PR001944,Thermo Q Exactive Orbitrap,Thermo Exactive Orbitrap,"Imtakt Cadenza CD-C18 (150 × 2.1 mm, 3 µm)",Reversed phase,positive,DG08,0,0,[],"[3.002712758865701, 0.7584182945826001, 0.498455474129408, 0.2144878308974097, 0.0574427395328834, -1.102685845740042, 0.9248028389649304, 1.5510750916638725, 0.5605461168574899, 7.490549799000392, 0.4149729667445739, 6.287735179585883, 1.2369477911646587]"
External A,train,WTHFD_mixpos__F10698,WTHFD_mixpos/WTHFD_mixpos__F10698.png,WTHFD_mixpos,ST003127,PR001944,Thermo Q Exactive Orbitrap,Thermo Exactive Orbitrap,"Imtakt Cadenza CD-C18 (150 × 2.1 mm, 3 µm)",Reversed phase,positive,DG08,0,0,[],"[2.510084331357475, 0.8047036818110167, 0.9445539823042112, 0.1789588421710266, 0.1697186018798596, -0.4483772696021768, 0.4487059929037736, 0.8357240962390461, 1.0135151393428137, 3.02874599426572, 1.0068831580290871, 3.0220552088742, 1.1666666666666667]"
External A,train,WTHFD_mixpos__F10747,WTHFD_mixpos/WTHFD_mixpos__F10747.png,WTHFD_mixpos,ST003127,PR001944,Thermo Q Exactive Orbitrap,Thermo Exactive Orbitrap,"Imtakt Cadenza CD-C18 (150 × 2.1 mm, 3 µm)",Reversed phase,positive,DG08,1,1,"[[308.6111111111113, 348.38667172897055, 399.1546, 403.75925925925924]]","[3.895660254640045, 0.8644707628483427, 0.3671330343046562, 0.3392212531467269, 0.0167445013318932, -0.7744692040598867, 0.6085798879142718, 0.8864429755117121, 0.9830479283620926, 6.210667707622893, 0.7517658256595899, 4.637601636417386, 1.25]"
External A,train,WTHFD_mixpos__F10748,WTHFD_mixpos/WTHFD_mixpos__F10748.png,WTHFD_mixpos,ST003127,PR001944,Thermo Q Exactive Orbitrap,Thermo Exactive Orbitrap,"Imtakt Cadenza CD-C18 (150 × 2.1 mm, 3 µm)",Reversed phase,positive,DG08,1,1,"[[398.0555555555555, 360.8361220351816, 457.5, 403.75925925925924]]","[3.186185490263454, 0.7592917372206291, 0.3063154162626075, 0.2329001379795903, 0.0192491133428525, -0.6373565781670865, 0.7000970169544138, 0.8466746223639082, 0.7236403490794642, 6.163793177105988, 0.7200540629323535, 5.187881498743432, 1.386138613861386]"
External A,train,WTHFD_mixpos__F10769,WTHFD_mixpos/WTHFD_mixpos__F10769.png,WTHFD_mixpos,ST003127,PR001944,Thermo Q Exactive Orbitrap,Thermo Exactive Orbitrap,"Imtakt Cadenza CD-C18 (150 × 2.1 mm, 3 µm)",Reversed phase,positive,DG08,1,2,"[[241.86596450000005, 84.35990338164251, 264.72222222222223, 403.75925925925924], [232.50000000000014, 249.18525803216338, 241.86596450000005, 403.75925925925924]]","[2.579548247408974, 2.100586153774639, 1.0687546047272467, 0.5064078350490675, 0.1729721483349543, -0.4852516978021467, 0.7067545345065466, 1.1991466368417565, 2.001573322693236, 1.5210064089047004, 1.3500888104703888, 1.0389205950315936, 0.5333333333333333]"
External A,train,WTHFD_mixpos__F10813,WTHFD_mixpos/WTHFD_mixpos__F10813.png,WTHFD_mixpos,ST003127,PR001944,Thermo Q Exactive Orbitrap,Thermo Exactive Orbitrap,"Imtakt Cadenza CD-C18 (150 × 2.1 mm, 3 µm)",Reversed phase,positive,DG08,0,0,[],"[3.1155644172819144, 1.2587166402487988, 0.972579992376544, 0.3910774454888908, 0.0878684737030046, -0.379498033699393, 0.5717929541227773, 0.4913041598399449, 1.684168460840828, 3.004248036525487, 1.4705848592353832, 2.584962500721156, 1.1111111111111112]"
External A,train,WTHFD_mixpos__F10828,WTHFD_mixpos/WTHFD_mixpos__F10828.png,WTHFD_mixpos,ST003127,PR001944,Thermo Q Exactive Orbitrap,Thermo Exactive Orbitrap,"Imtakt Cadenza CD-C18 (150 × 2.1 mm, 3 µm)",Reversed phase,positive,DG08,0,0,[],"[2.2105689275317366, 0.7563079679458212, 0.5844395714378904, 0.125785473275021, 0.3011985994853984, -0.520661061585687, 0.9625404099788906, 0.8566685021352204, 0.2921314493919096, 3.7832160643439865, 0.7637862389493564, 3.6414460711655217, 1.2]"
External A,train,WTHFD_mixpos__F10844,WTHFD_mixpos/WTHFD_mixpos__F10844.png,WTHFD_mixpos,ST003127,PR001944,Thermo Q Exactive Orbitrap,Thermo Exactive Orbitrap,"Imtakt Cadenza CD-C18 (150 × 2.1 mm, 3 µm)",Reversed phase,positive,DG08,1,1,"[[228.05555555555543, 84.35990338164245, 281.9444444444446, 403.75925925925924]]","[3.3950561306734666, 2.0964249352006603, 1.9036158810801729, 0.6083912492009447, 0.1624446239131218, -2.014395951150024, 0.738533052421523, 2.763749543601034, 2.2987032025712035, 4.254563322712687, 0.2739927216197198, 2.5038996051095928, 0.3764705882352941]"
External A,train,WTHFD_mixpos__F10880,WTHFD_mixpos/WTHFD_mixpos__F10880.png,WTHFD_mixpos,ST003127,PR001944,Thermo Q Exactive Orbitrap,Thermo Exactive Orbitrap,"Imtakt Cadenza CD-C18 (150 × 2.1 mm, 3 µm)",Reversed phase,positive,DG08,0,0,[],"[2.448944195282012, 0.9110342597357252, 0.5808883104789558, 0.2083166484619687, 0.0794930248385039, -0.4460493231458095, 0.8421483147790706, 0.863929842853467, 0.8166817607625236, 3.863136371303724, 0.8711181196487023, 3.386842188131012, 1.5416666666666667]"
External A,train,WTHFD_mixpos__F1093,WTHFD_mixpos/WTHFD_mixpos__F1093.png,WTHFD_mixpos,ST003127,PR001944,Thermo Q Exactive Orbitrap,Thermo Exactive Orbitrap,"Imtakt Cadenza CD-C18 (150 × 2.1 mm, 3 µm)",Reversed phase,positive,DG08,0,0,[],"[2.875918650481941, 1.115590689850951, 0.4586092506230145, 0.3230816573376921, 0.0330398930170745, -0.3279752213441546, 0.5923761863121986, 0.4742669981961949, 0.7187773875108554, 4.311399814800775, 1.3010790073037293, 3.148539663770333, 1.238095238095238]"
External A,train,WTHFD_mixpos__F10991,WTHFD_mixpos/WTHFD_mixpos__F10991.png,WTHFD_mixpos,ST003127,PR001944,Thermo Q Exactive Orbitrap,Thermo Exactive Orbitrap,"Imtakt Cadenza CD-C18 (150 × 2.1 mm, 3 µm)",Reversed phase,positive,DG08,0,0,[],"[2.1469975945118422, 1.0106171199101488, 0.5725753846634369, 0.2000008413126968, 0.0774876274711722, -0.3692844847421364, 0.4435104178044722, 0.9422730659016736, 0.7804465878093171, 3.199746859429754, 0.9593068705501826, 2.813846108638385, 1.0]"
External A,train,WTHFD_mixpos__F11126,WTHFD_mixpos/WTHFD_mixpos__F11126.png,WTHFD_mixpos,ST003127,PR001944,Thermo Q Exactive Orbitrap,Thermo Exactive Orbitrap,"Imtakt Cadenza CD-C18 (150 × 2.1 mm, 3 µm)",Reversed phase,positive,DG08,0,0,[],"[3.522550427647595, 1.1873859540174188, 0.3307257717346795, 0.4135199492247162, 0.0070281393643588, -0.5080264461908407, 0.5632820278076346, 0.6610395397902281, 0.9311168512828384, 5.673621772157414, 1.2524144192803452, 3.453841006615449, 1.0782608695652174]"
External A,train,WTHFD_mixpos__F11192,WTHFD_mixpos/WTHFD_mixpos__F11192.png,WTHFD_mixpos,ST003127,PR001944,Thermo Q Exactive Orbitrap,Thermo Exactive Orbitrap,"Imtakt Cadenza CD-C18 (150 × 2.1 mm, 3 µm)",Reversed phase,positive,DG08,0,0,[],"[2.748589877473136, 1.0337921751024453, 0.5983965604372836, 0.2834675302769008, 0.0992829698129564, -0.5502188924408902, 0.2780623353169068, 1.0015105253177834, 0.7852842714057926, 3.5088830149088257, 0.8949287010151501, 2.8585552118703137, 1.0]"
External A,train,WTHFD_mixpos__F11217,WTHFD_mixpos/WTHFD_mixpos__F11217.png,WTHFD_mixpos,ST003127,PR001944,Thermo Q Exactive Orbitrap,Thermo Exactive Orbitrap,"Imtakt Cadenza CD-C18 (150 × 2.1 mm, 3 µm)",Reversed phase,positive,DG08,0,0,[],"[2.1025237781222352, 0.6648081736782621, 0.8540531962338521, 0.078778430862719, 0.3122038784495118, -1.0604038362062291, 1.0050623482386296, 1.6966787071135443, -0.2146387486663447, 5.845715420778787, 0.2993995768471761, 5.412865598208789, 1.2179487179487178]"
External A,train,WTHFD_mixpos__F1123,WTHFD_mixpos/WTHFD_mixpos__F1123.png,WTHFD_mixpos,ST003127,PR001944,Thermo Q Exactive Orbitrap,Thermo Exactive Orbitrap,"Imtakt Cadenza CD-C18 (150 × 2.1 mm, 3 µm)",Reversed phase,positive,DG08,0,0,[],"[1.8657200553526547, 0.4329602034457558, 0.1478457025922909, -0.0438838093716757, 0.0298793491132036, -0.3793281515968957, 0.9942051006425424, 0.7988958211688275, 0.2594119111249588, 5.840082126334079, 0.4747771816382493, 5.723311669531664, 1.3015873015873016]"
External A,train,WTHFD_mixpos__F11248,WTHFD_mixpos/WTHFD_mixpos__F11248.png,WTHFD_mixpos,ST003127,PR001944,Thermo Q Exactive Orbitrap,Thermo Exactive Orbitrap,"Imtakt Cadenza CD-C18 (150 × 2.1 mm, 3 µm)",Reversed phase,positive,DG08,0,0,[],"[2.14407948202316, 0.6136015776844267, 0.162011722645697, 0.063635524430204, 0.0097028456296409, -0.3893464096415298, 0.8501239726384244, 0.6827990994713794, 0.073736434439093, 6.6154103821570445, 0.6785797961646509, 5.880281560589669, 1.2]"
External A,train,WTHFD_mixpos__F11260,WTHFD_mixpos/WTHFD_mixpos__F11260.png,WTHFD_mixpos,ST003127,PR001944,Thermo Q Exactive Orbitrap,Thermo Exactive Orbitrap,"Imtakt Cadenza CD-C18 (150 × 2.1 mm, 3 µm)",Reversed phase,positive,DG08,0,0,[],"[2.501235746456447, 0.8672869315334713, 0.5170389454067043, 0.1999318579807759, 0.045035228156262, -0.5314486177871955, 1.004587405628648, 0.9374608402307456, 0.7356992497401404, 4.420147547226054, 0.8182367254657132, 4.195909270873605, 1.3333333333333333]"
External A,train,WTHFD_mixpos__F11360,WTHFD_mixpos/WTHFD_mixpos__F11360.png,WTHFD_mixpos,ST003127,PR001944,Thermo Q Exactive Orbitrap,Thermo Exactive Orbitrap,"Imtakt Cadenza CD-C18 (150 × 2.1 mm, 3 µm)",Reversed phase,positive,DG08,0,1,"[[84.5858087356772, 84.35990338164248, 157.49999999999994, 403.75925925925924]]","[3.083471023649245, 2.11716074256744, 0.4680957500053047, 0.5756613720527243, 0.0307009144068938, -0.4833136188129459, 0.6831591664236671, 0.927508658306864, 2.059688911163307, 2.855094243596884, 1.1293801702889394, 1.347792585664096, 0.4054054054054054]"
External A,train,WTHFD_mixpos__F11424,WTHFD_mixpos/WTHFD_mixpos__F11424.png,WTHFD_mixpos,ST003127,PR001944,Thermo Q Exactive Orbitrap,Thermo Exactive Orbitrap,"Imtakt Cadenza CD-C18 (150 × 2.1 mm, 3 µm)",Reversed phase,positive,DG08,1,1,"[[234.7222222222222, 84.35990338164248, 285.2777777777778, 403.75925925925924]]","[1.886618643422326, 1.261289257541438, 1.2863692564757128, 0.2278316855294469, 0.3139922565742588, -1.4729586067411395, 0.5857979793838994, 2.575119634180702, 0.8686320847624076, 2.9209568540207225, 0.4126585976053115, 2.584962500721156, 0.4444444444444444]"
External A,train,WTHFD_mixpos__F11477,WTHFD_mixpos/WTHFD_mixpos__F11477.png,WTHFD_mixpos,ST003127,PR001944,Thermo Q Exactive Orbitrap,Thermo Exactive Orbitrap,"Imtakt Cadenza CD-C18 (150 × 2.1 mm, 3 µm)",Reversed phase,positive,DG08,0,0,[],"[1.674591432254767, 1.101670362539754, 0.4314460677867078, 0.1530290332451757, 0.0958982713258646, -0.1217959371429927, 0.9296330755929566, 0.7068289419236717, 0.3991978156259711, 3.282816962305691, 1.1487857243260438, 2.484996098730652, 1.1428571428571428]"
External A,train,WTHFD_mixpos__F11489,WTHFD_mixpos/WTHFD_mixpos__F11489.png,WTHFD_mixpos,ST003127,PR001944,Thermo Q Exactive Orbitrap,Thermo Exactive Orbitrap,"Imtakt Cadenza CD-C18 (150 × 2.1 mm, 3 µm)",Reversed phase,positive,DG08,0,0,[],"[2.5922396707620114, 0.673618320187584, 1.174975479674689, 0.1376990252204999, 0.4027319933441532, -1.1443738297266577, 0.835989737803503, 1.6417570435685884, 0.9810994333938085, 5.148134646982174, 0.3164284328394336, 5.232158891364568, 1.0454545454545454]"
External A,train,WTHFD_mixpos__F11492,WTHFD_mixpos/WTHFD_mixpos__F11492.png,WTHFD_mixpos,ST003127,PR001944,Thermo Q Exactive Orbitrap,Thermo Exactive Orbitrap,"Imtakt Cadenza CD-C18 (150 × 2.1 mm, 3 µm)",Reversed phase,positive,DG08,0,0,[],"[1.704024521479405, 1.1230583922175637, 0.4573735226805346, 0.163417676161035, 0.0582325959351435, -0.0359825479524459, 1.126936343661031, 0.677505401906427, 0.4686519781745157, 2.768311184801453, 1.298807873259114, 2.306890595608519, 1.0]"
External A,train,WTHFD_mixpos__F11496,WTHFD_mixpos/WTHFD_mixpos__F11496.png,WTHFD_mixpos,ST003127,PR001944,Thermo Q Exactive Orbitrap,Thermo Exactive Orbitrap,"Imtakt Cadenza CD-C18 (150 × 2.1 mm, 3 µm)",Reversed phase,positive,DG08,1,1,"[[228.05555555555557, 84.35990338164248, 302.49999999999994, 403.75925925925924]]","[5.209322748229201, 1.4844906444634345, 1.277406970778212, 0.6401429570912615, 0.0740879433297955, -1.754012770713092, 0.8245672371350172, 2.0207894979330936, 2.784324608150171, 5.5189821681370255, 0.2729955770102695, 5.043904509753606, 1.1827956989247312]"
External A,train,WTHFD_mixpos__F11567,WTHFD_mixpos/WTHFD_mixpos__F11567.png,WTHFD_mixpos,ST003127,PR001944,Thermo Q Exactive Orbitrap,Thermo Exactive Orbitrap,"Imtakt Cadenza CD-C18 (150 × 2.1 mm, 3 µm)",Reversed phase,positive,DG08,0,0,[],"[2.047329500366489, 0.2968654488644804, 0.1145879172512716, -0.0948029979513431, 0.0293186020936688, -0.60083690255927, 0.5059948680143068, 0.4678911138887072, -0.5943096519181781, 6.583535243207013, 0.3329488956686658, 6.073859502468093, 1.386138613861386]"
External A,train,WTHFD_mixpos__F11622,WTHFD_mixpos/WTHFD_mixpos__F11622.png,WTHFD_mixpos,ST003127,PR001944,Thermo Q Exactive Orbitrap,Thermo Exactive Orbitrap,"Imtakt Cadenza CD-C18 (150 × 2.1 mm, 3 µm)",Reversed phase,positive,DG08,0,0,[],"[2.0891596140851223, 1.1719645490861696, 0.6195908379864716, 0.2365902861481994, 0.2002319659605225, -0.4648500546481775, 1.144386426648959, 1.1273473482993983, 1.0226320419020898, 3.685487448378282, 0.8871782024394889, 3.087496761102215, 1.1111111111111112]"
External A,train,WTHFD_mixpos__F11662,WTHFD_mixpos/WTHFD_mixpos__F11662.png,WTHFD_mixpos,ST003127,PR001944,Thermo Q Exactive Orbitrap,Thermo Exactive Orbitrap,"Imtakt Cadenza CD-C18 (150 × 2.1 mm, 3 µm)",Reversed phase,positive,DG08,1,1,"[[232.5, 151.67984590021723, 264.72222222222223, 403.7592592592593]]","[2.0776583230612484, 1.229509122016168, 2.0301654144818304, 0.2497485058726345, 0.2270694080959246, -1.6839315722346315, 0.7740436689357042, 2.6840971811399394, 0.8728290956771962, 3.6361207543716914, 0.2926740190418219, 3.199513850319966, 0.4285714285714285]"
External A,train,WTHFD_mixpos__F1189,WTHFD_mixpos/WTHFD_mixpos__F1189.png,WTHFD_mixpos,ST003127,PR001944,Thermo Q Exactive Orbitrap,Thermo Exactive Orbitrap,"Imtakt Cadenza CD-C18 (150 × 2.1 mm, 3 µm)",Reversed phase,positive,DG08,0,0,[],"[2.8793035410078103, 0.96577315809958, 0.7393505867091185, 0.2765484331372532, 0.1144507062770753, -0.663294555968063, 0.9016430775198294, 1.0784650055535154, 0.77600880174264, 5.633771004012121, 0.7574091282413685, 4.4644450701371845, 1.2674418604651163]"
External A,train,WTHFD_mixpos__F12108,WTHFD_mixpos/WTHFD_mixpos__F12108.png,WTHFD_mixpos,ST003127,PR001944,Thermo Q Exactive Orbitrap,Thermo Exactive Orbitrap,"Imtakt Cadenza CD-C18 (150 × 2.1 mm, 3 µm)",Reversed phase,positive,DG08,0,0,[],"[2.595945945873958, 0.548537403349498, 0.6747410413375935, 0.0834978627003664, 0.2144316683981569, -0.5231462173256484, 0.7276015751701027, 0.6650710745904267, 0.8184807824924166, 4.670183680184056, 0.5501148583574056, 4.548394345536403, 1.2]"
External A,train,WTHFD_mixpos__F12273,WTHFD_mixpos/WTHFD_mixpos__F12273.png,WTHFD_mixpos,ST003127,PR001944,Thermo Q Exactive Orbitrap,Thermo Exactive Orbitrap,"Imtakt Cadenza CD-C18 (150 × 2.1 mm, 3 µm)",Reversed phase,positive,DG08,1,1,"[[240.8333333333334, 84.35990338164251, 280.27777777777777, 403.75925925925924]]","[1.997656196720012, 0.9407188748244584, 0.7681369399306691, 0.1582467989833208, 0.3277008568991443, -1.030854051788503, 0.889071371655036, 1.837531249143848, 0.2035593981358446, 3.730729171858794, 0.3511750054303502, 3.117492461184755, 0.5]"
External A,train,WTHFD_mixpos__F12284,WTHFD_mixpos/WTHFD_mixpos__F12284.png,WTHFD_mixpos,ST003127,PR001944,Thermo Q Exactive Orbitrap,Thermo Exactive Orbitrap,"Imtakt Cadenza CD-C18 (150 × 2.1 mm, 3 µm)",Reversed phase,positive,DG08,0,0,[],"[1.5033528766099231, 0.9172281707688892, 0.4382788634693438, 0.0753494053636496, 0.154913420290033, 0.0254500699790109, 1.165610190058336, 0.2207202961529421, 0.2547295470797202, 2.9014775537508752, 1.235005720120577, 2.8073904508767225, 1.0769230769230769]"
External A,train,WTHFD_mixpos__F12355,WTHFD_mixpos/WTHFD_mixpos__F12355.png,WTHFD_mixpos,ST003127,PR001944,Thermo Q Exactive Orbitrap,Thermo Exactive Orbitrap,"Imtakt Cadenza CD-C18 (150 × 2.1 mm, 3 µm)",Reversed phase,positive,DG08,0,0,[],"[2.284443077131619, 0.735330342787997, 0.6677112391297018, 0.1270756787516986, 0.1058993628249592, -0.3686327598036455, 0.4272228823799167, 0.7005489863407289, 0.6801646701378276, 3.3269360215506945, 0.8875589540306353, 3.4677201004745, 1.1428571428571428]"
External A,train,WTHFD_mixpos__F12365,WTHFD_mixpos/WTHFD_mixpos__F12365.png,WTHFD_mixpos,ST003127,PR001944,Thermo Q Exactive Orbitrap,Thermo Exactive Orbitrap,"Imtakt Cadenza CD-C18 (150 × 2.1 mm, 3 µm)",Reversed phase,positive,DG08,0,0,[],"[1.1566977316104514, 0.7958574443478112, 0.1842433643023615, -0.0176006462417846, 0.154729352687422, -0.0496478462607897, 1.15429423823437, 0.7685383455100717, -0.384688867590394, 3.8915819549657615, 0.7438087286646444, 3.312907291846956, 0.9583333333333334]"
External A,train,WTHFD_mixpos__F12370,WTHFD_mixpos/WTHFD_mixpos__F12370.png,WTHFD_mixpos,ST003127,PR001944,Thermo Q Exactive Orbitrap,Thermo Exactive Orbitrap,"Imtakt Cadenza CD-C18 (150 × 2.1 mm, 3 µm)",Reversed phase,positive,DG08,1,1,"[[230.83333333333343, 84.35990338164251, 346.3888888888889, 403.75925925925924]]","[4.4877483144534525, 2.4113462519054147, 1.8707512994441544, 0.7716431448113638, 0.1035276966752453, -2.556644521359872, 0.6851467366393713, 3.1622977332751057, 3.1483146348414204, 4.7722636166102, 0.2347255872545625, 3.669727802627224, 0.8818897637795275]"
External A,train,WTHFD_mixpos__F1248,WTHFD_mixpos/WTHFD_mixpos__F1248.png,WTHFD_mixpos,ST003127,PR001944,Thermo Q Exactive Orbitrap,Thermo Exactive Orbitrap,"Imtakt Cadenza CD-C18 (150 × 2.1 mm, 3 µm)",Reversed phase,positive,DG08,0,0,[],"[3.674958456471791, 0.578721294454463, 0.3688113955773843, 0.1940668734562919, 0.0104070786894375, -0.7035188882683729, 0.6956374455452672, 0.6657228882620533, 0.3287578375225819, 6.2277520220804, 0.5582223712761196, 5.39120325129156, 1.1702127659574468]"
External A,train,WTHFD_mixpos__F12492,WTHFD_mixpos/WTHFD_mixpos__F12492.png,WTHFD_mixpos,ST003127,PR001944,Thermo Q Exactive Orbitrap,Thermo Exactive Orbitrap,"Imtakt Cadenza CD-C18 (150 × 2.1 mm, 3 µm)",Reversed phase,positive,DG08,0,0,[],"[3.389127901019441, 0.7846553627876851, 0.3110340727041304, 0.2623677093736362, 0.0162290028229847, -0.6695890747284254, 0.6645729516866656, 0.8442666271570007, 0.5814988063120399, 6.436797306582416, 0.7805924955805139, 5.091734772518314, 1.234375]"
External A,train,WTHFD_mixpos__F12494,WTHFD_mixpos/WTHFD_mixpos__F12494.png,WTHFD_mixpos,ST003127,PR001944,Thermo Q Exactive Orbitrap,Thermo Exactive Orbitrap,"Imtakt Cadenza CD-C18 (150 × 2.1 mm, 3 µm)",Reversed phase,positive,DG08,0,0,[],"[2.9250450803033345, 0.4629302794314945, 0.1944701095384302, 0.070793424050095, 0.0116914326808596, -0.9324032797763386, 0.7850942784477213, 1.1335671060222905, -0.0852289564678314, 7.213907929957234, 0.3225228692914983, 6.461766214504879, 1.2899408284023668]"
External A,train,WTHFD_mixpos__F12519,WTHFD_mixpos/WTHFD_mixpos__F12519.png,WTHFD_mixpos,ST003127,PR001944,Thermo Q Exactive Orbitrap,Thermo Exactive Orbitrap,"Imtakt Cadenza CD-C18 (150 × 2.1 mm, 3 µm)",Reversed phase,positive,DG08,0,0,[],"[3.857401830438094, 1.1407124252238752, 0.661528160194144, 0.4313787387816704, 0.0415104345619179, -0.6994808112013424, 0.4558204343313261, 0.887632842438202, 1.4849381716222532, 4.482123842778496, 1.0359823021264911, 3.526551720824181, 0.9555555555555556]"
External A,train,WTHFD_mixpos__F12594,WTHFD_mixpos/WTHFD_mixpos__F12594.png,WTHFD_mixpos,ST003127,PR001944,Thermo Q Exactive Orbitrap,Thermo Exactive Orbitrap,"Imtakt Cadenza CD-C18 (150 × 2.1 mm, 3 µm)",Reversed phase,positive,DG08,0,0,[],"[3.238692010719915, 0.9170430250349698, 0.2973745637617831, 0.2977626900778598, 0.0072021866436292, -0.5151403837724987, 0.6892584689978413, 0.6794896109681232, 0.5104773242465843, 6.052182120381667, 0.939762318770398, 4.590760425283933, 1.2566371681415929]"
External A,train,WTHFD_mixpos__F12644,WTHFD_mixpos/WTHFD_mixpos__F12644.png,WTHFD_mixpos,ST003127,PR001944,Thermo Q Exactive Orbitrap,Thermo Exactive Orbitrap,"Imtakt Cadenza CD-C18 (150 × 2.1 mm, 3 µm)",Reversed phase,positive,DG08,0,0,[],"[4.15761986727389, 1.1266654507796516, 0.4563962183581337, 0.453642919754701, 0.0424203977310685, -0.747699478794683, 0.7326337571495426, 0.8765852349285919, 1.3365390018444765, 5.489243835974036, 1.005138487044728, 3.703044978013296, 1.0769230769230769]"
External A,train,WTHFD_mixpos__F12705,WTHFD_mixpos/WTHFD_mixpos__F12705.png,WTHFD_mixpos,ST003127,PR001944,Thermo Q Exactive Orbitrap,Thermo Exactive Orbitrap,"Imtakt Cadenza CD-C18 (150 × 2.1 mm, 3 µm)",Reversed phase,positive,DG08,0,0,[],"[1.899684257470856, 0.669023409810705, 0.2467078254337915, 0.0551743714292498, 0.0813870266939076, -0.3612654671985195, 0.7626593946865352, 0.8082670724049242, 0.1776200900979093, 4.933424719915356, 0.7329448951714643, 4.4610913338336085, 1.170731707317073]"
External A,train,WTHFD_mixpos__F12712,WTHFD_mixpos/WTHFD_mixpos__F12712.png,WTHFD_mixpos,ST003127,PR001944,Thermo Q Exactive Orbitrap,Thermo Exactive Orbitrap,"Imtakt Cadenza CD-C18 (150 × 2.1 mm, 3 µm)",Reversed phase,positive,DG08,0,0,[],"[2.2901159628164582, 1.0666923210308408, 0.8166072417898439, 0.2358879938296003, 0.0953925208756138, -0.3805014170522089, 0.9859742719945448, 0.8816386130606892, 0.7751788532269558, 3.3421797986503257, 1.1723592899654112, 2.895461844238322, 1.05]"
External A,train,WTHFD_mixpos__F1279,WTHFD_mixpos/WTHFD_mixpos__F1279.png,WTHFD_mixpos,ST003127,PR001944,Thermo Q Exactive Orbitrap,Thermo Exactive Orbitrap,"Imtakt Cadenza CD-C18 (150 × 2.1 mm, 3 µm)",Reversed phase,positive,DG08,0,0,[],"[4.060511587485909, 0.5675259466216813, 0.1880862664277117, 0.2180686217912488, 0.0040800465307422, -0.7717498083627938, 0.7497970370037037, 0.6889890800033044, 0.5677528469343116, 8.530855657664052, 0.5855333012303574, 6.085561488625933, 1.2835164835164836]"
External A,train,WTHFD_mixpos__F1299,WTHFD_mixpos/WTHFD_mixpos__F1299.png,WTHFD_mixpos,ST003127,PR001944,Thermo Q Exactive Orbitrap,Thermo Exactive Orbitrap,"Imtakt Cadenza CD-C18 (150 × 2.1 mm, 3 µm)",Reversed phase,positive,DG08,0,0,[],"[2.4893792185440144, 0.8861014679923137, 1.1359288066872677, 0.204912197232092, 0.16417148847094, -1.0924865535195385, 0.9102822841493644, 1.7246737049995948, 0.9156233324920138, 5.32722157572165, 0.4288502052950549, 4.963203730863642, 1.1147540983606556]"
External A,train,WTHFD_mixpos__F13085,WTHFD_mixpos/WTHFD_mixpos__F13085.png,WTHFD_mixpos,ST003127,PR001944,Thermo Q Exactive Orbitrap,Thermo Exactive Orbitrap,"Imtakt Cadenza CD-C18 (150 × 2.1 mm, 3 µm)",Reversed phase,positive,DG08,0,0,[],"[3.0863113818740664, 0.5951526616297019, 0.5793281588841662, 0.1518027693664249, 0.0633129491046321, -1.183675917153705, 0.998272296687575, 1.544526288386205, 0.7018747236629093, 7.5823752274978355, 0.3257607787857494, 6.800369196835917, 1.3217391304347823]"
External A,train,WTHFD_mixpos__F13182,WTHFD_mixpos/WTHFD_mixpos__F13182.png,WTHFD_mixpos,ST003127,PR001944,Thermo Q Exactive Orbitrap,Thermo Exactive Orbitrap,"Imtakt Cadenza CD-C18 (150 × 2.1 mm, 3 µm)",Reversed phase,positive,DG08,1,1,"[[231.94444444444454, 84.3599033816425, 289.1666666666666, 403.75925925925924]]","[2.088208394179755, 1.0178887637494085, 1.0463804349386814, 0.1938983810705754, 0.3401541879195516, -1.230217512494672, 1.0143871951724537, 2.072100050376694, 0.6230953256616992, 4.831553427287638, 0.3664805920095451, 4.218542602257215, 0.8461538461538461]"
External A,train,WTHFD_mixpos__F13275,WTHFD_mixpos/WTHFD_mixpos__F13275.png,WTHFD_mixpos,ST003127,PR001944,Thermo Q Exactive Orbitrap,Thermo Exactive Orbitrap,"Imtakt Cadenza CD-C18 (150 × 2.1 mm, 3 µm)",Reversed phase,positive,DG08,0,0,[],"[2.3261831369111747, 0.4313437473620566, 0.4717394959095951, 0.0007343248173225, 0.1410981933258667, -0.727923140893571, 0.982468832810218, 0.9005101787028917, 0.1161670160123305, 6.864750579233292, 0.4276620018762415, 6.392820763091335, 1.2868217054263569]"
External A,train,WTHFD_mixpos__F13283,WTHFD_mixpos/WTHFD_mixpos__F13283.png,WTHFD_mixpos,ST003127,PR001944,Thermo Q Exactive Orbitrap,Thermo Exactive Orbitrap,"Imtakt Cadenza CD-C18 (150 × 2.1 mm, 3 µm)",Reversed phase,positive,DG08,1,2,"[[188.6290322580645, 382.6981621212357, 222.9868247955803, 403.75925925925924], [222.9868247955803, 84.35990338164251, 334.1666666666667, 403.75925925925924]]","[4.483795323812958, 2.641850106670524, 2.3581750950944373, 0.8077215301647123, 0.0768004498014258, -2.493000764233981, 0.2365861192855116, 3.1984545524539683, 3.352059945712357, 3.7886615032398905, 0.3538451366922513, 3.204200610427564, 0.8666666666666667]"
External A,train,WTHFD_mixpos__F13322,WTHFD_mixpos/WTHFD_mixpos__F13322.png,WTHFD_mixpos,ST003127,PR001944,Thermo Q Exactive Orbitrap,Thermo Exactive Orbitrap,"Imtakt Cadenza CD-C18 (150 × 2.1 mm, 3 µm)",Reversed phase,positive,DG08,0,0,[],"[3.3599249423871136, 1.1863052111173915, 0.7783209705097194, 0.3967132604948971, 0.053214616789498, -0.5264772859408189, 0.4917537074470075, 0.7261126803800821, 1.351641685965123, 3.6915112917866337, 1.1365407071436335, 2.8322488896002307, 1.0]"
External A,train,WTHFD_mixpos__F13329,WTHFD_mixpos/WTHFD_mixpos__F13329.png,WTHFD_mixpos,ST003127,PR001944,Thermo Q Exactive Orbitrap,Thermo Exactive Orbitrap,"Imtakt Cadenza CD-C18 (150 × 2.1 mm, 3 µm)",Reversed phase,positive,DG08,0,0,[],"[3.939327175418211, 0.6872884930757679, 0.2947425325290538, 0.2680458034829154, 0.0099172752795134, -0.7959972863571247, 0.6443390299489515, 0.8653023906723766, 0.4376699719332703, 6.91994730048221, 0.7065482017806347, 5.714585618253611, 1.2453987730061349]"
External A,train,WTHFD_mixpos__F13356,WTHFD_mixpos/WTHFD_mixpos__F13356.png,WTHFD_mixpos,ST003127,PR001944,Thermo Q Exactive Orbitrap,Thermo Exactive Orbitrap,"Imtakt Cadenza CD-C18 (150 × 2.1 mm, 3 µm)",Reversed phase,positive,DG08,0,0,[],"[5.067243794186944, 1.374940534554942, 0.508032755075921, 0.6002734828345446, 0.0527883371724039, -1.4113303758722524, 0.9971186581638176, 1.6206044578784038, 2.3189599011493907, 6.692427589344392, 0.5668346848859133, 4.832909615808587, 1.2897196261682242]"
External A,train,WTHFD_mixpos__F1338,WTHFD_mixpos/WTHFD_mixpos__F1338.png,WTHFD_mixpos,ST003127,PR001944,Thermo Q Exactive Orbitrap,Thermo Exactive Orbitrap,"Imtakt Cadenza CD-C18 (150 × 2.1 mm, 3 µm)",Reversed phase,positive,DG08,0,0,[],"[2.7398151418832604, 0.8646588407020834, 0.1941436568430944, 0.2264717094038331, 0.0074599585721101, -0.3499589391748272, 0.6642230957201882, 0.5422560649465308, 0.0244229503894866, 6.753985117982555, 1.023397734892223, 4.4728694610273525, 1.3005464480874316]"
External A,train,WTHFD_mixpos__F13421,WTHFD_mixpos/WTHFD_mixpos__F13421.png,WTHFD_mixpos,ST003127,PR001944,Thermo Q Exactive Orbitrap,Thermo Exactive Orbitrap,"Imtakt Cadenza CD-C18 (150 × 2.1 mm, 3 µm)",Reversed phase,positive,DG08,1,1,"[[236.3888888888889, 359.7769050034436, 269.1666666666666, 403.7592592592593]]","[3.698388897681964, 2.4582409521268347, 2.9153579888285206, 0.7029270649265318, 0.1350790787187534, -1.6139267422283388, 0.2592979077163213, 2.345162215005108, 2.6520073126144657, 2.166575081994669, 0.7208236460837875, 1.063529270392822, 0.1379310344827586]"
External A,train,WTHFD_mixpos__F13458,WTHFD_mixpos/WTHFD_mixpos__F13458.png,WTHFD_mixpos,ST003127,PR001944,Thermo Q Exactive Orbitrap,Thermo Exactive Orbitrap,"Imtakt Cadenza CD-C18 (150 × 2.1 mm, 3 µm)",Reversed phase,positive,DG08,0,0,[],"[2.578796078440205, 0.9748986286927276, 0.3507973041957346, 0.244779765163522, 0.0400044607019949, -0.3241699920534292, 0.755690163462248, 0.6328296546092997, 0.2957417165455852, 4.544129607960535, 1.050150085421756, 3.3868532231847817, 1.068181818181818]"
External A,train,WTHFD_mixpos__F13488,WTHFD_mixpos/WTHFD_mixpos__F13488.png,WTHFD_mixpos,ST003127,PR001944,Thermo Q Exactive Orbitrap,Thermo Exactive Orbitrap,"Imtakt Cadenza CD-C18 (150 × 2.1 mm, 3 µm)",Reversed phase,positive,DG08,0,0,[],"[2.699856872921288, 1.0062845644785832, 0.3661255322437796, 0.2691420358594638, 0.0230209963213866, -0.3687802837149453, 0.74811706207664, 0.67674076125295, 1.1703556592194488, 5.122499108399519, 1.0207723852854067, 4.39504688301805, 1.1]"
External A,train,WTHFD_mixpos__F13530,WTHFD_mixpos/WTHFD_mixpos__F13530.png,WTHFD_mixpos,ST003127,PR001944,Thermo Q Exactive Orbitrap,Thermo Exactive Orbitrap,"Imtakt Cadenza CD-C18 (150 × 2.1 mm, 3 µm)",Reversed phase,positive,DG08,0,0,[],"[1.9374647953613464, 0.9047857136993548, 0.577949966152997, 0.1387747119664672, 0.1952900068119162, -0.4975506915842752, 1.2110934755203484, 1.1507985119468251, 0.1553433128518111, 4.388934528126224, 0.7200001802534636, 3.77809954766914, 1.1388888888888888]"
External A,train,WTHFD_mixpos__F13593,WTHFD_mixpos/WTHFD_mixpos__F13593.png,WTHFD_mixpos,ST003127,PR001944,Thermo Q Exactive Orbitrap,Thermo Exactive Orbitrap,"Imtakt Cadenza CD-C18 (150 × 2.1 mm, 3 µm)",Reversed phase,positive,DG08,0,0,[],"[2.784451254827437, 1.1601617864515017, 0.7150175123344682, 0.3253528691032455, 0.0630114969561264, -0.3028033013331605, 0.7799836059710659, 0.5200688030835888, 1.0722111791267652, 3.2155953774553065, 1.3878800005616665, 2.660964047443681, 1.05]"
External A,train,WTHFD_mixpos__F13600,WTHFD_mixpos/WTHFD_mixpos__F13600.png,WTHFD_mixpos,ST003127,PR001944,Thermo Q Exactive Orbitrap,Thermo Exactive Orbitrap,"Imtakt Cadenza CD-C18 (150 × 2.1 mm, 3 µm)",Reversed phase,positive,DG08,0,0,[],"[1.2569099776430763, 0.7250674331984716, 1.068484833672301, -0.0196910264707604, 0.3958163342082063, -0.8945791351704379, 0.5478024841221408, 1.5194144098386058, -0.1029034036247113, 2.4776381175326496, 0.3359759456632721, 2.75, 0.625]"
External A,train,WTHFD_mixpos__F13702,WTHFD_mixpos/WTHFD_mixpos__F13702.png,WTHFD_mixpos,ST003127,PR001944,Thermo Q Exactive Orbitrap,Thermo Exactive Orbitrap,"Imtakt Cadenza CD-C18 (150 × 2.1 mm, 3 µm)",Reversed phase,positive,DG08,0,0,[],"[2.029720209971139, 0.7844712457244205, 0.3605483762965591, 0.1126480839549938, 0.1003601352371631, -0.2928258281954686, 0.9415974096460864, 0.7053164033804137, 0.351308218955915, 3.495887020280546, 0.9406338878015188, 3.404542813342292, 1.1764705882352942]"
External A,train,WTHFD_mixpos__F13769,WTHFD_mixpos/WTHFD_mixpos__F13769.png,WTHFD_mixpos,ST003127,PR001944,Thermo Q Exactive Orbitrap,Thermo Exactive Orbitrap,"Imtakt Cadenza CD-C18 (150 × 2.1 mm, 3 µm)",Reversed phase,positive,DG08,0,0,[],"[2.394774054240877, 0.7061915417168548, 0.4608437303040314, 0.1289110050544445, 0.0435066172364176, -0.2820283342549358, 0.741843261818977, 0.4367426716993348, 0.697168428858106, 4.534588121960557, 0.8794645685013797, 4.515175649921172, 1.2903225806451613]"
External A,train,WTHFD_mixpos__F13812,WTHFD_mixpos/WTHFD_mixpos__F13812.png,WTHFD_mixpos,ST003127,PR001944,Thermo Q Exactive Orbitrap,Thermo Exactive Orbitrap,"Imtakt Cadenza CD-C18 (150 × 2.1 mm, 3 µm)",Reversed phase,positive,DG08,0,0,[],"[2.340309356089732, 0.924867651077014, 0.7077280121228602, 0.199271867809316, 0.0363440978929388, -0.594447644842233, 0.8528915997743217, 0.9340478050554444, 0.5317961327446333, 4.071674828788018, 0.8284426785331387, 3.4078517604720457, 1.1724137931034482]"
External A,train,WTHFD_mixpos__F13823,WTHFD_mixpos/WTHFD_mixpos__F13823.png,WTHFD_mixpos,ST003127,PR001944,Thermo Q Exactive Orbitrap,Thermo Exactive Orbitrap,"Imtakt Cadenza CD-C18 (150 × 2.1 mm, 3 µm)",Reversed phase,positive,DG08,0,0,[],"[2.306013181156774, 0.6673310148864168, 0.3461524141376206, 0.1036111723799521, 0.0352060914933436, -0.4511982295821512, 0.9524721019859648, 0.7742235098955308, 0.3963238891407915, 5.924980320082067, 0.677135068547087, 5.251734453135348, 1.175]"
External A,train,WTHFD_mixpos__F13955,WTHFD_mixpos/WTHFD_mixpos__F13955.png,WTHFD_mixpos,ST003127,PR001944,Thermo Q Exactive Orbitrap,Thermo Exactive Orbitrap,"Imtakt Cadenza CD-C18 (150 × 2.1 mm, 3 µm)",Reversed phase,positive,DG08,0,0,[],"[4.4140943814435545, 1.1597719431499407, 0.8689396147035937, 0.4856747882732003, 0.0247591133887996, -0.8945961580406961, 0.8635883157846097, 1.015617436771183, 1.864525899374004, 4.956509978639691, 1.0139954276621388, 3.710053567474342, 1.1935483870967742]"
External A,train,WTHFD_mixpos__F14024,WTHFD_mixpos/WTHFD_mixpos__F14024.png,WTHFD_mixpos,ST003127,PR001944,Thermo Q Exactive Orbitrap,Thermo Exactive Orbitrap,"Imtakt Cadenza CD-C18 (150 × 2.1 mm, 3 µm)",Reversed phase,positive,DG08,0,0,[],"[1.7877228121182485, 1.1193839267497294, 0.3849144558267363, 0.1762574435336484, 0.0824244056907331, -0.2398731928431393, 0.763874164740664, 0.9113331488671252, 0.4752595686242081, 3.401693553622437, 1.1033814130238868, 2.653146738289453, 0.9130434782608696]"
External A,train,WTHFD_mixpos__F14059,WTHFD_mixpos/WTHFD_mixpos__F14059.png,WTHFD_mixpos,ST003127,PR001944,Thermo Q Exactive Orbitrap,Thermo Exactive Orbitrap,"Imtakt Cadenza CD-C18 (150 × 2.1 mm, 3 µm)",Reversed phase,positive,DG08,0,0,[],"[3.640141164448612, 1.1459307208740102, 0.576417964150833, 0.4125739018632631, 0.0198666732929622, -0.3876068632482019, 0.4570736127270292, 0.3210145180115171, 1.0503858224438982, 4.44960065131047, 1.3974748021959829, 3.1707782130115145, 1.297872340425532]"
External A,train,WTHFD_mixpos__F14101,WTHFD_mixpos/WTHFD_mixpos__F14101.png,WTHFD_mixpos,ST003127,PR001944,Thermo Q Exactive Orbitrap,Thermo Exactive Orbitrap,"Imtakt Cadenza CD-C18 (150 × 2.1 mm, 3 µm)",Reversed phase,positive,DG08,1,1,"[[86.94444444444449, 84.35990338164251, 215.83333333333334, 403.75925925925924]]","[3.6004204641814384, 1.4348101956772217, 1.199710836963319, 0.4889678893374645, 0.1225432593935949, -1.7995323717077054, 0.7702665101195911, 2.406576508462602, 1.8342482484880744, 4.408284438916594, 0.3245487174509244, 4.568093262173488, 0.8163265306122449]"
External A,train,WTHFD_mixpos__F14182,WTHFD_mixpos/WTHFD_mixpos__F14182.png,WTHFD_mixpos,ST003127,PR001944,Thermo Q Exactive Orbitrap,Thermo Exactive Orbitrap,"Imtakt Cadenza CD-C18 (150 × 2.1 mm, 3 µm)",Reversed phase,positive,DG08,1,1,"[[235.2777777777777, 84.3599033816425, 286.94444444444446, 403.75925925925924]]","[2.3304270965183416, 1.0234832784558163, 0.623284454485594, 0.2285483279292247, 0.3159734979452853, -0.9736706307825927, 1.0277531867509433, 1.683517525138285, 0.6032702493796113, 4.887034101285417, 0.4575344679432233, 3.9588385157364048, 0.9454545454545454]"
External A,train,WTHFD_mixpos__F14294,WTHFD_mixpos/WTHFD_mixpos__F14294.png,WTHFD_mixpos,ST003127,PR001944,Thermo Q Exactive Orbitrap,Thermo Exactive Orbitrap,"Imtakt Cadenza CD-C18 (150 × 2.1 mm, 3 µm)",Reversed phase,positive,DG08,0,0,[],"[3.4247419116076343, 0.9431277438393968, 0.2560525633420401, 0.3253072004592794, 0.0170650814617947, -0.5847779553738974, 0.9866041246333876, 0.7611463123320261, 0.7672235733600741, 6.901330783962653, 0.973138555262918, 4.884247940826352, 1.2292682926829268]"
External A,train,WTHFD_mixpos__F14308,WTHFD_mixpos/WTHFD_mixpos__F14308.png,WTHFD_mixpos,ST003127,PR001944,Thermo Q Exactive Orbitrap,Thermo Exactive Orbitrap,"Imtakt Cadenza CD-C18 (150 × 2.1 mm, 3 µm)",Reversed phase,positive,DG08,0,0,[],"[2.4576340224845343, 1.0502329522588996, 0.8632223861864053, 0.25298502613096, 0.1208262410515739, -0.3679203406973067, 0.7947861745390487, 0.6262865522235476, 0.7784100595434261, 2.927316418215322, 1.2655174474904858, 2.596791631981637, 1.2]"
External A,train,WTHFD_mixpos__F14312,WTHFD_mixpos/WTHFD_mixpos__F14312.png,WTHFD_mixpos,ST003127,PR001944,Thermo Q Exactive Orbitrap,Thermo Exactive Orbitrap,"Imtakt Cadenza CD-C18 (150 × 2.1 mm, 3 µm)",Reversed phase,positive,DG08,0,0,[],"[2.14924183822212, 0.5544287108345547, 0.4532321276345287, 0.0397315698882572, 0.1104982278978812, -0.5555187696656003, 0.8663010832829412, 0.8832059339959879, -0.1030174664925816, 5.110002035197828, 0.5290084070041189, 5.011365041826379, 1.1428571428571428]"
External A,train,WTHFD_mixpos__F14324,WTHFD_mixpos/WTHFD_mixpos__F14324.png,WTHFD_mixpos,ST003127,PR001944,Thermo Q Exactive Orbitrap,Thermo Exactive Orbitrap,"Imtakt Cadenza CD-C18 (150 × 2.1 mm, 3 µm)",Reversed phase,positive,DG08,0,0,[],"[1.945785115949539, 1.111725477596035, 0.6547027112974294, 0.1990937576120665, 0.130263979822645, 0.0302607214677138, 0.7013398498588069, 0.2778556486572734, 0.6839907264230758, 2.5040167128149013, 1.5092152450121297, 2.292481250360578, 1.4166666666666667]"
External A,train,WTHFD_mixpos__F14412,WTHFD_mixpos/WTHFD_mixpos__F14412.png,WTHFD_mixpos,ST003127,PR001944,Thermo Q Exactive Orbitrap,Thermo Exactive Orbitrap,"Imtakt Cadenza CD-C18 (150 × 2.1 mm, 3 µm)",Reversed phase,positive,DG08,0,0,[],"[2.0675943607026794, 0.5890770971889627, 0.3361501167888733, 0.0449261583905667, 0.0505302436077701, -0.3914406028897144, 0.9606089136612266, 0.6729869336342224, 0.214219739433975, 5.456182427864574, 0.605402445452042, 5.076725395303505, 1.3272727272727274]"
External A,train,WTHFD_mixpos__F14413,WTHFD_mixpos/WTHFD_mixpos__F14413.png,WTHFD_mixpos,ST003127,PR001944,Thermo Q Exactive Orbitrap,Thermo Exactive Orbitrap,"Imtakt Cadenza CD-C18 (150 × 2.1 mm, 3 µm)",Reversed phase,positive,DG08,0,0,[],"[2.558490729536861, 0.8677974268316464, 0.3167325785186848, 0.2068598186852933, 0.1080441691564965, -0.3993203485560652, 0.9376947254049846, 0.6623215366748291, 0.5490235861175133, 4.2666140722880375, 0.8427101284386301, 3.753574344294177, 1.1612903225806452]"
External A,train,WTHFD_mixpos__F14493,WTHFD_mixpos/WTHFD_mixpos__F14493.png,WTHFD_mixpos,ST003127,PR001944,Thermo Q Exactive Orbitrap,Thermo Exactive Orbitrap,"Imtakt Cadenza CD-C18 (150 × 2.1 mm, 3 µm)",Reversed phase,positive,DG08,1,1,"[[230.277777777778, 84.35990338164248, 285.83333333333314, 403.75925925925924]]","[3.225062280541689, 2.0209627132399803, 2.185615933271828, 0.5750567639006985, 0.1177228084394484, -1.9203885202917887, 0.4887198922338946, 2.737134906578884, 2.233741181575794, 3.4471255163843173, 0.4309347801054812, 3.0449164850383434, 0.7272727272727273]"
External A,train,WTHFD_mixpos__F14499,WTHFD_mixpos/WTHFD_mixpos__F14499.png,WTHFD_mixpos,ST003127,PR001944,Thermo Q Exactive Orbitrap,Thermo Exactive Orbitrap,"Imtakt Cadenza CD-C18 (150 × 2.1 mm, 3 µm)",Reversed phase,positive,DG08,0,0,[],"[2.768410467698565, 0.9541303095170932, 0.4238233372805773, 0.2602412947024905, 0.0257006946029851, -0.3203997248582991, 0.594763248226813, 0.5123184129410583, 0.757508243241685, 4.628325571597717, 1.1310612265833218, 3.798357777957912, 1.302325581395349]"
External A,train,WTHFD_mixpos__F1457,WTHFD_mixpos/WTHFD_mixpos__F1457.png,WTHFD_mixpos,ST003127,PR001944,Thermo Q Exactive Orbitrap,Thermo Exactive Orbitrap,"Imtakt Cadenza CD-C18 (150 × 2.1 mm, 3 µm)",Reversed phase,positive,DG08,0,0,[],"[2.5904141612483094, 0.8292431902346934, 0.9765743549211164, 0.1970162202718226, 0.13094485640938, -0.3257823741251925, 0.542628581765803, 0.5117972698215506, 1.5038395981612145, 2.944857833259728, 0.970860385510842, 3.277613436819116, 1.2727272727272727]"
External A,train,WTHFD_mixpos__F14612,WTHFD_mixpos/WTHFD_mixpos__F14612.png,WTHFD_mixpos,ST003127,PR001944,Thermo Q Exactive Orbitrap,Thermo Exactive Orbitrap,"Imtakt Cadenza CD-C18 (150 × 2.1 mm, 3 µm)",Reversed phase,positive,DG08,1,1,"[[244.16666666666663, 84.35990338164248, 288.05555555555554, 403.75925925925924]]","[3.5946460118614167, 1.357722499997244, 1.1096437684526883, 0.4683866049462205, 0.1232510103267535, -1.3918623292408374, 0.9858646528326522, 1.908686442325219, 1.6819219808565342, 4.280873550824207, 0.4835274508533317, 3.7349942068638615, 0.9777777777777776]"
External A,train,WTHFD_mixpos__F14618,WTHFD_mixpos/WTHFD_mixpos__F14618.png,WTHFD_mixpos,ST003127,PR001944,Thermo Q Exactive Orbitrap,Thermo Exactive Orbitrap,"Imtakt Cadenza CD-C18 (150 × 2.1 mm, 3 µm)",Reversed phase,positive,DG08,0,0,[],"[2.090361333681609, 0.8375470094592723, 0.3646601468030476, 0.1384252125261059, 0.0840124280895986, -0.4657881825316411, 0.782071638764912, 0.985571345720441, 0.3130106199204702, 4.2885095848880335, 0.7816067497499183, 3.818090473326434, 0.967741935483871]"
External A,train,WTHFD_mixpos__F14648,WTHFD_mixpos/WTHFD_mixpos__F14648.png,WTHFD_mixpos,ST003127,PR001944,Thermo Q Exactive Orbitrap,Thermo Exactive Orbitrap,"Imtakt Cadenza CD-C18 (150 × 2.1 mm, 3 µm)",Reversed phase,positive,DG08,1,1,"[[231.94444444444446, 84.35990338164248, 383.6111111111111, 403.75925925925924]]","[6.964444498004971, 2.272738152216471, 1.8897209557281929, 0.9250117653638108, 0.0783762937857345, -2.2531515310338044, 0.6825887301776081, 2.396529078119856, 5.147679293073092, 5.8640352888096965, 0.376602557146331, 4.348154122341325, 1.2341772151898731]"
External A,train,WTHFD_mixpos__F14763,WTHFD_mixpos/WTHFD_mixpos__F14763.png,WTHFD_mixpos,ST003127,PR001944,Thermo Q Exactive Orbitrap,Thermo Exactive Orbitrap,"Imtakt Cadenza CD-C18 (150 × 2.1 mm, 3 µm)",Reversed phase,positive,DG08,1,1,"[[245.83333333333323, 84.35990338164248, 265.83333333333303, 403.7592592592593]]","[1.931102909225282, 1.830266537854516, 0.8983778007306235, 0.3554929969957723, 0.243402655076261, -0.4537924866822956, 0.794584501053856, 1.365391967855258, 1.4704554436170834, 1.5821661811152463, 0.8483514811754376, 1.145110414381583, 0.6153846153846154]"
External A,train,WTHFD_mixpos__F14765,WTHFD_mixpos/WTHFD_mixpos__F14765.png,WTHFD_mixpos,ST003127,PR001944,Thermo Q Exactive Orbitrap,Thermo Exactive Orbitrap,"Imtakt Cadenza CD-C18 (150 × 2.1 mm, 3 µm)",Reversed phase,positive,DG08,0,0,[],"[2.8768002883806205, 0.9695130964238255, 0.578005712767564, 0.277505562013055, 0.067895212793319, -0.4364158049960026, 0.6975038527671519, 0.6522153080534021, 0.6243735176972225, 4.178227513058601, 1.0309637773665714, 3.3685465766673484, 1.0909090909090908]"
External A,train,WTHFD_mixpos__F14776,WTHFD_mixpos/WTHFD_mixpos__F14776.png,WTHFD_mixpos,ST003127,PR001944,Thermo Q Exactive Orbitrap,Thermo Exactive Orbitrap,"Imtakt Cadenza CD-C18 (150 × 2.1 mm, 3 µm)",Reversed phase,positive,DG08,0,0,[],"[1.7182339935106308, 0.4481330607215664, 0.3625421081907182, -0.0530573528837997, 0.15789141788889, -0.2345991053572834, 0.6680287494917371, 0.121951551705448, -0.5714694241110252, 3.385184429346776, 0.6290676235180765, 3.4182958340544896, 1.3333333333333333]"
External A,train,WTHFD_mixpos__F14879,WTHFD_mixpos/WTHFD_mixpos__F14879.png,WTHFD_mixpos,ST003127,PR001944,Thermo Q Exactive Orbitrap,Thermo Exactive Orbitrap,"Imtakt Cadenza CD-C18 (150 × 2.1 mm, 3 µm)",Reversed phase,positive,DG08,0,1,"[[118.61111111111107, 84.35990338164248, 202.49999999999994, 403.75925925925924]]","[1.3383363764205352, 0.85607825956856, 0.4385053457995368, 0.0305431903558049, 0.2060885758818819, -0.1045607123468921, 0.5620983686086474, 0.3503481353193869, -0.0279701173695393, 2.2593578176899274, 1.0564419845081, 2.4056390622295662, 1.25]"
External A,train,WTHFD_mixpos__F14911,WTHFD_mixpos/WTHFD_mixpos__F14911.png,WTHFD_mixpos,ST003127,PR001944,Thermo Q Exactive Orbitrap,Thermo Exactive Orbitrap,"Imtakt Cadenza CD-C18 (150 × 2.1 mm, 3 µm)",Reversed phase,positive,DG08,0,0,[],"[2.5864663271511863, 0.3911325346483946, 0.2406830944457824, 0.002522669927891, 0.0456964162398627, -1.3207849195906545, 0.8881359215738227, 1.632204323432738, -1.274249795464746, 7.38404891268677, 0.1505460442108291, 6.017562951342872, 1.25531914893617]"
External A,train,WTHFD_mixpos__F14920,WTHFD_mixpos/WTHFD_mixpos__F14920.png,WTHFD_mixpos,ST003127,PR001944,Thermo Q Exactive Orbitrap,Thermo Exactive Orbitrap,"Imtakt Cadenza CD-C18 (150 × 2.1 mm, 3 µm)",Reversed phase,positive,DG08,1,2,"[[204.16666666666666, 197.57734122136796, 299.16666666666663, 403.75925925925924], [348.61111111111114, 84.35990338164248, 439.1666666666664, 403.75925925925924]]","[2.2152735943651662, 1.074917672505383, 2.15469619518217, 0.2280455831310194, 0.2691225244420129, -2.1909056344488054, 0.5470961349803001, 3.156440680209143, 1.0066007259478182, 3.985768576671461, 0.2485772390979961, 4.280394654123196, 0.3214285714285714]"
External A,train,WTHFD_mixpos__F14921,WTHFD_mixpos/WTHFD_mixpos__F14921.png,WTHFD_mixpos,ST003127,PR001944,Thermo Q Exactive Orbitrap,Thermo Exactive Orbitrap,"Imtakt Cadenza CD-C18 (150 × 2.1 mm, 3 µm)",Reversed phase,positive,DG08,1,2,"[[208.61111111111094, 84.35990338164248, 328.6111111111108, 403.75925925925924], [70.27777777777766, 197.57734122136796, 171.94444444444446, 403.75925925925924]]","[4.095268237840261, 1.9938768328293344, 1.8383044763093448, 0.6611242927067655, 0.0946974072096028, -2.168204114785529, 1.003224950485281, 2.7639415691185665, 2.559389173516188, 4.485964347901225, 0.2513120787036343, 3.372006187549834, 0.5061728395061729]"
External A,train,WTHFD_mixpos__F14945,WTHFD_mixpos/WTHFD_mixpos__F14945.png,WTHFD_mixpos,ST003127,PR001944,Thermo Q Exactive Orbitrap,Thermo Exactive Orbitrap,"Imtakt Cadenza CD-C18 (150 × 2.1 mm, 3 µm)",Reversed phase,positive,DG08,1,1,"[[214.72222222222234, 84.35990338164247, 380.2777777777778, 403.75925925925924]]","[2.909531389581217, 1.668948427395514, 2.709495362621869, 0.4665605291294091, 0.1515990755085952, -2.9491252488782926, 1.1022635355673112, 3.933438153481154, 1.7308670586291464, 5.738652836660135, 0.099972299846273, 4.884748924302008, 1.0064935064935066]"
External A,train,WTHFD_mixpos__F14984,WTHFD_mixpos/WTHFD_mixpos__F14984.png,WTHFD_mixpos,ST003127,PR001944,Thermo Q Exactive Orbitrap,Thermo Exactive Orbitrap,"Imtakt Cadenza CD-C18 (150 × 2.1 mm, 3 µm)",Reversed phase,positive,DG08,0,0,[],"[1.5960080981652771, 1.178716412419215, 0.467948939042426, 0.1585495813912175, 0.1006749789881639, -0.0996653958758872, 0.805663690515229, 0.7486379361628087, 0.4619528202767362, 2.567701981761787, 1.1746902217025186, 2.0930692077718898, 0.8571428571428571]"
External A,train,WTHFD_mixpos__F15027,WTHFD_mixpos/WTHFD_mixpos__F15027.png,WTHFD_mixpos,ST003127,PR001944,Thermo Q Exactive Orbitrap,Thermo Exactive Orbitrap,"Imtakt Cadenza CD-C18 (150 × 2.1 mm, 3 µm)",Reversed phase,positive,DG08,0,0,[],"[1.8162156697829752, 0.7172467818957673, 1.2318858340418628, 0.0612026208668822, 0.3088708580409834, -0.9114969096527912, 1.0736480018222925, 1.6376830368238906, -0.0936436854710523, 4.916481637409164, 0.3368696190122826, 4.514188453565502, 1.2093023255813953]"
External A,train,WTHFD_mixpos__F15068,WTHFD_mixpos/WTHFD_mixpos__F15068.png,WTHFD_mixpos,ST003127,PR001944,Thermo Q Exactive Orbitrap,Thermo Exactive Orbitrap,"Imtakt Cadenza CD-C18 (150 × 2.1 mm, 3 µm)",Reversed phase,positive,DG08,1,3,"[[233.6111111111111, 218.50057502806146, 280.83333333333326, 403.75925925925924], [348.05555555555554, 84.35990338164245, 360.27777777777766, 403.75925925925924], [385.2777777777776, 230.4867578244182, 397.4999999999999, 403.75925925925924]]","[2.108048450028459, 1.191352099325805, 1.722662640085002, 0.2444537655711896, 0.2246881372864969, -1.4417760333468983, 0.9992211159343772, 2.363376584032839, 0.6316252378988045, 4.686091388921334, 0.222834309309968, 3.245692445599245, 0.6101694915254238]"
External A,train,WTHFD_mixpos__F15108,WTHFD_mixpos/WTHFD_mixpos__F15108.png,WTHFD_mixpos,ST003127,PR001944,Thermo Q Exactive Orbitrap,Thermo Exactive Orbitrap,"Imtakt Cadenza CD-C18 (150 × 2.1 mm, 3 µm)",Reversed phase,positive,DG08,0,0,[],"[1.914106088807238, 0.6721921000310823, 0.3693971021425057, 0.0581691285102407, 0.1640715931237877, -0.658858563435469, 0.6737942343266999, 1.2488950710297688, -0.2599420923706902, 4.329496053665409, 0.5717122886519799, 4.105516191543203, 1.0]"
External A,train,WTHFD_mixpos__F15171,WTHFD_mixpos/WTHFD_mixpos__F15171.png,WTHFD_mixpos,ST003127,PR001944,Thermo Q Exactive Orbitrap,Thermo Exactive Orbitrap,"Imtakt Cadenza CD-C18 (150 × 2.1 mm, 3 µm)",Reversed phase,positive,DG08,0,0,[],"[1.110117151239474, 0.8773885892781574, 0.2511321480283839, -0.0056819406239873, 0.3097902357102851, -0.0484329702558923, 0.5576176209889314, 0.1768057353780325, -0.2754818556658499, 1.9917613135819647, 1.2466169886656495, 2.1280852788913944, 0.8571428571428571]"
External A,train,WTHFD_mixpos__F15202,WTHFD_mixpos/WTHFD_mixpos__F15202.png,WTHFD_mixpos,ST003127,PR001944,Thermo Q Exactive Orbitrap,Thermo Exactive Orbitrap,"Imtakt Cadenza CD-C18 (150 × 2.1 mm, 3 µm)",Reversed phase,positive,DG08,1,2,"[[241.9444444444445, 84.35990338164251, 273.0555555555555, 403.75925925925924], [298.61111111111114, 303.67660891342604, 311.94444444444446, 403.75925925925924]]","[3.2954523026794007, 1.9792808390213448, 1.6191519891738728, 0.5753394518381295, 0.1166019381448146, -1.1638655777917402, 0.5106713406250656, 1.8301470226085432, 2.2347317318334623, 2.39459119578742, 0.8876427683172488, 1.5023937690458928, 0.3478260869565217]"
External A,train,WTHFD_mixpos__F15269,WTHFD_mixpos/WTHFD_mixpos__F15269.png,WTHFD_mixpos,ST003127,PR001944,Thermo Q Exactive Orbitrap,Thermo Exactive Orbitrap,"Imtakt Cadenza CD-C18 (150 × 2.1 mm, 3 µm)",Reversed phase,positive,DG08,1,2,"[[229.36151208085613, 84.35990338164248, 281.3978494623655, 403.75925925925924], [198.0555555555555, 330.3219278285218, 229.36151208085613, 403.75925925925924]]","[2.974050640207804, 1.6113418294361497, 1.11808977291638, 0.4618144683249377, 0.1376115304067463, -0.6400089389566799, 0.7935361387133257, 1.1575515279447863, 1.8621543406162928, 3.086406114085529, 0.9473816231053944, 2.7328786893420305, 1.16]"
External A,train,WTHFD_mixpos__F15345,WTHFD_mixpos/WTHFD_mixpos__F15345.png,WTHFD_mixpos,ST003127,PR001944,Thermo Q Exactive Orbitrap,Thermo Exactive Orbitrap,"Imtakt Cadenza CD-C18 (150 × 2.1 mm, 3 µm)",Reversed phase,positive,DG08,0,0,[],"[2.682296422054093, 0.8271473996724296, 0.4107947841409843, 0.2066443664923865, 0.0663661715446881, -0.5511482021395518, 0.7157855945856489, 0.8754355623208436, 0.673551959824904, 4.515583051747494, 0.7356886323859827, 4.123017846977149, 1.2]"
External A,train,WTHFD_mixpos__F15365,WTHFD_mixpos/WTHFD_mixpos__F15365.png,WTHFD_mixpos,ST003127,PR001944,Thermo Q Exactive Orbitrap,Thermo Exactive Orbitrap,"Imtakt Cadenza CD-C18 (150 × 2.1 mm, 3 µm)",Reversed phase,positive,DG08,1,2,"[[222.50000000000006, 277.0977956041339, 318.05555555555566, 403.75925925925924], [62.50000000000004, 84.35990338164248, 203.0555555555555, 403.75925925925924]]","[3.872675658034483, 1.7276195951175062, 2.2008343376693045, 0.5849251654452722, 0.0715161066845692, -2.993758771755409, 0.8893956051725747, 3.724539540984356, 2.3997061952237484, 6.079138091384936, 0.1241630857573095, 5.032331593179594, 0.7679558011049724]"
External A,train,WTHFD_mixpos__F15371,WTHFD_mixpos/WTHFD_mixpos__F15371.png,WTHFD_mixpos,ST003127,PR001944,Thermo Q Exactive Orbitrap,Thermo Exactive Orbitrap,"Imtakt Cadenza CD-C18 (150 × 2.1 mm, 3 µm)",Reversed phase,positive,DG08,1,1,"[[227.5, 84.35990338164248, 418.6111111111112, 403.75925925925924]]","[3.94858054904734, 2.2479915177312875, 2.040177933999644, 0.6935676013716071, 0.1048422915262739, -2.4660106971021176, 0.1901623586987399, 3.2749540909417094, 2.740020388302888, 3.715672776744944, 0.3647916027296321, 3.7244048700202086, 0.6428571428571429]"
External A,train,WTHFD_mixpos__F15413,WTHFD_mixpos/WTHFD_mixpos__F15413.png,WTHFD_mixpos,ST003127,PR001944,Thermo Q Exactive Orbitrap,Thermo Exactive Orbitrap,"Imtakt Cadenza CD-C18 (150 × 2.1 mm, 3 µm)",Reversed phase,positive,DG08,0,0,[],"[2.197748202922124, 0.6584060894194169, 0.0955907388267125, 0.0876058904387256, 0.0029380196407459, -0.4799441740003594, 0.9491564610892133, 0.8664484865450034, -0.1030542353205221, 8.167824419340393, 0.6175279749497447, 6.24276835770663, 1.2623376623376623]"
External A,train,WTHFD_mixpos__F15492,WTHFD_mixpos/WTHFD_mixpos__F15492.png,WTHFD_mixpos,ST003127,PR001944,Thermo Q Exactive Orbitrap,Thermo Exactive Orbitrap,"Imtakt Cadenza CD-C18 (150 × 2.1 mm, 3 µm)",Reversed phase,positive,DG08,0,0,[],"[3.190228818815429, 1.082308753427344, 0.5179839186496041, 0.3476044199018744, 0.0293396699979776, -0.3911202163721402, 0.4290708388774572, 0.5125196399610039, 0.843992879585166, 4.375945434097582, 1.2444144139583275, 3.239018329975255, 1.0476190476190477]"
External A,train,WTHFD_mixpos__F15500,WTHFD_mixpos/WTHFD_mixpos__F15500.png,WTHFD_mixpos,ST003127,PR001944,Thermo Q Exactive Orbitrap,Thermo Exactive Orbitrap,"Imtakt Cadenza CD-C18 (150 × 2.1 mm, 3 µm)",Reversed phase,positive,DG08,1,1,"[[230.83333333333337, 84.35990338164248, 273.05555555555554, 403.75925925925924]]","[1.5555056963191516, 0.9707102777416604, 1.7114291311957928, 0.098634272715609, 0.3500234610995135, -1.75222390732861, 0.7046889030164969, 2.8944067231084163, 0.2928676446656746, 3.5988009207404468, 0.2438729078591466, 3.2776134368191148, 0.3636363636363636]"
External A,train,WTHFD_mixpos__F1556,WTHFD_mixpos/WTHFD_mixpos__F1556.png,WTHFD_mixpos,ST003127,PR001944,Thermo Q Exactive Orbitrap,Thermo Exactive Orbitrap,"Imtakt Cadenza CD-C18 (150 × 2.1 mm, 3 µm)",Reversed phase,positive,DG08,0,0,[],"[2.0750193428544126, 0.9967972180716888, 0.2748951832326255, 0.1858782288322193, 0.0493978659445008, -0.1233201843602081, 0.6474176398896009, 0.4040881631493963, 0.2292897199062323, 4.659926705932056, 1.2245162464695043, 3.4914052524966097, 1.183673469387755]"
External A,train,WTHFD_mixpos__F15591,WTHFD_mixpos/WTHFD_mixpos__F15591.png,WTHFD_mixpos,ST003127,PR001944,Thermo Q Exactive Orbitrap,Thermo Exactive Orbitrap,"Imtakt Cadenza CD-C18 (150 × 2.1 mm, 3 µm)",Reversed phase,positive,DG08,1,1,"[[230.27777777777777, 84.3599033816425, 282.5, 403.75925925925924]]","[2.764360372311756, 1.1546562488045915, 0.9449635515215132, 0.3213794653657358, 0.1240509525932334, -1.0942085527912258, 0.795791555183786, 1.7317017465343365, 0.7882436815574732, 4.929609499492001, 0.4020210790673043, 3.6038029227476, 0.9230769230769232]"
External A,train,WTHFD_mixpos__F15724,WTHFD_mixpos/WTHFD_mixpos__F15724.png,WTHFD_mixpos,ST003127,PR001944,Thermo Q Exactive Orbitrap,Thermo Exactive Orbitrap,"Imtakt Cadenza CD-C18 (150 × 2.1 mm, 3 µm)",Reversed phase,positive,DG08,1,1,"[[216.94444444444434, 84.35990338164248, 310.83333333333314, 403.75925925925924]]","[3.018981001849427, 1.1233212844005136, 1.780046950457202, 0.3415616896002438, 0.1468278842937209, -1.927104523793008, 1.01083471594644, 2.6394665706159226, 1.5249210221922342, 6.258180485556723, 0.1833731950497642, 5.84167502593303, 1.2290076335877862]"
External A,train,WTHFD_mixpos__F15790,WTHFD_mixpos/WTHFD_mixpos__F15790.png,WTHFD_mixpos,ST003127,PR001944,Thermo Q Exactive Orbitrap,Thermo Exactive Orbitrap,"Imtakt Cadenza CD-C18 (150 × 2.1 mm, 3 µm)",Reversed phase,positive,DG08,1,1,"[[244.72222222222223, 84.35990338164248, 268.6111111111111, 403.75925925925924]]","[3.43428517595238, 2.1866330856396803, 1.4360580159832663, 0.6288751488957527, 0.0927384674303189, -0.4850528219213668, 0.5383521184480378, 0.8112113359536469, 2.830321055769481, 1.713768273229405, 1.4789622272137162, 1.311278124459133, 0.75]"
External A,train,WTHFD_mixpos__F15886,WTHFD_mixpos/WTHFD_mixpos__F15886.png,WTHFD_mixpos,ST003127,PR001944,Thermo Q Exactive Orbitrap,Thermo Exactive Orbitrap,"Imtakt Cadenza CD-C18 (150 × 2.1 mm, 3 µm)",Reversed phase,positive,DG08,1,1,"[[231.38888888888897, 84.35990338164248, 275.8333333333333, 403.75925925925924]]","[2.1145191399129017, 0.948871992640049, 1.2605803991294282, 0.1770179212655999, 0.3114250990602478, -0.9041028283920972, 0.9792826407992166, 1.649355825533263, 0.5942883340335927, 4.233542524466534, 0.4181520315192584, 3.961897470347699, 0.75]"
External A,train,WTHFD_mixpos__F16011,WTHFD_mixpos/WTHFD_mixpos__F16011.png,WTHFD_mixpos,ST003127,PR001944,Thermo Q Exactive Orbitrap,Thermo Exactive Orbitrap,"Imtakt Cadenza CD-C18 (150 × 2.1 mm, 3 µm)",Reversed phase,positive,DG08,1,2,"[[237.49999999999972, 84.35990338164248, 275.73813013910325, 403.75925925925924], [275.73813013910325, 312.9487879551698, 291.9444444444441, 403.75925925925924]]","[2.193848119248186, 1.3481833303968975, 1.0054722673706469, 0.2964139137357622, 0.2419756479312625, -0.8581409621853939, 0.9519510105921472, 1.6900737925088962, 1.2053168487203167, 2.7871363834799547, 0.6506538031672993, 2.6756981353679867, 0.7058823529411765]"
External A,train,WTHFD_mixpos__F16089,WTHFD_mixpos/WTHFD_mixpos__F16089.png,WTHFD_mixpos,ST003127,PR001944,Thermo Q Exactive Orbitrap,Thermo Exactive Orbitrap,"Imtakt Cadenza CD-C18 (150 × 2.1 mm, 3 µm)",Reversed phase,positive,DG08,0,0,[],"[2.8565851609598587, 1.1012550394929643, 0.2874333800850951, 0.3165813689280313, 0.0148860533962919, -0.3544700373443153, 0.8441802761324169, 0.6037919594197135, 0.80546282311154, 5.624583365882805, 1.2204916241428785, 3.75139984870286, 1.207920792079208]"
External A,train,WTHFD_mixpos__F16105,WTHFD_mixpos/WTHFD_mixpos__F16105.png,WTHFD_mixpos,ST003127,PR001944,Thermo Q Exactive Orbitrap,Thermo Exactive Orbitrap,"Imtakt Cadenza CD-C18 (150 × 2.1 mm, 3 µm)",Reversed phase,positive,DG08,1,2,"[[193.05555555555543, 378.35569716921066, 196.1962000000004, 403.75925925925924], [196.1962000000004, 375.4189776995859, 213.0555555555557, 403.75925925925924]]","[2.136783848661276, 1.6577936597199, 0.2334640116249522, 0.3562502851041332, 0.0479670855764793, -0.1772843863060865, 0.719959450649526, 0.7990519285351048, 1.1377340205292736, 3.6896630420656713, 1.3575968734976245, 1.8031936341987849, 0.6875]"
External A,train,WTHFD_mixpos__F1611,WTHFD_mixpos/WTHFD_mixpos__F1611.png,WTHFD_mixpos,ST003127,PR001944,Thermo Q Exactive Orbitrap,Thermo Exactive Orbitrap,"Imtakt Cadenza CD-C18 (150 × 2.1 mm, 3 µm)",Reversed phase,positive,DG08,0,0,[],"[2.01332159124671, 0.46768961245563, 0.3611515451828556, -0.0128680862026521, 0.0943002995972947, -0.552345910134894, 0.7271363741162715, 0.7777378502690737, -0.093324217062787, 4.553435801786691, 0.4779825294510295, 4.606739354015321, 1.3333333333333333]"
External A,train,WTHFD_mixpos__F16115,WTHFD_mixpos/WTHFD_mixpos__F16115.png,WTHFD_mixpos,ST003127,PR001944,Thermo Q Exactive Orbitrap,Thermo Exactive Orbitrap,"Imtakt Cadenza CD-C18 (150 × 2.1 mm, 3 µm)",Reversed phase,positive,DG08,0,0,[],"[1.7827457728861922, 1.1479388713894685, 0.3945040685553272, 0.1827687876569703, 0.0355135592518228, 0.0583868339147327, 0.8214564926080912, 0.1370130567146282, 0.594499222744559, 3.2455134153939444, 1.582220661745202, 2.580234193968747, 1.1428571428571428]"
External A,train,WTHFD_mixpos__F16145,WTHFD_mixpos/WTHFD_mixpos__F16145.png,WTHFD_mixpos,ST003127,PR001944,Thermo Q Exactive Orbitrap,Thermo Exactive Orbitrap,"Imtakt Cadenza CD-C18 (150 × 2.1 mm, 3 µm)",Reversed phase,positive,DG08,1,3,"[[138.16129124237938, 84.35990338164251, 226.42322724237948, 403.7592592592593], [226.42322724237948, 192.04982537362147, 273.07254524237936, 403.7592592592593], [273.07254524237936, 190.98242829469078, 377.57160724237974, 403.7592592592593]]","[1.7628792967803444, 0.812216042444961, 0.5976016264561361, 0.084904795855626, 0.2327174655398295, -1.8399165072750348, 0.8079195260949337, 2.7586816141667354, 0.2973874178514495, 4.660421768044247, 0.1892593810235134, 5.101345257520843, 0.5135135135135135]"
External A,train,WTHFD_mixpos__F1617,WTHFD_mixpos/WTHFD_mixpos__F1617.png,WTHFD_mixpos,ST003127,PR001944,Thermo Q Exactive Orbitrap,Thermo Exactive Orbitrap,"Imtakt Cadenza CD-C18 (150 × 2.1 mm, 3 µm)",Reversed phase,positive,DG08,0,0,[],"[2.346488496910431, 0.6012427929584792, 1.3091958801053645, 0.0811328620352636, 0.2901885696212635, -1.2935840660964897, 0.971279782393663, 1.868588130612568, 0.4121610539273152, 6.450474660264055, 0.2362265647336824, 6.087596841535582, 1.349056603773585]"
External A,train,WTHFD_mixpos__F16275,WTHFD_mixpos/WTHFD_mixpos__F16275.png,WTHFD_mixpos,ST003127,PR001944,Thermo Q Exactive Orbitrap,Thermo Exactive Orbitrap,"Imtakt Cadenza CD-C18 (150 × 2.1 mm, 3 µm)",Reversed phase,positive,DG08,0,0,[],"[2.2493303511408134, 1.247875039829818, 0.5968740823875925, 0.279539556823257, 0.093501538915833, -0.4209108740368282, 0.9818408141062738, 1.0278668077639106, 1.10441939898378, 3.979768951295944, 0.8926103638843815, 2.9738513896100445, 1.0]"
External A,train,WTHFD_mixpos__F16299,WTHFD_mixpos/WTHFD_mixpos__F16299.png,WTHFD_mixpos,ST003127,PR001944,Thermo Q Exactive Orbitrap,Thermo Exactive Orbitrap,"Imtakt Cadenza CD-C18 (150 × 2.1 mm, 3 µm)",Reversed phase,positive,DG08,0,0,[],"[2.681159057687789, 0.9807077813595906, 0.7995254135779393, 0.2588088539180155, 0.0621211981625121, -0.6300274274460465, 0.8699502306716904, 1.033312162908523, 1.186922011100769, 4.136483369849398, 0.846150653363596, 3.7329145639793984, 1.1333333333333333]"
External A,train,WTHFD_mixpos__F16304,WTHFD_mixpos/WTHFD_mixpos__F16304.png,WTHFD_mixpos,ST003127,PR001944,Thermo Q Exactive Orbitrap,Thermo Exactive Orbitrap,"Imtakt Cadenza CD-C18 (150 × 2.1 mm, 3 µm)",Reversed phase,positive,DG08,1,2,"[[231.69894895817004, 84.3599033816425, 278.0555555555555, 403.7592592592593], [190.8333333333334, 304.7510893532259, 231.69894895817004, 403.7592592592593]]","[4.185287064015349, 1.8219730465464248, 1.2440674302817212, 0.6347532880536041, 0.0996981065186129, -1.5318420194034787, 0.7655663211048498, 1.989979990100567, 2.4878720228546607, 4.001097251657308, 0.5293195270560351, 2.956572362889621, 0.7547169811320755]"
External A,train,WTHFD_mixpos__F16326,WTHFD_mixpos/WTHFD_mixpos__F16326.png,WTHFD_mixpos,ST003127,PR001944,Thermo Q Exactive Orbitrap,Thermo Exactive Orbitrap,"Imtakt Cadenza CD-C18 (150 × 2.1 mm, 3 µm)",Reversed phase,positive,DG08,1,1,"[[236.94444444444443, 84.3599033816425, 279.16666666666686, 403.75925925925924]]","[2.152428403656081, 1.2474168383916298, 1.7804519624985076, 0.2654046013214954, 0.2744443400736242, -1.1924657342217968, 0.7132888557828365, 2.0927902719470755, 1.025922440480716, 3.0564201503112645, 0.555889382234272, 2.641120933813016, 0.6842105263157895]"
External A,train,WTHFD_mixpos__F16384,WTHFD_mixpos/WTHFD_mixpos__F16384.png,WTHFD_mixpos,ST003127,PR001944,Thermo Q Exactive Orbitrap,Thermo Exactive Orbitrap,"Imtakt Cadenza CD-C18 (150 × 2.1 mm, 3 µm)",Reversed phase,positive,DG08,0,0,[],"[4.076822071082988, 0.6879282306137112, 0.6649712436533284, 0.2792745553422399, 0.035629400313968, -0.9405421065453008, 0.7452547220177306, 1.0567079850148977, 1.2736394594576488, 5.798636751473609, 0.5966587439913479, 5.200086246755095, 1.267605633802817]"
External A,train,WTHFD_mixpos__F16537,WTHFD_mixpos/WTHFD_mixpos__F16537.png,WTHFD_mixpos,ST003127,PR001944,Thermo Q Exactive Orbitrap,Thermo Exactive Orbitrap,"Imtakt Cadenza CD-C18 (150 × 2.1 mm, 3 µm)",Reversed phase,positive,DG08,1,2,"[[232.5, 84.35990338164251, 275.2777777777777, 403.75925925925924], [294.16666666666674, 225.25685054199948, 342.49999999999994, 403.75925925925924]]","[2.4628375441069137, 1.367097345487906, 0.8596378408340656, 0.3391470968897914, 0.1545082332434572, -1.0790861336442592, 0.5279041039312593, 1.88174481865218, 1.3643692106040104, 2.9997174884380247, 0.5947152002647819, 2.660964047443681, 0.35]"
External A,train,WTHFD_mixpos__F16561,WTHFD_mixpos/WTHFD_mixpos__F16561.png,WTHFD_mixpos,ST003127,PR001944,Thermo Q Exactive Orbitrap,Thermo Exactive Orbitrap,"Imtakt Cadenza CD-C18 (150 × 2.1 mm, 3 µm)",Reversed phase,positive,DG08,1,2,"[[210.2777777777776, 84.35990338164248, 293.2749131836739, 403.75925925925924], [293.2749131836739, 307.58003030471536, 322.5, 403.75925925925924]]","[3.1957049204888484, 1.5251319350792667, 1.845496592939444, 0.4678944553270381, 0.131985636645469, -1.8869519331537328, 0.7880700804695133, 2.6257452622704824, 1.7472015571748072, 4.218839570291348, 0.3751250897890866, 3.6828921423310432, 0.64]"
External A,train,WTHFD_mixpos__F16712,WTHFD_mixpos/WTHFD_mixpos__F16712.png,WTHFD_mixpos,ST003127,PR001944,Thermo Q Exactive Orbitrap,Thermo Exactive Orbitrap,"Imtakt Cadenza CD-C18 (150 × 2.1 mm, 3 µm)",Reversed phase,positive,DG08,1,1,"[[196.38888888888874, 84.35990338164251, 318.6115997652379, 403.75925925925924]]","[2.679071466575276, 1.586902674665626, 2.646296388886125, 0.4192472275771891, 0.185635324101525, -2.262217751469133, 0.4522387297005101, 3.256256988700943, 1.596542891977934, 3.745662573903228, 0.2925435421456612, 4.1287347499440905, 0.4473684210526316]"
External A,train,WTHFD_mixpos__F16723,WTHFD_mixpos/WTHFD_mixpos__F16723.png,WTHFD_mixpos,ST003127,PR001944,Thermo Q Exactive Orbitrap,Thermo Exactive Orbitrap,"Imtakt Cadenza CD-C18 (150 × 2.1 mm, 3 µm)",Reversed phase,positive,DG08,0,0,[],"[1.912719788329898, 0.5925381017002623, 0.5222451427672374, 0.0280340204259725, 0.1784994941486385, -0.5260131571256924, 0.7173272084719934, 0.8035924830960569, 0.0852954965270534, 4.449771664753937, 0.660530380659887, 4.504706483564822, 1.2592592592592593]"
External A,train,WTHFD_mixpos__F16724,WTHFD_mixpos/WTHFD_mixpos__F16724.png,WTHFD_mixpos,ST003127,PR001944,Thermo Q Exactive Orbitrap,Thermo Exactive Orbitrap,"Imtakt Cadenza CD-C18 (150 × 2.1 mm, 3 µm)",Reversed phase,positive,DG08,1,1,"[[240.8333333333331, 84.35990338164248, 270.83333333333314, 403.7592592592593]]","[3.2031574061465573, 1.8457574080124848, 1.2678058193762791, 0.5385895364742136, 0.1281478458547811, -1.0861647573549222, 0.7599998329456661, 1.7122222621266725, 2.180387970024072, 3.201022846709312, 0.8788149783700355, 2.425043758820658, 1.0909090909090908]"
External A,train,WTHFD_mixpos__F16812,WTHFD_mixpos/WTHFD_mixpos__F16812.png,WTHFD_mixpos,ST003127,PR001944,Thermo Q Exactive Orbitrap,Thermo Exactive Orbitrap,"Imtakt Cadenza CD-C18 (150 × 2.1 mm, 3 µm)",Reversed phase,positive,DG08,1,1,"[[230.27777777777777, 84.35990338164248, 269.1666666666666, 403.75925925925924]]","[2.7178103979121286, 1.5481293464312544, 0.8946698501872834, 0.4156011206279428, 0.2073412237961439, -0.7437889439003141, 1.031082051685514, 1.3731261380737638, 1.7036793582673198, 3.450872476951892, 0.8931201514822411, 2.352793038892872, 1.125]"
External A,train,WTHFD_mixpos__F1732,WTHFD_mixpos/WTHFD_mixpos__F1732.png,WTHFD_mixpos,ST003127,PR001944,Thermo Q Exactive Orbitrap,Thermo Exactive Orbitrap,"Imtakt Cadenza CD-C18 (150 × 2.1 mm, 3 µm)",Reversed phase,positive,DG08,1,2,"[[216.3888888888889, 193.95410849699078, 300.83333333333326, 403.75925925925924], [101.94444444444451, 84.35990338164248, 198.0555555555557, 403.75925925925924]]","[2.1096786202488005, 0.5582758431001844, 1.905766199863613, 0.0369845299761179, 0.3225604505032777, -1.7346147628096331, 1.123241319894453, 2.5656866185663216, 0.7360659019335452, 6.279153609400241, 0.1169936242858717, 6.008411151837152, 1.3333333333333333]"
External A,train,WTHFD_mixpos__F17330,WTHFD_mixpos/WTHFD_mixpos__F17330.png,WTHFD_mixpos,ST003127,PR001944,Thermo Q Exactive Orbitrap,Thermo Exactive Orbitrap,"Imtakt Cadenza CD-C18 (150 × 2.1 mm, 3 µm)",Reversed phase,positive,DG08,1,2,"[[156.38888888888914, 84.35990338164247, 228.7374034285719, 403.7592592592593], [228.7374034285719, 271.628101671446, 293.0555555555553, 403.7592592592593]]","[3.609888366945586, 1.6414103717784123, 1.867000688667193, 0.539409110504163, 0.0951772861107892, -1.721161656477305, 0.99624896237909, 2.2964698977540894, 2.5116890282166184, 4.800038676270031, 0.3683304899168655, 4.970804444409202, 1.0746268656716418]"
External A,train,WTHFD_mixpos__F17476,WTHFD_mixpos/WTHFD_mixpos__F17476.png,WTHFD_mixpos,ST003127,PR001944,Thermo Q Exactive Orbitrap,Thermo Exactive Orbitrap,"Imtakt Cadenza CD-C18 (150 × 2.1 mm, 3 µm)",Reversed phase,positive,DG08,0,0,[],"[2.437181375666777, 1.0648551287478494, 0.2983047152339724, 0.2546985058838659, 0.0288328474100308, -0.3166630679086717, 0.7786888248386705, 0.7287264744152234, 0.6595783526477804, 4.725222043329354, 1.1291424689925158, 3.499686402782668, 1.0566037735849056]"
External A,train,WTHFD_mixpos__F17579,WTHFD_mixpos/WTHFD_mixpos__F17579.png,WTHFD_mixpos,ST003127,PR001944,Thermo Q Exactive Orbitrap,Thermo Exactive Orbitrap,"Imtakt Cadenza CD-C18 (150 × 2.1 mm, 3 µm)",Reversed phase,positive,DG08,1,1,"[[138.6111111111111, 84.35990338164248, 237.50000000000003, 403.75925925925924]]","[3.2008319840229995, 1.0354361379897143, 0.4264982390496278, 0.3338760276271, 0.0221789484019589, -0.5791660834960759, 0.8292911830400989, 0.7984047805663922, 1.316516602104555, 5.6399714882844965, 0.7769380765394264, 4.799652459367902, 1.1264367816091954]"
External A,train,WTHFD_mixpos__F17621,WTHFD_mixpos/WTHFD_mixpos__F17621.png,WTHFD_mixpos,ST003127,PR001944,Thermo Q Exactive Orbitrap,Thermo Exactive Orbitrap,"Imtakt Cadenza CD-C18 (150 × 2.1 mm, 3 µm)",Reversed phase,positive,DG08,0,0,[],"[2.77295079709301, 0.6240228528177694, 0.8104961436446365, 0.1351938407692234, 0.1109333196791272, -0.4963382404774467, 0.5848878551218711, 0.6203808689275988, 0.6332039633416324, 3.7227765394844026, 0.5944127630320527, 3.6901165175936654, 1.0588235294117647]"
External A,train,WTHFD_mixpos__F17868,WTHFD_mixpos/WTHFD_mixpos__F17868.png,WTHFD_mixpos,ST003127,PR001944,Thermo Q Exactive Orbitrap,Thermo Exactive Orbitrap,"Imtakt Cadenza CD-C18 (150 × 2.1 mm, 3 µm)",Reversed phase,positive,DG08,0,0,[],"[2.040633471705648, 1.1271309129121414, 0.3945329121899384, 0.2174919809408966, 0.10303438896573, -0.3265780869685231, 0.8990723803868534, 0.906512867239638, 0.5847663953129973, 3.4007622915721063, 1.0073236273716912, 2.5661902165503228, 0.9565217391304348]"
External A,train,WTHFD_mixpos__F17904,WTHFD_mixpos/WTHFD_mixpos__F17904.png,WTHFD_mixpos,ST003127,PR001944,Thermo Q Exactive Orbitrap,Thermo Exactive Orbitrap,"Imtakt Cadenza CD-C18 (150 × 2.1 mm, 3 µm)",Reversed phase,positive,DG08,1,1,"[[226.94444444444443, 84.3599033816425, 266.3888888888888, 403.75925925925924]]","[1.6443904726061431, 1.1201204289535611, 0.6202466462220824, 0.1525811438802123, 0.2220073949936753, -0.7197494533377312, 0.6887432567342432, 1.6790788833583987, 0.434846719387595, 2.769152324402957, 0.6010448481007914, 2.306890595608519, 0.5333333333333333]"
External A,train,WTHFD_mixpos__F17951,WTHFD_mixpos/WTHFD_mixpos__F17951.png,WTHFD_mixpos,ST003127,PR001944,Thermo Q Exactive Orbitrap,Thermo Exactive Orbitrap,"Imtakt Cadenza CD-C18 (150 × 2.1 mm, 3 µm)",Reversed phase,positive,DG08,0,0,[],"[3.6873289858078095, 1.2493679054761586, 0.866362458782877, 0.4476874308485334, 0.048125605046191, -0.5122437416355006, 0.6208758902225711, 0.6063890320270586, 2.0194485348696976, 3.8686420064803984, 1.2720830755699186, 3.4729055953200563, 1.2]"
External A,train,WTHFD_mixpos__F17967,WTHFD_mixpos/WTHFD_mixpos__F17967.png,WTHFD_mixpos,ST003127,PR001944,Thermo Q Exactive Orbitrap,Thermo Exactive Orbitrap,"Imtakt Cadenza CD-C18 (150 × 2.1 mm, 3 µm)",Reversed phase,positive,DG08,1,1,"[[228.0555555555554, 84.3599033816425, 308.611111111111, 403.75925925925924]]","[2.6531551093594663, 1.0709433338799343, 1.7814435474163666, 0.283457137102848, 0.2363552549595068, -1.672433342148914, 1.005221733471743, 2.432355202005116, 0.8520996636587392, 5.621328574285414, 0.2116801536285241, 4.967009665784758, 0.8791208791208791]"
External A,train,WTHFD_mixpos__F18054,WTHFD_mixpos/WTHFD_mixpos__F18054.png,WTHFD_mixpos,ST003127,PR001944,Thermo Q Exactive Orbitrap,Thermo Exactive Orbitrap,"Imtakt Cadenza CD-C18 (150 × 2.1 mm, 3 µm)",Reversed phase,positive,DG08,0,0,[],"[3.112306104484581, 0.8487368342502432, 0.6524556376460329, 0.2602537569915747, 0.0509942083743598, -0.802843143716972, 0.6383939034300502, 1.06829322107503, 0.6868651474312812, 4.424034802019063, 0.6613088147363139, 3.732940846985331, 1.0]"
External A,train,WTHFD_mixpos__F18068,WTHFD_mixpos/WTHFD_mixpos__F18068.png,WTHFD_mixpos,ST003127,PR001944,Thermo Q Exactive Orbitrap,Thermo Exactive Orbitrap,"Imtakt Cadenza CD-C18 (150 × 2.1 mm, 3 µm)",Reversed phase,positive,DG08,1,2,"[[230.27777777777777, 84.3599033816425, 276.9469521228532, 403.75925925925924], [276.9469521228532, 254.50990593759707, 329.7222222222222, 403.75925925925924]]","[3.091693663062461, 1.0853929498012418, 0.980180009915062, 0.3380282140511947, 0.1166645887038839, -1.856794741534422, 0.5608126711195163, 2.568903849625183, 1.1713078336204277, 4.674293386296236, 0.2645748546474538, 3.769024907426489, 0.7346938775510204]"
External A,train,WTHFD_mixpos__F1816,WTHFD_mixpos/WTHFD_mixpos__F1816.png,WTHFD_mixpos,ST003127,PR001944,Thermo Q Exactive Orbitrap,Thermo Exactive Orbitrap,"Imtakt Cadenza CD-C18 (150 × 2.1 mm, 3 µm)",Reversed phase,positive,DG08,0,0,[],"[1.993658792913236, 0.5633414933745908, 0.3082431432032387, 0.0259426478474701, 0.0602941765570729, -0.3659607108849515, 0.7076135262830053, 0.6220783022570859, 0.1587397854364216, 4.574538030779903, 0.6364394060354149, 4.625053839880555, 1.2413793103448276]"
External A,train,WTHFD_mixpos__F18163,WTHFD_mixpos/WTHFD_mixpos__F18163.png,WTHFD_mixpos,ST003127,PR001944,Thermo Q Exactive Orbitrap,Thermo Exactive Orbitrap,"Imtakt Cadenza CD-C18 (150 × 2.1 mm, 3 µm)",Reversed phase,positive,DG08,1,2,"[[143.46146298611038, 84.3599033816425, 203.05555555555583, 403.75925925925924], [231.94444444444437, 271.20325353599355, 280.8333333333334, 403.75925925925924]]","[2.944692128539082, 1.0840356884193574, 1.30378198036171, 0.3214069589129735, 0.1534055919336162, -1.403105700119468, 0.5974944253594978, 2.064391142655454, 1.4194191239687592, 4.021225477310362, 0.5072767683337737, 3.892463753748262, 0.7931034482758621]"
External A,train,WTHFD_mixpos__F18390,WTHFD_mixpos/WTHFD_mixpos__F18390.png,WTHFD_mixpos,ST003127,PR001944,Thermo Q Exactive Orbitrap,Thermo Exactive Orbitrap,"Imtakt Cadenza CD-C18 (150 × 2.1 mm, 3 µm)",Reversed phase,positive,DG08,0,0,[],"[2.721941083417, 0.5969541635966618, 0.4299862542321421, 0.1180784758347684, 0.0610574886181882, -0.4923051589008507, 0.7691652821933037, 0.620266551209905, 0.1107332118012662, 4.954570202043168, 0.6943167944534602, 4.885155027210023, 1.435897435897436]"
External A,train,WTHFD_mixpos__F18400,WTHFD_mixpos/WTHFD_mixpos__F18400.png,WTHFD_mixpos,ST003127,PR001944,Thermo Q Exactive Orbitrap,Thermo Exactive Orbitrap,"Imtakt Cadenza CD-C18 (150 × 2.1 mm, 3 µm)",Reversed phase,positive,DG08,0,0,[],"[2.408182400652293, 1.2003724621312442, 0.8410883045745956, 0.2889995171499517, 0.1307214048499194, -0.9575590903835796, 0.9756662190820292, 1.6843764883236083, 0.8181103498361053, 4.739004201844995, 0.4619852412300729, 3.3867786311375925, 0.7333333333333333]"
External A,train,WTHFD_mixpos__F18443,WTHFD_mixpos/WTHFD_mixpos__F18443.png,WTHFD_mixpos,ST003127,PR001944,Thermo Q Exactive Orbitrap,Thermo Exactive Orbitrap,"Imtakt Cadenza CD-C18 (150 × 2.1 mm, 3 µm)",Reversed phase,positive,DG08,0,0,[],"[2.7332246900281407, 1.3690779307436165, 1.0399282778152923, 0.3749313344388, 0.09960911578387, -0.3778167072562561, 0.5296313473908223, 0.6294058925916192, 1.5380509351605522, 2.442311552825108, 1.3321101030397415, 2.0930692077718898, 0.7142857142857143]"
External A,train,WTHFD_mixpos__F18484,WTHFD_mixpos/WTHFD_mixpos__F18484.png,WTHFD_mixpos,ST003127,PR001944,Thermo Q Exactive Orbitrap,Thermo Exactive Orbitrap,"Imtakt Cadenza CD-C18 (150 × 2.1 mm, 3 µm)",Reversed phase,positive,DG08,0,0,[],"[1.568308644854349, 1.1851008517372177, 0.404661681529584, 0.1551239878614568, 0.0862169944848435, 0.0449717457837432, 0.1605278891072718, -0.2177886609928238, 0.5723957897249682, 1.563076001975989, 1.8568993481993783, 1.6644977792004614, 1.1428571428571428]"
External A,train,WTHFD_mixpos__F18672,WTHFD_mixpos/WTHFD_mixpos__F18672.png,WTHFD_mixpos,ST003127,PR001944,Thermo Q Exactive Orbitrap,Thermo Exactive Orbitrap,"Imtakt Cadenza CD-C18 (150 × 2.1 mm, 3 µm)",Reversed phase,positive,DG08,0,0,[],"[4.284762457209742, 0.2889161841340472, 0.690647416139517, 0.0488179034187994, 0.0695728921107579, -1.412930733675508, 0.95440928773025, 1.285336684325363, 1.40362798747978, 8.835424889167758, 0.1963746571023901, 6.535658282821617, 1.351578947368421]"
External A,train,WTHFD_mixpos__F18676,WTHFD_mixpos/WTHFD_mixpos__F18676.png,WTHFD_mixpos,ST003127,PR001944,Thermo Q Exactive Orbitrap,Thermo Exactive Orbitrap,"Imtakt Cadenza CD-C18 (150 × 2.1 mm, 3 µm)",Reversed phase,positive,DG08,0,0,[],"[1.8375641472059183, 0.595283791106152, 0.307377347517435, 0.0199201652519484, 0.0550617202031626, -0.2609992165353503, 0.6864001750088676, 0.5468436803796509, 0.1392083256094378, 4.261013477554632, 0.7153989558427634, 4.386842188131011, 1.25]"
External A,train,WTHFD_mixpos__F18787,WTHFD_mixpos/WTHFD_mixpos__F18787.png,WTHFD_mixpos,ST003127,PR001944,Thermo Q Exactive Orbitrap,Thermo Exactive Orbitrap,"Imtakt Cadenza CD-C18 (150 × 2.1 mm, 3 µm)",Reversed phase,positive,DG08,0,0,[],"[1.3954124401171446, 1.0539267493864144, 1.001846090958011, 0.091783427329024, 0.1691309224203902, -0.4611876627305716, -0.1601576670665904, 0.2271160342803462, 0.4916316043602378, 0.9596740477053268, 1.3333333333333337, 1.5, 0.5]"
External A,train,WTHFD_mixpos__F18835,WTHFD_mixpos/WTHFD_mixpos__F18835.png,WTHFD_mixpos,ST003127,PR001944,Thermo Q Exactive Orbitrap,Thermo Exactive Orbitrap,"Imtakt Cadenza CD-C18 (150 × 2.1 mm, 3 µm)",Reversed phase,positive,DG08,0,0,[],"[1.826253397219797, 0.8462545509185925, 0.1731292547327556, 0.1047388827747617, 0.012160113129065, -0.1754819363516643, 0.8466629811781462, 0.6400942658462235, 0.3215360649086127, 5.855677215873395, 0.9445966560050651, 4.6197998760006, 1.173913043478261]"
External A,train,WTHFD_mixpos__F18925,WTHFD_mixpos/WTHFD_mixpos__F18925.png,WTHFD_mixpos,ST003127,PR001944,Thermo Q Exactive Orbitrap,Thermo Exactive Orbitrap,"Imtakt Cadenza CD-C18 (150 × 2.1 mm, 3 µm)",Reversed phase,positive,DG08,0,0,[],"[2.416075089771528, 1.0762256564464558, 0.7219098142899268, 0.2553016983035603, 0.0954796353095705, -0.9366976630078128, 0.9901872453293016, 1.6249389032203017, 0.6084510160359167, 5.267385982496711, 0.4315801814618314, 3.776804409465356, 0.8311688311688312]"
External A,train,WTHFD_mixpos__F19085,WTHFD_mixpos/WTHFD_mixpos__F19085.png,WTHFD_mixpos,ST003127,PR001944,Thermo Q Exactive Orbitrap,Thermo Exactive Orbitrap,"Imtakt Cadenza CD-C18 (150 × 2.1 mm, 3 µm)",Reversed phase,positive,DG08,0,0,[],"[1.572207148873044, 0.6800873825772104, 0.648649918219143, 0.0147805010055803, 0.2327616701005359, -0.3302603946869258, 1.089103499248523, 0.912362546735502, -0.2402957423926364, 4.431718776729219, 0.4982214917664114, 4.185174447128411, 0.9]"
External A,train,WTHFD_mixpos__F19187,WTHFD_mixpos/WTHFD_mixpos__F19187.png,WTHFD_mixpos,ST003127,PR001944,Thermo Q Exactive Orbitrap,Thermo Exactive Orbitrap,"Imtakt Cadenza CD-C18 (150 × 2.1 mm, 3 µm)",Reversed phase,positive,DG08,0,0,[],"[1.9923368346287549, 0.9578302501173844, 0.3937237830237885, 0.1626122671744973, 0.0839009606850145, -0.2766852884242363, 0.7448049024907923, 0.7977429320800181, 0.6084340002426725, 4.156954224494363, 1.0352591488939338, 3.533107671515576, 1.1935483870967742]"
External A,train,WTHFD_mixpos__F1922,WTHFD_mixpos/WTHFD_mixpos__F1922.png,WTHFD_mixpos,ST003127,PR001944,Thermo Q Exactive Orbitrap,Thermo Exactive Orbitrap,"Imtakt Cadenza CD-C18 (150 × 2.1 mm, 3 µm)",Reversed phase,positive,DG08,0,0,[],"[1.285918196155145, 0.7377971575708934, 0.8017254110610049, -0.0112745828435697, 0.5050819810632433, -0.7240685259142096, 0.5815722507976845, 1.189983371986491, -0.5277193926701019, 2.564381768946736, 0.6416188301297927, 2.6416041678685933, 0.4444444444444444]"
External A,train,WTHFD_mixpos__F1924,WTHFD_mixpos/WTHFD_mixpos__F1924.png,WTHFD_mixpos,ST003127,PR001944,Thermo Q Exactive Orbitrap,Thermo Exactive Orbitrap,"Imtakt Cadenza CD-C18 (150 × 2.1 mm, 3 µm)",Reversed phase,positive,DG08,0,0,[],"[2.290901611045145, 0.6128258143615034, 0.4751246063224251, 0.0798906736137379, 0.077278981964668, -0.4022189853248903, 0.8576754633801222, 0.636767729718079, 1.3142157549471272, 4.06062044796718, 0.5869861130916026, 4.221928094887363, 1.4]"
External A,train,WTHFD_mixpos__F19259,WTHFD_mixpos/WTHFD_mixpos__F19259.png,WTHFD_mixpos,ST003127,PR001944,Thermo Q Exactive Orbitrap,Thermo Exactive Orbitrap,"Imtakt Cadenza CD-C18 (150 × 2.1 mm, 3 µm)",Reversed phase,positive,DG08,0,0,[],"[1.7837291280802636, 0.5934273492277474, 0.4564879166826893, 0.0125237551087648, 0.2331374497933382, -0.1293937197781257, 0.664009361835926, 0.1914218396392839, 0.305998087908725, 2.6836560839855257, 0.8389615438263753, 3.0, 1.0]"
External A,train,WTHFD_mixpos__F19304,WTHFD_mixpos/WTHFD_mixpos__F19304.png,WTHFD_mixpos,ST003127,PR001944,Thermo Q Exactive Orbitrap,Thermo Exactive Orbitrap,"Imtakt Cadenza CD-C18 (150 × 2.1 mm, 3 µm)",Reversed phase,positive,DG08,0,0,[],"[2.189445470423156, 1.1609356142977505, 0.3244614957740782, 0.2481946782822204, 0.0295539152376614, -0.1149944112255927, 0.8910275671550754, 0.4163814088813523, 0.730402051521324, 4.355156078425277, 1.4725104188588498, 3.0909214299005354, 1.2444444444444445]"
External A,train,WTHFD_mixpos__F19432,WTHFD_mixpos/WTHFD_mixpos__F19432.png,WTHFD_mixpos,ST003127,PR001944,Thermo Q Exactive Orbitrap,Thermo Exactive Orbitrap,"Imtakt Cadenza CD-C18 (150 × 2.1 mm, 3 µm)",Reversed phase,positive,DG08,0,0,[],"[1.7293203578144851, 0.7799981391125018, 0.5623666888539643, 0.0698283680592045, 0.2703165064241275, -0.2498920217229984, 0.4411663398236299, 0.5279320957711907, -0.1156272279214138, 2.95066400997936, 1.011064573372796, 2.9182958340544896, 1.0]"
External A,train,WTHFD_mixpos__F19575,WTHFD_mixpos/WTHFD_mixpos__F19575.png,WTHFD_mixpos,ST003127,PR001944,Thermo Q Exactive Orbitrap,Thermo Exactive Orbitrap,"Imtakt Cadenza CD-C18 (150 × 2.1 mm, 3 µm)",Reversed phase,positive,DG08,0,0,[],"[2.939934171591093, 0.6090609330028074, 0.2224967380154192, 0.144667446309592, 0.0326910926165076, -0.6328127568591826, 0.8109575273416518, 0.816284091354638, -0.2465557375054888, 7.020766596543725, 0.6049073282036606, 5.891240615905689, 1.3254437869822486]"
External A,train,WTHFD_mixpos__F19598,WTHFD_mixpos/WTHFD_mixpos__F19598.png,WTHFD_mixpos,ST003127,PR001944,Thermo Q Exactive Orbitrap,Thermo Exactive Orbitrap,"Imtakt Cadenza CD-C18 (150 × 2.1 mm, 3 µm)",Reversed phase,positive,DG08,0,0,[],"[2.7291224227921456, 0.7224610758538929, 0.1306014965052914, 0.1719727357752022, 0.0054025407367548, -0.4648146924299075, 0.8994553555071814, 0.6823660240899488, 0.3762143318424857, 8.329361554867432, 0.788236306785984, 5.7215213467764805, 1.3028953229398663]"
External A,train,WTHFD_mixpos__F19609,WTHFD_mixpos/WTHFD_mixpos__F19609.png,WTHFD_mixpos,ST003127,PR001944,Thermo Q Exactive Orbitrap,Thermo Exactive Orbitrap,"Imtakt Cadenza CD-C18 (150 × 2.1 mm, 3 µm)",Reversed phase,positive,DG08,1,3,"[[225.68230625045115, 183.09910610141807, 290.27777777777777, 403.75925925925924], [194.72222222222223, 322.92509480119014, 225.68230625045115, 403.75925925925924], [358.0555555555555, 207.11837649615808, 391.38888888888886, 403.75925925925924]]","[2.5478238062382736, 1.205004960283952, 1.6869280571020762, 0.3085793868001357, 0.1701549525422007, -1.312038531582133, 0.8272497897949511, 2.077693150089736, 1.3471027537399891, 4.280020338857676, 0.4262367928088554, 3.9493582102511153, 1.0256410256410255]"
External A,train,WTHFD_mixpos__F19637,WTHFD_mixpos/WTHFD_mixpos__F19637.png,WTHFD_mixpos,ST003127,PR001944,Thermo Q Exactive Orbitrap,Thermo Exactive Orbitrap,"Imtakt Cadenza CD-C18 (150 × 2.1 mm, 3 µm)",Reversed phase,positive,DG08,0,0,[],"[2.0721473665366115, 0.691602472965938, 0.2408338320950933, 0.0851303634345196, 0.022584512821421, -0.5101456181933086, 0.8871421536812245, 0.9893582313086472, 0.3257500858017364, 5.412180210804771, 0.6352897393051136, 5.038430145477999, 1.1929824561403508]"
External A,train,WTHFD_mixpos__F19667,WTHFD_mixpos/WTHFD_mixpos__F19667.png,WTHFD_mixpos,ST003127,PR001944,Thermo Q Exactive Orbitrap,Thermo Exactive Orbitrap,"Imtakt Cadenza CD-C18 (150 × 2.1 mm, 3 µm)",Reversed phase,positive,DG08,1,1,"[[224.7222222222219, 84.35990338164248, 311.3888888888889, 403.75925925925924]]","[2.571143919664815, 1.387268470328635, 2.42800765695717, 0.3585883580217629, 0.207770671921724, -1.726201238034068, 0.6869253701628149, 2.6158954270460217, 1.4726199085186296, 3.613695585509773, 0.3890339337421633, 3.5723184946053554, 0.6896551724137931]"
External A,train,WTHFD_mixpos__F197,WTHFD_mixpos/WTHFD_mixpos__F197.png,WTHFD_mixpos,ST003127,PR001944,Thermo Q Exactive Orbitrap,Thermo Exactive Orbitrap,"Imtakt Cadenza CD-C18 (150 × 2.1 mm, 3 µm)",Reversed phase,positive,DG08,0,0,[],"[5.911756298389576, 1.8997970232146355, 0.8352077683368688, 0.786436835660025, 0.0291101931850102, -1.2719674451415115, 0.5779324402953561, 1.3261470969222824, 3.5757461815727307, 4.959645297234477, 0.9438194292416971, 3.2260173690780207, 1.0824742268041236]"
External A,train,WTHFD_mixpos__F19827,WTHFD_mixpos/WTHFD_mixpos__F19827.png,WTHFD_mixpos,ST003127,PR001944,Thermo Q Exactive Orbitrap,Thermo Exactive Orbitrap,"Imtakt Cadenza CD-C18 (150 × 2.1 mm, 3 µm)",Reversed phase,positive,DG08,0,0,[],"[2.0002157500589592, 0.9680095576012304, 0.3590284252245692, 0.1667597747112944, 0.2303551614620521, -0.3309514514499061, 0.972765807098914, 0.915628604595482, 0.5170234144030744, 3.0561078442705862, 0.9356416711711056, 2.872905595320056, 0.9333333333333332]"
External A,train,WTHFD_mixpos__F19866,WTHFD_mixpos/WTHFD_mixpos__F19866.png,WTHFD_mixpos,ST003127,PR001944,Thermo Q Exactive Orbitrap,Thermo Exactive Orbitrap,"Imtakt Cadenza CD-C18 (150 × 2.1 mm, 3 µm)",Reversed phase,positive,DG08,0,0,[],"[1.6667264328590057, 1.0822857143174285, 0.4496382562048646, 0.1467285300304544, 0.1051395513962857, -0.1472725884162678, 1.1343071958017412, 0.8480491993598465, 0.5793547578877958, 2.8790838469543694, 1.0215013248769922, 2.596791631981637, 0.9333333333333332]"
External A,train,WTHFD_mixpos__F19869,WTHFD_mixpos/WTHFD_mixpos__F19869.png,WTHFD_mixpos,ST003127,PR001944,Thermo Q Exactive Orbitrap,Thermo Exactive Orbitrap,"Imtakt Cadenza CD-C18 (150 × 2.1 mm, 3 µm)",Reversed phase,positive,DG08,1,1,"[[227.5, 84.3599033816425, 328.05555555555554, 403.75925925925924]]","[1.7354478656246857, 0.8100608827405962, 1.5687962879872333, 0.0802328518476999, 0.25973412898041, -1.6838465076657796, 1.007851158685273, 2.636671416892063, 0.2593325422592029, 5.0525405758418565, 0.1650274343261722, 4.842781233674522, 1.02]"
External A,train,WTHFD_mixpos__F19873,WTHFD_mixpos/WTHFD_mixpos__F19873.png,WTHFD_mixpos,ST003127,PR001944,Thermo Q Exactive Orbitrap,Thermo Exactive Orbitrap,"Imtakt Cadenza CD-C18 (150 × 2.1 mm, 3 µm)",Reversed phase,positive,DG08,1,1,"[[241.94444444444446, 84.35990338164248, 264.72222222222223, 403.75925925925924]]","[2.4961929644763994, 1.7955356373721518, 1.5218725692329969, 0.4379093069120688, 0.2550500600753783, -1.045703999226254, 1.1839886979559815, 1.863473105778902, 1.519193582289459, 3.324620178777673, 0.5270516175328134, 1.7498918734198723, 0.6]"
External A,train,WTHFD_mixpos__F19927,WTHFD_mixpos/WTHFD_mixpos__F19927.png,WTHFD_mixpos,ST003127,PR001944,Thermo Q Exactive Orbitrap,Thermo Exactive Orbitrap,"Imtakt Cadenza CD-C18 (150 × 2.1 mm, 3 µm)",Reversed phase,positive,DG08,1,1,"[[231.94444444444434, 84.35990338164248, 340.2777777777776, 403.75925925925924]]","[2.4892430236916487, 0.7491404709065315, 1.4104880135160578, 0.1560632043128438, 0.2956058637222758, -1.609924917963519, 1.0456040634268688, 2.282181065091339, 0.5637414379985233, 6.055410939111276, 0.1934250208717162, 5.765338345590598, 1.1538461538461535]"
External A,train,WTHFD_mixpos__F19935,WTHFD_mixpos/WTHFD_mixpos__F19935.png,WTHFD_mixpos,ST003127,PR001944,Thermo Q Exactive Orbitrap,Thermo Exactive Orbitrap,"Imtakt Cadenza CD-C18 (150 × 2.1 mm, 3 µm)",Reversed phase,positive,DG08,0,0,[],"[2.714867849368612, 1.173971021885855, 0.4233148655229657, 0.3208912393787293, 0.0445624979229979, -0.4198019679473467, 0.8527469186182717, 0.8009251468714875, 0.9148841503244036, 4.645232477846239, 1.053661040898623, 3.2612517532044247, 1.0545454545454545]"
External A,train,WTHFD_mixpos__F19973,WTHFD_mixpos/WTHFD_mixpos__F19973.png,WTHFD_mixpos,ST003127,PR001944,Thermo Q Exactive Orbitrap,Thermo Exactive Orbitrap,"Imtakt Cadenza CD-C18 (150 × 2.1 mm, 3 µm)",Reversed phase,positive,DG08,1,2,"[[246.94444444444457, 301.0524590522851, 301.388888888889, 403.75925925925924], [350.8333333333337, 84.3599033816425, 391.9444444444441, 403.75925925925924]]","[2.243662748708271, 1.292222376101496, 0.6777469252900813, 0.2899579024264133, 0.2769034272054737, -0.8901428673389651, 0.8120663896966398, 1.5932547677579791, 1.0774050051806623, 3.0073348961235467, 0.5871486167507366, 2.7463840917077524, 0.6842105263157895]"
External A,train,WTHFD_mixpos__F20071,WTHFD_mixpos/WTHFD_mixpos__F20071.png,WTHFD_mixpos,ST003127,PR001944,Thermo Q Exactive Orbitrap,Thermo Exactive Orbitrap,"Imtakt Cadenza CD-C18 (150 × 2.1 mm, 3 µm)",Reversed phase,positive,DG08,0,0,[],"[1.720022076406624, 0.7044453246501925, 0.4933641684174671, 0.0436886642293624, 0.0992819514772797, -0.269057221670214, 0.4773665829217637, 0.7524504119865195, -0.0727017445832672, 3.2082459789357807, 0.8803091795892345, 3.334679141051595, 0.9230769230769232]"
External A,train,WTHFD_mixpos__F20073,WTHFD_mixpos/WTHFD_mixpos__F20073.png,WTHFD_mixpos,ST003127,PR001944,Thermo Q Exactive Orbitrap,Thermo Exactive Orbitrap,"Imtakt Cadenza CD-C18 (150 × 2.1 mm, 3 µm)",Reversed phase,positive,DG08,1,1,"[[158.65337730098614, 84.35990338164248, 353.6111111111109, 403.75925925925924]]","[3.682444250556554, 1.4362304464201203, 1.884383081884229, 0.4975404497896184, 0.108560195688928, -2.7482215856229915, 1.0085168480767268, 3.4775295138828377, 2.061052948963908, 6.848202783518778, 0.1086951998458432, 5.624893619426894, 1.1747967479674797]"
External A,train,WTHFD_mixpos__F20138,WTHFD_mixpos/WTHFD_mixpos__F20138.png,WTHFD_mixpos,ST003127,PR001944,Thermo Q Exactive Orbitrap,Thermo Exactive Orbitrap,"Imtakt Cadenza CD-C18 (150 × 2.1 mm, 3 µm)",Reversed phase,positive,DG08,1,2,"[[224.16666666666646, 84.35990338164248, 274.16666666666634, 403.75925925925924], [83.05555555555553, 143.0665404787261, 103.61111111111074, 403.75925925925924]]","[2.4850041897416304, 1.381677343324076, 1.04847428472813, 0.3457141689644836, 0.1735673446292816, -1.0963219593689846, 1.044254171913228, 1.864448315686304, 1.1192420395623597, 4.704909217068943, 0.4501693170014463, 3.1211232026386364, 0.8115942028985508]"
External A,train,WTHFD_mixpos__F20159,WTHFD_mixpos/WTHFD_mixpos__F20159.png,WTHFD_mixpos,ST003127,PR001944,Thermo Q Exactive Orbitrap,Thermo Exactive Orbitrap,"Imtakt Cadenza CD-C18 (150 × 2.1 mm, 3 µm)",Reversed phase,positive,DG08,1,1,"[[228.61111111111086, 84.3599033816425, 346.23410837988797, 403.75925925925924]]","[2.9582025000616032, 1.7187184001383866, 2.530219311680614, 0.4831818424220789, 0.1443896137048467, -2.359170844455108, 0.3542928921407582, 3.321876290934219, 1.8694132958607337, 3.7622620001518863, 0.3184518032275904, 4.046381112945884, 0.8809523809523809]"
External A,train,WTHFD_mixpos__F20236,WTHFD_mixpos/WTHFD_mixpos__F20236.png,WTHFD_mixpos,ST003127,PR001944,Thermo Q Exactive Orbitrap,Thermo Exactive Orbitrap,"Imtakt Cadenza CD-C18 (150 × 2.1 mm, 3 µm)",Reversed phase,positive,DG08,1,1,"[[242.50000000000014, 84.35990338164248, 279.7222222222222, 403.75925925925924]]","[4.830144855978848, 3.1307761678518333, 1.3030857377768468, 0.906391679659424, 0.0611598273811862, -1.6743482538260026, 0.7235922764785641, 2.0748493170243183, 3.4447672581486453, 2.756705285507594, 0.5561947039285037, 0.8964714266705871, 0.1363636363636363]"
External A,train,WTHFD_mixpos__F20330,WTHFD_mixpos/WTHFD_mixpos__F20330.png,WTHFD_mixpos,ST003127,PR001944,Thermo Q Exactive Orbitrap,Thermo Exactive Orbitrap,"Imtakt Cadenza CD-C18 (150 × 2.1 mm, 3 µm)",Reversed phase,positive,DG08,1,1,"[[241.38888888888886, 84.35990338164251, 263.05555555555566, 403.75925925925924]]","[3.9920702015349656, 2.4467841832658004, 1.0537072333733697, 0.7310943319634933, 0.1226680995721761, -0.9348641341806052, 0.5942225259527513, 1.3516991248110817, 2.5369931545504025, 2.5196426382323702, 1.1721419653608616, 0.9847696187067432, 0.3157894736842105]"
External A,train,WTHFD_mixpos__F20335,WTHFD_mixpos/WTHFD_mixpos__F20335.png,WTHFD_mixpos,ST003127,PR001944,Thermo Q Exactive Orbitrap,Thermo Exactive Orbitrap,"Imtakt Cadenza CD-C18 (150 × 2.1 mm, 3 µm)",Reversed phase,positive,DG08,0,0,[],"[3.0888765378344423, 1.1820601888976237, 0.9009507381599188, 0.3665385653922275, 0.085586670578312, -0.6415673112568293, 0.9216455111052196, 1.0174027337670246, 1.2182791061105909, 3.581870838368228, 0.9471520144870064, 2.7732967821474688, 0.9230769230769232]"
External A,train,WTHFD_mixpos__F2035,WTHFD_mixpos/WTHFD_mixpos__F2035.png,WTHFD_mixpos,ST003127,PR001944,Thermo Q Exactive Orbitrap,Thermo Exactive Orbitrap,"Imtakt Cadenza CD-C18 (150 × 2.1 mm, 3 µm)",Reversed phase,positive,DG08,0,0,[],"[2.329080297454626, 1.0410055006621666, 0.149573794551798, 0.2335780053035567, 0.0571311557323102, -0.250045299712986, 0.8523334032468441, 0.6227621485340052, 0.3072224603243236, 5.422687005307782, 1.1665058501265169, 3.4907692492220943, 1.2413793103448276]"
External A,train,WTHFD_mixpos__F20364,WTHFD_mixpos/WTHFD_mixpos__F20364.png,WTHFD_mixpos,ST003127,PR001944,Thermo Q Exactive Orbitrap,Thermo Exactive Orbitrap,"Imtakt Cadenza CD-C18 (150 × 2.1 mm, 3 µm)",Reversed phase,positive,DG08,1,1,"[[211.3888888888888, 84.35990338164248, 338.0555555555555, 403.75925925925924]]","[2.290450741235655, 0.8291539379893241, 1.3888156770852282, 0.1612386308821441, 0.2732714528676158, -1.7234842527339092, 1.1193796995515612, 2.4815775903306547, 0.611331722059674, 6.372241072225688, 0.1742748632524915, 6.1882336709624575, 1.2083333333333333]"
External A,train,WTHFD_mixpos__F20392,WTHFD_mixpos/WTHFD_mixpos__F20392.png,WTHFD_mixpos,ST003127,PR001944,Thermo Q Exactive Orbitrap,Thermo Exactive Orbitrap,"Imtakt Cadenza CD-C18 (150 × 2.1 mm, 3 µm)",Reversed phase,positive,DG08,0,0,[],"[1.9955947365833229, 0.7250808533411299, 0.7636025297688921, 0.0875982116648327, 0.2968628150195389, -0.7848552986096838, 0.8709487445688006, 1.3791805503111023, -0.1266256618133624, 4.831473620772585, 0.4497273519404935, 4.303423200987019, 1.195121951219512]"
External A,train,WTHFD_mixpos__F20420,WTHFD_mixpos/WTHFD_mixpos__F20420.png,WTHFD_mixpos,ST003127,PR001944,Thermo Q Exactive Orbitrap,Thermo Exactive Orbitrap,"Imtakt Cadenza CD-C18 (150 × 2.1 mm, 3 µm)",Reversed phase,positive,DG08,0,0,[],"[2.2541388212538536, 1.0514020476074626, 0.5248887950445752, 0.2266007006302171, 0.0575122174374536, -0.2670678425429186, 0.7385795499725215, 0.6893106669963089, 0.6984278118622936, 3.4880015641603626, 1.0377921387590314, 2.949464302779404, 1.0]"
External A,train,WTHFD_mixpos__F20566,WTHFD_mixpos/WTHFD_mixpos__F20566.png,WTHFD_mixpos,ST003127,PR001944,Thermo Q Exactive Orbitrap,Thermo Exactive Orbitrap,"Imtakt Cadenza CD-C18 (150 × 2.1 mm, 3 µm)",Reversed phase,positive,DG08,0,0,[],"[2.4067593018039326, 0.978262612952794, 0.324629037654935, 0.2245903747325128, 0.0228740484179311, -0.2450843619967057, 0.8164332500477441, 0.5409354650336017, 0.5465964176447061, 4.839647717651547, 1.2204090727798511, 3.888157682018899, 1.1923076923076923]"
External A,train,WTHFD_mixpos__F20713,WTHFD_mixpos/WTHFD_mixpos__F20713.png,WTHFD_mixpos,ST003127,PR001944,Thermo Q Exactive Orbitrap,Thermo Exactive Orbitrap,"Imtakt Cadenza CD-C18 (150 × 2.1 mm, 3 µm)",Reversed phase,positive,DG08,0,0,[],"[2.946447131129169, 1.2382224408836389, 0.6649162506187105, 0.3662694755288946, 0.0379972624569894, -0.3062053673488035, 0.5672916906251062, 0.5323727243795648, 1.2560226338479097, 3.4520100899311106, 1.2073545569344162, 2.639627536341356, 1.16]"
External A,train,WTHFD_mixpos__F20726,WTHFD_mixpos/WTHFD_mixpos__F20726.png,WTHFD_mixpos,ST003127,PR001944,Thermo Q Exactive Orbitrap,Thermo Exactive Orbitrap,"Imtakt Cadenza CD-C18 (150 × 2.1 mm, 3 µm)",Reversed phase,positive,DG08,0,0,[],"[2.790045413543352, 1.0438303593463223, 0.81221989426966, 0.2914059400379575, 0.0732156087106464, -0.6224851767760119, 0.9249780498792304, 1.0704394453309622, 0.9103576274610838, 3.371800212895083, 0.9180574845955584, 2.695461844238322, 0.65]"
External A,train,WTHFD_mixpos__F20819,WTHFD_mixpos/WTHFD_mixpos__F20819.png,WTHFD_mixpos,ST003127,PR001944,Thermo Q Exactive Orbitrap,Thermo Exactive Orbitrap,"Imtakt Cadenza CD-C18 (150 × 2.1 mm, 3 µm)",Reversed phase,positive,DG08,1,2,"[[105.83333333333312, 84.35990338164247, 189.16666666666697, 403.75925925925924], [224.7222222222226, 299.93760471478527, 260.8333333333336, 403.75925925925924]]","[4.048917548862299, 2.828592953954326, 1.89402423672626, 0.7942349127093342, 0.0788861747582357, -1.5432139235753708, 0.8526966363294457, 2.072031637707454, 3.0650445654658003, 3.2867544691371164, 0.4470324732072429, 1.3784856559447332, 0.1733333333333333]"
External A,train,WTHFD_mixpos__F20886,WTHFD_mixpos/WTHFD_mixpos__F20886.png,WTHFD_mixpos,ST003127,PR001944,Thermo Q Exactive Orbitrap,Thermo Exactive Orbitrap,"Imtakt Cadenza CD-C18 (150 × 2.1 mm, 3 µm)",Reversed phase,positive,DG08,0,0,[],"[1.6420900649852397, 0.7127846612351095, 0.3070432000071579, 0.0355211126737844, 0.0471276129991861, -0.1147483140173823, 0.7655664449715913, 0.502801630098675, 0.0287890565161021, 4.103349587481157, 0.8462244891583771, 3.8197738350294776, 1.3333333333333333]"
External A,train,WTHFD_mixpos__F20942,WTHFD_mixpos/WTHFD_mixpos__F20942.png,WTHFD_mixpos,ST003127,PR001944,Thermo Q Exactive Orbitrap,Thermo Exactive Orbitrap,"Imtakt Cadenza CD-C18 (150 × 2.1 mm, 3 µm)",Reversed phase,positive,DG08,0,0,[],"[1.9640676200534648, 1.0211718685463524, 0.2145678324609195, 0.1769084980018488, 0.1142448832969291, -0.2114090413113862, 0.6382822157148266, 0.7220699630375784, 0.4674425002374721, 3.5057252420512883, 1.0928753808612166, 2.949464302779404, 0.9545454545454546]"
External A,train,WTHFD_mixpos__F20960,WTHFD_mixpos/WTHFD_mixpos__F20960.png,WTHFD_mixpos,ST003127,PR001944,Thermo Q Exactive Orbitrap,Thermo Exactive Orbitrap,"Imtakt Cadenza CD-C18 (150 × 2.1 mm, 3 µm)",Reversed phase,positive,DG08,1,4,"[[191.38888888888863, 113.74964631688542, 233.34369531468533, 403.75925925925924], [371.9444444444445, 86.76534187222103, 456.3888888888892, 403.75925925925924], [233.34369531468533, 84.35990338164251, 327.50000000000017, 403.75925925925924], [52.50000000000004, 319.0750171620453, 119.16666666666656, 403.75925925925924]]","[2.1789720328124647, 1.234501447239256, 1.4115943209876716, 0.2659897945913859, 0.2878950907432278, -1.5721127663637215, 0.9150116360383488, 2.494767081485225, 0.9428723431750748, 4.409022904869424, 0.2817154075361747, 4.584012370211934, 0.6304347826086957]"
External A,train,WTHFD_mixpos__F21035,WTHFD_mixpos/WTHFD_mixpos__F21035.png,WTHFD_mixpos,ST003127,PR001944,Thermo Q Exactive Orbitrap,Thermo Exactive Orbitrap,"Imtakt Cadenza CD-C18 (150 × 2.1 mm, 3 µm)",Reversed phase,positive,DG08,1,4,"[[238.05555555555532, 171.48116918392134, 261.17446720996486, 403.75925925925924], [261.17446720996486, 260.2385702002011, 283.6111111111112, 403.75925925925924], [350.83333333333314, 84.35990338164248, 363.05555555555577, 403.75925925925924], [406.3888888888893, 239.50617938332852, 420.83333333333354, 403.75925925925924]]","[2.072217950954631, 1.145877843506239, 1.301500555979217, 0.2271805483735516, 0.2082581952319015, -0.922117080920443, 0.8176753949267747, 1.7716427319951715, 0.9953087314730092, 3.3607913657128727, 0.5304445707991909, 3.0337781364463403, 0.5714285714285714]"
External A,train,WTHFD_mixpos__F211,WTHFD_mixpos/WTHFD_mixpos__F211.png,WTHFD_mixpos,ST003127,PR001944,Thermo Q Exactive Orbitrap,Thermo Exactive Orbitrap,"Imtakt Cadenza CD-C18 (150 × 2.1 mm, 3 µm)",Reversed phase,positive,DG08,0,0,[],"[4.173498495894215, 0.4457755595626873, 0.422540628631996, 0.1554033975927987, 0.0181265992817258, -0.9223755694187922, 0.478856221470976, 0.8037492703857974, 0.3541993854094822, 6.492779024498718, 0.4413792676365519, 5.763885788412112, 1.196078431372549]"
External A,train,WTHFD_mixpos__F2120,WTHFD_mixpos/WTHFD_mixpos__F2120.png,WTHFD_mixpos,ST003127,PR001944,Thermo Q Exactive Orbitrap,Thermo Exactive Orbitrap,"Imtakt Cadenza CD-C18 (150 × 2.1 mm, 3 µm)",Reversed phase,positive,DG08,1,1,"[[232.5, 84.35990338164248, 362.5, 403.75925925925924]]","[7.010563734256633, 1.9261552187089264, 1.898429305820874, 0.8604408449967653, 0.0749560072200472, -2.7404739277268195, 0.2393601025348539, 3.034819023059773, 5.354131204926093, 6.284682137230895, 0.2102549014994726, 4.001931497490292, 1.1851851851851851]"
External A,train,WTHFD_mixpos__F21201,WTHFD_mixpos/WTHFD_mixpos__F21201.png,WTHFD_mixpos,ST003127,PR001944,Thermo Q Exactive Orbitrap,Thermo Exactive Orbitrap,"Imtakt Cadenza CD-C18 (150 × 2.1 mm, 3 µm)",Reversed phase,positive,DG08,1,1,"[[241.38888888888877, 84.35990338164251, 261.94444444444434, 403.75925925925924]]","[1.9397437715990475, 1.3577712595083415, 1.1489620740604, 0.2593224608356768, 0.1676370527385773, -0.3709467136774729, 0.8173471342126837, 0.8664494849813691, 1.035434670560473, 1.539223352395498, 1.165169014427539, 1.5487949406953985, 0.625]"
External A,train,WTHFD_mixpos__F21354,WTHFD_mixpos/WTHFD_mixpos__F21354.png,WTHFD_mixpos,ST003127,PR001944,Thermo Q Exactive Orbitrap,Thermo Exactive Orbitrap,"Imtakt Cadenza CD-C18 (150 × 2.1 mm, 3 µm)",Reversed phase,positive,DG08,1,1,"[[235.27777777777774, 84.35990338164248, 319.16666666666634, 403.75925925925924]]","[5.5017405770811925, 1.8320179483902768, 1.6728666072748934, 0.7434818358966125, 0.145105337984465, -1.6777771403590491, 0.5583402873700076, 1.9325913623956263, 3.915189530871565, 4.837291990062697, 0.420568878614785, 4.450605320957341, 1.1875]"
External A,train,WTHFD_mixpos__F2154,WTHFD_mixpos/WTHFD_mixpos__F2154.png,WTHFD_mixpos,ST003127,PR001944,Thermo Q Exactive Orbitrap,Thermo Exactive Orbitrap,"Imtakt Cadenza CD-C18 (150 × 2.1 mm, 3 µm)",Reversed phase,positive,DG08,0,0,[],"[2.21289360215351, 1.0008922609894162, 0.2979634397776428, 0.2061331610795941, 0.0496729480538923, -0.2011456960745837, 0.7361975757118197, 0.5501405108856492, 0.3245884075440388, 4.409257308755851, 1.1791358992012988, 3.389000230095447, 1.170731707317073]"
External A,train,WTHFD_mixpos__F21565,WTHFD_mixpos/WTHFD_mixpos__F21565.png,WTHFD_mixpos,ST003127,PR001944,Thermo Q Exactive Orbitrap,Thermo Exactive Orbitrap,"Imtakt Cadenza CD-C18 (150 × 2.1 mm, 3 µm)",Reversed phase,positive,DG08,0,0,[],"[2.537345027558127, 1.0532355071103452, 0.7575769641264707, 0.263922570179001, 0.084296156221709, -0.5049138447282759, 0.9655032164460112, 0.9771472424600643, 0.7399097547181794, 3.4870511115652008, 1.0559177152641877, 2.949464302779404, 0.9545454545454546]"
External A,train,WTHFD_mixpos__F21615,WTHFD_mixpos/WTHFD_mixpos__F21615.png,WTHFD_mixpos,ST003127,PR001944,Thermo Q Exactive Orbitrap,Thermo Exactive Orbitrap,"Imtakt Cadenza CD-C18 (150 × 2.1 mm, 3 µm)",Reversed phase,positive,DG08,1,2,"[[226.9444444444443, 329.18209108001935, 297.4709023255816, 403.75925925925924], [297.4709023255816, 84.35990338164251, 406.3888888888887, 403.75925925925924]]","[3.535257704187723, 1.6463234543415897, 1.3610468943805725, 0.5327656931426589, 0.0991666309886785, -2.5090866986384954, 0.430643803850693, 3.335130072537186, 2.4016920492069054, 4.699373806792723, 0.2594455233233635, 4.590421884241178, 0.40625]"
External A,train,WTHFD_mixpos__F21619,WTHFD_mixpos/WTHFD_mixpos__F21619.png,WTHFD_mixpos,ST003127,PR001944,Thermo Q Exactive Orbitrap,Thermo Exactive Orbitrap,"Imtakt Cadenza CD-C18 (150 × 2.1 mm, 3 µm)",Reversed phase,positive,DG08,1,1,"[[248.0555555555555, 84.35990338164248, 282.5, 403.75925925925924]]","[2.6302272971942924, 1.4380873452402136, 0.9874536426806924, 0.3786246734852533, 0.1862805003562318, -0.6805305464719905, 0.8311069106722967, 1.3056656086124263, 1.333055300857641, 2.673328518805054, 0.9026501271115396, 2.055827901163964, 0.6666666666666666]"
External A,train,WTHFD_mixpos__F21681,WTHFD_mixpos/WTHFD_mixpos__F21681.png,WTHFD_mixpos,ST003127,PR001944,Thermo Q Exactive Orbitrap,Thermo Exactive Orbitrap,"Imtakt Cadenza CD-C18 (150 × 2.1 mm, 3 µm)",Reversed phase,positive,DG08,1,1,"[[240.83333333333357, 84.35990338164248, 273.61111111111114, 403.75925925925924]]","[2.271393670381686, 1.5513200306000263, 1.334655758452857, 0.3544598159016642, 0.2622952473410454, -1.2665357063326692, 0.4112856472975528, 2.306275208141818, 1.3309754365365123, 2.2209792966853312, 0.6462369283201748, 1.6922718656836109, 0.2666666666666666]"
External A,train,WTHFD_mixpos__F2169,WTHFD_mixpos/WTHFD_mixpos__F2169.png,WTHFD_mixpos,ST003127,PR001944,Thermo Q Exactive Orbitrap,Thermo Exactive Orbitrap,"Imtakt Cadenza CD-C18 (150 × 2.1 mm, 3 µm)",Reversed phase,positive,DG08,0,0,[],"[2.08664251741244, 0.5318751250886327, 0.4096120134489479, 0.0232181366563616, 0.1127339317951083, -0.4682357259878191, 0.6454327599646699, 0.7127570970080522, 0.3499351423445919, 4.780893722163266, 0.6123375317170854, 4.8125, 1.3125]"
External A,train,WTHFD_mixpos__F21712,WTHFD_mixpos/WTHFD_mixpos__F21712.png,WTHFD_mixpos,ST003127,PR001944,Thermo Q Exactive Orbitrap,Thermo Exactive Orbitrap,"Imtakt Cadenza CD-C18 (150 × 2.1 mm, 3 µm)",Reversed phase,positive,DG08,1,1,"[[246.9444444444444, 84.35990338164247, 287.4999999999999, 403.75925925925924]]","[2.296510619520905, 1.4310609460949852, 1.6999372083751294, 0.3310674281155324, 0.3374503441029282, -0.9797267078412706, 0.9061304361405732, 1.8037754565066189, 1.2713486921565724, 3.221324684778444, 0.5277352003825145, 2.719627536341356, 0.96]"
External A,train,WTHFD_mixpos__F21753,WTHFD_mixpos/WTHFD_mixpos__F21753.png,WTHFD_mixpos,ST003127,PR001944,Thermo Q Exactive Orbitrap,Thermo Exactive Orbitrap,"Imtakt Cadenza CD-C18 (150 × 2.1 mm, 3 µm)",Reversed phase,positive,DG08,0,0,[],"[2.033046244465408, 1.0361939618217657, 0.2561434277835401, 0.1912595700640805, 0.0130106502806789, -0.1021202215549999, 0.9173420749443406, 0.5010124679077853, 0.5572832097180919, 4.93146584310425, 1.162598952165634, 3.675669614248817, 1.2542372881355932]"
External A,train,WTHFD_mixpos__F21756,WTHFD_mixpos/WTHFD_mixpos__F21756.png,WTHFD_mixpos,ST003127,PR001944,Thermo Q Exactive Orbitrap,Thermo Exactive Orbitrap,"Imtakt Cadenza CD-C18 (150 × 2.1 mm, 3 µm)",Reversed phase,positive,DG08,0,0,[],"[2.531636327006033, 0.7178600178912266, 0.4261259727810746, 0.1488124255883227, 0.0490145048067234, -0.2952084973108382, 0.7019911758956123, 0.4092210489440702, 0.6424187112405026, 4.516302824211291, 0.9339501961216904, 4.386143391856654, 1.5161290322580645]"
External A,train,WTHFD_mixpos__F21791,WTHFD_mixpos/WTHFD_mixpos__F21791.png,WTHFD_mixpos,ST003127,PR001944,Thermo Q Exactive Orbitrap,Thermo Exactive Orbitrap,"Imtakt Cadenza CD-C18 (150 × 2.1 mm, 3 µm)",Reversed phase,positive,DG08,0,0,[],"[1.9028666484070715, 1.2135327465238293, 0.7826027881180807, 0.2186918375451986, 0.2280461867423022, -0.1142676898164991, 0.7530065252996357, 0.5800341791252978, 0.8107530095613205, 1.92866614745606, 1.6678669283975682, 1.8799649487271108, 1.2222222222222223]"
External A,train,WTHFD_mixpos__F21804,WTHFD_mixpos/WTHFD_mixpos__F21804.png,WTHFD_mixpos,ST003127,PR001944,Thermo Q Exactive Orbitrap,Thermo Exactive Orbitrap,"Imtakt Cadenza CD-C18 (150 × 2.1 mm, 3 µm)",Reversed phase,positive,DG08,1,1,"[[242.50000000000006, 84.35990338164248, 268.05555555555543, 403.75925925925924]]","[2.753070807827976, 1.8145461708181203, 1.2284397401224838, 0.4768007786259673, 0.1560629611583053, -1.4284358728843631, 0.642614012007005, 2.2663796242716066, 1.7952239377492445, 3.1292608706327463, 0.4921717902642601, 1.8510187230942288, 0.2352941176470588]"
External A,train,WTHFD_mixpos__F21869,WTHFD_mixpos/WTHFD_mixpos__F21869.png,WTHFD_mixpos,ST003127,PR001944,Thermo Q Exactive Orbitrap,Thermo Exactive Orbitrap,"Imtakt Cadenza CD-C18 (150 × 2.1 mm, 3 µm)",Reversed phase,positive,DG08,0,0,[],"[3.5943888389302723, 0.474970559121243, 0.8370685523361503, 0.131494978100739, 0.0687346471577808, -0.9589724704892364, 0.6312003525298431, 0.9429982860547664, 1.0639890459604104, 4.616896051575083, 0.4231492771154604, 4.735926350629035, 1.1428571428571428]"
External A,train,WTHFD_mixpos__F21873,WTHFD_mixpos/WTHFD_mixpos__F21873.png,WTHFD_mixpos,ST003127,PR001944,Thermo Q Exactive Orbitrap,Thermo Exactive Orbitrap,"Imtakt Cadenza CD-C18 (150 × 2.1 mm, 3 µm)",Reversed phase,positive,DG08,0,0,[],"[2.535863165459093, 0.3622019979684234, 0.3512096289833647, -0.0180693907469871, 0.1547078126538159, -0.7083956991129443, 0.6290827526846638, 0.7035418175923003, 0.3279689304800265, 4.695005855194688, 0.3939605108542863, 4.807354922057606, 1.2857142857142858]"
External A,train,WTHFD_mixpos__F22005,WTHFD_mixpos/WTHFD_mixpos__F22005.png,WTHFD_mixpos,ST003127,PR001944,Thermo Q Exactive Orbitrap,Thermo Exactive Orbitrap,"Imtakt Cadenza CD-C18 (150 × 2.1 mm, 3 µm)",Reversed phase,positive,DG08,0,0,[],"[2.359096326626561, 0.6192385748341473, 0.4881054382152893, 0.0900539901716003, 0.1097822703032612, -1.0343222761449475, 0.8366974385839359, 1.5464473921358222, -0.2567115279250425, 6.479388570791235, 0.3305461556944907, 5.628841506873936, 1.2393162393162394]"
External A,train,WTHFD_mixpos__F22063,WTHFD_mixpos/WTHFD_mixpos__F22063.png,WTHFD_mixpos,ST003127,PR001944,Thermo Q Exactive Orbitrap,Thermo Exactive Orbitrap,"Imtakt Cadenza CD-C18 (150 × 2.1 mm, 3 µm)",Reversed phase,positive,DG08,1,1,"[[236.77419354838696, 84.35990338164248, 275.4838709677423, 403.75925925925924]]","[2.267681032829062, 1.1898401500027531, 1.442203775346352, 0.2669578080260544, 0.2200698288644313, -0.7093625010804299, 0.8244043117303181, 1.377832761124739, 0.877583866639726, 3.011626027602832, 0.7092659779937835, 2.584962500721156, 0.8888888888888888]"
External A,train,WTHFD_mixpos__F22115,WTHFD_mixpos/WTHFD_mixpos__F22115.png,WTHFD_mixpos,ST003127,PR001944,Thermo Q Exactive Orbitrap,Thermo Exactive Orbitrap,"Imtakt Cadenza CD-C18 (150 × 2.1 mm, 3 µm)",Reversed phase,positive,DG08,0,0,[],"[1.537103631393919, 0.7817659606171684, 0.4720280247090158, 0.0417193288061775, 0.3819387051472281, -0.097953823769078, 0.5410977057212668, 0.51757401664443, -0.0953809110905503, 1.950673762900466, 1.140924991906437, 2.2516291673878226, 1.0]"
External A,train,WTHFD_mixpos__F22131,WTHFD_mixpos/WTHFD_mixpos__F22131.png,WTHFD_mixpos,ST003127,PR001944,Thermo Q Exactive Orbitrap,Thermo Exactive Orbitrap,"Imtakt Cadenza CD-C18 (150 × 2.1 mm, 3 µm)",Reversed phase,positive,DG08,0,0,[],"[2.265076871294318, 0.8474233150815256, 0.4122605275262465, 0.164275352765109, 0.1961921326040988, -0.3627326923618763, 0.7565503980344772, 0.7004119217916648, 0.3040875745951238, 4.359204672559335, 0.8076084062383327, 3.8306441858732936, 1.0909090909090908]"
External A,train,WTHFD_mixpos__F22157,WTHFD_mixpos/WTHFD_mixpos__F22157.png,WTHFD_mixpos,ST003127,PR001944,Thermo Q Exactive Orbitrap,Thermo Exactive Orbitrap,"Imtakt Cadenza CD-C18 (150 × 2.1 mm, 3 µm)",Reversed phase,positive,DG08,1,1,"[[207.1751271891894, 84.35990338164247, 339.16666666666674, 403.7592592592593]]","[2.303010572645696, 1.375226199586081, 2.748761998899928, 0.3188102298037701, 0.2135732804989532, -2.510302177773496, 0.4617254881129562, 3.65176870505654, 1.3395142964940725, 4.02540861706005, 0.2255345973169479, 4.5739896062215655, 0.1842105263157894]"
External A,train,WTHFD_mixpos__F22179,WTHFD_mixpos/WTHFD_mixpos__F22179.png,WTHFD_mixpos,ST003127,PR001944,Thermo Q Exactive Orbitrap,Thermo Exactive Orbitrap,"Imtakt Cadenza CD-C18 (150 × 2.1 mm, 3 µm)",Reversed phase,positive,DG08,0,0,[],"[1.4121060325957373, 1.0379649742970924, 0.4858688084723433, 0.090913163645596, 0.1594383614254771, 0.0106339081769869, 1.1376830217425775, 0.4768243156176071, 0.2152990426646908, 3.2930998393844866, 1.2737938210644035, 2.660964047443681, 1.1]"
External A,train,WTHFD_mixpos__F22182,WTHFD_mixpos/WTHFD_mixpos__F22182.png,WTHFD_mixpos,ST003127,PR001944,Thermo Q Exactive Orbitrap,Thermo Exactive Orbitrap,"Imtakt Cadenza CD-C18 (150 × 2.1 mm, 3 µm)",Reversed phase,positive,DG08,0,0,[],"[2.703937963542248, 0.7679708796547806, 0.9498741829292208, 0.1870333631558437, 0.1612963264795736, -1.099477005060723, 1.074187903271065, 1.6339051359896546, 0.3861862633274037, 6.0644899020244845, 0.3880664854822684, 5.361363435537911, 1.25]"
External A,train,WTHFD_mixpos__F22248,WTHFD_mixpos/WTHFD_mixpos__F22248.png,WTHFD_mixpos,ST003127,PR001944,Thermo Q Exactive Orbitrap,Thermo Exactive Orbitrap,"Imtakt Cadenza CD-C18 (150 × 2.1 mm, 3 µm)",Reversed phase,positive,DG08,1,2,"[[227.28125867747147, 84.35990338164248, 374.5092526774721, 403.75925925925924], [155.9788991944449, 258.58963319014606, 227.28125867747147, 403.75925925925924]]","[3.500644972565612, 1.7937715398902612, 2.1361674811260145, 0.5610630425261841, 0.1049521338512114, -2.6238723896917686, 0.15510984289048, 3.490917088283103, 2.377290039353523, 4.130255484881847, 0.2937370196987354, 4.313911371086314, 0.7450980392156863]"
External A,train,WTHFD_mixpos__F22268,WTHFD_mixpos/WTHFD_mixpos__F22268.png,WTHFD_mixpos,ST003127,PR001944,Thermo Q Exactive Orbitrap,Thermo Exactive Orbitrap,"Imtakt Cadenza CD-C18 (150 × 2.1 mm, 3 µm)",Reversed phase,positive,DG08,0,0,[],"[3.540562472352086, 0.9727676729387288, 0.5663594692605649, 0.3467581970047427, 0.0565060535585459, -0.8303960810286933, 0.8836437165931909, 1.041735320725394, 1.0301181183602557, 4.946567573628875, 0.6267790514276512, 4.341375769633845, 1.150943396226415]"
External A,train,WTHFD_mixpos__F223,WTHFD_mixpos/WTHFD_mixpos__F223.png,WTHFD_mixpos,ST003127,PR001944,Thermo Q Exactive Orbitrap,Thermo Exactive Orbitrap,"Imtakt Cadenza CD-C18 (150 × 2.1 mm, 3 µm)",Reversed phase,positive,DG08,0,0,[],"[1.7012283533628825, 0.5633953477810603, 0.3379760130065856, -0.0091143717997447, 0.1988973363571992, -0.279534938282993, 0.7389115484876354, 0.5723562015366074, -0.5509681848591026, 4.464359223494252, 0.6412539113263898, 4.321296333684861, 1.4285714285714286]"
External A,train,WTHFD_mixpos__F22337,WTHFD_mixpos/WTHFD_mixpos__F22337.png,WTHFD_mixpos,ST003127,PR001944,Thermo Q Exactive Orbitrap,Thermo Exactive Orbitrap,"Imtakt Cadenza CD-C18 (150 × 2.1 mm, 3 µm)",Reversed phase,positive,DG08,1,3,"[[60.83333333333323, 306.65129828947613, 129.72222222222223, 403.75925925925924], [219.72222222222229, 306.78641720022614, 306.94444444444434, 403.75925925925924], [329.1666666666665, 293.935464841493, 385.27777777777777, 403.75925925925924]]","[1.96825905165082, 0.9905067288986518, 0.6672603565892214, 0.168729276405108, 0.1312673328108477, -0.7288499162349656, 0.7918744429277481, 1.3020095180465407, 0.6403389835425913, 4.063766119054258, 0.5110075917746479, 3.63843233544151, 0.8333333333333334]"
External A,train,WTHFD_mixpos__F22340,WTHFD_mixpos/WTHFD_mixpos__F22340.png,WTHFD_mixpos,ST003127,PR001944,Thermo Q Exactive Orbitrap,Thermo Exactive Orbitrap,"Imtakt Cadenza CD-C18 (150 × 2.1 mm, 3 µm)",Reversed phase,positive,DG08,1,1,"[[218.61111111111092, 84.35990338164248, 359.1666666666668, 403.75925925925924]]","[3.0997224536431225, 1.3182677983359348, 1.6843395000273478, 0.4053689277385292, 0.1316562264649439, -2.252452768097976, 0.9525955349443072, 3.0328143284241253, 1.4594117955264, 6.144185328094222, 0.1672445735985067, 5.019618385401547, 0.9230769230769232]"
External A,train,WTHFD_mixpos__F22528,WTHFD_mixpos/WTHFD_mixpos__F22528.png,WTHFD_mixpos,ST003127,PR001944,Thermo Q Exactive Orbitrap,Thermo Exactive Orbitrap,"Imtakt Cadenza CD-C18 (150 × 2.1 mm, 3 µm)",Reversed phase,positive,DG08,1,2,"[[235.83333333333314, 84.35990338164247, 266.10891161048727, 403.75925925925924], [266.10891161048727, 243.2757424717, 285.83333333333314, 403.75925925925924]]","[2.2528757088139013, 1.233351257460282, 1.2138976840783118, 0.2762994405660117, 0.2232227022369805, -0.7217407486264229, 1.0471846777918892, 1.4532286539930306, 0.9787947246219288, 3.180906731546793, 0.6241192991115415, 2.580234193968747, 0.7619047619047619]"
External A,train,WTHFD_mixpos__F22559,WTHFD_mixpos/WTHFD_mixpos__F22559.png,WTHFD_mixpos,ST003127,PR001944,Thermo Q Exactive Orbitrap,Thermo Exactive Orbitrap,"Imtakt Cadenza CD-C18 (150 × 2.1 mm, 3 µm)",Reversed phase,positive,DG08,1,3,"[[244.1666666666667, 178.0236919368196, 275.2777777777777, 403.75925925925924], [213.0555555555557, 285.61433897461245, 232.5, 403.75925925925924], [334.72222222222183, 84.35990338164248, 347.4999999999999, 403.75925925925924]]","[1.55900813116978, 0.8199600104440781, 1.0916444421135385, 0.056585551071101, 0.3876291411162759, -0.8687749656592129, 0.5747033134630556, 1.7725466705073332, 0.0695712524537572, 2.917127552960708, 0.445802757564723, 2.9182958340544896, 0.5]"
External A,train,WTHFD_mixpos__F22569,WTHFD_mixpos/WTHFD_mixpos__F22569.png,WTHFD_mixpos,ST003127,PR001944,Thermo Q Exactive Orbitrap,Thermo Exactive Orbitrap,"Imtakt Cadenza CD-C18 (150 × 2.1 mm, 3 µm)",Reversed phase,positive,DG08,1,3,"[[277.1379999999998, 84.3599033816425, 330.8333333333334, 403.75925925925924], [66.38888888888886, 222.83470944275933, 98.61111111111114, 403.75925925925924], [240.42114695340516, 349.0770036094696, 277.1379999999998, 403.75925925925924]]","[2.3969365054495224, 1.397601126901917, 2.274950970462852, 0.3374553836854066, 0.2163940264532205, -2.134690047835411, 0.4904883245587985, 3.185912995985925, 1.3463061086147765, 3.7658516825443833, 0.3052643377283681, 3.680165331217427, 0.3636363636363636]"
External A,train,WTHFD_mixpos__F22590,WTHFD_mixpos/WTHFD_mixpos__F22590.png,WTHFD_mixpos,ST003127,PR001944,Thermo Q Exactive Orbitrap,Thermo Exactive Orbitrap,"Imtakt Cadenza CD-C18 (150 × 2.1 mm, 3 µm)",Reversed phase,positive,DG08,0,0,[],"[5.05574188359432, 1.0529834234745727, 0.6638939036803885, 0.4999352465111586, 0.0204535666970203, -0.8423257931496303, 0.4031599245140108, 0.7700681950172407, 1.8414223538076744, 5.3206455256474205, 0.759507369983994, 4.100948332361314, 1.1666666666666667]"
External A,train,WTHFD_mixpos__F22622,WTHFD_mixpos/WTHFD_mixpos__F22622.png,WTHFD_mixpos,ST003127,PR001944,Thermo Q Exactive Orbitrap,Thermo Exactive Orbitrap,"Imtakt Cadenza CD-C18 (150 × 2.1 mm, 3 µm)",Reversed phase,positive,DG08,1,1,"[[221.94444444444483, 84.3599033816425, 293.61111111111074, 403.75925925925924]]","[1.8520008367507523, 1.044603182337728, 2.3083982982087266, 0.1665198007152983, 0.322150610340184, -2.1511537078644425, 0.5109197304158211, 3.325891008456316, 0.7154144011194414, 3.656502846162942, 0.2656875970894405, 4.175735869100492, 0.217391304347826]"
External A,train,WTHFD_mixpos__F2277,WTHFD_mixpos/WTHFD_mixpos__F2277.png,WTHFD_mixpos,ST003127,PR001944,Thermo Q Exactive Orbitrap,Thermo Exactive Orbitrap,"Imtakt Cadenza CD-C18 (150 × 2.1 mm, 3 µm)",Reversed phase,positive,DG08,0,0,[],"[4.493871935518001, 0.533424010154803, 0.2630744510019844, 0.2300833456604325, 0.0046957245354019, -0.9643173549126014, 0.7286009978271948, 0.8937972841297896, 0.594002813722903, 7.984358831573882, 0.4668688957715246, 6.3659461601699805, 1.37123745819398]"
External A,train,WTHFD_mixpos__F22778,WTHFD_mixpos/WTHFD_mixpos__F22778.png,WTHFD_mixpos,ST003127,PR001944,Thermo Q Exactive Orbitrap,Thermo Exactive Orbitrap,"Imtakt Cadenza CD-C18 (150 × 2.1 mm, 3 µm)",Reversed phase,positive,DG08,1,1,"[[208.81720430107512, 89.76543653936913, 246.98924731182805, 403.75925925925924]]","[2.2854337148147046, 1.2889256802498918, 0.468265894393359, 0.2951000324125556, 0.0383194380301895, -0.3278032484059123, 1.1117960227173511, 0.8964065617727895, 1.3104600716847896, 3.529137354891968, 0.9897496496547944, 3.236834033333005, 0.8846153846153846]"
External A,train,WTHFD_mixpos__F22840,WTHFD_mixpos/WTHFD_mixpos__F22840.png,WTHFD_mixpos,ST003127,PR001944,Thermo Q Exactive Orbitrap,Thermo Exactive Orbitrap,"Imtakt Cadenza CD-C18 (150 × 2.1 mm, 3 µm)",Reversed phase,positive,DG08,1,1,"[[224.7222222222226, 84.35990338164251, 279.1666666666665, 403.7592592592593]]","[2.586001802817308, 1.4091070656270568, 1.923416711715296, 0.3658578586022544, 0.2232339215838834, -1.433308583920588, 0.7866701512746639, 2.1011083694032022, 1.111013862279008, 3.470150625787331, 0.3748667476257265, 2.3506278344053224, 0.4193548387096774]"
External A,train,WTHFD_mixpos__F22883,WTHFD_mixpos/WTHFD_mixpos__F22883.png,WTHFD_mixpos,ST003127,PR001944,Thermo Q Exactive Orbitrap,Thermo Exactive Orbitrap,"Imtakt Cadenza CD-C18 (150 × 2.1 mm, 3 µm)",Reversed phase,positive,DG08,1,2,"[[211.94444444444457, 84.35990338164251, 276.94444444444446, 403.75925925925924], [102.9032258064515, 351.82955254106804, 155.05376344086017, 403.75925925925924]]","[2.559313703322558, 1.4378297058518064, 2.01718151653528, 0.3692026120830623, 0.2088538347605407, -1.551229722031334, 0.8349379982709118, 2.3996083378387523, 1.2859337831119626, 3.5624619280816128, 0.3692647184275601, 2.828535365585757, 0.375]"
External A,train,WTHFD_mixpos__F22896,WTHFD_mixpos/WTHFD_mixpos__F22896.png,WTHFD_mixpos,ST003127,PR001944,Thermo Q Exactive Orbitrap,Thermo Exactive Orbitrap,"Imtakt Cadenza CD-C18 (150 × 2.1 mm, 3 µm)",Reversed phase,positive,DG08,1,1,"[[225.27777777777771, 84.3599033816425, 278.05555555555554, 403.75925925925924]]","[1.8372208016654987, 1.086766138949047, 2.18403418630806, 0.1756030341838614, 0.3581139251509735, -1.316901635250443, 0.8801960384825116, 2.297861354193948, 0.5809599903328382, 3.3772825286984465, 0.342667689049675, 3.0337781364463403, 0.5714285714285714]"
External A,train,WTHFD_mixpos__F23085,WTHFD_mixpos/WTHFD_mixpos__F23085.png,WTHFD_mixpos,ST003127,PR001944,Thermo Q Exactive Orbitrap,Thermo Exactive Orbitrap,"Imtakt Cadenza CD-C18 (150 × 2.1 mm, 3 µm)",Reversed phase,positive,DG08,0,0,[],"[2.5161740136469133, 1.13395804605341, 0.3820380139919656, 0.2847955873507111, 0.0294628612493327, -0.0501680872758215, 0.7117174072925837, 0.0277558735787175, 0.7666114433225766, 4.319276529950587, 1.588675960348269, 3.098183461445806, 1.6046511627906976]"
External A,train,WTHFD_mixpos__F23110,WTHFD_mixpos/WTHFD_mixpos__F23110.png,WTHFD_mixpos,ST003127,PR001944,Thermo Q Exactive Orbitrap,Thermo Exactive Orbitrap,"Imtakt Cadenza CD-C18 (150 × 2.1 mm, 3 µm)",Reversed phase,positive,DG08,0,0,[],"[4.170709050559466, 0.9210196385430688, 0.6316485058673994, 0.3839324430087474, 0.0380057854686382, -0.8267867068738716, 0.8578106055383669, 0.940369140680646, 2.4206127689720014, 5.252696315774325, 0.5411226723772029, 5.067174227984824, 1.2830188679245282]"
External A,train,WTHFD_mixpos__F23176,WTHFD_mixpos/WTHFD_mixpos__F23176.png,WTHFD_mixpos,ST003127,PR001944,Thermo Q Exactive Orbitrap,Thermo Exactive Orbitrap,"Imtakt Cadenza CD-C18 (150 × 2.1 mm, 3 µm)",Reversed phase,positive,DG08,0,0,[],"[5.548285906853312, 0.3873149281157443, 0.5262291253363223, 0.197133556578239, 0.0116542261420446, -1.0892814301639904, 0.457680948464916, 0.8832692978170107, 2.3190157574876262, 6.85002671001003, 0.3229157631861656, 5.958013822983135, 1.4146341463414631]"
External A,train,WTHFD_mixpos__F2321,WTHFD_mixpos/WTHFD_mixpos__F2321.png,WTHFD_mixpos,ST003127,PR001944,Thermo Q Exactive Orbitrap,Thermo Exactive Orbitrap,"Imtakt Cadenza CD-C18 (150 × 2.1 mm, 3 µm)",Reversed phase,positive,DG08,0,0,[],"[2.992721429769991, 0.5033501478768593, 0.2950468758459443, 0.098018094518584, 0.0461316004613715, -0.7682973992546196, 0.6380804837147209, 0.8812678648828249, 1.1448504880038357, 5.750047394256204, 0.4547263905554604, 5.145912698531292, 1.2459016393442623]"
External A,train,WTHFD_mixpos__F23214,WTHFD_mixpos/WTHFD_mixpos__F23214.png,WTHFD_mixpos,ST003127,PR001944,Thermo Q Exactive Orbitrap,Thermo Exactive Orbitrap,"Imtakt Cadenza CD-C18 (150 × 2.1 mm, 3 µm)",Reversed phase,positive,DG08,1,2,"[[299.87156764016714, 84.35990338164248, 351.290322580645, 403.75925925925924], [219.16666666666669, 153.03198924224307, 299.87156764016714, 403.75925925925924]]","[2.5923082235894768, 0.3926921774825257, 0.6424969449321745, 0.0038866814511718, 0.179253236306668, -1.2531009279357006, 0.8794095518299705, 1.7215073872010214, 0.6776399649577592, 5.177748142387161, 0.2026337608462861, 5.285402218862248, 0.717948717948718]"
External A,train,WTHFD_mixpos__F23279,WTHFD_mixpos/WTHFD_mixpos__F23279.png,WTHFD_mixpos,ST003127,PR001944,Thermo Q Exactive Orbitrap,Thermo Exactive Orbitrap,"Imtakt Cadenza CD-C18 (150 × 2.1 mm, 3 µm)",Reversed phase,positive,DG08,1,2,"[[233.6111111111113, 84.3599033816425, 306.7563477142858, 403.75925925925924], [306.7563477142858, 264.0126711939022, 372.4999999999999, 403.75925925925924]]","[2.8884914335619745, 1.212275676368309, 1.0852324621004892, 0.3523415282460793, 0.1456807168231858, -2.071783010276315, 0.4687684067775737, 2.9355298609324336, 1.3424853883436534, 4.330091076585334, 0.3281955761608704, 3.989119898866031, 0.2926829268292683]"
External A,train,WTHFD_mixpos__F2332,WTHFD_mixpos/WTHFD_mixpos__F2332.png,WTHFD_mixpos,ST003127,PR001944,Thermo Q Exactive Orbitrap,Thermo Exactive Orbitrap,"Imtakt Cadenza CD-C18 (150 × 2.1 mm, 3 µm)",Reversed phase,positive,DG08,0,0,[],"[2.4019070556801463, 1.1361835352451042, 0.4751621589765945, 0.270563232043804, 0.0822865453930221, -0.1356271582092166, 0.7947086924940802, 0.4013879184694349, 0.7916116191367845, 3.487198067822893, 1.351755353083043, 2.709147917027245, 1.2083333333333333]"
External A,train,WTHFD_mixpos__F23330,WTHFD_mixpos/WTHFD_mixpos__F23330.png,WTHFD_mixpos,ST003127,PR001944,Thermo Q Exactive Orbitrap,Thermo Exactive Orbitrap,"Imtakt Cadenza CD-C18 (150 × 2.1 mm, 3 µm)",Reversed phase,positive,DG08,1,3,"[[132.19902717983305, 176.00514394143588, 174.166666666667, 403.75925925925924], [314.1666666666664, 84.35990338164248, 439.7222222222219, 403.75925925925924], [233.05555555555537, 322.3029796103712, 299.1666666666668, 403.75925925925924]]","[2.698703830374515, 1.0466885946088056, 1.1843535960497975, 0.2815676662642398, 0.1660465601891104, -1.2846276240543686, 0.758345383939012, 1.823702011953845, 1.1092117409827016, 4.1762260132380815, 0.4614094757039791, 4.045958593344349, 1.03125]"
External A,train,WTHFD_mixpos__F23369,WTHFD_mixpos/WTHFD_mixpos__F23369.png,WTHFD_mixpos,ST003127,PR001944,Thermo Q Exactive Orbitrap,Thermo Exactive Orbitrap,"Imtakt Cadenza CD-C18 (150 × 2.1 mm, 3 µm)",Reversed phase,positive,DG08,0,0,[],"[2.204140827147042, 1.1033773913762484, 0.553577278397044, 0.2345171767212029, 0.0866900870899514, -0.1533237618541973, 0.8315366108777345, 0.5175182298876895, 0.880921456297964, 3.16118203977956, 1.28939229151857, 2.836591668108979, 1.0]"
External A,train,WTHFD_mixpos__F23507,WTHFD_mixpos/WTHFD_mixpos__F23507.png,WTHFD_mixpos,ST003127,PR001944,Thermo Q Exactive Orbitrap,Thermo Exactive Orbitrap,"Imtakt Cadenza CD-C18 (150 × 2.1 mm, 3 µm)",Reversed phase,positive,DG08,0,0,[],"[1.8800999055512, 0.9346356355613572, 0.470257108216924, 0.1394395925615122, 0.1064686534852528, -0.3182303471118651, 0.7951994656101122, 0.7453914181728646, 0.5669275962051593, 3.5477147990251585, 0.9423240875678504, 3.2393538721672006, 1.1]"
External A,train,WTHFD_mixpos__F23550,WTHFD_mixpos/WTHFD_mixpos__F23550.png,WTHFD_mixpos,ST003127,PR001944,Thermo Q Exactive Orbitrap,Thermo Exactive Orbitrap,"Imtakt Cadenza CD-C18 (150 × 2.1 mm, 3 µm)",Reversed phase,positive,DG08,0,0,[],"[1.7644256067809638, 0.3263004059704505, 0.4272200183061312, -0.1035474226670833, 0.3980701478295975, -0.3418651588548217, 0.4479416214907362, 0.7926475757702379, 0.4690179063901079, 2.7308256832468145, 0.4344066394702582, 2.807354922057604, 0.8571428571428571]"
External A,train,WTHFD_mixpos__F23833,WTHFD_mixpos/WTHFD_mixpos__F23833.png,WTHFD_mixpos,ST003127,PR001944,Thermo Q Exactive Orbitrap,Thermo Exactive Orbitrap,"Imtakt Cadenza CD-C18 (150 × 2.1 mm, 3 µm)",Reversed phase,positive,DG08,1,1,"[[217.5000000000001, 84.35990338164248, 337.49999999999966, 403.75925925925924]]","[2.659323888855764, 1.472928065922053, 2.274900049529146, 0.3906695760025243, 0.17307342201208, -2.561926820723755, 0.3557895649590774, 3.61779417932694, 1.461256352102438, 3.944175383890365, 0.2594450341050324, 4.015311532225102, 0.5]"
External A,train,WTHFD_mixpos__F23862,WTHFD_mixpos/WTHFD_mixpos__F23862.png,WTHFD_mixpos,ST003127,PR001944,Thermo Q Exactive Orbitrap,Thermo Exactive Orbitrap,"Imtakt Cadenza CD-C18 (150 × 2.1 mm, 3 µm)",Reversed phase,positive,DG08,0,0,[],"[1.828200738064067, 0.7205042912893447, 0.8190914620109052, 0.0639384865308091, 0.2395790447952455, -0.1660529638599787, 0.0951465370606811, 0.0684622476226042, 0.785528299663422, 2.384277380322655, 1.0446831487257415, 2.807354922057604, 1.4285714285714286]"
External A,train,WTHFD_mixpos__F23866,WTHFD_mixpos/WTHFD_mixpos__F23866.png,WTHFD_mixpos,ST003127,PR001944,Thermo Q Exactive Orbitrap,Thermo Exactive Orbitrap,"Imtakt Cadenza CD-C18 (150 × 2.1 mm, 3 µm)",Reversed phase,positive,DG08,0,0,[],"[2.1952347153911007, 0.8624157264389424, 0.6022131493064957, 0.1603492025643199, 0.120365318749684, -0.582972248692486, 0.7866009132755694, 1.056818398157171, 0.7013016745594333, 4.1379652497633055, 0.7576752807112094, 4.1804513908921015, 1.1851851851851851]"
External A,train,WTHFD_mixpos__F24054,WTHFD_mixpos/WTHFD_mixpos__F24054.png,WTHFD_mixpos,ST003127,PR001944,Thermo Q Exactive Orbitrap,Thermo Exactive Orbitrap,"Imtakt Cadenza CD-C18 (150 × 2.1 mm, 3 µm)",Reversed phase,positive,DG08,1,2,"[[48.055555555555685, 84.35990338164248, 112.49999999999983, 403.75925925925924], [228.05555555555543, 336.286822681731, 287.50000000000017, 403.75925925925924]]","[1.7934423893037523, 1.0644989173604698, 1.7380566160423772, 0.1627312644798852, 0.3737127412680004, -0.9789882137148512, 0.9844757513407968, 1.8939185371021363, 0.4343160249239127, 3.64006059797589, 0.3798948861814103, 3.1217062775743125, 0.8]"
External A,train,WTHFD_mixpos__F24070,WTHFD_mixpos/WTHFD_mixpos__F24070.png,WTHFD_mixpos,ST003127,PR001944,Thermo Q Exactive Orbitrap,Thermo Exactive Orbitrap,"Imtakt Cadenza CD-C18 (150 × 2.1 mm, 3 µm)",Reversed phase,positive,DG08,0,0,[],"[4.08004745282978, 0.632518187947756, 1.0002670459701395, 0.2529384526223744, 0.1906155034888487, -1.1906662600160864, 0.9673480604474592, 1.4963475876134005, 2.493765552845523, 6.642879256767586, 0.3102280058001257, 5.624578732567525, 1.396551724137931]"
External A,train,WTHFD_mixpos__F24144,WTHFD_mixpos/WTHFD_mixpos__F24144.png,WTHFD_mixpos,ST003127,PR001944,Thermo Q Exactive Orbitrap,Thermo Exactive Orbitrap,"Imtakt Cadenza CD-C18 (150 × 2.1 mm, 3 µm)",Reversed phase,positive,DG08,1,3,"[[222.4626321979165, 279.45387367950786, 283.61111111111103, 403.75925925925924], [396.3204591875005, 84.35990338164248, 457.49999999999983, 403.75925925925924], [310.27777777777794, 163.24154471578734, 396.3204591875005, 403.75925925925924]]","[1.8719066293386373, 0.6505061812219253, 1.1100477856031608, 0.0448702223084847, 0.417729354229458, -0.7421215322202803, 1.0587838570016113, 1.3193487827959365, -0.1903303967904671, 4.374306509380146, 0.3856491948002877, 4.253434386188785, 1.0357142857142858]"
External A,train,WTHFD_mixpos__F24167,WTHFD_mixpos/WTHFD_mixpos__F24167.png,WTHFD_mixpos,ST003127,PR001944,Thermo Q Exactive Orbitrap,Thermo Exactive Orbitrap,"Imtakt Cadenza CD-C18 (150 × 2.1 mm, 3 µm)",Reversed phase,positive,DG08,0,0,[],"[1.969202292607936, 1.0706547988332802, 0.4380777296717262, 0.1914979465380209, 0.1084203900184572, -0.1330648111547496, 0.7923784851518363, 0.6237701913424315, 0.5504482947920467, 3.0683358867351727, 1.1747740949562753, 2.6756981353679867, 1.0588235294117647]"
External A,train,WTHFD_mixpos__F24181,WTHFD_mixpos/WTHFD_mixpos__F24181.png,WTHFD_mixpos,ST003127,PR001944,Thermo Q Exactive Orbitrap,Thermo Exactive Orbitrap,"Imtakt Cadenza CD-C18 (150 × 2.1 mm, 3 µm)",Reversed phase,positive,DG08,1,1,"[[270.83333333333314, 84.3599033816425, 439.72222222222194, 403.75925925925924]]","[3.354949950620594, 2.1172914750413163, 1.94154871563426, 0.6076376528024825, 0.0986769598357973, -2.277771757763676, 0.5290217502762218, 3.123207273047177, 2.4684662690080987, 3.958348677222264, 0.2917399830887594, 3.966696970795274, 0.5573770491803278]"
External A,train,WTHFD_mixpos__F24308,WTHFD_mixpos/WTHFD_mixpos__F24308.png,WTHFD_mixpos,ST003127,PR001944,Thermo Q Exactive Orbitrap,Thermo Exactive Orbitrap,"Imtakt Cadenza CD-C18 (150 × 2.1 mm, 3 µm)",Reversed phase,positive,DG08,0,0,[],"[2.5183106357555003, 1.14965209120281, 0.3679039524422052, 0.2894976573568299, 0.0442790363385229, -0.3638120710119759, 0.8598142428503586, 0.7729046402451791, 0.6695440955712321, 4.152219292571665, 1.0902816021552575, 3.0177467855866777, 1.051282051282051]"
External A,train,WTHFD_mixpos__F24416,WTHFD_mixpos/WTHFD_mixpos__F24416.png,WTHFD_mixpos,ST003127,PR001944,Thermo Q Exactive Orbitrap,Thermo Exactive Orbitrap,"Imtakt Cadenza CD-C18 (150 × 2.1 mm, 3 µm)",Reversed phase,positive,DG08,0,0,[],"[1.7348360542112486, 0.9064541408222088, 0.4555208789885815, 0.1093337148315207, 0.1082251849931314, -0.3536063571342297, 0.9186218337941102, 1.0037922757859672, 0.1729551530076515, 4.37388159732838, 0.7678571793408933, 3.633731420642132, 0.9444444444444444]"
External A,train,WTHFD_mixpos__F24532,WTHFD_mixpos/WTHFD_mixpos__F24532.png,WTHFD_mixpos,ST003127,PR001944,Thermo Q Exactive Orbitrap,Thermo Exactive Orbitrap,"Imtakt Cadenza CD-C18 (150 × 2.1 mm, 3 µm)",Reversed phase,positive,DG08,1,1,"[[225.83333333333343, 84.35990338164248, 285.2777777777778, 403.75925925925924]]","[2.5504427936104417, 1.1852576147236678, 1.9947208292769616, 0.3035126682010469, 0.2534756351459557, -1.4531586830587446, 1.051074832126074, 2.231495107445902, 1.1060808050748483, 5.154236870224793, 0.3218936397751591, 4.256443051200879, 0.9863013698630136]"
External A,train,WTHFD_mixpos__F24548,WTHFD_mixpos/WTHFD_mixpos__F24548.png,WTHFD_mixpos,ST003127,PR001944,Thermo Q Exactive Orbitrap,Thermo Exactive Orbitrap,"Imtakt Cadenza CD-C18 (150 × 2.1 mm, 3 µm)",Reversed phase,positive,DG08,1,1,"[[241.38888888888852, 84.35990338164251, 283.6111111111112, 403.75925925925924]]","[2.049229117191945, 1.3870322120859926, 1.803642263437614, 0.2835665643855221, 0.2547294886377585, -1.0090299428375211, 0.7520019511567633, 1.9471188512949384, 1.0840878558445552, 2.6479771713976588, 0.4802933494362211, 2.1333874913165967, 0.2352941176470588]"
External A,train,WTHFD_mixpos__F24577,WTHFD_mixpos/WTHFD_mixpos__F24577.png,WTHFD_mixpos,ST003127,PR001944,Thermo Q Exactive Orbitrap,Thermo Exactive Orbitrap,"Imtakt Cadenza CD-C18 (150 × 2.1 mm, 3 µm)",Reversed phase,positive,DG08,1,2,"[[219.72222222222237, 149.6039553962424, 281.38888888888914, 403.75925925925924], [134.166666666667, 84.35990338164248, 195.83333333333303, 403.75925925925924]]","[2.249213023725028, 1.0535982554535903, 1.5082066690840346, 0.226569866704934, 0.2846974830841701, -1.5538451008318004, 0.5985283167004025, 2.4615411462437464, 0.928117020286095, 3.380084259837207, 0.4054006397264295, 3.431623565847429, 0.4210526315789473]"
External A,train,WTHFD_mixpos__F24578,WTHFD_mixpos/WTHFD_mixpos__F24578.png,WTHFD_mixpos,ST003127,PR001944,Thermo Q Exactive Orbitrap,Thermo Exactive Orbitrap,"Imtakt Cadenza CD-C18 (150 × 2.1 mm, 3 µm)",Reversed phase,positive,DG08,1,1,"[[236.17298514217035, 352.8089362222353, 280.8333333333331, 403.75925925925924]]","[3.1175379007256114, 1.9090946095306704, 2.010387140389734, 0.5410594519953071, 0.1321112257083915, -1.574697920039748, 0.5608411897457595, 2.340547440060742, 2.008179843498532, 2.799611195299354, 0.4982136078500156, 1.6773373441498491, 0.2758620689655172]"
External A,train,WTHFD_mixpos__F24652,WTHFD_mixpos/WTHFD_mixpos__F24652.png,WTHFD_mixpos,ST003127,PR001944,Thermo Q Exactive Orbitrap,Thermo Exactive Orbitrap,"Imtakt Cadenza CD-C18 (150 × 2.1 mm, 3 µm)",Reversed phase,positive,DG08,0,0,[],"[2.2498298994404844, 0.2552388702465324, 0.6845964148407655, -0.1039579374103439, 0.7945240163017853, -1.6890168434011998, 0.9210841600620976, 2.0206189563365022, -0.4554337911124867, 6.392197224570407, 0.0847873680025911, 6.072085306118953, 1.1724137931034482]"
External A,train,WTHFD_mixpos__F24787,WTHFD_mixpos/WTHFD_mixpos__F24787.png,WTHFD_mixpos,ST003127,PR001944,Thermo Q Exactive Orbitrap,Thermo Exactive Orbitrap,"Imtakt Cadenza CD-C18 (150 × 2.1 mm, 3 µm)",Reversed phase,positive,DG08,0,0,[],"[2.6011283023150145, 0.7261040843261406, 0.4906509365875183, 0.1596709249188664, 0.0607898842827072, -0.5517054541511953, 0.9721616230343156, 0.8840268715322669, 0.3173514407683488, 5.911103483785657, 0.6607921897303127, 5.27039175845234, 1.4285714285714286]"
External A,train,WTHFD_mixpos__F24897,WTHFD_mixpos/WTHFD_mixpos__F24897.png,WTHFD_mixpos,ST003127,PR001944,Thermo Q Exactive Orbitrap,Thermo Exactive Orbitrap,"Imtakt Cadenza CD-C18 (150 × 2.1 mm, 3 µm)",Reversed phase,positive,DG08,1,2,"[[225.0196895378326, 84.3599033816425, 366.2541935378321, 403.75925925925924], [207.53584229390648, 379.8108106004511, 225.0196895378326, 403.75925925925924]]","[8.609717790900413, 2.076158081542786, 1.5923441699216516, 0.9748600747815892, 0.0479096069757698, -1.725962957845265, 0.5597427658460739, 1.5338201481120248, 6.466479998416364, 5.638880518798811, 0.4369356291653573, 4.273660895736754, 1.1858407079646018]"
External A,train,WTHFD_mixpos__F25016,WTHFD_mixpos/WTHFD_mixpos__F25016.png,WTHFD_mixpos,ST003127,PR001944,Thermo Q Exactive Orbitrap,Thermo Exactive Orbitrap,"Imtakt Cadenza CD-C18 (150 × 2.1 mm, 3 µm)",Reversed phase,positive,DG08,0,0,[],"[1.565718231227354, 0.6308216777931774, 0.7457708929235024, -0.0026815610080868, 0.3732517760661107, -0.0441186762627784, 0.4704126161784364, 0.0519045934885536, -0.0431298878192646, 1.9223434608844296, 1.014699874142149, 2.321928094887362, 0.8]"
External A,train,WTHFD_mixpos__F25105,WTHFD_mixpos/WTHFD_mixpos__F25105.png,WTHFD_mixpos,ST003127,PR001944,Thermo Q Exactive Orbitrap,Thermo Exactive Orbitrap,"Imtakt Cadenza CD-C18 (150 × 2.1 mm, 3 µm)",Reversed phase,positive,DG08,1,1,"[[146.9444444444443, 84.35990338164248, 218.05555555555551, 403.75925925925924]]","[3.827481350549897, 1.8184548633001787, 1.2170473128004715, 0.5998886412699115, 0.0835027833381047, -2.222605775972492, -0.2671471657181963, 1.662754530707638, 2.708841613587929, 3.3893760941539224, 0.3870134976104109, 4.159199529386524, 1.0344827586206895]"
External A,train,WTHFD_mixpos__F25115,WTHFD_mixpos/WTHFD_mixpos__F25115.png,WTHFD_mixpos,ST003127,PR001944,Thermo Q Exactive Orbitrap,Thermo Exactive Orbitrap,"Imtakt Cadenza CD-C18 (150 × 2.1 mm, 3 µm)",Reversed phase,positive,DG08,0,0,[],"[2.389004336503026, 0.6068844304766938, 0.5166629421987035, 0.0881094162026271, 0.0765566958232318, -0.437034497764915, 0.7021480052400677, 0.593580743010461, 0.7350276300881953, 4.021622811179927, 0.6667854200782585, 4.121928094887362, 1.2]"
External A,train,WTHFD_mixpos__F25120,WTHFD_mixpos/WTHFD_mixpos__F25120.png,WTHFD_mixpos,ST003127,PR001944,Thermo Q Exactive Orbitrap,Thermo Exactive Orbitrap,"Imtakt Cadenza CD-C18 (150 × 2.1 mm, 3 µm)",Reversed phase,positive,DG08,1,1,"[[224.7222222222219, 84.35990338164248, 278.6111111111111, 403.7592592592593]]","[1.7183945162704604, 1.080201359208118, 1.6400101732981, 0.1547604577980766, 0.4425597180421039, -1.155611910023765, 0.9367088167106828, 2.1456714450682703, 0.3909324709301733, 3.519306400929419, 0.3398283850030477, 2.7924812503605785, 0.6666666666666666]"
External A,train,WTHFD_mixpos__F25134,WTHFD_mixpos/WTHFD_mixpos__F25134.png,WTHFD_mixpos,ST003127,PR001944,Thermo Q Exactive Orbitrap,Thermo Exactive Orbitrap,"Imtakt Cadenza CD-C18 (150 × 2.1 mm, 3 µm)",Reversed phase,positive,DG08,0,0,[],"[3.43292219725128, 0.8165663288006805, 0.3215221870034038, 0.2791201594096414, 0.015339921645433, -0.6520032972046023, 0.7141286894148443, 0.8273748042213348, 0.9978496029304796, 6.566593220808962, 0.8113103156802769, 5.622953720532821, 1.2262773722627738]"
External A,train,WTHFD_mixpos__F25396,WTHFD_mixpos/WTHFD_mixpos__F25396.png,WTHFD_mixpos,ST003127,PR001944,Thermo Q Exactive Orbitrap,Thermo Exactive Orbitrap,"Imtakt Cadenza CD-C18 (150 × 2.1 mm, 3 µm)",Reversed phase,positive,DG08,1,3,"[[290.12761044713346, 369.71520821799277, 337.8494623655917, 403.75925925925924], [168.08459969444533, 84.35990338164251, 231.94036176653776, 403.75925925925924], [231.94036176653776, 363.4764648945167, 277.0967741935483, 403.75925925925924]]","[2.124675258533616, 1.0020690504958885, 0.8330252727092121, 0.1943854661927132, 0.2036220364953944, -1.125700856127166, 0.7759117396701678, 1.7744165522826447, 0.4439202178326289, 4.110007876658042, 0.4364707822549659, 3.5931390622295662, 0.90625]"
External A,train,WTHFD_mixpos__F25417,WTHFD_mixpos/WTHFD_mixpos__F25417.png,WTHFD_mixpos,ST003127,PR001944,Thermo Q Exactive Orbitrap,Thermo Exactive Orbitrap,"Imtakt Cadenza CD-C18 (150 × 2.1 mm, 3 µm)",Reversed phase,positive,DG08,1,2,"[[203.05555555555557, 221.20773895928355, 239.74560000000025, 403.75925925925924], [239.74560000000025, 84.3599033816425, 307.5, 403.75925925925924]]","[2.555797083803126, 1.3576417342060718, 1.5053918977038678, 0.3492636128319972, 0.1646983640685345, -2.209547379854462, 0.5034182447577429, 3.17527226908213, 1.2023854269010872, 4.090999702455446, 0.2382761751441444, 3.234667873810145, 0.1860465116279069]"
External A,train,WTHFD_mixpos__F25535,WTHFD_mixpos/WTHFD_mixpos__F25535.png,WTHFD_mixpos,ST003127,PR001944,Thermo Q Exactive Orbitrap,Thermo Exactive Orbitrap,"Imtakt Cadenza CD-C18 (150 × 2.1 mm, 3 µm)",Reversed phase,positive,DG08,0,0,[],"[1.992264059603092, 0.590798628593569, 0.3837491067444711, 0.0368337945387885, 0.1144535027003041, -0.4660811770917376, 0.6455166899708494, 0.7918396497619111, -0.3401386651628473, 4.161973109219851, 0.6361984853238002, 4.088779347361361, 1.0434782608695652]"
External A,train,WTHFD_mixpos__F25578,WTHFD_mixpos/WTHFD_mixpos__F25578.png,WTHFD_mixpos,ST003127,PR001944,Thermo Q Exactive Orbitrap,Thermo Exactive Orbitrap,"Imtakt Cadenza CD-C18 (150 × 2.1 mm, 3 µm)",Reversed phase,positive,DG08,0,0,[],"[2.7355933747258665, 0.919029534024178, 0.2489161901876763, 0.2447830209286284, 0.0080122827167552, -0.3872947506348952, 0.8528891771230724, 0.6534179040741822, 0.481011331497787, 6.019146412543287, 0.9899891304012688, 4.567664450190932, 1.2432432432432432]"
External A,train,WTHFD_mixpos__F25631,WTHFD_mixpos/WTHFD_mixpos__F25631.png,WTHFD_mixpos,ST003127,PR001944,Thermo Q Exactive Orbitrap,Thermo Exactive Orbitrap,"Imtakt Cadenza CD-C18 (150 × 2.1 mm, 3 µm)",Reversed phase,positive,DG08,1,1,"[[242.50000000000014, 84.35990338164247, 291.38888888888886, 403.75925925925924]]","[2.57403753440562, 1.4619028769309743, 1.8717475210567995, 0.3768499363544728, 0.2425338890746277, -0.9881681360675156, 0.6439258784645967, 1.729653759696899, 1.3479896733185284, 2.698745838679697, 0.5714141363037502, 2.473851389610045, 0.4444444444444444]"
External A,train,WTHFD_mixpos__F25639,WTHFD_mixpos/WTHFD_mixpos__F25639.png,WTHFD_mixpos,ST003127,PR001944,Thermo Q Exactive Orbitrap,Thermo Exactive Orbitrap,"Imtakt Cadenza CD-C18 (150 × 2.1 mm, 3 µm)",Reversed phase,positive,DG08,0,0,[],"[2.2565267786133094, 1.2107821177246894, 0.5291099644635693, 0.2709305226304568, 0.0660933598772226, -0.1120199734627358, 0.8494342294949059, 0.4574243861403542, 0.9558297224419762, 3.204583250940452, 1.3560810083378714, 2.484996098730652, 1.1428571428571428]"
External A,train,WTHFD_mixpos__F25787,WTHFD_mixpos/WTHFD_mixpos__F25787.png,WTHFD_mixpos,ST003127,PR001944,Thermo Q Exactive Orbitrap,Thermo Exactive Orbitrap,"Imtakt Cadenza CD-C18 (150 × 2.1 mm, 3 µm)",Reversed phase,positive,DG08,0,0,[],"[4.924006352507573, 0.437483949215739, 0.8981371744767352, 0.1978556167410311, 0.058255700293305, -1.4483283020151263, 0.964627933808052, 1.544236186976688, 2.0302527676072843, 8.338357331037319, 0.2319741930090219, 6.477252315868678, 1.3276353276353277]"
External A,train,WTHFD_mixpos__F25825,WTHFD_mixpos/WTHFD_mixpos__F25825.png,WTHFD_mixpos,ST003127,PR001944,Thermo Q Exactive Orbitrap,Thermo Exactive Orbitrap,"Imtakt Cadenza CD-C18 (150 × 2.1 mm, 3 µm)",Reversed phase,positive,DG08,0,0,[],"[1.688686611323127, 0.5193389479966616, 0.3959073085111678, -0.0275655545492268, 0.2608847714441257, -0.1810004714753274, 0.6122485492555112, 0.2417259674386553, -0.1956396271541277, 3.5635748268045067, 0.7853827591574581, 3.8073549220576055, 1.4285714285714286]"
External A,train,WTHFD_mixpos__F25848,WTHFD_mixpos/WTHFD_mixpos__F25848.png,WTHFD_mixpos,ST003127,PR001944,Thermo Q Exactive Orbitrap,Thermo Exactive Orbitrap,"Imtakt Cadenza CD-C18 (150 × 2.1 mm, 3 µm)",Reversed phase,positive,DG08,0,0,[],"[2.966206082315782, 0.5060481268197523, 0.8398819546900139, 0.0970911683882241, 0.2417348530691278, -1.1116781990433555, 0.8427813574840766, 1.3761952569150986, 0.3634730008563329, 5.214029728364744, 0.3023728713004933, 5.240218243074191, 1.162790697674419]"
External A,train,WTHFD_mixpos__F25867,WTHFD_mixpos/WTHFD_mixpos__F25867.png,WTHFD_mixpos,ST003127,PR001944,Thermo Q Exactive Orbitrap,Thermo Exactive Orbitrap,"Imtakt Cadenza CD-C18 (150 × 2.1 mm, 3 µm)",Reversed phase,positive,DG08,1,1,"[[233.61111111111126, 84.35990338164251, 295.2777777777778, 403.75925925925924]]","[2.800173665099785, 1.4477283900236546, 2.023684951311751, 0.4025958677916113, 0.2007000330631071, -1.6311023805787452, 0.5453534444283004, 2.445218757702154, 1.5097744832474906, 3.339392851501343, 0.486031709286113, 3.159910956409928, 0.6153846153846154]"
External A,train,WTHFD_mixpos__F25885,WTHFD_mixpos/WTHFD_mixpos__F25885.png,WTHFD_mixpos,ST003127,PR001944,Thermo Q Exactive Orbitrap,Thermo Exactive Orbitrap,"Imtakt Cadenza CD-C18 (150 × 2.1 mm, 3 µm)",Reversed phase,positive,DG08,1,1,"[[222.50000000000023, 84.3599033816425, 272.5000000000001, 403.75925925925924]]","[2.857954233217653, 1.3083087303571606, 1.4173378735770803, 0.3746646376946163, 0.1494953116551698, -1.1863467492884876, 0.764079580437456, 1.863542499517884, 1.4462504553860067, 2.987367591676309, 0.5265651638088733, 2.499544305608131, 0.2105263157894736]"
External A,train,WTHFD_mixpos__F25923,WTHFD_mixpos/WTHFD_mixpos__F25923.png,WTHFD_mixpos,ST003127,PR001944,Thermo Q Exactive Orbitrap,Thermo Exactive Orbitrap,"Imtakt Cadenza CD-C18 (150 × 2.1 mm, 3 µm)",Reversed phase,positive,DG08,1,2,"[[210.83333333333314, 84.3599033816425, 266.4153891891897, 403.75925925925924], [266.4153891891897, 123.59969702449489, 284.72222222222183, 403.75925925925924]]","[3.182201672982152, 1.6579293490427112, 1.170190860817128, 0.4966436351884597, 0.1250276837110252, -0.9536742213792816, 0.8668319545323304, 1.511413262232599, 1.6857458108813002, 3.9360477637899054, 0.5531157881981928, 2.492254477334862, 0.48]"
External A,train,WTHFD_mixpos__F25933,WTHFD_mixpos/WTHFD_mixpos__F25933.png,WTHFD_mixpos,ST003127,PR001944,Thermo Q Exactive Orbitrap,Thermo Exactive Orbitrap,"Imtakt Cadenza CD-C18 (150 × 2.1 mm, 3 µm)",Reversed phase,positive,DG08,1,1,"[[246.38888888888857, 84.35990338164245, 268.6111111111114, 403.75925925925924]]","[2.433680907850832, 1.8606973856124127, 1.3920662319390518, 0.4415650400634836, 0.1792981166220857, -0.650804723276092, 0.6303119202787572, 1.450192077127676, 1.6025301176819176, 1.963604118973571, 1.0666296911121282, 1.2577148214953864, 0.4705882352941176]"
External A,train,WTHFD_mixpos__F25942,WTHFD_mixpos/WTHFD_mixpos__F25942.png,WTHFD_mixpos,ST003127,PR001944,Thermo Q Exactive Orbitrap,Thermo Exactive Orbitrap,"Imtakt Cadenza CD-C18 (150 × 2.1 mm, 3 µm)",Reversed phase,positive,DG08,0,0,[],"[2.2631847760463115, 0.7330056876171571, 0.3279166642107712, 0.1236764695324631, 0.0236488950094979, -0.5422391946922094, 0.8629970341620752, 0.9957279148152932, 0.2037111347676717, 5.826764658189335, 0.6234901047044544, 5.321928094887363, 1.25]"
External A,train,WTHFD_mixpos__F25989,WTHFD_mixpos/WTHFD_mixpos__F25989.png,WTHFD_mixpos,ST003127,PR001944,Thermo Q Exactive Orbitrap,Thermo Exactive Orbitrap,"Imtakt Cadenza CD-C18 (150 × 2.1 mm, 3 µm)",Reversed phase,positive,DG08,0,0,[],"[1.8490097753711523, 0.7815595493317572, 0.3261658915430342, 0.0872686276116745, 0.0527382878863221, -0.3388344047288569, 0.9877243453482688, 0.8642366744905389, 0.1755451460524105, 4.1782895986433575, 0.7915731667290081, 3.952980670518905, 1.3333333333333333]"
External A,train,WTHFD_mixpos__F26013,WTHFD_mixpos/WTHFD_mixpos__F26013.png,WTHFD_mixpos,ST003127,PR001944,Thermo Q Exactive Orbitrap,Thermo Exactive Orbitrap,"Imtakt Cadenza CD-C18 (150 × 2.1 mm, 3 µm)",Reversed phase,positive,DG08,0,0,[],"[2.937957230628584, 1.0590142991422025, 0.4937612443480939, 0.3129532624549885, 0.1507717469673433, -0.5548749479862979, 1.0029148934388008, 0.926846182975684, 0.9651437021869071, 5.566361953109812, 0.9680380973412218, 4.087859596299586, 1.2555555555555555]"
External A,train,WTHFD_mixpos__F26054,WTHFD_mixpos/WTHFD_mixpos__F26054.png,WTHFD_mixpos,ST003127,PR001944,Thermo Q Exactive Orbitrap,Thermo Exactive Orbitrap,"Imtakt Cadenza CD-C18 (150 × 2.1 mm, 3 µm)",Reversed phase,positive,DG08,0,0,[],"[2.347136806167119, 0.4493103862101938, 0.9648487748885712, 0.0116957968211686, 0.245102568114516, -1.2418027569214865, 0.9047951663814982, 1.6930849020492995, 0.5502150614429816, 6.264482596910236, 0.2122235485285456, 6.132805347851502, 1.3411764705882352]"
External A,train,WTHFD_mixpos__F26131,WTHFD_mixpos/WTHFD_mixpos__F26131.png,WTHFD_mixpos,ST003127,PR001944,Thermo Q Exactive Orbitrap,Thermo Exactive Orbitrap,"Imtakt Cadenza CD-C18 (150 × 2.1 mm, 3 µm)",Reversed phase,positive,DG08,0,0,[],"[2.0436694640075537, 0.7218134458426486, 0.7266640067107349, 0.092571193953357, 0.2442184260397568, -0.7750035399889347, 0.8562205660847911, 1.343428517669478, -0.1362520801177602, 4.1638287127764455, 0.508715179355044, 3.944613392971736, 1.1153846153846154]"
External A,train,WTHFD_mixpos__F2617,WTHFD_mixpos/WTHFD_mixpos__F2617.png,WTHFD_mixpos,ST003127,PR001944,Thermo Q Exactive Orbitrap,Thermo Exactive Orbitrap,"Imtakt Cadenza CD-C18 (150 × 2.1 mm, 3 µm)",Reversed phase,positive,DG08,0,0,[],"[1.0189563646366406, 0.6090311159291552, 0.6427431296179495, -0.0913605574198549, 0.5221608185927312, -0.1156082251433228, 0.527702095567764, 0.3337232896242921, -1.0392083351071704, 2.563906228257628, 0.7549313684793287, 2.75, 1.0]"
External A,train,WTHFD_mixpos__F26170,WTHFD_mixpos/WTHFD_mixpos__F26170.png,WTHFD_mixpos,ST003127,PR001944,Thermo Q Exactive Orbitrap,Thermo Exactive Orbitrap,"Imtakt Cadenza CD-C18 (150 × 2.1 mm, 3 µm)",Reversed phase,positive,DG08,1,2,"[[224.7222222222226, 84.35990338164247, 281.4124282857145, 403.75925925925924], [281.4124282857145, 277.3905049582909, 343.61111111111137, 403.75925925925924]]","[3.35715400597478, 1.4086798231686195, 1.384524975259425, 0.4570605848594479, 0.1016190222085706, -2.218593017316232, 0.4872780627331989, 2.983192683094768, 1.7050080941569756, 4.447563915753476, 0.2693730839360007, 4.114528473349483, 0.6792452830188679]"
External A,train,WTHFD_mixpos__F26208,WTHFD_mixpos/WTHFD_mixpos__F26208.png,WTHFD_mixpos,ST003127,PR001944,Thermo Q Exactive Orbitrap,Thermo Exactive Orbitrap,"Imtakt Cadenza CD-C18 (150 × 2.1 mm, 3 µm)",Reversed phase,positive,DG08,1,2,"[[216.3888888888889, 198.17682627086788, 321.7204301075268, 403.7592592592593], [131.9444444444446, 191.20822648877322, 194.72222222222217, 403.7592592592593]]","[2.873743743067848, 0.5782473705967521, 1.6330185993848028, 0.12413478101237, 0.3226937345734764, -1.5602386757933753, 0.914834381045009, 2.1119146005876206, 1.5244600998056173, 5.8612392236417135, 0.1861486866600039, 5.644228556032541, 1.3134328358208955]"
External A,train,WTHFD_mixpos__F26249,WTHFD_mixpos/WTHFD_mixpos__F26249.png,WTHFD_mixpos,ST003127,PR001944,Thermo Q Exactive Orbitrap,Thermo Exactive Orbitrap,"Imtakt Cadenza CD-C18 (150 × 2.1 mm, 3 µm)",Reversed phase,positive,DG08,0,0,[],"[1.82800781828668, 0.7835573337113437, 0.2165530202519281, 0.0849958810286728, 0.0617390867286189, -0.4013224658128916, 1.0682047469733442, 0.9844968026452144, 0.0817107584643051, 5.748964121269071, 0.6489175536658257, 4.906424131155975, 1.1975308641975309]"
External A,train,WTHFD_mixpos__F26270,WTHFD_mixpos/WTHFD_mixpos__F26270.png,WTHFD_mixpos,ST003127,PR001944,Thermo Q Exactive Orbitrap,Thermo Exactive Orbitrap,"Imtakt Cadenza CD-C18 (150 × 2.1 mm, 3 µm)",Reversed phase,positive,DG08,0,0,[],"[2.5231477327065712, 0.6090844946927508, 0.9028330452434132, 0.1032579730308206, 0.2260293563873878, -0.7502759674248423, 1.1869460577343, 1.0608869124232163, 0.8694158905193314, 5.151176972272291, 0.4600827955670169, 5.100683359353261, 1.255813953488372]"
External A,train,WTHFD_mixpos__F26375,WTHFD_mixpos/WTHFD_mixpos__F26375.png,WTHFD_mixpos,ST003127,PR001944,Thermo Q Exactive Orbitrap,Thermo Exactive Orbitrap,"Imtakt Cadenza CD-C18 (150 × 2.1 mm, 3 µm)",Reversed phase,positive,DG08,1,2,"[[224.16666666666643, 84.35990338164251, 311.94444444444446, 403.75925925925924], [171.3888888888889, 146.0258449899939, 203.6111111111112, 403.75925925925924]]","[3.3944894339156, 0.7186401495065114, 0.7859777782162037, 0.235454761371835, 0.2837401324553278, -1.588065533050509, 0.9509243511752604, 2.021160064910576, 1.2338560535945786, 6.167178551607058, 0.2420574023327996, 5.791126325782512, 1.141304347826087]"
External A,train,WTHFD_mixpos__F2639,WTHFD_mixpos/WTHFD_mixpos__F2639.png,WTHFD_mixpos,ST003127,PR001944,Thermo Q Exactive Orbitrap,Thermo Exactive Orbitrap,"Imtakt Cadenza CD-C18 (150 × 2.1 mm, 3 µm)",Reversed phase,positive,DG08,0,0,[],"[2.835188092314377, 1.1812503405264387, 1.0219354431310503, 0.3373660925857356, 0.2231376577055882, -1.2355782460630818, 0.8983462781134604, 1.887475078095124, 1.3603827969711564, 5.505359263102363, 0.4367574534576323, 5.019575391191418, 1.2093023255813953]"
External A,train,WTHFD_mixpos__F26402,WTHFD_mixpos/WTHFD_mixpos__F26402.png,WTHFD_mixpos,ST003127,PR001944,Thermo Q Exactive Orbitrap,Thermo Exactive Orbitrap,"Imtakt Cadenza CD-C18 (150 × 2.1 mm, 3 µm)",Reversed phase,positive,DG08,1,2,"[[232.5, 84.35990338164251, 263.611111111111, 403.75925925925924], [300.81541218638006, 138.16739361965932, 365.8064516129031, 403.75925925925924]]","[2.4783378213047045, 1.6688863784543764, 0.7304803354734414, 0.4096004506807382, 0.2194770987609947, -0.6693880221625136, 0.8406023668051609, 1.3480415449014742, 1.6566924974160169, 2.767478128815854, 0.867913265893947, 1.97558982848624, 0.9130434782608696]"
External A,train,WTHFD_mixpos__F26407,WTHFD_mixpos/WTHFD_mixpos__F26407.png,WTHFD_mixpos,ST003127,PR001944,Thermo Q Exactive Orbitrap,Thermo Exactive Orbitrap,"Imtakt Cadenza CD-C18 (150 × 2.1 mm, 3 µm)",Reversed phase,positive,DG08,1,1,"[[236.38888888888914, 84.3599033816425, 306.9444444444447, 403.75925925925924]]","[2.6991278013706355, 1.6170313088985735, 1.240007523085499, 0.4285052578261337, 0.165930746565299, -1.732511876331399, 0.7812352370378892, 2.594975838248754, 1.5342818617787028, 3.805452733063587, 0.2684439223599076, 2.45616558927161, 0.2666666666666666]"
External A,train,WTHFD_mixpos__F26522,WTHFD_mixpos/WTHFD_mixpos__F26522.png,WTHFD_mixpos,ST003127,PR001944,Thermo Q Exactive Orbitrap,Thermo Exactive Orbitrap,"Imtakt Cadenza CD-C18 (150 × 2.1 mm, 3 µm)",Reversed phase,positive,DG08,1,1,"[[233.6111111111113, 84.3599033816425, 296.3888888888885, 403.75925925925924]]","[2.231674434632052, 1.132660844601731, 1.6297879021182395, 0.2464653734793058, 0.2256892916885414, -1.498906285856313, 0.6246341334277987, 2.431440265323888, 1.0368327564509223, 3.3998023670007225, 0.3622845345655699, 3.249460279921617, 0.5714285714285714]"
External A,train,WTHFD_mixpos__F26654,WTHFD_mixpos/WTHFD_mixpos__F26654.png,WTHFD_mixpos,ST003127,PR001944,Thermo Q Exactive Orbitrap,Thermo Exactive Orbitrap,"Imtakt Cadenza CD-C18 (150 × 2.1 mm, 3 µm)",Reversed phase,positive,DG08,1,1,"[[233.6111111111113, 84.3599033816425, 300.83333333333326, 403.75925925925924]]","[1.8899628408541391, 1.053035540988965, 1.439643811104145, 0.1746699571909308, 0.3467900007609821, -1.676292167705415, 0.641128599744194, 2.702922964640875, 0.5933656274663117, 3.581313857772413, 0.3128187744600199, 3.2831565207100213, 0.3478260869565217]"
External A,train,WTHFD_mixpos__F267,WTHFD_mixpos/WTHFD_mixpos__F267.png,WTHFD_mixpos,ST003127,PR001944,Thermo Q Exactive Orbitrap,Thermo Exactive Orbitrap,"Imtakt Cadenza CD-C18 (150 × 2.1 mm, 3 µm)",Reversed phase,positive,DG08,0,0,[],"[1.877417103017512, 1.134080473121043, 0.2205524415996572, 0.1943952867571224, 0.0131968616168729, -0.0303654578065155, 0.9351618427264086, 0.461448247503653, 0.4420401647264836, 4.91199911812853, 1.3821586542774735, 3.25836829416041, 1.164179104477612]"
External A,train,WTHFD_mixpos__F26705,WTHFD_mixpos/WTHFD_mixpos__F26705.png,WTHFD_mixpos,ST003127,PR001944,Thermo Q Exactive Orbitrap,Thermo Exactive Orbitrap,"Imtakt Cadenza CD-C18 (150 × 2.1 mm, 3 µm)",Reversed phase,positive,DG08,0,0,[],"[1.9753221031871204, 1.5033983866714542, 0.8991771099691985, 0.2977272609286608, 0.2264082028752759, -0.3905095889615442, 0.566992030208063, 1.1345480049705563, 1.243827410577517, 1.51882576182348, 1.2215154849730834, 1.4466166676282082, 0.5555555555555556]"
External A,train,WTHFD_mixpos__F26732,WTHFD_mixpos/WTHFD_mixpos__F26732.png,WTHFD_mixpos,ST003127,PR001944,Thermo Q Exactive Orbitrap,Thermo Exactive Orbitrap,"Imtakt Cadenza CD-C18 (150 × 2.1 mm, 3 µm)",Reversed phase,positive,DG08,0,0,[],"[2.5060716430185908, 0.3824834775391148, 0.3797693216492067, -0.0090995462990952, 0.0927733010013972, -0.4919315802064898, 1.0588719279933363, 0.8332025991634686, 0.754237721989952, 4.705886046808956, 0.3512614940675123, 4.593069207771891, 1.0]"
External A,train,WTHFD_mixpos__F26764,WTHFD_mixpos/WTHFD_mixpos__F26764.png,WTHFD_mixpos,ST003127,PR001944,Thermo Q Exactive Orbitrap,Thermo Exactive Orbitrap,"Imtakt Cadenza CD-C18 (150 × 2.1 mm, 3 µm)",Reversed phase,positive,DG08,0,0,[],"[1.9425861163325333, 1.1420991134837708, 0.4276870761334714, 0.2066405035078861, 0.0658819142772921, -0.0589864921873379, 0.9226891412738314, 0.4689257335734005, 0.6179743830646379, 3.3873271498883124, 1.3566647606109068, 2.5661902165503228, 1.0869565217391304]"
External A,train,WTHFD_mixpos__F26834,WTHFD_mixpos/WTHFD_mixpos__F26834.png,WTHFD_mixpos,ST003127,PR001944,Thermo Q Exactive Orbitrap,Thermo Exactive Orbitrap,"Imtakt Cadenza CD-C18 (150 × 2.1 mm, 3 µm)",Reversed phase,positive,DG08,1,1,"[[226.388888888889, 84.35990338164248, 277.49999999999994, 403.75925925925924]]","[1.846841528256739, 1.0846622448007914, 2.004046923440005, 0.1765541551798979, 0.4001583013338987, -1.3001389680153963, 0.7901515730047457, 2.291972038616036, 0.5449362413040432, 3.05115821863634, 0.3753999097287848, 2.6756981353679867, 0.2352941176470588]"
External A,train,WTHFD_mixpos__F26895,WTHFD_mixpos/WTHFD_mixpos__F26895.png,WTHFD_mixpos,ST003127,PR001944,Thermo Q Exactive Orbitrap,Thermo Exactive Orbitrap,"Imtakt Cadenza CD-C18 (150 × 2.1 mm, 3 µm)",Reversed phase,positive,DG08,1,1,"[[231.9444444444441, 84.35990338164248, 265.2777777777777, 403.75925925925924]]","[2.264435051810277, 1.4268633453667527, 1.9924267181405817, 0.3254170711627533, 0.2852012263659745, -1.0348041970932582, 0.5847280473023633, 1.899710006372257, 1.0898504152466433, 2.4736591992762045, 0.6029065604307, 1.9237949406953985, 0.5]"
External A,train,WTHFD_mixpos__F26914,WTHFD_mixpos/WTHFD_mixpos__F26914.png,WTHFD_mixpos,ST003127,PR001944,Thermo Q Exactive Orbitrap,Thermo Exactive Orbitrap,"Imtakt Cadenza CD-C18 (150 × 2.1 mm, 3 µm)",Reversed phase,positive,DG08,1,2,"[[230.8849059726211, 84.35990338164248, 325.9929399726208, 403.75925925925924], [206.94444444444468, 299.53175211772776, 230.8849059726211, 403.75925925925924]]","[5.093084557947976, 1.9146255905312863, 1.3035794677829633, 0.7304330056574657, 0.1456045039147666, -1.5822888466814586, 0.8250359917259715, 1.864847297789361, 3.818993506197945, 4.946329355912495, 0.3786324935067487, 4.6996606738744005, 1.2307692307692308]"
External A,train,WTHFD_mixpos__F26916,WTHFD_mixpos/WTHFD_mixpos__F26916.png,WTHFD_mixpos,ST003127,PR001944,Thermo Q Exactive Orbitrap,Thermo Exactive Orbitrap,"Imtakt Cadenza CD-C18 (150 × 2.1 mm, 3 µm)",Reversed phase,positive,DG08,1,2,"[[230.1837305540287, 304.01750145568485, 331.9444444444441, 403.75925925925924], [143.6111111111111, 84.3599033816425, 230.1837305540287, 403.75925925925924]]","[4.160575997610622, 2.1678445873161616, 2.002518015308203, 0.6998152805209589, 0.0808442925320968, -2.525711260171234, 0.2646328004838434, 3.136866025984563, 2.927182606459936, 4.160562563803731, 0.2863522785575186, 3.7561167132860063, 0.9253731343283582]"
External A,train,WTHFD_mixpos__F26945,WTHFD_mixpos/WTHFD_mixpos__F26945.png,WTHFD_mixpos,ST003127,PR001944,Thermo Q Exactive Orbitrap,Thermo Exactive Orbitrap,"Imtakt Cadenza CD-C18 (150 × 2.1 mm, 3 µm)",Reversed phase,positive,DG08,0,0,[],"[1.6746445361601363, 0.6292625113561366, 0.9631863367164188, 0.0115262563161643, 0.410282015120098, -0.538826555796686, 0.7184231183782637, 0.8510290547513049, 0.1747839664237526, 2.647259389285697, 0.682565117805714, 3.0, 0.75]"
External A,train,WTHFD_mixpos__F27094,WTHFD_mixpos/WTHFD_mixpos__F27094.png,WTHFD_mixpos,ST003127,PR001944,Thermo Q Exactive Orbitrap,Thermo Exactive Orbitrap,"Imtakt Cadenza CD-C18 (150 × 2.1 mm, 3 µm)",Reversed phase,positive,DG08,0,0,[],"[2.047955192984636, 1.0824965043009926, 0.3582369719447783, 0.2064081506064515, 0.0367367910635669, -0.0160728373382199, 0.8732985068533069, 0.2719107922885573, 0.7027285970262799, 3.953280098685832, 1.4693353202607355, 3.234745700425376, 1.3548387096774193]"
External A,train,WTHFD_mixpos__F27096,WTHFD_mixpos/WTHFD_mixpos__F27096.png,WTHFD_mixpos,ST003127,PR001944,Thermo Q Exactive Orbitrap,Thermo Exactive Orbitrap,"Imtakt Cadenza CD-C18 (150 × 2.1 mm, 3 µm)",Reversed phase,positive,DG08,1,1,"[[191.34402794444438, 84.35990338164248, 286.9444444444444, 403.75925925925924]]","[2.527997637730407, 0.9892519006556266, 1.3692827235427465, 0.2431405881466028, 0.3029795620962846, -1.4466600672109071, 1.2431905820006144, 2.181044867101398, 0.950846250425038, 5.01433114738353, 0.2699781486452834, 4.926571651178272, 1.1111111111111112]"
External A,train,WTHFD_mixpos__F2711,WTHFD_mixpos/WTHFD_mixpos__F2711.png,WTHFD_mixpos,ST003127,PR001944,Thermo Q Exactive Orbitrap,Thermo Exactive Orbitrap,"Imtakt Cadenza CD-C18 (150 × 2.1 mm, 3 µm)",Reversed phase,positive,DG08,0,0,[],"[3.366238228276744, 0.861921158105449, 0.682123820508614, 0.2901940407951665, 0.0417972365116278, -0.5201753164688361, 0.5145695701659025, 0.6102686004721676, 1.307297455455224, 4.299770186135345, 0.8830295973899681, 3.748394345536403, 1.2]"
External A,train,WTHFD_mixpos__F27201,WTHFD_mixpos/WTHFD_mixpos__F27201.png,WTHFD_mixpos,ST003127,PR001944,Thermo Q Exactive Orbitrap,Thermo Exactive Orbitrap,"Imtakt Cadenza CD-C18 (150 × 2.1 mm, 3 µm)",Reversed phase,positive,DG08,0,0,[],"[0.7139835447741619, 0.3363749835036204, 0.1075024550170454, -0.2075501038483639, 0.9170015082002168, -0.5829049238246206, -0.0196546499982627, 1.256571812587708, -1.8574796687784243, 1.903214672206209, 0.3167801627824992, 2.0, 0.5]"
External A,train,WTHFD_mixpos__F27207,WTHFD_mixpos/WTHFD_mixpos__F27207.png,WTHFD_mixpos,ST003127,PR001944,Thermo Q Exactive Orbitrap,Thermo Exactive Orbitrap,"Imtakt Cadenza CD-C18 (150 × 2.1 mm, 3 µm)",Reversed phase,positive,DG08,1,1,"[[248.0412276338165, 84.3599033816425, 308.6111111111113, 403.75925925925924]]","[1.9523863885442967, 0.8159003204176496, 1.276260921221205, 0.1127645955343229, 0.4256264488705134, -1.1359874758770026, 1.0855844378404564, 1.919381467646309, 0.1306938029108987, 5.113701753192823, 0.3074162957100111, 4.562365029830797, 1.0754716981132075]"
External A,train,WTHFD_mixpos__F27301,WTHFD_mixpos/WTHFD_mixpos__F27301.png,WTHFD_mixpos,ST003127,PR001944,Thermo Q Exactive Orbitrap,Thermo Exactive Orbitrap,"Imtakt Cadenza CD-C18 (150 × 2.1 mm, 3 µm)",Reversed phase,positive,DG08,1,1,"[[223.3886895572899, 84.35990338164248, 363.73120141496565, 403.75925925925924]]","[7.779830996349236, 2.4235101981580613, 1.4713532743570297, 0.9968289536869248, 0.0751876610020188, -1.8424663089289608, 0.6893079379489913, 1.789466394203265, 5.386998662160829, 5.224678482882392, 0.3780643981301675, 3.801276578961101, 1.1864406779661016]"
External A,train,WTHFD_mixpos__F27362,WTHFD_mixpos/WTHFD_mixpos__F27362.png,WTHFD_mixpos,ST003127,PR001944,Thermo Q Exactive Orbitrap,Thermo Exactive Orbitrap,"Imtakt Cadenza CD-C18 (150 × 2.1 mm, 3 µm)",Reversed phase,positive,DG08,1,2,"[[242.50000000000014, 310.9317613127323, 279.16666666666686, 403.75925925925924], [291.9444444444441, 84.35990338164248, 406.19106212361345, 403.75925925925924]]","[2.3401295905461392, 0.8440246348928206, 0.2376750824099122, 0.1724755170306215, 0.0370060760969416, -1.0456401471210983, 0.435283647131919, 1.1695629623888073, 0.7382491498322878, 3.738800771325845, 0.5166759323412256, 3.9219280948873614, 1.05]"
External A,train,WTHFD_mixpos__F27474,WTHFD_mixpos/WTHFD_mixpos__F27474.png,WTHFD_mixpos,ST003127,PR001944,Thermo Q Exactive Orbitrap,Thermo Exactive Orbitrap,"Imtakt Cadenza CD-C18 (150 × 2.1 mm, 3 µm)",Reversed phase,positive,DG08,0,0,[],"[1.4283459252302466, 1.020706738370085, 0.4720001764963389, 0.0895381560319587, 0.1082772547537641, 0.0628414972393983, 0.6681706151838644, 0.2003729232486872, 0.1437990696791679, 2.306941062016321, 1.4086731300047135, 2.1609640474436813, 1.0]"
External A,train,WTHFD_mixpos__F27483,WTHFD_mixpos/WTHFD_mixpos__F27483.png,WTHFD_mixpos,ST003127,PR001944,Thermo Q Exactive Orbitrap,Thermo Exactive Orbitrap,"Imtakt Cadenza CD-C18 (150 × 2.1 mm, 3 µm)",Reversed phase,positive,DG08,1,1,"[[243.53151062584118, 84.35990338164248, 311.94444444444446, 403.75925925925924]]","[3.315508348620437, 1.4578709376069072, 0.6855366190722435, 0.4649054054258367, 0.0839259971758268, -1.1327132759072291, 0.7674185324746923, 1.6950994852594483, 1.641309936880583, 4.393119829111387, 0.5782630290371951, 3.142949245838756, 0.5]"
External A,train,WTHFD_mixpos__F27493,WTHFD_mixpos/WTHFD_mixpos__F27493.png,WTHFD_mixpos,ST003127,PR001944,Thermo Q Exactive Orbitrap,Thermo Exactive Orbitrap,"Imtakt Cadenza CD-C18 (150 × 2.1 mm, 3 µm)",Reversed phase,positive,DG08,0,0,[],"[4.229510889486879, 0.8188193191201936, 0.5675005700693163, 0.3486168613293615, 0.0214818852856778, -0.7171617453516393, 0.5667047436028091, 0.6974353579234799, 1.619770157071592, 5.573253230962534, 0.8182457518946268, 5.016560678345822, 1.3134328358208955]"
External A,train,WTHFD_mixpos__F27574,WTHFD_mixpos/WTHFD_mixpos__F27574.png,WTHFD_mixpos,ST003127,PR001944,Thermo Q Exactive Orbitrap,Thermo Exactive Orbitrap,"Imtakt Cadenza CD-C18 (150 × 2.1 mm, 3 µm)",Reversed phase,positive,DG08,0,2,"[[295.9139784946235, 124.98887437852741, 325.48387096774195, 403.75925925925924], [364.7311827956987, 145.89897494725022, 427.6344086021507, 403.75925925925924]]","[1.50808081651781, 0.8433359032152051, 0.7279026948541318, 0.0553436738888243, 0.1957347902737849, 0.2252109707339671, 0.615225906518283, -0.349965836186912, 0.1908075772927662, 1.8965037688799549, 1.5433357295456318, 2.2516291673878226, 1.3333333333333333]"
External A,train,WTHFD_mixpos__F27611,WTHFD_mixpos/WTHFD_mixpos__F27611.png,WTHFD_mixpos,ST003127,PR001944,Thermo Q Exactive Orbitrap,Thermo Exactive Orbitrap,"Imtakt Cadenza CD-C18 (150 × 2.1 mm, 3 µm)",Reversed phase,positive,DG08,0,0,[],"[1.7862150781475032, 1.0117974695472254, 0.4354803910015417, 0.147256957509159, 0.0937106420721574, -0.1436191849553421, 1.0666279839186428, 0.6889680958562366, 0.4047761382221396, 3.8154035887176136, 1.1121462286921375, 3.01342268702814, 1.1111111111111112]"
External A,train,WTHFD_mixpos__F27619,WTHFD_mixpos/WTHFD_mixpos__F27619.png,WTHFD_mixpos,ST003127,PR001944,Thermo Q Exactive Orbitrap,Thermo Exactive Orbitrap,"Imtakt Cadenza CD-C18 (150 × 2.1 mm, 3 µm)",Reversed phase,positive,DG08,1,2,"[[227.84084990502905, 277.83529577883326, 252.69949902280018, 403.75925925925924], [252.69949902280018, 84.35990338164248, 268.61111111111074, 403.75925925925924]]","[4.68010262192149, 1.6090788341816815, 1.1529813808115192, 0.6299523354354989, 0.0967827060533817, -1.0905692488151524, 0.6043100789930691, 1.325556072225316, 3.041329244228017, 4.065734619201237, 0.8570170702073312, 3.529418475078302, 1.1428571428571428]"
External A,train,WTHFD_mixpos__F27883,WTHFD_mixpos/WTHFD_mixpos__F27883.png,WTHFD_mixpos,ST003127,PR001944,Thermo Q Exactive Orbitrap,Thermo Exactive Orbitrap,"Imtakt Cadenza CD-C18 (150 × 2.1 mm, 3 µm)",Reversed phase,positive,DG08,0,0,[],"[2.3146390210889347, 0.4030181557658406, 0.4603339801864797, -0.0148337427630608, 0.233753463965265, -0.6786627494207556, 0.8033090297218193, 0.6620364952991482, -0.6484291799354568, 4.884473580531453, 0.4481858971511245, 4.8625759375402735, 1.2727272727272727]"
External A,train,WTHFD_mixpos__F27963,WTHFD_mixpos/WTHFD_mixpos__F27963.png,WTHFD_mixpos,ST003127,PR001944,Thermo Q Exactive Orbitrap,Thermo Exactive Orbitrap,"Imtakt Cadenza CD-C18 (150 × 2.1 mm, 3 µm)",Reversed phase,positive,DG08,1,4,"[[227.49999999999994, 332.7421814049343, 287.50000000000006, 403.75925925925924], [328.05555555555554, 255.43185900166554, 371.87497155756233, 403.75925925925924], [371.87497155756233, 216.30776030880114, 416.9571715575622, 403.75925925925924], [416.9571715575622, 84.35990338164248, 440.2777777777776, 403.75925925925924]]","[2.295108786963515, 0.7009485167529697, 1.5533131202906256, 0.1154029824865425, 0.3457086145386758, -1.5217453755561698, 0.9235316617958702, 2.1366335594225627, 0.5569941721119558, 5.767347972856506, 0.2087710094974268, 5.693908697299045, 1.1408450704225352]"
External A,train,WTHFD_mixpos__F2799,WTHFD_mixpos/WTHFD_mixpos__F2799.png,WTHFD_mixpos,ST003127,PR001944,Thermo Q Exactive Orbitrap,Thermo Exactive Orbitrap,"Imtakt Cadenza CD-C18 (150 × 2.1 mm, 3 µm)",Reversed phase,positive,DG08,0,0,[],"[2.600268164154524, 0.4308780136560868, 0.1898959763686545, 0.0253874684025979, 0.1260756243690745, -1.7307801412876265, 1.0229034430059891, 2.197173210349004, 0.1943618747682272, 7.679273827351277, 0.1265326673800541, 6.760611360557358, 1.2566371681415929]"
External A,train,WTHFD_mixpos__F27996,WTHFD_mixpos/WTHFD_mixpos__F27996.png,WTHFD_mixpos,ST003127,PR001944,Thermo Q Exactive Orbitrap,Thermo Exactive Orbitrap,"Imtakt Cadenza CD-C18 (150 × 2.1 mm, 3 µm)",Reversed phase,positive,DG08,0,0,[],"[2.2184662526339114, 0.7449911400360839, 0.5382373060652933, 0.1226643142845209, 0.1107237423020805, -0.6270923766641254, 0.9414500612148528, 1.1508099433543932, 0.2542558682617449, 4.976199648151547, 0.5289155042996709, 4.664757964132482, 1.1555555555555554]"
External A,train,WTHFD_mixpos__F28027,WTHFD_mixpos/WTHFD_mixpos__F28027.png,WTHFD_mixpos,ST003127,PR001944,Thermo Q Exactive Orbitrap,Thermo Exactive Orbitrap,"Imtakt Cadenza CD-C18 (150 × 2.1 mm, 3 µm)",Reversed phase,positive,DG08,0,0,[],"[2.1547881412851364, 1.06076727059043, 0.9798579999021414, 0.215601710236183, 0.2413698333838597, -0.4373349927982267, 0.672006979364961, 0.870150975903388, 1.215591264949384, 2.304425396765045, 1.222528782297241, 2.6416041678685933, 1.3333333333333333]"
External A,train,WTHFD_mixpos__F28079,WTHFD_mixpos/WTHFD_mixpos__F28079.png,WTHFD_mixpos,ST003127,PR001944,Thermo Q Exactive Orbitrap,Thermo Exactive Orbitrap,"Imtakt Cadenza CD-C18 (150 × 2.1 mm, 3 µm)",Reversed phase,positive,DG08,1,1,"[[235.44236600319473, 84.35990338164248, 251.94444444444474, 403.75925925925924]]","[3.94051384084406, 1.6568111243648265, 1.0576319473064093, 0.5756892560030482, 0.1221120105794041, -0.6930899338272428, 0.685657347395504, 0.925831435620642, 2.9793648510242003, 3.816676463744245, 1.009194861993697, 4.14586428740684, 0.9090909090909092]"
External A,train,WTHFD_mixpos__F28093,WTHFD_mixpos/WTHFD_mixpos__F28093.png,WTHFD_mixpos,ST003127,PR001944,Thermo Q Exactive Orbitrap,Thermo Exactive Orbitrap,"Imtakt Cadenza CD-C18 (150 × 2.1 mm, 3 µm)",Reversed phase,positive,DG08,1,2,"[[103.59318996415794, 342.7754854062997, 183.54838709677395, 403.7592592592593], [203.05555555555557, 84.35990338164248, 315.8333333333336, 403.7592592592593]]","[3.2360710944410185, 1.2463736586109078, 1.6180092024852053, 0.400827460213744, 0.1064205450432226, -1.9890870147520865, 0.8336614068044292, 2.6833715416581394, 1.8318292414791963, 5.073023502759092, 0.2733430124682964, 4.956168291354509, 1.0615384615384615]"
External A,train,WTHFD_mixpos__F28140,WTHFD_mixpos/WTHFD_mixpos__F28140.png,WTHFD_mixpos,ST003127,PR001944,Thermo Q Exactive Orbitrap,Thermo Exactive Orbitrap,"Imtakt Cadenza CD-C18 (150 × 2.1 mm, 3 µm)",Reversed phase,positive,DG08,0,0,[],"[2.25712429812308, 1.15976177472459, 0.4498172096409546, 0.2574057332637894, 0.0506424735110022, -0.165895033449046, 0.6911891585660912, 0.5259946465721886, 0.830428670618947, 3.938903686754147, 1.3533789785833106, 2.9609126798989545, 1.1515151515151516]"
External A,train,WTHFD_mixpos__F28175,WTHFD_mixpos/WTHFD_mixpos__F28175.png,WTHFD_mixpos,ST003127,PR001944,Thermo Q Exactive Orbitrap,Thermo Exactive Orbitrap,"Imtakt Cadenza CD-C18 (150 × 2.1 mm, 3 µm)",Reversed phase,positive,DG08,1,1,"[[229.1666666666666, 239.45071125398724, 301.3888888888887, 403.75925925925924]]","[2.636446072538396, 1.0671546672878365, 1.7996889550968445, 0.2802932689333224, 0.2273680692652136, -1.507874450405663, 0.9695805644580588, 2.234829026120972, 1.199078001815698, 5.258220960055663, 0.3320380809205248, 4.890643108335929, 1.0895522388059702]"
External A,train,WTHFD_mixpos__F28228,WTHFD_mixpos/WTHFD_mixpos__F28228.png,WTHFD_mixpos,ST003127,PR001944,Thermo Q Exactive Orbitrap,Thermo Exactive Orbitrap,"Imtakt Cadenza CD-C18 (150 × 2.1 mm, 3 µm)",Reversed phase,positive,DG08,1,1,"[[233.0555555555556, 84.3599033816425, 344.1666666666668, 403.75925925925924]]","[2.464919866515631, 1.202114651402208, 0.8750008168627128, 0.2970068199601269, 0.2027165285578487, -1.6367627507945903, 0.6747117720738023, 2.516050184505257, 1.373762368293474, 3.939748015319265, 0.3223425547043387, 3.9735572622751856, 0.8]"
External A,train,WTHFD_mixpos__F28295,WTHFD_mixpos/WTHFD_mixpos__F28295.png,WTHFD_mixpos,ST003127,PR001944,Thermo Q Exactive Orbitrap,Thermo Exactive Orbitrap,"Imtakt Cadenza CD-C18 (150 × 2.1 mm, 3 µm)",Reversed phase,positive,DG08,0,0,[],"[2.2029952506091, 0.9001159361613892, 0.9768365221781412, 0.1736161430082539, 0.2519662561108426, -0.8020931224048109, 0.3187149313985227, 1.369832975860496, 0.7796245107537707, 2.8700575997812767, 0.7733395666666506, 2.9182958340544896, 0.6666666666666666]"
External A,train,WTHFD_mixpos__F28317,WTHFD_mixpos/WTHFD_mixpos__F28317.png,WTHFD_mixpos,ST003127,PR001944,Thermo Q Exactive Orbitrap,Thermo Exactive Orbitrap,"Imtakt Cadenza CD-C18 (150 × 2.1 mm, 3 µm)",Reversed phase,positive,DG08,1,1,"[[233.6111111111113, 84.35990338164251, 266.94444444444457, 403.75925925925924]]","[3.030416441979316, 1.5307870478674712, 1.3445135873605116, 0.4501661100266023, 0.1085165915158302, -0.7661185213109724, 0.6587842529849505, 1.3021315533152706, 1.8649072790220929, 2.434956594671996, 0.8088619379092621, 1.9237949406953985, 0.5]"
External A,train,WTHFD_mixpos__F28386,WTHFD_mixpos/WTHFD_mixpos__F28386.png,WTHFD_mixpos,ST003127,PR001944,Thermo Q Exactive Orbitrap,Thermo Exactive Orbitrap,"Imtakt Cadenza CD-C18 (150 × 2.1 mm, 3 µm)",Reversed phase,positive,DG08,1,1,"[[216.94444444444468, 84.35990338164248, 316.94444444444446, 403.75925925925924]]","[2.9319446264428444, 1.3800419057929751, 1.750554491532078, 0.4019350186987919, 0.1737918348887287, -1.766884823160082, 0.8725584708130789, 2.527264793176085, 1.4555651063595572, 4.8217134061191, 0.272400081556759, 4.836417971421708, 0.9365079365079364]"
External A,train,WTHFD_mixpos__F28458,WTHFD_mixpos/WTHFD_mixpos__F28458.png,WTHFD_mixpos,ST003127,PR001944,Thermo Q Exactive Orbitrap,Thermo Exactive Orbitrap,"Imtakt Cadenza CD-C18 (150 × 2.1 mm, 3 µm)",Reversed phase,positive,DG08,0,0,[],"[2.6054251260491577, 0.8995395659359344, 0.3576827254803356, 0.2231950997961185, 0.0485770223565374, -0.3999449735197344, 1.0677682486387376, 0.7067699367010968, 0.5294828534567703, 5.8906966004882015, 0.9707627005435194, 4.709047726746196, 1.3061224489795915]"
External A,train,WTHFD_mixpos__F28460,WTHFD_mixpos/WTHFD_mixpos__F28460.png,WTHFD_mixpos,ST003127,PR001944,Thermo Q Exactive Orbitrap,Thermo Exactive Orbitrap,"Imtakt Cadenza CD-C18 (150 × 2.1 mm, 3 µm)",Reversed phase,positive,DG08,0,0,[],"[2.594690056797604, 0.5584157205172225, 0.5728631772437105, 0.0879438429448473, 0.2960773383255329, -1.237450331783489, 0.7911523342319713, 1.7026474583273394, 0.3451446210978682, 5.35842664120335, 0.2994712243237412, 5.354406017540445, 1.2040816326530612]"
External A,train,WTHFD_mixpos__F28489,WTHFD_mixpos/WTHFD_mixpos__F28489.png,WTHFD_mixpos,ST003127,PR001944,Thermo Q Exactive Orbitrap,Thermo Exactive Orbitrap,"Imtakt Cadenza CD-C18 (150 × 2.1 mm, 3 µm)",Reversed phase,positive,DG08,0,0,[],"[4.955935696031477, 1.225347997630994, 0.6538837225732588, 0.5485580588222342, 0.0115189594094258, -0.7585253126745012, 0.5534334960866568, 0.6505139889730508, 1.9288123816011344, 5.107834377903185, 1.1853358136770844, 3.587430299384731, 1.178082191780822]"
External A,train,WTHFD_mixpos__F28557,WTHFD_mixpos/WTHFD_mixpos__F28557.png,WTHFD_mixpos,ST003127,PR001944,Thermo Q Exactive Orbitrap,Thermo Exactive Orbitrap,"Imtakt Cadenza CD-C18 (150 × 2.1 mm, 3 µm)",Reversed phase,positive,DG08,0,0,[],"[4.845690491670055, 1.01946678864254, 0.5075940543914672, 0.4727579499189313, 0.0093552363501766, -0.7804873750627223, 0.5305262268654535, 0.6886996007708349, 1.950073911707628, 5.955496231009064, 1.039144524283684, 4.782445676076228, 1.3653846153846154]"
External A,train,WTHFD_mixpos__F28689,WTHFD_mixpos/WTHFD_mixpos__F28689.png,WTHFD_mixpos,ST003127,PR001944,Thermo Q Exactive Orbitrap,Thermo Exactive Orbitrap,"Imtakt Cadenza CD-C18 (150 × 2.1 mm, 3 µm)",Reversed phase,positive,DG08,0,0,[],"[1.6542832589035583, 0.9899717235217046, 0.2115041153854955, 0.1201943579912132, 0.072953972258401, -0.0456663499215802, 0.746013150030794, 0.5464466687046489, 0.3888809186540583, 4.245445430995372, 1.1773093397521912, 3.606341048121924, 1.1428571428571428]"
External A,train,WTHFD_mixpos__F2877,WTHFD_mixpos/WTHFD_mixpos__F2877.png,WTHFD_mixpos,ST003127,PR001944,Thermo Q Exactive Orbitrap,Thermo Exactive Orbitrap,"Imtakt Cadenza CD-C18 (150 × 2.1 mm, 3 µm)",Reversed phase,positive,DG08,0,0,[],"[1.2304204799176366, 0.95435387547907, 1.0323829329202705, 0.036280792101981, 0.4069736454841509, -0.5004081254319562, 0.7491442263660731, 1.2390236702090769, 0.1005636948723094, 2.273984169073864, 0.6177020867893518, 2.058813890331201, 0.8888888888888888]"
External A,train,WTHFD_mixpos__F28830,WTHFD_mixpos/WTHFD_mixpos__F28830.png,WTHFD_mixpos,ST003127,PR001944,Thermo Q Exactive Orbitrap,Thermo Exactive Orbitrap,"Imtakt Cadenza CD-C18 (150 × 2.1 mm, 3 µm)",Reversed phase,positive,DG08,1,1,"[[217.99478053963247, 84.35990338164248, 349.72222222222206, 403.75925925925924]]","[2.4859206572473016, 1.2474713693965405, 2.5084290555005246, 0.3118719356586331, 0.2320666875381382, -2.4738665070293315, 1.2000902037675445, 3.4472068719864986, 1.2212805909792073, 5.951248926338094, 0.100588371802196, 5.698761913102526, 0.936]"
External A,train,WTHFD_mixpos__F28925,WTHFD_mixpos/WTHFD_mixpos__F28925.png,WTHFD_mixpos,ST003127,PR001944,Thermo Q Exactive Orbitrap,Thermo Exactive Orbitrap,"Imtakt Cadenza CD-C18 (150 × 2.1 mm, 3 µm)",Reversed phase,positive,DG08,1,1,"[[238.01171586153265, 84.3599033816425, 307.5, 403.75925925925924]]","[2.4370242548804453, 1.0008425106851426, 1.8048581259533671, 0.2354119638418903, 0.3243775727924296, -1.50921139259998, 0.9000830136399405, 2.2848692150429546, 0.7622432370287985, 5.267320369943844, 0.2552222746989304, 5.08525822680078, 1.2121212121212122]"
External A,train,WTHFD_mixpos__F29052,WTHFD_mixpos/WTHFD_mixpos__F29052.png,WTHFD_mixpos,ST003127,PR001944,Thermo Q Exactive Orbitrap,Thermo Exactive Orbitrap,"Imtakt Cadenza CD-C18 (150 × 2.1 mm, 3 µm)",Reversed phase,positive,DG08,1,1,"[[239.17334649025372, 84.35990338164247, 293.22580645161275, 403.75925925925924]]","[2.315968699669075, 1.0499764159429503, 1.045900515199736, 0.2344809028301078, 0.2946127318336742, -1.5997016605725265, 1.1197713262232336, 2.442032716953175, 0.5978641472875494, 5.293693998456235, 0.2291619076638992, 4.20700087235104, 0.8533333333333334]"
External A,train,WTHFD_mixpos__F29226,WTHFD_mixpos/WTHFD_mixpos__F29226.png,WTHFD_mixpos,ST003127,PR001944,Thermo Q Exactive Orbitrap,Thermo Exactive Orbitrap,"Imtakt Cadenza CD-C18 (150 × 2.1 mm, 3 µm)",Reversed phase,positive,DG08,0,0,[],"[2.128256335406632, 1.188483818612102, 0.6221418176043573, 0.2466706662287613, 0.1210161493968804, -1.114417707389624, 0.8659948780249997, 1.974472032930176, 0.5566293971513493, 4.198977132984647, 0.4009330076725743, 2.86721591709029, 0.6511627906976745]"
External A,train,WTHFD_mixpos__F29281,WTHFD_mixpos/WTHFD_mixpos__F29281.png,WTHFD_mixpos,ST003127,PR001944,Thermo Q Exactive Orbitrap,Thermo Exactive Orbitrap,"Imtakt Cadenza CD-C18 (150 × 2.1 mm, 3 µm)",Reversed phase,positive,DG08,1,3,"[[224.76427008403311, 86.04126583891866, 309.72222222222194, 403.75925925925924], [354.16666666666674, 225.14747339008076, 410.27777777777766, 403.75925925925924], [161.26344086021496, 325.940701477781, 224.76427008403311, 403.75925925925924]]","[2.416189568831063, 0.7842095439744877, 1.3348431309306164, 0.160588406251553, 0.2199687907443696, -2.0270287982992112, 0.6622166327922381, 2.862423637025223, 1.082333259999699, 5.213535596299859, 0.1847275820732175, 5.45144453799276, 0.5306122448979592]"
External A,train,WTHFD_mixpos__F29338,WTHFD_mixpos/WTHFD_mixpos__F29338.png,WTHFD_mixpos,ST003127,PR001944,Thermo Q Exactive Orbitrap,Thermo Exactive Orbitrap,"Imtakt Cadenza CD-C18 (150 × 2.1 mm, 3 µm)",Reversed phase,positive,DG08,0,1,"[[130.83333333333306, 84.35990338164251, 177.49999999999977, 403.75925925925924]]","[1.4516778515890156, 1.0189793349111402, 0.5623363593576858, 0.0932867757970708, 0.1370352778063121, 0.0443161144590156, 0.3693342011627012, 0.1579433038609115, 0.1499045927453313, 1.9868225235413, 1.497870249111454, 2.0, 1.0]"
External A,train,WTHFD_mixpos__F29346,WTHFD_mixpos/WTHFD_mixpos__F29346.png,WTHFD_mixpos,ST003127,PR001944,Thermo Q Exactive Orbitrap,Thermo Exactive Orbitrap,"Imtakt Cadenza CD-C18 (150 × 2.1 mm, 3 µm)",Reversed phase,positive,DG08,0,0,[],"[2.843389843717645, 1.1992153706654207, 0.755163633778996, 0.3433925221861053, 0.0691245386614102, -0.4613320269295387, 0.5372665526348326, 0.799610553591173, 1.2565802315595744, 3.412042327648806, 1.2029204053398153, 2.695138138447871, 0.9565217391304348]"
External A,train,WTHFD_mixpos__F29421,WTHFD_mixpos/WTHFD_mixpos__F29421.png,WTHFD_mixpos,ST003127,PR001944,Thermo Q Exactive Orbitrap,Thermo Exactive Orbitrap,"Imtakt Cadenza CD-C18 (150 × 2.1 mm, 3 µm)",Reversed phase,positive,DG08,1,2,"[[227.21268185894075, 146.28623553412606, 275.8333333333333, 403.7592592592593], [290.83333333333337, 84.35990338164248, 349.72222222222234, 403.7592592592593]]","[1.7864647714130824, 0.7193131837615827, 1.2721206671057383, 0.0578614663157536, 0.5022843541955123, -1.077814164387478, 0.9996211118475862, 1.8285920449099704, -0.1231382356184843, 5.095358463084512, 0.2841303954113681, 4.695943517407986, 1.2448979591836735]"
External A,train,WTHFD_mixpos__F29464,WTHFD_mixpos/WTHFD_mixpos__F29464.png,WTHFD_mixpos,ST003127,PR001944,Thermo Q Exactive Orbitrap,Thermo Exactive Orbitrap,"Imtakt Cadenza CD-C18 (150 × 2.1 mm, 3 µm)",Reversed phase,positive,DG08,1,1,"[[174.0503381270078, 84.35990338164251, 376.34310847457584, 403.75925925925924]]","[2.745397332949821, 1.5684515024188648, 1.4778207177477565, 0.4237390974571311, 0.1766801643687705, -2.022424872276028, 0.9631596443398798, 2.902498094834436, 1.7096280821003484, 4.558781348464696, 0.1886733262539711, 4.080019263422931, 0.9696969696969696]"
External A,train,WTHFD_mixpos__F29485,WTHFD_mixpos/WTHFD_mixpos__F29485.png,WTHFD_mixpos,ST003127,PR001944,Thermo Q Exactive Orbitrap,Thermo Exactive Orbitrap,"Imtakt Cadenza CD-C18 (150 × 2.1 mm, 3 µm)",Reversed phase,positive,DG08,1,4,"[[143.69004834027805, 238.47126655698466, 216.9317838325405, 403.75925925925924], [216.9317838325405, 173.65248917604424, 297.9155338325404, 403.75925925925924], [297.9155338325404, 272.8770118449046, 356.3974918325406, 403.75925925925924], [356.3974918325406, 257.5085256021316, 435.83333333333326, 403.75925925925924]]","[2.069360042144951, 0.5192569912838588, 1.7271438566779878, 0.0158896547086881, 0.3716154512452584, -1.5244008028385363, 1.0461658513757537, 2.3000384226620523, 0.5684545734542295, 5.897424685992392, 0.1323836426385373, 5.852168723603282, 1.2058823529411764]"
External A,train,WTHFD_mixpos__F29538,WTHFD_mixpos/WTHFD_mixpos__F29538.png,WTHFD_mixpos,ST003127,PR001944,Thermo Q Exactive Orbitrap,Thermo Exactive Orbitrap,"Imtakt Cadenza CD-C18 (150 × 2.1 mm, 3 µm)",Reversed phase,positive,DG08,1,1,"[[243.21935321788732, 84.35990338164248, 289.7222222222222, 403.75925925925924]]","[2.733886051013265, 1.005930709789382, 0.8297542065575597, 0.2730128456581608, 0.2820711053256103, -1.382425670041405, 0.968108428451174, 2.05275783144038, 1.0128964057978576, 4.922056639919858, 0.3488356427626781, 4.598459546817892, 1.1538461538461535]"
External A,train,WTHFD_mixpos__F2959,WTHFD_mixpos/WTHFD_mixpos__F2959.png,WTHFD_mixpos,ST003127,PR001944,Thermo Q Exactive Orbitrap,Thermo Exactive Orbitrap,"Imtakt Cadenza CD-C18 (150 × 2.1 mm, 3 µm)",Reversed phase,positive,DG08,0,0,[],"[2.809218078087859, 0.4518991219979555, 0.2157421610561975, 0.054896973277731, 0.0183763957334267, -0.6488462089749615, 0.679209782170186, 0.7051724654292397, 0.5063982567301266, 7.475417793703614, 0.4846781432302918, 6.538486956411351, 1.380710659898477]"
External A,train,WTHFD_mixpos__F29778,WTHFD_mixpos/WTHFD_mixpos__F29778.png,WTHFD_mixpos,ST003127,PR001944,Thermo Q Exactive Orbitrap,Thermo Exactive Orbitrap,"Imtakt Cadenza CD-C18 (150 × 2.1 mm, 3 µm)",Reversed phase,positive,DG08,0,1,"[[375.48387096774195, 84.35990338164248, 395.37634408602185, 403.75925925925924]]","[1.0954225604360055, 0.7288138547676026, 0.6143950266466316, -0.046153569415447, 0.1674795783730735, 0.1421359051664216, 0.1876429785318028, -1.331149538986243, -0.3890873874299863, 1.4638977331034553, 1.44959692869836, 2.0, 1.0]"
External A,train,WTHFD_mixpos__F29799,WTHFD_mixpos/WTHFD_mixpos__F29799.png,WTHFD_mixpos,ST003127,PR001944,Thermo Q Exactive Orbitrap,Thermo Exactive Orbitrap,"Imtakt Cadenza CD-C18 (150 × 2.1 mm, 3 µm)",Reversed phase,positive,DG08,0,0,[],"[2.209862220474742, 0.6025430698814527, 0.5923616510180143, 0.0666123471407597, 0.0995744232634686, -0.9603103844858584, 1.04676738891424, 1.4959802492391991, 0.3491287632443816, 6.230030782838934, 0.3409251955622422, 5.790247623024759, 1.2365591397849462]"
External A,train,WTHFD_mixpos__F2981,WTHFD_mixpos/WTHFD_mixpos__F2981.png,WTHFD_mixpos,ST003127,PR001944,Thermo Q Exactive Orbitrap,Thermo Exactive Orbitrap,"Imtakt Cadenza CD-C18 (150 × 2.1 mm, 3 µm)",Reversed phase,positive,DG08,0,0,[],"[2.2000396095301045, 0.4103886767529596, 0.1406418106955229, -0.0216205696526191, 0.0271806680725155, -0.6114150652624599, 0.539364335449535, 0.7060395599615454, 0.241855123437342, 5.913797914040075, 0.4406622385131433, 5.650454725419061, 1.3333333333333333]"
External A,train,WTHFD_mixpos__F29873,WTHFD_mixpos/WTHFD_mixpos__F29873.png,WTHFD_mixpos,ST003127,PR001944,Thermo Q Exactive Orbitrap,Thermo Exactive Orbitrap,"Imtakt Cadenza CD-C18 (150 × 2.1 mm, 3 µm)",Reversed phase,positive,DG08,1,1,"[[234.2688802201387, 84.35990338164248, 278.6111111111111, 403.75925925925924]]","[2.02259489344548, 1.3322005853483825, 2.240797926803713, 0.2665259222032568, 0.2820261438292811, -1.2380010946807152, 0.5431950595668866, 2.280660382262972, 1.1266200867111666, 2.578739709341418, 0.5277860144243882, 2.1735572622751853, 0.2666666666666666]"
External A,train,WTHFD_mixpos__F29892,WTHFD_mixpos/WTHFD_mixpos__F29892.png,WTHFD_mixpos,ST003127,PR001944,Thermo Q Exactive Orbitrap,Thermo Exactive Orbitrap,"Imtakt Cadenza CD-C18 (150 × 2.1 mm, 3 µm)",Reversed phase,positive,DG08,1,1,"[[241.38888888888886, 84.35990338164245, 269.16666666666674, 403.75925925925924]]","[2.45343468396365, 1.580134391066663, 1.161192632144877, 0.3871010776432294, 0.197916605099048, -0.8816071488200056, 0.8691569608337081, 1.652797785480879, 1.5224538592114674, 2.8031299825104368, 0.7297440804989105, 2.036569395509731, 0.5454545454545454]"
External A,train,WTHFD_mixpos__F30000,WTHFD_mixpos/WTHFD_mixpos__F30000.png,WTHFD_mixpos,ST003127,PR001944,Thermo Q Exactive Orbitrap,Thermo Exactive Orbitrap,"Imtakt Cadenza CD-C18 (150 × 2.1 mm, 3 µm)",Reversed phase,positive,DG08,0,0,[],"[1.944330694533755, 0.7290540594993651, 1.4027949575101537, 0.0823404726761467, 0.3429405299624402, -1.1081614420916488, 0.9172578690303042, 1.8392856652303704, 0.0269177524865714, 5.763333715701003, 0.2933930293005433, 5.357695631603994, 1.2337662337662338]"
External A,train,WTHFD_mixpos__F3001,WTHFD_mixpos/WTHFD_mixpos__F3001.png,WTHFD_mixpos,ST003127,PR001944,Thermo Q Exactive Orbitrap,Thermo Exactive Orbitrap,"Imtakt Cadenza CD-C18 (150 × 2.1 mm, 3 µm)",Reversed phase,positive,DG08,0,0,[],"[3.1319490805417662, 1.062772063801997, 1.1755583104987108, 0.3353122409819452, 0.1435197584875152, -1.2702098860749746, 0.8629426639436608, 1.828147340163459, 1.4174128973682658, 5.297751427330535, 0.4044322330181821, 5.3680705051364415, 1.0]"
External A,train,WTHFD_mixpos__F30058,WTHFD_mixpos/WTHFD_mixpos__F30058.png,WTHFD_mixpos,ST003127,PR001944,Thermo Q Exactive Orbitrap,Thermo Exactive Orbitrap,"Imtakt Cadenza CD-C18 (150 × 2.1 mm, 3 µm)",Reversed phase,positive,DG08,1,1,"[[228.67067037291662, 84.35990338164248, 278.05555555555566, 403.75925925925924]]","[2.1003251456968264, 1.1113090946025617, 1.862258625577552, 0.2219499852408484, 0.3295148659102054, -1.3216621023107284, 0.8528550505415426, 2.208748668329393, 0.8032196935863797, 3.764947322384962, 0.3765446848086977, 3.5245437633162977, 0.5925925925925926]"
External A,train,WTHFD_mixpos__F30128,WTHFD_mixpos/WTHFD_mixpos__F30128.png,WTHFD_mixpos,ST003127,PR001944,Thermo Q Exactive Orbitrap,Thermo Exactive Orbitrap,"Imtakt Cadenza CD-C18 (150 × 2.1 mm, 3 µm)",Reversed phase,positive,DG08,1,1,"[[232.71782554079758, 84.35990338164248, 267.5, 403.75925925925924]]","[2.431624848679417, 1.4705031007043838, 0.949673027824609, 0.3594286746267649, 0.2407865522660784, -0.920769000475306, 0.7690457508168738, 1.7119635900849042, 1.381657768801284, 2.5061189321584, 0.6726295584130036, 2.216917186688699, 0.5]"
External A,train,WTHFD_mixpos__F30224,WTHFD_mixpos/WTHFD_mixpos__F30224.png,WTHFD_mixpos,ST003127,PR001944,Thermo Q Exactive Orbitrap,Thermo Exactive Orbitrap,"Imtakt Cadenza CD-C18 (150 × 2.1 mm, 3 µm)",Reversed phase,positive,DG08,1,1,"[[232.75786753472278, 84.35990338164251, 286.38888888888874, 403.75925925925924]]","[2.0466842667589784, 0.9293161738986808, 1.7235654805857843, 0.1616699254066564, 0.3876479115473206, -1.280091397158521, 0.963301754057426, 2.1122857008586298, 0.3684375684206284, 5.468730906379754, 0.2961879717231205, 4.723986915666762, 1.28]"
External A,train,WTHFD_mixpos__F30287,WTHFD_mixpos/WTHFD_mixpos__F30287.png,WTHFD_mixpos,ST003127,PR001944,Thermo Q Exactive Orbitrap,Thermo Exactive Orbitrap,"Imtakt Cadenza CD-C18 (150 × 2.1 mm, 3 µm)",Reversed phase,positive,DG08,1,1,"[[170.277777777778, 214.745674905966, 406.9444444444447, 403.7592592592593]]","[3.2049573452828293, 1.428069354659389, 1.4440139821748232, 0.4453629680307717, 0.1524543464223214, -2.283514617878279, 0.9843784257851368, 3.059818566180642, 1.3376128365747837, 5.027267921722936, 0.1693438752805133, 4.400685287502406, 1.0240963855421688]"
External A,train,WTHFD_mixpos__F3054,WTHFD_mixpos/WTHFD_mixpos__F3054.png,WTHFD_mixpos,ST003127,PR001944,Thermo Q Exactive Orbitrap,Thermo Exactive Orbitrap,"Imtakt Cadenza CD-C18 (150 × 2.1 mm, 3 µm)",Reversed phase,positive,DG08,0,0,[],"[3.538354001120569, 0.5067615421372486, 0.2337699548204992, 0.1450567581806952, 0.0067088646973883, -0.7509763781416696, 0.7486287059406076, 0.7421452165558668, 1.3497113466430353, 7.449139010829895, 0.4677829598974319, 6.060984799578724, 1.2663316582914572]"
External A,train,WTHFD_mixpos__F30556,WTHFD_mixpos/WTHFD_mixpos__F30556.png,WTHFD_mixpos,ST003127,PR001944,Thermo Q Exactive Orbitrap,Thermo Exactive Orbitrap,"Imtakt Cadenza CD-C18 (150 × 2.1 mm, 3 µm)",Reversed phase,positive,DG08,1,2,"[[238.05555555555532, 84.35990338164248, 269.72222222222234, 403.75925925925924], [45.5, 182.1310794216404, 87.50000000000026, 403.75925925925924]]","[1.380149154783313, 0.8963448777931154, 1.035266007589102, 0.0486533881071705, 0.2947040062152394, -0.3457778546872225, 1.0980537221547244, 1.1437978775635895, 0.0846394576220272, 3.216978512351588, 0.6983541583895562, 3.0306390622295662, 0.875]"
External A,train,WTHFD_mixpos__F3059,WTHFD_mixpos/WTHFD_mixpos__F3059.png,WTHFD_mixpos,ST003127,PR001944,Thermo Q Exactive Orbitrap,Thermo Exactive Orbitrap,"Imtakt Cadenza CD-C18 (150 × 2.1 mm, 3 µm)",Reversed phase,positive,DG08,0,0,[],"[4.242269136996806, 0.6057887903440136, 0.1946511139773115, 0.2516283774007719, 0.0030160708055092, -0.8181039092895012, 0.9096002552416146, 0.7630436738420195, 1.5809028965748169, 8.559251851263387, 0.5461887203036259, 6.1940778059870265, 1.3951434878587197]"
External A,train,WTHFD_mixpos__F30700,WTHFD_mixpos/WTHFD_mixpos__F30700.png,WTHFD_mixpos,ST003127,PR001944,Thermo Q Exactive Orbitrap,Thermo Exactive Orbitrap,"Imtakt Cadenza CD-C18 (150 × 2.1 mm, 3 µm)",Reversed phase,positive,DG08,1,2,"[[241.9444444444445, 84.35990338164251, 271.9059526760565, 403.75925925925924], [271.9059526760565, 197.06054376474088, 285.69892473118273, 403.75925925925924]]","[3.1737000011783167, 1.9234770362939904, 1.1243179385944415, 0.5505059113951142, 0.2892053376921854, -1.3636828920622257, 0.7728112770115465, 2.0505468254783663, 1.83869895441356, 3.1631891574958018, 0.4931544882038607, 1.621775325049438, 0.3076923076923077]"
External A,train,WTHFD_mixpos__F30790,WTHFD_mixpos/WTHFD_mixpos__F30790.png,WTHFD_mixpos,ST003127,PR001944,Thermo Q Exactive Orbitrap,Thermo Exactive Orbitrap,"Imtakt Cadenza CD-C18 (150 × 2.1 mm, 3 µm)",Reversed phase,positive,DG08,0,0,[],"[1.9036853849528568, 0.946514454736392, 0.4079239473455697, 0.1464173243206415, 0.1165005374241467, -0.0883765353178322, 0.8232787440597258, 0.4339870140992935, 0.6108376087122045, 3.767520421805774, 1.1604163709476225, 3.5821930667351336, 1.391304347826087]"
External A,train,WTHFD_mixpos__F30810,WTHFD_mixpos/WTHFD_mixpos__F30810.png,WTHFD_mixpos,ST003127,PR001944,Thermo Q Exactive Orbitrap,Thermo Exactive Orbitrap,"Imtakt Cadenza CD-C18 (150 × 2.1 mm, 3 µm)",Reversed phase,positive,DG08,1,2,"[[235.83333333333331, 84.35990338164248, 261.7437208, 403.75925925925924], [261.7437208, 215.8864789911679, 328.05555555555554, 403.75925925925924]]","[4.237016544268193, 2.201744477863386, 1.0206716760805077, 0.713021040471592, 0.0755936898939582, -1.6589743574273794, 0.3686354170099144, 2.242358230250419, 2.8678102524866853, 3.8405466965100175, 0.5600809249197326, 2.340377282994759, 0.4307692307692308]"
External A,train,WTHFD_mixpos__F30829,WTHFD_mixpos/WTHFD_mixpos__F30829.png,WTHFD_mixpos,ST003127,PR001944,Thermo Q Exactive Orbitrap,Thermo Exactive Orbitrap,"Imtakt Cadenza CD-C18 (150 × 2.1 mm, 3 µm)",Reversed phase,positive,DG08,1,2,"[[238.18206934874027, 84.3599033816425, 284.8349240174674, 403.75925925925924], [284.8349240174674, 294.2536340903113, 323.0555555555559, 403.75925925925924]]","[2.763936831003141, 1.1182767480507176, 0.9612022926155092, 0.3107831660291311, 0.138248453484045, -1.0344783622475242, 0.8731169506872187, 1.655207409751602, 1.47785664309266, 3.858591576809633, 0.5542937319089586, 3.698245835016032, 0.925925925925926]"
External A,train,WTHFD_mixpos__F30900,WTHFD_mixpos/WTHFD_mixpos__F30900.png,WTHFD_mixpos,ST003127,PR001944,Thermo Q Exactive Orbitrap,Thermo Exactive Orbitrap,"Imtakt Cadenza CD-C18 (150 × 2.1 mm, 3 µm)",Reversed phase,positive,DG08,1,1,"[[243.0555555555556, 84.3599033816425, 271.9444444444444, 403.75925925925924]]","[2.0032361041540736, 1.487174379788807, 1.2129440024456255, 0.2987615605678952, 0.1972820596300575, -0.3952468516583642, 1.0015123018647218, 1.1709027886220675, 1.2896468729013602, 2.9554238607750647, 0.8756687603603467, 2.413088436425757, 0.9090909090909092]"
External A,train,WTHFD_mixpos__F31035,WTHFD_mixpos/WTHFD_mixpos__F31035.png,WTHFD_mixpos,ST003127,PR001944,Thermo Q Exactive Orbitrap,Thermo Exactive Orbitrap,"Imtakt Cadenza CD-C18 (150 × 2.1 mm, 3 µm)",Reversed phase,positive,DG08,0,0,[],"[1.7440895710494009, 0.8989501521372236, 0.3428471233888877, 0.108539585175485, 0.0435992729320829, -0.1404384484928089, 0.8630472683227608, 0.6537623144539151, 0.3161745173000311, 3.6998810455815057, 1.0973244322027391, 3.2776134368191148, 1.318181818181818]"
External A,train,WTHFD_mixpos__F31056,WTHFD_mixpos/WTHFD_mixpos__F31056.png,WTHFD_mixpos,ST003127,PR001944,Thermo Q Exactive Orbitrap,Thermo Exactive Orbitrap,"Imtakt Cadenza CD-C18 (150 × 2.1 mm, 3 µm)",Reversed phase,positive,DG08,1,1,"[[140.8333333333334, 84.35990338164248, 211.3888888888888, 403.75925925925924]]","[5.705281044495021, 3.55136125164688, 2.193400828078629, 1.0265641917092174, 0.0609019825304526, -2.1684440257457265, 0.3623130113900368, 2.592895102942373, 4.702089879050849, 3.2989560269617138, 0.5042959560505755, 1.961769571493737, 0.2608695652173913]"
External A,train,WTHFD_mixpos__F31229,WTHFD_mixpos/WTHFD_mixpos__F31229.png,WTHFD_mixpos,ST003127,PR001944,Thermo Q Exactive Orbitrap,Thermo Exactive Orbitrap,"Imtakt Cadenza CD-C18 (150 × 2.1 mm, 3 µm)",Reversed phase,positive,DG08,1,4,"[[179.16666666666669, 159.91266904387913, 210.85042064463096, 403.75925925925924], [271.9785173946309, 360.17453862694487, 315.2688172043011, 403.75925925925924], [210.85042064463096, 84.35990338164248, 248.29786739463094, 403.75925925925924], [248.29786739463094, 340.5731117844247, 271.9785173946309, 403.75925925925924]]","[3.1074824555270824, 1.4116231945483306, 0.9394403653892576, 0.4302842724040837, 0.0929635720708733, -1.558529570341621, 0.3308935441951164, 2.346616476788762, 1.83774406047004, 4.107339819414659, 0.5177520190371921, 4.278114718473933, 0.6153846153846154]"
External A,train,WTHFD_mixpos__F3126,WTHFD_mixpos/WTHFD_mixpos__F3126.png,WTHFD_mixpos,ST003127,PR001944,Thermo Q Exactive Orbitrap,Thermo Exactive Orbitrap,"Imtakt Cadenza CD-C18 (150 × 2.1 mm, 3 µm)",Reversed phase,positive,DG08,0,0,[],"[2.842790557066074, 0.6801094070171614, 1.1628313320811812, 0.1663425652311032, 0.1660638318736088, -0.5185636544087019, 0.509264267522825, 0.6394480438556412, 2.0621709940509647, 3.142078510996293, 0.6499497420022521, 3.277613436819116, 0.9090909090909092]"
External A,train,WTHFD_mixpos__F31282,WTHFD_mixpos/WTHFD_mixpos__F31282.png,WTHFD_mixpos,ST003127,PR001944,Thermo Q Exactive Orbitrap,Thermo Exactive Orbitrap,"Imtakt Cadenza CD-C18 (150 × 2.1 mm, 3 µm)",Reversed phase,positive,DG08,0,0,[],"[2.009262169956845, 0.7262779714326939, 0.3180404257816807, 0.0897784860545131, 0.0336324218034555, -0.4145937022792737, 0.9748956869980636, 0.8661690686981528, -0.0648173024807048, 5.271403260920606, 0.7133898803761721, 4.689437798233894, 1.3035714285714286]"
External A,train,WTHFD_mixpos__F31377,WTHFD_mixpos/WTHFD_mixpos__F31377.png,WTHFD_mixpos,ST003127,PR001944,Thermo Q Exactive Orbitrap,Thermo Exactive Orbitrap,"Imtakt Cadenza CD-C18 (150 × 2.1 mm, 3 µm)",Reversed phase,positive,DG08,1,1,"[[240.8333333333332, 84.3599033816425, 275.2777777777777, 403.75925925925924]]","[2.246091921922685, 1.3999334085661823, 1.0315010804839462, 0.3164294813541083, 0.3068682315536296, -1.3086619167223106, 0.5900588727087022, 2.259404311518771, 1.1747800526342396, 2.6411481311572973, 0.5180473900262741, 2.1333874913165967, 0.2352941176470588]"
External A,train,WTHFD_mixpos__F31381,WTHFD_mixpos/WTHFD_mixpos__F31381.png,WTHFD_mixpos,ST003127,PR001944,Thermo Q Exactive Orbitrap,Thermo Exactive Orbitrap,"Imtakt Cadenza CD-C18 (150 × 2.1 mm, 3 µm)",Reversed phase,positive,DG08,1,1,"[[235.27777777777774, 84.35990338164251, 262.5, 403.75925925925924]]","[1.802157670439675, 1.3968450099827727, 0.9219183505817746, 0.2451837316645125, 0.2927583161964432, -0.5064055703793113, 0.7222260835587984, 1.34881236224358, 1.122712993961996, 2.1363944578958054, 0.8521370086355291, 1.780672129520887, 0.75]"
External A,train,WTHFD_mixpos__F31395,WTHFD_mixpos/WTHFD_mixpos__F31395.png,WTHFD_mixpos,ST003127,PR001944,Thermo Q Exactive Orbitrap,Thermo Exactive Orbitrap,"Imtakt Cadenza CD-C18 (150 × 2.1 mm, 3 µm)",Reversed phase,positive,DG08,1,1,"[[241.19172407812522, 84.35990338164248, 271.9444444444447, 403.75925925925924]]","[2.081882658005189, 1.1453480794144226, 0.8692526829551207, 0.2284619953865117, 0.3364091612358297, -0.7283073151702267, 0.9088499223147518, 1.499842351335122, 0.6322257413892243, 3.3843442530216845, 0.6387226611638908, 2.653146738289453, 1.0434782608695652]"
External A,train,WTHFD_mixpos__F31409,WTHFD_mixpos/WTHFD_mixpos__F31409.png,WTHFD_mixpos,ST003127,PR001944,Thermo Q Exactive Orbitrap,Thermo Exactive Orbitrap,"Imtakt Cadenza CD-C18 (150 × 2.1 mm, 3 µm)",Reversed phase,positive,DG08,0,0,[],"[1.2427141311172327, 0.4856308478145037, 1.173660624489827, -0.0959609455195839, 0.8010460317972021, -0.3957942031558989, 0.025842553068241, 2.452417570047864, 0.1520771366726553, 1.824239925891756, 0.7197108480920044, 2.0, 0.5]"
External A,train,WTHFD_mixpos__F31449,WTHFD_mixpos/WTHFD_mixpos__F31449.png,WTHFD_mixpos,ST003127,PR001944,Thermo Q Exactive Orbitrap,Thermo Exactive Orbitrap,"Imtakt Cadenza CD-C18 (150 × 2.1 mm, 3 µm)",Reversed phase,positive,DG08,0,0,[],"[2.2816989068165907, 1.1621262010308326, 0.4392839421850236, 0.26145582906124, 0.082797274099913, -0.3763971615560197, 0.6664103301002409, 0.8803465388493038, 0.9912268692670888, 3.973818807331488, 1.0938606608473629, 3.1473226365060967, 0.9696969696969696]"
External A,train,WTHFD_mixpos__F31487,WTHFD_mixpos/WTHFD_mixpos__F31487.png,WTHFD_mixpos,ST003127,PR001944,Thermo Q Exactive Orbitrap,Thermo Exactive Orbitrap,"Imtakt Cadenza CD-C18 (150 × 2.1 mm, 3 µm)",Reversed phase,positive,DG08,0,0,[],"[2.449665102077206, 1.306794101228387, 0.9433364382393364, 0.3223441783579203, 0.1222726017866273, -0.9924899165492908, 1.1198933696562192, 1.736109879464085, 0.9585669820270748, 5.038010291987792, 0.4350383658710307, 3.270559451754237, 0.6341463414634146]"
External A,train,WTHFD_mixpos__F31511,WTHFD_mixpos/WTHFD_mixpos__F31511.png,WTHFD_mixpos,ST003127,PR001944,Thermo Q Exactive Orbitrap,Thermo Exactive Orbitrap,"Imtakt Cadenza CD-C18 (150 × 2.1 mm, 3 µm)",Reversed phase,positive,DG08,1,1,"[[243.61111111111143, 84.3599033816425, 280.8333333333334, 403.75925925925924]]","[2.085837013386505, 1.4276885727918085, 1.8599637012580263, 0.2986266679994572, 0.2547017181141773, -1.5478974727045918, 0.3297647119899747, 2.717249626806646, 1.2513960348058273, 2.648780677595356, 0.5209473824158133, 2.409267252251468, 0.4705882352941176]"
External A,train,WTHFD_mixpos__F31532,WTHFD_mixpos/WTHFD_mixpos__F31532.png,WTHFD_mixpos,ST003127,PR001944,Thermo Q Exactive Orbitrap,Thermo Exactive Orbitrap,"Imtakt Cadenza CD-C18 (150 × 2.1 mm, 3 µm)",Reversed phase,positive,DG08,0,0,[],"[1.1369715852649624, 0.5203523428701523, 1.0902487544828317, -0.0991890176020197, 0.7473749706940567, -0.6447524137225772, 0.7269539280847234, 1.0875006362480637, -0.8138913868873409, 2.7175001538303043, 0.5069405643749624, 3.0, 0.5]"
External A,train,WTHFD_mixpos__F31577,WTHFD_mixpos/WTHFD_mixpos__F31577.png,WTHFD_mixpos,ST003127,PR001944,Thermo Q Exactive Orbitrap,Thermo Exactive Orbitrap,"Imtakt Cadenza CD-C18 (150 × 2.1 mm, 3 µm)",Reversed phase,positive,DG08,1,1,"[[238.05555555555532, 84.35990338164248, 282.49999999999966, 403.75925925925924]]","[2.5393721805590888, 1.3732709345353855, 1.5183255007670753, 0.3509498841619072, 0.1919908477364015, -1.314294104000754, 0.5705506900515136, 2.159841491945211, 1.4019208023335332, 3.005082469284156, 0.5475156577005323, 2.660964047443681, 0.6]"
External A,train,WTHFD_mixpos__F31662,WTHFD_mixpos/WTHFD_mixpos__F31662.png,WTHFD_mixpos,ST003127,PR001944,Thermo Q Exactive Orbitrap,Thermo Exactive Orbitrap,"Imtakt Cadenza CD-C18 (150 × 2.1 mm, 3 µm)",Reversed phase,positive,DG08,0,0,[],"[2.3334365577365843, 1.1075391437722844, 0.5698495196070902, 0.2533831200724624, 0.0899035473443155, -0.3104158416633562, 0.9077972737849922, 0.7740616183651314, 0.680015144221655, 3.9531792414287614, 1.213510638410832, 3.1061450333085068, 1.15625]"
External A,train,WTHFD_mixpos__F31924,WTHFD_mixpos/WTHFD_mixpos__F31924.png,WTHFD_mixpos,ST003127,PR001944,Thermo Q Exactive Orbitrap,Thermo Exactive Orbitrap,"Imtakt Cadenza CD-C18 (150 × 2.1 mm, 3 µm)",Reversed phase,positive,DG08,1,1,"[[226.94444444444454, 84.35990338164248, 266.94444444444434, 403.75925925925924]]","[1.8951327606438484, 0.7672109857623082, 0.920659277168566, 0.0888386647491531, 0.2637513168918219, -0.9742509994747558, 0.8757227231035466, 1.720989415755641, -0.1802896738233193, 4.673842974340288, 0.3658126604389514, 4.131054782742918, 1.0256410256410255]"
External A,train,WTHFD_mixpos__F3231,WTHFD_mixpos/WTHFD_mixpos__F3231.png,WTHFD_mixpos,ST003127,PR001944,Thermo Q Exactive Orbitrap,Thermo Exactive Orbitrap,"Imtakt Cadenza CD-C18 (150 × 2.1 mm, 3 µm)",Reversed phase,positive,DG08,0,0,[],"[1.4644747844209105, 0.7125845229952421, 0.1779099926334026, 0.0093578366843806, 0.0530638674764713, -0.2711588430641236, 1.0831522065615975, 0.854039121438521, -0.4723077127505256, 5.523424970204206, 0.6740553483653035, 4.642776578333372, 1.1176470588235294]"
External A,train,WTHFD_mixpos__F3299,WTHFD_mixpos/WTHFD_mixpos__F3299.png,WTHFD_mixpos,ST003127,PR001944,Thermo Q Exactive Orbitrap,Thermo Exactive Orbitrap,"Imtakt Cadenza CD-C18 (150 × 2.1 mm, 3 µm)",Reversed phase,positive,DG08,0,0,[],"[3.016835468310514, 1.199858748163474, 0.3351332222787815, 0.3635909629544919, 0.0265061508895388, -0.4908148377450651, 0.8482409894190688, 0.8456724159966684, 0.6754154266626935, 5.616764322795438, 1.1569523679298948, 3.36066494222991, 1.0521739130434782]"
External A,train,WTHFD_mixpos__F3319,WTHFD_mixpos/WTHFD_mixpos__F3319.png,WTHFD_mixpos,ST003127,PR001944,Thermo Q Exactive Orbitrap,Thermo Exactive Orbitrap,"Imtakt Cadenza CD-C18 (150 × 2.1 mm, 3 µm)",Reversed phase,positive,DG08,0,0,[],"[1.655222018815286, 0.3588417809944271, 0.189909411555173, -0.0985518093974832, 0.1159401945389966, -0.3748766449256931, 1.0316611790075387, 0.7087384449955383, -0.4439061881415166, 5.106563771074042, 0.3972130044353208, 5.047291203466789, 1.2972972972972974]"
External A,train,WTHFD_mixpos__F3350,WTHFD_mixpos/WTHFD_mixpos__F3350.png,WTHFD_mixpos,ST003127,PR001944,Thermo Q Exactive Orbitrap,Thermo Exactive Orbitrap,"Imtakt Cadenza CD-C18 (150 × 2.1 mm, 3 µm)",Reversed phase,positive,DG08,0,0,[],"[1.2877772708217508, 0.802665783781293, -0.0860010819956012, 0.0072472302847997, 0.0231561632461607, -0.084599718117754, 0.997289064140778, 0.5696778320890913, -0.29264823131709, 3.5565897976559904, 0.9465232122927932, 3.213638857948677, 1.0526315789473684]"
External A,train,WTHFD_mixpos__F3383,WTHFD_mixpos/WTHFD_mixpos__F3383.png,WTHFD_mixpos,ST003127,PR001944,Thermo Q Exactive Orbitrap,Thermo Exactive Orbitrap,"Imtakt Cadenza CD-C18 (150 × 2.1 mm, 3 µm)",Reversed phase,positive,DG08,0,0,[],"[4.294446195482212, 0.5560806276665626, 0.2510785888809518, 0.2289208837767821, 0.0071597396018916, -0.8608522150948841, 0.7484194582836172, 0.7834139789994494, 0.9314102217457076, 7.767522376845293, 0.5654911829323428, 6.369296830463328, 1.2684824902723737]"
External A,train,WTHFD_mixpos__F3595,WTHFD_mixpos/WTHFD_mixpos__F3595.png,WTHFD_mixpos,ST003127,PR001944,Thermo Q Exactive Orbitrap,Thermo Exactive Orbitrap,"Imtakt Cadenza CD-C18 (150 × 2.1 mm, 3 µm)",Reversed phase,positive,DG08,0,0,[],"[1.245946058547272, 0.8479438274437349, 0.5015222635032522, 0.0120970856771207, 0.2775691357339958, -0.1438675809444833, 0.5078354471535764, 0.389484566233715, -0.2405788428641784, 2.561486201517978, 1.122878024757823, 2.5219280948873624, 1.0]"
External A,train,WTHFD_mixpos__F3695,WTHFD_mixpos/WTHFD_mixpos__F3695.png,WTHFD_mixpos,ST003127,PR001944,Thermo Q Exactive Orbitrap,Thermo Exactive Orbitrap,"Imtakt Cadenza CD-C18 (150 × 2.1 mm, 3 µm)",Reversed phase,positive,DG08,0,0,[],"[1.7064421672858991, 0.6596150791084272, 3.900572264196844, 0.0264505211257407, 0.2575860938940641, -0.9551958218636885, -0.2870965026333661, 0.5605762135131013, 1.8313895112268004, 1.725544721480612, 0.5659414059457272, 2.0, 0.5]"
External A,train,WTHFD_mixpos__F3736,WTHFD_mixpos/WTHFD_mixpos__F3736.png,WTHFD_mixpos,ST003127,PR001944,Thermo Q Exactive Orbitrap,Thermo Exactive Orbitrap,"Imtakt Cadenza CD-C18 (150 × 2.1 mm, 3 µm)",Reversed phase,positive,DG08,0,0,[],"[3.568720030070988, 0.588239293315266, 0.4331443349277145, 0.190228204466319, 0.0193708493046507, -0.6510032760750021, 0.5323204856161735, 0.5907264378563974, 0.5597710762396538, 5.7888009488145125, 0.6254660537635056, 5.181362595168936, 1.1884057971014492]"
External A,train,WTHFD_mixpos__F3814,WTHFD_mixpos/WTHFD_mixpos__F3814.png,WTHFD_mixpos,ST003127,PR001944,Thermo Q Exactive Orbitrap,Thermo Exactive Orbitrap,"Imtakt Cadenza CD-C18 (150 × 2.1 mm, 3 µm)",Reversed phase,positive,DG08,0,0,[],"[2.608348546490914, 0.3321892999514121, 1.3948784898825586, -0.0300100340768328, 0.4556891127574412, -1.1021706998628775, 0.6255838616993394, 1.2917034538844006, 0.9168026787519926, 4.093164325155777, 0.1804144405315106, 4.058813890331201, 1.3333333333333333]"
External A,train,WTHFD_mixpos__F3821,WTHFD_mixpos/WTHFD_mixpos__F3821.png,WTHFD_mixpos,ST003127,PR001944,Thermo Q Exactive Orbitrap,Thermo Exactive Orbitrap,"Imtakt Cadenza CD-C18 (150 × 2.1 mm, 3 µm)",Reversed phase,positive,DG08,0,0,[],"[1.5967837953250517, 0.9184865633535396, 0.2087520446505624, 0.0910730382563438, 0.1019441561994277, -0.0373059138376419, 0.8755829674085486, 0.4821926080898107, 0.1777370843703717, 4.17999419428431, 1.1718187790425298, 3.434196364505181, 1.4375]"
External A,train,WTHFD_mixpos__F3835,WTHFD_mixpos/WTHFD_mixpos__F3835.png,WTHFD_mixpos,ST003127,PR001944,Thermo Q Exactive Orbitrap,Thermo Exactive Orbitrap,"Imtakt Cadenza CD-C18 (150 × 2.1 mm, 3 µm)",Reversed phase,positive,DG08,0,0,[],"[2.3488988643413973, 0.7973620885565903, 0.2162805445989864, 0.1572939760657811, 0.0347289066923181, -0.4015519432972046, 0.8828794200015952, 0.7651186514236287, -0.074081052567364, 6.341142395940842, 0.7867151800831994, 4.6660600294295165, 1.203125]"
External A,train,WTHFD_mixpos__F3922,WTHFD_mixpos/WTHFD_mixpos__F3922.png,WTHFD_mixpos,ST003127,PR001944,Thermo Q Exactive Orbitrap,Thermo Exactive Orbitrap,"Imtakt Cadenza CD-C18 (150 × 2.1 mm, 3 µm)",Reversed phase,positive,DG08,0,0,[],"[2.3489280937269186, 0.9576554910962082, 0.4159581659746299, 0.2107817191428433, 0.0709192261220096, -0.4409761292614929, 0.6295953644725663, 0.97762550397159, 0.4146907720599571, 4.002069167755326, 0.9341389714999802, 3.374548236208473, 1.0344827586206895]"
External A,train,WTHFD_mixpos__F4081,WTHFD_mixpos/WTHFD_mixpos__F4081.png,WTHFD_mixpos,ST003127,PR001944,Thermo Q Exactive Orbitrap,Thermo Exactive Orbitrap,"Imtakt Cadenza CD-C18 (150 × 2.1 mm, 3 µm)",Reversed phase,positive,DG08,0,0,[],"[1.763922974923856, 0.993565458035082, 0.9636639844037184, 0.1387088402001713, 0.239946129689543, -0.0317339313342042, 0.6613102424411593, 0.6128719236924197, 0.9042581473893424, 1.7664218658818185, 1.545478297174401, 2.2516291673878226, 1.0]"
External A,train,WTHFD_mixpos__F409,WTHFD_mixpos/WTHFD_mixpos__F409.png,WTHFD_mixpos,ST003127,PR001944,Thermo Q Exactive Orbitrap,Thermo Exactive Orbitrap,"Imtakt Cadenza CD-C18 (150 × 2.1 mm, 3 µm)",Reversed phase,positive,DG08,0,0,[],"[1.6867363009788443, 1.0531212817013405, 0.1881057168519795, 0.1424423252980362, 0.0464722944155798, -0.2229018752105373, 1.0196651787921975, 0.901247960096938, 0.2395346555742003, 4.879884755809068, 1.0285022133853667, 3.314670360153164, 1.0]"
External A,train,WTHFD_mixpos__F4171,WTHFD_mixpos/WTHFD_mixpos__F4171.png,WTHFD_mixpos,ST003127,PR001944,Thermo Q Exactive Orbitrap,Thermo Exactive Orbitrap,"Imtakt Cadenza CD-C18 (150 × 2.1 mm, 3 µm)",Reversed phase,positive,DG08,1,1,"[[206.94444444444446, 84.35990338164251, 391.94444444444446, 403.7592592592593]]","[4.466133837717558, 1.5550992311102168, 1.7312075104176587, 0.5990792820408531, 0.097234167798485, -2.8489069878840474, 1.0629682969890677, 3.4419054723741564, 2.651029467212833, 6.874292722836814, 0.1184493420083575, 5.442457987060045, 1.1706349206349207]"
External A,train,WTHFD_mixpos__F4221,WTHFD_mixpos/WTHFD_mixpos__F4221.png,WTHFD_mixpos,ST003127,PR001944,Thermo Q Exactive Orbitrap,Thermo Exactive Orbitrap,"Imtakt Cadenza CD-C18 (150 × 2.1 mm, 3 µm)",Reversed phase,positive,DG08,0,0,[],"[1.6650693233684537, 0.7548745072079095, 0.1095838193333753, 0.0524858586689856, 0.0119958771091066, -0.250358581066854, 0.9508473896875516, 0.799047456253936, -0.3127392259835922, 6.650514444106236, 0.7539784661135136, 4.983940079999858, 1.2662337662337662]"
External A,train,WTHFD_mixpos__F4281,WTHFD_mixpos/WTHFD_mixpos__F4281.png,WTHFD_mixpos,ST003127,PR001944,Thermo Q Exactive Orbitrap,Thermo Exactive Orbitrap,"Imtakt Cadenza CD-C18 (150 × 2.1 mm, 3 µm)",Reversed phase,positive,DG08,0,0,[],"[2.7420416977017483, 0.4346107651092964, 0.158404703886385, 0.0397552415199232, 0.0060152956938599, -0.5557148492530846, 0.5514112219340717, 0.5003429512236914, 0.0829497330760111, 7.542064374392371, 0.5141497559225673, 6.792315008314176, 1.285024154589372]"
External A,train,WTHFD_mixpos__F4348,WTHFD_mixpos/WTHFD_mixpos__F4348.png,WTHFD_mixpos,ST003127,PR001944,Thermo Q Exactive Orbitrap,Thermo Exactive Orbitrap,"Imtakt Cadenza CD-C18 (150 × 2.1 mm, 3 µm)",Reversed phase,positive,DG08,0,0,[],"[2.4073507352138623, 0.8887018728731213, 0.4113678711020384, 0.1958190248001993, 0.0299075611500541, -0.2537218946150297, 0.8187668823056014, 0.415423985335603, 0.36349675524005, 4.376302032858288, 1.023367307066253, 3.561837193002176, 1.0857142857142856]"
External A,train,WTHFD_mixpos__F4385,WTHFD_mixpos/WTHFD_mixpos__F4385.png,WTHFD_mixpos,ST003127,PR001944,Thermo Q Exactive Orbitrap,Thermo Exactive Orbitrap,"Imtakt Cadenza CD-C18 (150 × 2.1 mm, 3 µm)",Reversed phase,positive,DG08,0,0,[],"[3.4739237245151373, 0.7203515302806955, 0.4340179793243833, 0.2433414860888602, 0.0163594364664767, -0.575434400047783, 0.8025723665017402, 0.5977728396646949, 0.9205209357520988, 5.910394968337875, 0.8011179397498799, 5.232373193563325, 1.4634146341463414]"
External A,train,WTHFD_mixpos__F4425,WTHFD_mixpos/WTHFD_mixpos__F4425.png,WTHFD_mixpos,ST003127,PR001944,Thermo Q Exactive Orbitrap,Thermo Exactive Orbitrap,"Imtakt Cadenza CD-C18 (150 × 2.1 mm, 3 µm)",Reversed phase,positive,DG08,0,0,[],"[2.588886894222372, 0.6367214705130927, 0.4560521460812936, 0.1219535622735501, 0.0566177488104849, -0.4170427946509423, 0.6178927946878321, 0.5673707005063076, 1.4400651635958477, 4.718439597776904, 0.6906103250837995, 4.75, 1.25]"
External A,train,WTHFD_mixpos__F4449,WTHFD_mixpos/WTHFD_mixpos__F4449.png,WTHFD_mixpos,ST003127,PR001944,Thermo Q Exactive Orbitrap,Thermo Exactive Orbitrap,"Imtakt Cadenza CD-C18 (150 × 2.1 mm, 3 µm)",Reversed phase,positive,DG08,0,0,[],"[3.628499940556513, 0.6740403076209056, 0.2917837241327774, 0.2362544265897277, 0.0069838003245378, -0.6657962234583508, 0.7448922901559287, 0.7058064630087139, 0.5980748996654754, 6.78458204430344, 0.6633949124853912, 5.538755250691822, 1.3605442176870748]"
External A,train,WTHFD_mixpos__F4529,WTHFD_mixpos/WTHFD_mixpos__F4529.png,WTHFD_mixpos,ST003127,PR001944,Thermo Q Exactive Orbitrap,Thermo Exactive Orbitrap,"Imtakt Cadenza CD-C18 (150 × 2.1 mm, 3 µm)",Reversed phase,positive,DG08,0,0,[],"[2.800974809259784, 1.188761070170166, 1.57695682195233, 0.3354267880196911, 0.2083882745921108, -1.2504499588991138, 1.1306277299034224, 1.916951049284712, 1.390993838979332, 5.560965558674631, 0.4138909669329315, 5.185048641230331, 1.2921348314606742]"
External A,train,WTHFD_mixpos__F4689,WTHFD_mixpos/WTHFD_mixpos__F4689.png,WTHFD_mixpos,ST003127,PR001944,Thermo Q Exactive Orbitrap,Thermo Exactive Orbitrap,"Imtakt Cadenza CD-C18 (150 × 2.1 mm, 3 µm)",Reversed phase,positive,DG08,0,0,[],"[3.6823628470393768, 0.5754392574607956, 0.2899616005071578, 0.1929820571108024, 0.0091982151338072, -0.7453373746866506, 0.9791747668328968, 0.7616010839395747, 1.1680657604577, 7.989327592550328, 0.5586079281901366, 6.4967198819479535, 1.32]"
External A,train,WTHFD_mixpos__F4752,WTHFD_mixpos/WTHFD_mixpos__F4752.png,WTHFD_mixpos,ST003127,PR001944,Thermo Q Exactive Orbitrap,Thermo Exactive Orbitrap,"Imtakt Cadenza CD-C18 (150 × 2.1 mm, 3 µm)",Reversed phase,positive,DG08,0,1,"[[115.80645161290349, 84.35990338164251, 225.48387096774192, 403.7592592592593]]","[1.436163794887598, 0.3047248475769183, 0.8574809817994912, -0.1433814206845209, 0.9228999140973312, -0.7070214408096102, 0.3386232475643785, 0.6522846974495292, -0.7858459081547368, 2.732383644005571, 0.2928007368868835, 2.807354922057604, 1.1428571428571428]"
External A,train,WTHFD_mixpos__F4845,WTHFD_mixpos/WTHFD_mixpos__F4845.png,WTHFD_mixpos,ST003127,PR001944,Thermo Q Exactive Orbitrap,Thermo Exactive Orbitrap,"Imtakt Cadenza CD-C18 (150 × 2.1 mm, 3 µm)",Reversed phase,positive,DG08,0,0,[],"[3.6493797286456666, 0.7104944005865497, 0.3835972954054957, 0.2544107660028017, 0.0198873381654499, -0.5304149034641042, 0.7188875277557, 0.4590177627048911, 0.1355278016338238, 5.892728677007908, 0.8660330358610803, 4.73861336625125, 1.4]"
External A,train,WTHFD_mixpos__F4895,WTHFD_mixpos/WTHFD_mixpos__F4895.png,WTHFD_mixpos,ST003127,PR001944,Thermo Q Exactive Orbitrap,Thermo Exactive Orbitrap,"Imtakt Cadenza CD-C18 (150 × 2.1 mm, 3 µm)",Reversed phase,positive,DG08,0,0,[],"[3.4036792423431246, 0.7890873269911616, 0.2837736469487187, 0.2655017883352369, 0.0076398921425944, -0.5460570516070756, 0.6738315505419111, 0.615188466844252, 0.2313911310253784, 6.437282482310032, 0.8464445629492161, 4.729183302070444, 1.3082706766917294]"
External A,train,WTHFD_mixpos__F4914,WTHFD_mixpos/WTHFD_mixpos__F4914.png,WTHFD_mixpos,ST003127,PR001944,Thermo Q Exactive Orbitrap,Thermo Exactive Orbitrap,"Imtakt Cadenza CD-C18 (150 × 2.1 mm, 3 µm)",Reversed phase,positive,DG08,0,0,[],"[1.4910206387781648, 0.665499405673898, 0.8161044500674298, -0.0016810703121925, 0.4347627749013324, -0.6185818392555973, 0.9819740342987158, 1.1464483493709503, -0.2938257149689107, 4.178282334029465, 0.51352286200575, 3.943465189601647, 1.04]"
External A,train,WTHFD_mixpos__F4933,WTHFD_mixpos/WTHFD_mixpos__F4933.png,WTHFD_mixpos,ST003127,PR001944,Thermo Q Exactive Orbitrap,Thermo Exactive Orbitrap,"Imtakt Cadenza CD-C18 (150 × 2.1 mm, 3 µm)",Reversed phase,positive,DG08,1,1,"[[202.50000000000003, 84.35990338164251, 385.8333333333335, 403.7592592592593]]","[2.749364847400242, 1.3946285655150497, 1.8662121844845705, 0.3833074428258441, 0.1850732450951872, -3.151682753684684, 1.0300180935643857, 4.177619127717703, 1.6017193363526483, 6.251521929768241, 0.0668998378620936, 5.72888688441877, 0.8674698795180723]"
External A,train,WTHFD_mixpos__F4983,WTHFD_mixpos/WTHFD_mixpos__F4983.png,WTHFD_mixpos,ST003127,PR001944,Thermo Q Exactive Orbitrap,Thermo Exactive Orbitrap,"Imtakt Cadenza CD-C18 (150 × 2.1 mm, 3 µm)",Reversed phase,positive,DG08,0,0,[],"[3.591243866182596, 0.9885259406467948, 1.0091441630720046, 0.3569850014140629, 0.0822321031100049, -0.9816382256689402, 1.1030044054452288, 1.3212019316875914, 1.4047424873001353, 6.895039498550904, 0.6419273559898013, 5.160125009231055, 1.177664974619289]"
External A,train,WTHFD_mixpos__F500,WTHFD_mixpos/WTHFD_mixpos__F500.png,WTHFD_mixpos,ST003127,PR001944,Thermo Q Exactive Orbitrap,Thermo Exactive Orbitrap,"Imtakt Cadenza CD-C18 (150 × 2.1 mm, 3 µm)",Reversed phase,positive,DG08,0,0,[],"[2.279313193096131, 0.5707747560981175, 0.2785452174364792, 0.0608817972056535, 0.0315567522616817, -0.3549183621980279, 0.8240376363285232, 0.4740535139181702, -0.3422178230735659, 5.214561956128611, 0.6384849055641284, 4.831184596358489, 1.319148936170213]"
External A,train,WTHFD_mixpos__F5184,WTHFD_mixpos/WTHFD_mixpos__F5184.png,WTHFD_mixpos,ST003127,PR001944,Thermo Q Exactive Orbitrap,Thermo Exactive Orbitrap,"Imtakt Cadenza CD-C18 (150 × 2.1 mm, 3 µm)",Reversed phase,positive,DG08,0,0,[],"[1.6006719883125644, 0.7070849959399527, 1.2817536841407142, 0.0277187329608262, 0.4381173384374766, -0.8208050049343855, 0.94274982221244, 1.537544182056929, -0.1063920214635745, 4.409884107886889, 0.4486903638769192, 4.251841113795077, 1.0666666666666669]"
External A,train,WTHFD_mixpos__F5219,WTHFD_mixpos/WTHFD_mixpos__F5219.png,WTHFD_mixpos,ST003127,PR001944,Thermo Q Exactive Orbitrap,Thermo Exactive Orbitrap,"Imtakt Cadenza CD-C18 (150 × 2.1 mm, 3 µm)",Reversed phase,positive,DG08,0,0,[],"[2.278606375724655, 0.6125958409341336, 0.4029008083402899, 0.0784323092495472, 0.0313958246204673, -0.4779594008592505, 1.018407319608872, 0.698822243169151, 0.2393467166276655, 5.624182833502682, 0.5943955084830845, 5.045072686147527, 1.238095238095238]"
External A,train,WTHFD_mixpos__F5346,WTHFD_mixpos/WTHFD_mixpos__F5346.png,WTHFD_mixpos,ST003127,PR001944,Thermo Q Exactive Orbitrap,Thermo Exactive Orbitrap,"Imtakt Cadenza CD-C18 (150 × 2.1 mm, 3 µm)",Reversed phase,positive,DG08,0,0,[],"[1.4249067672722304, 1.1277158536596097, 0.2536223873827958, 0.1150927023661699, 0.1560220892176985, -0.0275918540704786, 1.1528162413349077, 0.7740648221134229, 0.3319306404616894, 3.1530120155349937, 1.1028066481044576, 2.419240704636849, 0.95]"
External A,train,WTHFD_mixpos__F5378,WTHFD_mixpos/WTHFD_mixpos__F5378.png,WTHFD_mixpos,ST003127,PR001944,Thermo Q Exactive Orbitrap,Thermo Exactive Orbitrap,"Imtakt Cadenza CD-C18 (150 × 2.1 mm, 3 µm)",Reversed phase,positive,DG08,1,1,"[[229.78494623655914, 84.35990338164251, 263.6559139784946, 403.75925925925924]]","[2.13280826697216, 1.0180947800160742, 0.8654145758561387, 0.2002211581179439, 0.1581078349640995, -0.9435368962247764, 0.8996926178118286, 1.7101991427807497, 0.3858406811193384, 4.435868366622069, 0.4293624666405883, 3.4706359286019, 0.8571428571428571]"
External A,train,WTHFD_mixpos__F5384,WTHFD_mixpos/WTHFD_mixpos__F5384.png,WTHFD_mixpos,ST003127,PR001944,Thermo Q Exactive Orbitrap,Thermo Exactive Orbitrap,"Imtakt Cadenza CD-C18 (150 × 2.1 mm, 3 µm)",Reversed phase,positive,DG08,0,0,[],"[2.995101425828964, 1.1370160900639952, 0.8325521450912423, 0.3429630916742169, 0.047544453125668, -0.1422322728883984, 0.2818059382032792, -0.0530910880365526, 1.3087491360518275, 3.2048345332978228, 1.715686881198508, 2.641120933813016, 1.4736842105263157]"
External A,train,WTHFD_mixpos__F5462,WTHFD_mixpos/WTHFD_mixpos__F5462.png,WTHFD_mixpos,ST003127,PR001944,Thermo Q Exactive Orbitrap,Thermo Exactive Orbitrap,"Imtakt Cadenza CD-C18 (150 × 2.1 mm, 3 µm)",Reversed phase,positive,DG08,0,0,[],"[2.749792508488177, 0.6380098495632772, 0.3828948283346268, 0.1389961791014437, 0.0247042697403983, -0.568888700305761, 0.6971953115841518, 0.7894364628765494, -0.1628075600890685, 5.030031492591869, 0.6631795533155439, 4.568084324344715, 1.181818181818182]"
External A,train,WTHFD_mixpos__F5468,WTHFD_mixpos/WTHFD_mixpos__F5468.png,WTHFD_mixpos,ST003127,PR001944,Thermo Q Exactive Orbitrap,Thermo Exactive Orbitrap,"Imtakt Cadenza CD-C18 (150 × 2.1 mm, 3 µm)",Reversed phase,positive,DG08,0,0,[],"[2.6368843362427263, 0.5938782330453956, 0.1926248155023498, 0.1082246609772524, 0.0093305581972135, -0.6750549627271833, 0.9857208974058432, 0.9250180861586468, 0.3552624163002938, 6.854369796234346, 0.4987825016499616, 6.169501344171526, 1.3006993006993006]"
External A,train,WTHFD_mixpos__F5486,WTHFD_mixpos/WTHFD_mixpos__F5486.png,WTHFD_mixpos,ST003127,PR001944,Thermo Q Exactive Orbitrap,Thermo Exactive Orbitrap,"Imtakt Cadenza CD-C18 (150 × 2.1 mm, 3 µm)",Reversed phase,positive,DG08,0,0,[],"[1.3634785128223923, 0.7496778200246498, 0.1912851462093487, 0.0047875813492388, 0.3134224755224343, -0.1962383616093913, 1.099022755640938, 0.7011918476643506, -0.4064223684863313, 2.9706388550738123, 0.7681473695971188, 2.9182958340544896, 1.1666666666666667]"
External A,train,WTHFD_mixpos__F5698,WTHFD_mixpos/WTHFD_mixpos__F5698.png,WTHFD_mixpos,ST003127,PR001944,Thermo Q Exactive Orbitrap,Thermo Exactive Orbitrap,"Imtakt Cadenza CD-C18 (150 × 2.1 mm, 3 µm)",Reversed phase,positive,DG08,1,1,"[[235.83333333333331, 84.35990338164248, 281.94444444444446, 403.75925925925924]]","[2.213899681352251, 1.348893584979373, 1.6170821003365108, 0.2995416266516127, 0.2365904498695036, -1.0010567510798096, 0.7175261481949378, 1.859045059216193, 1.204125946372118, 2.6756903071491003, 0.587911541813054, 2.5, 0.5]"
External A,train,WTHFD_mixpos__F5755,WTHFD_mixpos/WTHFD_mixpos__F5755.png,WTHFD_mixpos,ST003127,PR001944,Thermo Q Exactive Orbitrap,Thermo Exactive Orbitrap,"Imtakt Cadenza CD-C18 (150 × 2.1 mm, 3 µm)",Reversed phase,positive,DG08,0,0,[],"[2.4067776273839523, 0.7376180425520164, 0.3720572953745409, 0.1422772175245734, 0.0270343392324662, -0.5624641010214045, 0.909510355457708, 0.9783352433064304, 0.8109912272684089, 4.994817984032497, 0.6430449970274345, 4.8795258011131, 1.162790697674419]"
External A,train,WTHFD_mixpos__F5781,WTHFD_mixpos/WTHFD_mixpos__F5781.png,WTHFD_mixpos,ST003127,PR001944,Thermo Q Exactive Orbitrap,Thermo Exactive Orbitrap,"Imtakt Cadenza CD-C18 (150 × 2.1 mm, 3 µm)",Reversed phase,positive,DG08,0,0,[],"[2.287602584284226, 0.7657253188601738, 0.4087652643463091, 0.1385671769103157, 0.0415949259462239, -0.4305816415075844, 1.0899005121246652, 0.8033446913329717, 0.268919229043829, 5.54440208966161, 0.7879126866041709, 4.648950213945878, 1.2173913043478262]"
External A,train,WTHFD_mixpos__F5837,WTHFD_mixpos/WTHFD_mixpos__F5837.png,WTHFD_mixpos,ST003127,PR001944,Thermo Q Exactive Orbitrap,Thermo Exactive Orbitrap,"Imtakt Cadenza CD-C18 (150 × 2.1 mm, 3 µm)",Reversed phase,positive,DG08,0,0,[],"[2.6427427552540244, 0.9763799825075504, 0.9034177758801892, 0.2528919853443543, 0.0595565094340155, -0.9588472924247974, 0.3733618051272948, 0.8722742284955122, 1.3964240305408353, 2.9605705224775765, 0.7233466097615936, 2.9312089489103235, 0.7692307692307693]"
External A,train,WTHFD_mixpos__F5842,WTHFD_mixpos/WTHFD_mixpos__F5842.png,WTHFD_mixpos,ST003127,PR001944,Thermo Q Exactive Orbitrap,Thermo Exactive Orbitrap,"Imtakt Cadenza CD-C18 (150 × 2.1 mm, 3 µm)",Reversed phase,positive,DG08,0,0,[],"[3.0762864993858425, 0.7915198910901022, 0.2663481298167792, 0.2348894069090625, 0.0178775992254061, -0.4688631795393082, 0.8648333577898185, 0.5970103305450285, 0.1697217903184874, 6.052480575590905, 0.900999315264147, 4.564331817698284, 1.3398058252427183]"
External A,train,WTHFD_mixpos__F5895,WTHFD_mixpos/WTHFD_mixpos__F5895.png,WTHFD_mixpos,ST003127,PR001944,Thermo Q Exactive Orbitrap,Thermo Exactive Orbitrap,"Imtakt Cadenza CD-C18 (150 × 2.1 mm, 3 µm)",Reversed phase,positive,DG08,0,0,[],"[2.230495803055008, 0.786947016827868, 0.4303103251893686, 0.1391360622266288, 0.062446026865195, -0.4858689108620632, 0.8601471168121638, 0.8831655856933811, 0.2019985780119856, 5.20069989823101, 0.7380859578033502, 4.338752139853689, 1.25]"
External A,train,WTHFD_mixpos__F6088,WTHFD_mixpos/WTHFD_mixpos__F6088.png,WTHFD_mixpos,ST003127,PR001944,Thermo Q Exactive Orbitrap,Thermo Exactive Orbitrap,"Imtakt Cadenza CD-C18 (150 × 2.1 mm, 3 µm)",Reversed phase,positive,DG08,0,0,[],"[3.1166914248572364, 1.1300487001902688, 0.4759917364308316, 0.354301819853111, 0.0337577758605547, -0.4311075844027265, 0.6763335119556046, 0.6473434286010404, 1.1235295549182307, 4.411204300606746, 1.0465231501793315, 3.2550326781709926, 1.2045454545454546]"
External A,train,WTHFD_mixpos__F6149,WTHFD_mixpos/WTHFD_mixpos__F6149.png,WTHFD_mixpos,ST003127,PR001944,Thermo Q Exactive Orbitrap,Thermo Exactive Orbitrap,"Imtakt Cadenza CD-C18 (150 × 2.1 mm, 3 µm)",Reversed phase,positive,DG08,0,0,[],"[1.8808168407259327, 0.6765300696052556, 0.7935189868165151, 0.0554603556192271, 0.3429028114003064, -0.4620010214987674, 0.7711414438419651, 0.8812653749518691, 0.0912008819118057, 3.718124596739569, 0.6586743497158124, 3.725480556997868, 1.1111111111111112]"
External A,train,WTHFD_mixpos__F6170,WTHFD_mixpos/WTHFD_mixpos__F6170.png,WTHFD_mixpos,ST003127,PR001944,Thermo Q Exactive Orbitrap,Thermo Exactive Orbitrap,"Imtakt Cadenza CD-C18 (150 × 2.1 mm, 3 µm)",Reversed phase,positive,DG08,0,0,[],"[1.744448953016901, 0.8087981702645072, 0.2858121524532648, 0.0811504841140469, 0.0816867034107534, -0.0958972508957936, 0.8617890521863611, 0.3808968276375904, 0.0961782782588162, 3.998120453982871, 0.9907205178567504, 3.683856189774725, 1.2]"
External A,train,WTHFD_mixpos__F6207,WTHFD_mixpos/WTHFD_mixpos__F6207.png,WTHFD_mixpos,ST003127,PR001944,Thermo Q Exactive Orbitrap,Thermo Exactive Orbitrap,"Imtakt Cadenza CD-C18 (150 × 2.1 mm, 3 µm)",Reversed phase,positive,DG08,0,0,[],"[2.17462016023274, 0.8669172718157659, 0.2711622090540329, 0.1591483026105635, 0.0369335535835857, -0.2301834416565106, 0.7699263683075727, 0.5493291662933331, 0.1842709835144997, 5.199029975821574, 0.979018561632066, 4.158483311169107, 1.213114754098361]"
External A,train,WTHFD_mixpos__F6215,WTHFD_mixpos/WTHFD_mixpos__F6215.png,WTHFD_mixpos,ST003127,PR001944,Thermo Q Exactive Orbitrap,Thermo Exactive Orbitrap,"Imtakt Cadenza CD-C18 (150 × 2.1 mm, 3 µm)",Reversed phase,positive,DG08,0,1,"[[65.833333333333, 385.7499866244653, 172.4999999999998, 403.75925925925924]]","[2.449489742783178, 2.4494897427831783, 2.443737192218735, 0.5440680443502757, 0.1613428247324165, -0.0669467896306132, 0.3010299956639811, 0.5118746150936737, 2.645751311064591, -0.0, 2.333333333333333, 0.5916727785823275, 0.5714285714285714]"
External A,train,WTHFD_mixpos__F6320,WTHFD_mixpos/WTHFD_mixpos__F6320.png,WTHFD_mixpos,ST003127,PR001944,Thermo Q Exactive Orbitrap,Thermo Exactive Orbitrap,"Imtakt Cadenza CD-C18 (150 × 2.1 mm, 3 µm)",Reversed phase,positive,DG08,0,0,[],"[2.9275703431380293, 0.5238588207716717, 0.1496746575105717, 0.1027138052038575, 0.0050451776361256, -0.6081126989538331, 0.7400465793966123, 0.6785863011801413, 0.0179170415134634, 7.957648528750967, 0.5550629699220169, 6.603541479339231, 1.2271186440677966]"
External A,train,WTHFD_mixpos__F6333,WTHFD_mixpos/WTHFD_mixpos__F6333.png,WTHFD_mixpos,ST003127,PR001944,Thermo Q Exactive Orbitrap,Thermo Exactive Orbitrap,"Imtakt Cadenza CD-C18 (150 × 2.1 mm, 3 µm)",Reversed phase,positive,DG08,0,0,[],"[4.241963364477045, 0.6113074383495116, 0.841381246857715, 0.2544445975547203, 0.1049920018859152, -1.0811341161251018, 0.8993415039197503, 1.1334455648696942, 1.505578639537495, 6.383365089164701, 0.491721954435979, 5.964968362394588, 1.2323232323232325]"
External A,train,WTHFD_mixpos__F6456,WTHFD_mixpos/WTHFD_mixpos__F6456.png,WTHFD_mixpos,ST003127,PR001944,Thermo Q Exactive Orbitrap,Thermo Exactive Orbitrap,"Imtakt Cadenza CD-C18 (150 × 2.1 mm, 3 µm)",Reversed phase,positive,DG08,0,0,[],"[2.134565593062097, 0.9402309316209452, 0.2589469382170039, 0.1771012076892265, 0.0246164475441636, -0.2422159601043272, 0.8924974026254215, 0.6766954614507409, 0.1406240157235616, 4.713327241547531, 0.977870622754177, 3.5799902949221147, 1.2083333333333333]"
External A,train,WTHFD_mixpos__F6481,WTHFD_mixpos/WTHFD_mixpos__F6481.png,WTHFD_mixpos,ST003127,PR001944,Thermo Q Exactive Orbitrap,Thermo Exactive Orbitrap,"Imtakt Cadenza CD-C18 (150 × 2.1 mm, 3 µm)",Reversed phase,positive,DG08,0,0,[],"[3.330739193248113, 0.665290863365185, 0.3011770737543783, 0.2062739382202376, 0.0119636234680442, -0.4919513056203812, 0.5353697587048611, 0.4371946759896047, 0.0214983317430689, 6.341030475037639, 0.8189074875105026, 5.166120752073988, 1.3243243243243243]"
External A,train,WTHFD_mixpos__F6506,WTHFD_mixpos/WTHFD_mixpos__F6506.png,WTHFD_mixpos,ST003127,PR001944,Thermo Q Exactive Orbitrap,Thermo Exactive Orbitrap,"Imtakt Cadenza CD-C18 (150 × 2.1 mm, 3 µm)",Reversed phase,positive,DG08,0,0,[],"[3.7761719035422896, 0.9843527494731444, 0.4414592652589899, 0.3726437244874866, 0.0132065169369185, -0.5642634391446815, 0.4642881194000943, 0.5892633419205584, 0.7517025651229673, 5.410467693842895, 1.0452071174339597, 3.936429226029012, 1.205128205128205]"
External A,train,WTHFD_mixpos__F6552,WTHFD_mixpos/WTHFD_mixpos__F6552.png,WTHFD_mixpos,ST003127,PR001944,Thermo Q Exactive Orbitrap,Thermo Exactive Orbitrap,"Imtakt Cadenza CD-C18 (150 × 2.1 mm, 3 µm)",Reversed phase,positive,DG08,1,1,"[[207.84050179211462, 84.35990338164251, 293.2258064516131, 403.7592592592593]]","[3.5730885573253484, 0.5558213069251933, 1.2156777469283937, 0.1740596261666271, 0.1935291855883365, -1.567002637823932, 0.9942849803651368, 1.887662558658676, 1.4344581367686549, 6.198919084545773, 0.2120659951785457, 5.762085504949032, 0.9651162790697676]"
External A,train,WTHFD_mixpos__F6632,WTHFD_mixpos/WTHFD_mixpos__F6632.png,WTHFD_mixpos,ST003127,PR001944,Thermo Q Exactive Orbitrap,Thermo Exactive Orbitrap,"Imtakt Cadenza CD-C18 (150 × 2.1 mm, 3 µm)",Reversed phase,positive,DG08,1,1,"[[222.45130307242238, 84.35990338164247, 369.4526558724223, 403.75925925925924]]","[2.654518535362904, 1.3957074246424952, 1.8961540651514592, 0.3715232841220356, 0.1162780957623837, -3.0314707073632747, 0.8247481640913747, 4.076951382077751, 1.5468587715110136, 5.345470235119629, 0.1140263074944332, 5.345542429481522, 0.6521739130434783]"
External A,train,WTHFD_mixpos__F6651,WTHFD_mixpos/WTHFD_mixpos__F6651.png,WTHFD_mixpos,ST003127,PR001944,Thermo Q Exactive Orbitrap,Thermo Exactive Orbitrap,"Imtakt Cadenza CD-C18 (150 × 2.1 mm, 3 µm)",Reversed phase,positive,DG08,0,0,[],"[3.585086902247636, 1.2571907295958176, 0.7449266642073603, 0.4398959651164593, 0.0406158405731528, -0.5662809376955518, 0.3299383545841658, 0.7337616289327454, 1.5751699494623372, 3.765150442186358, 1.2336527995209052, 2.8251640523223585, 0.967741935483871]"
External A,train,WTHFD_mixpos__F6868,WTHFD_mixpos/WTHFD_mixpos__F6868.png,WTHFD_mixpos,ST003127,PR001944,Thermo Q Exactive Orbitrap,Thermo Exactive Orbitrap,"Imtakt Cadenza CD-C18 (150 × 2.1 mm, 3 µm)",Reversed phase,positive,DG08,0,0,[],"[2.1131806325843505, 0.8724973670976618, 0.7180194990379846, 0.1528605842056627, 0.1370212768535161, -0.3828997575511057, 0.6787393433106277, 0.7169994339496756, 0.7022524353418261, 3.0277943816641137, 0.9129130597921232, 3.085055102756477, 1.0769230769230769]"
External A,train,WTHFD_mixpos__F6887,WTHFD_mixpos/WTHFD_mixpos__F6887.png,WTHFD_mixpos,ST003127,PR001944,Thermo Q Exactive Orbitrap,Thermo Exactive Orbitrap,"Imtakt Cadenza CD-C18 (150 × 2.1 mm, 3 µm)",Reversed phase,positive,DG08,0,0,[],"[2.557253168629801, 0.7512528560872531, 0.3390870436414157, 0.1645229330487328, 0.0427145722868575, -0.2572003231115116, 0.841431259822597, 0.2526675479950169, 0.1883967202084953, 4.830364665783222, 0.9606787165969478, 4.016735577283109, 1.380952380952381]"
External A,train,WTHFD_mixpos__F6945,WTHFD_mixpos/WTHFD_mixpos__F6945.png,WTHFD_mixpos,ST003127,PR001944,Thermo Q Exactive Orbitrap,Thermo Exactive Orbitrap,"Imtakt Cadenza CD-C18 (150 × 2.1 mm, 3 µm)",Reversed phase,positive,DG08,0,0,[],"[2.268850170554225, 0.6595759596217577, 1.254905629285688, 0.0962979264783563, 0.2307660238626503, -0.4575119182491631, 0.2053974222463647, 0.7296992670924604, 1.2344942390693348, 2.6530205825487245, 0.8886855307927986, 2.75, 1.0]"
External A,train,WTHFD_mixpos__F7081,WTHFD_mixpos/WTHFD_mixpos__F7081.png,WTHFD_mixpos,ST003127,PR001944,Thermo Q Exactive Orbitrap,Thermo Exactive Orbitrap,"Imtakt Cadenza CD-C18 (150 × 2.1 mm, 3 µm)",Reversed phase,positive,DG08,0,0,[],"[1.2686072321734023, 0.3773787619464928, 0.7359094298409073, -0.1311365811714141, 0.2744270617440457, -0.6456885442242681, 0.8366677720193871, 1.14278145988852, -0.0981872322797245, 4.214087925371888, 0.2560803194578609, 4.221928094887363, 0.9]"
External A,train,WTHFD_mixpos__F7118,WTHFD_mixpos/WTHFD_mixpos__F7118.png,WTHFD_mixpos,ST003127,PR001944,Thermo Q Exactive Orbitrap,Thermo Exactive Orbitrap,"Imtakt Cadenza CD-C18 (150 × 2.1 mm, 3 µm)",Reversed phase,positive,DG08,0,0,[],"[3.6606994648707, 0.6476130611088977, 0.4056066788940405, 0.2266922681775835, 0.0393779333906334, -0.7492391722529653, 0.952930794683996, 0.8310288011616499, 1.0758287546745762, 6.763982200900984, 0.5970577473186409, 5.852278137702143, 1.4525547445255471]"
External A,train,WTHFD_mixpos__F7162,WTHFD_mixpos/WTHFD_mixpos__F7162.png,WTHFD_mixpos,ST003127,PR001944,Thermo Q Exactive Orbitrap,Thermo Exactive Orbitrap,"Imtakt Cadenza CD-C18 (150 × 2.1 mm, 3 µm)",Reversed phase,positive,DG08,0,0,[],"[1.079783361933686, 0.5418764895924086, 0.0320151631864321, -0.1009708041867167, 0.8940039229710509, -0.56347876458267, 0.3546392952620615, 0.9732058218049996, -1.4316703104019677, 1.9748722614501948, 0.5550305270309855, 2.321928094887362, 0.4]"
External A,train,WTHFD_mixpos__F7222,WTHFD_mixpos/WTHFD_mixpos__F7222.png,WTHFD_mixpos,ST003127,PR001944,Thermo Q Exactive Orbitrap,Thermo Exactive Orbitrap,"Imtakt Cadenza CD-C18 (150 × 2.1 mm, 3 µm)",Reversed phase,positive,DG08,0,0,[],"[2.96059075812441, 1.0199405569682, 1.1256423196086949, 0.3031557144288845, 0.1135111276844433, -0.268303563523488, 0.283371587311494, 0.3175724780857229, 2.543831502269047, 2.8369323268027946, 1.094547734491788, 3.095795255000934, 1.2727272727272727]"
External A,train,WTHFD_mixpos__F7268,WTHFD_mixpos/WTHFD_mixpos__F7268.png,WTHFD_mixpos,ST003127,PR001944,Thermo Q Exactive Orbitrap,Thermo Exactive Orbitrap,"Imtakt Cadenza CD-C18 (150 × 2.1 mm, 3 µm)",Reversed phase,positive,DG08,1,1,"[[205.2777777777775, 84.3599033816425, 277.5000000000002, 403.75925925925924]]","[1.7383063938407413, 0.946219594661007, 1.8483965813660408, 0.1213660543071229, 0.3756611461412752, -1.2044874601941364, 1.025714233075738, 2.1431764306833325, 0.3982030373792466, 3.786660408974811, 0.3416538865569182, 3.5016291673878226, 0.6666666666666666]"
External A,train,WTHFD_mixpos__F734,WTHFD_mixpos/WTHFD_mixpos__F734.png,WTHFD_mixpos,ST003127,PR001944,Thermo Q Exactive Orbitrap,Thermo Exactive Orbitrap,"Imtakt Cadenza CD-C18 (150 × 2.1 mm, 3 µm)",Reversed phase,positive,DG08,0,0,[],"[2.5281497019965387, 1.0522397289194114, 0.2702306677370558, 0.2624771415270374, 0.0112980744856731, -0.2651694421516409, 0.6915805695074404, 0.572509616547429, 0.33812823683163, 5.356292890032132, 1.1834745810822531, 3.529492044722713, 1.2738095238095235]"
External A,train,WTHFD_mixpos__F7376,WTHFD_mixpos/WTHFD_mixpos__F7376.png,WTHFD_mixpos,ST003127,PR001944,Thermo Q Exactive Orbitrap,Thermo Exactive Orbitrap,"Imtakt Cadenza CD-C18 (150 × 2.1 mm, 3 µm)",Reversed phase,positive,DG08,0,0,[],"[3.049756967148977, 0.510229651620443, 0.1949781200210752, 0.1065438408131098, 0.0062474465336511, -0.6390947301338662, 0.7233246438138462, 0.6907497125447205, 0.6179987064998343, 7.368684832962229, 0.5380385712819539, 6.307951006066743, 1.3368421052631578]"
External A,train,WTHFD_mixpos__F7389,WTHFD_mixpos/WTHFD_mixpos__F7389.png,WTHFD_mixpos,ST003127,PR001944,Thermo Q Exactive Orbitrap,Thermo Exactive Orbitrap,"Imtakt Cadenza CD-C18 (150 × 2.1 mm, 3 µm)",Reversed phase,positive,DG08,0,1,"[[162.5, 392.2675004803989, 177.5, 403.7592592592593]]","[1.1403579004970144, 0.6214171294237906, 0.6226062625024076, -0.0683799518670445, 0.1666379974422036, -0.0934545629047938, 0.1177386454253058, -2.070107810813745, -1.1511671516697843, 1.5574730936956709, 0.9525785581829016, 2.0, 0.5]"
External A,train,WTHFD_mixpos__F7428,WTHFD_mixpos/WTHFD_mixpos__F7428.png,WTHFD_mixpos,ST003127,PR001944,Thermo Q Exactive Orbitrap,Thermo Exactive Orbitrap,"Imtakt Cadenza CD-C18 (150 × 2.1 mm, 3 µm)",Reversed phase,positive,DG08,1,2,"[[238.6111111111111, 213.12125188350794, 268.6111111111112, 403.75925925925924], [303.6290322580645, 84.35990338164248, 314.7401433691756, 403.75925925925924]]","[1.6536015398639847, 1.0189699049989964, 1.5368136146169766, 0.1279094748862068, 0.4192247721382411, -0.7625424957404864, 0.8317812346566028, 1.67332351967351, 0.2969677894426734, 3.1103107814105675, 0.4749383500896093, 2.6756981353679867, 0.7058823529411765]"
External A,train,WTHFD_mixpos__F7446,WTHFD_mixpos/WTHFD_mixpos__F7446.png,WTHFD_mixpos,ST003127,PR001944,Thermo Q Exactive Orbitrap,Thermo Exactive Orbitrap,"Imtakt Cadenza CD-C18 (150 × 2.1 mm, 3 µm)",Reversed phase,positive,DG08,0,0,[],"[2.370788266688409, 0.7305613995343706, 0.3242871867911075, 0.135451715789186, 0.017450233735618, -0.2684178584830314, 0.7943961764728145, 0.3990371790333515, 0.4237157788854622, 5.056840893700463, 0.855697533307929, 4.617275068592313, 1.148936170212766]"
External A,train,WTHFD_mixpos__F7723,WTHFD_mixpos/WTHFD_mixpos__F7723.png,WTHFD_mixpos,ST003127,PR001944,Thermo Q Exactive Orbitrap,Thermo Exactive Orbitrap,"Imtakt Cadenza CD-C18 (150 × 2.1 mm, 3 µm)",Reversed phase,positive,DG08,1,1,"[[216.2719383035488, 84.35990338164248, 283.05555555555577, 403.7592592592593]]","[0.9752742557922502, 0.0756703265909676, 1.3273144362905736, -0.2701068704732823, 1.0, -0.6085620589976359, 0.0499533578116808, 0.6811275403762178, -1.507762057362413, 2.317681169613546, 0.0716251221521247, 2.321928094887362, 1.2]"
External A,train,WTHFD_mixpos__F7892,WTHFD_mixpos/WTHFD_mixpos__F7892.png,WTHFD_mixpos,ST003127,PR001944,Thermo Q Exactive Orbitrap,Thermo Exactive Orbitrap,"Imtakt Cadenza CD-C18 (150 × 2.1 mm, 3 µm)",Reversed phase,positive,DG08,0,0,[],"[3.135582810371038, 0.9034698678255828, 0.4849316192796054, 0.2824980128024741, 0.0474683262597284, -0.5587214010262276, 0.6814303653165168, 0.793308100582117, 0.6121598746926827, 4.320393990514912, 0.8385702063686244, 3.5549417725493333, 1.088235294117647]"
External A,train,WTHFD_mixpos__F7982,WTHFD_mixpos/WTHFD_mixpos__F7982.png,WTHFD_mixpos,ST003127,PR001944,Thermo Q Exactive Orbitrap,Thermo Exactive Orbitrap,"Imtakt Cadenza CD-C18 (150 × 2.1 mm, 3 µm)",Reversed phase,positive,DG08,0,0,[],"[2.687868574237412, 1.0609361864073887, 0.4426135981564148, 0.2846176133799786, 0.0290659248581121, -0.3428726949300818, 0.8368092887428513, 0.667065172485248, 0.906240716563386, 4.329815786725744, 1.1032144323172806, 3.7057338572823286, 1.263157894736842]"
External A,train,WTHFD_mixpos__F8048,WTHFD_mixpos/WTHFD_mixpos__F8048.png,WTHFD_mixpos,ST003127,PR001944,Thermo Q Exactive Orbitrap,Thermo Exactive Orbitrap,"Imtakt Cadenza CD-C18 (150 × 2.1 mm, 3 µm)",Reversed phase,positive,DG08,0,0,[],"[2.058887624101411, 0.4730282410988522, 0.6652985767983491, -0.0057022102889086, 0.2099863791834755, -0.2827348896359377, 0.965206995697789, 0.703149279245695, 0.8482070367469552, 4.706742979988925, 0.5038779131781429, 4.556088322639176, 1.4482758620689655]"
External A,train,WTHFD_mixpos__F8058,WTHFD_mixpos/WTHFD_mixpos__F8058.png,WTHFD_mixpos,ST003127,PR001944,Thermo Q Exactive Orbitrap,Thermo Exactive Orbitrap,"Imtakt Cadenza CD-C18 (150 × 2.1 mm, 3 µm)",Reversed phase,positive,DG08,0,0,[],"[2.6061460822844733, 0.8957060945306655, 0.4980323755904649, 0.2219800077686528, 0.0649998428277522, -0.3420766778461482, 0.9645269975804148, 0.5862193030019061, 0.8059981765500845, 4.223397892322192, 1.040213326289321, 3.955913095175825, 1.2333333333333334]"
External A,train,WTHFD_mixpos__F8136,WTHFD_mixpos/WTHFD_mixpos__F8136.png,WTHFD_mixpos,ST003127,PR001944,Thermo Q Exactive Orbitrap,Thermo Exactive Orbitrap,"Imtakt Cadenza CD-C18 (150 × 2.1 mm, 3 µm)",Reversed phase,positive,DG08,0,0,[],"[2.62636364393453, 0.8542865106222038, 0.2340533504035539, 0.2100062712217182, 0.0317989359744621, -0.4857638420500453, 0.7692149725018702, 0.8056762757481208, 0.3277264845453256, 5.175031877198467, 0.8180408799366635, 4.1158860005761815, 1.0847457627118644]"
External A,train,WTHFD_mixpos__F8171,WTHFD_mixpos/WTHFD_mixpos__F8171.png,WTHFD_mixpos,ST003127,PR001944,Thermo Q Exactive Orbitrap,Thermo Exactive Orbitrap,"Imtakt Cadenza CD-C18 (150 × 2.1 mm, 3 µm)",Reversed phase,positive,DG08,0,0,[],"[1.823443821651892, 0.4632344614590096, 0.3191021793788817, -0.0351084816914763, 0.1300617210898394, -0.3552695562879349, 0.6975952744952822, 0.5016519883282842, 0.1230451558936721, 4.406523257985883, 0.5743213555040556, 4.334962500721156, 1.25]"
External A,train,WTHFD_mixpos__F822,WTHFD_mixpos/WTHFD_mixpos__F822.png,WTHFD_mixpos,ST003127,PR001944,Thermo Q Exactive Orbitrap,Thermo Exactive Orbitrap,"Imtakt Cadenza CD-C18 (150 × 2.1 mm, 3 µm)",Reversed phase,positive,DG08,0,0,[],"[1.5484500094458544, 1.009787119656573, 0.6133363623764445, 0.1078210931065222, 0.1447956674802991, 0.0607082283815772, 0.5951382838509068, 0.3066746939684551, 0.5656386419948867, 2.115091995837408, 1.3500656431338949, 2.4056390622295662, 1.25]"
External A,train,WTHFD_mixpos__F8243,WTHFD_mixpos/WTHFD_mixpos__F8243.png,WTHFD_mixpos,ST003127,PR001944,Thermo Q Exactive Orbitrap,Thermo Exactive Orbitrap,"Imtakt Cadenza CD-C18 (150 × 2.1 mm, 3 µm)",Reversed phase,positive,DG08,0,0,[],"[2.4657754094060964, 0.8961433988106571, 0.7093388074162268, 0.2054328710706899, 0.1715337373141116, -0.4766426525980024, 0.9253896756496236, 0.8304331328726541, 0.5120171563458783, 4.297954660861342, 0.8978233520595285, 3.6195592706113664, 1.2727272727272727]"
External A,train,WTHFD_mixpos__F8249,WTHFD_mixpos/WTHFD_mixpos__F8249.png,WTHFD_mixpos,ST003127,PR001944,Thermo Q Exactive Orbitrap,Thermo Exactive Orbitrap,"Imtakt Cadenza CD-C18 (150 × 2.1 mm, 3 µm)",Reversed phase,positive,DG08,0,0,[],"[1.2157004086069876, 0.8480459193088994, 0.5940300700060933, 0.0066734636590647, 0.3755082497928381, -0.1535241635737281, 0.5583664602630312, 0.649873622361999, -0.2856761529715491, 1.5620786441265069, 1.1045781970844375, 1.9219280948873625, 0.8]"
External A,train,WTHFD_mixpos__F8305,WTHFD_mixpos/WTHFD_mixpos__F8305.png,WTHFD_mixpos,ST003127,PR001944,Thermo Q Exactive Orbitrap,Thermo Exactive Orbitrap,"Imtakt Cadenza CD-C18 (150 × 2.1 mm, 3 µm)",Reversed phase,positive,DG08,0,0,[],"[2.229997510206451, 1.0334607982048625, 0.2203772013211594, 0.2180908750801578, 0.0200320392599046, -0.2669474413560667, 0.9281779982782352, 0.7176842429478714, 0.2727888936601446, 5.176529060446619, 1.056369991502673, 3.4929452773171854, 1.0136986301369864]"
External A,train,WTHFD_mixpos__F8325,WTHFD_mixpos/WTHFD_mixpos__F8325.png,WTHFD_mixpos,ST003127,PR001944,Thermo Q Exactive Orbitrap,Thermo Exactive Orbitrap,"Imtakt Cadenza CD-C18 (150 × 2.1 mm, 3 µm)",Reversed phase,positive,DG08,0,0,[],"[3.939120593783917, 0.9240721036682052, 0.322726044546218, 0.3654909288827811, 0.0125001597846243, -0.7440274483491187, 0.7979492513697612, 0.8557145726514497, 1.0007876399350375, 6.9506594628076055, 0.8518210291858607, 4.815319414430121, 1.297560975609756]"
External A,train,WTHFD_mixpos__F8562,WTHFD_mixpos/WTHFD_mixpos__F8562.png,WTHFD_mixpos,ST003127,PR001944,Thermo Q Exactive Orbitrap,Thermo Exactive Orbitrap,"Imtakt Cadenza CD-C18 (150 × 2.1 mm, 3 µm)",Reversed phase,positive,DG08,0,0,[],"[1.7861303791644918, 0.4550202669896906, 0.3862106371948021, -0.0426979462858544, 0.4017538099479106, -0.7391282041895105, 0.7204510703831383, 0.9156902457779668, -0.1883380455880795, 3.50598679515218, 0.4594761276879891, 3.5465935642949384, 1.0769230769230769]"
External A,train,WTHFD_mixpos__F8675,WTHFD_mixpos/WTHFD_mixpos__F8675.png,WTHFD_mixpos,ST003127,PR001944,Thermo Q Exactive Orbitrap,Thermo Exactive Orbitrap,"Imtakt Cadenza CD-C18 (150 × 2.1 mm, 3 µm)",Reversed phase,positive,DG08,1,1,"[[190.2777777777778, 84.35990338164248, 388.05555555555554, 403.75925925925924]]","[2.573124201566926, 1.3873719227639894, 1.687084971059346, 0.3588748262202076, 0.1767005695208568, -3.0356318331499783, 0.9331999621131803, 4.09496101665852, 1.4768065279692586, 6.237436666155772, 0.0669965010110647, 5.695949862020093, 0.7023809523809523]"
External A,train,WTHFD_mixpos__F8687,WTHFD_mixpos/WTHFD_mixpos__F8687.png,WTHFD_mixpos,ST003127,PR001944,Thermo Q Exactive Orbitrap,Thermo Exactive Orbitrap,"Imtakt Cadenza CD-C18 (150 × 2.1 mm, 3 µm)",Reversed phase,positive,DG08,0,0,[],"[1.9324374076819089, 0.5991754148598055, 0.2477330612070062, 0.0329950773852217, 0.0301220675248826, -0.3423659744028208, 1.0842705056082402, 0.6575191470024138, 0.1719892832891716, 5.10611992867621, 0.7071160291485773, 5.063249859947753, 1.255813953488372]"
External A,train,WTHFD_mixpos__F8874,WTHFD_mixpos/WTHFD_mixpos__F8874.png,WTHFD_mixpos,ST003127,PR001944,Thermo Q Exactive Orbitrap,Thermo Exactive Orbitrap,"Imtakt Cadenza CD-C18 (150 × 2.1 mm, 3 µm)",Reversed phase,positive,DG08,1,1,"[[240.00000000000003, 84.35990338164248, 262.0430107526881, 403.75925925925924]]","[1.529689293349244, 0.8673568154256581, 1.225717713805873, 0.0657265273901204, 0.2461577257389987, -0.2102718590362263, 0.6280635824332614, 0.7389912279817951, 0.4872663256131666, 2.1383056080184915, 0.9017707979593592, 2.5216406363433186, 0.8571428571428571]"
External A,train,WTHFD_mixpos__F891,WTHFD_mixpos/WTHFD_mixpos__F891.png,WTHFD_mixpos,ST003127,PR001944,Thermo Q Exactive Orbitrap,Thermo Exactive Orbitrap,"Imtakt Cadenza CD-C18 (150 × 2.1 mm, 3 µm)",Reversed phase,positive,DG08,0,0,[],"[3.1112205717067503, 1.0406785082180223, 0.2520117294601386, 0.326108450624932, 0.024098905113186, -0.4904509773769975, 0.9018558640931632, 0.7341031261134462, 0.4371364736829132, 5.736165053130272, 1.0984227859090177, 3.709477590669027, 1.158878504672897]"
External A,train,WTHFD_mixpos__F8933,WTHFD_mixpos/WTHFD_mixpos__F8933.png,WTHFD_mixpos,ST003127,PR001944,Thermo Q Exactive Orbitrap,Thermo Exactive Orbitrap,"Imtakt Cadenza CD-C18 (150 × 2.1 mm, 3 µm)",Reversed phase,positive,DG08,0,0,[],"[3.4894628885421723, 1.0304554566625888, 0.3354150353484749, 0.3613250842396231, 0.0108824805099562, -0.4845025964478521, 0.5857665500511654, 0.5761052657788543, 0.708722934665024, 5.787427655830142, 1.1553047110143326, 3.754082805329874, 1.2149532710280373]"
External A,train,WTHFD_mixpos__F9045,WTHFD_mixpos/WTHFD_mixpos__F9045.png,WTHFD_mixpos,ST003127,PR001944,Thermo Q Exactive Orbitrap,Thermo Exactive Orbitrap,"Imtakt Cadenza CD-C18 (150 × 2.1 mm, 3 µm)",Reversed phase,positive,DG08,0,0,[],"[1.961190049506568, 1.1058347629151957, 0.4075235699306336, 0.1998582734112466, 0.0673979060675766, -0.2983247098836479, 0.8410287175176243, 0.7943663926497857, 0.5673952661196556, 3.505453641753945, 1.0195328595323654, 2.7924812503605785, 1.0]"
External A,train,WTHFD_mixpos__F9094,WTHFD_mixpos/WTHFD_mixpos__F9094.png,WTHFD_mixpos,ST003127,PR001944,Thermo Q Exactive Orbitrap,Thermo Exactive Orbitrap,"Imtakt Cadenza CD-C18 (150 × 2.1 mm, 3 µm)",Reversed phase,positive,DG08,0,0,[],"[2.44264090817586, 0.6895730261623368, 0.2780962705966311, 0.1278138827569234, 0.0349388784732039, -0.3353116786350988, 0.6726931488151168, 0.4529332299681805, 0.0852170262049424, 4.566618641555551, 0.8052214109687659, 4.256515331479666, 1.393939393939394]"
External A,train,WTHFD_mixpos__F929,WTHFD_mixpos/WTHFD_mixpos__F929.png,WTHFD_mixpos,ST003127,PR001944,Thermo Q Exactive Orbitrap,Thermo Exactive Orbitrap,"Imtakt Cadenza CD-C18 (150 × 2.1 mm, 3 µm)",Reversed phase,positive,DG08,0,0,[],"[3.2962483720329434, 0.4409485166960866, 0.2999603009842066, 0.0887517883506181, 0.0147180843953829, -0.7563314058172343, 0.7725975599755193, 0.7415266553749502, 0.9253577129429332, 6.617162293960144, 0.4153290349247464, 5.832045792508049, 1.2293577981651376]"
External A,train,WTHFD_mixpos__F9296,WTHFD_mixpos/WTHFD_mixpos__F9296.png,WTHFD_mixpos,ST003127,PR001944,Thermo Q Exactive Orbitrap,Thermo Exactive Orbitrap,"Imtakt Cadenza CD-C18 (150 × 2.1 mm, 3 µm)",Reversed phase,positive,DG08,0,0,[],"[2.2511973221529926, 1.0441922683312514, 0.3856163847838962, 0.2241033256050086, 0.0353623728230873, -0.231337828244765, 0.954089723554894, 0.6522548821005615, 0.2769925051007278, 4.427375570778144, 1.2096081983097018, 3.0933521729550124, 1.1590909090909092]"
External A,train,WTHFD_mixpos__F9304,WTHFD_mixpos/WTHFD_mixpos__F9304.png,WTHFD_mixpos,ST003127,PR001944,Thermo Q Exactive Orbitrap,Thermo Exactive Orbitrap,"Imtakt Cadenza CD-C18 (150 × 2.1 mm, 3 µm)",Reversed phase,positive,DG08,0,0,[],"[1.316505773560057, 1.0314683890292715, 0.4945803654559518, 0.0715016655661694, 0.1532474731300988, 0.1015098535234927, 0.6103175250724738, 0.1893567481921267, 0.2068186937773789, 1.9761362415404555, 1.327418122633663, 2.0, 1.0]"
External A,train,WTHFD_mixpos__F9354,WTHFD_mixpos/WTHFD_mixpos__F9354.png,WTHFD_mixpos,ST003127,PR001944,Thermo Q Exactive Orbitrap,Thermo Exactive Orbitrap,"Imtakt Cadenza CD-C18 (150 × 2.1 mm, 3 µm)",Reversed phase,positive,DG08,0,0,[],"[1.8232014128399407, 0.8627776840865363, 0.422507362582574, 0.1094127430962838, 0.1185202719661209, -0.3825767908463531, 0.9190541520477928, 0.957008944863136, 0.3582547443175833, 4.21051999375834, 0.7619836106146645, 3.666247897312731, 0.9333333333333332]"
External A,train,WTHFD_mixpos__F9364,WTHFD_mixpos/WTHFD_mixpos__F9364.png,WTHFD_mixpos,ST003127,PR001944,Thermo Q Exactive Orbitrap,Thermo Exactive Orbitrap,"Imtakt Cadenza CD-C18 (150 × 2.1 mm, 3 µm)",Reversed phase,positive,DG08,1,1,"[[229.56093189964153, 84.35990338164248, 271.1827956989248, 403.75925925925924]]","[2.789831370824663, 1.0692858189859658, 0.971396864980436, 0.2991941715493801, 0.2350022552823343, -1.0154679468461525, 0.9841903667256306, 1.606623507589957, 0.8504704486672612, 4.950678495160866, 0.4945397406376139, 3.9369343630656592, 0.8813559322033898]"
External A,train,WTHFD_mixpos__F9398,WTHFD_mixpos/WTHFD_mixpos__F9398.png,WTHFD_mixpos,ST003127,PR001944,Thermo Q Exactive Orbitrap,Thermo Exactive Orbitrap,"Imtakt Cadenza CD-C18 (150 × 2.1 mm, 3 µm)",Reversed phase,positive,DG08,0,0,[],"[3.225868321892013, 0.8815046602467831, 0.3899260502731707, 0.283710218268921, 0.0190336910107699, -0.6208958023095712, 0.6255786051850096, 0.8588252508876435, 0.7596678278053024, 5.496957438992435, 0.8430585445064172, 4.169367957874466, 1.135135135135135]"
External A,train,WTHFD_mixpos__F9490,WTHFD_mixpos/WTHFD_mixpos__F9490.png,WTHFD_mixpos,ST003127,PR001944,Thermo Q Exactive Orbitrap,Thermo Exactive Orbitrap,"Imtakt Cadenza CD-C18 (150 × 2.1 mm, 3 µm)",Reversed phase,positive,DG08,1,1,"[[229.1666666666666, 84.3599033816425, 283.01075268817203, 403.75925925925924]]","[2.548872808824864, 1.1475118523537586, 1.9231695980855903, 0.2927943689387261, 0.223862980119362, -1.7110207176372887, 0.9851495445448676, 2.526152356299776, 0.9418530768369086, 5.092637648367997, 0.2280302415541074, 4.469199238466351, 0.8823529411764706]"
External A,train,WTHFD_mixpos__F9540,WTHFD_mixpos/WTHFD_mixpos__F9540.png,WTHFD_mixpos,ST003127,PR001944,Thermo Q Exactive Orbitrap,Thermo Exactive Orbitrap,"Imtakt Cadenza CD-C18 (150 × 2.1 mm, 3 µm)",Reversed phase,positive,DG08,0,0,[],"[3.0961643266094483, 0.7471688670701249, 0.2432430456441857, 0.2192383137247814, 0.0138257597845748, -0.5430345749619722, 0.7379204643039562, 0.7062938619283663, 0.3118945947565886, 6.727137652836815, 0.8076279351614345, 5.2038077601322446, 1.2467532467532467]"
External A,train,WTHFD_mixpos__F97,WTHFD_mixpos/WTHFD_mixpos__F97.png,WTHFD_mixpos,ST003127,PR001944,Thermo Q Exactive Orbitrap,Thermo Exactive Orbitrap,"Imtakt Cadenza CD-C18 (150 × 2.1 mm, 3 µm)",Reversed phase,positive,DG08,0,0,[],"[2.475881667352907, 1.0336608821583049, 0.1813955654472788, 0.250325084978075, 0.0075225979831432, -0.2240069463309362, 0.7559467880007231, 0.5004957499196759, 0.4009744392426373, 6.368544608321036, 1.1966740170115842, 4.118034180960102, 1.2378048780487805]"
External A,train,WTHFD_mixpos__F9737,WTHFD_mixpos/WTHFD_mixpos__F9737.png,WTHFD_mixpos,ST003127,PR001944,Thermo Q Exactive Orbitrap,Thermo Exactive Orbitrap,"Imtakt Cadenza CD-C18 (150 × 2.1 mm, 3 µm)",Reversed phase,positive,DG08,0,0,[],"[3.130750394361377, 1.1897917945719998, 0.4799548733710405, 0.3733664061659495, 0.0278935698447886, -0.4046675922054056, 0.7316961235865689, 0.6249416328746871, 1.220203282212628, 4.39963297686724, 1.1333730019506605, 3.1313461954198107, 1.108695652173913]"
External A,train,WTHFD_mixpos__F9832,WTHFD_mixpos/WTHFD_mixpos__F9832.png,WTHFD_mixpos,ST003127,PR001944,Thermo Q Exactive Orbitrap,Thermo Exactive Orbitrap,"Imtakt Cadenza CD-C18 (150 × 2.1 mm, 3 µm)",Reversed phase,positive,DG08,0,0,[],"[2.9030175472563373, 0.972633084981123, 0.3271900944754188, 0.2814391534515459, 0.0179660976511068, -0.3751070659919255, 0.6392474175364486, 0.5102070982772277, 0.6250420696421165, 5.563053748963499, 1.148908231636404, 4.035252254048026, 1.2325581395348837]"
External A,train,WTHFD_mixpos__F9927,WTHFD_mixpos/WTHFD_mixpos__F9927.png,WTHFD_mixpos,ST003127,PR001944,Thermo Q Exactive Orbitrap,Thermo Exactive Orbitrap,"Imtakt Cadenza CD-C18 (150 × 2.1 mm, 3 µm)",Reversed phase,positive,DG08,0,0,[],"[2.065126642163158, 0.874500402268778, 0.2678084127078091, 0.1470505636632566, 0.0392775070895815, -0.2205445620938279, 0.8276985320461939, 0.5586264396660302, -0.1253707753287455, 4.981938214740704, 1.0655046284422416, 3.7078701682644537, 1.2727272727272727]"
External A,train,WTHFD_mixpos__F9990,WTHFD_mixpos/WTHFD_mixpos__F9990.png,WTHFD_mixpos,ST003127,PR001944,Thermo Q Exactive Orbitrap,Thermo Exactive Orbitrap,"Imtakt Cadenza CD-C18 (150 × 2.1 mm, 3 µm)",Reversed phase,positive,DG08,1,1,"[[220.27777777777774, 84.3599033816425, 270.83333333333337, 403.75925925925924]]","[1.891857546253345, 0.7192689327579314, 1.0101939993587623, 0.0720208044524506, 0.2918534012633103, -1.1927089365509915, 1.006448387552601, 1.9535145081810328, 0.1465386485555184, 5.368028355766175, 0.3110991212279436, 5.236398786094566, 1.1403508771929824]"
