sample_id,source_file,true_peak_count_class,true_positive,false_positive,false_negative,target_count,prediction_count,exact_count,count_absolute_error,mean_matched_iou
D04P_NEG__F1,D04P_NEG,empty,0,0,0,0,0,True,0,0.0
D04P_NEG__F10,D04P_NEG,single,0,1,1,1,1,True,0,0.0
D04P_NEG__F102,D04P_NEG,empty,0,0,0,0,0,True,0,0.0
D04P_NEG__F104,D04P_NEG,multi,2,1,0,2,3,False,1,0.8229909539222717
D04P_NEG__F105,D04P_NEG,multi,2,0,0,2,2,True,0,0.7668028771877289
D04P_NEG__F109,D04P_NEG,single,1,0,0,1,1,True,0,0.8728211522102356
D04P_NEG__F11,D04P_NEG,empty,0,0,0,0,0,True,0,0.0
D04P_NEG__F110,D04P_NEG,single,1,0,0,1,1,True,0,0.9417636394500732
D04P_NEG__F111,D04P_NEG,single,1,0,0,1,1,True,0,0.9188817143440247
D04P_NEG__F114,D04P_NEG,empty,0,1,0,0,1,False,1,0.0
D04P_NEG__F115,D04P_NEG,empty,0,0,0,0,0,True,0,0.0
D04P_NEG__F117,D04P_NEG,empty,0,0,0,0,0,True,0,0.0
D04P_NEG__F118,D04P_NEG,empty,0,1,0,0,1,False,1,0.0
D04P_NEG__F119,D04P_NEG,empty,0,0,0,0,0,True,0,0.0
D04P_NEG__F12,D04P_NEG,single,1,0,0,1,1,True,0,0.6528182029724121
D04P_NEG__F125,D04P_NEG,multi,2,0,0,2,2,True,0,0.9123243093490601
D04P_NEG__F127,D04P_NEG,single,1,0,0,1,1,True,0,0.9414169192314148
D04P_NEG__F132,D04P_NEG,single,1,0,0,1,1,True,0,0.9137996435165405
D04P_NEG__F133,D04P_NEG,single,1,0,0,1,1,True,0,0.7916992902755737
D04P_NEG__F138,D04P_NEG,single,1,0,0,1,1,True,0,0.9493374824523926
D04P_NEG__F141,D04P_NEG,single,1,0,0,1,1,True,0,0.9817908406257629
D04P_NEG__F142,D04P_NEG,single,1,0,0,1,1,True,0,0.9826669692993164
D04P_NEG__F145,D04P_NEG,single,1,0,0,1,1,True,0,0.8371230959892273
D04P_NEG__F146,D04P_NEG,multi,3,0,0,3,3,True,0,0.9197161793708801
D04P_NEG__F149,D04P_NEG,multi,2,0,0,2,2,True,0,0.9326589703559875
D04P_NEG__F150,D04P_NEG,single,1,0,0,1,1,True,0,0.9747492671012878
D04P_NEG__F153,D04P_NEG,single,1,0,0,1,1,True,0,0.8805902600288391
D04P_NEG__F154,D04P_NEG,multi,3,0,0,3,3,True,0,0.8619855642318726
D04P_NEG__F155,D04P_NEG,multi,3,0,0,3,3,True,0,0.8708681464195251
D04P_NEG__F156,D04P_NEG,single,1,0,0,1,1,True,0,0.9659985899925232
D04P_NEG__F158,D04P_NEG,single,1,0,0,1,1,True,0,0.9466240406036377
D04P_NEG__F159,D04P_NEG,single,1,0,0,1,1,True,0,0.8504117131233215
D04P_NEG__F16,D04P_NEG,single,1,0,0,1,1,True,0,0.9093148112297058
D04P_NEG__F164,D04P_NEG,single,1,0,0,1,1,True,0,0.8819388747215271
D04P_NEG__F166,D04P_NEG,empty,0,0,0,0,0,True,0,0.0
D04P_NEG__F168,D04P_NEG,multi,2,0,0,2,2,True,0,0.7953513860702515
D04P_NEG__F169,D04P_NEG,multi,2,0,0,2,2,True,0,0.8667998611927032
D04P_NEG__F17,D04P_NEG,single,1,0,0,1,1,True,0,0.930793046951294
D04P_NEG__F173,D04P_NEG,single,1,0,0,1,1,True,0,0.9424406290054321
D04P_NEG__F174,D04P_NEG,single,1,0,0,1,1,True,0,0.9323793649673462
D04P_NEG__F175,D04P_NEG,single,0,1,1,1,1,True,0,0.0
D04P_NEG__F176,D04P_NEG,single,1,0,0,1,1,True,0,0.8236143589019775
D04P_NEG__F177,D04P_NEG,single,1,0,0,1,1,True,0,0.8189561367034912
D04P_NEG__F178,D04P_NEG,single,1,0,0,1,1,True,0,0.7717286348342896
D04P_NEG__F18,D04P_NEG,empty,0,0,0,0,0,True,0,0.0
D04P_NEG__F181,D04P_NEG,single,1,0,0,1,1,True,0,0.8584394454956055
D04P_NEG__F182,D04P_NEG,single,1,0,0,1,1,True,0,0.919750988483429
D04P_NEG__F183,D04P_NEG,single,1,0,0,1,1,True,0,0.8994840979576111
D04P_NEG__F185,D04P_NEG,single,1,0,0,1,1,True,0,0.9297501444816589
D04P_NEG__F186,D04P_NEG,single,0,1,1,1,1,True,0,0.0
D04P_NEG__F189,D04P_NEG,empty,0,0,0,0,0,True,0,0.0
D04P_NEG__F19,D04P_NEG,empty,0,0,0,0,0,True,0,0.0
D04P_NEG__F191,D04P_NEG,single,1,0,0,1,1,True,0,0.8304064869880676
D04P_NEG__F193,D04P_NEG,empty,0,0,0,0,0,True,0,0.0
D04P_NEG__F194,D04P_NEG,single,1,0,0,1,1,True,0,0.8815309405326843
D04P_NEG__F195,D04P_NEG,multi,2,0,0,2,2,True,0,0.9224647879600525
D04P_NEG__F196,D04P_NEG,multi,2,0,0,2,2,True,0,0.9250647127628326
D04P_NEG__F197,D04P_NEG,single,1,0,0,1,1,True,0,0.8750118613243103
D04P_NEG__F20,D04P_NEG,single,1,0,0,1,1,True,0,0.9513165354728699
D04P_NEG__F200,D04P_NEG,single,1,0,0,1,1,True,0,0.7453765273094177
D04P_NEG__F204,D04P_NEG,multi,2,0,0,2,2,True,0,0.7789903581142426
D04P_NEG__F205,D04P_NEG,multi,2,0,0,2,2,True,0,0.792309582233429
D04P_NEG__F209,D04P_NEG,empty,0,0,0,0,0,True,0,0.0
D04P_NEG__F210,D04P_NEG,single,1,0,0,1,1,True,0,0.6281951665878296
D04P_NEG__F211,D04P_NEG,empty,0,1,0,0,1,False,1,0.0
D04P_NEG__F212,D04P_NEG,empty,0,0,0,0,0,True,0,0.0
D04P_NEG__F213,D04P_NEG,multi,2,0,0,2,2,True,0,0.8090961873531342
D04P_NEG__F219,D04P_NEG,empty,0,1,0,0,1,False,1,0.0
D04P_NEG__F221,D04P_NEG,multi,2,0,0,2,2,True,0,0.8989722430706024
D04P_NEG__F223,D04P_NEG,multi,1,1,1,2,2,True,0,0.9355273246765137
D04P_NEG__F226,D04P_NEG,empty,0,1,0,0,1,False,1,0.0
D04P_NEG__F228,D04P_NEG,multi,2,0,0,2,2,True,0,0.8896878361701965
D04P_NEG__F229,D04P_NEG,multi,2,0,0,2,2,True,0,0.882350742816925
D04P_NEG__F23,D04P_NEG,single,1,0,0,1,1,True,0,0.7224517464637756
D04P_NEG__F230,D04P_NEG,multi,2,0,0,2,2,True,0,0.8904487192630768
D04P_NEG__F232,D04P_NEG,empty,0,0,0,0,0,True,0,0.0
D04P_NEG__F235,D04P_NEG,empty,0,0,0,0,0,True,0,0.0
D04P_NEG__F236,D04P_NEG,empty,0,2,0,0,2,False,2,0.0
D04P_NEG__F238,D04P_NEG,empty,0,1,0,0,1,False,1,0.0
D04P_NEG__F239,D04P_NEG,empty,0,1,0,0,1,False,1,0.0
D04P_NEG__F24,D04P_NEG,empty,0,0,0,0,0,True,0,0.0
D04P_NEG__F245,D04P_NEG,empty,0,1,0,0,1,False,1,0.0
D04P_NEG__F246,D04P_NEG,multi,2,0,0,2,2,True,0,0.9567118883132935
D04P_NEG__F248,D04P_NEG,empty,0,0,0,0,0,True,0,0.0
D04P_NEG__F249,D04P_NEG,empty,0,0,0,0,0,True,0,0.0
D04P_NEG__F25,D04P_NEG,empty,0,0,0,0,0,True,0,0.0
D04P_NEG__F250,D04P_NEG,multi,2,0,0,2,2,True,0,0.8817444145679474
D04P_NEG__F251,D04P_NEG,multi,2,0,0,2,2,True,0,0.8157879710197449
D04P_NEG__F256,D04P_NEG,single,1,0,0,1,1,True,0,0.8638626337051392
D04P_NEG__F258,D04P_NEG,empty,0,3,0,0,3,False,3,0.0
D04P_NEG__F26,D04P_NEG,empty,0,0,0,0,0,True,0,0.0
D04P_NEG__F260,D04P_NEG,single,1,0,0,1,1,True,0,0.9427642226219177
D04P_NEG__F262,D04P_NEG,empty,0,1,0,0,1,False,1,0.0
D04P_NEG__F264,D04P_NEG,empty,0,1,0,0,1,False,1,0.0
D04P_NEG__F265,D04P_NEG,single,1,0,0,1,1,True,0,0.9276019930839539
D04P_NEG__F266,D04P_NEG,empty,0,0,0,0,0,True,0,0.0
D04P_NEG__F269,D04P_NEG,single,1,0,0,1,1,True,0,0.764410674571991
D04P_NEG__F27,D04P_NEG,single,1,0,0,1,1,True,0,0.8954312801361084
D04P_NEG__F272,D04P_NEG,single,1,0,0,1,1,True,0,0.8904786705970764
D04P_NEG__F273,D04P_NEG,single,1,0,0,1,1,True,0,0.706156313419342
D04P_NEG__F275,D04P_NEG,single,1,0,0,1,1,True,0,0.9136853218078613
D04P_NEG__F276,D04P_NEG,single,1,1,0,1,2,False,1,0.7464979290962219
D04P_NEG__F278,D04P_NEG,multi,1,1,1,2,2,True,0,0.8966209292411804
D04P_NEG__F279,D04P_NEG,multi,2,1,2,4,3,False,1,0.8637908399105072
D04P_NEG__F281,D04P_NEG,single,1,0,0,1,1,True,0,0.9073049426078796
D04P_NEG__F282,D04P_NEG,single,0,1,1,1,1,True,0,0.0
D04P_NEG__F285,D04P_NEG,multi,2,0,0,2,2,True,0,0.853673130273819
D04P_NEG__F287,D04P_NEG,single,1,0,0,1,1,True,0,0.8044913411140442
D04P_NEG__F288,D04P_NEG,empty,0,1,0,0,1,False,1,0.0
D04P_NEG__F290,D04P_NEG,empty,0,1,0,0,1,False,1,0.0
D04P_NEG__F291,D04P_NEG,single,1,0,0,1,1,True,0,0.922696053981781
D04P_NEG__F292,D04P_NEG,multi,2,0,0,2,2,True,0,0.798128068447113
D04P_NEG__F297,D04P_NEG,multi,3,0,0,3,3,True,0,0.9409048358599345
D04P_NEG__F299,D04P_NEG,single,1,0,0,1,1,True,0,0.9280774593353271
D04P_NEG__F3,D04P_NEG,empty,0,0,0,0,0,True,0,0.0
D04P_NEG__F30,D04P_NEG,empty,0,0,0,0,0,True,0,0.0
D04P_NEG__F300,D04P_NEG,single,1,3,0,1,4,False,3,0.8691792488098145
D04P_NEG__F302,D04P_NEG,empty,0,1,0,0,1,False,1,0.0
D04P_NEG__F303,D04P_NEG,multi,2,0,0,2,2,True,0,0.9151153862476349
D04P_NEG__F305,D04P_NEG,single,1,1,0,1,2,False,1,0.9293729066848755
D04P_NEG__F306,D04P_NEG,single,1,0,0,1,1,True,0,0.7997397780418396
D04P_NEG__F31,D04P_NEG,empty,0,0,0,0,0,True,0,0.0
D04P_NEG__F310,D04P_NEG,single,1,0,0,1,1,True,0,0.8566191792488098
D04P_NEG__F311,D04P_NEG,single,1,0,0,1,1,True,0,0.7224826216697693
D04P_NEG__F312,D04P_NEG,multi,2,0,0,2,2,True,0,0.8950565159320831
D04P_NEG__F313,D04P_NEG,single,1,0,0,1,1,True,0,0.8928037285804749
D04P_NEG__F317,D04P_NEG,multi,1,0,1,2,1,False,1,0.7699245810508728
D04P_NEG__F319,D04P_NEG,single,1,0,0,1,1,True,0,0.8848053812980652
D04P_NEG__F32,D04P_NEG,empty,0,2,0,0,2,False,2,0.0
D04P_NEG__F321,D04P_NEG,single,1,0,0,1,1,True,0,0.9384952783584595
D04P_NEG__F322,D04P_NEG,single,1,0,0,1,1,True,0,0.8369153141975403
D04P_NEG__F323,D04P_NEG,empty,0,2,0,0,2,False,2,0.0
D04P_NEG__F329,D04P_NEG,single,1,0,0,1,1,True,0,0.6510208249092102
D04P_NEG__F330,D04P_NEG,single,1,0,0,1,1,True,0,0.901670515537262
D04P_NEG__F332,D04P_NEG,single,1,0,0,1,1,True,0,0.888745903968811
D04P_NEG__F333,D04P_NEG,single,1,0,0,1,1,True,0,0.7524715065956116
D04P_NEG__F334,D04P_NEG,single,1,0,0,1,1,True,0,0.8940677642822266
D04P_NEG__F335,D04P_NEG,single,1,0,0,1,1,True,0,0.9554640054702759
D04P_NEG__F336,D04P_NEG,multi,2,1,2,4,3,False,1,0.5221833288669586
D04P_NEG__F34,D04P_NEG,empty,0,0,0,0,0,True,0,0.0
D04P_NEG__F341,D04P_NEG,single,1,0,0,1,1,True,0,0.9686756134033203
D04P_NEG__F342,D04P_NEG,multi,2,1,2,4,3,False,1,0.9252345263957977
D04P_NEG__F347,D04P_NEG,multi,0,1,2,2,1,False,1,0.0
D04P_NEG__F349,D04P_NEG,single,1,0,0,1,1,True,0,0.839016318321228
D04P_NEG__F350,D04P_NEG,single,1,0,0,1,1,True,0,0.9109799265861511
D04P_NEG__F351,D04P_NEG,multi,3,0,0,3,3,True,0,0.7411859432856241
D04P_NEG__F353,D04P_NEG,single,1,0,0,1,1,True,0,0.898722767829895
D04P_NEG__F354,D04P_NEG,multi,2,0,0,2,2,True,0,0.9693813920021057
D04P_NEG__F355,D04P_NEG,multi,2,0,0,2,2,True,0,0.8122954964637756
D04P_NEG__F356,D04P_NEG,multi,2,0,0,2,2,True,0,0.8031824231147766
D04P_NEG__F357,D04P_NEG,single,1,0,0,1,1,True,0,0.8381415009498596
D04P_NEG__F358,D04P_NEG,multi,2,1,0,2,3,False,1,0.815354734659195
D04P_NEG__F361,D04P_NEG,multi,3,0,1,4,3,False,1,0.8888818820317587
D04P_NEG__F362,D04P_NEG,multi,3,0,1,4,3,False,1,0.928905189037323
D04P_NEG__F363,D04P_NEG,multi,2,0,1,3,2,False,1,0.8138953447341919
D04P_NEG__F364,D04P_NEG,multi,2,0,1,3,2,False,1,0.8420935869216919
D04P_NEG__F365,D04P_NEG,multi,4,0,0,4,4,True,0,0.8505018651485443
D04P_NEG__F368,D04P_NEG,single,1,0,0,1,1,True,0,0.9144483208656311
D04P_NEG__F370,D04P_NEG,multi,4,0,0,4,4,True,0,0.9137148857116699
D04P_NEG__F375,D04P_NEG,single,1,0,0,1,1,True,0,0.918201208114624
D04P_NEG__F38,D04P_NEG,single,1,0,0,1,1,True,0,0.8009033799171448
D04P_NEG__F381,D04P_NEG,multi,1,1,2,3,2,False,1,0.9423513412475586
D04P_NEG__F382,D04P_NEG,single,1,0,0,1,1,True,0,0.8799471855163574
D04P_NEG__F384,D04P_NEG,multi,2,0,0,2,2,True,0,0.8763180375099182
D04P_NEG__F389,D04P_NEG,single,1,0,0,1,1,True,0,0.8471832275390625
D04P_NEG__F395,D04P_NEG,single,1,0,0,1,1,True,0,0.9378234148025513
D04P_NEG__F397,D04P_NEG,single,1,1,0,1,2,False,1,0.8777890801429749
D04P_NEG__F4,D04P_NEG,empty,0,0,0,0,0,True,0,0.0
D04P_NEG__F40,D04P_NEG,empty,0,0,0,0,0,True,0,0.0
D04P_NEG__F403,D04P_NEG,single,1,0,0,1,1,True,0,0.9722339510917664
D04P_NEG__F404,D04P_NEG,single,1,0,0,1,1,True,0,0.9936903715133667
D04P_NEG__F405,D04P_NEG,single,1,0,0,1,1,True,0,0.9507923126220703
D04P_NEG__F408,D04P_NEG,single,1,0,0,1,1,True,0,0.8806111812591553
D04P_NEG__F409,D04P_NEG,single,1,0,0,1,1,True,0,0.911759614944458
D04P_NEG__F412,D04P_NEG,single,1,0,0,1,1,True,0,0.901239275932312
D04P_NEG__F413,D04P_NEG,single,1,0,0,1,1,True,0,0.8613829016685486
D04P_NEG__F415,D04P_NEG,multi,3,0,0,3,3,True,0,0.9206273158391317
D04P_NEG__F416,D04P_NEG,single,1,0,0,1,1,True,0,0.8961963057518005
D04P_NEG__F417,D04P_NEG,single,1,0,0,1,1,True,0,0.9055697917938232
D04P_NEG__F420,D04P_NEG,single,1,0,0,1,1,True,0,0.7864757776260376
D04P_NEG__F421,D04P_NEG,single,1,0,0,1,1,True,0,0.9289442300796509
D04P_NEG__F422,D04P_NEG,single,1,0,0,1,1,True,0,0.9215983748435974
D04P_NEG__F423,D04P_NEG,single,1,1,0,1,2,False,1,0.947137176990509
D04P_NEG__F425,D04P_NEG,multi,1,0,1,2,1,False,1,0.8697428107261658
D04P_NEG__F426,D04P_NEG,single,1,0,0,1,1,True,0,0.9162909984588623
D04P_NEG__F43,D04P_NEG,empty,0,0,0,0,0,True,0,0.0
D04P_NEG__F430,D04P_NEG,multi,2,0,0,2,2,True,0,0.915681004524231
D04P_NEG__F432,D04P_NEG,multi,1,0,1,2,1,False,1,0.8737531304359436
D04P_NEG__F433,D04P_NEG,single,1,0,0,1,1,True,0,0.9594399929046631
D04P_NEG__F434,D04P_NEG,single,1,0,0,1,1,True,0,0.9094653725624084
D04P_NEG__F435,D04P_NEG,multi,2,0,0,2,2,True,0,0.921665221452713
D04P_NEG__F438,D04P_NEG,multi,2,0,0,2,2,True,0,0.8300929665565491
D04P_NEG__F444,D04P_NEG,multi,3,0,0,3,3,True,0,0.9398030241330465
D04P_NEG__F445,D04P_NEG,multi,3,0,0,3,3,True,0,0.8947737216949463
D04P_NEG__F446,D04P_NEG,multi,4,0,1,5,4,False,1,0.9277440905570984
D04P_NEG__F447,D04P_NEG,multi,2,0,0,2,2,True,0,0.9177275002002716
D04P_NEG__F448,D04P_NEG,multi,2,0,0,2,2,True,0,0.9142226576805115
D04P_NEG__F450,D04P_NEG,multi,2,0,0,2,2,True,0,0.8524914681911469
D04P_NEG__F451,D04P_NEG,single,1,0,0,1,1,True,0,0.8344461917877197
D04P_NEG__F452,D04P_NEG,single,0,0,1,1,0,False,1,0.0
D04P_NEG__F458,D04P_NEG,single,1,0,0,1,1,True,0,0.9365496039390564
D04P_NEG__F46,D04P_NEG,single,1,0,0,1,1,True,0,0.8403608798980713
D04P_NEG__F461,D04P_NEG,empty,0,1,0,0,1,False,1,0.0
D04P_NEG__F463,D04P_NEG,multi,2,0,0,2,2,True,0,0.9105975031852722
D04P_NEG__F465,D04P_NEG,multi,3,0,0,3,3,True,0,0.9023176232973734
D04P_NEG__F466,D04P_NEG,multi,2,0,1,3,2,False,1,0.7946212291717529
D04P_NEG__F47,D04P_NEG,single,1,0,0,1,1,True,0,0.8886972665786743
D04P_NEG__F470,D04P_NEG,single,1,0,0,1,1,True,0,0.9940814971923828
D04P_NEG__F471,D04P_NEG,multi,2,0,0,2,2,True,0,0.8948310017585754
D04P_NEG__F474,D04P_NEG,multi,4,0,0,4,4,True,0,0.9142640382051468
D04P_NEG__F478,D04P_NEG,single,1,0,0,1,1,True,0,0.8548230528831482
D04P_NEG__F480,D04P_NEG,multi,2,0,0,2,2,True,0,0.9470835328102112
D04P_NEG__F482,D04P_NEG,multi,2,0,0,2,2,True,0,0.8659206628799438
D04P_NEG__F484,D04P_NEG,single,1,1,0,1,2,False,1,0.733581006526947
D04P_NEG__F486,D04P_NEG,multi,2,0,0,2,2,True,0,0.7410238981246948
D04P_NEG__F487,D04P_NEG,multi,2,0,0,2,2,True,0,0.9048053026199341
D04P_NEG__F488,D04P_NEG,single,1,0,0,1,1,True,0,0.8531187176704407
D04P_NEG__F489,D04P_NEG,single,1,0,0,1,1,True,0,0.8865471482276917
D04P_NEG__F49,D04P_NEG,single,1,1,0,1,2,False,1,0.8018403649330139
D04P_NEG__F491,D04P_NEG,multi,2,0,0,2,2,True,0,0.965421050786972
D04P_NEG__F494,D04P_NEG,single,1,0,0,1,1,True,0,0.7781680822372437
D04P_NEG__F497,D04P_NEG,single,1,0,0,1,1,True,0,0.9324729442596436
D04P_NEG__F50,D04P_NEG,single,1,0,0,1,1,True,0,0.7804747223854065
D04P_NEG__F500,D04P_NEG,single,1,0,0,1,1,True,0,0.9269286394119263
D04P_NEG__F501,D04P_NEG,single,1,0,0,1,1,True,0,0.929000198841095
D04P_NEG__F502,D04P_NEG,single,1,0,0,1,1,True,0,0.9219102263450623
D04P_NEG__F504,D04P_NEG,multi,2,0,0,2,2,True,0,0.9232415556907654
D04P_NEG__F508,D04P_NEG,multi,2,0,0,2,2,True,0,0.9267508089542389
D04P_NEG__F51,D04P_NEG,single,1,0,0,1,1,True,0,0.9443672299385071
D04P_NEG__F510,D04P_NEG,multi,2,0,0,2,2,True,0,0.9584754705429077
D04P_NEG__F515,D04P_NEG,multi,2,0,0,2,2,True,0,0.828222006559372
D04P_NEG__F519,D04P_NEG,single,1,0,0,1,1,True,0,0.8901284337043762
D04P_NEG__F520,D04P_NEG,multi,2,0,0,2,2,True,0,0.9482099413871765
D04P_NEG__F521,D04P_NEG,multi,2,0,0,2,2,True,0,0.9560027122497559
D04P_NEG__F522,D04P_NEG,single,1,0,0,1,1,True,0,0.9618846774101257
D04P_NEG__F523,D04P_NEG,single,1,0,0,1,1,True,0,0.9306302070617676
D04P_NEG__F525,D04P_NEG,multi,2,0,0,2,2,True,0,0.904190182685852
D04P_NEG__F530,D04P_NEG,single,1,0,0,1,1,True,0,0.9267339110374451
D04P_NEG__F535,D04P_NEG,single,1,0,0,1,1,True,0,0.9217886924743652
D04P_NEG__F536,D04P_NEG,multi,2,1,1,3,3,True,0,0.7095271646976471
D04P_NEG__F539,D04P_NEG,multi,2,0,0,2,2,True,0,0.9251623153686523
D04P_NEG__F540,D04P_NEG,multi,3,0,0,3,3,True,0,0.9208951393763224
D04P_NEG__F541,D04P_NEG,multi,2,0,0,2,2,True,0,0.9324664771556854
D04P_NEG__F543,D04P_NEG,multi,3,0,0,3,3,True,0,0.9508621692657471
D04P_NEG__F544,D04P_NEG,multi,2,0,0,2,2,True,0,0.8000116646289825
D04P_NEG__F545,D04P_NEG,multi,3,0,0,3,3,True,0,0.9437403082847595
D04P_NEG__F546,D04P_NEG,multi,2,0,0,2,2,True,0,0.8836250603199005
D04P_NEG__F549,D04P_NEG,multi,2,0,0,2,2,True,0,0.9109630882740021
D04P_NEG__F55,D04P_NEG,single,1,0,0,1,1,True,0,0.8550316095352173
D04P_NEG__F551,D04P_NEG,single,1,0,0,1,1,True,0,0.9877352118492126
D04P_NEG__F552,D04P_NEG,single,1,0,0,1,1,True,0,0.8991365432739258
D04P_NEG__F553,D04P_NEG,single,1,0,0,1,1,True,0,0.917496383190155
D04P_NEG__F554,D04P_NEG,single,1,0,0,1,1,True,0,0.9000855088233948
D04P_NEG__F555,D04P_NEG,multi,2,0,0,2,2,True,0,0.8620693981647491
D04P_NEG__F556,D04P_NEG,multi,2,0,0,2,2,True,0,0.8728685975074768
D04P_NEG__F557,D04P_NEG,multi,2,0,1,3,2,False,1,0.8792391717433929
D04P_NEG__F56,D04P_NEG,single,1,0,0,1,1,True,0,0.904947817325592
D04P_NEG__F560,D04P_NEG,single,1,0,0,1,1,True,0,0.9255165457725525
D04P_NEG__F561,D04P_NEG,single,1,0,0,1,1,True,0,0.9403208494186401
D04P_NEG__F562,D04P_NEG,single,1,0,0,1,1,True,0,0.9030500054359436
D04P_NEG__F563,D04P_NEG,single,1,0,0,1,1,True,0,0.9035302996635437
D04P_NEG__F566,D04P_NEG,multi,2,0,0,2,2,True,0,0.9124845862388611
D04P_NEG__F568,D04P_NEG,single,1,1,0,1,2,False,1,0.7288441061973572
D04P_NEG__F569,D04P_NEG,single,1,0,0,1,1,True,0,0.9194320440292358
D04P_NEG__F57,D04P_NEG,single,1,0,0,1,1,True,0,0.9433459043502808
D04P_NEG__F570,D04P_NEG,single,1,0,0,1,1,True,0,0.9683262705802917
D04P_NEG__F571,D04P_NEG,multi,2,0,0,2,2,True,0,0.9308166801929474
D04P_NEG__F573,D04P_NEG,multi,1,0,1,2,1,False,1,0.9449179172515869
D04P_NEG__F575,D04P_NEG,single,1,0,0,1,1,True,0,0.891007125377655
D04P_NEG__F577,D04P_NEG,multi,2,0,0,2,2,True,0,0.9232600331306458
D04P_NEG__F578,D04P_NEG,single,1,0,0,1,1,True,0,0.9320563077926636
D04P_NEG__F58,D04P_NEG,single,1,0,0,1,1,True,0,0.5985351800918579
D04P_NEG__F581,D04P_NEG,single,1,0,0,1,1,True,0,0.9172810912132263
D04P_NEG__F6,D04P_NEG,empty,0,0,0,0,0,True,0,0.0
D04P_NEG__F61,D04P_NEG,single,1,0,0,1,1,True,0,0.9201056361198425
D04P_NEG__F64,D04P_NEG,single,1,0,0,1,1,True,0,0.8175487518310547
D04P_NEG__F67,D04P_NEG,empty,0,0,0,0,0,True,0,0.0
D04P_NEG__F68,D04P_NEG,empty,0,0,0,0,0,True,0,0.0
D04P_NEG__F69,D04P_NEG,empty,0,0,0,0,0,True,0,0.0
D04P_NEG__F7,D04P_NEG,single,1,0,0,1,1,True,0,0.9007483124732971
D04P_NEG__F70,D04P_NEG,empty,0,0,0,0,0,True,0,0.0
D04P_NEG__F71,D04P_NEG,empty,0,0,0,0,0,True,0,0.0
D04P_NEG__F73,D04P_NEG,single,1,0,0,1,1,True,0,0.8524870276451111
D04P_NEG__F74,D04P_NEG,multi,2,0,0,2,2,True,0,0.8446787297725677
D04P_NEG__F75,D04P_NEG,single,1,0,0,1,1,True,0,0.9246585369110107
D04P_NEG__F76,D04P_NEG,single,1,0,0,1,1,True,0,0.9729256629943848
D04P_NEG__F77,D04P_NEG,single,1,0,0,1,1,True,0,0.6113927960395813
D04P_NEG__F78,D04P_NEG,empty,0,0,0,0,0,True,0,0.0
D04P_NEG__F79,D04P_NEG,empty,0,0,0,0,0,True,0,0.0
D04P_NEG__F8,D04P_NEG,single,1,0,0,1,1,True,0,0.7479434609413147
D04P_NEG__F80,D04P_NEG,single,1,0,0,1,1,True,0,0.8703767657279968
D04P_NEG__F82,D04P_NEG,single,1,0,0,1,1,True,0,0.9567310214042664
D04P_NEG__F83,D04P_NEG,multi,1,0,2,3,1,False,2,0.6508119702339172
D04P_NEG__F84,D04P_NEG,single,1,0,0,1,1,True,0,0.9428530335426331
D04P_NEG__F85,D04P_NEG,single,1,0,0,1,1,True,0,0.6989054083824158
D04P_NEG__F87,D04P_NEG,empty,0,0,0,0,0,True,0,0.0
D04P_NEG__F89,D04P_NEG,multi,2,0,0,2,2,True,0,0.7820611000061035
D04P_NEG__F90,D04P_NEG,single,0,0,1,1,0,False,1,0.0
D04P_NEG__F91,D04P_NEG,single,1,0,0,1,1,True,0,0.9280431270599365
D04P_NEG__F93,D04P_NEG,empty,0,0,0,0,0,True,0,0.0
D04P_NEG__F94,D04P_NEG,single,1,0,0,1,1,True,0,0.9459671378135681
D04P_NEG__F95,D04P_NEG,single,1,0,0,1,1,True,0,0.9068573713302612
D06P_POS__F1003,D06P_POS,multi,2,0,0,2,2,True,0,0.9707866907119751
D06P_POS__F1004,D06P_POS,single,1,0,0,1,1,True,0,0.9573027491569519
D06P_POS__F1006,D06P_POS,single,1,0,0,1,1,True,0,0.9416557550430298
D06P_POS__F1007,D06P_POS,multi,3,0,0,3,3,True,0,0.9236277341842651
D06P_POS__F1009,D06P_POS,multi,2,1,1,3,3,True,0,0.8769996166229248
D06P_POS__F101,D06P_POS,empty,0,0,0,0,0,True,0,0.0
D06P_POS__F1012,D06P_POS,multi,3,0,0,3,3,True,0,0.9034098784128824
D06P_POS__F1014,D06P_POS,multi,2,0,0,2,2,True,0,0.9076977670192719
D06P_POS__F1015,D06P_POS,multi,3,0,0,3,3,True,0,0.8963012099266052
D06P_POS__F1019,D06P_POS,multi,3,0,0,3,3,True,0,0.8492984771728516
D06P_POS__F102,D06P_POS,empty,0,0,0,0,0,True,0,0.0
D06P_POS__F1020,D06P_POS,multi,1,0,2,3,1,False,2,0.8882930278778076
D06P_POS__F1023,D06P_POS,multi,4,0,0,4,4,True,0,0.9227933585643768
D06P_POS__F1024,D06P_POS,multi,4,0,0,4,4,True,0,0.9410235434770584
D06P_POS__F1025,D06P_POS,multi,2,0,0,2,2,True,0,0.8274446427822113
D06P_POS__F1027,D06P_POS,multi,3,0,0,3,3,True,0,0.8579900662104288
D06P_POS__F1028,D06P_POS,multi,2,0,0,2,2,True,0,0.8372720181941986
D06P_POS__F1030,D06P_POS,multi,2,0,0,2,2,True,0,0.9300597012042999
D06P_POS__F1031,D06P_POS,multi,3,1,1,4,4,True,0,0.921799878279368
D06P_POS__F1033,D06P_POS,single,1,1,0,1,2,False,1,0.9509770274162292
D06P_POS__F1034,D06P_POS,multi,2,0,0,2,2,True,0,0.9106470048427582
D06P_POS__F1036,D06P_POS,multi,2,0,0,2,2,True,0,0.9546898007392883
D06P_POS__F1037,D06P_POS,multi,2,0,0,2,2,True,0,0.9197835624217987
D06P_POS__F1038,D06P_POS,single,1,0,0,1,1,True,0,0.9409277439117432
D06P_POS__F104,D06P_POS,multi,2,0,0,2,2,True,0,0.9124347567558289
D06P_POS__F1040,D06P_POS,single,1,0,0,1,1,True,0,0.9629037380218506
D06P_POS__F1044,D06P_POS,multi,2,0,2,4,2,False,2,0.8378714323043823
D06P_POS__F1046,D06P_POS,multi,2,0,0,2,2,True,0,0.9533612132072449
D06P_POS__F1047,D06P_POS,multi,2,0,0,2,2,True,0,0.9354971945285797
D06P_POS__F1048,D06P_POS,multi,3,0,1,4,3,False,1,0.8650346994400024
D06P_POS__F1053,D06P_POS,single,1,0,0,1,1,True,0,0.9416640400886536
D06P_POS__F1056,D06P_POS,single,1,0,0,1,1,True,0,0.9524818062782288
D06P_POS__F1059,D06P_POS,multi,2,0,1,3,2,False,1,0.8353751003742218
D06P_POS__F1062,D06P_POS,multi,2,0,0,2,2,True,0,0.9067923724651337
D06P_POS__F1063,D06P_POS,single,1,0,0,1,1,True,0,0.9416167140007019
D06P_POS__F1064,D06P_POS,single,1,1,0,1,2,False,1,0.9101013541221619
D06P_POS__F1068,D06P_POS,multi,2,0,0,2,2,True,0,0.8685823678970337
D06P_POS__F1069,D06P_POS,multi,3,0,0,3,3,True,0,0.899120549360911
D06P_POS__F1071,D06P_POS,multi,4,1,0,4,5,False,1,0.875810518860817
D06P_POS__F1078,D06P_POS,multi,4,0,0,4,4,True,0,0.832546204328537
D06P_POS__F1079,D06P_POS,multi,3,1,1,4,4,True,0,0.9290897647539774
D06P_POS__F108,D06P_POS,empty,0,0,0,0,0,True,0,0.0
D06P_POS__F1082,D06P_POS,multi,4,1,0,4,5,False,1,0.9285251498222351
D06P_POS__F1085,D06P_POS,multi,4,0,0,4,4,True,0,0.8396129161119461
D06P_POS__F1088,D06P_POS,multi,2,1,0,2,3,False,1,0.841790646314621
D06P_POS__F109,D06P_POS,empty,0,1,0,0,1,False,1,0.0
D06P_POS__F1090,D06P_POS,single,1,0,0,1,1,True,0,0.9317115545272827
D06P_POS__F1093,D06P_POS,multi,2,0,0,2,2,True,0,0.9363969266414642
D06P_POS__F1094,D06P_POS,multi,2,2,1,3,4,False,1,0.9606785476207733
D06P_POS__F1095,D06P_POS,multi,3,0,0,3,3,True,0,0.9334053794542948
D06P_POS__F1097,D06P_POS,multi,4,0,0,4,4,True,0,0.9148281514644623
D06P_POS__F1099,D06P_POS,multi,2,0,0,2,2,True,0,0.9468972086906433
D06P_POS__F11,D06P_POS,multi,4,1,0,4,5,False,1,0.8353001773357391
D06P_POS__F110,D06P_POS,multi,2,0,0,2,2,True,0,0.9238851964473724
D06P_POS__F1100,D06P_POS,multi,2,0,0,2,2,True,0,0.9719026684761047
D06P_POS__F1102,D06P_POS,multi,5,1,0,5,6,False,1,0.8381159424781799
D06P_POS__F1104,D06P_POS,multi,4,0,0,4,4,True,0,0.919805034995079
D06P_POS__F1106,D06P_POS,multi,4,1,2,6,5,False,1,0.7655198276042938
D06P_POS__F111,D06P_POS,empty,0,0,0,0,0,True,0,0.0
D06P_POS__F1110,D06P_POS,multi,2,0,0,2,2,True,0,0.950063019990921
D06P_POS__F1113,D06P_POS,multi,1,2,1,2,3,False,1,0.9180307388305664
D06P_POS__F1114,D06P_POS,multi,3,0,0,3,3,True,0,0.9416768550872803
D06P_POS__F1117,D06P_POS,single,1,1,0,1,2,False,1,0.7107722759246826
D06P_POS__F1119,D06P_POS,multi,2,2,1,3,4,False,1,0.9354174137115479
D06P_POS__F1120,D06P_POS,multi,3,2,0,3,5,False,2,0.9303528666496277
D06P_POS__F1122,D06P_POS,multi,2,0,0,2,2,True,0,0.9829998314380646
D06P_POS__F1126,D06P_POS,multi,3,0,0,3,3,True,0,0.9009283185005188
D06P_POS__F1135,D06P_POS,multi,4,0,0,4,4,True,0,0.9263592213392258
D06P_POS__F1139,D06P_POS,multi,3,0,0,3,3,True,0,0.7838796774546305
D06P_POS__F1140,D06P_POS,multi,4,0,0,4,4,True,0,0.9144012182950974
D06P_POS__F1141,D06P_POS,multi,3,0,0,3,3,True,0,0.911511242389679
D06P_POS__F1142,D06P_POS,multi,2,0,0,2,2,True,0,0.9670943915843964
D06P_POS__F1145,D06P_POS,multi,2,0,0,2,2,True,0,0.93470898270607
D06P_POS__F1146,D06P_POS,multi,4,0,1,5,4,False,1,0.8569817394018173
D06P_POS__F1147,D06P_POS,multi,3,1,0,3,4,False,1,0.7804250121116638
D06P_POS__F1148,D06P_POS,multi,3,0,0,3,3,True,0,0.9395914077758789
D06P_POS__F1149,D06P_POS,multi,3,1,1,4,4,True,0,0.8173537055651346
D06P_POS__F115,D06P_POS,single,1,0,0,1,1,True,0,0.9300882816314697
D06P_POS__F1150,D06P_POS,multi,3,0,0,3,3,True,0,0.8581578532854716
D06P_POS__F1151,D06P_POS,single,1,1,0,1,2,False,1,0.7674325704574585
D06P_POS__F1152,D06P_POS,multi,2,1,0,2,3,False,1,0.8790896534919739
D06P_POS__F1153,D06P_POS,single,1,2,0,1,3,False,2,0.8405536413192749
D06P_POS__F1156,D06P_POS,multi,3,0,0,3,3,True,0,0.9397211869557699
D06P_POS__F1157,D06P_POS,multi,3,0,0,3,3,True,0,0.8458831111590067
D06P_POS__F1158,D06P_POS,multi,3,1,0,3,4,False,1,0.8492165803909302
D06P_POS__F1159,D06P_POS,multi,2,1,0,2,3,False,1,0.9214541614055634
D06P_POS__F1160,D06P_POS,multi,3,0,0,3,3,True,0,0.8754346172014872
D06P_POS__F1168,D06P_POS,multi,2,2,0,2,4,False,2,0.9347530007362366
D06P_POS__F1170,D06P_POS,multi,2,0,0,2,2,True,0,0.7663856148719788
D06P_POS__F1174,D06P_POS,multi,2,0,0,2,2,True,0,0.9589999914169312
D06P_POS__F1178,D06P_POS,multi,3,0,0,3,3,True,0,0.9503792723019918
D06P_POS__F1179,D06P_POS,multi,3,0,0,3,3,True,0,0.9370420376459757
D06P_POS__F1180,D06P_POS,multi,3,0,0,3,3,True,0,0.9457316795984904
D06P_POS__F1181,D06P_POS,multi,3,0,0,3,3,True,0,0.8643867572148641
D06P_POS__F1182,D06P_POS,multi,2,1,0,2,3,False,1,0.845502495765686
D06P_POS__F1184,D06P_POS,multi,4,1,0,4,5,False,1,0.7717397660017014
D06P_POS__F1185,D06P_POS,multi,1,1,2,3,2,False,1,0.8895726799964905
D06P_POS__F1186,D06P_POS,multi,3,0,0,3,3,True,0,0.8917415936787924
D06P_POS__F1190,D06P_POS,multi,1,0,1,2,1,False,1,0.919609546661377
D06P_POS__F1191,D06P_POS,multi,2,0,0,2,2,True,0,0.9463250637054443
D06P_POS__F12,D06P_POS,multi,3,1,0,3,4,False,1,0.9106539289156595
D06P_POS__F126,D06P_POS,multi,2,1,0,2,3,False,1,0.9069564044475555
D06P_POS__F129,D06P_POS,empty,0,1,0,0,1,False,1,0.0
D06P_POS__F13,D06P_POS,multi,5,1,0,5,6,False,1,0.9169025659561157
D06P_POS__F130,D06P_POS,empty,0,3,0,0,3,False,3,0.0
D06P_POS__F132,D06P_POS,empty,0,1,0,0,1,False,1,0.0
D06P_POS__F134,D06P_POS,empty,0,2,0,0,2,False,2,0.0
D06P_POS__F139,D06P_POS,single,1,0,0,1,1,True,0,0.8449565768241882
D06P_POS__F141,D06P_POS,single,1,0,0,1,1,True,0,0.8817721605300903
D06P_POS__F145,D06P_POS,multi,2,0,1,3,2,False,1,0.8992344439029694
D06P_POS__F153,D06P_POS,multi,2,0,0,2,2,True,0,0.910528302192688
D06P_POS__F156,D06P_POS,multi,2,0,0,2,2,True,0,0.8762192130088806
D06P_POS__F16,D06P_POS,multi,5,1,0,5,6,False,1,0.9237819194793702
D06P_POS__F166,D06P_POS,multi,2,0,0,2,2,True,0,0.8958660960197449
D06P_POS__F17,D06P_POS,multi,5,0,0,5,5,True,0,0.8888041853904725
D06P_POS__F170,D06P_POS,multi,2,0,0,2,2,True,0,0.9164908826351166
D06P_POS__F173,D06P_POS,multi,2,0,0,2,2,True,0,0.928477942943573
D06P_POS__F174,D06P_POS,single,0,1,1,1,1,True,0,0.0
D06P_POS__F175,D06P_POS,multi,0,1,2,2,1,False,1,0.0
D06P_POS__F178,D06P_POS,single,1,0,0,1,1,True,0,0.8792024254798889
D06P_POS__F179,D06P_POS,multi,5,0,0,5,5,True,0,0.8866285920143128
D06P_POS__F181,D06P_POS,multi,6,0,0,6,6,True,0,0.8846817115942637
D06P_POS__F182,D06P_POS,multi,1,2,1,2,3,False,1,0.6709074974060059
D06P_POS__F184,D06P_POS,single,0,1,1,1,1,True,0,0.0
D06P_POS__F189,D06P_POS,multi,2,0,0,2,2,True,0,0.9398838579654694
D06P_POS__F191,D06P_POS,single,1,0,0,1,1,True,0,0.7054426074028015
D06P_POS__F192,D06P_POS,single,1,0,0,1,1,True,0,0.8331752419471741
D06P_POS__F193,D06P_POS,multi,2,0,0,2,2,True,0,0.9097123146057129
D06P_POS__F195,D06P_POS,single,0,2,1,1,2,False,1,0.0
D06P_POS__F196,D06P_POS,single,1,1,0,1,2,False,1,0.9035029411315918
D06P_POS__F197,D06P_POS,empty,0,1,0,0,1,False,1,0.0
D06P_POS__F20,D06P_POS,single,1,0,0,1,1,True,0,0.9114993214607239
D06P_POS__F200,D06P_POS,single,0,1,1,1,1,True,0,0.0
D06P_POS__F208,D06P_POS,empty,0,0,0,0,0,True,0,0.0
D06P_POS__F211,D06P_POS,single,1,0,0,1,1,True,0,0.8611606955528259
D06P_POS__F214,D06P_POS,single,0,0,1,1,0,False,1,0.0
D06P_POS__F216,D06P_POS,single,1,0,0,1,1,True,0,0.8827317953109741
D06P_POS__F221,D06P_POS,multi,3,0,0,3,3,True,0,0.8579662640889486
D06P_POS__F222,D06P_POS,multi,2,0,0,2,2,True,0,0.9266784489154816
D06P_POS__F223,D06P_POS,single,1,0,0,1,1,True,0,0.8445116281509399
D06P_POS__F224,D06P_POS,multi,2,0,0,2,2,True,0,0.9141009747982025
D06P_POS__F225,D06P_POS,single,1,0,0,1,1,True,0,0.8449559807777405
D06P_POS__F229,D06P_POS,multi,2,0,0,2,2,True,0,0.9087170958518982
D06P_POS__F230,D06P_POS,multi,3,0,0,3,3,True,0,0.8874834577242533
D06P_POS__F234,D06P_POS,multi,1,0,1,2,1,False,1,0.7019966840744019
D06P_POS__F235,D06P_POS,empty,0,0,0,0,0,True,0,0.0
D06P_POS__F236,D06P_POS,empty,0,0,0,0,0,True,0,0.0
D06P_POS__F240,D06P_POS,multi,2,0,0,2,2,True,0,0.9179633557796478
D06P_POS__F246,D06P_POS,empty,0,1,0,0,1,False,1,0.0
D06P_POS__F251,D06P_POS,multi,2,1,0,2,3,False,1,0.8981739580631256
D06P_POS__F252,D06P_POS,single,1,0,0,1,1,True,0,0.8904029726982117
D06P_POS__F254,D06P_POS,empty,0,1,0,0,1,False,1,0.0
D06P_POS__F255,D06P_POS,empty,0,1,0,0,1,False,1,0.0
D06P_POS__F258,D06P_POS,single,1,0,0,1,1,True,0,0.86995530128479
D06P_POS__F261,D06P_POS,single,0,2,1,1,2,False,1,0.0
D06P_POS__F264,D06P_POS,single,1,0,0,1,1,True,0,0.6484283208847046
D06P_POS__F266,D06P_POS,single,1,0,0,1,1,True,0,0.7762920260429382
D06P_POS__F271,D06P_POS,empty,0,1,0,0,1,False,1,0.0
D06P_POS__F274,D06P_POS,multi,2,0,0,2,2,True,0,0.9024500548839569
D06P_POS__F275,D06P_POS,single,1,0,0,1,1,True,0,0.9702705144882202
D06P_POS__F278,D06P_POS,single,1,0,0,1,1,True,0,0.892021656036377
D06P_POS__F282,D06P_POS,multi,2,0,0,2,2,True,0,0.9053672850131989
D06P_POS__F283,D06P_POS,single,1,0,0,1,1,True,0,0.7945417165756226
D06P_POS__F284,D06P_POS,multi,3,0,0,3,3,True,0,0.9305567145347595
D06P_POS__F286,D06P_POS,multi,3,0,0,3,3,True,0,0.8935241301854452
D06P_POS__F290,D06P_POS,single,1,0,0,1,1,True,0,0.9418551325798035
D06P_POS__F292,D06P_POS,multi,2,0,0,2,2,True,0,0.8366213738918304
D06P_POS__F293,D06P_POS,multi,2,0,0,2,2,True,0,0.7754487693309784
D06P_POS__F295,D06P_POS,multi,2,0,0,2,2,True,0,0.9549222588539124
D06P_POS__F297,D06P_POS,multi,2,1,0,2,3,False,1,0.7475868165493011
D06P_POS__F300,D06P_POS,multi,2,0,0,2,2,True,0,0.8924718797206879
D06P_POS__F301,D06P_POS,multi,2,0,0,2,2,True,0,0.873814731836319
D06P_POS__F302,D06P_POS,multi,2,0,0,2,2,True,0,0.9054611325263977
D06P_POS__F305,D06P_POS,multi,2,0,0,2,2,True,0,0.8871760368347168
D06P_POS__F307,D06P_POS,multi,2,0,0,2,2,True,0,0.9280763268470764
D06P_POS__F308,D06P_POS,single,0,2,1,1,2,False,1,0.0
D06P_POS__F312,D06P_POS,single,0,2,1,1,2,False,1,0.0
D06P_POS__F313,D06P_POS,multi,3,0,0,3,3,True,0,0.9391945401827494
D06P_POS__F317,D06P_POS,multi,4,0,0,4,4,True,0,0.9053960889577866
D06P_POS__F324,D06P_POS,multi,4,0,0,4,4,True,0,0.9103330373764038
D06P_POS__F327,D06P_POS,multi,5,0,0,5,5,True,0,0.8837276935577393
D06P_POS__F328,D06P_POS,single,1,0,0,1,1,True,0,0.838755190372467
D06P_POS__F329,D06P_POS,single,0,2,1,1,2,False,1,0.0
D06P_POS__F33,D06P_POS,single,0,2,1,1,2,False,1,0.0
D06P_POS__F330,D06P_POS,multi,2,0,0,2,2,True,0,0.9075222909450531
D06P_POS__F332,D06P_POS,multi,2,0,1,3,2,False,1,0.8468531668186188
D06P_POS__F333,D06P_POS,multi,2,0,0,2,2,True,0,0.8937150835990906
D06P_POS__F335,D06P_POS,single,1,0,0,1,1,True,0,0.5684574842453003
D06P_POS__F336,D06P_POS,empty,0,0,0,0,0,True,0,0.0
D06P_POS__F337,D06P_POS,empty,0,2,0,0,2,False,2,0.0
D06P_POS__F339,D06P_POS,single,0,2,1,1,2,False,1,0.0
D06P_POS__F34,D06P_POS,single,1,0,0,1,1,True,0,0.6639842391014099
D06P_POS__F340,D06P_POS,single,1,0,0,1,1,True,0,0.9862980842590332
D06P_POS__F343,D06P_POS,multi,2,1,0,2,3,False,1,0.8982872068881989
D06P_POS__F347,D06P_POS,multi,3,0,0,3,3,True,0,0.9082725644111633
D06P_POS__F348,D06P_POS,single,1,0,0,1,1,True,0,0.92119961977005
D06P_POS__F351,D06P_POS,empty,0,0,0,0,0,True,0,0.0
D06P_POS__F352,D06P_POS,single,1,0,0,1,1,True,0,0.8704472780227661
D06P_POS__F353,D06P_POS,single,1,1,0,1,2,False,1,0.9485031366348267
D06P_POS__F354,D06P_POS,empty,0,0,0,0,0,True,0,0.0
D06P_POS__F355,D06P_POS,single,1,0,0,1,1,True,0,0.9437436461448669
D06P_POS__F358,D06P_POS,multi,2,0,0,2,2,True,0,0.8375836610794067
D06P_POS__F36,D06P_POS,empty,0,0,0,0,0,True,0,0.0
D06P_POS__F361,D06P_POS,multi,2,0,0,2,2,True,0,0.9155515730381012
D06P_POS__F362,D06P_POS,empty,0,4,0,0,4,False,4,0.0
D06P_POS__F363,D06P_POS,empty,0,4,0,0,4,False,4,0.0
D06P_POS__F365,D06P_POS,multi,2,0,0,2,2,True,0,0.9612718820571899
D06P_POS__F366,D06P_POS,single,1,0,0,1,1,True,0,0.8206682205200195
D06P_POS__F368,D06P_POS,multi,3,0,0,3,3,True,0,0.8880844910939535
D06P_POS__F370,D06P_POS,single,0,2,1,1,2,False,1,0.0
D06P_POS__F371,D06P_POS,empty,0,3,0,0,3,False,3,0.0
D06P_POS__F372,D06P_POS,empty,0,1,0,0,1,False,1,0.0
D06P_POS__F374,D06P_POS,multi,2,0,0,2,2,True,0,0.7775298655033112
D06P_POS__F377,D06P_POS,single,1,1,0,1,2,False,1,0.7688624858856201
D06P_POS__F382,D06P_POS,single,1,0,0,1,1,True,0,0.5007537007331848
D06P_POS__F383,D06P_POS,single,1,0,0,1,1,True,0,0.953046977519989
D06P_POS__F387,D06P_POS,single,1,0,0,1,1,True,0,0.5646001100540161
D06P_POS__F389,D06P_POS,single,1,3,0,1,4,False,3,0.9520339965820312
D06P_POS__F390,D06P_POS,single,1,2,0,1,3,False,2,0.9515435695648193
D06P_POS__F394,D06P_POS,multi,3,0,0,3,3,True,0,0.8489177624384562
D06P_POS__F395,D06P_POS,multi,3,0,0,3,3,True,0,0.8903245329856873
D06P_POS__F397,D06P_POS,single,1,1,0,1,2,False,1,0.7666015028953552
D06P_POS__F399,D06P_POS,single,1,0,0,1,1,True,0,0.9511966109275818
D06P_POS__F4,D06P_POS,multi,2,0,0,2,2,True,0,0.955375075340271
D06P_POS__F405,D06P_POS,single,1,0,0,1,1,True,0,0.889082133769989
D06P_POS__F406,D06P_POS,single,1,0,0,1,1,True,0,0.8643904328346252
D06P_POS__F413,D06P_POS,single,1,0,0,1,1,True,0,0.8718699812889099
D06P_POS__F415,D06P_POS,multi,2,0,0,2,2,True,0,0.8823622465133667
D06P_POS__F416,D06P_POS,single,1,0,0,1,1,True,0,0.9271036386489868
D06P_POS__F42,D06P_POS,multi,2,1,0,2,3,False,1,0.7511288821697235
D06P_POS__F420,D06P_POS,single,1,0,0,1,1,True,0,0.9671198129653931
D06P_POS__F421,D06P_POS,multi,2,0,0,2,2,True,0,0.9210395216941833
D06P_POS__F422,D06P_POS,multi,2,0,0,2,2,True,0,0.9552459120750427
D06P_POS__F423,D06P_POS,single,1,0,0,1,1,True,0,0.9070376753807068
D06P_POS__F426,D06P_POS,single,1,0,0,1,1,True,0,0.7220446467399597
D06P_POS__F431,D06P_POS,multi,2,0,0,2,2,True,0,0.9068947732448578
D06P_POS__F433,D06P_POS,single,1,0,0,1,1,True,0,0.8835146427154541
D06P_POS__F434,D06P_POS,multi,3,0,0,3,3,True,0,0.8037724296251932
D06P_POS__F435,D06P_POS,multi,3,0,0,3,3,True,0,0.9638824065526327
D06P_POS__F438,D06P_POS,multi,3,0,0,3,3,True,0,0.9195446968078613
D06P_POS__F439,D06P_POS,single,1,0,0,1,1,True,0,0.9245222210884094
D06P_POS__F44,D06P_POS,single,1,1,0,1,2,False,1,0.8817662596702576
D06P_POS__F440,D06P_POS,multi,2,0,0,2,2,True,0,0.9167899191379547
D06P_POS__F443,D06P_POS,single,1,0,0,1,1,True,0,0.9458184242248535
D06P_POS__F445,D06P_POS,multi,3,0,0,3,3,True,0,0.8213730255762736
D06P_POS__F447,D06P_POS,empty,0,0,0,0,0,True,0,0.0
D06P_POS__F448,D06P_POS,single,0,1,1,1,1,True,0,0.0
D06P_POS__F45,D06P_POS,single,1,0,0,1,1,True,0,0.9385575652122498
D06P_POS__F450,D06P_POS,single,1,0,0,1,1,True,0,0.953925609588623
D06P_POS__F451,D06P_POS,single,0,2,1,1,2,False,1,0.0
D06P_POS__F458,D06P_POS,single,1,0,0,1,1,True,0,0.9346954822540283
D06P_POS__F46,D06P_POS,single,0,2,1,1,2,False,1,0.0
D06P_POS__F461,D06P_POS,single,1,0,0,1,1,True,0,0.7826799154281616
D06P_POS__F462,D06P_POS,multi,2,0,0,2,2,True,0,0.919213056564331
D06P_POS__F463,D06P_POS,single,1,0,0,1,1,True,0,0.8299715518951416
D06P_POS__F465,D06P_POS,single,1,0,0,1,1,True,0,0.930463433265686
D06P_POS__F469,D06P_POS,single,1,0,0,1,1,True,0,0.9289215207099915
D06P_POS__F470,D06P_POS,single,1,0,0,1,1,True,0,0.9328038096427917
D06P_POS__F471,D06P_POS,multi,2,0,0,2,2,True,0,0.9131111204624176
D06P_POS__F472,D06P_POS,single,1,0,0,1,1,True,0,0.9671911597251892
D06P_POS__F473,D06P_POS,single,1,0,0,1,1,True,0,0.9879748821258545
D06P_POS__F476,D06P_POS,multi,2,1,0,2,3,False,1,0.891484946012497
D06P_POS__F479,D06P_POS,multi,2,0,0,2,2,True,0,0.9083482623100281
D06P_POS__F48,D06P_POS,empty,0,0,0,0,0,True,0,0.0
D06P_POS__F480,D06P_POS,multi,3,0,0,3,3,True,0,0.8997893134752909
D06P_POS__F484,D06P_POS,single,1,0,0,1,1,True,0,0.8894237875938416
D06P_POS__F488,D06P_POS,single,1,0,0,1,1,True,0,0.812527060508728
D06P_POS__F489,D06P_POS,single,1,0,0,1,1,True,0,0.7029051184654236
D06P_POS__F49,D06P_POS,single,1,0,0,1,1,True,0,0.7975777983665466
D06P_POS__F491,D06P_POS,single,0,1,1,1,1,True,0,0.0
D06P_POS__F492,D06P_POS,single,1,0,0,1,1,True,0,0.8541203737258911
D06P_POS__F494,D06P_POS,single,1,0,0,1,1,True,0,0.9785959720611572
D06P_POS__F496,D06P_POS,single,1,0,0,1,1,True,0,0.8888687491416931
D06P_POS__F497,D06P_POS,multi,4,0,0,4,4,True,0,0.8980755358934402
D06P_POS__F5,D06P_POS,empty,0,0,0,0,0,True,0,0.0
D06P_POS__F502,D06P_POS,single,1,0,0,1,1,True,0,0.9248657822608948
D06P_POS__F504,D06P_POS,single,1,1,0,1,2,False,1,0.8747581243515015
D06P_POS__F506,D06P_POS,single,1,0,0,1,1,True,0,0.8048485517501831
D06P_POS__F51,D06P_POS,single,1,1,0,1,2,False,1,0.8809196352958679
D06P_POS__F510,D06P_POS,single,1,0,0,1,1,True,0,0.6104348301887512
D06P_POS__F512,D06P_POS,single,0,2,1,1,2,False,1,0.0
D06P_POS__F514,D06P_POS,single,1,0,0,1,1,True,0,0.9180540442466736
D06P_POS__F515,D06P_POS,single,1,0,0,1,1,True,0,0.7530897855758667
D06P_POS__F52,D06P_POS,empty,0,1,0,0,1,False,1,0.0
D06P_POS__F520,D06P_POS,multi,2,0,0,2,2,True,0,0.9341928958892822
D06P_POS__F523,D06P_POS,multi,2,0,0,2,2,True,0,0.9039819538593292
D06P_POS__F529,D06P_POS,single,1,0,0,1,1,True,0,0.913780689239502
D06P_POS__F53,D06P_POS,empty,0,0,0,0,0,True,0,0.0
D06P_POS__F530,D06P_POS,single,1,0,0,1,1,True,0,0.8766312599182129
D06P_POS__F531,D06P_POS,multi,2,0,0,2,2,True,0,0.7913562655448914
D06P_POS__F532,D06P_POS,multi,1,1,1,2,2,True,0,0.8426300883293152
D06P_POS__F533,D06P_POS,multi,2,0,0,2,2,True,0,0.8917380571365356
D06P_POS__F534,D06P_POS,multi,2,0,0,2,2,True,0,0.9083667397499084
D06P_POS__F535,D06P_POS,single,1,0,0,1,1,True,0,0.9419045448303223
D06P_POS__F536,D06P_POS,single,1,0,0,1,1,True,0,0.7895053625106812
D06P_POS__F54,D06P_POS,empty,0,0,0,0,0,True,0,0.0
D06P_POS__F542,D06P_POS,single,1,1,0,1,2,False,1,0.6507214307785034
D06P_POS__F545,D06P_POS,multi,3,0,1,4,3,False,1,0.8921788732210795
D06P_POS__F546,D06P_POS,multi,5,0,0,5,5,True,0,0.8954612016677856
D06P_POS__F547,D06P_POS,single,1,0,0,1,1,True,0,0.9138524532318115
D06P_POS__F548,D06P_POS,single,1,0,0,1,1,True,0,0.9154409766197205
D06P_POS__F549,D06P_POS,multi,2,1,0,2,3,False,1,0.8320165276527405
D06P_POS__F55,D06P_POS,empty,0,0,0,0,0,True,0,0.0
D06P_POS__F550,D06P_POS,single,1,0,0,1,1,True,0,0.903054416179657
D06P_POS__F552,D06P_POS,single,1,0,0,1,1,True,0,0.9179051518440247
D06P_POS__F553,D06P_POS,single,1,0,0,1,1,True,0,0.7313503623008728
D06P_POS__F554,D06P_POS,multi,2,0,0,2,2,True,0,0.9320909380912781
D06P_POS__F555,D06P_POS,single,1,0,0,1,1,True,0,0.9224888682365417
D06P_POS__F556,D06P_POS,multi,2,0,0,2,2,True,0,0.9480389356613159
D06P_POS__F558,D06P_POS,multi,3,0,0,3,3,True,0,0.810927152633667
D06P_POS__F559,D06P_POS,multi,2,0,0,2,2,True,0,0.930558979511261
D06P_POS__F56,D06P_POS,single,1,0,0,1,1,True,0,0.8469485640525818
D06P_POS__F560,D06P_POS,multi,2,0,0,2,2,True,0,0.909745067358017
D06P_POS__F568,D06P_POS,single,1,0,0,1,1,True,0,0.8814338445663452
D06P_POS__F569,D06P_POS,single,1,0,0,1,1,True,0,0.9524736404418945
D06P_POS__F572,D06P_POS,single,1,0,0,1,1,True,0,0.9553388357162476
D06P_POS__F579,D06P_POS,multi,2,0,0,2,2,True,0,0.903135359287262
D06P_POS__F58,D06P_POS,empty,0,0,0,0,0,True,0,0.0
D06P_POS__F59,D06P_POS,empty,0,0,0,0,0,True,0,0.0
D06P_POS__F591,D06P_POS,single,1,0,0,1,1,True,0,0.9192398190498352
D06P_POS__F592,D06P_POS,multi,3,0,0,3,3,True,0,0.9037603735923767
D06P_POS__F6,D06P_POS,empty,0,0,0,0,0,True,0,0.0
D06P_POS__F60,D06P_POS,single,1,0,0,1,1,True,0,0.7494885325431824
D06P_POS__F603,D06P_POS,multi,2,0,3,5,2,False,3,0.8955183029174805
D06P_POS__F604,D06P_POS,multi,2,0,0,2,2,True,0,0.9369199872016907
D06P_POS__F605,D06P_POS,multi,2,0,0,2,2,True,0,0.8811380565166473
D06P_POS__F606,D06P_POS,multi,3,0,0,3,3,True,0,0.8134804964065552
D06P_POS__F607,D06P_POS,multi,3,0,0,3,3,True,0,0.7928771177927653
D06P_POS__F61,D06P_POS,empty,0,0,0,0,0,True,0,0.0
D06P_POS__F610,D06P_POS,single,1,0,0,1,1,True,0,0.805593729019165
D06P_POS__F614,D06P_POS,multi,4,0,0,4,4,True,0,0.9262790083885193
D06P_POS__F615,D06P_POS,multi,2,0,0,2,2,True,0,0.8232309222221375
D06P_POS__F616,D06P_POS,multi,2,0,0,2,2,True,0,0.8411295413970947
D06P_POS__F621,D06P_POS,multi,1,0,1,2,1,False,1,0.8528220057487488
D06P_POS__F622,D06P_POS,multi,3,0,0,3,3,True,0,0.7323071956634521
D06P_POS__F625,D06P_POS,multi,2,0,1,3,2,False,1,0.8275724351406097
D06P_POS__F629,D06P_POS,multi,2,0,1,3,2,False,1,0.7807905375957489
D06P_POS__F630,D06P_POS,multi,2,3,0,2,5,False,3,0.7775789201259613
D06P_POS__F634,D06P_POS,multi,2,0,0,2,2,True,0,0.761204332113266
D06P_POS__F637,D06P_POS,single,1,0,0,1,1,True,0,0.8211966753005981
D06P_POS__F64,D06P_POS,empty,0,0,0,0,0,True,0,0.0
D06P_POS__F640,D06P_POS,multi,2,0,0,2,2,True,0,0.8734261095523834
D06P_POS__F641,D06P_POS,multi,2,0,0,2,2,True,0,0.9022928178310394
D06P_POS__F644,D06P_POS,single,1,0,0,1,1,True,0,0.9322264194488525
D06P_POS__F645,D06P_POS,multi,2,0,2,4,2,False,2,0.9102087914943695
D06P_POS__F653,D06P_POS,multi,2,0,0,2,2,True,0,0.9215136766433716
D06P_POS__F654,D06P_POS,multi,2,0,0,2,2,True,0,0.8072566986083984
D06P_POS__F656,D06P_POS,multi,3,0,0,3,3,True,0,0.9202790458997091
D06P_POS__F658,D06P_POS,multi,2,1,0,2,3,False,1,0.9560514092445374
D06P_POS__F663,D06P_POS,multi,3,0,0,3,3,True,0,0.8507670164108276
D06P_POS__F667,D06P_POS,multi,3,1,0,3,4,False,1,0.913957397143046
D06P_POS__F668,D06P_POS,single,1,0,0,1,1,True,0,0.9607461094856262
D06P_POS__F669,D06P_POS,multi,3,0,0,3,3,True,0,0.8805627425511678
D06P_POS__F67,D06P_POS,empty,0,0,0,0,0,True,0,0.0
D06P_POS__F672,D06P_POS,multi,5,0,0,5,5,True,0,0.8515127539634705
D06P_POS__F674,D06P_POS,single,1,1,0,1,2,False,1,0.9384014010429382
D06P_POS__F675,D06P_POS,multi,3,0,0,3,3,True,0,0.9255715211232504
D06P_POS__F679,D06P_POS,multi,2,1,0,2,3,False,1,0.8047226369380951
D06P_POS__F68,D06P_POS,empty,0,0,0,0,0,True,0,0.0
D06P_POS__F683,D06P_POS,single,1,0,0,1,1,True,0,0.9468081593513489
D06P_POS__F685,D06P_POS,multi,2,0,0,2,2,True,0,0.9312607944011688
D06P_POS__F686,D06P_POS,multi,3,1,0,3,4,False,1,0.8425750533739725
D06P_POS__F689,D06P_POS,multi,4,0,0,4,4,True,0,0.8229241371154785
D06P_POS__F69,D06P_POS,single,1,0,0,1,1,True,0,0.943473756313324
D06P_POS__F691,D06P_POS,single,1,0,0,1,1,True,0,0.9226804375648499
D06P_POS__F692,D06P_POS,single,1,0,0,1,1,True,0,0.9394239187240601
D06P_POS__F694,D06P_POS,multi,4,0,0,4,4,True,0,0.933539092540741
D06P_POS__F695,D06P_POS,multi,4,0,0,4,4,True,0,0.8638117611408234
D06P_POS__F696,D06P_POS,multi,4,0,0,4,4,True,0,0.891164168715477
D06P_POS__F7,D06P_POS,multi,2,0,0,2,2,True,0,0.8789397776126862
D06P_POS__F70,D06P_POS,empty,0,0,0,0,0,True,0,0.0
D06P_POS__F706,D06P_POS,multi,2,0,0,2,2,True,0,0.8255912065505981
D06P_POS__F708,D06P_POS,multi,3,0,1,4,3,False,1,0.8758460084597269
D06P_POS__F71,D06P_POS,single,0,1,1,1,1,True,0,0.0
D06P_POS__F712,D06P_POS,multi,2,0,0,2,2,True,0,0.8743765652179718
D06P_POS__F715,D06P_POS,multi,1,0,1,2,1,False,1,0.8084403276443481
D06P_POS__F716,D06P_POS,multi,2,0,0,2,2,True,0,0.8424058556556702
D06P_POS__F717,D06P_POS,multi,2,0,1,3,2,False,1,0.8517973721027374
D06P_POS__F718,D06P_POS,multi,2,0,0,2,2,True,0,0.9242979288101196
D06P_POS__F719,D06P_POS,multi,2,0,0,2,2,True,0,0.8957731127738953
D06P_POS__F72,D06P_POS,single,1,0,0,1,1,True,0,0.9034397602081299
D06P_POS__F721,D06P_POS,multi,2,0,0,2,2,True,0,0.7657556235790253
D06P_POS__F722,D06P_POS,multi,2,0,0,2,2,True,0,0.8239561021327972
D06P_POS__F727,D06P_POS,single,0,2,1,1,2,False,1,0.0
D06P_POS__F73,D06P_POS,single,1,1,0,1,2,False,1,0.9110379815101624
D06P_POS__F731,D06P_POS,multi,0,0,3,3,0,False,3,0.0
D06P_POS__F733,D06P_POS,single,1,0,0,1,1,True,0,0.9048454761505127
D06P_POS__F736,D06P_POS,single,1,0,0,1,1,True,0,0.9569016695022583
D06P_POS__F738,D06P_POS,single,1,0,0,1,1,True,0,0.9438543319702148
D06P_POS__F739,D06P_POS,single,1,0,0,1,1,True,0,0.9489803314208984
D06P_POS__F74,D06P_POS,empty,0,0,0,0,0,True,0,0.0
D06P_POS__F740,D06P_POS,multi,3,0,0,3,3,True,0,0.862813671429952
D06P_POS__F742,D06P_POS,multi,2,1,0,2,3,False,1,0.8148943781852722
D06P_POS__F744,D06P_POS,multi,2,0,0,2,2,True,0,0.8590808212757111
D06P_POS__F745,D06P_POS,multi,1,0,1,2,1,False,1,0.7125499844551086
D06P_POS__F747,D06P_POS,multi,2,0,0,2,2,True,0,0.8275822401046753
D06P_POS__F75,D06P_POS,empty,0,0,0,0,0,True,0,0.0
D06P_POS__F750,D06P_POS,multi,2,0,0,2,2,True,0,0.9339193403720856
D06P_POS__F753,D06P_POS,multi,1,1,3,4,2,False,2,0.8074852824211121
D06P_POS__F757,D06P_POS,single,1,0,0,1,1,True,0,0.8999359011650085
D06P_POS__F758,D06P_POS,multi,2,0,0,2,2,True,0,0.8869875967502594
D06P_POS__F762,D06P_POS,multi,2,0,2,4,2,False,2,0.9372170269489288
D06P_POS__F766,D06P_POS,multi,3,0,0,3,3,True,0,0.8450613220532736
D06P_POS__F769,D06P_POS,multi,2,0,0,2,2,True,0,0.9285306632518768
D06P_POS__F773,D06P_POS,multi,3,0,0,3,3,True,0,0.8642807801564535
D06P_POS__F775,D06P_POS,multi,2,0,0,2,2,True,0,0.8670873641967773
D06P_POS__F778,D06P_POS,multi,4,0,0,4,4,True,0,0.917834997177124
D06P_POS__F779,D06P_POS,multi,3,0,0,3,3,True,0,0.9338110089302063
D06P_POS__F78,D06P_POS,single,1,0,0,1,1,True,0,0.9083824753761292
D06P_POS__F783,D06P_POS,multi,2,2,0,2,4,False,2,0.874384343624115
D06P_POS__F788,D06P_POS,multi,2,0,0,2,2,True,0,0.8193339705467224
D06P_POS__F790,D06P_POS,multi,3,0,0,3,3,True,0,0.8928554654121399
D06P_POS__F794,D06P_POS,multi,4,0,0,4,4,True,0,0.875334307551384
D06P_POS__F798,D06P_POS,multi,2,0,0,2,2,True,0,0.8452042937278748
D06P_POS__F799,D06P_POS,empty,0,1,0,0,1,False,1,0.0
D06P_POS__F8,D06P_POS,empty,0,0,0,0,0,True,0,0.0
D06P_POS__F801,D06P_POS,multi,2,0,0,2,2,True,0,0.9168490171432495
D06P_POS__F802,D06P_POS,multi,1,0,1,2,1,False,1,0.8901976346969604
D06P_POS__F803,D06P_POS,single,1,0,0,1,1,True,0,0.7280292510986328
D06P_POS__F804,D06P_POS,single,1,0,0,1,1,True,0,0.9037709832191467
D06P_POS__F807,D06P_POS,multi,2,0,0,2,2,True,0,0.9365996718406677
D06P_POS__F808,D06P_POS,single,1,0,0,1,1,True,0,0.8738148212432861
D06P_POS__F811,D06P_POS,multi,4,0,0,4,4,True,0,0.7881069183349609
D06P_POS__F814,D06P_POS,single,1,0,0,1,1,True,0,0.962877631187439
D06P_POS__F817,D06P_POS,single,1,0,0,1,1,True,0,0.800858736038208
D06P_POS__F818,D06P_POS,single,1,0,0,1,1,True,0,0.9367267489433289
D06P_POS__F819,D06P_POS,multi,1,0,2,3,1,False,2,0.9210381507873535
D06P_POS__F820,D06P_POS,multi,0,0,2,2,0,False,2,0.0
D06P_POS__F823,D06P_POS,multi,2,0,0,2,2,True,0,0.9090562760829926
D06P_POS__F826,D06P_POS,multi,3,0,0,3,3,True,0,0.8557543555895487
D06P_POS__F827,D06P_POS,multi,2,0,0,2,2,True,0,0.8235918879508972
D06P_POS__F828,D06P_POS,multi,3,0,0,3,3,True,0,0.9016351501146952
D06P_POS__F83,D06P_POS,empty,0,0,0,0,0,True,0,0.0
D06P_POS__F830,D06P_POS,single,1,0,0,1,1,True,0,0.9475637078285217
D06P_POS__F833,D06P_POS,multi,3,0,0,3,3,True,0,0.854268213113149
D06P_POS__F834,D06P_POS,multi,3,0,0,3,3,True,0,0.9588671525319418
D06P_POS__F837,D06P_POS,multi,4,0,0,4,4,True,0,0.8881134688854218
D06P_POS__F839,D06P_POS,multi,3,0,0,3,3,True,0,0.8091870148976644
D06P_POS__F84,D06P_POS,empty,0,0,0,0,0,True,0,0.0
D06P_POS__F843,D06P_POS,multi,2,0,0,2,2,True,0,0.7838605046272278
D06P_POS__F844,D06P_POS,multi,4,0,0,4,4,True,0,0.9327651858329773
D06P_POS__F846,D06P_POS,multi,3,0,0,3,3,True,0,0.9317865570386251
D06P_POS__F847,D06P_POS,single,1,0,0,1,1,True,0,0.9736891984939575
D06P_POS__F848,D06P_POS,single,1,0,0,1,1,True,0,0.9615113139152527
D06P_POS__F852,D06P_POS,multi,2,0,0,2,2,True,0,0.8285321891307831
D06P_POS__F856,D06P_POS,single,1,0,0,1,1,True,0,0.9354039430618286
D06P_POS__F859,D06P_POS,single,1,1,0,1,2,False,1,0.898733377456665
D06P_POS__F860,D06P_POS,single,1,0,0,1,1,True,0,0.928799569606781
D06P_POS__F862,D06P_POS,multi,3,2,0,3,5,False,2,0.9007130265235901
D06P_POS__F865,D06P_POS,single,1,0,0,1,1,True,0,0.9552819132804871
D06P_POS__F867,D06P_POS,multi,3,1,0,3,4,False,1,0.8843190868695577
D06P_POS__F868,D06P_POS,multi,3,0,0,3,3,True,0,0.8813175360361735
D06P_POS__F869,D06P_POS,single,1,0,0,1,1,True,0,0.9117804169654846
D06P_POS__F870,D06P_POS,multi,2,0,0,2,2,True,0,0.8828139007091522
D06P_POS__F876,D06P_POS,multi,2,0,1,3,2,False,1,0.8561927974224091
D06P_POS__F877,D06P_POS,multi,2,0,1,3,2,False,1,0.8329648971557617
D06P_POS__F878,D06P_POS,multi,2,0,0,2,2,True,0,0.8420888781547546
D06P_POS__F880,D06P_POS,multi,2,0,0,2,2,True,0,0.9326928853988647
D06P_POS__F881,D06P_POS,multi,2,0,0,2,2,True,0,0.9356237351894379
D06P_POS__F883,D06P_POS,multi,1,0,1,2,1,False,1,0.9851265549659729
D06P_POS__F886,D06P_POS,single,1,0,0,1,1,True,0,0.899012565612793
D06P_POS__F887,D06P_POS,multi,3,0,0,3,3,True,0,0.8728287220001221
D06P_POS__F888,D06P_POS,multi,2,0,0,2,2,True,0,0.898710161447525
D06P_POS__F89,D06P_POS,empty,0,0,0,0,0,True,0,0.0
D06P_POS__F890,D06P_POS,single,1,1,0,1,2,False,1,0.9557783603668213
D06P_POS__F891,D06P_POS,multi,2,0,0,2,2,True,0,0.9298076033592224
D06P_POS__F893,D06P_POS,multi,2,0,1,3,2,False,1,0.923374593257904
D06P_POS__F894,D06P_POS,multi,2,0,0,2,2,True,0,0.9251077175140381
D06P_POS__F895,D06P_POS,single,1,0,0,1,1,True,0,0.952448844909668
D06P_POS__F896,D06P_POS,single,1,0,0,1,1,True,0,0.9253997206687927
D06P_POS__F901,D06P_POS,single,1,0,0,1,1,True,0,0.8592603206634521
D06P_POS__F905,D06P_POS,single,1,0,0,1,1,True,0,0.9330651760101318
D06P_POS__F908,D06P_POS,multi,4,0,0,4,4,True,0,0.9428749829530716
D06P_POS__F91,D06P_POS,multi,2,0,0,2,2,True,0,0.8825366795063019
D06P_POS__F910,D06P_POS,multi,2,0,0,2,2,True,0,0.9663463234901428
D06P_POS__F911,D06P_POS,multi,2,0,0,2,2,True,0,0.8883409202098846
D06P_POS__F913,D06P_POS,single,1,0,0,1,1,True,0,0.6901998519897461
D06P_POS__F915,D06P_POS,multi,2,0,0,2,2,True,0,0.8898447453975677
D06P_POS__F916,D06P_POS,single,1,1,0,1,2,False,1,0.655284583568573
D06P_POS__F918,D06P_POS,multi,2,0,0,2,2,True,0,0.7144899368286133
D06P_POS__F919,D06P_POS,single,1,0,0,1,1,True,0,0.9314852356910706
D06P_POS__F922,D06P_POS,multi,2,0,0,2,2,True,0,0.849619597196579
D06P_POS__F925,D06P_POS,multi,3,1,4,7,4,False,3,0.8686421712239584
D06P_POS__F926,D06P_POS,multi,4,1,3,7,5,False,2,0.9190697222948074
D06P_POS__F927,D06P_POS,multi,2,0,0,2,2,True,0,0.9262714385986328
D06P_POS__F928,D06P_POS,multi,3,0,3,6,3,False,3,0.892620841662089
D06P_POS__F933,D06P_POS,multi,2,0,0,2,2,True,0,0.902070015668869
D06P_POS__F935,D06P_POS,multi,2,0,0,2,2,True,0,0.8947113454341888
D06P_POS__F936,D06P_POS,single,1,0,0,1,1,True,0,0.9549074172973633
D06P_POS__F937,D06P_POS,multi,3,0,0,3,3,True,0,0.7950432499249777
D06P_POS__F938,D06P_POS,multi,2,0,0,2,2,True,0,0.841939240694046
D06P_POS__F940,D06P_POS,single,1,0,0,1,1,True,0,0.9386818408966064
D06P_POS__F941,D06P_POS,multi,3,0,0,3,3,True,0,0.919792632261912
D06P_POS__F942,D06P_POS,multi,2,0,0,2,2,True,0,0.8479686975479126
D06P_POS__F946,D06P_POS,multi,2,0,0,2,2,True,0,0.9455922544002533
D06P_POS__F947,D06P_POS,multi,2,0,0,2,2,True,0,0.8459990322589874
D06P_POS__F949,D06P_POS,multi,4,0,0,4,4,True,0,0.901255875825882
D06P_POS__F95,D06P_POS,single,1,0,0,1,1,True,0,0.9434806108474731
D06P_POS__F954,D06P_POS,multi,1,1,2,3,2,False,1,0.9439567923545837
D06P_POS__F957,D06P_POS,multi,3,0,0,3,3,True,0,0.8263071179389954
D06P_POS__F959,D06P_POS,multi,4,0,1,5,4,False,1,0.8817756325006485
D06P_POS__F960,D06P_POS,multi,3,1,0,3,4,False,1,0.9310275316238403
D06P_POS__F962,D06P_POS,multi,2,0,0,2,2,True,0,0.9273029863834381
D06P_POS__F965,D06P_POS,multi,2,0,0,2,2,True,0,0.8737637400627136
D06P_POS__F970,D06P_POS,single,1,1,0,1,2,False,1,0.924815833568573
D06P_POS__F974,D06P_POS,multi,4,0,0,4,4,True,0,0.9335685223340988
D06P_POS__F980,D06P_POS,multi,2,1,0,2,3,False,1,0.846748560667038
D06P_POS__F985,D06P_POS,single,1,1,0,1,2,False,1,0.807188868522644
D06P_POS__F986,D06P_POS,single,1,0,0,1,1,True,0,0.9312703013420105
D06P_POS__F987,D06P_POS,single,1,0,0,1,1,True,0,0.9655129313468933
D06P_POS__F988,D06P_POS,single,1,0,0,1,1,True,0,0.9614698886871338
D06P_POS__F989,D06P_POS,multi,2,0,0,2,2,True,0,0.8960865139961243
D06P_POS__F992,D06P_POS,multi,3,0,0,3,3,True,0,0.9361740152041117
D06P_POS__F993,D06P_POS,multi,3,1,0,3,4,False,1,0.953430712223053
D06P_POS__F994,D06P_POS,multi,3,1,0,3,4,False,1,0.8768528699874878
D06P_POS__F997,D06P_POS,multi,3,0,0,3,3,True,0,0.8802242875099182
D06P_POS__F999,D06P_POS,multi,4,0,0,4,4,True,0,0.8761468976736069
NIST_Full scan_2_NEG__F100,NIST_Full scan_2_NEG,multi,1,1,2,3,2,False,1,0.7015396356582642
NIST_Full scan_2_NEG__F1005,NIST_Full scan_2_NEG,empty,0,0,0,0,0,True,0,0.0
NIST_Full scan_2_NEG__F1011,NIST_Full scan_2_NEG,single,1,0,0,1,1,True,0,0.742793083190918
NIST_Full scan_2_NEG__F1018,NIST_Full scan_2_NEG,single,1,0,0,1,1,True,0,0.9280807375907898
NIST_Full scan_2_NEG__F1019,NIST_Full scan_2_NEG,single,1,0,0,1,1,True,0,0.8899409770965576
NIST_Full scan_2_NEG__F1026,NIST_Full scan_2_NEG,single,0,1,1,1,1,True,0,0.0
NIST_Full scan_2_NEG__F1034,NIST_Full scan_2_NEG,single,1,0,0,1,1,True,0,0.8195516467094421
NIST_Full scan_2_NEG__F1035,NIST_Full scan_2_NEG,single,1,0,0,1,1,True,0,0.9693233966827393
NIST_Full scan_2_NEG__F1038,NIST_Full scan_2_NEG,single,1,0,0,1,1,True,0,0.9135813117027283
NIST_Full scan_2_NEG__F1042,NIST_Full scan_2_NEG,single,1,0,0,1,1,True,0,0.9028348326683044
NIST_Full scan_2_NEG__F1045,NIST_Full scan_2_NEG,single,1,0,0,1,1,True,0,0.9591493606567383
NIST_Full scan_2_NEG__F1048,NIST_Full scan_2_NEG,single,0,1,1,1,1,True,0,0.0
NIST_Full scan_2_NEG__F1051,NIST_Full scan_2_NEG,empty,0,0,0,0,0,True,0,0.0
NIST_Full scan_2_NEG__F1055,NIST_Full scan_2_NEG,single,1,1,0,1,2,False,1,0.9153400659561157
NIST_Full scan_2_NEG__F1058,NIST_Full scan_2_NEG,single,1,0,0,1,1,True,0,0.8282256722450256
NIST_Full scan_2_NEG__F1062,NIST_Full scan_2_NEG,single,1,0,0,1,1,True,0,0.9185838103294373
NIST_Full scan_2_NEG__F1072,NIST_Full scan_2_NEG,single,1,0,0,1,1,True,0,0.7698705196380615
NIST_Full scan_2_NEG__F1084,NIST_Full scan_2_NEG,empty,0,0,0,0,0,True,0,0.0
NIST_Full scan_2_NEG__F1085,NIST_Full scan_2_NEG,empty,0,1,0,0,1,False,1,0.0
NIST_Full scan_2_NEG__F1086,NIST_Full scan_2_NEG,multi,1,0,1,2,1,False,1,0.9066567420959473
NIST_Full scan_2_NEG__F1090,NIST_Full scan_2_NEG,multi,2,0,0,2,2,True,0,0.9014116525650024
NIST_Full scan_2_NEG__F1095,NIST_Full scan_2_NEG,multi,2,0,0,2,2,True,0,0.8598645925521851
NIST_Full scan_2_NEG__F1101,NIST_Full scan_2_NEG,empty,0,0,0,0,0,True,0,0.0
NIST_Full scan_2_NEG__F1105,NIST_Full scan_2_NEG,single,1,0,0,1,1,True,0,0.895696222782135
NIST_Full scan_2_NEG__F1110,NIST_Full scan_2_NEG,multi,2,0,0,2,2,True,0,0.7972393035888672
NIST_Full scan_2_NEG__F1111,NIST_Full scan_2_NEG,multi,2,0,0,2,2,True,0,0.7864171862602234
NIST_Full scan_2_NEG__F1113,NIST_Full scan_2_NEG,single,1,0,0,1,1,True,0,0.8457167148590088
NIST_Full scan_2_NEG__F1114,NIST_Full scan_2_NEG,multi,2,0,0,2,2,True,0,0.9379013478755951
NIST_Full scan_2_NEG__F1118,NIST_Full scan_2_NEG,single,1,0,0,1,1,True,0,0.9477411508560181
NIST_Full scan_2_NEG__F112,NIST_Full scan_2_NEG,multi,2,0,1,3,2,False,1,0.8976795375347137
NIST_Full scan_2_NEG__F1122,NIST_Full scan_2_NEG,single,1,0,0,1,1,True,0,0.8316023349761963
NIST_Full scan_2_NEG__F1125,NIST_Full scan_2_NEG,single,1,0,0,1,1,True,0,0.7172353267669678
NIST_Full scan_2_NEG__F1126,NIST_Full scan_2_NEG,single,1,0,0,1,1,True,0,0.9415395259857178
NIST_Full scan_2_NEG__F1132,NIST_Full scan_2_NEG,single,1,1,0,1,2,False,1,0.9744794964790344
NIST_Full scan_2_NEG__F1134,NIST_Full scan_2_NEG,multi,2,0,0,2,2,True,0,0.9181292057037354
NIST_Full scan_2_NEG__F1147,NIST_Full scan_2_NEG,empty,0,0,0,0,0,True,0,0.0
NIST_Full scan_2_NEG__F1152,NIST_Full scan_2_NEG,empty,0,0,0,0,0,True,0,0.0
NIST_Full scan_2_NEG__F1160,NIST_Full scan_2_NEG,multi,2,1,0,2,3,False,1,0.9513743817806244
NIST_Full scan_2_NEG__F1171,NIST_Full scan_2_NEG,empty,0,0,0,0,0,True,0,0.0
NIST_Full scan_2_NEG__F1174,NIST_Full scan_2_NEG,single,1,0,0,1,1,True,0,0.8326399922370911
NIST_Full scan_2_NEG__F1177,NIST_Full scan_2_NEG,multi,2,0,0,2,2,True,0,0.9487301707267761
NIST_Full scan_2_NEG__F1178,NIST_Full scan_2_NEG,single,1,1,0,1,2,False,1,0.5519501566886902
NIST_Full scan_2_NEG__F1179,NIST_Full scan_2_NEG,empty,0,1,0,0,1,False,1,0.0
NIST_Full scan_2_NEG__F1182,NIST_Full scan_2_NEG,empty,0,0,0,0,0,True,0,0.0
NIST_Full scan_2_NEG__F119,NIST_Full scan_2_NEG,empty,0,0,0,0,0,True,0,0.0
NIST_Full scan_2_NEG__F1191,NIST_Full scan_2_NEG,empty,0,0,0,0,0,True,0,0.0
NIST_Full scan_2_NEG__F1195,NIST_Full scan_2_NEG,single,1,0,0,1,1,True,0,0.8402267694473267
NIST_Full scan_2_NEG__F1197,NIST_Full scan_2_NEG,multi,2,1,0,2,3,False,1,0.8551371991634369
NIST_Full scan_2_NEG__F121,NIST_Full scan_2_NEG,single,1,0,0,1,1,True,0,0.8967808485031128
NIST_Full scan_2_NEG__F1212,NIST_Full scan_2_NEG,empty,0,0,0,0,0,True,0,0.0
NIST_Full scan_2_NEG__F1217,NIST_Full scan_2_NEG,multi,3,0,0,3,3,True,0,0.9031430085500082
NIST_Full scan_2_NEG__F1221,NIST_Full scan_2_NEG,empty,0,0,0,0,0,True,0,0.0
NIST_Full scan_2_NEG__F1222,NIST_Full scan_2_NEG,multi,2,0,0,2,2,True,0,0.863641083240509
NIST_Full scan_2_NEG__F1224,NIST_Full scan_2_NEG,empty,0,0,0,0,0,True,0,0.0
NIST_Full scan_2_NEG__F1229,NIST_Full scan_2_NEG,single,1,0,0,1,1,True,0,0.9234781265258789
NIST_Full scan_2_NEG__F1233,NIST_Full scan_2_NEG,empty,0,0,0,0,0,True,0,0.0
NIST_Full scan_2_NEG__F1238,NIST_Full scan_2_NEG,empty,0,0,0,0,0,True,0,0.0
NIST_Full scan_2_NEG__F1242,NIST_Full scan_2_NEG,empty,0,1,0,0,1,False,1,0.0
NIST_Full scan_2_NEG__F1259,NIST_Full scan_2_NEG,multi,2,1,0,2,3,False,1,0.8860532641410828
NIST_Full scan_2_NEG__F1261,NIST_Full scan_2_NEG,empty,0,0,0,0,0,True,0,0.0
NIST_Full scan_2_NEG__F1262,NIST_Full scan_2_NEG,single,1,0,0,1,1,True,0,0.6782462000846863
NIST_Full scan_2_NEG__F1265,NIST_Full scan_2_NEG,empty,0,0,0,0,0,True,0,0.0
NIST_Full scan_2_NEG__F1267,NIST_Full scan_2_NEG,empty,0,0,0,0,0,True,0,0.0
NIST_Full scan_2_NEG__F1272,NIST_Full scan_2_NEG,multi,1,0,1,2,1,False,1,0.8995041251182556
NIST_Full scan_2_NEG__F129,NIST_Full scan_2_NEG,single,1,0,0,1,1,True,0,0.9265871047973633
NIST_Full scan_2_NEG__F1290,NIST_Full scan_2_NEG,single,1,0,0,1,1,True,0,0.8909348249435425
NIST_Full scan_2_NEG__F1293,NIST_Full scan_2_NEG,multi,0,1,2,2,1,False,1,0.0
NIST_Full scan_2_NEG__F1294,NIST_Full scan_2_NEG,multi,0,1,2,2,1,False,1,0.0
NIST_Full scan_2_NEG__F1299,NIST_Full scan_2_NEG,multi,2,0,0,2,2,True,0,0.9242902994155884
NIST_Full scan_2_NEG__F1302,NIST_Full scan_2_NEG,multi,1,2,1,2,3,False,1,0.9269669651985168
NIST_Full scan_2_NEG__F1309,NIST_Full scan_2_NEG,multi,1,3,1,2,4,False,2,0.9450688362121582
NIST_Full scan_2_NEG__F1310,NIST_Full scan_2_NEG,single,1,0,0,1,1,True,0,0.9292283058166504
NIST_Full scan_2_NEG__F1311,NIST_Full scan_2_NEG,empty,0,0,0,0,0,True,0,0.0
NIST_Full scan_2_NEG__F1314,NIST_Full scan_2_NEG,empty,0,0,0,0,0,True,0,0.0
NIST_Full scan_2_NEG__F1317,NIST_Full scan_2_NEG,empty,0,0,0,0,0,True,0,0.0
NIST_Full scan_2_NEG__F1321,NIST_Full scan_2_NEG,single,0,0,1,1,0,False,1,0.0
NIST_Full scan_2_NEG__F1337,NIST_Full scan_2_NEG,multi,3,0,1,4,3,False,1,0.8867871363957723
NIST_Full scan_2_NEG__F1339,NIST_Full scan_2_NEG,multi,2,0,0,2,2,True,0,0.9082542657852173
NIST_Full scan_2_NEG__F1341,NIST_Full scan_2_NEG,single,1,0,0,1,1,True,0,0.9097286462783813
NIST_Full scan_2_NEG__F1345,NIST_Full scan_2_NEG,multi,2,0,0,2,2,True,0,0.9009817242622375
NIST_Full scan_2_NEG__F1352,NIST_Full scan_2_NEG,single,1,1,0,1,2,False,1,0.8657161593437195
NIST_Full scan_2_NEG__F1353,NIST_Full scan_2_NEG,multi,2,0,1,3,2,False,1,0.9431925117969513
NIST_Full scan_2_NEG__F1362,NIST_Full scan_2_NEG,single,1,0,0,1,1,True,0,0.8696956634521484
NIST_Full scan_2_NEG__F1367,NIST_Full scan_2_NEG,single,0,1,1,1,1,True,0,0.0
NIST_Full scan_2_NEG__F1380,NIST_Full scan_2_NEG,multi,3,0,0,3,3,True,0,0.9376172423362732
NIST_Full scan_2_NEG__F1381,NIST_Full scan_2_NEG,multi,1,0,1,2,1,False,1,0.9295055270195007
NIST_Full scan_2_NEG__F1394,NIST_Full scan_2_NEG,multi,3,0,0,3,3,True,0,0.9153777956962585
NIST_Full scan_2_NEG__F1395,NIST_Full scan_2_NEG,empty,0,0,0,0,0,True,0,0.0
NIST_Full scan_2_NEG__F14,NIST_Full scan_2_NEG,empty,0,0,0,0,0,True,0,0.0
NIST_Full scan_2_NEG__F1402,NIST_Full scan_2_NEG,multi,2,0,0,2,2,True,0,0.9317730367183685
NIST_Full scan_2_NEG__F1403,NIST_Full scan_2_NEG,multi,2,0,0,2,2,True,0,0.7704840302467346
NIST_Full scan_2_NEG__F1404,NIST_Full scan_2_NEG,multi,1,0,1,2,1,False,1,0.9244769215583801
NIST_Full scan_2_NEG__F1406,NIST_Full scan_2_NEG,single,1,0,0,1,1,True,0,0.708807647228241
NIST_Full scan_2_NEG__F1411,NIST_Full scan_2_NEG,single,1,0,0,1,1,True,0,0.949706494808197
NIST_Full scan_2_NEG__F1412,NIST_Full scan_2_NEG,multi,0,1,2,2,1,False,1,0.0
NIST_Full scan_2_NEG__F1422,NIST_Full scan_2_NEG,empty,0,0,0,0,0,True,0,0.0
NIST_Full scan_2_NEG__F1424,NIST_Full scan_2_NEG,multi,3,0,1,4,3,False,1,0.9449177384376526
NIST_Full scan_2_NEG__F1430,NIST_Full scan_2_NEG,multi,2,0,0,2,2,True,0,0.9092439115047455
NIST_Full scan_2_NEG__F1431,NIST_Full scan_2_NEG,single,1,0,0,1,1,True,0,0.9550068974494934
NIST_Full scan_2_NEG__F1436,NIST_Full scan_2_NEG,single,0,2,1,1,2,False,1,0.0
NIST_Full scan_2_NEG__F1438,NIST_Full scan_2_NEG,single,1,0,0,1,1,True,0,0.9271214008331299
NIST_Full scan_2_NEG__F1442,NIST_Full scan_2_NEG,single,1,1,0,1,2,False,1,0.609588086605072
NIST_Full scan_2_NEG__F1448,NIST_Full scan_2_NEG,empty,0,0,0,0,0,True,0,0.0
NIST_Full scan_2_NEG__F1453,NIST_Full scan_2_NEG,empty,0,0,0,0,0,True,0,0.0
NIST_Full scan_2_NEG__F1454,NIST_Full scan_2_NEG,single,1,0,0,1,1,True,0,0.941688597202301
NIST_Full scan_2_NEG__F1457,NIST_Full scan_2_NEG,single,1,1,0,1,2,False,1,0.5396451354026794
NIST_Full scan_2_NEG__F1458,NIST_Full scan_2_NEG,single,1,0,0,1,1,True,0,0.6752626895904541
NIST_Full scan_2_NEG__F1459,NIST_Full scan_2_NEG,multi,3,1,0,3,4,False,1,0.8652767340342203
NIST_Full scan_2_NEG__F1460,NIST_Full scan_2_NEG,multi,0,0,2,2,0,False,2,0.0
NIST_Full scan_2_NEG__F1462,NIST_Full scan_2_NEG,multi,2,0,0,2,2,True,0,0.8695753812789917
NIST_Full scan_2_NEG__F1473,NIST_Full scan_2_NEG,single,1,0,0,1,1,True,0,0.9436782598495483
NIST_Full scan_2_NEG__F1476,NIST_Full scan_2_NEG,empty,0,1,0,0,1,False,1,0.0
NIST_Full scan_2_NEG__F1477,NIST_Full scan_2_NEG,single,1,0,0,1,1,True,0,0.973835289478302
NIST_Full scan_2_NEG__F1481,NIST_Full scan_2_NEG,single,0,0,1,1,0,False,1,0.0
NIST_Full scan_2_NEG__F1484,NIST_Full scan_2_NEG,single,1,1,0,1,2,False,1,0.8188592791557312
NIST_Full scan_2_NEG__F1495,NIST_Full scan_2_NEG,multi,3,0,0,3,3,True,0,0.9174802303314209
NIST_Full scan_2_NEG__F150,NIST_Full scan_2_NEG,empty,0,0,0,0,0,True,0,0.0
NIST_Full scan_2_NEG__F1502,NIST_Full scan_2_NEG,empty,0,0,0,0,0,True,0,0.0
NIST_Full scan_2_NEG__F1504,NIST_Full scan_2_NEG,single,1,0,0,1,1,True,0,0.9566119909286499
NIST_Full scan_2_NEG__F1509,NIST_Full scan_2_NEG,multi,0,0,2,2,0,False,2,0.0
NIST_Full scan_2_NEG__F1511,NIST_Full scan_2_NEG,single,1,2,0,1,3,False,2,0.6424546241760254
NIST_Full scan_2_NEG__F1513,NIST_Full scan_2_NEG,single,1,2,0,1,3,False,2,0.6129628419876099
NIST_Full scan_2_NEG__F1522,NIST_Full scan_2_NEG,single,1,0,0,1,1,True,0,0.929507851600647
NIST_Full scan_2_NEG__F1533,NIST_Full scan_2_NEG,multi,3,0,0,3,3,True,0,0.8655528823534647
NIST_Full scan_2_NEG__F1534,NIST_Full scan_2_NEG,multi,3,0,0,3,3,True,0,0.8516453305880228
NIST_Full scan_2_NEG__F1536,NIST_Full scan_2_NEG,single,1,0,0,1,1,True,0,0.9460370540618896
NIST_Full scan_2_NEG__F1538,NIST_Full scan_2_NEG,multi,2,0,1,3,2,False,1,0.915339469909668
NIST_Full scan_2_NEG__F1539,NIST_Full scan_2_NEG,single,1,0,0,1,1,True,0,0.9023828506469727
NIST_Full scan_2_NEG__F1542,NIST_Full scan_2_NEG,empty,0,0,0,0,0,True,0,0.0
NIST_Full scan_2_NEG__F1552,NIST_Full scan_2_NEG,empty,0,0,0,0,0,True,0,0.0
NIST_Full scan_2_NEG__F1559,NIST_Full scan_2_NEG,single,1,0,0,1,1,True,0,0.9464837312698364
NIST_Full scan_2_NEG__F1563,NIST_Full scan_2_NEG,single,1,0,0,1,1,True,0,0.9133692383766174
NIST_Full scan_2_NEG__F1564,NIST_Full scan_2_NEG,empty,0,0,0,0,0,True,0,0.0
NIST_Full scan_2_NEG__F1566,NIST_Full scan_2_NEG,single,0,2,1,1,2,False,1,0.0
NIST_Full scan_2_NEG__F1567,NIST_Full scan_2_NEG,multi,2,0,0,2,2,True,0,0.95036780834198
NIST_Full scan_2_NEG__F1568,NIST_Full scan_2_NEG,empty,0,0,0,0,0,True,0,0.0
NIST_Full scan_2_NEG__F1576,NIST_Full scan_2_NEG,single,0,1,1,1,1,True,0,0.0
NIST_Full scan_2_NEG__F1578,NIST_Full scan_2_NEG,single,1,0,0,1,1,True,0,0.941042423248291
NIST_Full scan_2_NEG__F158,NIST_Full scan_2_NEG,empty,0,0,0,0,0,True,0,0.0
NIST_Full scan_2_NEG__F1581,NIST_Full scan_2_NEG,empty,0,0,0,0,0,True,0,0.0
NIST_Full scan_2_NEG__F1585,NIST_Full scan_2_NEG,single,1,0,0,1,1,True,0,0.9225937724113464
NIST_Full scan_2_NEG__F1594,NIST_Full scan_2_NEG,empty,0,0,0,0,0,True,0,0.0
NIST_Full scan_2_NEG__F1602,NIST_Full scan_2_NEG,empty,0,0,0,0,0,True,0,0.0
NIST_Full scan_2_NEG__F1603,NIST_Full scan_2_NEG,multi,2,0,0,2,2,True,0,0.9153919219970703
NIST_Full scan_2_NEG__F1605,NIST_Full scan_2_NEG,single,1,0,0,1,1,True,0,0.8620632886886597
NIST_Full scan_2_NEG__F1609,NIST_Full scan_2_NEG,multi,2,0,0,2,2,True,0,0.9178116023540497
NIST_Full scan_2_NEG__F1613,NIST_Full scan_2_NEG,multi,2,0,0,2,2,True,0,0.8357487916946411
NIST_Full scan_2_NEG__F1627,NIST_Full scan_2_NEG,multi,2,0,0,2,2,True,0,0.8091393411159515
NIST_Full scan_2_NEG__F1629,NIST_Full scan_2_NEG,single,1,0,0,1,1,True,0,0.9320023655891418
NIST_Full scan_2_NEG__F163,NIST_Full scan_2_NEG,single,1,0,0,1,1,True,0,0.535049319267273
NIST_Full scan_2_NEG__F1630,NIST_Full scan_2_NEG,single,1,0,0,1,1,True,0,0.9286016821861267
NIST_Full scan_2_NEG__F164,NIST_Full scan_2_NEG,single,1,0,0,1,1,True,0,0.9535593390464783
NIST_Full scan_2_NEG__F1640,NIST_Full scan_2_NEG,empty,0,0,0,0,0,True,0,0.0
NIST_Full scan_2_NEG__F1646,NIST_Full scan_2_NEG,empty,0,1,0,0,1,False,1,0.0
NIST_Full scan_2_NEG__F1653,NIST_Full scan_2_NEG,single,1,0,0,1,1,True,0,0.8808935284614563
NIST_Full scan_2_NEG__F1666,NIST_Full scan_2_NEG,single,1,0,0,1,1,True,0,0.9141933917999268
NIST_Full scan_2_NEG__F1674,NIST_Full scan_2_NEG,single,1,0,0,1,1,True,0,0.8664575219154358
NIST_Full scan_2_NEG__F1675,NIST_Full scan_2_NEG,single,1,0,0,1,1,True,0,0.9248145222663879
NIST_Full scan_2_NEG__F1678,NIST_Full scan_2_NEG,single,1,0,0,1,1,True,0,0.9348829388618469
NIST_Full scan_2_NEG__F169,NIST_Full scan_2_NEG,single,1,0,0,1,1,True,0,0.9574466347694397
NIST_Full scan_2_NEG__F1690,NIST_Full scan_2_NEG,empty,0,0,0,0,0,True,0,0.0
NIST_Full scan_2_NEG__F1691,NIST_Full scan_2_NEG,single,1,0,0,1,1,True,0,0.574219286441803
NIST_Full scan_2_NEG__F1692,NIST_Full scan_2_NEG,single,1,0,0,1,1,True,0,0.8820461630821228
NIST_Full scan_2_NEG__F1698,NIST_Full scan_2_NEG,single,1,0,0,1,1,True,0,0.8112227320671082
NIST_Full scan_2_NEG__F1712,NIST_Full scan_2_NEG,single,0,1,1,1,1,True,0,0.0
NIST_Full scan_2_NEG__F1722,NIST_Full scan_2_NEG,single,1,0,0,1,1,True,0,0.9612656235694885
NIST_Full scan_2_NEG__F1725,NIST_Full scan_2_NEG,single,1,0,0,1,1,True,0,0.9350143074989319
NIST_Full scan_2_NEG__F1726,NIST_Full scan_2_NEG,empty,0,0,0,0,0,True,0,0.0
NIST_Full scan_2_NEG__F1730,NIST_Full scan_2_NEG,multi,3,0,0,3,3,True,0,0.9314537247021993
NIST_Full scan_2_NEG__F1731,NIST_Full scan_2_NEG,single,1,0,0,1,1,True,0,0.6226298213005066
NIST_Full scan_2_NEG__F1732,NIST_Full scan_2_NEG,single,1,0,0,1,1,True,0,0.8853763937950134
NIST_Full scan_2_NEG__F1736,NIST_Full scan_2_NEG,multi,2,0,0,2,2,True,0,0.8702865242958069
NIST_Full scan_2_NEG__F1737,NIST_Full scan_2_NEG,multi,2,0,0,2,2,True,0,0.8105047941207886
NIST_Full scan_2_NEG__F174,NIST_Full scan_2_NEG,single,1,0,0,1,1,True,0,0.9151541590690613
NIST_Full scan_2_NEG__F1744,NIST_Full scan_2_NEG,multi,2,0,0,2,2,True,0,0.936643660068512
NIST_Full scan_2_NEG__F1753,NIST_Full scan_2_NEG,multi,2,0,0,2,2,True,0,0.9402226209640503
NIST_Full scan_2_NEG__F1755,NIST_Full scan_2_NEG,single,1,0,0,1,1,True,0,0.897773265838623
NIST_Full scan_2_NEG__F1756,NIST_Full scan_2_NEG,multi,1,0,1,2,1,False,1,0.8916506767272949
NIST_Full scan_2_NEG__F1757,NIST_Full scan_2_NEG,multi,1,0,1,2,1,False,1,0.9308710694313049
NIST_Full scan_2_NEG__F176,NIST_Full scan_2_NEG,empty,0,0,0,0,0,True,0,0.0
NIST_Full scan_2_NEG__F1761,NIST_Full scan_2_NEG,empty,0,3,0,0,3,False,3,0.0
NIST_Full scan_2_NEG__F1766,NIST_Full scan_2_NEG,single,1,0,0,1,1,True,0,0.8984454870223999
NIST_Full scan_2_NEG__F1770,NIST_Full scan_2_NEG,single,0,2,1,1,2,False,1,0.0
NIST_Full scan_2_NEG__F1776,NIST_Full scan_2_NEG,multi,3,0,0,3,3,True,0,0.8420170942942301
NIST_Full scan_2_NEG__F178,NIST_Full scan_2_NEG,single,1,0,0,1,1,True,0,0.9707288146018982
NIST_Full scan_2_NEG__F1784,NIST_Full scan_2_NEG,multi,2,0,0,2,2,True,0,0.9484828114509583
NIST_Full scan_2_NEG__F1798,NIST_Full scan_2_NEG,single,1,0,0,1,1,True,0,0.928062915802002
NIST_Full scan_2_NEG__F180,NIST_Full scan_2_NEG,single,1,0,0,1,1,True,0,0.9464221000671387
NIST_Full scan_2_NEG__F1802,NIST_Full scan_2_NEG,multi,3,0,1,4,3,False,1,0.9331580400466919
NIST_Full scan_2_NEG__F1805,NIST_Full scan_2_NEG,single,1,0,0,1,1,True,0,0.9600896835327148
NIST_Full scan_2_NEG__F1808,NIST_Full scan_2_NEG,multi,3,0,0,3,3,True,0,0.8147610823313395
NIST_Full scan_2_NEG__F1809,NIST_Full scan_2_NEG,empty,0,1,0,0,1,False,1,0.0
NIST_Full scan_2_NEG__F1816,NIST_Full scan_2_NEG,multi,2,0,0,2,2,True,0,0.9008615016937256
NIST_Full scan_2_NEG__F1831,NIST_Full scan_2_NEG,multi,2,0,0,2,2,True,0,0.8340438306331635
NIST_Full scan_2_NEG__F1832,NIST_Full scan_2_NEG,empty,0,0,0,0,0,True,0,0.0
NIST_Full scan_2_NEG__F1833,NIST_Full scan_2_NEG,single,1,0,0,1,1,True,0,0.9188269376754761
NIST_Full scan_2_NEG__F1843,NIST_Full scan_2_NEG,single,1,0,0,1,1,True,0,0.7705055475234985
NIST_Full scan_2_NEG__F1850,NIST_Full scan_2_NEG,empty,0,0,0,0,0,True,0,0.0
NIST_Full scan_2_NEG__F1855,NIST_Full scan_2_NEG,single,1,0,0,1,1,True,0,0.9104822278022766
NIST_Full scan_2_NEG__F1860,NIST_Full scan_2_NEG,multi,1,2,1,2,3,False,1,0.9155341386795044
NIST_Full scan_2_NEG__F1862,NIST_Full scan_2_NEG,single,1,1,0,1,2,False,1,0.8289607167243958
NIST_Full scan_2_NEG__F1863,NIST_Full scan_2_NEG,single,1,0,0,1,1,True,0,0.9571136832237244
NIST_Full scan_2_NEG__F1869,NIST_Full scan_2_NEG,multi,2,0,0,2,2,True,0,0.8772755861282349
NIST_Full scan_2_NEG__F1871,NIST_Full scan_2_NEG,single,1,1,0,1,2,False,1,0.9640021920204163
NIST_Full scan_2_NEG__F1872,NIST_Full scan_2_NEG,single,1,0,0,1,1,True,0,0.896162211894989
NIST_Full scan_2_NEG__F1878,NIST_Full scan_2_NEG,empty,0,0,0,0,0,True,0,0.0
NIST_Full scan_2_NEG__F189,NIST_Full scan_2_NEG,empty,0,0,0,0,0,True,0,0.0
NIST_Full scan_2_NEG__F1890,NIST_Full scan_2_NEG,multi,2,1,0,2,3,False,1,0.8025840222835541
NIST_Full scan_2_NEG__F1897,NIST_Full scan_2_NEG,single,1,0,0,1,1,True,0,0.9355872273445129
NIST_Full scan_2_NEG__F1898,NIST_Full scan_2_NEG,single,1,0,0,1,1,True,0,0.9070595502853394
NIST_Full scan_2_NEG__F19,NIST_Full scan_2_NEG,single,1,0,0,1,1,True,0,0.9197369813919067
NIST_Full scan_2_NEG__F1903,NIST_Full scan_2_NEG,multi,2,0,0,2,2,True,0,0.9460741877555847
NIST_Full scan_2_NEG__F1908,NIST_Full scan_2_NEG,multi,1,1,1,2,2,True,0,0.9322575330734253
NIST_Full scan_2_NEG__F1913,NIST_Full scan_2_NEG,single,1,0,0,1,1,True,0,0.8845223784446716
NIST_Full scan_2_NEG__F1919,NIST_Full scan_2_NEG,single,1,0,0,1,1,True,0,0.9103376269340515
NIST_Full scan_2_NEG__F1921,NIST_Full scan_2_NEG,single,1,0,0,1,1,True,0,0.908714234828949
NIST_Full scan_2_NEG__F1929,NIST_Full scan_2_NEG,empty,0,1,0,0,1,False,1,0.0
NIST_Full scan_2_NEG__F1934,NIST_Full scan_2_NEG,multi,2,0,0,2,2,True,0,0.8266296982765198
NIST_Full scan_2_NEG__F1935,NIST_Full scan_2_NEG,multi,3,0,3,6,3,False,3,0.895364006360372
NIST_Full scan_2_NEG__F1936,NIST_Full scan_2_NEG,multi,4,1,2,6,5,False,1,0.817694827914238
NIST_Full scan_2_NEG__F1938,NIST_Full scan_2_NEG,single,1,0,0,1,1,True,0,0.9049767851829529
NIST_Full scan_2_NEG__F1942,NIST_Full scan_2_NEG,multi,2,1,0,2,3,False,1,0.9139065742492676
NIST_Full scan_2_NEG__F1949,NIST_Full scan_2_NEG,single,1,0,0,1,1,True,0,0.9112879633903503
NIST_Full scan_2_NEG__F195,NIST_Full scan_2_NEG,single,1,0,0,1,1,True,0,0.923402726650238
NIST_Full scan_2_NEG__F1959,NIST_Full scan_2_NEG,single,1,0,0,1,1,True,0,0.9727898240089417
NIST_Full scan_2_NEG__F1964,NIST_Full scan_2_NEG,multi,3,0,1,4,3,False,1,0.8911598324775696
NIST_Full scan_2_NEG__F1966,NIST_Full scan_2_NEG,multi,2,1,0,2,3,False,1,0.8190434873104095
NIST_Full scan_2_NEG__F197,NIST_Full scan_2_NEG,empty,0,0,0,0,0,True,0,0.0
NIST_Full scan_2_NEG__F1971,NIST_Full scan_2_NEG,multi,2,0,0,2,2,True,0,0.9493058621883392
NIST_Full scan_2_NEG__F1972,NIST_Full scan_2_NEG,multi,2,0,0,2,2,True,0,0.9273875057697296
NIST_Full scan_2_NEG__F1973,NIST_Full scan_2_NEG,single,1,0,0,1,1,True,0,0.8764479160308838
NIST_Full scan_2_NEG__F1984,NIST_Full scan_2_NEG,single,1,0,0,1,1,True,0,0.779560923576355
NIST_Full scan_2_NEG__F2002,NIST_Full scan_2_NEG,empty,0,0,0,0,0,True,0,0.0
NIST_Full scan_2_NEG__F2009,NIST_Full scan_2_NEG,single,1,0,0,1,1,True,0,0.8444771766662598
NIST_Full scan_2_NEG__F2010,NIST_Full scan_2_NEG,single,1,0,0,1,1,True,0,0.9436426162719727
NIST_Full scan_2_NEG__F2012,NIST_Full scan_2_NEG,multi,2,0,0,2,2,True,0,0.8614583611488342
NIST_Full scan_2_NEG__F2013,NIST_Full scan_2_NEG,empty,0,0,0,0,0,True,0,0.0
NIST_Full scan_2_NEG__F2014,NIST_Full scan_2_NEG,single,1,0,0,1,1,True,0,0.9571178555488586
NIST_Full scan_2_NEG__F2021,NIST_Full scan_2_NEG,multi,3,0,0,3,3,True,0,0.9385239084561666
NIST_Full scan_2_NEG__F2031,NIST_Full scan_2_NEG,single,1,0,0,1,1,True,0,0.9401769042015076
NIST_Full scan_2_NEG__F2032,NIST_Full scan_2_NEG,empty,0,0,0,0,0,True,0,0.0
NIST_Full scan_2_NEG__F2059,NIST_Full scan_2_NEG,multi,2,0,0,2,2,True,0,0.9454895257949829
NIST_Full scan_2_NEG__F206,NIST_Full scan_2_NEG,single,1,0,0,1,1,True,0,0.8452919721603394
NIST_Full scan_2_NEG__F2060,NIST_Full scan_2_NEG,multi,2,0,0,2,2,True,0,0.8796786963939667
NIST_Full scan_2_NEG__F2076,NIST_Full scan_2_NEG,multi,2,0,0,2,2,True,0,0.9148330986499786
NIST_Full scan_2_NEG__F2081,NIST_Full scan_2_NEG,single,1,0,0,1,1,True,0,0.946377694606781
NIST_Full scan_2_NEG__F2084,NIST_Full scan_2_NEG,single,1,0,0,1,1,True,0,0.9142574667930603
NIST_Full scan_2_NEG__F2087,NIST_Full scan_2_NEG,single,1,0,0,1,1,True,0,0.9491797089576721
NIST_Full scan_2_NEG__F2088,NIST_Full scan_2_NEG,single,1,0,0,1,1,True,0,0.9268173575401306
NIST_Full scan_2_NEG__F2092,NIST_Full scan_2_NEG,single,1,0,0,1,1,True,0,0.8238824605941772
NIST_Full scan_2_NEG__F21,NIST_Full scan_2_NEG,empty,0,0,0,0,0,True,0,0.0
NIST_Full scan_2_NEG__F2101,NIST_Full scan_2_NEG,multi,2,0,1,3,2,False,1,0.6940461099147797
NIST_Full scan_2_NEG__F2107,NIST_Full scan_2_NEG,single,1,0,0,1,1,True,0,0.9142540693283081
NIST_Full scan_2_NEG__F2112,NIST_Full scan_2_NEG,empty,0,0,0,0,0,True,0,0.0
NIST_Full scan_2_NEG__F2113,NIST_Full scan_2_NEG,empty,0,0,0,0,0,True,0,0.0
NIST_Full scan_2_NEG__F2115,NIST_Full scan_2_NEG,empty,0,0,0,0,0,True,0,0.0
NIST_Full scan_2_NEG__F212,NIST_Full scan_2_NEG,multi,4,0,0,4,4,True,0,0.9100791215896606
NIST_Full scan_2_NEG__F2120,NIST_Full scan_2_NEG,empty,0,0,0,0,0,True,0,0.0
NIST_Full scan_2_NEG__F2122,NIST_Full scan_2_NEG,single,1,1,0,1,2,False,1,0.7497249245643616
NIST_Full scan_2_NEG__F2130,NIST_Full scan_2_NEG,single,1,0,0,1,1,True,0,0.9284751415252686
NIST_Full scan_2_NEG__F2131,NIST_Full scan_2_NEG,multi,2,0,0,2,2,True,0,0.9582014977931976
NIST_Full scan_2_NEG__F2132,NIST_Full scan_2_NEG,single,1,0,0,1,1,True,0,0.9589478373527527
NIST_Full scan_2_NEG__F2134,NIST_Full scan_2_NEG,multi,2,0,0,2,2,True,0,0.8529264628887177
NIST_Full scan_2_NEG__F2141,NIST_Full scan_2_NEG,multi,2,0,0,2,2,True,0,0.826103925704956
NIST_Full scan_2_NEG__F2144,NIST_Full scan_2_NEG,multi,2,0,2,4,2,False,2,0.9127267301082611
NIST_Full scan_2_NEG__F2145,NIST_Full scan_2_NEG,multi,1,0,2,3,1,False,2,0.8921601176261902
NIST_Full scan_2_NEG__F2148,NIST_Full scan_2_NEG,multi,1,0,1,2,1,False,1,0.7897271513938904
NIST_Full scan_2_NEG__F2149,NIST_Full scan_2_NEG,multi,4,0,0,4,4,True,0,0.8668029010295868
NIST_Full scan_2_NEG__F2152,NIST_Full scan_2_NEG,multi,2,0,0,2,2,True,0,0.7391060888767242
NIST_Full scan_2_NEG__F2154,NIST_Full scan_2_NEG,multi,3,0,0,3,3,True,0,0.8962118625640869
NIST_Full scan_2_NEG__F2155,NIST_Full scan_2_NEG,multi,2,0,0,2,2,True,0,0.917813777923584
NIST_Full scan_2_NEG__F2164,NIST_Full scan_2_NEG,single,1,1,0,1,2,False,1,0.9266859889030457
NIST_Full scan_2_NEG__F2165,NIST_Full scan_2_NEG,multi,2,0,0,2,2,True,0,0.8806680738925934
NIST_Full scan_2_NEG__F2167,NIST_Full scan_2_NEG,single,1,0,0,1,1,True,0,0.9471911787986755
NIST_Full scan_2_NEG__F2168,NIST_Full scan_2_NEG,multi,2,0,0,2,2,True,0,0.8182038068771362
NIST_Full scan_2_NEG__F2189,NIST_Full scan_2_NEG,single,1,0,0,1,1,True,0,0.8515265583992004
NIST_Full scan_2_NEG__F219,NIST_Full scan_2_NEG,empty,0,0,0,0,0,True,0,0.0
NIST_Full scan_2_NEG__F2197,NIST_Full scan_2_NEG,single,1,0,0,1,1,True,0,0.5775519609451294
NIST_Full scan_2_NEG__F2204,NIST_Full scan_2_NEG,multi,2,0,0,2,2,True,0,0.8188855350017548
NIST_Full scan_2_NEG__F2206,NIST_Full scan_2_NEG,single,1,0,0,1,1,True,0,0.6782965064048767
NIST_Full scan_2_NEG__F2207,NIST_Full scan_2_NEG,single,1,0,0,1,1,True,0,0.8988249897956848
NIST_Full scan_2_NEG__F2209,NIST_Full scan_2_NEG,multi,1,0,1,2,1,False,1,0.6832454800605774
NIST_Full scan_2_NEG__F2213,NIST_Full scan_2_NEG,single,1,0,0,1,1,True,0,0.9587063789367676
NIST_Full scan_2_NEG__F2214,NIST_Full scan_2_NEG,single,1,0,0,1,1,True,0,0.9401537179946899
NIST_Full scan_2_NEG__F2218,NIST_Full scan_2_NEG,multi,3,1,1,4,4,True,0,0.7260667681694031
NIST_Full scan_2_NEG__F2219,NIST_Full scan_2_NEG,multi,3,0,1,4,3,False,1,0.8621028264363607
NIST_Full scan_2_NEG__F222,NIST_Full scan_2_NEG,single,1,0,0,1,1,True,0,0.9315750598907471
NIST_Full scan_2_NEG__F2220,NIST_Full scan_2_NEG,multi,3,0,1,4,3,False,1,0.7620682120323181
NIST_Full scan_2_NEG__F2226,NIST_Full scan_2_NEG,multi,2,2,0,2,4,False,2,0.8444880545139313
NIST_Full scan_2_NEG__F2230,NIST_Full scan_2_NEG,multi,2,0,0,2,2,True,0,0.8810999393463135
NIST_Full scan_2_NEG__F2234,NIST_Full scan_2_NEG,single,1,0,0,1,1,True,0,0.9549261331558228
NIST_Full scan_2_NEG__F2241,NIST_Full scan_2_NEG,multi,2,1,0,2,3,False,1,0.7006952464580536
NIST_Full scan_2_NEG__F2246,NIST_Full scan_2_NEG,single,0,1,1,1,1,True,0,0.0
NIST_Full scan_2_NEG__F2247,NIST_Full scan_2_NEG,single,1,0,0,1,1,True,0,0.9680094718933105
NIST_Full scan_2_NEG__F2249,NIST_Full scan_2_NEG,single,1,0,0,1,1,True,0,0.7490075826644897
NIST_Full scan_2_NEG__F2255,NIST_Full scan_2_NEG,single,1,0,0,1,1,True,0,0.8723465800285339
NIST_Full scan_2_NEG__F2260,NIST_Full scan_2_NEG,single,0,0,1,1,0,False,1,0.0
NIST_Full scan_2_NEG__F227,NIST_Full scan_2_NEG,empty,0,0,0,0,0,True,0,0.0
NIST_Full scan_2_NEG__F2271,NIST_Full scan_2_NEG,single,1,0,0,1,1,True,0,0.9003061056137085
NIST_Full scan_2_NEG__F2273,NIST_Full scan_2_NEG,multi,2,0,0,2,2,True,0,0.8766559362411499
NIST_Full scan_2_NEG__F2277,NIST_Full scan_2_NEG,single,1,0,0,1,1,True,0,0.9612693190574646
NIST_Full scan_2_NEG__F2281,NIST_Full scan_2_NEG,multi,2,0,0,2,2,True,0,0.9045373201370239
NIST_Full scan_2_NEG__F2287,NIST_Full scan_2_NEG,single,1,0,0,1,1,True,0,0.9592030048370361
NIST_Full scan_2_NEG__F230,NIST_Full scan_2_NEG,empty,0,0,0,0,0,True,0,0.0
NIST_Full scan_2_NEG__F2305,NIST_Full scan_2_NEG,multi,1,2,2,3,3,True,0,0.8783082962036133
NIST_Full scan_2_NEG__F2307,NIST_Full scan_2_NEG,single,1,1,0,1,2,False,1,0.623332142829895
NIST_Full scan_2_NEG__F2309,NIST_Full scan_2_NEG,multi,1,0,1,2,1,False,1,0.8977880477905273
NIST_Full scan_2_NEG__F231,NIST_Full scan_2_NEG,empty,0,0,0,0,0,True,0,0.0
NIST_Full scan_2_NEG__F2310,NIST_Full scan_2_NEG,single,1,0,0,1,1,True,0,0.9227105975151062
NIST_Full scan_2_NEG__F2316,NIST_Full scan_2_NEG,single,0,1,1,1,1,True,0,0.0
NIST_Full scan_2_NEG__F232,NIST_Full scan_2_NEG,empty,0,0,0,0,0,True,0,0.0
NIST_Full scan_2_NEG__F2323,NIST_Full scan_2_NEG,single,1,0,0,1,1,True,0,0.9351536631584167
NIST_Full scan_2_NEG__F2324,NIST_Full scan_2_NEG,single,1,0,0,1,1,True,0,0.8889294862747192
NIST_Full scan_2_NEG__F2330,NIST_Full scan_2_NEG,single,1,0,0,1,1,True,0,0.8661366105079651
NIST_Full scan_2_NEG__F2340,NIST_Full scan_2_NEG,single,1,0,0,1,1,True,0,0.7950485348701477
NIST_Full scan_2_NEG__F2345,NIST_Full scan_2_NEG,single,1,0,0,1,1,True,0,0.8930717706680298
NIST_Full scan_2_NEG__F2350,NIST_Full scan_2_NEG,single,1,0,0,1,1,True,0,0.9611108899116516
NIST_Full scan_2_NEG__F2363,NIST_Full scan_2_NEG,single,1,1,0,1,2,False,1,0.7972245216369629
NIST_Full scan_2_NEG__F2367,NIST_Full scan_2_NEG,multi,1,0,1,2,1,False,1,0.9406474828720093
NIST_Full scan_2_NEG__F2383,NIST_Full scan_2_NEG,single,1,3,0,1,4,False,3,0.6864448189735413
NIST_Full scan_2_NEG__F2397,NIST_Full scan_2_NEG,single,1,0,0,1,1,True,0,0.8866556286811829
NIST_Full scan_2_NEG__F24,NIST_Full scan_2_NEG,empty,0,0,0,0,0,True,0,0.0
NIST_Full scan_2_NEG__F2401,NIST_Full scan_2_NEG,multi,2,0,0,2,2,True,0,0.8757691085338593
NIST_Full scan_2_NEG__F2405,NIST_Full scan_2_NEG,single,1,0,0,1,1,True,0,0.9436337947845459
NIST_Full scan_2_NEG__F2409,NIST_Full scan_2_NEG,single,1,0,0,1,1,True,0,0.9208283424377441
NIST_Full scan_2_NEG__F241,NIST_Full scan_2_NEG,empty,0,0,0,0,0,True,0,0.0
NIST_Full scan_2_NEG__F2410,NIST_Full scan_2_NEG,single,1,0,0,1,1,True,0,0.9102895855903625
NIST_Full scan_2_NEG__F2412,NIST_Full scan_2_NEG,single,1,0,0,1,1,True,0,0.9231315851211548
NIST_Full scan_2_NEG__F2418,NIST_Full scan_2_NEG,single,1,0,0,1,1,True,0,0.931671142578125
NIST_Full scan_2_NEG__F251,NIST_Full scan_2_NEG,single,1,0,0,1,1,True,0,0.8317142724990845
NIST_Full scan_2_NEG__F255,NIST_Full scan_2_NEG,empty,0,1,0,0,1,False,1,0.0
NIST_Full scan_2_NEG__F26,NIST_Full scan_2_NEG,empty,0,0,0,0,0,True,0,0.0
NIST_Full scan_2_NEG__F260,NIST_Full scan_2_NEG,empty,0,0,0,0,0,True,0,0.0
NIST_Full scan_2_NEG__F267,NIST_Full scan_2_NEG,empty,0,0,0,0,0,True,0,0.0
NIST_Full scan_2_NEG__F271,NIST_Full scan_2_NEG,multi,2,0,0,2,2,True,0,0.7169999480247498
NIST_Full scan_2_NEG__F272,NIST_Full scan_2_NEG,multi,2,0,0,2,2,True,0,0.7247880399227142
NIST_Full scan_2_NEG__F276,NIST_Full scan_2_NEG,empty,0,0,0,0,0,True,0,0.0
NIST_Full scan_2_NEG__F282,NIST_Full scan_2_NEG,empty,0,0,0,0,0,True,0,0.0
NIST_Full scan_2_NEG__F287,NIST_Full scan_2_NEG,empty,0,0,0,0,0,True,0,0.0
NIST_Full scan_2_NEG__F288,NIST_Full scan_2_NEG,single,1,0,0,1,1,True,0,0.9424804449081421
NIST_Full scan_2_NEG__F290,NIST_Full scan_2_NEG,multi,1,0,1,2,1,False,1,0.8005079030990601
NIST_Full scan_2_NEG__F291,NIST_Full scan_2_NEG,multi,1,0,1,2,1,False,1,0.6662042737007141
NIST_Full scan_2_NEG__F3,NIST_Full scan_2_NEG,multi,1,1,1,2,2,True,0,0.7752459645271301
NIST_Full scan_2_NEG__F30,NIST_Full scan_2_NEG,empty,0,0,0,0,0,True,0,0.0
NIST_Full scan_2_NEG__F300,NIST_Full scan_2_NEG,single,1,0,0,1,1,True,0,0.9637300968170166
NIST_Full scan_2_NEG__F304,NIST_Full scan_2_NEG,empty,0,0,0,0,0,True,0,0.0
NIST_Full scan_2_NEG__F307,NIST_Full scan_2_NEG,empty,0,0,0,0,0,True,0,0.0
NIST_Full scan_2_NEG__F308,NIST_Full scan_2_NEG,multi,2,0,0,2,2,True,0,0.9194581508636475
NIST_Full scan_2_NEG__F310,NIST_Full scan_2_NEG,empty,0,0,0,0,0,True,0,0.0
NIST_Full scan_2_NEG__F312,NIST_Full scan_2_NEG,empty,0,0,0,0,0,True,0,0.0
NIST_Full scan_2_NEG__F319,NIST_Full scan_2_NEG,empty,0,0,0,0,0,True,0,0.0
NIST_Full scan_2_NEG__F322,NIST_Full scan_2_NEG,single,1,0,0,1,1,True,0,0.8715651035308838
NIST_Full scan_2_NEG__F332,NIST_Full scan_2_NEG,single,0,0,1,1,0,False,1,0.0
NIST_Full scan_2_NEG__F333,NIST_Full scan_2_NEG,single,1,0,0,1,1,True,0,0.8830527067184448
NIST_Full scan_2_NEG__F345,NIST_Full scan_2_NEG,single,1,0,0,1,1,True,0,0.8201631307601929
NIST_Full scan_2_NEG__F351,NIST_Full scan_2_NEG,single,0,0,1,1,0,False,1,0.0
NIST_Full scan_2_NEG__F352,NIST_Full scan_2_NEG,empty,0,0,0,0,0,True,0,0.0
NIST_Full scan_2_NEG__F353,NIST_Full scan_2_NEG,single,1,0,0,1,1,True,0,0.9592370986938477
NIST_Full scan_2_NEG__F355,NIST_Full scan_2_NEG,single,1,0,0,1,1,True,0,0.6696375012397766
NIST_Full scan_2_NEG__F362,NIST_Full scan_2_NEG,empty,0,0,0,0,0,True,0,0.0
NIST_Full scan_2_NEG__F367,NIST_Full scan_2_NEG,multi,2,0,1,3,2,False,1,0.7785957753658295
NIST_Full scan_2_NEG__F369,NIST_Full scan_2_NEG,single,1,1,0,1,2,False,1,0.9514870643615723
NIST_Full scan_2_NEG__F375,NIST_Full scan_2_NEG,single,1,0,0,1,1,True,0,0.9059406518936157
NIST_Full scan_2_NEG__F378,NIST_Full scan_2_NEG,empty,0,1,0,0,1,False,1,0.0
NIST_Full scan_2_NEG__F382,NIST_Full scan_2_NEG,empty,0,0,0,0,0,True,0,0.0
NIST_Full scan_2_NEG__F384,NIST_Full scan_2_NEG,empty,0,0,0,0,0,True,0,0.0
NIST_Full scan_2_NEG__F388,NIST_Full scan_2_NEG,single,1,0,0,1,1,True,0,0.8914730548858643
NIST_Full scan_2_NEG__F394,NIST_Full scan_2_NEG,single,1,0,0,1,1,True,0,0.8819043040275574
NIST_Full scan_2_NEG__F399,NIST_Full scan_2_NEG,single,1,0,0,1,1,True,0,0.8850763440132141
NIST_Full scan_2_NEG__F403,NIST_Full scan_2_NEG,single,1,0,0,1,1,True,0,0.8055738806724548
NIST_Full scan_2_NEG__F411,NIST_Full scan_2_NEG,single,1,0,0,1,1,True,0,0.9284608960151672
NIST_Full scan_2_NEG__F412,NIST_Full scan_2_NEG,empty,0,0,0,0,0,True,0,0.0
NIST_Full scan_2_NEG__F415,NIST_Full scan_2_NEG,single,1,0,0,1,1,True,0,0.929897129535675
NIST_Full scan_2_NEG__F416,NIST_Full scan_2_NEG,single,1,0,0,1,1,True,0,0.8011525869369507
NIST_Full scan_2_NEG__F417,NIST_Full scan_2_NEG,single,1,0,0,1,1,True,0,0.8845332860946655
NIST_Full scan_2_NEG__F423,NIST_Full scan_2_NEG,single,1,0,0,1,1,True,0,0.8216216564178467
NIST_Full scan_2_NEG__F424,NIST_Full scan_2_NEG,single,1,0,0,1,1,True,0,0.8480032682418823
NIST_Full scan_2_NEG__F434,NIST_Full scan_2_NEG,empty,0,1,0,0,1,False,1,0.0
NIST_Full scan_2_NEG__F437,NIST_Full scan_2_NEG,empty,0,0,0,0,0,True,0,0.0
NIST_Full scan_2_NEG__F439,NIST_Full scan_2_NEG,single,1,0,0,1,1,True,0,0.9232193231582642
NIST_Full scan_2_NEG__F44,NIST_Full scan_2_NEG,empty,0,0,0,0,0,True,0,0.0
NIST_Full scan_2_NEG__F441,NIST_Full scan_2_NEG,empty,0,0,0,0,0,True,0,0.0
NIST_Full scan_2_NEG__F446,NIST_Full scan_2_NEG,empty,0,0,0,0,0,True,0,0.0
NIST_Full scan_2_NEG__F448,NIST_Full scan_2_NEG,single,1,0,0,1,1,True,0,0.8222905993461609
NIST_Full scan_2_NEG__F451,NIST_Full scan_2_NEG,single,1,0,0,1,1,True,0,0.9045767188072205
NIST_Full scan_2_NEG__F462,NIST_Full scan_2_NEG,empty,0,0,0,0,0,True,0,0.0
NIST_Full scan_2_NEG__F465,NIST_Full scan_2_NEG,empty,0,0,0,0,0,True,0,0.0
NIST_Full scan_2_NEG__F477,NIST_Full scan_2_NEG,single,1,0,0,1,1,True,0,0.9137476086616516
NIST_Full scan_2_NEG__F479,NIST_Full scan_2_NEG,empty,0,0,0,0,0,True,0,0.0
NIST_Full scan_2_NEG__F483,NIST_Full scan_2_NEG,empty,0,0,0,0,0,True,0,0.0
NIST_Full scan_2_NEG__F487,NIST_Full scan_2_NEG,single,1,0,0,1,1,True,0,0.7108373641967773
NIST_Full scan_2_NEG__F49,NIST_Full scan_2_NEG,multi,3,0,0,3,3,True,0,0.9261090755462646
NIST_Full scan_2_NEG__F495,NIST_Full scan_2_NEG,single,1,0,0,1,1,True,0,0.8397240042686462
NIST_Full scan_2_NEG__F498,NIST_Full scan_2_NEG,empty,0,0,0,0,0,True,0,0.0
NIST_Full scan_2_NEG__F50,NIST_Full scan_2_NEG,multi,2,0,0,2,2,True,0,0.8211836218833923
NIST_Full scan_2_NEG__F501,NIST_Full scan_2_NEG,empty,0,3,0,0,3,False,3,0.0
NIST_Full scan_2_NEG__F506,NIST_Full scan_2_NEG,empty,0,0,0,0,0,True,0,0.0
NIST_Full scan_2_NEG__F509,NIST_Full scan_2_NEG,single,1,0,0,1,1,True,0,0.9637181758880615
NIST_Full scan_2_NEG__F510,NIST_Full scan_2_NEG,empty,0,1,0,0,1,False,1,0.0
NIST_Full scan_2_NEG__F515,NIST_Full scan_2_NEG,single,0,0,1,1,0,False,1,0.0
NIST_Full scan_2_NEG__F519,NIST_Full scan_2_NEG,empty,0,0,0,0,0,True,0,0.0
NIST_Full scan_2_NEG__F52,NIST_Full scan_2_NEG,empty,0,0,0,0,0,True,0,0.0
NIST_Full scan_2_NEG__F528,NIST_Full scan_2_NEG,single,0,0,1,1,0,False,1,0.0
NIST_Full scan_2_NEG__F529,NIST_Full scan_2_NEG,empty,0,0,0,0,0,True,0,0.0
NIST_Full scan_2_NEG__F530,NIST_Full scan_2_NEG,single,1,0,0,1,1,True,0,0.9306630492210388
NIST_Full scan_2_NEG__F531,NIST_Full scan_2_NEG,single,1,0,0,1,1,True,0,0.8826645016670227
NIST_Full scan_2_NEG__F535,NIST_Full scan_2_NEG,single,1,0,0,1,1,True,0,0.9298576712608337
NIST_Full scan_2_NEG__F536,NIST_Full scan_2_NEG,single,1,0,0,1,1,True,0,0.9017494916915894
NIST_Full scan_2_NEG__F539,NIST_Full scan_2_NEG,single,1,0,0,1,1,True,0,0.8063409924507141
NIST_Full scan_2_NEG__F54,NIST_Full scan_2_NEG,empty,0,0,0,0,0,True,0,0.0
NIST_Full scan_2_NEG__F544,NIST_Full scan_2_NEG,empty,0,0,0,0,0,True,0,0.0
NIST_Full scan_2_NEG__F545,NIST_Full scan_2_NEG,single,1,0,0,1,1,True,0,0.9026722311973572
NIST_Full scan_2_NEG__F549,NIST_Full scan_2_NEG,empty,0,0,0,0,0,True,0,0.0
NIST_Full scan_2_NEG__F556,NIST_Full scan_2_NEG,single,1,0,0,1,1,True,0,0.8920975923538208
NIST_Full scan_2_NEG__F557,NIST_Full scan_2_NEG,empty,0,0,0,0,0,True,0,0.0
NIST_Full scan_2_NEG__F562,NIST_Full scan_2_NEG,single,1,0,0,1,1,True,0,0.8822699785232544
NIST_Full scan_2_NEG__F57,NIST_Full scan_2_NEG,empty,0,0,0,0,0,True,0,0.0
NIST_Full scan_2_NEG__F571,NIST_Full scan_2_NEG,single,1,0,0,1,1,True,0,0.9653618931770325
NIST_Full scan_2_NEG__F573,NIST_Full scan_2_NEG,single,1,0,0,1,1,True,0,0.9375265836715698
NIST_Full scan_2_NEG__F576,NIST_Full scan_2_NEG,single,1,0,0,1,1,True,0,0.8727256059646606
NIST_Full scan_2_NEG__F580,NIST_Full scan_2_NEG,single,1,0,0,1,1,True,0,0.6566472053527832
NIST_Full scan_2_NEG__F583,NIST_Full scan_2_NEG,empty,0,0,0,0,0,True,0,0.0
NIST_Full scan_2_NEG__F584,NIST_Full scan_2_NEG,empty,0,0,0,0,0,True,0,0.0
NIST_Full scan_2_NEG__F585,NIST_Full scan_2_NEG,single,1,0,0,1,1,True,0,0.8386332988739014
NIST_Full scan_2_NEG__F591,NIST_Full scan_2_NEG,empty,0,0,0,0,0,True,0,0.0
NIST_Full scan_2_NEG__F600,NIST_Full scan_2_NEG,empty,0,0,0,0,0,True,0,0.0
NIST_Full scan_2_NEG__F606,NIST_Full scan_2_NEG,single,1,0,0,1,1,True,0,0.9419358968734741
NIST_Full scan_2_NEG__F608,NIST_Full scan_2_NEG,empty,0,0,0,0,0,True,0,0.0
NIST_Full scan_2_NEG__F614,NIST_Full scan_2_NEG,empty,0,0,0,0,0,True,0,0.0
NIST_Full scan_2_NEG__F619,NIST_Full scan_2_NEG,empty,0,0,0,0,0,True,0,0.0
NIST_Full scan_2_NEG__F621,NIST_Full scan_2_NEG,empty,0,0,0,0,0,True,0,0.0
NIST_Full scan_2_NEG__F622,NIST_Full scan_2_NEG,empty,0,0,0,0,0,True,0,0.0
NIST_Full scan_2_NEG__F631,NIST_Full scan_2_NEG,single,1,0,0,1,1,True,0,0.8738859295845032
NIST_Full scan_2_NEG__F635,NIST_Full scan_2_NEG,single,1,0,0,1,1,True,0,0.8185179829597473
NIST_Full scan_2_NEG__F64,NIST_Full scan_2_NEG,multi,1,0,1,2,1,False,1,0.8338779807090759
NIST_Full scan_2_NEG__F648,NIST_Full scan_2_NEG,single,1,0,0,1,1,True,0,0.8472573757171631
NIST_Full scan_2_NEG__F650,NIST_Full scan_2_NEG,multi,2,1,0,2,3,False,1,0.8305374383926392
NIST_Full scan_2_NEG__F655,NIST_Full scan_2_NEG,empty,0,0,0,0,0,True,0,0.0
NIST_Full scan_2_NEG__F66,NIST_Full scan_2_NEG,empty,0,0,0,0,0,True,0,0.0
NIST_Full scan_2_NEG__F679,NIST_Full scan_2_NEG,empty,0,0,0,0,0,True,0,0.0
NIST_Full scan_2_NEG__F68,NIST_Full scan_2_NEG,empty,0,0,0,0,0,True,0,0.0
NIST_Full scan_2_NEG__F681,NIST_Full scan_2_NEG,single,1,0,0,1,1,True,0,0.9427218437194824
NIST_Full scan_2_NEG__F686,NIST_Full scan_2_NEG,single,1,0,0,1,1,True,0,0.9375414252281189
NIST_Full scan_2_NEG__F694,NIST_Full scan_2_NEG,single,1,0,0,1,1,True,0,0.9138484001159668
NIST_Full scan_2_NEG__F695,NIST_Full scan_2_NEG,single,1,0,0,1,1,True,0,0.618682861328125
NIST_Full scan_2_NEG__F697,NIST_Full scan_2_NEG,empty,0,1,0,0,1,False,1,0.0
NIST_Full scan_2_NEG__F70,NIST_Full scan_2_NEG,empty,0,0,0,0,0,True,0,0.0
NIST_Full scan_2_NEG__F701,NIST_Full scan_2_NEG,single,1,0,0,1,1,True,0,0.965700089931488
NIST_Full scan_2_NEG__F705,NIST_Full scan_2_NEG,single,1,0,0,1,1,True,0,0.5995345711708069
NIST_Full scan_2_NEG__F706,NIST_Full scan_2_NEG,empty,0,1,0,0,1,False,1,0.0
NIST_Full scan_2_NEG__F708,NIST_Full scan_2_NEG,empty,0,0,0,0,0,True,0,0.0
NIST_Full scan_2_NEG__F720,NIST_Full scan_2_NEG,multi,2,0,0,2,2,True,0,0.8208547532558441
NIST_Full scan_2_NEG__F734,NIST_Full scan_2_NEG,empty,0,0,0,0,0,True,0,0.0
NIST_Full scan_2_NEG__F743,NIST_Full scan_2_NEG,single,1,0,0,1,1,True,0,0.875628650188446
NIST_Full scan_2_NEG__F745,NIST_Full scan_2_NEG,empty,0,0,0,0,0,True,0,0.0
NIST_Full scan_2_NEG__F749,NIST_Full scan_2_NEG,empty,0,0,0,0,0,True,0,0.0
NIST_Full scan_2_NEG__F760,NIST_Full scan_2_NEG,empty,0,0,0,0,0,True,0,0.0
NIST_Full scan_2_NEG__F77,NIST_Full scan_2_NEG,single,1,0,0,1,1,True,0,0.7113823294639587
NIST_Full scan_2_NEG__F772,NIST_Full scan_2_NEG,empty,0,0,0,0,0,True,0,0.0
NIST_Full scan_2_NEG__F773,NIST_Full scan_2_NEG,single,1,0,0,1,1,True,0,0.8620452880859375
NIST_Full scan_2_NEG__F781,NIST_Full scan_2_NEG,single,1,0,0,1,1,True,0,0.9248809218406677
NIST_Full scan_2_NEG__F791,NIST_Full scan_2_NEG,single,1,0,0,1,1,True,0,0.9167315363883972
NIST_Full scan_2_NEG__F799,NIST_Full scan_2_NEG,single,1,0,0,1,1,True,0,0.8828845620155334
NIST_Full scan_2_NEG__F809,NIST_Full scan_2_NEG,single,0,2,1,1,2,False,1,0.0
NIST_Full scan_2_NEG__F810,NIST_Full scan_2_NEG,empty,0,0,0,0,0,True,0,0.0
NIST_Full scan_2_NEG__F811,NIST_Full scan_2_NEG,single,1,1,0,1,2,False,1,0.8453415632247925
NIST_Full scan_2_NEG__F820,NIST_Full scan_2_NEG,empty,0,0,0,0,0,True,0,0.0
NIST_Full scan_2_NEG__F830,NIST_Full scan_2_NEG,empty,0,0,0,0,0,True,0,0.0
NIST_Full scan_2_NEG__F832,NIST_Full scan_2_NEG,empty,0,0,0,0,0,True,0,0.0
NIST_Full scan_2_NEG__F84,NIST_Full scan_2_NEG,empty,0,0,0,0,0,True,0,0.0
NIST_Full scan_2_NEG__F840,NIST_Full scan_2_NEG,empty,0,0,0,0,0,True,0,0.0
NIST_Full scan_2_NEG__F841,NIST_Full scan_2_NEG,empty,0,0,0,0,0,True,0,0.0
NIST_Full scan_2_NEG__F842,NIST_Full scan_2_NEG,single,0,1,1,1,1,True,0,0.0
NIST_Full scan_2_NEG__F846,NIST_Full scan_2_NEG,single,1,0,0,1,1,True,0,0.9214060306549072
NIST_Full scan_2_NEG__F85,NIST_Full scan_2_NEG,empty,0,0,0,0,0,True,0,0.0
NIST_Full scan_2_NEG__F856,NIST_Full scan_2_NEG,empty,0,0,0,0,0,True,0,0.0
NIST_Full scan_2_NEG__F857,NIST_Full scan_2_NEG,single,1,0,0,1,1,True,0,0.5689969062805176
NIST_Full scan_2_NEG__F858,NIST_Full scan_2_NEG,empty,0,0,0,0,0,True,0,0.0
NIST_Full scan_2_NEG__F860,NIST_Full scan_2_NEG,single,0,2,1,1,2,False,1,0.0
NIST_Full scan_2_NEG__F868,NIST_Full scan_2_NEG,empty,0,0,0,0,0,True,0,0.0
NIST_Full scan_2_NEG__F874,NIST_Full scan_2_NEG,single,1,0,0,1,1,True,0,0.8076717853546143
NIST_Full scan_2_NEG__F875,NIST_Full scan_2_NEG,single,1,0,0,1,1,True,0,0.699004590511322
NIST_Full scan_2_NEG__F880,NIST_Full scan_2_NEG,empty,0,0,0,0,0,True,0,0.0
NIST_Full scan_2_NEG__F884,NIST_Full scan_2_NEG,single,1,0,0,1,1,True,0,0.862616240978241
NIST_Full scan_2_NEG__F887,NIST_Full scan_2_NEG,empty,0,0,0,0,0,True,0,0.0
NIST_Full scan_2_NEG__F890,NIST_Full scan_2_NEG,empty,0,0,0,0,0,True,0,0.0
NIST_Full scan_2_NEG__F892,NIST_Full scan_2_NEG,single,1,0,0,1,1,True,0,0.6041437387466431
NIST_Full scan_2_NEG__F893,NIST_Full scan_2_NEG,empty,0,0,0,0,0,True,0,0.0
NIST_Full scan_2_NEG__F894,NIST_Full scan_2_NEG,multi,2,0,0,2,2,True,0,0.8494194149971008
NIST_Full scan_2_NEG__F9,NIST_Full scan_2_NEG,single,0,0,1,1,0,False,1,0.0
NIST_Full scan_2_NEG__F903,NIST_Full scan_2_NEG,empty,0,0,0,0,0,True,0,0.0
NIST_Full scan_2_NEG__F904,NIST_Full scan_2_NEG,empty,0,1,0,0,1,False,1,0.0
NIST_Full scan_2_NEG__F914,NIST_Full scan_2_NEG,empty,0,1,0,0,1,False,1,0.0
NIST_Full scan_2_NEG__F916,NIST_Full scan_2_NEG,single,1,0,0,1,1,True,0,0.9105003476142883
NIST_Full scan_2_NEG__F924,NIST_Full scan_2_NEG,empty,0,0,0,0,0,True,0,0.0
NIST_Full scan_2_NEG__F927,NIST_Full scan_2_NEG,empty,0,0,0,0,0,True,0,0.0
NIST_Full scan_2_NEG__F930,NIST_Full scan_2_NEG,empty,0,0,0,0,0,True,0,0.0
NIST_Full scan_2_NEG__F932,NIST_Full scan_2_NEG,single,1,0,0,1,1,True,0,0.7958986759185791
NIST_Full scan_2_NEG__F933,NIST_Full scan_2_NEG,empty,0,0,0,0,0,True,0,0.0
NIST_Full scan_2_NEG__F943,NIST_Full scan_2_NEG,single,1,0,0,1,1,True,0,0.9060078859329224
NIST_Full scan_2_NEG__F949,NIST_Full scan_2_NEG,single,1,0,0,1,1,True,0,0.9383031725883484
NIST_Full scan_2_NEG__F950,NIST_Full scan_2_NEG,single,1,1,0,1,2,False,1,0.6840962767601013
NIST_Full scan_2_NEG__F963,NIST_Full scan_2_NEG,single,0,2,1,1,2,False,1,0.0
NIST_Full scan_2_NEG__F964,NIST_Full scan_2_NEG,single,1,0,0,1,1,True,0,0.9452789425849915
NIST_Full scan_2_NEG__F965,NIST_Full scan_2_NEG,single,1,0,0,1,1,True,0,0.6619000434875488
NIST_Full scan_2_NEG__F975,NIST_Full scan_2_NEG,single,1,0,0,1,1,True,0,0.9167320728302002
NIST_Full scan_2_NEG__F980,NIST_Full scan_2_NEG,empty,0,0,0,0,0,True,0,0.0
NIST_Full scan_2_NEG__F987,NIST_Full scan_2_NEG,empty,0,0,0,0,0,True,0,0.0
NIST_Full scan_2_NEG__F989,NIST_Full scan_2_NEG,multi,2,0,1,3,2,False,1,0.9209085404872894
NIST_Full scan_2_NEG__F991,NIST_Full scan_2_NEG,empty,0,0,0,0,0,True,0,0.0
NIST_Full scan_2_NEG__F994,NIST_Full scan_2_NEG,empty,0,0,0,0,0,True,0,0.0
D07P_NEG__F1,D07P_NEG,empty,0,0,0,0,0,True,0,0.0
D07P_NEG__F10,D07P_NEG,empty,0,0,0,0,0,True,0,0.0
D07P_NEG__F102,D07P_NEG,multi,2,0,0,2,2,True,0,0.7396050691604614
D07P_NEG__F104,D07P_NEG,single,1,1,0,1,2,False,1,0.8073641061782837
D07P_NEG__F105,D07P_NEG,single,1,0,0,1,1,True,0,0.90655916929245
D07P_NEG__F109,D07P_NEG,multi,2,0,0,2,2,True,0,0.8540977835655212
D07P_NEG__F11,D07P_NEG,multi,2,0,0,2,2,True,0,0.7510479390621185
D07P_NEG__F110,D07P_NEG,multi,2,0,0,2,2,True,0,0.8997664749622345
D07P_NEG__F111,D07P_NEG,single,1,0,0,1,1,True,0,0.8846689462661743
D07P_NEG__F112,D07P_NEG,single,1,0,0,1,1,True,0,0.8713890910148621
D07P_NEG__F114,D07P_NEG,single,1,0,0,1,1,True,0,0.8649645447731018
D07P_NEG__F115,D07P_NEG,single,1,0,0,1,1,True,0,0.8788100481033325
D07P_NEG__F117,D07P_NEG,single,1,3,0,1,4,False,3,0.780833899974823
D07P_NEG__F118,D07P_NEG,single,1,1,0,1,2,False,1,0.8888140916824341
D07P_NEG__F119,D07P_NEG,single,1,0,0,1,1,True,0,0.881321370601654
D07P_NEG__F12,D07P_NEG,multi,2,0,0,2,2,True,0,0.7550220489501953
D07P_NEG__F120,D07P_NEG,single,1,0,0,1,1,True,0,0.7824713587760925
D07P_NEG__F125,D07P_NEG,single,1,1,0,1,2,False,1,0.8539431691169739
D07P_NEG__F127,D07P_NEG,single,1,0,0,1,1,True,0,0.8736358284950256
D07P_NEG__F132,D07P_NEG,single,1,0,0,1,1,True,0,0.9460835456848145
D07P_NEG__F133,D07P_NEG,single,1,1,0,1,2,False,1,0.8997248411178589
D07P_NEG__F138,D07P_NEG,multi,2,0,0,2,2,True,0,0.8433290421962738
D07P_NEG__F140,D07P_NEG,single,1,0,0,1,1,True,0,0.9044492244720459
D07P_NEG__F141,D07P_NEG,single,1,0,0,1,1,True,0,0.9490399360656738
D07P_NEG__F142,D07P_NEG,single,1,0,0,1,1,True,0,0.8815390467643738
D07P_NEG__F145,D07P_NEG,single,1,0,0,1,1,True,0,0.9364348649978638
D07P_NEG__F146,D07P_NEG,multi,2,0,0,2,2,True,0,0.9076202213764191
D07P_NEG__F149,D07P_NEG,single,1,0,0,1,1,True,0,0.7477325797080994
D07P_NEG__F150,D07P_NEG,single,1,0,0,1,1,True,0,0.7864295840263367
D07P_NEG__F151,D07P_NEG,single,0,2,1,1,2,False,1,0.0
D07P_NEG__F153,D07P_NEG,single,1,0,0,1,1,True,0,0.7734991312026978
D07P_NEG__F154,D07P_NEG,single,1,0,0,1,1,True,0,0.9149891138076782
D07P_NEG__F155,D07P_NEG,single,1,0,0,1,1,True,0,0.5320494771003723
D07P_NEG__F156,D07P_NEG,single,1,0,0,1,1,True,0,0.8798217177391052
D07P_NEG__F158,D07P_NEG,single,1,0,0,1,1,True,0,0.808217465877533
D07P_NEG__F159,D07P_NEG,single,1,0,0,1,1,True,0,0.8651779294013977
D07P_NEG__F16,D07P_NEG,empty,0,0,0,0,0,True,0,0.0
D07P_NEG__F164,D07P_NEG,single,1,0,0,1,1,True,0,0.7710860371589661
D07P_NEG__F166,D07P_NEG,single,1,0,0,1,1,True,0,0.8791711330413818
D07P_NEG__F168,D07P_NEG,single,1,0,0,1,1,True,0,0.7052122950553894
D07P_NEG__F169,D07P_NEG,single,1,0,0,1,1,True,0,0.7752997279167175
D07P_NEG__F17,D07P_NEG,empty,0,0,0,0,0,True,0,0.0
D07P_NEG__F173,D07P_NEG,multi,2,0,0,2,2,True,0,0.9039766490459442
D07P_NEG__F174,D07P_NEG,multi,2,0,0,2,2,True,0,0.9002309441566467
D07P_NEG__F176,D07P_NEG,empty,0,0,0,0,0,True,0,0.0
D07P_NEG__F177,D07P_NEG,single,1,0,0,1,1,True,0,0.6185148358345032
D07P_NEG__F178,D07P_NEG,single,1,0,0,1,1,True,0,0.9513908624649048
D07P_NEG__F18,D07P_NEG,empty,0,0,0,0,0,True,0,0.0
D07P_NEG__F181,D07P_NEG,multi,2,0,1,3,2,False,1,0.8583886027336121
D07P_NEG__F182,D07P_NEG,multi,2,0,0,2,2,True,0,0.9401130378246307
D07P_NEG__F183,D07P_NEG,multi,2,0,0,2,2,True,0,0.8988600373268127
D07P_NEG__F185,D07P_NEG,single,1,0,0,1,1,True,0,0.9132122993469238
D07P_NEG__F186,D07P_NEG,empty,0,0,0,0,0,True,0,0.0
D07P_NEG__F189,D07P_NEG,empty,0,2,0,0,2,False,2,0.0
D07P_NEG__F19,D07P_NEG,single,1,0,0,1,1,True,0,0.801094651222229
D07P_NEG__F193,D07P_NEG,multi,2,0,0,2,2,True,0,0.9290871322154999
D07P_NEG__F194,D07P_NEG,empty,0,0,0,0,0,True,0,0.0
D07P_NEG__F195,D07P_NEG,empty,0,2,0,0,2,False,2,0.0
D07P_NEG__F196,D07P_NEG,empty,0,2,0,0,2,False,2,0.0
D07P_NEG__F197,D07P_NEG,empty,0,1,0,0,1,False,1,0.0
D07P_NEG__F20,D07P_NEG,single,1,0,0,1,1,True,0,0.5230624675750732
D07P_NEG__F200,D07P_NEG,multi,2,0,0,2,2,True,0,0.8353572189807892
D07P_NEG__F204,D07P_NEG,multi,2,0,0,2,2,True,0,0.8792112767696381
D07P_NEG__F205,D07P_NEG,multi,2,0,0,2,2,True,0,0.9226560592651367
D07P_NEG__F209,D07P_NEG,empty,0,2,0,0,2,False,2,0.0
D07P_NEG__F210,D07P_NEG,single,1,0,0,1,1,True,0,0.9067779779434204
D07P_NEG__F211,D07P_NEG,empty,0,1,0,0,1,False,1,0.0
D07P_NEG__F212,D07P_NEG,empty,0,2,0,0,2,False,2,0.0
D07P_NEG__F219,D07P_NEG,single,1,0,0,1,1,True,0,0.8432092070579529
D07P_NEG__F221,D07P_NEG,empty,0,1,0,0,1,False,1,0.0
D07P_NEG__F223,D07P_NEG,empty,0,1,0,0,1,False,1,0.0
D07P_NEG__F226,D07P_NEG,empty,0,0,0,0,0,True,0,0.0
D07P_NEG__F228,D07P_NEG,multi,2,0,0,2,2,True,0,0.8875861465930939
D07P_NEG__F229,D07P_NEG,multi,2,1,0,2,3,False,1,0.9330215454101562
D07P_NEG__F23,D07P_NEG,empty,0,0,0,0,0,True,0,0.0
D07P_NEG__F230,D07P_NEG,multi,2,0,0,2,2,True,0,0.8545917570590973
D07P_NEG__F232,D07P_NEG,single,1,0,0,1,1,True,0,0.9471721649169922
D07P_NEG__F235,D07P_NEG,single,1,1,0,1,2,False,1,0.8314019441604614
D07P_NEG__F236,D07P_NEG,single,1,1,0,1,2,False,1,0.9818779826164246
D07P_NEG__F238,D07P_NEG,empty,0,3,0,0,3,False,3,0.0
D07P_NEG__F239,D07P_NEG,empty,0,2,0,0,2,False,2,0.0
D07P_NEG__F24,D07P_NEG,single,1,0,0,1,1,True,0,0.7138462066650391
D07P_NEG__F245,D07P_NEG,multi,2,0,0,2,2,True,0,0.8319074511528015
D07P_NEG__F246,D07P_NEG,multi,2,0,0,2,2,True,0,0.9162059724330902
D07P_NEG__F248,D07P_NEG,single,1,0,0,1,1,True,0,0.942191481590271
D07P_NEG__F249,D07P_NEG,empty,0,0,0,0,0,True,0,0.0
D07P_NEG__F25,D07P_NEG,single,1,0,0,1,1,True,0,0.8750318884849548
D07P_NEG__F250,D07P_NEG,empty,0,1,0,0,1,False,1,0.0
D07P_NEG__F251,D07P_NEG,single,1,0,0,1,1,True,0,0.8600253462791443
D07P_NEG__F254,D07P_NEG,empty,0,0,0,0,0,True,0,0.0
D07P_NEG__F256,D07P_NEG,single,1,0,0,1,1,True,0,0.8157340288162231
D07P_NEG__F258,D07P_NEG,single,1,0,0,1,1,True,0,0.8285101056098938
D07P_NEG__F26,D07P_NEG,single,1,0,0,1,1,True,0,0.7613784670829773
D07P_NEG__F262,D07P_NEG,single,1,0,0,1,1,True,0,0.9023635983467102
D07P_NEG__F263,D07P_NEG,single,1,1,0,1,2,False,1,0.6077146530151367
D07P_NEG__F266,D07P_NEG,single,0,2,1,1,2,False,1,0.0
D07P_NEG__F267,D07P_NEG,single,0,1,1,1,1,True,0,0.0
D07P_NEG__F269,D07P_NEG,single,0,1,1,1,1,True,0,0.0
D07P_NEG__F27,D07P_NEG,empty,0,0,0,0,0,True,0,0.0
D07P_NEG__F272,D07P_NEG,multi,2,0,0,2,2,True,0,0.9666764736175537
D07P_NEG__F273,D07P_NEG,multi,2,1,0,2,3,False,1,0.894524335861206
D07P_NEG__F275,D07P_NEG,multi,2,0,1,3,2,False,1,0.7431043088436127
D07P_NEG__F276,D07P_NEG,single,1,2,0,1,3,False,2,0.5006403923034668
D07P_NEG__F278,D07P_NEG,empty,0,1,0,0,1,False,1,0.0
D07P_NEG__F279,D07P_NEG,empty,0,1,0,0,1,False,1,0.0
D07P_NEG__F281,D07P_NEG,single,1,0,0,1,1,True,0,0.9530266523361206
D07P_NEG__F282,D07P_NEG,multi,2,0,0,2,2,True,0,0.9284790456295013
D07P_NEG__F285,D07P_NEG,empty,0,4,0,0,4,False,4,0.0
D07P_NEG__F287,D07P_NEG,multi,2,3,0,2,5,False,3,0.8667292594909668
D07P_NEG__F288,D07P_NEG,empty,0,1,0,0,1,False,1,0.0
D07P_NEG__F291,D07P_NEG,multi,2,2,0,2,4,False,2,0.8876641690731049
D07P_NEG__F292,D07P_NEG,multi,2,1,0,2,3,False,1,0.9554205238819122
D07P_NEG__F297,D07P_NEG,single,1,0,0,1,1,True,0,0.7735022306442261
D07P_NEG__F298,D07P_NEG,multi,2,0,0,2,2,True,0,0.9079317152500153
D07P_NEG__F299,D07P_NEG,single,1,0,0,1,1,True,0,0.8306297659873962
D07P_NEG__F3,D07P_NEG,empty,0,2,0,0,2,False,2,0.0
D07P_NEG__F30,D07P_NEG,empty,0,3,0,0,3,False,3,0.0
D07P_NEG__F300,D07P_NEG,empty,0,1,0,0,1,False,1,0.0
D07P_NEG__F302,D07P_NEG,multi,3,0,0,3,3,True,0,0.896105170249939
D07P_NEG__F303,D07P_NEG,single,1,0,0,1,1,True,0,0.8553687930107117
D07P_NEG__F305,D07P_NEG,single,1,0,0,1,1,True,0,0.8083453178405762
D07P_NEG__F306,D07P_NEG,single,1,0,0,1,1,True,0,0.7585458755493164
D07P_NEG__F308,D07P_NEG,single,1,0,0,1,1,True,0,0.8918067812919617
D07P_NEG__F31,D07P_NEG,empty,0,0,0,0,0,True,0,0.0
D07P_NEG__F311,D07P_NEG,single,1,3,0,1,4,False,3,0.5665740966796875
D07P_NEG__F312,D07P_NEG,single,1,0,0,1,1,True,0,0.9006989598274231
D07P_NEG__F313,D07P_NEG,multi,2,0,0,2,2,True,0,0.9040586650371552
D07P_NEG__F317,D07P_NEG,single,0,1,1,1,1,True,0,0.0
D07P_NEG__F319,D07P_NEG,single,1,0,0,1,1,True,0,0.9710977077484131
D07P_NEG__F32,D07P_NEG,empty,0,0,0,0,0,True,0,0.0
D07P_NEG__F322,D07P_NEG,single,1,0,0,1,1,True,0,0.7835171222686768
D07P_NEG__F324,D07P_NEG,multi,2,0,0,2,2,True,0,0.901645839214325
D07P_NEG__F326,D07P_NEG,multi,2,0,0,2,2,True,0,0.8329741060733795
D07P_NEG__F332,D07P_NEG,single,1,0,0,1,1,True,0,0.9049622416496277
D07P_NEG__F333,D07P_NEG,single,1,0,0,1,1,True,0,0.9350691437721252
D07P_NEG__F335,D07P_NEG,multi,1,2,1,2,3,False,1,0.8556053638458252
D07P_NEG__F336,D07P_NEG,single,1,0,0,1,1,True,0,0.8809652328491211
D07P_NEG__F34,D07P_NEG,empty,0,0,0,0,0,True,0,0.0
D07P_NEG__F341,D07P_NEG,single,1,0,0,1,1,True,0,0.8501560688018799
D07P_NEG__F343,D07P_NEG,single,1,2,0,1,3,False,2,0.952600359916687
D07P_NEG__F347,D07P_NEG,multi,2,0,0,2,2,True,0,0.7324870228767395
D07P_NEG__F349,D07P_NEG,single,1,2,0,1,3,False,2,0.5668669939041138
D07P_NEG__F353,D07P_NEG,multi,2,0,0,2,2,True,0,0.9049643278121948
D07P_NEG__F355,D07P_NEG,single,1,0,0,1,1,True,0,0.8519497513771057
D07P_NEG__F356,D07P_NEG,single,1,1,0,1,2,False,1,0.6247850060462952
D07P_NEG__F358,D07P_NEG,single,1,0,0,1,1,True,0,0.8698487281799316
D07P_NEG__F361,D07P_NEG,multi,2,0,0,2,2,True,0,0.9169145226478577
D07P_NEG__F362,D07P_NEG,single,1,1,0,1,2,False,1,0.902764081954956
D07P_NEG__F363,D07P_NEG,single,1,0,0,1,1,True,0,0.899221658706665
D07P_NEG__F365,D07P_NEG,single,1,1,0,1,2,False,1,0.940207839012146
D07P_NEG__F366,D07P_NEG,multi,3,0,0,3,3,True,0,0.8467390338579813
D07P_NEG__F368,D07P_NEG,single,1,0,0,1,1,True,0,0.9147474765777588
D07P_NEG__F369,D07P_NEG,single,1,0,0,1,1,True,0,0.9343634843826294
D07P_NEG__F37,D07P_NEG,single,1,0,0,1,1,True,0,0.6322324275970459
D07P_NEG__F371,D07P_NEG,single,1,0,0,1,1,True,0,0.8580370545387268
D07P_NEG__F374,D07P_NEG,single,1,0,0,1,1,True,0,0.9671708345413208
D07P_NEG__F375,D07P_NEG,single,1,0,0,1,1,True,0,0.9486550688743591
D07P_NEG__F376,D07P_NEG,empty,0,0,0,0,0,True,0,0.0
D07P_NEG__F377,D07P_NEG,empty,0,0,0,0,0,True,0,0.0
D07P_NEG__F378,D07P_NEG,multi,1,1,1,2,2,True,0,0.8414590358734131
D07P_NEG__F38,D07P_NEG,empty,0,0,0,0,0,True,0,0.0
D07P_NEG__F383,D07P_NEG,single,1,0,0,1,1,True,0,0.8546050786972046
D07P_NEG__F385,D07P_NEG,single,1,0,0,1,1,True,0,0.866231381893158
D07P_NEG__F387,D07P_NEG,single,1,0,0,1,1,True,0,0.9328417181968689
D07P_NEG__F389,D07P_NEG,single,1,0,0,1,1,True,0,0.9459096789360046
D07P_NEG__F39,D07P_NEG,empty,0,0,0,0,0,True,0,0.0
D07P_NEG__F391,D07P_NEG,single,1,0,0,1,1,True,0,0.9302668571472168
D07P_NEG__F394,D07P_NEG,multi,2,0,0,2,2,True,0,0.8946083188056946
D07P_NEG__F397,D07P_NEG,multi,3,0,0,3,3,True,0,0.9062803785006205
D07P_NEG__F398,D07P_NEG,multi,3,0,0,3,3,True,0,0.829809844493866
D07P_NEG__F399,D07P_NEG,single,1,0,0,1,1,True,0,0.9407581090927124
D07P_NEG__F4,D07P_NEG,empty,0,1,0,0,1,False,1,0.0
D07P_NEG__F40,D07P_NEG,empty,0,0,0,0,0,True,0,0.0
D07P_NEG__F401,D07P_NEG,single,1,0,0,1,1,True,0,0.9431912302970886
D07P_NEG__F403,D07P_NEG,single,1,0,0,1,1,True,0,0.8888164162635803
D07P_NEG__F404,D07P_NEG,single,1,0,0,1,1,True,0,0.9277836680412292
D07P_NEG__F406,D07P_NEG,single,1,0,0,1,1,True,0,0.9052950739860535
D07P_NEG__F408,D07P_NEG,single,1,0,0,1,1,True,0,0.769442081451416
D07P_NEG__F411,D07P_NEG,single,1,1,0,1,2,False,1,0.9695585370063782
D07P_NEG__F412,D07P_NEG,single,1,0,0,1,1,True,0,0.8896982073783875
D07P_NEG__F416,D07P_NEG,empty,0,1,0,0,1,False,1,0.0
D07P_NEG__F418,D07P_NEG,multi,2,0,0,2,2,True,0,0.8474595546722412
D07P_NEG__F422,D07P_NEG,multi,2,3,0,2,5,False,3,0.9565234780311584
D07P_NEG__F424,D07P_NEG,single,1,1,0,1,2,False,1,0.888624370098114
D07P_NEG__F425,D07P_NEG,multi,2,0,0,2,2,True,0,0.7751208245754242
D07P_NEG__F427,D07P_NEG,single,1,0,0,1,1,True,0,0.8424831628799438
D07P_NEG__F429,D07P_NEG,single,1,0,0,1,1,True,0,0.9550272822380066
D07P_NEG__F43,D07P_NEG,single,1,0,0,1,1,True,0,0.8526002168655396
D07P_NEG__F430,D07P_NEG,multi,2,0,0,2,2,True,0,0.8245563805103302
D07P_NEG__F432,D07P_NEG,single,1,0,0,1,1,True,0,0.9334327578544617
D07P_NEG__F435,D07P_NEG,multi,1,0,1,2,1,False,1,0.9554027318954468
D07P_NEG__F438,D07P_NEG,multi,2,0,0,2,2,True,0,0.9348680078983307
D07P_NEG__F441,D07P_NEG,single,1,0,0,1,1,True,0,0.9149965047836304
D07P_NEG__F443,D07P_NEG,multi,2,0,0,2,2,True,0,0.9348535239696503
D07P_NEG__F448,D07P_NEG,multi,3,0,0,3,3,True,0,0.8965434829394022
D07P_NEG__F450,D07P_NEG,single,1,1,0,1,2,False,1,0.7575676441192627
D07P_NEG__F451,D07P_NEG,single,1,0,0,1,1,True,0,0.9073566794395447
D07P_NEG__F452,D07P_NEG,multi,1,0,1,2,1,False,1,0.8310350179672241
D07P_NEG__F456,D07P_NEG,multi,2,0,0,2,2,True,0,0.893277108669281
D07P_NEG__F457,D07P_NEG,single,1,3,0,1,4,False,3,0.5568134784698486
D07P_NEG__F458,D07P_NEG,multi,2,1,0,2,3,False,1,0.8571672439575195
D07P_NEG__F46,D07P_NEG,single,1,0,0,1,1,True,0,0.8876883387565613
D07P_NEG__F461,D07P_NEG,single,1,0,0,1,1,True,0,0.8024571537971497
D07P_NEG__F462,D07P_NEG,single,1,0,0,1,1,True,0,0.8443356156349182
D07P_NEG__F465,D07P_NEG,single,1,0,0,1,1,True,0,0.9739160537719727
D07P_NEG__F466,D07P_NEG,single,1,1,0,1,2,False,1,0.9597143530845642
D07P_NEG__F468,D07P_NEG,single,1,0,0,1,1,True,0,0.9088280200958252
D07P_NEG__F469,D07P_NEG,single,1,0,0,1,1,True,0,0.9533265829086304
D07P_NEG__F47,D07P_NEG,single,1,0,0,1,1,True,0,0.8941929340362549
D07P_NEG__F473,D07P_NEG,multi,3,0,0,3,3,True,0,0.9542229771614075
D07P_NEG__F478,D07P_NEG,single,1,1,0,1,2,False,1,0.9739940166473389
D07P_NEG__F481,D07P_NEG,single,1,0,0,1,1,True,0,0.8426082134246826
D07P_NEG__F483,D07P_NEG,empty,0,0,0,0,0,True,0,0.0
D07P_NEG__F484,D07P_NEG,single,1,1,0,1,2,False,1,0.89434814453125
D07P_NEG__F486,D07P_NEG,multi,2,0,0,2,2,True,0,0.9363664984703064
D07P_NEG__F488,D07P_NEG,single,1,0,0,1,1,True,0,0.9811651706695557
D07P_NEG__F49,D07P_NEG,single,1,0,0,1,1,True,0,0.9412433505058289
D07P_NEG__F491,D07P_NEG,multi,2,0,0,2,2,True,0,0.9575347304344177
D07P_NEG__F493,D07P_NEG,multi,2,0,0,2,2,True,0,0.8972377777099609
D07P_NEG__F494,D07P_NEG,single,1,0,0,1,1,True,0,0.8116458654403687
D07P_NEG__F495,D07P_NEG,single,1,0,0,1,1,True,0,0.9192920327186584
D07P_NEG__F497,D07P_NEG,single,1,0,0,1,1,True,0,0.868178129196167
D07P_NEG__F498,D07P_NEG,empty,0,0,0,0,0,True,0,0.0
D07P_NEG__F500,D07P_NEG,single,1,0,0,1,1,True,0,0.919463038444519
D07P_NEG__F505,D07P_NEG,multi,3,0,0,3,3,True,0,0.9092985192934672
D07P_NEG__F506,D07P_NEG,multi,3,0,0,3,3,True,0,0.9366284410158793
D07P_NEG__F507,D07P_NEG,single,1,1,0,1,2,False,1,0.8779852986335754
D07P_NEG__F508,D07P_NEG,multi,3,0,0,3,3,True,0,0.8964947462081909
D07P_NEG__F509,D07P_NEG,multi,2,0,0,2,2,True,0,0.8920804858207703
D07P_NEG__F514,D07P_NEG,single,1,0,0,1,1,True,0,0.8808295726776123
D07P_NEG__F515,D07P_NEG,multi,2,0,0,2,2,True,0,0.9365135729312897
D07P_NEG__F516,D07P_NEG,multi,2,0,0,2,2,True,0,0.8789247870445251
D07P_NEG__F517,D07P_NEG,multi,2,0,0,2,2,True,0,0.9421715140342712
D07P_NEG__F518,D07P_NEG,multi,1,0,1,2,1,False,1,0.868804395198822
D07P_NEG__F519,D07P_NEG,multi,1,0,1,2,1,False,1,0.9616009593009949
D07P_NEG__F520,D07P_NEG,single,1,0,0,1,1,True,0,0.8701396584510803
D07P_NEG__F522,D07P_NEG,single,1,0,0,1,1,True,0,0.8639523983001709
D07P_NEG__F523,D07P_NEG,multi,3,0,0,3,3,True,0,0.9091086188952128
D07P_NEG__F524,D07P_NEG,multi,2,0,0,2,2,True,0,0.8677389621734619
D07P_NEG__F526,D07P_NEG,single,1,0,0,1,1,True,0,0.9685665965080261
D07P_NEG__F527,D07P_NEG,multi,2,0,0,2,2,True,0,0.9293678998947144
D07P_NEG__F529,D07P_NEG,single,1,0,0,1,1,True,0,0.9748510718345642
D07P_NEG__F531,D07P_NEG,multi,2,0,0,2,2,True,0,0.8921688199043274
D07P_NEG__F532,D07P_NEG,multi,2,0,0,2,2,True,0,0.8908935487270355
D07P_NEG__F533,D07P_NEG,multi,3,0,0,3,3,True,0,0.9129342834154764
D07P_NEG__F534,D07P_NEG,multi,2,0,0,2,2,True,0,0.8906777203083038
D07P_NEG__F537,D07P_NEG,multi,2,0,0,2,2,True,0,0.8685645759105682
D07P_NEG__F538,D07P_NEG,single,1,0,0,1,1,True,0,0.9203951954841614
D07P_NEG__F540,D07P_NEG,single,1,0,0,1,1,True,0,0.9262679219245911
D07P_NEG__F541,D07P_NEG,multi,2,0,0,2,2,True,0,0.9160590767860413
D07P_NEG__F543,D07P_NEG,single,1,0,0,1,1,True,0,0.8909643888473511
D07P_NEG__F544,D07P_NEG,single,1,0,0,1,1,True,0,0.9074971675872803
D07P_NEG__F56,D07P_NEG,single,1,0,0,1,1,True,0,0.7501964569091797
D07P_NEG__F57,D07P_NEG,single,1,0,0,1,1,True,0,0.8296334147453308
D07P_NEG__F58,D07P_NEG,empty,0,0,0,0,0,True,0,0.0
D07P_NEG__F6,D07P_NEG,empty,0,0,0,0,0,True,0,0.0
D07P_NEG__F60,D07P_NEG,empty,0,1,0,0,1,False,1,0.0
D07P_NEG__F61,D07P_NEG,single,1,0,0,1,1,True,0,0.8805510997772217
D07P_NEG__F64,D07P_NEG,empty,0,0,0,0,0,True,0,0.0
D07P_NEG__F67,D07P_NEG,single,1,0,0,1,1,True,0,0.7881124019622803
D07P_NEG__F68,D07P_NEG,single,1,0,0,1,1,True,0,0.65714430809021
D07P_NEG__F69,D07P_NEG,single,1,0,0,1,1,True,0,0.9195415377616882
D07P_NEG__F7,D07P_NEG,empty,0,0,0,0,0,True,0,0.0
D07P_NEG__F70,D07P_NEG,single,1,0,0,1,1,True,0,0.8883542418479919
D07P_NEG__F71,D07P_NEG,single,1,0,0,1,1,True,0,0.7371465563774109
D07P_NEG__F73,D07P_NEG,single,1,0,0,1,1,True,0,0.9512624144554138
D07P_NEG__F74,D07P_NEG,single,1,0,0,1,1,True,0,0.8487926125526428
D07P_NEG__F75,D07P_NEG,empty,0,0,0,0,0,True,0,0.0
D07P_NEG__F76,D07P_NEG,single,1,0,0,1,1,True,0,0.8940712213516235
D07P_NEG__F77,D07P_NEG,multi,2,0,0,2,2,True,0,0.9171868562698364
D07P_NEG__F78,D07P_NEG,single,0,0,1,1,0,False,1,0.0
D07P_NEG__F79,D07P_NEG,multi,1,0,1,2,1,False,1,0.6542529463768005
D07P_NEG__F8,D07P_NEG,empty,0,0,0,0,0,True,0,0.0
D07P_NEG__F80,D07P_NEG,empty,0,0,0,0,0,True,0,0.0
D07P_NEG__F82,D07P_NEG,single,1,0,0,1,1,True,0,0.8537383675575256
D07P_NEG__F83,D07P_NEG,empty,0,0,0,0,0,True,0,0.0
D07P_NEG__F84,D07P_NEG,single,1,0,0,1,1,True,0,0.8867144584655762
D07P_NEG__F85,D07P_NEG,single,1,1,0,1,2,False,1,0.8163800239562988
D07P_NEG__F87,D07P_NEG,empty,0,0,0,0,0,True,0,0.0
D07P_NEG__F90,D07P_NEG,multi,2,0,0,2,2,True,0,0.8675180971622467
D07P_NEG__F91,D07P_NEG,multi,2,0,0,2,2,True,0,0.8455841839313507
D07P_NEG__F93,D07P_NEG,empty,0,0,0,0,0,True,0,0.0
D07P_NEG__F94,D07P_NEG,empty,0,0,0,0,0,True,0,0.0
D07P_NEG__F95,D07P_NEG,single,1,0,0,1,1,True,0,0.7414946556091309
D03P_POS__F1,D03P_POS,single,1,0,0,1,1,True,0,0.9541926383972168
D03P_POS__F10,D03P_POS,empty,0,0,0,0,0,True,0,0.0
D03P_POS__F100,D03P_POS,multi,2,0,0,2,2,True,0,0.8682220876216888
D03P_POS__F1000,D03P_POS,multi,4,0,0,4,4,True,0,0.9346458315849304
D03P_POS__F1001,D03P_POS,multi,0,0,3,3,0,False,3,0.0
D03P_POS__F1002,D03P_POS,multi,3,0,0,3,3,True,0,0.8750800291697184
D03P_POS__F1006,D03P_POS,multi,2,1,0,2,3,False,1,0.7304022014141083
D03P_POS__F1007,D03P_POS,multi,3,0,0,3,3,True,0,0.9054763714472452
D03P_POS__F1008,D03P_POS,single,1,0,0,1,1,True,0,0.5124696493148804
D03P_POS__F1010,D03P_POS,multi,3,0,0,3,3,True,0,0.9394265413284302
D03P_POS__F1019,D03P_POS,multi,2,0,0,2,2,True,0,0.8476733267307281
D03P_POS__F1024,D03P_POS,multi,2,0,0,2,2,True,0,0.8708849251270294
D03P_POS__F103,D03P_POS,empty,0,0,0,0,0,True,0,0.0
D03P_POS__F1030,D03P_POS,single,1,0,0,1,1,True,0,0.9782712459564209
D03P_POS__F1034,D03P_POS,multi,2,0,0,2,2,True,0,0.823358416557312
D03P_POS__F1036,D03P_POS,multi,2,0,0,2,2,True,0,0.8819465041160583
D03P_POS__F1037,D03P_POS,single,1,0,0,1,1,True,0,0.9779340624809265
D03P_POS__F1038,D03P_POS,multi,3,0,0,3,3,True,0,0.8985716899236044
D03P_POS__F1040,D03P_POS,multi,4,0,0,4,4,True,0,0.8935731947422028
D03P_POS__F1044,D03P_POS,multi,2,0,0,2,2,True,0,0.667291671037674
D03P_POS__F105,D03P_POS,multi,2,0,0,2,2,True,0,0.640685498714447
D03P_POS__F1050,D03P_POS,multi,3,2,2,5,5,True,0,0.9002412358919779
D03P_POS__F1051,D03P_POS,multi,3,0,0,3,3,True,0,0.9144377509752909
D03P_POS__F1053,D03P_POS,multi,2,0,1,3,2,False,1,0.8618844747543335
D03P_POS__F1054,D03P_POS,multi,3,1,0,3,4,False,1,0.8223243753115336
D03P_POS__F1058,D03P_POS,multi,2,0,0,2,2,True,0,0.9183273017406464
D03P_POS__F1059,D03P_POS,multi,4,0,0,4,4,True,0,0.890015572309494
D03P_POS__F106,D03P_POS,single,1,0,0,1,1,True,0,0.8287550210952759
D03P_POS__F1062,D03P_POS,multi,2,0,0,2,2,True,0,0.8846098482608795
D03P_POS__F1068,D03P_POS,multi,5,0,0,5,5,True,0,0.8652804613113403
D03P_POS__F1069,D03P_POS,multi,2,0,1,3,2,False,1,0.9349247515201569
D03P_POS__F107,D03P_POS,single,1,0,0,1,1,True,0,0.8737379908561707
D03P_POS__F1074,D03P_POS,multi,4,0,0,4,4,True,0,0.9098210483789444
D03P_POS__F1075,D03P_POS,multi,4,0,0,4,4,True,0,0.9060032963752747
D03P_POS__F1076,D03P_POS,multi,3,1,1,4,4,True,0,0.8911307255427042
D03P_POS__F1079,D03P_POS,multi,2,0,0,2,2,True,0,0.7332262694835663
D03P_POS__F1081,D03P_POS,multi,3,1,0,3,4,False,1,0.7871932983398438
D03P_POS__F1086,D03P_POS,multi,3,0,0,3,3,True,0,0.9065501093864441
D03P_POS__F1090,D03P_POS,multi,3,1,0,3,4,False,1,0.9074001908302307
D03P_POS__F1091,D03P_POS,multi,2,0,1,3,2,False,1,0.8587610125541687
D03P_POS__F1093,D03P_POS,multi,2,0,0,2,2,True,0,0.9254823327064514
D03P_POS__F1094,D03P_POS,multi,6,0,0,6,6,True,0,0.886613647143046
D03P_POS__F1097,D03P_POS,single,1,0,0,1,1,True,0,0.9403980374336243
D03P_POS__F1099,D03P_POS,multi,3,0,0,3,3,True,0,0.8836800456047058
D03P_POS__F11,D03P_POS,single,1,0,0,1,1,True,0,0.9016850590705872
D03P_POS__F1100,D03P_POS,multi,2,0,0,2,2,True,0,0.9005495607852936
D03P_POS__F1101,D03P_POS,multi,3,0,0,3,3,True,0,0.9333974123001099
D03P_POS__F1104,D03P_POS,multi,4,0,0,4,4,True,0,0.8489745557308197
D03P_POS__F1106,D03P_POS,multi,3,0,0,3,3,True,0,0.9073097904523214
D03P_POS__F1107,D03P_POS,multi,2,0,1,3,2,False,1,0.9425576031208038
D03P_POS__F1112,D03P_POS,single,0,2,1,1,2,False,1,0.0
D03P_POS__F1114,D03P_POS,single,1,0,0,1,1,True,0,0.9235941171646118
D03P_POS__F1115,D03P_POS,multi,4,0,0,4,4,True,0,0.8789660185575485
D03P_POS__F1117,D03P_POS,multi,2,0,1,3,2,False,1,0.9274770021438599
D03P_POS__F1121,D03P_POS,multi,4,0,0,4,4,True,0,0.894841656088829
D03P_POS__F1125,D03P_POS,multi,3,0,0,3,3,True,0,0.8819024960199991
D03P_POS__F1128,D03P_POS,multi,2,0,0,2,2,True,0,0.9480865299701691
D03P_POS__F1129,D03P_POS,multi,4,0,0,4,4,True,0,0.9234290570020676
D03P_POS__F1132,D03P_POS,multi,3,0,0,3,3,True,0,0.7915312051773071
D03P_POS__F1135,D03P_POS,single,1,0,0,1,1,True,0,0.8858345150947571
D03P_POS__F1139,D03P_POS,multi,3,0,0,3,3,True,0,0.8376331925392151
D03P_POS__F1140,D03P_POS,multi,2,0,0,2,2,True,0,0.7505357563495636
D03P_POS__F1149,D03P_POS,multi,2,0,0,2,2,True,0,0.9009564816951752
D03P_POS__F1157,D03P_POS,multi,3,2,1,4,5,False,1,0.7977566520373026
D03P_POS__F1158,D03P_POS,multi,2,2,0,2,4,False,2,0.7992140054702759
D03P_POS__F1159,D03P_POS,multi,2,0,0,2,2,True,0,0.9633233547210693
D03P_POS__F116,D03P_POS,single,1,0,0,1,1,True,0,0.7490107417106628
D03P_POS__F1160,D03P_POS,multi,2,0,0,2,2,True,0,0.8781711757183075
D03P_POS__F1164,D03P_POS,multi,2,0,0,2,2,True,0,0.9266752898693085
D03P_POS__F1166,D03P_POS,single,1,0,0,1,1,True,0,0.9048137068748474
D03P_POS__F1173,D03P_POS,multi,3,0,1,4,3,False,1,0.9160638054211935
D03P_POS__F1175,D03P_POS,multi,4,0,0,4,4,True,0,0.8014725893735886
D03P_POS__F1176,D03P_POS,multi,4,0,0,4,4,True,0,0.8038880825042725
D03P_POS__F1177,D03P_POS,multi,4,0,0,4,4,True,0,0.8518720716238022
D03P_POS__F1182,D03P_POS,multi,1,0,1,2,1,False,1,0.7946009635925293
D03P_POS__F1187,D03P_POS,multi,1,0,1,2,1,False,1,0.9146642088890076
D03P_POS__F1188,D03P_POS,multi,4,0,0,4,4,True,0,0.8604651093482971
D03P_POS__F119,D03P_POS,multi,1,1,1,2,2,True,0,0.8999631404876709
D03P_POS__F1190,D03P_POS,single,1,0,0,1,1,True,0,0.9233782291412354
D03P_POS__F1196,D03P_POS,multi,2,0,0,2,2,True,0,0.8918176293373108
D03P_POS__F1198,D03P_POS,multi,2,1,0,2,3,False,1,0.8531238436698914
D03P_POS__F1201,D03P_POS,multi,2,0,0,2,2,True,0,0.9126428365707397
D03P_POS__F1205,D03P_POS,empty,0,0,0,0,0,True,0,0.0
D03P_POS__F1206,D03P_POS,empty,0,0,0,0,0,True,0,0.0
D03P_POS__F1209,D03P_POS,multi,2,0,0,2,2,True,0,0.8386468589305878
D03P_POS__F1213,D03P_POS,multi,3,0,0,3,3,True,0,0.8692202766736349
D03P_POS__F1215,D03P_POS,multi,5,0,0,5,5,True,0,0.8499476313591003
D03P_POS__F1219,D03P_POS,multi,5,0,0,5,5,True,0,0.9076867699623108
D03P_POS__F1223,D03P_POS,multi,5,1,0,5,6,False,1,0.9153591752052307
D03P_POS__F1224,D03P_POS,multi,6,1,0,6,7,False,1,0.913871039946874
D03P_POS__F1225,D03P_POS,multi,6,2,0,6,8,False,2,0.9139017760753632
D03P_POS__F1226,D03P_POS,multi,6,1,1,7,7,True,0,0.8762462735176086
D03P_POS__F1230,D03P_POS,multi,3,2,2,5,5,True,0,0.824032743771871
D03P_POS__F1232,D03P_POS,multi,4,0,0,4,4,True,0,0.912801519036293
D03P_POS__F1233,D03P_POS,multi,5,0,0,5,5,True,0,0.864110803604126
D03P_POS__F1236,D03P_POS,multi,3,0,1,4,3,False,1,0.9441094795862833
D03P_POS__F1237,D03P_POS,multi,3,0,0,3,3,True,0,0.9075085123380026
D03P_POS__F1238,D03P_POS,multi,4,0,1,5,4,False,1,0.9399490505456924
D03P_POS__F124,D03P_POS,empty,0,0,0,0,0,True,0,0.0
D03P_POS__F1240,D03P_POS,multi,5,1,0,5,6,False,1,0.9004620313644409
D03P_POS__F1244,D03P_POS,multi,2,0,1,3,2,False,1,0.951114147901535
D03P_POS__F1248,D03P_POS,multi,2,0,1,3,2,False,1,0.913365364074707
D03P_POS__F1250,D03P_POS,single,1,0,0,1,1,True,0,0.9674601554870605
D03P_POS__F1254,D03P_POS,multi,2,0,0,2,2,True,0,0.9372568130493164
D03P_POS__F1255,D03P_POS,single,1,0,0,1,1,True,0,0.954486608505249
D03P_POS__F1257,D03P_POS,multi,4,0,0,4,4,True,0,0.8818907141685486
D03P_POS__F1259,D03P_POS,multi,3,0,0,3,3,True,0,0.8992302815119425
D03P_POS__F126,D03P_POS,multi,2,0,0,2,2,True,0,0.9095911681652069
D03P_POS__F1260,D03P_POS,multi,3,0,0,3,3,True,0,0.9171063502629598
D03P_POS__F1263,D03P_POS,multi,2,1,0,2,3,False,1,0.9411419034004211
D03P_POS__F1264,D03P_POS,multi,1,0,1,2,1,False,1,0.9076969623565674
D03P_POS__F1267,D03P_POS,multi,4,0,0,4,4,True,0,0.8774347901344299
D03P_POS__F1269,D03P_POS,multi,2,0,0,2,2,True,0,0.7988028526306152
D03P_POS__F1270,D03P_POS,multi,1,1,1,2,2,True,0,0.7977626323699951
D03P_POS__F1272,D03P_POS,multi,2,0,1,3,2,False,1,0.8277187943458557
D03P_POS__F1273,D03P_POS,multi,2,0,1,3,2,False,1,0.8752410411834717
D03P_POS__F1277,D03P_POS,multi,2,0,1,3,2,False,1,0.9210392832756042
D03P_POS__F1279,D03P_POS,multi,3,0,0,3,3,True,0,0.6810799042383829
D03P_POS__F1281,D03P_POS,multi,3,0,0,3,3,True,0,0.9336673021316528
D03P_POS__F1283,D03P_POS,multi,3,0,0,3,3,True,0,0.9377849896748861
D03P_POS__F1284,D03P_POS,multi,2,1,0,2,3,False,1,0.7859705984592438
D03P_POS__F1290,D03P_POS,multi,4,0,1,5,4,False,1,0.8936333507299423
D03P_POS__F1291,D03P_POS,multi,3,0,0,3,3,True,0,0.8984619975090027
D03P_POS__F1294,D03P_POS,multi,3,1,1,4,4,True,0,0.8604092001914978
D03P_POS__F1296,D03P_POS,multi,3,0,0,3,3,True,0,0.9004905422528585
D03P_POS__F1297,D03P_POS,multi,2,0,1,3,2,False,1,0.8318021297454834
D03P_POS__F1299,D03P_POS,multi,3,2,0,3,5,False,2,0.9134761095046997
D03P_POS__F1303,D03P_POS,multi,1,0,2,3,1,False,2,0.9131677746772766
D03P_POS__F1304,D03P_POS,multi,2,1,0,2,3,False,1,0.7294149398803711
D03P_POS__F1305,D03P_POS,multi,2,1,0,2,3,False,1,0.6623667776584625
D03P_POS__F1307,D03P_POS,single,1,2,0,1,3,False,2,0.8223082423210144
D03P_POS__F1308,D03P_POS,multi,0,2,2,2,2,True,0,0.0
D03P_POS__F1312,D03P_POS,multi,2,2,0,2,4,False,2,0.7164528965950012
D03P_POS__F1313,D03P_POS,multi,2,2,0,2,4,False,2,0.9088212251663208
D03P_POS__F1315,D03P_POS,multi,3,0,0,3,3,True,0,0.924489160378774
D03P_POS__F1316,D03P_POS,multi,2,0,0,2,2,True,0,0.9481829404830933
D03P_POS__F1317,D03P_POS,multi,3,2,0,3,5,False,2,0.7916085124015808
D03P_POS__F1319,D03P_POS,multi,2,0,1,3,2,False,1,0.9243418872356415
D03P_POS__F1320,D03P_POS,multi,3,1,0,3,4,False,1,0.8647985458374023
D03P_POS__F1321,D03P_POS,multi,2,0,0,2,2,True,0,0.9575088620185852
D03P_POS__F1325,D03P_POS,single,1,0,0,1,1,True,0,0.946289598941803
D03P_POS__F1326,D03P_POS,multi,2,0,1,3,2,False,1,0.9491692185401917
D03P_POS__F1331,D03P_POS,multi,2,0,0,2,2,True,0,0.8812612891197205
D03P_POS__F1332,D03P_POS,single,1,0,0,1,1,True,0,0.9553978443145752
D03P_POS__F1340,D03P_POS,single,1,0,0,1,1,True,0,0.9417396783828735
D03P_POS__F1342,D03P_POS,single,1,0,0,1,1,True,0,0.9234442710876465
D03P_POS__F1346,D03P_POS,multi,3,0,0,3,3,True,0,0.8889108101526896
D03P_POS__F1348,D03P_POS,multi,4,0,0,4,4,True,0,0.9298207312822342
D03P_POS__F1355,D03P_POS,single,1,1,0,1,2,False,1,0.6915984749794006
D03P_POS__F1358,D03P_POS,single,1,1,0,1,2,False,1,0.6118923425674438
D03P_POS__F1360,D03P_POS,multi,2,0,0,2,2,True,0,0.945765882730484
D03P_POS__F1369,D03P_POS,single,1,1,0,1,2,False,1,0.6163233518600464
D03P_POS__F137,D03P_POS,single,1,2,0,1,3,False,2,0.7794477939605713
D03P_POS__F1370,D03P_POS,multi,2,0,0,2,2,True,0,0.8760563135147095
D03P_POS__F1373,D03P_POS,multi,3,0,0,3,3,True,0,0.8914621273676554
D03P_POS__F1374,D03P_POS,multi,3,0,0,3,3,True,0,0.8882357875506083
D03P_POS__F1378,D03P_POS,multi,2,0,0,2,2,True,0,0.9304131269454956
D03P_POS__F1382,D03P_POS,multi,2,0,1,3,2,False,1,0.9247892200946808
D03P_POS__F1383,D03P_POS,multi,3,0,0,3,3,True,0,0.8713380495707194
D03P_POS__F1384,D03P_POS,multi,2,1,1,3,3,True,0,0.7936621308326721
D03P_POS__F1385,D03P_POS,single,1,1,0,1,2,False,1,0.6715070009231567
D03P_POS__F1386,D03P_POS,multi,4,0,0,4,4,True,0,0.9409779906272888
D03P_POS__F1391,D03P_POS,multi,2,0,0,2,2,True,0,0.8978374600410461
D03P_POS__F140,D03P_POS,single,1,0,0,1,1,True,0,0.9031745195388794
D03P_POS__F141,D03P_POS,single,0,1,1,1,1,True,0,0.0
D03P_POS__F145,D03P_POS,multi,3,0,0,3,3,True,0,0.8153111537297567
D03P_POS__F156,D03P_POS,multi,1,1,1,2,2,True,0,0.9080895185470581
D03P_POS__F159,D03P_POS,single,1,0,0,1,1,True,0,0.9483341574668884
D03P_POS__F16,D03P_POS,multi,3,1,0,3,4,False,1,0.9350420633951823
D03P_POS__F164,D03P_POS,multi,2,2,1,3,4,False,1,0.8239703476428986
D03P_POS__F168,D03P_POS,single,1,0,0,1,1,True,0,0.920856773853302
D03P_POS__F170,D03P_POS,multi,1,0,1,2,1,False,1,0.9345634579658508
D03P_POS__F174,D03P_POS,multi,3,0,0,3,3,True,0,0.8953001300493876
D03P_POS__F179,D03P_POS,empty,0,0,0,0,0,True,0,0.0
D03P_POS__F182,D03P_POS,single,1,0,0,1,1,True,0,0.9440075755119324
D03P_POS__F184,D03P_POS,multi,1,0,1,2,1,False,1,0.8011912107467651
D03P_POS__F185,D03P_POS,multi,2,0,0,2,2,True,0,0.6996091604232788
D03P_POS__F19,D03P_POS,single,1,0,0,1,1,True,0,0.9510550498962402
D03P_POS__F193,D03P_POS,multi,2,0,0,2,2,True,0,0.8748171031475067
D03P_POS__F194,D03P_POS,multi,2,1,0,2,3,False,1,0.6700472235679626
D03P_POS__F195,D03P_POS,single,1,0,0,1,1,True,0,0.9077423214912415
D03P_POS__F196,D03P_POS,single,1,0,0,1,1,True,0,0.9364713430404663
D03P_POS__F199,D03P_POS,multi,1,1,1,2,2,True,0,0.868241548538208
D03P_POS__F200,D03P_POS,single,0,1,1,1,1,True,0,0.0
D03P_POS__F209,D03P_POS,multi,4,1,1,5,5,True,0,0.8392105400562286
D03P_POS__F210,D03P_POS,multi,3,0,0,3,3,True,0,0.8198461929957072
D03P_POS__F211,D03P_POS,multi,2,0,0,2,2,True,0,0.9132634103298187
D03P_POS__F212,D03P_POS,single,0,1,1,1,1,True,0,0.0
D03P_POS__F223,D03P_POS,multi,2,0,0,2,2,True,0,0.9268301427364349
D03P_POS__F224,D03P_POS,multi,3,0,0,3,3,True,0,0.9242967963218689
D03P_POS__F225,D03P_POS,single,1,0,0,1,1,True,0,0.6729727983474731
D03P_POS__F228,D03P_POS,single,1,0,0,1,1,True,0,0.9633727073669434
D03P_POS__F229,D03P_POS,single,1,0,0,1,1,True,0,0.8797757625579834
D03P_POS__F23,D03P_POS,single,1,0,0,1,1,True,0,0.8171040415763855
D03P_POS__F234,D03P_POS,single,1,0,0,1,1,True,0,0.9762352108955383
D03P_POS__F237,D03P_POS,single,1,0,0,1,1,True,0,0.8472775816917419
D03P_POS__F241,D03P_POS,multi,3,1,0,3,4,False,1,0.873991072177887
D03P_POS__F248,D03P_POS,multi,1,0,1,2,1,False,1,0.9189326763153076
D03P_POS__F250,D03P_POS,multi,2,0,0,2,2,True,0,0.9424176514148712
D03P_POS__F256,D03P_POS,single,0,2,1,1,2,False,1,0.0
D03P_POS__F257,D03P_POS,multi,1,0,1,2,1,False,1,0.918160617351532
D03P_POS__F258,D03P_POS,multi,2,0,0,2,2,True,0,0.8364666700363159
D03P_POS__F259,D03P_POS,multi,2,0,0,2,2,True,0,0.8340066373348236
D03P_POS__F26,D03P_POS,empty,0,0,0,0,0,True,0,0.0
D03P_POS__F260,D03P_POS,multi,3,0,1,4,3,False,1,0.9209629495938619
D03P_POS__F262,D03P_POS,multi,3,0,1,4,3,False,1,0.9370149771372477
D03P_POS__F265,D03P_POS,single,1,0,0,1,1,True,0,0.9390166401863098
D03P_POS__F267,D03P_POS,single,1,0,0,1,1,True,0,0.9306023120880127
D03P_POS__F271,D03P_POS,multi,2,0,0,2,2,True,0,0.9441808462142944
D03P_POS__F279,D03P_POS,multi,1,0,3,4,1,False,3,0.9217685461044312
D03P_POS__F28,D03P_POS,single,1,0,0,1,1,True,0,0.9270536303520203
D03P_POS__F286,D03P_POS,empty,0,0,0,0,0,True,0,0.0
D03P_POS__F287,D03P_POS,multi,0,1,3,3,1,False,2,0.0
D03P_POS__F29,D03P_POS,empty,0,0,0,0,0,True,0,0.0
D03P_POS__F292,D03P_POS,empty,0,0,0,0,0,True,0,0.0
D03P_POS__F297,D03P_POS,empty,0,0,0,0,0,True,0,0.0
D03P_POS__F3,D03P_POS,multi,1,0,1,2,1,False,1,0.7936102151870728
D03P_POS__F300,D03P_POS,multi,1,1,1,2,2,True,0,0.9170095324516296
D03P_POS__F303,D03P_POS,multi,2,0,0,2,2,True,0,0.9267551004886627
D03P_POS__F306,D03P_POS,single,1,0,0,1,1,True,0,0.8898892402648926
D03P_POS__F307,D03P_POS,multi,2,0,0,2,2,True,0,0.9439737200737
D03P_POS__F310,D03P_POS,multi,3,0,0,3,3,True,0,0.9074040253957113
D03P_POS__F311,D03P_POS,multi,2,0,0,2,2,True,0,0.9331860840320587
D03P_POS__F313,D03P_POS,multi,2,1,0,2,3,False,1,0.786478579044342
D03P_POS__F315,D03P_POS,multi,2,0,0,2,2,True,0,0.887548178434372
D03P_POS__F319,D03P_POS,multi,2,0,0,2,2,True,0,0.916610062122345
D03P_POS__F32,D03P_POS,single,1,0,0,1,1,True,0,0.8477833271026611
D03P_POS__F320,D03P_POS,multi,3,0,0,3,3,True,0,0.8827597498893738
D03P_POS__F323,D03P_POS,multi,2,0,1,3,2,False,1,0.7877232730388641
D03P_POS__F328,D03P_POS,multi,3,0,0,3,3,True,0,0.8978688716888428
D03P_POS__F33,D03P_POS,empty,0,0,0,0,0,True,0,0.0
D03P_POS__F330,D03P_POS,multi,2,0,0,2,2,True,0,0.9297848343849182
D03P_POS__F334,D03P_POS,multi,2,0,0,2,2,True,0,0.9122036993503571
D03P_POS__F337,D03P_POS,single,1,0,0,1,1,True,0,0.6727895736694336
D03P_POS__F339,D03P_POS,multi,2,0,0,2,2,True,0,0.8843455612659454
D03P_POS__F341,D03P_POS,multi,3,0,0,3,3,True,0,0.8948188225428263
D03P_POS__F342,D03P_POS,multi,3,0,0,3,3,True,0,0.8976752161979675
D03P_POS__F343,D03P_POS,single,1,0,0,1,1,True,0,0.9340429306030273
D03P_POS__F347,D03P_POS,multi,3,0,0,3,3,True,0,0.7514558633168539
D03P_POS__F350,D03P_POS,multi,4,0,0,4,4,True,0,0.8102986961603165
D03P_POS__F352,D03P_POS,multi,3,1,1,4,4,True,0,0.7478923996289571
D03P_POS__F353,D03P_POS,multi,4,0,0,4,4,True,0,0.8826012015342712
D03P_POS__F355,D03P_POS,multi,4,0,0,4,4,True,0,0.9121184200048447
D03P_POS__F360,D03P_POS,multi,2,1,0,2,3,False,1,0.8560584187507629
D03P_POS__F364,D03P_POS,single,1,0,0,1,1,True,0,0.7972298860549927
D03P_POS__F366,D03P_POS,single,1,0,0,1,1,True,0,0.9709502458572388
D03P_POS__F369,D03P_POS,multi,3,0,0,3,3,True,0,0.9033606251080831
D03P_POS__F371,D03P_POS,multi,1,1,2,3,2,False,1,0.5118160247802734
D03P_POS__F372,D03P_POS,multi,3,0,0,3,3,True,0,0.8862600723902384
D03P_POS__F374,D03P_POS,multi,2,0,0,2,2,True,0,0.8565356135368347
D03P_POS__F375,D03P_POS,empty,0,0,0,0,0,True,0,0.0
D03P_POS__F376,D03P_POS,single,1,1,0,1,2,False,1,0.6034339666366577
D03P_POS__F377,D03P_POS,single,1,0,0,1,1,True,0,0.9484682679176331
D03P_POS__F381,D03P_POS,multi,1,0,1,2,1,False,1,0.9689088463783264
D03P_POS__F383,D03P_POS,multi,2,0,0,2,2,True,0,0.9117478132247925
D03P_POS__F384,D03P_POS,multi,2,1,1,3,3,True,0,0.7256718873977661
D03P_POS__F390,D03P_POS,multi,1,1,2,3,2,False,1,0.6596282720565796
D03P_POS__F391,D03P_POS,multi,2,0,0,2,2,True,0,0.9467581510543823
D03P_POS__F394,D03P_POS,single,1,0,0,1,1,True,0,0.8287866115570068
D03P_POS__F395,D03P_POS,single,1,0,0,1,1,True,0,0.9086686372756958
D03P_POS__F396,D03P_POS,single,1,0,0,1,1,True,0,0.8920333385467529
D03P_POS__F399,D03P_POS,multi,2,0,0,2,2,True,0,0.8603881001472473
D03P_POS__F40,D03P_POS,multi,2,0,0,2,2,True,0,0.8009026050567627
D03P_POS__F406,D03P_POS,single,1,0,0,1,1,True,0,0.938068687915802
D03P_POS__F409,D03P_POS,multi,3,0,0,3,3,True,0,0.9306640227635702
D03P_POS__F412,D03P_POS,multi,2,0,0,2,2,True,0,0.8918697834014893
D03P_POS__F413,D03P_POS,multi,2,1,1,3,3,True,0,0.921456515789032
D03P_POS__F414,D03P_POS,multi,2,0,0,2,2,True,0,0.9071266651153564
D03P_POS__F415,D03P_POS,single,1,0,0,1,1,True,0,0.9394593238830566
D03P_POS__F416,D03P_POS,single,1,0,0,1,1,True,0,0.8176525831222534
D03P_POS__F417,D03P_POS,single,1,0,0,1,1,True,0,0.9157451391220093
D03P_POS__F420,D03P_POS,multi,2,1,0,2,3,False,1,0.8074423670768738
D03P_POS__F425,D03P_POS,multi,1,0,3,4,1,False,3,0.7370867133140564
D03P_POS__F43,D03P_POS,single,1,0,0,1,1,True,0,0.8664695620536804
D03P_POS__F431,D03P_POS,single,1,0,0,1,1,True,0,0.9285883903503418
D03P_POS__F433,D03P_POS,multi,3,0,0,3,3,True,0,0.8675521016120911
D03P_POS__F436,D03P_POS,single,1,1,0,1,2,False,1,0.7769749760627747
D03P_POS__F439,D03P_POS,single,1,0,0,1,1,True,0,0.5724161267280579
D03P_POS__F440,D03P_POS,multi,2,0,0,2,2,True,0,0.9007900655269623
D03P_POS__F441,D03P_POS,single,1,0,0,1,1,True,0,0.9883854389190674
D03P_POS__F443,D03P_POS,single,1,0,0,1,1,True,0,0.8890063762664795
D03P_POS__F447,D03P_POS,single,1,0,0,1,1,True,0,0.9751858711242676
D03P_POS__F448,D03P_POS,single,1,0,0,1,1,True,0,0.7183889746665955
D03P_POS__F449,D03P_POS,multi,1,0,2,3,1,False,2,0.9086822867393494
D03P_POS__F45,D03P_POS,single,1,0,0,1,1,True,0,0.9552054405212402
D03P_POS__F451,D03P_POS,multi,2,0,1,3,2,False,1,0.9467479586601257
D03P_POS__F452,D03P_POS,multi,1,0,1,2,1,False,1,0.7934528589248657
D03P_POS__F458,D03P_POS,single,1,0,0,1,1,True,0,0.9700576066970825
D03P_POS__F459,D03P_POS,multi,1,1,1,2,2,True,0,0.5027422308921814
D03P_POS__F46,D03P_POS,single,1,0,0,1,1,True,0,0.9170503616333008
D03P_POS__F462,D03P_POS,single,1,0,0,1,1,True,0,0.9302530288696289
D03P_POS__F463,D03P_POS,single,1,0,0,1,1,True,0,0.8931061625480652
D03P_POS__F465,D03P_POS,single,1,0,0,1,1,True,0,0.9602726697921753
D03P_POS__F468,D03P_POS,multi,2,0,0,2,2,True,0,0.689490556716919
D03P_POS__F478,D03P_POS,multi,2,0,0,2,2,True,0,0.9451607465744019
D03P_POS__F480,D03P_POS,single,1,0,0,1,1,True,0,0.9561271071434021
D03P_POS__F482,D03P_POS,single,1,0,0,1,1,True,0,0.9167042374610901
D03P_POS__F483,D03P_POS,single,1,0,0,1,1,True,0,0.9407011866569519
D03P_POS__F487,D03P_POS,single,1,0,0,1,1,True,0,0.935457706451416
D03P_POS__F491,D03P_POS,multi,2,0,0,2,2,True,0,0.9241784811019897
D03P_POS__F494,D03P_POS,single,1,0,0,1,1,True,0,0.9824337363243103
D03P_POS__F495,D03P_POS,multi,2,0,0,2,2,True,0,0.8913576006889343
D03P_POS__F499,D03P_POS,multi,3,0,0,3,3,True,0,0.877336303393046
D03P_POS__F501,D03P_POS,multi,0,4,2,2,4,False,2,0.0
D03P_POS__F504,D03P_POS,single,1,0,0,1,1,True,0,0.9047175049781799
D03P_POS__F505,D03P_POS,single,1,0,0,1,1,True,0,0.8911091685295105
D03P_POS__F507,D03P_POS,single,1,0,0,1,1,True,0,0.9257619976997375
D03P_POS__F514,D03P_POS,single,1,2,0,1,3,False,2,0.6193248629570007
D03P_POS__F515,D03P_POS,single,1,0,0,1,1,True,0,0.9145954251289368
D03P_POS__F516,D03P_POS,multi,1,0,1,2,1,False,1,0.8659732937812805
D03P_POS__F522,D03P_POS,single,1,0,0,1,1,True,0,0.9261303544044495
D03P_POS__F523,D03P_POS,single,1,1,0,1,2,False,1,0.6471747756004333
D03P_POS__F526,D03P_POS,single,1,0,0,1,1,True,0,0.8856239318847656
D03P_POS__F527,D03P_POS,single,1,0,0,1,1,True,0,0.8051153421401978
D03P_POS__F530,D03P_POS,multi,2,0,0,2,2,True,0,0.8891776204109192
D03P_POS__F532,D03P_POS,single,1,0,0,1,1,True,0,0.9801207780838013
D03P_POS__F534,D03P_POS,single,1,0,0,1,1,True,0,0.8097632527351379
D03P_POS__F537,D03P_POS,single,1,0,0,1,1,True,0,0.6228697896003723
D03P_POS__F545,D03P_POS,single,1,0,0,1,1,True,0,0.944588303565979
D03P_POS__F546,D03P_POS,single,1,0,0,1,1,True,0,0.9420631527900696
D03P_POS__F548,D03P_POS,single,1,0,0,1,1,True,0,0.9806968569755554
D03P_POS__F549,D03P_POS,multi,2,0,0,2,2,True,0,0.8968140482902527
D03P_POS__F553,D03P_POS,single,1,0,0,1,1,True,0,0.8582855463027954
D03P_POS__F554,D03P_POS,multi,2,0,0,2,2,True,0,0.9368489980697632
D03P_POS__F555,D03P_POS,single,0,1,1,1,1,True,0,0.0
D03P_POS__F556,D03P_POS,multi,2,0,0,2,2,True,0,0.8704118132591248
D03P_POS__F56,D03P_POS,multi,3,1,2,5,4,False,1,0.884733239809672
D03P_POS__F561,D03P_POS,single,1,0,0,1,1,True,0,0.9131728410720825
D03P_POS__F562,D03P_POS,multi,3,0,0,3,3,True,0,0.9033446311950684
D03P_POS__F568,D03P_POS,single,1,0,0,1,1,True,0,0.9367274045944214
D03P_POS__F569,D03P_POS,multi,2,0,0,2,2,True,0,0.8511923551559448
D03P_POS__F571,D03P_POS,multi,3,0,1,4,3,False,1,0.9561499357223511
D03P_POS__F572,D03P_POS,multi,2,0,0,2,2,True,0,0.9334129095077515
D03P_POS__F573,D03P_POS,multi,1,0,1,2,1,False,1,0.8155968189239502
D03P_POS__F574,D03P_POS,single,1,0,0,1,1,True,0,0.9236743450164795
D03P_POS__F576,D03P_POS,single,1,0,0,1,1,True,0,0.8942779898643494
D03P_POS__F580,D03P_POS,single,1,0,0,1,1,True,0,0.9048551321029663
D03P_POS__F582,D03P_POS,single,1,0,0,1,1,True,0,0.9495629072189331
D03P_POS__F583,D03P_POS,single,1,0,0,1,1,True,0,0.8882559537887573
D03P_POS__F584,D03P_POS,multi,2,0,1,3,2,False,1,0.939520001411438
D03P_POS__F585,D03P_POS,single,1,0,0,1,1,True,0,0.5692381858825684
D03P_POS__F586,D03P_POS,single,1,0,0,1,1,True,0,0.9167146682739258
D03P_POS__F588,D03P_POS,multi,2,0,0,2,2,True,0,0.8516967296600342
D03P_POS__F590,D03P_POS,multi,3,0,1,4,3,False,1,0.7470935781796774
D03P_POS__F591,D03P_POS,single,1,0,0,1,1,True,0,0.8884403109550476
D03P_POS__F592,D03P_POS,single,1,0,0,1,1,True,0,0.6031423807144165
D03P_POS__F594,D03P_POS,single,1,0,0,1,1,True,0,0.7913293838500977
D03P_POS__F596,D03P_POS,single,1,0,0,1,1,True,0,0.8828952312469482
D03P_POS__F598,D03P_POS,single,1,0,0,1,1,True,0,0.9361250996589661
D03P_POS__F599,D03P_POS,single,1,0,0,1,1,True,0,0.9150726199150085
D03P_POS__F6,D03P_POS,empty,0,0,0,0,0,True,0,0.0
D03P_POS__F60,D03P_POS,multi,1,0,1,2,1,False,1,0.8307905197143555
D03P_POS__F600,D03P_POS,single,1,0,0,1,1,True,0,0.9319118857383728
D03P_POS__F604,D03P_POS,single,1,0,0,1,1,True,0,0.88181072473526
D03P_POS__F606,D03P_POS,multi,2,0,1,3,2,False,1,0.9124786853790283
D03P_POS__F608,D03P_POS,single,1,0,0,1,1,True,0,0.9020664691925049
D03P_POS__F610,D03P_POS,multi,1,0,1,2,1,False,1,0.7788937091827393
D03P_POS__F616,D03P_POS,multi,1,0,1,2,1,False,1,0.909042239189148
D03P_POS__F618,D03P_POS,multi,2,0,1,3,2,False,1,0.852371871471405
D03P_POS__F620,D03P_POS,multi,2,0,0,2,2,True,0,0.7500501573085785
D03P_POS__F621,D03P_POS,multi,2,0,0,2,2,True,0,0.7975234687328339
D03P_POS__F622,D03P_POS,multi,3,0,0,3,3,True,0,0.9215036034584045
D03P_POS__F627,D03P_POS,multi,2,0,0,2,2,True,0,0.8818909823894501
D03P_POS__F632,D03P_POS,multi,3,0,0,3,3,True,0,0.8854798078536987
D03P_POS__F637,D03P_POS,multi,2,0,0,2,2,True,0,0.8488657772541046
D03P_POS__F638,D03P_POS,multi,3,0,0,3,3,True,0,0.872668464978536
D03P_POS__F645,D03P_POS,multi,1,0,1,2,1,False,1,0.5736355781555176
D03P_POS__F651,D03P_POS,multi,3,0,0,3,3,True,0,0.9158466259638468
D03P_POS__F652,D03P_POS,single,1,0,0,1,1,True,0,0.8369902968406677
D03P_POS__F66,D03P_POS,empty,0,0,0,0,0,True,0,0.0
D03P_POS__F661,D03P_POS,single,1,0,0,1,1,True,0,0.7318772077560425
D03P_POS__F662,D03P_POS,multi,2,0,1,3,2,False,1,0.8881127834320068
D03P_POS__F663,D03P_POS,multi,2,0,0,2,2,True,0,0.9223661422729492
D03P_POS__F665,D03P_POS,multi,2,0,0,2,2,True,0,0.942325621843338
D03P_POS__F666,D03P_POS,multi,3,0,0,3,3,True,0,0.9252303044001261
D03P_POS__F667,D03P_POS,single,1,0,0,1,1,True,0,0.9294948577880859
D03P_POS__F668,D03P_POS,single,1,0,0,1,1,True,0,0.9065638780593872
D03P_POS__F669,D03P_POS,multi,2,0,0,2,2,True,0,0.9574770033359528
D03P_POS__F670,D03P_POS,single,1,0,0,1,1,True,0,0.8224467039108276
D03P_POS__F671,D03P_POS,multi,2,0,0,2,2,True,0,0.850631058216095
D03P_POS__F672,D03P_POS,multi,2,0,0,2,2,True,0,0.6532554924488068
D03P_POS__F673,D03P_POS,multi,2,0,0,2,2,True,0,0.9357306361198425
D03P_POS__F674,D03P_POS,multi,2,0,0,2,2,True,0,0.9475268721580505
D03P_POS__F675,D03P_POS,multi,2,2,0,2,4,False,2,0.7664334774017334
D03P_POS__F679,D03P_POS,multi,4,0,0,4,4,True,0,0.8815632611513138
D03P_POS__F680,D03P_POS,multi,3,0,1,4,3,False,1,0.8828190763791403
D03P_POS__F691,D03P_POS,multi,2,0,0,2,2,True,0,0.9243965446949005
D03P_POS__F692,D03P_POS,multi,2,0,0,2,2,True,0,0.9612314105033875
D03P_POS__F693,D03P_POS,multi,2,0,0,2,2,True,0,0.9470883905887604
D03P_POS__F694,D03P_POS,single,1,0,0,1,1,True,0,0.9488669633865356
D03P_POS__F695,D03P_POS,multi,1,0,1,2,1,False,1,0.8192780017852783
D03P_POS__F7,D03P_POS,empty,0,0,0,0,0,True,0,0.0
D03P_POS__F701,D03P_POS,multi,2,0,0,2,2,True,0,0.8775096833705902
D03P_POS__F702,D03P_POS,multi,3,0,0,3,3,True,0,0.8105901678403219
D03P_POS__F705,D03P_POS,multi,5,0,0,5,5,True,0,0.8873462796211242
D03P_POS__F706,D03P_POS,multi,3,0,0,3,3,True,0,0.9031263788541158
D03P_POS__F707,D03P_POS,multi,4,0,0,4,4,True,0,0.9448477327823639
D03P_POS__F709,D03P_POS,multi,5,0,0,5,5,True,0,0.8766014218330384
D03P_POS__F712,D03P_POS,multi,2,0,0,2,2,True,0,0.8999281227588654
D03P_POS__F714,D03P_POS,multi,3,2,1,4,5,False,1,0.8790614803632101
D03P_POS__F715,D03P_POS,multi,3,1,1,4,4,True,0,0.7980281909306844
D03P_POS__F719,D03P_POS,single,1,0,0,1,1,True,0,0.7056001424789429
D03P_POS__F72,D03P_POS,single,1,0,0,1,1,True,0,0.8999679088592529
D03P_POS__F721,D03P_POS,single,1,0,0,1,1,True,0,0.8793585300445557
D03P_POS__F723,D03P_POS,multi,1,0,1,2,1,False,1,0.8996273279190063
D03P_POS__F724,D03P_POS,single,1,0,0,1,1,True,0,0.9417529702186584
D03P_POS__F725,D03P_POS,multi,2,0,0,2,2,True,0,0.8825223445892334
D03P_POS__F728,D03P_POS,multi,2,2,1,3,4,False,1,0.7660892307758331
D03P_POS__F73,D03P_POS,multi,2,0,0,2,2,True,0,0.8712643682956696
D03P_POS__F735,D03P_POS,multi,2,0,0,2,2,True,0,0.836346834897995
D03P_POS__F736,D03P_POS,multi,1,0,1,2,1,False,1,0.8723890781402588
D03P_POS__F737,D03P_POS,multi,3,0,0,3,3,True,0,0.9309976895650228
D03P_POS__F738,D03P_POS,multi,4,0,0,4,4,True,0,0.9449410885572433
D03P_POS__F739,D03P_POS,multi,4,0,1,5,4,False,1,0.8964274078607559
D03P_POS__F740,D03P_POS,multi,4,0,1,5,4,False,1,0.9376231133937836
D03P_POS__F742,D03P_POS,multi,2,0,0,2,2,True,0,0.8636810481548309
D03P_POS__F747,D03P_POS,single,1,0,0,1,1,True,0,0.9455432295799255
D03P_POS__F751,D03P_POS,multi,3,0,0,3,3,True,0,0.7248850464820862
D03P_POS__F753,D03P_POS,multi,2,0,0,2,2,True,0,0.8584895431995392
D03P_POS__F755,D03P_POS,multi,4,0,1,5,4,False,1,0.889535516500473
D03P_POS__F756,D03P_POS,multi,4,1,1,5,5,True,0,0.9007615447044373
D03P_POS__F758,D03P_POS,multi,2,0,1,3,2,False,1,0.9446618854999542
D03P_POS__F763,D03P_POS,multi,2,0,1,3,2,False,1,0.9011060893535614
D03P_POS__F765,D03P_POS,multi,2,0,1,3,2,False,1,0.8215421140193939
D03P_POS__F766,D03P_POS,multi,3,0,0,3,3,True,0,0.7541978160540262
D03P_POS__F768,D03P_POS,single,1,1,0,1,2,False,1,0.7397593855857849
D03P_POS__F771,D03P_POS,multi,2,0,0,2,2,True,0,0.9063754379749298
D03P_POS__F779,D03P_POS,single,1,0,0,1,1,True,0,0.8593988418579102
D03P_POS__F78,D03P_POS,single,0,1,1,1,1,True,0,0.0
D03P_POS__F783,D03P_POS,multi,3,0,0,3,3,True,0,0.8784312804539999
D03P_POS__F784,D03P_POS,multi,3,0,0,3,3,True,0,0.8670859932899475
D03P_POS__F786,D03P_POS,single,1,0,0,1,1,True,0,0.8151054382324219
D03P_POS__F789,D03P_POS,multi,2,0,0,2,2,True,0,0.8840504288673401
D03P_POS__F793,D03P_POS,single,1,0,0,1,1,True,0,0.9770593643188477
D03P_POS__F799,D03P_POS,multi,2,0,1,3,2,False,1,0.8333110213279724
D03P_POS__F80,D03P_POS,multi,2,0,0,2,2,True,0,0.8713203966617584
D03P_POS__F803,D03P_POS,multi,2,0,0,2,2,True,0,0.9276025891304016
D03P_POS__F808,D03P_POS,multi,2,0,0,2,2,True,0,0.9106335937976837
D03P_POS__F81,D03P_POS,multi,2,0,0,2,2,True,0,0.8769507706165314
D03P_POS__F811,D03P_POS,multi,2,0,1,3,2,False,1,0.8988365232944489
D03P_POS__F812,D03P_POS,multi,2,0,0,2,2,True,0,0.8590865731239319
D03P_POS__F814,D03P_POS,multi,3,1,0,3,4,False,1,0.8259739279747009
D03P_POS__F82,D03P_POS,empty,0,0,0,0,0,True,0,0.0
D03P_POS__F820,D03P_POS,multi,2,1,0,2,3,False,1,0.9033422470092773
D03P_POS__F821,D03P_POS,multi,2,0,2,4,2,False,2,0.8079588115215302
D03P_POS__F824,D03P_POS,multi,2,0,0,2,2,True,0,0.9255909323692322
D03P_POS__F826,D03P_POS,multi,2,0,1,3,2,False,1,0.9132681488990784
D03P_POS__F827,D03P_POS,multi,2,0,1,3,2,False,1,0.8630014359951019
D03P_POS__F830,D03P_POS,multi,2,0,0,2,2,True,0,0.8130658864974976
D03P_POS__F833,D03P_POS,multi,3,0,0,3,3,True,0,0.9344281951586405
D03P_POS__F840,D03P_POS,multi,5,0,0,5,5,True,0,0.8368879437446595
D03P_POS__F842,D03P_POS,multi,2,0,0,2,2,True,0,0.9040133953094482
D03P_POS__F844,D03P_POS,multi,5,0,0,5,5,True,0,0.8747729182243347
D03P_POS__F847,D03P_POS,multi,4,0,0,4,4,True,0,0.8091955482959747
D03P_POS__F849,D03P_POS,multi,2,0,0,2,2,True,0,0.8035100400447845
D03P_POS__F85,D03P_POS,single,1,0,0,1,1,True,0,0.8075377345085144
D03P_POS__F851,D03P_POS,multi,2,0,1,3,2,False,1,0.8298486471176147
D03P_POS__F856,D03P_POS,multi,2,0,0,2,2,True,0,0.8978495597839355
D03P_POS__F858,D03P_POS,multi,2,0,0,2,2,True,0,0.8776247799396515
D03P_POS__F859,D03P_POS,multi,2,0,0,2,2,True,0,0.863397479057312
D03P_POS__F866,D03P_POS,multi,2,1,1,3,3,True,0,0.7365662753582001
D03P_POS__F869,D03P_POS,multi,4,0,0,4,4,True,0,0.8841093927621841
D03P_POS__F870,D03P_POS,multi,4,0,0,4,4,True,0,0.8723486810922623
D03P_POS__F875,D03P_POS,single,1,0,0,1,1,True,0,0.8962758779525757
D03P_POS__F876,D03P_POS,single,1,0,0,1,1,True,0,0.7522671818733215
D03P_POS__F880,D03P_POS,single,1,0,0,1,1,True,0,0.9301438927650452
D03P_POS__F882,D03P_POS,multi,3,0,2,5,3,False,2,0.9299332896868387
D03P_POS__F883,D03P_POS,single,1,0,0,1,1,True,0,0.945863664150238
D03P_POS__F885,D03P_POS,multi,3,0,0,3,3,True,0,0.8888790210088094
D03P_POS__F886,D03P_POS,multi,2,0,0,2,2,True,0,0.959193617105484
D03P_POS__F888,D03P_POS,single,1,0,0,1,1,True,0,0.8178252577781677
D03P_POS__F889,D03P_POS,multi,5,0,0,5,5,True,0,0.8523177862167358
D03P_POS__F89,D03P_POS,multi,2,0,0,2,2,True,0,0.8450908064842224
D03P_POS__F899,D03P_POS,multi,2,0,0,2,2,True,0,0.8826262056827545
D03P_POS__F900,D03P_POS,single,1,0,0,1,1,True,0,0.9502270817756653
D03P_POS__F901,D03P_POS,multi,4,1,0,4,5,False,1,0.8949708193540573
D03P_POS__F907,D03P_POS,multi,4,0,0,4,4,True,0,0.9122327268123627
D03P_POS__F908,D03P_POS,multi,3,0,0,3,3,True,0,0.9341125885645548
D03P_POS__F91,D03P_POS,multi,2,0,1,3,2,False,1,0.917478621006012
D03P_POS__F910,D03P_POS,multi,2,0,0,2,2,True,0,0.888331413269043
D03P_POS__F911,D03P_POS,single,1,0,0,1,1,True,0,0.9198675751686096
D03P_POS__F915,D03P_POS,multi,4,1,0,4,5,False,1,0.8263273686170578
D03P_POS__F916,D03P_POS,single,1,2,0,1,3,False,2,0.9093727469444275
D03P_POS__F922,D03P_POS,multi,2,0,0,2,2,True,0,0.9021915197372437
D03P_POS__F925,D03P_POS,multi,2,0,1,3,2,False,1,0.9393153488636017
D03P_POS__F93,D03P_POS,empty,0,0,0,0,0,True,0,0.0
D03P_POS__F931,D03P_POS,multi,3,0,0,3,3,True,0,0.9052863121032715
D03P_POS__F932,D03P_POS,multi,5,0,1,6,5,False,1,0.9443978548049927
D03P_POS__F933,D03P_POS,single,1,0,0,1,1,True,0,0.9458832144737244
D03P_POS__F934,D03P_POS,multi,2,0,0,2,2,True,0,0.8676021099090576
D03P_POS__F938,D03P_POS,multi,4,1,0,4,5,False,1,0.7807772159576416
D03P_POS__F940,D03P_POS,multi,2,0,0,2,2,True,0,0.8001650273799896
D03P_POS__F942,D03P_POS,multi,2,0,1,3,2,False,1,0.6606612503528595
D03P_POS__F945,D03P_POS,single,0,2,1,1,2,False,1,0.0
D03P_POS__F948,D03P_POS,multi,3,0,1,4,3,False,1,0.8101523915926615
D03P_POS__F95,D03P_POS,empty,0,0,0,0,0,True,0,0.0
D03P_POS__F950,D03P_POS,multi,1,0,1,2,1,False,1,0.9135409593582153
D03P_POS__F959,D03P_POS,multi,2,0,0,2,2,True,0,0.869191437959671
D03P_POS__F964,D03P_POS,multi,2,0,0,2,2,True,0,0.883397251367569
D03P_POS__F965,D03P_POS,multi,3,0,0,3,3,True,0,0.9442058006922404
D03P_POS__F968,D03P_POS,multi,3,0,1,4,3,False,1,0.7526866992314657
D03P_POS__F969,D03P_POS,multi,2,0,0,2,2,True,0,0.9430252313613892
D03P_POS__F970,D03P_POS,multi,3,0,0,3,3,True,0,0.7839903036753336
D03P_POS__F975,D03P_POS,multi,2,0,1,3,2,False,1,0.9222870767116547
D03P_POS__F977,D03P_POS,multi,3,1,0,3,4,False,1,0.8410263458887736
D03P_POS__F978,D03P_POS,multi,2,0,0,2,2,True,0,0.8951991200447083
D03P_POS__F979,D03P_POS,single,1,0,0,1,1,True,0,0.9274706244468689
D03P_POS__F980,D03P_POS,single,1,0,0,1,1,True,0,0.925356388092041
D03P_POS__F984,D03P_POS,single,1,0,0,1,1,True,0,0.9686458706855774
D03P_POS__F985,D03P_POS,single,1,0,0,1,1,True,0,0.9130136370658875
D03P_POS__F987,D03P_POS,single,1,0,0,1,1,True,0,0.9329559206962585
D03P_POS__F989,D03P_POS,multi,2,0,0,2,2,True,0,0.8932384252548218
D03P_POS__F994,D03P_POS,multi,2,0,0,2,2,True,0,0.8872229158878326
D03P_POS__F995,D03P_POS,multi,2,0,0,2,2,True,0,0.9043776988983154
NIST_Full scan_1_POS__F10005,NIST_Full scan_1_POS,single,1,0,0,1,1,True,0,0.9507043957710266
NIST_Full scan_1_POS__F10010,NIST_Full scan_1_POS,single,1,0,0,1,1,True,0,0.837034285068512
NIST_Full scan_1_POS__F10011,NIST_Full scan_1_POS,single,1,0,0,1,1,True,0,0.7999597787857056
NIST_Full scan_1_POS__F10021,NIST_Full scan_1_POS,single,0,0,1,1,0,False,1,0.0
NIST_Full scan_1_POS__F10024,NIST_Full scan_1_POS,single,1,0,0,1,1,True,0,0.9472158551216125
NIST_Full scan_1_POS__F10038,NIST_Full scan_1_POS,single,1,0,0,1,1,True,0,0.9164716005325317
NIST_Full scan_1_POS__F10065,NIST_Full scan_1_POS,single,1,0,0,1,1,True,0,0.9255118370056152
NIST_Full scan_1_POS__F10075,NIST_Full scan_1_POS,empty,0,0,0,0,0,True,0,0.0
NIST_Full scan_1_POS__F10085,NIST_Full scan_1_POS,single,1,0,0,1,1,True,0,0.8323027491569519
NIST_Full scan_1_POS__F10086,NIST_Full scan_1_POS,single,1,0,0,1,1,True,0,0.8273442983627319
NIST_Full scan_1_POS__F10094,NIST_Full scan_1_POS,single,1,1,0,1,2,False,1,0.8904498219490051
NIST_Full scan_1_POS__F10099,NIST_Full scan_1_POS,empty,0,0,0,0,0,True,0,0.0
NIST_Full scan_1_POS__F10132,NIST_Full scan_1_POS,single,1,0,0,1,1,True,0,0.8709464073181152
NIST_Full scan_1_POS__F10152,NIST_Full scan_1_POS,single,1,0,0,1,1,True,0,0.9133557677268982
NIST_Full scan_1_POS__F102,NIST_Full scan_1_POS,empty,0,0,0,0,0,True,0,0.0
NIST_Full scan_1_POS__F10219,NIST_Full scan_1_POS,empty,0,0,0,0,0,True,0,0.0
NIST_Full scan_1_POS__F10230,NIST_Full scan_1_POS,single,1,0,0,1,1,True,0,0.9153775572776794
NIST_Full scan_1_POS__F10235,NIST_Full scan_1_POS,single,1,0,0,1,1,True,0,0.8251058459281921
NIST_Full scan_1_POS__F10255,NIST_Full scan_1_POS,single,1,0,0,1,1,True,0,0.9272968769073486
NIST_Full scan_1_POS__F10275,NIST_Full scan_1_POS,single,1,0,0,1,1,True,0,0.8168436884880066
NIST_Full scan_1_POS__F10310,NIST_Full scan_1_POS,single,1,0,0,1,1,True,0,0.8884915113449097
NIST_Full scan_1_POS__F10346,NIST_Full scan_1_POS,single,1,0,0,1,1,True,0,0.663703978061676
NIST_Full scan_1_POS__F10413,NIST_Full scan_1_POS,single,1,0,0,1,1,True,0,0.9076821208000183
NIST_Full scan_1_POS__F1042,NIST_Full scan_1_POS,empty,0,0,0,0,0,True,0,0.0
NIST_Full scan_1_POS__F10450,NIST_Full scan_1_POS,multi,3,0,0,3,3,True,0,0.7581311662991842
NIST_Full scan_1_POS__F10479,NIST_Full scan_1_POS,single,1,0,0,1,1,True,0,0.9564378261566162
NIST_Full scan_1_POS__F10526,NIST_Full scan_1_POS,multi,2,0,0,2,2,True,0,0.9025271236896515
NIST_Full scan_1_POS__F10564,NIST_Full scan_1_POS,single,1,0,0,1,1,True,0,0.8436344265937805
NIST_Full scan_1_POS__F10569,NIST_Full scan_1_POS,single,1,0,0,1,1,True,0,0.905022144317627
NIST_Full scan_1_POS__F10583,NIST_Full scan_1_POS,single,1,0,0,1,1,True,0,0.9772729873657227
NIST_Full scan_1_POS__F10600,NIST_Full scan_1_POS,multi,2,2,0,2,4,False,2,0.6920651793479919
NIST_Full scan_1_POS__F10625,NIST_Full scan_1_POS,multi,2,1,0,2,3,False,1,0.7596226334571838
NIST_Full scan_1_POS__F10635,NIST_Full scan_1_POS,multi,2,0,0,2,2,True,0,0.8832001388072968
NIST_Full scan_1_POS__F10660,NIST_Full scan_1_POS,multi,2,0,0,2,2,True,0,0.8542497158050537
NIST_Full scan_1_POS__F10665,NIST_Full scan_1_POS,multi,3,0,0,3,3,True,0,0.8341984748840332
NIST_Full scan_1_POS__F10668,NIST_Full scan_1_POS,multi,2,0,0,2,2,True,0,0.8500435650348663
NIST_Full scan_1_POS__F10672,NIST_Full scan_1_POS,multi,2,0,0,2,2,True,0,0.7920384705066681
NIST_Full scan_1_POS__F10673,NIST_Full scan_1_POS,multi,1,0,1,2,1,False,1,0.9110862016677856
NIST_Full scan_1_POS__F1069,NIST_Full scan_1_POS,empty,0,0,0,0,0,True,0,0.0
NIST_Full scan_1_POS__F10726,NIST_Full scan_1_POS,single,1,0,0,1,1,True,0,0.7057338356971741
NIST_Full scan_1_POS__F10765,NIST_Full scan_1_POS,multi,2,0,0,2,2,True,0,0.8837874829769135
NIST_Full scan_1_POS__F10767,NIST_Full scan_1_POS,multi,3,0,0,3,3,True,0,0.9458860754966736
NIST_Full scan_1_POS__F10772,NIST_Full scan_1_POS,multi,2,0,0,2,2,True,0,0.8661068677902222
NIST_Full scan_1_POS__F10794,NIST_Full scan_1_POS,single,1,0,0,1,1,True,0,0.8723225593566895
NIST_Full scan_1_POS__F10798,NIST_Full scan_1_POS,single,1,0,0,1,1,True,0,0.882568359375
NIST_Full scan_1_POS__F108,NIST_Full scan_1_POS,empty,0,0,0,0,0,True,0,0.0
NIST_Full scan_1_POS__F10822,NIST_Full scan_1_POS,single,1,0,0,1,1,True,0,0.8690375089645386
NIST_Full scan_1_POS__F10834,NIST_Full scan_1_POS,multi,2,0,0,2,2,True,0,0.868665337562561
NIST_Full scan_1_POS__F10844,NIST_Full scan_1_POS,multi,2,0,0,2,2,True,0,0.942488819360733
NIST_Full scan_1_POS__F1085,NIST_Full scan_1_POS,empty,0,0,0,0,0,True,0,0.0
NIST_Full scan_1_POS__F10858,NIST_Full scan_1_POS,single,1,0,0,1,1,True,0,0.8929960131645203
NIST_Full scan_1_POS__F10904,NIST_Full scan_1_POS,single,1,1,0,1,2,False,1,0.7251349091529846
NIST_Full scan_1_POS__F10929,NIST_Full scan_1_POS,single,1,0,0,1,1,True,0,0.8470728397369385
NIST_Full scan_1_POS__F10934,NIST_Full scan_1_POS,single,1,1,0,1,2,False,1,0.917481005191803
NIST_Full scan_1_POS__F10952,NIST_Full scan_1_POS,multi,2,0,0,2,2,True,0,0.8730170130729675
NIST_Full scan_1_POS__F10959,NIST_Full scan_1_POS,single,1,0,0,1,1,True,0,0.9638715982437134
NIST_Full scan_1_POS__F1114,NIST_Full scan_1_POS,empty,0,0,0,0,0,True,0,0.0
NIST_Full scan_1_POS__F1119,NIST_Full scan_1_POS,single,1,0,0,1,1,True,0,0.7356969714164734
NIST_Full scan_1_POS__F1122,NIST_Full scan_1_POS,single,1,0,0,1,1,True,0,0.9830474257469177
NIST_Full scan_1_POS__F1124,NIST_Full scan_1_POS,empty,0,0,0,0,0,True,0,0.0
NIST_Full scan_1_POS__F1146,NIST_Full scan_1_POS,empty,0,0,0,0,0,True,0,0.0
NIST_Full scan_1_POS__F1179,NIST_Full scan_1_POS,empty,0,0,0,0,0,True,0,0.0
NIST_Full scan_1_POS__F1181,NIST_Full scan_1_POS,empty,0,0,0,0,0,True,0,0.0
NIST_Full scan_1_POS__F1184,NIST_Full scan_1_POS,empty,0,0,0,0,0,True,0,0.0
NIST_Full scan_1_POS__F1202,NIST_Full scan_1_POS,empty,0,0,0,0,0,True,0,0.0
NIST_Full scan_1_POS__F1214,NIST_Full scan_1_POS,empty,0,0,0,0,0,True,0,0.0
NIST_Full scan_1_POS__F1282,NIST_Full scan_1_POS,empty,0,0,0,0,0,True,0,0.0
NIST_Full scan_1_POS__F1285,NIST_Full scan_1_POS,empty,0,0,0,0,0,True,0,0.0
NIST_Full scan_1_POS__F1286,NIST_Full scan_1_POS,empty,0,0,0,0,0,True,0,0.0
NIST_Full scan_1_POS__F1351,NIST_Full scan_1_POS,empty,0,0,0,0,0,True,0,0.0
NIST_Full scan_1_POS__F136,NIST_Full scan_1_POS,empty,0,0,0,0,0,True,0,0.0
NIST_Full scan_1_POS__F1407,NIST_Full scan_1_POS,empty,0,0,0,0,0,True,0,0.0
NIST_Full scan_1_POS__F1414,NIST_Full scan_1_POS,empty,0,0,0,0,0,True,0,0.0
NIST_Full scan_1_POS__F1433,NIST_Full scan_1_POS,empty,0,0,0,0,0,True,0,0.0
NIST_Full scan_1_POS__F1455,NIST_Full scan_1_POS,empty,0,0,0,0,0,True,0,0.0
NIST_Full scan_1_POS__F1473,NIST_Full scan_1_POS,multi,2,0,0,2,2,True,0,0.7636033594608307
NIST_Full scan_1_POS__F1495,NIST_Full scan_1_POS,empty,0,0,0,0,0,True,0,0.0
NIST_Full scan_1_POS__F15,NIST_Full scan_1_POS,multi,3,0,0,3,3,True,0,0.7770974437395731
NIST_Full scan_1_POS__F1517,NIST_Full scan_1_POS,empty,0,0,0,0,0,True,0,0.0
NIST_Full scan_1_POS__F1524,NIST_Full scan_1_POS,multi,3,1,1,4,4,True,0,0.8975275556246439
NIST_Full scan_1_POS__F1577,NIST_Full scan_1_POS,empty,0,0,0,0,0,True,0,0.0
NIST_Full scan_1_POS__F1580,NIST_Full scan_1_POS,empty,0,1,0,0,1,False,1,0.0
NIST_Full scan_1_POS__F1598,NIST_Full scan_1_POS,empty,0,0,0,0,0,True,0,0.0
NIST_Full scan_1_POS__F1635,NIST_Full scan_1_POS,single,1,0,0,1,1,True,0,0.8587834239006042
NIST_Full scan_1_POS__F1651,NIST_Full scan_1_POS,empty,0,0,0,0,0,True,0,0.0
NIST_Full scan_1_POS__F1663,NIST_Full scan_1_POS,empty,0,0,0,0,0,True,0,0.0
NIST_Full scan_1_POS__F1670,NIST_Full scan_1_POS,empty,0,0,0,0,0,True,0,0.0
NIST_Full scan_1_POS__F1684,NIST_Full scan_1_POS,multi,2,1,0,2,3,False,1,0.9016473889350891
NIST_Full scan_1_POS__F1689,NIST_Full scan_1_POS,empty,0,0,0,0,0,True,0,0.0
NIST_Full scan_1_POS__F1692,NIST_Full scan_1_POS,single,1,0,0,1,1,True,0,0.7901138663291931
NIST_Full scan_1_POS__F1714,NIST_Full scan_1_POS,empty,0,0,0,0,0,True,0,0.0
NIST_Full scan_1_POS__F1719,NIST_Full scan_1_POS,empty,0,0,0,0,0,True,0,0.0
NIST_Full scan_1_POS__F174,NIST_Full scan_1_POS,empty,0,0,0,0,0,True,0,0.0
NIST_Full scan_1_POS__F1747,NIST_Full scan_1_POS,single,1,0,0,1,1,True,0,0.8254172801971436
NIST_Full scan_1_POS__F1769,NIST_Full scan_1_POS,empty,0,0,0,0,0,True,0,0.0
NIST_Full scan_1_POS__F1845,NIST_Full scan_1_POS,empty,0,2,0,0,2,False,2,0.0
NIST_Full scan_1_POS__F1865,NIST_Full scan_1_POS,empty,0,0,0,0,0,True,0,0.0
NIST_Full scan_1_POS__F1884,NIST_Full scan_1_POS,empty,0,0,0,0,0,True,0,0.0
NIST_Full scan_1_POS__F1897,NIST_Full scan_1_POS,empty,0,0,0,0,0,True,0,0.0
NIST_Full scan_1_POS__F1936,NIST_Full scan_1_POS,empty,0,0,0,0,0,True,0,0.0
NIST_Full scan_1_POS__F1942,NIST_Full scan_1_POS,empty,0,0,0,0,0,True,0,0.0
NIST_Full scan_1_POS__F1965,NIST_Full scan_1_POS,multi,4,0,0,4,4,True,0,0.8998593091964722
NIST_Full scan_1_POS__F2019,NIST_Full scan_1_POS,multi,2,0,0,2,2,True,0,0.9112144708633423
NIST_Full scan_1_POS__F2031,NIST_Full scan_1_POS,empty,0,0,0,0,0,True,0,0.0
NIST_Full scan_1_POS__F2040,NIST_Full scan_1_POS,empty,0,0,0,0,0,True,0,0.0
NIST_Full scan_1_POS__F2108,NIST_Full scan_1_POS,multi,2,0,0,2,2,True,0,0.9492982625961304
NIST_Full scan_1_POS__F2120,NIST_Full scan_1_POS,empty,0,0,0,0,0,True,0,0.0
NIST_Full scan_1_POS__F2125,NIST_Full scan_1_POS,single,1,0,0,1,1,True,0,0.8485144972801208
NIST_Full scan_1_POS__F215,NIST_Full scan_1_POS,empty,0,0,0,0,0,True,0,0.0
NIST_Full scan_1_POS__F2151,NIST_Full scan_1_POS,single,1,0,0,1,1,True,0,0.5763977766036987
NIST_Full scan_1_POS__F2158,NIST_Full scan_1_POS,empty,0,0,0,0,0,True,0,0.0
NIST_Full scan_1_POS__F2184,NIST_Full scan_1_POS,single,1,0,0,1,1,True,0,0.9592756628990173
NIST_Full scan_1_POS__F2185,NIST_Full scan_1_POS,single,1,1,0,1,2,False,1,0.8279336094856262
NIST_Full scan_1_POS__F2211,NIST_Full scan_1_POS,empty,0,0,0,0,0,True,0,0.0
NIST_Full scan_1_POS__F2222,NIST_Full scan_1_POS,empty,0,0,0,0,0,True,0,0.0
NIST_Full scan_1_POS__F2233,NIST_Full scan_1_POS,empty,0,0,0,0,0,True,0,0.0
NIST_Full scan_1_POS__F2250,NIST_Full scan_1_POS,empty,0,0,0,0,0,True,0,0.0
NIST_Full scan_1_POS__F2255,NIST_Full scan_1_POS,empty,0,0,0,0,0,True,0,0.0
NIST_Full scan_1_POS__F2302,NIST_Full scan_1_POS,empty,0,0,0,0,0,True,0,0.0
NIST_Full scan_1_POS__F2345,NIST_Full scan_1_POS,empty,0,0,0,0,0,True,0,0.0
NIST_Full scan_1_POS__F2352,NIST_Full scan_1_POS,single,1,0,0,1,1,True,0,0.7871605753898621
NIST_Full scan_1_POS__F2393,NIST_Full scan_1_POS,empty,0,0,0,0,0,True,0,0.0
NIST_Full scan_1_POS__F2418,NIST_Full scan_1_POS,empty,0,0,0,0,0,True,0,0.0
NIST_Full scan_1_POS__F2456,NIST_Full scan_1_POS,single,1,0,0,1,1,True,0,0.9529068470001221
NIST_Full scan_1_POS__F2459,NIST_Full scan_1_POS,single,1,0,0,1,1,True,0,0.5560033321380615
NIST_Full scan_1_POS__F2466,NIST_Full scan_1_POS,multi,3,0,0,3,3,True,0,0.8478289445241293
NIST_Full scan_1_POS__F2486,NIST_Full scan_1_POS,empty,0,0,0,0,0,True,0,0.0
NIST_Full scan_1_POS__F252,NIST_Full scan_1_POS,empty,0,0,0,0,0,True,0,0.0
NIST_Full scan_1_POS__F2589,NIST_Full scan_1_POS,empty,0,0,0,0,0,True,0,0.0
NIST_Full scan_1_POS__F2596,NIST_Full scan_1_POS,single,1,0,0,1,1,True,0,0.8996130228042603
NIST_Full scan_1_POS__F260,NIST_Full scan_1_POS,empty,0,0,0,0,0,True,0,0.0
NIST_Full scan_1_POS__F2615,NIST_Full scan_1_POS,empty,0,0,0,0,0,True,0,0.0
NIST_Full scan_1_POS__F2628,NIST_Full scan_1_POS,single,1,0,0,1,1,True,0,0.9589738249778748
NIST_Full scan_1_POS__F2685,NIST_Full scan_1_POS,empty,0,0,0,0,0,True,0,0.0
NIST_Full scan_1_POS__F2692,NIST_Full scan_1_POS,empty,0,0,0,0,0,True,0,0.0
NIST_Full scan_1_POS__F2715,NIST_Full scan_1_POS,single,0,1,1,1,1,True,0,0.0
NIST_Full scan_1_POS__F2754,NIST_Full scan_1_POS,empty,0,0,0,0,0,True,0,0.0
NIST_Full scan_1_POS__F2763,NIST_Full scan_1_POS,empty,0,0,0,0,0,True,0,0.0
NIST_Full scan_1_POS__F2803,NIST_Full scan_1_POS,empty,0,0,0,0,0,True,0,0.0
NIST_Full scan_1_POS__F2817,NIST_Full scan_1_POS,empty,0,0,0,0,0,True,0,0.0
NIST_Full scan_1_POS__F2827,NIST_Full scan_1_POS,empty,0,0,0,0,0,True,0,0.0
NIST_Full scan_1_POS__F2849,NIST_Full scan_1_POS,empty,0,0,0,0,0,True,0,0.0
NIST_Full scan_1_POS__F2877,NIST_Full scan_1_POS,empty,0,0,0,0,0,True,0,0.0
NIST_Full scan_1_POS__F2910,NIST_Full scan_1_POS,single,1,0,0,1,1,True,0,0.9173113107681274
NIST_Full scan_1_POS__F292,NIST_Full scan_1_POS,empty,0,0,0,0,0,True,0,0.0
NIST_Full scan_1_POS__F2953,NIST_Full scan_1_POS,empty,0,0,0,0,0,True,0,0.0
NIST_Full scan_1_POS__F2955,NIST_Full scan_1_POS,empty,0,0,0,0,0,True,0,0.0
NIST_Full scan_1_POS__F2964,NIST_Full scan_1_POS,single,1,0,0,1,1,True,0,0.8220551013946533
NIST_Full scan_1_POS__F2975,NIST_Full scan_1_POS,empty,0,0,0,0,0,True,0,0.0
NIST_Full scan_1_POS__F3004,NIST_Full scan_1_POS,single,1,0,0,1,1,True,0,0.932511031627655
NIST_Full scan_1_POS__F3013,NIST_Full scan_1_POS,empty,0,1,0,0,1,False,1,0.0
NIST_Full scan_1_POS__F3018,NIST_Full scan_1_POS,empty,0,0,0,0,0,True,0,0.0
NIST_Full scan_1_POS__F3035,NIST_Full scan_1_POS,empty,0,0,0,0,0,True,0,0.0
NIST_Full scan_1_POS__F3039,NIST_Full scan_1_POS,empty,0,0,0,0,0,True,0,0.0
NIST_Full scan_1_POS__F304,NIST_Full scan_1_POS,empty,0,0,0,0,0,True,0,0.0
NIST_Full scan_1_POS__F3044,NIST_Full scan_1_POS,empty,0,0,0,0,0,True,0,0.0
NIST_Full scan_1_POS__F3048,NIST_Full scan_1_POS,empty,0,0,0,0,0,True,0,0.0
NIST_Full scan_1_POS__F305,NIST_Full scan_1_POS,empty,0,0,0,0,0,True,0,0.0
NIST_Full scan_1_POS__F3064,NIST_Full scan_1_POS,empty,0,0,0,0,0,True,0,0.0
NIST_Full scan_1_POS__F3080,NIST_Full scan_1_POS,empty,0,0,0,0,0,True,0,0.0
NIST_Full scan_1_POS__F312,NIST_Full scan_1_POS,empty,0,0,0,0,0,True,0,0.0
NIST_Full scan_1_POS__F3133,NIST_Full scan_1_POS,empty,0,0,0,0,0,True,0,0.0
NIST_Full scan_1_POS__F3149,NIST_Full scan_1_POS,empty,0,0,0,0,0,True,0,0.0
NIST_Full scan_1_POS__F3275,NIST_Full scan_1_POS,empty,0,0,0,0,0,True,0,0.0
NIST_Full scan_1_POS__F3285,NIST_Full scan_1_POS,empty,0,0,0,0,0,True,0,0.0
NIST_Full scan_1_POS__F3288,NIST_Full scan_1_POS,empty,0,0,0,0,0,True,0,0.0
NIST_Full scan_1_POS__F331,NIST_Full scan_1_POS,empty,0,0,0,0,0,True,0,0.0
NIST_Full scan_1_POS__F3313,NIST_Full scan_1_POS,empty,0,0,0,0,0,True,0,0.0
NIST_Full scan_1_POS__F3326,NIST_Full scan_1_POS,empty,0,0,0,0,0,True,0,0.0
NIST_Full scan_1_POS__F3380,NIST_Full scan_1_POS,empty,0,1,0,0,1,False,1,0.0
NIST_Full scan_1_POS__F3400,NIST_Full scan_1_POS,empty,0,0,0,0,0,True,0,0.0
NIST_Full scan_1_POS__F3405,NIST_Full scan_1_POS,empty,0,0,0,0,0,True,0,0.0
NIST_Full scan_1_POS__F3406,NIST_Full scan_1_POS,empty,0,0,0,0,0,True,0,0.0
NIST_Full scan_1_POS__F3456,NIST_Full scan_1_POS,empty,0,0,0,0,0,True,0,0.0
NIST_Full scan_1_POS__F3468,NIST_Full scan_1_POS,empty,0,0,0,0,0,True,0,0.0
NIST_Full scan_1_POS__F347,NIST_Full scan_1_POS,multi,2,0,0,2,2,True,0,0.7831556797027588
NIST_Full scan_1_POS__F3471,NIST_Full scan_1_POS,empty,0,0,0,0,0,True,0,0.0
NIST_Full scan_1_POS__F3545,NIST_Full scan_1_POS,empty,0,0,0,0,0,True,0,0.0
NIST_Full scan_1_POS__F3567,NIST_Full scan_1_POS,empty,0,0,0,0,0,True,0,0.0
NIST_Full scan_1_POS__F361,NIST_Full scan_1_POS,empty,0,0,0,0,0,True,0,0.0
NIST_Full scan_1_POS__F3615,NIST_Full scan_1_POS,empty,0,0,0,0,0,True,0,0.0
NIST_Full scan_1_POS__F3616,NIST_Full scan_1_POS,empty,0,0,0,0,0,True,0,0.0
NIST_Full scan_1_POS__F3622,NIST_Full scan_1_POS,empty,0,0,0,0,0,True,0,0.0
NIST_Full scan_1_POS__F3650,NIST_Full scan_1_POS,empty,0,0,0,0,0,True,0,0.0
NIST_Full scan_1_POS__F3651,NIST_Full scan_1_POS,empty,0,0,0,0,0,True,0,0.0
NIST_Full scan_1_POS__F368,NIST_Full scan_1_POS,empty,0,0,0,0,0,True,0,0.0
NIST_Full scan_1_POS__F3687,NIST_Full scan_1_POS,empty,0,0,0,0,0,True,0,0.0
NIST_Full scan_1_POS__F3694,NIST_Full scan_1_POS,empty,0,0,0,0,0,True,0,0.0
NIST_Full scan_1_POS__F3704,NIST_Full scan_1_POS,empty,0,0,0,0,0,True,0,0.0
NIST_Full scan_1_POS__F3707,NIST_Full scan_1_POS,empty,0,0,0,0,0,True,0,0.0
NIST_Full scan_1_POS__F3729,NIST_Full scan_1_POS,empty,0,0,0,0,0,True,0,0.0
NIST_Full scan_1_POS__F3738,NIST_Full scan_1_POS,single,1,0,0,1,1,True,0,0.9655086994171143
NIST_Full scan_1_POS__F3747,NIST_Full scan_1_POS,single,1,0,0,1,1,True,0,0.7762458920478821
NIST_Full scan_1_POS__F3750,NIST_Full scan_1_POS,empty,0,0,0,0,0,True,0,0.0
NIST_Full scan_1_POS__F3774,NIST_Full scan_1_POS,empty,0,0,0,0,0,True,0,0.0
NIST_Full scan_1_POS__F3838,NIST_Full scan_1_POS,single,1,0,0,1,1,True,0,0.9776977300643921
NIST_Full scan_1_POS__F3885,NIST_Full scan_1_POS,empty,0,0,0,0,0,True,0,0.0
NIST_Full scan_1_POS__F3896,NIST_Full scan_1_POS,empty,0,0,0,0,0,True,0,0.0
NIST_Full scan_1_POS__F3942,NIST_Full scan_1_POS,multi,2,1,0,2,3,False,1,0.8113700151443481
NIST_Full scan_1_POS__F3945,NIST_Full scan_1_POS,single,1,0,0,1,1,True,0,0.8976770043373108
NIST_Full scan_1_POS__F399,NIST_Full scan_1_POS,empty,0,0,0,0,0,True,0,0.0
NIST_Full scan_1_POS__F4,NIST_Full scan_1_POS,empty,0,0,0,0,0,True,0,0.0
NIST_Full scan_1_POS__F40,NIST_Full scan_1_POS,empty,0,0,0,0,0,True,0,0.0
NIST_Full scan_1_POS__F400,NIST_Full scan_1_POS,empty,0,0,0,0,0,True,0,0.0
NIST_Full scan_1_POS__F4025,NIST_Full scan_1_POS,empty,0,0,0,0,0,True,0,0.0
NIST_Full scan_1_POS__F4068,NIST_Full scan_1_POS,empty,0,1,0,0,1,False,1,0.0
NIST_Full scan_1_POS__F4077,NIST_Full scan_1_POS,empty,0,0,0,0,0,True,0,0.0
NIST_Full scan_1_POS__F4084,NIST_Full scan_1_POS,empty,0,0,0,0,0,True,0,0.0
NIST_Full scan_1_POS__F4093,NIST_Full scan_1_POS,empty,0,0,0,0,0,True,0,0.0
NIST_Full scan_1_POS__F4140,NIST_Full scan_1_POS,empty,0,0,0,0,0,True,0,0.0
NIST_Full scan_1_POS__F4163,NIST_Full scan_1_POS,single,1,0,0,1,1,True,0,0.6414138078689575
NIST_Full scan_1_POS__F4166,NIST_Full scan_1_POS,empty,0,0,0,0,0,True,0,0.0
NIST_Full scan_1_POS__F4194,NIST_Full scan_1_POS,multi,2,2,0,2,4,False,2,0.8589762151241302
NIST_Full scan_1_POS__F4247,NIST_Full scan_1_POS,empty,0,0,0,0,0,True,0,0.0
NIST_Full scan_1_POS__F4339,NIST_Full scan_1_POS,multi,2,1,0,2,3,False,1,0.9064790904521942
NIST_Full scan_1_POS__F4342,NIST_Full scan_1_POS,empty,0,0,0,0,0,True,0,0.0
NIST_Full scan_1_POS__F435,NIST_Full scan_1_POS,empty,0,0,0,0,0,True,0,0.0
NIST_Full scan_1_POS__F4353,NIST_Full scan_1_POS,empty,0,0,0,0,0,True,0,0.0
NIST_Full scan_1_POS__F4382,NIST_Full scan_1_POS,single,1,0,0,1,1,True,0,0.977504312992096
NIST_Full scan_1_POS__F4485,NIST_Full scan_1_POS,empty,0,0,0,0,0,True,0,0.0
NIST_Full scan_1_POS__F4490,NIST_Full scan_1_POS,multi,2,2,0,2,4,False,2,0.8875482082366943
NIST_Full scan_1_POS__F4519,NIST_Full scan_1_POS,empty,0,0,0,0,0,True,0,0.0
NIST_Full scan_1_POS__F4537,NIST_Full scan_1_POS,single,1,0,0,1,1,True,0,0.901435136795044
NIST_Full scan_1_POS__F4538,NIST_Full scan_1_POS,single,1,0,0,1,1,True,0,0.9326107501983643
NIST_Full scan_1_POS__F4552,NIST_Full scan_1_POS,empty,0,0,0,0,0,True,0,0.0
NIST_Full scan_1_POS__F4575,NIST_Full scan_1_POS,empty,0,0,0,0,0,True,0,0.0
NIST_Full scan_1_POS__F458,NIST_Full scan_1_POS,empty,0,0,0,0,0,True,0,0.0
NIST_Full scan_1_POS__F4583,NIST_Full scan_1_POS,empty,0,0,0,0,0,True,0,0.0
NIST_Full scan_1_POS__F4594,NIST_Full scan_1_POS,empty,0,0,0,0,0,True,0,0.0
NIST_Full scan_1_POS__F4608,NIST_Full scan_1_POS,empty,0,0,0,0,0,True,0,0.0
NIST_Full scan_1_POS__F462,NIST_Full scan_1_POS,empty,0,0,0,0,0,True,0,0.0
NIST_Full scan_1_POS__F4642,NIST_Full scan_1_POS,multi,2,0,0,2,2,True,0,0.9009239077568054
NIST_Full scan_1_POS__F4644,NIST_Full scan_1_POS,empty,0,0,0,0,0,True,0,0.0
NIST_Full scan_1_POS__F4673,NIST_Full scan_1_POS,empty,0,0,0,0,0,True,0,0.0
NIST_Full scan_1_POS__F4695,NIST_Full scan_1_POS,empty,0,0,0,0,0,True,0,0.0
NIST_Full scan_1_POS__F4699,NIST_Full scan_1_POS,empty,0,0,0,0,0,True,0,0.0
NIST_Full scan_1_POS__F470,NIST_Full scan_1_POS,empty,0,0,0,0,0,True,0,0.0
NIST_Full scan_1_POS__F4707,NIST_Full scan_1_POS,single,1,0,0,1,1,True,0,0.9344497323036194
NIST_Full scan_1_POS__F4708,NIST_Full scan_1_POS,single,1,0,0,1,1,True,0,0.8611032366752625
NIST_Full scan_1_POS__F4727,NIST_Full scan_1_POS,single,1,0,0,1,1,True,0,0.8811973333358765
NIST_Full scan_1_POS__F4755,NIST_Full scan_1_POS,empty,0,0,0,0,0,True,0,0.0
NIST_Full scan_1_POS__F4760,NIST_Full scan_1_POS,empty,0,1,0,0,1,False,1,0.0
NIST_Full scan_1_POS__F48,NIST_Full scan_1_POS,empty,0,0,0,0,0,True,0,0.0
NIST_Full scan_1_POS__F4831,NIST_Full scan_1_POS,multi,2,0,0,2,2,True,0,0.908678412437439
NIST_Full scan_1_POS__F4869,NIST_Full scan_1_POS,single,1,0,0,1,1,True,0,0.9027506709098816
NIST_Full scan_1_POS__F488,NIST_Full scan_1_POS,empty,0,0,0,0,0,True,0,0.0
NIST_Full scan_1_POS__F4880,NIST_Full scan_1_POS,empty,0,0,0,0,0,True,0,0.0
NIST_Full scan_1_POS__F4908,NIST_Full scan_1_POS,empty,0,0,0,0,0,True,0,0.0
NIST_Full scan_1_POS__F4956,NIST_Full scan_1_POS,single,1,0,0,1,1,True,0,0.8934119343757629
NIST_Full scan_1_POS__F4990,NIST_Full scan_1_POS,empty,0,0,0,0,0,True,0,0.0
NIST_Full scan_1_POS__F501,NIST_Full scan_1_POS,empty,0,0,0,0,0,True,0,0.0
NIST_Full scan_1_POS__F5010,NIST_Full scan_1_POS,empty,0,0,0,0,0,True,0,0.0
NIST_Full scan_1_POS__F5015,NIST_Full scan_1_POS,multi,2,0,0,2,2,True,0,0.8515761196613312
NIST_Full scan_1_POS__F5021,NIST_Full scan_1_POS,single,1,0,0,1,1,True,0,0.8710237145423889
NIST_Full scan_1_POS__F5027,NIST_Full scan_1_POS,multi,1,0,2,3,1,False,2,0.9007101655006409
NIST_Full scan_1_POS__F5035,NIST_Full scan_1_POS,empty,0,0,0,0,0,True,0,0.0
NIST_Full scan_1_POS__F5063,NIST_Full scan_1_POS,single,1,0,0,1,1,True,0,0.7026902437210083
NIST_Full scan_1_POS__F5099,NIST_Full scan_1_POS,empty,0,0,0,0,0,True,0,0.0
NIST_Full scan_1_POS__F5112,NIST_Full scan_1_POS,empty,0,0,0,0,0,True,0,0.0
NIST_Full scan_1_POS__F5126,NIST_Full scan_1_POS,empty,0,0,0,0,0,True,0,0.0
NIST_Full scan_1_POS__F5170,NIST_Full scan_1_POS,single,1,1,0,1,2,False,1,0.9068915843963623
NIST_Full scan_1_POS__F519,NIST_Full scan_1_POS,single,0,0,1,1,0,False,1,0.0
NIST_Full scan_1_POS__F5258,NIST_Full scan_1_POS,empty,0,0,0,0,0,True,0,0.0
NIST_Full scan_1_POS__F5262,NIST_Full scan_1_POS,empty,0,0,0,0,0,True,0,0.0
NIST_Full scan_1_POS__F5275,NIST_Full scan_1_POS,empty,0,1,0,0,1,False,1,0.0
NIST_Full scan_1_POS__F5280,NIST_Full scan_1_POS,empty,0,0,0,0,0,True,0,0.0
NIST_Full scan_1_POS__F5318,NIST_Full scan_1_POS,single,1,0,0,1,1,True,0,0.9526286721229553
NIST_Full scan_1_POS__F5332,NIST_Full scan_1_POS,empty,0,0,0,0,0,True,0,0.0
NIST_Full scan_1_POS__F5334,NIST_Full scan_1_POS,empty,0,0,0,0,0,True,0,0.0
NIST_Full scan_1_POS__F534,NIST_Full scan_1_POS,empty,0,0,0,0,0,True,0,0.0
NIST_Full scan_1_POS__F5340,NIST_Full scan_1_POS,empty,0,0,0,0,0,True,0,0.0
NIST_Full scan_1_POS__F5345,NIST_Full scan_1_POS,multi,2,0,0,2,2,True,0,0.9025844037532806
NIST_Full scan_1_POS__F5373,NIST_Full scan_1_POS,empty,0,0,0,0,0,True,0,0.0
NIST_Full scan_1_POS__F5404,NIST_Full scan_1_POS,empty,0,0,0,0,0,True,0,0.0
NIST_Full scan_1_POS__F5408,NIST_Full scan_1_POS,single,1,0,0,1,1,True,0,0.7190616130828857
NIST_Full scan_1_POS__F5418,NIST_Full scan_1_POS,empty,0,0,0,0,0,True,0,0.0
NIST_Full scan_1_POS__F544,NIST_Full scan_1_POS,empty,0,0,0,0,0,True,0,0.0
NIST_Full scan_1_POS__F5453,NIST_Full scan_1_POS,single,1,0,0,1,1,True,0,0.9556236863136292
NIST_Full scan_1_POS__F5460,NIST_Full scan_1_POS,single,1,1,0,1,2,False,1,0.5373315811157227
NIST_Full scan_1_POS__F5525,NIST_Full scan_1_POS,empty,0,0,0,0,0,True,0,0.0
NIST_Full scan_1_POS__F5530,NIST_Full scan_1_POS,single,1,0,0,1,1,True,0,0.7952213287353516
NIST_Full scan_1_POS__F5562,NIST_Full scan_1_POS,empty,0,0,0,0,0,True,0,0.0
NIST_Full scan_1_POS__F5564,NIST_Full scan_1_POS,single,1,0,0,1,1,True,0,0.8521901369094849
NIST_Full scan_1_POS__F5602,NIST_Full scan_1_POS,single,0,0,1,1,0,False,1,0.0
NIST_Full scan_1_POS__F563,NIST_Full scan_1_POS,empty,0,0,0,0,0,True,0,0.0
NIST_Full scan_1_POS__F5642,NIST_Full scan_1_POS,empty,0,0,0,0,0,True,0,0.0
NIST_Full scan_1_POS__F5652,NIST_Full scan_1_POS,empty,0,0,0,0,0,True,0,0.0
NIST_Full scan_1_POS__F566,NIST_Full scan_1_POS,empty,0,0,0,0,0,True,0,0.0
NIST_Full scan_1_POS__F5663,NIST_Full scan_1_POS,empty,0,0,0,0,0,True,0,0.0
NIST_Full scan_1_POS__F5668,NIST_Full scan_1_POS,single,1,0,0,1,1,True,0,0.8363261818885803
NIST_Full scan_1_POS__F5719,NIST_Full scan_1_POS,empty,0,0,0,0,0,True,0,0.0
NIST_Full scan_1_POS__F5799,NIST_Full scan_1_POS,single,1,0,0,1,1,True,0,0.8693808913230896
NIST_Full scan_1_POS__F5803,NIST_Full scan_1_POS,empty,0,1,0,0,1,False,1,0.0
NIST_Full scan_1_POS__F5821,NIST_Full scan_1_POS,empty,0,1,0,0,1,False,1,0.0
NIST_Full scan_1_POS__F5823,NIST_Full scan_1_POS,single,1,0,0,1,1,True,0,0.8714380264282227
NIST_Full scan_1_POS__F5849,NIST_Full scan_1_POS,multi,2,0,0,2,2,True,0,0.8809174001216888
NIST_Full scan_1_POS__F5899,NIST_Full scan_1_POS,multi,5,1,0,5,6,False,1,0.9069758176803588
NIST_Full scan_1_POS__F5910,NIST_Full scan_1_POS,empty,0,0,0,0,0,True,0,0.0
NIST_Full scan_1_POS__F5917,NIST_Full scan_1_POS,multi,4,0,0,4,4,True,0,0.9062550216913223
NIST_Full scan_1_POS__F5925,NIST_Full scan_1_POS,single,1,0,0,1,1,True,0,0.8587191104888916
NIST_Full scan_1_POS__F593,NIST_Full scan_1_POS,empty,0,0,0,0,0,True,0,0.0
NIST_Full scan_1_POS__F5964,NIST_Full scan_1_POS,multi,2,0,1,3,2,False,1,0.8953806757926941
NIST_Full scan_1_POS__F5969,NIST_Full scan_1_POS,multi,2,0,0,2,2,True,0,0.9000900387763977
NIST_Full scan_1_POS__F5988,NIST_Full scan_1_POS,empty,0,1,0,0,1,False,1,0.0
NIST_Full scan_1_POS__F6014,NIST_Full scan_1_POS,empty,0,0,0,0,0,True,0,0.0
NIST_Full scan_1_POS__F6051,NIST_Full scan_1_POS,multi,2,0,0,2,2,True,0,0.8120024800300598
NIST_Full scan_1_POS__F6062,NIST_Full scan_1_POS,empty,0,0,0,0,0,True,0,0.0
NIST_Full scan_1_POS__F6068,NIST_Full scan_1_POS,empty,0,0,0,0,0,True,0,0.0
NIST_Full scan_1_POS__F6106,NIST_Full scan_1_POS,empty,0,0,0,0,0,True,0,0.0
NIST_Full scan_1_POS__F6139,NIST_Full scan_1_POS,single,1,0,0,1,1,True,0,0.8802882432937622
NIST_Full scan_1_POS__F6189,NIST_Full scan_1_POS,single,1,0,0,1,1,True,0,0.9139326214790344
NIST_Full scan_1_POS__F6201,NIST_Full scan_1_POS,empty,0,0,0,0,0,True,0,0.0
NIST_Full scan_1_POS__F622,NIST_Full scan_1_POS,empty,0,0,0,0,0,True,0,0.0
NIST_Full scan_1_POS__F6226,NIST_Full scan_1_POS,multi,2,0,1,3,2,False,1,0.868499219417572
NIST_Full scan_1_POS__F6264,NIST_Full scan_1_POS,multi,2,0,1,3,2,False,1,0.9310794472694397
NIST_Full scan_1_POS__F6274,NIST_Full scan_1_POS,single,1,0,0,1,1,True,0,0.9786972403526306
NIST_Full scan_1_POS__F6307,NIST_Full scan_1_POS,single,1,0,0,1,1,True,0,0.8090227246284485
NIST_Full scan_1_POS__F6323,NIST_Full scan_1_POS,empty,0,0,0,0,0,True,0,0.0
NIST_Full scan_1_POS__F6350,NIST_Full scan_1_POS,empty,0,0,0,0,0,True,0,0.0
NIST_Full scan_1_POS__F6352,NIST_Full scan_1_POS,empty,0,0,0,0,0,True,0,0.0
NIST_Full scan_1_POS__F6391,NIST_Full scan_1_POS,single,1,0,0,1,1,True,0,0.9072856903076172
NIST_Full scan_1_POS__F6432,NIST_Full scan_1_POS,empty,0,1,0,0,1,False,1,0.0
NIST_Full scan_1_POS__F6464,NIST_Full scan_1_POS,empty,0,0,0,0,0,True,0,0.0
NIST_Full scan_1_POS__F6465,NIST_Full scan_1_POS,empty,0,0,0,0,0,True,0,0.0
NIST_Full scan_1_POS__F6467,NIST_Full scan_1_POS,empty,0,0,0,0,0,True,0,0.0
NIST_Full scan_1_POS__F6490,NIST_Full scan_1_POS,single,1,0,0,1,1,True,0,0.9420899748802185
NIST_Full scan_1_POS__F6493,NIST_Full scan_1_POS,empty,0,0,0,0,0,True,0,0.0
NIST_Full scan_1_POS__F6503,NIST_Full scan_1_POS,empty,0,0,0,0,0,True,0,0.0
NIST_Full scan_1_POS__F6508,NIST_Full scan_1_POS,single,1,0,0,1,1,True,0,0.875434935092926
NIST_Full scan_1_POS__F652,NIST_Full scan_1_POS,empty,0,0,0,0,0,True,0,0.0
NIST_Full scan_1_POS__F6534,NIST_Full scan_1_POS,multi,3,0,0,3,3,True,0,0.8092842102050781
NIST_Full scan_1_POS__F6602,NIST_Full scan_1_POS,empty,0,0,0,0,0,True,0,0.0
NIST_Full scan_1_POS__F6605,NIST_Full scan_1_POS,empty,0,0,0,0,0,True,0,0.0
NIST_Full scan_1_POS__F6650,NIST_Full scan_1_POS,empty,0,0,0,0,0,True,0,0.0
NIST_Full scan_1_POS__F669,NIST_Full scan_1_POS,multi,2,0,0,2,2,True,0,0.9361007809638977
NIST_Full scan_1_POS__F674,NIST_Full scan_1_POS,empty,0,0,0,0,0,True,0,0.0
NIST_Full scan_1_POS__F6743,NIST_Full scan_1_POS,empty,0,0,0,0,0,True,0,0.0
NIST_Full scan_1_POS__F6780,NIST_Full scan_1_POS,single,1,0,0,1,1,True,0,0.9340273141860962
NIST_Full scan_1_POS__F6827,NIST_Full scan_1_POS,multi,2,0,0,2,2,True,0,0.9442681968212128
NIST_Full scan_1_POS__F6833,NIST_Full scan_1_POS,empty,0,0,0,0,0,True,0,0.0
NIST_Full scan_1_POS__F6841,NIST_Full scan_1_POS,empty,0,1,0,0,1,False,1,0.0
NIST_Full scan_1_POS__F6871,NIST_Full scan_1_POS,single,1,0,0,1,1,True,0,0.9205592274665833
NIST_Full scan_1_POS__F6875,NIST_Full scan_1_POS,single,1,0,0,1,1,True,0,0.8935562372207642
NIST_Full scan_1_POS__F6888,NIST_Full scan_1_POS,multi,3,1,0,3,4,False,1,0.8533223072687784
NIST_Full scan_1_POS__F6905,NIST_Full scan_1_POS,single,1,0,0,1,1,True,0,0.9752835631370544
NIST_Full scan_1_POS__F6912,NIST_Full scan_1_POS,single,1,1,0,1,2,False,1,0.9735910296440125
NIST_Full scan_1_POS__F6917,NIST_Full scan_1_POS,single,1,0,0,1,1,True,0,0.8883243799209595
NIST_Full scan_1_POS__F6922,NIST_Full scan_1_POS,multi,3,1,0,3,4,False,1,0.712000330289205
NIST_Full scan_1_POS__F6946,NIST_Full scan_1_POS,multi,2,0,0,2,2,True,0,0.8224665522575378
NIST_Full scan_1_POS__F695,NIST_Full scan_1_POS,empty,0,0,0,0,0,True,0,0.0
NIST_Full scan_1_POS__F6962,NIST_Full scan_1_POS,empty,0,1,0,0,1,False,1,0.0
NIST_Full scan_1_POS__F6965,NIST_Full scan_1_POS,multi,2,0,0,2,2,True,0,0.9481222331523895
NIST_Full scan_1_POS__F701,NIST_Full scan_1_POS,empty,0,0,0,0,0,True,0,0.0
NIST_Full scan_1_POS__F7020,NIST_Full scan_1_POS,single,1,0,0,1,1,True,0,0.8977850675582886
NIST_Full scan_1_POS__F7056,NIST_Full scan_1_POS,multi,2,0,0,2,2,True,0,0.8254865109920502
NIST_Full scan_1_POS__F7062,NIST_Full scan_1_POS,empty,0,0,0,0,0,True,0,0.0
NIST_Full scan_1_POS__F7072,NIST_Full scan_1_POS,multi,2,0,0,2,2,True,0,0.8047057688236237
NIST_Full scan_1_POS__F7079,NIST_Full scan_1_POS,empty,0,0,0,0,0,True,0,0.0
NIST_Full scan_1_POS__F7088,NIST_Full scan_1_POS,multi,3,0,0,3,3,True,0,0.8780715266863505
NIST_Full scan_1_POS__F7105,NIST_Full scan_1_POS,empty,0,1,0,0,1,False,1,0.0
NIST_Full scan_1_POS__F7112,NIST_Full scan_1_POS,empty,0,0,0,0,0,True,0,0.0
NIST_Full scan_1_POS__F7174,NIST_Full scan_1_POS,single,1,0,0,1,1,True,0,0.9161266088485718
NIST_Full scan_1_POS__F7201,NIST_Full scan_1_POS,single,1,0,0,1,1,True,0,0.8936722278594971
NIST_Full scan_1_POS__F7204,NIST_Full scan_1_POS,single,1,1,0,1,2,False,1,0.8738125562667847
NIST_Full scan_1_POS__F7235,NIST_Full scan_1_POS,empty,0,1,0,0,1,False,1,0.0
NIST_Full scan_1_POS__F7238,NIST_Full scan_1_POS,single,1,0,0,1,1,True,0,0.8990598917007446
NIST_Full scan_1_POS__F7277,NIST_Full scan_1_POS,single,1,1,0,1,2,False,1,0.8900442719459534
NIST_Full scan_1_POS__F7334,NIST_Full scan_1_POS,empty,0,0,0,0,0,True,0,0.0
NIST_Full scan_1_POS__F7350,NIST_Full scan_1_POS,empty,0,0,0,0,0,True,0,0.0
NIST_Full scan_1_POS__F7373,NIST_Full scan_1_POS,empty,0,0,0,0,0,True,0,0.0
NIST_Full scan_1_POS__F7385,NIST_Full scan_1_POS,single,1,0,0,1,1,True,0,0.8809386491775513
NIST_Full scan_1_POS__F7394,NIST_Full scan_1_POS,single,1,0,0,1,1,True,0,0.9252393841743469
NIST_Full scan_1_POS__F7397,NIST_Full scan_1_POS,single,1,0,0,1,1,True,0,0.9364054203033447
NIST_Full scan_1_POS__F7400,NIST_Full scan_1_POS,multi,2,0,0,2,2,True,0,0.8454767465591431
NIST_Full scan_1_POS__F741,NIST_Full scan_1_POS,empty,0,0,0,0,0,True,0,0.0
NIST_Full scan_1_POS__F7441,NIST_Full scan_1_POS,multi,4,0,0,4,4,True,0,0.8886110931634903
NIST_Full scan_1_POS__F7444,NIST_Full scan_1_POS,single,1,1,0,1,2,False,1,0.8304958939552307
NIST_Full scan_1_POS__F7529,NIST_Full scan_1_POS,multi,2,0,0,2,2,True,0,0.924312025308609
NIST_Full scan_1_POS__F7535,NIST_Full scan_1_POS,single,1,0,0,1,1,True,0,0.9315995573997498
NIST_Full scan_1_POS__F7567,NIST_Full scan_1_POS,single,1,0,0,1,1,True,0,0.8719889521598816
NIST_Full scan_1_POS__F7586,NIST_Full scan_1_POS,empty,0,0,0,0,0,True,0,0.0
NIST_Full scan_1_POS__F7606,NIST_Full scan_1_POS,empty,0,0,0,0,0,True,0,0.0
NIST_Full scan_1_POS__F7647,NIST_Full scan_1_POS,empty,0,0,0,0,0,True,0,0.0
NIST_Full scan_1_POS__F7655,NIST_Full scan_1_POS,empty,0,0,0,0,0,True,0,0.0
NIST_Full scan_1_POS__F7660,NIST_Full scan_1_POS,single,1,0,0,1,1,True,0,0.9106711149215698
NIST_Full scan_1_POS__F7712,NIST_Full scan_1_POS,multi,3,0,1,4,3,False,1,0.7162873347600301
NIST_Full scan_1_POS__F775,NIST_Full scan_1_POS,empty,0,0,0,0,0,True,0,0.0
NIST_Full scan_1_POS__F7751,NIST_Full scan_1_POS,single,1,0,0,1,1,True,0,0.9739952087402344
NIST_Full scan_1_POS__F7764,NIST_Full scan_1_POS,single,1,0,0,1,1,True,0,0.9056294560432434
NIST_Full scan_1_POS__F7767,NIST_Full scan_1_POS,multi,2,0,0,2,2,True,0,0.9333908557891846
NIST_Full scan_1_POS__F7770,NIST_Full scan_1_POS,empty,0,0,0,0,0,True,0,0.0
NIST_Full scan_1_POS__F7830,NIST_Full scan_1_POS,empty,0,3,0,0,3,False,3,0.0
NIST_Full scan_1_POS__F7867,NIST_Full scan_1_POS,multi,3,0,0,3,3,True,0,0.907906730969747
NIST_Full scan_1_POS__F7890,NIST_Full scan_1_POS,single,1,0,0,1,1,True,0,0.7895799875259399
NIST_Full scan_1_POS__F7924,NIST_Full scan_1_POS,empty,0,0,0,0,0,True,0,0.0
NIST_Full scan_1_POS__F7958,NIST_Full scan_1_POS,empty,0,2,0,0,2,False,2,0.0
NIST_Full scan_1_POS__F796,NIST_Full scan_1_POS,empty,0,0,0,0,0,True,0,0.0
NIST_Full scan_1_POS__F7961,NIST_Full scan_1_POS,multi,1,0,1,2,1,False,1,0.8536294102668762
NIST_Full scan_1_POS__F7991,NIST_Full scan_1_POS,single,1,0,0,1,1,True,0,0.8227631449699402
NIST_Full scan_1_POS__F8006,NIST_Full scan_1_POS,multi,2,0,0,2,2,True,0,0.920153021812439
NIST_Full scan_1_POS__F8027,NIST_Full scan_1_POS,multi,1,0,1,2,1,False,1,0.9549835324287415
NIST_Full scan_1_POS__F8029,NIST_Full scan_1_POS,empty,0,0,0,0,0,True,0,0.0
NIST_Full scan_1_POS__F8038,NIST_Full scan_1_POS,multi,2,0,0,2,2,True,0,0.8643102049827576
NIST_Full scan_1_POS__F8080,NIST_Full scan_1_POS,single,1,0,0,1,1,True,0,0.9108856916427612
NIST_Full scan_1_POS__F8085,NIST_Full scan_1_POS,multi,4,0,0,4,4,True,0,0.9148431718349457
NIST_Full scan_1_POS__F8091,NIST_Full scan_1_POS,multi,2,0,0,2,2,True,0,0.8992736041545868
NIST_Full scan_1_POS__F8095,NIST_Full scan_1_POS,multi,2,0,1,3,2,False,1,0.8790242075920105
NIST_Full scan_1_POS__F8146,NIST_Full scan_1_POS,single,1,0,0,1,1,True,0,0.9494955539703369
NIST_Full scan_1_POS__F8150,NIST_Full scan_1_POS,empty,0,0,0,0,0,True,0,0.0
NIST_Full scan_1_POS__F8223,NIST_Full scan_1_POS,multi,3,0,0,3,3,True,0,0.8543639779090881
NIST_Full scan_1_POS__F8256,NIST_Full scan_1_POS,single,1,0,0,1,1,True,0,0.8538792729377747
NIST_Full scan_1_POS__F8283,NIST_Full scan_1_POS,multi,3,0,0,3,3,True,0,0.8292444944381714
NIST_Full scan_1_POS__F8303,NIST_Full scan_1_POS,single,1,1,0,1,2,False,1,0.979485809803009
NIST_Full scan_1_POS__F8306,NIST_Full scan_1_POS,single,1,0,0,1,1,True,0,0.9434381723403931
NIST_Full scan_1_POS__F8317,NIST_Full scan_1_POS,empty,0,0,0,0,0,True,0,0.0
NIST_Full scan_1_POS__F8319,NIST_Full scan_1_POS,multi,4,0,0,4,4,True,0,0.8618362545967102
NIST_Full scan_1_POS__F840,NIST_Full scan_1_POS,empty,0,0,0,0,0,True,0,0.0
NIST_Full scan_1_POS__F8409,NIST_Full scan_1_POS,empty,0,0,0,0,0,True,0,0.0
NIST_Full scan_1_POS__F8433,NIST_Full scan_1_POS,single,1,0,0,1,1,True,0,0.9104580879211426
NIST_Full scan_1_POS__F8444,NIST_Full scan_1_POS,multi,4,0,1,5,4,False,1,0.8633703589439392
NIST_Full scan_1_POS__F8472,NIST_Full scan_1_POS,empty,0,0,0,0,0,True,0,0.0
NIST_Full scan_1_POS__F8476,NIST_Full scan_1_POS,single,1,0,0,1,1,True,0,0.905331015586853
NIST_Full scan_1_POS__F8481,NIST_Full scan_1_POS,multi,3,0,1,4,3,False,1,0.9439614415168762
NIST_Full scan_1_POS__F8492,NIST_Full scan_1_POS,single,1,0,0,1,1,True,0,0.7207662463188171
NIST_Full scan_1_POS__F8512,NIST_Full scan_1_POS,single,1,0,0,1,1,True,0,0.8732972741127014
NIST_Full scan_1_POS__F8560,NIST_Full scan_1_POS,single,1,0,0,1,1,True,0,0.7820224761962891
NIST_Full scan_1_POS__F8564,NIST_Full scan_1_POS,empty,0,0,0,0,0,True,0,0.0
NIST_Full scan_1_POS__F8566,NIST_Full scan_1_POS,empty,0,0,0,0,0,True,0,0.0
NIST_Full scan_1_POS__F8626,NIST_Full scan_1_POS,single,1,0,0,1,1,True,0,0.9176653027534485
NIST_Full scan_1_POS__F8630,NIST_Full scan_1_POS,multi,2,0,0,2,2,True,0,0.8914978206157684
NIST_Full scan_1_POS__F8666,NIST_Full scan_1_POS,single,1,0,0,1,1,True,0,0.7938160300254822
NIST_Full scan_1_POS__F867,NIST_Full scan_1_POS,empty,0,0,0,0,0,True,0,0.0
NIST_Full scan_1_POS__F8674,NIST_Full scan_1_POS,multi,0,1,2,2,1,False,1,0.0
NIST_Full scan_1_POS__F8678,NIST_Full scan_1_POS,multi,2,0,0,2,2,True,0,0.9578789472579956
NIST_Full scan_1_POS__F8740,NIST_Full scan_1_POS,multi,4,0,1,5,4,False,1,0.9288125932216644
NIST_Full scan_1_POS__F8761,NIST_Full scan_1_POS,empty,0,0,0,0,0,True,0,0.0
NIST_Full scan_1_POS__F8765,NIST_Full scan_1_POS,multi,2,0,1,3,2,False,1,0.8691022396087646
NIST_Full scan_1_POS__F8774,NIST_Full scan_1_POS,single,1,1,0,1,2,False,1,0.797392725944519
NIST_Full scan_1_POS__F8789,NIST_Full scan_1_POS,multi,2,1,0,2,3,False,1,0.7667679488658905
NIST_Full scan_1_POS__F8815,NIST_Full scan_1_POS,multi,2,1,0,2,3,False,1,0.9739621877670288
NIST_Full scan_1_POS__F8894,NIST_Full scan_1_POS,empty,0,1,0,0,1,False,1,0.0
NIST_Full scan_1_POS__F89,NIST_Full scan_1_POS,empty,0,0,0,0,0,True,0,0.0
NIST_Full scan_1_POS__F8918,NIST_Full scan_1_POS,empty,0,1,0,0,1,False,1,0.0
NIST_Full scan_1_POS__F8952,NIST_Full scan_1_POS,single,1,1,0,1,2,False,1,0.9201948642730713
NIST_Full scan_1_POS__F8960,NIST_Full scan_1_POS,single,1,0,0,1,1,True,0,0.8256692290306091
NIST_Full scan_1_POS__F8966,NIST_Full scan_1_POS,empty,0,0,0,0,0,True,0,0.0
NIST_Full scan_1_POS__F8987,NIST_Full scan_1_POS,empty,0,1,0,0,1,False,1,0.0
NIST_Full scan_1_POS__F9002,NIST_Full scan_1_POS,multi,2,1,0,2,3,False,1,0.8645139038562775
NIST_Full scan_1_POS__F9007,NIST_Full scan_1_POS,multi,4,0,0,4,4,True,0,0.9228491634130478
NIST_Full scan_1_POS__F9013,NIST_Full scan_1_POS,empty,0,1,0,0,1,False,1,0.0
NIST_Full scan_1_POS__F9116,NIST_Full scan_1_POS,multi,3,0,0,3,3,True,0,0.8905075391133627
NIST_Full scan_1_POS__F9119,NIST_Full scan_1_POS,single,1,0,0,1,1,True,0,0.8873431086540222
NIST_Full scan_1_POS__F915,NIST_Full scan_1_POS,empty,0,0,0,0,0,True,0,0.0
NIST_Full scan_1_POS__F9195,NIST_Full scan_1_POS,multi,2,0,0,2,2,True,0,0.798258513212204
NIST_Full scan_1_POS__F9212,NIST_Full scan_1_POS,multi,2,2,0,2,4,False,2,0.8719812631607056
NIST_Full scan_1_POS__F9214,NIST_Full scan_1_POS,single,1,0,0,1,1,True,0,0.9826569557189941
NIST_Full scan_1_POS__F9245,NIST_Full scan_1_POS,single,1,0,0,1,1,True,0,0.8352661728858948
NIST_Full scan_1_POS__F9247,NIST_Full scan_1_POS,multi,3,0,0,3,3,True,0,0.8593339125315348
NIST_Full scan_1_POS__F9254,NIST_Full scan_1_POS,multi,2,0,0,2,2,True,0,0.74148890376091
NIST_Full scan_1_POS__F9282,NIST_Full scan_1_POS,multi,3,0,0,3,3,True,0,0.8823817571004232
NIST_Full scan_1_POS__F9288,NIST_Full scan_1_POS,empty,0,0,0,0,0,True,0,0.0
NIST_Full scan_1_POS__F9301,NIST_Full scan_1_POS,empty,0,0,0,0,0,True,0,0.0
NIST_Full scan_1_POS__F9347,NIST_Full scan_1_POS,multi,2,0,0,2,2,True,0,0.9659262001514435
NIST_Full scan_1_POS__F9352,NIST_Full scan_1_POS,multi,3,2,0,3,5,False,2,0.8544233043988546
NIST_Full scan_1_POS__F9390,NIST_Full scan_1_POS,multi,6,0,0,6,6,True,0,0.8703342278798422
NIST_Full scan_1_POS__F9396,NIST_Full scan_1_POS,single,1,0,0,1,1,True,0,0.8097752332687378
NIST_Full scan_1_POS__F9413,NIST_Full scan_1_POS,multi,3,0,0,3,3,True,0,0.8921622037887573
NIST_Full scan_1_POS__F9441,NIST_Full scan_1_POS,empty,0,0,0,0,0,True,0,0.0
NIST_Full scan_1_POS__F9490,NIST_Full scan_1_POS,empty,0,0,0,0,0,True,0,0.0
NIST_Full scan_1_POS__F9492,NIST_Full scan_1_POS,single,1,0,0,1,1,True,0,0.8969073295593262
NIST_Full scan_1_POS__F9500,NIST_Full scan_1_POS,empty,0,0,0,0,0,True,0,0.0
NIST_Full scan_1_POS__F9510,NIST_Full scan_1_POS,empty,0,0,0,0,0,True,0,0.0
NIST_Full scan_1_POS__F9513,NIST_Full scan_1_POS,empty,0,0,0,0,0,True,0,0.0
NIST_Full scan_1_POS__F953,NIST_Full scan_1_POS,empty,0,0,0,0,0,True,0,0.0
NIST_Full scan_1_POS__F9537,NIST_Full scan_1_POS,multi,1,0,1,2,1,False,1,0.6370720863342285
NIST_Full scan_1_POS__F9546,NIST_Full scan_1_POS,empty,0,0,0,0,0,True,0,0.0
NIST_Full scan_1_POS__F9568,NIST_Full scan_1_POS,multi,2,0,1,3,2,False,1,0.9149952232837677
NIST_Full scan_1_POS__F9573,NIST_Full scan_1_POS,single,0,1,1,1,1,True,0,0.0
NIST_Full scan_1_POS__F9576,NIST_Full scan_1_POS,empty,0,0,0,0,0,True,0,0.0
NIST_Full scan_1_POS__F9587,NIST_Full scan_1_POS,empty,0,1,0,0,1,False,1,0.0
NIST_Full scan_1_POS__F9592,NIST_Full scan_1_POS,empty,0,0,0,0,0,True,0,0.0
NIST_Full scan_1_POS__F9607,NIST_Full scan_1_POS,empty,0,0,0,0,0,True,0,0.0
NIST_Full scan_1_POS__F961,NIST_Full scan_1_POS,empty,0,0,0,0,0,True,0,0.0
NIST_Full scan_1_POS__F9620,NIST_Full scan_1_POS,single,1,1,0,1,2,False,1,0.5021494030952454
NIST_Full scan_1_POS__F9665,NIST_Full scan_1_POS,single,1,0,0,1,1,True,0,0.9754646420478821
NIST_Full scan_1_POS__F968,NIST_Full scan_1_POS,empty,0,0,0,0,0,True,0,0.0
NIST_Full scan_1_POS__F9705,NIST_Full scan_1_POS,single,1,0,0,1,1,True,0,0.7672707438468933
NIST_Full scan_1_POS__F9716,NIST_Full scan_1_POS,single,1,1,0,1,2,False,1,0.9187747836112976
NIST_Full scan_1_POS__F972,NIST_Full scan_1_POS,empty,0,0,0,0,0,True,0,0.0
NIST_Full scan_1_POS__F9746,NIST_Full scan_1_POS,multi,2,0,0,2,2,True,0,0.8958174586296082
NIST_Full scan_1_POS__F9778,NIST_Full scan_1_POS,single,1,0,0,1,1,True,0,0.7563861012458801
NIST_Full scan_1_POS__F9825,NIST_Full scan_1_POS,multi,4,1,1,5,5,True,0,0.8958978205919266
NIST_Full scan_1_POS__F9838,NIST_Full scan_1_POS,single,1,1,0,1,2,False,1,0.7822834849357605
NIST_Full scan_1_POS__F9846,NIST_Full scan_1_POS,multi,2,0,0,2,2,True,0,0.919564425945282
NIST_Full scan_1_POS__F9850,NIST_Full scan_1_POS,empty,0,1,0,0,1,False,1,0.0
NIST_Full scan_1_POS__F9872,NIST_Full scan_1_POS,multi,2,0,0,2,2,True,0,0.7732466757297516
NIST_Full scan_1_POS__F9878,NIST_Full scan_1_POS,multi,2,1,0,2,3,False,1,0.8889231383800507
NIST_Full scan_1_POS__F9909,NIST_Full scan_1_POS,empty,0,0,0,0,0,True,0,0.0
NIST_Full scan_1_POS__F9918,NIST_Full scan_1_POS,single,1,0,0,1,1,True,0,0.8750309348106384
NIST_Full scan_1_POS__F9961,NIST_Full scan_1_POS,single,1,0,0,1,1,True,0,0.9119353890419006
NIST_Full scan_1_POS__F9964,NIST_Full scan_1_POS,single,0,0,1,1,0,False,1,0.0
NIST_Full scan_1_POS__F9989,NIST_Full scan_1_POS,single,1,2,0,1,3,False,2,0.7596203088760376
