sample_id,source_file,true_peak_count_class,true_positive,false_positive,false_negative,target_count,prediction_count,exact_count,count_absolute_error,mean_matched_iou
Sphingolipid-BTSPT-Cell-pellet_1__F1,Sphingolipid-BTSPT-Cell-pellet_1,single,1,0,0,1,1,True,0,0.8342368602752686
Sphingolipid-BTSPT-Cell-pellet_1__F10,Sphingolipid-BTSPT-Cell-pellet_1,empty,0,1,0,0,1,False,1,0.0
Sphingolipid-BTSPT-Cell-pellet_1__F100,Sphingolipid-BTSPT-Cell-pellet_1,empty,0,0,0,0,0,True,0,0.0
Sphingolipid-BTSPT-Cell-pellet_1__F101,Sphingolipid-BTSPT-Cell-pellet_1,single,1,0,0,1,1,True,0,0.9235838651657104
Sphingolipid-BTSPT-Cell-pellet_1__F102,Sphingolipid-BTSPT-Cell-pellet_1,single,1,0,0,1,1,True,0,0.8682565689086914
Sphingolipid-BTSPT-Cell-pellet_1__F103,Sphingolipid-BTSPT-Cell-pellet_1,empty,0,0,0,0,0,True,0,0.0
Sphingolipid-BTSPT-Cell-pellet_1__F104,Sphingolipid-BTSPT-Cell-pellet_1,single,1,0,0,1,1,True,0,0.7641464471817017
Sphingolipid-BTSPT-Cell-pellet_1__F105,Sphingolipid-BTSPT-Cell-pellet_1,empty,0,0,0,0,0,True,0,0.0
Sphingolipid-BTSPT-Cell-pellet_1__F106,Sphingolipid-BTSPT-Cell-pellet_1,empty,0,1,0,0,1,False,1,0.0
Sphingolipid-BTSPT-Cell-pellet_1__F107,Sphingolipid-BTSPT-Cell-pellet_1,single,1,0,0,1,1,True,0,0.7833060026168823
Sphingolipid-BTSPT-Cell-pellet_1__F108,Sphingolipid-BTSPT-Cell-pellet_1,empty,0,0,0,0,0,True,0,0.0
Sphingolipid-BTSPT-Cell-pellet_1__F109,Sphingolipid-BTSPT-Cell-pellet_1,single,1,0,0,1,1,True,0,0.8505879044532776
Sphingolipid-BTSPT-Cell-pellet_1__F11,Sphingolipid-BTSPT-Cell-pellet_1,single,1,0,0,1,1,True,0,0.8132526874542236
Sphingolipid-BTSPT-Cell-pellet_1__F110,Sphingolipid-BTSPT-Cell-pellet_1,empty,0,1,0,0,1,False,1,0.0
Sphingolipid-BTSPT-Cell-pellet_1__F111,Sphingolipid-BTSPT-Cell-pellet_1,empty,0,0,0,0,0,True,0,0.0
Sphingolipid-BTSPT-Cell-pellet_1__F112,Sphingolipid-BTSPT-Cell-pellet_1,empty,0,1,0,0,1,False,1,0.0
Sphingolipid-BTSPT-Cell-pellet_1__F113,Sphingolipid-BTSPT-Cell-pellet_1,multi,2,0,0,2,2,True,0,0.8895111382007599
Sphingolipid-BTSPT-Cell-pellet_1__F114,Sphingolipid-BTSPT-Cell-pellet_1,single,1,0,0,1,1,True,0,0.8736439943313599
Sphingolipid-BTSPT-Cell-pellet_1__F115,Sphingolipid-BTSPT-Cell-pellet_1,single,1,0,0,1,1,True,0,0.8002628684043884
Sphingolipid-BTSPT-Cell-pellet_1__F116,Sphingolipid-BTSPT-Cell-pellet_1,single,1,0,0,1,1,True,0,0.9004711508750916
Sphingolipid-BTSPT-Cell-pellet_1__F117,Sphingolipid-BTSPT-Cell-pellet_1,single,1,0,0,1,1,True,0,0.9573052525520325
Sphingolipid-BTSPT-Cell-pellet_1__F118,Sphingolipid-BTSPT-Cell-pellet_1,empty,0,0,0,0,0,True,0,0.0
Sphingolipid-BTSPT-Cell-pellet_1__F119,Sphingolipid-BTSPT-Cell-pellet_1,single,1,0,0,1,1,True,0,0.8796480894088745
Sphingolipid-BTSPT-Cell-pellet_1__F12,Sphingolipid-BTSPT-Cell-pellet_1,empty,0,0,0,0,0,True,0,0.0
Sphingolipid-BTSPT-Cell-pellet_1__F120,Sphingolipid-BTSPT-Cell-pellet_1,single,1,0,0,1,1,True,0,0.7475101351737976
Sphingolipid-BTSPT-Cell-pellet_1__F121,Sphingolipid-BTSPT-Cell-pellet_1,multi,1,0,1,2,1,False,1,0.8320387601852417
Sphingolipid-BTSPT-Cell-pellet_1__F122,Sphingolipid-BTSPT-Cell-pellet_1,single,1,0,0,1,1,True,0,0.8269432187080383
Sphingolipid-BTSPT-Cell-pellet_1__F123,Sphingolipid-BTSPT-Cell-pellet_1,single,1,0,0,1,1,True,0,0.9481414556503296
Sphingolipid-BTSPT-Cell-pellet_1__F124,Sphingolipid-BTSPT-Cell-pellet_1,empty,0,0,0,0,0,True,0,0.0
Sphingolipid-BTSPT-Cell-pellet_1__F125,Sphingolipid-BTSPT-Cell-pellet_1,single,0,1,1,1,1,True,0,0.0
Sphingolipid-BTSPT-Cell-pellet_1__F126,Sphingolipid-BTSPT-Cell-pellet_1,single,1,0,0,1,1,True,0,0.7653403282165527
Sphingolipid-BTSPT-Cell-pellet_1__F127,Sphingolipid-BTSPT-Cell-pellet_1,single,1,0,0,1,1,True,0,0.7176069617271423
Sphingolipid-BTSPT-Cell-pellet_1__F128,Sphingolipid-BTSPT-Cell-pellet_1,empty,0,0,0,0,0,True,0,0.0
Sphingolipid-BTSPT-Cell-pellet_1__F129,Sphingolipid-BTSPT-Cell-pellet_1,single,1,0,0,1,1,True,0,0.6103103160858154
Sphingolipid-BTSPT-Cell-pellet_1__F13,Sphingolipid-BTSPT-Cell-pellet_1,single,1,0,0,1,1,True,0,0.8263077139854431
Sphingolipid-BTSPT-Cell-pellet_1__F130,Sphingolipid-BTSPT-Cell-pellet_1,single,1,0,0,1,1,True,0,0.8131300806999207
Sphingolipid-BTSPT-Cell-pellet_1__F131,Sphingolipid-BTSPT-Cell-pellet_1,single,0,1,1,1,1,True,0,0.0
Sphingolipid-BTSPT-Cell-pellet_1__F132,Sphingolipid-BTSPT-Cell-pellet_1,empty,0,1,0,0,1,False,1,0.0
Sphingolipid-BTSPT-Cell-pellet_1__F133,Sphingolipid-BTSPT-Cell-pellet_1,single,1,0,0,1,1,True,0,0.8410808444023132
Sphingolipid-BTSPT-Cell-pellet_1__F134,Sphingolipid-BTSPT-Cell-pellet_1,single,1,0,0,1,1,True,0,0.947549045085907
Sphingolipid-BTSPT-Cell-pellet_1__F135,Sphingolipid-BTSPT-Cell-pellet_1,single,1,0,0,1,1,True,0,0.9207584261894226
Sphingolipid-BTSPT-Cell-pellet_1__F136,Sphingolipid-BTSPT-Cell-pellet_1,single,1,0,0,1,1,True,0,0.8985618352890015
Sphingolipid-BTSPT-Cell-pellet_1__F137,Sphingolipid-BTSPT-Cell-pellet_1,single,1,0,0,1,1,True,0,0.9838210344314575
Sphingolipid-BTSPT-Cell-pellet_1__F138,Sphingolipid-BTSPT-Cell-pellet_1,multi,2,0,0,2,2,True,0,0.8997695446014404
Sphingolipid-BTSPT-Cell-pellet_1__F139,Sphingolipid-BTSPT-Cell-pellet_1,empty,0,0,0,0,0,True,0,0.0
Sphingolipid-BTSPT-Cell-pellet_1__F14,Sphingolipid-BTSPT-Cell-pellet_1,single,1,0,0,1,1,True,0,0.8124355673789978
Sphingolipid-BTSPT-Cell-pellet_1__F140,Sphingolipid-BTSPT-Cell-pellet_1,empty,0,1,0,0,1,False,1,0.0
Sphingolipid-BTSPT-Cell-pellet_1__F141,Sphingolipid-BTSPT-Cell-pellet_1,single,1,0,0,1,1,True,0,0.7579235434532166
Sphingolipid-BTSPT-Cell-pellet_1__F143,Sphingolipid-BTSPT-Cell-pellet_1,empty,0,0,0,0,0,True,0,0.0
Sphingolipid-BTSPT-Cell-pellet_1__F144,Sphingolipid-BTSPT-Cell-pellet_1,single,1,0,0,1,1,True,0,0.8839234113693237
Sphingolipid-BTSPT-Cell-pellet_1__F145,Sphingolipid-BTSPT-Cell-pellet_1,empty,0,0,0,0,0,True,0,0.0
Sphingolipid-BTSPT-Cell-pellet_1__F146,Sphingolipid-BTSPT-Cell-pellet_1,empty,0,0,0,0,0,True,0,0.0
Sphingolipid-BTSPT-Cell-pellet_1__F147,Sphingolipid-BTSPT-Cell-pellet_1,empty,0,1,0,0,1,False,1,0.0
Sphingolipid-BTSPT-Cell-pellet_1__F148,Sphingolipid-BTSPT-Cell-pellet_1,single,1,0,0,1,1,True,0,0.8275335431098938
Sphingolipid-BTSPT-Cell-pellet_1__F149,Sphingolipid-BTSPT-Cell-pellet_1,empty,0,0,0,0,0,True,0,0.0
Sphingolipid-BTSPT-Cell-pellet_1__F15,Sphingolipid-BTSPT-Cell-pellet_1,single,1,0,0,1,1,True,0,0.8081251978874207
Sphingolipid-BTSPT-Cell-pellet_1__F150,Sphingolipid-BTSPT-Cell-pellet_1,single,1,0,0,1,1,True,0,0.9489392042160034
Sphingolipid-BTSPT-Cell-pellet_1__F151,Sphingolipid-BTSPT-Cell-pellet_1,multi,2,0,0,2,2,True,0,0.8795037567615509
Sphingolipid-BTSPT-Cell-pellet_1__F152,Sphingolipid-BTSPT-Cell-pellet_1,single,1,0,0,1,1,True,0,0.9202528595924377
Sphingolipid-BTSPT-Cell-pellet_1__F153,Sphingolipid-BTSPT-Cell-pellet_1,single,1,0,0,1,1,True,0,0.6401310563087463
Sphingolipid-BTSPT-Cell-pellet_1__F154,Sphingolipid-BTSPT-Cell-pellet_1,single,1,0,0,1,1,True,0,0.8311294317245483
Sphingolipid-BTSPT-Cell-pellet_1__F155,Sphingolipid-BTSPT-Cell-pellet_1,single,1,0,0,1,1,True,0,0.8694374561309814
Sphingolipid-BTSPT-Cell-pellet_1__F156,Sphingolipid-BTSPT-Cell-pellet_1,single,0,0,1,1,0,False,1,0.0
Sphingolipid-BTSPT-Cell-pellet_1__F157,Sphingolipid-BTSPT-Cell-pellet_1,empty,0,1,0,0,1,False,1,0.0
Sphingolipid-BTSPT-Cell-pellet_1__F158,Sphingolipid-BTSPT-Cell-pellet_1,single,1,0,0,1,1,True,0,0.8278617262840271
Sphingolipid-BTSPT-Cell-pellet_1__F159,Sphingolipid-BTSPT-Cell-pellet_1,empty,0,0,0,0,0,True,0,0.0
Sphingolipid-BTSPT-Cell-pellet_1__F16,Sphingolipid-BTSPT-Cell-pellet_1,empty,0,0,0,0,0,True,0,0.0
Sphingolipid-BTSPT-Cell-pellet_1__F161,Sphingolipid-BTSPT-Cell-pellet_1,empty,0,0,0,0,0,True,0,0.0
Sphingolipid-BTSPT-Cell-pellet_1__F162,Sphingolipid-BTSPT-Cell-pellet_1,empty,0,0,0,0,0,True,0,0.0
Sphingolipid-BTSPT-Cell-pellet_1__F163,Sphingolipid-BTSPT-Cell-pellet_1,empty,0,0,0,0,0,True,0,0.0
Sphingolipid-BTSPT-Cell-pellet_1__F164,Sphingolipid-BTSPT-Cell-pellet_1,multi,0,2,2,2,2,True,0,0.0
Sphingolipid-BTSPT-Cell-pellet_1__F165,Sphingolipid-BTSPT-Cell-pellet_1,single,1,0,0,1,1,True,0,0.9745970368385315
Sphingolipid-BTSPT-Cell-pellet_1__F166,Sphingolipid-BTSPT-Cell-pellet_1,empty,0,0,0,0,0,True,0,0.0
Sphingolipid-BTSPT-Cell-pellet_1__F167,Sphingolipid-BTSPT-Cell-pellet_1,empty,0,0,0,0,0,True,0,0.0
Sphingolipid-BTSPT-Cell-pellet_1__F168,Sphingolipid-BTSPT-Cell-pellet_1,empty,0,1,0,0,1,False,1,0.0
Sphingolipid-BTSPT-Cell-pellet_1__F169,Sphingolipid-BTSPT-Cell-pellet_1,empty,0,1,0,0,1,False,1,0.0
Sphingolipid-BTSPT-Cell-pellet_1__F17,Sphingolipid-BTSPT-Cell-pellet_1,empty,0,0,0,0,0,True,0,0.0
Sphingolipid-BTSPT-Cell-pellet_1__F170,Sphingolipid-BTSPT-Cell-pellet_1,multi,1,0,1,2,1,False,1,0.6538370251655579
Sphingolipid-BTSPT-Cell-pellet_1__F171,Sphingolipid-BTSPT-Cell-pellet_1,single,1,0,0,1,1,True,0,0.8993039131164551
Sphingolipid-BTSPT-Cell-pellet_1__F172,Sphingolipid-BTSPT-Cell-pellet_1,empty,0,0,0,0,0,True,0,0.0
Sphingolipid-BTSPT-Cell-pellet_1__F173,Sphingolipid-BTSPT-Cell-pellet_1,single,1,0,0,1,1,True,0,0.7115577459335327
Sphingolipid-BTSPT-Cell-pellet_1__F175,Sphingolipid-BTSPT-Cell-pellet_1,multi,1,0,1,2,1,False,1,0.8621588945388794
Sphingolipid-BTSPT-Cell-pellet_1__F176,Sphingolipid-BTSPT-Cell-pellet_1,empty,0,0,0,0,0,True,0,0.0
Sphingolipid-BTSPT-Cell-pellet_1__F177,Sphingolipid-BTSPT-Cell-pellet_1,empty,0,1,0,0,1,False,1,0.0
Sphingolipid-BTSPT-Cell-pellet_1__F178,Sphingolipid-BTSPT-Cell-pellet_1,single,1,0,0,1,1,True,0,0.8213796019554138
Sphingolipid-BTSPT-Cell-pellet_1__F179,Sphingolipid-BTSPT-Cell-pellet_1,empty,0,0,0,0,0,True,0,0.0
Sphingolipid-BTSPT-Cell-pellet_1__F18,Sphingolipid-BTSPT-Cell-pellet_1,empty,0,0,0,0,0,True,0,0.0
Sphingolipid-BTSPT-Cell-pellet_1__F180,Sphingolipid-BTSPT-Cell-pellet_1,single,1,0,0,1,1,True,0,0.9404066205024719
Sphingolipid-BTSPT-Cell-pellet_1__F181,Sphingolipid-BTSPT-Cell-pellet_1,empty,0,0,0,0,0,True,0,0.0
Sphingolipid-BTSPT-Cell-pellet_1__F182,Sphingolipid-BTSPT-Cell-pellet_1,empty,0,0,0,0,0,True,0,0.0
Sphingolipid-BTSPT-Cell-pellet_1__F183,Sphingolipid-BTSPT-Cell-pellet_1,multi,1,0,2,3,1,False,2,0.9251258373260498
Sphingolipid-BTSPT-Cell-pellet_1__F184,Sphingolipid-BTSPT-Cell-pellet_1,single,1,0,0,1,1,True,0,0.9220523834228516
Sphingolipid-BTSPT-Cell-pellet_1__F186,Sphingolipid-BTSPT-Cell-pellet_1,single,1,0,0,1,1,True,0,0.9230102896690369
Sphingolipid-BTSPT-Cell-pellet_1__F187,Sphingolipid-BTSPT-Cell-pellet_1,empty,0,0,0,0,0,True,0,0.0
Sphingolipid-BTSPT-Cell-pellet_1__F188,Sphingolipid-BTSPT-Cell-pellet_1,single,1,0,0,1,1,True,0,0.8317188024520874
Sphingolipid-BTSPT-Cell-pellet_1__F189,Sphingolipid-BTSPT-Cell-pellet_1,multi,2,0,0,2,2,True,0,0.8741503953933716
Sphingolipid-BTSPT-Cell-pellet_1__F19,Sphingolipid-BTSPT-Cell-pellet_1,single,1,0,0,1,1,True,0,0.7883928418159485
Sphingolipid-BTSPT-Cell-pellet_1__F190,Sphingolipid-BTSPT-Cell-pellet_1,empty,0,0,0,0,0,True,0,0.0
Sphingolipid-BTSPT-Cell-pellet_1__F191,Sphingolipid-BTSPT-Cell-pellet_1,empty,0,0,0,0,0,True,0,0.0
Sphingolipid-BTSPT-Cell-pellet_1__F192,Sphingolipid-BTSPT-Cell-pellet_1,empty,0,0,0,0,0,True,0,0.0
Sphingolipid-BTSPT-Cell-pellet_1__F193,Sphingolipid-BTSPT-Cell-pellet_1,single,1,0,0,1,1,True,0,0.8285121917724609
Sphingolipid-BTSPT-Cell-pellet_1__F194,Sphingolipid-BTSPT-Cell-pellet_1,multi,1,0,1,2,1,False,1,0.805753767490387
Sphingolipid-BTSPT-Cell-pellet_1__F195,Sphingolipid-BTSPT-Cell-pellet_1,empty,0,0,0,0,0,True,0,0.0
Sphingolipid-BTSPT-Cell-pellet_1__F196,Sphingolipid-BTSPT-Cell-pellet_1,single,1,0,0,1,1,True,0,0.7867745161056519
Sphingolipid-BTSPT-Cell-pellet_1__F197,Sphingolipid-BTSPT-Cell-pellet_1,single,1,0,0,1,1,True,0,0.7367016673088074
Sphingolipid-BTSPT-Cell-pellet_1__F198,Sphingolipid-BTSPT-Cell-pellet_1,empty,0,0,0,0,0,True,0,0.0
Sphingolipid-BTSPT-Cell-pellet_1__F199,Sphingolipid-BTSPT-Cell-pellet_1,empty,0,1,0,0,1,False,1,0.0
Sphingolipid-BTSPT-Cell-pellet_1__F2,Sphingolipid-BTSPT-Cell-pellet_1,single,1,0,0,1,1,True,0,0.7676587104797363
Sphingolipid-BTSPT-Cell-pellet_1__F20,Sphingolipid-BTSPT-Cell-pellet_1,empty,0,0,0,0,0,True,0,0.0
Sphingolipid-BTSPT-Cell-pellet_1__F200,Sphingolipid-BTSPT-Cell-pellet_1,empty,0,0,0,0,0,True,0,0.0
Sphingolipid-BTSPT-Cell-pellet_1__F201,Sphingolipid-BTSPT-Cell-pellet_1,empty,0,1,0,0,1,False,1,0.0
Sphingolipid-BTSPT-Cell-pellet_1__F202,Sphingolipid-BTSPT-Cell-pellet_1,empty,0,1,0,0,1,False,1,0.0
Sphingolipid-BTSPT-Cell-pellet_1__F203,Sphingolipid-BTSPT-Cell-pellet_1,single,0,0,1,1,0,False,1,0.0
Sphingolipid-BTSPT-Cell-pellet_1__F204,Sphingolipid-BTSPT-Cell-pellet_1,single,1,0,0,1,1,True,0,0.7618394494056702
Sphingolipid-BTSPT-Cell-pellet_1__F205,Sphingolipid-BTSPT-Cell-pellet_1,single,1,0,0,1,1,True,0,0.7801706194877625
Sphingolipid-BTSPT-Cell-pellet_1__F207,Sphingolipid-BTSPT-Cell-pellet_1,empty,0,0,0,0,0,True,0,0.0
Sphingolipid-BTSPT-Cell-pellet_1__F208,Sphingolipid-BTSPT-Cell-pellet_1,empty,0,0,0,0,0,True,0,0.0
Sphingolipid-BTSPT-Cell-pellet_1__F209,Sphingolipid-BTSPT-Cell-pellet_1,empty,0,0,0,0,0,True,0,0.0
Sphingolipid-BTSPT-Cell-pellet_1__F21,Sphingolipid-BTSPT-Cell-pellet_1,empty,0,0,0,0,0,True,0,0.0
Sphingolipid-BTSPT-Cell-pellet_1__F210,Sphingolipid-BTSPT-Cell-pellet_1,single,1,0,0,1,1,True,0,0.8401455283164978
Sphingolipid-BTSPT-Cell-pellet_1__F211,Sphingolipid-BTSPT-Cell-pellet_1,single,1,0,0,1,1,True,0,0.9365350008010864
Sphingolipid-BTSPT-Cell-pellet_1__F212,Sphingolipid-BTSPT-Cell-pellet_1,empty,0,0,0,0,0,True,0,0.0
Sphingolipid-BTSPT-Cell-pellet_1__F213,Sphingolipid-BTSPT-Cell-pellet_1,single,1,0,0,1,1,True,0,0.8714147806167603
Sphingolipid-BTSPT-Cell-pellet_1__F214,Sphingolipid-BTSPT-Cell-pellet_1,empty,0,0,0,0,0,True,0,0.0
Sphingolipid-BTSPT-Cell-pellet_1__F215,Sphingolipid-BTSPT-Cell-pellet_1,single,1,0,0,1,1,True,0,0.8617692589759827
Sphingolipid-BTSPT-Cell-pellet_1__F216,Sphingolipid-BTSPT-Cell-pellet_1,single,1,0,0,1,1,True,0,0.902244508266449
Sphingolipid-BTSPT-Cell-pellet_1__F217,Sphingolipid-BTSPT-Cell-pellet_1,single,1,0,0,1,1,True,0,0.9397906064987183
Sphingolipid-BTSPT-Cell-pellet_1__F218,Sphingolipid-BTSPT-Cell-pellet_1,empty,0,0,0,0,0,True,0,0.0
Sphingolipid-BTSPT-Cell-pellet_1__F219,Sphingolipid-BTSPT-Cell-pellet_1,empty,0,1,0,0,1,False,1,0.0
Sphingolipid-BTSPT-Cell-pellet_1__F22,Sphingolipid-BTSPT-Cell-pellet_1,empty,0,0,0,0,0,True,0,0.0
Sphingolipid-BTSPT-Cell-pellet_1__F220,Sphingolipid-BTSPT-Cell-pellet_1,single,1,0,0,1,1,True,0,0.7300055027008057
Sphingolipid-BTSPT-Cell-pellet_1__F221,Sphingolipid-BTSPT-Cell-pellet_1,empty,0,0,0,0,0,True,0,0.0
Sphingolipid-BTSPT-Cell-pellet_1__F222,Sphingolipid-BTSPT-Cell-pellet_1,empty,0,0,0,0,0,True,0,0.0
Sphingolipid-BTSPT-Cell-pellet_1__F224,Sphingolipid-BTSPT-Cell-pellet_1,empty,0,1,0,0,1,False,1,0.0
Sphingolipid-BTSPT-Cell-pellet_1__F225,Sphingolipid-BTSPT-Cell-pellet_1,empty,0,0,0,0,0,True,0,0.0
Sphingolipid-BTSPT-Cell-pellet_1__F226,Sphingolipid-BTSPT-Cell-pellet_1,empty,0,0,0,0,0,True,0,0.0
Sphingolipid-BTSPT-Cell-pellet_1__F227,Sphingolipid-BTSPT-Cell-pellet_1,multi,2,0,0,2,2,True,0,0.881530225276947
Sphingolipid-BTSPT-Cell-pellet_1__F228,Sphingolipid-BTSPT-Cell-pellet_1,single,1,0,0,1,1,True,0,0.8631192445755005
Sphingolipid-BTSPT-Cell-pellet_1__F229,Sphingolipid-BTSPT-Cell-pellet_1,single,0,0,1,1,0,False,1,0.0
Sphingolipid-BTSPT-Cell-pellet_1__F23,Sphingolipid-BTSPT-Cell-pellet_1,single,1,0,0,1,1,True,0,0.949082612991333
Sphingolipid-BTSPT-Cell-pellet_1__F230,Sphingolipid-BTSPT-Cell-pellet_1,empty,0,0,0,0,0,True,0,0.0
Sphingolipid-BTSPT-Cell-pellet_1__F231,Sphingolipid-BTSPT-Cell-pellet_1,empty,0,0,0,0,0,True,0,0.0
Sphingolipid-BTSPT-Cell-pellet_1__F232,Sphingolipid-BTSPT-Cell-pellet_1,empty,0,0,0,0,0,True,0,0.0
Sphingolipid-BTSPT-Cell-pellet_1__F233,Sphingolipid-BTSPT-Cell-pellet_1,single,1,0,0,1,1,True,0,0.8614261150360107
Sphingolipid-BTSPT-Cell-pellet_1__F234,Sphingolipid-BTSPT-Cell-pellet_1,multi,1,0,2,3,1,False,2,0.837540864944458
Sphingolipid-BTSPT-Cell-pellet_1__F235,Sphingolipid-BTSPT-Cell-pellet_1,empty,0,0,0,0,0,True,0,0.0
Sphingolipid-BTSPT-Cell-pellet_1__F236,Sphingolipid-BTSPT-Cell-pellet_1,single,1,0,0,1,1,True,0,0.7175241112709045
Sphingolipid-BTSPT-Cell-pellet_1__F237,Sphingolipid-BTSPT-Cell-pellet_1,multi,2,0,0,2,2,True,0,0.8952237665653229
Sphingolipid-BTSPT-Cell-pellet_1__F238,Sphingolipid-BTSPT-Cell-pellet_1,single,1,0,0,1,1,True,0,0.8474562168121338
Sphingolipid-BTSPT-Cell-pellet_1__F239,Sphingolipid-BTSPT-Cell-pellet_1,single,1,0,0,1,1,True,0,0.9423814415931702
Sphingolipid-BTSPT-Cell-pellet_1__F24,Sphingolipid-BTSPT-Cell-pellet_1,single,1,0,0,1,1,True,0,0.9230949878692627
Sphingolipid-BTSPT-Cell-pellet_1__F240,Sphingolipid-BTSPT-Cell-pellet_1,single,1,0,0,1,1,True,0,0.8828229904174805
Sphingolipid-BTSPT-Cell-pellet_1__F241,Sphingolipid-BTSPT-Cell-pellet_1,single,1,0,0,1,1,True,0,0.8915150761604309
Sphingolipid-BTSPT-Cell-pellet_1__F242,Sphingolipid-BTSPT-Cell-pellet_1,single,1,0,0,1,1,True,0,0.7965138554573059
Sphingolipid-BTSPT-Cell-pellet_1__F243,Sphingolipid-BTSPT-Cell-pellet_1,multi,2,1,0,2,3,False,1,0.8684494495391846
Sphingolipid-BTSPT-Cell-pellet_1__F244,Sphingolipid-BTSPT-Cell-pellet_1,single,0,0,1,1,0,False,1,0.0
Sphingolipid-BTSPT-Cell-pellet_1__F245,Sphingolipid-BTSPT-Cell-pellet_1,empty,0,1,0,0,1,False,1,0.0
Sphingolipid-BTSPT-Cell-pellet_1__F246,Sphingolipid-BTSPT-Cell-pellet_1,empty,0,0,0,0,0,True,0,0.0
Sphingolipid-BTSPT-Cell-pellet_1__F247,Sphingolipid-BTSPT-Cell-pellet_1,single,1,0,0,1,1,True,0,0.8843735456466675
Sphingolipid-BTSPT-Cell-pellet_1__F248,Sphingolipid-BTSPT-Cell-pellet_1,single,0,0,1,1,0,False,1,0.0
Sphingolipid-BTSPT-Cell-pellet_1__F249,Sphingolipid-BTSPT-Cell-pellet_1,empty,0,0,0,0,0,True,0,0.0
Sphingolipid-BTSPT-Cell-pellet_1__F25,Sphingolipid-BTSPT-Cell-pellet_1,multi,2,0,0,2,2,True,0,0.867832750082016
Sphingolipid-BTSPT-Cell-pellet_1__F250,Sphingolipid-BTSPT-Cell-pellet_1,empty,0,0,0,0,0,True,0,0.0
Sphingolipid-BTSPT-Cell-pellet_1__F251,Sphingolipid-BTSPT-Cell-pellet_1,empty,0,0,0,0,0,True,0,0.0
Sphingolipid-BTSPT-Cell-pellet_1__F252,Sphingolipid-BTSPT-Cell-pellet_1,single,1,0,0,1,1,True,0,0.867933452129364
Sphingolipid-BTSPT-Cell-pellet_1__F253,Sphingolipid-BTSPT-Cell-pellet_1,empty,0,0,0,0,0,True,0,0.0
Sphingolipid-BTSPT-Cell-pellet_1__F254,Sphingolipid-BTSPT-Cell-pellet_1,single,1,0,0,1,1,True,0,0.7309811115264893
Sphingolipid-BTSPT-Cell-pellet_1__F255,Sphingolipid-BTSPT-Cell-pellet_1,single,1,0,0,1,1,True,0,0.7629749178886414
Sphingolipid-BTSPT-Cell-pellet_1__F256,Sphingolipid-BTSPT-Cell-pellet_1,empty,0,1,0,0,1,False,1,0.0
Sphingolipid-BTSPT-Cell-pellet_1__F257,Sphingolipid-BTSPT-Cell-pellet_1,empty,0,1,0,0,1,False,1,0.0
Sphingolipid-BTSPT-Cell-pellet_1__F258,Sphingolipid-BTSPT-Cell-pellet_1,empty,0,0,0,0,0,True,0,0.0
Sphingolipid-BTSPT-Cell-pellet_1__F259,Sphingolipid-BTSPT-Cell-pellet_1,single,1,0,0,1,1,True,0,0.822013258934021
Sphingolipid-BTSPT-Cell-pellet_1__F26,Sphingolipid-BTSPT-Cell-pellet_1,single,1,0,0,1,1,True,0,0.7579098343849182
Sphingolipid-BTSPT-Cell-pellet_1__F260,Sphingolipid-BTSPT-Cell-pellet_1,empty,0,0,0,0,0,True,0,0.0
Sphingolipid-BTSPT-Cell-pellet_1__F261,Sphingolipid-BTSPT-Cell-pellet_1,multi,0,0,2,2,0,False,2,0.0
Sphingolipid-BTSPT-Cell-pellet_1__F262,Sphingolipid-BTSPT-Cell-pellet_1,single,1,0,0,1,1,True,0,0.7639438509941101
Sphingolipid-BTSPT-Cell-pellet_1__F263,Sphingolipid-BTSPT-Cell-pellet_1,single,1,0,0,1,1,True,0,0.8967841267585754
Sphingolipid-BTSPT-Cell-pellet_1__F264,Sphingolipid-BTSPT-Cell-pellet_1,single,1,0,0,1,1,True,0,0.8130879998207092
Sphingolipid-BTSPT-Cell-pellet_1__F265,Sphingolipid-BTSPT-Cell-pellet_1,empty,0,0,0,0,0,True,0,0.0
Sphingolipid-BTSPT-Cell-pellet_1__F266,Sphingolipid-BTSPT-Cell-pellet_1,single,1,0,0,1,1,True,0,0.7057347297668457
Sphingolipid-BTSPT-Cell-pellet_1__F267,Sphingolipid-BTSPT-Cell-pellet_1,single,1,0,0,1,1,True,0,0.9183127284049988
Sphingolipid-BTSPT-Cell-pellet_1__F268,Sphingolipid-BTSPT-Cell-pellet_1,empty,0,0,0,0,0,True,0,0.0
Sphingolipid-BTSPT-Cell-pellet_1__F27,Sphingolipid-BTSPT-Cell-pellet_1,empty,0,0,0,0,0,True,0,0.0
Sphingolipid-BTSPT-Cell-pellet_1__F270,Sphingolipid-BTSPT-Cell-pellet_1,empty,0,0,0,0,0,True,0,0.0
Sphingolipid-BTSPT-Cell-pellet_1__F271,Sphingolipid-BTSPT-Cell-pellet_1,single,1,0,0,1,1,True,0,0.8326930403709412
Sphingolipid-BTSPT-Cell-pellet_1__F272,Sphingolipid-BTSPT-Cell-pellet_1,single,1,0,0,1,1,True,0,0.8868096470832825
Sphingolipid-BTSPT-Cell-pellet_1__F273,Sphingolipid-BTSPT-Cell-pellet_1,empty,0,0,0,0,0,True,0,0.0
Sphingolipid-BTSPT-Cell-pellet_1__F274,Sphingolipid-BTSPT-Cell-pellet_1,empty,0,0,0,0,0,True,0,0.0
Sphingolipid-BTSPT-Cell-pellet_1__F275,Sphingolipid-BTSPT-Cell-pellet_1,single,1,0,0,1,1,True,0,0.9099205732345581
Sphingolipid-BTSPT-Cell-pellet_1__F276,Sphingolipid-BTSPT-Cell-pellet_1,empty,0,0,0,0,0,True,0,0.0
Sphingolipid-BTSPT-Cell-pellet_1__F277,Sphingolipid-BTSPT-Cell-pellet_1,empty,0,0,0,0,0,True,0,0.0
Sphingolipid-BTSPT-Cell-pellet_1__F278,Sphingolipid-BTSPT-Cell-pellet_1,single,1,0,0,1,1,True,0,0.9269325137138367
Sphingolipid-BTSPT-Cell-pellet_1__F279,Sphingolipid-BTSPT-Cell-pellet_1,single,1,0,0,1,1,True,0,0.8193275332450867
Sphingolipid-BTSPT-Cell-pellet_1__F28,Sphingolipid-BTSPT-Cell-pellet_1,single,1,0,0,1,1,True,0,0.8250195980072021
Sphingolipid-BTSPT-Cell-pellet_1__F280,Sphingolipid-BTSPT-Cell-pellet_1,empty,0,0,0,0,0,True,0,0.0
Sphingolipid-BTSPT-Cell-pellet_1__F281,Sphingolipid-BTSPT-Cell-pellet_1,empty,0,1,0,0,1,False,1,0.0
Sphingolipid-BTSPT-Cell-pellet_1__F282,Sphingolipid-BTSPT-Cell-pellet_1,empty,0,0,0,0,0,True,0,0.0
Sphingolipid-BTSPT-Cell-pellet_1__F283,Sphingolipid-BTSPT-Cell-pellet_1,empty,0,1,0,0,1,False,1,0.0
Sphingolipid-BTSPT-Cell-pellet_1__F284,Sphingolipid-BTSPT-Cell-pellet_1,empty,0,1,0,0,1,False,1,0.0
Sphingolipid-BTSPT-Cell-pellet_1__F285,Sphingolipid-BTSPT-Cell-pellet_1,empty,0,0,0,0,0,True,0,0.0
Sphingolipid-BTSPT-Cell-pellet_1__F286,Sphingolipid-BTSPT-Cell-pellet_1,single,1,0,0,1,1,True,0,0.8857043981552124
Sphingolipid-BTSPT-Cell-pellet_1__F287,Sphingolipid-BTSPT-Cell-pellet_1,single,1,0,0,1,1,True,0,0.8497459888458252
Sphingolipid-BTSPT-Cell-pellet_1__F288,Sphingolipid-BTSPT-Cell-pellet_1,multi,2,0,0,2,2,True,0,0.9018799662590027
Sphingolipid-BTSPT-Cell-pellet_1__F289,Sphingolipid-BTSPT-Cell-pellet_1,single,1,0,0,1,1,True,0,0.8495646715164185
Sphingolipid-BTSPT-Cell-pellet_1__F29,Sphingolipid-BTSPT-Cell-pellet_1,empty,0,0,0,0,0,True,0,0.0
Sphingolipid-BTSPT-Cell-pellet_1__F290,Sphingolipid-BTSPT-Cell-pellet_1,empty,0,0,0,0,0,True,0,0.0
Sphingolipid-BTSPT-Cell-pellet_1__F291,Sphingolipid-BTSPT-Cell-pellet_1,single,1,0,0,1,1,True,0,0.8522282242774963
Sphingolipid-BTSPT-Cell-pellet_1__F292,Sphingolipid-BTSPT-Cell-pellet_1,single,1,0,0,1,1,True,0,0.7297066450119019
Sphingolipid-BTSPT-Cell-pellet_1__F293,Sphingolipid-BTSPT-Cell-pellet_1,empty,0,0,0,0,0,True,0,0.0
Sphingolipid-BTSPT-Cell-pellet_1__F294,Sphingolipid-BTSPT-Cell-pellet_1,empty,0,0,0,0,0,True,0,0.0
Sphingolipid-BTSPT-Cell-pellet_1__F296,Sphingolipid-BTSPT-Cell-pellet_1,empty,0,0,0,0,0,True,0,0.0
Sphingolipid-BTSPT-Cell-pellet_1__F297,Sphingolipid-BTSPT-Cell-pellet_1,empty,0,0,0,0,0,True,0,0.0
Sphingolipid-BTSPT-Cell-pellet_1__F298,Sphingolipid-BTSPT-Cell-pellet_1,empty,0,0,0,0,0,True,0,0.0
Sphingolipid-BTSPT-Cell-pellet_1__F299,Sphingolipid-BTSPT-Cell-pellet_1,empty,0,0,0,0,0,True,0,0.0
Sphingolipid-BTSPT-Cell-pellet_1__F3,Sphingolipid-BTSPT-Cell-pellet_1,single,1,0,0,1,1,True,0,0.839590311050415
Sphingolipid-BTSPT-Cell-pellet_1__F30,Sphingolipid-BTSPT-Cell-pellet_1,empty,0,1,0,0,1,False,1,0.0
Sphingolipid-BTSPT-Cell-pellet_1__F300,Sphingolipid-BTSPT-Cell-pellet_1,empty,0,0,0,0,0,True,0,0.0
Sphingolipid-BTSPT-Cell-pellet_1__F301,Sphingolipid-BTSPT-Cell-pellet_1,single,1,0,0,1,1,True,0,0.852961003780365
Sphingolipid-BTSPT-Cell-pellet_1__F302,Sphingolipid-BTSPT-Cell-pellet_1,single,1,0,0,1,1,True,0,0.722356915473938
Sphingolipid-BTSPT-Cell-pellet_1__F303,Sphingolipid-BTSPT-Cell-pellet_1,empty,0,0,0,0,0,True,0,0.0
Sphingolipid-BTSPT-Cell-pellet_1__F304,Sphingolipid-BTSPT-Cell-pellet_1,single,1,0,0,1,1,True,0,0.8529747128486633
Sphingolipid-BTSPT-Cell-pellet_1__F305,Sphingolipid-BTSPT-Cell-pellet_1,empty,0,0,0,0,0,True,0,0.0
Sphingolipid-BTSPT-Cell-pellet_1__F306,Sphingolipid-BTSPT-Cell-pellet_1,empty,0,0,0,0,0,True,0,0.0
Sphingolipid-BTSPT-Cell-pellet_1__F307,Sphingolipid-BTSPT-Cell-pellet_1,single,1,0,0,1,1,True,0,0.8346537947654724
Sphingolipid-BTSPT-Cell-pellet_1__F308,Sphingolipid-BTSPT-Cell-pellet_1,single,1,0,0,1,1,True,0,0.8295109868049622
Sphingolipid-BTSPT-Cell-pellet_1__F309,Sphingolipid-BTSPT-Cell-pellet_1,empty,0,0,0,0,0,True,0,0.0
Sphingolipid-BTSPT-Cell-pellet_1__F31,Sphingolipid-BTSPT-Cell-pellet_1,single,1,0,0,1,1,True,0,0.7559633255004883
Sphingolipid-BTSPT-Cell-pellet_1__F310,Sphingolipid-BTSPT-Cell-pellet_1,empty,0,0,0,0,0,True,0,0.0
Sphingolipid-BTSPT-Cell-pellet_1__F311,Sphingolipid-BTSPT-Cell-pellet_1,empty,0,0,0,0,0,True,0,0.0
Sphingolipid-BTSPT-Cell-pellet_1__F312,Sphingolipid-BTSPT-Cell-pellet_1,single,1,0,0,1,1,True,0,0.8448623418807983
Sphingolipid-BTSPT-Cell-pellet_1__F313,Sphingolipid-BTSPT-Cell-pellet_1,single,1,0,0,1,1,True,0,0.7618128061294556
Sphingolipid-BTSPT-Cell-pellet_1__F314,Sphingolipid-BTSPT-Cell-pellet_1,empty,0,0,0,0,0,True,0,0.0
Sphingolipid-BTSPT-Cell-pellet_1__F316,Sphingolipid-BTSPT-Cell-pellet_1,empty,0,0,0,0,0,True,0,0.0
Sphingolipid-BTSPT-Cell-pellet_1__F317,Sphingolipid-BTSPT-Cell-pellet_1,single,1,0,0,1,1,True,0,0.8581478595733643
Sphingolipid-BTSPT-Cell-pellet_1__F318,Sphingolipid-BTSPT-Cell-pellet_1,empty,0,0,0,0,0,True,0,0.0
Sphingolipid-BTSPT-Cell-pellet_1__F319,Sphingolipid-BTSPT-Cell-pellet_1,single,1,0,0,1,1,True,0,0.8520870804786682
Sphingolipid-BTSPT-Cell-pellet_1__F32,Sphingolipid-BTSPT-Cell-pellet_1,single,0,0,1,1,0,False,1,0.0
Sphingolipid-BTSPT-Cell-pellet_1__F320,Sphingolipid-BTSPT-Cell-pellet_1,single,1,0,0,1,1,True,0,0.7308109998703003
Sphingolipid-BTSPT-Cell-pellet_1__F321,Sphingolipid-BTSPT-Cell-pellet_1,empty,0,0,0,0,0,True,0,0.0
Sphingolipid-BTSPT-Cell-pellet_1__F322,Sphingolipid-BTSPT-Cell-pellet_1,single,1,1,0,1,2,False,1,0.9208463430404663
Sphingolipid-BTSPT-Cell-pellet_1__F323,Sphingolipid-BTSPT-Cell-pellet_1,empty,0,0,0,0,0,True,0,0.0
Sphingolipid-BTSPT-Cell-pellet_1__F324,Sphingolipid-BTSPT-Cell-pellet_1,empty,0,0,0,0,0,True,0,0.0
Sphingolipid-BTSPT-Cell-pellet_1__F325,Sphingolipid-BTSPT-Cell-pellet_1,multi,2,0,1,3,2,False,1,0.775834709405899
Sphingolipid-BTSPT-Cell-pellet_1__F326,Sphingolipid-BTSPT-Cell-pellet_1,empty,0,0,0,0,0,True,0,0.0
Sphingolipid-BTSPT-Cell-pellet_1__F327,Sphingolipid-BTSPT-Cell-pellet_1,single,1,0,0,1,1,True,0,0.8691351413726807
Sphingolipid-BTSPT-Cell-pellet_1__F328,Sphingolipid-BTSPT-Cell-pellet_1,empty,0,0,0,0,0,True,0,0.0
Sphingolipid-BTSPT-Cell-pellet_1__F329,Sphingolipid-BTSPT-Cell-pellet_1,single,1,0,0,1,1,True,0,0.8083202838897705
Sphingolipid-BTSPT-Cell-pellet_1__F33,Sphingolipid-BTSPT-Cell-pellet_1,single,1,0,0,1,1,True,0,0.818103551864624
Sphingolipid-BTSPT-Cell-pellet_1__F330,Sphingolipid-BTSPT-Cell-pellet_1,empty,0,0,0,0,0,True,0,0.0
Sphingolipid-BTSPT-Cell-pellet_1__F331,Sphingolipid-BTSPT-Cell-pellet_1,multi,2,0,0,2,2,True,0,0.8618331551551819
Sphingolipid-BTSPT-Cell-pellet_1__F332,Sphingolipid-BTSPT-Cell-pellet_1,multi,2,0,0,2,2,True,0,0.8951926529407501
Sphingolipid-BTSPT-Cell-pellet_1__F333,Sphingolipid-BTSPT-Cell-pellet_1,single,1,0,0,1,1,True,0,0.9379705190658569
Sphingolipid-BTSPT-Cell-pellet_1__F335,Sphingolipid-BTSPT-Cell-pellet_1,empty,0,0,0,0,0,True,0,0.0
Sphingolipid-BTSPT-Cell-pellet_1__F336,Sphingolipid-BTSPT-Cell-pellet_1,empty,0,0,0,0,0,True,0,0.0
Sphingolipid-BTSPT-Cell-pellet_1__F337,Sphingolipid-BTSPT-Cell-pellet_1,single,1,0,0,1,1,True,0,0.8194431066513062
Sphingolipid-BTSPT-Cell-pellet_1__F338,Sphingolipid-BTSPT-Cell-pellet_1,single,1,0,0,1,1,True,0,0.8375905752182007
Sphingolipid-BTSPT-Cell-pellet_1__F339,Sphingolipid-BTSPT-Cell-pellet_1,empty,0,0,0,0,0,True,0,0.0
Sphingolipid-BTSPT-Cell-pellet_1__F34,Sphingolipid-BTSPT-Cell-pellet_1,empty,0,0,0,0,0,True,0,0.0
Sphingolipid-BTSPT-Cell-pellet_1__F340,Sphingolipid-BTSPT-Cell-pellet_1,single,1,0,0,1,1,True,0,0.9434022903442383
Sphingolipid-BTSPT-Cell-pellet_1__F341,Sphingolipid-BTSPT-Cell-pellet_1,single,1,0,0,1,1,True,0,0.8527560830116272
Sphingolipid-BTSPT-Cell-pellet_1__F342,Sphingolipid-BTSPT-Cell-pellet_1,empty,0,0,0,0,0,True,0,0.0
Sphingolipid-BTSPT-Cell-pellet_1__F343,Sphingolipid-BTSPT-Cell-pellet_1,empty,0,0,0,0,0,True,0,0.0
Sphingolipid-BTSPT-Cell-pellet_1__F344,Sphingolipid-BTSPT-Cell-pellet_1,empty,0,0,0,0,0,True,0,0.0
Sphingolipid-BTSPT-Cell-pellet_1__F345,Sphingolipid-BTSPT-Cell-pellet_1,empty,0,1,0,0,1,False,1,0.0
Sphingolipid-BTSPT-Cell-pellet_1__F346,Sphingolipid-BTSPT-Cell-pellet_1,empty,0,0,0,0,0,True,0,0.0
Sphingolipid-BTSPT-Cell-pellet_1__F347,Sphingolipid-BTSPT-Cell-pellet_1,empty,0,0,0,0,0,True,0,0.0
Sphingolipid-BTSPT-Cell-pellet_1__F348,Sphingolipid-BTSPT-Cell-pellet_1,empty,0,1,0,0,1,False,1,0.0
Sphingolipid-BTSPT-Cell-pellet_1__F349,Sphingolipid-BTSPT-Cell-pellet_1,empty,0,0,0,0,0,True,0,0.0
Sphingolipid-BTSPT-Cell-pellet_1__F35,Sphingolipid-BTSPT-Cell-pellet_1,single,1,0,0,1,1,True,0,0.817351758480072
Sphingolipid-BTSPT-Cell-pellet_1__F350,Sphingolipid-BTSPT-Cell-pellet_1,single,1,0,0,1,1,True,0,0.8667458891868591
Sphingolipid-BTSPT-Cell-pellet_1__F351,Sphingolipid-BTSPT-Cell-pellet_1,empty,0,0,0,0,0,True,0,0.0
Sphingolipid-BTSPT-Cell-pellet_1__F352,Sphingolipid-BTSPT-Cell-pellet_1,empty,0,0,0,0,0,True,0,0.0
Sphingolipid-BTSPT-Cell-pellet_1__F353,Sphingolipid-BTSPT-Cell-pellet_1,single,1,0,0,1,1,True,0,0.7778946757316589
Sphingolipid-BTSPT-Cell-pellet_1__F354,Sphingolipid-BTSPT-Cell-pellet_1,empty,0,0,0,0,0,True,0,0.0
Sphingolipid-BTSPT-Cell-pellet_1__F355,Sphingolipid-BTSPT-Cell-pellet_1,single,1,0,0,1,1,True,0,0.9793171882629395
Sphingolipid-BTSPT-Cell-pellet_1__F356,Sphingolipid-BTSPT-Cell-pellet_1,single,1,0,0,1,1,True,0,0.8843826055526733
Sphingolipid-BTSPT-Cell-pellet_1__F357,Sphingolipid-BTSPT-Cell-pellet_1,single,0,0,1,1,0,False,1,0.0
Sphingolipid-BTSPT-Cell-pellet_1__F358,Sphingolipid-BTSPT-Cell-pellet_1,empty,0,0,0,0,0,True,0,0.0
Sphingolipid-BTSPT-Cell-pellet_1__F359,Sphingolipid-BTSPT-Cell-pellet_1,single,1,0,0,1,1,True,0,0.9454365372657776
Sphingolipid-BTSPT-Cell-pellet_1__F36,Sphingolipid-BTSPT-Cell-pellet_1,empty,0,0,0,0,0,True,0,0.0
Sphingolipid-BTSPT-Cell-pellet_1__F360,Sphingolipid-BTSPT-Cell-pellet_1,empty,0,0,0,0,0,True,0,0.0
Sphingolipid-BTSPT-Cell-pellet_1__F361,Sphingolipid-BTSPT-Cell-pellet_1,single,1,0,0,1,1,True,0,0.9596768617630005
Sphingolipid-BTSPT-Cell-pellet_1__F362,Sphingolipid-BTSPT-Cell-pellet_1,empty,0,0,0,0,0,True,0,0.0
Sphingolipid-BTSPT-Cell-pellet_1__F363,Sphingolipid-BTSPT-Cell-pellet_1,empty,0,0,0,0,0,True,0,0.0
Sphingolipid-BTSPT-Cell-pellet_1__F364,Sphingolipid-BTSPT-Cell-pellet_1,empty,0,0,0,0,0,True,0,0.0
Sphingolipid-BTSPT-Cell-pellet_1__F365,Sphingolipid-BTSPT-Cell-pellet_1,single,1,0,0,1,1,True,0,0.5448556542396545
Sphingolipid-BTSPT-Cell-pellet_1__F366,Sphingolipid-BTSPT-Cell-pellet_1,empty,0,0,0,0,0,True,0,0.0
Sphingolipid-BTSPT-Cell-pellet_1__F367,Sphingolipid-BTSPT-Cell-pellet_1,empty,0,0,0,0,0,True,0,0.0
Sphingolipid-BTSPT-Cell-pellet_1__F368,Sphingolipid-BTSPT-Cell-pellet_1,single,1,0,0,1,1,True,0,0.8718279600143433
Sphingolipid-BTSPT-Cell-pellet_1__F369,Sphingolipid-BTSPT-Cell-pellet_1,single,1,0,0,1,1,True,0,0.8413339853286743
Sphingolipid-BTSPT-Cell-pellet_1__F37,Sphingolipid-BTSPT-Cell-pellet_1,single,1,0,0,1,1,True,0,0.7964491248130798
Sphingolipid-BTSPT-Cell-pellet_1__F370,Sphingolipid-BTSPT-Cell-pellet_1,single,1,0,0,1,1,True,0,0.8706152439117432
Sphingolipid-BTSPT-Cell-pellet_1__F371,Sphingolipid-BTSPT-Cell-pellet_1,multi,2,0,0,2,2,True,0,0.9166865348815918
Sphingolipid-BTSPT-Cell-pellet_1__F372,Sphingolipid-BTSPT-Cell-pellet_1,single,1,0,0,1,1,True,0,0.6336669921875
Sphingolipid-BTSPT-Cell-pellet_1__F373,Sphingolipid-BTSPT-Cell-pellet_1,single,1,0,0,1,1,True,0,0.6725071668624878
Sphingolipid-BTSPT-Cell-pellet_1__F374,Sphingolipid-BTSPT-Cell-pellet_1,empty,0,0,0,0,0,True,0,0.0
Sphingolipid-BTSPT-Cell-pellet_1__F375,Sphingolipid-BTSPT-Cell-pellet_1,empty,0,0,0,0,0,True,0,0.0
Sphingolipid-BTSPT-Cell-pellet_1__F376,Sphingolipid-BTSPT-Cell-pellet_1,single,1,0,0,1,1,True,0,0.852501630783081
Sphingolipid-BTSPT-Cell-pellet_1__F377,Sphingolipid-BTSPT-Cell-pellet_1,empty,0,0,0,0,0,True,0,0.0
Sphingolipid-BTSPT-Cell-pellet_1__F378,Sphingolipid-BTSPT-Cell-pellet_1,empty,0,1,0,0,1,False,1,0.0
Sphingolipid-BTSPT-Cell-pellet_1__F379,Sphingolipid-BTSPT-Cell-pellet_1,single,0,1,1,1,1,True,0,0.0
Sphingolipid-BTSPT-Cell-pellet_1__F38,Sphingolipid-BTSPT-Cell-pellet_1,single,0,0,1,1,0,False,1,0.0
Sphingolipid-BTSPT-Cell-pellet_1__F380,Sphingolipid-BTSPT-Cell-pellet_1,empty,0,0,0,0,0,True,0,0.0
Sphingolipid-BTSPT-Cell-pellet_1__F381,Sphingolipid-BTSPT-Cell-pellet_1,empty,0,0,0,0,0,True,0,0.0
Sphingolipid-BTSPT-Cell-pellet_1__F382,Sphingolipid-BTSPT-Cell-pellet_1,single,1,0,0,1,1,True,0,0.8801321387290955
Sphingolipid-BTSPT-Cell-pellet_1__F383,Sphingolipid-BTSPT-Cell-pellet_1,single,1,0,0,1,1,True,0,0.8150946497917175
Sphingolipid-BTSPT-Cell-pellet_1__F384,Sphingolipid-BTSPT-Cell-pellet_1,empty,0,0,0,0,0,True,0,0.0
Sphingolipid-BTSPT-Cell-pellet_1__F385,Sphingolipid-BTSPT-Cell-pellet_1,empty,0,0,0,0,0,True,0,0.0
Sphingolipid-BTSPT-Cell-pellet_1__F386,Sphingolipid-BTSPT-Cell-pellet_1,empty,0,0,0,0,0,True,0,0.0
Sphingolipid-BTSPT-Cell-pellet_1__F387,Sphingolipid-BTSPT-Cell-pellet_1,empty,0,0,0,0,0,True,0,0.0
Sphingolipid-BTSPT-Cell-pellet_1__F388,Sphingolipid-BTSPT-Cell-pellet_1,single,1,0,0,1,1,True,0,0.8577776551246643
Sphingolipid-BTSPT-Cell-pellet_1__F389,Sphingolipid-BTSPT-Cell-pellet_1,single,1,0,0,1,1,True,0,0.7750217318534851
Sphingolipid-BTSPT-Cell-pellet_1__F39,Sphingolipid-BTSPT-Cell-pellet_1,empty,0,0,0,0,0,True,0,0.0
Sphingolipid-BTSPT-Cell-pellet_1__F390,Sphingolipid-BTSPT-Cell-pellet_1,empty,0,1,0,0,1,False,1,0.0
Sphingolipid-BTSPT-Cell-pellet_1__F391,Sphingolipid-BTSPT-Cell-pellet_1,multi,0,2,2,2,2,True,0,0.0
Sphingolipid-BTSPT-Cell-pellet_1__F392,Sphingolipid-BTSPT-Cell-pellet_1,empty,0,0,0,0,0,True,0,0.0
Sphingolipid-BTSPT-Cell-pellet_1__F393,Sphingolipid-BTSPT-Cell-pellet_1,single,1,0,0,1,1,True,0,0.9111150503158569
Sphingolipid-BTSPT-Cell-pellet_1__F394,Sphingolipid-BTSPT-Cell-pellet_1,empty,0,0,0,0,0,True,0,0.0
Sphingolipid-BTSPT-Cell-pellet_1__F395,Sphingolipid-BTSPT-Cell-pellet_1,single,1,0,0,1,1,True,0,0.8368378281593323
Sphingolipid-BTSPT-Cell-pellet_1__F396,Sphingolipid-BTSPT-Cell-pellet_1,empty,0,0,0,0,0,True,0,0.0
Sphingolipid-BTSPT-Cell-pellet_1__F397,Sphingolipid-BTSPT-Cell-pellet_1,single,1,0,0,1,1,True,0,0.8477784991264343
Sphingolipid-BTSPT-Cell-pellet_1__F398,Sphingolipid-BTSPT-Cell-pellet_1,empty,0,0,0,0,0,True,0,0.0
Sphingolipid-BTSPT-Cell-pellet_1__F399,Sphingolipid-BTSPT-Cell-pellet_1,empty,0,0,0,0,0,True,0,0.0
Sphingolipid-BTSPT-Cell-pellet_1__F4,Sphingolipid-BTSPT-Cell-pellet_1,empty,0,0,0,0,0,True,0,0.0
Sphingolipid-BTSPT-Cell-pellet_1__F40,Sphingolipid-BTSPT-Cell-pellet_1,empty,0,0,0,0,0,True,0,0.0
Sphingolipid-BTSPT-Cell-pellet_1__F400,Sphingolipid-BTSPT-Cell-pellet_1,single,1,0,0,1,1,True,0,0.7451251149177551
Sphingolipid-BTSPT-Cell-pellet_1__F401,Sphingolipid-BTSPT-Cell-pellet_1,single,1,0,0,1,1,True,0,0.908962070941925
Sphingolipid-BTSPT-Cell-pellet_1__F402,Sphingolipid-BTSPT-Cell-pellet_1,single,1,0,0,1,1,True,0,0.9282199144363403
Sphingolipid-BTSPT-Cell-pellet_1__F403,Sphingolipid-BTSPT-Cell-pellet_1,multi,0,2,3,3,2,False,1,0.0
Sphingolipid-BTSPT-Cell-pellet_1__F404,Sphingolipid-BTSPT-Cell-pellet_1,single,1,0,0,1,1,True,0,0.8941242694854736
Sphingolipid-BTSPT-Cell-pellet_1__F405,Sphingolipid-BTSPT-Cell-pellet_1,empty,0,0,0,0,0,True,0,0.0
Sphingolipid-BTSPT-Cell-pellet_1__F406,Sphingolipid-BTSPT-Cell-pellet_1,multi,2,0,0,2,2,True,0,0.8808300197124481
Sphingolipid-BTSPT-Cell-pellet_1__F407,Sphingolipid-BTSPT-Cell-pellet_1,single,0,0,1,1,0,False,1,0.0
Sphingolipid-BTSPT-Cell-pellet_1__F408,Sphingolipid-BTSPT-Cell-pellet_1,single,1,0,0,1,1,True,0,0.9259012341499329
Sphingolipid-BTSPT-Cell-pellet_1__F409,Sphingolipid-BTSPT-Cell-pellet_1,empty,0,0,0,0,0,True,0,0.0
Sphingolipid-BTSPT-Cell-pellet_1__F41,Sphingolipid-BTSPT-Cell-pellet_1,empty,0,1,0,0,1,False,1,0.0
Sphingolipid-BTSPT-Cell-pellet_1__F410,Sphingolipid-BTSPT-Cell-pellet_1,single,1,0,0,1,1,True,0,0.8536951541900635
Sphingolipid-BTSPT-Cell-pellet_1__F411,Sphingolipid-BTSPT-Cell-pellet_1,empty,0,1,0,0,1,False,1,0.0
Sphingolipid-BTSPT-Cell-pellet_1__F412,Sphingolipid-BTSPT-Cell-pellet_1,empty,0,0,0,0,0,True,0,0.0
Sphingolipid-BTSPT-Cell-pellet_1__F413,Sphingolipid-BTSPT-Cell-pellet_1,empty,0,0,0,0,0,True,0,0.0
Sphingolipid-BTSPT-Cell-pellet_1__F414,Sphingolipid-BTSPT-Cell-pellet_1,single,0,0,1,1,0,False,1,0.0
Sphingolipid-BTSPT-Cell-pellet_1__F415,Sphingolipid-BTSPT-Cell-pellet_1,empty,0,0,0,0,0,True,0,0.0
Sphingolipid-BTSPT-Cell-pellet_1__F416,Sphingolipid-BTSPT-Cell-pellet_1,empty,0,1,0,0,1,False,1,0.0
Sphingolipid-BTSPT-Cell-pellet_1__F417,Sphingolipid-BTSPT-Cell-pellet_1,single,1,0,0,1,1,True,0,0.9373818635940552
Sphingolipid-BTSPT-Cell-pellet_1__F418,Sphingolipid-BTSPT-Cell-pellet_1,empty,0,0,0,0,0,True,0,0.0
Sphingolipid-BTSPT-Cell-pellet_1__F419,Sphingolipid-BTSPT-Cell-pellet_1,single,1,0,0,1,1,True,0,0.8446215391159058
Sphingolipid-BTSPT-Cell-pellet_1__F42,Sphingolipid-BTSPT-Cell-pellet_1,single,0,0,1,1,0,False,1,0.0
Sphingolipid-BTSPT-Cell-pellet_1__F420,Sphingolipid-BTSPT-Cell-pellet_1,single,1,0,0,1,1,True,0,0.849747359752655
Sphingolipid-BTSPT-Cell-pellet_1__F421,Sphingolipid-BTSPT-Cell-pellet_1,empty,0,0,0,0,0,True,0,0.0
Sphingolipid-BTSPT-Cell-pellet_1__F422,Sphingolipid-BTSPT-Cell-pellet_1,single,1,0,0,1,1,True,0,0.8299526572227478
Sphingolipid-BTSPT-Cell-pellet_1__F423,Sphingolipid-BTSPT-Cell-pellet_1,empty,0,0,0,0,0,True,0,0.0
Sphingolipid-BTSPT-Cell-pellet_1__F424,Sphingolipid-BTSPT-Cell-pellet_1,multi,1,1,1,2,2,True,0,0.734499990940094
Sphingolipid-BTSPT-Cell-pellet_1__F425,Sphingolipid-BTSPT-Cell-pellet_1,empty,0,0,0,0,0,True,0,0.0
Sphingolipid-BTSPT-Cell-pellet_1__F426,Sphingolipid-BTSPT-Cell-pellet_1,single,0,0,1,1,0,False,1,0.0
Sphingolipid-BTSPT-Cell-pellet_1__F427,Sphingolipid-BTSPT-Cell-pellet_1,empty,0,0,0,0,0,True,0,0.0
Sphingolipid-BTSPT-Cell-pellet_1__F428,Sphingolipid-BTSPT-Cell-pellet_1,single,1,0,0,1,1,True,0,0.9614859223365784
Sphingolipid-BTSPT-Cell-pellet_1__F429,Sphingolipid-BTSPT-Cell-pellet_1,single,1,0,0,1,1,True,0,0.8729227185249329
Sphingolipid-BTSPT-Cell-pellet_1__F43,Sphingolipid-BTSPT-Cell-pellet_1,single,0,0,1,1,0,False,1,0.0
Sphingolipid-BTSPT-Cell-pellet_1__F430,Sphingolipid-BTSPT-Cell-pellet_1,single,1,0,0,1,1,True,0,0.7620322108268738
Sphingolipid-BTSPT-Cell-pellet_1__F431,Sphingolipid-BTSPT-Cell-pellet_1,empty,0,0,0,0,0,True,0,0.0
Sphingolipid-BTSPT-Cell-pellet_1__F432,Sphingolipid-BTSPT-Cell-pellet_1,single,1,0,0,1,1,True,0,0.8824505805969238
Sphingolipid-BTSPT-Cell-pellet_1__F433,Sphingolipid-BTSPT-Cell-pellet_1,empty,0,0,0,0,0,True,0,0.0
Sphingolipid-BTSPT-Cell-pellet_1__F434,Sphingolipid-BTSPT-Cell-pellet_1,empty,0,0,0,0,0,True,0,0.0
Sphingolipid-BTSPT-Cell-pellet_1__F435,Sphingolipid-BTSPT-Cell-pellet_1,empty,0,0,0,0,0,True,0,0.0
Sphingolipid-BTSPT-Cell-pellet_1__F436,Sphingolipid-BTSPT-Cell-pellet_1,empty,0,1,0,0,1,False,1,0.0
Sphingolipid-BTSPT-Cell-pellet_1__F437,Sphingolipid-BTSPT-Cell-pellet_1,single,1,0,0,1,1,True,0,0.8135435581207275
Sphingolipid-BTSPT-Cell-pellet_1__F438,Sphingolipid-BTSPT-Cell-pellet_1,single,1,0,0,1,1,True,0,0.925984263420105
Sphingolipid-BTSPT-Cell-pellet_1__F439,Sphingolipid-BTSPT-Cell-pellet_1,empty,0,0,0,0,0,True,0,0.0
Sphingolipid-BTSPT-Cell-pellet_1__F44,Sphingolipid-BTSPT-Cell-pellet_1,single,0,1,1,1,1,True,0,0.0
Sphingolipid-BTSPT-Cell-pellet_1__F440,Sphingolipid-BTSPT-Cell-pellet_1,empty,0,1,0,0,1,False,1,0.0
Sphingolipid-BTSPT-Cell-pellet_1__F441,Sphingolipid-BTSPT-Cell-pellet_1,single,1,0,0,1,1,True,0,0.9218857288360596
Sphingolipid-BTSPT-Cell-pellet_1__F442,Sphingolipid-BTSPT-Cell-pellet_1,single,1,0,0,1,1,True,0,0.7805991768836975
Sphingolipid-BTSPT-Cell-pellet_1__F443,Sphingolipid-BTSPT-Cell-pellet_1,empty,0,1,0,0,1,False,1,0.0
Sphingolipid-BTSPT-Cell-pellet_1__F444,Sphingolipid-BTSPT-Cell-pellet_1,empty,0,0,0,0,0,True,0,0.0
Sphingolipid-BTSPT-Cell-pellet_1__F445,Sphingolipid-BTSPT-Cell-pellet_1,single,1,0,0,1,1,True,0,0.7722442746162415
Sphingolipid-BTSPT-Cell-pellet_1__F446,Sphingolipid-BTSPT-Cell-pellet_1,single,1,0,0,1,1,True,0,0.9724289178848267
Sphingolipid-BTSPT-Cell-pellet_1__F447,Sphingolipid-BTSPT-Cell-pellet_1,empty,0,0,0,0,0,True,0,0.0
Sphingolipid-BTSPT-Cell-pellet_1__F449,Sphingolipid-BTSPT-Cell-pellet_1,single,1,0,0,1,1,True,0,0.7242798805236816
Sphingolipid-BTSPT-Cell-pellet_1__F45,Sphingolipid-BTSPT-Cell-pellet_1,single,1,0,0,1,1,True,0,0.8893879652023315
Sphingolipid-BTSPT-Cell-pellet_1__F450,Sphingolipid-BTSPT-Cell-pellet_1,single,1,0,0,1,1,True,0,0.9327661395072937
Sphingolipid-BTSPT-Cell-pellet_1__F451,Sphingolipid-BTSPT-Cell-pellet_1,empty,0,1,0,0,1,False,1,0.0
Sphingolipid-BTSPT-Cell-pellet_1__F452,Sphingolipid-BTSPT-Cell-pellet_1,single,1,0,0,1,1,True,0,0.7760792970657349
Sphingolipid-BTSPT-Cell-pellet_1__F453,Sphingolipid-BTSPT-Cell-pellet_1,empty,0,0,0,0,0,True,0,0.0
Sphingolipid-BTSPT-Cell-pellet_1__F454,Sphingolipid-BTSPT-Cell-pellet_1,empty,0,0,0,0,0,True,0,0.0
Sphingolipid-BTSPT-Cell-pellet_1__F455,Sphingolipid-BTSPT-Cell-pellet_1,single,1,0,0,1,1,True,0,0.957781970500946
Sphingolipid-BTSPT-Cell-pellet_1__F457,Sphingolipid-BTSPT-Cell-pellet_1,empty,0,0,0,0,0,True,0,0.0
Sphingolipid-BTSPT-Cell-pellet_1__F458,Sphingolipid-BTSPT-Cell-pellet_1,multi,2,0,0,2,2,True,0,0.7205265760421753
Sphingolipid-BTSPT-Cell-pellet_1__F459,Sphingolipid-BTSPT-Cell-pellet_1,single,1,0,0,1,1,True,0,0.9199965596199036
Sphingolipid-BTSPT-Cell-pellet_1__F46,Sphingolipid-BTSPT-Cell-pellet_1,empty,0,0,0,0,0,True,0,0.0
Sphingolipid-BTSPT-Cell-pellet_1__F460,Sphingolipid-BTSPT-Cell-pellet_1,empty,0,0,0,0,0,True,0,0.0
Sphingolipid-BTSPT-Cell-pellet_1__F461,Sphingolipid-BTSPT-Cell-pellet_1,empty,0,0,0,0,0,True,0,0.0
Sphingolipid-BTSPT-Cell-pellet_1__F462,Sphingolipid-BTSPT-Cell-pellet_1,single,1,0,0,1,1,True,0,0.839017927646637
Sphingolipid-BTSPT-Cell-pellet_1__F463,Sphingolipid-BTSPT-Cell-pellet_1,empty,0,0,0,0,0,True,0,0.0
Sphingolipid-BTSPT-Cell-pellet_1__F465,Sphingolipid-BTSPT-Cell-pellet_1,single,1,0,0,1,1,True,0,0.8384847044944763
Sphingolipid-BTSPT-Cell-pellet_1__F466,Sphingolipid-BTSPT-Cell-pellet_1,single,1,0,0,1,1,True,0,0.6825588941574097
Sphingolipid-BTSPT-Cell-pellet_1__F467,Sphingolipid-BTSPT-Cell-pellet_1,single,0,0,1,1,0,False,1,0.0
Sphingolipid-BTSPT-Cell-pellet_1__F468,Sphingolipid-BTSPT-Cell-pellet_1,single,1,0,0,1,1,True,0,0.8612220883369446
Sphingolipid-BTSPT-Cell-pellet_1__F469,Sphingolipid-BTSPT-Cell-pellet_1,single,1,0,0,1,1,True,0,0.9187874794006348
Sphingolipid-BTSPT-Cell-pellet_1__F47,Sphingolipid-BTSPT-Cell-pellet_1,empty,0,0,0,0,0,True,0,0.0
Sphingolipid-BTSPT-Cell-pellet_1__F470,Sphingolipid-BTSPT-Cell-pellet_1,single,1,0,0,1,1,True,0,0.8625373244285583
Sphingolipid-BTSPT-Cell-pellet_1__F471,Sphingolipid-BTSPT-Cell-pellet_1,single,1,0,0,1,1,True,0,0.8121786713600159
Sphingolipid-BTSPT-Cell-pellet_1__F472,Sphingolipid-BTSPT-Cell-pellet_1,multi,3,0,0,3,3,True,0,0.7884427905082703
Sphingolipid-BTSPT-Cell-pellet_1__F473,Sphingolipid-BTSPT-Cell-pellet_1,empty,0,0,0,0,0,True,0,0.0
Sphingolipid-BTSPT-Cell-pellet_1__F474,Sphingolipid-BTSPT-Cell-pellet_1,empty,0,0,0,0,0,True,0,0.0
Sphingolipid-BTSPT-Cell-pellet_1__F475,Sphingolipid-BTSPT-Cell-pellet_1,single,1,0,0,1,1,True,0,0.8142292499542236
Sphingolipid-BTSPT-Cell-pellet_1__F476,Sphingolipid-BTSPT-Cell-pellet_1,empty,0,0,0,0,0,True,0,0.0
Sphingolipid-BTSPT-Cell-pellet_1__F477,Sphingolipid-BTSPT-Cell-pellet_1,single,1,0,0,1,1,True,0,0.872269868850708
Sphingolipid-BTSPT-Cell-pellet_1__F478,Sphingolipid-BTSPT-Cell-pellet_1,single,1,0,0,1,1,True,0,0.8556065559387207
Sphingolipid-BTSPT-Cell-pellet_1__F479,Sphingolipid-BTSPT-Cell-pellet_1,empty,0,0,0,0,0,True,0,0.0
Sphingolipid-BTSPT-Cell-pellet_1__F48,Sphingolipid-BTSPT-Cell-pellet_1,empty,0,0,0,0,0,True,0,0.0
Sphingolipid-BTSPT-Cell-pellet_1__F480,Sphingolipid-BTSPT-Cell-pellet_1,single,1,0,0,1,1,True,0,0.8227764964103699
Sphingolipid-BTSPT-Cell-pellet_1__F481,Sphingolipid-BTSPT-Cell-pellet_1,single,1,0,0,1,1,True,0,0.8290382027626038
Sphingolipid-BTSPT-Cell-pellet_1__F482,Sphingolipid-BTSPT-Cell-pellet_1,single,1,0,0,1,1,True,0,0.88917475938797
Sphingolipid-BTSPT-Cell-pellet_1__F483,Sphingolipid-BTSPT-Cell-pellet_1,single,1,0,0,1,1,True,0,0.8698007464408875
Sphingolipid-BTSPT-Cell-pellet_1__F484,Sphingolipid-BTSPT-Cell-pellet_1,single,1,0,0,1,1,True,0,0.9040852189064026
Sphingolipid-BTSPT-Cell-pellet_1__F485,Sphingolipid-BTSPT-Cell-pellet_1,single,0,0,1,1,0,False,1,0.0
Sphingolipid-BTSPT-Cell-pellet_1__F486,Sphingolipid-BTSPT-Cell-pellet_1,empty,0,0,0,0,0,True,0,0.0
Sphingolipid-BTSPT-Cell-pellet_1__F487,Sphingolipid-BTSPT-Cell-pellet_1,empty,0,1,0,0,1,False,1,0.0
Sphingolipid-BTSPT-Cell-pellet_1__F488,Sphingolipid-BTSPT-Cell-pellet_1,empty,0,1,0,0,1,False,1,0.0
Sphingolipid-BTSPT-Cell-pellet_1__F489,Sphingolipid-BTSPT-Cell-pellet_1,multi,2,0,0,2,2,True,0,0.8444406688213348
Sphingolipid-BTSPT-Cell-pellet_1__F49,Sphingolipid-BTSPT-Cell-pellet_1,single,1,0,0,1,1,True,0,0.7897712588310242
Sphingolipid-BTSPT-Cell-pellet_1__F490,Sphingolipid-BTSPT-Cell-pellet_1,single,1,0,0,1,1,True,0,0.7745599150657654
Sphingolipid-BTSPT-Cell-pellet_1__F491,Sphingolipid-BTSPT-Cell-pellet_1,empty,0,0,0,0,0,True,0,0.0
Sphingolipid-BTSPT-Cell-pellet_1__F492,Sphingolipid-BTSPT-Cell-pellet_1,single,1,0,0,1,1,True,0,0.9570426344871521
Sphingolipid-BTSPT-Cell-pellet_1__F493,Sphingolipid-BTSPT-Cell-pellet_1,single,0,0,1,1,0,False,1,0.0
Sphingolipid-BTSPT-Cell-pellet_1__F494,Sphingolipid-BTSPT-Cell-pellet_1,empty,0,0,0,0,0,True,0,0.0
Sphingolipid-BTSPT-Cell-pellet_1__F495,Sphingolipid-BTSPT-Cell-pellet_1,single,1,0,0,1,1,True,0,0.8847666382789612
Sphingolipid-BTSPT-Cell-pellet_1__F496,Sphingolipid-BTSPT-Cell-pellet_1,empty,0,0,0,0,0,True,0,0.0
Sphingolipid-BTSPT-Cell-pellet_1__F497,Sphingolipid-BTSPT-Cell-pellet_1,single,1,1,0,1,2,False,1,0.8577260375022888
Sphingolipid-BTSPT-Cell-pellet_1__F498,Sphingolipid-BTSPT-Cell-pellet_1,single,1,0,0,1,1,True,0,0.8873254060745239
Sphingolipid-BTSPT-Cell-pellet_1__F499,Sphingolipid-BTSPT-Cell-pellet_1,single,1,0,0,1,1,True,0,0.8053736686706543
Sphingolipid-BTSPT-Cell-pellet_1__F5,Sphingolipid-BTSPT-Cell-pellet_1,multi,2,0,0,2,2,True,0,0.8667585253715515
Sphingolipid-BTSPT-Cell-pellet_1__F50,Sphingolipid-BTSPT-Cell-pellet_1,empty,0,0,0,0,0,True,0,0.0
Sphingolipid-BTSPT-Cell-pellet_1__F500,Sphingolipid-BTSPT-Cell-pellet_1,single,1,0,0,1,1,True,0,0.7959728837013245
Sphingolipid-BTSPT-Cell-pellet_1__F501,Sphingolipid-BTSPT-Cell-pellet_1,single,1,0,0,1,1,True,0,0.9225534200668335
Sphingolipid-BTSPT-Cell-pellet_1__F502,Sphingolipid-BTSPT-Cell-pellet_1,single,0,0,1,1,0,False,1,0.0
Sphingolipid-BTSPT-Cell-pellet_1__F503,Sphingolipid-BTSPT-Cell-pellet_1,single,1,0,0,1,1,True,0,0.7983629107475281
Sphingolipid-BTSPT-Cell-pellet_1__F504,Sphingolipid-BTSPT-Cell-pellet_1,single,1,0,0,1,1,True,0,0.8734809160232544
Sphingolipid-BTSPT-Cell-pellet_1__F506,Sphingolipid-BTSPT-Cell-pellet_1,empty,0,0,0,0,0,True,0,0.0
Sphingolipid-BTSPT-Cell-pellet_1__F507,Sphingolipid-BTSPT-Cell-pellet_1,empty,0,0,0,0,0,True,0,0.0
Sphingolipid-BTSPT-Cell-pellet_1__F508,Sphingolipid-BTSPT-Cell-pellet_1,single,1,0,0,1,1,True,0,0.9540823698043823
Sphingolipid-BTSPT-Cell-pellet_1__F509,Sphingolipid-BTSPT-Cell-pellet_1,empty,0,0,0,0,0,True,0,0.0
Sphingolipid-BTSPT-Cell-pellet_1__F51,Sphingolipid-BTSPT-Cell-pellet_1,multi,1,0,1,2,1,False,1,0.8831551671028137
Sphingolipid-BTSPT-Cell-pellet_1__F510,Sphingolipid-BTSPT-Cell-pellet_1,empty,0,0,0,0,0,True,0,0.0
Sphingolipid-BTSPT-Cell-pellet_1__F511,Sphingolipid-BTSPT-Cell-pellet_1,single,1,0,0,1,1,True,0,0.8979653716087341
Sphingolipid-BTSPT-Cell-pellet_1__F512,Sphingolipid-BTSPT-Cell-pellet_1,single,1,0,0,1,1,True,0,0.5474038124084473
Sphingolipid-BTSPT-Cell-pellet_1__F513,Sphingolipid-BTSPT-Cell-pellet_1,multi,2,0,0,2,2,True,0,0.7595070898532867
Sphingolipid-BTSPT-Cell-pellet_1__F514,Sphingolipid-BTSPT-Cell-pellet_1,single,1,0,0,1,1,True,0,0.6676624417304993
Sphingolipid-BTSPT-Cell-pellet_1__F515,Sphingolipid-BTSPT-Cell-pellet_1,empty,0,0,0,0,0,True,0,0.0
Sphingolipid-BTSPT-Cell-pellet_1__F517,Sphingolipid-BTSPT-Cell-pellet_1,single,1,0,0,1,1,True,0,0.8674287796020508
Sphingolipid-BTSPT-Cell-pellet_1__F518,Sphingolipid-BTSPT-Cell-pellet_1,empty,0,1,0,0,1,False,1,0.0
Sphingolipid-BTSPT-Cell-pellet_1__F519,Sphingolipid-BTSPT-Cell-pellet_1,multi,2,0,0,2,2,True,0,0.6981000900268555
Sphingolipid-BTSPT-Cell-pellet_1__F52,Sphingolipid-BTSPT-Cell-pellet_1,single,1,0,0,1,1,True,0,0.9117928743362427
Sphingolipid-BTSPT-Cell-pellet_1__F520,Sphingolipid-BTSPT-Cell-pellet_1,single,1,0,0,1,1,True,0,0.7175009846687317
Sphingolipid-BTSPT-Cell-pellet_1__F521,Sphingolipid-BTSPT-Cell-pellet_1,empty,0,0,0,0,0,True,0,0.0
Sphingolipid-BTSPT-Cell-pellet_1__F522,Sphingolipid-BTSPT-Cell-pellet_1,single,1,0,0,1,1,True,0,0.8849872946739197
Sphingolipid-BTSPT-Cell-pellet_1__F523,Sphingolipid-BTSPT-Cell-pellet_1,multi,0,2,2,2,2,True,0,0.0
Sphingolipid-BTSPT-Cell-pellet_1__F524,Sphingolipid-BTSPT-Cell-pellet_1,empty,0,0,0,0,0,True,0,0.0
Sphingolipid-BTSPT-Cell-pellet_1__F525,Sphingolipid-BTSPT-Cell-pellet_1,single,1,0,0,1,1,True,0,0.7292954921722412
Sphingolipid-BTSPT-Cell-pellet_1__F526,Sphingolipid-BTSPT-Cell-pellet_1,single,1,0,0,1,1,True,0,0.6724380254745483
Sphingolipid-BTSPT-Cell-pellet_1__F527,Sphingolipid-BTSPT-Cell-pellet_1,empty,0,0,0,0,0,True,0,0.0
Sphingolipid-BTSPT-Cell-pellet_1__F528,Sphingolipid-BTSPT-Cell-pellet_1,empty,0,0,0,0,0,True,0,0.0
Sphingolipid-BTSPT-Cell-pellet_1__F529,Sphingolipid-BTSPT-Cell-pellet_1,single,1,0,0,1,1,True,0,0.7798426747322083
Sphingolipid-BTSPT-Cell-pellet_1__F53,Sphingolipid-BTSPT-Cell-pellet_1,single,1,0,0,1,1,True,0,0.7866532802581787
Sphingolipid-BTSPT-Cell-pellet_1__F530,Sphingolipid-BTSPT-Cell-pellet_1,empty,0,1,0,0,1,False,1,0.0
Sphingolipid-BTSPT-Cell-pellet_1__F531,Sphingolipid-BTSPT-Cell-pellet_1,single,0,0,1,1,0,False,1,0.0
Sphingolipid-BTSPT-Cell-pellet_1__F532,Sphingolipid-BTSPT-Cell-pellet_1,multi,1,0,1,2,1,False,1,0.8564152717590332
Sphingolipid-BTSPT-Cell-pellet_1__F533,Sphingolipid-BTSPT-Cell-pellet_1,empty,0,0,0,0,0,True,0,0.0
Sphingolipid-BTSPT-Cell-pellet_1__F534,Sphingolipid-BTSPT-Cell-pellet_1,single,1,0,0,1,1,True,0,0.7198901772499084
Sphingolipid-BTSPT-Cell-pellet_1__F535,Sphingolipid-BTSPT-Cell-pellet_1,single,1,0,0,1,1,True,0,0.7888595461845398
Sphingolipid-BTSPT-Cell-pellet_1__F536,Sphingolipid-BTSPT-Cell-pellet_1,multi,1,0,1,2,1,False,1,0.8721762895584106
Sphingolipid-BTSPT-Cell-pellet_1__F537,Sphingolipid-BTSPT-Cell-pellet_1,single,1,0,0,1,1,True,0,0.8985998630523682
Sphingolipid-BTSPT-Cell-pellet_1__F538,Sphingolipid-BTSPT-Cell-pellet_1,empty,0,0,0,0,0,True,0,0.0
Sphingolipid-BTSPT-Cell-pellet_1__F539,Sphingolipid-BTSPT-Cell-pellet_1,single,1,0,0,1,1,True,0,0.8901525735855103
Sphingolipid-BTSPT-Cell-pellet_1__F54,Sphingolipid-BTSPT-Cell-pellet_1,empty,0,0,0,0,0,True,0,0.0
Sphingolipid-BTSPT-Cell-pellet_1__F540,Sphingolipid-BTSPT-Cell-pellet_1,single,0,0,1,1,0,False,1,0.0
Sphingolipid-BTSPT-Cell-pellet_1__F541,Sphingolipid-BTSPT-Cell-pellet_1,empty,0,0,0,0,0,True,0,0.0
Sphingolipid-BTSPT-Cell-pellet_1__F542,Sphingolipid-BTSPT-Cell-pellet_1,single,1,0,0,1,1,True,0,0.7174124717712402
Sphingolipid-BTSPT-Cell-pellet_1__F543,Sphingolipid-BTSPT-Cell-pellet_1,empty,0,0,0,0,0,True,0,0.0
Sphingolipid-BTSPT-Cell-pellet_1__F544,Sphingolipid-BTSPT-Cell-pellet_1,multi,1,0,1,2,1,False,1,0.9318429827690125
Sphingolipid-BTSPT-Cell-pellet_1__F545,Sphingolipid-BTSPT-Cell-pellet_1,single,1,0,0,1,1,True,0,0.9450367093086243
Sphingolipid-BTSPT-Cell-pellet_1__F546,Sphingolipid-BTSPT-Cell-pellet_1,empty,0,0,0,0,0,True,0,0.0
Sphingolipid-BTSPT-Cell-pellet_1__F547,Sphingolipid-BTSPT-Cell-pellet_1,empty,0,0,0,0,0,True,0,0.0
Sphingolipid-BTSPT-Cell-pellet_1__F548,Sphingolipid-BTSPT-Cell-pellet_1,single,1,0,0,1,1,True,0,0.9165437817573547
Sphingolipid-BTSPT-Cell-pellet_1__F549,Sphingolipid-BTSPT-Cell-pellet_1,empty,0,0,0,0,0,True,0,0.0
Sphingolipid-BTSPT-Cell-pellet_1__F55,Sphingolipid-BTSPT-Cell-pellet_1,single,1,0,0,1,1,True,0,0.6863603591918945
Sphingolipid-BTSPT-Cell-pellet_1__F550,Sphingolipid-BTSPT-Cell-pellet_1,single,1,0,0,1,1,True,0,0.7493628263473511
Sphingolipid-BTSPT-Cell-pellet_1__F56,Sphingolipid-BTSPT-Cell-pellet_1,empty,0,0,0,0,0,True,0,0.0
Sphingolipid-BTSPT-Cell-pellet_1__F57,Sphingolipid-BTSPT-Cell-pellet_1,single,0,0,1,1,0,False,1,0.0
Sphingolipid-BTSPT-Cell-pellet_1__F59,Sphingolipid-BTSPT-Cell-pellet_1,single,1,0,0,1,1,True,0,0.7126477956771851
Sphingolipid-BTSPT-Cell-pellet_1__F6,Sphingolipid-BTSPT-Cell-pellet_1,single,1,0,0,1,1,True,0,0.8194246292114258
Sphingolipid-BTSPT-Cell-pellet_1__F60,Sphingolipid-BTSPT-Cell-pellet_1,empty,0,0,0,0,0,True,0,0.0
Sphingolipid-BTSPT-Cell-pellet_1__F61,Sphingolipid-BTSPT-Cell-pellet_1,single,1,0,0,1,1,True,0,0.7564844489097595
Sphingolipid-BTSPT-Cell-pellet_1__F62,Sphingolipid-BTSPT-Cell-pellet_1,empty,0,0,0,0,0,True,0,0.0
Sphingolipid-BTSPT-Cell-pellet_1__F64,Sphingolipid-BTSPT-Cell-pellet_1,empty,0,0,0,0,0,True,0,0.0
Sphingolipid-BTSPT-Cell-pellet_1__F65,Sphingolipid-BTSPT-Cell-pellet_1,empty,0,0,0,0,0,True,0,0.0
Sphingolipid-BTSPT-Cell-pellet_1__F66,Sphingolipid-BTSPT-Cell-pellet_1,single,1,0,0,1,1,True,0,0.8809984922409058
Sphingolipid-BTSPT-Cell-pellet_1__F67,Sphingolipid-BTSPT-Cell-pellet_1,single,1,0,0,1,1,True,0,0.8452717661857605
Sphingolipid-BTSPT-Cell-pellet_1__F68,Sphingolipid-BTSPT-Cell-pellet_1,single,1,0,0,1,1,True,0,0.7212228178977966
Sphingolipid-BTSPT-Cell-pellet_1__F69,Sphingolipid-BTSPT-Cell-pellet_1,single,1,0,0,1,1,True,0,0.9084463715553284
Sphingolipid-BTSPT-Cell-pellet_1__F7,Sphingolipid-BTSPT-Cell-pellet_1,empty,0,0,0,0,0,True,0,0.0
Sphingolipid-BTSPT-Cell-pellet_1__F70,Sphingolipid-BTSPT-Cell-pellet_1,single,1,0,0,1,1,True,0,0.7958729863166809
Sphingolipid-BTSPT-Cell-pellet_1__F71,Sphingolipid-BTSPT-Cell-pellet_1,single,1,0,0,1,1,True,0,0.8454154133796692
Sphingolipid-BTSPT-Cell-pellet_1__F72,Sphingolipid-BTSPT-Cell-pellet_1,single,1,0,0,1,1,True,0,0.8989920616149902
Sphingolipid-BTSPT-Cell-pellet_1__F73,Sphingolipid-BTSPT-Cell-pellet_1,empty,0,1,0,0,1,False,1,0.0
Sphingolipid-BTSPT-Cell-pellet_1__F74,Sphingolipid-BTSPT-Cell-pellet_1,empty,0,0,0,0,0,True,0,0.0
Sphingolipid-BTSPT-Cell-pellet_1__F75,Sphingolipid-BTSPT-Cell-pellet_1,empty,0,0,0,0,0,True,0,0.0
Sphingolipid-BTSPT-Cell-pellet_1__F76,Sphingolipid-BTSPT-Cell-pellet_1,single,1,0,0,1,1,True,0,0.6134474277496338
Sphingolipid-BTSPT-Cell-pellet_1__F77,Sphingolipid-BTSPT-Cell-pellet_1,empty,0,1,0,0,1,False,1,0.0
Sphingolipid-BTSPT-Cell-pellet_1__F78,Sphingolipid-BTSPT-Cell-pellet_1,empty,0,0,0,0,0,True,0,0.0
Sphingolipid-BTSPT-Cell-pellet_1__F79,Sphingolipid-BTSPT-Cell-pellet_1,empty,0,0,0,0,0,True,0,0.0
Sphingolipid-BTSPT-Cell-pellet_1__F8,Sphingolipid-BTSPT-Cell-pellet_1,empty,0,0,0,0,0,True,0,0.0
Sphingolipid-BTSPT-Cell-pellet_1__F80,Sphingolipid-BTSPT-Cell-pellet_1,single,1,1,0,1,2,False,1,0.6880317330360413
Sphingolipid-BTSPT-Cell-pellet_1__F81,Sphingolipid-BTSPT-Cell-pellet_1,empty,0,1,0,0,1,False,1,0.0
Sphingolipid-BTSPT-Cell-pellet_1__F82,Sphingolipid-BTSPT-Cell-pellet_1,empty,0,0,0,0,0,True,0,0.0
Sphingolipid-BTSPT-Cell-pellet_1__F83,Sphingolipid-BTSPT-Cell-pellet_1,single,1,0,0,1,1,True,0,0.9233101606369019
Sphingolipid-BTSPT-Cell-pellet_1__F84,Sphingolipid-BTSPT-Cell-pellet_1,single,1,0,0,1,1,True,0,0.9036561846733093
Sphingolipid-BTSPT-Cell-pellet_1__F85,Sphingolipid-BTSPT-Cell-pellet_1,empty,0,0,0,0,0,True,0,0.0
Sphingolipid-BTSPT-Cell-pellet_1__F86,Sphingolipid-BTSPT-Cell-pellet_1,empty,0,0,0,0,0,True,0,0.0
Sphingolipid-BTSPT-Cell-pellet_1__F87,Sphingolipid-BTSPT-Cell-pellet_1,single,1,0,0,1,1,True,0,0.8491066694259644
Sphingolipid-BTSPT-Cell-pellet_1__F88,Sphingolipid-BTSPT-Cell-pellet_1,single,1,0,0,1,1,True,0,0.7281088829040527
Sphingolipid-BTSPT-Cell-pellet_1__F89,Sphingolipid-BTSPT-Cell-pellet_1,single,1,0,0,1,1,True,0,0.8400383591651917
Sphingolipid-BTSPT-Cell-pellet_1__F9,Sphingolipid-BTSPT-Cell-pellet_1,empty,0,0,0,0,0,True,0,0.0
Sphingolipid-BTSPT-Cell-pellet_1__F90,Sphingolipid-BTSPT-Cell-pellet_1,empty,0,1,0,0,1,False,1,0.0
Sphingolipid-BTSPT-Cell-pellet_1__F91,Sphingolipid-BTSPT-Cell-pellet_1,single,1,0,0,1,1,True,0,0.8283103704452515
Sphingolipid-BTSPT-Cell-pellet_1__F92,Sphingolipid-BTSPT-Cell-pellet_1,empty,0,0,0,0,0,True,0,0.0
Sphingolipid-BTSPT-Cell-pellet_1__F93,Sphingolipid-BTSPT-Cell-pellet_1,empty,0,0,0,0,0,True,0,0.0
Sphingolipid-BTSPT-Cell-pellet_1__F94,Sphingolipid-BTSPT-Cell-pellet_1,empty,0,0,0,0,0,True,0,0.0
Sphingolipid-BTSPT-Cell-pellet_1__F95,Sphingolipid-BTSPT-Cell-pellet_1,empty,0,0,0,0,0,True,0,0.0
Sphingolipid-BTSPT-Cell-pellet_1__F96,Sphingolipid-BTSPT-Cell-pellet_1,single,1,0,0,1,1,True,0,0.6126946210861206
Sphingolipid-BTSPT-Cell-pellet_1__F97,Sphingolipid-BTSPT-Cell-pellet_1,empty,0,1,0,0,1,False,1,0.0
Sphingolipid-BTSPT-Cell-pellet_1__F98,Sphingolipid-BTSPT-Cell-pellet_1,single,1,0,0,1,1,True,0,0.8931899070739746
Sphingolipid-BTSPT-Cell-pellet_1__F99,Sphingolipid-BTSPT-Cell-pellet_1,single,1,0,0,1,1,True,0,0.9642135500907898
Sphingolipid-BTSPT-OMV_1__F1,Sphingolipid-BTSPT-OMV_1,single,1,0,0,1,1,True,0,0.8088575601577759
Sphingolipid-BTSPT-OMV_1__F10,Sphingolipid-BTSPT-OMV_1,empty,0,0,0,0,0,True,0,0.0
Sphingolipid-BTSPT-OMV_1__F100,Sphingolipid-BTSPT-OMV_1,empty,0,0,0,0,0,True,0,0.0
Sphingolipid-BTSPT-OMV_1__F101,Sphingolipid-BTSPT-OMV_1,single,1,0,0,1,1,True,0,0.8159492015838623
Sphingolipid-BTSPT-OMV_1__F102,Sphingolipid-BTSPT-OMV_1,single,1,0,0,1,1,True,0,0.8181289434432983
Sphingolipid-BTSPT-OMV_1__F103,Sphingolipid-BTSPT-OMV_1,empty,0,0,0,0,0,True,0,0.0
Sphingolipid-BTSPT-OMV_1__F104,Sphingolipid-BTSPT-OMV_1,single,1,0,0,1,1,True,0,0.8113298416137695
Sphingolipid-BTSPT-OMV_1__F105,Sphingolipid-BTSPT-OMV_1,empty,0,0,0,0,0,True,0,0.0
Sphingolipid-BTSPT-OMV_1__F106,Sphingolipid-BTSPT-OMV_1,single,1,0,0,1,1,True,0,0.8170003294944763
Sphingolipid-BTSPT-OMV_1__F107,Sphingolipid-BTSPT-OMV_1,multi,1,0,1,2,1,False,1,0.8703818917274475
Sphingolipid-BTSPT-OMV_1__F108,Sphingolipid-BTSPT-OMV_1,single,0,0,1,1,0,False,1,0.0
Sphingolipid-BTSPT-OMV_1__F109,Sphingolipid-BTSPT-OMV_1,single,1,0,0,1,1,True,0,0.9222510457038879
Sphingolipid-BTSPT-OMV_1__F11,Sphingolipid-BTSPT-OMV_1,single,0,0,1,1,0,False,1,0.0
Sphingolipid-BTSPT-OMV_1__F110,Sphingolipid-BTSPT-OMV_1,single,1,0,0,1,1,True,0,0.7939189076423645
Sphingolipid-BTSPT-OMV_1__F111,Sphingolipid-BTSPT-OMV_1,single,1,0,0,1,1,True,0,0.8111851811408997
Sphingolipid-BTSPT-OMV_1__F112,Sphingolipid-BTSPT-OMV_1,single,1,0,0,1,1,True,0,0.7023294568061829
Sphingolipid-BTSPT-OMV_1__F113,Sphingolipid-BTSPT-OMV_1,empty,0,0,0,0,0,True,0,0.0
Sphingolipid-BTSPT-OMV_1__F114,Sphingolipid-BTSPT-OMV_1,multi,0,0,2,2,0,False,2,0.0
Sphingolipid-BTSPT-OMV_1__F115,Sphingolipid-BTSPT-OMV_1,empty,0,0,0,0,0,True,0,0.0
Sphingolipid-BTSPT-OMV_1__F116,Sphingolipid-BTSPT-OMV_1,single,0,0,1,1,0,False,1,0.0
Sphingolipid-BTSPT-OMV_1__F117,Sphingolipid-BTSPT-OMV_1,single,1,0,0,1,1,True,0,0.8760414719581604
Sphingolipid-BTSPT-OMV_1__F118,Sphingolipid-BTSPT-OMV_1,single,0,0,1,1,0,False,1,0.0
Sphingolipid-BTSPT-OMV_1__F119,Sphingolipid-BTSPT-OMV_1,single,1,0,0,1,1,True,0,0.8390281796455383
Sphingolipid-BTSPT-OMV_1__F12,Sphingolipid-BTSPT-OMV_1,empty,0,0,0,0,0,True,0,0.0
Sphingolipid-BTSPT-OMV_1__F120,Sphingolipid-BTSPT-OMV_1,single,1,0,0,1,1,True,0,0.7827680110931396
Sphingolipid-BTSPT-OMV_1__F121,Sphingolipid-BTSPT-OMV_1,empty,0,0,0,0,0,True,0,0.0
Sphingolipid-BTSPT-OMV_1__F122,Sphingolipid-BTSPT-OMV_1,empty,0,0,0,0,0,True,0,0.0
Sphingolipid-BTSPT-OMV_1__F123,Sphingolipid-BTSPT-OMV_1,empty,0,0,0,0,0,True,0,0.0
Sphingolipid-BTSPT-OMV_1__F124,Sphingolipid-BTSPT-OMV_1,empty,0,0,0,0,0,True,0,0.0
Sphingolipid-BTSPT-OMV_1__F125,Sphingolipid-BTSPT-OMV_1,empty,0,0,0,0,0,True,0,0.0
Sphingolipid-BTSPT-OMV_1__F126,Sphingolipid-BTSPT-OMV_1,multi,0,2,7,7,2,False,5,0.0
Sphingolipid-BTSPT-OMV_1__F127,Sphingolipid-BTSPT-OMV_1,empty,0,0,0,0,0,True,0,0.0
Sphingolipid-BTSPT-OMV_1__F128,Sphingolipid-BTSPT-OMV_1,empty,0,0,0,0,0,True,0,0.0
Sphingolipid-BTSPT-OMV_1__F129,Sphingolipid-BTSPT-OMV_1,empty,0,0,0,0,0,True,0,0.0
Sphingolipid-BTSPT-OMV_1__F13,Sphingolipid-BTSPT-OMV_1,empty,0,0,0,0,0,True,0,0.0
Sphingolipid-BTSPT-OMV_1__F130,Sphingolipid-BTSPT-OMV_1,single,1,0,0,1,1,True,0,0.8694829940795898
Sphingolipid-BTSPT-OMV_1__F131,Sphingolipid-BTSPT-OMV_1,empty,0,0,0,0,0,True,0,0.0
Sphingolipid-BTSPT-OMV_1__F132,Sphingolipid-BTSPT-OMV_1,empty,0,0,0,0,0,True,0,0.0
Sphingolipid-BTSPT-OMV_1__F133,Sphingolipid-BTSPT-OMV_1,single,1,0,0,1,1,True,0,0.9168602824211121
Sphingolipid-BTSPT-OMV_1__F134,Sphingolipid-BTSPT-OMV_1,empty,0,0,0,0,0,True,0,0.0
Sphingolipid-BTSPT-OMV_1__F135,Sphingolipid-BTSPT-OMV_1,empty,0,0,0,0,0,True,0,0.0
Sphingolipid-BTSPT-OMV_1__F136,Sphingolipid-BTSPT-OMV_1,single,1,0,0,1,1,True,0,0.8687822222709656
Sphingolipid-BTSPT-OMV_1__F137,Sphingolipid-BTSPT-OMV_1,single,1,0,0,1,1,True,0,0.8567111492156982
Sphingolipid-BTSPT-OMV_1__F138,Sphingolipid-BTSPT-OMV_1,single,1,0,0,1,1,True,0,0.5519316792488098
Sphingolipid-BTSPT-OMV_1__F139,Sphingolipid-BTSPT-OMV_1,empty,0,0,0,0,0,True,0,0.0
Sphingolipid-BTSPT-OMV_1__F14,Sphingolipid-BTSPT-OMV_1,empty,0,0,0,0,0,True,0,0.0
Sphingolipid-BTSPT-OMV_1__F140,Sphingolipid-BTSPT-OMV_1,single,1,0,0,1,1,True,0,0.7510135173797607
Sphingolipid-BTSPT-OMV_1__F141,Sphingolipid-BTSPT-OMV_1,single,1,0,0,1,1,True,0,0.6951213479042053
Sphingolipid-BTSPT-OMV_1__F142,Sphingolipid-BTSPT-OMV_1,empty,0,0,0,0,0,True,0,0.0
Sphingolipid-BTSPT-OMV_1__F143,Sphingolipid-BTSPT-OMV_1,single,1,0,0,1,1,True,0,0.8418769240379333
Sphingolipid-BTSPT-OMV_1__F144,Sphingolipid-BTSPT-OMV_1,multi,1,1,2,3,2,False,1,0.7903081774711609
Sphingolipid-BTSPT-OMV_1__F146,Sphingolipid-BTSPT-OMV_1,multi,0,1,2,2,1,False,1,0.0
Sphingolipid-BTSPT-OMV_1__F148,Sphingolipid-BTSPT-OMV_1,single,1,0,0,1,1,True,0,0.8794158101081848
Sphingolipid-BTSPT-OMV_1__F149,Sphingolipid-BTSPT-OMV_1,empty,0,1,0,0,1,False,1,0.0
Sphingolipid-BTSPT-OMV_1__F15,Sphingolipid-BTSPT-OMV_1,multi,1,0,1,2,1,False,1,0.5934133529663086
Sphingolipid-BTSPT-OMV_1__F150,Sphingolipid-BTSPT-OMV_1,multi,2,0,0,2,2,True,0,0.8430272936820984
Sphingolipid-BTSPT-OMV_1__F151,Sphingolipid-BTSPT-OMV_1,single,1,0,0,1,1,True,0,0.9093642830848694
Sphingolipid-BTSPT-OMV_1__F152,Sphingolipid-BTSPT-OMV_1,single,1,0,0,1,1,True,0,0.6897065043449402
Sphingolipid-BTSPT-OMV_1__F153,Sphingolipid-BTSPT-OMV_1,single,1,0,0,1,1,True,0,0.7642059326171875
Sphingolipid-BTSPT-OMV_1__F154,Sphingolipid-BTSPT-OMV_1,single,1,0,0,1,1,True,0,0.8408203721046448
Sphingolipid-BTSPT-OMV_1__F155,Sphingolipid-BTSPT-OMV_1,single,1,0,0,1,1,True,0,0.745392382144928
Sphingolipid-BTSPT-OMV_1__F156,Sphingolipid-BTSPT-OMV_1,empty,0,1,0,0,1,False,1,0.0
Sphingolipid-BTSPT-OMV_1__F157,Sphingolipid-BTSPT-OMV_1,empty,0,0,0,0,0,True,0,0.0
Sphingolipid-BTSPT-OMV_1__F158,Sphingolipid-BTSPT-OMV_1,empty,0,0,0,0,0,True,0,0.0
Sphingolipid-BTSPT-OMV_1__F159,Sphingolipid-BTSPT-OMV_1,single,1,0,0,1,1,True,0,0.9606484770774841
Sphingolipid-BTSPT-OMV_1__F16,Sphingolipid-BTSPT-OMV_1,single,1,0,0,1,1,True,0,0.7430053949356079
Sphingolipid-BTSPT-OMV_1__F160,Sphingolipid-BTSPT-OMV_1,single,0,0,1,1,0,False,1,0.0
Sphingolipid-BTSPT-OMV_1__F161,Sphingolipid-BTSPT-OMV_1,single,1,0,0,1,1,True,0,0.5050134062767029
Sphingolipid-BTSPT-OMV_1__F162,Sphingolipid-BTSPT-OMV_1,empty,0,0,0,0,0,True,0,0.0
Sphingolipid-BTSPT-OMV_1__F163,Sphingolipid-BTSPT-OMV_1,empty,0,0,0,0,0,True,0,0.0
Sphingolipid-BTSPT-OMV_1__F164,Sphingolipid-BTSPT-OMV_1,empty,0,0,0,0,0,True,0,0.0
Sphingolipid-BTSPT-OMV_1__F165,Sphingolipid-BTSPT-OMV_1,multi,2,0,1,3,2,False,1,0.7935791313648224
Sphingolipid-BTSPT-OMV_1__F166,Sphingolipid-BTSPT-OMV_1,single,0,0,1,1,0,False,1,0.0
Sphingolipid-BTSPT-OMV_1__F167,Sphingolipid-BTSPT-OMV_1,single,1,0,0,1,1,True,0,0.9073865413665771
Sphingolipid-BTSPT-OMV_1__F168,Sphingolipid-BTSPT-OMV_1,empty,0,0,0,0,0,True,0,0.0
Sphingolipid-BTSPT-OMV_1__F169,Sphingolipid-BTSPT-OMV_1,empty,0,0,0,0,0,True,0,0.0
Sphingolipid-BTSPT-OMV_1__F17,Sphingolipid-BTSPT-OMV_1,single,1,0,0,1,1,True,0,0.5582437515258789
Sphingolipid-BTSPT-OMV_1__F170,Sphingolipid-BTSPT-OMV_1,multi,0,0,2,2,0,False,2,0.0
Sphingolipid-BTSPT-OMV_1__F171,Sphingolipid-BTSPT-OMV_1,single,1,0,0,1,1,True,0,0.9424020051956177
Sphingolipid-BTSPT-OMV_1__F172,Sphingolipid-BTSPT-OMV_1,single,1,0,0,1,1,True,0,0.786365807056427
Sphingolipid-BTSPT-OMV_1__F173,Sphingolipid-BTSPT-OMV_1,single,1,0,0,1,1,True,0,0.7934587001800537
Sphingolipid-BTSPT-OMV_1__F174,Sphingolipid-BTSPT-OMV_1,multi,1,0,1,2,1,False,1,0.5016992092132568
Sphingolipid-BTSPT-OMV_1__F175,Sphingolipid-BTSPT-OMV_1,single,1,0,0,1,1,True,0,0.9149020314216614
Sphingolipid-BTSPT-OMV_1__F176,Sphingolipid-BTSPT-OMV_1,empty,0,0,0,0,0,True,0,0.0
Sphingolipid-BTSPT-OMV_1__F177,Sphingolipid-BTSPT-OMV_1,single,1,0,0,1,1,True,0,0.8113014101982117
Sphingolipid-BTSPT-OMV_1__F178,Sphingolipid-BTSPT-OMV_1,single,1,0,0,1,1,True,0,0.7303223013877869
Sphingolipid-BTSPT-OMV_1__F179,Sphingolipid-BTSPT-OMV_1,multi,2,0,0,2,2,True,0,0.7656326591968536
Sphingolipid-BTSPT-OMV_1__F18,Sphingolipid-BTSPT-OMV_1,empty,0,0,0,0,0,True,0,0.0
Sphingolipid-BTSPT-OMV_1__F180,Sphingolipid-BTSPT-OMV_1,single,1,0,0,1,1,True,0,0.9684502482414246
Sphingolipid-BTSPT-OMV_1__F181,Sphingolipid-BTSPT-OMV_1,empty,0,1,0,0,1,False,1,0.0
Sphingolipid-BTSPT-OMV_1__F182,Sphingolipid-BTSPT-OMV_1,empty,0,0,0,0,0,True,0,0.0
Sphingolipid-BTSPT-OMV_1__F183,Sphingolipid-BTSPT-OMV_1,multi,0,0,2,2,0,False,2,0.0
Sphingolipid-BTSPT-OMV_1__F184,Sphingolipid-BTSPT-OMV_1,single,1,0,0,1,1,True,0,0.8469050526618958
Sphingolipid-BTSPT-OMV_1__F185,Sphingolipid-BTSPT-OMV_1,multi,0,1,2,2,1,False,1,0.0
Sphingolipid-BTSPT-OMV_1__F186,Sphingolipid-BTSPT-OMV_1,single,1,0,0,1,1,True,0,0.735047459602356
Sphingolipid-BTSPT-OMV_1__F187,Sphingolipid-BTSPT-OMV_1,single,1,0,0,1,1,True,0,0.7313724160194397
Sphingolipid-BTSPT-OMV_1__F188,Sphingolipid-BTSPT-OMV_1,single,1,0,0,1,1,True,0,0.8948042392730713
Sphingolipid-BTSPT-OMV_1__F189,Sphingolipid-BTSPT-OMV_1,single,1,0,0,1,1,True,0,0.9228323698043823
Sphingolipid-BTSPT-OMV_1__F19,Sphingolipid-BTSPT-OMV_1,single,1,0,0,1,1,True,0,0.7984447479248047
Sphingolipid-BTSPT-OMV_1__F190,Sphingolipid-BTSPT-OMV_1,empty,0,0,0,0,0,True,0,0.0
Sphingolipid-BTSPT-OMV_1__F191,Sphingolipid-BTSPT-OMV_1,empty,0,0,0,0,0,True,0,0.0
Sphingolipid-BTSPT-OMV_1__F192,Sphingolipid-BTSPT-OMV_1,empty,0,0,0,0,0,True,0,0.0
Sphingolipid-BTSPT-OMV_1__F193,Sphingolipid-BTSPT-OMV_1,single,1,0,0,1,1,True,0,0.8998788595199585
Sphingolipid-BTSPT-OMV_1__F194,Sphingolipid-BTSPT-OMV_1,empty,0,0,0,0,0,True,0,0.0
Sphingolipid-BTSPT-OMV_1__F196,Sphingolipid-BTSPT-OMV_1,empty,0,0,0,0,0,True,0,0.0
Sphingolipid-BTSPT-OMV_1__F197,Sphingolipid-BTSPT-OMV_1,multi,0,1,2,2,1,False,1,0.0
Sphingolipid-BTSPT-OMV_1__F198,Sphingolipid-BTSPT-OMV_1,single,1,0,0,1,1,True,0,0.8785209655761719
Sphingolipid-BTSPT-OMV_1__F199,Sphingolipid-BTSPT-OMV_1,multi,0,0,2,2,0,False,2,0.0
Sphingolipid-BTSPT-OMV_1__F2,Sphingolipid-BTSPT-OMV_1,empty,0,1,0,0,1,False,1,0.0
Sphingolipid-BTSPT-OMV_1__F20,Sphingolipid-BTSPT-OMV_1,empty,0,0,0,0,0,True,0,0.0
Sphingolipid-BTSPT-OMV_1__F200,Sphingolipid-BTSPT-OMV_1,single,1,0,0,1,1,True,0,0.8522011637687683
Sphingolipid-BTSPT-OMV_1__F201,Sphingolipid-BTSPT-OMV_1,empty,0,0,0,0,0,True,0,0.0
Sphingolipid-BTSPT-OMV_1__F202,Sphingolipid-BTSPT-OMV_1,multi,0,0,2,2,0,False,2,0.0
Sphingolipid-BTSPT-OMV_1__F203,Sphingolipid-BTSPT-OMV_1,single,1,0,0,1,1,True,0,0.8902665376663208
Sphingolipid-BTSPT-OMV_1__F204,Sphingolipid-BTSPT-OMV_1,single,1,0,0,1,1,True,0,0.8585888147354126
Sphingolipid-BTSPT-OMV_1__F205,Sphingolipid-BTSPT-OMV_1,empty,0,0,0,0,0,True,0,0.0
Sphingolipid-BTSPT-OMV_1__F206,Sphingolipid-BTSPT-OMV_1,single,1,0,0,1,1,True,0,0.849042534828186
Sphingolipid-BTSPT-OMV_1__F207,Sphingolipid-BTSPT-OMV_1,single,1,0,0,1,1,True,0,0.7702237367630005
Sphingolipid-BTSPT-OMV_1__F208,Sphingolipid-BTSPT-OMV_1,single,1,0,0,1,1,True,0,0.9204092025756836
Sphingolipid-BTSPT-OMV_1__F209,Sphingolipid-BTSPT-OMV_1,single,1,0,0,1,1,True,0,0.7269493937492371
Sphingolipid-BTSPT-OMV_1__F21,Sphingolipid-BTSPT-OMV_1,empty,0,0,0,0,0,True,0,0.0
Sphingolipid-BTSPT-OMV_1__F210,Sphingolipid-BTSPT-OMV_1,multi,0,1,2,2,1,False,1,0.0
Sphingolipid-BTSPT-OMV_1__F211,Sphingolipid-BTSPT-OMV_1,multi,2,0,0,2,2,True,0,0.7846877574920654
Sphingolipid-BTSPT-OMV_1__F212,Sphingolipid-BTSPT-OMV_1,empty,0,0,0,0,0,True,0,0.0
Sphingolipid-BTSPT-OMV_1__F213,Sphingolipid-BTSPT-OMV_1,single,1,0,0,1,1,True,0,0.9306524991989136
Sphingolipid-BTSPT-OMV_1__F214,Sphingolipid-BTSPT-OMV_1,single,1,0,0,1,1,True,0,0.8020129203796387
Sphingolipid-BTSPT-OMV_1__F215,Sphingolipid-BTSPT-OMV_1,empty,0,0,0,0,0,True,0,0.0
Sphingolipid-BTSPT-OMV_1__F216,Sphingolipid-BTSPT-OMV_1,empty,0,0,0,0,0,True,0,0.0
Sphingolipid-BTSPT-OMV_1__F217,Sphingolipid-BTSPT-OMV_1,single,1,0,0,1,1,True,0,0.9159658551216125
Sphingolipid-BTSPT-OMV_1__F218,Sphingolipid-BTSPT-OMV_1,single,1,0,0,1,1,True,0,0.7808211445808411
Sphingolipid-BTSPT-OMV_1__F219,Sphingolipid-BTSPT-OMV_1,empty,0,0,0,0,0,True,0,0.0
Sphingolipid-BTSPT-OMV_1__F22,Sphingolipid-BTSPT-OMV_1,single,1,0,0,1,1,True,0,0.8769682049751282
Sphingolipid-BTSPT-OMV_1__F220,Sphingolipid-BTSPT-OMV_1,single,1,0,0,1,1,True,0,0.8326241374015808
Sphingolipid-BTSPT-OMV_1__F221,Sphingolipid-BTSPT-OMV_1,empty,0,0,0,0,0,True,0,0.0
Sphingolipid-BTSPT-OMV_1__F222,Sphingolipid-BTSPT-OMV_1,single,1,0,0,1,1,True,0,0.8212241530418396
Sphingolipid-BTSPT-OMV_1__F223,Sphingolipid-BTSPT-OMV_1,single,1,0,0,1,1,True,0,0.8921537399291992
Sphingolipid-BTSPT-OMV_1__F224,Sphingolipid-BTSPT-OMV_1,empty,0,0,0,0,0,True,0,0.0
Sphingolipid-BTSPT-OMV_1__F225,Sphingolipid-BTSPT-OMV_1,empty,0,0,0,0,0,True,0,0.0
Sphingolipid-BTSPT-OMV_1__F226,Sphingolipid-BTSPT-OMV_1,single,1,0,0,1,1,True,0,0.8686277866363525
Sphingolipid-BTSPT-OMV_1__F227,Sphingolipid-BTSPT-OMV_1,empty,0,0,0,0,0,True,0,0.0
Sphingolipid-BTSPT-OMV_1__F228,Sphingolipid-BTSPT-OMV_1,empty,0,0,0,0,0,True,0,0.0
Sphingolipid-BTSPT-OMV_1__F229,Sphingolipid-BTSPT-OMV_1,empty,0,0,0,0,0,True,0,0.0
Sphingolipid-BTSPT-OMV_1__F230,Sphingolipid-BTSPT-OMV_1,multi,2,0,0,2,2,True,0,0.771233081817627
Sphingolipid-BTSPT-OMV_1__F231,Sphingolipid-BTSPT-OMV_1,empty,0,0,0,0,0,True,0,0.0
Sphingolipid-BTSPT-OMV_1__F232,Sphingolipid-BTSPT-OMV_1,empty,0,0,0,0,0,True,0,0.0
Sphingolipid-BTSPT-OMV_1__F233,Sphingolipid-BTSPT-OMV_1,single,1,0,0,1,1,True,0,0.8833231329917908
Sphingolipid-BTSPT-OMV_1__F234,Sphingolipid-BTSPT-OMV_1,empty,0,0,0,0,0,True,0,0.0
Sphingolipid-BTSPT-OMV_1__F235,Sphingolipid-BTSPT-OMV_1,empty,0,0,0,0,0,True,0,0.0
Sphingolipid-BTSPT-OMV_1__F236,Sphingolipid-BTSPT-OMV_1,multi,2,0,1,3,2,False,1,0.947647750377655
Sphingolipid-BTSPT-OMV_1__F237,Sphingolipid-BTSPT-OMV_1,single,1,0,0,1,1,True,0,0.8602632880210876
Sphingolipid-BTSPT-OMV_1__F238,Sphingolipid-BTSPT-OMV_1,empty,0,0,0,0,0,True,0,0.0
Sphingolipid-BTSPT-OMV_1__F239,Sphingolipid-BTSPT-OMV_1,single,1,0,0,1,1,True,0,0.8975827097892761
Sphingolipid-BTSPT-OMV_1__F24,Sphingolipid-BTSPT-OMV_1,empty,0,0,0,0,0,True,0,0.0
Sphingolipid-BTSPT-OMV_1__F240,Sphingolipid-BTSPT-OMV_1,empty,0,0,0,0,0,True,0,0.0
Sphingolipid-BTSPT-OMV_1__F241,Sphingolipid-BTSPT-OMV_1,single,1,0,0,1,1,True,0,0.8442689180374146
Sphingolipid-BTSPT-OMV_1__F242,Sphingolipid-BTSPT-OMV_1,single,0,1,1,1,1,True,0,0.0
Sphingolipid-BTSPT-OMV_1__F243,Sphingolipid-BTSPT-OMV_1,multi,1,0,1,2,1,False,1,0.9057114720344543
Sphingolipid-BTSPT-OMV_1__F244,Sphingolipid-BTSPT-OMV_1,empty,0,0,0,0,0,True,0,0.0
Sphingolipid-BTSPT-OMV_1__F245,Sphingolipid-BTSPT-OMV_1,empty,0,0,0,0,0,True,0,0.0
Sphingolipid-BTSPT-OMV_1__F246,Sphingolipid-BTSPT-OMV_1,multi,2,0,0,2,2,True,0,0.887433648109436
Sphingolipid-BTSPT-OMV_1__F247,Sphingolipid-BTSPT-OMV_1,single,1,0,0,1,1,True,0,0.8510026335716248
Sphingolipid-BTSPT-OMV_1__F248,Sphingolipid-BTSPT-OMV_1,single,1,0,0,1,1,True,0,0.9393495917320251
Sphingolipid-BTSPT-OMV_1__F249,Sphingolipid-BTSPT-OMV_1,multi,0,2,2,2,2,True,0,0.0
Sphingolipid-BTSPT-OMV_1__F25,Sphingolipid-BTSPT-OMV_1,single,1,0,0,1,1,True,0,0.9524436593055725
Sphingolipid-BTSPT-OMV_1__F250,Sphingolipid-BTSPT-OMV_1,empty,0,0,0,0,0,True,0,0.0
Sphingolipid-BTSPT-OMV_1__F251,Sphingolipid-BTSPT-OMV_1,single,1,0,0,1,1,True,0,0.9558973908424377
Sphingolipid-BTSPT-OMV_1__F252,Sphingolipid-BTSPT-OMV_1,multi,1,0,1,2,1,False,1,0.8413093090057373
Sphingolipid-BTSPT-OMV_1__F253,Sphingolipid-BTSPT-OMV_1,single,1,0,0,1,1,True,0,0.685535192489624
Sphingolipid-BTSPT-OMV_1__F254,Sphingolipid-BTSPT-OMV_1,empty,0,0,0,0,0,True,0,0.0
Sphingolipid-BTSPT-OMV_1__F255,Sphingolipid-BTSPT-OMV_1,single,1,0,0,1,1,True,0,0.8326659202575684
Sphingolipid-BTSPT-OMV_1__F256,Sphingolipid-BTSPT-OMV_1,single,1,0,0,1,1,True,0,0.9099817276000977
Sphingolipid-BTSPT-OMV_1__F257,Sphingolipid-BTSPT-OMV_1,single,1,0,0,1,1,True,0,0.8428952693939209
Sphingolipid-BTSPT-OMV_1__F258,Sphingolipid-BTSPT-OMV_1,empty,0,0,0,0,0,True,0,0.0
Sphingolipid-BTSPT-OMV_1__F259,Sphingolipid-BTSPT-OMV_1,single,1,0,0,1,1,True,0,0.9425153136253357
Sphingolipid-BTSPT-OMV_1__F26,Sphingolipid-BTSPT-OMV_1,single,1,0,0,1,1,True,0,0.8617413640022278
Sphingolipid-BTSPT-OMV_1__F260,Sphingolipid-BTSPT-OMV_1,single,1,0,0,1,1,True,0,0.8175756931304932
Sphingolipid-BTSPT-OMV_1__F261,Sphingolipid-BTSPT-OMV_1,empty,0,0,0,0,0,True,0,0.0
Sphingolipid-BTSPT-OMV_1__F262,Sphingolipid-BTSPT-OMV_1,single,1,0,0,1,1,True,0,0.8397515416145325
Sphingolipid-BTSPT-OMV_1__F263,Sphingolipid-BTSPT-OMV_1,single,1,0,0,1,1,True,0,0.8683897256851196
Sphingolipid-BTSPT-OMV_1__F264,Sphingolipid-BTSPT-OMV_1,empty,0,0,0,0,0,True,0,0.0
Sphingolipid-BTSPT-OMV_1__F265,Sphingolipid-BTSPT-OMV_1,single,1,0,0,1,1,True,0,0.7721496224403381
Sphingolipid-BTSPT-OMV_1__F266,Sphingolipid-BTSPT-OMV_1,empty,0,0,0,0,0,True,0,0.0
Sphingolipid-BTSPT-OMV_1__F267,Sphingolipid-BTSPT-OMV_1,multi,2,0,0,2,2,True,0,0.8321665823459625
Sphingolipid-BTSPT-OMV_1__F268,Sphingolipid-BTSPT-OMV_1,single,0,0,1,1,0,False,1,0.0
Sphingolipid-BTSPT-OMV_1__F269,Sphingolipid-BTSPT-OMV_1,single,1,0,0,1,1,True,0,0.9517468214035034
Sphingolipid-BTSPT-OMV_1__F27,Sphingolipid-BTSPT-OMV_1,empty,0,0,0,0,0,True,0,0.0
Sphingolipid-BTSPT-OMV_1__F270,Sphingolipid-BTSPT-OMV_1,single,1,0,0,1,1,True,0,0.7946106791496277
Sphingolipid-BTSPT-OMV_1__F271,Sphingolipid-BTSPT-OMV_1,empty,0,0,0,0,0,True,0,0.0
Sphingolipid-BTSPT-OMV_1__F272,Sphingolipid-BTSPT-OMV_1,single,1,0,0,1,1,True,0,0.8465262055397034
Sphingolipid-BTSPT-OMV_1__F273,Sphingolipid-BTSPT-OMV_1,multi,0,0,2,2,0,False,2,0.0
Sphingolipid-BTSPT-OMV_1__F274,Sphingolipid-BTSPT-OMV_1,single,1,0,0,1,1,True,0,0.9331806302070618
Sphingolipid-BTSPT-OMV_1__F275,Sphingolipid-BTSPT-OMV_1,empty,0,1,0,0,1,False,1,0.0
Sphingolipid-BTSPT-OMV_1__F276,Sphingolipid-BTSPT-OMV_1,single,1,0,0,1,1,True,0,0.7716313600540161
Sphingolipid-BTSPT-OMV_1__F277,Sphingolipid-BTSPT-OMV_1,multi,1,0,2,3,1,False,2,0.8794572353363037
Sphingolipid-BTSPT-OMV_1__F278,Sphingolipid-BTSPT-OMV_1,empty,0,0,0,0,0,True,0,0.0
Sphingolipid-BTSPT-OMV_1__F279,Sphingolipid-BTSPT-OMV_1,multi,2,0,0,2,2,True,0,0.8691602349281311
Sphingolipid-BTSPT-OMV_1__F28,Sphingolipid-BTSPT-OMV_1,empty,0,0,0,0,0,True,0,0.0
Sphingolipid-BTSPT-OMV_1__F280,Sphingolipid-BTSPT-OMV_1,single,1,0,0,1,1,True,0,0.8135177493095398
Sphingolipid-BTSPT-OMV_1__F281,Sphingolipid-BTSPT-OMV_1,single,1,0,0,1,1,True,0,0.8200310468673706
Sphingolipid-BTSPT-OMV_1__F282,Sphingolipid-BTSPT-OMV_1,empty,0,0,0,0,0,True,0,0.0
Sphingolipid-BTSPT-OMV_1__F283,Sphingolipid-BTSPT-OMV_1,empty,0,0,0,0,0,True,0,0.0
Sphingolipid-BTSPT-OMV_1__F284,Sphingolipid-BTSPT-OMV_1,single,1,0,0,1,1,True,0,0.9211710691452026
Sphingolipid-BTSPT-OMV_1__F285,Sphingolipid-BTSPT-OMV_1,single,1,0,0,1,1,True,0,0.8792576789855957
Sphingolipid-BTSPT-OMV_1__F286,Sphingolipid-BTSPT-OMV_1,single,1,0,0,1,1,True,0,0.8239886164665222
Sphingolipid-BTSPT-OMV_1__F287,Sphingolipid-BTSPT-OMV_1,empty,0,0,0,0,0,True,0,0.0
Sphingolipid-BTSPT-OMV_1__F288,Sphingolipid-BTSPT-OMV_1,empty,0,0,0,0,0,True,0,0.0
Sphingolipid-BTSPT-OMV_1__F289,Sphingolipid-BTSPT-OMV_1,multi,1,1,1,2,2,True,0,0.7650702595710754
Sphingolipid-BTSPT-OMV_1__F29,Sphingolipid-BTSPT-OMV_1,empty,0,0,0,0,0,True,0,0.0
Sphingolipid-BTSPT-OMV_1__F290,Sphingolipid-BTSPT-OMV_1,empty,0,0,0,0,0,True,0,0.0
Sphingolipid-BTSPT-OMV_1__F291,Sphingolipid-BTSPT-OMV_1,empty,0,0,0,0,0,True,0,0.0
Sphingolipid-BTSPT-OMV_1__F292,Sphingolipid-BTSPT-OMV_1,empty,0,1,0,0,1,False,1,0.0
Sphingolipid-BTSPT-OMV_1__F293,Sphingolipid-BTSPT-OMV_1,single,0,0,1,1,0,False,1,0.0
Sphingolipid-BTSPT-OMV_1__F294,Sphingolipid-BTSPT-OMV_1,multi,0,0,2,2,0,False,2,0.0
Sphingolipid-BTSPT-OMV_1__F295,Sphingolipid-BTSPT-OMV_1,single,1,0,0,1,1,True,0,0.827944815158844
Sphingolipid-BTSPT-OMV_1__F296,Sphingolipid-BTSPT-OMV_1,empty,0,0,0,0,0,True,0,0.0
Sphingolipid-BTSPT-OMV_1__F297,Sphingolipid-BTSPT-OMV_1,single,1,0,0,1,1,True,0,0.8605862855911255
Sphingolipid-BTSPT-OMV_1__F298,Sphingolipid-BTSPT-OMV_1,single,0,0,1,1,0,False,1,0.0
Sphingolipid-BTSPT-OMV_1__F299,Sphingolipid-BTSPT-OMV_1,single,1,0,0,1,1,True,0,0.8986672163009644
Sphingolipid-BTSPT-OMV_1__F3,Sphingolipid-BTSPT-OMV_1,single,1,0,0,1,1,True,0,0.8392300009727478
Sphingolipid-BTSPT-OMV_1__F30,Sphingolipid-BTSPT-OMV_1,empty,0,0,0,0,0,True,0,0.0
Sphingolipid-BTSPT-OMV_1__F300,Sphingolipid-BTSPT-OMV_1,single,1,0,0,1,1,True,0,0.7483375072479248
Sphingolipid-BTSPT-OMV_1__F301,Sphingolipid-BTSPT-OMV_1,single,1,0,0,1,1,True,0,0.9687619805335999
Sphingolipid-BTSPT-OMV_1__F302,Sphingolipid-BTSPT-OMV_1,single,1,0,0,1,1,True,0,0.7636498212814331
Sphingolipid-BTSPT-OMV_1__F303,Sphingolipid-BTSPT-OMV_1,single,1,0,0,1,1,True,0,0.7981796264648438
Sphingolipid-BTSPT-OMV_1__F304,Sphingolipid-BTSPT-OMV_1,empty,0,0,0,0,0,True,0,0.0
Sphingolipid-BTSPT-OMV_1__F305,Sphingolipid-BTSPT-OMV_1,empty,0,0,0,0,0,True,0,0.0
Sphingolipid-BTSPT-OMV_1__F307,Sphingolipid-BTSPT-OMV_1,empty,0,0,0,0,0,True,0,0.0
Sphingolipid-BTSPT-OMV_1__F308,Sphingolipid-BTSPT-OMV_1,empty,0,0,0,0,0,True,0,0.0
Sphingolipid-BTSPT-OMV_1__F309,Sphingolipid-BTSPT-OMV_1,single,1,0,0,1,1,True,0,0.8952317237854004
Sphingolipid-BTSPT-OMV_1__F31,Sphingolipid-BTSPT-OMV_1,empty,0,0,0,0,0,True,0,0.0
Sphingolipid-BTSPT-OMV_1__F310,Sphingolipid-BTSPT-OMV_1,multi,1,0,1,2,1,False,1,0.7577951550483704
Sphingolipid-BTSPT-OMV_1__F311,Sphingolipid-BTSPT-OMV_1,empty,0,0,0,0,0,True,0,0.0
Sphingolipid-BTSPT-OMV_1__F312,Sphingolipid-BTSPT-OMV_1,empty,0,0,0,0,0,True,0,0.0
Sphingolipid-BTSPT-OMV_1__F313,Sphingolipid-BTSPT-OMV_1,single,1,0,0,1,1,True,0,0.8037492036819458
Sphingolipid-BTSPT-OMV_1__F314,Sphingolipid-BTSPT-OMV_1,multi,3,0,0,3,3,True,0,0.8810288111368815
Sphingolipid-BTSPT-OMV_1__F315,Sphingolipid-BTSPT-OMV_1,empty,0,0,0,0,0,True,0,0.0
Sphingolipid-BTSPT-OMV_1__F316,Sphingolipid-BTSPT-OMV_1,empty,0,0,0,0,0,True,0,0.0
Sphingolipid-BTSPT-OMV_1__F317,Sphingolipid-BTSPT-OMV_1,multi,2,2,2,4,4,True,0,0.8645588457584381
Sphingolipid-BTSPT-OMV_1__F318,Sphingolipid-BTSPT-OMV_1,single,0,0,1,1,0,False,1,0.0
Sphingolipid-BTSPT-OMV_1__F32,Sphingolipid-BTSPT-OMV_1,single,1,0,0,1,1,True,0,0.8864129185676575
Sphingolipid-BTSPT-OMV_1__F320,Sphingolipid-BTSPT-OMV_1,empty,0,1,0,0,1,False,1,0.0
Sphingolipid-BTSPT-OMV_1__F321,Sphingolipid-BTSPT-OMV_1,empty,0,0,0,0,0,True,0,0.0
Sphingolipid-BTSPT-OMV_1__F322,Sphingolipid-BTSPT-OMV_1,single,1,0,0,1,1,True,0,0.8287209272384644
Sphingolipid-BTSPT-OMV_1__F323,Sphingolipid-BTSPT-OMV_1,multi,2,0,0,2,2,True,0,0.8635139167308807
Sphingolipid-BTSPT-OMV_1__F324,Sphingolipid-BTSPT-OMV_1,single,1,0,0,1,1,True,0,0.7774085402488708
Sphingolipid-BTSPT-OMV_1__F325,Sphingolipid-BTSPT-OMV_1,single,1,0,0,1,1,True,0,0.7087069153785706
Sphingolipid-BTSPT-OMV_1__F326,Sphingolipid-BTSPT-OMV_1,empty,0,0,0,0,0,True,0,0.0
Sphingolipid-BTSPT-OMV_1__F327,Sphingolipid-BTSPT-OMV_1,multi,2,1,1,3,3,True,0,0.7025131583213806
Sphingolipid-BTSPT-OMV_1__F328,Sphingolipid-BTSPT-OMV_1,empty,0,0,0,0,0,True,0,0.0
Sphingolipid-BTSPT-OMV_1__F329,Sphingolipid-BTSPT-OMV_1,single,1,0,0,1,1,True,0,0.73506098985672
Sphingolipid-BTSPT-OMV_1__F33,Sphingolipid-BTSPT-OMV_1,single,0,0,1,1,0,False,1,0.0
Sphingolipid-BTSPT-OMV_1__F330,Sphingolipid-BTSPT-OMV_1,single,1,0,0,1,1,True,0,0.8838604688644409
Sphingolipid-BTSPT-OMV_1__F331,Sphingolipid-BTSPT-OMV_1,multi,1,0,4,5,1,False,4,0.8523805737495422
Sphingolipid-BTSPT-OMV_1__F332,Sphingolipid-BTSPT-OMV_1,empty,0,0,0,0,0,True,0,0.0
Sphingolipid-BTSPT-OMV_1__F333,Sphingolipid-BTSPT-OMV_1,single,1,0,0,1,1,True,0,0.9222230911254883
Sphingolipid-BTSPT-OMV_1__F334,Sphingolipid-BTSPT-OMV_1,empty,0,0,0,0,0,True,0,0.0
Sphingolipid-BTSPT-OMV_1__F335,Sphingolipid-BTSPT-OMV_1,single,1,0,0,1,1,True,0,0.7387282252311707
Sphingolipid-BTSPT-OMV_1__F336,Sphingolipid-BTSPT-OMV_1,multi,2,0,0,2,2,True,0,0.8764051198959351
Sphingolipid-BTSPT-OMV_1__F337,Sphingolipid-BTSPT-OMV_1,empty,0,0,0,0,0,True,0,0.0
Sphingolipid-BTSPT-OMV_1__F338,Sphingolipid-BTSPT-OMV_1,multi,2,0,0,2,2,True,0,0.860851526260376
Sphingolipid-BTSPT-OMV_1__F339,Sphingolipid-BTSPT-OMV_1,empty,0,0,0,0,0,True,0,0.0
Sphingolipid-BTSPT-OMV_1__F34,Sphingolipid-BTSPT-OMV_1,single,1,0,0,1,1,True,0,0.9432787299156189
Sphingolipid-BTSPT-OMV_1__F340,Sphingolipid-BTSPT-OMV_1,single,1,0,0,1,1,True,0,0.8971956968307495
Sphingolipid-BTSPT-OMV_1__F341,Sphingolipid-BTSPT-OMV_1,empty,0,0,0,0,0,True,0,0.0
Sphingolipid-BTSPT-OMV_1__F342,Sphingolipid-BTSPT-OMV_1,single,1,0,0,1,1,True,0,0.5720460414886475
Sphingolipid-BTSPT-OMV_1__F343,Sphingolipid-BTSPT-OMV_1,single,1,0,0,1,1,True,0,0.9114103317260742
Sphingolipid-BTSPT-OMV_1__F344,Sphingolipid-BTSPT-OMV_1,multi,0,1,2,2,1,False,1,0.0
Sphingolipid-BTSPT-OMV_1__F345,Sphingolipid-BTSPT-OMV_1,empty,0,0,0,0,0,True,0,0.0
Sphingolipid-BTSPT-OMV_1__F346,Sphingolipid-BTSPT-OMV_1,multi,0,1,3,3,1,False,2,0.0
Sphingolipid-BTSPT-OMV_1__F347,Sphingolipid-BTSPT-OMV_1,single,0,0,1,1,0,False,1,0.0
Sphingolipid-BTSPT-OMV_1__F348,Sphingolipid-BTSPT-OMV_1,empty,0,0,0,0,0,True,0,0.0
Sphingolipid-BTSPT-OMV_1__F349,Sphingolipid-BTSPT-OMV_1,single,1,0,0,1,1,True,0,0.8512130379676819
Sphingolipid-BTSPT-OMV_1__F35,Sphingolipid-BTSPT-OMV_1,single,0,1,1,1,1,True,0,0.0
Sphingolipid-BTSPT-OMV_1__F350,Sphingolipid-BTSPT-OMV_1,empty,0,0,0,0,0,True,0,0.0
Sphingolipid-BTSPT-OMV_1__F351,Sphingolipid-BTSPT-OMV_1,single,1,0,0,1,1,True,0,0.9482897520065308
Sphingolipid-BTSPT-OMV_1__F352,Sphingolipid-BTSPT-OMV_1,single,1,0,0,1,1,True,0,0.849933385848999
Sphingolipid-BTSPT-OMV_1__F353,Sphingolipid-BTSPT-OMV_1,empty,0,0,0,0,0,True,0,0.0
Sphingolipid-BTSPT-OMV_1__F354,Sphingolipid-BTSPT-OMV_1,empty,0,0,0,0,0,True,0,0.0
Sphingolipid-BTSPT-OMV_1__F355,Sphingolipid-BTSPT-OMV_1,single,1,0,0,1,1,True,0,0.9192569851875305
Sphingolipid-BTSPT-OMV_1__F357,Sphingolipid-BTSPT-OMV_1,single,1,0,0,1,1,True,0,0.9300099015235901
Sphingolipid-BTSPT-OMV_1__F358,Sphingolipid-BTSPT-OMV_1,multi,1,0,1,2,1,False,1,0.5489195585250854
Sphingolipid-BTSPT-OMV_1__F359,Sphingolipid-BTSPT-OMV_1,single,1,0,0,1,1,True,0,0.8903155326843262
Sphingolipid-BTSPT-OMV_1__F36,Sphingolipid-BTSPT-OMV_1,empty,0,0,0,0,0,True,0,0.0
Sphingolipid-BTSPT-OMV_1__F360,Sphingolipid-BTSPT-OMV_1,single,0,0,1,1,0,False,1,0.0
Sphingolipid-BTSPT-OMV_1__F362,Sphingolipid-BTSPT-OMV_1,multi,3,0,0,3,3,True,0,0.800271213054657
Sphingolipid-BTSPT-OMV_1__F363,Sphingolipid-BTSPT-OMV_1,empty,0,0,0,0,0,True,0,0.0
Sphingolipid-BTSPT-OMV_1__F366,Sphingolipid-BTSPT-OMV_1,empty,0,1,0,0,1,False,1,0.0
Sphingolipid-BTSPT-OMV_1__F367,Sphingolipid-BTSPT-OMV_1,single,1,0,0,1,1,True,0,0.7233010530471802
Sphingolipid-BTSPT-OMV_1__F368,Sphingolipid-BTSPT-OMV_1,single,1,0,0,1,1,True,0,0.6641039252281189
Sphingolipid-BTSPT-OMV_1__F369,Sphingolipid-BTSPT-OMV_1,multi,0,0,3,3,0,False,3,0.0
Sphingolipid-BTSPT-OMV_1__F37,Sphingolipid-BTSPT-OMV_1,empty,0,0,0,0,0,True,0,0.0
Sphingolipid-BTSPT-OMV_1__F370,Sphingolipid-BTSPT-OMV_1,multi,0,1,2,2,1,False,1,0.0
Sphingolipid-BTSPT-OMV_1__F371,Sphingolipid-BTSPT-OMV_1,empty,0,0,0,0,0,True,0,0.0
Sphingolipid-BTSPT-OMV_1__F372,Sphingolipid-BTSPT-OMV_1,single,0,0,1,1,0,False,1,0.0
Sphingolipid-BTSPT-OMV_1__F373,Sphingolipid-BTSPT-OMV_1,empty,0,0,0,0,0,True,0,0.0
Sphingolipid-BTSPT-OMV_1__F374,Sphingolipid-BTSPT-OMV_1,empty,0,0,0,0,0,True,0,0.0
Sphingolipid-BTSPT-OMV_1__F375,Sphingolipid-BTSPT-OMV_1,single,0,0,1,1,0,False,1,0.0
Sphingolipid-BTSPT-OMV_1__F376,Sphingolipid-BTSPT-OMV_1,single,1,0,0,1,1,True,0,0.9590637683868408
Sphingolipid-BTSPT-OMV_1__F377,Sphingolipid-BTSPT-OMV_1,empty,0,1,0,0,1,False,1,0.0
Sphingolipid-BTSPT-OMV_1__F378,Sphingolipid-BTSPT-OMV_1,single,1,0,0,1,1,True,0,0.9073192477226257
Sphingolipid-BTSPT-OMV_1__F379,Sphingolipid-BTSPT-OMV_1,single,1,0,0,1,1,True,0,0.9076141119003296
Sphingolipid-BTSPT-OMV_1__F38,Sphingolipid-BTSPT-OMV_1,empty,0,0,0,0,0,True,0,0.0
Sphingolipid-BTSPT-OMV_1__F380,Sphingolipid-BTSPT-OMV_1,single,1,0,0,1,1,True,0,0.870616614818573
Sphingolipid-BTSPT-OMV_1__F381,Sphingolipid-BTSPT-OMV_1,single,1,0,0,1,1,True,0,0.8915843367576599
Sphingolipid-BTSPT-OMV_1__F382,Sphingolipid-BTSPT-OMV_1,multi,1,0,1,2,1,False,1,0.8281729817390442
Sphingolipid-BTSPT-OMV_1__F383,Sphingolipid-BTSPT-OMV_1,multi,2,0,0,2,2,True,0,0.9038375616073608
Sphingolipid-BTSPT-OMV_1__F384,Sphingolipid-BTSPT-OMV_1,empty,0,1,0,0,1,False,1,0.0
Sphingolipid-BTSPT-OMV_1__F385,Sphingolipid-BTSPT-OMV_1,multi,1,0,1,2,1,False,1,0.8262268304824829
Sphingolipid-BTSPT-OMV_1__F386,Sphingolipid-BTSPT-OMV_1,single,1,0,0,1,1,True,0,0.8126208782196045
Sphingolipid-BTSPT-OMV_1__F387,Sphingolipid-BTSPT-OMV_1,single,1,0,0,1,1,True,0,0.7118881344795227
Sphingolipid-BTSPT-OMV_1__F388,Sphingolipid-BTSPT-OMV_1,multi,0,0,2,2,0,False,2,0.0
Sphingolipid-BTSPT-OMV_1__F389,Sphingolipid-BTSPT-OMV_1,single,1,0,0,1,1,True,0,0.8182870745658875
Sphingolipid-BTSPT-OMV_1__F39,Sphingolipid-BTSPT-OMV_1,empty,0,0,0,0,0,True,0,0.0
Sphingolipid-BTSPT-OMV_1__F390,Sphingolipid-BTSPT-OMV_1,multi,1,0,1,2,1,False,1,0.6547666192054749
Sphingolipid-BTSPT-OMV_1__F391,Sphingolipid-BTSPT-OMV_1,single,1,0,0,1,1,True,0,0.8406762480735779
Sphingolipid-BTSPT-OMV_1__F392,Sphingolipid-BTSPT-OMV_1,multi,0,1,2,2,1,False,1,0.0
Sphingolipid-BTSPT-OMV_1__F393,Sphingolipid-BTSPT-OMV_1,empty,0,1,0,0,1,False,1,0.0
Sphingolipid-BTSPT-OMV_1__F394,Sphingolipid-BTSPT-OMV_1,empty,0,0,0,0,0,True,0,0.0
Sphingolipid-BTSPT-OMV_1__F395,Sphingolipid-BTSPT-OMV_1,empty,0,0,0,0,0,True,0,0.0
Sphingolipid-BTSPT-OMV_1__F396,Sphingolipid-BTSPT-OMV_1,multi,1,0,1,2,1,False,1,0.8355186581611633
Sphingolipid-BTSPT-OMV_1__F398,Sphingolipid-BTSPT-OMV_1,multi,2,0,0,2,2,True,0,0.8737532198429108
Sphingolipid-BTSPT-OMV_1__F399,Sphingolipid-BTSPT-OMV_1,empty,0,1,0,0,1,False,1,0.0
Sphingolipid-BTSPT-OMV_1__F4,Sphingolipid-BTSPT-OMV_1,single,1,0,0,1,1,True,0,0.8873351812362671
Sphingolipid-BTSPT-OMV_1__F40,Sphingolipid-BTSPT-OMV_1,empty,0,1,0,0,1,False,1,0.0
Sphingolipid-BTSPT-OMV_1__F400,Sphingolipid-BTSPT-OMV_1,empty,0,0,0,0,0,True,0,0.0
Sphingolipid-BTSPT-OMV_1__F401,Sphingolipid-BTSPT-OMV_1,single,1,0,0,1,1,True,0,0.864363968372345
Sphingolipid-BTSPT-OMV_1__F402,Sphingolipid-BTSPT-OMV_1,multi,1,0,1,2,1,False,1,0.8735208511352539
Sphingolipid-BTSPT-OMV_1__F403,Sphingolipid-BTSPT-OMV_1,empty,0,0,0,0,0,True,0,0.0
Sphingolipid-BTSPT-OMV_1__F404,Sphingolipid-BTSPT-OMV_1,single,1,0,0,1,1,True,0,0.8778731822967529
Sphingolipid-BTSPT-OMV_1__F405,Sphingolipid-BTSPT-OMV_1,empty,0,1,0,0,1,False,1,0.0
Sphingolipid-BTSPT-OMV_1__F406,Sphingolipid-BTSPT-OMV_1,single,1,0,0,1,1,True,0,0.9116449952125549
Sphingolipid-BTSPT-OMV_1__F407,Sphingolipid-BTSPT-OMV_1,empty,0,0,0,0,0,True,0,0.0
Sphingolipid-BTSPT-OMV_1__F408,Sphingolipid-BTSPT-OMV_1,single,0,1,1,1,1,True,0,0.0
Sphingolipid-BTSPT-OMV_1__F409,Sphingolipid-BTSPT-OMV_1,single,1,0,0,1,1,True,0,0.732846736907959
Sphingolipid-BTSPT-OMV_1__F41,Sphingolipid-BTSPT-OMV_1,multi,3,0,0,3,3,True,0,0.8849119544029236
Sphingolipid-BTSPT-OMV_1__F410,Sphingolipid-BTSPT-OMV_1,empty,0,0,0,0,0,True,0,0.0
Sphingolipid-BTSPT-OMV_1__F411,Sphingolipid-BTSPT-OMV_1,single,1,0,0,1,1,True,0,0.8583685159683228
Sphingolipid-BTSPT-OMV_1__F412,Sphingolipid-BTSPT-OMV_1,empty,0,1,0,0,1,False,1,0.0
Sphingolipid-BTSPT-OMV_1__F413,Sphingolipid-BTSPT-OMV_1,empty,0,0,0,0,0,True,0,0.0
Sphingolipid-BTSPT-OMV_1__F414,Sphingolipid-BTSPT-OMV_1,empty,0,0,0,0,0,True,0,0.0
Sphingolipid-BTSPT-OMV_1__F415,Sphingolipid-BTSPT-OMV_1,empty,0,0,0,0,0,True,0,0.0
Sphingolipid-BTSPT-OMV_1__F416,Sphingolipid-BTSPT-OMV_1,single,0,0,1,1,0,False,1,0.0
Sphingolipid-BTSPT-OMV_1__F417,Sphingolipid-BTSPT-OMV_1,single,1,0,0,1,1,True,0,0.9096782207489014
Sphingolipid-BTSPT-OMV_1__F418,Sphingolipid-BTSPT-OMV_1,single,1,0,0,1,1,True,0,0.9172976016998291
Sphingolipid-BTSPT-OMV_1__F419,Sphingolipid-BTSPT-OMV_1,empty,0,0,0,0,0,True,0,0.0
Sphingolipid-BTSPT-OMV_1__F42,Sphingolipid-BTSPT-OMV_1,multi,0,1,2,2,1,False,1,0.0
Sphingolipid-BTSPT-OMV_1__F420,Sphingolipid-BTSPT-OMV_1,single,0,0,1,1,0,False,1,0.0
Sphingolipid-BTSPT-OMV_1__F421,Sphingolipid-BTSPT-OMV_1,multi,1,0,1,2,1,False,1,0.8796650767326355
Sphingolipid-BTSPT-OMV_1__F422,Sphingolipid-BTSPT-OMV_1,single,1,0,0,1,1,True,0,0.7810994386672974
Sphingolipid-BTSPT-OMV_1__F423,Sphingolipid-BTSPT-OMV_1,single,1,0,0,1,1,True,0,0.8765091300010681
Sphingolipid-BTSPT-OMV_1__F424,Sphingolipid-BTSPT-OMV_1,empty,0,0,0,0,0,True,0,0.0
Sphingolipid-BTSPT-OMV_1__F425,Sphingolipid-BTSPT-OMV_1,empty,0,0,0,0,0,True,0,0.0
Sphingolipid-BTSPT-OMV_1__F426,Sphingolipid-BTSPT-OMV_1,single,1,0,0,1,1,True,0,0.7105459570884705
Sphingolipid-BTSPT-OMV_1__F427,Sphingolipid-BTSPT-OMV_1,single,1,0,0,1,1,True,0,0.8857633471488953
Sphingolipid-BTSPT-OMV_1__F428,Sphingolipid-BTSPT-OMV_1,empty,0,0,0,0,0,True,0,0.0
Sphingolipid-BTSPT-OMV_1__F429,Sphingolipid-BTSPT-OMV_1,empty,0,1,0,0,1,False,1,0.0
Sphingolipid-BTSPT-OMV_1__F43,Sphingolipid-BTSPT-OMV_1,empty,0,1,0,0,1,False,1,0.0
Sphingolipid-BTSPT-OMV_1__F430,Sphingolipid-BTSPT-OMV_1,single,1,0,0,1,1,True,0,0.8688755035400391
Sphingolipid-BTSPT-OMV_1__F431,Sphingolipid-BTSPT-OMV_1,single,1,0,0,1,1,True,0,0.699442982673645
Sphingolipid-BTSPT-OMV_1__F432,Sphingolipid-BTSPT-OMV_1,single,1,0,0,1,1,True,0,0.6487267017364502
Sphingolipid-BTSPT-OMV_1__F433,Sphingolipid-BTSPT-OMV_1,single,0,0,1,1,0,False,1,0.0
Sphingolipid-BTSPT-OMV_1__F434,Sphingolipid-BTSPT-OMV_1,multi,2,0,0,2,2,True,0,0.877849668264389
Sphingolipid-BTSPT-OMV_1__F435,Sphingolipid-BTSPT-OMV_1,single,1,0,0,1,1,True,0,0.9176665544509888
Sphingolipid-BTSPT-OMV_1__F436,Sphingolipid-BTSPT-OMV_1,empty,0,0,0,0,0,True,0,0.0
Sphingolipid-BTSPT-OMV_1__F437,Sphingolipid-BTSPT-OMV_1,single,1,0,0,1,1,True,0,0.8117952346801758
Sphingolipid-BTSPT-OMV_1__F438,Sphingolipid-BTSPT-OMV_1,single,1,0,0,1,1,True,0,0.6127450466156006
Sphingolipid-BTSPT-OMV_1__F439,Sphingolipid-BTSPT-OMV_1,multi,1,0,2,3,1,False,2,0.928378701210022
Sphingolipid-BTSPT-OMV_1__F44,Sphingolipid-BTSPT-OMV_1,single,1,0,0,1,1,True,0,0.7955704927444458
Sphingolipid-BTSPT-OMV_1__F440,Sphingolipid-BTSPT-OMV_1,single,1,0,0,1,1,True,0,0.8659006953239441
Sphingolipid-BTSPT-OMV_1__F441,Sphingolipid-BTSPT-OMV_1,empty,0,0,0,0,0,True,0,0.0
Sphingolipid-BTSPT-OMV_1__F442,Sphingolipid-BTSPT-OMV_1,single,1,0,0,1,1,True,0,0.9243567585945129
Sphingolipid-BTSPT-OMV_1__F443,Sphingolipid-BTSPT-OMV_1,single,1,0,0,1,1,True,0,0.8020771145820618
Sphingolipid-BTSPT-OMV_1__F444,Sphingolipid-BTSPT-OMV_1,empty,0,0,0,0,0,True,0,0.0
Sphingolipid-BTSPT-OMV_1__F445,Sphingolipid-BTSPT-OMV_1,single,1,0,0,1,1,True,0,0.8960781097412109
Sphingolipid-BTSPT-OMV_1__F446,Sphingolipid-BTSPT-OMV_1,empty,0,0,0,0,0,True,0,0.0
Sphingolipid-BTSPT-OMV_1__F447,Sphingolipid-BTSPT-OMV_1,single,1,0,0,1,1,True,0,0.8492693305015564
Sphingolipid-BTSPT-OMV_1__F448,Sphingolipid-BTSPT-OMV_1,multi,0,0,3,3,0,False,3,0.0
Sphingolipid-BTSPT-OMV_1__F449,Sphingolipid-BTSPT-OMV_1,empty,0,0,0,0,0,True,0,0.0
Sphingolipid-BTSPT-OMV_1__F45,Sphingolipid-BTSPT-OMV_1,single,1,0,0,1,1,True,0,0.8170115947723389
Sphingolipid-BTSPT-OMV_1__F450,Sphingolipid-BTSPT-OMV_1,multi,1,0,1,2,1,False,1,0.73502117395401
Sphingolipid-BTSPT-OMV_1__F451,Sphingolipid-BTSPT-OMV_1,empty,0,0,0,0,0,True,0,0.0
Sphingolipid-BTSPT-OMV_1__F452,Sphingolipid-BTSPT-OMV_1,multi,0,1,2,2,1,False,1,0.0
Sphingolipid-BTSPT-OMV_1__F453,Sphingolipid-BTSPT-OMV_1,single,1,0,0,1,1,True,0,0.6937233209609985
Sphingolipid-BTSPT-OMV_1__F454,Sphingolipid-BTSPT-OMV_1,single,1,0,0,1,1,True,0,0.835039496421814
Sphingolipid-BTSPT-OMV_1__F455,Sphingolipid-BTSPT-OMV_1,single,1,0,0,1,1,True,0,0.8051654100418091
Sphingolipid-BTSPT-OMV_1__F456,Sphingolipid-BTSPT-OMV_1,empty,0,0,0,0,0,True,0,0.0
Sphingolipid-BTSPT-OMV_1__F457,Sphingolipid-BTSPT-OMV_1,single,1,0,0,1,1,True,0,0.7542029023170471
Sphingolipid-BTSPT-OMV_1__F458,Sphingolipid-BTSPT-OMV_1,single,1,0,0,1,1,True,0,0.8650697469711304
Sphingolipid-BTSPT-OMV_1__F459,Sphingolipid-BTSPT-OMV_1,multi,2,0,0,2,2,True,0,0.8386828005313873
Sphingolipid-BTSPT-OMV_1__F46,Sphingolipid-BTSPT-OMV_1,empty,0,1,0,0,1,False,1,0.0
Sphingolipid-BTSPT-OMV_1__F460,Sphingolipid-BTSPT-OMV_1,single,1,0,0,1,1,True,0,0.7759559154510498
Sphingolipid-BTSPT-OMV_1__F461,Sphingolipid-BTSPT-OMV_1,single,1,0,0,1,1,True,0,0.8648257255554199
Sphingolipid-BTSPT-OMV_1__F462,Sphingolipid-BTSPT-OMV_1,single,1,0,0,1,1,True,0,0.8239935636520386
Sphingolipid-BTSPT-OMV_1__F463,Sphingolipid-BTSPT-OMV_1,single,1,0,0,1,1,True,0,0.7744807004928589
Sphingolipid-BTSPT-OMV_1__F464,Sphingolipid-BTSPT-OMV_1,multi,2,0,0,2,2,True,0,0.8938301503658295
Sphingolipid-BTSPT-OMV_1__F465,Sphingolipid-BTSPT-OMV_1,single,0,0,1,1,0,False,1,0.0
Sphingolipid-BTSPT-OMV_1__F466,Sphingolipid-BTSPT-OMV_1,multi,1,1,2,3,2,False,1,0.8837364315986633
Sphingolipid-BTSPT-OMV_1__F467,Sphingolipid-BTSPT-OMV_1,single,1,0,0,1,1,True,0,0.8352726101875305
Sphingolipid-BTSPT-OMV_1__F468,Sphingolipid-BTSPT-OMV_1,empty,0,0,0,0,0,True,0,0.0
Sphingolipid-BTSPT-OMV_1__F469,Sphingolipid-BTSPT-OMV_1,single,1,0,0,1,1,True,0,0.8729869723320007
Sphingolipid-BTSPT-OMV_1__F47,Sphingolipid-BTSPT-OMV_1,single,1,0,0,1,1,True,0,0.9493536949157715
Sphingolipid-BTSPT-OMV_1__F470,Sphingolipid-BTSPT-OMV_1,single,1,0,0,1,1,True,0,0.864263117313385
Sphingolipid-BTSPT-OMV_1__F471,Sphingolipid-BTSPT-OMV_1,multi,2,0,0,2,2,True,0,0.8206714987754822
Sphingolipid-BTSPT-OMV_1__F472,Sphingolipid-BTSPT-OMV_1,empty,0,0,0,0,0,True,0,0.0
Sphingolipid-BTSPT-OMV_1__F473,Sphingolipid-BTSPT-OMV_1,empty,0,0,0,0,0,True,0,0.0
Sphingolipid-BTSPT-OMV_1__F474,Sphingolipid-BTSPT-OMV_1,empty,0,0,0,0,0,True,0,0.0
Sphingolipid-BTSPT-OMV_1__F475,Sphingolipid-BTSPT-OMV_1,empty,0,1,0,0,1,False,1,0.0
Sphingolipid-BTSPT-OMV_1__F476,Sphingolipid-BTSPT-OMV_1,single,1,0,0,1,1,True,0,0.8978328108787537
Sphingolipid-BTSPT-OMV_1__F477,Sphingolipid-BTSPT-OMV_1,single,1,0,0,1,1,True,0,0.9495863318443298
Sphingolipid-BTSPT-OMV_1__F478,Sphingolipid-BTSPT-OMV_1,empty,0,0,0,0,0,True,0,0.0
Sphingolipid-BTSPT-OMV_1__F479,Sphingolipid-BTSPT-OMV_1,empty,0,0,0,0,0,True,0,0.0
Sphingolipid-BTSPT-OMV_1__F48,Sphingolipid-BTSPT-OMV_1,single,1,0,0,1,1,True,0,0.9053073525428772
Sphingolipid-BTSPT-OMV_1__F480,Sphingolipid-BTSPT-OMV_1,empty,0,0,0,0,0,True,0,0.0
Sphingolipid-BTSPT-OMV_1__F481,Sphingolipid-BTSPT-OMV_1,empty,0,0,0,0,0,True,0,0.0
Sphingolipid-BTSPT-OMV_1__F482,Sphingolipid-BTSPT-OMV_1,single,0,0,1,1,0,False,1,0.0
Sphingolipid-BTSPT-OMV_1__F483,Sphingolipid-BTSPT-OMV_1,single,1,0,0,1,1,True,0,0.8524224162101746
Sphingolipid-BTSPT-OMV_1__F484,Sphingolipid-BTSPT-OMV_1,empty,0,0,0,0,0,True,0,0.0
Sphingolipid-BTSPT-OMV_1__F485,Sphingolipid-BTSPT-OMV_1,empty,0,0,0,0,0,True,0,0.0
Sphingolipid-BTSPT-OMV_1__F487,Sphingolipid-BTSPT-OMV_1,empty,0,0,0,0,0,True,0,0.0
Sphingolipid-BTSPT-OMV_1__F488,Sphingolipid-BTSPT-OMV_1,single,1,0,0,1,1,True,0,0.9404116868972778
Sphingolipid-BTSPT-OMV_1__F489,Sphingolipid-BTSPT-OMV_1,empty,0,0,0,0,0,True,0,0.0
Sphingolipid-BTSPT-OMV_1__F49,Sphingolipid-BTSPT-OMV_1,empty,0,1,0,0,1,False,1,0.0
Sphingolipid-BTSPT-OMV_1__F490,Sphingolipid-BTSPT-OMV_1,single,1,0,0,1,1,True,0,0.7945054769515991
Sphingolipid-BTSPT-OMV_1__F491,Sphingolipid-BTSPT-OMV_1,single,1,0,0,1,1,True,0,0.8638569712638855
Sphingolipid-BTSPT-OMV_1__F492,Sphingolipid-BTSPT-OMV_1,single,1,0,0,1,1,True,0,0.8487001061439514
Sphingolipid-BTSPT-OMV_1__F493,Sphingolipid-BTSPT-OMV_1,single,1,0,0,1,1,True,0,0.8732077479362488
Sphingolipid-BTSPT-OMV_1__F494,Sphingolipid-BTSPT-OMV_1,empty,0,0,0,0,0,True,0,0.0
Sphingolipid-BTSPT-OMV_1__F495,Sphingolipid-BTSPT-OMV_1,single,1,0,0,1,1,True,0,0.9308159351348877
Sphingolipid-BTSPT-OMV_1__F497,Sphingolipid-BTSPT-OMV_1,single,1,0,0,1,1,True,0,0.9574964046478271
Sphingolipid-BTSPT-OMV_1__F498,Sphingolipid-BTSPT-OMV_1,single,1,0,0,1,1,True,0,0.8481676578521729
Sphingolipid-BTSPT-OMV_1__F499,Sphingolipid-BTSPT-OMV_1,single,0,0,1,1,0,False,1,0.0
Sphingolipid-BTSPT-OMV_1__F5,Sphingolipid-BTSPT-OMV_1,single,1,0,0,1,1,True,0,0.8500080108642578
Sphingolipid-BTSPT-OMV_1__F50,Sphingolipid-BTSPT-OMV_1,single,1,0,0,1,1,True,0,0.7740387916564941
Sphingolipid-BTSPT-OMV_1__F500,Sphingolipid-BTSPT-OMV_1,multi,1,0,1,2,1,False,1,0.6943116784095764
Sphingolipid-BTSPT-OMV_1__F501,Sphingolipid-BTSPT-OMV_1,single,1,0,0,1,1,True,0,0.6843551993370056
Sphingolipid-BTSPT-OMV_1__F502,Sphingolipid-BTSPT-OMV_1,single,1,0,0,1,1,True,0,0.8769238591194153
Sphingolipid-BTSPT-OMV_1__F503,Sphingolipid-BTSPT-OMV_1,single,0,0,1,1,0,False,1,0.0
Sphingolipid-BTSPT-OMV_1__F504,Sphingolipid-BTSPT-OMV_1,multi,1,0,1,2,1,False,1,0.6285116076469421
Sphingolipid-BTSPT-OMV_1__F505,Sphingolipid-BTSPT-OMV_1,single,1,0,0,1,1,True,0,0.9259713888168335
Sphingolipid-BTSPT-OMV_1__F506,Sphingolipid-BTSPT-OMV_1,single,1,0,0,1,1,True,0,0.9187478423118591
Sphingolipid-BTSPT-OMV_1__F507,Sphingolipid-BTSPT-OMV_1,empty,0,0,0,0,0,True,0,0.0
Sphingolipid-BTSPT-OMV_1__F508,Sphingolipid-BTSPT-OMV_1,single,1,0,0,1,1,True,0,0.8424230217933655
Sphingolipid-BTSPT-OMV_1__F509,Sphingolipid-BTSPT-OMV_1,empty,0,0,0,0,0,True,0,0.0
Sphingolipid-BTSPT-OMV_1__F51,Sphingolipid-BTSPT-OMV_1,empty,0,1,0,0,1,False,1,0.0
Sphingolipid-BTSPT-OMV_1__F510,Sphingolipid-BTSPT-OMV_1,empty,0,0,0,0,0,True,0,0.0
Sphingolipid-BTSPT-OMV_1__F511,Sphingolipid-BTSPT-OMV_1,multi,0,0,2,2,0,False,2,0.0
Sphingolipid-BTSPT-OMV_1__F512,Sphingolipid-BTSPT-OMV_1,single,1,0,0,1,1,True,0,0.7796130180358887
Sphingolipid-BTSPT-OMV_1__F513,Sphingolipid-BTSPT-OMV_1,single,1,0,0,1,1,True,0,0.8062488436698914
Sphingolipid-BTSPT-OMV_1__F514,Sphingolipid-BTSPT-OMV_1,single,1,0,0,1,1,True,0,0.7994592785835266
Sphingolipid-BTSPT-OMV_1__F515,Sphingolipid-BTSPT-OMV_1,empty,0,0,0,0,0,True,0,0.0
Sphingolipid-BTSPT-OMV_1__F516,Sphingolipid-BTSPT-OMV_1,multi,1,0,1,2,1,False,1,0.810181200504303
Sphingolipid-BTSPT-OMV_1__F517,Sphingolipid-BTSPT-OMV_1,empty,0,0,0,0,0,True,0,0.0
Sphingolipid-BTSPT-OMV_1__F518,Sphingolipid-BTSPT-OMV_1,empty,0,1,0,0,1,False,1,0.0
Sphingolipid-BTSPT-OMV_1__F519,Sphingolipid-BTSPT-OMV_1,single,1,0,0,1,1,True,0,0.886650562286377
Sphingolipid-BTSPT-OMV_1__F52,Sphingolipid-BTSPT-OMV_1,multi,1,0,1,2,1,False,1,0.8807644248008728
Sphingolipid-BTSPT-OMV_1__F520,Sphingolipid-BTSPT-OMV_1,empty,0,0,0,0,0,True,0,0.0
Sphingolipid-BTSPT-OMV_1__F521,Sphingolipid-BTSPT-OMV_1,empty,0,0,0,0,0,True,0,0.0
Sphingolipid-BTSPT-OMV_1__F522,Sphingolipid-BTSPT-OMV_1,empty,0,0,0,0,0,True,0,0.0
Sphingolipid-BTSPT-OMV_1__F523,Sphingolipid-BTSPT-OMV_1,empty,0,0,0,0,0,True,0,0.0
Sphingolipid-BTSPT-OMV_1__F524,Sphingolipid-BTSPT-OMV_1,multi,1,0,1,2,1,False,1,0.5704118609428406
Sphingolipid-BTSPT-OMV_1__F525,Sphingolipid-BTSPT-OMV_1,single,1,0,0,1,1,True,0,0.7889147996902466
Sphingolipid-BTSPT-OMV_1__F526,Sphingolipid-BTSPT-OMV_1,empty,0,0,0,0,0,True,0,0.0
Sphingolipid-BTSPT-OMV_1__F527,Sphingolipid-BTSPT-OMV_1,empty,0,1,0,0,1,False,1,0.0
Sphingolipid-BTSPT-OMV_1__F528,Sphingolipid-BTSPT-OMV_1,multi,2,0,0,2,2,True,0,0.859463095664978
Sphingolipid-BTSPT-OMV_1__F529,Sphingolipid-BTSPT-OMV_1,single,1,0,0,1,1,True,0,0.7165672779083252
Sphingolipid-BTSPT-OMV_1__F53,Sphingolipid-BTSPT-OMV_1,empty,0,0,0,0,0,True,0,0.0
Sphingolipid-BTSPT-OMV_1__F530,Sphingolipid-BTSPT-OMV_1,empty,0,0,0,0,0,True,0,0.0
Sphingolipid-BTSPT-OMV_1__F531,Sphingolipid-BTSPT-OMV_1,single,1,0,0,1,1,True,0,0.8681772351264954
Sphingolipid-BTSPT-OMV_1__F532,Sphingolipid-BTSPT-OMV_1,single,1,0,0,1,1,True,0,0.7333320379257202
Sphingolipid-BTSPT-OMV_1__F533,Sphingolipid-BTSPT-OMV_1,multi,2,0,0,2,2,True,0,0.8281685709953308
Sphingolipid-BTSPT-OMV_1__F534,Sphingolipid-BTSPT-OMV_1,multi,2,0,0,2,2,True,0,0.8493238091468811
Sphingolipid-BTSPT-OMV_1__F535,Sphingolipid-BTSPT-OMV_1,empty,0,0,0,0,0,True,0,0.0
Sphingolipid-BTSPT-OMV_1__F536,Sphingolipid-BTSPT-OMV_1,empty,0,0,0,0,0,True,0,0.0
Sphingolipid-BTSPT-OMV_1__F537,Sphingolipid-BTSPT-OMV_1,empty,0,0,0,0,0,True,0,0.0
Sphingolipid-BTSPT-OMV_1__F538,Sphingolipid-BTSPT-OMV_1,single,1,0,0,1,1,True,0,0.8145237565040588
Sphingolipid-BTSPT-OMV_1__F539,Sphingolipid-BTSPT-OMV_1,empty,0,0,0,0,0,True,0,0.0
Sphingolipid-BTSPT-OMV_1__F540,Sphingolipid-BTSPT-OMV_1,empty,0,1,0,0,1,False,1,0.0
Sphingolipid-BTSPT-OMV_1__F541,Sphingolipid-BTSPT-OMV_1,multi,0,2,2,2,2,True,0,0.0
Sphingolipid-BTSPT-OMV_1__F542,Sphingolipid-BTSPT-OMV_1,empty,0,0,0,0,0,True,0,0.0
Sphingolipid-BTSPT-OMV_1__F543,Sphingolipid-BTSPT-OMV_1,single,1,0,0,1,1,True,0,0.7829649448394775
Sphingolipid-BTSPT-OMV_1__F544,Sphingolipid-BTSPT-OMV_1,single,1,0,0,1,1,True,0,0.9010035991668701
Sphingolipid-BTSPT-OMV_1__F545,Sphingolipid-BTSPT-OMV_1,single,1,0,0,1,1,True,0,0.818650484085083
Sphingolipid-BTSPT-OMV_1__F546,Sphingolipid-BTSPT-OMV_1,multi,2,0,0,2,2,True,0,0.94181689620018
Sphingolipid-BTSPT-OMV_1__F547,Sphingolipid-BTSPT-OMV_1,single,1,0,0,1,1,True,0,0.9613790512084961
Sphingolipid-BTSPT-OMV_1__F548,Sphingolipid-BTSPT-OMV_1,single,1,0,0,1,1,True,0,0.7590928077697754
Sphingolipid-BTSPT-OMV_1__F549,Sphingolipid-BTSPT-OMV_1,empty,0,0,0,0,0,True,0,0.0
Sphingolipid-BTSPT-OMV_1__F55,Sphingolipid-BTSPT-OMV_1,empty,0,0,0,0,0,True,0,0.0
Sphingolipid-BTSPT-OMV_1__F550,Sphingolipid-BTSPT-OMV_1,empty,0,0,0,0,0,True,0,0.0
Sphingolipid-BTSPT-OMV_1__F56,Sphingolipid-BTSPT-OMV_1,single,1,0,0,1,1,True,0,0.8400108814239502
Sphingolipid-BTSPT-OMV_1__F57,Sphingolipid-BTSPT-OMV_1,single,1,0,0,1,1,True,0,0.9076603055000305
Sphingolipid-BTSPT-OMV_1__F58,Sphingolipid-BTSPT-OMV_1,empty,0,0,0,0,0,True,0,0.0
Sphingolipid-BTSPT-OMV_1__F59,Sphingolipid-BTSPT-OMV_1,single,1,0,0,1,1,True,0,0.9427815079689026
Sphingolipid-BTSPT-OMV_1__F6,Sphingolipid-BTSPT-OMV_1,single,1,0,0,1,1,True,0,0.9349336624145508
Sphingolipid-BTSPT-OMV_1__F60,Sphingolipid-BTSPT-OMV_1,empty,0,0,0,0,0,True,0,0.0
Sphingolipid-BTSPT-OMV_1__F61,Sphingolipid-BTSPT-OMV_1,empty,0,0,0,0,0,True,0,0.0
Sphingolipid-BTSPT-OMV_1__F62,Sphingolipid-BTSPT-OMV_1,empty,0,0,0,0,0,True,0,0.0
Sphingolipid-BTSPT-OMV_1__F63,Sphingolipid-BTSPT-OMV_1,empty,0,0,0,0,0,True,0,0.0
Sphingolipid-BTSPT-OMV_1__F64,Sphingolipid-BTSPT-OMV_1,empty,0,0,0,0,0,True,0,0.0
Sphingolipid-BTSPT-OMV_1__F65,Sphingolipid-BTSPT-OMV_1,multi,2,0,0,2,2,True,0,0.8537607491016388
Sphingolipid-BTSPT-OMV_1__F66,Sphingolipid-BTSPT-OMV_1,empty,0,1,0,0,1,False,1,0.0
Sphingolipid-BTSPT-OMV_1__F67,Sphingolipid-BTSPT-OMV_1,empty,0,0,0,0,0,True,0,0.0
Sphingolipid-BTSPT-OMV_1__F68,Sphingolipid-BTSPT-OMV_1,empty,0,0,0,0,0,True,0,0.0
Sphingolipid-BTSPT-OMV_1__F69,Sphingolipid-BTSPT-OMV_1,single,1,0,0,1,1,True,0,0.5769366025924683
Sphingolipid-BTSPT-OMV_1__F7,Sphingolipid-BTSPT-OMV_1,single,1,0,0,1,1,True,0,0.9444188475608826
Sphingolipid-BTSPT-OMV_1__F70,Sphingolipid-BTSPT-OMV_1,single,1,0,0,1,1,True,0,0.9501132965087891
Sphingolipid-BTSPT-OMV_1__F71,Sphingolipid-BTSPT-OMV_1,empty,0,1,0,0,1,False,1,0.0
Sphingolipid-BTSPT-OMV_1__F72,Sphingolipid-BTSPT-OMV_1,empty,0,0,0,0,0,True,0,0.0
Sphingolipid-BTSPT-OMV_1__F73,Sphingolipid-BTSPT-OMV_1,empty,0,1,0,0,1,False,1,0.0
Sphingolipid-BTSPT-OMV_1__F74,Sphingolipid-BTSPT-OMV_1,multi,2,0,0,2,2,True,0,0.7600989937782288
Sphingolipid-BTSPT-OMV_1__F75,Sphingolipid-BTSPT-OMV_1,single,1,0,0,1,1,True,0,0.8972215056419373
Sphingolipid-BTSPT-OMV_1__F76,Sphingolipid-BTSPT-OMV_1,multi,2,0,0,2,2,True,0,0.8637387156486511
Sphingolipid-BTSPT-OMV_1__F78,Sphingolipid-BTSPT-OMV_1,empty,0,0,0,0,0,True,0,0.0
Sphingolipid-BTSPT-OMV_1__F79,Sphingolipid-BTSPT-OMV_1,empty,0,0,0,0,0,True,0,0.0
Sphingolipid-BTSPT-OMV_1__F8,Sphingolipid-BTSPT-OMV_1,single,1,0,0,1,1,True,0,0.7914141416549683
Sphingolipid-BTSPT-OMV_1__F80,Sphingolipid-BTSPT-OMV_1,empty,0,0,0,0,0,True,0,0.0
Sphingolipid-BTSPT-OMV_1__F81,Sphingolipid-BTSPT-OMV_1,empty,0,1,0,0,1,False,1,0.0
Sphingolipid-BTSPT-OMV_1__F82,Sphingolipid-BTSPT-OMV_1,empty,0,0,0,0,0,True,0,0.0
Sphingolipid-BTSPT-OMV_1__F83,Sphingolipid-BTSPT-OMV_1,single,1,0,0,1,1,True,0,0.7763193845748901
Sphingolipid-BTSPT-OMV_1__F84,Sphingolipid-BTSPT-OMV_1,multi,4,1,0,4,5,False,1,0.8773175477981567
Sphingolipid-BTSPT-OMV_1__F85,Sphingolipid-BTSPT-OMV_1,single,1,0,0,1,1,True,0,0.8322820663452148
Sphingolipid-BTSPT-OMV_1__F86,Sphingolipid-BTSPT-OMV_1,single,1,0,0,1,1,True,0,0.9161388278007507
Sphingolipid-BTSPT-OMV_1__F87,Sphingolipid-BTSPT-OMV_1,empty,0,0,0,0,0,True,0,0.0
Sphingolipid-BTSPT-OMV_1__F88,Sphingolipid-BTSPT-OMV_1,single,1,0,0,1,1,True,0,0.7677789926528931
Sphingolipid-BTSPT-OMV_1__F89,Sphingolipid-BTSPT-OMV_1,single,1,0,0,1,1,True,0,0.7774724364280701
Sphingolipid-BTSPT-OMV_1__F9,Sphingolipid-BTSPT-OMV_1,single,1,0,0,1,1,True,0,0.7365103363990784
Sphingolipid-BTSPT-OMV_1__F90,Sphingolipid-BTSPT-OMV_1,single,1,0,0,1,1,True,0,0.8817479610443115
Sphingolipid-BTSPT-OMV_1__F91,Sphingolipid-BTSPT-OMV_1,single,1,0,0,1,1,True,0,0.8393601179122925
Sphingolipid-BTSPT-OMV_1__F92,Sphingolipid-BTSPT-OMV_1,single,1,0,0,1,1,True,0,0.795792818069458
Sphingolipid-BTSPT-OMV_1__F93,Sphingolipid-BTSPT-OMV_1,single,0,1,1,1,1,True,0,0.0
Sphingolipid-BTSPT-OMV_1__F94,Sphingolipid-BTSPT-OMV_1,empty,0,1,0,0,1,False,1,0.0
Sphingolipid-BTSPT-OMV_1__F95,Sphingolipid-BTSPT-OMV_1,multi,0,1,2,2,1,False,1,0.0
Sphingolipid-BTSPT-OMV_1__F96,Sphingolipid-BTSPT-OMV_1,empty,0,1,0,0,1,False,1,0.0
Sphingolipid-BTSPT-OMV_1__F97,Sphingolipid-BTSPT-OMV_1,single,1,0,0,1,1,True,0,0.8774459958076477
Sphingolipid-BTSPT-OMV_1__F98,Sphingolipid-BTSPT-OMV_1,empty,0,0,0,0,0,True,0,0.0
Sphingolipid-BTSPT-OMV_1__F99,Sphingolipid-BTSPT-OMV_1,multi,0,1,2,2,1,False,1,0.0
Sphingolipid-BTWT-Cell-pellet_1__F1,Sphingolipid-BTWT-Cell-pellet_1,single,1,0,0,1,1,True,0,0.9751620292663574
Sphingolipid-BTWT-Cell-pellet_1__F10,Sphingolipid-BTWT-Cell-pellet_1,single,1,0,0,1,1,True,0,0.8180215954780579
Sphingolipid-BTWT-Cell-pellet_1__F100,Sphingolipid-BTWT-Cell-pellet_1,single,1,0,0,1,1,True,0,0.831749439239502
Sphingolipid-BTWT-Cell-pellet_1__F101,Sphingolipid-BTWT-Cell-pellet_1,single,0,1,1,1,1,True,0,0.0
Sphingolipid-BTWT-Cell-pellet_1__F102,Sphingolipid-BTWT-Cell-pellet_1,empty,0,0,0,0,0,True,0,0.0
Sphingolipid-BTWT-Cell-pellet_1__F103,Sphingolipid-BTWT-Cell-pellet_1,multi,1,0,1,2,1,False,1,0.5452216863632202
Sphingolipid-BTWT-Cell-pellet_1__F104,Sphingolipid-BTWT-Cell-pellet_1,single,1,0,0,1,1,True,0,0.9352433681488037
Sphingolipid-BTWT-Cell-pellet_1__F105,Sphingolipid-BTWT-Cell-pellet_1,single,1,0,0,1,1,True,0,0.9534623026847839
Sphingolipid-BTWT-Cell-pellet_1__F106,Sphingolipid-BTWT-Cell-pellet_1,empty,0,0,0,0,0,True,0,0.0
Sphingolipid-BTWT-Cell-pellet_1__F107,Sphingolipid-BTWT-Cell-pellet_1,empty,0,0,0,0,0,True,0,0.0
Sphingolipid-BTWT-Cell-pellet_1__F108,Sphingolipid-BTWT-Cell-pellet_1,empty,0,0,0,0,0,True,0,0.0
Sphingolipid-BTWT-Cell-pellet_1__F109,Sphingolipid-BTWT-Cell-pellet_1,single,1,0,0,1,1,True,0,0.8376465439796448
Sphingolipid-BTWT-Cell-pellet_1__F11,Sphingolipid-BTWT-Cell-pellet_1,multi,2,0,1,3,2,False,1,0.6853782832622528
Sphingolipid-BTWT-Cell-pellet_1__F110,Sphingolipid-BTWT-Cell-pellet_1,single,0,0,1,1,0,False,1,0.0
Sphingolipid-BTWT-Cell-pellet_1__F111,Sphingolipid-BTWT-Cell-pellet_1,single,1,1,0,1,2,False,1,0.7645350098609924
Sphingolipid-BTWT-Cell-pellet_1__F112,Sphingolipid-BTWT-Cell-pellet_1,single,0,0,1,1,0,False,1,0.0
Sphingolipid-BTWT-Cell-pellet_1__F113,Sphingolipid-BTWT-Cell-pellet_1,single,1,0,0,1,1,True,0,0.8512902855873108
Sphingolipid-BTWT-Cell-pellet_1__F114,Sphingolipid-BTWT-Cell-pellet_1,single,1,0,0,1,1,True,0,0.7504990696907043
Sphingolipid-BTWT-Cell-pellet_1__F115,Sphingolipid-BTWT-Cell-pellet_1,single,1,0,0,1,1,True,0,0.8995975255966187
Sphingolipid-BTWT-Cell-pellet_1__F116,Sphingolipid-BTWT-Cell-pellet_1,multi,1,0,1,2,1,False,1,0.883712887763977
Sphingolipid-BTWT-Cell-pellet_1__F117,Sphingolipid-BTWT-Cell-pellet_1,empty,0,0,0,0,0,True,0,0.0
Sphingolipid-BTWT-Cell-pellet_1__F118,Sphingolipid-BTWT-Cell-pellet_1,single,1,0,0,1,1,True,0,0.7240139245986938
Sphingolipid-BTWT-Cell-pellet_1__F119,Sphingolipid-BTWT-Cell-pellet_1,multi,2,0,0,2,2,True,0,0.9310361742973328
Sphingolipid-BTWT-Cell-pellet_1__F12,Sphingolipid-BTWT-Cell-pellet_1,single,1,0,0,1,1,True,0,0.8589504957199097
Sphingolipid-BTWT-Cell-pellet_1__F120,Sphingolipid-BTWT-Cell-pellet_1,single,0,0,1,1,0,False,1,0.0
Sphingolipid-BTWT-Cell-pellet_1__F121,Sphingolipid-BTWT-Cell-pellet_1,multi,2,0,0,2,2,True,0,0.8861302435398102
Sphingolipid-BTWT-Cell-pellet_1__F122,Sphingolipid-BTWT-Cell-pellet_1,single,0,0,1,1,0,False,1,0.0
Sphingolipid-BTWT-Cell-pellet_1__F123,Sphingolipid-BTWT-Cell-pellet_1,empty,0,0,0,0,0,True,0,0.0
Sphingolipid-BTWT-Cell-pellet_1__F124,Sphingolipid-BTWT-Cell-pellet_1,single,1,0,0,1,1,True,0,0.9413769841194153
Sphingolipid-BTWT-Cell-pellet_1__F125,Sphingolipid-BTWT-Cell-pellet_1,empty,0,0,0,0,0,True,0,0.0
Sphingolipid-BTWT-Cell-pellet_1__F126,Sphingolipid-BTWT-Cell-pellet_1,single,0,0,1,1,0,False,1,0.0
Sphingolipid-BTWT-Cell-pellet_1__F127,Sphingolipid-BTWT-Cell-pellet_1,single,0,0,1,1,0,False,1,0.0
Sphingolipid-BTWT-Cell-pellet_1__F128,Sphingolipid-BTWT-Cell-pellet_1,empty,0,0,0,0,0,True,0,0.0
Sphingolipid-BTWT-Cell-pellet_1__F129,Sphingolipid-BTWT-Cell-pellet_1,single,1,0,0,1,1,True,0,0.8055056929588318
Sphingolipid-BTWT-Cell-pellet_1__F130,Sphingolipid-BTWT-Cell-pellet_1,single,1,0,0,1,1,True,0,0.8683120012283325
Sphingolipid-BTWT-Cell-pellet_1__F131,Sphingolipid-BTWT-Cell-pellet_1,single,1,0,0,1,1,True,0,0.7519057393074036
Sphingolipid-BTWT-Cell-pellet_1__F132,Sphingolipid-BTWT-Cell-pellet_1,empty,0,0,0,0,0,True,0,0.0
Sphingolipid-BTWT-Cell-pellet_1__F133,Sphingolipid-BTWT-Cell-pellet_1,single,0,1,1,1,1,True,0,0.0
Sphingolipid-BTWT-Cell-pellet_1__F134,Sphingolipid-BTWT-Cell-pellet_1,multi,0,2,2,2,2,True,0,0.0
Sphingolipid-BTWT-Cell-pellet_1__F135,Sphingolipid-BTWT-Cell-pellet_1,single,1,0,0,1,1,True,0,0.8335880637168884
Sphingolipid-BTWT-Cell-pellet_1__F136,Sphingolipid-BTWT-Cell-pellet_1,empty,0,0,0,0,0,True,0,0.0
Sphingolipid-BTWT-Cell-pellet_1__F137,Sphingolipid-BTWT-Cell-pellet_1,single,1,0,0,1,1,True,0,0.8795107007026672
Sphingolipid-BTWT-Cell-pellet_1__F138,Sphingolipid-BTWT-Cell-pellet_1,single,1,0,0,1,1,True,0,0.9465816020965576
Sphingolipid-BTWT-Cell-pellet_1__F139,Sphingolipid-BTWT-Cell-pellet_1,empty,0,0,0,0,0,True,0,0.0
Sphingolipid-BTWT-Cell-pellet_1__F14,Sphingolipid-BTWT-Cell-pellet_1,empty,0,0,0,0,0,True,0,0.0
Sphingolipid-BTWT-Cell-pellet_1__F140,Sphingolipid-BTWT-Cell-pellet_1,single,0,0,1,1,0,False,1,0.0
Sphingolipid-BTWT-Cell-pellet_1__F141,Sphingolipid-BTWT-Cell-pellet_1,single,0,1,1,1,1,True,0,0.0
Sphingolipid-BTWT-Cell-pellet_1__F142,Sphingolipid-BTWT-Cell-pellet_1,multi,1,0,1,2,1,False,1,0.7337853908538818
Sphingolipid-BTWT-Cell-pellet_1__F143,Sphingolipid-BTWT-Cell-pellet_1,empty,0,0,0,0,0,True,0,0.0
Sphingolipid-BTWT-Cell-pellet_1__F144,Sphingolipid-BTWT-Cell-pellet_1,single,1,0,0,1,1,True,0,0.8490558862686157
Sphingolipid-BTWT-Cell-pellet_1__F145,Sphingolipid-BTWT-Cell-pellet_1,single,1,0,0,1,1,True,0,0.9422585964202881
Sphingolipid-BTWT-Cell-pellet_1__F146,Sphingolipid-BTWT-Cell-pellet_1,single,1,0,0,1,1,True,0,0.907167911529541
Sphingolipid-BTWT-Cell-pellet_1__F147,Sphingolipid-BTWT-Cell-pellet_1,single,1,0,0,1,1,True,0,0.6420953273773193
Sphingolipid-BTWT-Cell-pellet_1__F148,Sphingolipid-BTWT-Cell-pellet_1,empty,0,0,0,0,0,True,0,0.0
Sphingolipid-BTWT-Cell-pellet_1__F149,Sphingolipid-BTWT-Cell-pellet_1,empty,0,0,0,0,0,True,0,0.0
Sphingolipid-BTWT-Cell-pellet_1__F15,Sphingolipid-BTWT-Cell-pellet_1,single,1,0,0,1,1,True,0,0.8282410502433777
Sphingolipid-BTWT-Cell-pellet_1__F150,Sphingolipid-BTWT-Cell-pellet_1,empty,0,0,0,0,0,True,0,0.0
Sphingolipid-BTWT-Cell-pellet_1__F151,Sphingolipid-BTWT-Cell-pellet_1,single,1,0,0,1,1,True,0,0.8528586030006409
Sphingolipid-BTWT-Cell-pellet_1__F152,Sphingolipid-BTWT-Cell-pellet_1,single,1,0,0,1,1,True,0,0.7928324341773987
Sphingolipid-BTWT-Cell-pellet_1__F153,Sphingolipid-BTWT-Cell-pellet_1,single,1,0,0,1,1,True,0,0.8354048728942871
Sphingolipid-BTWT-Cell-pellet_1__F154,Sphingolipid-BTWT-Cell-pellet_1,multi,0,1,4,4,1,False,3,0.0
Sphingolipid-BTWT-Cell-pellet_1__F155,Sphingolipid-BTWT-Cell-pellet_1,single,1,0,0,1,1,True,0,0.8620589971542358
Sphingolipid-BTWT-Cell-pellet_1__F156,Sphingolipid-BTWT-Cell-pellet_1,multi,1,0,1,2,1,False,1,0.9027819037437439
Sphingolipid-BTWT-Cell-pellet_1__F157,Sphingolipid-BTWT-Cell-pellet_1,single,1,0,0,1,1,True,0,0.8733705282211304
Sphingolipid-BTWT-Cell-pellet_1__F158,Sphingolipid-BTWT-Cell-pellet_1,empty,0,0,0,0,0,True,0,0.0
Sphingolipid-BTWT-Cell-pellet_1__F159,Sphingolipid-BTWT-Cell-pellet_1,single,1,0,0,1,1,True,0,0.8762738108634949
Sphingolipid-BTWT-Cell-pellet_1__F16,Sphingolipid-BTWT-Cell-pellet_1,empty,0,0,0,0,0,True,0,0.0
Sphingolipid-BTWT-Cell-pellet_1__F160,Sphingolipid-BTWT-Cell-pellet_1,single,1,0,0,1,1,True,0,0.8628599047660828
Sphingolipid-BTWT-Cell-pellet_1__F162,Sphingolipid-BTWT-Cell-pellet_1,single,1,0,0,1,1,True,0,0.9154214262962341
Sphingolipid-BTWT-Cell-pellet_1__F163,Sphingolipid-BTWT-Cell-pellet_1,empty,0,0,0,0,0,True,0,0.0
Sphingolipid-BTWT-Cell-pellet_1__F164,Sphingolipid-BTWT-Cell-pellet_1,single,0,0,1,1,0,False,1,0.0
Sphingolipid-BTWT-Cell-pellet_1__F166,Sphingolipid-BTWT-Cell-pellet_1,multi,1,0,1,2,1,False,1,0.8706014156341553
Sphingolipid-BTWT-Cell-pellet_1__F167,Sphingolipid-BTWT-Cell-pellet_1,empty,0,0,0,0,0,True,0,0.0
Sphingolipid-BTWT-Cell-pellet_1__F168,Sphingolipid-BTWT-Cell-pellet_1,single,1,0,0,1,1,True,0,0.7826143503189087
Sphingolipid-BTWT-Cell-pellet_1__F169,Sphingolipid-BTWT-Cell-pellet_1,empty,0,0,0,0,0,True,0,0.0
Sphingolipid-BTWT-Cell-pellet_1__F170,Sphingolipid-BTWT-Cell-pellet_1,empty,0,0,0,0,0,True,0,0.0
Sphingolipid-BTWT-Cell-pellet_1__F171,Sphingolipid-BTWT-Cell-pellet_1,multi,1,0,1,2,1,False,1,0.881751298904419
Sphingolipid-BTWT-Cell-pellet_1__F172,Sphingolipid-BTWT-Cell-pellet_1,empty,0,0,0,0,0,True,0,0.0
Sphingolipid-BTWT-Cell-pellet_1__F173,Sphingolipid-BTWT-Cell-pellet_1,single,1,0,0,1,1,True,0,0.9717226028442383
Sphingolipid-BTWT-Cell-pellet_1__F174,Sphingolipid-BTWT-Cell-pellet_1,multi,0,1,3,3,1,False,2,0.0
Sphingolipid-BTWT-Cell-pellet_1__F175,Sphingolipid-BTWT-Cell-pellet_1,single,1,0,0,1,1,True,0,0.8958085179328918
Sphingolipid-BTWT-Cell-pellet_1__F176,Sphingolipid-BTWT-Cell-pellet_1,empty,0,0,0,0,0,True,0,0.0
Sphingolipid-BTWT-Cell-pellet_1__F177,Sphingolipid-BTWT-Cell-pellet_1,empty,0,0,0,0,0,True,0,0.0
Sphingolipid-BTWT-Cell-pellet_1__F178,Sphingolipid-BTWT-Cell-pellet_1,empty,0,0,0,0,0,True,0,0.0
Sphingolipid-BTWT-Cell-pellet_1__F179,Sphingolipid-BTWT-Cell-pellet_1,empty,0,0,0,0,0,True,0,0.0
Sphingolipid-BTWT-Cell-pellet_1__F18,Sphingolipid-BTWT-Cell-pellet_1,single,0,1,1,1,1,True,0,0.0
Sphingolipid-BTWT-Cell-pellet_1__F180,Sphingolipid-BTWT-Cell-pellet_1,empty,0,0,0,0,0,True,0,0.0
Sphingolipid-BTWT-Cell-pellet_1__F181,Sphingolipid-BTWT-Cell-pellet_1,single,1,0,0,1,1,True,0,0.8280643224716187
Sphingolipid-BTWT-Cell-pellet_1__F182,Sphingolipid-BTWT-Cell-pellet_1,multi,0,0,2,2,0,False,2,0.0
Sphingolipid-BTWT-Cell-pellet_1__F183,Sphingolipid-BTWT-Cell-pellet_1,single,1,0,0,1,1,True,0,0.7679399847984314
Sphingolipid-BTWT-Cell-pellet_1__F184,Sphingolipid-BTWT-Cell-pellet_1,empty,0,0,0,0,0,True,0,0.0
Sphingolipid-BTWT-Cell-pellet_1__F185,Sphingolipid-BTWT-Cell-pellet_1,single,1,0,0,1,1,True,0,0.863667905330658
Sphingolipid-BTWT-Cell-pellet_1__F186,Sphingolipid-BTWT-Cell-pellet_1,single,1,0,0,1,1,True,0,0.7671111226081848
Sphingolipid-BTWT-Cell-pellet_1__F187,Sphingolipid-BTWT-Cell-pellet_1,multi,1,0,1,2,1,False,1,0.7592279314994812
Sphingolipid-BTWT-Cell-pellet_1__F188,Sphingolipid-BTWT-Cell-pellet_1,single,0,1,1,1,1,True,0,0.0
Sphingolipid-BTWT-Cell-pellet_1__F189,Sphingolipid-BTWT-Cell-pellet_1,multi,1,0,1,2,1,False,1,0.9299975633621216
Sphingolipid-BTWT-Cell-pellet_1__F19,Sphingolipid-BTWT-Cell-pellet_1,single,1,0,0,1,1,True,0,0.817805290222168
Sphingolipid-BTWT-Cell-pellet_1__F190,Sphingolipid-BTWT-Cell-pellet_1,single,1,0,0,1,1,True,0,0.7881879210472107
Sphingolipid-BTWT-Cell-pellet_1__F191,Sphingolipid-BTWT-Cell-pellet_1,single,1,0,0,1,1,True,0,0.8571492433547974
Sphingolipid-BTWT-Cell-pellet_1__F192,Sphingolipid-BTWT-Cell-pellet_1,single,1,0,0,1,1,True,0,0.6793823838233948
Sphingolipid-BTWT-Cell-pellet_1__F193,Sphingolipid-BTWT-Cell-pellet_1,single,1,0,0,1,1,True,0,0.8546671867370605
Sphingolipid-BTWT-Cell-pellet_1__F194,Sphingolipid-BTWT-Cell-pellet_1,single,0,0,1,1,0,False,1,0.0
Sphingolipid-BTWT-Cell-pellet_1__F195,Sphingolipid-BTWT-Cell-pellet_1,single,1,0,0,1,1,True,0,0.9169413447380066
Sphingolipid-BTWT-Cell-pellet_1__F196,Sphingolipid-BTWT-Cell-pellet_1,multi,2,0,2,4,2,False,2,0.8611036539077759
Sphingolipid-BTWT-Cell-pellet_1__F197,Sphingolipid-BTWT-Cell-pellet_1,single,1,0,0,1,1,True,0,0.9004355669021606
Sphingolipid-BTWT-Cell-pellet_1__F198,Sphingolipid-BTWT-Cell-pellet_1,single,1,0,0,1,1,True,0,0.792535126209259
Sphingolipid-BTWT-Cell-pellet_1__F199,Sphingolipid-BTWT-Cell-pellet_1,empty,0,0,0,0,0,True,0,0.0
Sphingolipid-BTWT-Cell-pellet_1__F2,Sphingolipid-BTWT-Cell-pellet_1,single,0,0,1,1,0,False,1,0.0
Sphingolipid-BTWT-Cell-pellet_1__F20,Sphingolipid-BTWT-Cell-pellet_1,empty,0,0,0,0,0,True,0,0.0
Sphingolipid-BTWT-Cell-pellet_1__F200,Sphingolipid-BTWT-Cell-pellet_1,empty,0,0,0,0,0,True,0,0.0
Sphingolipid-BTWT-Cell-pellet_1__F201,Sphingolipid-BTWT-Cell-pellet_1,empty,0,0,0,0,0,True,0,0.0
Sphingolipid-BTWT-Cell-pellet_1__F202,Sphingolipid-BTWT-Cell-pellet_1,empty,0,1,0,0,1,False,1,0.0
Sphingolipid-BTWT-Cell-pellet_1__F203,Sphingolipid-BTWT-Cell-pellet_1,multi,2,0,0,2,2,True,0,0.8696836531162262
Sphingolipid-BTWT-Cell-pellet_1__F204,Sphingolipid-BTWT-Cell-pellet_1,single,1,0,0,1,1,True,0,0.6742196679115295
Sphingolipid-BTWT-Cell-pellet_1__F205,Sphingolipid-BTWT-Cell-pellet_1,multi,2,1,0,2,3,False,1,0.7843181490898132
Sphingolipid-BTWT-Cell-pellet_1__F206,Sphingolipid-BTWT-Cell-pellet_1,multi,0,1,2,2,1,False,1,0.0
Sphingolipid-BTWT-Cell-pellet_1__F207,Sphingolipid-BTWT-Cell-pellet_1,single,1,0,0,1,1,True,0,0.7630262970924377
Sphingolipid-BTWT-Cell-pellet_1__F208,Sphingolipid-BTWT-Cell-pellet_1,single,1,0,0,1,1,True,0,0.9217929244041443
Sphingolipid-BTWT-Cell-pellet_1__F209,Sphingolipid-BTWT-Cell-pellet_1,single,1,0,0,1,1,True,0,0.9608668088912964
Sphingolipid-BTWT-Cell-pellet_1__F21,Sphingolipid-BTWT-Cell-pellet_1,single,1,0,0,1,1,True,0,0.8915179967880249
Sphingolipid-BTWT-Cell-pellet_1__F210,Sphingolipid-BTWT-Cell-pellet_1,single,0,0,1,1,0,False,1,0.0
Sphingolipid-BTWT-Cell-pellet_1__F211,Sphingolipid-BTWT-Cell-pellet_1,empty,0,0,0,0,0,True,0,0.0
Sphingolipid-BTWT-Cell-pellet_1__F212,Sphingolipid-BTWT-Cell-pellet_1,single,0,0,1,1,0,False,1,0.0
Sphingolipid-BTWT-Cell-pellet_1__F213,Sphingolipid-BTWT-Cell-pellet_1,multi,2,0,0,2,2,True,0,0.9017823934555054
Sphingolipid-BTWT-Cell-pellet_1__F214,Sphingolipid-BTWT-Cell-pellet_1,single,1,0,0,1,1,True,0,0.9022644758224487
Sphingolipid-BTWT-Cell-pellet_1__F215,Sphingolipid-BTWT-Cell-pellet_1,empty,0,0,0,0,0,True,0,0.0
Sphingolipid-BTWT-Cell-pellet_1__F216,Sphingolipid-BTWT-Cell-pellet_1,empty,0,0,0,0,0,True,0,0.0
Sphingolipid-BTWT-Cell-pellet_1__F217,Sphingolipid-BTWT-Cell-pellet_1,single,1,0,0,1,1,True,0,0.8985166549682617
Sphingolipid-BTWT-Cell-pellet_1__F218,Sphingolipid-BTWT-Cell-pellet_1,single,1,0,0,1,1,True,0,0.8807626366615295
Sphingolipid-BTWT-Cell-pellet_1__F219,Sphingolipid-BTWT-Cell-pellet_1,single,1,0,0,1,1,True,0,0.9278075098991394
Sphingolipid-BTWT-Cell-pellet_1__F22,Sphingolipid-BTWT-Cell-pellet_1,single,1,0,0,1,1,True,0,0.9363306760787964
Sphingolipid-BTWT-Cell-pellet_1__F220,Sphingolipid-BTWT-Cell-pellet_1,multi,1,0,1,2,1,False,1,0.7684626579284668
Sphingolipid-BTWT-Cell-pellet_1__F221,Sphingolipid-BTWT-Cell-pellet_1,single,1,0,0,1,1,True,0,0.8845704793930054
Sphingolipid-BTWT-Cell-pellet_1__F222,Sphingolipid-BTWT-Cell-pellet_1,empty,0,0,0,0,0,True,0,0.0
Sphingolipid-BTWT-Cell-pellet_1__F223,Sphingolipid-BTWT-Cell-pellet_1,single,1,0,0,1,1,True,0,0.930677056312561
Sphingolipid-BTWT-Cell-pellet_1__F224,Sphingolipid-BTWT-Cell-pellet_1,single,1,0,0,1,1,True,0,0.8353501558303833
Sphingolipid-BTWT-Cell-pellet_1__F225,Sphingolipid-BTWT-Cell-pellet_1,single,1,0,0,1,1,True,0,0.7456314563751221
Sphingolipid-BTWT-Cell-pellet_1__F226,Sphingolipid-BTWT-Cell-pellet_1,single,1,0,0,1,1,True,0,0.762956440448761
Sphingolipid-BTWT-Cell-pellet_1__F227,Sphingolipid-BTWT-Cell-pellet_1,multi,1,0,1,2,1,False,1,0.5495069622993469
Sphingolipid-BTWT-Cell-pellet_1__F228,Sphingolipid-BTWT-Cell-pellet_1,single,1,0,0,1,1,True,0,0.9846735596656799
Sphingolipid-BTWT-Cell-pellet_1__F229,Sphingolipid-BTWT-Cell-pellet_1,single,1,0,0,1,1,True,0,0.7048503756523132
Sphingolipid-BTWT-Cell-pellet_1__F23,Sphingolipid-BTWT-Cell-pellet_1,empty,0,0,0,0,0,True,0,0.0
Sphingolipid-BTWT-Cell-pellet_1__F230,Sphingolipid-BTWT-Cell-pellet_1,single,0,0,1,1,0,False,1,0.0
Sphingolipid-BTWT-Cell-pellet_1__F231,Sphingolipid-BTWT-Cell-pellet_1,empty,0,0,0,0,0,True,0,0.0
Sphingolipid-BTWT-Cell-pellet_1__F232,Sphingolipid-BTWT-Cell-pellet_1,single,0,0,1,1,0,False,1,0.0
Sphingolipid-BTWT-Cell-pellet_1__F233,Sphingolipid-BTWT-Cell-pellet_1,multi,2,1,2,4,3,False,1,0.7691538631916046
Sphingolipid-BTWT-Cell-pellet_1__F234,Sphingolipid-BTWT-Cell-pellet_1,empty,0,0,0,0,0,True,0,0.0
Sphingolipid-BTWT-Cell-pellet_1__F235,Sphingolipid-BTWT-Cell-pellet_1,single,1,0,0,1,1,True,0,0.87017422914505
Sphingolipid-BTWT-Cell-pellet_1__F236,Sphingolipid-BTWT-Cell-pellet_1,multi,1,0,1,2,1,False,1,0.7921406030654907
Sphingolipid-BTWT-Cell-pellet_1__F237,Sphingolipid-BTWT-Cell-pellet_1,empty,0,0,0,0,0,True,0,0.0
Sphingolipid-BTWT-Cell-pellet_1__F238,Sphingolipid-BTWT-Cell-pellet_1,single,0,0,1,1,0,False,1,0.0
Sphingolipid-BTWT-Cell-pellet_1__F239,Sphingolipid-BTWT-Cell-pellet_1,single,0,0,1,1,0,False,1,0.0
Sphingolipid-BTWT-Cell-pellet_1__F24,Sphingolipid-BTWT-Cell-pellet_1,empty,0,0,0,0,0,True,0,0.0
Sphingolipid-BTWT-Cell-pellet_1__F240,Sphingolipid-BTWT-Cell-pellet_1,single,1,0,0,1,1,True,0,0.8622224926948547
Sphingolipid-BTWT-Cell-pellet_1__F241,Sphingolipid-BTWT-Cell-pellet_1,single,1,1,0,1,2,False,1,0.9927889704704285
Sphingolipid-BTWT-Cell-pellet_1__F242,Sphingolipid-BTWT-Cell-pellet_1,single,1,0,0,1,1,True,0,0.8794649839401245
Sphingolipid-BTWT-Cell-pellet_1__F243,Sphingolipid-BTWT-Cell-pellet_1,single,1,0,0,1,1,True,0,0.8799260854721069
Sphingolipid-BTWT-Cell-pellet_1__F244,Sphingolipid-BTWT-Cell-pellet_1,single,1,0,0,1,1,True,0,0.8443620800971985
Sphingolipid-BTWT-Cell-pellet_1__F245,Sphingolipid-BTWT-Cell-pellet_1,single,1,0,0,1,1,True,0,0.7894536852836609
Sphingolipid-BTWT-Cell-pellet_1__F246,Sphingolipid-BTWT-Cell-pellet_1,empty,0,0,0,0,0,True,0,0.0
Sphingolipid-BTWT-Cell-pellet_1__F247,Sphingolipid-BTWT-Cell-pellet_1,single,1,0,0,1,1,True,0,0.6448520421981812
Sphingolipid-BTWT-Cell-pellet_1__F248,Sphingolipid-BTWT-Cell-pellet_1,empty,0,0,0,0,0,True,0,0.0
Sphingolipid-BTWT-Cell-pellet_1__F249,Sphingolipid-BTWT-Cell-pellet_1,multi,1,0,1,2,1,False,1,0.8197885751724243
Sphingolipid-BTWT-Cell-pellet_1__F25,Sphingolipid-BTWT-Cell-pellet_1,empty,0,0,0,0,0,True,0,0.0
Sphingolipid-BTWT-Cell-pellet_1__F250,Sphingolipid-BTWT-Cell-pellet_1,empty,0,0,0,0,0,True,0,0.0
Sphingolipid-BTWT-Cell-pellet_1__F251,Sphingolipid-BTWT-Cell-pellet_1,empty,0,0,0,0,0,True,0,0.0
Sphingolipid-BTWT-Cell-pellet_1__F252,Sphingolipid-BTWT-Cell-pellet_1,empty,0,0,0,0,0,True,0,0.0
Sphingolipid-BTWT-Cell-pellet_1__F253,Sphingolipid-BTWT-Cell-pellet_1,single,1,0,0,1,1,True,0,0.7965706586837769
Sphingolipid-BTWT-Cell-pellet_1__F254,Sphingolipid-BTWT-Cell-pellet_1,multi,0,1,3,3,1,False,2,0.0
Sphingolipid-BTWT-Cell-pellet_1__F255,Sphingolipid-BTWT-Cell-pellet_1,single,0,0,1,1,0,False,1,0.0
Sphingolipid-BTWT-Cell-pellet_1__F256,Sphingolipid-BTWT-Cell-pellet_1,single,0,0,1,1,0,False,1,0.0
Sphingolipid-BTWT-Cell-pellet_1__F257,Sphingolipid-BTWT-Cell-pellet_1,single,1,0,0,1,1,True,0,0.6525975465774536
Sphingolipid-BTWT-Cell-pellet_1__F258,Sphingolipid-BTWT-Cell-pellet_1,empty,0,0,0,0,0,True,0,0.0
Sphingolipid-BTWT-Cell-pellet_1__F259,Sphingolipid-BTWT-Cell-pellet_1,multi,2,0,1,3,2,False,1,0.8290410339832306
Sphingolipid-BTWT-Cell-pellet_1__F26,Sphingolipid-BTWT-Cell-pellet_1,single,0,0,1,1,0,False,1,0.0
Sphingolipid-BTWT-Cell-pellet_1__F260,Sphingolipid-BTWT-Cell-pellet_1,multi,0,0,2,2,0,False,2,0.0
Sphingolipid-BTWT-Cell-pellet_1__F261,Sphingolipid-BTWT-Cell-pellet_1,multi,0,0,3,3,0,False,3,0.0
Sphingolipid-BTWT-Cell-pellet_1__F262,Sphingolipid-BTWT-Cell-pellet_1,single,1,0,0,1,1,True,0,0.9068785309791565
Sphingolipid-BTWT-Cell-pellet_1__F263,Sphingolipid-BTWT-Cell-pellet_1,single,1,0,0,1,1,True,0,0.7280213832855225
Sphingolipid-BTWT-Cell-pellet_1__F264,Sphingolipid-BTWT-Cell-pellet_1,multi,0,1,3,3,1,False,2,0.0
Sphingolipid-BTWT-Cell-pellet_1__F265,Sphingolipid-BTWT-Cell-pellet_1,empty,0,0,0,0,0,True,0,0.0
Sphingolipid-BTWT-Cell-pellet_1__F266,Sphingolipid-BTWT-Cell-pellet_1,multi,1,0,1,2,1,False,1,0.8414819240570068
Sphingolipid-BTWT-Cell-pellet_1__F267,Sphingolipid-BTWT-Cell-pellet_1,empty,0,0,0,0,0,True,0,0.0
Sphingolipid-BTWT-Cell-pellet_1__F268,Sphingolipid-BTWT-Cell-pellet_1,empty,0,0,0,0,0,True,0,0.0
Sphingolipid-BTWT-Cell-pellet_1__F269,Sphingolipid-BTWT-Cell-pellet_1,single,1,0,0,1,1,True,0,0.9227381348609924
Sphingolipid-BTWT-Cell-pellet_1__F27,Sphingolipid-BTWT-Cell-pellet_1,single,1,0,0,1,1,True,0,0.7956425547599792
Sphingolipid-BTWT-Cell-pellet_1__F270,Sphingolipid-BTWT-Cell-pellet_1,single,1,0,0,1,1,True,0,0.9291844367980957
Sphingolipid-BTWT-Cell-pellet_1__F271,Sphingolipid-BTWT-Cell-pellet_1,empty,0,0,0,0,0,True,0,0.0
Sphingolipid-BTWT-Cell-pellet_1__F272,Sphingolipid-BTWT-Cell-pellet_1,multi,1,0,1,2,1,False,1,0.7005327343940735
Sphingolipid-BTWT-Cell-pellet_1__F273,Sphingolipid-BTWT-Cell-pellet_1,single,0,0,1,1,0,False,1,0.0
Sphingolipid-BTWT-Cell-pellet_1__F274,Sphingolipid-BTWT-Cell-pellet_1,single,0,0,1,1,0,False,1,0.0
Sphingolipid-BTWT-Cell-pellet_1__F275,Sphingolipid-BTWT-Cell-pellet_1,single,1,0,0,1,1,True,0,0.9422284364700317
Sphingolipid-BTWT-Cell-pellet_1__F276,Sphingolipid-BTWT-Cell-pellet_1,single,1,0,0,1,1,True,0,0.9526201486587524
Sphingolipid-BTWT-Cell-pellet_1__F277,Sphingolipid-BTWT-Cell-pellet_1,empty,0,0,0,0,0,True,0,0.0
Sphingolipid-BTWT-Cell-pellet_1__F278,Sphingolipid-BTWT-Cell-pellet_1,empty,0,0,0,0,0,True,0,0.0
Sphingolipid-BTWT-Cell-pellet_1__F279,Sphingolipid-BTWT-Cell-pellet_1,multi,0,1,3,3,1,False,2,0.0
Sphingolipid-BTWT-Cell-pellet_1__F280,Sphingolipid-BTWT-Cell-pellet_1,single,1,0,0,1,1,True,0,0.6113741993904114
Sphingolipid-BTWT-Cell-pellet_1__F281,Sphingolipid-BTWT-Cell-pellet_1,empty,0,0,0,0,0,True,0,0.0
Sphingolipid-BTWT-Cell-pellet_1__F282,Sphingolipid-BTWT-Cell-pellet_1,single,1,0,0,1,1,True,0,0.9365105032920837
Sphingolipid-BTWT-Cell-pellet_1__F283,Sphingolipid-BTWT-Cell-pellet_1,single,1,0,0,1,1,True,0,0.9657185673713684
Sphingolipid-BTWT-Cell-pellet_1__F284,Sphingolipid-BTWT-Cell-pellet_1,single,1,0,0,1,1,True,0,0.8033306002616882
Sphingolipid-BTWT-Cell-pellet_1__F285,Sphingolipid-BTWT-Cell-pellet_1,single,1,0,0,1,1,True,0,0.8391008377075195
Sphingolipid-BTWT-Cell-pellet_1__F286,Sphingolipid-BTWT-Cell-pellet_1,single,1,0,0,1,1,True,0,0.5745367407798767
Sphingolipid-BTWT-Cell-pellet_1__F287,Sphingolipid-BTWT-Cell-pellet_1,single,1,1,0,1,2,False,1,0.7825950384140015
Sphingolipid-BTWT-Cell-pellet_1__F288,Sphingolipid-BTWT-Cell-pellet_1,single,0,0,1,1,0,False,1,0.0
Sphingolipid-BTWT-Cell-pellet_1__F289,Sphingolipid-BTWT-Cell-pellet_1,single,0,0,1,1,0,False,1,0.0
Sphingolipid-BTWT-Cell-pellet_1__F29,Sphingolipid-BTWT-Cell-pellet_1,empty,0,0,0,0,0,True,0,0.0
Sphingolipid-BTWT-Cell-pellet_1__F290,Sphingolipid-BTWT-Cell-pellet_1,empty,0,0,0,0,0,True,0,0.0
Sphingolipid-BTWT-Cell-pellet_1__F291,Sphingolipid-BTWT-Cell-pellet_1,empty,0,0,0,0,0,True,0,0.0
Sphingolipid-BTWT-Cell-pellet_1__F292,Sphingolipid-BTWT-Cell-pellet_1,single,0,0,1,1,0,False,1,0.0
Sphingolipid-BTWT-Cell-pellet_1__F293,Sphingolipid-BTWT-Cell-pellet_1,single,0,0,1,1,0,False,1,0.0
Sphingolipid-BTWT-Cell-pellet_1__F294,Sphingolipid-BTWT-Cell-pellet_1,multi,1,0,1,2,1,False,1,0.8607801198959351
Sphingolipid-BTWT-Cell-pellet_1__F295,Sphingolipid-BTWT-Cell-pellet_1,single,1,0,0,1,1,True,0,0.8879862427711487
Sphingolipid-BTWT-Cell-pellet_1__F296,Sphingolipid-BTWT-Cell-pellet_1,single,1,0,0,1,1,True,0,0.7053384780883789
Sphingolipid-BTWT-Cell-pellet_1__F297,Sphingolipid-BTWT-Cell-pellet_1,multi,1,0,1,2,1,False,1,0.7943305969238281
Sphingolipid-BTWT-Cell-pellet_1__F298,Sphingolipid-BTWT-Cell-pellet_1,empty,0,0,0,0,0,True,0,0.0
Sphingolipid-BTWT-Cell-pellet_1__F299,Sphingolipid-BTWT-Cell-pellet_1,single,1,0,0,1,1,True,0,0.9360569715499878
Sphingolipid-BTWT-Cell-pellet_1__F3,Sphingolipid-BTWT-Cell-pellet_1,single,0,0,1,1,0,False,1,0.0
Sphingolipid-BTWT-Cell-pellet_1__F30,Sphingolipid-BTWT-Cell-pellet_1,empty,0,0,0,0,0,True,0,0.0
Sphingolipid-BTWT-Cell-pellet_1__F300,Sphingolipid-BTWT-Cell-pellet_1,empty,0,0,0,0,0,True,0,0.0
Sphingolipid-BTWT-Cell-pellet_1__F301,Sphingolipid-BTWT-Cell-pellet_1,single,1,0,0,1,1,True,0,0.8242493867874146
Sphingolipid-BTWT-Cell-pellet_1__F302,Sphingolipid-BTWT-Cell-pellet_1,single,1,0,0,1,1,True,0,0.8735526204109192
Sphingolipid-BTWT-Cell-pellet_1__F303,Sphingolipid-BTWT-Cell-pellet_1,multi,0,3,3,3,3,True,0,0.0
Sphingolipid-BTWT-Cell-pellet_1__F304,Sphingolipid-BTWT-Cell-pellet_1,single,1,0,0,1,1,True,0,0.9587181806564331
Sphingolipid-BTWT-Cell-pellet_1__F305,Sphingolipid-BTWT-Cell-pellet_1,empty,0,0,0,0,0,True,0,0.0
Sphingolipid-BTWT-Cell-pellet_1__F306,Sphingolipid-BTWT-Cell-pellet_1,single,1,0,0,1,1,True,0,0.8322945237159729
Sphingolipid-BTWT-Cell-pellet_1__F307,Sphingolipid-BTWT-Cell-pellet_1,single,1,0,0,1,1,True,0,0.7641297578811646
Sphingolipid-BTWT-Cell-pellet_1__F308,Sphingolipid-BTWT-Cell-pellet_1,single,1,0,0,1,1,True,0,0.5622426867485046
Sphingolipid-BTWT-Cell-pellet_1__F309,Sphingolipid-BTWT-Cell-pellet_1,single,1,0,0,1,1,True,0,0.8473012447357178
Sphingolipid-BTWT-Cell-pellet_1__F31,Sphingolipid-BTWT-Cell-pellet_1,multi,0,0,2,2,0,False,2,0.0
Sphingolipid-BTWT-Cell-pellet_1__F310,Sphingolipid-BTWT-Cell-pellet_1,empty,0,0,0,0,0,True,0,0.0
Sphingolipid-BTWT-Cell-pellet_1__F311,Sphingolipid-BTWT-Cell-pellet_1,single,1,0,0,1,1,True,0,0.8379958271980286
Sphingolipid-BTWT-Cell-pellet_1__F312,Sphingolipid-BTWT-Cell-pellet_1,single,1,0,0,1,1,True,0,0.9528184533119202
Sphingolipid-BTWT-Cell-pellet_1__F313,Sphingolipid-BTWT-Cell-pellet_1,single,1,0,0,1,1,True,0,0.956697404384613
Sphingolipid-BTWT-Cell-pellet_1__F314,Sphingolipid-BTWT-Cell-pellet_1,empty,0,0,0,0,0,True,0,0.0
Sphingolipid-BTWT-Cell-pellet_1__F315,Sphingolipid-BTWT-Cell-pellet_1,empty,0,1,0,0,1,False,1,0.0
Sphingolipid-BTWT-Cell-pellet_1__F316,Sphingolipid-BTWT-Cell-pellet_1,single,1,0,0,1,1,True,0,0.9104647636413574
Sphingolipid-BTWT-Cell-pellet_1__F317,Sphingolipid-BTWT-Cell-pellet_1,single,0,0,1,1,0,False,1,0.0
Sphingolipid-BTWT-Cell-pellet_1__F318,Sphingolipid-BTWT-Cell-pellet_1,single,1,0,0,1,1,True,0,0.8778635263442993
Sphingolipid-BTWT-Cell-pellet_1__F319,Sphingolipid-BTWT-Cell-pellet_1,empty,0,0,0,0,0,True,0,0.0
Sphingolipid-BTWT-Cell-pellet_1__F32,Sphingolipid-BTWT-Cell-pellet_1,empty,0,0,0,0,0,True,0,0.0
Sphingolipid-BTWT-Cell-pellet_1__F320,Sphingolipid-BTWT-Cell-pellet_1,multi,3,0,0,3,3,True,0,0.7223337093989054
Sphingolipid-BTWT-Cell-pellet_1__F321,Sphingolipid-BTWT-Cell-pellet_1,multi,1,0,1,2,1,False,1,0.6139634251594543
Sphingolipid-BTWT-Cell-pellet_1__F322,Sphingolipid-BTWT-Cell-pellet_1,single,0,0,1,1,0,False,1,0.0
Sphingolipid-BTWT-Cell-pellet_1__F323,Sphingolipid-BTWT-Cell-pellet_1,single,1,0,0,1,1,True,0,0.9013314247131348
Sphingolipid-BTWT-Cell-pellet_1__F324,Sphingolipid-BTWT-Cell-pellet_1,single,1,1,0,1,2,False,1,0.9041258692741394
Sphingolipid-BTWT-Cell-pellet_1__F325,Sphingolipid-BTWT-Cell-pellet_1,single,1,0,0,1,1,True,0,0.8452751040458679
Sphingolipid-BTWT-Cell-pellet_1__F326,Sphingolipid-BTWT-Cell-pellet_1,empty,0,0,0,0,0,True,0,0.0
Sphingolipid-BTWT-Cell-pellet_1__F327,Sphingolipid-BTWT-Cell-pellet_1,single,1,0,0,1,1,True,0,0.8326224088668823
Sphingolipid-BTWT-Cell-pellet_1__F328,Sphingolipid-BTWT-Cell-pellet_1,single,1,0,0,1,1,True,0,0.7653498649597168
Sphingolipid-BTWT-Cell-pellet_1__F329,Sphingolipid-BTWT-Cell-pellet_1,single,1,0,0,1,1,True,0,0.7903941869735718
Sphingolipid-BTWT-Cell-pellet_1__F33,Sphingolipid-BTWT-Cell-pellet_1,single,1,0,0,1,1,True,0,0.933184027671814
Sphingolipid-BTWT-Cell-pellet_1__F330,Sphingolipid-BTWT-Cell-pellet_1,empty,0,0,0,0,0,True,0,0.0
Sphingolipid-BTWT-Cell-pellet_1__F331,Sphingolipid-BTWT-Cell-pellet_1,multi,1,0,2,3,1,False,2,0.717617928981781
Sphingolipid-BTWT-Cell-pellet_1__F332,Sphingolipid-BTWT-Cell-pellet_1,empty,0,0,0,0,0,True,0,0.0
Sphingolipid-BTWT-Cell-pellet_1__F333,Sphingolipid-BTWT-Cell-pellet_1,empty,0,0,0,0,0,True,0,0.0
Sphingolipid-BTWT-Cell-pellet_1__F334,Sphingolipid-BTWT-Cell-pellet_1,empty,0,0,0,0,0,True,0,0.0
Sphingolipid-BTWT-Cell-pellet_1__F335,Sphingolipid-BTWT-Cell-pellet_1,single,1,0,0,1,1,True,0,0.8664113879203796
Sphingolipid-BTWT-Cell-pellet_1__F336,Sphingolipid-BTWT-Cell-pellet_1,single,1,0,0,1,1,True,0,0.9282736778259277
Sphingolipid-BTWT-Cell-pellet_1__F337,Sphingolipid-BTWT-Cell-pellet_1,empty,0,0,0,0,0,True,0,0.0
Sphingolipid-BTWT-Cell-pellet_1__F338,Sphingolipid-BTWT-Cell-pellet_1,multi,1,0,1,2,1,False,1,0.8651673793792725
Sphingolipid-BTWT-Cell-pellet_1__F339,Sphingolipid-BTWT-Cell-pellet_1,empty,0,0,0,0,0,True,0,0.0
Sphingolipid-BTWT-Cell-pellet_1__F34,Sphingolipid-BTWT-Cell-pellet_1,empty,0,0,0,0,0,True,0,0.0
Sphingolipid-BTWT-Cell-pellet_1__F341,Sphingolipid-BTWT-Cell-pellet_1,empty,0,0,0,0,0,True,0,0.0
Sphingolipid-BTWT-Cell-pellet_1__F342,Sphingolipid-BTWT-Cell-pellet_1,empty,0,0,0,0,0,True,0,0.0
Sphingolipid-BTWT-Cell-pellet_1__F343,Sphingolipid-BTWT-Cell-pellet_1,empty,0,0,0,0,0,True,0,0.0
Sphingolipid-BTWT-Cell-pellet_1__F344,Sphingolipid-BTWT-Cell-pellet_1,single,1,0,0,1,1,True,0,0.8029546141624451
Sphingolipid-BTWT-Cell-pellet_1__F345,Sphingolipid-BTWT-Cell-pellet_1,empty,0,0,0,0,0,True,0,0.0
Sphingolipid-BTWT-Cell-pellet_1__F346,Sphingolipid-BTWT-Cell-pellet_1,single,1,0,0,1,1,True,0,0.8588549494743347
Sphingolipid-BTWT-Cell-pellet_1__F347,Sphingolipid-BTWT-Cell-pellet_1,single,1,0,0,1,1,True,0,0.8151473999023438
Sphingolipid-BTWT-Cell-pellet_1__F348,Sphingolipid-BTWT-Cell-pellet_1,empty,0,0,0,0,0,True,0,0.0
Sphingolipid-BTWT-Cell-pellet_1__F349,Sphingolipid-BTWT-Cell-pellet_1,empty,0,0,0,0,0,True,0,0.0
Sphingolipid-BTWT-Cell-pellet_1__F35,Sphingolipid-BTWT-Cell-pellet_1,empty,0,0,0,0,0,True,0,0.0
Sphingolipid-BTWT-Cell-pellet_1__F350,Sphingolipid-BTWT-Cell-pellet_1,single,1,0,0,1,1,True,0,0.8484709858894348
Sphingolipid-BTWT-Cell-pellet_1__F351,Sphingolipid-BTWT-Cell-pellet_1,empty,0,0,0,0,0,True,0,0.0
Sphingolipid-BTWT-Cell-pellet_1__F352,Sphingolipid-BTWT-Cell-pellet_1,multi,2,0,0,2,2,True,0,0.7978664636611938
Sphingolipid-BTWT-Cell-pellet_1__F353,Sphingolipid-BTWT-Cell-pellet_1,single,1,0,0,1,1,True,0,0.8943130373954773
Sphingolipid-BTWT-Cell-pellet_1__F354,Sphingolipid-BTWT-Cell-pellet_1,single,1,0,0,1,1,True,0,0.9023672938346863
Sphingolipid-BTWT-Cell-pellet_1__F355,Sphingolipid-BTWT-Cell-pellet_1,empty,0,1,0,0,1,False,1,0.0
Sphingolipid-BTWT-Cell-pellet_1__F356,Sphingolipid-BTWT-Cell-pellet_1,single,1,0,0,1,1,True,0,0.7545946836471558
Sphingolipid-BTWT-Cell-pellet_1__F357,Sphingolipid-BTWT-Cell-pellet_1,empty,0,0,0,0,0,True,0,0.0
Sphingolipid-BTWT-Cell-pellet_1__F358,Sphingolipid-BTWT-Cell-pellet_1,empty,0,0,0,0,0,True,0,0.0
Sphingolipid-BTWT-Cell-pellet_1__F359,Sphingolipid-BTWT-Cell-pellet_1,empty,0,0,0,0,0,True,0,0.0
Sphingolipid-BTWT-Cell-pellet_1__F36,Sphingolipid-BTWT-Cell-pellet_1,empty,0,0,0,0,0,True,0,0.0
Sphingolipid-BTWT-Cell-pellet_1__F360,Sphingolipid-BTWT-Cell-pellet_1,empty,0,0,0,0,0,True,0,0.0
Sphingolipid-BTWT-Cell-pellet_1__F361,Sphingolipid-BTWT-Cell-pellet_1,single,1,0,0,1,1,True,0,0.539442241191864
Sphingolipid-BTWT-Cell-pellet_1__F362,Sphingolipid-BTWT-Cell-pellet_1,multi,2,0,2,4,2,False,2,0.634334921836853
Sphingolipid-BTWT-Cell-pellet_1__F363,Sphingolipid-BTWT-Cell-pellet_1,single,1,0,0,1,1,True,0,0.9045600891113281
Sphingolipid-BTWT-Cell-pellet_1__F364,Sphingolipid-BTWT-Cell-pellet_1,empty,0,0,0,0,0,True,0,0.0
Sphingolipid-BTWT-Cell-pellet_1__F365,Sphingolipid-BTWT-Cell-pellet_1,multi,1,0,1,2,1,False,1,0.8702020645141602
Sphingolipid-BTWT-Cell-pellet_1__F366,Sphingolipid-BTWT-Cell-pellet_1,single,1,0,0,1,1,True,0,0.8689031600952148
Sphingolipid-BTWT-Cell-pellet_1__F367,Sphingolipid-BTWT-Cell-pellet_1,empty,0,0,0,0,0,True,0,0.0
Sphingolipid-BTWT-Cell-pellet_1__F368,Sphingolipid-BTWT-Cell-pellet_1,single,1,0,0,1,1,True,0,0.6259300708770752
Sphingolipid-BTWT-Cell-pellet_1__F369,Sphingolipid-BTWT-Cell-pellet_1,single,1,0,0,1,1,True,0,0.8061104416847229
Sphingolipid-BTWT-Cell-pellet_1__F37,Sphingolipid-BTWT-Cell-pellet_1,single,1,0,0,1,1,True,0,0.8559072613716125
Sphingolipid-BTWT-Cell-pellet_1__F370,Sphingolipid-BTWT-Cell-pellet_1,multi,2,0,0,2,2,True,0,0.8229097127914429
Sphingolipid-BTWT-Cell-pellet_1__F371,Sphingolipid-BTWT-Cell-pellet_1,multi,1,0,1,2,1,False,1,0.5392646193504333
Sphingolipid-BTWT-Cell-pellet_1__F372,Sphingolipid-BTWT-Cell-pellet_1,empty,0,0,0,0,0,True,0,0.0
Sphingolipid-BTWT-Cell-pellet_1__F373,Sphingolipid-BTWT-Cell-pellet_1,single,1,0,0,1,1,True,0,0.8764008283615112
Sphingolipid-BTWT-Cell-pellet_1__F374,Sphingolipid-BTWT-Cell-pellet_1,single,1,0,0,1,1,True,0,0.8813965320587158
Sphingolipid-BTWT-Cell-pellet_1__F375,Sphingolipid-BTWT-Cell-pellet_1,single,1,0,0,1,1,True,0,0.8054040670394897
Sphingolipid-BTWT-Cell-pellet_1__F376,Sphingolipid-BTWT-Cell-pellet_1,empty,0,0,0,0,0,True,0,0.0
Sphingolipid-BTWT-Cell-pellet_1__F377,Sphingolipid-BTWT-Cell-pellet_1,single,1,0,0,1,1,True,0,0.9188880920410156
Sphingolipid-BTWT-Cell-pellet_1__F378,Sphingolipid-BTWT-Cell-pellet_1,single,0,0,1,1,0,False,1,0.0
Sphingolipid-BTWT-Cell-pellet_1__F379,Sphingolipid-BTWT-Cell-pellet_1,multi,1,0,1,2,1,False,1,0.7783353328704834
Sphingolipid-BTWT-Cell-pellet_1__F38,Sphingolipid-BTWT-Cell-pellet_1,empty,0,0,0,0,0,True,0,0.0
Sphingolipid-BTWT-Cell-pellet_1__F380,Sphingolipid-BTWT-Cell-pellet_1,single,1,0,0,1,1,True,0,0.7927155494689941
Sphingolipid-BTWT-Cell-pellet_1__F381,Sphingolipid-BTWT-Cell-pellet_1,single,1,0,0,1,1,True,0,0.9566922783851624
Sphingolipid-BTWT-Cell-pellet_1__F382,Sphingolipid-BTWT-Cell-pellet_1,multi,1,0,1,2,1,False,1,0.6792359948158264
Sphingolipid-BTWT-Cell-pellet_1__F383,Sphingolipid-BTWT-Cell-pellet_1,empty,0,0,0,0,0,True,0,0.0
Sphingolipid-BTWT-Cell-pellet_1__F384,Sphingolipid-BTWT-Cell-pellet_1,empty,0,0,0,0,0,True,0,0.0
Sphingolipid-BTWT-Cell-pellet_1__F385,Sphingolipid-BTWT-Cell-pellet_1,single,1,0,0,1,1,True,0,0.940497875213623
Sphingolipid-BTWT-Cell-pellet_1__F386,Sphingolipid-BTWT-Cell-pellet_1,single,0,0,1,1,0,False,1,0.0
Sphingolipid-BTWT-Cell-pellet_1__F387,Sphingolipid-BTWT-Cell-pellet_1,empty,0,0,0,0,0,True,0,0.0
Sphingolipid-BTWT-Cell-pellet_1__F388,Sphingolipid-BTWT-Cell-pellet_1,single,0,0,1,1,0,False,1,0.0
Sphingolipid-BTWT-Cell-pellet_1__F389,Sphingolipid-BTWT-Cell-pellet_1,single,1,0,0,1,1,True,0,0.6930486559867859
Sphingolipid-BTWT-Cell-pellet_1__F39,Sphingolipid-BTWT-Cell-pellet_1,single,1,0,0,1,1,True,0,0.8586574792861938
Sphingolipid-BTWT-Cell-pellet_1__F390,Sphingolipid-BTWT-Cell-pellet_1,empty,0,0,0,0,0,True,0,0.0
Sphingolipid-BTWT-Cell-pellet_1__F391,Sphingolipid-BTWT-Cell-pellet_1,single,1,0,0,1,1,True,0,0.8994174003601074
Sphingolipid-BTWT-Cell-pellet_1__F392,Sphingolipid-BTWT-Cell-pellet_1,single,1,0,0,1,1,True,0,0.8823638558387756
Sphingolipid-BTWT-Cell-pellet_1__F393,Sphingolipid-BTWT-Cell-pellet_1,empty,0,0,0,0,0,True,0,0.0
Sphingolipid-BTWT-Cell-pellet_1__F394,Sphingolipid-BTWT-Cell-pellet_1,single,0,0,1,1,0,False,1,0.0
Sphingolipid-BTWT-Cell-pellet_1__F395,Sphingolipid-BTWT-Cell-pellet_1,single,1,0,0,1,1,True,0,0.9654003977775574
Sphingolipid-BTWT-Cell-pellet_1__F396,Sphingolipid-BTWT-Cell-pellet_1,single,1,0,0,1,1,True,0,0.8623846769332886
Sphingolipid-BTWT-Cell-pellet_1__F397,Sphingolipid-BTWT-Cell-pellet_1,single,1,0,0,1,1,True,0,0.9101930856704712
Sphingolipid-BTWT-Cell-pellet_1__F398,Sphingolipid-BTWT-Cell-pellet_1,single,1,0,0,1,1,True,0,0.6374732851982117
Sphingolipid-BTWT-Cell-pellet_1__F399,Sphingolipid-BTWT-Cell-pellet_1,single,1,0,0,1,1,True,0,0.825045108795166
Sphingolipid-BTWT-Cell-pellet_1__F4,Sphingolipid-BTWT-Cell-pellet_1,empty,0,0,0,0,0,True,0,0.0
Sphingolipid-BTWT-Cell-pellet_1__F40,Sphingolipid-BTWT-Cell-pellet_1,single,1,0,0,1,1,True,0,0.8151259422302246
Sphingolipid-BTWT-Cell-pellet_1__F400,Sphingolipid-BTWT-Cell-pellet_1,multi,1,0,1,2,1,False,1,0.6869833469390869
Sphingolipid-BTWT-Cell-pellet_1__F401,Sphingolipid-BTWT-Cell-pellet_1,multi,1,0,1,2,1,False,1,0.6796392202377319
Sphingolipid-BTWT-Cell-pellet_1__F402,Sphingolipid-BTWT-Cell-pellet_1,single,1,0,0,1,1,True,0,0.8532454371452332
Sphingolipid-BTWT-Cell-pellet_1__F403,Sphingolipid-BTWT-Cell-pellet_1,single,1,0,0,1,1,True,0,0.8780949115753174
Sphingolipid-BTWT-Cell-pellet_1__F404,Sphingolipid-BTWT-Cell-pellet_1,multi,1,0,2,3,1,False,2,0.8076708912849426
Sphingolipid-BTWT-Cell-pellet_1__F405,Sphingolipid-BTWT-Cell-pellet_1,multi,0,2,5,5,2,False,3,0.0
Sphingolipid-BTWT-Cell-pellet_1__F406,Sphingolipid-BTWT-Cell-pellet_1,empty,0,0,0,0,0,True,0,0.0
Sphingolipid-BTWT-Cell-pellet_1__F407,Sphingolipid-BTWT-Cell-pellet_1,multi,2,0,2,4,2,False,2,0.7433116137981415
Sphingolipid-BTWT-Cell-pellet_1__F408,Sphingolipid-BTWT-Cell-pellet_1,single,1,0,0,1,1,True,0,0.8267170786857605
Sphingolipid-BTWT-Cell-pellet_1__F409,Sphingolipid-BTWT-Cell-pellet_1,single,0,0,1,1,0,False,1,0.0
Sphingolipid-BTWT-Cell-pellet_1__F41,Sphingolipid-BTWT-Cell-pellet_1,multi,2,0,0,2,2,True,0,0.7059446573257446
Sphingolipid-BTWT-Cell-pellet_1__F410,Sphingolipid-BTWT-Cell-pellet_1,empty,0,0,0,0,0,True,0,0.0
Sphingolipid-BTWT-Cell-pellet_1__F411,Sphingolipid-BTWT-Cell-pellet_1,single,1,0,0,1,1,True,0,0.8891488313674927
Sphingolipid-BTWT-Cell-pellet_1__F412,Sphingolipid-BTWT-Cell-pellet_1,empty,0,0,0,0,0,True,0,0.0
Sphingolipid-BTWT-Cell-pellet_1__F413,Sphingolipid-BTWT-Cell-pellet_1,single,1,0,0,1,1,True,0,0.9260145425796509
Sphingolipid-BTWT-Cell-pellet_1__F414,Sphingolipid-BTWT-Cell-pellet_1,single,1,0,0,1,1,True,0,0.9065446257591248
Sphingolipid-BTWT-Cell-pellet_1__F415,Sphingolipid-BTWT-Cell-pellet_1,empty,0,0,0,0,0,True,0,0.0
Sphingolipid-BTWT-Cell-pellet_1__F416,Sphingolipid-BTWT-Cell-pellet_1,single,1,0,0,1,1,True,0,0.8468170762062073
Sphingolipid-BTWT-Cell-pellet_1__F417,Sphingolipid-BTWT-Cell-pellet_1,single,1,0,0,1,1,True,0,0.8930490016937256
Sphingolipid-BTWT-Cell-pellet_1__F418,Sphingolipid-BTWT-Cell-pellet_1,multi,2,0,0,2,2,True,0,0.891769140958786
Sphingolipid-BTWT-Cell-pellet_1__F419,Sphingolipid-BTWT-Cell-pellet_1,single,0,0,1,1,0,False,1,0.0
Sphingolipid-BTWT-Cell-pellet_1__F42,Sphingolipid-BTWT-Cell-pellet_1,empty,0,0,0,0,0,True,0,0.0
Sphingolipid-BTWT-Cell-pellet_1__F420,Sphingolipid-BTWT-Cell-pellet_1,single,0,0,1,1,0,False,1,0.0
Sphingolipid-BTWT-Cell-pellet_1__F421,Sphingolipid-BTWT-Cell-pellet_1,single,0,0,1,1,0,False,1,0.0
Sphingolipid-BTWT-Cell-pellet_1__F422,Sphingolipid-BTWT-Cell-pellet_1,single,1,0,0,1,1,True,0,0.905700147151947
Sphingolipid-BTWT-Cell-pellet_1__F423,Sphingolipid-BTWT-Cell-pellet_1,multi,0,1,2,2,1,False,1,0.0
Sphingolipid-BTWT-Cell-pellet_1__F424,Sphingolipid-BTWT-Cell-pellet_1,single,1,0,0,1,1,True,0,0.8203731179237366
Sphingolipid-BTWT-Cell-pellet_1__F425,Sphingolipid-BTWT-Cell-pellet_1,empty,0,0,0,0,0,True,0,0.0
Sphingolipid-BTWT-Cell-pellet_1__F426,Sphingolipid-BTWT-Cell-pellet_1,single,0,0,1,1,0,False,1,0.0
Sphingolipid-BTWT-Cell-pellet_1__F427,Sphingolipid-BTWT-Cell-pellet_1,single,1,0,0,1,1,True,0,0.7766085267066956
Sphingolipid-BTWT-Cell-pellet_1__F428,Sphingolipid-BTWT-Cell-pellet_1,empty,0,0,0,0,0,True,0,0.0
Sphingolipid-BTWT-Cell-pellet_1__F429,Sphingolipid-BTWT-Cell-pellet_1,single,1,0,0,1,1,True,0,0.8293605446815491
Sphingolipid-BTWT-Cell-pellet_1__F43,Sphingolipid-BTWT-Cell-pellet_1,multi,2,0,0,2,2,True,0,0.8625227510929108
Sphingolipid-BTWT-Cell-pellet_1__F431,Sphingolipid-BTWT-Cell-pellet_1,multi,1,0,1,2,1,False,1,0.735527515411377
Sphingolipid-BTWT-Cell-pellet_1__F432,Sphingolipid-BTWT-Cell-pellet_1,empty,0,0,0,0,0,True,0,0.0
Sphingolipid-BTWT-Cell-pellet_1__F433,Sphingolipid-BTWT-Cell-pellet_1,empty,0,0,0,0,0,True,0,0.0
Sphingolipid-BTWT-Cell-pellet_1__F434,Sphingolipid-BTWT-Cell-pellet_1,empty,0,0,0,0,0,True,0,0.0
Sphingolipid-BTWT-Cell-pellet_1__F435,Sphingolipid-BTWT-Cell-pellet_1,single,1,0,0,1,1,True,0,0.8479496240615845
Sphingolipid-BTWT-Cell-pellet_1__F436,Sphingolipid-BTWT-Cell-pellet_1,multi,2,0,1,3,2,False,1,0.7694364190101624
Sphingolipid-BTWT-Cell-pellet_1__F437,Sphingolipid-BTWT-Cell-pellet_1,multi,1,0,1,2,1,False,1,0.5892871618270874
Sphingolipid-BTWT-Cell-pellet_1__F438,Sphingolipid-BTWT-Cell-pellet_1,empty,0,0,0,0,0,True,0,0.0
Sphingolipid-BTWT-Cell-pellet_1__F439,Sphingolipid-BTWT-Cell-pellet_1,empty,0,0,0,0,0,True,0,0.0
Sphingolipid-BTWT-Cell-pellet_1__F44,Sphingolipid-BTWT-Cell-pellet_1,empty,0,0,0,0,0,True,0,0.0
Sphingolipid-BTWT-Cell-pellet_1__F440,Sphingolipid-BTWT-Cell-pellet_1,single,1,0,0,1,1,True,0,0.8322784304618835
Sphingolipid-BTWT-Cell-pellet_1__F441,Sphingolipid-BTWT-Cell-pellet_1,empty,0,0,0,0,0,True,0,0.0
Sphingolipid-BTWT-Cell-pellet_1__F442,Sphingolipid-BTWT-Cell-pellet_1,empty,0,0,0,0,0,True,0,0.0
Sphingolipid-BTWT-Cell-pellet_1__F443,Sphingolipid-BTWT-Cell-pellet_1,single,1,0,0,1,1,True,0,0.8164849281311035
Sphingolipid-BTWT-Cell-pellet_1__F444,Sphingolipid-BTWT-Cell-pellet_1,empty,0,0,0,0,0,True,0,0.0
Sphingolipid-BTWT-Cell-pellet_1__F445,Sphingolipid-BTWT-Cell-pellet_1,single,1,0,0,1,1,True,0,0.8123198747634888
Sphingolipid-BTWT-Cell-pellet_1__F446,Sphingolipid-BTWT-Cell-pellet_1,single,0,0,1,1,0,False,1,0.0
Sphingolipid-BTWT-Cell-pellet_1__F447,Sphingolipid-BTWT-Cell-pellet_1,empty,0,0,0,0,0,True,0,0.0
Sphingolipid-BTWT-Cell-pellet_1__F448,Sphingolipid-BTWT-Cell-pellet_1,single,1,0,0,1,1,True,0,0.735526442527771
Sphingolipid-BTWT-Cell-pellet_1__F449,Sphingolipid-BTWT-Cell-pellet_1,single,1,0,0,1,1,True,0,0.8656318187713623
Sphingolipid-BTWT-Cell-pellet_1__F45,Sphingolipid-BTWT-Cell-pellet_1,single,0,0,1,1,0,False,1,0.0
Sphingolipid-BTWT-Cell-pellet_1__F450,Sphingolipid-BTWT-Cell-pellet_1,empty,0,0,0,0,0,True,0,0.0
Sphingolipid-BTWT-Cell-pellet_1__F451,Sphingolipid-BTWT-Cell-pellet_1,single,0,0,1,1,0,False,1,0.0
Sphingolipid-BTWT-Cell-pellet_1__F452,Sphingolipid-BTWT-Cell-pellet_1,single,1,0,0,1,1,True,0,0.8351818323135376
Sphingolipid-BTWT-Cell-pellet_1__F453,Sphingolipid-BTWT-Cell-pellet_1,single,0,0,1,1,0,False,1,0.0
Sphingolipid-BTWT-Cell-pellet_1__F454,Sphingolipid-BTWT-Cell-pellet_1,single,1,0,0,1,1,True,0,0.9545798897743225
Sphingolipid-BTWT-Cell-pellet_1__F455,Sphingolipid-BTWT-Cell-pellet_1,empty,0,0,0,0,0,True,0,0.0
Sphingolipid-BTWT-Cell-pellet_1__F456,Sphingolipid-BTWT-Cell-pellet_1,single,1,0,0,1,1,True,0,0.8119362592697144
Sphingolipid-BTWT-Cell-pellet_1__F457,Sphingolipid-BTWT-Cell-pellet_1,empty,0,0,0,0,0,True,0,0.0
Sphingolipid-BTWT-Cell-pellet_1__F458,Sphingolipid-BTWT-Cell-pellet_1,single,0,0,1,1,0,False,1,0.0
Sphingolipid-BTWT-Cell-pellet_1__F459,Sphingolipid-BTWT-Cell-pellet_1,empty,0,0,0,0,0,True,0,0.0
Sphingolipid-BTWT-Cell-pellet_1__F46,Sphingolipid-BTWT-Cell-pellet_1,empty,0,0,0,0,0,True,0,0.0
Sphingolipid-BTWT-Cell-pellet_1__F460,Sphingolipid-BTWT-Cell-pellet_1,multi,0,0,2,2,0,False,2,0.0
Sphingolipid-BTWT-Cell-pellet_1__F461,Sphingolipid-BTWT-Cell-pellet_1,empty,0,1,0,0,1,False,1,0.0
Sphingolipid-BTWT-Cell-pellet_1__F462,Sphingolipid-BTWT-Cell-pellet_1,single,1,0,0,1,1,True,0,0.9160062074661255
Sphingolipid-BTWT-Cell-pellet_1__F463,Sphingolipid-BTWT-Cell-pellet_1,single,1,0,0,1,1,True,0,0.8798467516899109
Sphingolipid-BTWT-Cell-pellet_1__F464,Sphingolipid-BTWT-Cell-pellet_1,empty,0,0,0,0,0,True,0,0.0
Sphingolipid-BTWT-Cell-pellet_1__F465,Sphingolipid-BTWT-Cell-pellet_1,empty,0,0,0,0,0,True,0,0.0
Sphingolipid-BTWT-Cell-pellet_1__F466,Sphingolipid-BTWT-Cell-pellet_1,empty,0,0,0,0,0,True,0,0.0
Sphingolipid-BTWT-Cell-pellet_1__F467,Sphingolipid-BTWT-Cell-pellet_1,single,1,0,0,1,1,True,0,0.6772788763046265
Sphingolipid-BTWT-Cell-pellet_1__F468,Sphingolipid-BTWT-Cell-pellet_1,multi,2,0,0,2,2,True,0,0.7461104094982147
Sphingolipid-BTWT-Cell-pellet_1__F469,Sphingolipid-BTWT-Cell-pellet_1,single,1,0,0,1,1,True,0,0.8592680096626282
Sphingolipid-BTWT-Cell-pellet_1__F47,Sphingolipid-BTWT-Cell-pellet_1,single,1,0,0,1,1,True,0,0.8400547504425049
Sphingolipid-BTWT-Cell-pellet_1__F470,Sphingolipid-BTWT-Cell-pellet_1,empty,0,0,0,0,0,True,0,0.0
Sphingolipid-BTWT-Cell-pellet_1__F471,Sphingolipid-BTWT-Cell-pellet_1,single,1,0,0,1,1,True,0,0.7304296493530273
Sphingolipid-BTWT-Cell-pellet_1__F472,Sphingolipid-BTWT-Cell-pellet_1,empty,0,0,0,0,0,True,0,0.0
Sphingolipid-BTWT-Cell-pellet_1__F473,Sphingolipid-BTWT-Cell-pellet_1,single,0,0,1,1,0,False,1,0.0
Sphingolipid-BTWT-Cell-pellet_1__F474,Sphingolipid-BTWT-Cell-pellet_1,multi,0,1,3,3,1,False,2,0.0
Sphingolipid-BTWT-Cell-pellet_1__F475,Sphingolipid-BTWT-Cell-pellet_1,single,0,0,1,1,0,False,1,0.0
Sphingolipid-BTWT-Cell-pellet_1__F476,Sphingolipid-BTWT-Cell-pellet_1,empty,0,0,0,0,0,True,0,0.0
Sphingolipid-BTWT-Cell-pellet_1__F477,Sphingolipid-BTWT-Cell-pellet_1,empty,0,0,0,0,0,True,0,0.0
Sphingolipid-BTWT-Cell-pellet_1__F478,Sphingolipid-BTWT-Cell-pellet_1,single,1,0,0,1,1,True,0,0.5850900411605835
Sphingolipid-BTWT-Cell-pellet_1__F479,Sphingolipid-BTWT-Cell-pellet_1,single,1,0,0,1,1,True,0,0.8469540476799011
Sphingolipid-BTWT-Cell-pellet_1__F48,Sphingolipid-BTWT-Cell-pellet_1,single,1,0,0,1,1,True,0,0.9060680270195007
Sphingolipid-BTWT-Cell-pellet_1__F480,Sphingolipid-BTWT-Cell-pellet_1,single,0,0,1,1,0,False,1,0.0
Sphingolipid-BTWT-Cell-pellet_1__F481,Sphingolipid-BTWT-Cell-pellet_1,empty,0,0,0,0,0,True,0,0.0
Sphingolipid-BTWT-Cell-pellet_1__F482,Sphingolipid-BTWT-Cell-pellet_1,single,1,0,0,1,1,True,0,0.9410914778709412
Sphingolipid-BTWT-Cell-pellet_1__F483,Sphingolipid-BTWT-Cell-pellet_1,single,1,0,0,1,1,True,0,0.910422682762146
Sphingolipid-BTWT-Cell-pellet_1__F484,Sphingolipid-BTWT-Cell-pellet_1,empty,0,0,0,0,0,True,0,0.0
Sphingolipid-BTWT-Cell-pellet_1__F485,Sphingolipid-BTWT-Cell-pellet_1,single,1,0,0,1,1,True,0,0.8638131618499756
Sphingolipid-BTWT-Cell-pellet_1__F486,Sphingolipid-BTWT-Cell-pellet_1,single,0,0,1,1,0,False,1,0.0
Sphingolipid-BTWT-Cell-pellet_1__F487,Sphingolipid-BTWT-Cell-pellet_1,empty,0,0,0,0,0,True,0,0.0
Sphingolipid-BTWT-Cell-pellet_1__F488,Sphingolipid-BTWT-Cell-pellet_1,empty,0,0,0,0,0,True,0,0.0
Sphingolipid-BTWT-Cell-pellet_1__F489,Sphingolipid-BTWT-Cell-pellet_1,empty,0,0,0,0,0,True,0,0.0
Sphingolipid-BTWT-Cell-pellet_1__F49,Sphingolipid-BTWT-Cell-pellet_1,multi,1,0,1,2,1,False,1,0.7324050664901733
Sphingolipid-BTWT-Cell-pellet_1__F490,Sphingolipid-BTWT-Cell-pellet_1,empty,0,0,0,0,0,True,0,0.0
Sphingolipid-BTWT-Cell-pellet_1__F491,Sphingolipid-BTWT-Cell-pellet_1,empty,0,0,0,0,0,True,0,0.0
Sphingolipid-BTWT-Cell-pellet_1__F492,Sphingolipid-BTWT-Cell-pellet_1,single,1,0,0,1,1,True,0,0.9111624956130981
Sphingolipid-BTWT-Cell-pellet_1__F493,Sphingolipid-BTWT-Cell-pellet_1,single,1,0,0,1,1,True,0,0.7306022644042969
Sphingolipid-BTWT-Cell-pellet_1__F494,Sphingolipid-BTWT-Cell-pellet_1,empty,0,1,0,0,1,False,1,0.0
Sphingolipid-BTWT-Cell-pellet_1__F495,Sphingolipid-BTWT-Cell-pellet_1,single,1,0,0,1,1,True,0,0.9055688381195068
Sphingolipid-BTWT-Cell-pellet_1__F496,Sphingolipid-BTWT-Cell-pellet_1,single,0,0,1,1,0,False,1,0.0
Sphingolipid-BTWT-Cell-pellet_1__F497,Sphingolipid-BTWT-Cell-pellet_1,single,1,0,0,1,1,True,0,0.9413977861404419
Sphingolipid-BTWT-Cell-pellet_1__F498,Sphingolipid-BTWT-Cell-pellet_1,empty,0,0,0,0,0,True,0,0.0
Sphingolipid-BTWT-Cell-pellet_1__F499,Sphingolipid-BTWT-Cell-pellet_1,single,1,0,0,1,1,True,0,0.7928407192230225
Sphingolipid-BTWT-Cell-pellet_1__F5,Sphingolipid-BTWT-Cell-pellet_1,single,1,0,0,1,1,True,0,0.7409688234329224
Sphingolipid-BTWT-Cell-pellet_1__F50,Sphingolipid-BTWT-Cell-pellet_1,empty,0,0,0,0,0,True,0,0.0
Sphingolipid-BTWT-Cell-pellet_1__F500,Sphingolipid-BTWT-Cell-pellet_1,single,1,0,0,1,1,True,0,0.6273157000541687
Sphingolipid-BTWT-Cell-pellet_1__F501,Sphingolipid-BTWT-Cell-pellet_1,empty,0,0,0,0,0,True,0,0.0
Sphingolipid-BTWT-Cell-pellet_1__F502,Sphingolipid-BTWT-Cell-pellet_1,single,1,0,0,1,1,True,0,0.8569358587265015
Sphingolipid-BTWT-Cell-pellet_1__F503,Sphingolipid-BTWT-Cell-pellet_1,empty,0,0,0,0,0,True,0,0.0
Sphingolipid-BTWT-Cell-pellet_1__F505,Sphingolipid-BTWT-Cell-pellet_1,single,1,0,0,1,1,True,0,0.7560515403747559
Sphingolipid-BTWT-Cell-pellet_1__F506,Sphingolipid-BTWT-Cell-pellet_1,single,0,0,1,1,0,False,1,0.0
Sphingolipid-BTWT-Cell-pellet_1__F507,Sphingolipid-BTWT-Cell-pellet_1,multi,3,0,0,3,3,True,0,0.7464172641436259
Sphingolipid-BTWT-Cell-pellet_1__F508,Sphingolipid-BTWT-Cell-pellet_1,single,1,0,0,1,1,True,0,0.9072168469429016
Sphingolipid-BTWT-Cell-pellet_1__F509,Sphingolipid-BTWT-Cell-pellet_1,single,1,0,0,1,1,True,0,0.8388906717300415
Sphingolipid-BTWT-Cell-pellet_1__F51,Sphingolipid-BTWT-Cell-pellet_1,single,1,0,0,1,1,True,0,0.9513829350471497
Sphingolipid-BTWT-Cell-pellet_1__F510,Sphingolipid-BTWT-Cell-pellet_1,single,0,0,1,1,0,False,1,0.0
Sphingolipid-BTWT-Cell-pellet_1__F511,Sphingolipid-BTWT-Cell-pellet_1,single,0,0,1,1,0,False,1,0.0
Sphingolipid-BTWT-Cell-pellet_1__F512,Sphingolipid-BTWT-Cell-pellet_1,single,1,0,0,1,1,True,0,0.8095648288726807
Sphingolipid-BTWT-Cell-pellet_1__F513,Sphingolipid-BTWT-Cell-pellet_1,single,1,0,0,1,1,True,0,0.9640097618103027
Sphingolipid-BTWT-Cell-pellet_1__F514,Sphingolipid-BTWT-Cell-pellet_1,multi,0,1,2,2,1,False,1,0.0
Sphingolipid-BTWT-Cell-pellet_1__F515,Sphingolipid-BTWT-Cell-pellet_1,empty,0,0,0,0,0,True,0,0.0
Sphingolipid-BTWT-Cell-pellet_1__F516,Sphingolipid-BTWT-Cell-pellet_1,single,1,0,0,1,1,True,0,0.8881466388702393
Sphingolipid-BTWT-Cell-pellet_1__F517,Sphingolipid-BTWT-Cell-pellet_1,single,1,0,0,1,1,True,0,0.839160144329071
Sphingolipid-BTWT-Cell-pellet_1__F518,Sphingolipid-BTWT-Cell-pellet_1,single,1,0,0,1,1,True,0,0.8501352071762085
Sphingolipid-BTWT-Cell-pellet_1__F519,Sphingolipid-BTWT-Cell-pellet_1,empty,0,0,0,0,0,True,0,0.0
Sphingolipid-BTWT-Cell-pellet_1__F52,Sphingolipid-BTWT-Cell-pellet_1,single,1,0,0,1,1,True,0,0.8448197841644287
Sphingolipid-BTWT-Cell-pellet_1__F520,Sphingolipid-BTWT-Cell-pellet_1,multi,0,0,3,3,0,False,3,0.0
Sphingolipid-BTWT-Cell-pellet_1__F521,Sphingolipid-BTWT-Cell-pellet_1,empty,0,0,0,0,0,True,0,0.0
Sphingolipid-BTWT-Cell-pellet_1__F522,Sphingolipid-BTWT-Cell-pellet_1,single,1,0,0,1,1,True,0,0.8147468566894531
Sphingolipid-BTWT-Cell-pellet_1__F523,Sphingolipid-BTWT-Cell-pellet_1,empty,0,0,0,0,0,True,0,0.0
Sphingolipid-BTWT-Cell-pellet_1__F524,Sphingolipid-BTWT-Cell-pellet_1,single,1,0,0,1,1,True,0,0.6084046959877014
Sphingolipid-BTWT-Cell-pellet_1__F525,Sphingolipid-BTWT-Cell-pellet_1,single,1,0,0,1,1,True,0,0.9015067219734192
Sphingolipid-BTWT-Cell-pellet_1__F526,Sphingolipid-BTWT-Cell-pellet_1,empty,0,0,0,0,0,True,0,0.0
Sphingolipid-BTWT-Cell-pellet_1__F527,Sphingolipid-BTWT-Cell-pellet_1,empty,0,0,0,0,0,True,0,0.0
Sphingolipid-BTWT-Cell-pellet_1__F528,Sphingolipid-BTWT-Cell-pellet_1,empty,0,0,0,0,0,True,0,0.0
Sphingolipid-BTWT-Cell-pellet_1__F529,Sphingolipid-BTWT-Cell-pellet_1,single,1,0,0,1,1,True,0,0.7894816994667053
Sphingolipid-BTWT-Cell-pellet_1__F53,Sphingolipid-BTWT-Cell-pellet_1,empty,0,0,0,0,0,True,0,0.0
Sphingolipid-BTWT-Cell-pellet_1__F530,Sphingolipid-BTWT-Cell-pellet_1,empty,0,0,0,0,0,True,0,0.0
Sphingolipid-BTWT-Cell-pellet_1__F531,Sphingolipid-BTWT-Cell-pellet_1,single,1,0,0,1,1,True,0,0.9535093307495117
Sphingolipid-BTWT-Cell-pellet_1__F532,Sphingolipid-BTWT-Cell-pellet_1,single,0,0,1,1,0,False,1,0.0
Sphingolipid-BTWT-Cell-pellet_1__F533,Sphingolipid-BTWT-Cell-pellet_1,empty,0,0,0,0,0,True,0,0.0
Sphingolipid-BTWT-Cell-pellet_1__F534,Sphingolipid-BTWT-Cell-pellet_1,single,0,0,1,1,0,False,1,0.0
Sphingolipid-BTWT-Cell-pellet_1__F535,Sphingolipid-BTWT-Cell-pellet_1,single,1,0,0,1,1,True,0,0.8474224805831909
Sphingolipid-BTWT-Cell-pellet_1__F536,Sphingolipid-BTWT-Cell-pellet_1,single,1,0,0,1,1,True,0,0.9326136112213135
Sphingolipid-BTWT-Cell-pellet_1__F537,Sphingolipid-BTWT-Cell-pellet_1,single,1,0,0,1,1,True,0,0.8235393762588501
Sphingolipid-BTWT-Cell-pellet_1__F538,Sphingolipid-BTWT-Cell-pellet_1,empty,0,0,0,0,0,True,0,0.0
Sphingolipid-BTWT-Cell-pellet_1__F539,Sphingolipid-BTWT-Cell-pellet_1,empty,0,0,0,0,0,True,0,0.0
Sphingolipid-BTWT-Cell-pellet_1__F54,Sphingolipid-BTWT-Cell-pellet_1,multi,2,0,0,2,2,True,0,0.8179689049720764
Sphingolipid-BTWT-Cell-pellet_1__F540,Sphingolipid-BTWT-Cell-pellet_1,multi,1,0,2,3,1,False,2,0.8233258724212646
Sphingolipid-BTWT-Cell-pellet_1__F541,Sphingolipid-BTWT-Cell-pellet_1,empty,0,0,0,0,0,True,0,0.0
Sphingolipid-BTWT-Cell-pellet_1__F542,Sphingolipid-BTWT-Cell-pellet_1,single,1,0,0,1,1,True,0,0.8422200083732605
Sphingolipid-BTWT-Cell-pellet_1__F543,Sphingolipid-BTWT-Cell-pellet_1,single,0,1,1,1,1,True,0,0.0
Sphingolipid-BTWT-Cell-pellet_1__F544,Sphingolipid-BTWT-Cell-pellet_1,multi,2,0,0,2,2,True,0,0.9015141129493713
Sphingolipid-BTWT-Cell-pellet_1__F545,Sphingolipid-BTWT-Cell-pellet_1,single,0,0,1,1,0,False,1,0.0
Sphingolipid-BTWT-Cell-pellet_1__F546,Sphingolipid-BTWT-Cell-pellet_1,single,1,0,0,1,1,True,0,0.9030420780181885
Sphingolipid-BTWT-Cell-pellet_1__F547,Sphingolipid-BTWT-Cell-pellet_1,empty,0,0,0,0,0,True,0,0.0
Sphingolipid-BTWT-Cell-pellet_1__F548,Sphingolipid-BTWT-Cell-pellet_1,empty,0,0,0,0,0,True,0,0.0
Sphingolipid-BTWT-Cell-pellet_1__F549,Sphingolipid-BTWT-Cell-pellet_1,empty,0,0,0,0,0,True,0,0.0
Sphingolipid-BTWT-Cell-pellet_1__F55,Sphingolipid-BTWT-Cell-pellet_1,single,1,0,0,1,1,True,0,0.9018194079399109
Sphingolipid-BTWT-Cell-pellet_1__F550,Sphingolipid-BTWT-Cell-pellet_1,empty,0,0,0,0,0,True,0,0.0
Sphingolipid-BTWT-Cell-pellet_1__F56,Sphingolipid-BTWT-Cell-pellet_1,multi,1,0,1,2,1,False,1,0.7750868797302246
Sphingolipid-BTWT-Cell-pellet_1__F57,Sphingolipid-BTWT-Cell-pellet_1,single,1,0,0,1,1,True,0,0.8097137212753296
Sphingolipid-BTWT-Cell-pellet_1__F58,Sphingolipid-BTWT-Cell-pellet_1,single,0,1,1,1,1,True,0,0.0
Sphingolipid-BTWT-Cell-pellet_1__F59,Sphingolipid-BTWT-Cell-pellet_1,empty,0,0,0,0,0,True,0,0.0
Sphingolipid-BTWT-Cell-pellet_1__F6,Sphingolipid-BTWT-Cell-pellet_1,multi,0,1,3,3,1,False,2,0.0
Sphingolipid-BTWT-Cell-pellet_1__F60,Sphingolipid-BTWT-Cell-pellet_1,single,1,0,0,1,1,True,0,0.816692054271698
Sphingolipid-BTWT-Cell-pellet_1__F61,Sphingolipid-BTWT-Cell-pellet_1,single,1,0,0,1,1,True,0,0.9121007323265076
Sphingolipid-BTWT-Cell-pellet_1__F62,Sphingolipid-BTWT-Cell-pellet_1,single,1,0,0,1,1,True,0,0.6900559663772583
Sphingolipid-BTWT-Cell-pellet_1__F63,Sphingolipid-BTWT-Cell-pellet_1,single,1,0,0,1,1,True,0,0.7291644215583801
Sphingolipid-BTWT-Cell-pellet_1__F64,Sphingolipid-BTWT-Cell-pellet_1,single,1,0,0,1,1,True,0,0.9760708808898926
Sphingolipid-BTWT-Cell-pellet_1__F65,Sphingolipid-BTWT-Cell-pellet_1,single,1,0,0,1,1,True,0,0.8466562628746033
Sphingolipid-BTWT-Cell-pellet_1__F66,Sphingolipid-BTWT-Cell-pellet_1,single,1,0,0,1,1,True,0,0.882784903049469
Sphingolipid-BTWT-Cell-pellet_1__F67,Sphingolipid-BTWT-Cell-pellet_1,empty,0,0,0,0,0,True,0,0.0
Sphingolipid-BTWT-Cell-pellet_1__F68,Sphingolipid-BTWT-Cell-pellet_1,empty,0,0,0,0,0,True,0,0.0
Sphingolipid-BTWT-Cell-pellet_1__F69,Sphingolipid-BTWT-Cell-pellet_1,multi,1,0,2,3,1,False,2,0.8188468217849731
Sphingolipid-BTWT-Cell-pellet_1__F7,Sphingolipid-BTWT-Cell-pellet_1,single,0,0,1,1,0,False,1,0.0
Sphingolipid-BTWT-Cell-pellet_1__F70,Sphingolipid-BTWT-Cell-pellet_1,single,0,0,1,1,0,False,1,0.0
Sphingolipid-BTWT-Cell-pellet_1__F71,Sphingolipid-BTWT-Cell-pellet_1,single,0,0,1,1,0,False,1,0.0
Sphingolipid-BTWT-Cell-pellet_1__F72,Sphingolipid-BTWT-Cell-pellet_1,empty,0,0,0,0,0,True,0,0.0
Sphingolipid-BTWT-Cell-pellet_1__F73,Sphingolipid-BTWT-Cell-pellet_1,single,1,0,0,1,1,True,0,0.7800166010856628
Sphingolipid-BTWT-Cell-pellet_1__F74,Sphingolipid-BTWT-Cell-pellet_1,empty,0,0,0,0,0,True,0,0.0
Sphingolipid-BTWT-Cell-pellet_1__F75,Sphingolipid-BTWT-Cell-pellet_1,multi,2,0,1,3,2,False,1,0.7999446988105774
Sphingolipid-BTWT-Cell-pellet_1__F76,Sphingolipid-BTWT-Cell-pellet_1,single,1,0,0,1,1,True,0,0.836796224117279
Sphingolipid-BTWT-Cell-pellet_1__F77,Sphingolipid-BTWT-Cell-pellet_1,single,1,0,0,1,1,True,0,0.8554359078407288
Sphingolipid-BTWT-Cell-pellet_1__F78,Sphingolipid-BTWT-Cell-pellet_1,single,1,0,0,1,1,True,0,0.8682546019554138
Sphingolipid-BTWT-Cell-pellet_1__F79,Sphingolipid-BTWT-Cell-pellet_1,single,1,0,0,1,1,True,0,0.8067885637283325
Sphingolipid-BTWT-Cell-pellet_1__F8,Sphingolipid-BTWT-Cell-pellet_1,single,1,0,0,1,1,True,0,0.8827396631240845
Sphingolipid-BTWT-Cell-pellet_1__F80,Sphingolipid-BTWT-Cell-pellet_1,empty,0,0,0,0,0,True,0,0.0
Sphingolipid-BTWT-Cell-pellet_1__F81,Sphingolipid-BTWT-Cell-pellet_1,single,1,0,0,1,1,True,0,0.8032266497612
Sphingolipid-BTWT-Cell-pellet_1__F82,Sphingolipid-BTWT-Cell-pellet_1,single,1,0,0,1,1,True,0,0.6920307278633118
Sphingolipid-BTWT-Cell-pellet_1__F83,Sphingolipid-BTWT-Cell-pellet_1,empty,0,0,0,0,0,True,0,0.0
Sphingolipid-BTWT-Cell-pellet_1__F84,Sphingolipid-BTWT-Cell-pellet_1,empty,0,0,0,0,0,True,0,0.0
Sphingolipid-BTWT-Cell-pellet_1__F85,Sphingolipid-BTWT-Cell-pellet_1,single,1,0,0,1,1,True,0,0.7535807490348816
Sphingolipid-BTWT-Cell-pellet_1__F86,Sphingolipid-BTWT-Cell-pellet_1,single,0,0,1,1,0,False,1,0.0
Sphingolipid-BTWT-Cell-pellet_1__F87,Sphingolipid-BTWT-Cell-pellet_1,empty,0,0,0,0,0,True,0,0.0
Sphingolipid-BTWT-Cell-pellet_1__F88,Sphingolipid-BTWT-Cell-pellet_1,single,0,0,1,1,0,False,1,0.0
Sphingolipid-BTWT-Cell-pellet_1__F89,Sphingolipid-BTWT-Cell-pellet_1,multi,1,0,1,2,1,False,1,0.5664179921150208
Sphingolipid-BTWT-Cell-pellet_1__F9,Sphingolipid-BTWT-Cell-pellet_1,single,0,0,1,1,0,False,1,0.0
Sphingolipid-BTWT-Cell-pellet_1__F90,Sphingolipid-BTWT-Cell-pellet_1,single,1,0,0,1,1,True,0,0.8579268455505371
Sphingolipid-BTWT-Cell-pellet_1__F91,Sphingolipid-BTWT-Cell-pellet_1,single,1,0,0,1,1,True,0,0.9198575019836426
Sphingolipid-BTWT-Cell-pellet_1__F92,Sphingolipid-BTWT-Cell-pellet_1,empty,0,0,0,0,0,True,0,0.0
Sphingolipid-BTWT-Cell-pellet_1__F93,Sphingolipid-BTWT-Cell-pellet_1,multi,0,2,3,3,2,False,1,0.0
Sphingolipid-BTWT-Cell-pellet_1__F94,Sphingolipid-BTWT-Cell-pellet_1,single,1,0,0,1,1,True,0,0.939522922039032
Sphingolipid-BTWT-Cell-pellet_1__F95,Sphingolipid-BTWT-Cell-pellet_1,single,1,0,0,1,1,True,0,0.7862348556518555
Sphingolipid-BTWT-Cell-pellet_1__F96,Sphingolipid-BTWT-Cell-pellet_1,single,0,1,1,1,1,True,0,0.0
Sphingolipid-BTWT-Cell-pellet_1__F97,Sphingolipid-BTWT-Cell-pellet_1,empty,0,0,0,0,0,True,0,0.0
Sphingolipid-BTWT-Cell-pellet_1__F98,Sphingolipid-BTWT-Cell-pellet_1,multi,1,0,1,2,1,False,1,0.8941231369972229
Sphingolipid-BTWT-Cell-pellet_1__F99,Sphingolipid-BTWT-Cell-pellet_1,empty,0,0,0,0,0,True,0,0.0
