sample_id,source_file,true_peak_count_class,seed_label,seed_probability,seed_prediction,correct
Sphingolipid-BTSPT-Cell-pellet_1__F1,Sphingolipid-BTSPT-Cell-pellet_1,single,1,0.99951171875,1,True
Sphingolipid-BTSPT-Cell-pellet_1__F10,Sphingolipid-BTSPT-Cell-pellet_1,empty,0,0.99755859375,1,False
Sphingolipid-BTSPT-Cell-pellet_1__F100,Sphingolipid-BTSPT-Cell-pellet_1,empty,0,0.0,0,True
Sphingolipid-BTSPT-Cell-pellet_1__F101,Sphingolipid-BTSPT-Cell-pellet_1,single,1,1.0,1,True
Sphingolipid-BTSPT-Cell-pellet_1__F102,Sphingolipid-BTSPT-Cell-pellet_1,single,1,1.0,1,True
Sphingolipid-BTSPT-Cell-pellet_1__F103,Sphingolipid-BTSPT-Cell-pellet_1,empty,0,0.96728515625,1,False
Sphingolipid-BTSPT-Cell-pellet_1__F104,Sphingolipid-BTSPT-Cell-pellet_1,single,1,1.0,1,True
Sphingolipid-BTSPT-Cell-pellet_1__F105,Sphingolipid-BTSPT-Cell-pellet_1,empty,0,1.1920928955078125e-07,0,True
Sphingolipid-BTSPT-Cell-pellet_1__F106,Sphingolipid-BTSPT-Cell-pellet_1,empty,0,0.1217041015625,0,True
Sphingolipid-BTSPT-Cell-pellet_1__F107,Sphingolipid-BTSPT-Cell-pellet_1,single,1,1.0,1,True
Sphingolipid-BTSPT-Cell-pellet_1__F108,Sphingolipid-BTSPT-Cell-pellet_1,empty,0,0.0,0,True
Sphingolipid-BTSPT-Cell-pellet_1__F109,Sphingolipid-BTSPT-Cell-pellet_1,single,1,0.99658203125,1,True
Sphingolipid-BTSPT-Cell-pellet_1__F11,Sphingolipid-BTSPT-Cell-pellet_1,single,1,1.0,1,True
Sphingolipid-BTSPT-Cell-pellet_1__F110,Sphingolipid-BTSPT-Cell-pellet_1,empty,0,0.9833984375,1,False
Sphingolipid-BTSPT-Cell-pellet_1__F111,Sphingolipid-BTSPT-Cell-pellet_1,empty,0,0.0,0,True
Sphingolipid-BTSPT-Cell-pellet_1__F112,Sphingolipid-BTSPT-Cell-pellet_1,empty,0,0.00821685791015625,0,True
Sphingolipid-BTSPT-Cell-pellet_1__F113,Sphingolipid-BTSPT-Cell-pellet_1,multi,1,1.0,1,True
Sphingolipid-BTSPT-Cell-pellet_1__F114,Sphingolipid-BTSPT-Cell-pellet_1,single,1,1.0,1,True
Sphingolipid-BTSPT-Cell-pellet_1__F115,Sphingolipid-BTSPT-Cell-pellet_1,single,1,1.0,1,True
Sphingolipid-BTSPT-Cell-pellet_1__F116,Sphingolipid-BTSPT-Cell-pellet_1,single,1,1.0,1,True
Sphingolipid-BTSPT-Cell-pellet_1__F117,Sphingolipid-BTSPT-Cell-pellet_1,single,1,0.91796875,1,True
Sphingolipid-BTSPT-Cell-pellet_1__F118,Sphingolipid-BTSPT-Cell-pellet_1,empty,0,1.8477439880371094e-05,0,True
Sphingolipid-BTSPT-Cell-pellet_1__F119,Sphingolipid-BTSPT-Cell-pellet_1,single,1,1.0,1,True
Sphingolipid-BTSPT-Cell-pellet_1__F12,Sphingolipid-BTSPT-Cell-pellet_1,empty,0,0.0,0,True
Sphingolipid-BTSPT-Cell-pellet_1__F120,Sphingolipid-BTSPT-Cell-pellet_1,single,1,0.9970703125,1,True
Sphingolipid-BTSPT-Cell-pellet_1__F121,Sphingolipid-BTSPT-Cell-pellet_1,multi,1,1.0,1,True
Sphingolipid-BTSPT-Cell-pellet_1__F122,Sphingolipid-BTSPT-Cell-pellet_1,single,1,0.9990234375,1,True
Sphingolipid-BTSPT-Cell-pellet_1__F123,Sphingolipid-BTSPT-Cell-pellet_1,single,1,1.0,1,True
Sphingolipid-BTSPT-Cell-pellet_1__F124,Sphingolipid-BTSPT-Cell-pellet_1,empty,0,0.0,0,True
Sphingolipid-BTSPT-Cell-pellet_1__F125,Sphingolipid-BTSPT-Cell-pellet_1,single,1,1.0,1,True
Sphingolipid-BTSPT-Cell-pellet_1__F126,Sphingolipid-BTSPT-Cell-pellet_1,single,1,1.0,1,True
Sphingolipid-BTSPT-Cell-pellet_1__F127,Sphingolipid-BTSPT-Cell-pellet_1,single,1,1.0,1,True
Sphingolipid-BTSPT-Cell-pellet_1__F128,Sphingolipid-BTSPT-Cell-pellet_1,empty,0,0.0,0,True
Sphingolipid-BTSPT-Cell-pellet_1__F129,Sphingolipid-BTSPT-Cell-pellet_1,single,1,1.0,1,True
Sphingolipid-BTSPT-Cell-pellet_1__F13,Sphingolipid-BTSPT-Cell-pellet_1,single,1,1.0,1,True
Sphingolipid-BTSPT-Cell-pellet_1__F130,Sphingolipid-BTSPT-Cell-pellet_1,single,1,1.0,1,True
Sphingolipid-BTSPT-Cell-pellet_1__F131,Sphingolipid-BTSPT-Cell-pellet_1,single,0,2.384185791015625e-07,0,True
Sphingolipid-BTSPT-Cell-pellet_1__F132,Sphingolipid-BTSPT-Cell-pellet_1,empty,0,0.03179931640625,0,True
Sphingolipid-BTSPT-Cell-pellet_1__F133,Sphingolipid-BTSPT-Cell-pellet_1,single,1,1.0,1,True
Sphingolipid-BTSPT-Cell-pellet_1__F134,Sphingolipid-BTSPT-Cell-pellet_1,single,1,1.0,1,True
Sphingolipid-BTSPT-Cell-pellet_1__F135,Sphingolipid-BTSPT-Cell-pellet_1,single,1,1.0,1,True
Sphingolipid-BTSPT-Cell-pellet_1__F136,Sphingolipid-BTSPT-Cell-pellet_1,single,1,1.0,1,True
Sphingolipid-BTSPT-Cell-pellet_1__F137,Sphingolipid-BTSPT-Cell-pellet_1,single,1,1.0,1,True
Sphingolipid-BTSPT-Cell-pellet_1__F138,Sphingolipid-BTSPT-Cell-pellet_1,multi,1,1.0,1,True
Sphingolipid-BTSPT-Cell-pellet_1__F139,Sphingolipid-BTSPT-Cell-pellet_1,empty,0,0.89453125,1,False
Sphingolipid-BTSPT-Cell-pellet_1__F14,Sphingolipid-BTSPT-Cell-pellet_1,single,1,1.0,1,True
Sphingolipid-BTSPT-Cell-pellet_1__F140,Sphingolipid-BTSPT-Cell-pellet_1,empty,0,0.1568603515625,0,True
Sphingolipid-BTSPT-Cell-pellet_1__F141,Sphingolipid-BTSPT-Cell-pellet_1,single,1,1.0,1,True
Sphingolipid-BTSPT-Cell-pellet_1__F143,Sphingolipid-BTSPT-Cell-pellet_1,empty,0,0.0,0,True
Sphingolipid-BTSPT-Cell-pellet_1__F144,Sphingolipid-BTSPT-Cell-pellet_1,single,1,1.0,1,True
Sphingolipid-BTSPT-Cell-pellet_1__F145,Sphingolipid-BTSPT-Cell-pellet_1,empty,0,0.2095947265625,0,True
Sphingolipid-BTSPT-Cell-pellet_1__F146,Sphingolipid-BTSPT-Cell-pellet_1,empty,0,4.2319297790527344e-05,0,True
Sphingolipid-BTSPT-Cell-pellet_1__F147,Sphingolipid-BTSPT-Cell-pellet_1,empty,0,0.0567626953125,0,True
Sphingolipid-BTSPT-Cell-pellet_1__F148,Sphingolipid-BTSPT-Cell-pellet_1,single,1,1.0,1,True
Sphingolipid-BTSPT-Cell-pellet_1__F149,Sphingolipid-BTSPT-Cell-pellet_1,empty,0,2.7954578399658203e-05,0,True
Sphingolipid-BTSPT-Cell-pellet_1__F15,Sphingolipid-BTSPT-Cell-pellet_1,single,1,1.0,1,True
Sphingolipid-BTSPT-Cell-pellet_1__F150,Sphingolipid-BTSPT-Cell-pellet_1,single,1,1.0,1,True
Sphingolipid-BTSPT-Cell-pellet_1__F151,Sphingolipid-BTSPT-Cell-pellet_1,multi,1,1.0,1,True
Sphingolipid-BTSPT-Cell-pellet_1__F152,Sphingolipid-BTSPT-Cell-pellet_1,single,1,1.0,1,True
Sphingolipid-BTSPT-Cell-pellet_1__F153,Sphingolipid-BTSPT-Cell-pellet_1,single,1,1.0,1,True
Sphingolipid-BTSPT-Cell-pellet_1__F154,Sphingolipid-BTSPT-Cell-pellet_1,single,1,1.0,1,True
Sphingolipid-BTSPT-Cell-pellet_1__F155,Sphingolipid-BTSPT-Cell-pellet_1,single,1,1.0,1,True
Sphingolipid-BTSPT-Cell-pellet_1__F156,Sphingolipid-BTSPT-Cell-pellet_1,single,1,0.9736328125,1,True
Sphingolipid-BTSPT-Cell-pellet_1__F157,Sphingolipid-BTSPT-Cell-pellet_1,empty,0,0.99951171875,1,False
Sphingolipid-BTSPT-Cell-pellet_1__F158,Sphingolipid-BTSPT-Cell-pellet_1,single,1,1.0,1,True
Sphingolipid-BTSPT-Cell-pellet_1__F159,Sphingolipid-BTSPT-Cell-pellet_1,empty,0,6.711483001708984e-05,0,True
Sphingolipid-BTSPT-Cell-pellet_1__F16,Sphingolipid-BTSPT-Cell-pellet_1,empty,0,0.197265625,0,True
Sphingolipid-BTSPT-Cell-pellet_1__F161,Sphingolipid-BTSPT-Cell-pellet_1,empty,0,0.0,0,True
Sphingolipid-BTSPT-Cell-pellet_1__F162,Sphingolipid-BTSPT-Cell-pellet_1,empty,0,0.0066680908203125,0,True
Sphingolipid-BTSPT-Cell-pellet_1__F163,Sphingolipid-BTSPT-Cell-pellet_1,empty,0,0.59423828125,0,True
Sphingolipid-BTSPT-Cell-pellet_1__F164,Sphingolipid-BTSPT-Cell-pellet_1,multi,1,2.4437904357910156e-06,0,False
Sphingolipid-BTSPT-Cell-pellet_1__F165,Sphingolipid-BTSPT-Cell-pellet_1,single,1,1.0,1,True
Sphingolipid-BTSPT-Cell-pellet_1__F166,Sphingolipid-BTSPT-Cell-pellet_1,empty,0,1.0,1,False
Sphingolipid-BTSPT-Cell-pellet_1__F167,Sphingolipid-BTSPT-Cell-pellet_1,empty,0,0.0,0,True
Sphingolipid-BTSPT-Cell-pellet_1__F168,Sphingolipid-BTSPT-Cell-pellet_1,empty,0,0.03759765625,0,True
Sphingolipid-BTSPT-Cell-pellet_1__F169,Sphingolipid-BTSPT-Cell-pellet_1,empty,0,1.0,1,False
Sphingolipid-BTSPT-Cell-pellet_1__F17,Sphingolipid-BTSPT-Cell-pellet_1,empty,0,1.0,1,False
Sphingolipid-BTSPT-Cell-pellet_1__F170,Sphingolipid-BTSPT-Cell-pellet_1,multi,1,1.0,1,True
Sphingolipid-BTSPT-Cell-pellet_1__F171,Sphingolipid-BTSPT-Cell-pellet_1,single,1,1.0,1,True
Sphingolipid-BTSPT-Cell-pellet_1__F172,Sphingolipid-BTSPT-Cell-pellet_1,empty,0,0.0,0,True
Sphingolipid-BTSPT-Cell-pellet_1__F173,Sphingolipid-BTSPT-Cell-pellet_1,single,1,1.0,1,True
Sphingolipid-BTSPT-Cell-pellet_1__F175,Sphingolipid-BTSPT-Cell-pellet_1,multi,1,0.0272216796875,0,False
Sphingolipid-BTSPT-Cell-pellet_1__F176,Sphingolipid-BTSPT-Cell-pellet_1,empty,0,1.7285346984863281e-06,0,True
Sphingolipid-BTSPT-Cell-pellet_1__F177,Sphingolipid-BTSPT-Cell-pellet_1,empty,0,0.0038089752197265625,0,True
Sphingolipid-BTSPT-Cell-pellet_1__F178,Sphingolipid-BTSPT-Cell-pellet_1,single,1,1.0,1,True
Sphingolipid-BTSPT-Cell-pellet_1__F179,Sphingolipid-BTSPT-Cell-pellet_1,empty,0,0.001483917236328125,0,True
Sphingolipid-BTSPT-Cell-pellet_1__F18,Sphingolipid-BTSPT-Cell-pellet_1,empty,0,1.9848346710205078e-05,0,True
Sphingolipid-BTSPT-Cell-pellet_1__F180,Sphingolipid-BTSPT-Cell-pellet_1,single,1,1.0,1,True
Sphingolipid-BTSPT-Cell-pellet_1__F181,Sphingolipid-BTSPT-Cell-pellet_1,empty,0,0.0,0,True
Sphingolipid-BTSPT-Cell-pellet_1__F182,Sphingolipid-BTSPT-Cell-pellet_1,empty,0,0.0,0,True
Sphingolipid-BTSPT-Cell-pellet_1__F183,Sphingolipid-BTSPT-Cell-pellet_1,multi,1,1.0,1,True
Sphingolipid-BTSPT-Cell-pellet_1__F184,Sphingolipid-BTSPT-Cell-pellet_1,single,1,1.0,1,True
Sphingolipid-BTSPT-Cell-pellet_1__F186,Sphingolipid-BTSPT-Cell-pellet_1,single,1,0.323486328125,0,False
Sphingolipid-BTSPT-Cell-pellet_1__F187,Sphingolipid-BTSPT-Cell-pellet_1,empty,0,1.9252300262451172e-05,0,True
Sphingolipid-BTSPT-Cell-pellet_1__F188,Sphingolipid-BTSPT-Cell-pellet_1,single,1,1.0,1,True
Sphingolipid-BTSPT-Cell-pellet_1__F189,Sphingolipid-BTSPT-Cell-pellet_1,multi,1,1.0,1,True
Sphingolipid-BTSPT-Cell-pellet_1__F19,Sphingolipid-BTSPT-Cell-pellet_1,single,1,1.0,1,True
Sphingolipid-BTSPT-Cell-pellet_1__F190,Sphingolipid-BTSPT-Cell-pellet_1,empty,0,0.001628875732421875,0,True
Sphingolipid-BTSPT-Cell-pellet_1__F191,Sphingolipid-BTSPT-Cell-pellet_1,empty,0,0.0,0,True
Sphingolipid-BTSPT-Cell-pellet_1__F192,Sphingolipid-BTSPT-Cell-pellet_1,empty,0,0.0009217262268066406,0,True
Sphingolipid-BTSPT-Cell-pellet_1__F193,Sphingolipid-BTSPT-Cell-pellet_1,single,1,1.0,1,True
Sphingolipid-BTSPT-Cell-pellet_1__F194,Sphingolipid-BTSPT-Cell-pellet_1,multi,1,1.0,1,True
Sphingolipid-BTSPT-Cell-pellet_1__F195,Sphingolipid-BTSPT-Cell-pellet_1,empty,0,0.0,0,True
Sphingolipid-BTSPT-Cell-pellet_1__F196,Sphingolipid-BTSPT-Cell-pellet_1,single,1,0.9990234375,1,True
Sphingolipid-BTSPT-Cell-pellet_1__F197,Sphingolipid-BTSPT-Cell-pellet_1,single,1,1.0,1,True
Sphingolipid-BTSPT-Cell-pellet_1__F198,Sphingolipid-BTSPT-Cell-pellet_1,empty,0,3.5643577575683594e-05,0,True
Sphingolipid-BTSPT-Cell-pellet_1__F199,Sphingolipid-BTSPT-Cell-pellet_1,empty,0,0.376708984375,0,True
Sphingolipid-BTSPT-Cell-pellet_1__F2,Sphingolipid-BTSPT-Cell-pellet_1,single,1,1.0,1,True
Sphingolipid-BTSPT-Cell-pellet_1__F20,Sphingolipid-BTSPT-Cell-pellet_1,empty,0,0.0,0,True
Sphingolipid-BTSPT-Cell-pellet_1__F200,Sphingolipid-BTSPT-Cell-pellet_1,empty,0,0.0,0,True
Sphingolipid-BTSPT-Cell-pellet_1__F201,Sphingolipid-BTSPT-Cell-pellet_1,empty,0,0.048675537109375,0,True
Sphingolipid-BTSPT-Cell-pellet_1__F202,Sphingolipid-BTSPT-Cell-pellet_1,empty,0,5.3882598876953125e-05,0,True
Sphingolipid-BTSPT-Cell-pellet_1__F203,Sphingolipid-BTSPT-Cell-pellet_1,single,1,1.0,1,True
Sphingolipid-BTSPT-Cell-pellet_1__F204,Sphingolipid-BTSPT-Cell-pellet_1,single,1,1.0,1,True
Sphingolipid-BTSPT-Cell-pellet_1__F205,Sphingolipid-BTSPT-Cell-pellet_1,single,1,1.0,1,True
Sphingolipid-BTSPT-Cell-pellet_1__F207,Sphingolipid-BTSPT-Cell-pellet_1,empty,0,1.9669532775878906e-06,0,True
Sphingolipid-BTSPT-Cell-pellet_1__F208,Sphingolipid-BTSPT-Cell-pellet_1,empty,0,1.1920928955078125e-07,0,True
Sphingolipid-BTSPT-Cell-pellet_1__F209,Sphingolipid-BTSPT-Cell-pellet_1,empty,0,2.86102294921875e-06,0,True
Sphingolipid-BTSPT-Cell-pellet_1__F21,Sphingolipid-BTSPT-Cell-pellet_1,empty,0,0.01282501220703125,0,True
Sphingolipid-BTSPT-Cell-pellet_1__F210,Sphingolipid-BTSPT-Cell-pellet_1,single,1,1.0,1,True
Sphingolipid-BTSPT-Cell-pellet_1__F211,Sphingolipid-BTSPT-Cell-pellet_1,single,1,1.0,1,True
Sphingolipid-BTSPT-Cell-pellet_1__F212,Sphingolipid-BTSPT-Cell-pellet_1,empty,0,0.0,0,True
Sphingolipid-BTSPT-Cell-pellet_1__F213,Sphingolipid-BTSPT-Cell-pellet_1,single,1,1.0,1,True
Sphingolipid-BTSPT-Cell-pellet_1__F214,Sphingolipid-BTSPT-Cell-pellet_1,empty,0,1.0132789611816406e-06,0,True
Sphingolipid-BTSPT-Cell-pellet_1__F215,Sphingolipid-BTSPT-Cell-pellet_1,single,1,1.0,1,True
Sphingolipid-BTSPT-Cell-pellet_1__F216,Sphingolipid-BTSPT-Cell-pellet_1,single,1,0.98046875,1,True
Sphingolipid-BTSPT-Cell-pellet_1__F217,Sphingolipid-BTSPT-Cell-pellet_1,single,1,1.0,1,True
Sphingolipid-BTSPT-Cell-pellet_1__F218,Sphingolipid-BTSPT-Cell-pellet_1,empty,0,0.0018463134765625,0,True
Sphingolipid-BTSPT-Cell-pellet_1__F219,Sphingolipid-BTSPT-Cell-pellet_1,empty,0,1.0,1,False
Sphingolipid-BTSPT-Cell-pellet_1__F22,Sphingolipid-BTSPT-Cell-pellet_1,empty,0,0.9990234375,1,False
Sphingolipid-BTSPT-Cell-pellet_1__F220,Sphingolipid-BTSPT-Cell-pellet_1,single,1,1.0,1,True
Sphingolipid-BTSPT-Cell-pellet_1__F221,Sphingolipid-BTSPT-Cell-pellet_1,empty,0,0.0,0,True
Sphingolipid-BTSPT-Cell-pellet_1__F222,Sphingolipid-BTSPT-Cell-pellet_1,empty,0,0.0,0,True
Sphingolipid-BTSPT-Cell-pellet_1__F224,Sphingolipid-BTSPT-Cell-pellet_1,empty,0,0.98291015625,1,False
Sphingolipid-BTSPT-Cell-pellet_1__F225,Sphingolipid-BTSPT-Cell-pellet_1,empty,0,1.4483928680419922e-05,0,True
Sphingolipid-BTSPT-Cell-pellet_1__F226,Sphingolipid-BTSPT-Cell-pellet_1,empty,0,0.0,0,True
Sphingolipid-BTSPT-Cell-pellet_1__F227,Sphingolipid-BTSPT-Cell-pellet_1,multi,1,1.0,1,True
Sphingolipid-BTSPT-Cell-pellet_1__F228,Sphingolipid-BTSPT-Cell-pellet_1,single,1,1.0,1,True
Sphingolipid-BTSPT-Cell-pellet_1__F229,Sphingolipid-BTSPT-Cell-pellet_1,single,1,0.99951171875,1,True
Sphingolipid-BTSPT-Cell-pellet_1__F23,Sphingolipid-BTSPT-Cell-pellet_1,single,1,0.99853515625,1,True
Sphingolipid-BTSPT-Cell-pellet_1__F230,Sphingolipid-BTSPT-Cell-pellet_1,empty,0,0.0,0,True
Sphingolipid-BTSPT-Cell-pellet_1__F231,Sphingolipid-BTSPT-Cell-pellet_1,empty,0,2.110004425048828e-05,0,True
Sphingolipid-BTSPT-Cell-pellet_1__F232,Sphingolipid-BTSPT-Cell-pellet_1,empty,0,0.0,0,True
Sphingolipid-BTSPT-Cell-pellet_1__F233,Sphingolipid-BTSPT-Cell-pellet_1,single,1,1.0,1,True
Sphingolipid-BTSPT-Cell-pellet_1__F234,Sphingolipid-BTSPT-Cell-pellet_1,multi,1,1.0,1,True
Sphingolipid-BTSPT-Cell-pellet_1__F235,Sphingolipid-BTSPT-Cell-pellet_1,empty,0,6.556510925292969e-07,0,True
Sphingolipid-BTSPT-Cell-pellet_1__F236,Sphingolipid-BTSPT-Cell-pellet_1,single,1,1.0,1,True
Sphingolipid-BTSPT-Cell-pellet_1__F237,Sphingolipid-BTSPT-Cell-pellet_1,multi,1,1.0,1,True
Sphingolipid-BTSPT-Cell-pellet_1__F238,Sphingolipid-BTSPT-Cell-pellet_1,single,1,1.0,1,True
Sphingolipid-BTSPT-Cell-pellet_1__F239,Sphingolipid-BTSPT-Cell-pellet_1,single,1,1.0,1,True
Sphingolipid-BTSPT-Cell-pellet_1__F24,Sphingolipid-BTSPT-Cell-pellet_1,single,1,1.0,1,True
Sphingolipid-BTSPT-Cell-pellet_1__F240,Sphingolipid-BTSPT-Cell-pellet_1,single,1,1.0,1,True
Sphingolipid-BTSPT-Cell-pellet_1__F241,Sphingolipid-BTSPT-Cell-pellet_1,single,1,1.0,1,True
Sphingolipid-BTSPT-Cell-pellet_1__F242,Sphingolipid-BTSPT-Cell-pellet_1,single,1,1.0,1,True
Sphingolipid-BTSPT-Cell-pellet_1__F243,Sphingolipid-BTSPT-Cell-pellet_1,multi,1,1.0,1,True
Sphingolipid-BTSPT-Cell-pellet_1__F244,Sphingolipid-BTSPT-Cell-pellet_1,single,1,4.684925079345703e-05,0,False
Sphingolipid-BTSPT-Cell-pellet_1__F245,Sphingolipid-BTSPT-Cell-pellet_1,empty,0,1.0,1,False
Sphingolipid-BTSPT-Cell-pellet_1__F246,Sphingolipid-BTSPT-Cell-pellet_1,empty,0,0.00536346435546875,0,True
Sphingolipid-BTSPT-Cell-pellet_1__F247,Sphingolipid-BTSPT-Cell-pellet_1,single,1,1.0,1,True
Sphingolipid-BTSPT-Cell-pellet_1__F248,Sphingolipid-BTSPT-Cell-pellet_1,single,1,0.99560546875,1,True
Sphingolipid-BTSPT-Cell-pellet_1__F249,Sphingolipid-BTSPT-Cell-pellet_1,empty,0,0.0,0,True
Sphingolipid-BTSPT-Cell-pellet_1__F25,Sphingolipid-BTSPT-Cell-pellet_1,multi,1,0.98828125,1,True
Sphingolipid-BTSPT-Cell-pellet_1__F250,Sphingolipid-BTSPT-Cell-pellet_1,empty,0,0.890625,1,False
Sphingolipid-BTSPT-Cell-pellet_1__F251,Sphingolipid-BTSPT-Cell-pellet_1,empty,0,0.00016999244689941406,0,True
Sphingolipid-BTSPT-Cell-pellet_1__F252,Sphingolipid-BTSPT-Cell-pellet_1,single,1,1.0,1,True
Sphingolipid-BTSPT-Cell-pellet_1__F253,Sphingolipid-BTSPT-Cell-pellet_1,empty,0,0.0,0,True
Sphingolipid-BTSPT-Cell-pellet_1__F254,Sphingolipid-BTSPT-Cell-pellet_1,single,1,1.0,1,True
Sphingolipid-BTSPT-Cell-pellet_1__F255,Sphingolipid-BTSPT-Cell-pellet_1,single,1,0.9990234375,1,True
Sphingolipid-BTSPT-Cell-pellet_1__F256,Sphingolipid-BTSPT-Cell-pellet_1,empty,0,0.99365234375,1,False
Sphingolipid-BTSPT-Cell-pellet_1__F257,Sphingolipid-BTSPT-Cell-pellet_1,empty,0,0.00653839111328125,0,True
Sphingolipid-BTSPT-Cell-pellet_1__F258,Sphingolipid-BTSPT-Cell-pellet_1,empty,0,0.97314453125,1,False
Sphingolipid-BTSPT-Cell-pellet_1__F259,Sphingolipid-BTSPT-Cell-pellet_1,single,1,1.0,1,True
Sphingolipid-BTSPT-Cell-pellet_1__F26,Sphingolipid-BTSPT-Cell-pellet_1,single,1,1.0,1,True
Sphingolipid-BTSPT-Cell-pellet_1__F260,Sphingolipid-BTSPT-Cell-pellet_1,empty,0,4.792213439941406e-05,0,True
Sphingolipid-BTSPT-Cell-pellet_1__F261,Sphingolipid-BTSPT-Cell-pellet_1,multi,1,0.0028896331787109375,0,False
Sphingolipid-BTSPT-Cell-pellet_1__F262,Sphingolipid-BTSPT-Cell-pellet_1,single,1,1.0,1,True
Sphingolipid-BTSPT-Cell-pellet_1__F263,Sphingolipid-BTSPT-Cell-pellet_1,single,1,1.0,1,True
Sphingolipid-BTSPT-Cell-pellet_1__F264,Sphingolipid-BTSPT-Cell-pellet_1,single,1,1.0,1,True
Sphingolipid-BTSPT-Cell-pellet_1__F265,Sphingolipid-BTSPT-Cell-pellet_1,empty,0,0.00042724609375,0,True
Sphingolipid-BTSPT-Cell-pellet_1__F266,Sphingolipid-BTSPT-Cell-pellet_1,single,1,1.0,1,True
Sphingolipid-BTSPT-Cell-pellet_1__F267,Sphingolipid-BTSPT-Cell-pellet_1,single,1,1.0,1,True
Sphingolipid-BTSPT-Cell-pellet_1__F268,Sphingolipid-BTSPT-Cell-pellet_1,empty,0,5.960464477539063e-08,0,True
Sphingolipid-BTSPT-Cell-pellet_1__F27,Sphingolipid-BTSPT-Cell-pellet_1,empty,0,4.172325134277344e-07,0,True
Sphingolipid-BTSPT-Cell-pellet_1__F270,Sphingolipid-BTSPT-Cell-pellet_1,empty,0,1.531839370727539e-05,0,True
Sphingolipid-BTSPT-Cell-pellet_1__F271,Sphingolipid-BTSPT-Cell-pellet_1,single,1,1.0,1,True
Sphingolipid-BTSPT-Cell-pellet_1__F272,Sphingolipid-BTSPT-Cell-pellet_1,single,1,1.0,1,True
Sphingolipid-BTSPT-Cell-pellet_1__F273,Sphingolipid-BTSPT-Cell-pellet_1,empty,0,1.5556812286376953e-05,0,True
Sphingolipid-BTSPT-Cell-pellet_1__F274,Sphingolipid-BTSPT-Cell-pellet_1,empty,0,0.0,0,True
Sphingolipid-BTSPT-Cell-pellet_1__F275,Sphingolipid-BTSPT-Cell-pellet_1,single,1,1.0,1,True
Sphingolipid-BTSPT-Cell-pellet_1__F276,Sphingolipid-BTSPT-Cell-pellet_1,empty,0,1.9073486328125e-06,0,True
Sphingolipid-BTSPT-Cell-pellet_1__F277,Sphingolipid-BTSPT-Cell-pellet_1,empty,0,0.998046875,1,False
Sphingolipid-BTSPT-Cell-pellet_1__F278,Sphingolipid-BTSPT-Cell-pellet_1,single,1,1.0,1,True
Sphingolipid-BTSPT-Cell-pellet_1__F279,Sphingolipid-BTSPT-Cell-pellet_1,single,1,1.0,1,True
Sphingolipid-BTSPT-Cell-pellet_1__F28,Sphingolipid-BTSPT-Cell-pellet_1,single,1,1.0,1,True
Sphingolipid-BTSPT-Cell-pellet_1__F280,Sphingolipid-BTSPT-Cell-pellet_1,empty,0,0.99951171875,1,False
Sphingolipid-BTSPT-Cell-pellet_1__F281,Sphingolipid-BTSPT-Cell-pellet_1,empty,0,0.99951171875,1,False
Sphingolipid-BTSPT-Cell-pellet_1__F282,Sphingolipid-BTSPT-Cell-pellet_1,empty,0,4.363059997558594e-05,0,True
Sphingolipid-BTSPT-Cell-pellet_1__F283,Sphingolipid-BTSPT-Cell-pellet_1,empty,0,0.005512237548828125,0,True
Sphingolipid-BTSPT-Cell-pellet_1__F284,Sphingolipid-BTSPT-Cell-pellet_1,empty,0,1.0,1,False
Sphingolipid-BTSPT-Cell-pellet_1__F285,Sphingolipid-BTSPT-Cell-pellet_1,empty,0,0.0028667449951171875,0,True
Sphingolipid-BTSPT-Cell-pellet_1__F286,Sphingolipid-BTSPT-Cell-pellet_1,single,1,1.0,1,True
Sphingolipid-BTSPT-Cell-pellet_1__F287,Sphingolipid-BTSPT-Cell-pellet_1,single,1,1.0,1,True
Sphingolipid-BTSPT-Cell-pellet_1__F288,Sphingolipid-BTSPT-Cell-pellet_1,multi,1,0.99755859375,1,True
Sphingolipid-BTSPT-Cell-pellet_1__F289,Sphingolipid-BTSPT-Cell-pellet_1,single,1,0.99951171875,1,True
Sphingolipid-BTSPT-Cell-pellet_1__F29,Sphingolipid-BTSPT-Cell-pellet_1,empty,0,0.0,0,True
Sphingolipid-BTSPT-Cell-pellet_1__F290,Sphingolipid-BTSPT-Cell-pellet_1,empty,0,0.00012242794036865234,0,True
Sphingolipid-BTSPT-Cell-pellet_1__F291,Sphingolipid-BTSPT-Cell-pellet_1,single,1,1.0,1,True
Sphingolipid-BTSPT-Cell-pellet_1__F292,Sphingolipid-BTSPT-Cell-pellet_1,single,1,0.9921875,1,True
Sphingolipid-BTSPT-Cell-pellet_1__F293,Sphingolipid-BTSPT-Cell-pellet_1,empty,0,2.384185791015625e-07,0,True
Sphingolipid-BTSPT-Cell-pellet_1__F294,Sphingolipid-BTSPT-Cell-pellet_1,empty,0,0.0,0,True
Sphingolipid-BTSPT-Cell-pellet_1__F296,Sphingolipid-BTSPT-Cell-pellet_1,empty,0,0.0,0,True
Sphingolipid-BTSPT-Cell-pellet_1__F297,Sphingolipid-BTSPT-Cell-pellet_1,empty,0,0.0,0,True
Sphingolipid-BTSPT-Cell-pellet_1__F298,Sphingolipid-BTSPT-Cell-pellet_1,empty,0,0.0794677734375,0,True
Sphingolipid-BTSPT-Cell-pellet_1__F299,Sphingolipid-BTSPT-Cell-pellet_1,empty,0,2.980232238769531e-07,0,True
Sphingolipid-BTSPT-Cell-pellet_1__F3,Sphingolipid-BTSPT-Cell-pellet_1,single,1,1.0,1,True
Sphingolipid-BTSPT-Cell-pellet_1__F30,Sphingolipid-BTSPT-Cell-pellet_1,empty,0,0.009521484375,0,True
Sphingolipid-BTSPT-Cell-pellet_1__F300,Sphingolipid-BTSPT-Cell-pellet_1,empty,0,2.980232238769531e-07,0,True
Sphingolipid-BTSPT-Cell-pellet_1__F301,Sphingolipid-BTSPT-Cell-pellet_1,single,1,1.0,1,True
Sphingolipid-BTSPT-Cell-pellet_1__F302,Sphingolipid-BTSPT-Cell-pellet_1,single,1,1.0,1,True
Sphingolipid-BTSPT-Cell-pellet_1__F303,Sphingolipid-BTSPT-Cell-pellet_1,empty,0,0.17431640625,0,True
Sphingolipid-BTSPT-Cell-pellet_1__F304,Sphingolipid-BTSPT-Cell-pellet_1,single,1,1.0,1,True
Sphingolipid-BTSPT-Cell-pellet_1__F305,Sphingolipid-BTSPT-Cell-pellet_1,empty,0,0.0,0,True
Sphingolipid-BTSPT-Cell-pellet_1__F306,Sphingolipid-BTSPT-Cell-pellet_1,empty,0,7.033348083496094e-05,0,True
Sphingolipid-BTSPT-Cell-pellet_1__F307,Sphingolipid-BTSPT-Cell-pellet_1,single,1,1.0,1,True
Sphingolipid-BTSPT-Cell-pellet_1__F308,Sphingolipid-BTSPT-Cell-pellet_1,single,1,1.0,1,True
Sphingolipid-BTSPT-Cell-pellet_1__F309,Sphingolipid-BTSPT-Cell-pellet_1,empty,0,0.0,0,True
Sphingolipid-BTSPT-Cell-pellet_1__F31,Sphingolipid-BTSPT-Cell-pellet_1,single,1,1.0,1,True
Sphingolipid-BTSPT-Cell-pellet_1__F310,Sphingolipid-BTSPT-Cell-pellet_1,empty,0,5.918741226196289e-05,0,True
Sphingolipid-BTSPT-Cell-pellet_1__F311,Sphingolipid-BTSPT-Cell-pellet_1,empty,0,0.0015916824340820312,0,True
Sphingolipid-BTSPT-Cell-pellet_1__F312,Sphingolipid-BTSPT-Cell-pellet_1,single,1,0.1773681640625,0,False
Sphingolipid-BTSPT-Cell-pellet_1__F313,Sphingolipid-BTSPT-Cell-pellet_1,single,1,1.0,1,True
Sphingolipid-BTSPT-Cell-pellet_1__F314,Sphingolipid-BTSPT-Cell-pellet_1,empty,0,0.0,0,True
Sphingolipid-BTSPT-Cell-pellet_1__F316,Sphingolipid-BTSPT-Cell-pellet_1,empty,0,1.1146068572998047e-05,0,True
Sphingolipid-BTSPT-Cell-pellet_1__F317,Sphingolipid-BTSPT-Cell-pellet_1,single,1,1.0,1,True
Sphingolipid-BTSPT-Cell-pellet_1__F318,Sphingolipid-BTSPT-Cell-pellet_1,empty,0,0.0,0,True
Sphingolipid-BTSPT-Cell-pellet_1__F319,Sphingolipid-BTSPT-Cell-pellet_1,single,1,1.0,1,True
Sphingolipid-BTSPT-Cell-pellet_1__F32,Sphingolipid-BTSPT-Cell-pellet_1,single,1,1.0,1,True
Sphingolipid-BTSPT-Cell-pellet_1__F320,Sphingolipid-BTSPT-Cell-pellet_1,single,1,0.1015625,0,False
Sphingolipid-BTSPT-Cell-pellet_1__F321,Sphingolipid-BTSPT-Cell-pellet_1,empty,0,0.43310546875,0,True
Sphingolipid-BTSPT-Cell-pellet_1__F322,Sphingolipid-BTSPT-Cell-pellet_1,single,1,1.0,1,True
Sphingolipid-BTSPT-Cell-pellet_1__F323,Sphingolipid-BTSPT-Cell-pellet_1,empty,0,0.018768310546875,0,True
Sphingolipid-BTSPT-Cell-pellet_1__F324,Sphingolipid-BTSPT-Cell-pellet_1,empty,0,2.7120113372802734e-05,0,True
Sphingolipid-BTSPT-Cell-pellet_1__F325,Sphingolipid-BTSPT-Cell-pellet_1,multi,1,0.99755859375,1,True
Sphingolipid-BTSPT-Cell-pellet_1__F326,Sphingolipid-BTSPT-Cell-pellet_1,empty,0,0.0,0,True
Sphingolipid-BTSPT-Cell-pellet_1__F327,Sphingolipid-BTSPT-Cell-pellet_1,single,1,1.0,1,True
Sphingolipid-BTSPT-Cell-pellet_1__F328,Sphingolipid-BTSPT-Cell-pellet_1,empty,0,2.384185791015625e-07,0,True
Sphingolipid-BTSPT-Cell-pellet_1__F329,Sphingolipid-BTSPT-Cell-pellet_1,single,1,1.0,1,True
Sphingolipid-BTSPT-Cell-pellet_1__F33,Sphingolipid-BTSPT-Cell-pellet_1,single,1,0.99755859375,1,True
Sphingolipid-BTSPT-Cell-pellet_1__F330,Sphingolipid-BTSPT-Cell-pellet_1,empty,0,0.99853515625,1,False
Sphingolipid-BTSPT-Cell-pellet_1__F331,Sphingolipid-BTSPT-Cell-pellet_1,multi,1,1.0,1,True
Sphingolipid-BTSPT-Cell-pellet_1__F332,Sphingolipid-BTSPT-Cell-pellet_1,multi,1,1.0,1,True
Sphingolipid-BTSPT-Cell-pellet_1__F333,Sphingolipid-BTSPT-Cell-pellet_1,single,1,1.0,1,True
Sphingolipid-BTSPT-Cell-pellet_1__F335,Sphingolipid-BTSPT-Cell-pellet_1,empty,0,0.0,0,True
Sphingolipid-BTSPT-Cell-pellet_1__F336,Sphingolipid-BTSPT-Cell-pellet_1,empty,0,2.2649765014648438e-05,0,True
Sphingolipid-BTSPT-Cell-pellet_1__F337,Sphingolipid-BTSPT-Cell-pellet_1,single,1,0.99951171875,1,True
Sphingolipid-BTSPT-Cell-pellet_1__F338,Sphingolipid-BTSPT-Cell-pellet_1,single,1,1.0,1,True
Sphingolipid-BTSPT-Cell-pellet_1__F339,Sphingolipid-BTSPT-Cell-pellet_1,empty,0,3.5762786865234375e-07,0,True
Sphingolipid-BTSPT-Cell-pellet_1__F34,Sphingolipid-BTSPT-Cell-pellet_1,empty,0,0.0,0,True
Sphingolipid-BTSPT-Cell-pellet_1__F340,Sphingolipid-BTSPT-Cell-pellet_1,single,1,1.0,1,True
Sphingolipid-BTSPT-Cell-pellet_1__F341,Sphingolipid-BTSPT-Cell-pellet_1,single,1,1.0,1,True
Sphingolipid-BTSPT-Cell-pellet_1__F342,Sphingolipid-BTSPT-Cell-pellet_1,empty,0,0.0002779960632324219,0,True
Sphingolipid-BTSPT-Cell-pellet_1__F343,Sphingolipid-BTSPT-Cell-pellet_1,empty,0,6.318092346191406e-06,0,True
Sphingolipid-BTSPT-Cell-pellet_1__F344,Sphingolipid-BTSPT-Cell-pellet_1,empty,0,0.0,0,True
Sphingolipid-BTSPT-Cell-pellet_1__F345,Sphingolipid-BTSPT-Cell-pellet_1,empty,0,0.80517578125,1,False
Sphingolipid-BTSPT-Cell-pellet_1__F346,Sphingolipid-BTSPT-Cell-pellet_1,empty,0,5.960464477539063e-08,0,True
Sphingolipid-BTSPT-Cell-pellet_1__F347,Sphingolipid-BTSPT-Cell-pellet_1,empty,0,5.960464477539063e-08,0,True
Sphingolipid-BTSPT-Cell-pellet_1__F348,Sphingolipid-BTSPT-Cell-pellet_1,empty,0,1.0,1,False
Sphingolipid-BTSPT-Cell-pellet_1__F349,Sphingolipid-BTSPT-Cell-pellet_1,empty,0,0.0,0,True
Sphingolipid-BTSPT-Cell-pellet_1__F35,Sphingolipid-BTSPT-Cell-pellet_1,single,1,1.0,1,True
Sphingolipid-BTSPT-Cell-pellet_1__F350,Sphingolipid-BTSPT-Cell-pellet_1,single,1,1.0,1,True
Sphingolipid-BTSPT-Cell-pellet_1__F351,Sphingolipid-BTSPT-Cell-pellet_1,empty,0,0.0,0,True
Sphingolipid-BTSPT-Cell-pellet_1__F352,Sphingolipid-BTSPT-Cell-pellet_1,empty,0,1.1920928955078125e-07,0,True
Sphingolipid-BTSPT-Cell-pellet_1__F353,Sphingolipid-BTSPT-Cell-pellet_1,single,1,1.0,1,True
Sphingolipid-BTSPT-Cell-pellet_1__F354,Sphingolipid-BTSPT-Cell-pellet_1,empty,0,1.1920928955078125e-07,0,True
Sphingolipid-BTSPT-Cell-pellet_1__F355,Sphingolipid-BTSPT-Cell-pellet_1,single,1,0.96826171875,1,True
Sphingolipid-BTSPT-Cell-pellet_1__F356,Sphingolipid-BTSPT-Cell-pellet_1,single,1,1.0,1,True
Sphingolipid-BTSPT-Cell-pellet_1__F357,Sphingolipid-BTSPT-Cell-pellet_1,single,1,1.0,1,True
Sphingolipid-BTSPT-Cell-pellet_1__F358,Sphingolipid-BTSPT-Cell-pellet_1,empty,0,2.0802021026611328e-05,0,True
Sphingolipid-BTSPT-Cell-pellet_1__F359,Sphingolipid-BTSPT-Cell-pellet_1,single,1,1.0,1,True
Sphingolipid-BTSPT-Cell-pellet_1__F36,Sphingolipid-BTSPT-Cell-pellet_1,empty,0,0.0,0,True
Sphingolipid-BTSPT-Cell-pellet_1__F360,Sphingolipid-BTSPT-Cell-pellet_1,empty,0,0.00014889240264892578,0,True
Sphingolipid-BTSPT-Cell-pellet_1__F361,Sphingolipid-BTSPT-Cell-pellet_1,single,1,0.99072265625,1,True
Sphingolipid-BTSPT-Cell-pellet_1__F362,Sphingolipid-BTSPT-Cell-pellet_1,empty,0,0.0,0,True
Sphingolipid-BTSPT-Cell-pellet_1__F363,Sphingolipid-BTSPT-Cell-pellet_1,empty,0,0.0005908012390136719,0,True
Sphingolipid-BTSPT-Cell-pellet_1__F364,Sphingolipid-BTSPT-Cell-pellet_1,empty,0,0.0,0,True
Sphingolipid-BTSPT-Cell-pellet_1__F365,Sphingolipid-BTSPT-Cell-pellet_1,single,1,1.0,1,True
Sphingolipid-BTSPT-Cell-pellet_1__F366,Sphingolipid-BTSPT-Cell-pellet_1,empty,0,0.0,0,True
Sphingolipid-BTSPT-Cell-pellet_1__F367,Sphingolipid-BTSPT-Cell-pellet_1,empty,0,0.99560546875,1,False
Sphingolipid-BTSPT-Cell-pellet_1__F368,Sphingolipid-BTSPT-Cell-pellet_1,single,1,1.0,1,True
Sphingolipid-BTSPT-Cell-pellet_1__F369,Sphingolipid-BTSPT-Cell-pellet_1,single,1,0.9970703125,1,True
Sphingolipid-BTSPT-Cell-pellet_1__F37,Sphingolipid-BTSPT-Cell-pellet_1,single,1,0.9736328125,1,True
Sphingolipid-BTSPT-Cell-pellet_1__F370,Sphingolipid-BTSPT-Cell-pellet_1,single,1,1.0,1,True
Sphingolipid-BTSPT-Cell-pellet_1__F371,Sphingolipid-BTSPT-Cell-pellet_1,multi,1,1.0,1,True
Sphingolipid-BTSPT-Cell-pellet_1__F372,Sphingolipid-BTSPT-Cell-pellet_1,single,1,0.97314453125,1,True
Sphingolipid-BTSPT-Cell-pellet_1__F373,Sphingolipid-BTSPT-Cell-pellet_1,single,1,1.0,1,True
Sphingolipid-BTSPT-Cell-pellet_1__F374,Sphingolipid-BTSPT-Cell-pellet_1,empty,0,1.055002212524414e-05,0,True
Sphingolipid-BTSPT-Cell-pellet_1__F375,Sphingolipid-BTSPT-Cell-pellet_1,empty,0,0.99853515625,1,False
Sphingolipid-BTSPT-Cell-pellet_1__F376,Sphingolipid-BTSPT-Cell-pellet_1,single,1,1.0,1,True
Sphingolipid-BTSPT-Cell-pellet_1__F377,Sphingolipid-BTSPT-Cell-pellet_1,empty,0,2.4437904357910156e-06,0,True
Sphingolipid-BTSPT-Cell-pellet_1__F378,Sphingolipid-BTSPT-Cell-pellet_1,empty,0,1.0,1,False
Sphingolipid-BTSPT-Cell-pellet_1__F379,Sphingolipid-BTSPT-Cell-pellet_1,single,1,0.0701904296875,0,False
Sphingolipid-BTSPT-Cell-pellet_1__F38,Sphingolipid-BTSPT-Cell-pellet_1,single,1,0.95947265625,1,True
Sphingolipid-BTSPT-Cell-pellet_1__F380,Sphingolipid-BTSPT-Cell-pellet_1,empty,0,0.0,0,True
Sphingolipid-BTSPT-Cell-pellet_1__F381,Sphingolipid-BTSPT-Cell-pellet_1,empty,0,0.00011414289474487305,0,True
Sphingolipid-BTSPT-Cell-pellet_1__F382,Sphingolipid-BTSPT-Cell-pellet_1,single,1,1.0,1,True
Sphingolipid-BTSPT-Cell-pellet_1__F383,Sphingolipid-BTSPT-Cell-pellet_1,single,1,1.0,1,True
Sphingolipid-BTSPT-Cell-pellet_1__F384,Sphingolipid-BTSPT-Cell-pellet_1,empty,0,0.9990234375,1,False
Sphingolipid-BTSPT-Cell-pellet_1__F385,Sphingolipid-BTSPT-Cell-pellet_1,empty,0,5.960464477539063e-08,0,True
Sphingolipid-BTSPT-Cell-pellet_1__F386,Sphingolipid-BTSPT-Cell-pellet_1,empty,0,0.00243377685546875,0,True
Sphingolipid-BTSPT-Cell-pellet_1__F387,Sphingolipid-BTSPT-Cell-pellet_1,empty,0,0.0,0,True
Sphingolipid-BTSPT-Cell-pellet_1__F388,Sphingolipid-BTSPT-Cell-pellet_1,single,1,0.9990234375,1,True
Sphingolipid-BTSPT-Cell-pellet_1__F389,Sphingolipid-BTSPT-Cell-pellet_1,single,1,1.0,1,True
Sphingolipid-BTSPT-Cell-pellet_1__F39,Sphingolipid-BTSPT-Cell-pellet_1,empty,0,0.0,0,True
Sphingolipid-BTSPT-Cell-pellet_1__F390,Sphingolipid-BTSPT-Cell-pellet_1,empty,0,0.091064453125,0,True
Sphingolipid-BTSPT-Cell-pellet_1__F391,Sphingolipid-BTSPT-Cell-pellet_1,multi,1,0.98046875,1,True
Sphingolipid-BTSPT-Cell-pellet_1__F392,Sphingolipid-BTSPT-Cell-pellet_1,empty,0,0.0,0,True
Sphingolipid-BTSPT-Cell-pellet_1__F393,Sphingolipid-BTSPT-Cell-pellet_1,single,1,0.99951171875,1,True
Sphingolipid-BTSPT-Cell-pellet_1__F394,Sphingolipid-BTSPT-Cell-pellet_1,empty,0,0.0,0,True
Sphingolipid-BTSPT-Cell-pellet_1__F395,Sphingolipid-BTSPT-Cell-pellet_1,single,1,0.80859375,1,True
Sphingolipid-BTSPT-Cell-pellet_1__F396,Sphingolipid-BTSPT-Cell-pellet_1,empty,0,8.940696716308594e-07,0,True
Sphingolipid-BTSPT-Cell-pellet_1__F397,Sphingolipid-BTSPT-Cell-pellet_1,single,1,0.9990234375,1,True
Sphingolipid-BTSPT-Cell-pellet_1__F398,Sphingolipid-BTSPT-Cell-pellet_1,empty,0,0.0,0,True
Sphingolipid-BTSPT-Cell-pellet_1__F399,Sphingolipid-BTSPT-Cell-pellet_1,empty,0,0.0014781951904296875,0,True
Sphingolipid-BTSPT-Cell-pellet_1__F4,Sphingolipid-BTSPT-Cell-pellet_1,empty,0,0.0,0,True
Sphingolipid-BTSPT-Cell-pellet_1__F40,Sphingolipid-BTSPT-Cell-pellet_1,empty,0,1.0,1,False
Sphingolipid-BTSPT-Cell-pellet_1__F400,Sphingolipid-BTSPT-Cell-pellet_1,single,1,1.0,1,True
Sphingolipid-BTSPT-Cell-pellet_1__F401,Sphingolipid-BTSPT-Cell-pellet_1,single,1,1.0,1,True
Sphingolipid-BTSPT-Cell-pellet_1__F402,Sphingolipid-BTSPT-Cell-pellet_1,single,1,0.9736328125,1,True
Sphingolipid-BTSPT-Cell-pellet_1__F403,Sphingolipid-BTSPT-Cell-pellet_1,multi,1,0.00047469139099121094,0,False
Sphingolipid-BTSPT-Cell-pellet_1__F404,Sphingolipid-BTSPT-Cell-pellet_1,single,1,1.0,1,True
Sphingolipid-BTSPT-Cell-pellet_1__F405,Sphingolipid-BTSPT-Cell-pellet_1,empty,0,0.0,0,True
Sphingolipid-BTSPT-Cell-pellet_1__F406,Sphingolipid-BTSPT-Cell-pellet_1,multi,1,1.0,1,True
Sphingolipid-BTSPT-Cell-pellet_1__F407,Sphingolipid-BTSPT-Cell-pellet_1,single,1,0.50390625,0,False
Sphingolipid-BTSPT-Cell-pellet_1__F408,Sphingolipid-BTSPT-Cell-pellet_1,single,1,1.0,1,True
Sphingolipid-BTSPT-Cell-pellet_1__F409,Sphingolipid-BTSPT-Cell-pellet_1,empty,0,0.0,0,True
Sphingolipid-BTSPT-Cell-pellet_1__F41,Sphingolipid-BTSPT-Cell-pellet_1,empty,0,0.01473236083984375,0,True
Sphingolipid-BTSPT-Cell-pellet_1__F410,Sphingolipid-BTSPT-Cell-pellet_1,single,1,1.0,1,True
Sphingolipid-BTSPT-Cell-pellet_1__F411,Sphingolipid-BTSPT-Cell-pellet_1,empty,0,0.041778564453125,0,True
Sphingolipid-BTSPT-Cell-pellet_1__F412,Sphingolipid-BTSPT-Cell-pellet_1,empty,0,0.292724609375,0,True
Sphingolipid-BTSPT-Cell-pellet_1__F413,Sphingolipid-BTSPT-Cell-pellet_1,empty,0,0.85595703125,1,False
Sphingolipid-BTSPT-Cell-pellet_1__F414,Sphingolipid-BTSPT-Cell-pellet_1,single,1,1.0,1,True
Sphingolipid-BTSPT-Cell-pellet_1__F415,Sphingolipid-BTSPT-Cell-pellet_1,empty,0,0.0,0,True
Sphingolipid-BTSPT-Cell-pellet_1__F416,Sphingolipid-BTSPT-Cell-pellet_1,empty,0,0.99658203125,1,False
Sphingolipid-BTSPT-Cell-pellet_1__F417,Sphingolipid-BTSPT-Cell-pellet_1,single,1,0.99951171875,1,True
Sphingolipid-BTSPT-Cell-pellet_1__F418,Sphingolipid-BTSPT-Cell-pellet_1,empty,0,0.98974609375,1,False
Sphingolipid-BTSPT-Cell-pellet_1__F419,Sphingolipid-BTSPT-Cell-pellet_1,single,1,0.97314453125,1,True
Sphingolipid-BTSPT-Cell-pellet_1__F42,Sphingolipid-BTSPT-Cell-pellet_1,single,1,0.272216796875,0,False
Sphingolipid-BTSPT-Cell-pellet_1__F420,Sphingolipid-BTSPT-Cell-pellet_1,single,1,1.0,1,True
Sphingolipid-BTSPT-Cell-pellet_1__F421,Sphingolipid-BTSPT-Cell-pellet_1,empty,0,0.0,0,True
Sphingolipid-BTSPT-Cell-pellet_1__F422,Sphingolipid-BTSPT-Cell-pellet_1,single,1,0.734375,1,True
Sphingolipid-BTSPT-Cell-pellet_1__F423,Sphingolipid-BTSPT-Cell-pellet_1,empty,0,0.78466796875,1,False
Sphingolipid-BTSPT-Cell-pellet_1__F424,Sphingolipid-BTSPT-Cell-pellet_1,multi,1,1.0,1,True
Sphingolipid-BTSPT-Cell-pellet_1__F425,Sphingolipid-BTSPT-Cell-pellet_1,empty,0,0.0005235671997070312,0,True
Sphingolipid-BTSPT-Cell-pellet_1__F426,Sphingolipid-BTSPT-Cell-pellet_1,single,1,0.990234375,1,True
Sphingolipid-BTSPT-Cell-pellet_1__F427,Sphingolipid-BTSPT-Cell-pellet_1,empty,0,5.364418029785156e-07,0,True
Sphingolipid-BTSPT-Cell-pellet_1__F428,Sphingolipid-BTSPT-Cell-pellet_1,single,1,1.0,1,True
Sphingolipid-BTSPT-Cell-pellet_1__F429,Sphingolipid-BTSPT-Cell-pellet_1,single,1,1.0,1,True
Sphingolipid-BTSPT-Cell-pellet_1__F43,Sphingolipid-BTSPT-Cell-pellet_1,single,1,0.00867462158203125,0,False
Sphingolipid-BTSPT-Cell-pellet_1__F430,Sphingolipid-BTSPT-Cell-pellet_1,single,1,1.0,1,True
Sphingolipid-BTSPT-Cell-pellet_1__F431,Sphingolipid-BTSPT-Cell-pellet_1,empty,0,0.0,0,True
Sphingolipid-BTSPT-Cell-pellet_1__F432,Sphingolipid-BTSPT-Cell-pellet_1,single,1,1.0,1,True
Sphingolipid-BTSPT-Cell-pellet_1__F433,Sphingolipid-BTSPT-Cell-pellet_1,empty,0,0.001987457275390625,0,True
Sphingolipid-BTSPT-Cell-pellet_1__F434,Sphingolipid-BTSPT-Cell-pellet_1,empty,0,0.99853515625,1,False
Sphingolipid-BTSPT-Cell-pellet_1__F435,Sphingolipid-BTSPT-Cell-pellet_1,empty,0,1.9073486328125e-06,0,True
Sphingolipid-BTSPT-Cell-pellet_1__F436,Sphingolipid-BTSPT-Cell-pellet_1,empty,0,0.42236328125,0,True
Sphingolipid-BTSPT-Cell-pellet_1__F437,Sphingolipid-BTSPT-Cell-pellet_1,single,1,0.99951171875,1,True
Sphingolipid-BTSPT-Cell-pellet_1__F438,Sphingolipid-BTSPT-Cell-pellet_1,single,1,1.0,1,True
Sphingolipid-BTSPT-Cell-pellet_1__F439,Sphingolipid-BTSPT-Cell-pellet_1,empty,0,0.6123046875,0,True
Sphingolipid-BTSPT-Cell-pellet_1__F44,Sphingolipid-BTSPT-Cell-pellet_1,single,0,0.99951171875,1,False
Sphingolipid-BTSPT-Cell-pellet_1__F440,Sphingolipid-BTSPT-Cell-pellet_1,empty,0,0.165771484375,0,True
Sphingolipid-BTSPT-Cell-pellet_1__F441,Sphingolipid-BTSPT-Cell-pellet_1,single,1,1.0,1,True
Sphingolipid-BTSPT-Cell-pellet_1__F442,Sphingolipid-BTSPT-Cell-pellet_1,single,1,0.99951171875,1,True
Sphingolipid-BTSPT-Cell-pellet_1__F443,Sphingolipid-BTSPT-Cell-pellet_1,empty,0,0.0,0,True
Sphingolipid-BTSPT-Cell-pellet_1__F444,Sphingolipid-BTSPT-Cell-pellet_1,empty,0,0.0,0,True
Sphingolipid-BTSPT-Cell-pellet_1__F445,Sphingolipid-BTSPT-Cell-pellet_1,single,1,1.0,1,True
Sphingolipid-BTSPT-Cell-pellet_1__F446,Sphingolipid-BTSPT-Cell-pellet_1,single,1,1.0,1,True
Sphingolipid-BTSPT-Cell-pellet_1__F447,Sphingolipid-BTSPT-Cell-pellet_1,empty,0,0.68017578125,0,True
Sphingolipid-BTSPT-Cell-pellet_1__F449,Sphingolipid-BTSPT-Cell-pellet_1,single,1,1.0,1,True
Sphingolipid-BTSPT-Cell-pellet_1__F45,Sphingolipid-BTSPT-Cell-pellet_1,single,1,0.7705078125,1,True
Sphingolipid-BTSPT-Cell-pellet_1__F450,Sphingolipid-BTSPT-Cell-pellet_1,single,1,1.0,1,True
Sphingolipid-BTSPT-Cell-pellet_1__F451,Sphingolipid-BTSPT-Cell-pellet_1,empty,0,0.0,0,True
Sphingolipid-BTSPT-Cell-pellet_1__F452,Sphingolipid-BTSPT-Cell-pellet_1,single,1,1.0,1,True
Sphingolipid-BTSPT-Cell-pellet_1__F453,Sphingolipid-BTSPT-Cell-pellet_1,empty,0,0.0,0,True
Sphingolipid-BTSPT-Cell-pellet_1__F454,Sphingolipid-BTSPT-Cell-pellet_1,empty,0,2.8431415557861328e-05,0,True
Sphingolipid-BTSPT-Cell-pellet_1__F455,Sphingolipid-BTSPT-Cell-pellet_1,single,1,1.0,1,True
Sphingolipid-BTSPT-Cell-pellet_1__F457,Sphingolipid-BTSPT-Cell-pellet_1,empty,0,0.0,0,True
Sphingolipid-BTSPT-Cell-pellet_1__F458,Sphingolipid-BTSPT-Cell-pellet_1,multi,1,1.0,1,True
Sphingolipid-BTSPT-Cell-pellet_1__F459,Sphingolipid-BTSPT-Cell-pellet_1,single,1,0.02056884765625,0,False
Sphingolipid-BTSPT-Cell-pellet_1__F46,Sphingolipid-BTSPT-Cell-pellet_1,empty,0,0.251953125,0,True
Sphingolipid-BTSPT-Cell-pellet_1__F460,Sphingolipid-BTSPT-Cell-pellet_1,empty,0,0.0,0,True
Sphingolipid-BTSPT-Cell-pellet_1__F461,Sphingolipid-BTSPT-Cell-pellet_1,empty,0,0.0177764892578125,0,True
Sphingolipid-BTSPT-Cell-pellet_1__F462,Sphingolipid-BTSPT-Cell-pellet_1,single,1,0.002349853515625,0,False
Sphingolipid-BTSPT-Cell-pellet_1__F463,Sphingolipid-BTSPT-Cell-pellet_1,empty,0,0.0,0,True
Sphingolipid-BTSPT-Cell-pellet_1__F465,Sphingolipid-BTSPT-Cell-pellet_1,single,1,1.0,1,True
Sphingolipid-BTSPT-Cell-pellet_1__F466,Sphingolipid-BTSPT-Cell-pellet_1,single,1,1.0,1,True
Sphingolipid-BTSPT-Cell-pellet_1__F467,Sphingolipid-BTSPT-Cell-pellet_1,single,1,1.0,1,True
Sphingolipid-BTSPT-Cell-pellet_1__F468,Sphingolipid-BTSPT-Cell-pellet_1,single,1,1.0,1,True
Sphingolipid-BTSPT-Cell-pellet_1__F469,Sphingolipid-BTSPT-Cell-pellet_1,single,1,1.0,1,True
Sphingolipid-BTSPT-Cell-pellet_1__F47,Sphingolipid-BTSPT-Cell-pellet_1,empty,0,0.0,0,True
Sphingolipid-BTSPT-Cell-pellet_1__F470,Sphingolipid-BTSPT-Cell-pellet_1,single,1,1.0,1,True
Sphingolipid-BTSPT-Cell-pellet_1__F471,Sphingolipid-BTSPT-Cell-pellet_1,single,1,1.0,1,True
Sphingolipid-BTSPT-Cell-pellet_1__F472,Sphingolipid-BTSPT-Cell-pellet_1,multi,1,0.99658203125,1,True
Sphingolipid-BTSPT-Cell-pellet_1__F473,Sphingolipid-BTSPT-Cell-pellet_1,empty,0,0.0,0,True
Sphingolipid-BTSPT-Cell-pellet_1__F474,Sphingolipid-BTSPT-Cell-pellet_1,empty,0,0.0,0,True
Sphingolipid-BTSPT-Cell-pellet_1__F475,Sphingolipid-BTSPT-Cell-pellet_1,single,1,1.0,1,True
Sphingolipid-BTSPT-Cell-pellet_1__F476,Sphingolipid-BTSPT-Cell-pellet_1,empty,0,5.364418029785156e-07,0,True
Sphingolipid-BTSPT-Cell-pellet_1__F477,Sphingolipid-BTSPT-Cell-pellet_1,single,1,0.141357421875,0,False
Sphingolipid-BTSPT-Cell-pellet_1__F478,Sphingolipid-BTSPT-Cell-pellet_1,single,1,0.99951171875,1,True
Sphingolipid-BTSPT-Cell-pellet_1__F479,Sphingolipid-BTSPT-Cell-pellet_1,empty,0,0.0,0,True
Sphingolipid-BTSPT-Cell-pellet_1__F48,Sphingolipid-BTSPT-Cell-pellet_1,empty,0,3.3974647521972656e-06,0,True
Sphingolipid-BTSPT-Cell-pellet_1__F480,Sphingolipid-BTSPT-Cell-pellet_1,single,1,0.71533203125,1,True
Sphingolipid-BTSPT-Cell-pellet_1__F481,Sphingolipid-BTSPT-Cell-pellet_1,single,1,1.0,1,True
Sphingolipid-BTSPT-Cell-pellet_1__F482,Sphingolipid-BTSPT-Cell-pellet_1,single,1,1.0,1,True
Sphingolipid-BTSPT-Cell-pellet_1__F483,Sphingolipid-BTSPT-Cell-pellet_1,single,1,0.97265625,1,True
Sphingolipid-BTSPT-Cell-pellet_1__F484,Sphingolipid-BTSPT-Cell-pellet_1,single,1,1.0,1,True
Sphingolipid-BTSPT-Cell-pellet_1__F485,Sphingolipid-BTSPT-Cell-pellet_1,single,1,1.0,1,True
Sphingolipid-BTSPT-Cell-pellet_1__F486,Sphingolipid-BTSPT-Cell-pellet_1,empty,0,8.958578109741211e-05,0,True
Sphingolipid-BTSPT-Cell-pellet_1__F487,Sphingolipid-BTSPT-Cell-pellet_1,empty,0,0.1866455078125,0,True
Sphingolipid-BTSPT-Cell-pellet_1__F488,Sphingolipid-BTSPT-Cell-pellet_1,empty,0,1.0,1,False
Sphingolipid-BTSPT-Cell-pellet_1__F489,Sphingolipid-BTSPT-Cell-pellet_1,multi,1,1.0,1,True
Sphingolipid-BTSPT-Cell-pellet_1__F49,Sphingolipid-BTSPT-Cell-pellet_1,single,1,1.0,1,True
Sphingolipid-BTSPT-Cell-pellet_1__F490,Sphingolipid-BTSPT-Cell-pellet_1,single,1,0.98193359375,1,True
Sphingolipid-BTSPT-Cell-pellet_1__F491,Sphingolipid-BTSPT-Cell-pellet_1,empty,0,0.0,0,True
Sphingolipid-BTSPT-Cell-pellet_1__F492,Sphingolipid-BTSPT-Cell-pellet_1,single,1,0.34912109375,0,False
Sphingolipid-BTSPT-Cell-pellet_1__F493,Sphingolipid-BTSPT-Cell-pellet_1,single,1,1.0,1,True
Sphingolipid-BTSPT-Cell-pellet_1__F494,Sphingolipid-BTSPT-Cell-pellet_1,empty,0,0.00455474853515625,0,True
Sphingolipid-BTSPT-Cell-pellet_1__F495,Sphingolipid-BTSPT-Cell-pellet_1,single,1,1.0,1,True
Sphingolipid-BTSPT-Cell-pellet_1__F496,Sphingolipid-BTSPT-Cell-pellet_1,empty,0,0.0,0,True
Sphingolipid-BTSPT-Cell-pellet_1__F497,Sphingolipid-BTSPT-Cell-pellet_1,single,1,1.0,1,True
Sphingolipid-BTSPT-Cell-pellet_1__F498,Sphingolipid-BTSPT-Cell-pellet_1,single,1,1.0,1,True
Sphingolipid-BTSPT-Cell-pellet_1__F499,Sphingolipid-BTSPT-Cell-pellet_1,single,1,1.0,1,True
Sphingolipid-BTSPT-Cell-pellet_1__F5,Sphingolipid-BTSPT-Cell-pellet_1,multi,1,1.0,1,True
Sphingolipid-BTSPT-Cell-pellet_1__F50,Sphingolipid-BTSPT-Cell-pellet_1,empty,0,0.955078125,1,False
Sphingolipid-BTSPT-Cell-pellet_1__F500,Sphingolipid-BTSPT-Cell-pellet_1,single,1,1.0,1,True
Sphingolipid-BTSPT-Cell-pellet_1__F501,Sphingolipid-BTSPT-Cell-pellet_1,single,1,1.0,1,True
Sphingolipid-BTSPT-Cell-pellet_1__F502,Sphingolipid-BTSPT-Cell-pellet_1,single,1,0.99951171875,1,True
Sphingolipid-BTSPT-Cell-pellet_1__F503,Sphingolipid-BTSPT-Cell-pellet_1,single,1,1.0,1,True
Sphingolipid-BTSPT-Cell-pellet_1__F504,Sphingolipid-BTSPT-Cell-pellet_1,single,1,0.7021484375,0,False
Sphingolipid-BTSPT-Cell-pellet_1__F506,Sphingolipid-BTSPT-Cell-pellet_1,empty,0,0.4208984375,0,True
Sphingolipid-BTSPT-Cell-pellet_1__F507,Sphingolipid-BTSPT-Cell-pellet_1,empty,0,0.0005297660827636719,0,True
Sphingolipid-BTSPT-Cell-pellet_1__F508,Sphingolipid-BTSPT-Cell-pellet_1,single,1,1.0,1,True
Sphingolipid-BTSPT-Cell-pellet_1__F509,Sphingolipid-BTSPT-Cell-pellet_1,empty,0,0.0,0,True
Sphingolipid-BTSPT-Cell-pellet_1__F51,Sphingolipid-BTSPT-Cell-pellet_1,multi,1,1.0,1,True
Sphingolipid-BTSPT-Cell-pellet_1__F510,Sphingolipid-BTSPT-Cell-pellet_1,empty,0,0.7158203125,1,False
Sphingolipid-BTSPT-Cell-pellet_1__F511,Sphingolipid-BTSPT-Cell-pellet_1,single,1,0.0016422271728515625,0,False
Sphingolipid-BTSPT-Cell-pellet_1__F512,Sphingolipid-BTSPT-Cell-pellet_1,single,1,1.0,1,True
Sphingolipid-BTSPT-Cell-pellet_1__F513,Sphingolipid-BTSPT-Cell-pellet_1,multi,1,1.0,1,True
Sphingolipid-BTSPT-Cell-pellet_1__F514,Sphingolipid-BTSPT-Cell-pellet_1,single,1,1.0,1,True
Sphingolipid-BTSPT-Cell-pellet_1__F515,Sphingolipid-BTSPT-Cell-pellet_1,empty,0,0.00881195068359375,0,True
Sphingolipid-BTSPT-Cell-pellet_1__F517,Sphingolipid-BTSPT-Cell-pellet_1,single,1,1.0,1,True
Sphingolipid-BTSPT-Cell-pellet_1__F518,Sphingolipid-BTSPT-Cell-pellet_1,empty,0,0.410888671875,0,True
Sphingolipid-BTSPT-Cell-pellet_1__F519,Sphingolipid-BTSPT-Cell-pellet_1,multi,1,0.99267578125,1,True
Sphingolipid-BTSPT-Cell-pellet_1__F52,Sphingolipid-BTSPT-Cell-pellet_1,single,1,0.9970703125,1,True
Sphingolipid-BTSPT-Cell-pellet_1__F520,Sphingolipid-BTSPT-Cell-pellet_1,single,1,1.0,1,True
Sphingolipid-BTSPT-Cell-pellet_1__F521,Sphingolipid-BTSPT-Cell-pellet_1,empty,0,5.543231964111328e-06,0,True
Sphingolipid-BTSPT-Cell-pellet_1__F522,Sphingolipid-BTSPT-Cell-pellet_1,single,1,1.0,1,True
Sphingolipid-BTSPT-Cell-pellet_1__F523,Sphingolipid-BTSPT-Cell-pellet_1,multi,0,2.1457672119140625e-06,0,True
Sphingolipid-BTSPT-Cell-pellet_1__F524,Sphingolipid-BTSPT-Cell-pellet_1,empty,0,1.2516975402832031e-06,0,True
Sphingolipid-BTSPT-Cell-pellet_1__F525,Sphingolipid-BTSPT-Cell-pellet_1,single,1,1.0,1,True
Sphingolipid-BTSPT-Cell-pellet_1__F526,Sphingolipid-BTSPT-Cell-pellet_1,single,1,1.0,1,True
Sphingolipid-BTSPT-Cell-pellet_1__F527,Sphingolipid-BTSPT-Cell-pellet_1,empty,0,0.0,0,True
Sphingolipid-BTSPT-Cell-pellet_1__F528,Sphingolipid-BTSPT-Cell-pellet_1,empty,0,0.0,0,True
Sphingolipid-BTSPT-Cell-pellet_1__F529,Sphingolipid-BTSPT-Cell-pellet_1,single,1,1.0,1,True
Sphingolipid-BTSPT-Cell-pellet_1__F53,Sphingolipid-BTSPT-Cell-pellet_1,single,1,1.0,1,True
Sphingolipid-BTSPT-Cell-pellet_1__F530,Sphingolipid-BTSPT-Cell-pellet_1,empty,0,0.0003199577331542969,0,True
Sphingolipid-BTSPT-Cell-pellet_1__F531,Sphingolipid-BTSPT-Cell-pellet_1,single,1,0.97509765625,1,True
Sphingolipid-BTSPT-Cell-pellet_1__F532,Sphingolipid-BTSPT-Cell-pellet_1,multi,1,0.55322265625,0,False
Sphingolipid-BTSPT-Cell-pellet_1__F533,Sphingolipid-BTSPT-Cell-pellet_1,empty,0,0.03125,0,True
Sphingolipid-BTSPT-Cell-pellet_1__F534,Sphingolipid-BTSPT-Cell-pellet_1,single,1,0.98681640625,1,True
Sphingolipid-BTSPT-Cell-pellet_1__F535,Sphingolipid-BTSPT-Cell-pellet_1,single,1,1.0,1,True
Sphingolipid-BTSPT-Cell-pellet_1__F536,Sphingolipid-BTSPT-Cell-pellet_1,multi,1,0.99951171875,1,True
Sphingolipid-BTSPT-Cell-pellet_1__F537,Sphingolipid-BTSPT-Cell-pellet_1,single,1,1.0,1,True
Sphingolipid-BTSPT-Cell-pellet_1__F538,Sphingolipid-BTSPT-Cell-pellet_1,empty,0,0.0,0,True
Sphingolipid-BTSPT-Cell-pellet_1__F539,Sphingolipid-BTSPT-Cell-pellet_1,single,1,1.0,1,True
Sphingolipid-BTSPT-Cell-pellet_1__F54,Sphingolipid-BTSPT-Cell-pellet_1,empty,0,0.0,0,True
Sphingolipid-BTSPT-Cell-pellet_1__F540,Sphingolipid-BTSPT-Cell-pellet_1,single,1,1.0,1,True
Sphingolipid-BTSPT-Cell-pellet_1__F541,Sphingolipid-BTSPT-Cell-pellet_1,empty,0,3.0994415283203125e-06,0,True
Sphingolipid-BTSPT-Cell-pellet_1__F542,Sphingolipid-BTSPT-Cell-pellet_1,single,1,1.0,1,True
Sphingolipid-BTSPT-Cell-pellet_1__F543,Sphingolipid-BTSPT-Cell-pellet_1,empty,0,6.496906280517578e-06,0,True
Sphingolipid-BTSPT-Cell-pellet_1__F544,Sphingolipid-BTSPT-Cell-pellet_1,multi,1,0.99267578125,1,True
Sphingolipid-BTSPT-Cell-pellet_1__F545,Sphingolipid-BTSPT-Cell-pellet_1,single,1,1.0,1,True
Sphingolipid-BTSPT-Cell-pellet_1__F546,Sphingolipid-BTSPT-Cell-pellet_1,empty,0,0.54638671875,0,True
Sphingolipid-BTSPT-Cell-pellet_1__F547,Sphingolipid-BTSPT-Cell-pellet_1,empty,0,9.5367431640625e-07,0,True
Sphingolipid-BTSPT-Cell-pellet_1__F548,Sphingolipid-BTSPT-Cell-pellet_1,single,1,1.0,1,True
Sphingolipid-BTSPT-Cell-pellet_1__F549,Sphingolipid-BTSPT-Cell-pellet_1,empty,0,0.0,0,True
Sphingolipid-BTSPT-Cell-pellet_1__F55,Sphingolipid-BTSPT-Cell-pellet_1,single,1,0.9990234375,1,True
Sphingolipid-BTSPT-Cell-pellet_1__F550,Sphingolipid-BTSPT-Cell-pellet_1,single,1,1.0,1,True
Sphingolipid-BTSPT-Cell-pellet_1__F56,Sphingolipid-BTSPT-Cell-pellet_1,empty,0,0.0,0,True
Sphingolipid-BTSPT-Cell-pellet_1__F57,Sphingolipid-BTSPT-Cell-pellet_1,single,1,1.0,1,True
Sphingolipid-BTSPT-Cell-pellet_1__F59,Sphingolipid-BTSPT-Cell-pellet_1,single,1,1.0,1,True
Sphingolipid-BTSPT-Cell-pellet_1__F6,Sphingolipid-BTSPT-Cell-pellet_1,single,1,1.0,1,True
Sphingolipid-BTSPT-Cell-pellet_1__F60,Sphingolipid-BTSPT-Cell-pellet_1,empty,0,2.384185791015625e-07,0,True
Sphingolipid-BTSPT-Cell-pellet_1__F61,Sphingolipid-BTSPT-Cell-pellet_1,single,1,1.0,1,True
Sphingolipid-BTSPT-Cell-pellet_1__F62,Sphingolipid-BTSPT-Cell-pellet_1,empty,0,0.0,0,True
Sphingolipid-BTSPT-Cell-pellet_1__F64,Sphingolipid-BTSPT-Cell-pellet_1,empty,0,0.0,0,True
Sphingolipid-BTSPT-Cell-pellet_1__F65,Sphingolipid-BTSPT-Cell-pellet_1,empty,0,0.252197265625,0,True
Sphingolipid-BTSPT-Cell-pellet_1__F66,Sphingolipid-BTSPT-Cell-pellet_1,single,1,1.0,1,True
Sphingolipid-BTSPT-Cell-pellet_1__F67,Sphingolipid-BTSPT-Cell-pellet_1,single,1,1.0,1,True
Sphingolipid-BTSPT-Cell-pellet_1__F68,Sphingolipid-BTSPT-Cell-pellet_1,single,1,1.0,1,True
Sphingolipid-BTSPT-Cell-pellet_1__F69,Sphingolipid-BTSPT-Cell-pellet_1,single,1,0.99951171875,1,True
Sphingolipid-BTSPT-Cell-pellet_1__F7,Sphingolipid-BTSPT-Cell-pellet_1,empty,0,0.0,0,True
Sphingolipid-BTSPT-Cell-pellet_1__F70,Sphingolipid-BTSPT-Cell-pellet_1,single,1,1.0,1,True
Sphingolipid-BTSPT-Cell-pellet_1__F71,Sphingolipid-BTSPT-Cell-pellet_1,single,1,1.0,1,True
Sphingolipid-BTSPT-Cell-pellet_1__F72,Sphingolipid-BTSPT-Cell-pellet_1,single,1,1.0,1,True
Sphingolipid-BTSPT-Cell-pellet_1__F73,Sphingolipid-BTSPT-Cell-pellet_1,empty,0,1.0,1,False
Sphingolipid-BTSPT-Cell-pellet_1__F74,Sphingolipid-BTSPT-Cell-pellet_1,empty,0,0.5234375,0,True
Sphingolipid-BTSPT-Cell-pellet_1__F75,Sphingolipid-BTSPT-Cell-pellet_1,empty,0,0.242431640625,0,True
Sphingolipid-BTSPT-Cell-pellet_1__F76,Sphingolipid-BTSPT-Cell-pellet_1,single,1,0.9951171875,1,True
Sphingolipid-BTSPT-Cell-pellet_1__F77,Sphingolipid-BTSPT-Cell-pellet_1,empty,0,0.004505157470703125,0,True
Sphingolipid-BTSPT-Cell-pellet_1__F78,Sphingolipid-BTSPT-Cell-pellet_1,empty,0,0.0,0,True
Sphingolipid-BTSPT-Cell-pellet_1__F79,Sphingolipid-BTSPT-Cell-pellet_1,empty,0,0.99658203125,1,False
Sphingolipid-BTSPT-Cell-pellet_1__F8,Sphingolipid-BTSPT-Cell-pellet_1,empty,0,0.004039764404296875,0,True
Sphingolipid-BTSPT-Cell-pellet_1__F80,Sphingolipid-BTSPT-Cell-pellet_1,single,1,0.99853515625,1,True
Sphingolipid-BTSPT-Cell-pellet_1__F81,Sphingolipid-BTSPT-Cell-pellet_1,empty,0,0.919921875,1,False
Sphingolipid-BTSPT-Cell-pellet_1__F82,Sphingolipid-BTSPT-Cell-pellet_1,empty,0,0.0,0,True
Sphingolipid-BTSPT-Cell-pellet_1__F83,Sphingolipid-BTSPT-Cell-pellet_1,single,1,1.0,1,True
Sphingolipid-BTSPT-Cell-pellet_1__F84,Sphingolipid-BTSPT-Cell-pellet_1,single,1,1.0,1,True
Sphingolipid-BTSPT-Cell-pellet_1__F85,Sphingolipid-BTSPT-Cell-pellet_1,empty,0,0.0,0,True
Sphingolipid-BTSPT-Cell-pellet_1__F86,Sphingolipid-BTSPT-Cell-pellet_1,empty,0,0.0,0,True
Sphingolipid-BTSPT-Cell-pellet_1__F87,Sphingolipid-BTSPT-Cell-pellet_1,single,1,0.99951171875,1,True
Sphingolipid-BTSPT-Cell-pellet_1__F88,Sphingolipid-BTSPT-Cell-pellet_1,single,1,1.0,1,True
Sphingolipid-BTSPT-Cell-pellet_1__F89,Sphingolipid-BTSPT-Cell-pellet_1,single,1,0.9873046875,1,True
Sphingolipid-BTSPT-Cell-pellet_1__F9,Sphingolipid-BTSPT-Cell-pellet_1,empty,0,0.0,0,True
Sphingolipid-BTSPT-Cell-pellet_1__F90,Sphingolipid-BTSPT-Cell-pellet_1,empty,0,0.876953125,1,False
Sphingolipid-BTSPT-Cell-pellet_1__F91,Sphingolipid-BTSPT-Cell-pellet_1,single,1,1.0,1,True
Sphingolipid-BTSPT-Cell-pellet_1__F92,Sphingolipid-BTSPT-Cell-pellet_1,empty,0,0.0,0,True
Sphingolipid-BTSPT-Cell-pellet_1__F93,Sphingolipid-BTSPT-Cell-pellet_1,empty,0,0.0,0,True
Sphingolipid-BTSPT-Cell-pellet_1__F94,Sphingolipid-BTSPT-Cell-pellet_1,empty,0,3.4809112548828125e-05,0,True
Sphingolipid-BTSPT-Cell-pellet_1__F95,Sphingolipid-BTSPT-Cell-pellet_1,empty,0,0.998046875,1,False
Sphingolipid-BTSPT-Cell-pellet_1__F96,Sphingolipid-BTSPT-Cell-pellet_1,single,1,1.0,1,True
Sphingolipid-BTSPT-Cell-pellet_1__F97,Sphingolipid-BTSPT-Cell-pellet_1,empty,0,0.057373046875,0,True
Sphingolipid-BTSPT-Cell-pellet_1__F98,Sphingolipid-BTSPT-Cell-pellet_1,single,1,1.0,1,True
Sphingolipid-BTSPT-Cell-pellet_1__F99,Sphingolipid-BTSPT-Cell-pellet_1,single,1,1.0,1,True
Sphingolipid-BTSPT-OMV_1__F1,Sphingolipid-BTSPT-OMV_1,single,1,1.0,1,True
Sphingolipid-BTSPT-OMV_1__F10,Sphingolipid-BTSPT-OMV_1,empty,0,0.0,0,True
Sphingolipid-BTSPT-OMV_1__F100,Sphingolipid-BTSPT-OMV_1,empty,0,9.417533874511719e-06,0,True
Sphingolipid-BTSPT-OMV_1__F101,Sphingolipid-BTSPT-OMV_1,single,1,1.0,1,True
Sphingolipid-BTSPT-OMV_1__F102,Sphingolipid-BTSPT-OMV_1,single,1,0.7451171875,1,True
Sphingolipid-BTSPT-OMV_1__F103,Sphingolipid-BTSPT-OMV_1,empty,0,0.0,0,True
Sphingolipid-BTSPT-OMV_1__F104,Sphingolipid-BTSPT-OMV_1,single,1,1.0,1,True
Sphingolipid-BTSPT-OMV_1__F105,Sphingolipid-BTSPT-OMV_1,empty,0,0.0,0,True
Sphingolipid-BTSPT-OMV_1__F106,Sphingolipid-BTSPT-OMV_1,single,1,1.0,1,True
Sphingolipid-BTSPT-OMV_1__F107,Sphingolipid-BTSPT-OMV_1,multi,1,1.0,1,True
Sphingolipid-BTSPT-OMV_1__F108,Sphingolipid-BTSPT-OMV_1,single,1,1.0,1,True
Sphingolipid-BTSPT-OMV_1__F109,Sphingolipid-BTSPT-OMV_1,single,1,1.0,1,True
Sphingolipid-BTSPT-OMV_1__F11,Sphingolipid-BTSPT-OMV_1,single,1,0.436279296875,0,False
Sphingolipid-BTSPT-OMV_1__F110,Sphingolipid-BTSPT-OMV_1,single,1,0.99609375,1,True
Sphingolipid-BTSPT-OMV_1__F111,Sphingolipid-BTSPT-OMV_1,single,1,1.0,1,True
Sphingolipid-BTSPT-OMV_1__F112,Sphingolipid-BTSPT-OMV_1,single,1,1.0,1,True
Sphingolipid-BTSPT-OMV_1__F113,Sphingolipid-BTSPT-OMV_1,empty,0,0.0,0,True
Sphingolipid-BTSPT-OMV_1__F114,Sphingolipid-BTSPT-OMV_1,multi,1,0.38525390625,0,False
Sphingolipid-BTSPT-OMV_1__F115,Sphingolipid-BTSPT-OMV_1,empty,0,0.0,0,True
Sphingolipid-BTSPT-OMV_1__F116,Sphingolipid-BTSPT-OMV_1,single,1,0.99853515625,1,True
Sphingolipid-BTSPT-OMV_1__F117,Sphingolipid-BTSPT-OMV_1,single,1,0.61474609375,0,False
Sphingolipid-BTSPT-OMV_1__F118,Sphingolipid-BTSPT-OMV_1,single,1,1.0,1,True
Sphingolipid-BTSPT-OMV_1__F119,Sphingolipid-BTSPT-OMV_1,single,1,0.1187744140625,0,False
Sphingolipid-BTSPT-OMV_1__F12,Sphingolipid-BTSPT-OMV_1,empty,0,0.67822265625,0,True
Sphingolipid-BTSPT-OMV_1__F120,Sphingolipid-BTSPT-OMV_1,single,1,1.0,1,True
Sphingolipid-BTSPT-OMV_1__F121,Sphingolipid-BTSPT-OMV_1,empty,0,0.0,0,True
Sphingolipid-BTSPT-OMV_1__F122,Sphingolipid-BTSPT-OMV_1,empty,0,0.0,0,True
Sphingolipid-BTSPT-OMV_1__F123,Sphingolipid-BTSPT-OMV_1,empty,0,0.1517333984375,0,True
Sphingolipid-BTSPT-OMV_1__F124,Sphingolipid-BTSPT-OMV_1,empty,0,0.0,0,True
Sphingolipid-BTSPT-OMV_1__F125,Sphingolipid-BTSPT-OMV_1,empty,0,1.0,1,False
Sphingolipid-BTSPT-OMV_1__F126,Sphingolipid-BTSPT-OMV_1,multi,1,1.0,1,True
Sphingolipid-BTSPT-OMV_1__F127,Sphingolipid-BTSPT-OMV_1,empty,0,5.435943603515625e-05,0,True
Sphingolipid-BTSPT-OMV_1__F128,Sphingolipid-BTSPT-OMV_1,empty,0,1.0,1,False
Sphingolipid-BTSPT-OMV_1__F129,Sphingolipid-BTSPT-OMV_1,empty,0,0.0,0,True
Sphingolipid-BTSPT-OMV_1__F13,Sphingolipid-BTSPT-OMV_1,empty,0,0.0,0,True
Sphingolipid-BTSPT-OMV_1__F130,Sphingolipid-BTSPT-OMV_1,single,1,1.0,1,True
Sphingolipid-BTSPT-OMV_1__F131,Sphingolipid-BTSPT-OMV_1,empty,0,0.998046875,1,False
Sphingolipid-BTSPT-OMV_1__F132,Sphingolipid-BTSPT-OMV_1,empty,0,0.0,0,True
Sphingolipid-BTSPT-OMV_1__F133,Sphingolipid-BTSPT-OMV_1,single,1,0.98828125,1,True
Sphingolipid-BTSPT-OMV_1__F134,Sphingolipid-BTSPT-OMV_1,empty,0,1.0,1,False
Sphingolipid-BTSPT-OMV_1__F135,Sphingolipid-BTSPT-OMV_1,empty,0,1.0,1,False
Sphingolipid-BTSPT-OMV_1__F136,Sphingolipid-BTSPT-OMV_1,single,1,0.85888671875,1,True
Sphingolipid-BTSPT-OMV_1__F137,Sphingolipid-BTSPT-OMV_1,single,1,1.0,1,True
Sphingolipid-BTSPT-OMV_1__F138,Sphingolipid-BTSPT-OMV_1,single,1,0.99462890625,1,True
Sphingolipid-BTSPT-OMV_1__F139,Sphingolipid-BTSPT-OMV_1,empty,0,0.003482818603515625,0,True
Sphingolipid-BTSPT-OMV_1__F14,Sphingolipid-BTSPT-OMV_1,empty,0,8.344650268554688e-07,0,True
Sphingolipid-BTSPT-OMV_1__F140,Sphingolipid-BTSPT-OMV_1,single,1,1.0,1,True
Sphingolipid-BTSPT-OMV_1__F141,Sphingolipid-BTSPT-OMV_1,single,1,1.0,1,True
Sphingolipid-BTSPT-OMV_1__F142,Sphingolipid-BTSPT-OMV_1,empty,0,0.0,0,True
Sphingolipid-BTSPT-OMV_1__F143,Sphingolipid-BTSPT-OMV_1,single,1,0.1326904296875,0,False
Sphingolipid-BTSPT-OMV_1__F144,Sphingolipid-BTSPT-OMV_1,multi,1,1.0,1,True
Sphingolipid-BTSPT-OMV_1__F146,Sphingolipid-BTSPT-OMV_1,multi,1,1.0,1,True
Sphingolipid-BTSPT-OMV_1__F148,Sphingolipid-BTSPT-OMV_1,single,1,0.85888671875,1,True
Sphingolipid-BTSPT-OMV_1__F149,Sphingolipid-BTSPT-OMV_1,empty,0,0.97802734375,1,False
Sphingolipid-BTSPT-OMV_1__F15,Sphingolipid-BTSPT-OMV_1,multi,1,0.0005254745483398438,0,False
Sphingolipid-BTSPT-OMV_1__F150,Sphingolipid-BTSPT-OMV_1,multi,1,1.0,1,True
Sphingolipid-BTSPT-OMV_1__F151,Sphingolipid-BTSPT-OMV_1,single,1,1.0,1,True
Sphingolipid-BTSPT-OMV_1__F152,Sphingolipid-BTSPT-OMV_1,single,1,0.0006823539733886719,0,False
Sphingolipid-BTSPT-OMV_1__F153,Sphingolipid-BTSPT-OMV_1,single,1,1.0,1,True
Sphingolipid-BTSPT-OMV_1__F154,Sphingolipid-BTSPT-OMV_1,single,1,1.0,1,True
Sphingolipid-BTSPT-OMV_1__F155,Sphingolipid-BTSPT-OMV_1,single,1,1.0,1,True
Sphingolipid-BTSPT-OMV_1__F156,Sphingolipid-BTSPT-OMV_1,empty,0,0.06927490234375,0,True
Sphingolipid-BTSPT-OMV_1__F157,Sphingolipid-BTSPT-OMV_1,empty,0,0.0028553009033203125,0,True
Sphingolipid-BTSPT-OMV_1__F158,Sphingolipid-BTSPT-OMV_1,empty,0,5.364418029785156e-07,0,True
Sphingolipid-BTSPT-OMV_1__F159,Sphingolipid-BTSPT-OMV_1,single,1,1.0,1,True
Sphingolipid-BTSPT-OMV_1__F16,Sphingolipid-BTSPT-OMV_1,single,1,1.0,1,True
Sphingolipid-BTSPT-OMV_1__F160,Sphingolipid-BTSPT-OMV_1,single,1,0.99462890625,1,True
Sphingolipid-BTSPT-OMV_1__F161,Sphingolipid-BTSPT-OMV_1,single,1,1.0,1,True
Sphingolipid-BTSPT-OMV_1__F162,Sphingolipid-BTSPT-OMV_1,empty,0,0.0,0,True
Sphingolipid-BTSPT-OMV_1__F163,Sphingolipid-BTSPT-OMV_1,empty,0,0.037811279296875,0,True
Sphingolipid-BTSPT-OMV_1__F164,Sphingolipid-BTSPT-OMV_1,empty,0,0.0,0,True
Sphingolipid-BTSPT-OMV_1__F165,Sphingolipid-BTSPT-OMV_1,multi,1,1.0,1,True
Sphingolipid-BTSPT-OMV_1__F166,Sphingolipid-BTSPT-OMV_1,single,1,0.003376007080078125,0,False
Sphingolipid-BTSPT-OMV_1__F167,Sphingolipid-BTSPT-OMV_1,single,1,0.99365234375,1,True
Sphingolipid-BTSPT-OMV_1__F168,Sphingolipid-BTSPT-OMV_1,empty,0,0.7119140625,1,False
Sphingolipid-BTSPT-OMV_1__F169,Sphingolipid-BTSPT-OMV_1,empty,0,0.0,0,True
Sphingolipid-BTSPT-OMV_1__F17,Sphingolipid-BTSPT-OMV_1,single,1,1.0,1,True
Sphingolipid-BTSPT-OMV_1__F170,Sphingolipid-BTSPT-OMV_1,multi,1,0.80615234375,1,True
Sphingolipid-BTSPT-OMV_1__F171,Sphingolipid-BTSPT-OMV_1,single,1,1.0,1,True
Sphingolipid-BTSPT-OMV_1__F172,Sphingolipid-BTSPT-OMV_1,single,1,0.998046875,1,True
Sphingolipid-BTSPT-OMV_1__F173,Sphingolipid-BTSPT-OMV_1,single,1,0.99462890625,1,True
Sphingolipid-BTSPT-OMV_1__F174,Sphingolipid-BTSPT-OMV_1,multi,1,0.8515625,1,True
Sphingolipid-BTSPT-OMV_1__F175,Sphingolipid-BTSPT-OMV_1,single,1,1.0,1,True
Sphingolipid-BTSPT-OMV_1__F176,Sphingolipid-BTSPT-OMV_1,empty,0,0.00033283233642578125,0,True
Sphingolipid-BTSPT-OMV_1__F177,Sphingolipid-BTSPT-OMV_1,single,1,1.0,1,True
Sphingolipid-BTSPT-OMV_1__F178,Sphingolipid-BTSPT-OMV_1,single,1,0.99951171875,1,True
Sphingolipid-BTSPT-OMV_1__F179,Sphingolipid-BTSPT-OMV_1,multi,1,1.0,1,True
Sphingolipid-BTSPT-OMV_1__F18,Sphingolipid-BTSPT-OMV_1,empty,0,0.0008358955383300781,0,True
Sphingolipid-BTSPT-OMV_1__F180,Sphingolipid-BTSPT-OMV_1,single,1,1.0,1,True
Sphingolipid-BTSPT-OMV_1__F181,Sphingolipid-BTSPT-OMV_1,empty,0,1.0,1,False
Sphingolipid-BTSPT-OMV_1__F182,Sphingolipid-BTSPT-OMV_1,empty,0,0.0,0,True
Sphingolipid-BTSPT-OMV_1__F183,Sphingolipid-BTSPT-OMV_1,multi,1,0.9921875,1,True
Sphingolipid-BTSPT-OMV_1__F184,Sphingolipid-BTSPT-OMV_1,single,1,1.0,1,True
Sphingolipid-BTSPT-OMV_1__F185,Sphingolipid-BTSPT-OMV_1,multi,1,1.0,1,True
Sphingolipid-BTSPT-OMV_1__F186,Sphingolipid-BTSPT-OMV_1,single,1,1.0,1,True
Sphingolipid-BTSPT-OMV_1__F187,Sphingolipid-BTSPT-OMV_1,single,1,1.0,1,True
Sphingolipid-BTSPT-OMV_1__F188,Sphingolipid-BTSPT-OMV_1,single,1,0.9951171875,1,True
Sphingolipid-BTSPT-OMV_1__F189,Sphingolipid-BTSPT-OMV_1,single,1,1.0,1,True
Sphingolipid-BTSPT-OMV_1__F19,Sphingolipid-BTSPT-OMV_1,single,1,1.0,1,True
Sphingolipid-BTSPT-OMV_1__F190,Sphingolipid-BTSPT-OMV_1,empty,0,0.0,0,True
Sphingolipid-BTSPT-OMV_1__F191,Sphingolipid-BTSPT-OMV_1,empty,0,0.0,0,True
Sphingolipid-BTSPT-OMV_1__F192,Sphingolipid-BTSPT-OMV_1,empty,0,0.0,0,True
Sphingolipid-BTSPT-OMV_1__F193,Sphingolipid-BTSPT-OMV_1,single,1,1.0,1,True
Sphingolipid-BTSPT-OMV_1__F194,Sphingolipid-BTSPT-OMV_1,empty,0,0.0,0,True
Sphingolipid-BTSPT-OMV_1__F196,Sphingolipid-BTSPT-OMV_1,empty,0,0.0,0,True
Sphingolipid-BTSPT-OMV_1__F197,Sphingolipid-BTSPT-OMV_1,multi,1,0.00037550926208496094,0,False
Sphingolipid-BTSPT-OMV_1__F198,Sphingolipid-BTSPT-OMV_1,single,1,0.0017747879028320312,0,False
Sphingolipid-BTSPT-OMV_1__F199,Sphingolipid-BTSPT-OMV_1,multi,1,0.0008525848388671875,0,False
Sphingolipid-BTSPT-OMV_1__F2,Sphingolipid-BTSPT-OMV_1,empty,0,0.08209228515625,0,True
Sphingolipid-BTSPT-OMV_1__F20,Sphingolipid-BTSPT-OMV_1,empty,0,0.0002779960632324219,0,True
Sphingolipid-BTSPT-OMV_1__F200,Sphingolipid-BTSPT-OMV_1,single,1,1.0,1,True
Sphingolipid-BTSPT-OMV_1__F201,Sphingolipid-BTSPT-OMV_1,empty,0,6.973743438720703e-05,0,True
Sphingolipid-BTSPT-OMV_1__F202,Sphingolipid-BTSPT-OMV_1,multi,1,0.005039215087890625,0,False
Sphingolipid-BTSPT-OMV_1__F203,Sphingolipid-BTSPT-OMV_1,single,1,1.0,1,True
Sphingolipid-BTSPT-OMV_1__F204,Sphingolipid-BTSPT-OMV_1,single,1,0.83056640625,1,True
Sphingolipid-BTSPT-OMV_1__F205,Sphingolipid-BTSPT-OMV_1,empty,0,0.0004711151123046875,0,True
Sphingolipid-BTSPT-OMV_1__F206,Sphingolipid-BTSPT-OMV_1,single,1,1.0,1,True
Sphingolipid-BTSPT-OMV_1__F207,Sphingolipid-BTSPT-OMV_1,single,1,1.0,1,True
Sphingolipid-BTSPT-OMV_1__F208,Sphingolipid-BTSPT-OMV_1,single,1,1.0,1,True
Sphingolipid-BTSPT-OMV_1__F209,Sphingolipid-BTSPT-OMV_1,single,1,1.0,1,True
Sphingolipid-BTSPT-OMV_1__F21,Sphingolipid-BTSPT-OMV_1,empty,0,0.0,0,True
Sphingolipid-BTSPT-OMV_1__F210,Sphingolipid-BTSPT-OMV_1,multi,1,0.529296875,0,False
Sphingolipid-BTSPT-OMV_1__F211,Sphingolipid-BTSPT-OMV_1,multi,1,0.9775390625,1,True
Sphingolipid-BTSPT-OMV_1__F212,Sphingolipid-BTSPT-OMV_1,empty,0,0.0,0,True
Sphingolipid-BTSPT-OMV_1__F213,Sphingolipid-BTSPT-OMV_1,single,1,1.0,1,True
Sphingolipid-BTSPT-OMV_1__F214,Sphingolipid-BTSPT-OMV_1,single,1,1.0,1,True
Sphingolipid-BTSPT-OMV_1__F215,Sphingolipid-BTSPT-OMV_1,empty,0,1.7881393432617188e-07,0,True
Sphingolipid-BTSPT-OMV_1__F216,Sphingolipid-BTSPT-OMV_1,empty,0,0.0001971721649169922,0,True
Sphingolipid-BTSPT-OMV_1__F217,Sphingolipid-BTSPT-OMV_1,single,1,1.0,1,True
Sphingolipid-BTSPT-OMV_1__F218,Sphingolipid-BTSPT-OMV_1,single,1,0.9990234375,1,True
Sphingolipid-BTSPT-OMV_1__F219,Sphingolipid-BTSPT-OMV_1,empty,0,0.00031256675720214844,0,True
Sphingolipid-BTSPT-OMV_1__F22,Sphingolipid-BTSPT-OMV_1,single,1,1.0,1,True
Sphingolipid-BTSPT-OMV_1__F220,Sphingolipid-BTSPT-OMV_1,single,1,0.99951171875,1,True
Sphingolipid-BTSPT-OMV_1__F221,Sphingolipid-BTSPT-OMV_1,empty,0,6.556510925292969e-07,0,True
Sphingolipid-BTSPT-OMV_1__F222,Sphingolipid-BTSPT-OMV_1,single,1,0.9677734375,1,True
Sphingolipid-BTSPT-OMV_1__F223,Sphingolipid-BTSPT-OMV_1,single,1,1.0,1,True
Sphingolipid-BTSPT-OMV_1__F224,Sphingolipid-BTSPT-OMV_1,empty,0,9.5367431640625e-07,0,True
Sphingolipid-BTSPT-OMV_1__F225,Sphingolipid-BTSPT-OMV_1,empty,0,2.86102294921875e-06,0,True
Sphingolipid-BTSPT-OMV_1__F226,Sphingolipid-BTSPT-OMV_1,single,1,1.0,1,True
Sphingolipid-BTSPT-OMV_1__F227,Sphingolipid-BTSPT-OMV_1,empty,0,0.0,0,True
Sphingolipid-BTSPT-OMV_1__F228,Sphingolipid-BTSPT-OMV_1,empty,0,0.0012445449829101562,0,True
Sphingolipid-BTSPT-OMV_1__F229,Sphingolipid-BTSPT-OMV_1,empty,0,0.189208984375,0,True
Sphingolipid-BTSPT-OMV_1__F230,Sphingolipid-BTSPT-OMV_1,multi,1,1.0,1,True
Sphingolipid-BTSPT-OMV_1__F231,Sphingolipid-BTSPT-OMV_1,empty,0,0.0,0,True
Sphingolipid-BTSPT-OMV_1__F232,Sphingolipid-BTSPT-OMV_1,empty,0,0.0028553009033203125,0,True
Sphingolipid-BTSPT-OMV_1__F233,Sphingolipid-BTSPT-OMV_1,single,1,1.0,1,True
Sphingolipid-BTSPT-OMV_1__F234,Sphingolipid-BTSPT-OMV_1,empty,0,0.0001233816146850586,0,True
Sphingolipid-BTSPT-OMV_1__F235,Sphingolipid-BTSPT-OMV_1,empty,0,0.72119140625,1,False
Sphingolipid-BTSPT-OMV_1__F236,Sphingolipid-BTSPT-OMV_1,multi,1,1.0,1,True
Sphingolipid-BTSPT-OMV_1__F237,Sphingolipid-BTSPT-OMV_1,single,1,1.0,1,True
Sphingolipid-BTSPT-OMV_1__F238,Sphingolipid-BTSPT-OMV_1,empty,0,1.0,1,False
Sphingolipid-BTSPT-OMV_1__F239,Sphingolipid-BTSPT-OMV_1,single,1,1.0,1,True
Sphingolipid-BTSPT-OMV_1__F24,Sphingolipid-BTSPT-OMV_1,empty,0,0.0,0,True
Sphingolipid-BTSPT-OMV_1__F240,Sphingolipid-BTSPT-OMV_1,empty,0,7.748603820800781e-07,0,True
Sphingolipid-BTSPT-OMV_1__F241,Sphingolipid-BTSPT-OMV_1,single,1,0.036773681640625,0,False
Sphingolipid-BTSPT-OMV_1__F242,Sphingolipid-BTSPT-OMV_1,single,0,5.960464477539063e-08,0,True
Sphingolipid-BTSPT-OMV_1__F243,Sphingolipid-BTSPT-OMV_1,multi,1,0.7744140625,1,True
Sphingolipid-BTSPT-OMV_1__F244,Sphingolipid-BTSPT-OMV_1,empty,0,0.0229339599609375,0,True
Sphingolipid-BTSPT-OMV_1__F245,Sphingolipid-BTSPT-OMV_1,empty,0,0.0,0,True
Sphingolipid-BTSPT-OMV_1__F246,Sphingolipid-BTSPT-OMV_1,multi,1,1.0,1,True
Sphingolipid-BTSPT-OMV_1__F247,Sphingolipid-BTSPT-OMV_1,single,1,0.0191650390625,0,False
Sphingolipid-BTSPT-OMV_1__F248,Sphingolipid-BTSPT-OMV_1,single,1,1.0,1,True
Sphingolipid-BTSPT-OMV_1__F249,Sphingolipid-BTSPT-OMV_1,multi,1,7.748603820800781e-07,0,False
Sphingolipid-BTSPT-OMV_1__F25,Sphingolipid-BTSPT-OMV_1,single,1,1.0,1,True
Sphingolipid-BTSPT-OMV_1__F250,Sphingolipid-BTSPT-OMV_1,empty,0,0.0,0,True
Sphingolipid-BTSPT-OMV_1__F251,Sphingolipid-BTSPT-OMV_1,single,1,1.0,1,True
Sphingolipid-BTSPT-OMV_1__F252,Sphingolipid-BTSPT-OMV_1,multi,1,1.0,1,True
Sphingolipid-BTSPT-OMV_1__F253,Sphingolipid-BTSPT-OMV_1,single,1,1.0,1,True
Sphingolipid-BTSPT-OMV_1__F254,Sphingolipid-BTSPT-OMV_1,empty,0,1.0,1,False
Sphingolipid-BTSPT-OMV_1__F255,Sphingolipid-BTSPT-OMV_1,single,1,0.00582122802734375,0,False
Sphingolipid-BTSPT-OMV_1__F256,Sphingolipid-BTSPT-OMV_1,single,1,1.0,1,True
Sphingolipid-BTSPT-OMV_1__F257,Sphingolipid-BTSPT-OMV_1,single,1,0.93505859375,1,True
Sphingolipid-BTSPT-OMV_1__F258,Sphingolipid-BTSPT-OMV_1,empty,0,0.0,0,True
Sphingolipid-BTSPT-OMV_1__F259,Sphingolipid-BTSPT-OMV_1,single,1,1.0,1,True
Sphingolipid-BTSPT-OMV_1__F26,Sphingolipid-BTSPT-OMV_1,single,1,1.0,1,True
Sphingolipid-BTSPT-OMV_1__F260,Sphingolipid-BTSPT-OMV_1,single,1,1.0,1,True
Sphingolipid-BTSPT-OMV_1__F261,Sphingolipid-BTSPT-OMV_1,empty,0,2.7298927307128906e-05,0,True
Sphingolipid-BTSPT-OMV_1__F262,Sphingolipid-BTSPT-OMV_1,single,1,1.0,1,True
Sphingolipid-BTSPT-OMV_1__F263,Sphingolipid-BTSPT-OMV_1,single,1,1.0,1,True
Sphingolipid-BTSPT-OMV_1__F264,Sphingolipid-BTSPT-OMV_1,empty,0,0.0,0,True
Sphingolipid-BTSPT-OMV_1__F265,Sphingolipid-BTSPT-OMV_1,single,1,1.0,1,True
Sphingolipid-BTSPT-OMV_1__F266,Sphingolipid-BTSPT-OMV_1,empty,0,0.0704345703125,0,True
Sphingolipid-BTSPT-OMV_1__F267,Sphingolipid-BTSPT-OMV_1,multi,1,0.468017578125,0,False
Sphingolipid-BTSPT-OMV_1__F268,Sphingolipid-BTSPT-OMV_1,single,1,0.0009813308715820312,0,False
Sphingolipid-BTSPT-OMV_1__F269,Sphingolipid-BTSPT-OMV_1,single,1,0.99853515625,1,True
Sphingolipid-BTSPT-OMV_1__F27,Sphingolipid-BTSPT-OMV_1,empty,0,0.0,0,True
Sphingolipid-BTSPT-OMV_1__F270,Sphingolipid-BTSPT-OMV_1,single,1,0.001495361328125,0,False
Sphingolipid-BTSPT-OMV_1__F271,Sphingolipid-BTSPT-OMV_1,empty,0,0.0020427703857421875,0,True
Sphingolipid-BTSPT-OMV_1__F272,Sphingolipid-BTSPT-OMV_1,single,1,0.00948333740234375,0,False
Sphingolipid-BTSPT-OMV_1__F273,Sphingolipid-BTSPT-OMV_1,multi,1,0.955078125,1,True
Sphingolipid-BTSPT-OMV_1__F274,Sphingolipid-BTSPT-OMV_1,single,1,1.0,1,True
Sphingolipid-BTSPT-OMV_1__F275,Sphingolipid-BTSPT-OMV_1,empty,0,9.03010368347168e-05,0,True
Sphingolipid-BTSPT-OMV_1__F276,Sphingolipid-BTSPT-OMV_1,single,1,1.0,1,True
Sphingolipid-BTSPT-OMV_1__F277,Sphingolipid-BTSPT-OMV_1,multi,1,0.9189453125,1,True
Sphingolipid-BTSPT-OMV_1__F278,Sphingolipid-BTSPT-OMV_1,empty,0,1.0,1,False
Sphingolipid-BTSPT-OMV_1__F279,Sphingolipid-BTSPT-OMV_1,multi,1,0.9228515625,1,True
Sphingolipid-BTSPT-OMV_1__F28,Sphingolipid-BTSPT-OMV_1,empty,0,0.00020825862884521484,0,True
Sphingolipid-BTSPT-OMV_1__F280,Sphingolipid-BTSPT-OMV_1,single,1,1.0,1,True
Sphingolipid-BTSPT-OMV_1__F281,Sphingolipid-BTSPT-OMV_1,single,1,1.0,1,True
Sphingolipid-BTSPT-OMV_1__F282,Sphingolipid-BTSPT-OMV_1,empty,0,0.299072265625,0,True
Sphingolipid-BTSPT-OMV_1__F283,Sphingolipid-BTSPT-OMV_1,empty,0,0.0792236328125,0,True
Sphingolipid-BTSPT-OMV_1__F284,Sphingolipid-BTSPT-OMV_1,single,1,1.0,1,True
Sphingolipid-BTSPT-OMV_1__F285,Sphingolipid-BTSPT-OMV_1,single,1,1.0,1,True
Sphingolipid-BTSPT-OMV_1__F286,Sphingolipid-BTSPT-OMV_1,single,1,1.0,1,True
Sphingolipid-BTSPT-OMV_1__F287,Sphingolipid-BTSPT-OMV_1,empty,0,5.960464477539063e-08,0,True
Sphingolipid-BTSPT-OMV_1__F288,Sphingolipid-BTSPT-OMV_1,empty,0,0.49072265625,0,True
Sphingolipid-BTSPT-OMV_1__F289,Sphingolipid-BTSPT-OMV_1,multi,1,7.659196853637695e-05,0,False
Sphingolipid-BTSPT-OMV_1__F29,Sphingolipid-BTSPT-OMV_1,empty,0,0.404541015625,0,True
Sphingolipid-BTSPT-OMV_1__F290,Sphingolipid-BTSPT-OMV_1,empty,0,0.0,0,True
Sphingolipid-BTSPT-OMV_1__F291,Sphingolipid-BTSPT-OMV_1,empty,0,0.0,0,True
Sphingolipid-BTSPT-OMV_1__F292,Sphingolipid-BTSPT-OMV_1,empty,0,1.0,1,False
Sphingolipid-BTSPT-OMV_1__F293,Sphingolipid-BTSPT-OMV_1,single,1,0.029815673828125,0,False
Sphingolipid-BTSPT-OMV_1__F294,Sphingolipid-BTSPT-OMV_1,multi,1,1.7881393432617188e-07,0,False
Sphingolipid-BTSPT-OMV_1__F295,Sphingolipid-BTSPT-OMV_1,single,1,0.97705078125,1,True
Sphingolipid-BTSPT-OMV_1__F296,Sphingolipid-BTSPT-OMV_1,empty,0,0.0,0,True
Sphingolipid-BTSPT-OMV_1__F297,Sphingolipid-BTSPT-OMV_1,single,1,1.0,1,True
Sphingolipid-BTSPT-OMV_1__F298,Sphingolipid-BTSPT-OMV_1,single,1,0.94677734375,1,True
Sphingolipid-BTSPT-OMV_1__F299,Sphingolipid-BTSPT-OMV_1,single,1,1.0,1,True
Sphingolipid-BTSPT-OMV_1__F3,Sphingolipid-BTSPT-OMV_1,single,1,1.0,1,True
Sphingolipid-BTSPT-OMV_1__F30,Sphingolipid-BTSPT-OMV_1,empty,0,7.903575897216797e-05,0,True
Sphingolipid-BTSPT-OMV_1__F300,Sphingolipid-BTSPT-OMV_1,single,1,1.0,1,True
Sphingolipid-BTSPT-OMV_1__F301,Sphingolipid-BTSPT-OMV_1,single,1,1.0,1,True
Sphingolipid-BTSPT-OMV_1__F302,Sphingolipid-BTSPT-OMV_1,single,1,1.0,1,True
Sphingolipid-BTSPT-OMV_1__F303,Sphingolipid-BTSPT-OMV_1,single,1,1.0,1,True
Sphingolipid-BTSPT-OMV_1__F304,Sphingolipid-BTSPT-OMV_1,empty,0,1.1920928955078125e-06,0,True
Sphingolipid-BTSPT-OMV_1__F305,Sphingolipid-BTSPT-OMV_1,empty,0,0.0,0,True
Sphingolipid-BTSPT-OMV_1__F307,Sphingolipid-BTSPT-OMV_1,empty,0,5.960464477539063e-08,0,True
Sphingolipid-BTSPT-OMV_1__F308,Sphingolipid-BTSPT-OMV_1,empty,0,0.99365234375,1,False
Sphingolipid-BTSPT-OMV_1__F309,Sphingolipid-BTSPT-OMV_1,single,1,1.0,1,True
Sphingolipid-BTSPT-OMV_1__F31,Sphingolipid-BTSPT-OMV_1,empty,0,0.0,0,True
Sphingolipid-BTSPT-OMV_1__F310,Sphingolipid-BTSPT-OMV_1,multi,1,1.0,1,True
Sphingolipid-BTSPT-OMV_1__F311,Sphingolipid-BTSPT-OMV_1,empty,0,0.00494384765625,0,True
Sphingolipid-BTSPT-OMV_1__F312,Sphingolipid-BTSPT-OMV_1,empty,0,0.00032258033752441406,0,True
Sphingolipid-BTSPT-OMV_1__F313,Sphingolipid-BTSPT-OMV_1,single,1,1.0,1,True
Sphingolipid-BTSPT-OMV_1__F314,Sphingolipid-BTSPT-OMV_1,multi,1,1.0,1,True
Sphingolipid-BTSPT-OMV_1__F315,Sphingolipid-BTSPT-OMV_1,empty,0,0.0001596212387084961,0,True
Sphingolipid-BTSPT-OMV_1__F316,Sphingolipid-BTSPT-OMV_1,empty,0,5.960464477539063e-08,0,True
Sphingolipid-BTSPT-OMV_1__F317,Sphingolipid-BTSPT-OMV_1,multi,1,0.998046875,1,True
Sphingolipid-BTSPT-OMV_1__F318,Sphingolipid-BTSPT-OMV_1,single,1,0.99755859375,1,True
Sphingolipid-BTSPT-OMV_1__F32,Sphingolipid-BTSPT-OMV_1,single,1,1.0,1,True
Sphingolipid-BTSPT-OMV_1__F320,Sphingolipid-BTSPT-OMV_1,empty,0,0.0001252889633178711,0,True
Sphingolipid-BTSPT-OMV_1__F321,Sphingolipid-BTSPT-OMV_1,empty,0,0.0,0,True
Sphingolipid-BTSPT-OMV_1__F322,Sphingolipid-BTSPT-OMV_1,single,1,1.0,1,True
Sphingolipid-BTSPT-OMV_1__F323,Sphingolipid-BTSPT-OMV_1,multi,1,0.99951171875,1,True
Sphingolipid-BTSPT-OMV_1__F324,Sphingolipid-BTSPT-OMV_1,single,1,1.0,1,True
Sphingolipid-BTSPT-OMV_1__F325,Sphingolipid-BTSPT-OMV_1,single,1,0.86328125,1,True
Sphingolipid-BTSPT-OMV_1__F326,Sphingolipid-BTSPT-OMV_1,empty,0,0.005260467529296875,0,True
Sphingolipid-BTSPT-OMV_1__F327,Sphingolipid-BTSPT-OMV_1,multi,1,1.0,1,True
Sphingolipid-BTSPT-OMV_1__F328,Sphingolipid-BTSPT-OMV_1,empty,0,0.0,0,True
Sphingolipid-BTSPT-OMV_1__F329,Sphingolipid-BTSPT-OMV_1,single,1,1.0,1,True
Sphingolipid-BTSPT-OMV_1__F33,Sphingolipid-BTSPT-OMV_1,single,1,1.0,1,True
Sphingolipid-BTSPT-OMV_1__F330,Sphingolipid-BTSPT-OMV_1,single,1,1.0,1,True
Sphingolipid-BTSPT-OMV_1__F331,Sphingolipid-BTSPT-OMV_1,multi,1,1.0,1,True
Sphingolipid-BTSPT-OMV_1__F332,Sphingolipid-BTSPT-OMV_1,empty,0,0.0,0,True
Sphingolipid-BTSPT-OMV_1__F333,Sphingolipid-BTSPT-OMV_1,single,1,1.0,1,True
Sphingolipid-BTSPT-OMV_1__F334,Sphingolipid-BTSPT-OMV_1,empty,0,0.0,0,True
Sphingolipid-BTSPT-OMV_1__F335,Sphingolipid-BTSPT-OMV_1,single,1,1.0,1,True
Sphingolipid-BTSPT-OMV_1__F336,Sphingolipid-BTSPT-OMV_1,multi,1,1.0,1,True
Sphingolipid-BTSPT-OMV_1__F337,Sphingolipid-BTSPT-OMV_1,empty,0,0.00455474853515625,0,True
Sphingolipid-BTSPT-OMV_1__F338,Sphingolipid-BTSPT-OMV_1,multi,1,1.0,1,True
Sphingolipid-BTSPT-OMV_1__F339,Sphingolipid-BTSPT-OMV_1,empty,0,0.0001634359359741211,0,True
Sphingolipid-BTSPT-OMV_1__F34,Sphingolipid-BTSPT-OMV_1,single,1,1.0,1,True
Sphingolipid-BTSPT-OMV_1__F340,Sphingolipid-BTSPT-OMV_1,single,1,1.0,1,True
Sphingolipid-BTSPT-OMV_1__F341,Sphingolipid-BTSPT-OMV_1,empty,0,4.1961669921875e-05,0,True
Sphingolipid-BTSPT-OMV_1__F342,Sphingolipid-BTSPT-OMV_1,single,1,1.0,1,True
Sphingolipid-BTSPT-OMV_1__F343,Sphingolipid-BTSPT-OMV_1,single,1,1.0,1,True
Sphingolipid-BTSPT-OMV_1__F344,Sphingolipid-BTSPT-OMV_1,multi,1,1.0,1,True
Sphingolipid-BTSPT-OMV_1__F345,Sphingolipid-BTSPT-OMV_1,empty,0,0.04840087890625,0,True
Sphingolipid-BTSPT-OMV_1__F346,Sphingolipid-BTSPT-OMV_1,multi,1,1.0,1,True
Sphingolipid-BTSPT-OMV_1__F347,Sphingolipid-BTSPT-OMV_1,single,1,0.9755859375,1,True
Sphingolipid-BTSPT-OMV_1__F348,Sphingolipid-BTSPT-OMV_1,empty,0,0.85986328125,1,False
Sphingolipid-BTSPT-OMV_1__F349,Sphingolipid-BTSPT-OMV_1,single,1,1.0,1,True
Sphingolipid-BTSPT-OMV_1__F35,Sphingolipid-BTSPT-OMV_1,single,0,1.0,1,False
Sphingolipid-BTSPT-OMV_1__F350,Sphingolipid-BTSPT-OMV_1,empty,0,0.0,0,True
Sphingolipid-BTSPT-OMV_1__F351,Sphingolipid-BTSPT-OMV_1,single,1,1.0,1,True
Sphingolipid-BTSPT-OMV_1__F352,Sphingolipid-BTSPT-OMV_1,single,1,1.0,1,True
Sphingolipid-BTSPT-OMV_1__F353,Sphingolipid-BTSPT-OMV_1,empty,0,0.0012493133544921875,0,True
Sphingolipid-BTSPT-OMV_1__F354,Sphingolipid-BTSPT-OMV_1,empty,0,0.0,0,True
Sphingolipid-BTSPT-OMV_1__F355,Sphingolipid-BTSPT-OMV_1,single,1,1.0,1,True
Sphingolipid-BTSPT-OMV_1__F357,Sphingolipid-BTSPT-OMV_1,single,1,1.0,1,True
Sphingolipid-BTSPT-OMV_1__F358,Sphingolipid-BTSPT-OMV_1,multi,1,1.0,1,True
Sphingolipid-BTSPT-OMV_1__F359,Sphingolipid-BTSPT-OMV_1,single,1,1.0,1,True
Sphingolipid-BTSPT-OMV_1__F36,Sphingolipid-BTSPT-OMV_1,empty,0,0.0,0,True
Sphingolipid-BTSPT-OMV_1__F360,Sphingolipid-BTSPT-OMV_1,single,1,1.0,1,True
Sphingolipid-BTSPT-OMV_1__F362,Sphingolipid-BTSPT-OMV_1,multi,1,1.0,1,True
Sphingolipid-BTSPT-OMV_1__F363,Sphingolipid-BTSPT-OMV_1,empty,0,0.0,0,True
Sphingolipid-BTSPT-OMV_1__F366,Sphingolipid-BTSPT-OMV_1,empty,0,0.26806640625,0,True
Sphingolipid-BTSPT-OMV_1__F367,Sphingolipid-BTSPT-OMV_1,single,1,1.0,1,True
Sphingolipid-BTSPT-OMV_1__F368,Sphingolipid-BTSPT-OMV_1,single,1,0.008575439453125,0,False
Sphingolipid-BTSPT-OMV_1__F369,Sphingolipid-BTSPT-OMV_1,multi,1,0.0,0,False
Sphingolipid-BTSPT-OMV_1__F37,Sphingolipid-BTSPT-OMV_1,empty,0,4.83393669128418e-05,0,True
Sphingolipid-BTSPT-OMV_1__F370,Sphingolipid-BTSPT-OMV_1,multi,1,0.982421875,1,True
Sphingolipid-BTSPT-OMV_1__F371,Sphingolipid-BTSPT-OMV_1,empty,0,0.99951171875,1,False
Sphingolipid-BTSPT-OMV_1__F372,Sphingolipid-BTSPT-OMV_1,single,1,0.00011867284774780273,0,False
Sphingolipid-BTSPT-OMV_1__F373,Sphingolipid-BTSPT-OMV_1,empty,0,0.002452850341796875,0,True
Sphingolipid-BTSPT-OMV_1__F374,Sphingolipid-BTSPT-OMV_1,empty,0,0.0,0,True
Sphingolipid-BTSPT-OMV_1__F375,Sphingolipid-BTSPT-OMV_1,single,1,0.9560546875,1,True
Sphingolipid-BTSPT-OMV_1__F376,Sphingolipid-BTSPT-OMV_1,single,1,1.0,1,True
Sphingolipid-BTSPT-OMV_1__F377,Sphingolipid-BTSPT-OMV_1,empty,0,0.87939453125,1,False
Sphingolipid-BTSPT-OMV_1__F378,Sphingolipid-BTSPT-OMV_1,single,1,1.0,1,True
Sphingolipid-BTSPT-OMV_1__F379,Sphingolipid-BTSPT-OMV_1,single,1,1.0,1,True
Sphingolipid-BTSPT-OMV_1__F38,Sphingolipid-BTSPT-OMV_1,empty,0,0.0,0,True
Sphingolipid-BTSPT-OMV_1__F380,Sphingolipid-BTSPT-OMV_1,single,1,1.0,1,True
Sphingolipid-BTSPT-OMV_1__F381,Sphingolipid-BTSPT-OMV_1,single,1,1.0,1,True
Sphingolipid-BTSPT-OMV_1__F382,Sphingolipid-BTSPT-OMV_1,multi,1,1.0,1,True
Sphingolipid-BTSPT-OMV_1__F383,Sphingolipid-BTSPT-OMV_1,multi,1,1.0,1,True
Sphingolipid-BTSPT-OMV_1__F384,Sphingolipid-BTSPT-OMV_1,empty,0,1.0,1,False
Sphingolipid-BTSPT-OMV_1__F385,Sphingolipid-BTSPT-OMV_1,multi,1,0.95751953125,1,True
Sphingolipid-BTSPT-OMV_1__F386,Sphingolipid-BTSPT-OMV_1,single,1,1.0,1,True
Sphingolipid-BTSPT-OMV_1__F387,Sphingolipid-BTSPT-OMV_1,single,1,1.0,1,True
Sphingolipid-BTSPT-OMV_1__F388,Sphingolipid-BTSPT-OMV_1,multi,1,0.865234375,1,True
Sphingolipid-BTSPT-OMV_1__F389,Sphingolipid-BTSPT-OMV_1,single,1,0.93359375,1,True
Sphingolipid-BTSPT-OMV_1__F39,Sphingolipid-BTSPT-OMV_1,empty,0,0.0233306884765625,0,True
Sphingolipid-BTSPT-OMV_1__F390,Sphingolipid-BTSPT-OMV_1,multi,1,0.99951171875,1,True
Sphingolipid-BTSPT-OMV_1__F391,Sphingolipid-BTSPT-OMV_1,single,1,0.98681640625,1,True
Sphingolipid-BTSPT-OMV_1__F392,Sphingolipid-BTSPT-OMV_1,multi,1,1.0,1,True
Sphingolipid-BTSPT-OMV_1__F393,Sphingolipid-BTSPT-OMV_1,empty,0,5.960464477539063e-08,0,True
Sphingolipid-BTSPT-OMV_1__F394,Sphingolipid-BTSPT-OMV_1,empty,0,0.0,0,True
Sphingolipid-BTSPT-OMV_1__F395,Sphingolipid-BTSPT-OMV_1,empty,0,0.0,0,True
Sphingolipid-BTSPT-OMV_1__F396,Sphingolipid-BTSPT-OMV_1,multi,1,1.0,1,True
Sphingolipid-BTSPT-OMV_1__F398,Sphingolipid-BTSPT-OMV_1,multi,1,1.0,1,True
Sphingolipid-BTSPT-OMV_1__F399,Sphingolipid-BTSPT-OMV_1,empty,0,0.9873046875,1,False
Sphingolipid-BTSPT-OMV_1__F4,Sphingolipid-BTSPT-OMV_1,single,1,1.0,1,True
Sphingolipid-BTSPT-OMV_1__F40,Sphingolipid-BTSPT-OMV_1,empty,0,0.94677734375,1,False
Sphingolipid-BTSPT-OMV_1__F400,Sphingolipid-BTSPT-OMV_1,empty,0,9.5367431640625e-07,0,True
Sphingolipid-BTSPT-OMV_1__F401,Sphingolipid-BTSPT-OMV_1,single,1,1.0,1,True
Sphingolipid-BTSPT-OMV_1__F402,Sphingolipid-BTSPT-OMV_1,multi,1,1.0,1,True
Sphingolipid-BTSPT-OMV_1__F403,Sphingolipid-BTSPT-OMV_1,empty,0,0.7802734375,1,False
Sphingolipid-BTSPT-OMV_1__F404,Sphingolipid-BTSPT-OMV_1,single,1,1.0,1,True
Sphingolipid-BTSPT-OMV_1__F405,Sphingolipid-BTSPT-OMV_1,empty,0,0.93359375,1,False
Sphingolipid-BTSPT-OMV_1__F406,Sphingolipid-BTSPT-OMV_1,single,1,0.93115234375,1,True
Sphingolipid-BTSPT-OMV_1__F407,Sphingolipid-BTSPT-OMV_1,empty,0,0.0,0,True
Sphingolipid-BTSPT-OMV_1__F408,Sphingolipid-BTSPT-OMV_1,single,0,5.960464477539063e-08,0,True
Sphingolipid-BTSPT-OMV_1__F409,Sphingolipid-BTSPT-OMV_1,single,1,1.0,1,True
Sphingolipid-BTSPT-OMV_1__F41,Sphingolipid-BTSPT-OMV_1,multi,1,1.0,1,True
Sphingolipid-BTSPT-OMV_1__F410,Sphingolipid-BTSPT-OMV_1,empty,0,2.282857894897461e-05,0,True
Sphingolipid-BTSPT-OMV_1__F411,Sphingolipid-BTSPT-OMV_1,single,1,1.0,1,True
Sphingolipid-BTSPT-OMV_1__F412,Sphingolipid-BTSPT-OMV_1,empty,0,0.003795623779296875,0,True
Sphingolipid-BTSPT-OMV_1__F413,Sphingolipid-BTSPT-OMV_1,empty,0,0.0,0,True
Sphingolipid-BTSPT-OMV_1__F414,Sphingolipid-BTSPT-OMV_1,empty,0,0.0,0,True
Sphingolipid-BTSPT-OMV_1__F415,Sphingolipid-BTSPT-OMV_1,empty,0,0.99951171875,1,False
Sphingolipid-BTSPT-OMV_1__F416,Sphingolipid-BTSPT-OMV_1,single,1,0.155517578125,0,False
Sphingolipid-BTSPT-OMV_1__F417,Sphingolipid-BTSPT-OMV_1,single,1,0.99365234375,1,True
Sphingolipid-BTSPT-OMV_1__F418,Sphingolipid-BTSPT-OMV_1,single,1,1.0,1,True
Sphingolipid-BTSPT-OMV_1__F419,Sphingolipid-BTSPT-OMV_1,empty,0,0.00019562244415283203,0,True
Sphingolipid-BTSPT-OMV_1__F42,Sphingolipid-BTSPT-OMV_1,multi,1,4.649162292480469e-06,0,False
Sphingolipid-BTSPT-OMV_1__F420,Sphingolipid-BTSPT-OMV_1,single,0,0.0,0,True
Sphingolipid-BTSPT-OMV_1__F421,Sphingolipid-BTSPT-OMV_1,multi,1,1.0,1,True
Sphingolipid-BTSPT-OMV_1__F422,Sphingolipid-BTSPT-OMV_1,single,1,1.0,1,True
Sphingolipid-BTSPT-OMV_1__F423,Sphingolipid-BTSPT-OMV_1,single,1,1.0,1,True
Sphingolipid-BTSPT-OMV_1__F424,Sphingolipid-BTSPT-OMV_1,empty,0,0.84521484375,1,False
Sphingolipid-BTSPT-OMV_1__F425,Sphingolipid-BTSPT-OMV_1,empty,0,0.0,0,True
Sphingolipid-BTSPT-OMV_1__F426,Sphingolipid-BTSPT-OMV_1,single,1,1.0,1,True
Sphingolipid-BTSPT-OMV_1__F427,Sphingolipid-BTSPT-OMV_1,single,1,1.0,1,True
Sphingolipid-BTSPT-OMV_1__F428,Sphingolipid-BTSPT-OMV_1,empty,0,0.1395263671875,0,True
Sphingolipid-BTSPT-OMV_1__F429,Sphingolipid-BTSPT-OMV_1,empty,0,1.0,1,False
Sphingolipid-BTSPT-OMV_1__F43,Sphingolipid-BTSPT-OMV_1,empty,0,0.90283203125,1,False
Sphingolipid-BTSPT-OMV_1__F430,Sphingolipid-BTSPT-OMV_1,single,1,0.94140625,1,True
Sphingolipid-BTSPT-OMV_1__F431,Sphingolipid-BTSPT-OMV_1,single,1,1.0,1,True
Sphingolipid-BTSPT-OMV_1__F432,Sphingolipid-BTSPT-OMV_1,single,1,1.0,1,True
Sphingolipid-BTSPT-OMV_1__F433,Sphingolipid-BTSPT-OMV_1,single,1,1.0,1,True
Sphingolipid-BTSPT-OMV_1__F434,Sphingolipid-BTSPT-OMV_1,multi,1,1.0,1,True
Sphingolipid-BTSPT-OMV_1__F435,Sphingolipid-BTSPT-OMV_1,single,1,0.485595703125,0,False
Sphingolipid-BTSPT-OMV_1__F436,Sphingolipid-BTSPT-OMV_1,empty,0,0.0,0,True
Sphingolipid-BTSPT-OMV_1__F437,Sphingolipid-BTSPT-OMV_1,single,1,1.0,1,True
Sphingolipid-BTSPT-OMV_1__F438,Sphingolipid-BTSPT-OMV_1,single,1,1.0,1,True
Sphingolipid-BTSPT-OMV_1__F439,Sphingolipid-BTSPT-OMV_1,multi,1,0.9990234375,1,True
Sphingolipid-BTSPT-OMV_1__F44,Sphingolipid-BTSPT-OMV_1,single,1,1.0,1,True
Sphingolipid-BTSPT-OMV_1__F440,Sphingolipid-BTSPT-OMV_1,single,1,1.0,1,True
Sphingolipid-BTSPT-OMV_1__F441,Sphingolipid-BTSPT-OMV_1,empty,0,1.7881393432617188e-07,0,True
Sphingolipid-BTSPT-OMV_1__F442,Sphingolipid-BTSPT-OMV_1,single,1,1.0,1,True
Sphingolipid-BTSPT-OMV_1__F443,Sphingolipid-BTSPT-OMV_1,single,1,0.763671875,1,True
Sphingolipid-BTSPT-OMV_1__F444,Sphingolipid-BTSPT-OMV_1,empty,0,0.00011414289474487305,0,True
Sphingolipid-BTSPT-OMV_1__F445,Sphingolipid-BTSPT-OMV_1,single,1,1.0,1,True
Sphingolipid-BTSPT-OMV_1__F446,Sphingolipid-BTSPT-OMV_1,empty,0,0.0,0,True
Sphingolipid-BTSPT-OMV_1__F447,Sphingolipid-BTSPT-OMV_1,single,1,0.994140625,1,True
Sphingolipid-BTSPT-OMV_1__F448,Sphingolipid-BTSPT-OMV_1,multi,1,3.159046173095703e-06,0,False
Sphingolipid-BTSPT-OMV_1__F449,Sphingolipid-BTSPT-OMV_1,empty,0,0.0,0,True
Sphingolipid-BTSPT-OMV_1__F45,Sphingolipid-BTSPT-OMV_1,single,1,1.0,1,True
Sphingolipid-BTSPT-OMV_1__F450,Sphingolipid-BTSPT-OMV_1,multi,1,1.0,1,True
Sphingolipid-BTSPT-OMV_1__F451,Sphingolipid-BTSPT-OMV_1,empty,0,3.5762786865234375e-06,0,True
Sphingolipid-BTSPT-OMV_1__F452,Sphingolipid-BTSPT-OMV_1,multi,1,0.00763702392578125,0,False
Sphingolipid-BTSPT-OMV_1__F453,Sphingolipid-BTSPT-OMV_1,single,1,1.0,1,True
Sphingolipid-BTSPT-OMV_1__F454,Sphingolipid-BTSPT-OMV_1,single,1,0.103759765625,0,False
Sphingolipid-BTSPT-OMV_1__F455,Sphingolipid-BTSPT-OMV_1,single,1,1.0,1,True
Sphingolipid-BTSPT-OMV_1__F456,Sphingolipid-BTSPT-OMV_1,empty,0,0.0306243896484375,0,True
Sphingolipid-BTSPT-OMV_1__F457,Sphingolipid-BTSPT-OMV_1,single,1,0.002471923828125,0,False
Sphingolipid-BTSPT-OMV_1__F458,Sphingolipid-BTSPT-OMV_1,single,1,1.0,1,True
Sphingolipid-BTSPT-OMV_1__F459,Sphingolipid-BTSPT-OMV_1,multi,1,1.0,1,True
Sphingolipid-BTSPT-OMV_1__F46,Sphingolipid-BTSPT-OMV_1,empty,0,0.29541015625,0,True
Sphingolipid-BTSPT-OMV_1__F460,Sphingolipid-BTSPT-OMV_1,single,1,0.353515625,0,False
Sphingolipid-BTSPT-OMV_1__F461,Sphingolipid-BTSPT-OMV_1,single,1,1.0,1,True
Sphingolipid-BTSPT-OMV_1__F462,Sphingolipid-BTSPT-OMV_1,single,1,1.0,1,True
Sphingolipid-BTSPT-OMV_1__F463,Sphingolipid-BTSPT-OMV_1,single,1,1.0,1,True
Sphingolipid-BTSPT-OMV_1__F464,Sphingolipid-BTSPT-OMV_1,multi,1,1.0,1,True
Sphingolipid-BTSPT-OMV_1__F465,Sphingolipid-BTSPT-OMV_1,single,1,0.984375,1,True
Sphingolipid-BTSPT-OMV_1__F466,Sphingolipid-BTSPT-OMV_1,multi,1,1.0,1,True
Sphingolipid-BTSPT-OMV_1__F467,Sphingolipid-BTSPT-OMV_1,single,1,1.0,1,True
Sphingolipid-BTSPT-OMV_1__F468,Sphingolipid-BTSPT-OMV_1,empty,0,0.0,0,True
Sphingolipid-BTSPT-OMV_1__F469,Sphingolipid-BTSPT-OMV_1,single,1,1.0,1,True
Sphingolipid-BTSPT-OMV_1__F47,Sphingolipid-BTSPT-OMV_1,single,1,1.0,1,True
Sphingolipid-BTSPT-OMV_1__F470,Sphingolipid-BTSPT-OMV_1,single,1,1.0,1,True
Sphingolipid-BTSPT-OMV_1__F471,Sphingolipid-BTSPT-OMV_1,multi,1,0.9267578125,1,True
Sphingolipid-BTSPT-OMV_1__F472,Sphingolipid-BTSPT-OMV_1,empty,0,0.00027370452880859375,0,True
Sphingolipid-BTSPT-OMV_1__F473,Sphingolipid-BTSPT-OMV_1,empty,0,0.0,0,True
Sphingolipid-BTSPT-OMV_1__F474,Sphingolipid-BTSPT-OMV_1,empty,0,0.354248046875,0,True
Sphingolipid-BTSPT-OMV_1__F475,Sphingolipid-BTSPT-OMV_1,empty,0,1.0,1,False
Sphingolipid-BTSPT-OMV_1__F476,Sphingolipid-BTSPT-OMV_1,single,1,1.0,1,True
Sphingolipid-BTSPT-OMV_1__F477,Sphingolipid-BTSPT-OMV_1,single,1,1.0,1,True
Sphingolipid-BTSPT-OMV_1__F478,Sphingolipid-BTSPT-OMV_1,empty,0,0.0,0,True
Sphingolipid-BTSPT-OMV_1__F479,Sphingolipid-BTSPT-OMV_1,empty,0,0.0,0,True
Sphingolipid-BTSPT-OMV_1__F48,Sphingolipid-BTSPT-OMV_1,single,1,1.0,1,True
Sphingolipid-BTSPT-OMV_1__F480,Sphingolipid-BTSPT-OMV_1,empty,0,0.6044921875,0,True
Sphingolipid-BTSPT-OMV_1__F481,Sphingolipid-BTSPT-OMV_1,empty,0,0.0,0,True
Sphingolipid-BTSPT-OMV_1__F482,Sphingolipid-BTSPT-OMV_1,single,1,7.724761962890625e-05,0,False
Sphingolipid-BTSPT-OMV_1__F483,Sphingolipid-BTSPT-OMV_1,single,1,0.9990234375,1,True
Sphingolipid-BTSPT-OMV_1__F484,Sphingolipid-BTSPT-OMV_1,empty,0,0.07891845703125,0,True
Sphingolipid-BTSPT-OMV_1__F485,Sphingolipid-BTSPT-OMV_1,empty,0,0.0,0,True
Sphingolipid-BTSPT-OMV_1__F487,Sphingolipid-BTSPT-OMV_1,empty,0,0.021820068359375,0,True
Sphingolipid-BTSPT-OMV_1__F488,Sphingolipid-BTSPT-OMV_1,single,1,1.0,1,True
Sphingolipid-BTSPT-OMV_1__F489,Sphingolipid-BTSPT-OMV_1,empty,0,0.8798828125,1,False
Sphingolipid-BTSPT-OMV_1__F49,Sphingolipid-BTSPT-OMV_1,empty,0,0.330322265625,0,True
Sphingolipid-BTSPT-OMV_1__F490,Sphingolipid-BTSPT-OMV_1,single,1,1.0,1,True
Sphingolipid-BTSPT-OMV_1__F491,Sphingolipid-BTSPT-OMV_1,single,1,1.0,1,True
Sphingolipid-BTSPT-OMV_1__F492,Sphingolipid-BTSPT-OMV_1,single,1,1.0,1,True
Sphingolipid-BTSPT-OMV_1__F493,Sphingolipid-BTSPT-OMV_1,single,1,1.0,1,True
Sphingolipid-BTSPT-OMV_1__F494,Sphingolipid-BTSPT-OMV_1,empty,0,0.0,0,True
Sphingolipid-BTSPT-OMV_1__F495,Sphingolipid-BTSPT-OMV_1,single,1,1.0,1,True
Sphingolipid-BTSPT-OMV_1__F497,Sphingolipid-BTSPT-OMV_1,single,1,0.958984375,1,True
Sphingolipid-BTSPT-OMV_1__F498,Sphingolipid-BTSPT-OMV_1,single,1,1.0,1,True
Sphingolipid-BTSPT-OMV_1__F499,Sphingolipid-BTSPT-OMV_1,single,1,1.0,1,True
Sphingolipid-BTSPT-OMV_1__F5,Sphingolipid-BTSPT-OMV_1,single,1,1.0,1,True
Sphingolipid-BTSPT-OMV_1__F50,Sphingolipid-BTSPT-OMV_1,single,1,1.0,1,True
Sphingolipid-BTSPT-OMV_1__F500,Sphingolipid-BTSPT-OMV_1,multi,1,1.0,1,True
Sphingolipid-BTSPT-OMV_1__F501,Sphingolipid-BTSPT-OMV_1,single,1,1.0,1,True
Sphingolipid-BTSPT-OMV_1__F502,Sphingolipid-BTSPT-OMV_1,single,1,0.93896484375,1,True
Sphingolipid-BTSPT-OMV_1__F503,Sphingolipid-BTSPT-OMV_1,single,1,1.0,1,True
Sphingolipid-BTSPT-OMV_1__F504,Sphingolipid-BTSPT-OMV_1,multi,1,1.0,1,True
Sphingolipid-BTSPT-OMV_1__F505,Sphingolipid-BTSPT-OMV_1,single,1,0.994140625,1,True
Sphingolipid-BTSPT-OMV_1__F506,Sphingolipid-BTSPT-OMV_1,single,1,0.998046875,1,True
Sphingolipid-BTSPT-OMV_1__F507,Sphingolipid-BTSPT-OMV_1,empty,0,0.08819580078125,0,True
Sphingolipid-BTSPT-OMV_1__F508,Sphingolipid-BTSPT-OMV_1,single,1,1.0,1,True
Sphingolipid-BTSPT-OMV_1__F509,Sphingolipid-BTSPT-OMV_1,empty,0,0.0,0,True
Sphingolipid-BTSPT-OMV_1__F51,Sphingolipid-BTSPT-OMV_1,empty,0,0.0013828277587890625,0,True
Sphingolipid-BTSPT-OMV_1__F510,Sphingolipid-BTSPT-OMV_1,empty,0,0.0,0,True
Sphingolipid-BTSPT-OMV_1__F511,Sphingolipid-BTSPT-OMV_1,multi,1,0.0006933212280273438,0,False
Sphingolipid-BTSPT-OMV_1__F512,Sphingolipid-BTSPT-OMV_1,single,1,1.0,1,True
Sphingolipid-BTSPT-OMV_1__F513,Sphingolipid-BTSPT-OMV_1,single,1,0.1439208984375,0,False
Sphingolipid-BTSPT-OMV_1__F514,Sphingolipid-BTSPT-OMV_1,single,1,1.0,1,True
Sphingolipid-BTSPT-OMV_1__F515,Sphingolipid-BTSPT-OMV_1,empty,0,0.0,0,True
Sphingolipid-BTSPT-OMV_1__F516,Sphingolipid-BTSPT-OMV_1,multi,1,0.454345703125,0,False
Sphingolipid-BTSPT-OMV_1__F517,Sphingolipid-BTSPT-OMV_1,empty,0,0.0,0,True
Sphingolipid-BTSPT-OMV_1__F518,Sphingolipid-BTSPT-OMV_1,empty,0,0.56787109375,0,True
Sphingolipid-BTSPT-OMV_1__F519,Sphingolipid-BTSPT-OMV_1,single,1,1.0,1,True
Sphingolipid-BTSPT-OMV_1__F52,Sphingolipid-BTSPT-OMV_1,multi,1,1.0,1,True
Sphingolipid-BTSPT-OMV_1__F520,Sphingolipid-BTSPT-OMV_1,empty,0,6.079673767089844e-06,0,True
Sphingolipid-BTSPT-OMV_1__F521,Sphingolipid-BTSPT-OMV_1,empty,0,0.0,0,True
Sphingolipid-BTSPT-OMV_1__F522,Sphingolipid-BTSPT-OMV_1,empty,0,0.0015850067138671875,0,True
Sphingolipid-BTSPT-OMV_1__F523,Sphingolipid-BTSPT-OMV_1,empty,0,0.0,0,True
Sphingolipid-BTSPT-OMV_1__F524,Sphingolipid-BTSPT-OMV_1,multi,1,1.0,1,True
Sphingolipid-BTSPT-OMV_1__F525,Sphingolipid-BTSPT-OMV_1,single,1,0.9775390625,1,True
Sphingolipid-BTSPT-OMV_1__F526,Sphingolipid-BTSPT-OMV_1,empty,0,1.7881393432617188e-07,0,True
Sphingolipid-BTSPT-OMV_1__F527,Sphingolipid-BTSPT-OMV_1,empty,0,0.4541015625,0,True
Sphingolipid-BTSPT-OMV_1__F528,Sphingolipid-BTSPT-OMV_1,multi,1,0.99951171875,1,True
Sphingolipid-BTSPT-OMV_1__F529,Sphingolipid-BTSPT-OMV_1,single,1,1.0,1,True
Sphingolipid-BTSPT-OMV_1__F53,Sphingolipid-BTSPT-OMV_1,empty,0,0.00847625732421875,0,True
Sphingolipid-BTSPT-OMV_1__F530,Sphingolipid-BTSPT-OMV_1,empty,0,2.0444393157958984e-05,0,True
Sphingolipid-BTSPT-OMV_1__F531,Sphingolipid-BTSPT-OMV_1,single,1,1.0,1,True
Sphingolipid-BTSPT-OMV_1__F532,Sphingolipid-BTSPT-OMV_1,single,1,0.998046875,1,True
Sphingolipid-BTSPT-OMV_1__F533,Sphingolipid-BTSPT-OMV_1,multi,1,1.0,1,True
Sphingolipid-BTSPT-OMV_1__F534,Sphingolipid-BTSPT-OMV_1,multi,1,1.0,1,True
Sphingolipid-BTSPT-OMV_1__F535,Sphingolipid-BTSPT-OMV_1,empty,0,1.430511474609375e-05,0,True
Sphingolipid-BTSPT-OMV_1__F536,Sphingolipid-BTSPT-OMV_1,empty,0,0.0,0,True
Sphingolipid-BTSPT-OMV_1__F537,Sphingolipid-BTSPT-OMV_1,empty,0,4.172325134277344e-07,0,True
Sphingolipid-BTSPT-OMV_1__F538,Sphingolipid-BTSPT-OMV_1,single,1,1.0,1,True
Sphingolipid-BTSPT-OMV_1__F539,Sphingolipid-BTSPT-OMV_1,empty,0,0.59912109375,0,True
Sphingolipid-BTSPT-OMV_1__F540,Sphingolipid-BTSPT-OMV_1,empty,0,0.990234375,1,False
Sphingolipid-BTSPT-OMV_1__F541,Sphingolipid-BTSPT-OMV_1,multi,1,1.0,1,True
Sphingolipid-BTSPT-OMV_1__F542,Sphingolipid-BTSPT-OMV_1,empty,0,0.0,0,True
Sphingolipid-BTSPT-OMV_1__F543,Sphingolipid-BTSPT-OMV_1,single,1,1.0,1,True
Sphingolipid-BTSPT-OMV_1__F544,Sphingolipid-BTSPT-OMV_1,single,1,1.0,1,True
Sphingolipid-BTSPT-OMV_1__F545,Sphingolipid-BTSPT-OMV_1,single,1,1.0,1,True
Sphingolipid-BTSPT-OMV_1__F546,Sphingolipid-BTSPT-OMV_1,multi,1,0.99462890625,1,True
Sphingolipid-BTSPT-OMV_1__F547,Sphingolipid-BTSPT-OMV_1,single,1,0.98974609375,1,True
Sphingolipid-BTSPT-OMV_1__F548,Sphingolipid-BTSPT-OMV_1,single,1,1.0,1,True
Sphingolipid-BTSPT-OMV_1__F549,Sphingolipid-BTSPT-OMV_1,empty,0,0.9697265625,1,False
Sphingolipid-BTSPT-OMV_1__F55,Sphingolipid-BTSPT-OMV_1,empty,0,0.0003998279571533203,0,True
Sphingolipid-BTSPT-OMV_1__F550,Sphingolipid-BTSPT-OMV_1,empty,0,0.0,0,True
Sphingolipid-BTSPT-OMV_1__F56,Sphingolipid-BTSPT-OMV_1,single,1,1.0,1,True
Sphingolipid-BTSPT-OMV_1__F57,Sphingolipid-BTSPT-OMV_1,single,1,1.0,1,True
Sphingolipid-BTSPT-OMV_1__F58,Sphingolipid-BTSPT-OMV_1,empty,0,0.0,0,True
Sphingolipid-BTSPT-OMV_1__F59,Sphingolipid-BTSPT-OMV_1,single,1,1.0,1,True
Sphingolipid-BTSPT-OMV_1__F6,Sphingolipid-BTSPT-OMV_1,single,1,0.99853515625,1,True
Sphingolipid-BTSPT-OMV_1__F60,Sphingolipid-BTSPT-OMV_1,empty,0,0.0004711151123046875,0,True
Sphingolipid-BTSPT-OMV_1__F61,Sphingolipid-BTSPT-OMV_1,empty,0,1.7881393432617188e-06,0,True
Sphingolipid-BTSPT-OMV_1__F62,Sphingolipid-BTSPT-OMV_1,empty,0,0.0,0,True
Sphingolipid-BTSPT-OMV_1__F63,Sphingolipid-BTSPT-OMV_1,empty,0,0.0,0,True
Sphingolipid-BTSPT-OMV_1__F64,Sphingolipid-BTSPT-OMV_1,empty,0,0.0,0,True
Sphingolipid-BTSPT-OMV_1__F65,Sphingolipid-BTSPT-OMV_1,multi,1,1.0,1,True
Sphingolipid-BTSPT-OMV_1__F66,Sphingolipid-BTSPT-OMV_1,empty,0,1.0,1,False
Sphingolipid-BTSPT-OMV_1__F67,Sphingolipid-BTSPT-OMV_1,empty,0,0.00012052059173583984,0,True
Sphingolipid-BTSPT-OMV_1__F68,Sphingolipid-BTSPT-OMV_1,empty,0,0.0063629150390625,0,True
Sphingolipid-BTSPT-OMV_1__F69,Sphingolipid-BTSPT-OMV_1,single,1,1.0,1,True
Sphingolipid-BTSPT-OMV_1__F7,Sphingolipid-BTSPT-OMV_1,single,1,1.0,1,True
Sphingolipid-BTSPT-OMV_1__F70,Sphingolipid-BTSPT-OMV_1,single,1,1.0,1,True
Sphingolipid-BTSPT-OMV_1__F71,Sphingolipid-BTSPT-OMV_1,empty,0,0.99951171875,1,False
Sphingolipid-BTSPT-OMV_1__F72,Sphingolipid-BTSPT-OMV_1,empty,0,0.0,0,True
Sphingolipid-BTSPT-OMV_1__F73,Sphingolipid-BTSPT-OMV_1,empty,0,0.95751953125,1,False
Sphingolipid-BTSPT-OMV_1__F74,Sphingolipid-BTSPT-OMV_1,multi,1,1.0,1,True
Sphingolipid-BTSPT-OMV_1__F75,Sphingolipid-BTSPT-OMV_1,single,1,1.0,1,True
Sphingolipid-BTSPT-OMV_1__F76,Sphingolipid-BTSPT-OMV_1,multi,1,1.0,1,True
Sphingolipid-BTSPT-OMV_1__F78,Sphingolipid-BTSPT-OMV_1,empty,0,8.404254913330078e-06,0,True
Sphingolipid-BTSPT-OMV_1__F79,Sphingolipid-BTSPT-OMV_1,empty,0,0.0,0,True
Sphingolipid-BTSPT-OMV_1__F8,Sphingolipid-BTSPT-OMV_1,single,1,0.9970703125,1,True
Sphingolipid-BTSPT-OMV_1__F80,Sphingolipid-BTSPT-OMV_1,empty,0,0.005535125732421875,0,True
Sphingolipid-BTSPT-OMV_1__F81,Sphingolipid-BTSPT-OMV_1,empty,0,0.9697265625,1,False
Sphingolipid-BTSPT-OMV_1__F82,Sphingolipid-BTSPT-OMV_1,empty,0,0.0,0,True
Sphingolipid-BTSPT-OMV_1__F83,Sphingolipid-BTSPT-OMV_1,single,1,1.0,1,True
Sphingolipid-BTSPT-OMV_1__F84,Sphingolipid-BTSPT-OMV_1,multi,1,1.0,1,True
Sphingolipid-BTSPT-OMV_1__F85,Sphingolipid-BTSPT-OMV_1,single,1,1.0,1,True
Sphingolipid-BTSPT-OMV_1__F86,Sphingolipid-BTSPT-OMV_1,single,1,0.69384765625,0,False
Sphingolipid-BTSPT-OMV_1__F87,Sphingolipid-BTSPT-OMV_1,empty,0,0.0,0,True
Sphingolipid-BTSPT-OMV_1__F88,Sphingolipid-BTSPT-OMV_1,single,1,1.0,1,True
Sphingolipid-BTSPT-OMV_1__F89,Sphingolipid-BTSPT-OMV_1,single,1,0.71240234375,1,True
Sphingolipid-BTSPT-OMV_1__F9,Sphingolipid-BTSPT-OMV_1,single,1,0.97802734375,1,True
Sphingolipid-BTSPT-OMV_1__F90,Sphingolipid-BTSPT-OMV_1,single,1,1.0,1,True
Sphingolipid-BTSPT-OMV_1__F91,Sphingolipid-BTSPT-OMV_1,single,1,0.64697265625,0,False
Sphingolipid-BTSPT-OMV_1__F92,Sphingolipid-BTSPT-OMV_1,single,1,1.0,1,True
Sphingolipid-BTSPT-OMV_1__F93,Sphingolipid-BTSPT-OMV_1,single,1,0.01132965087890625,0,False
Sphingolipid-BTSPT-OMV_1__F94,Sphingolipid-BTSPT-OMV_1,empty,0,0.0253753662109375,0,True
Sphingolipid-BTSPT-OMV_1__F95,Sphingolipid-BTSPT-OMV_1,multi,0,4.76837158203125e-07,0,True
Sphingolipid-BTSPT-OMV_1__F96,Sphingolipid-BTSPT-OMV_1,empty,0,0.99951171875,1,False
Sphingolipid-BTSPT-OMV_1__F97,Sphingolipid-BTSPT-OMV_1,single,1,0.939453125,1,True
Sphingolipid-BTSPT-OMV_1__F98,Sphingolipid-BTSPT-OMV_1,empty,0,3.4809112548828125e-05,0,True
Sphingolipid-BTSPT-OMV_1__F99,Sphingolipid-BTSPT-OMV_1,multi,1,0.0003554821014404297,0,False
Sphingolipid-BTWT-Cell-pellet_1__F1,Sphingolipid-BTWT-Cell-pellet_1,single,1,0.91552734375,1,True
Sphingolipid-BTWT-Cell-pellet_1__F10,Sphingolipid-BTWT-Cell-pellet_1,single,1,1.0,1,True
Sphingolipid-BTWT-Cell-pellet_1__F100,Sphingolipid-BTWT-Cell-pellet_1,single,1,1.0,1,True
Sphingolipid-BTWT-Cell-pellet_1__F101,Sphingolipid-BTWT-Cell-pellet_1,single,0,0.1829833984375,0,True
Sphingolipid-BTWT-Cell-pellet_1__F102,Sphingolipid-BTWT-Cell-pellet_1,empty,0,5.519390106201172e-05,0,True
Sphingolipid-BTWT-Cell-pellet_1__F103,Sphingolipid-BTWT-Cell-pellet_1,multi,1,1.0,1,True
Sphingolipid-BTWT-Cell-pellet_1__F104,Sphingolipid-BTWT-Cell-pellet_1,single,1,0.625,0,False
Sphingolipid-BTWT-Cell-pellet_1__F105,Sphingolipid-BTWT-Cell-pellet_1,single,1,1.0,1,True
Sphingolipid-BTWT-Cell-pellet_1__F106,Sphingolipid-BTWT-Cell-pellet_1,empty,0,0.0,0,True
Sphingolipid-BTWT-Cell-pellet_1__F107,Sphingolipid-BTWT-Cell-pellet_1,empty,0,5.066394805908203e-06,0,True
Sphingolipid-BTWT-Cell-pellet_1__F108,Sphingolipid-BTWT-Cell-pellet_1,empty,0,2.7418136596679688e-06,0,True
Sphingolipid-BTWT-Cell-pellet_1__F109,Sphingolipid-BTWT-Cell-pellet_1,single,1,0.6142578125,0,False
Sphingolipid-BTWT-Cell-pellet_1__F11,Sphingolipid-BTWT-Cell-pellet_1,multi,1,1.0,1,True
Sphingolipid-BTWT-Cell-pellet_1__F110,Sphingolipid-BTWT-Cell-pellet_1,single,1,0.171875,0,False
Sphingolipid-BTWT-Cell-pellet_1__F111,Sphingolipid-BTWT-Cell-pellet_1,single,1,1.0,1,True
Sphingolipid-BTWT-Cell-pellet_1__F112,Sphingolipid-BTWT-Cell-pellet_1,single,1,0.00027370452880859375,0,False
Sphingolipid-BTWT-Cell-pellet_1__F113,Sphingolipid-BTWT-Cell-pellet_1,single,1,1.0,1,True
Sphingolipid-BTWT-Cell-pellet_1__F114,Sphingolipid-BTWT-Cell-pellet_1,single,1,1.0,1,True
Sphingolipid-BTWT-Cell-pellet_1__F115,Sphingolipid-BTWT-Cell-pellet_1,single,1,0.99609375,1,True
Sphingolipid-BTWT-Cell-pellet_1__F116,Sphingolipid-BTWT-Cell-pellet_1,multi,1,0.99853515625,1,True
Sphingolipid-BTWT-Cell-pellet_1__F117,Sphingolipid-BTWT-Cell-pellet_1,empty,0,0.0,0,True
Sphingolipid-BTWT-Cell-pellet_1__F118,Sphingolipid-BTWT-Cell-pellet_1,single,1,1.0,1,True
Sphingolipid-BTWT-Cell-pellet_1__F119,Sphingolipid-BTWT-Cell-pellet_1,multi,1,0.99853515625,1,True
Sphingolipid-BTWT-Cell-pellet_1__F12,Sphingolipid-BTWT-Cell-pellet_1,single,1,1.0,1,True
Sphingolipid-BTWT-Cell-pellet_1__F120,Sphingolipid-BTWT-Cell-pellet_1,single,1,1.0,1,True
Sphingolipid-BTWT-Cell-pellet_1__F121,Sphingolipid-BTWT-Cell-pellet_1,multi,1,1.0,1,True
Sphingolipid-BTWT-Cell-pellet_1__F122,Sphingolipid-BTWT-Cell-pellet_1,single,1,0.99951171875,1,True
Sphingolipid-BTWT-Cell-pellet_1__F123,Sphingolipid-BTWT-Cell-pellet_1,empty,0,2.1457672119140625e-06,0,True
Sphingolipid-BTWT-Cell-pellet_1__F124,Sphingolipid-BTWT-Cell-pellet_1,single,1,1.0,1,True
Sphingolipid-BTWT-Cell-pellet_1__F125,Sphingolipid-BTWT-Cell-pellet_1,empty,0,0.0,0,True
Sphingolipid-BTWT-Cell-pellet_1__F126,Sphingolipid-BTWT-Cell-pellet_1,single,1,0.99951171875,1,True
Sphingolipid-BTWT-Cell-pellet_1__F127,Sphingolipid-BTWT-Cell-pellet_1,single,1,1.0,1,True
Sphingolipid-BTWT-Cell-pellet_1__F128,Sphingolipid-BTWT-Cell-pellet_1,empty,0,8.612871170043945e-05,0,True
Sphingolipid-BTWT-Cell-pellet_1__F129,Sphingolipid-BTWT-Cell-pellet_1,single,1,0.998046875,1,True
Sphingolipid-BTWT-Cell-pellet_1__F130,Sphingolipid-BTWT-Cell-pellet_1,single,1,0.050323486328125,0,False
Sphingolipid-BTWT-Cell-pellet_1__F131,Sphingolipid-BTWT-Cell-pellet_1,single,1,1.0,1,True
Sphingolipid-BTWT-Cell-pellet_1__F132,Sphingolipid-BTWT-Cell-pellet_1,empty,0,0.0,0,True
Sphingolipid-BTWT-Cell-pellet_1__F133,Sphingolipid-BTWT-Cell-pellet_1,single,1,1.0,1,True
Sphingolipid-BTWT-Cell-pellet_1__F134,Sphingolipid-BTWT-Cell-pellet_1,multi,1,1.0,1,True
Sphingolipid-BTWT-Cell-pellet_1__F135,Sphingolipid-BTWT-Cell-pellet_1,single,1,0.042083740234375,0,False
Sphingolipid-BTWT-Cell-pellet_1__F136,Sphingolipid-BTWT-Cell-pellet_1,empty,0,0.0,0,True
Sphingolipid-BTWT-Cell-pellet_1__F137,Sphingolipid-BTWT-Cell-pellet_1,single,1,1.0,1,True
Sphingolipid-BTWT-Cell-pellet_1__F138,Sphingolipid-BTWT-Cell-pellet_1,single,1,1.0,1,True
Sphingolipid-BTWT-Cell-pellet_1__F139,Sphingolipid-BTWT-Cell-pellet_1,empty,0,0.312255859375,0,True
Sphingolipid-BTWT-Cell-pellet_1__F14,Sphingolipid-BTWT-Cell-pellet_1,empty,0,0.0,0,True
Sphingolipid-BTWT-Cell-pellet_1__F140,Sphingolipid-BTWT-Cell-pellet_1,single,1,1.9669532775878906e-06,0,False
Sphingolipid-BTWT-Cell-pellet_1__F141,Sphingolipid-BTWT-Cell-pellet_1,single,1,0.38671875,0,False
Sphingolipid-BTWT-Cell-pellet_1__F142,Sphingolipid-BTWT-Cell-pellet_1,multi,1,1.0,1,True
Sphingolipid-BTWT-Cell-pellet_1__F143,Sphingolipid-BTWT-Cell-pellet_1,empty,0,0.0,0,True
Sphingolipid-BTWT-Cell-pellet_1__F144,Sphingolipid-BTWT-Cell-pellet_1,single,1,1.0,1,True
Sphingolipid-BTWT-Cell-pellet_1__F145,Sphingolipid-BTWT-Cell-pellet_1,single,1,1.0,1,True
Sphingolipid-BTWT-Cell-pellet_1__F146,Sphingolipid-BTWT-Cell-pellet_1,single,1,1.0,1,True
Sphingolipid-BTWT-Cell-pellet_1__F147,Sphingolipid-BTWT-Cell-pellet_1,single,1,0.19482421875,0,False
Sphingolipid-BTWT-Cell-pellet_1__F148,Sphingolipid-BTWT-Cell-pellet_1,empty,0,0.0,0,True
Sphingolipid-BTWT-Cell-pellet_1__F149,Sphingolipid-BTWT-Cell-pellet_1,empty,0,0.0,0,True
Sphingolipid-BTWT-Cell-pellet_1__F15,Sphingolipid-BTWT-Cell-pellet_1,single,1,0.10302734375,0,False
Sphingolipid-BTWT-Cell-pellet_1__F150,Sphingolipid-BTWT-Cell-pellet_1,empty,0,0.0,0,True
Sphingolipid-BTWT-Cell-pellet_1__F151,Sphingolipid-BTWT-Cell-pellet_1,single,1,1.0,1,True
Sphingolipid-BTWT-Cell-pellet_1__F152,Sphingolipid-BTWT-Cell-pellet_1,single,1,0.9921875,1,True
Sphingolipid-BTWT-Cell-pellet_1__F153,Sphingolipid-BTWT-Cell-pellet_1,single,1,1.0,1,True
Sphingolipid-BTWT-Cell-pellet_1__F154,Sphingolipid-BTWT-Cell-pellet_1,multi,1,1.0,1,True
Sphingolipid-BTWT-Cell-pellet_1__F155,Sphingolipid-BTWT-Cell-pellet_1,single,1,0.99951171875,1,True
Sphingolipid-BTWT-Cell-pellet_1__F156,Sphingolipid-BTWT-Cell-pellet_1,multi,1,0.27197265625,0,False
Sphingolipid-BTWT-Cell-pellet_1__F157,Sphingolipid-BTWT-Cell-pellet_1,single,1,0.00930023193359375,0,False
Sphingolipid-BTWT-Cell-pellet_1__F158,Sphingolipid-BTWT-Cell-pellet_1,empty,0,0.0,0,True
Sphingolipid-BTWT-Cell-pellet_1__F159,Sphingolipid-BTWT-Cell-pellet_1,single,1,1.0,1,True
Sphingolipid-BTWT-Cell-pellet_1__F16,Sphingolipid-BTWT-Cell-pellet_1,empty,0,2.384185791015625e-06,0,True
Sphingolipid-BTWT-Cell-pellet_1__F160,Sphingolipid-BTWT-Cell-pellet_1,single,1,1.0,1,True
Sphingolipid-BTWT-Cell-pellet_1__F162,Sphingolipid-BTWT-Cell-pellet_1,single,1,0.40625,0,False
Sphingolipid-BTWT-Cell-pellet_1__F163,Sphingolipid-BTWT-Cell-pellet_1,empty,0,0.0,0,True
Sphingolipid-BTWT-Cell-pellet_1__F164,Sphingolipid-BTWT-Cell-pellet_1,single,1,0.99951171875,1,True
Sphingolipid-BTWT-Cell-pellet_1__F166,Sphingolipid-BTWT-Cell-pellet_1,multi,1,1.0,1,True
Sphingolipid-BTWT-Cell-pellet_1__F167,Sphingolipid-BTWT-Cell-pellet_1,empty,0,0.0,0,True
Sphingolipid-BTWT-Cell-pellet_1__F168,Sphingolipid-BTWT-Cell-pellet_1,single,1,0.6943359375,0,False
Sphingolipid-BTWT-Cell-pellet_1__F169,Sphingolipid-BTWT-Cell-pellet_1,empty,0,0.0,0,True
Sphingolipid-BTWT-Cell-pellet_1__F170,Sphingolipid-BTWT-Cell-pellet_1,empty,0,0.0,0,True
Sphingolipid-BTWT-Cell-pellet_1__F171,Sphingolipid-BTWT-Cell-pellet_1,multi,1,1.0,1,True
Sphingolipid-BTWT-Cell-pellet_1__F172,Sphingolipid-BTWT-Cell-pellet_1,empty,0,1.1920928955078125e-07,0,True
Sphingolipid-BTWT-Cell-pellet_1__F173,Sphingolipid-BTWT-Cell-pellet_1,single,1,1.0,1,True
Sphingolipid-BTWT-Cell-pellet_1__F174,Sphingolipid-BTWT-Cell-pellet_1,multi,1,0.8583984375,1,True
Sphingolipid-BTWT-Cell-pellet_1__F175,Sphingolipid-BTWT-Cell-pellet_1,single,1,1.0,1,True
Sphingolipid-BTWT-Cell-pellet_1__F176,Sphingolipid-BTWT-Cell-pellet_1,empty,0,0.04010009765625,0,True
Sphingolipid-BTWT-Cell-pellet_1__F177,Sphingolipid-BTWT-Cell-pellet_1,empty,0,0.0,0,True
Sphingolipid-BTWT-Cell-pellet_1__F178,Sphingolipid-BTWT-Cell-pellet_1,empty,0,0.0,0,True
Sphingolipid-BTWT-Cell-pellet_1__F179,Sphingolipid-BTWT-Cell-pellet_1,empty,0,2.3186206817626953e-05,0,True
Sphingolipid-BTWT-Cell-pellet_1__F18,Sphingolipid-BTWT-Cell-pellet_1,single,1,1.0,1,True
Sphingolipid-BTWT-Cell-pellet_1__F180,Sphingolipid-BTWT-Cell-pellet_1,empty,0,0.0,0,True
Sphingolipid-BTWT-Cell-pellet_1__F181,Sphingolipid-BTWT-Cell-pellet_1,single,1,1.0,1,True
Sphingolipid-BTWT-Cell-pellet_1__F182,Sphingolipid-BTWT-Cell-pellet_1,multi,1,0.092529296875,0,False
Sphingolipid-BTWT-Cell-pellet_1__F183,Sphingolipid-BTWT-Cell-pellet_1,single,1,0.9970703125,1,True
Sphingolipid-BTWT-Cell-pellet_1__F184,Sphingolipid-BTWT-Cell-pellet_1,empty,0,0.0,0,True
Sphingolipid-BTWT-Cell-pellet_1__F185,Sphingolipid-BTWT-Cell-pellet_1,single,1,0.99462890625,1,True
Sphingolipid-BTWT-Cell-pellet_1__F186,Sphingolipid-BTWT-Cell-pellet_1,single,1,0.99951171875,1,True
Sphingolipid-BTWT-Cell-pellet_1__F187,Sphingolipid-BTWT-Cell-pellet_1,multi,1,1.0,1,True
Sphingolipid-BTWT-Cell-pellet_1__F188,Sphingolipid-BTWT-Cell-pellet_1,single,1,0.244140625,0,False
Sphingolipid-BTWT-Cell-pellet_1__F189,Sphingolipid-BTWT-Cell-pellet_1,multi,1,0.207275390625,0,False
Sphingolipid-BTWT-Cell-pellet_1__F19,Sphingolipid-BTWT-Cell-pellet_1,single,1,1.633167266845703e-05,0,False
Sphingolipid-BTWT-Cell-pellet_1__F190,Sphingolipid-BTWT-Cell-pellet_1,single,1,1.0,1,True
Sphingolipid-BTWT-Cell-pellet_1__F191,Sphingolipid-BTWT-Cell-pellet_1,single,1,0.99365234375,1,True
Sphingolipid-BTWT-Cell-pellet_1__F192,Sphingolipid-BTWT-Cell-pellet_1,single,1,0.96484375,1,True
Sphingolipid-BTWT-Cell-pellet_1__F193,Sphingolipid-BTWT-Cell-pellet_1,single,1,1.0,1,True
Sphingolipid-BTWT-Cell-pellet_1__F194,Sphingolipid-BTWT-Cell-pellet_1,single,0,0.0,0,True
Sphingolipid-BTWT-Cell-pellet_1__F195,Sphingolipid-BTWT-Cell-pellet_1,single,1,1.0,1,True
Sphingolipid-BTWT-Cell-pellet_1__F196,Sphingolipid-BTWT-Cell-pellet_1,multi,1,0.998046875,1,True
Sphingolipid-BTWT-Cell-pellet_1__F197,Sphingolipid-BTWT-Cell-pellet_1,single,1,1.0,1,True
Sphingolipid-BTWT-Cell-pellet_1__F198,Sphingolipid-BTWT-Cell-pellet_1,single,1,0.08740234375,0,False
Sphingolipid-BTWT-Cell-pellet_1__F199,Sphingolipid-BTWT-Cell-pellet_1,empty,0,1.7881393432617188e-07,0,True
Sphingolipid-BTWT-Cell-pellet_1__F2,Sphingolipid-BTWT-Cell-pellet_1,single,1,0.99951171875,1,True
Sphingolipid-BTWT-Cell-pellet_1__F20,Sphingolipid-BTWT-Cell-pellet_1,empty,0,0.0012254714965820312,0,True
Sphingolipid-BTWT-Cell-pellet_1__F200,Sphingolipid-BTWT-Cell-pellet_1,empty,0,0.0,0,True
Sphingolipid-BTWT-Cell-pellet_1__F201,Sphingolipid-BTWT-Cell-pellet_1,empty,0,4.172325134277344e-07,0,True
Sphingolipid-BTWT-Cell-pellet_1__F202,Sphingolipid-BTWT-Cell-pellet_1,empty,0,0.029754638671875,0,True
Sphingolipid-BTWT-Cell-pellet_1__F203,Sphingolipid-BTWT-Cell-pellet_1,multi,1,0.99609375,1,True
Sphingolipid-BTWT-Cell-pellet_1__F204,Sphingolipid-BTWT-Cell-pellet_1,single,1,1.0,1,True
Sphingolipid-BTWT-Cell-pellet_1__F205,Sphingolipid-BTWT-Cell-pellet_1,multi,1,1.0,1,True
Sphingolipid-BTWT-Cell-pellet_1__F206,Sphingolipid-BTWT-Cell-pellet_1,multi,1,0.78271484375,1,True
Sphingolipid-BTWT-Cell-pellet_1__F207,Sphingolipid-BTWT-Cell-pellet_1,single,1,1.0,1,True
Sphingolipid-BTWT-Cell-pellet_1__F208,Sphingolipid-BTWT-Cell-pellet_1,single,1,1.0,1,True
Sphingolipid-BTWT-Cell-pellet_1__F209,Sphingolipid-BTWT-Cell-pellet_1,single,1,0.2337646484375,0,False
Sphingolipid-BTWT-Cell-pellet_1__F21,Sphingolipid-BTWT-Cell-pellet_1,single,1,1.0,1,True
Sphingolipid-BTWT-Cell-pellet_1__F210,Sphingolipid-BTWT-Cell-pellet_1,single,1,0.513671875,0,False
Sphingolipid-BTWT-Cell-pellet_1__F211,Sphingolipid-BTWT-Cell-pellet_1,empty,0,0.0,0,True
Sphingolipid-BTWT-Cell-pellet_1__F212,Sphingolipid-BTWT-Cell-pellet_1,single,1,0.99951171875,1,True
Sphingolipid-BTWT-Cell-pellet_1__F213,Sphingolipid-BTWT-Cell-pellet_1,multi,1,1.0,1,True
Sphingolipid-BTWT-Cell-pellet_1__F214,Sphingolipid-BTWT-Cell-pellet_1,single,1,1.0,1,True
Sphingolipid-BTWT-Cell-pellet_1__F215,Sphingolipid-BTWT-Cell-pellet_1,empty,0,0.0003459453582763672,0,True
Sphingolipid-BTWT-Cell-pellet_1__F216,Sphingolipid-BTWT-Cell-pellet_1,empty,0,0.0,0,True
Sphingolipid-BTWT-Cell-pellet_1__F217,Sphingolipid-BTWT-Cell-pellet_1,single,1,1.0,1,True
Sphingolipid-BTWT-Cell-pellet_1__F218,Sphingolipid-BTWT-Cell-pellet_1,single,1,1.0,1,True
Sphingolipid-BTWT-Cell-pellet_1__F219,Sphingolipid-BTWT-Cell-pellet_1,single,1,1.0,1,True
Sphingolipid-BTWT-Cell-pellet_1__F22,Sphingolipid-BTWT-Cell-pellet_1,single,1,1.0,1,True
Sphingolipid-BTWT-Cell-pellet_1__F220,Sphingolipid-BTWT-Cell-pellet_1,multi,1,1.0,1,True
Sphingolipid-BTWT-Cell-pellet_1__F221,Sphingolipid-BTWT-Cell-pellet_1,single,1,1.0,1,True
Sphingolipid-BTWT-Cell-pellet_1__F222,Sphingolipid-BTWT-Cell-pellet_1,empty,0,0.0,0,True
Sphingolipid-BTWT-Cell-pellet_1__F223,Sphingolipid-BTWT-Cell-pellet_1,single,1,0.9814453125,1,True
Sphingolipid-BTWT-Cell-pellet_1__F224,Sphingolipid-BTWT-Cell-pellet_1,single,1,1.0,1,True
Sphingolipid-BTWT-Cell-pellet_1__F225,Sphingolipid-BTWT-Cell-pellet_1,single,1,0.99951171875,1,True
Sphingolipid-BTWT-Cell-pellet_1__F226,Sphingolipid-BTWT-Cell-pellet_1,single,1,0.99609375,1,True
Sphingolipid-BTWT-Cell-pellet_1__F227,Sphingolipid-BTWT-Cell-pellet_1,multi,1,1.0,1,True
Sphingolipid-BTWT-Cell-pellet_1__F228,Sphingolipid-BTWT-Cell-pellet_1,single,1,1.0,1,True
Sphingolipid-BTWT-Cell-pellet_1__F229,Sphingolipid-BTWT-Cell-pellet_1,single,1,1.0,1,True
Sphingolipid-BTWT-Cell-pellet_1__F23,Sphingolipid-BTWT-Cell-pellet_1,empty,0,0.03656005859375,0,True
Sphingolipid-BTWT-Cell-pellet_1__F230,Sphingolipid-BTWT-Cell-pellet_1,single,1,0.0034694671630859375,0,False
Sphingolipid-BTWT-Cell-pellet_1__F231,Sphingolipid-BTWT-Cell-pellet_1,empty,0,0.0,0,True
Sphingolipid-BTWT-Cell-pellet_1__F232,Sphingolipid-BTWT-Cell-pellet_1,single,1,1.0,1,True
Sphingolipid-BTWT-Cell-pellet_1__F233,Sphingolipid-BTWT-Cell-pellet_1,multi,1,1.0,1,True
Sphingolipid-BTWT-Cell-pellet_1__F234,Sphingolipid-BTWT-Cell-pellet_1,empty,0,0.0,0,True
Sphingolipid-BTWT-Cell-pellet_1__F235,Sphingolipid-BTWT-Cell-pellet_1,single,1,1.0,1,True
Sphingolipid-BTWT-Cell-pellet_1__F236,Sphingolipid-BTWT-Cell-pellet_1,multi,0,3.5762786865234375e-07,0,True
Sphingolipid-BTWT-Cell-pellet_1__F237,Sphingolipid-BTWT-Cell-pellet_1,empty,0,0.0,0,True
Sphingolipid-BTWT-Cell-pellet_1__F238,Sphingolipid-BTWT-Cell-pellet_1,single,1,0.0001055598258972168,0,False
Sphingolipid-BTWT-Cell-pellet_1__F239,Sphingolipid-BTWT-Cell-pellet_1,single,1,0.99755859375,1,True
Sphingolipid-BTWT-Cell-pellet_1__F24,Sphingolipid-BTWT-Cell-pellet_1,empty,0,0.0,0,True
Sphingolipid-BTWT-Cell-pellet_1__F240,Sphingolipid-BTWT-Cell-pellet_1,single,1,1.0,1,True
Sphingolipid-BTWT-Cell-pellet_1__F241,Sphingolipid-BTWT-Cell-pellet_1,single,1,1.0,1,True
Sphingolipid-BTWT-Cell-pellet_1__F242,Sphingolipid-BTWT-Cell-pellet_1,single,1,1.0,1,True
Sphingolipid-BTWT-Cell-pellet_1__F243,Sphingolipid-BTWT-Cell-pellet_1,single,1,1.0,1,True
Sphingolipid-BTWT-Cell-pellet_1__F244,Sphingolipid-BTWT-Cell-pellet_1,single,1,1.0,1,True
Sphingolipid-BTWT-Cell-pellet_1__F245,Sphingolipid-BTWT-Cell-pellet_1,single,1,1.0,1,True
Sphingolipid-BTWT-Cell-pellet_1__F246,Sphingolipid-BTWT-Cell-pellet_1,empty,0,0.94091796875,1,False
Sphingolipid-BTWT-Cell-pellet_1__F247,Sphingolipid-BTWT-Cell-pellet_1,single,1,1.0,1,True
Sphingolipid-BTWT-Cell-pellet_1__F248,Sphingolipid-BTWT-Cell-pellet_1,empty,0,0.0,0,True
Sphingolipid-BTWT-Cell-pellet_1__F249,Sphingolipid-BTWT-Cell-pellet_1,multi,1,0.849609375,1,True
Sphingolipid-BTWT-Cell-pellet_1__F25,Sphingolipid-BTWT-Cell-pellet_1,empty,0,0.66552734375,0,True
Sphingolipid-BTWT-Cell-pellet_1__F250,Sphingolipid-BTWT-Cell-pellet_1,empty,0,0.0,0,True
Sphingolipid-BTWT-Cell-pellet_1__F251,Sphingolipid-BTWT-Cell-pellet_1,empty,0,0.0003998279571533203,0,True
Sphingolipid-BTWT-Cell-pellet_1__F252,Sphingolipid-BTWT-Cell-pellet_1,empty,0,5.364418029785156e-07,0,True
Sphingolipid-BTWT-Cell-pellet_1__F253,Sphingolipid-BTWT-Cell-pellet_1,single,1,1.0,1,True
Sphingolipid-BTWT-Cell-pellet_1__F254,Sphingolipid-BTWT-Cell-pellet_1,multi,1,1.0,1,True
Sphingolipid-BTWT-Cell-pellet_1__F255,Sphingolipid-BTWT-Cell-pellet_1,single,1,0.002140045166015625,0,False
Sphingolipid-BTWT-Cell-pellet_1__F256,Sphingolipid-BTWT-Cell-pellet_1,single,1,2.384185791015625e-07,0,False
Sphingolipid-BTWT-Cell-pellet_1__F257,Sphingolipid-BTWT-Cell-pellet_1,single,1,1.0,1,True
Sphingolipid-BTWT-Cell-pellet_1__F258,Sphingolipid-BTWT-Cell-pellet_1,empty,0,2.5033950805664062e-06,0,True
Sphingolipid-BTWT-Cell-pellet_1__F259,Sphingolipid-BTWT-Cell-pellet_1,multi,1,0.64501953125,0,False
Sphingolipid-BTWT-Cell-pellet_1__F26,Sphingolipid-BTWT-Cell-pellet_1,single,1,1.0,1,True
Sphingolipid-BTWT-Cell-pellet_1__F260,Sphingolipid-BTWT-Cell-pellet_1,multi,1,2.2649765014648438e-05,0,False
Sphingolipid-BTWT-Cell-pellet_1__F261,Sphingolipid-BTWT-Cell-pellet_1,multi,1,0.9306640625,1,True
Sphingolipid-BTWT-Cell-pellet_1__F262,Sphingolipid-BTWT-Cell-pellet_1,single,1,1.0,1,True
Sphingolipid-BTWT-Cell-pellet_1__F263,Sphingolipid-BTWT-Cell-pellet_1,single,1,1.0,1,True
Sphingolipid-BTWT-Cell-pellet_1__F264,Sphingolipid-BTWT-Cell-pellet_1,multi,1,0.008575439453125,0,False
Sphingolipid-BTWT-Cell-pellet_1__F265,Sphingolipid-BTWT-Cell-pellet_1,empty,0,0.0003101825714111328,0,True
Sphingolipid-BTWT-Cell-pellet_1__F266,Sphingolipid-BTWT-Cell-pellet_1,multi,1,1.0,1,True
Sphingolipid-BTWT-Cell-pellet_1__F267,Sphingolipid-BTWT-Cell-pellet_1,empty,0,0.0,0,True
Sphingolipid-BTWT-Cell-pellet_1__F268,Sphingolipid-BTWT-Cell-pellet_1,empty,0,5.960464477539063e-08,0,True
Sphingolipid-BTWT-Cell-pellet_1__F269,Sphingolipid-BTWT-Cell-pellet_1,single,1,0.99462890625,1,True
Sphingolipid-BTWT-Cell-pellet_1__F27,Sphingolipid-BTWT-Cell-pellet_1,single,1,0.837890625,1,True
Sphingolipid-BTWT-Cell-pellet_1__F270,Sphingolipid-BTWT-Cell-pellet_1,single,1,1.0,1,True
Sphingolipid-BTWT-Cell-pellet_1__F271,Sphingolipid-BTWT-Cell-pellet_1,empty,0,4.13060188293457e-05,0,True
Sphingolipid-BTWT-Cell-pellet_1__F272,Sphingolipid-BTWT-Cell-pellet_1,multi,1,1.0,1,True
Sphingolipid-BTWT-Cell-pellet_1__F273,Sphingolipid-BTWT-Cell-pellet_1,single,1,0.99755859375,1,True
Sphingolipid-BTWT-Cell-pellet_1__F274,Sphingolipid-BTWT-Cell-pellet_1,single,1,0.260009765625,0,False
Sphingolipid-BTWT-Cell-pellet_1__F275,Sphingolipid-BTWT-Cell-pellet_1,single,1,1.0,1,True
Sphingolipid-BTWT-Cell-pellet_1__F276,Sphingolipid-BTWT-Cell-pellet_1,single,1,1.0,1,True
Sphingolipid-BTWT-Cell-pellet_1__F277,Sphingolipid-BTWT-Cell-pellet_1,empty,0,0.0,0,True
Sphingolipid-BTWT-Cell-pellet_1__F278,Sphingolipid-BTWT-Cell-pellet_1,empty,0,0.0,0,True
Sphingolipid-BTWT-Cell-pellet_1__F279,Sphingolipid-BTWT-Cell-pellet_1,multi,1,0.9990234375,1,True
Sphingolipid-BTWT-Cell-pellet_1__F280,Sphingolipid-BTWT-Cell-pellet_1,single,1,1.0,1,True
Sphingolipid-BTWT-Cell-pellet_1__F281,Sphingolipid-BTWT-Cell-pellet_1,empty,0,0.0,0,True
Sphingolipid-BTWT-Cell-pellet_1__F282,Sphingolipid-BTWT-Cell-pellet_1,single,1,1.0,1,True
Sphingolipid-BTWT-Cell-pellet_1__F283,Sphingolipid-BTWT-Cell-pellet_1,single,1,1.0,1,True
Sphingolipid-BTWT-Cell-pellet_1__F284,Sphingolipid-BTWT-Cell-pellet_1,single,1,1.0,1,True
Sphingolipid-BTWT-Cell-pellet_1__F285,Sphingolipid-BTWT-Cell-pellet_1,single,1,1.0,1,True
Sphingolipid-BTWT-Cell-pellet_1__F286,Sphingolipid-BTWT-Cell-pellet_1,single,1,1.0,1,True
Sphingolipid-BTWT-Cell-pellet_1__F287,Sphingolipid-BTWT-Cell-pellet_1,single,1,0.99951171875,1,True
Sphingolipid-BTWT-Cell-pellet_1__F288,Sphingolipid-BTWT-Cell-pellet_1,single,1,0.9990234375,1,True
Sphingolipid-BTWT-Cell-pellet_1__F289,Sphingolipid-BTWT-Cell-pellet_1,single,1,0.1766357421875,0,False
Sphingolipid-BTWT-Cell-pellet_1__F29,Sphingolipid-BTWT-Cell-pellet_1,empty,0,0.0,0,True
Sphingolipid-BTWT-Cell-pellet_1__F290,Sphingolipid-BTWT-Cell-pellet_1,empty,0,7.152557373046875e-07,0,True
Sphingolipid-BTWT-Cell-pellet_1__F291,Sphingolipid-BTWT-Cell-pellet_1,empty,0,0.0,0,True
Sphingolipid-BTWT-Cell-pellet_1__F292,Sphingolipid-BTWT-Cell-pellet_1,single,1,0.99951171875,1,True
Sphingolipid-BTWT-Cell-pellet_1__F293,Sphingolipid-BTWT-Cell-pellet_1,single,1,0.5498046875,0,False
Sphingolipid-BTWT-Cell-pellet_1__F294,Sphingolipid-BTWT-Cell-pellet_1,multi,1,1.0,1,True
Sphingolipid-BTWT-Cell-pellet_1__F295,Sphingolipid-BTWT-Cell-pellet_1,single,1,1.0,1,True
Sphingolipid-BTWT-Cell-pellet_1__F296,Sphingolipid-BTWT-Cell-pellet_1,single,1,0.9814453125,1,True
Sphingolipid-BTWT-Cell-pellet_1__F297,Sphingolipid-BTWT-Cell-pellet_1,multi,1,1.0,1,True
Sphingolipid-BTWT-Cell-pellet_1__F298,Sphingolipid-BTWT-Cell-pellet_1,empty,0,0.0236053466796875,0,True
Sphingolipid-BTWT-Cell-pellet_1__F299,Sphingolipid-BTWT-Cell-pellet_1,single,1,1.0,1,True
Sphingolipid-BTWT-Cell-pellet_1__F3,Sphingolipid-BTWT-Cell-pellet_1,single,1,1.1920928955078125e-06,0,False
Sphingolipid-BTWT-Cell-pellet_1__F30,Sphingolipid-BTWT-Cell-pellet_1,empty,0,7.748603820800781e-07,0,True
Sphingolipid-BTWT-Cell-pellet_1__F300,Sphingolipid-BTWT-Cell-pellet_1,empty,0,0.0,0,True
Sphingolipid-BTWT-Cell-pellet_1__F301,Sphingolipid-BTWT-Cell-pellet_1,single,1,1.0,1,True
Sphingolipid-BTWT-Cell-pellet_1__F302,Sphingolipid-BTWT-Cell-pellet_1,single,0,2.3245811462402344e-06,0,True
Sphingolipid-BTWT-Cell-pellet_1__F303,Sphingolipid-BTWT-Cell-pellet_1,multi,1,1.0,1,True
Sphingolipid-BTWT-Cell-pellet_1__F304,Sphingolipid-BTWT-Cell-pellet_1,single,1,1.0,1,True
Sphingolipid-BTWT-Cell-pellet_1__F305,Sphingolipid-BTWT-Cell-pellet_1,empty,0,0.0,0,True
Sphingolipid-BTWT-Cell-pellet_1__F306,Sphingolipid-BTWT-Cell-pellet_1,single,1,1.0,1,True
Sphingolipid-BTWT-Cell-pellet_1__F307,Sphingolipid-BTWT-Cell-pellet_1,single,1,0.9990234375,1,True
Sphingolipid-BTWT-Cell-pellet_1__F308,Sphingolipid-BTWT-Cell-pellet_1,single,1,1.0,1,True
Sphingolipid-BTWT-Cell-pellet_1__F309,Sphingolipid-BTWT-Cell-pellet_1,single,1,0.54833984375,0,False
Sphingolipid-BTWT-Cell-pellet_1__F31,Sphingolipid-BTWT-Cell-pellet_1,multi,1,6.556510925292969e-07,0,False
Sphingolipid-BTWT-Cell-pellet_1__F310,Sphingolipid-BTWT-Cell-pellet_1,empty,0,0.0,0,True
Sphingolipid-BTWT-Cell-pellet_1__F311,Sphingolipid-BTWT-Cell-pellet_1,single,1,1.0,1,True
Sphingolipid-BTWT-Cell-pellet_1__F312,Sphingolipid-BTWT-Cell-pellet_1,single,1,1.0,1,True
Sphingolipid-BTWT-Cell-pellet_1__F313,Sphingolipid-BTWT-Cell-pellet_1,single,1,1.0,1,True
Sphingolipid-BTWT-Cell-pellet_1__F314,Sphingolipid-BTWT-Cell-pellet_1,empty,0,3.5762786865234375e-07,0,True
Sphingolipid-BTWT-Cell-pellet_1__F315,Sphingolipid-BTWT-Cell-pellet_1,empty,0,0.82666015625,1,False
Sphingolipid-BTWT-Cell-pellet_1__F316,Sphingolipid-BTWT-Cell-pellet_1,single,1,1.0,1,True
Sphingolipid-BTWT-Cell-pellet_1__F317,Sphingolipid-BTWT-Cell-pellet_1,single,1,1.0,1,True
Sphingolipid-BTWT-Cell-pellet_1__F318,Sphingolipid-BTWT-Cell-pellet_1,single,1,0.9990234375,1,True
Sphingolipid-BTWT-Cell-pellet_1__F319,Sphingolipid-BTWT-Cell-pellet_1,empty,0,0.0005035400390625,0,True
Sphingolipid-BTWT-Cell-pellet_1__F32,Sphingolipid-BTWT-Cell-pellet_1,empty,0,0.0018100738525390625,0,True
Sphingolipid-BTWT-Cell-pellet_1__F320,Sphingolipid-BTWT-Cell-pellet_1,multi,1,1.0,1,True
Sphingolipid-BTWT-Cell-pellet_1__F321,Sphingolipid-BTWT-Cell-pellet_1,multi,1,0.99853515625,1,True
Sphingolipid-BTWT-Cell-pellet_1__F322,Sphingolipid-BTWT-Cell-pellet_1,single,1,0.49609375,0,False
Sphingolipid-BTWT-Cell-pellet_1__F323,Sphingolipid-BTWT-Cell-pellet_1,single,1,1.0,1,True
Sphingolipid-BTWT-Cell-pellet_1__F324,Sphingolipid-BTWT-Cell-pellet_1,single,1,1.0,1,True
Sphingolipid-BTWT-Cell-pellet_1__F325,Sphingolipid-BTWT-Cell-pellet_1,single,1,1.0,1,True
Sphingolipid-BTWT-Cell-pellet_1__F326,Sphingolipid-BTWT-Cell-pellet_1,empty,0,3.5762786865234375e-07,0,True
Sphingolipid-BTWT-Cell-pellet_1__F327,Sphingolipid-BTWT-Cell-pellet_1,single,1,1.0,1,True
Sphingolipid-BTWT-Cell-pellet_1__F328,Sphingolipid-BTWT-Cell-pellet_1,single,1,0.99951171875,1,True
Sphingolipid-BTWT-Cell-pellet_1__F329,Sphingolipid-BTWT-Cell-pellet_1,single,1,1.0,1,True
Sphingolipid-BTWT-Cell-pellet_1__F33,Sphingolipid-BTWT-Cell-pellet_1,single,1,0.99951171875,1,True
Sphingolipid-BTWT-Cell-pellet_1__F330,Sphingolipid-BTWT-Cell-pellet_1,empty,0,0.0,0,True
Sphingolipid-BTWT-Cell-pellet_1__F331,Sphingolipid-BTWT-Cell-pellet_1,multi,1,1.0,1,True
Sphingolipid-BTWT-Cell-pellet_1__F332,Sphingolipid-BTWT-Cell-pellet_1,empty,0,0.047607421875,0,True
Sphingolipid-BTWT-Cell-pellet_1__F333,Sphingolipid-BTWT-Cell-pellet_1,empty,0,0.96826171875,1,False
Sphingolipid-BTWT-Cell-pellet_1__F334,Sphingolipid-BTWT-Cell-pellet_1,empty,0,0.0,0,True
Sphingolipid-BTWT-Cell-pellet_1__F335,Sphingolipid-BTWT-Cell-pellet_1,single,1,1.0,1,True
Sphingolipid-BTWT-Cell-pellet_1__F336,Sphingolipid-BTWT-Cell-pellet_1,single,1,1.0,1,True
Sphingolipid-BTWT-Cell-pellet_1__F337,Sphingolipid-BTWT-Cell-pellet_1,empty,0,0.0,0,True
Sphingolipid-BTWT-Cell-pellet_1__F338,Sphingolipid-BTWT-Cell-pellet_1,multi,1,0.9853515625,1,True
Sphingolipid-BTWT-Cell-pellet_1__F339,Sphingolipid-BTWT-Cell-pellet_1,empty,0,0.7216796875,1,False
Sphingolipid-BTWT-Cell-pellet_1__F34,Sphingolipid-BTWT-Cell-pellet_1,empty,0,0.0,0,True
Sphingolipid-BTWT-Cell-pellet_1__F341,Sphingolipid-BTWT-Cell-pellet_1,empty,0,0.0009112358093261719,0,True
Sphingolipid-BTWT-Cell-pellet_1__F342,Sphingolipid-BTWT-Cell-pellet_1,empty,0,0.0,0,True
Sphingolipid-BTWT-Cell-pellet_1__F343,Sphingolipid-BTWT-Cell-pellet_1,empty,0,1.0,1,False
Sphingolipid-BTWT-Cell-pellet_1__F344,Sphingolipid-BTWT-Cell-pellet_1,single,1,0.99951171875,1,True
Sphingolipid-BTWT-Cell-pellet_1__F345,Sphingolipid-BTWT-Cell-pellet_1,empty,0,0.0,0,True
Sphingolipid-BTWT-Cell-pellet_1__F346,Sphingolipid-BTWT-Cell-pellet_1,single,1,1.0,1,True
Sphingolipid-BTWT-Cell-pellet_1__F347,Sphingolipid-BTWT-Cell-pellet_1,single,1,1.0,1,True
Sphingolipid-BTWT-Cell-pellet_1__F348,Sphingolipid-BTWT-Cell-pellet_1,empty,0,0.034027099609375,0,True
Sphingolipid-BTWT-Cell-pellet_1__F349,Sphingolipid-BTWT-Cell-pellet_1,empty,0,0.0,0,True
Sphingolipid-BTWT-Cell-pellet_1__F35,Sphingolipid-BTWT-Cell-pellet_1,empty,0,0.0,0,True
Sphingolipid-BTWT-Cell-pellet_1__F350,Sphingolipid-BTWT-Cell-pellet_1,single,1,0.103759765625,0,False
Sphingolipid-BTWT-Cell-pellet_1__F351,Sphingolipid-BTWT-Cell-pellet_1,empty,0,0.394287109375,0,True
Sphingolipid-BTWT-Cell-pellet_1__F352,Sphingolipid-BTWT-Cell-pellet_1,multi,1,1.0,1,True
Sphingolipid-BTWT-Cell-pellet_1__F353,Sphingolipid-BTWT-Cell-pellet_1,single,1,1.0,1,True
Sphingolipid-BTWT-Cell-pellet_1__F354,Sphingolipid-BTWT-Cell-pellet_1,single,1,1.0,1,True
Sphingolipid-BTWT-Cell-pellet_1__F355,Sphingolipid-BTWT-Cell-pellet_1,empty,0,0.00701141357421875,0,True
Sphingolipid-BTWT-Cell-pellet_1__F356,Sphingolipid-BTWT-Cell-pellet_1,single,1,1.0,1,True
Sphingolipid-BTWT-Cell-pellet_1__F357,Sphingolipid-BTWT-Cell-pellet_1,empty,0,0.0005526542663574219,0,True
Sphingolipid-BTWT-Cell-pellet_1__F358,Sphingolipid-BTWT-Cell-pellet_1,empty,0,0.0,0,True
Sphingolipid-BTWT-Cell-pellet_1__F359,Sphingolipid-BTWT-Cell-pellet_1,empty,0,0.0,0,True
Sphingolipid-BTWT-Cell-pellet_1__F36,Sphingolipid-BTWT-Cell-pellet_1,empty,0,5.960464477539063e-08,0,True
Sphingolipid-BTWT-Cell-pellet_1__F360,Sphingolipid-BTWT-Cell-pellet_1,empty,0,0.0,0,True
Sphingolipid-BTWT-Cell-pellet_1__F361,Sphingolipid-BTWT-Cell-pellet_1,single,1,1.0,1,True
Sphingolipid-BTWT-Cell-pellet_1__F362,Sphingolipid-BTWT-Cell-pellet_1,multi,1,0.9462890625,1,True
Sphingolipid-BTWT-Cell-pellet_1__F363,Sphingolipid-BTWT-Cell-pellet_1,single,1,1.0,1,True
Sphingolipid-BTWT-Cell-pellet_1__F364,Sphingolipid-BTWT-Cell-pellet_1,empty,0,0.0006437301635742188,0,True
Sphingolipid-BTWT-Cell-pellet_1__F365,Sphingolipid-BTWT-Cell-pellet_1,multi,1,0.03302001953125,0,False
Sphingolipid-BTWT-Cell-pellet_1__F366,Sphingolipid-BTWT-Cell-pellet_1,single,1,1.0,1,True
Sphingolipid-BTWT-Cell-pellet_1__F367,Sphingolipid-BTWT-Cell-pellet_1,empty,0,1.1920928955078125e-07,0,True
Sphingolipid-BTWT-Cell-pellet_1__F368,Sphingolipid-BTWT-Cell-pellet_1,single,0,7.867813110351562e-06,0,True
Sphingolipid-BTWT-Cell-pellet_1__F369,Sphingolipid-BTWT-Cell-pellet_1,single,1,1.0,1,True
Sphingolipid-BTWT-Cell-pellet_1__F37,Sphingolipid-BTWT-Cell-pellet_1,single,1,1.0,1,True
Sphingolipid-BTWT-Cell-pellet_1__F370,Sphingolipid-BTWT-Cell-pellet_1,multi,1,1.0,1,True
Sphingolipid-BTWT-Cell-pellet_1__F371,Sphingolipid-BTWT-Cell-pellet_1,multi,1,1.0,1,True
Sphingolipid-BTWT-Cell-pellet_1__F372,Sphingolipid-BTWT-Cell-pellet_1,empty,0,0.0,0,True
Sphingolipid-BTWT-Cell-pellet_1__F373,Sphingolipid-BTWT-Cell-pellet_1,single,1,1.0,1,True
Sphingolipid-BTWT-Cell-pellet_1__F374,Sphingolipid-BTWT-Cell-pellet_1,single,1,1.0,1,True
Sphingolipid-BTWT-Cell-pellet_1__F375,Sphingolipid-BTWT-Cell-pellet_1,single,1,0.00025725364685058594,0,False
Sphingolipid-BTWT-Cell-pellet_1__F376,Sphingolipid-BTWT-Cell-pellet_1,empty,0,0.0,0,True
Sphingolipid-BTWT-Cell-pellet_1__F377,Sphingolipid-BTWT-Cell-pellet_1,single,1,1.0,1,True
Sphingolipid-BTWT-Cell-pellet_1__F378,Sphingolipid-BTWT-Cell-pellet_1,single,1,0.99951171875,1,True
Sphingolipid-BTWT-Cell-pellet_1__F379,Sphingolipid-BTWT-Cell-pellet_1,multi,1,1.0,1,True
Sphingolipid-BTWT-Cell-pellet_1__F38,Sphingolipid-BTWT-Cell-pellet_1,empty,0,0.0156707763671875,0,True
Sphingolipid-BTWT-Cell-pellet_1__F380,Sphingolipid-BTWT-Cell-pellet_1,single,1,1.0,1,True
Sphingolipid-BTWT-Cell-pellet_1__F381,Sphingolipid-BTWT-Cell-pellet_1,single,1,1.0,1,True
Sphingolipid-BTWT-Cell-pellet_1__F382,Sphingolipid-BTWT-Cell-pellet_1,multi,1,1.0,1,True
Sphingolipid-BTWT-Cell-pellet_1__F383,Sphingolipid-BTWT-Cell-pellet_1,empty,0,0.0,0,True
Sphingolipid-BTWT-Cell-pellet_1__F384,Sphingolipid-BTWT-Cell-pellet_1,empty,0,0.0,0,True
Sphingolipid-BTWT-Cell-pellet_1__F385,Sphingolipid-BTWT-Cell-pellet_1,single,1,0.83251953125,1,True
Sphingolipid-BTWT-Cell-pellet_1__F386,Sphingolipid-BTWT-Cell-pellet_1,single,1,0.00646209716796875,0,False
Sphingolipid-BTWT-Cell-pellet_1__F387,Sphingolipid-BTWT-Cell-pellet_1,empty,0,0.0,0,True
Sphingolipid-BTWT-Cell-pellet_1__F388,Sphingolipid-BTWT-Cell-pellet_1,single,1,0.96484375,1,True
Sphingolipid-BTWT-Cell-pellet_1__F389,Sphingolipid-BTWT-Cell-pellet_1,single,1,1.0,1,True
Sphingolipid-BTWT-Cell-pellet_1__F39,Sphingolipid-BTWT-Cell-pellet_1,single,1,0.99951171875,1,True
Sphingolipid-BTWT-Cell-pellet_1__F390,Sphingolipid-BTWT-Cell-pellet_1,empty,0,0.0,0,True
Sphingolipid-BTWT-Cell-pellet_1__F391,Sphingolipid-BTWT-Cell-pellet_1,single,1,1.0,1,True
Sphingolipid-BTWT-Cell-pellet_1__F392,Sphingolipid-BTWT-Cell-pellet_1,single,1,1.0,1,True
Sphingolipid-BTWT-Cell-pellet_1__F393,Sphingolipid-BTWT-Cell-pellet_1,empty,0,0.00020825862884521484,0,True
Sphingolipid-BTWT-Cell-pellet_1__F394,Sphingolipid-BTWT-Cell-pellet_1,single,1,1.0,1,True
Sphingolipid-BTWT-Cell-pellet_1__F395,Sphingolipid-BTWT-Cell-pellet_1,single,1,0.9970703125,1,True
Sphingolipid-BTWT-Cell-pellet_1__F396,Sphingolipid-BTWT-Cell-pellet_1,single,1,0.001789093017578125,0,False
Sphingolipid-BTWT-Cell-pellet_1__F397,Sphingolipid-BTWT-Cell-pellet_1,single,1,1.0,1,True
Sphingolipid-BTWT-Cell-pellet_1__F398,Sphingolipid-BTWT-Cell-pellet_1,single,1,0.9912109375,1,True
Sphingolipid-BTWT-Cell-pellet_1__F399,Sphingolipid-BTWT-Cell-pellet_1,single,1,1.0,1,True
Sphingolipid-BTWT-Cell-pellet_1__F4,Sphingolipid-BTWT-Cell-pellet_1,empty,0,0.0,0,True
Sphingolipid-BTWT-Cell-pellet_1__F40,Sphingolipid-BTWT-Cell-pellet_1,single,1,1.0,1,True
Sphingolipid-BTWT-Cell-pellet_1__F400,Sphingolipid-BTWT-Cell-pellet_1,multi,1,1.0,1,True
Sphingolipid-BTWT-Cell-pellet_1__F401,Sphingolipid-BTWT-Cell-pellet_1,multi,1,1.0,1,True
Sphingolipid-BTWT-Cell-pellet_1__F402,Sphingolipid-BTWT-Cell-pellet_1,single,1,1.0,1,True
Sphingolipid-BTWT-Cell-pellet_1__F403,Sphingolipid-BTWT-Cell-pellet_1,single,1,0.045013427734375,0,False
Sphingolipid-BTWT-Cell-pellet_1__F404,Sphingolipid-BTWT-Cell-pellet_1,multi,1,0.1947021484375,0,False
Sphingolipid-BTWT-Cell-pellet_1__F405,Sphingolipid-BTWT-Cell-pellet_1,multi,1,0.982421875,1,True
Sphingolipid-BTWT-Cell-pellet_1__F406,Sphingolipid-BTWT-Cell-pellet_1,empty,0,0.0,0,True
Sphingolipid-BTWT-Cell-pellet_1__F407,Sphingolipid-BTWT-Cell-pellet_1,multi,1,0.59521484375,0,False
Sphingolipid-BTWT-Cell-pellet_1__F408,Sphingolipid-BTWT-Cell-pellet_1,single,1,1.0,1,True
Sphingolipid-BTWT-Cell-pellet_1__F409,Sphingolipid-BTWT-Cell-pellet_1,single,1,0.015777587890625,0,False
Sphingolipid-BTWT-Cell-pellet_1__F41,Sphingolipid-BTWT-Cell-pellet_1,multi,1,1.0,1,True
Sphingolipid-BTWT-Cell-pellet_1__F410,Sphingolipid-BTWT-Cell-pellet_1,empty,0,0.0,0,True
Sphingolipid-BTWT-Cell-pellet_1__F411,Sphingolipid-BTWT-Cell-pellet_1,single,1,1.0,1,True
Sphingolipid-BTWT-Cell-pellet_1__F412,Sphingolipid-BTWT-Cell-pellet_1,empty,0,1.329183578491211e-05,0,True
Sphingolipid-BTWT-Cell-pellet_1__F413,Sphingolipid-BTWT-Cell-pellet_1,single,1,1.0,1,True
Sphingolipid-BTWT-Cell-pellet_1__F414,Sphingolipid-BTWT-Cell-pellet_1,single,1,0.99853515625,1,True
Sphingolipid-BTWT-Cell-pellet_1__F415,Sphingolipid-BTWT-Cell-pellet_1,empty,0,0.0,0,True
Sphingolipid-BTWT-Cell-pellet_1__F416,Sphingolipid-BTWT-Cell-pellet_1,single,1,1.0,1,True
Sphingolipid-BTWT-Cell-pellet_1__F417,Sphingolipid-BTWT-Cell-pellet_1,single,1,1.0,1,True
Sphingolipid-BTWT-Cell-pellet_1__F418,Sphingolipid-BTWT-Cell-pellet_1,multi,1,1.0,1,True
Sphingolipid-BTWT-Cell-pellet_1__F419,Sphingolipid-BTWT-Cell-pellet_1,single,1,0.99951171875,1,True
Sphingolipid-BTWT-Cell-pellet_1__F42,Sphingolipid-BTWT-Cell-pellet_1,empty,0,0.0012159347534179688,0,True
Sphingolipid-BTWT-Cell-pellet_1__F420,Sphingolipid-BTWT-Cell-pellet_1,single,1,0.006641387939453125,0,False
Sphingolipid-BTWT-Cell-pellet_1__F421,Sphingolipid-BTWT-Cell-pellet_1,single,1,0.99951171875,1,True
Sphingolipid-BTWT-Cell-pellet_1__F422,Sphingolipid-BTWT-Cell-pellet_1,single,1,0.49609375,0,False
Sphingolipid-BTWT-Cell-pellet_1__F423,Sphingolipid-BTWT-Cell-pellet_1,multi,1,1.0,1,True
Sphingolipid-BTWT-Cell-pellet_1__F424,Sphingolipid-BTWT-Cell-pellet_1,single,1,1.0,1,True
Sphingolipid-BTWT-Cell-pellet_1__F425,Sphingolipid-BTWT-Cell-pellet_1,empty,0,1.1920928955078125e-07,0,True
Sphingolipid-BTWT-Cell-pellet_1__F426,Sphingolipid-BTWT-Cell-pellet_1,single,0,3.11732292175293e-05,0,True
Sphingolipid-BTWT-Cell-pellet_1__F427,Sphingolipid-BTWT-Cell-pellet_1,single,1,1.0,1,True
Sphingolipid-BTWT-Cell-pellet_1__F428,Sphingolipid-BTWT-Cell-pellet_1,empty,0,0.0033512115478515625,0,True
Sphingolipid-BTWT-Cell-pellet_1__F429,Sphingolipid-BTWT-Cell-pellet_1,single,1,1.0,1,True
Sphingolipid-BTWT-Cell-pellet_1__F43,Sphingolipid-BTWT-Cell-pellet_1,multi,1,0.04193115234375,0,False
Sphingolipid-BTWT-Cell-pellet_1__F431,Sphingolipid-BTWT-Cell-pellet_1,multi,1,1.0,1,True
Sphingolipid-BTWT-Cell-pellet_1__F432,Sphingolipid-BTWT-Cell-pellet_1,empty,0,0.0054473876953125,0,True
Sphingolipid-BTWT-Cell-pellet_1__F433,Sphingolipid-BTWT-Cell-pellet_1,empty,0,0.001674652099609375,0,True
Sphingolipid-BTWT-Cell-pellet_1__F434,Sphingolipid-BTWT-Cell-pellet_1,empty,0,1.1920928955078125e-07,0,True
Sphingolipid-BTWT-Cell-pellet_1__F435,Sphingolipid-BTWT-Cell-pellet_1,single,1,1.0,1,True
Sphingolipid-BTWT-Cell-pellet_1__F436,Sphingolipid-BTWT-Cell-pellet_1,multi,1,0.99951171875,1,True
Sphingolipid-BTWT-Cell-pellet_1__F437,Sphingolipid-BTWT-Cell-pellet_1,multi,1,1.0,1,True
Sphingolipid-BTWT-Cell-pellet_1__F438,Sphingolipid-BTWT-Cell-pellet_1,empty,0,0.6455078125,0,True
Sphingolipid-BTWT-Cell-pellet_1__F439,Sphingolipid-BTWT-Cell-pellet_1,empty,0,0.0709228515625,0,True
Sphingolipid-BTWT-Cell-pellet_1__F44,Sphingolipid-BTWT-Cell-pellet_1,empty,0,0.0,0,True
Sphingolipid-BTWT-Cell-pellet_1__F440,Sphingolipid-BTWT-Cell-pellet_1,single,1,1.0,1,True
Sphingolipid-BTWT-Cell-pellet_1__F441,Sphingolipid-BTWT-Cell-pellet_1,empty,0,1.7881393432617188e-07,0,True
Sphingolipid-BTWT-Cell-pellet_1__F442,Sphingolipid-BTWT-Cell-pellet_1,empty,0,0.0,0,True
Sphingolipid-BTWT-Cell-pellet_1__F443,Sphingolipid-BTWT-Cell-pellet_1,single,1,1.0,1,True
Sphingolipid-BTWT-Cell-pellet_1__F444,Sphingolipid-BTWT-Cell-pellet_1,empty,0,0.0,0,True
Sphingolipid-BTWT-Cell-pellet_1__F445,Sphingolipid-BTWT-Cell-pellet_1,single,1,1.0,1,True
Sphingolipid-BTWT-Cell-pellet_1__F446,Sphingolipid-BTWT-Cell-pellet_1,single,1,0.9541015625,1,True
Sphingolipid-BTWT-Cell-pellet_1__F447,Sphingolipid-BTWT-Cell-pellet_1,empty,0,0.0,0,True
Sphingolipid-BTWT-Cell-pellet_1__F448,Sphingolipid-BTWT-Cell-pellet_1,single,1,0.99951171875,1,True
Sphingolipid-BTWT-Cell-pellet_1__F449,Sphingolipid-BTWT-Cell-pellet_1,single,1,1.0,1,True
Sphingolipid-BTWT-Cell-pellet_1__F45,Sphingolipid-BTWT-Cell-pellet_1,single,1,0.4208984375,0,False
Sphingolipid-BTWT-Cell-pellet_1__F450,Sphingolipid-BTWT-Cell-pellet_1,empty,0,2.384185791015625e-07,0,True
Sphingolipid-BTWT-Cell-pellet_1__F451,Sphingolipid-BTWT-Cell-pellet_1,single,1,0.94189453125,1,True
Sphingolipid-BTWT-Cell-pellet_1__F452,Sphingolipid-BTWT-Cell-pellet_1,single,1,1.0,1,True
Sphingolipid-BTWT-Cell-pellet_1__F453,Sphingolipid-BTWT-Cell-pellet_1,single,1,0.998046875,1,True
Sphingolipid-BTWT-Cell-pellet_1__F454,Sphingolipid-BTWT-Cell-pellet_1,single,1,1.0,1,True
Sphingolipid-BTWT-Cell-pellet_1__F455,Sphingolipid-BTWT-Cell-pellet_1,empty,0,7.152557373046875e-07,0,True
Sphingolipid-BTWT-Cell-pellet_1__F456,Sphingolipid-BTWT-Cell-pellet_1,single,1,1.0,1,True
Sphingolipid-BTWT-Cell-pellet_1__F457,Sphingolipid-BTWT-Cell-pellet_1,empty,0,0.0,0,True
Sphingolipid-BTWT-Cell-pellet_1__F458,Sphingolipid-BTWT-Cell-pellet_1,single,1,0.2459716796875,0,False
Sphingolipid-BTWT-Cell-pellet_1__F459,Sphingolipid-BTWT-Cell-pellet_1,empty,0,6.9141387939453125e-06,0,True
Sphingolipid-BTWT-Cell-pellet_1__F46,Sphingolipid-BTWT-Cell-pellet_1,empty,0,0.0003199577331542969,0,True
Sphingolipid-BTWT-Cell-pellet_1__F460,Sphingolipid-BTWT-Cell-pellet_1,multi,1,0.1942138671875,0,False
Sphingolipid-BTWT-Cell-pellet_1__F461,Sphingolipid-BTWT-Cell-pellet_1,empty,0,1.8477439880371094e-06,0,True
Sphingolipid-BTWT-Cell-pellet_1__F462,Sphingolipid-BTWT-Cell-pellet_1,single,1,1.0,1,True
Sphingolipid-BTWT-Cell-pellet_1__F463,Sphingolipid-BTWT-Cell-pellet_1,single,1,0.984375,1,True
Sphingolipid-BTWT-Cell-pellet_1__F464,Sphingolipid-BTWT-Cell-pellet_1,empty,0,0.0,0,True
Sphingolipid-BTWT-Cell-pellet_1__F465,Sphingolipid-BTWT-Cell-pellet_1,empty,0,0.0,0,True
Sphingolipid-BTWT-Cell-pellet_1__F466,Sphingolipid-BTWT-Cell-pellet_1,empty,0,0.055938720703125,0,True
Sphingolipid-BTWT-Cell-pellet_1__F467,Sphingolipid-BTWT-Cell-pellet_1,single,1,0.99658203125,1,True
Sphingolipid-BTWT-Cell-pellet_1__F468,Sphingolipid-BTWT-Cell-pellet_1,multi,1,1.0,1,True
Sphingolipid-BTWT-Cell-pellet_1__F469,Sphingolipid-BTWT-Cell-pellet_1,single,1,1.0,1,True
Sphingolipid-BTWT-Cell-pellet_1__F47,Sphingolipid-BTWT-Cell-pellet_1,single,1,0.98583984375,1,True
Sphingolipid-BTWT-Cell-pellet_1__F470,Sphingolipid-BTWT-Cell-pellet_1,empty,0,0.0,0,True
Sphingolipid-BTWT-Cell-pellet_1__F471,Sphingolipid-BTWT-Cell-pellet_1,single,1,0.15478515625,0,False
Sphingolipid-BTWT-Cell-pellet_1__F472,Sphingolipid-BTWT-Cell-pellet_1,empty,0,0.0,0,True
Sphingolipid-BTWT-Cell-pellet_1__F473,Sphingolipid-BTWT-Cell-pellet_1,single,1,0.99951171875,1,True
Sphingolipid-BTWT-Cell-pellet_1__F474,Sphingolipid-BTWT-Cell-pellet_1,multi,1,0.0011920928955078125,0,False
Sphingolipid-BTWT-Cell-pellet_1__F475,Sphingolipid-BTWT-Cell-pellet_1,single,1,0.876953125,1,True
Sphingolipid-BTWT-Cell-pellet_1__F476,Sphingolipid-BTWT-Cell-pellet_1,empty,0,5.960464477539063e-08,0,True
Sphingolipid-BTWT-Cell-pellet_1__F477,Sphingolipid-BTWT-Cell-pellet_1,empty,0,0.0,0,True
Sphingolipid-BTWT-Cell-pellet_1__F478,Sphingolipid-BTWT-Cell-pellet_1,single,0,0.0,0,True
Sphingolipid-BTWT-Cell-pellet_1__F479,Sphingolipid-BTWT-Cell-pellet_1,single,1,1.0,1,True
Sphingolipid-BTWT-Cell-pellet_1__F48,Sphingolipid-BTWT-Cell-pellet_1,single,1,1.0,1,True
Sphingolipid-BTWT-Cell-pellet_1__F480,Sphingolipid-BTWT-Cell-pellet_1,single,1,0.83349609375,1,True
Sphingolipid-BTWT-Cell-pellet_1__F481,Sphingolipid-BTWT-Cell-pellet_1,empty,0,0.0,0,True
Sphingolipid-BTWT-Cell-pellet_1__F482,Sphingolipid-BTWT-Cell-pellet_1,single,1,1.0,1,True
Sphingolipid-BTWT-Cell-pellet_1__F483,Sphingolipid-BTWT-Cell-pellet_1,single,1,1.0,1,True
Sphingolipid-BTWT-Cell-pellet_1__F484,Sphingolipid-BTWT-Cell-pellet_1,empty,0,1.1920928955078125e-07,0,True
Sphingolipid-BTWT-Cell-pellet_1__F485,Sphingolipid-BTWT-Cell-pellet_1,single,1,1.0,1,True
Sphingolipid-BTWT-Cell-pellet_1__F486,Sphingolipid-BTWT-Cell-pellet_1,single,1,0.0010166168212890625,0,False
Sphingolipid-BTWT-Cell-pellet_1__F487,Sphingolipid-BTWT-Cell-pellet_1,empty,0,1.1324882507324219e-06,0,True
Sphingolipid-BTWT-Cell-pellet_1__F488,Sphingolipid-BTWT-Cell-pellet_1,empty,0,0.0,0,True
Sphingolipid-BTWT-Cell-pellet_1__F489,Sphingolipid-BTWT-Cell-pellet_1,empty,0,0.0,0,True
Sphingolipid-BTWT-Cell-pellet_1__F49,Sphingolipid-BTWT-Cell-pellet_1,multi,1,1.0,1,True
Sphingolipid-BTWT-Cell-pellet_1__F490,Sphingolipid-BTWT-Cell-pellet_1,empty,0,3.039836883544922e-06,0,True
Sphingolipid-BTWT-Cell-pellet_1__F491,Sphingolipid-BTWT-Cell-pellet_1,empty,0,5.960464477539063e-08,0,True
Sphingolipid-BTWT-Cell-pellet_1__F492,Sphingolipid-BTWT-Cell-pellet_1,single,1,1.0,1,True
Sphingolipid-BTWT-Cell-pellet_1__F493,Sphingolipid-BTWT-Cell-pellet_1,single,1,1.0,1,True
Sphingolipid-BTWT-Cell-pellet_1__F494,Sphingolipid-BTWT-Cell-pellet_1,empty,0,0.9326171875,1,False
Sphingolipid-BTWT-Cell-pellet_1__F495,Sphingolipid-BTWT-Cell-pellet_1,single,1,0.318115234375,0,False
Sphingolipid-BTWT-Cell-pellet_1__F496,Sphingolipid-BTWT-Cell-pellet_1,single,1,0.8798828125,1,True
Sphingolipid-BTWT-Cell-pellet_1__F497,Sphingolipid-BTWT-Cell-pellet_1,single,1,1.0,1,True
Sphingolipid-BTWT-Cell-pellet_1__F498,Sphingolipid-BTWT-Cell-pellet_1,empty,0,0.006931304931640625,0,True
Sphingolipid-BTWT-Cell-pellet_1__F499,Sphingolipid-BTWT-Cell-pellet_1,single,1,0.9833984375,1,True
Sphingolipid-BTWT-Cell-pellet_1__F5,Sphingolipid-BTWT-Cell-pellet_1,single,1,1.0,1,True
Sphingolipid-BTWT-Cell-pellet_1__F50,Sphingolipid-BTWT-Cell-pellet_1,empty,0,1.7881393432617188e-07,0,True
Sphingolipid-BTWT-Cell-pellet_1__F500,Sphingolipid-BTWT-Cell-pellet_1,single,1,1.0,1,True
Sphingolipid-BTWT-Cell-pellet_1__F501,Sphingolipid-BTWT-Cell-pellet_1,empty,0,0.0,0,True
Sphingolipid-BTWT-Cell-pellet_1__F502,Sphingolipid-BTWT-Cell-pellet_1,single,1,0.0328369140625,0,False
Sphingolipid-BTWT-Cell-pellet_1__F503,Sphingolipid-BTWT-Cell-pellet_1,empty,0,5.960464477539063e-08,0,True
Sphingolipid-BTWT-Cell-pellet_1__F505,Sphingolipid-BTWT-Cell-pellet_1,single,1,1.0,1,True
Sphingolipid-BTWT-Cell-pellet_1__F506,Sphingolipid-BTWT-Cell-pellet_1,single,1,0.005321502685546875,0,False
Sphingolipid-BTWT-Cell-pellet_1__F507,Sphingolipid-BTWT-Cell-pellet_1,multi,1,1.0,1,True
Sphingolipid-BTWT-Cell-pellet_1__F508,Sphingolipid-BTWT-Cell-pellet_1,single,1,0.94482421875,1,True
Sphingolipid-BTWT-Cell-pellet_1__F509,Sphingolipid-BTWT-Cell-pellet_1,single,1,1.0,1,True
Sphingolipid-BTWT-Cell-pellet_1__F51,Sphingolipid-BTWT-Cell-pellet_1,single,1,0.73291015625,1,True
Sphingolipid-BTWT-Cell-pellet_1__F510,Sphingolipid-BTWT-Cell-pellet_1,single,1,0.912109375,1,True
Sphingolipid-BTWT-Cell-pellet_1__F511,Sphingolipid-BTWT-Cell-pellet_1,single,1,0.0011072158813476562,0,False
Sphingolipid-BTWT-Cell-pellet_1__F512,Sphingolipid-BTWT-Cell-pellet_1,single,1,0.37939453125,0,False
Sphingolipid-BTWT-Cell-pellet_1__F513,Sphingolipid-BTWT-Cell-pellet_1,single,1,1.0,1,True
Sphingolipid-BTWT-Cell-pellet_1__F514,Sphingolipid-BTWT-Cell-pellet_1,multi,1,1.0,1,True
Sphingolipid-BTWT-Cell-pellet_1__F515,Sphingolipid-BTWT-Cell-pellet_1,empty,0,0.0003905296325683594,0,True
Sphingolipid-BTWT-Cell-pellet_1__F516,Sphingolipid-BTWT-Cell-pellet_1,single,1,1.0,1,True
Sphingolipid-BTWT-Cell-pellet_1__F517,Sphingolipid-BTWT-Cell-pellet_1,single,1,0.99951171875,1,True
Sphingolipid-BTWT-Cell-pellet_1__F518,Sphingolipid-BTWT-Cell-pellet_1,single,1,1.0,1,True
Sphingolipid-BTWT-Cell-pellet_1__F519,Sphingolipid-BTWT-Cell-pellet_1,empty,0,5.960464477539063e-08,0,True
Sphingolipid-BTWT-Cell-pellet_1__F52,Sphingolipid-BTWT-Cell-pellet_1,single,1,0.9990234375,1,True
Sphingolipid-BTWT-Cell-pellet_1__F520,Sphingolipid-BTWT-Cell-pellet_1,multi,1,0.00019109249114990234,0,False
Sphingolipid-BTWT-Cell-pellet_1__F521,Sphingolipid-BTWT-Cell-pellet_1,empty,0,0.0,0,True
Sphingolipid-BTWT-Cell-pellet_1__F522,Sphingolipid-BTWT-Cell-pellet_1,single,1,0.00908660888671875,0,False
Sphingolipid-BTWT-Cell-pellet_1__F523,Sphingolipid-BTWT-Cell-pellet_1,empty,0,0.0,0,True
Sphingolipid-BTWT-Cell-pellet_1__F524,Sphingolipid-BTWT-Cell-pellet_1,single,1,1.0,1,True
Sphingolipid-BTWT-Cell-pellet_1__F525,Sphingolipid-BTWT-Cell-pellet_1,single,1,0.99853515625,1,True
Sphingolipid-BTWT-Cell-pellet_1__F526,Sphingolipid-BTWT-Cell-pellet_1,empty,0,0.0,0,True
Sphingolipid-BTWT-Cell-pellet_1__F527,Sphingolipid-BTWT-Cell-pellet_1,empty,0,0.06463623046875,0,True
Sphingolipid-BTWT-Cell-pellet_1__F528,Sphingolipid-BTWT-Cell-pellet_1,empty,0,0.0,0,True
Sphingolipid-BTWT-Cell-pellet_1__F529,Sphingolipid-BTWT-Cell-pellet_1,single,1,0.198486328125,0,False
Sphingolipid-BTWT-Cell-pellet_1__F53,Sphingolipid-BTWT-Cell-pellet_1,empty,0,5.960464477539063e-08,0,True
Sphingolipid-BTWT-Cell-pellet_1__F530,Sphingolipid-BTWT-Cell-pellet_1,empty,0,0.0,0,True
Sphingolipid-BTWT-Cell-pellet_1__F531,Sphingolipid-BTWT-Cell-pellet_1,single,1,1.0,1,True
Sphingolipid-BTWT-Cell-pellet_1__F532,Sphingolipid-BTWT-Cell-pellet_1,single,1,0.99951171875,1,True
Sphingolipid-BTWT-Cell-pellet_1__F533,Sphingolipid-BTWT-Cell-pellet_1,empty,0,0.0,0,True
Sphingolipid-BTWT-Cell-pellet_1__F534,Sphingolipid-BTWT-Cell-pellet_1,single,1,7.426738739013672e-05,0,False
Sphingolipid-BTWT-Cell-pellet_1__F535,Sphingolipid-BTWT-Cell-pellet_1,single,1,1.0,1,True
Sphingolipid-BTWT-Cell-pellet_1__F536,Sphingolipid-BTWT-Cell-pellet_1,single,1,0.0966796875,0,False
Sphingolipid-BTWT-Cell-pellet_1__F537,Sphingolipid-BTWT-Cell-pellet_1,single,1,1.0,1,True
Sphingolipid-BTWT-Cell-pellet_1__F538,Sphingolipid-BTWT-Cell-pellet_1,empty,0,6.401538848876953e-05,0,True
Sphingolipid-BTWT-Cell-pellet_1__F539,Sphingolipid-BTWT-Cell-pellet_1,empty,0,0.0,0,True
Sphingolipid-BTWT-Cell-pellet_1__F54,Sphingolipid-BTWT-Cell-pellet_1,multi,1,1.0,1,True
Sphingolipid-BTWT-Cell-pellet_1__F540,Sphingolipid-BTWT-Cell-pellet_1,multi,1,1.0,1,True
Sphingolipid-BTWT-Cell-pellet_1__F541,Sphingolipid-BTWT-Cell-pellet_1,empty,0,2.9802322387695312e-06,0,True
Sphingolipid-BTWT-Cell-pellet_1__F542,Sphingolipid-BTWT-Cell-pellet_1,single,1,1.0,1,True
Sphingolipid-BTWT-Cell-pellet_1__F543,Sphingolipid-BTWT-Cell-pellet_1,single,1,1.0,1,True
Sphingolipid-BTWT-Cell-pellet_1__F544,Sphingolipid-BTWT-Cell-pellet_1,multi,1,1.0,1,True
Sphingolipid-BTWT-Cell-pellet_1__F545,Sphingolipid-BTWT-Cell-pellet_1,single,1,0.001495361328125,0,False
Sphingolipid-BTWT-Cell-pellet_1__F546,Sphingolipid-BTWT-Cell-pellet_1,single,1,1.0,1,True
Sphingolipid-BTWT-Cell-pellet_1__F547,Sphingolipid-BTWT-Cell-pellet_1,empty,0,1.1324882507324219e-06,0,True
Sphingolipid-BTWT-Cell-pellet_1__F548,Sphingolipid-BTWT-Cell-pellet_1,empty,0,0.0016107559204101562,0,True
Sphingolipid-BTWT-Cell-pellet_1__F549,Sphingolipid-BTWT-Cell-pellet_1,empty,0,0.0,0,True
Sphingolipid-BTWT-Cell-pellet_1__F55,Sphingolipid-BTWT-Cell-pellet_1,single,1,0.93896484375,1,True
Sphingolipid-BTWT-Cell-pellet_1__F550,Sphingolipid-BTWT-Cell-pellet_1,empty,0,0.072265625,0,True
Sphingolipid-BTWT-Cell-pellet_1__F56,Sphingolipid-BTWT-Cell-pellet_1,multi,1,1.0,1,True
Sphingolipid-BTWT-Cell-pellet_1__F57,Sphingolipid-BTWT-Cell-pellet_1,single,1,0.08868408203125,0,False
Sphingolipid-BTWT-Cell-pellet_1__F58,Sphingolipid-BTWT-Cell-pellet_1,single,0,1.0,1,False
Sphingolipid-BTWT-Cell-pellet_1__F59,Sphingolipid-BTWT-Cell-pellet_1,empty,0,0.0,0,True
Sphingolipid-BTWT-Cell-pellet_1__F6,Sphingolipid-BTWT-Cell-pellet_1,multi,1,1.0,1,True
Sphingolipid-BTWT-Cell-pellet_1__F60,Sphingolipid-BTWT-Cell-pellet_1,single,1,1.0,1,True
Sphingolipid-BTWT-Cell-pellet_1__F61,Sphingolipid-BTWT-Cell-pellet_1,single,1,1.0,1,True
Sphingolipid-BTWT-Cell-pellet_1__F62,Sphingolipid-BTWT-Cell-pellet_1,single,1,1.0,1,True
Sphingolipid-BTWT-Cell-pellet_1__F63,Sphingolipid-BTWT-Cell-pellet_1,single,1,1.0,1,True
Sphingolipid-BTWT-Cell-pellet_1__F64,Sphingolipid-BTWT-Cell-pellet_1,single,1,1.0,1,True
Sphingolipid-BTWT-Cell-pellet_1__F65,Sphingolipid-BTWT-Cell-pellet_1,single,1,1.0,1,True
Sphingolipid-BTWT-Cell-pellet_1__F66,Sphingolipid-BTWT-Cell-pellet_1,single,1,1.0,1,True
Sphingolipid-BTWT-Cell-pellet_1__F67,Sphingolipid-BTWT-Cell-pellet_1,empty,0,0.98974609375,1,False
Sphingolipid-BTWT-Cell-pellet_1__F68,Sphingolipid-BTWT-Cell-pellet_1,empty,0,1.9073486328125e-06,0,True
Sphingolipid-BTWT-Cell-pellet_1__F69,Sphingolipid-BTWT-Cell-pellet_1,multi,1,1.0,1,True
Sphingolipid-BTWT-Cell-pellet_1__F7,Sphingolipid-BTWT-Cell-pellet_1,single,1,1.0,1,True
Sphingolipid-BTWT-Cell-pellet_1__F70,Sphingolipid-BTWT-Cell-pellet_1,single,1,0.81884765625,1,True
Sphingolipid-BTWT-Cell-pellet_1__F71,Sphingolipid-BTWT-Cell-pellet_1,single,1,1.0,1,True
Sphingolipid-BTWT-Cell-pellet_1__F72,Sphingolipid-BTWT-Cell-pellet_1,empty,0,0.0027790069580078125,0,True
Sphingolipid-BTWT-Cell-pellet_1__F73,Sphingolipid-BTWT-Cell-pellet_1,single,1,1.0,1,True
Sphingolipid-BTWT-Cell-pellet_1__F74,Sphingolipid-BTWT-Cell-pellet_1,empty,0,0.97509765625,1,False
Sphingolipid-BTWT-Cell-pellet_1__F75,Sphingolipid-BTWT-Cell-pellet_1,multi,1,1.0,1,True
Sphingolipid-BTWT-Cell-pellet_1__F76,Sphingolipid-BTWT-Cell-pellet_1,single,1,0.019195556640625,0,False
Sphingolipid-BTWT-Cell-pellet_1__F77,Sphingolipid-BTWT-Cell-pellet_1,single,1,0.030914306640625,0,False
Sphingolipid-BTWT-Cell-pellet_1__F78,Sphingolipid-BTWT-Cell-pellet_1,single,1,1.0,1,True
Sphingolipid-BTWT-Cell-pellet_1__F79,Sphingolipid-BTWT-Cell-pellet_1,single,1,1.0,1,True
Sphingolipid-BTWT-Cell-pellet_1__F8,Sphingolipid-BTWT-Cell-pellet_1,single,1,1.0,1,True
Sphingolipid-BTWT-Cell-pellet_1__F80,Sphingolipid-BTWT-Cell-pellet_1,empty,0,0.1982421875,0,True
Sphingolipid-BTWT-Cell-pellet_1__F81,Sphingolipid-BTWT-Cell-pellet_1,single,1,0.9638671875,1,True
Sphingolipid-BTWT-Cell-pellet_1__F82,Sphingolipid-BTWT-Cell-pellet_1,single,1,1.0,1,True
Sphingolipid-BTWT-Cell-pellet_1__F83,Sphingolipid-BTWT-Cell-pellet_1,empty,0,0.162109375,0,True
Sphingolipid-BTWT-Cell-pellet_1__F84,Sphingolipid-BTWT-Cell-pellet_1,empty,0,0.0002453327178955078,0,True
Sphingolipid-BTWT-Cell-pellet_1__F85,Sphingolipid-BTWT-Cell-pellet_1,single,1,1.0,1,True
Sphingolipid-BTWT-Cell-pellet_1__F86,Sphingolipid-BTWT-Cell-pellet_1,single,1,0.99951171875,1,True
Sphingolipid-BTWT-Cell-pellet_1__F87,Sphingolipid-BTWT-Cell-pellet_1,empty,0,0.0,0,True
Sphingolipid-BTWT-Cell-pellet_1__F88,Sphingolipid-BTWT-Cell-pellet_1,single,1,0.461181640625,0,False
Sphingolipid-BTWT-Cell-pellet_1__F89,Sphingolipid-BTWT-Cell-pellet_1,multi,1,1.0,1,True
Sphingolipid-BTWT-Cell-pellet_1__F9,Sphingolipid-BTWT-Cell-pellet_1,single,1,0.0032596588134765625,0,False
Sphingolipid-BTWT-Cell-pellet_1__F90,Sphingolipid-BTWT-Cell-pellet_1,single,1,0.00018966197967529297,0,False
Sphingolipid-BTWT-Cell-pellet_1__F91,Sphingolipid-BTWT-Cell-pellet_1,single,0,0.0,0,True
Sphingolipid-BTWT-Cell-pellet_1__F92,Sphingolipid-BTWT-Cell-pellet_1,empty,0,0.0,0,True
Sphingolipid-BTWT-Cell-pellet_1__F93,Sphingolipid-BTWT-Cell-pellet_1,multi,1,1.0,1,True
Sphingolipid-BTWT-Cell-pellet_1__F94,Sphingolipid-BTWT-Cell-pellet_1,single,1,0.443359375,0,False
Sphingolipid-BTWT-Cell-pellet_1__F95,Sphingolipid-BTWT-Cell-pellet_1,single,1,1.0,1,True
Sphingolipid-BTWT-Cell-pellet_1__F96,Sphingolipid-BTWT-Cell-pellet_1,single,1,0.72509765625,1,True
Sphingolipid-BTWT-Cell-pellet_1__F97,Sphingolipid-BTWT-Cell-pellet_1,empty,0,0.0,0,True
Sphingolipid-BTWT-Cell-pellet_1__F98,Sphingolipid-BTWT-Cell-pellet_1,multi,1,0.99853515625,1,True
Sphingolipid-BTWT-Cell-pellet_1__F99,Sphingolipid-BTWT-Cell-pellet_1,empty,0,0.0,0,True
