Feature_ID,mz,RTmin,RT,RTmax,npeaks,sn,NIST_Full scan_1_POS.mzML
F1,40.4321,12.8490,12.8830,12.9330,1.0000,5503.0000,14238.5775
F2,59.0609,5.5810,5.2390,5.7810,10.0000,96786.0000,528843.5366
F3,59.0609,16.1500,16.5420,16.2670,6.0000,107677.0000,587607.0917
F4,59.0609,12.5660,12.5660,12.6990,4.0000,97705.0000,752825.4953
F5,59.0608,18.8670,18.7170,18.9840,4.0000,15393.0000,104809.6513
F6,59.0609,6.4810,7.1480,6.8640,5.0000,103859.0000,775346.6675
F7,59.0609,14.6330,15.2660,15.0160,5.0000,107313.0000,780247.6246
F8,59.0609,14.1160,14.2000,14.2500,5.0000,122611.0000,985773.2139
F9,59.0609,13.2990,13.2160,13.4830,3.0000,97179.0000,887256.5208
F10,59.0609,8.0980,8.5650,8.4310,3.0000,102176.0000,1407784.2185
F11,59.0609,9.9990,10.1990,10.3320,1.0000,100515.0000,1753884.9451
F12,59.0609,9.6150,9.7480,9.9990,1.0000,101839.0000,2032538.7085
F13,59.0609,8.8320,9.2150,9.5980,1.0000,102265.0000,4290404.7019
F14,59.0609,16.9500,17.7500,18.3510,1.0000,103566.0000,6692606.4373
F15,59.0609,10.6320,11.4820,12.1820,1.0000,160984.0000,9734004.8023
F16,64.9777,16.1670,16.2170,16.2670,5.0000,3865.0000,18982.0093
F17,64.9777,16.8170,17.2000,17.0840,3.0000,4318.0000,35959.8585
F18,64.9777,17.8500,17.9840,18.0500,1.0000,7.0000,50186.1040
F19,64.9773,10.0650,10.1320,10.1820,1.0000,6.0000,8691.2616
F20,64.9778,0.7130,0.7800,0.8630,1.0000,51.0000,115006.0694
F21,67.0540,3.6800,3.7140,3.7640,1.0000,6.0000,10322.7714
F22,67.0549,9.7650,9.7980,9.8480,1.0000,13.0000,5788.7706
F23,74.0969,15.5330,15.5830,15.6670,1.0000,6.0000,11041.7988
F24,76.9978,0.7460,0.7960,0.8630,1.0000,12.0000,9015.2996
F25,78.9524,4.2800,4.3300,4.3800,1.0000,6.0000,6726.5335
F26,80.0499,12.8830,12.9160,12.9660,1.0000,7.0000,8552.1792
F27,80.9489,15.7330,15.7330,15.8670,4.0000,7512.0000,53179.5922
F28,80.9485,0.6960,0.7630,0.8300,1.0000,486.0000,1513747.9826
F29,80.9510,17.9840,18.0170,18.0670,1.0000,44.0000,14097.3849
F30,80.9736,0.9630,0.9960,1.0460,1.0000,10.0000,6957.8083
F31,81.0702,9.6980,9.8650,9.8150,11.0000,11164.0000,61050.6203
F32,81.0702,11.4990,11.7570,11.6160,8.0000,15073.0000,135287.8573
F33,81.0702,13.3160,13.4990,13.4660,5.0000,12896.0000,62692.9443
F34,81.0701,18.7670,18.7760,18.8510,4.0000,7205.0000,32655.9312
F35,81.0703,12.6990,12.6910,12.8330,6.0000,13329.0000,112771.7213
F36,81.0702,13.8830,14.0660,14.0160,3.0000,13823.0000,105603.9127
F37,81.0701,14.9160,15.1500,15.0330,4.0000,14253.0000,84992.9967
F38,81.0701,6.9810,7.0310,7.0980,3.0000,12172.0000,77894.8741
F39,81.0702,14.5330,14.6160,14.7000,3.0000,20141.0000,167950.0911
F40,81.0701,5.6970,6.4140,6.3480,3.0000,12139.0000,67933.3560
F41,81.0702,7.3480,7.7480,7.6480,3.0000,10760.0000,118249.6346
F42,81.0702,8.4810,8.3900,8.9150,2.0000,11410.0000,254779.4646
F43,81.0702,3.7140,3.8800,3.8470,2.0000,10.0000,296983.3288
F44,81.0702,4.8300,5.0970,5.2810,1.0000,13516.0000,316304.4549
F45,81.0701,5.2970,5.4810,5.6810,1.0000,11973.0000,229663.7792
F46,81.0702,15.5000,15.8330,16.1330,1.0000,23380.0000,557094.9535
F47,81.0700,16.2170,16.2670,16.3000,1.0000,14968.0000,71949.0386
F48,81.0702,4.4140,4.6140,4.7800,1.0000,14724.0000,304758.9498
F49,81.0702,16.4670,17.6170,18.4510,1.0000,15724.0000,1243228.3983
F50,82.9453,0.6960,0.7630,0.8300,1.0000,650.0000,568975.4122
F51,82.9979,18.9010,18.9670,18.9840,1.0000,22.0000,524087.0933
F52,83.9992,9.0480,8.9820,9.2480,3.0000,6449.0000,42368.7803
F53,83.9993,18.1010,18.2510,18.4170,1.0000,20.0000,177866.3674
F54,83.9993,18.6010,18.8670,18.9840,1.0000,25.0000,302817.9417
F55,84.0445,0.7800,0.8300,0.8960,1.0000,41.0000,362712.0293
F56,84.0448,0.6800,0.7300,0.7800,1.0000,39.0000,123658.7486
F57,84.9634,0.7460,0.8300,0.8960,1.0000,7.0000,15887.5349
F58,84.9954,18.1340,18.2670,18.3170,1.0000,24.0000,103855.5648
F59,85.0287,0.6800,0.7880,0.7800,2.0000,199.0000,155582.1949
F60,85.9975,12.1160,12.1660,12.2490,1.0000,5.0000,8298.5590
F61,85.9973,15.6500,15.6830,15.7330,1.0000,1651.0000,6089.7835
F62,86.0598,17.6500,17.7340,17.7840,1.0000,3803.0000,22664.9795
F63,87.0943,17.1340,17.2340,17.2340,4.0000,37639.0000,234828.8079
F64,87.0945,16.4500,16.3000,16.8840,3.0000,36710.0000,262071.2076
F65,87.0945,17.6500,17.9840,18.2510,1.0000,43986.0000,1089173.1452
F66,88.0760,17.9340,18.0670,18.2170,1.0000,17.0000,553129.0581
F67,90.9351,17.9840,18.1010,18.1840,1.0000,14.0000,74569.5247
F68,92.9335,17.9670,18.0840,18.1500,1.0000,10.0000,30923.4557
F69,92.9710,14.6000,14.6500,14.6830,1.0000,3269.0000,8397.8721
F70,94.0653,0.7460,0.8130,0.8800,1.0000,23.0000,102789.2387
F71,95.0479,5.9970,6.0310,6.0810,1.0000,1393.0000,4985.7253
F72,95.0857,3.6970,3.8800,3.8470,2.0000,12.0000,409316.9892
F73,96.0807,17.5840,17.6090,17.8840,2.0000,10068.0000,144824.7760
F74,96.0869,3.7300,3.7640,3.8140,1.0000,9.0000,23669.7756
F75,96.9223,0.6960,0.7800,0.8630,1.0000,185.0000,160852.1180
F76,98.0778,10.4820,10.5150,10.5650,1.0000,3509.0000,12021.1769
F77,98.9193,0.7130,0.7630,0.8460,1.0000,13082.0000,56982.3396
F78,98.9755,18.9010,18.9670,18.9840,1.0000,17.0000,365602.4731
F79,100.0758,0.7630,0.8300,0.8960,1.0000,39.0000,231281.8523
F80,101.0084,18.0840,18.4090,18.4510,2.0000,24.0000,261493.0162
F81,101.0084,18.6510,18.9010,18.9840,1.0000,26.0000,361999.9588
F82,101.0598,4.3970,4.4970,4.5640,1.0000,13.0000,140100.2908
F83,102.0098,10.7490,10.7820,10.8320,1.0000,5.0000,7624.7048
F84,102.0546,0.7630,0.8300,0.9130,1.0000,10.0000,56116.4676
F85,102.0916,0.6800,0.7880,0.7960,2.0000,46.0000,99284.6648
F86,103.0061,18.4840,18.6510,18.6010,3.0000,3394.0000,18226.5254
F87,103.0393,0.6800,0.7880,0.7960,2.0000,89.0000,171105.7515
F88,103.0541,4.1640,4.2140,4.2470,1.0000,1515.0000,5049.9540
F89,103.0532,0.7630,0.8300,0.9130,1.0000,31.0000,127899.7830
F90,103.9555,17.9840,18.0670,18.1670,1.0000,34.0000,243846.8660
F91,104.0706,1.0130,1.0630,1.1300,1.0000,11.0000,10601.9105
F92,104.1071,2.5300,2.6300,2.7470,1.0000,68.0000,689025.2836
F93,104.1070,2.1470,2.2470,2.3300,1.0000,25.0000,337330.8531
F94,104.1071,3.4300,3.4970,3.5640,1.0000,31.0000,267569.7790
F95,104.1075,0.6960,0.7630,0.8300,1.0000,1195.0000,5766213.9471
F96,104.1072,12.1990,12.2660,12.3320,1.0000,10.0000,88131.1530
F97,104.9923,13.8160,13.9000,13.9500,1.0000,24.0000,145516.1541
F98,104.9924,14.2500,14.4000,14.5160,1.0000,24.0000,272417.7842
F99,104.9924,11.5820,12.5490,12.5660,1.0000,24.0000,705950.7884
F100,104.9927,0.7130,0.7800,0.8460,1.0000,746.0000,2123795.5927
F101,104.9925,17.5840,17.8840,18.1500,1.0000,24.0000,462335.2759
F102,105.0293,17.3670,17.8170,18.0500,1.0000,13.0000,332183.8821
F103,105.0317,4.8970,4.9470,4.9970,1.0000,2234.0000,8949.9101
F104,105.1107,0.6960,0.7630,0.8460,1.0000,289.0000,328678.7365
F105,105.9537,0.0630,0.5460,0.7300,1.0000,5712.0000,165608.6684
F106,105.9958,0.7130,0.7800,0.8630,1.0000,159.0000,49443.1221
F107,106.0863,17.9670,18.0500,18.1170,1.0000,29.0000,369604.5189
F108,106.9044,18.0000,18.0840,18.2010,1.0000,65.0000,76407.1108
F109,106.9655,0.7460,0.7960,0.8800,1.0000,6.0000,17760.0450
F110,107.0495,11.8490,11.8990,11.9660,1.0000,30.0000,53504.9171
F111,107.0494,0.7800,0.8300,0.9300,1.0000,9.0000,32367.1105
F112,108.9040,18.0000,18.0670,18.1840,1.0000,87.0000,78538.4934
F113,109.1012,3.7140,3.8800,3.8640,2.0000,24.0000,304924.6202
F114,110.0713,0.7960,0.9460,1.1630,1.0000,23.0000,1120807.1056
F115,110.0969,12.0990,12.6660,13.4660,1.0000,7827.0000,456753.7380
F116,110.1034,3.7300,3.7800,3.8470,1.0000,9.0000,23598.5248
F117,111.0441,4.4140,4.4970,4.5640,1.0000,16.0000,115403.7861
F118,112.0773,7.3810,7.4310,7.4650,1.0000,2342.0000,8392.6243
F119,114.0663,0.7460,0.8130,0.8800,1.0000,159.0000,500368.8181
F120,114.0901,0.8130,0.8460,0.8960,1.0000,11.0000,36384.7305
F121,114.0908,10.0990,10.1320,10.1820,1.0000,6.0000,15227.0397
F122,114.0932,9.0980,9.1480,9.1980,1.0000,5290.0000,21556.5349
F123,114.9484,17.5840,17.6170,17.7000,1.0000,10.0000,5542.9858
F124,115.0754,14.0160,14.0500,14.1000,1.0000,6.0000,8458.7548
F125,116.0705,0.8630,0.8710,1.0460,2.0000,27.0000,215265.2668
F126,116.0697,9.7150,9.7480,9.7980,1.0000,1754.0000,6551.4435
F127,116.1070,0.7130,0.7960,0.8460,1.0000,12.0000,17772.2951
F128,116.1080,17.9670,18.0170,18.0500,1.0000,10.0000,5348.8892
F129,116.9682,12.9660,13.0080,13.2160,2.0000,4151.0000,44060.7903
F130,116.9925,0.7460,0.7800,0.8300,1.0000,7617.0000,20035.0587
F131,117.0545,10.9650,11.0150,11.0490,1.0000,11.0000,7065.9895
F132,117.1467,0.0630,0.1130,0.1460,1.0000,5.0000,5031.0627
F133,117.1464,9.7820,9.8320,9.8820,1.0000,6.0000,8469.6863
F134,118.0863,10.8990,10.9650,11.0150,5.0000,206218.0000,1569015.7872
F135,118.0864,6.0140,5.8890,6.1470,8.0000,190127.0000,1798673.4445
F136,118.0861,14.3160,14.5830,14.4500,4.0000,7687.0000,57788.4536
F137,118.0863,9.7820,9.8650,9.8650,4.0000,195912.0000,1136191.1615
F138,118.0863,8.9480,9.0230,9.0150,6.0000,207762.0000,976726.5268
F139,118.0862,16.1000,16.1330,16.1830,3.0000,9247.0000,44898.4625
F140,118.0862,12.4160,12.8160,12.6660,4.0000,11102.0000,71327.3273
F141,118.0862,12.0660,12.1660,12.1660,2.0000,11408.0000,61854.8729
F142,118.0862,11.5990,11.7490,11.7490,2.0000,45992.0000,402252.5063
F143,118.0863,4.3970,4.8140,4.5970,3.0000,133916.0000,2051498.4276
F144,118.0861,17.1000,17.4090,17.5000,2.0000,9892.0000,205064.1548
F145,118.0859,13.4990,13.5660,13.6490,1.0000,9632.0000,82708.6581
F146,118.0861,13.7830,13.9830,14.2330,1.0000,10089.0000,212170.2493
F147,118.0863,16.3670,16.6670,16.9340,1.0000,10606.0000,282364.1888
F148,118.0864,6.4810,6.9810,8.0150,1.0000,203390.0000,15815778.9631
F149,118.0863,0.7630,0.8300,0.8960,1.0000,54.0000,6076471.1640
F150,118.0862,14.8660,15.3830,15.9170,1.0000,9955.0000,378396.9265
F151,118.0863,17.6500,18.5010,18.9840,1.0000,302989.0000,15958422.5520
F152,119.0494,0.7800,0.8300,0.8800,1.0000,6.0000,11972.6290
F153,119.0895,0.7630,0.8300,0.9130,1.0000,21.0000,369631.8617
F154,119.0894,17.9840,18.4010,18.9840,1.0000,20622.0000,961391.1918
F155,120.0032,0.7460,0.7960,0.8800,1.0000,18079.0000,67473.1235
F156,120.0811,0.7630,0.8300,0.8960,1.0000,116452.0000,495400.9438
F157,120.9664,0.7460,0.7800,0.8460,1.0000,9905.0000,25954.2270
F158,120.9819,18.2340,18.6590,18.6340,2.0000,7617.0000,96933.8805
F159,120.9819,18.0170,18.1170,18.2010,1.0000,7284.0000,65136.3653
F160,120.9823,17.2670,17.2920,17.5170,2.0000,6148.0000,71404.3681
F161,120.9825,17.5170,17.8340,17.7670,3.0000,5849.0000,32399.0782
F162,122.0546,6.6480,6.7140,6.7980,1.0000,5744.0000,33869.4751
F163,122.0969,12.4160,13.0660,12.8830,5.0000,5045.0000,23894.2601
F164,122.0970,14.0000,14.0080,14.1000,4.0000,5749.0000,26998.9715
F165,122.0969,15.8330,16.0420,16.0500,2.0000,4811.0000,52361.4523
F166,122.0972,14.2330,14.2830,14.3330,1.0000,3469.0000,17408.2032
F167,123.0802,7.3810,7.4310,7.5150,1.0000,5.0000,17581.7665
F168,123.1167,3.7140,3.7800,3.8470,1.0000,8.0000,73839.2907
F169,124.0243,18.0670,18.2840,18.6510,1.0000,25.0000,1227596.5411
F170,124.1118,15.4670,15.5330,15.6000,1.0000,6275.0000,45541.8494
F171,124.1121,12.1490,12.2160,12.2820,1.0000,7776.0000,44016.4989
F172,124.1123,12.5660,12.4490,12.6660,3.0000,7109.0000,30069.4133
F173,124.1123,15.6000,15.6670,15.7830,1.0000,7613.0000,64569.7506
F174,124.1123,14.8330,15.1830,15.4330,1.0000,6836.0000,195105.0423
F175,125.0213,0.7300,0.7800,0.8300,1.0000,71303.0000,158615.8597
F176,125.0258,2.3800,1.8800,2.9130,9.0000,5958.0000,35372.3979
F177,125.0258,1.0300,1.0300,1.1630,2.0000,4082.0000,27690.7200
F178,125.0257,18.6170,18.8840,18.9840,1.0000,24.0000,181994.8960
F179,125.0692,7.1140,7.1640,7.1980,1.0000,1930.0000,6617.9275
F180,125.0700,4.1140,4.1640,4.1970,1.0000,2034.0000,6400.8960
F181,126.0224,18.0670,18.3340,18.6010,1.0000,25.0000,166144.0157
F182,126.0920,0.7800,0.8130,0.8800,1.0000,30.0000,30785.2501
F183,126.1104,12.0660,12.5160,12.8830,1.0000,7619.0000,233769.9269
F184,126.9382,12.6490,13.0490,13.2990,1.0000,5.0000,12771.1737
F185,126.9732,14.1000,14.1500,14.2000,1.0000,6.0000,7007.5060
F186,127.9564,14.0500,14.1160,14.1830,3.0000,4907.0000,33689.8417
F187,127.9562,15.1330,15.1830,15.2500,3.0000,4901.0000,29985.9689
F188,127.9552,8.7980,8.8480,8.8820,1.0000,10.0000,5035.0980
F189,128.1433,17.7840,17.9840,18.1170,1.0000,25.0000,1098059.3299
F190,128.9536,0.8800,0.8710,0.9960,2.0000,11.0000,76772.8920
F191,129.0545,4.3970,4.4970,4.5640,1.0000,16.0000,90214.8555
F192,130.0501,0.7800,0.7800,0.8960,2.0000,33.0000,215547.6855
F193,131.0513,0.7630,0.8300,0.8960,1.0000,17.0000,29349.4711
F194,131.0700,13.8500,13.8830,13.9330,1.0000,6.0000,5963.1171
F195,131.1622,15.6170,15.6830,15.7500,1.0000,3059.0000,17548.3520
F196,131.1624,15.7500,16.1500,16.4000,1.0000,4014.0000,109671.0982
F197,132.0772,0.6460,0.8130,1.0300,1.0000,161.0000,191391.2616
F198,132.1015,0.7460,0.8130,0.8960,1.0000,19.0000,62113.3885
F199,132.1011,7.8650,7.9480,7.9810,1.0000,5.0000,8299.8515
F200,133.0134,2.2800,2.2880,2.4130,2.0000,24.0000,28267.0613
F201,133.0321,0.7800,0.8130,0.8630,1.0000,49.0000,8153.1285
F202,133.0649,7.1640,7.2140,7.2480,1.0000,6.0000,5756.5924
F203,133.0997,3.7300,3.7800,3.8300,1.0000,6.0000,35744.7277
F204,134.0190,0.7300,0.7800,0.8630,1.0000,931.0000,176699.6346
F205,134.1174,3.5970,3.6470,3.6970,1.0000,12.0000,5591.0018
F206,135.0031,0.7130,0.7800,0.8460,1.0000,854.0000,652984.3987
F207,135.1160,15.4500,15.8670,16.3170,1.0000,13551.0000,154627.6451
F208,136.0066,0.7130,0.7800,0.8460,1.0000,101.0000,26775.0196
F209,136.0483,0.7130,0.7800,0.8460,1.0000,1149.0000,576275.7101
F210,137.0713,13.5660,13.6160,13.6660,1.0000,5.0000,7461.1248
F211,137.0706,0.7300,0.7960,0.8960,1.0000,11.0000,53838.1211
F212,138.0550,18.0840,18.1170,18.1670,1.0000,10.0000,11053.6710
F213,138.0557,0.7800,0.8300,0.9460,1.0000,26.0000,107298.0613
F214,138.0934,11.5490,11.5990,11.6820,1.0000,9.0000,24988.7904
F215,139.0869,9.1150,9.1480,9.1980,1.0000,6.0000,8032.1814
F216,140.1434,18.1010,18.1840,18.2510,1.0000,9.0000,87761.3173
F217,141.0660,17.8000,18.0340,18.2840,1.0000,5.0000,8315.7934
F218,141.0716,0.7460,0.7800,0.8460,1.0000,69206.0000,163652.0022
F219,142.1592,17.0000,17.7840,18.3170,1.0000,41.0000,11830178.8620
F220,142.9387,16.7500,17.3000,16.8340,13.0000,3931.0000,16451.4327
F221,142.9385,0.7960,0.8460,0.9130,1.0000,8.0000,5917.8707
F222,143.0188,18.5340,18.6010,18.6510,1.0000,24.0000,48946.7829
F223,143.0190,18.9010,18.9510,18.9840,1.0000,25.0000,32384.3071
F224,143.1623,17.1170,17.7670,18.3010,1.0000,13.0000,1040886.6840
F225,144.1021,0.7460,0.8130,0.8960,1.0000,269.0000,1086546.7295
F226,144.9802,18.2170,18.3170,18.4010,1.0000,18.0000,25210.8575
F227,145.1053,0.7460,0.8130,0.8960,1.0000,54.0000,93583.2578
F228,146.0605,0.7630,0.8130,0.8960,1.0000,57.0000,55928.0110
F229,146.9588,17.9000,18.0000,18.1340,1.0000,7.0000,10325.6857
F230,146.9789,12.0660,12.1660,12.2160,1.0000,5.0000,5424.4641
F231,147.0653,4.4300,4.4970,4.5470,1.0000,8.0000,23198.5617
F232,148.0970,17.9670,18.3170,18.9840,1.0000,36.0000,331591.2866
F233,148.9541,17.9340,18.0000,18.0670,1.0000,36.0000,76753.7798
F234,149.0188,0.7300,0.7630,0.8130,1.0000,19493.0000,59941.8307
F235,149.0235,14.5330,14.9500,14.7000,3.0000,31.0000,178718.5542
F236,149.0233,15.8500,15.8420,16.0000,2.0000,29.0000,241555.6245
F237,149.0231,0.9130,0.9800,1.0460,1.0000,9.0000,84247.3343
F238,149.0236,4.1300,4.4300,4.7300,1.0000,548.0000,2253090.6283
F239,149.0234,11.8160,11.8990,12.0160,1.0000,29.0000,300883.7592
F240,149.0234,1.5300,1.6130,1.6960,1.0000,17.0000,203644.7250
F241,149.0232,2.9630,3.0300,3.1130,1.0000,9.0000,94615.9689
F242,149.0430,3.7640,3.8140,3.8470,1.0000,9203.0000,29224.4101
F243,149.0447,2.2800,2.2880,2.4130,2.0000,33368.0000,186108.5956
F244,149.0599,0.8130,0.8800,0.9460,1.0000,6.0000,24029.4089
F245,149.0601,11.8320,11.8990,11.9820,1.0000,6.0000,24949.4637
F246,149.1324,14.9160,15.0160,15.1330,1.0000,13.0000,94939.7034
F247,150.0138,0.7460,0.8130,0.8960,1.0000,53.0000,67113.4678
F248,150.0269,3.5970,4.4300,4.8970,1.0000,24.0000,255176.7327
F249,150.0265,1.4630,1.6130,1.6800,1.0000,8.0000,17225.5498
F250,150.0456,2.2800,2.3470,2.3970,1.0000,8.0000,25596.6216
F251,150.0887,3.7300,3.7800,3.8140,1.0000,9.0000,5251.3626
F252,151.0419,2.1970,2.2800,2.3470,1.0000,17.0000,13638.6136
F253,151.1220,15.7000,16.1420,15.8500,6.0000,7419.0000,72052.4661
F254,151.1221,15.2160,15.2660,15.3330,1.0000,7786.0000,51246.0827
F255,151.1225,15.4330,15.4670,15.6000,2.0000,7565.0000,74260.5117
F256,151.1470,0.8800,0.9300,0.9630,1.0000,2009.0000,6451.4801
F257,151.1473,11.5820,11.4820,11.6990,3.0000,2742.0000,24837.1926
F258,151.8613,17.9840,18.0840,18.1840,1.0000,23.0000,49928.2692
F259,152.0227,0.7460,0.7960,0.8300,1.0000,96.0000,30170.7580
F260,152.1437,17.2170,17.2840,17.3340,1.0000,22.0000,28388.3175
F261,152.1435,16.7500,16.8000,16.8500,1.0000,26.0000,26324.3320
F262,152.1433,17.3670,17.8000,18.2170,1.0000,26.0000,137275.0809
F263,153.0668,0.7630,0.8130,0.8960,1.0000,13.0000,12392.0463
F264,153.1009,0.8800,0.9460,0.9960,1.0000,12.0000,12573.9621
F265,153.8597,18.0000,18.0840,18.1670,1.0000,38.0000,47880.2688
F266,154.1362,17.0170,17.0670,17.1000,1.0000,6.0000,14466.1064
F267,155.0817,17.9840,18.0500,18.2170,1.0000,5.0000,10952.9623
F268,155.1109,3.7140,3.7640,3.8300,1.0000,17.0000,17364.7360
F269,155.1160,12.4160,12.6330,12.9160,1.0000,4196.0000,29867.3773
F270,155.8579,18.0170,18.0840,18.1500,1.0000,16.0000,9379.1369
F271,155.9733,16.2000,16.3330,16.3830,1.0000,5.0000,7782.0662
F272,156.0766,1.2800,1.5130,1.4130,2.0000,36.0000,135381.5830
F273,156.0765,0.7960,0.9460,1.0800,1.0000,43.0000,258945.4071
F274,156.1750,0.6630,0.6960,0.7460,1.0000,7.0000,5178.3309
F275,158.1187,0.7630,0.8130,0.8630,1.0000,22.0000,30890.7851
F276,158.9997,17.7840,17.7840,18.0170,2.0000,2960.0000,14738.1042
F277,159.1131,17.9840,18.0500,18.1010,1.0000,11.0000,47509.1846
F278,159.1587,14.0000,14.0500,14.0830,1.0000,1618.0000,5095.9168
F279,160.0348,0.7300,0.7800,0.8460,1.0000,106435.0000,273207.5819
F280,160.0959,0.7800,0.8300,0.8800,1.0000,16.0000,28426.4596
F281,160.1333,0.5630,0.8130,1.0630,1.0000,50.0000,244630.7804
F282,161.1325,14.5330,14.6160,14.6830,1.0000,11.0000,61986.5039
F283,161.1324,14.9330,15.0160,15.1330,1.0000,26.0000,165298.7664
F284,161.1324,15.6830,15.8500,15.9830,1.0000,18.0000,177062.1055
F285,162.1128,0.6800,0.7880,0.7960,2.0000,1876.0000,3386919.1247
F286,162.1345,15.7670,15.8330,15.8830,1.0000,7.0000,16540.0839
F287,162.9514,0.7130,0.7630,0.8630,1.0000,300.0000,50835.2169
F288,163.0340,0.7300,0.7800,0.8460,1.0000,18.0000,14286.0273
F289,163.0765,1.3460,1.3960,1.4300,1.0000,3126.0000,9430.7486
F290,163.0754,0.9130,0.9630,1.0300,1.0000,11.0000,23091.2969
F291,163.1160,0.7960,0.7880,0.8960,2.0000,72.0000,273658.0527
F292,163.1208,15.6330,15.6830,15.7330,1.0000,10.0000,8071.1683
F293,163.1482,3.8970,3.9800,4.0470,1.0000,19.0000,113025.1713
F294,164.0295,0.7460,0.8130,0.8960,1.0000,197.0000,149320.6401
F295,164.1055,3.8970,3.9800,4.0470,1.0000,2455.0000,14288.8715
F296,164.9206,0.7460,0.8300,0.8960,1.0000,15.0000,92169.3135
F297,164.9206,17.9840,18.0500,18.1010,1.0000,65.0000,286011.2831
F298,164.9477,0.7300,0.7630,0.8130,1.0000,6988.0000,16993.1504
F299,165.0543,0.9130,0.9800,1.0300,1.0000,4913.0000,24953.5997
F300,165.0552,17.9670,18.3260,18.3670,2.0000,31.0000,68969.2327
F301,165.0547,18.6010,18.8510,18.9840,1.0000,47.0000,97735.1384
F302,165.0547,1.3300,1.2300,1.6630,3.0000,4852.0000,29222.4082
F303,165.1636,3.7140,3.8800,3.8640,2.0000,14.0000,83729.7606
F304,166.0859,0.8130,0.8460,0.9130,1.0000,41.0000,36717.1087
F305,166.1608,11.1320,11.1820,11.2150,1.0000,1844.0000,6047.2608
F306,166.9719,0.1130,0.3460,0.3960,1.0000,1227.0000,5774.8401
F307,166.9743,0.6460,0.8800,1.0800,1.0000,10.0000,20755.9592
F308,167.0341,4.1970,4.4300,4.6800,1.0000,57.0000,190269.1271
F309,167.0556,2.2800,2.2880,2.4130,2.0000,116.0000,83690.6981
F310,168.0386,4.1140,4.4140,4.6970,1.0000,52.0000,15650.1325
F311,168.0573,0.8130,0.8460,0.8960,1.0000,5771.0000,14445.9106
F312,168.1020,0.7460,0.8130,0.8960,1.0000,48.0000,69369.3342
F313,168.1450,8.2310,8.2810,8.3150,1.0000,5.0000,7037.7379
F314,169.0588,0.7460,0.7960,0.8960,1.0000,30.0000,25435.5242
F315,169.9666,17.9840,18.0500,18.1340,1.0000,12.0000,66736.3486
F316,170.0924,0.7800,0.9300,0.9960,1.0000,30.0000,161661.9839
F317,170.9688,16.0000,16.0330,16.0830,1.0000,7.0000,7790.2791
F318,172.1119,0.8630,0.8960,0.9460,1.0000,9.0000,7418.9149
F319,172.9949,0.7300,0.7800,0.8300,1.0000,62.0000,13702.3786
F320,173.0807,0.8130,0.8630,0.9130,1.0000,9.0000,20182.8150
F321,173.1323,3.7140,3.7800,3.8470,1.0000,11.0000,56857.7067
F322,175.0967,0.4960,0.5800,0.6300,1.0000,5.0000,8118.9701
F323,175.1189,0.8460,1.0710,1.0300,2.0000,128.0000,884714.3904
F324,175.1481,3.7140,3.8800,3.8470,2.0000,14.0000,303989.1388
F325,176.0084,0.7630,0.7960,0.8460,1.0000,5420.0000,12074.7865
F326,176.0660,0.7460,0.8130,0.8800,1.0000,161955.0000,582948.4327
F327,176.1222,0.8460,0.9460,1.1300,1.0000,16.0000,100059.7814
F328,176.1513,3.7140,3.7800,3.8640,1.0000,10.0000,47031.6555
F329,177.0134,17.2000,17.1090,17.3840,4.0000,3446.0000,17417.2139
F330,177.0136,16.4000,16.5340,16.5000,2.0000,4252.0000,21809.1543
F331,177.0140,17.4840,17.8340,18.2010,1.0000,3066.0000,80819.7099
F332,177.0246,0.7460,0.8300,0.9800,1.0000,43.0000,47459.3163
F333,177.0687,0.7800,0.8130,0.8630,1.0000,75.0000,35319.3002
F334,177.1134,0.8460,0.9300,1.0630,1.0000,28.0000,289165.9568
F335,177.1134,4.1800,4.2800,4.3800,1.0000,35.0000,325955.9947
F336,178.0584,0.8460,0.9130,1.0460,1.0000,6.0000,12068.1524
F337,179.0354,17.8500,17.9500,18.0340,1.0000,9.0000,19522.6758
F338,179.0892,0.7800,0.8800,1.0630,1.0000,8.0000,9520.7226
F339,179.1792,14.9830,15.0330,15.0660,1.0000,8.0000,9832.9126
F340,179.8680,18.0000,18.0840,18.1840,1.0000,36.0000,52680.7650
F341,180.0051,0.7630,0.8130,0.8460,1.0000,4089.0000,12180.0444
F342,180.1737,3.7140,3.7970,3.8470,1.0000,6.0000,11252.8133
F343,180.8944,16.4840,16.5340,16.6340,3.0000,3162.0000,19814.0484
F344,180.8944,17.9840,18.0500,18.1340,1.0000,9.0000,20599.2769
F345,180.8951,0.6300,0.8300,1.0630,1.0000,8.0000,19951.9484
F346,180.8949,16.3830,16.4340,16.4840,1.0000,2317.0000,14458.1216
F347,181.1594,3.9140,3.9800,4.0800,1.0000,11.0000,143746.2977
F348,181.1678,6.1310,6.2140,6.2640,1.0000,6.0000,30383.1664
F349,181.8660,17.9670,18.1010,18.4170,1.0000,25.0000,61455.4989
F350,182.1620,7.6150,7.6480,7.6980,1.0000,5.0000,7276.0993
F351,183.1748,3.7140,3.8800,3.8470,2.0000,8.0000,66959.6352
F352,183.8642,18.0000,18.0840,18.1670,1.0000,16.0000,10546.4520
F353,184.0737,7.2480,7.4230,7.4310,2.0000,110.0000,72987.1162
F354,184.0735,2.3630,2.5470,2.5470,2.0000,21.0000,98383.3123
F355,184.0725,8.0480,8.0980,8.2150,1.0000,10.0000,43801.9433
F356,184.0948,0.7130,0.7800,0.8300,1.0000,1321.0000,688028.0217
F357,184.1709,16.3670,16.2830,16.5840,3.0000,6928.0000,43933.0655
F358,184.1712,12.0160,12.1990,12.3820,1.0000,7137.0000,127096.2019
F359,184.9943,18.7340,18.8010,18.9170,1.0000,413.0000,149148.6253
F360,184.9946,18.1170,18.4010,18.6340,1.0000,369.0000,289342.5734
F361,184.9948,18.9170,18.9670,18.9840,1.0000,368.0000,61248.4653
F362,185.0825,1.0300,1.0800,1.1130,1.0000,1360.0000,4652.4954
F363,185.1280,0.7460,0.8130,0.8630,1.0000,10.0000,22403.8156
F364,186.0927,18.0000,18.0500,18.0840,1.0000,10.0000,5142.8887
F365,186.1128,0.7800,0.8300,0.8960,1.0000,15.0000,46465.7617
F366,186.1667,17.9500,18.0170,18.2510,1.0000,8.0000,7813.5230
F367,186.2217,11.7660,11.8660,11.9820,1.0000,16.0000,83441.3327
F368,186.9957,0.7130,0.7800,0.8460,1.0000,268362.0000,993784.5989
F369,186.9951,17.8670,17.9500,18.0170,1.0000,13.0000,76841.6242
F370,187.9991,0.7130,0.7800,0.8460,1.0000,14058.0000,51552.8225
F371,188.0705,0.7460,0.8130,0.8960,1.0000,141.0000,274489.2471
F372,188.1273,0.7960,0.8300,0.8800,1.0000,37.0000,11692.9769
F373,188.1756,17.9840,18.0500,18.1340,1.0000,13.0000,63897.1767
F374,188.9690,7.3810,7.4480,7.5150,1.0000,6.0000,8886.7634
F375,188.9688,0.7130,0.7960,0.8630,1.0000,40.0000,43349.4776
F376,189.0010,0.7300,0.7630,0.8130,1.0000,3085.0000,9415.8677
F377,189.0738,0.7460,0.8130,0.8960,1.0000,48.0000,35544.2728
F378,189.1649,14.9160,15.0330,15.1330,1.0000,10.0000,41350.7616
F379,190.9424,17.9340,18.0000,18.0500,1.0000,16.0000,21091.8921
F380,191.0016,3.7640,3.8140,3.8640,1.0000,21.0000,7534.2460
F381,191.0404,0.7300,0.7960,0.8800,1.0000,292.0000,564452.6570
F382,191.1046,0.8960,0.9460,1.2460,1.0000,1822.0000,8541.7695
F383,191.1433,3.7140,3.8800,3.8300,2.0000,5.0000,28114.4728
F384,191.1439,7.4310,7.4650,7.5150,1.0000,11.0000,13106.3431
F385,191.1463,4.1470,4.2140,4.2640,1.0000,2704.0000,14307.4758
F386,192.1590,0.7800,0.8300,0.8630,1.0000,10226.0000,23591.1266
F387,192.8884,18.0000,18.0840,18.1670,1.0000,28.0000,64654.0976
F388,193.1589,3.7140,3.8800,3.8470,2.0000,18.0000,345443.0695
F389,194.0222,0.7460,0.7960,0.8800,1.0000,145.0000,45496.7365
F390,194.1601,14.5660,14.6160,14.6660,1.0000,5.0000,15293.9510
F391,194.1620,3.6970,3.7800,3.8470,1.0000,6.0000,59420.9522
F392,194.8865,18.0000,18.0840,18.1670,1.0000,34.0000,58637.7342
F393,195.1233,7.8810,7.9810,8.0650,1.0000,52.0000,135381.7896
F394,195.1234,4.3970,4.4470,4.5640,1.0000,88.0000,173747.4134
F395,195.1851,13.1660,13.2830,13.2830,4.0000,8117.0000,44319.7754
F396,195.1851,15.0000,15.0660,15.1000,1.0000,6803.0000,32019.1972
F397,195.1853,13.8660,14.3830,15.0000,1.0000,7839.0000,377923.6880
F398,195.8363,18.0170,18.0840,18.1670,1.0000,103.0000,19299.9309
F399,196.1298,5.7310,5.7970,5.8470,1.0000,6.0000,10555.7782
F400,196.1867,11.2320,11.2820,11.3150,1.0000,5.0000,6227.9383
F401,196.8848,18.0340,18.1010,18.1670,1.0000,24.0000,10848.3288
F402,197.0807,13.3830,13.4160,13.4660,1.0000,23.0000,7543.6824
F403,197.1029,0.7800,0.8460,0.9800,1.0000,10.0000,26832.0442
F404,197.1598,7.6980,7.7650,7.8150,1.0000,7.0000,11434.2367
F405,197.8356,18.0170,18.0840,18.1500,1.0000,65.0000,20628.5641
F406,198.1251,7.7650,7.8150,7.8480,1.0000,1404.0000,4936.4074
F407,198.1499,4.4800,4.5140,4.5640,1.0000,9.0000,9808.2119
F408,198.1854,3.9140,3.9800,4.0640,1.0000,11.0000,210441.7763
F409,199.0955,0.7300,0.7960,0.8460,1.0000,29.0000,22343.1974
F410,199.1822,1.6960,1.7460,1.7800,1.0000,1726.0000,6287.0820
F411,199.8350,18.0340,18.1010,18.1840,1.0000,32.0000,8239.3162
F412,200.0685,0.7460,0.7800,0.8300,1.0000,33904.0000,82068.8236
F413,200.1280,0.7460,0.8130,0.9130,1.0000,13.0000,37087.2546
F414,200.8593,0.7130,0.7460,0.8130,1.0000,125.0000,22489.7461
F415,200.9721,18.8670,18.9340,18.9670,1.0000,15.0000,29324.4636
F416,201.0465,0.8800,0.9300,0.9630,1.0000,27504.0000,62292.6362
F417,201.1102,0.7800,0.8300,0.8630,1.0000,6082.0000,15759.4340
F418,201.1239,17.8840,18.0670,18.2840,1.0000,6.0000,16202.1662
F419,202.2165,0.8800,0.9460,1.0130,1.0000,12.0000,25422.6892
F420,202.9694,0.7300,0.7960,0.8630,1.0000,38.0000,41953.0710
F421,203.0530,0.7300,0.7800,0.8460,1.0000,91909.0000,308984.2023
F422,203.1501,0.7800,0.8460,1.0130,1.0000,50.0000,297721.8955
F423,203.1791,14.3830,14.6000,14.8160,1.0000,11.0000,22049.7895
F424,203.1794,15.7170,15.8330,15.9830,1.0000,10.0000,42551.4049
F425,204.0569,0.7130,0.7800,0.8460,1.0000,27.0000,25105.4983
F426,204.1233,0.7130,0.7880,0.7960,2.0000,674.0000,603373.5842
F427,204.9394,0.7130,0.7800,0.8460,1.0000,17842.0000,61510.0441
F428,205.0958,0.7630,0.8300,0.8800,1.0000,28.0000,19274.8008
F429,205.1265,0.7130,0.7880,0.7800,2.0000,116.0000,54141.2568
F430,205.1946,15.7330,15.8330,15.9000,1.0000,14.0000,24109.7908
F431,205.1951,14.9330,15.0160,15.1660,1.0000,13.0000,25300.6166
F432,205.1952,14.4660,14.6000,14.6830,1.0000,5.0000,11070.6107
F433,206.1531,17.6500,17.7000,17.7340,1.0000,1632.0000,5146.3400
F434,206.9093,17.9670,18.0340,18.1010,1.0000,11.0000,22626.0902
F435,206.9885,8.6980,8.8980,9.1150,1.0000,7.0000,8747.8875
F436,207.0153,0.7300,0.7960,0.8460,1.0000,34.0000,30439.5146
F437,207.0320,5.6310,5.7140,5.8140,1.0000,9.0000,25893.1410
F438,207.0323,2.2630,2.2880,2.4130,2.0000,92.0000,245623.2031
F439,207.0324,3.7300,4.0140,3.8800,3.0000,8.0000,23105.3798
F440,207.0323,4.8300,4.9140,5.0140,1.0000,37.0000,85476.5861
F441,207.0324,1.5800,1.6630,1.7300,1.0000,18.0000,66599.4053
F442,207.0324,3.0130,3.1130,3.1970,1.0000,79.0000,279664.8692
F443,207.0331,5.5310,5.5810,5.6310,1.0000,12.0000,16035.1794
F444,208.0331,3.7470,3.8140,3.8800,1.0000,38.0000,54681.0988
F445,208.0333,4.0800,4.3640,4.6470,1.0000,12.0000,45848.8693
F446,208.0332,2.2800,2.3470,2.4130,1.0000,31.0000,45570.7026
F447,208.0328,3.0130,3.1130,3.1970,1.0000,32.0000,52466.2834
F448,208.1713,3.7140,3.7800,3.8300,1.0000,6.0000,44541.6504
F449,208.9632,0.7800,0.8460,0.8960,1.0000,8.0000,11491.4834
F450,209.0296,2.1800,2.2970,2.5130,1.0000,30.0000,33466.7541
F451,209.0303,3.7640,3.8140,3.8800,1.0000,34.0000,27329.2180
F452,209.0300,3.0630,3.1130,3.1970,1.0000,24.0000,24019.8523
F453,209.1543,3.7140,3.8800,3.8970,2.0000,9.0000,115945.1892
F454,209.9150,18.0170,18.0840,18.1500,1.0000,33.0000,11362.9226
F455,210.0503,0.7630,0.8130,0.8800,1.0000,737.0000,266565.6086
F456,210.1855,15.0330,14.9660,15.2000,3.0000,27.0000,332246.0368
F457,210.1854,15.7170,15.8420,15.8500,2.0000,30.0000,388683.2602
F458,210.1855,17.3000,17.8000,18.2670,1.0000,18.0000,1297553.5500
F459,210.1854,3.7140,3.7800,3.8640,1.0000,10.0000,117144.6553
F460,211.1062,13.8160,13.8660,13.9160,1.0000,5.0000,5585.8779
F461,211.1696,3.7140,3.8800,3.8470,2.0000,20.0000,457091.9480
F462,213.0088,14.0500,14.1330,14.2500,1.0000,10.0000,70335.6697
F463,213.1250,16.4500,16.5000,16.5340,1.0000,6.0000,7414.1442
F464,213.1961,14.7000,14.7830,14.8830,1.0000,15.0000,76854.4458
F465,214.0064,0.7300,0.8130,0.8960,1.0000,31.0000,36555.3157
F466,214.1457,0.7800,0.8300,0.8630,1.0000,14.0000,7141.2560
F467,214.1811,13.8330,14.1160,14.0160,3.0000,5667.0000,24829.7980
F468,214.2526,7.7480,7.7980,7.8310,1.0000,1274.0000,4586.7173
F469,215.1254,0.7800,0.8460,0.8960,1.0000,64.0000,63547.1418
F470,215.1792,14.5500,14.6160,14.6830,1.0000,7.0000,19106.1390
F471,217.0064,0.7300,0.7800,0.8460,1.0000,4582.0000,13042.0320
F472,217.1054,2.4470,2.4970,2.5470,1.0000,5.0000,8955.1916
F473,217.1049,0.7300,0.7960,0.8630,1.0000,67.0000,256874.3485
F474,217.1951,14.8830,15.0330,15.1500,1.0000,14.0000,29875.7278
F475,217.1950,14.4830,14.6160,14.6830,1.0000,9.0000,10289.9569
F476,218.1089,0.7300,0.7960,0.8630,1.0000,51.0000,19733.5671
F477,218.9547,17.1500,17.2000,17.2340,1.0000,6.0000,5282.2237
F478,219.0270,0.7300,0.7800,0.8630,1.0000,28.0000,18810.1356
F479,219.0836,0.7800,0.8630,1.0460,1.0000,11.0000,59373.2407
F480,219.1778,11.8660,11.9160,11.9490,1.0000,7.0000,7497.4780
F481,219.2110,14.9160,15.0330,15.1330,1.0000,17.0000,38513.8375
F482,220.0671,0.7300,0.7800,0.8800,1.0000,110.0000,50460.2816
F483,220.1681,3.9140,3.9800,4.0470,1.0000,9.0000,33667.9265
F484,221.0854,4.3140,4.3470,4.4470,1.0000,28.0000,16018.7661
F485,221.1750,3.9140,3.9800,4.0640,1.0000,11.0000,144823.2420
F486,222.1127,18.9340,18.8920,18.9840,2.0000,32.0000,19144.2053
F487,222.1129,18.0000,18.2170,18.7670,1.0000,32.0000,212145.5494
F488,222.1137,7.2140,7.2980,7.3650,1.0000,5.0000,14895.5570
F489,222.1818,3.9300,3.9800,4.0640,1.0000,5.0000,36836.0568
F490,222.8804,0.6800,0.8300,0.9630,1.0000,7.0000,15419.6926
F491,223.0640,4.3300,4.3300,4.4640,2.0000,43.0000,347057.8519
F492,223.0635,2.2800,2.2880,2.4130,2.0000,175.0000,667031.0116
F493,223.0636,1.5800,1.5960,1.7300,2.0000,38.0000,225179.0874
F494,223.0637,5.5140,5.6470,5.6470,2.0000,13.0000,36224.1854
F495,223.0637,3.7300,3.8140,3.8800,1.0000,246.0000,1054519.6262
F496,223.0637,4.8470,4.9140,4.9800,1.0000,27.0000,153022.1981
F497,223.0636,11.3150,11.3490,11.3990,1.0000,2225.0000,7493.3496
F498,223.0638,6.3980,6.4640,6.5480,1.0000,7.0000,17862.6805
F499,223.0637,3.0130,3.1130,3.1970,1.0000,261.0000,781350.2505
F500,223.1343,1.2300,1.2800,1.3130,1.0000,2827.0000,9296.2570
F501,223.2154,1.0130,1.0630,1.1130,1.0000,8.0000,9731.3922
F502,224.0645,4.2300,4.2800,4.3300,1.0000,26.0000,40072.5035
F503,224.0645,3.7300,3.8140,3.8800,1.0000,136.0000,232385.5144
F504,224.0644,2.1630,2.2300,2.2800,1.0000,115.0000,85764.1209
F505,224.0646,4.8470,4.9140,4.9970,1.0000,18.0000,35131.0145
F506,224.0648,1.5630,1.6630,1.7460,1.0000,17.0000,54455.0234
F507,224.0649,3.0130,3.1130,3.1970,1.0000,83.0000,173954.4460
F508,224.0647,2.2800,2.3470,2.4130,1.0000,161.0000,140005.2662
F509,224.0655,4.3300,4.3800,4.4470,1.0000,51.0000,76577.4017
F510,224.1282,7.6810,7.7650,7.8810,3.0000,26.0000,295375.7669
F511,224.1281,0.3790,0.5630,0.7960,1.0000,55.0000,1243687.0437
F512,224.1281,0.0630,0.1960,0.3790,1.0000,56.0000,1159607.0097
F513,224.1282,1.7800,1.8460,1.9130,1.0000,58.0000,519797.1863
F514,224.1281,17.8840,18.2840,18.8670,1.0000,82.0000,2790513.8188
F515,224.9040,0.7300,0.7630,0.8130,1.0000,7458.0000,16469.3309
F516,225.0617,2.2630,2.2880,2.4130,2.0000,39.0000,95121.1249
F517,225.0617,3.7300,3.8140,3.8800,1.0000,75.0000,127205.1028
F518,225.0620,3.0130,3.1130,3.1970,1.0000,56.0000,93668.6900
F519,225.1586,1.8630,1.8960,1.9460,1.0000,2861.0000,9410.9030
F520,226.0209,18.4670,18.6340,18.7840,1.0000,44.0000,79715.2778
F521,226.0208,18.1670,18.2510,18.3340,1.0000,41.0000,29926.8342
F522,226.0451,0.7460,0.7960,0.8630,1.0000,159.0000,75766.1703
F523,226.0613,2.3130,2.3470,2.3970,1.0000,8.0000,9531.9866
F524,226.0622,3.7470,3.8140,3.8800,1.0000,37.0000,20317.9403
F525,226.0624,3.0130,3.1130,3.3970,1.0000,28.0000,13824.7095
F526,227.1278,0.7960,0.8300,0.8800,1.0000,38.0000,17013.4333
F527,227.1297,2.2130,2.3130,2.3970,1.0000,28.0000,35063.3349
F528,227.1659,3.9140,3.9800,4.0470,1.0000,14.0000,74449.3206
F529,227.1743,4.0300,4.0800,4.1300,1.0000,6466.0000,28947.2485
F530,227.2120,15.0330,14.7830,15.1660,5.0000,31.0000,816808.2281
F531,227.2120,13.7330,13.8160,13.8830,1.0000,26.0000,497029.3092
F532,227.2119,17.4000,17.8500,18.1840,1.0000,27.0000,2101394.8828
F533,227.2120,15.4170,15.8830,16.4340,1.0000,41.0000,3755128.7595
F534,228.1960,3.7140,3.8800,3.8470,2.0000,31.0000,1234438.9128
F535,228.2684,15.6330,15.9170,15.7670,7.0000,4042.0000,21192.0886
F536,228.2684,17.6670,17.0670,18.1500,9.0000,4270.0000,24644.9960
F537,228.2684,13.4160,13.4240,13.5490,4.0000,3382.0000,25538.8829
F538,228.2684,14.9330,14.7830,15.4830,4.0000,3104.0000,21903.3413
F539,228.2684,13.7330,14.1330,14.5330,1.0000,4645.0000,141821.2041
F540,228.2685,0.9460,0.9960,1.0460,1.0000,13.0000,15900.3392
F541,228.9838,0.7130,0.7800,0.8630,1.0000,392.0000,870758.1717
F542,228.9838,17.8840,17.9670,18.0670,1.0000,11.0000,77076.9277
F543,229.1549,0.7800,0.8130,0.8800,1.0000,11.0000,140966.1091
F544,229.1647,7.9150,7.9810,8.0480,1.0000,6.0000,13874.5772
F545,229.1993,3.7140,3.8800,3.8640,2.0000,27.0000,229205.7941
F546,229.9870,0.7300,0.7800,0.8630,1.0000,77.0000,42548.8637
F547,230.1575,0.7800,0.8300,0.8960,1.0000,9.0000,21262.2267
F548,230.2011,3.7140,3.7800,3.8640,1.0000,7.0000,25492.8938
F549,230.9569,17.8840,18.0000,18.0500,1.0000,8.0000,15896.1716
F550,230.9567,0.7630,0.7960,0.8630,1.0000,14.0000,11996.1904
F551,231.0837,0.6800,0.7960,0.8460,1.0000,9.0000,20236.2695
F552,231.2512,17.8670,17.9340,17.9840,1.0000,5.0000,10600.1580
F553,232.1543,0.7460,0.8130,0.8800,1.0000,21.0000,37810.1007
F554,232.9306,17.9340,18.0000,18.0670,1.0000,30.0000,59626.7517
F555,232.9863,0.7300,0.7800,0.8300,1.0000,9002.0000,26297.6228
F556,233.0877,0.8800,0.9130,0.9630,1.0000,3179.0000,7774.1793
F557,233.1524,3.6640,3.7140,3.7470,1.0000,7.0000,11953.4765
F558,233.2260,14.8330,15.0330,15.2160,1.0000,15.0000,42142.1249
F559,233.2262,15.7330,15.8330,15.9330,1.0000,20.0000,38046.1882
F560,234.1853,15.2500,15.2410,15.3160,2.0000,4098.0000,15169.3024
F561,234.1857,15.3330,15.8500,16.3330,1.0000,4957.0000,187826.2352
F562,234.9819,0.7130,0.7630,0.8460,1.0000,35.0000,40775.2699
F563,235.1197,9.0320,9.0820,9.1320,1.0000,6.0000,7019.6573
F564,237.0800,3.0800,3.3470,3.5470,1.0000,9.0000,36812.1565
F565,237.0828,5.4140,5.4640,5.4970,1.0000,15.0000,6771.7048
F566,237.1840,0.9130,0.9630,0.9960,1.0000,9.0000,7830.9152
F567,237.2286,17.0170,17.0670,17.1000,1.0000,2413.0000,7632.6374
F568,237.2311,13.1160,13.4330,13.5660,1.0000,10.0000,14291.8906
F569,238.1831,15.6670,15.7500,15.8000,1.0000,5.0000,16735.8971
F570,238.2167,12.9490,13.4830,14.0160,1.0000,3474.0000,117976.7852
F571,239.1026,0.8800,0.9130,0.9630,1.0000,4281.0000,10830.5984
F572,239.1072,8.6310,8.6820,8.7320,1.0000,6.0000,7459.2069
F573,239.1985,6.2810,6.3310,6.3810,1.0000,2102.0000,9660.5488
F574,240.0976,0.8630,0.9130,0.9630,1.0000,31.0000,18745.3843
F575,240.2321,0.9960,1.0630,1.1300,1.0000,45.0000,59524.2648
F576,241.0033,0.7300,0.8130,0.8800,1.0000,34.0000,61548.5456
F577,241.0035,16.8340,17.6340,18.1840,1.0000,9.0000,1587356.8647
F578,241.0741,3.7300,3.8140,3.8800,1.0000,436.0000,277746.3152
F579,241.0742,2.2470,2.3300,2.3800,1.0000,7.0000,14924.1965
F580,241.1546,0.7300,0.8130,0.8960,1.0000,9.0000,38972.1688
F581,241.1538,3.5800,3.8470,4.0640,1.0000,2432.0000,17345.6285
F582,241.2355,1.0130,1.0630,1.1130,1.0000,9.0000,11321.6696
F583,241.2380,18.0170,18.0840,18.2670,1.0000,12.0000,29802.0732
F584,242.0751,3.7300,3.8140,3.8800,1.0000,158.0000,57676.1940
F585,243.1729,7.4980,7.7810,8.0980,1.0000,14.0000,7802.4149
F586,243.2113,15.7330,15.8170,15.8670,1.0000,11.0000,59500.6098
F587,243.2112,14.9660,15.0160,15.1500,1.0000,12.0000,71676.3585
F588,243.2134,14.8830,14.9500,14.9830,1.0000,7.0000,21119.0338
F589,244.0541,0.7460,0.7960,0.8300,1.0000,2353.0000,6594.9321
F590,244.1908,3.9140,3.9800,4.0470,1.0000,26.0000,192884.1524
F591,244.9546,0.7130,0.7630,0.8460,1.0000,2426.0000,1282253.6141
F592,245.0520,18.2510,18.5510,18.4170,4.0000,7077.0000,50336.3904
F593,245.0529,18.1670,18.2170,18.2510,1.0000,3503.0000,11166.7658
F594,245.1940,3.9140,3.9800,4.1140,1.0000,8.0000,37865.9130
F595,245.2241,15.6170,15.8000,15.9330,1.0000,6.0000,9368.2870
F596,245.2262,14.9500,15.0160,15.0660,1.0000,4463.0000,14616.4036
F597,245.2268,15.8170,15.8500,15.9000,1.0000,2711.0000,8693.0830
F598,246.9021,18.0000,18.0670,18.1170,1.0000,3345.0000,13357.3232
F599,246.9267,0.7800,0.8130,0.8960,1.0000,5713.0000,16239.4449
F600,246.9517,0.7130,0.7630,0.8460,1.0000,1169.0000,398598.6755
F601,247.1441,0.7800,0.8300,0.9460,1.0000,49.0000,84538.0988
F602,247.2416,15.7500,15.8170,15.9500,1.0000,3692.0000,25274.5371
F603,247.2416,14.9500,15.0160,15.1160,1.0000,48.0000,29163.5465
F604,248.1829,15.5170,15.6170,15.6670,1.0000,6.0000,8810.0072
F605,248.8982,17.9340,18.0170,18.1010,1.0000,18.0000,68830.0719
F606,248.9775,0.7960,0.8460,0.9460,1.0000,6.0000,18277.5412
F607,248.9772,2.9800,3.0300,3.0630,1.0000,1206.0000,4635.8609
F608,249.0611,0.7460,0.8130,0.8800,1.0000,312.0000,146303.4746
F609,249.1068,0.7460,0.7960,0.8800,1.0000,57.0000,19365.5919
F610,249.1937,12.7830,12.8330,12.8660,1.0000,2993.0000,10623.6436
F611,250.1778,3.6970,3.8800,3.8470,2.0000,22.0000,191207.5230
F612,250.1780,0.8630,0.9460,1.0130,1.0000,13.0000,93741.3480
F613,250.9501,0.7800,0.8300,0.8960,1.0000,7.0000,7870.6677
F614,251.1823,3.9300,3.9800,4.0140,1.0000,5.0000,22533.9766
F615,251.1859,12.5160,12.6080,12.6160,2.0000,4023.0000,20471.2350
F616,252.2044,0.4290,0.4790,0.5290,1.0000,2388.0000,9823.6917
F617,253.0252,0.7300,0.7630,0.8460,1.0000,8190.0000,27012.1256
F618,253.2245,14.8330,14.8830,14.9160,1.0000,2920.0000,10684.6294
F619,255.1596,0.8800,0.9130,0.9800,1.0000,19.0000,16565.1649
F620,255.2423,17.4000,17.8670,18.1170,1.0000,16.0000,139585.0763
F621,256.2268,3.6470,3.7140,3.8140,1.0000,8.0000,68252.2151
F622,257.0427,17.8500,17.5340,18.0170,3.0000,19.0000,22174.4644
F623,257.1013,0.7630,0.8130,0.8800,1.0000,2128.0000,9980.5904
F624,257.1913,1.6300,1.8300,2.0630,1.0000,6.0000,34645.7367
F625,257.2263,14.9500,15.0330,15.1500,1.0000,9.0000,57524.4060
F626,257.2265,14.4830,14.6160,14.7000,1.0000,9.0000,22066.9716
F627,257.2269,15.7330,15.8500,16.0000,1.0000,19.0000,74730.2572
F628,259.1517,0.7460,0.8300,0.8960,1.0000,34.0000,39266.2197
F629,259.1906,4.4300,4.4970,4.5640,1.0000,15.0000,69408.4296
F630,259.2414,15.7330,15.8170,15.9500,1.0000,41.0000,42441.7411
F631,259.2417,14.9330,15.0160,15.1160,1.0000,7402.0000,41981.3462
F632,260.1954,9.4980,9.5480,9.5980,1.0000,8.0000,6506.5620
F633,260.1970,17.9670,18.0500,18.1170,1.0000,18.0000,49027.7077
F634,260.9281,0.7130,0.7800,0.8630,1.0000,289.0000,93924.0559
F635,261.1310,0.7300,0.7960,0.8630,1.0000,129.0000,250801.4308
F636,261.1927,17.9840,18.0500,18.1340,1.0000,17.0000,70336.8939
F637,261.2434,2.2630,2.3300,2.3800,1.0000,11.0000,7340.4602
F638,262.1850,6.1310,6.1810,6.2140,1.0000,1778.0000,5941.3004
F639,262.8882,18.0340,18.0840,18.1340,1.0000,1541.0000,6182.0551
F640,262.8981,0.7130,0.7630,0.8630,1.0000,8337.0000,30726.8848
F641,262.9251,0.7460,0.7800,0.8630,1.0000,12123.0000,36095.6477
F642,263.1363,0.7460,0.7800,0.8300,1.0000,6812.0000,15471.2520
F643,264.1965,0.7960,0.8460,0.9800,1.0000,20.0000,30569.0379
F644,265.1598,0.8960,0.9800,1.0130,1.0000,12.0000,14110.6565
F645,265.2581,3.7140,3.7640,3.7970,1.0000,8.0000,5952.3858
F646,266.1726,3.8970,3.9800,4.0470,1.0000,11.0000,136448.6289
F647,266.1725,0.7630,0.8300,0.8960,1.0000,8.0000,64371.1772
F648,266.9996,3.5800,3.7970,4.0640,1.0000,18.0000,36304.5763
F649,266.9993,3.0130,3.1130,3.1970,1.0000,38.0000,77637.8214
F650,267.0004,4.8640,4.9140,4.9970,1.0000,9.0000,9754.7036
F651,267.1447,17.3170,17.6670,17.9500,1.0000,2062.0000,17730.8691
F652,267.1755,0.8630,0.9130,0.9460,1.0000,13.0000,11964.9062
F653,267.2049,16.9840,17.0340,17.0670,1.0000,2684.0000,9751.3815
F654,267.6478,2.5970,2.6470,2.7130,1.0000,14.0000,10212.5848
F655,267.9996,2.9970,3.0970,3.1630,1.0000,14.0000,16228.7261
F656,268.1874,0.8130,0.8800,0.9630,1.0000,5455.0000,22434.4417
F657,268.1902,1.1460,1.1960,1.2300,1.0000,5.0000,6081.4875
F658,268.2348,3.3800,3.4300,3.4970,1.0000,7.0000,10642.1057
F659,268.9987,14.0000,14.2500,14.2500,2.0000,25.0000,264231.5299
F660,268.9987,14.9500,15.0330,15.1160,1.0000,33.0000,261180.2627
F661,268.9989,0.7130,0.7800,0.8460,1.0000,2027.0000,3291671.6732
F662,268.9989,16.6340,16.7000,16.7670,1.0000,26.0000,175036.5050
F663,268.9984,17.6840,17.9500,18.0670,1.0000,27.0000,384884.7223
F664,268.9988,11.9820,12.0660,12.1160,1.0000,16.0000,91101.5780
F665,269.0336,14.8500,15.5500,16.1000,1.0000,45.0000,446499.2693
F666,269.0335,16.4670,16.7170,17.0840,1.0000,41.0000,218797.6458
F667,269.0335,17.1000,17.7840,18.2510,1.0000,42.0000,317526.0945
F668,269.2265,3.3800,3.4470,3.5300,1.0000,51.0000,56789.4344
F669,270.0022,0.7130,0.7800,0.8460,1.0000,61899.0000,225877.9612
F670,270.1287,0.7460,0.7800,0.8300,1.0000,4763.0000,10929.8106
F671,270.2427,3.7140,3.7800,3.8640,1.0000,18.0000,73558.9116
F672,270.9728,0.7630,0.7960,0.8460,1.0000,28.0000,15055.6409
F673,271.0031,0.7130,0.7800,0.8460,1.0000,15477.0000,54050.8586
F674,271.1643,11.3660,11.4160,11.4660,1.0000,1372.0000,6039.8169
F675,271.2459,3.6970,3.7800,3.8470,1.0000,7.0000,15540.5414
F676,271.9668,0.7130,0.8130,0.9630,1.0000,8.0000,14933.0188
F677,272.0159,0.8630,0.9130,0.9460,1.0000,1414.0000,5108.9591
F678,272.2586,0.9960,1.1550,1.1300,2.0000,157.0000,793802.1042
F679,272.7947,0.7130,0.7630,0.8130,1.0000,4078.0000,12234.7210
F680,272.9454,17.9500,18.0000,18.0340,1.0000,13.0000,16347.3366
F681,273.1848,1.6130,1.6960,1.7800,1.0000,24.0000,191121.3143
F682,273.2585,14.9160,15.0160,15.1160,1.0000,16.0000,32388.3345
F683,273.2617,0.9960,1.1550,1.1300,2.0000,91.0000,160185.3053
F684,273.9808,0.7630,0.7960,0.8630,1.0000,6040.0000,16908.8736
F685,274.1785,13.5660,13.5990,13.6490,1.0000,1898.0000,5772.1215
F686,274.1879,1.5630,1.6960,1.7960,1.0000,29.0000,33812.1679
F687,274.2661,1.0130,1.0630,1.0960,1.0000,22317.0000,56258.2319
F688,274.9652,0.7130,0.7630,0.8460,1.0000,20230.0000,66633.8362
F689,275.1096,0.6960,0.7800,0.8460,1.0000,22.0000,48188.7923
F690,275.2080,18.0000,18.0500,18.1170,1.0000,8.0000,35937.5599
F691,276.9622,0.7300,0.7800,0.8460,1.0000,76.0000,25828.7123
F692,277.2168,0.8960,0.9800,1.0130,1.0000,13.0000,18726.2118
F693,278.1083,0.7460,0.7960,0.8300,1.0000,1865.0000,6120.7777
F694,279.0932,0.9130,0.9800,1.0630,1.0000,10.0000,15988.3669
F695,279.1601,4.3470,4.4140,4.4800,1.0000,78.0000,254621.5768
F696,280.1546,0.7960,0.8460,0.8960,1.0000,2580.0000,10520.8362
F697,280.1642,4.3300,4.4140,4.4640,1.0000,29.0000,42572.8810
F698,280.1860,0.8300,0.8800,0.9130,1.0000,2146.0000,6171.0031
F699,281.0514,4.2140,4.3300,4.3300,2.0000,29.0000,185872.5111
F700,281.0511,2.2630,2.2880,2.4130,2.0000,192.0000,397109.1953
F701,281.0511,1.5800,1.5880,1.7460,2.0000,18.0000,82074.5950
F702,281.0510,3.7300,3.8140,3.8800,1.0000,17.0000,140611.2321
F703,281.0511,4.8300,4.8970,4.9970,1.0000,68.0000,327461.2500
F704,281.0515,11.8160,11.8820,11.9320,1.0000,6.0000,7833.9488
F705,281.0510,7.0980,7.1810,7.2480,1.0000,8.0000,15072.3593
F706,281.0512,5.6310,5.6970,5.8140,1.0000,12.0000,53870.0286
F707,281.0510,3.0130,3.1130,3.1800,1.0000,103.0000,241172.4985
F708,282.0518,4.2140,4.3220,4.3300,2.0000,48.0000,36422.8717
F709,282.0519,2.2800,2.2880,2.4130,2.0000,57.0000,97059.3977
F710,282.0523,3.7300,3.8140,3.8800,1.0000,30.0000,38181.4358
F711,282.0522,4.8300,4.8970,4.9800,1.0000,89.0000,89682.6795
F712,282.0523,1.5800,1.6630,1.7300,1.0000,9.0000,21563.2426
F713,282.0524,3.0130,3.1130,3.1970,1.0000,34.0000,65401.9609
F714,282.2040,0.8460,0.9130,0.9800,1.0000,29.0000,130858.2959
F715,282.2540,14.1000,14.3330,14.3500,2.0000,5013.0000,40642.4114
F716,282.2536,14.6500,14.9660,15.3830,1.0000,6549.0000,190742.2716
F717,282.2546,0.4790,0.5130,0.5460,1.0000,1973.0000,5912.8343
F718,282.2547,0.3790,0.4130,0.4790,1.0000,2508.0000,12084.1841
F719,283.0299,4.5300,4.5800,4.6140,1.0000,6.0000,5328.4809
F720,283.0495,4.2300,4.2800,4.3300,1.0000,9.0000,27440.5367
F721,283.0485,3.7640,3.8140,3.8800,1.0000,22.0000,24032.8850
F722,283.0481,1.5800,1.6300,1.6630,1.0000,15.0000,6520.3155
F723,283.0491,2.9800,3.0970,3.1800,1.0000,49.0000,37949.4004
F724,283.0495,2.2630,2.3300,2.4130,1.0000,32.0000,64975.2740
F725,283.0496,4.8300,4.8970,4.9970,1.0000,36.0000,53051.9596
F726,284.0505,3.0470,3.1130,3.1800,1.0000,5.0000,9549.3533
F727,284.1791,16.2670,16.3830,16.4500,3.0000,8340.0000,66964.0100
F728,284.8698,18.0170,18.0840,18.1670,1.0000,68.0000,41733.7196
F729,284.9729,0.7130,0.7800,0.8460,1.0000,769.0000,168375.8410
F730,284.9921,14.4000,14.4330,14.4830,1.0000,3666.0000,12351.1091
F731,285.0273,16.7500,16.7840,16.8340,1.0000,1362.0000,4760.8520
F732,285.1006,0.7460,0.7960,0.8300,1.0000,11744.0000,28431.6774
F733,286.1437,0.9460,1.0550,1.0460,2.0000,631.0000,380197.8050
F734,286.2013,0.7800,0.8300,0.8960,1.0000,684.0000,340919.5410
F735,286.2307,3.3970,3.4470,3.4800,1.0000,6848.0000,17259.3997
F736,286.2457,11.5160,11.5490,11.5990,1.0000,1700.0000,5927.4356
F737,286.2495,9.1150,9.1480,9.1980,1.0000,1570.0000,5188.7368
F738,286.9430,0.7300,0.7800,0.8300,1.0000,6882.0000,24419.0403
F739,286.9702,0.7460,0.7800,0.8630,1.0000,70.0000,16810.1271
F740,287.1475,0.9460,1.0550,1.0630,2.0000,22760.0000,86430.5168
F741,287.1989,16.7170,16.7670,16.8170,1.0000,8.0000,6179.2950
F742,287.2043,0.7800,0.8300,0.8960,1.0000,75.0000,55664.7733
F743,287.2350,3.3970,3.4470,3.4970,1.0000,9.0000,11437.5505
F744,287.2730,14.8160,15.0500,15.1660,1.0000,12.0000,38336.8916
F745,287.2735,15.7330,15.8330,15.8830,1.0000,17.0000,30254.6251
F746,288.1554,15.2660,15.3160,15.3670,3.0000,3229.0000,18908.1878
F747,288.1551,12.9330,13.0330,13.0830,3.0000,3035.0000,22295.1597
F748,288.9396,0.7460,0.7800,0.8300,1.0000,2575.0000,8344.1023
F749,289.2203,0.7960,0.8630,0.9300,1.0000,42.0000,45427.5590
F750,289.2910,11.6320,11.6820,11.7160,1.0000,1350.0000,4992.3565
F751,290.1389,0.7630,0.8130,0.8800,1.0000,912.0000,654008.2162
F752,290.8856,17.9340,18.0170,18.0840,1.0000,12.0000,22048.6473
F753,290.9654,0.7800,0.8300,0.8800,1.0000,22.0000,11111.0059
F754,291.1425,0.7460,0.8130,0.8800,1.0000,47791.0000,144306.9145
F755,291.1555,18.0000,18.0840,18.1500,1.0000,8.0000,11015.2266
F756,291.2013,0.9300,0.9800,1.0130,1.0000,8.0000,6018.7858
F757,292.1989,0.7800,0.8300,0.9130,1.0000,3885.0000,16779.8554
F758,292.2268,1.9630,2.0130,2.0460,1.0000,1631.0000,5253.9646
F759,294.1673,3.9140,3.9800,4.0470,1.0000,8.0000,13634.0850
F760,295.0241,0.7460,0.7800,0.8300,1.0000,32.0000,11090.4280
F761,295.1498,0.8960,0.9630,1.0130,1.0000,7.0000,9598.1395
F762,295.2271,0.8630,0.8960,0.9300,1.0000,16.0000,17319.1527
F763,295.2273,0.9300,0.9960,1.0300,1.0000,28.0000,38795.2228
F764,295.2526,6.8140,7.0640,7.1310,1.0000,7.0000,18052.4660
F765,296.1216,0.8800,0.9130,0.9800,1.0000,587.0000,145971.0403
F766,296.2268,0.9460,0.9800,1.0300,1.0000,2482.0000,6916.8415
F767,297.0823,2.2800,2.2880,2.4130,2.0000,511.0000,574818.1127
F768,297.0824,1.5960,1.5960,1.7460,2.0000,77.0000,126223.6379
F769,297.0831,4.3140,4.3800,4.4470,1.0000,69.0000,205528.1218
F770,297.0825,4.8300,4.8970,4.9800,1.0000,148.0000,352405.4546
F771,297.0823,3.7300,3.8140,3.8800,1.0000,56.0000,171038.8740
F772,297.0828,3.0130,3.1130,3.1800,1.0000,177.0000,221899.5041
F773,297.1255,0.8800,0.9130,0.9800,1.0000,11533.0000,31870.3594
F774,297.1908,9.7150,9.7650,9.7980,1.0000,5.0000,6904.6746
F775,297.2504,17.8500,17.8840,17.9340,1.0000,2136.0000,8119.5158
F776,298.0251,0.7460,0.7800,0.8630,1.0000,292.0000,64944.5440
F777,298.0833,2.2800,2.2970,2.4130,2.0000,306.0000,166976.1910
F778,298.0840,4.3140,4.3800,4.4470,1.0000,47.0000,57969.0780
F779,298.0833,4.8300,4.8970,4.9970,1.0000,29.0000,102646.3624
F780,298.0830,3.7470,3.8140,3.8800,1.0000,70.0000,49182.5902
F781,298.0835,3.0130,3.1130,3.1800,1.0000,44.0000,62647.7873
F782,298.1783,0.7960,0.8960,0.9460,1.0000,21.0000,13653.7658
F783,298.1822,0.9460,0.9800,1.0300,1.0000,1368.0000,4844.3616
F784,298.1844,8.8980,8.9480,8.9820,1.0000,1180.0000,4474.4294
F785,298.2722,17.9000,17.9500,18.0340,1.0000,6.0000,8914.5462
F786,299.0094,0.7130,0.7800,0.8460,1.0000,90975.0000,328302.4780
F787,299.0631,4.2300,4.2800,4.3470,1.0000,12781.0000,42537.5530
F788,299.0773,4.8300,4.9140,4.9640,1.0000,33.0000,66399.9142
F789,299.0810,2.2630,2.2880,2.4300,2.0000,16433.0000,108429.4827
F790,299.0809,3.0130,3.0970,3.1800,1.0000,29.0000,37960.6684
F791,299.1398,0.9960,1.1800,1.1800,2.0000,22.0000,64646.7888
F792,300.0075,0.7300,0.7960,0.8460,1.0000,266.0000,21494.7102
F793,300.0805,2.2800,2.3300,2.3970,1.0000,11.0000,14882.2537
F794,300.1429,0.9960,1.2300,1.2960,1.0000,6.0000,12813.3503
F795,300.2895,1.6130,1.6960,1.7800,1.0000,89.0000,432688.4784
F796,300.2897,1.2630,1.3960,1.6130,1.0000,45.0000,606876.2471
F797,301.0656,4.8640,4.8970,4.9470,1.0000,2031.0000,7120.8397
F798,301.1426,0.9130,0.9630,1.0130,1.0000,9.0000,9548.9175
F799,301.1586,0.8130,0.8460,0.8960,1.0000,2340.0000,7847.3904
F800,301.2861,0.8630,1.0800,1.1130,1.0000,1954.0000,8047.7114
F801,301.2930,1.6130,1.6960,1.7630,1.0000,36.0000,83870.5298
F802,302.9129,0.7130,0.7630,0.8300,1.0000,166.0000,42835.6954
F803,303.1413,0.7460,0.7960,0.8460,1.0000,31.0000,14261.9765
F804,303.2323,3.1300,3.1630,3.2300,1.0000,4968.0000,17713.2742
F805,303.2363,0.8460,0.8800,0.9460,1.0000,21.0000,12981.3078
F806,303.3002,11.7660,11.8160,11.8820,1.0000,5.0000,10555.7326
F807,303.3032,4.3970,4.9640,5.6810,1.0000,3875.0000,125417.1402
F808,304.1547,0.8300,0.8960,0.9460,1.0000,35.0000,30090.9216
F809,304.9718,0.7630,0.8130,0.8630,1.0000,13.0000,11529.9392
F810,305.1571,0.7130,0.7960,0.8630,1.0000,164.0000,182657.8905
F811,305.1588,3.8470,3.9140,3.9640,1.0000,7.0000,5852.4227
F812,305.2129,0.7960,0.8300,0.9300,1.0000,9.0000,9707.6990
F813,305.3027,0.9300,0.9960,1.0460,1.0000,12.0000,73644.8168
F814,306.1611,0.6630,0.7800,0.8460,1.0000,35.0000,26535.9124
F815,306.3032,4.3300,4.3640,4.4140,1.0000,1451.0000,5123.7091
F816,306.3062,7.6810,7.7310,7.7810,1.0000,16.0000,5633.9559
F817,306.8521,17.9840,18.0500,18.1840,1.0000,33.0000,114834.9828
F818,306.8528,17.6670,17.7170,17.7670,5.0000,2877.0000,14843.5693
F819,307.2069,17.8340,17.8840,17.9500,1.0000,6.0000,6288.7985
F820,307.2593,0.8300,0.8800,0.9130,1.0000,1658.0000,5470.6875
F821,307.2635,8.8150,8.8650,8.9150,1.0000,6.0000,6195.9827
F822,308.8486,18.0170,18.0500,18.1170,1.0000,13.0000,8460.3916
F823,309.0909,0.8960,0.9300,0.9800,1.0000,3215.0000,8256.4686
F824,309.2278,0.8300,0.8800,0.9630,1.0000,10.0000,22038.1798
F825,309.2741,6.5480,6.5980,6.6480,1.0000,6.0000,8313.1584
F826,310.2129,0.8800,0.9130,0.9630,1.0000,10193.0000,21266.2645
F827,310.2348,5.3970,5.8310,6.0140,1.0000,1823.0000,12745.0517
F828,310.2351,0.9300,0.9960,1.0630,1.0000,6.0000,17273.6329
F829,310.8760,0.7300,0.7630,0.8300,1.0000,5660.0000,14044.0853
F830,311.1270,1.0130,1.0630,1.0960,1.0000,2292.0000,7191.1934
F831,311.2036,0.7800,0.8460,0.8960,1.0000,25.0000,40004.3329
F832,312.1206,0.7630,0.7960,0.8800,1.0000,635.0000,108737.3529
F833,312.1606,1.0460,1.1800,1.2960,1.0000,29.0000,56153.5723
F834,312.2164,0.8130,0.8630,0.9460,1.0000,20691.0000,69164.3610
F835,312.3618,12.8490,12.7410,12.9830,2.0000,2290.0000,15013.4128
F836,312.3618,12.1160,12.1660,12.2660,1.0000,2584.0000,22516.3215
F837,312.3628,12.6330,12.4660,12.7830,5.0000,2991.0000,13638.2728
F838,313.0972,0.9460,0.9800,1.0460,1.0000,397.0000,160748.7872
F839,313.2394,0.9300,0.9800,1.0130,1.0000,14.0000,10946.5391
F840,313.2735,11.6320,11.8320,11.7490,2.0000,15.0000,27594.8757
F841,313.2733,3.6470,3.6970,3.7300,1.0000,1515.0000,5231.7071
F842,313.2874,15.7830,15.8500,15.9500,1.0000,8.0000,20335.7847
F843,313.3278,4.9300,4.9800,5.0140,1.0000,5.0000,4481.8112
F844,314.0206,0.7460,0.7960,0.8630,1.0000,5534.0000,17500.7234
F845,314.2150,16.2000,16.2830,16.5340,1.0000,6.0000,14055.9621
F846,314.2326,0.8460,0.9130,0.9800,1.0000,145810.0000,440209.3267
F847,314.3418,11.6490,11.9490,11.9820,2.0000,37.0000,266784.4241
F848,314.3417,4.4140,4.4720,5.0310,2.0000,50.0000,146340.3332
F849,314.3415,3.2300,3.4630,3.3630,2.0000,22.0000,58609.2947
F850,314.3415,11.2990,11.4160,11.4820,1.0000,25.0000,109701.8363
F851,314.3418,8.0810,8.2310,8.2980,1.0000,18.0000,53924.6703
F852,314.3418,15.5000,15.6670,15.7830,1.0000,24.0000,149832.0349
F853,314.3418,5.1810,5.2640,5.3470,1.0000,27.0000,105578.0731
F854,314.3420,14.6830,14.7330,14.7830,1.0000,23.0000,57474.6439
F855,314.3416,17.7000,17.9500,18.1500,1.0000,21.0000,185329.7831
F856,315.0298,0.7460,0.7960,0.8630,1.0000,68.0000,9106.1552
F857,315.0935,4.3140,4.3800,4.4470,1.0000,168.0000,115806.2967
F858,315.3440,9.6650,9.7480,9.8150,1.0000,9.0000,10538.2805
F859,316.0279,0.7460,0.7960,0.8800,1.0000,161.0000,30568.3272
F860,316.2484,0.9130,0.9630,1.0300,1.0000,1707.0000,502462.9606
F861,316.7771,0.7130,0.7460,0.7960,1.0000,326.0000,32338.3804
F862,317.0916,4.3140,4.3800,4.4300,1.0000,71.0000,20172.4139
F863,317.1533,0.7630,0.8130,0.8460,1.0000,2327.0000,6747.9390
F864,318.2769,0.8630,0.9130,0.9460,1.0000,8.0000,16209.3306
F865,318.2815,13.8330,13.8830,13.9660,1.0000,8.0000,10300.1868
F866,319.1367,0.7130,0.7800,0.8460,1.0000,29.0000,33101.0962
F867,319.1903,9.4150,9.4980,9.5320,1.0000,8.0000,9506.8388
F868,319.1937,3.0470,3.1130,3.2300,1.0000,13.0000,12721.7150
F869,320.1488,0.7800,0.8300,0.9130,1.0000,32.0000,11466.6607
F870,321.1323,0.7460,0.7960,0.8300,1.0000,10656.0000,25922.4332
F871,322.8535,0.7300,0.7630,0.8130,1.0000,3281.0000,8039.2628
F872,323.2332,1.8460,1.8960,1.9460,1.0000,17.0000,11193.5144
F873,324.3261,11.4320,11.6160,11.7660,1.0000,4967.0000,70358.8894
F874,325.1708,0.7960,0.8300,0.9130,1.0000,38.0000,20700.9821
F875,325.2865,17.3000,17.3340,17.3840,1.0000,5.0000,6515.8644
F876,326.2307,16.4000,16.4840,16.5500,3.0000,4420.0000,33213.5969
F877,326.2313,15.9670,16.0580,16.0670,2.0000,4202.0000,20114.0921
F878,326.2324,16.1330,16.2000,16.2500,1.0000,3927.0000,23925.5393
F879,326.9572,0.7130,0.7630,0.8460,1.0000,155.0000,57423.6380
F880,327.0078,0.9300,0.9960,1.0630,1.0000,7.0000,26881.5186
F881,327.0782,1.1460,1.2800,1.4630,1.0000,12.0000,55191.0373
F882,328.0816,1.2130,1.2630,1.3300,1.0000,10.0000,7411.0081
F883,328.2015,14.6160,14.7000,14.7660,3.0000,7356.0000,58880.3414
F884,328.2021,15.1000,15.2500,15.3000,1.0000,6765.0000,74094.7824
F885,328.2025,14.9500,15.0160,15.1000,3.0000,6997.0000,58631.4150
F886,328.2024,14.4160,14.4830,14.6160,1.0000,6436.0000,72664.8828
F887,328.3210,2.4130,2.4970,2.5630,1.0000,31.0000,83825.1774
F888,329.0207,0.7300,0.7800,0.8300,1.0000,4663.0000,13578.7596
F889,329.1582,13.6660,13.7160,13.7500,1.0000,5.0000,5945.8690
F890,329.1891,7.3650,7.4310,7.5310,1.0000,10.0000,38335.3282
F891,329.3241,2.4130,2.4800,2.5800,1.0000,14.0000,20777.6868
F892,330.2247,0.7960,0.8460,0.8800,1.0000,5790.0000,17003.7825
F893,330.2783,3.9140,3.9640,4.0140,1.0000,6.0000,6575.8452
F894,330.3115,0.9960,1.1550,1.1300,2.0000,41.0000,49316.6367
F895,331.0015,0.7460,0.7960,0.8460,1.0000,5155.0000,16605.1360
F896,331.2256,2.2630,2.3130,2.3470,1.0000,8.0000,7583.4937
F897,331.2328,7.8810,7.9810,8.0150,1.0000,6.0000,8453.3372
F898,331.2379,1.6460,1.6960,1.7630,1.0000,15.0000,22082.2697
F899,331.3145,1.0130,1.0630,1.1460,1.0000,43.0000,36399.4778
F900,332.2429,0.8130,0.8800,0.9460,1.0000,14685.0000,44771.6172
F901,332.8744,17.9670,18.0000,18.0670,1.0000,33.0000,23798.4452
F902,332.9240,0.7300,0.7630,0.8130,1.0000,3766.0000,10398.1417
F903,333.1872,0.7630,0.8130,0.8630,1.0000,3743.0000,13443.1429
F904,333.3329,16.2000,17.6670,18.3010,1.0000,17.0000,494428.3412
F905,333.3324,15.8330,15.8830,15.9330,1.0000,17.0000,28994.7921
F906,334.2224,17.9500,18.0170,18.0670,1.0000,5.0000,14036.0566
F907,334.9219,0.7130,0.7630,0.8300,1.0000,32.0000,8440.3107
F908,335.1675,0.7130,0.7800,0.8460,1.0000,75.0000,29265.5335
F909,335.2200,0.9300,0.9960,1.0630,1.0000,33.0000,38421.6665
F910,335.2231,2.9630,3.0300,3.1300,1.0000,11.0000,12226.6250
F911,336.2171,0.8300,0.8800,0.9300,1.0000,2354.0000,8912.1160
F912,336.8276,0.7130,0.7630,0.8130,1.0000,6669.0000,17973.1656
F913,337.0023,0.7300,0.7960,0.8460,1.0000,2514.0000,11307.7302
F914,337.1789,11.8320,11.9160,11.9820,1.0000,10.0000,53013.6416
F915,337.1789,17.6500,17.9000,18.0170,1.0000,9.0000,118527.9864
F916,337.2740,11.6990,11.7490,11.8160,1.0000,18.0000,38291.5800
F917,338.2335,0.8630,0.8960,0.9630,1.0000,43.0000,24111.1050
F918,338.2622,0.9460,0.9960,1.0300,1.0000,1566.0000,5777.1412
F919,338.8241,0.7300,0.7630,0.8300,1.0000,9955.0000,21763.8495
F920,339.2523,12.8990,12.9490,12.9830,1.0000,1436.0000,5065.6148
F921,339.2903,11.7160,11.8740,11.8490,2.0000,19.0000,47057.9415
F922,340.0719,0.7460,0.7960,0.8800,1.0000,44346.0000,146653.2166
F923,340.2411,3.2300,3.2800,3.3130,1.0000,4454.0000,13813.0387
F924,340.2490,0.9130,0.9800,1.0300,1.0000,80.0000,54877.2851
F925,340.2916,11.9660,12.0160,12.0820,1.0000,7.0000,15084.0992
F926,340.2922,11.7160,11.7490,11.8320,1.0000,9.0000,10488.6307
F927,340.3503,6.9310,6.7390,7.0480,4.0000,7364.0000,52908.2916
F928,340.3526,5.2810,5.7640,6.4310,1.0000,12465.0000,592554.9963
F929,341.0187,4.3140,4.3800,4.4470,1.0000,14.0000,25929.5094
F930,341.0190,3.7470,3.8140,3.8640,1.0000,16.0000,23317.6580
F931,341.0752,0.7630,0.7960,0.8460,1.0000,5161.0000,17317.8069
F932,341.1817,8.9650,9.0150,9.0650,1.0000,6.0000,6322.7164
F933,341.1815,18.0170,18.0670,18.1010,1.0000,5.0000,6580.1839
F934,341.1798,10.8320,10.8650,10.9150,1.0000,6.0000,5362.5931
F935,341.2659,0.7130,0.8130,0.8960,1.0000,19.0000,37715.4845
F936,341.3009,3.5470,3.5970,3.6300,1.0000,5.0000,5774.0635
F937,341.3953,15.2000,15.2330,15.2830,1.0000,1349.0000,4757.4708
F938,342.0193,4.3470,4.3970,4.4640,1.0000,7.0000,8661.3925
F939,342.2121,17.9840,18.0500,18.1010,1.0000,6.0000,6419.5190
F940,342.2376,14.5000,14.5500,14.5830,1.0000,2041.0000,6172.5299
F941,342.2639,0.9300,0.9960,1.0630,1.0000,343.0000,277762.7250
F942,342.2693,16.6840,16.7500,16.7840,1.0000,1566.0000,6951.6366
F943,342.3731,11.9820,12.0660,12.1490,3.0000,44.0000,412008.5421
F944,342.3730,16.8840,17.7840,18.3170,1.0000,20.0000,1219480.7987
F945,343.1323,0.8630,1.0460,1.0960,1.0000,16.0000,12831.1010
F946,343.2454,18.0000,18.0670,18.1840,1.0000,14.0000,45373.6789
F947,343.2956,0.9960,1.0630,1.1300,1.0000,50.0000,199400.4480
F948,344.2797,0.9630,0.9960,1.0460,1.0000,23696.0000,78851.1333
F949,344.9010,0.7300,0.7800,0.8300,1.0000,55.0000,19571.9169
F950,344.9877,0.7630,0.8130,0.8460,1.0000,13.0000,7175.4451
F951,345.2019,0.9300,0.9960,1.0630,1.0000,13.0000,16576.1584
F952,345.2840,1.0130,1.0630,1.1130,1.0000,33.0000,30544.9594
F953,345.9683,18.0000,18.0670,18.1010,1.0000,6.0000,5804.6741
F954,346.2659,3.6640,3.7140,3.7470,1.0000,1969.0000,7093.9778
F955,346.2726,6.6480,6.6980,6.7480,1.0000,8.0000,6728.7601
F956,346.8455,18.0340,18.0840,18.1500,1.0000,15.0000,7914.6276
F957,347.1671,0.7460,0.7960,0.8300,1.0000,3236.0000,8533.0672
F958,347.2295,17.9840,18.0500,18.1170,1.0000,19.0000,150178.5698
F959,348.1936,0.7800,0.8300,0.9300,1.0000,23.0000,12237.6166
F960,348.2330,17.7340,18.0340,18.3170,1.0000,9.0000,39992.8484
F961,348.2325,14.0160,14.2000,14.3830,1.0000,6.0000,19658.1038
F962,348.2925,7.4810,7.5310,7.5650,1.0000,6.0000,21736.8890
F963,348.3028,13.7500,13.7990,13.8330,1.0000,5.0000,17628.3633
F964,348.8413,17.9840,18.0500,18.1340,1.0000,18.0000,32007.7185
F965,349.1838,0.7130,0.7800,0.8300,1.0000,36100.0000,94450.9895
F966,350.1863,0.7130,0.7800,0.8300,1.0000,44.0000,17566.5615
F967,350.3097,7.3980,7.4480,7.4980,1.0000,11259.0000,49176.8545
F968,350.3216,3.6300,3.6640,3.7140,1.0000,13123.0000,42643.1197
F969,350.3238,0.5630,0.6300,0.7130,1.0000,20.0000,38832.5636
F970,351.0019,0.7130,0.7800,0.8460,1.0000,55373.0000,201881.7400
F971,351.1945,16.7840,16.8170,16.8840,1.0000,6077.0000,31305.0379
F972,351.1947,17.2500,17.7340,18.0000,1.0000,6431.0000,206770.2541
F973,351.1951,16.9000,16.7340,17.2340,3.0000,5670.0000,32686.2610
F974,351.2660,3.7970,3.8470,3.8800,1.0000,15.0000,12975.6806
F975,351.3084,17.6000,17.6500,17.6840,1.0000,5.0000,12920.4110
F976,351.3304,16.1330,16.1670,16.2170,1.0000,3432.0000,11528.2049
F977,352.0052,0.7130,0.7800,0.8460,1.0000,5417.0000,23445.3181
F978,352.2466,3.1630,3.2130,3.2630,1.0000,8.0000,9071.7867
F979,352.9750,0.7300,0.7960,0.8630,1.0000,57.0000,32856.0154
F980,354.0523,0.7460,0.7800,0.8300,1.0000,4002.0000,9263.6019
F981,354.1270,0.8300,0.8800,0.9460,1.0000,828.0000,318048.6497
F982,354.2520,12.3820,12.4160,12.4660,1.0000,2090.0000,5953.8524
F983,355.0470,0.7460,0.7800,0.8630,1.0000,14010.0000,43700.7965
F984,355.0708,4.3140,4.3800,4.4470,1.0000,39.0000,205740.3009
F985,355.0702,4.8300,4.9140,4.9970,1.0000,57.0000,316271.3354
F986,355.0700,8.6980,8.7820,8.8650,1.0000,8.0000,14413.4468
F987,355.0700,3.7300,3.8140,3.8800,1.0000,171.0000,493745.6462
F988,355.0699,2.2800,2.3470,2.4130,1.0000,22.0000,114839.3460
F989,355.0698,5.6140,5.6810,5.7810,1.0000,32.0000,191056.2470
F990,355.0702,11.6660,11.7320,11.8160,1.0000,8.0000,11026.9442
F991,355.0702,3.0130,3.1130,3.1970,1.0000,124.0000,907394.3227
F992,355.2820,0.7130,0.7960,0.8800,1.0000,23.0000,47055.9396
F993,356.0709,2.2800,2.2880,2.4130,2.0000,30.0000,36013.1932
F994,356.0712,4.3140,4.3800,4.4470,1.0000,23.0000,71421.4535
F995,356.0706,4.8300,4.9140,4.9970,1.0000,35.0000,115702.5208
F996,356.0706,3.7300,3.8140,3.8800,1.0000,53.0000,166225.3924
F997,356.0707,5.3640,5.6970,6.0980,1.0000,20.0000,84272.4449
F998,356.0709,3.0130,3.1130,3.1970,1.0000,153.0000,311152.0992
F999,356.2794,0.9300,0.9960,1.1300,1.0000,17.0000,104403.3183
F1000,356.9693,0.7300,0.7630,0.8130,1.0000,3983.0000,9392.6918
F1001,357.0686,5.6310,5.6970,5.7970,1.0000,17.0000,40869.5506
F1002,357.0681,3.7300,3.8140,3.8800,1.0000,41.0000,110089.6206
F1003,357.0682,4.8300,4.9140,4.9970,1.0000,43.0000,78178.8724
F1004,357.0684,3.0130,3.1130,3.1970,1.0000,361.0000,196463.5848
F1005,357.1466,0.7960,0.8630,0.8960,1.0000,9.0000,17146.2241
F1006,357.1471,11.5660,11.8990,11.9160,1.0000,12.0000,154339.7471
F1007,357.1473,17.2170,17.7340,18.1500,1.0000,12.0000,436076.6873
F1008,357.2542,0.7300,0.8630,0.9300,1.0000,16.0000,17274.8386
F1009,357.2802,1.0300,1.0630,1.1300,1.0000,17.0000,23604.7242
F1010,358.0671,5.5810,5.6640,5.7140,1.0000,11.0000,6857.0703
F1011,358.0683,3.7470,3.8140,3.8970,1.0000,31.0000,27173.8972
F1012,358.0688,4.7140,4.9300,5.0970,1.0000,16.0000,22279.0412
F1013,358.0692,3.0130,3.1130,3.1970,1.0000,31.0000,52090.7981
F1014,358.2377,15.5830,15.6500,15.7830,1.0000,8.0000,13716.1398
F1015,358.2432,7.4810,7.5480,7.5980,1.0000,6.0000,11836.0949
F1016,358.2742,3.2300,3.2800,3.3300,1.0000,18.0000,14161.3598
F1017,358.2951,1.0130,1.0630,1.1460,1.0000,7832.0000,32664.3145
F1018,358.3432,1.5800,1.6960,1.8300,1.0000,57.0000,56568.2483
F1019,358.3686,3.9470,4.0300,4.1140,1.0000,711.0000,2991406.0355
F1020,358.8957,17.9500,18.0000,18.0340,1.0000,6429.0000,15177.2190
F1021,359.0673,3.0130,3.1130,3.1800,1.0000,16.0000,18558.2327
F1022,359.2231,11.5990,11.6490,11.6820,1.0000,2449.0000,9004.0890
F1023,359.3445,1.3460,1.4130,1.4630,1.0000,14.0000,7697.4828
F1024,359.3716,3.9470,4.0300,4.1140,1.0000,201.0000,723906.0989
F1025,360.3239,4.3140,4.9640,5.6970,1.0000,23.0000,941323.4008
F1026,360.3743,3.9470,4.0300,4.1140,1.0000,62.0000,106859.9268
F1027,361.2234,1.8460,1.8960,1.9800,1.0000,5.0000,18156.2063
F1028,361.2879,17.1840,17.2670,17.3500,1.0000,9.0000,14644.1996
F1029,362.3030,3.8640,3.9800,4.0470,1.0000,11.0000,74102.6241
F1030,363.1635,0.7130,0.7800,0.8300,1.0000,4844.0000,17705.2623
F1031,363.2584,8.2650,8.2980,8.3480,1.0000,12.0000,4940.6878
F1032,364.3118,16.5000,16.4500,16.6500,3.0000,7098.0000,32424.8227
F1033,364.3129,16.1670,16.2170,16.3170,1.0000,5297.0000,46641.7641
F1034,364.8652,0.7300,0.7630,0.8130,1.0000,3565.0000,9123.3011
F1035,365.1059,0.6960,0.7630,0.8630,1.0000,13.0000,12531.5591
F1036,365.1580,0.7460,0.7800,0.8630,1.0000,112.0000,37062.9414
F1037,365.3159,13.4830,14.0500,13.8160,3.0000,4863.0000,35487.7358
F1038,365.3446,11.6320,11.6820,11.7320,1.0000,5.0000,11766.7193
F1039,366.3732,11.7490,11.9160,12.0490,1.0000,28.0000,278711.0109
F1040,366.3731,5.6470,5.7640,5.8470,1.0000,32.0000,214201.2114
F1041,368.1429,1.1130,1.1960,1.2800,1.0000,45.0000,24506.0769
F1042,368.2793,0.9460,1.1050,1.1300,2.0000,139.0000,149737.5958
F1043,368.3163,14.4500,14.5330,14.6500,1.0000,15.0000,99750.8187
F1044,368.4251,4.4470,4.4470,4.6140,4.0000,163.0000,559455.8294
F1045,368.4252,14.7160,15.0000,15.0160,2.0000,30.0000,109501.9412
F1046,368.4251,16.2170,16.2330,16.3830,2.0000,36.0000,129061.6434
F1047,368.4251,17.3500,17.4840,17.5500,1.0000,37.0000,160373.6827
F1048,368.4251,17.6000,17.8840,18.2010,1.0000,34.0000,301241.4701
F1049,368.4253,9.3980,9.4650,9.5150,1.0000,27.0000,60606.9487
F1050,368.4250,9.8820,9.9480,10.0490,1.0000,20.0000,74075.6535
F1051,368.4253,13.7160,13.7830,13.8500,1.0000,35.0000,103005.9843
F1052,368.4248,8.2150,8.2650,8.3310,1.0000,22.0000,55003.7030
F1053,368.4249,6.0310,6.1140,6.1640,1.0000,23.0000,69343.8170
F1054,368.4251,11.0820,11.6660,12.2320,1.0000,65.0000,1167549.1991
F1055,368.9456,0.7130,0.7800,0.8460,1.0000,148.0000,72189.8100
F1056,369.2813,0.9460,0.9960,1.0460,1.0000,46.0000,28973.5703
F1057,369.3516,14.0330,14.2660,14.1830,3.0000,24.0000,148293.0555
F1058,369.3516,15.3000,15.3830,15.4830,1.0000,23.0000,173864.7348
F1059,369.3521,14.9330,15.0160,15.1160,1.0000,2705.0000,13276619.2264
F1060,369.3520,15.7330,15.8330,15.9500,1.0000,510.0000,12286940.2779
F1061,369.3517,16.8170,16.9000,17.0000,1.0000,103.0000,223313.7411
F1062,369.3506,12.5490,12.6660,12.7160,1.0000,6.0000,72313.8119
F1063,369.3514,7.3810,7.4650,7.5650,1.0000,69.0000,358305.2020
F1064,369.3524,14.5330,14.6160,14.6830,1.0000,1073.0000,3637922.5640
F1065,369.4280,15.9670,16.7840,16.6170,5.0000,5584.0000,28719.9426
F1066,369.4281,15.1500,15.4500,15.2330,3.0000,4149.0000,16436.4480
F1067,369.4281,14.6660,14.7500,14.9330,1.0000,4873.0000,51945.4340
F1068,369.4281,17.2000,17.7340,18.2510,1.0000,4882.0000,166332.1998
F1069,369.4283,4.2800,4.3470,4.3970,1.0000,34.0000,64210.2754
F1070,370.0827,0.7460,0.7960,0.8800,1.0000,59.0000,16391.1398
F1071,370.2150,1.1300,1.1800,1.2630,1.0000,23.0000,15667.8072
F1072,370.2355,2.3130,2.3800,2.6130,1.0000,2341.0000,12004.1064
F1073,370.2953,0.9960,1.2300,1.1630,2.0000,83.0000,182142.0959
F1074,370.2951,2.2130,2.3300,2.4130,1.0000,15.0000,89913.3257
F1075,370.3324,16.9670,17.0500,17.1840,1.0000,19.0000,81118.8266
F1076,370.3507,16.8340,16.9000,16.9670,1.0000,11750.0000,66780.5513
F1077,370.3546,14.3830,14.4500,14.5160,1.0000,6.0000,184855.1179
F1078,370.3524,7.3810,7.4650,7.5480,1.0000,32.0000,105640.9783
F1079,370.3556,14.9330,15.0160,15.1160,1.0000,198.0000,3604780.9792
F1080,370.3554,15.7000,15.8330,16.0000,1.0000,240.0000,3518171.1542
F1081,370.3553,14.5330,14.6160,14.6830,1.0000,14.0000,1113133.5913
F1082,370.4044,8.0980,7.8730,8.6650,4.0000,78.0000,718435.5015
F1083,370.4035,14.5160,14.9660,14.6500,3.0000,100.0000,574204.0675
F1084,370.4045,13.1490,13.0660,13.2830,3.0000,105.0000,854611.6250
F1085,370.4045,15.7330,15.8500,15.9500,3.0000,108.0000,1217597.7490
F1086,370.4043,9.9990,10.3150,10.3490,2.0000,62.0000,1002217.2372
F1087,370.4045,14.0830,14.1500,14.2500,1.0000,104.0000,861270.3192
F1088,370.4046,11.9660,12.2660,12.6490,1.0000,310.0000,8535670.4203
F1089,370.4045,11.2820,11.4660,11.6490,1.0000,147.0000,2582651.9837
F1090,370.4045,16.4840,17.6840,18.4170,1.0000,103.0000,8025868.5405
F1091,370.4046,6.1470,6.7810,7.4980,1.0000,324.0000,14915195.7871
F1092,370.9417,0.7300,0.7800,0.8460,1.0000,76.0000,21880.9973
F1093,371.1011,2.2800,2.3470,2.4130,3.0000,188.0000,530019.7796
F1094,371.1014,4.8470,4.8390,5.0310,2.0000,52.0000,324032.0468
F1095,371.1016,3.7300,4.1800,3.8800,3.0000,9.0000,71811.9962
F1096,371.1016,3.0130,3.1130,3.1800,1.0000,849.0000,5590280.6060
F1097,371.1012,5.5310,5.6640,5.7470,1.0000,76.0000,417309.2243
F1098,371.1017,7.5980,7.6810,7.7980,1.0000,18.0000,30435.0485
F1099,371.1011,6.0980,6.6810,7.1480,1.0000,26.0000,236732.4384
F1100,371.1596,5.6140,5.6640,5.7310,1.0000,6.0000,15346.6131
F1101,371.2286,14.3160,14.4750,14.4830,4.0000,10743.0000,100519.8412
F1102,371.2282,18.4010,18.5510,18.5340,4.0000,5988.0000,40156.5073
F1103,371.2285,16.0330,16.1500,16.1670,2.0000,10864.0000,81046.7795
F1104,371.2288,16.3000,16.6170,16.8840,1.0000,12589.0000,341797.8109
F1105,371.2284,17.4170,17.8340,18.3170,1.0000,11270.0000,423093.5606
F1106,371.2286,17.1340,17.2340,17.3340,1.0000,11278.0000,127617.7649
F1107,371.2285,14.6660,15.3160,15.9500,1.0000,12242.0000,689147.8044
F1108,371.2706,14.2330,14.2830,14.3160,1.0000,14.0000,12760.2019
F1109,371.2760,0.7130,0.7960,0.8300,1.0000,22.0000,17762.5448
F1110,371.2978,1.0130,1.0800,1.1630,1.0000,25.0000,48612.6408
F1111,371.3160,4.4300,4.4970,4.5640,1.0000,38.0000,725507.9193
F1112,371.3560,14.4000,14.4500,14.5330,1.0000,8082.0000,38567.6486
F1113,371.3583,14.9160,15.0330,15.1160,1.0000,77.0000,563153.0541
F1114,371.3582,15.7170,15.8330,16.0000,1.0000,58218.0000,533896.4073
F1115,371.3578,14.5330,14.6160,14.7000,1.0000,33904.0000,177491.1901
F1116,371.4079,11.9820,12.0070,12.1320,2.0000,53.0000,595004.2921
F1117,371.4077,7.8650,7.9810,8.0980,1.0000,14.0000,190744.3035
F1118,371.4078,16.7500,17.7840,18.3170,1.0000,19.0000,1783788.9709
F1119,372.1019,2.2630,2.3300,2.4130,1.0000,136.0000,204057.1775
F1120,372.1019,6.5980,6.6640,6.7140,1.0000,8.0000,28779.1572
F1121,372.1028,4.3140,4.3800,4.4470,1.0000,80.0000,239216.0606
F1122,372.1023,4.8470,4.9140,5.0140,1.0000,15.0000,102000.3823
F1123,372.1023,5.5970,5.6640,5.7310,1.0000,29.0000,117268.6270
F1124,372.1022,3.7300,3.8140,3.8800,1.0000,146.0000,716967.9253
F1125,372.1025,3.0130,3.1130,3.1970,1.0000,414.0000,1819576.7526
F1126,372.1022,2.1470,2.2300,2.2630,1.0000,88.0000,92445.3169
F1127,372.1587,0.9460,0.9960,1.0630,1.0000,645.0000,609070.5836
F1128,372.3109,1.5630,1.6300,1.6800,1.0000,13.0000,29232.5055
F1129,372.3199,4.4140,4.4800,4.5640,1.0000,26.0000,195025.3184
F1130,372.3585,14.9500,15.0160,15.1000,1.0000,9637.0000,64269.9387
F1131,372.7383,0.7130,0.7460,0.8130,1.0000,30494.0000,59761.3321
F1132,373.0993,5.5810,5.6640,5.7310,1.0000,31.0000,85534.5883
F1133,373.1002,4.3140,4.3800,4.4470,1.0000,70.0000,146408.9773
F1134,373.0997,3.7300,3.8140,3.8800,1.0000,281.0000,466005.3058
F1135,373.1001,3.0130,3.1130,3.1970,1.0000,238.0000,1191830.9400
F1136,373.1613,0.9460,0.9960,1.0630,1.0000,339.0000,135115.0513
F1137,373.2376,2.0800,2.1300,2.1970,1.0000,7.0000,14010.0901
F1138,373.3136,1.5960,1.6460,1.6800,1.0000,6.0000,6362.7915
F1139,373.3182,11.7990,11.8490,11.8820,1.0000,10.0000,6681.8884
F1140,373.3239,4.4470,4.4970,4.5970,1.0000,9.0000,28724.5631
F1141,374.0993,5.6140,5.6640,5.7470,1.0000,8.0000,18548.4689
F1142,374.1002,3.7300,3.8140,3.8800,1.0000,86.0000,124592.1133
F1143,374.1002,3.0130,3.1130,3.1970,1.0000,178.0000,324287.0311
F1144,374.1563,0.9460,0.9960,1.0630,1.0000,438.0000,208276.1147
F1145,374.2481,3.6300,3.6800,3.7140,1.0000,8.0000,5463.0702
F1146,374.3631,3.6800,3.7640,3.8640,1.0000,140.0000,728607.1876
F1147,375.0622,0.7800,0.8130,0.8800,1.0000,23.0000,7295.0195
F1148,375.0947,5.5970,5.6810,5.7140,1.0000,8.0000,5953.1309
F1149,375.0985,3.7470,3.8140,3.8640,1.0000,10859.0000,38782.6199
F1150,375.0984,3.0130,3.1130,3.1970,1.0000,124.0000,99171.5229
F1151,375.3107,8.4150,8.4480,8.8820,1.0000,5.0000,18493.2661
F1152,375.3661,3.6800,3.7640,3.8640,1.0000,53.0000,184916.4903
F1153,376.0986,3.0130,3.1130,3.1630,1.0000,25.0000,17915.4025
F1154,376.3679,3.6970,3.7800,3.8470,1.0000,25.0000,23552.9579
F1155,377.2291,14.2330,14.3000,14.3330,1.0000,7.0000,6909.1098
F1156,377.2683,3.1300,3.1800,3.2300,1.0000,5094.0000,19326.6030
F1157,379.2884,3.6970,3.7470,3.7800,1.0000,4824.0000,16466.0350
F1158,380.2732,0.8460,0.8800,0.9300,1.0000,7.0000,8340.6585
F1159,380.8129,0.7300,0.7630,0.8300,1.0000,3967.0000,10869.4093
F1160,382.3428,13.9500,14.0660,14.0660,4.0000,7949.0000,55463.7147
F1161,382.3436,14.4330,14.7830,15.1660,1.0000,8679.0000,298865.9678
F1162,383.1405,2.1630,2.2300,2.2970,1.0000,48.0000,17447.6258
F1163,383.2132,12.0490,12.0820,12.1320,1.0000,6.0000,6854.4480
F1164,383.3283,2.5300,2.5800,2.6300,1.0000,6.0000,14078.9999
F1165,384.1741,0.9460,0.9960,1.0630,1.0000,859.0000,286352.7044
F1166,384.3123,7.3810,7.4650,7.5150,1.0000,8.0000,43591.1800
F1167,384.3545,15.3160,15.7330,16.1500,1.0000,9454.0000,313595.9822
F1168,384.3554,16.2000,16.6170,16.4670,3.0000,8739.0000,139178.9639
F1169,384.3551,17.0840,17.7340,18.3170,1.0000,8829.0000,409513.4203
F1170,384.9162,0.7130,0.7630,0.8460,1.0000,270.0000,70840.1127
F1171,385.0593,0.7460,0.7800,0.8300,1.0000,2905.0000,8065.5007
F1172,385.1774,0.9460,0.9960,1.0630,1.0000,75.0000,86419.6342
F1173,385.1795,17.4500,17.8170,18.1340,1.0000,82.0000,180696.0855
F1174,385.2197,3.0630,3.1130,3.1470,1.0000,2109.0000,6402.0034
F1175,385.2490,0.9630,1.0550,1.0630,2.0000,35.0000,25382.3430
F1176,385.2924,0.7130,0.7960,0.8800,1.0000,12946.0000,62061.5351
F1177,385.2969,0.8630,0.9300,0.9630,1.0000,2507.0000,11196.4126
F1178,385.3736,3.6140,3.7300,3.7800,1.0000,5.0000,24703.9671
F1179,385.9215,0.7460,0.7800,0.8300,1.0000,2187.0000,6763.8951
F1180,386.1765,0.9460,0.9960,1.0460,1.0000,65.0000,18801.8082
F1181,386.2039,0.7460,0.7800,0.8300,1.0000,4952.0000,11836.7023
F1182,386.2882,0.9300,0.9960,1.0460,1.0000,20.0000,33612.2162
F1183,386.3745,2.4300,2.5130,2.5630,1.0000,12.0000,23719.6603
F1184,386.3782,14.8830,15.0330,15.1830,1.0000,22.0000,185856.0014
F1185,386.3783,14.5330,14.6160,14.6830,1.0000,8.0000,60557.0248
F1186,386.3783,15.6830,15.8330,16.0000,1.0000,22.0000,218602.3087
F1187,386.3816,17.9670,18.0170,18.1010,1.0000,7.0000,13617.0902
F1188,386.3955,4.9300,4.9640,5.0310,1.0000,7.0000,13008.0716
F1189,386.9128,0.7130,0.7630,0.8300,1.0000,66.0000,44861.5175
F1190,387.3821,15.7000,15.8330,16.0000,1.0000,15.0000,58790.9906
F1191,387.3811,14.9000,15.0160,15.2000,1.0000,21.0000,60847.2216
F1192,388.3398,7.4310,7.5150,7.5650,1.0000,5959.0000,37396.6041
F1193,389.1120,3.7300,3.8140,3.8800,1.0000,109.0000,90375.6104
F1194,389.1114,1.5960,1.6630,1.7300,1.0000,41.0000,23476.3503
F1195,389.1122,1.3960,1.4960,1.5460,1.0000,24.0000,14549.3478
F1196,389.1627,0.8800,0.9130,0.9960,1.0000,16076.0000,40060.3412
F1197,389.3204,11.1650,11.2490,11.4160,1.0000,5227.0000,32203.3867
F1198,390.1125,3.7470,3.8140,3.8640,1.0000,105.0000,30136.4204
F1199,390.2879,12.5660,12.5990,12.6490,1.0000,3773.0000,13178.0438
F1200,390.2886,0.8460,0.8800,0.9960,1.0000,9.0000,39070.8899
F1201,390.8285,17.9500,18.1010,18.3170,1.0000,14.0000,38684.3486
F1202,391.1096,3.7470,3.8140,3.8800,1.0000,34.0000,20245.9137
F1203,391.2846,15.6830,15.7670,15.8330,1.0000,22.0000,175027.3621
F1204,391.2850,14.1000,14.9330,14.6160,3.0000,19.0000,193859.5752
F1205,391.2857,4.3470,4.4140,4.4800,1.0000,664.0000,2291974.3778
F1206,391.2850,15.8330,15.9330,16.0170,1.0000,25.0000,213856.7237
F1207,392.2895,4.3470,4.4140,4.4800,1.0000,69.0000,652041.0972
F1208,392.9901,0.7130,0.7800,0.8630,1.0000,115799.0000,388939.1202
F1209,393.2100,0.7130,0.7800,0.8460,1.0000,80.0000,65599.2062
F1210,393.2949,4.3640,4.4140,4.4470,1.0000,37014.0000,115033.5978
F1211,393.3010,4.4300,4.4970,4.5470,1.0000,25.0000,134325.7003
F1212,393.3071,4.5300,4.5640,4.6140,1.0000,11596.0000,42967.4106
F1213,393.9931,0.7130,0.7800,0.8630,1.0000,123.0000,36410.6783
F1214,394.2247,7.3810,7.4810,7.5650,1.0000,8.0000,25147.7830
F1215,394.7859,0.7300,0.7630,0.8130,1.0000,7128.0000,16560.8984
F1216,394.9640,0.7630,0.7960,0.8460,1.0000,53.0000,10550.9090
F1217,395.3052,7.3650,7.4480,7.5310,1.0000,34.0000,483292.0462
F1218,396.3127,7.3980,7.4480,7.5150,1.0000,14248.0000,73875.9847
F1219,396.3328,12.0320,12.2990,12.5830,1.0000,10292.0000,289914.0869
F1220,396.3329,17.5670,17.8840,18.2170,1.0000,22.0000,258662.8358
F1221,396.3334,11.1150,11.3240,11.3490,2.0000,9967.0000,61007.5617
F1222,396.3347,11.8660,11.9160,11.9820,1.0000,10887.0000,68673.4468
F1223,396.4560,11.4490,11.6320,11.7160,1.0000,7.0000,9643.2294
F1224,396.7832,0.7130,0.7630,0.7960,1.0000,9445.0000,23405.8939
F1225,396.9374,17.9340,18.0000,18.0500,1.0000,13.0000,14739.2159
F1226,397.2972,2.1470,2.2630,2.3300,1.0000,9.0000,50458.8373
F1227,397.3031,2.4800,2.5970,2.8970,1.0000,7.0000,18010.8689
F1228,398.1531,0.8130,0.8630,0.9300,1.0000,881.0000,318183.9186
F1229,398.3306,13.9000,13.9500,14.0000,1.0000,3894.0000,14313.5140
F1230,398.7634,7.9650,8.1150,8.2810,1.0000,17.0000,27140.2030
F1231,399.3081,0.7130,0.7960,0.8630,1.0000,37.0000,68196.3103
F1232,399.3551,9.9480,9.9990,10.0650,1.0000,9.0000,14111.4896
F1233,399.3938,12.9660,13.0160,13.0990,1.0000,6.0000,5790.7778
F1234,400.1677,0.8130,0.8630,0.9300,1.0000,38146.0000,103586.7179
F1235,400.3019,17.0500,17.1340,17.1840,1.0000,2868.0000,16228.8169
F1236,400.3438,2.3470,2.3220,2.5130,2.0000,17.0000,175554.8931
F1237,400.8888,0.7300,0.7800,0.8300,1.0000,2000.0000,7492.5265
F1238,401.1708,0.8130,0.8630,0.9300,1.0000,10065.0000,28012.0263
F1239,401.2724,17.8500,17.9000,17.9500,1.0000,4205.0000,17186.8222
F1240,401.2865,0.7300,0.7800,0.8300,1.0000,4264.0000,13880.5328
F1241,401.3486,0.9960,1.0630,1.1130,1.0000,32.0000,30608.7561
F1242,401.3473,2.3470,2.4130,2.5300,1.0000,10.0000,73400.3932
F1243,402.3579,17.8500,17.9170,17.9500,1.0000,25.0000,54108.4589
F1244,404.3347,7.4150,7.4650,7.5650,1.0000,7.0000,12446.1928
F1245,404.8194,18.0170,18.0840,18.1500,1.0000,171.0000,33247.6916
F1246,405.0096,17.3000,17.7170,17.7170,1.0000,3956.0000,56896.3724
F1247,405.0101,17.9000,17.9500,18.0000,1.0000,3956.0000,14763.2455
F1248,405.1660,16.0670,16.1170,16.1670,1.0000,2517.0000,10258.5635
F1249,405.1661,15.4330,15.7500,16.0670,1.0000,2629.0000,65630.5075
F1250,406.2931,16.8840,17.0340,16.9840,3.0000,4709.0000,24671.4284
F1251,406.3787,0.9460,0.9960,1.0460,1.0000,7.0000,10787.6875
F1252,407.2164,3.0300,3.0970,3.1470,1.0000,3761.0000,13947.0474
F1253,408.1404,13.0490,13.0990,13.1330,1.0000,1830.0000,6642.3648
F1254,408.2920,0.7630,0.8630,0.9460,1.0000,41.0000,115194.2463
F1255,408.3088,3.6970,3.8800,3.8470,2.0000,18.0000,829887.4517
F1256,408.3688,16.9340,17.7500,18.3510,1.0000,24.0000,978868.2652
F1257,408.9609,0.7130,0.7800,0.8460,1.0000,72526.0000,245056.6868
F1258,409.2326,3.6640,3.6970,3.7800,1.0000,29.0000,19722.2184
F1259,409.3130,3.6970,3.8800,3.8800,2.0000,13.0000,206057.3224
F1260,409.3210,7.3650,7.4480,7.5150,1.0000,26.0000,482396.0725
F1261,409.9643,0.7300,0.7800,0.8460,1.0000,7046.0000,24793.7452
F1262,410.3250,7.3980,7.4480,7.5650,1.0000,12.0000,96859.9658
F1263,410.9573,0.7130,0.7630,0.8130,1.0000,191.0000,65488.7142
F1264,411.0937,1.4460,1.5130,1.5960,1.0000,40.0000,34893.6683
F1265,411.0948,1.5960,1.6630,1.7300,1.0000,61.0000,38985.8599
F1266,411.2492,13.1160,13.2330,13.2990,1.0000,7.0000,11249.1285
F1267,411.3194,7.3980,7.4480,7.5150,1.0000,8.0000,35515.7817
F1268,411.3222,2.1800,2.3130,2.4300,1.0000,17.0000,67340.6191
F1269,412.9302,0.7300,0.7800,0.8630,1.0000,29.0000,11124.2026
F1270,413.0727,1.0130,1.0630,1.1130,1.0000,86.0000,14159.1504
F1271,413.2660,14.3330,14.3830,14.4330,1.0000,5.0000,13379.3072
F1272,413.2673,4.3470,4.4140,4.4800,1.0000,73.0000,375854.9086
F1273,413.3041,1.0130,1.0630,1.1300,1.0000,8.0000,11731.3342
F1274,413.3240,0.7300,0.7960,0.8300,1.0000,3385.0000,11292.5060
F1275,414.2706,4.3470,4.4140,4.4800,1.0000,35.0000,107313.8268
F1276,414.3008,0.8630,0.9130,0.9800,1.0000,88.0000,81903.1279
F1277,414.3219,2.1300,2.2630,2.3470,1.0000,20.0000,168505.3031
F1278,414.9272,0.7300,0.7630,0.8130,1.0000,30.0000,9503.5946
F1279,415.1524,0.7800,0.8460,0.9300,1.0000,6315.0000,23242.6835
F1280,415.2707,7.5310,7.5810,7.6310,1.0000,8719.0000,43012.3258
F1281,415.2736,7.3980,7.4480,7.5310,1.0000,18251.0000,107050.5786
F1282,415.3022,0.8800,0.9300,0.9630,1.0000,8554.0000,22962.8657
F1283,415.3111,0.9460,0.9800,1.0300,1.0000,4447.0000,10808.9807
F1284,415.3260,2.1470,2.2800,2.3300,1.0000,20.0000,43421.0796
F1285,416.2628,1.2960,1.3300,1.3800,1.0000,2287.0000,8082.7610
F1286,416.3494,7.4980,7.6810,7.5980,2.0000,19.0000,46756.8368
F1287,416.3488,10.1320,10.0240,10.3490,2.0000,21.0000,82654.2863
F1288,416.3492,8.0810,8.2310,8.3310,1.0000,24.0000,104121.2857
F1289,416.3490,11.1820,11.2320,11.3490,1.0000,29.0000,122097.5695
F1290,416.3486,8.7650,8.8320,8.8820,1.0000,22.0000,68127.5246
F1291,416.3493,17.1840,17.8000,18.2510,1.0000,21.0000,496992.5456
F1292,416.3494,11.7320,11.8320,11.8990,1.0000,19.0000,74393.2654
F1293,416.3483,3.2130,3.2800,3.3630,1.0000,15.0000,304347.4732
F1294,416.3498,12.8330,12.8990,12.9830,1.0000,20.0000,75734.5479
F1295,416.3501,7.2810,7.3650,7.4980,1.0000,21.0000,94841.3072
F1296,416.3626,7.0980,7.1980,7.2640,1.0000,22996.0000,147243.2291
F1297,417.0322,0.7300,0.7630,0.8130,1.0000,2028.0000,7049.2664
F1298,417.2679,8.9320,8.9820,9.0320,1.0000,8.0000,8008.1925
F1299,417.2679,7.4480,7.4810,7.5480,1.0000,7.0000,9362.3185
F1300,417.3530,7.0310,7.0810,7.1140,1.0000,5.0000,12570.5355
F1301,418.3064,2.1130,2.2130,2.3130,1.0000,7.0000,17910.6039
F1302,419.1828,17.2840,17.8000,17.9840,1.0000,1975.0000,59258.9306
F1303,419.2518,18.0000,18.0500,18.1170,1.0000,19.0000,33018.3488
F1304,419.3518,11.8320,11.8990,11.9660,1.0000,18.0000,101253.3177
F1305,419.3821,13.8160,13.8660,13.9000,1.0000,1382.0000,5188.6948
F1306,420.3261,11.7490,11.8160,11.8660,1.0000,6.0000,21829.5712
F1307,420.3420,11.9660,12.0160,12.0490,1.0000,2460.0000,8466.1914
F1308,420.3541,11.8490,11.8990,11.9320,1.0000,9714.0000,29774.4093
F1309,421.2532,2.4300,2.4800,2.5470,1.0000,9.0000,6954.6098
F1310,422.0762,0.7800,0.8130,0.8630,1.0000,5966.0000,15409.9011
F1311,422.1507,0.8300,0.8630,0.9130,1.0000,75.0000,14864.2655
F1312,422.2635,0.8630,0.8960,0.9460,1.0000,6136.0000,16152.5568
F1313,422.3678,14.8330,14.9160,14.9160,4.0000,8928.0000,46819.1178
F1314,423.2730,1.2300,1.2630,1.3130,1.0000,5.0000,5168.8641
F1315,423.3367,7.3650,7.4480,7.5150,1.0000,24.0000,410387.0632
F1316,423.3377,3.4470,3.4970,3.5970,1.0000,7.0000,75518.1565
F1317,423.3399,4.2800,4.3300,4.3800,1.0000,7644.0000,29377.1617
F1318,423.3609,8.0650,8.0980,8.1480,1.0000,1543.0000,5331.0098
F1319,424.2830,3.7140,3.8800,3.8970,2.0000,14.0000,190383.1496
F1320,424.2860,16.8670,17.6500,18.3340,1.0000,34.0000,602775.9593
F1321,424.2871,12.9490,13.0660,13.2490,1.0000,10287.0000,137833.0752
F1322,424.2881,12.6160,12.6990,12.7660,1.0000,8515.0000,63244.2958
F1323,424.3060,0.9130,1.0460,1.1130,1.0000,8.0000,32070.4401
F1324,424.3549,1.9970,2.0630,2.0970,1.0000,29434.0000,135426.0184
F1325,424.7776,9.9150,9.9990,10.0650,1.0000,9.0000,8923.3209
F1326,425.2144,0.6300,0.8130,0.9800,1.0000,6.0000,34346.0753
F1327,425.2155,1.3300,1.8800,2.1470,1.0000,11.0000,18536.9646
F1328,425.2870,3.6970,3.7800,3.8470,1.0000,8.0000,47107.3410
F1329,425.7861,11.0490,11.0820,11.1820,1.0000,13.0000,6161.7898
F1330,426.2862,3.7470,3.7800,3.8470,1.0000,6.0000,15266.8848
F1331,426.3617,2.5300,2.6130,2.6800,1.0000,11.0000,467097.3213
F1332,426.8011,18.0000,18.0840,18.2010,1.0000,31.0000,27701.7246
F1333,426.9054,0.7130,0.7800,0.8460,1.0000,372.0000,57415.0146
F1334,427.2785,0.8130,0.8630,0.9300,1.0000,2102.0000,8955.3004
F1335,427.3662,2.2800,2.5970,2.6970,1.0000,16.0000,237222.3567
F1336,429.0893,4.3140,4.3800,4.4470,1.0000,51.0000,209203.1904
F1337,429.0887,4.8470,4.9140,4.9970,1.0000,20.0000,62992.7501
F1338,429.0888,6.3480,6.4640,6.5640,1.0000,9.0000,25950.3152
F1339,429.0887,3.7470,3.8140,3.8970,1.0000,29.0000,105829.6558
F1340,429.2415,4.3640,4.4140,4.4800,1.0000,39.0000,50966.7735
F1341,429.2877,14.4660,14.5160,14.5660,1.0000,5.0000,30879.1120
F1342,429.2898,7.3810,7.4480,7.5310,1.0000,19.0000,324631.5613
F1343,429.3185,0.6960,0.7800,0.8630,1.0000,12.0000,83280.5720
F1344,430.0892,4.8140,4.9140,5.0140,1.0000,10.0000,29905.1451
F1345,430.0900,4.3140,4.3800,4.4470,1.0000,50.0000,90499.4174
F1346,430.0901,6.4310,6.4810,6.5310,1.0000,19.0000,7194.6300
F1347,430.0897,3.7470,3.8140,3.8800,1.0000,23.0000,41092.6024
F1348,430.2935,7.3980,7.4480,7.5150,1.0000,16.0000,73049.5166
F1349,430.3222,0.7130,0.7800,0.8300,1.0000,9.0000,16360.1772
F1350,430.3823,7.9480,7.9980,8.0810,1.0000,82671.0000,449589.5841
F1351,430.3870,6.0470,6.0980,6.1470,1.0000,20434.0000,91437.6006
F1352,430.3942,15.1500,15.2660,15.4830,1.0000,30.0000,318338.9623
F1353,430.3951,12.6990,12.6330,12.8330,3.0000,25.0000,119655.6047
F1354,430.3949,11.5660,11.7410,11.7320,2.0000,34.0000,199687.4029
F1355,430.3964,10.2990,10.3320,10.4820,2.0000,26.0000,164795.6039
F1356,430.3958,9.6150,9.7320,9.8480,1.0000,27.0000,215469.2149
F1357,430.3953,8.1310,8.2310,8.3650,1.0000,28.0000,218073.4896
F1358,430.3950,17.2170,17.8500,18.2510,1.0000,30.0000,832526.3159
F1359,430.3956,6.1310,7.3980,7.8310,1.0000,7.0000,1526275.4283
F1360,431.0693,3.6300,3.6800,3.7140,1.0000,14.0000,5961.2949
F1361,431.0863,2.2300,2.3470,2.3970,1.0000,9.0000,18841.5123
F1362,431.0876,4.3140,4.3800,4.4470,1.0000,25.0000,60903.0603
F1363,431.0873,3.7300,3.8140,3.8800,1.0000,26.0000,28786.3237
F1364,431.3152,1.0130,1.0630,1.1460,1.0000,13.0000,30762.7678
F1365,431.3858,3.6470,3.8800,3.8470,2.0000,8.0000,204505.2153
F1366,431.3853,7.9150,7.9980,8.0980,1.0000,37.0000,193339.8341
F1367,432.0856,3.7470,3.8140,3.8640,1.0000,9.0000,6677.6431
F1368,432.0881,4.3300,4.3800,4.4470,1.0000,19.0000,15426.8366
F1369,432.3095,0.8800,0.9300,0.9800,1.0000,28780.0000,84977.1377
F1370,432.3940,3.7140,3.7640,3.8140,1.0000,7285.0000,31759.0799
F1371,432.3962,7.9480,7.9980,8.0310,1.0000,6336.0000,22389.3715
F1372,433.0049,0.7130,0.7800,0.8460,1.0000,155355.0000,531044.7290
F1373,433.0862,4.3300,4.3800,4.4140,1.0000,2184.0000,6666.8987
F1374,434.6912,0.7130,0.7460,0.7960,1.0000,21876.0000,41490.0990
F1375,434.9779,0.7300,0.7960,0.8630,1.0000,164.0000,40461.2148
F1376,435.2768,15.8670,15.9170,15.9500,1.0000,2202.0000,8355.6044
F1377,436.3600,7.4980,7.5810,7.6480,1.0000,5.0000,60898.8029
F1378,437.2364,0.7130,0.7800,0.8460,1.0000,64.0000,48610.0381
F1379,437.3521,4.5970,4.6800,4.7470,1.0000,14.0000,73160.3699
F1380,437.3535,7.3650,7.4480,7.5310,1.0000,13.0000,234510.4571
F1381,437.3578,3.4630,3.5140,3.5640,1.0000,10910.0000,47532.2109
F1382,438.2995,2.9300,2.9800,3.0470,1.0000,11.0000,21297.6959
F1383,438.2998,3.0470,3.1300,3.1800,1.0000,19.0000,35236.0610
F1384,439.1342,2.7630,3.9390,3.8800,2.0000,4968.0000,189344.5974
F1385,439.1355,17.9670,18.0000,18.0840,1.0000,17.0000,12289.9197
F1386,440.2851,0.7800,0.8630,0.8960,1.0000,7.0000,7225.6991
F1387,440.3608,12.8330,12.7830,12.9160,5.0000,14675.0000,103607.5048
F1388,440.3606,11.6660,12.0660,11.9820,3.0000,14333.0000,108246.5523
F1389,441.1930,2.1800,2.2470,2.3800,1.0000,22.0000,13178.0677
F1390,442.1267,15.6000,15.5500,15.7170,2.0000,2148.0000,13024.2325
F1391,442.1263,16.0670,16.0170,16.5000,2.0000,2802.0000,46925.5000
F1392,442.1268,16.8500,16.9000,16.9500,1.0000,2320.0000,10924.3551
F1393,442.1274,15.7170,15.6830,15.8500,2.0000,2469.0000,15590.6673
F1394,442.1272,16.6670,16.7340,16.7840,1.0000,1894.0000,12753.5430
F1395,442.3974,17.8500,17.9000,17.9500,1.0000,11228.0000,52656.6489
F1396,443.3052,7.3810,7.4480,7.5310,1.0000,29.0000,329734.9530
F1397,443.3346,0.7130,0.7960,0.8800,1.0000,18353.0000,97443.4799
F1398,444.2401,17.6670,17.7170,17.7670,1.0000,1894.0000,6923.9254
F1399,444.3104,7.4150,7.4480,7.5150,1.0000,20.0000,73608.6677
F1400,444.3312,1.6460,1.7130,1.7630,1.0000,4016.0000,20760.8753
F1401,444.3802,3.7140,3.8800,3.8470,2.0000,26.0000,15119392.1878
F1402,445.1200,2.2800,2.2880,2.4130,2.0000,63901.0000,354163.5150
F1403,445.1204,5.8140,5.7310,5.9640,2.0000,33.0000,67901.1334
F1404,445.1200,3.3970,3.6470,3.5470,2.0000,35.0000,93720.1264
F1405,445.1208,4.3140,4.3800,4.4470,1.0000,172.0000,591714.7659
F1406,445.1205,4.8470,4.9140,4.9800,1.0000,21.0000,149764.0279
F1407,445.1203,7.5810,7.6810,7.7650,1.0000,18.0000,19841.2653
F1408,445.1204,6.5980,6.6640,6.7480,1.0000,12.0000,31414.4339
F1409,445.3074,7.4150,7.4650,7.5310,1.0000,6.0000,24722.5169
F1410,445.3839,3.7140,3.8800,3.8470,2.0000,20.0000,3792463.1863
F1411,446.1209,2.2630,2.2880,2.4130,2.0000,58.0000,166107.3731
F1412,446.1214,4.3140,4.3800,4.4470,1.0000,77.0000,251609.6992
F1413,446.1208,5.2640,5.8640,6.1640,1.0000,23.0000,101718.1895
F1414,446.1209,4.8470,4.9140,4.9800,1.0000,15.0000,63390.3004
F1415,446.1207,3.7300,3.8140,3.8800,1.0000,188.0000,311671.0274
F1416,446.1210,6.3640,6.6480,6.9140,1.0000,6.0000,23095.8561
F1417,446.3870,3.6970,3.7800,3.8470,1.0000,142.0000,722715.7351
F1418,446.3890,11.3320,11.5320,11.7990,1.0000,33.0000,617395.0386
F1419,446.3884,4.2800,4.3300,4.3970,1.0000,45.0000,283728.1886
F1420,446.3872,3.8470,3.9800,4.0470,1.0000,130.0000,820199.6068
F1421,446.3906,7.2480,7.3650,7.4980,1.0000,22.0000,272005.1306
F1422,446.3901,7.6980,7.7810,7.8810,1.0000,19.0000,163184.1259
F1423,446.3883,3.4630,3.5140,3.6970,1.0000,43.0000,538247.8466
F1424,446.3899,10.0150,10.2150,10.3320,1.0000,22.0000,317371.8417
F1425,446.3898,7.9980,8.6980,9.5480,1.0000,22.0000,1485882.5988
F1426,446.3897,17.3670,17.8500,18.2010,1.0000,21.0000,721539.2673
F1427,446.3898,12.8490,12.9160,12.9830,1.0000,19.0000,129578.8311
F1428,447.1038,5.6470,5.6970,5.7310,1.0000,2337.0000,8276.8434
F1429,447.1187,5.5140,5.7310,5.6470,2.0000,10.0000,21575.1842
F1430,447.1195,4.3140,4.3800,4.4470,1.0000,67.0000,175021.6606
F1431,447.1185,3.7470,3.8140,3.8800,1.0000,77.0000,200706.3281
F1432,447.1184,2.2630,2.3470,2.4130,1.0000,56.0000,114696.7537
F1433,447.1191,3.0130,3.1130,3.1970,1.0000,39.0000,45652.9473
F1434,447.3896,3.8970,3.9800,4.0640,1.0000,10.0000,112189.6908
F1435,447.3899,3.6970,3.7800,3.8970,1.0000,11.0000,131394.4872
F1436,448.1183,3.4630,3.7970,3.9140,1.0000,53.0000,65581.7065
F1437,448.1194,5.7470,5.8810,5.9470,1.0000,15.0000,13002.0358
F1438,448.1186,2.1630,2.3130,2.4130,1.0000,5558.0000,48168.8102
F1439,448.1198,4.3300,4.3800,4.4470,1.0000,16629.0000,51475.2974
F1440,448.3865,3.7300,3.7800,3.8140,1.0000,3497.0000,12898.4415
F1441,448.7841,18.0170,18.1090,18.1170,2.0000,44.0000,18424.3759
F1442,448.9794,0.7300,0.7800,0.8460,1.0000,13871.0000,42186.1699
F1443,449.1188,4.3300,4.3800,4.4300,1.0000,21.0000,18916.8351
F1444,449.1176,2.2630,2.3470,2.3970,1.0000,6.0000,11464.6376
F1445,449.1176,3.7640,3.8140,3.8800,1.0000,13.0000,19459.6761
F1446,449.3386,4.3470,4.4140,4.4800,1.0000,129.0000,1367199.3861
F1447,450.2908,0.9130,0.9800,1.0300,1.0000,57.0000,43079.4434
F1448,450.3426,4.3470,4.4140,4.4800,1.0000,46.0000,410509.9419
F1449,450.3700,3.6140,3.6970,3.7300,1.0000,6.0000,53805.7870
F1450,450.3768,4.1470,4.1800,4.2300,1.0000,5078.0000,17724.9822
F1451,450.9487,0.7130,0.7800,0.8460,1.0000,378.0000,117098.8941
F1452,451.3505,4.3640,4.4140,4.4470,1.0000,21155.0000,60297.6674
F1453,451.3688,15.1660,14.8830,15.2660,6.0000,6801.0000,42692.9125
F1454,451.3688,12.8490,12.8160,12.9830,3.0000,6617.0000,51158.6488
F1455,451.3690,15.5830,15.6330,15.7000,3.0000,8321.0000,51334.2838
F1456,451.3692,13.6660,13.9830,14.2500,1.0000,7142.0000,201987.0195
F1457,451.3696,16.4000,16.4500,16.5000,1.0000,7060.0000,41618.8625
F1458,451.3709,7.3480,7.4150,7.4810,1.0000,6.0000,31641.5710
F1459,451.3702,13.1160,13.1830,13.2330,3.0000,6863.0000,50365.9407
F1460,451.3703,16.0170,16.1580,16.1500,4.0000,7037.0000,70558.5173
F1461,451.3704,15.2660,15.3330,15.4330,1.0000,6562.0000,62382.6210
F1462,451.3709,12.5330,12.5830,12.6160,1.0000,7104.0000,34213.1110
F1463,451.9514,0.7130,0.7800,0.8460,1.0000,41.0000,12557.4731
F1464,452.4252,12.8490,13.0490,13.0990,1.0000,10310.0000,50549.2585
F1465,453.1660,16.9840,16.9250,17.2840,2.0000,3576.0000,45971.7615
F1466,453.1659,16.1170,16.2830,16.1500,2.0000,3331.0000,37550.2038
F1467,453.1668,17.4670,17.5340,17.6170,1.0000,2859.0000,20939.9260
F1468,453.1672,17.2840,17.4170,17.4670,1.0000,2897.0000,26170.3392
F1469,453.3563,7.4310,7.4810,7.5310,1.0000,7157.0000,30698.5048
F1470,453.3965,15.7170,15.7830,15.8330,1.0000,18.0000,56187.1773
F1471,453.3967,17.0000,17.6840,18.4010,1.0000,19.0000,521352.2874
F1472,454.2929,2.6630,2.6630,2.8300,2.0000,79.0000,146500.8599
F1473,455.2960,2.6800,2.7630,2.8470,1.0000,14.0000,35779.6037
F1474,455.4201,17.6840,17.7500,17.8000,1.0000,19.0000,45187.3065
F1475,456.0594,0.7800,0.8130,0.8630,1.0000,2468.0000,7814.4972
F1476,456.3335,0.8300,0.9130,0.9800,1.0000,26.0000,35451.5359
F1477,456.3403,17.6170,17.6670,17.7000,1.0000,4579.0000,17028.2031
F1478,456.3775,16.1170,16.1670,16.2000,1.0000,4821.0000,16340.3536
F1479,456.4131,4.4470,4.3890,5.0310,2.0000,15807.0000,222743.9564
F1480,456.4155,3.1970,3.6800,4.0470,1.0000,12713.0000,481054.9865
F1481,456.4148,4.1470,4.1970,4.2640,1.0000,12123.0000,82809.7550
F1482,457.3215,7.3810,7.4480,7.5480,1.0000,23.0000,226697.7166
F1483,457.3200,15.5000,15.5500,15.5830,1.0000,4736.0000,16081.8214
F1484,457.3345,8.3980,8.4310,8.4810,1.0000,4451.0000,14133.0863
F1485,457.3491,0.7300,0.7960,0.8460,1.0000,4090.0000,17800.8079
F1486,457.3991,9.6820,9.7480,9.9480,1.0000,5339.0000,29053.6755
F1487,458.3243,7.4150,7.4480,7.5650,1.0000,10693.0000,59093.2534
F1488,458.3516,0.8630,0.9460,1.0130,1.0000,7.0000,63514.9905
F1489,458.3514,2.0630,2.1970,2.2630,1.0000,11.0000,171526.0212
F1490,459.2483,2.6130,2.6470,2.6970,1.0000,3432.0000,10318.1571
F1491,459.4150,3.6970,3.7800,3.9140,1.0000,7.0000,118220.2471
F1492,460.2791,14.1330,14.1660,14.1830,1.0000,3059.0000,11255.4608
F1493,460.4167,3.7140,3.7640,3.8640,1.0000,5.0000,39374.5253
F1494,462.0317,0.7460,0.7800,0.8300,1.0000,5224.0000,12890.6835
F1495,462.1468,5.7970,5.8810,5.9640,1.0000,492.0000,121008.9781
F1496,462.4039,10.7650,11.1820,11.6490,1.0000,5.0000,49170.9574
F1497,462.4126,16.1330,16.2830,16.5170,1.0000,6931.0000,124436.1401
F1498,463.1303,2.2800,2.2880,2.4130,2.0000,432.0000,345076.4826
F1499,463.1314,4.3140,4.3800,4.4470,1.0000,118.0000,47613.4113
F1500,463.1469,5.7970,5.8810,5.9640,1.0000,176.0000,55974.1512
F1501,463.3182,2.2130,2.2630,2.3130,1.0000,7304.0000,28763.2052
F1502,463.3924,5.1470,5.2140,5.2470,1.0000,4122.0000,15978.4518
F1503,464.1318,2.2630,2.2800,2.4130,2.0000,216.0000,171647.3232
F1504,464.1453,5.7970,5.8810,5.9470,1.0000,147.0000,35579.3407
F1505,464.3885,4.2970,4.3470,4.3800,1.0000,6026.0000,21038.3061
F1506,464.4305,5.0810,5.2970,5.2640,2.0000,6848.0000,50047.5400
F1507,465.1293,2.2800,2.2880,2.4130,2.0000,134.0000,101103.2099
F1508,465.1295,4.3300,4.3800,4.4300,1.0000,43.0000,13589.0351
F1509,466.0174,0.7630,0.7960,0.8460,1.0000,3424.0000,9366.5368
F1510,466.1296,2.1470,2.3300,2.4130,1.0000,71.0000,47353.3862
F1511,466.3300,3.7970,3.9470,4.0300,1.0000,57.0000,84497.9515
F1512,466.9193,0.7130,0.7630,0.8460,1.0000,635.0000,131070.7976
F1513,467.1024,5.8310,5.8810,5.9310,1.0000,2097.0000,7047.7484
F1514,467.2470,0.7300,0.7800,0.8130,1.0000,9972.0000,22990.9295
F1515,468.3085,1.7460,1.8130,1.8960,1.0000,201.0000,292827.3325
F1516,468.3082,1.1460,1.4130,1.6300,1.0000,100.0000,516525.4024
F1517,468.9162,0.7130,0.7630,0.8300,1.0000,164.0000,85680.2414
F1518,468.9781,0.7300,0.8130,0.8800,1.0000,11.0000,9558.7063
F1519,469.2386,3.6470,3.6970,3.7470,1.0000,40.0000,6948.6710
F1520,469.3130,1.7460,1.8130,1.8960,1.0000,13.0000,76144.3120
F1521,470.3456,7.5480,7.5980,7.6480,1.0000,6.0000,37198.3081
F1522,470.4223,15.5670,15.6170,15.6500,1.0000,13060.0000,46269.3233
F1523,470.4224,4.4140,4.4970,4.5640,1.0000,21.0000,470249.4297
F1524,470.4299,11.5490,11.6320,11.6990,1.0000,17389.0000,127221.8512
F1525,470.4387,2.7470,2.9380,2.9470,2.0000,51.0000,254619.6179
F1526,470.4378,3.5800,3.6970,3.7640,1.0000,52.0000,178075.5323
F1527,470.9636,0.7460,0.7960,0.8300,1.0000,2443.0000,6888.9515
F1528,471.4129,15.4500,15.5000,15.5500,1.0000,9111.0000,43261.3346
F1529,471.4162,3.7140,3.8800,3.8470,2.0000,15.0000,434054.3203
F1530,471.4220,4.4140,4.4800,4.5640,1.0000,11.0000,303981.1450
F1531,472.3305,1.0960,1.1300,1.2130,1.0000,8.0000,10006.0204
F1532,472.3349,1.4130,1.4460,1.4960,1.0000,1773.0000,6535.3143
F1533,472.4115,4.5300,4.6140,4.6800,1.0000,19.0000,476266.6616
F1534,472.4123,4.3640,4.4300,4.5300,1.0000,23.0000,574306.3935
F1535,473.3076,0.8800,0.9130,0.9630,1.0000,20.0000,14476.7209
F1536,473.3454,0.7130,0.7800,0.8630,1.0000,30.0000,59971.5890
F1537,473.4041,11.5320,11.5660,11.6160,1.0000,5.0000,23869.4053
F1538,473.4144,4.5300,4.5220,4.6800,2.0000,18.0000,142294.8113
F1539,474.3478,0.6960,0.7800,0.8460,1.0000,16.0000,19031.6333
F1540,474.4173,4.3970,4.4300,4.5300,1.0000,5.0000,18723.8485
F1541,474.4179,7.0980,7.1810,7.2810,1.0000,52.0000,180982.7019
F1542,474.8822,0.7300,0.7630,0.8130,1.0000,4605.0000,11212.2166
F1543,474.9930,0.7130,0.7800,0.8630,1.0000,79943.0000,254500.2628
F1544,475.4145,11.8490,11.8990,11.9660,1.0000,99.0000,230509.3300
F1545,475.4143,12.2490,12.3490,12.4820,1.0000,15.0000,97276.9961
F1546,475.4196,7.0980,7.1980,7.2810,1.0000,10928.0000,59469.4118
F1547,476.2745,2.6800,2.7630,2.7970,1.0000,13.0000,14926.0473
F1548,476.3741,4.3470,4.4140,4.4800,1.0000,33.0000,288855.0028
F1549,476.4210,11.8490,11.8990,11.9320,1.0000,27418.0000,82987.1498
F1550,477.0296,0.7130,0.7800,0.8460,1.0000,44.0000,10737.0944
F1551,477.3114,17.2340,17.3000,17.3340,3.0000,5457.0000,31767.7401
F1552,477.3133,17.1340,17.1670,17.2340,1.0000,5519.0000,31669.3464
F1553,477.3773,4.3300,4.4140,4.4640,1.0000,24.0000,94706.9305
F1554,477.4229,11.8660,11.8990,11.9490,1.0000,10.0000,22321.4658
F1555,478.1779,4.2800,4.3470,4.4140,1.0000,198.0000,64988.9413
F1556,478.2934,2.2470,2.3470,2.4800,1.0000,91.0000,247256.3134
F1557,478.2947,1.8130,1.9130,1.9970,1.0000,18.0000,68567.3672
F1558,478.3128,15.6000,15.8000,16.0670,1.0000,2583.0000,18964.9282
F1559,478.3218,0.9460,1.0710,1.0630,2.0000,182.0000,167559.2049
F1560,478.3296,2.5300,2.6300,2.7630,1.0000,53.0000,111841.8739
F1561,478.3325,3.7970,3.8470,3.8970,1.0000,8302.0000,30572.5040
F1562,478.3735,5.0310,5.1640,5.2140,1.0000,5.0000,24174.2473
F1563,478.3783,5.2140,5.2640,5.3140,1.0000,6.0000,14153.8293
F1564,478.9398,16.7340,16.8170,16.8500,1.0000,6.0000,5918.2708
F1565,478.9401,17.9170,17.9840,18.0500,1.0000,10.0000,12158.5160
F1566,479.1783,4.2970,4.3470,4.3970,1.0000,130.0000,27714.3884
F1567,479.2977,2.2800,2.3630,2.4130,1.0000,21.0000,60822.5123
F1568,479.3254,0.9460,1.0710,1.0630,2.0000,25505.0000,70222.7136
F1569,479.3322,2.5970,2.6470,2.6970,1.0000,10.0000,20261.5458
F1570,480.0344,0.7460,0.7960,0.8630,1.0000,75.0000,14550.6005
F1571,480.1571,2.2800,2.3470,2.4130,1.0000,138.0000,58212.1002
F1572,480.1575,2.1630,2.2300,2.2800,1.0000,79.0000,34309.3799
F1573,480.1765,4.2800,4.3470,4.4140,1.0000,93.0000,20703.3428
F1574,480.3090,2.8130,2.9130,3.0300,1.0000,39.0000,169527.9770
F1575,480.3445,2.9130,2.9130,3.0800,2.0000,117.0000,315839.5403
F1576,480.7823,0.7130,0.7630,0.8130,1.0000,7988.0000,18383.4717
F1577,480.9621,0.7130,0.7800,0.8460,1.0000,27.0000,12423.5793
F1578,481.1578,2.2800,2.2880,2.4300,2.0000,46.0000,23917.4921
F1579,481.3128,2.8300,2.8470,2.9800,2.0000,18.0000,46278.1676
F1580,481.3479,2.9300,2.9970,3.0800,1.0000,38.0000,87384.2372
F1581,481.3795,1.2800,1.3130,1.3630,1.0000,1509.0000,4917.6440
F1582,482.0259,0.7630,0.7960,0.8460,1.0000,2164.0000,5975.9990
F1583,482.1555,2.1630,2.3130,2.4130,1.0000,3064.0000,26648.3058
F1584,482.3242,2.1300,1.9970,2.2970,3.0000,43.0000,170134.4324
F1585,482.3243,3.4630,3.5970,3.6800,1.0000,97.0000,310517.4856
F1586,482.3617,2.9970,2.9970,3.1630,2.0000,65526.0000,381500.4088
F1587,482.3645,2.7470,2.7800,2.8300,1.0000,10742.0000,52501.4287
F1588,482.8938,0.7460,0.7800,0.8630,1.0000,46.0000,15087.0767
F1589,483.2852,7.3650,7.5060,7.5150,2.0000,26.0000,74113.2498
F1590,483.3276,3.5470,3.6140,3.6640,1.0000,37.0000,62272.2154
F1591,483.3280,2.0300,2.1970,2.3130,1.0000,20.0000,70325.6260
F1592,483.3657,2.9630,2.9800,3.1470,2.0000,18537.0000,117102.4802
F1593,484.2891,7.3810,7.4810,7.4810,2.0000,19.0000,17885.3724
F1594,484.3870,12.1660,12.2320,12.2820,1.0000,15222.0000,109423.2422
F1595,484.3882,12.3320,12.8830,13.2660,1.0000,15910.0000,792619.7238
F1596,484.3889,11.9820,12.0820,12.0990,2.0000,15102.0000,67592.8774
F1597,485.1128,2.2470,2.3470,2.4130,1.0000,137.0000,64969.5222
F1598,485.4313,11.7320,11.8740,11.8820,2.0000,21.0000,248686.7319
F1599,485.4317,3.6970,3.7800,3.8470,3.0000,233.0000,3113661.1037
F1600,485.4315,4.2640,4.4220,4.3970,2.0000,80.0000,1417354.7722
F1601,485.4313,14.2160,14.3830,14.4500,3.0000,20.0000,535079.3382
F1602,485.4314,11.3490,11.3740,11.7320,2.0000,60.0000,2537911.7663
F1603,485.4312,10.3490,10.3400,10.6150,2.0000,32.0000,1049459.5102
F1604,485.4314,7.3480,7.4150,7.4980,1.0000,31.0000,557527.3127
F1605,485.4312,7.4980,7.7650,8.0810,1.0000,30.0000,1848059.9145
F1606,485.4313,12.5660,12.6330,12.6990,1.0000,25.0000,462600.2774
F1607,485.4313,8.1150,8.2980,8.6820,1.0000,31.0000,2210906.0185
F1608,485.4313,15.8830,16.4840,16.9500,1.0000,34.0000,4399504.5993
F1609,485.4312,15.4830,15.6670,15.7500,1.0000,30.0000,970848.4278
F1610,485.4313,17.4170,17.8340,18.2510,1.0000,33.0000,2785656.6229
F1611,485.8608,17.9670,18.0000,18.0500,1.0000,1755.0000,5593.3586
F1612,486.1129,2.1630,2.3300,2.4630,1.0000,38.0000,36447.1201
F1613,486.4344,7.8650,7.7980,8.0980,5.0000,27.0000,196702.4774
F1614,486.4343,10.3490,10.3490,10.5990,2.0000,29.0000,318789.0576
F1615,486.4345,14.0330,14.2500,14.2330,2.0000,22.0000,181226.6457
F1616,486.4343,3.4300,3.4970,3.6970,1.0000,59.0000,803411.9317
F1617,486.4343,3.0300,3.0970,3.1630,1.0000,39.0000,253430.1542
F1618,486.4344,9.6320,9.7320,9.8650,1.0000,30.0000,297272.2040
F1619,486.4343,16.8840,17.6500,18.4170,1.0000,33.0000,1683548.3442
F1620,486.4343,14.7660,14.9000,15.0000,1.0000,19.0000,169209.5090
F1621,486.4346,11.3490,11.4990,11.7320,1.0000,57.0000,847302.7767
F1622,486.4344,12.1490,12.2160,12.2820,1.0000,20.0000,118964.3919
F1623,486.4343,15.4830,15.6330,15.7670,1.0000,29.0000,329635.6300
F1624,486.4345,4.2640,4.3300,4.3970,1.0000,73.0000,454611.6045
F1625,486.4348,11.7490,11.8740,11.8820,2.0000,19.0000,85065.1722
F1626,486.4348,3.6970,3.8800,3.8470,2.0000,211.0000,908781.8843
F1627,486.4348,4.3970,4.4640,4.5140,1.0000,58.0000,332976.6012
F1628,486.6585,0.7130,0.7460,0.7960,1.0000,16314.0000,28544.9574
F1629,486.8603,0.7130,0.7800,0.8300,1.0000,148.0000,27876.9587
F1630,487.1118,2.1630,2.1970,2.2470,1.0000,20.0000,6083.5580
F1631,487.1123,2.2470,2.3470,2.3800,1.0000,43.0000,17512.2097
F1632,487.3603,0.7130,0.7800,0.8460,1.0000,16451.0000,76349.3140
F1633,487.4385,3.6470,3.8720,3.8800,2.0000,16.0000,254947.3955
F1634,488.0473,0.7460,0.7800,0.8460,1.0000,6458.0000,17311.6989
F1635,488.3947,5.2140,5.2810,5.3470,1.0000,13.0000,39448.9660
F1636,488.4335,7.9150,7.9980,8.0810,1.0000,93.0000,352996.0265
F1637,488.4371,17.6170,17.9170,18.1340,1.0000,1937.0000,11501.3075
F1638,488.4415,3.9140,3.9800,4.0470,1.0000,7.0000,27592.5874
F1639,488.4421,11.7820,11.8320,11.8820,1.0000,5.0000,9186.3544
F1640,488.5040,11.7990,11.8820,11.9660,1.0000,38.0000,62693.5436
F1641,488.6558,0.7130,0.7460,0.7960,1.0000,38302.0000,72954.2149
F1642,489.1460,4.2800,4.3470,4.6140,1.0000,13.0000,19616.4011
F1643,489.3971,5.2310,5.2810,5.3640,1.0000,11.0000,15203.1822
F1644,489.4046,5.8470,5.9140,5.9970,1.0000,59.0000,96679.2223
F1645,489.4367,7.9150,7.9980,8.0810,1.0000,72.0000,132313.0589
F1646,489.5066,11.7820,11.8820,11.9660,1.0000,9.0000,22122.1020
F1647,490.1475,4.2970,4.3300,4.3970,1.0000,28.0000,6850.8620
F1648,490.3485,2.5630,2.6630,2.8130,1.0000,36.0000,374672.5699
F1649,490.3902,4.3470,4.4140,4.4800,1.0000,238.0000,1960989.5940
F1650,490.3981,5.8640,5.9140,5.9640,1.0000,11920.0000,48078.7543
F1651,490.4980,13.5830,13.6160,13.6660,1.0000,1766.0000,5922.9842
F1652,490.7726,18.0170,18.0670,18.1170,1.0000,24.0000,15639.3214
F1653,490.9636,0.7130,0.7630,0.8460,1.0000,87168.0000,262757.5204
F1654,490.9668,15.0000,15.0500,15.0830,1.0000,7.0000,6251.0280
F1655,491.2368,3.6470,3.6970,3.7640,1.0000,16.0000,10113.7284
F1656,491.3504,13.7660,13.8160,13.8500,1.0000,2383.0000,6514.4266
F1657,491.3541,2.5470,2.6630,2.7800,1.0000,27.0000,103104.2045
F1658,491.3829,0.7460,0.7800,0.8630,1.0000,7.0000,10570.4749
F1659,491.3933,4.3470,4.4140,4.4800,1.0000,94.0000,651674.7812
F1660,491.3998,7.9150,7.9650,8.0150,1.0000,18.0000,18429.8231
F1661,491.9672,0.7130,0.7800,0.8460,1.0000,10384.0000,35405.0639
F1662,492.0435,0.7630,0.7960,0.8460,1.0000,2590.0000,8190.7570
F1663,492.3965,4.3470,4.4140,4.4640,1.0000,40.0000,113546.9525
F1664,492.4386,8.6980,8.7480,8.7980,1.0000,8.0000,14967.6341
F1665,492.6496,0.7130,0.7460,0.7960,1.0000,25978.0000,52113.2118
F1666,492.9602,0.7130,0.7800,0.8460,1.0000,28043.0000,88447.4824
F1667,493.4013,4.3470,4.4140,4.4470,1.0000,6.0000,22631.3939
F1668,493.4121,4.0640,4.5140,4.9800,1.0000,6.0000,58785.9526
F1669,493.9628,0.7300,0.7630,0.8130,1.0000,39.0000,10716.5836
F1670,494.1725,3.4130,3.4630,3.5470,1.0000,9656.0000,33840.9929
F1671,494.2866,0.8800,0.9130,0.9630,1.0000,58.0000,13018.3286
F1672,494.3240,1.9130,1.7710,2.0630,4.0000,133.0000,340623.2266
F1673,494.3606,4.6140,4.6640,4.7300,1.0000,2493.0000,11049.0308
F1674,495.3274,1.7300,1.9800,2.3130,1.0000,80.0000,456004.3683
F1675,495.3276,1.4960,1.5800,1.6800,1.0000,42.0000,162180.5403
F1676,495.4097,11.5490,11.5820,11.6320,1.0000,3864.0000,14096.3445
F1677,496.1719,3.4130,3.4800,3.5140,1.0000,2715.0000,8066.5261
F1678,496.3042,8.9820,9.0150,9.0650,1.0000,1359.0000,4692.4127
F1679,496.3292,1.6460,1.7630,1.7960,1.0000,20.0000,29418.9853
F1680,496.3305,1.4300,1.4800,1.5300,1.0000,15.0000,15204.7472
F1681,496.3405,2.5630,2.3470,2.7130,4.0000,1204.0000,13478013.4369
F1682,496.4202,11.8490,11.9160,11.9820,1.0000,26.0000,309241.5840
F1683,496.4201,2.7130,2.9970,3.2800,1.0000,17.0000,750509.5825
F1684,496.4203,17.5670,17.9340,18.1500,1.0000,20.0000,858607.0026
F1685,497.2358,0.7460,0.7800,0.8460,1.0000,27.0000,17286.8168
F1686,497.3435,2.5630,2.3470,2.7130,4.0000,583.0000,3869063.2595
F1687,497.3861,6.5640,6.6480,6.6980,1.0000,8.0000,47977.1905
F1688,497.4219,15.4830,15.6000,15.6500,1.0000,11326.0000,106958.0900
F1689,497.4219,16.0500,16.1000,16.1830,1.0000,12014.0000,83955.0498
F1690,497.4237,14.5660,14.4250,14.8160,4.0000,10093.0000,70765.5403
F1691,497.4228,13.3660,13.8080,13.5830,4.0000,10582.0000,92311.5438
F1692,497.4231,14.9830,15.2500,15.1330,5.0000,11404.0000,55835.6561
F1693,497.4237,16.2330,16.3580,16.3170,2.0000,11595.0000,90629.7981
F1694,497.4250,15.9330,16.0000,16.0500,1.0000,10788.0000,75232.0818
F1695,497.4251,14.0830,14.1330,14.1830,1.0000,11399.0000,66258.2639
F1696,498.3460,2.5630,2.4470,2.7130,3.0000,415.0000,1600308.7194
F1697,498.3984,2.6630,2.6970,2.7800,1.0000,16.0000,100913.1211
F1698,498.9287,0.7300,0.7800,0.8630,1.0000,46.0000,18383.7754
F1699,499.2615,3.7970,3.8300,3.8800,1.0000,1984.0000,5929.8503
F1700,499.3488,2.5630,2.5470,2.7130,2.0000,20.0000,247819.1708
F1701,499.4459,3.6140,3.8720,3.8800,2.0000,10.0000,164438.9163
F1702,500.2765,2.2470,2.3470,2.4470,1.0000,11.0000,31840.5370
F1703,501.0870,2.1470,2.3130,2.4300,1.0000,59.0000,25901.2150
F1704,501.3400,2.8470,2.8970,2.9300,1.0000,2413.0000,7423.3833
F1705,502.2938,2.2130,2.2970,2.3630,1.0000,44.0000,145117.2396
F1706,502.4283,4.2140,4.4640,4.5300,1.0000,2938.0000,15035.5254
F1707,502.5190,11.9990,12.0820,12.1490,1.0000,15.0000,36477.2612
F1708,502.7885,18.0340,18.0840,18.1170,1.0000,2300.0000,7594.9101
F1709,503.1077,2.5300,2.6470,2.7300,1.0000,13.0000,33983.8003
F1710,503.1074,3.0300,3.1130,3.1970,1.0000,37.0000,50662.4983
F1711,503.1073,7.0810,7.1640,7.2640,1.0000,25.0000,42618.3977
F1712,503.1078,4.8470,4.9140,4.9800,1.0000,30.0000,67217.7421
F1713,503.1076,11.7160,11.7490,11.7990,1.0000,18.0000,12190.2529
F1714,503.2995,2.2300,2.2970,2.3800,1.0000,14.0000,42255.3323
F1715,503.3331,3.7470,3.7970,3.8800,1.0000,6.0000,13928.1178
F1716,503.3363,8.5480,8.5820,8.6310,1.0000,5.0000,9426.6092
F1717,503.3444,3.0800,3.1300,3.1630,1.0000,3689.0000,11428.6073
F1718,503.3457,0.7130,0.7800,0.8300,1.0000,13.0000,23477.2027
F1719,503.4291,8.4480,8.4980,8.5650,1.0000,5.0000,6556.8277
F1720,504.0199,0.7460,0.7960,0.8300,1.0000,42.0000,6882.2962
F1721,504.0778,0.7630,0.7960,0.8800,1.0000,251.0000,36007.7896
F1722,504.1084,2.5470,2.6470,2.7300,1.0000,19.0000,20574.3716
F1723,504.1083,3.0300,3.1130,3.1800,1.0000,5454.0000,27876.2521
F1724,504.1082,7.0980,7.1810,7.2640,1.0000,35.0000,22771.6095
F1725,504.1086,4.8470,4.9140,4.9800,1.0000,16.0000,33925.8656
F1726,504.3089,3.5300,3.5970,3.6640,1.0000,22.0000,40855.5849
F1727,504.4052,4.3640,4.4140,4.4640,1.0000,21.0000,61718.3682
F1728,505.0036,0.7300,0.7800,0.8460,1.0000,163.0000,25913.9089
F1729,505.0920,4.3140,4.3470,4.3970,1.0000,5117.0000,16468.0831
F1730,505.0960,4.9800,5.0140,5.0640,1.0000,5.0000,8421.6765
F1731,505.1066,7.0980,7.1640,7.2640,1.0000,20.0000,17015.4473
F1732,505.1054,11.7160,11.7660,11.7990,1.0000,1859.0000,5169.3836
F1733,505.1053,4.8470,4.9140,4.9970,1.0000,15.0000,26569.1852
F1734,505.1050,3.0300,3.1130,3.1630,1.0000,22.0000,16394.6157
F1735,505.3492,2.7970,2.8470,2.9130,1.0000,2060.0000,10033.3086
F1736,505.4060,4.3470,4.3970,4.4970,1.0000,7.0000,32520.5195
F1737,506.1058,3.0470,3.0970,3.1470,1.0000,9.0000,6216.9826
F1738,506.1050,4.8640,4.9140,4.9640,1.0000,18.0000,9678.7745
F1739,506.3604,3.4300,3.4970,3.5640,1.0000,12.0000,35371.4185
F1740,506.3604,3.0630,3.1470,3.2300,1.0000,16.0000,64532.8323
F1741,506.4348,11.6320,11.6820,11.7160,1.0000,5.0000,14165.1247
F1742,507.0889,4.2970,4.3470,4.3800,1.0000,11.0000,6598.6465
F1743,508.1896,2.2470,2.3470,2.4130,1.0000,13.0000,13920.8928
F1744,508.3398,2.3130,2.3970,2.4800,1.0000,31.0000,91751.6572
F1745,508.3745,0.8800,0.9300,0.9800,1.0000,14.0000,11828.0096
F1746,508.3763,2.9630,3.2130,3.3470,1.0000,89.0000,404188.0047
F1747,508.4439,12.4490,12.4990,12.5330,1.0000,2568.0000,8891.4596
F1748,508.9083,0.7130,0.7800,0.8460,1.0000,202.0000,77267.9854
F1749,509.2975,0.8130,0.8630,0.9300,1.0000,8.0000,6522.8142
F1750,509.3428,2.3130,2.3970,2.4800,1.0000,9.0000,28570.9381
F1751,509.3824,3.1630,3.2300,3.2800,1.0000,19.0000,58955.2500
F1752,510.3557,2.5300,2.9630,3.3300,1.0000,157.0000,1151865.8231
F1753,510.3938,3.7800,3.9140,3.9800,1.0000,23.0000,179341.8140
F1754,510.9041,0.7130,0.7800,0.8460,1.0000,190.0000,56794.1573
F1755,511.2269,3.6640,3.6970,3.7470,1.0000,1599.0000,5793.7527
F1756,511.2830,4.1140,4.1970,4.2800,1.0000,31.0000,29628.5823
F1757,511.3300,10.7990,10.8490,10.8820,1.0000,2137.0000,7848.1269
F1758,511.3592,2.8470,2.9300,3.0130,1.0000,44.0000,157087.5831
F1759,511.3600,3.0130,3.0800,3.1300,1.0000,57.0000,109850.7054
F1760,511.3973,3.7640,3.9140,3.9800,1.0000,9.0000,70537.1697
F1761,511.3973,17.3840,17.4340,17.5340,1.0000,5.0000,17275.2066
F1762,512.3351,0.9130,0.9800,1.0460,1.0000,45883.0000,115971.4729
F1763,512.3369,1.9460,2.0130,2.1130,1.0000,14.0000,28209.2720
F1764,512.4640,5.7140,5.7640,5.8140,1.0000,11537.0000,47799.5024
F1765,513.3386,0.9300,0.9800,1.0300,1.0000,39.0000,31157.3812
F1766,513.4614,4.5300,4.5220,4.6800,2.0000,18.0000,125446.1139
F1767,513.4837,11.8820,11.9320,11.9660,1.0000,4878.0000,14868.0980
F1768,514.4653,4.5140,4.5970,4.6800,1.0000,8.0000,45308.5726
F1769,514.9053,0.7130,0.7800,0.8630,1.0000,13.0000,7971.1859
F1770,515.0082,0.7130,0.7800,0.8460,1.0000,180430.0000,622026.3408
F1771,515.3502,7.3980,7.4480,7.5310,1.0000,6.0000,13902.0352
F1772,515.4185,3.7300,3.9800,4.0300,1.0000,3531.0000,16340.9673
F1773,515.4187,5.4970,5.5470,5.5810,1.0000,5.0000,8866.3594
F1774,515.4683,7.0810,7.1980,7.2810,1.0000,8.0000,22640.5674
F1775,516.0116,0.7130,0.7800,0.8460,1.0000,365.0000,84529.4561
F1776,516.3060,1.8960,1.9970,2.0630,1.0000,10.0000,41394.2136
F1777,516.4259,6.1640,6.3140,6.4480,1.0000,16.0000,112316.5373
F1778,516.4359,5.8970,5.9310,5.9810,1.0000,7.0000,10002.7623
F1779,516.9815,0.7300,0.7960,0.8460,1.0000,12248.0000,42119.4645
F1780,517.3101,1.9800,2.0130,2.1130,1.0000,6.0000,10126.3118
F1781,517.3412,7.3810,7.4310,7.4650,1.0000,2613.0000,7839.2709
F1782,518.3219,2.5630,2.4470,2.7130,3.0000,209.0000,1376890.1052
F1783,518.3245,1.7130,1.6630,1.9300,2.0000,26.0000,178689.2177
F1784,518.4898,7.6150,7.6650,7.6980,1.0000,19.0000,7725.8559
F1785,519.0525,0.7460,0.7800,0.8300,1.0000,4629.0000,13002.3813
F1786,519.1386,4.1140,4.2800,4.2470,2.0000,15.0000,65734.2578
F1787,519.1385,4.8470,4.9140,4.9800,1.0000,19.0000,81517.5187
F1788,519.1387,7.0810,7.1810,7.2640,1.0000,50.0000,83561.6483
F1789,519.1391,3.0130,3.1130,3.1800,1.0000,177.0000,410055.9401
F1790,519.3251,2.5630,2.5550,2.7130,2.0000,77.0000,375109.4934
F1791,519.3280,1.7460,1.8130,1.9300,1.0000,11.0000,55110.4490
F1792,519.3587,3.7640,3.8470,3.8970,1.0000,38.0000,27858.1320
F1793,519.9898,0.7460,0.7800,0.8300,1.0000,3345.0000,8488.2133
F1794,520.1401,4.3140,4.3800,4.4470,1.0000,17.0000,30044.9716
F1795,520.1397,4.8470,4.9140,4.9970,1.0000,13.0000,48629.9026
F1796,520.1399,7.0640,7.1810,7.2810,1.0000,47.0000,41933.2475
F1797,520.1397,3.0130,3.1130,3.1970,1.0000,100.0000,214213.9849
F1798,520.3403,2.1630,2.0630,2.3300,3.0000,225.0000,7183034.7362
F1799,520.4546,14.8000,15.0330,15.2830,1.0000,5905.0000,101601.4065
F1800,520.4546,14.2660,14.5330,14.8000,1.0000,4002.0000,105676.9392
F1801,520.4564,12.0990,12.2160,12.2160,2.0000,5520.0000,35399.4260
F1802,520.4562,12.4490,12.6490,12.6490,2.0000,4768.0000,27930.7832
F1803,520.4585,11.7990,11.9410,11.8820,2.0000,6996.0000,29279.5598
F1804,520.5085,9.1980,9.2980,9.3820,1.0000,25.0000,79336.4028
F1805,520.9752,0.7130,0.7800,0.8460,1.0000,9577.0000,37748.4373
F1806,521.1184,4.2140,4.3550,4.3640,2.0000,49013.0000,193044.6827
F1807,521.1179,2.3800,2.4470,2.5130,1.0000,21.0000,27810.8317
F1808,521.1369,4.8470,4.9140,4.9800,1.0000,14.0000,32377.0007
F1809,521.1383,7.0980,7.1810,7.2480,1.0000,5431.0000,26445.6306
F1810,521.1374,3.0130,3.1130,3.1970,1.0000,118.0000,148147.4846
F1811,521.1833,2.1630,2.3470,2.4130,1.0000,61.0000,76576.1476
F1812,521.3433,2.1630,2.0630,2.3300,3.0000,221.0000,2255009.7606
F1813,521.3839,6.2480,6.2980,6.3310,1.0000,6.0000,7889.2440
F1814,521.4199,2.5970,2.7800,2.9800,1.0000,11.0000,105076.4376
F1815,521.5121,9.1980,9.2980,9.4480,1.0000,22.0000,30023.8108
F1816,522.0252,0.7630,0.7960,0.8460,1.0000,2907.0000,7890.9429
F1817,522.1193,4.2140,4.3550,4.3640,2.0000,26411.0000,100697.0075
F1818,522.1195,2.3800,2.4470,2.5130,1.0000,14.0000,14030.9260
F1819,522.1385,4.8470,4.9140,4.9800,1.0000,7.0000,11614.3929
F1820,522.1381,3.0130,3.1130,3.1970,1.0000,11127.0000,57517.6757
F1821,522.1870,2.2800,2.3300,2.3970,1.0000,21.0000,19047.1463
F1822,522.1872,2.1800,2.2300,2.2800,1.0000,6.0000,12190.0107
F1823,522.2048,4.0970,4.1470,4.1800,1.0000,4897.0000,12170.0576
F1824,522.3456,1.7630,1.8300,1.9300,3.0000,244.0000,224327.9855
F1825,522.3484,2.1300,2.2470,2.3130,1.0000,994.0000,644623.4037
F1826,522.3483,1.5300,1.5800,1.6630,1.0000,51.0000,35270.1530
F1827,522.3558,2.7300,2.7300,2.8800,4.0000,2534.0000,9149248.0456
F1828,522.5971,7.2640,7.4730,7.4810,2.0000,28.0000,177435.4576
F1829,522.5971,11.7160,11.8820,12.0320,1.0000,28.0000,246125.3877
F1830,523.1169,4.3970,4.3550,4.4970,2.0000,48.0000,69688.3312
F1831,523.1346,3.0300,3.1130,3.1630,1.0000,22.0000,19799.3453
F1832,523.1854,2.2630,2.3300,2.3800,1.0000,19.0000,13901.9084
F1833,523.3488,1.9630,2.0460,2.1630,1.0000,19.0000,67012.6884
F1834,523.3528,2.1630,2.2470,2.2970,1.0000,45.0000,89869.2275
F1835,523.3591,2.7300,2.7300,2.8800,4.0000,1042.0000,2370652.3448
F1836,523.4715,11.2990,11.3320,11.3990,1.0000,5.0000,15509.6437
F1837,523.6000,7.2810,7.3980,7.4980,1.0000,20.0000,77797.7243
F1838,523.9748,0.7630,0.7960,0.8460,1.0000,1976.0000,6772.9914
F1839,524.1337,3.0470,3.0970,3.1470,1.0000,24.0000,5985.3332
F1840,524.2755,2.2470,2.3130,2.3800,1.0000,12.0000,14160.3608
F1841,524.3364,7.3480,7.4310,7.4980,1.0000,7.0000,23140.9442
F1842,524.3547,2.1970,2.2470,2.2970,1.0000,11.0000,12441.1321
F1843,524.3617,2.7300,2.7300,2.8800,2.0000,200.0000,452087.0429
F1844,524.3627,2.8800,2.9630,3.0300,1.0000,41.0000,96223.3797
F1845,524.3715,3.4300,3.3380,3.5800,2.0000,7621.0000,20618985.8769
F1846,524.8790,0.7130,0.7630,0.8300,1.0000,103.0000,51484.6885
F1847,525.1167,4.2300,4.2970,4.3640,1.0000,10.0000,10849.1961
F1848,525.3655,2.7300,2.7220,2.8800,2.0000,26.0000,59766.6868
F1849,525.3748,3.4300,3.3380,3.5640,2.0000,1579.0000,5499292.2607
F1850,525.4100,12.4160,12.4490,12.4990,1.0000,2648.0000,9833.5219
F1851,526.2932,2.1470,2.2130,2.2970,1.0000,51.0000,65628.9302
F1852,526.3776,3.4300,3.4970,3.5800,1.0000,217.0000,1006662.2411
F1853,526.8742,0.7130,0.7630,0.8130,1.0000,142.0000,44762.9290
F1854,527.2982,2.1470,2.2130,2.2970,1.0000,13.0000,25975.6294
F1855,527.3813,3.4300,3.4970,3.5640,1.0000,63.0000,150948.6218
F1856,528.4115,11.8160,11.8490,11.8990,1.0000,16520.0000,63831.2989
F1857,528.4137,15.8170,16.1170,16.6170,1.0000,18354.0000,716686.5488
F1858,529.3127,2.6130,2.6630,2.6970,1.0000,7.0000,5251.5888
F1859,529.4840,7.9480,7.9980,8.0810,1.0000,76.0000,18225.5969
F1860,529.5295,11.7990,11.8820,11.9820,1.0000,7.0000,33091.8957
F1861,530.4325,1.5960,1.6460,1.6960,1.0000,3247.0000,12773.7593
F1862,530.4405,5.9470,6.0140,6.0640,1.0000,8094.0000,41767.8062
F1863,530.4534,5.8640,5.9140,5.9640,1.0000,9150.0000,35198.1057
F1864,530.5173,11.8820,11.9320,11.9990,1.0000,12.0000,21581.0878
F1865,531.0023,17.3670,17.8000,18.1670,1.0000,3057.0000,81960.9719
F1866,531.0023,16.7500,17.0840,17.3500,1.0000,3119.0000,76321.2180
F1867,531.2185,0.8960,0.9300,0.9800,1.0000,3080.0000,8709.2944
F1868,531.3870,0.6960,0.7800,0.8460,1.0000,56.0000,57525.6564
F1869,531.4015,2.5470,2.6630,2.7800,1.0000,14.0000,76335.4916
F1870,531.4448,5.9970,6.0470,6.0810,1.0000,3744.0000,12057.7160
F1871,531.4574,5.8470,5.9140,5.9470,1.0000,25.0000,11513.2629
F1872,531.4708,12.0160,12.0820,12.2320,1.0000,6.0000,22653.2076
F1873,531.4765,11.8490,11.8990,11.9660,1.0000,24.0000,44653.1982
F1874,532.3692,3.8800,3.9300,3.9970,1.0000,9850.0000,36685.3860
F1875,532.3791,3.7640,3.8470,3.8970,1.0000,6.0000,16717.2195
F1876,532.3994,2.5800,2.6630,2.7800,1.0000,12.0000,27914.0572
F1877,532.4107,6.0980,6.1810,6.2810,1.0000,10.0000,64676.1193
F1878,532.4382,14.9000,14.9500,14.9830,1.0000,6.0000,14846.2101
F1879,532.5285,11.8490,11.9160,11.9820,1.0000,15.0000,37998.5144
F1880,532.5298,11.4660,11.5490,11.6160,1.0000,27.0000,74986.2020
F1881,532.7596,18.0000,18.0670,18.1340,1.0000,28.0000,18861.9995
F1882,532.9515,0.7130,0.7800,0.8460,1.0000,63526.0000,213285.2098
F1883,534.2960,2.5630,2.5470,2.7130,2.0000,10.0000,82300.6392
F1884,534.9489,0.7130,0.7800,0.8460,1.0000,252.0000,77214.5299
F1885,535.1338,2.5130,2.6470,2.6970,1.0000,20.0000,32869.6103
F1886,535.1697,14.6330,14.6830,14.7500,1.0000,7.0000,6814.0393
F1887,535.2995,2.5630,2.6470,2.6970,1.0000,37.0000,42732.6175
F1888,536.1347,2.5470,2.6470,2.7300,1.0000,16.0000,16126.4674
F1889,536.1655,7.0810,7.1640,7.2480,1.0000,1081.0000,1219302.1710
F1890,536.2993,2.3800,2.6300,2.7470,1.0000,26.0000,21800.6252
F1891,536.3206,1.3300,1.5630,1.6800,1.0000,11.0000,36861.5542
F1892,536.3733,3.1470,3.2130,3.3300,1.0000,11.0000,38526.2747
F1893,536.4088,3.9140,3.9970,4.0640,1.0000,7.0000,22294.6463
F1894,536.4374,12.8490,12.9160,12.9830,1.0000,19.0000,116927.8901
F1895,536.4375,12.3820,12.4490,12.5330,1.0000,22.0000,319575.8754
F1896,536.7453,0.7300,0.7630,0.8130,1.0000,8487.0000,20094.5442
F1897,537.1314,2.5630,2.6470,2.6800,1.0000,13.0000,9631.2246
F1898,537.1492,3.0130,3.2050,3.1970,2.0000,1206.0000,600317.9356
F1899,537.1661,7.0810,7.1640,7.2480,1.0000,980.0000,609246.7610
F1900,537.1787,1.8630,2.0300,2.1470,1.0000,19.0000,26430.3746
F1901,537.3252,1.5630,1.5960,1.6460,1.0000,1561.0000,5418.3127
F1902,537.4417,12.8490,12.9160,12.9830,1.0000,16.0000,54964.2969
F1903,537.4415,12.3990,12.4490,12.5330,1.0000,26.0000,166921.4053
F1904,538.0647,0.7630,0.8130,0.8460,1.0000,3863.0000,10587.1694
F1905,538.1448,4.1640,4.3300,4.5800,1.0000,168.0000,708482.7970
F1906,538.1502,3.0130,3.1130,3.1800,1.0000,56582.0000,296369.2249
F1907,538.1642,7.0810,7.1640,7.2480,1.0000,891.0000,439303.7382
F1908,538.1807,4.6640,4.7470,4.8140,1.0000,98.0000,35327.0610
F1909,538.3882,3.8140,3.7970,3.9640,2.0000,32.0000,58081.7866
F1910,538.4000,10.3490,10.5150,10.7150,1.0000,10.0000,45464.7360
F1911,538.4259,4.5800,4.6470,4.7140,1.0000,9628.0000,38837.6885
F1912,538.4439,12.3820,12.4490,12.5160,1.0000,10.0000,42144.0085
F1913,538.4983,8.3980,8.4480,8.5150,1.0000,9.0000,5406.2391
F1914,538.5193,9.1820,9.2980,9.3980,1.0000,43.0000,94245.1129
F1915,538.5233,6.4810,7.0640,7.2310,1.0000,9.0000,9981.5630
F1916,539.1457,4.2140,4.3470,4.5800,1.0000,102.0000,351620.6952
F1917,539.1484,3.0130,3.1130,3.1970,1.0000,139.0000,228226.7106
F1918,539.1641,7.0810,7.1640,7.2480,1.0000,310.0000,155567.2132
F1919,539.1817,4.6640,4.7470,4.8470,1.0000,121.0000,18400.7841
F1920,539.5220,9.1650,9.2980,9.4150,1.0000,27.0000,37103.3354
F1921,539.5371,12.0990,12.1320,12.1820,1.0000,7.0000,6285.8230
F1922,539.9867,0.7630,0.7960,0.8460,1.0000,34.0000,7251.3402
F1923,540.1432,4.1470,4.3300,4.5800,1.0000,201.0000,245957.7306
F1924,540.1483,3.0130,3.1130,3.1970,1.0000,145.0000,89183.9824
F1925,540.1621,7.0810,7.1810,7.2640,1.0000,218.0000,56686.5595
F1926,540.3040,7.6650,8.0810,8.2810,1.0000,17.0000,153839.5484
F1927,540.3064,2.5800,2.6300,2.7130,1.0000,14.0000,19861.8792
F1928,540.3051,9.5480,9.6150,9.6980,1.0000,11.0000,46116.3609
F1929,540.4973,6.9810,7.0810,7.2310,1.0000,22.0000,72217.4699
F1930,540.5214,9.2480,9.2980,9.3820,1.0000,10.0000,8478.0722
F1931,540.5334,9.6980,10.2150,10.7650,1.0000,8.0000,25649.6832
F1932,541.1439,4.2300,4.3300,4.5300,1.0000,61.0000,87731.1029
F1933,541.1467,3.0300,3.1130,3.1800,1.0000,63.0000,31606.6369
F1934,541.1629,7.0980,7.1810,7.2310,1.0000,3258.0000,16055.3139
F1935,541.3074,7.9810,8.0650,8.1150,1.0000,14.0000,15934.2125
F1936,541.3097,7.8310,7.8810,7.9810,1.0000,6.0000,11873.5850
F1937,541.5000,6.9980,7.0810,7.1480,1.0000,4171.0000,24202.7640
F1938,542.1423,4.2300,4.3300,4.3970,1.0000,9.0000,23451.5401
F1939,542.3217,2.1630,2.1380,2.3300,2.0000,276.0000,376982.3619
F1940,542.3235,1.3960,1.6130,1.5460,2.0000,49.0000,96670.2366
F1941,542.9864,0.7130,0.7800,0.8300,1.0000,44.0000,9106.6257
F1942,543.1001,4.2140,4.2800,4.3640,1.0000,64.0000,11682.7223
F1943,543.1391,4.2140,4.2970,4.3300,1.0000,13.0000,7912.7916
F1944,543.3253,2.1470,2.2630,2.3300,1.0000,23.0000,127440.5896
F1945,543.3268,1.6960,1.7630,1.8630,1.0000,12.0000,73625.7644
F1946,543.5443,11.9990,12.0660,12.1320,1.0000,11.0000,19056.4913
F1947,544.0340,0.7460,0.7800,0.8300,1.0000,5485.0000,13234.5265
F1948,544.3376,2.7300,2.8130,2.8800,3.0000,230.0000,365498.8803
F1949,544.3396,1.5960,1.7630,1.8800,1.0000,384.0000,1398624.7982
F1950,544.3399,2.1130,2.1050,2.2800,2.0000,1386.0000,2210001.8690
F1951,544.4541,7.2480,7.7480,8.0810,1.0000,14.0000,84751.8702
F1952,545.0191,0.7130,0.7800,0.8460,1.0000,168.0000,65104.5028
F1953,545.3412,2.5800,2.6470,2.7300,1.0000,52.0000,91973.2900
F1954,545.3430,2.1130,1.9800,2.2800,3.0000,194.0000,531984.2260
F1955,545.3432,2.7300,2.8880,2.8970,2.0000,17.0000,23788.5865
F1956,545.4030,0.7300,0.7800,0.8630,1.0000,3845.0000,15526.5070
F1957,545.4628,0.6630,0.9960,1.2630,1.0000,19.0000,26288.9102
F1958,546.3532,3.4300,3.3800,3.5640,3.0000,62956.0000,353939.2422
F1959,546.3528,2.0630,2.1970,2.2800,1.0000,82.0000,383716.1222
F1960,546.3553,2.4630,2.5470,2.6300,3.0000,189.0000,877377.2925
F1961,546.3993,12.4490,12.6490,12.5990,3.0000,5900.0000,37703.9658
F1962,546.3993,12.0660,12.1160,12.1660,3.0000,5271.0000,30424.2946
F1963,546.3979,1.9130,2.0800,2.1630,1.0000,12.0000,115548.5280
F1964,546.4003,11.8320,11.8070,11.9820,2.0000,6502.0000,49212.0130
F1965,546.4003,12.2820,12.3490,12.3990,1.0000,6254.0000,33451.8926
F1966,546.4004,12.7330,12.8160,12.8490,1.0000,6117.0000,35278.6619
F1967,546.5137,9.6320,9.7820,9.8480,1.0000,8.0000,7880.3322
F1968,546.5433,11.7990,12.0070,11.9660,2.0000,12.0000,75498.9735
F1969,546.7504,18.0340,18.0840,18.1840,1.0000,3555.0000,17180.9848
F1970,547.3560,3.4300,3.3380,3.5800,2.0000,164.0000,283794.3847
F1971,547.3589,2.4630,2.4630,2.6300,2.0000,63.0000,284135.5208
F1972,547.4332,3.4300,3.4800,3.5970,1.0000,7.0000,22685.9761
F1973,547.4676,9.7650,9.8320,9.9650,1.0000,6.0000,17508.5419
F1974,547.4700,13.6490,13.7500,13.8500,1.0000,17.0000,25144.1205
F1975,547.5433,11.9160,12.0820,12.2990,1.0000,1869.0000,12644.4745
F1976,548.0187,0.7460,0.7960,0.8300,1.0000,29.0000,11954.5898
F1977,548.3597,3.4300,3.4970,3.5800,1.0000,10.0000,67509.1557
F1978,548.3623,2.4630,2.5470,2.6300,1.0000,14.0000,73307.7438
F1979,548.3703,2.9630,2.9550,3.1300,2.0000,34.0000,143565.0239
F1980,548.5039,12.0820,12.3320,12.5490,1.0000,26.0000,1044776.8916
F1981,548.5042,11.8320,11.8990,11.9660,1.0000,206.0000,1320761.4144
F1982,548.5129,11.5820,11.7320,11.6990,2.0000,5129.0000,22243.2548
F1983,548.7306,18.0340,18.0840,18.1500,1.0000,54.0000,20345.6843
F1984,548.9231,0.7130,0.7630,0.8300,1.0000,437.0000,86704.2778
F1985,549.3484,17.9500,18.0000,18.0670,1.0000,9.0000,5763.5292
F1986,549.3579,3.4470,3.4970,3.5470,1.0000,11.0000,13293.9424
F1987,549.3733,2.9800,3.0470,3.1300,1.0000,21.0000,43792.7755
F1988,549.4112,7.6480,7.6980,7.7480,1.0000,8.0000,12170.0385
F1989,549.4889,11.4490,11.4990,11.5660,1.0000,37.0000,47431.2293
F1990,549.4891,14.1500,14.2000,14.2830,1.0000,15506.0000,60003.5490
F1991,549.4878,5.9470,6.0470,6.1810,1.0000,32.0000,78861.9868
F1992,549.5071,12.1820,12.3660,12.6330,1.0000,20.0000,335474.2093
F1993,549.5075,11.8320,11.8990,11.9660,1.0000,152.0000,533808.1957
F1994,550.3868,3.4300,3.5970,3.7300,1.0000,126.0000,185792.8069
F1995,550.4143,4.3470,4.4140,4.4970,1.0000,17.0000,22508.8564
F1996,550.4619,17.4000,17.4500,17.4840,1.0000,1726.0000,6333.4242
F1997,550.4899,14.1330,14.2160,14.2660,1.0000,17.0000,28466.4553
F1998,550.4914,5.9810,6.0470,6.1310,1.0000,15.0000,30177.0453
F1999,550.5039,12.0490,12.0820,12.1320,1.0000,5028.0000,18162.8867
F2000,550.5102,11.8490,11.8990,11.9660,1.0000,24.0000,113365.5018
F2001,550.6085,0.7130,0.7460,0.7960,1.0000,29219.0000,50816.1304
F2002,550.6282,11.7990,11.9660,12.1160,1.0000,42.0000,405595.8208
F2003,550.6283,9.1820,9.3820,9.6150,1.0000,31.0000,401618.9804
F2004,550.9186,0.6960,0.7630,0.8300,1.0000,190.0000,56292.0596
F2005,551.3834,16.2500,16.3500,16.4000,1.0000,7.0000,7849.5115
F2006,551.3911,3.5470,3.6140,3.6800,1.0000,14.0000,46886.8384
F2007,551.4211,4.3640,4.3970,4.4470,1.0000,3980.0000,12912.9115
F2008,551.4405,3.5640,3.6140,3.6640,1.0000,6.0000,12231.6318
F2009,551.5032,6.9480,7.0640,7.1480,1.0000,18.0000,36140.3638
F2010,551.5033,14.7330,14.8000,14.8830,1.0000,23.0000,79990.5929
F2011,551.5031,14.1330,14.2660,14.3830,1.0000,9.0000,49802.1062
F2012,551.5119,11.8490,11.8990,11.9320,1.0000,6610.0000,21630.7433
F2013,551.6312,11.9160,11.9660,12.0990,1.0000,23.0000,102664.7483
F2014,551.6319,9.3320,9.3820,9.5150,1.0000,25.0000,111360.8766
F2015,552.1963,4.9140,5.0560,5.0470,2.0000,381.0000,240352.1275
F2016,552.3791,1.7800,1.9800,2.1970,1.0000,6.0000,19930.7023
F2017,552.4029,4.1800,4.2640,4.3470,1.0000,28.0000,85349.3810
F2018,552.4327,10.1150,10.1490,10.2320,1.0000,4582.0000,21720.7265
F2019,552.4322,9.3480,9.4150,9.5150,1.0000,10.0000,28195.9097
F2020,552.5040,14.7500,14.8160,14.8660,1.0000,6892.0000,35442.1759
F2021,553.1976,4.9140,5.0640,5.0640,2.0000,32.0000,21222.1129
F2022,553.4838,11.4320,11.5490,11.8490,1.0000,6.0000,26621.0348
F2023,553.5072,6.2980,6.3480,6.3810,1.0000,2547.0000,8648.4811
F2024,554.1768,3.0130,3.1130,3.1800,1.0000,2417.0000,3754092.6528
F2025,554.1959,4.9140,4.9800,5.0640,1.0000,54.0000,92058.0815
F2026,554.3931,2.5800,2.4470,2.7130,3.0000,432.0000,1155532.9473
F2027,555.1771,3.0130,3.1130,3.1970,1.0000,1698.0000,1940931.1998
F2028,555.1958,4.9140,4.9800,5.0640,1.0000,73.0000,34801.8298
F2029,555.3962,2.5630,2.4470,2.7130,3.0000,230.0000,306203.8077
F2030,556.1750,3.0130,3.1130,3.1800,1.0000,1552.0000,1338618.9036
F2031,556.1942,4.9300,4.9800,5.0470,1.0000,61.0000,17065.3109
F2032,556.3994,2.5630,2.6470,2.6970,1.0000,38.0000,203623.1792
F2033,556.9961,0.7130,0.7800,0.8460,1.0000,179279.0000,549268.3863
F2034,557.1749,3.0130,3.1130,3.1970,1.0000,644.0000,500504.9485
F2035,558.1734,3.0130,3.1130,3.1800,1.0000,324.0000,208572.8779
F2036,558.2952,2.1470,2.2470,2.3470,1.0000,13.0000,25825.6488
F2037,558.4403,16.6170,16.8340,16.9500,1.0000,8440.0000,129282.5521
F2038,558.4671,7.2810,7.3310,7.3810,1.0000,9371.0000,40430.2384
F2039,558.5217,11.5990,11.6490,11.6820,1.0000,7.0000,5685.9635
F2040,558.5448,12.2490,12.2990,12.3990,1.0000,9.0000,12861.9527
F2041,559.1313,2.9970,3.1130,3.1970,1.0000,93.0000,69819.2205
F2042,559.1716,3.0300,3.1130,3.1970,1.0000,132.0000,59303.8387
F2043,559.3997,3.3470,3.3970,3.4470,1.0000,8549.0000,29851.6051
F2044,560.1319,3.0970,3.1300,3.1970,1.0000,90.0000,22798.6066
F2045,560.1663,3.0300,3.1130,3.1970,1.0000,39.0000,19707.9061
F2046,560.3109,2.5630,2.6470,2.7300,1.0000,10.0000,44940.5591
F2047,560.3130,2.7470,2.7970,2.8470,1.0000,6.0000,14483.8285
F2048,560.4001,3.3300,3.3800,3.4470,1.0000,12.0000,15926.9612
F2049,560.4093,3.7800,3.8300,3.8970,1.0000,10.0000,24118.9470
F2050,560.5003,9.1650,9.2980,9.4480,1.0000,49.0000,49772.1794
F2051,560.5547,12.0320,12.0820,12.1160,1.0000,11.0000,13773.5560
F2052,561.1316,3.0130,3.1130,3.1800,1.0000,145.0000,23664.3217
F2053,561.3860,12.1320,12.1820,12.2160,1.0000,2665.0000,9277.4166
F2054,561.3973,0.7130,0.7800,0.8300,1.0000,28.0000,36551.5810
F2055,561.4896,3.8300,3.9140,3.9470,1.0000,8.0000,7764.3867
F2056,561.5037,9.1980,9.2980,9.3980,1.0000,14.0000,20592.8600
F2057,562.0368,0.7630,0.7960,0.8460,1.0000,4196.0000,12504.0284
F2058,562.1295,3.0300,3.1130,3.1630,1.0000,25.0000,5829.8262
F2059,562.3290,3.4300,3.4970,3.5640,1.0000,69.0000,54539.0056
F2060,562.9630,0.7130,0.7800,0.8630,1.0000,72.0000,26362.7472
F2061,563.1653,4.8800,4.9300,4.9970,1.0000,8.0000,10904.2671
F2062,563.3590,0.7460,0.7800,0.8300,1.0000,1900.0000,6548.2813
F2063,563.5400,15.8170,15.9330,16.0000,1.0000,16.0000,29086.0197
F2064,563.5473,12.0320,12.0820,12.1160,1.0000,9.0000,10597.2788
F2065,563.5511,11.7990,11.8320,11.8820,1.0000,6.0000,9096.2655
F2066,564.4414,4.6140,4.6970,4.7640,1.0000,9.0000,38990.0928
F2067,564.4808,17.9000,17.9670,18.0340,1.0000,7.0000,10341.3216
F2068,565.3578,3.9800,4.2640,4.4300,1.0000,9.0000,15361.3695
F2069,565.4031,4.3970,4.4470,4.4800,1.0000,9.0000,8908.4052
F2070,565.4327,6.2140,6.4310,6.9810,1.0000,4504.0000,107397.1420
F2071,565.5134,5.1640,5.2140,5.2640,1.0000,9.0000,6031.5539
F2072,565.5188,12.0990,12.1820,12.2320,1.0000,7.0000,18479.8202
F2073,565.5664,11.7660,11.8320,11.9160,1.0000,88.0000,410991.1236
F2074,566.3215,8.2650,8.3150,8.4150,1.0000,8.0000,17309.1705
F2075,566.3220,2.1130,2.1970,2.2630,1.0000,32.0000,94825.2624
F2076,566.4188,4.3470,4.4140,4.4470,1.0000,6969.0000,24853.3368
F2077,566.4534,5.4640,5.5140,5.5810,1.0000,37.0000,29574.3633
F2078,566.4654,4.3300,4.3970,4.5300,1.0000,6.0000,26993.6642
F2079,566.4697,11.9660,12.0160,12.0490,1.0000,6.0000,17848.3386
F2080,566.4750,9.6980,9.9150,10.0150,1.0000,6.0000,49008.6741
F2081,566.5204,12.0490,12.1820,12.2490,1.0000,11.0000,15840.7336
F2082,566.5501,11.4660,11.5320,11.6160,1.0000,49.0000,41989.4511
F2083,566.5649,11.9160,12.0320,12.0990,1.0000,11.0000,79388.3976
F2084,566.5700,11.7660,11.8320,11.9160,1.0000,71.0000,166842.7642
F2085,566.8668,0.7130,0.7800,0.8460,1.0000,16000.0000,47008.8317
F2086,567.3261,2.0970,2.1970,2.2470,1.0000,5971.0000,32566.7091
F2087,567.4243,4.3640,4.4140,4.4470,1.0000,8.0000,20017.8441
F2088,567.4595,5.1140,5.5310,5.7810,1.0000,8.0000,24815.7215
F2089,567.5529,11.4820,11.5320,11.5990,1.0000,7.0000,21257.9845
F2090,567.5708,11.7990,11.8490,11.9160,1.0000,9889.0000,37041.1302
F2091,568.1914,4.1140,4.1800,4.2470,1.0000,157.0000,279995.3871
F2092,568.3359,11.5490,11.6160,11.6660,1.0000,11134.0000,40779.1243
F2093,568.3360,10.2150,10.3150,10.4150,1.0000,15.0000,73137.3183
F2094,568.3395,2.0460,2.1130,2.1970,1.0000,153.0000,319964.7515
F2095,568.3380,2.4800,2.5470,2.6300,1.0000,22.0000,45042.3592
F2096,568.3399,1.5460,1.7880,1.8130,2.0000,49.0000,221764.4720
F2097,568.3444,9.4650,9.5150,9.5650,1.0000,1845.0000,7720.2288
F2098,568.4283,4.2640,4.3970,4.4640,1.0000,51399.0000,266342.3425
F2099,568.4315,5.0970,5.4310,5.4810,1.0000,11.0000,35357.9033
F2100,568.5397,7.2480,7.3310,7.4650,1.0000,24.0000,36699.9384
F2101,568.7335,18.0340,18.0840,18.1840,1.0000,43.0000,15279.4939
F2102,568.8635,0.6960,0.7630,0.8460,1.0000,208.0000,44753.1797
F2103,569.1928,4.1140,4.1800,4.2470,1.0000,143.0000,150929.8043
F2104,569.3150,0.7130,0.7800,0.8130,1.0000,6330.0000,18113.7692
F2105,569.3426,9.9650,10.0150,10.0490,1.0000,2569.0000,7189.1771
F2106,569.3426,2.0460,2.1130,2.1970,1.0000,37.0000,118960.9155
F2107,569.3790,11.5990,11.6660,11.7990,1.0000,6.0000,14463.2666
F2108,569.4320,4.3300,4.3970,4.4640,1.0000,33.0000,101648.4125
F2109,569.4352,11.8320,11.8990,11.9660,1.0000,11813.0000,47237.1158
F2110,570.0494,0.7460,0.7800,0.8300,1.0000,4459.0000,13287.5938
F2111,570.1709,2.4300,2.4630,2.5300,1.0000,28.0000,6954.3205
F2112,570.1723,2.3130,2.3800,2.4300,1.0000,39.0000,9068.0789
F2113,570.1903,4.1140,4.1800,4.2470,1.0000,160.0000,102679.1046
F2114,570.3552,2.2800,2.3800,2.4630,3.0000,60.0000,184713.4712
F2115,571.3588,2.2970,2.4880,2.4970,2.0000,20.0000,66073.4796
F2116,572.0656,0.7460,0.7960,0.8300,1.0000,8144.0000,19372.1254
F2117,572.3618,2.2970,2.3630,2.4130,1.0000,7.0000,8006.4800
F2118,572.3715,2.7800,2.7630,2.9300,2.0000,40.0000,87218.4269
F2119,572.4439,14.5000,14.5660,14.6000,3.0000,17702.0000,103508.5781
F2120,572.4433,14.0000,13.8750,14.2500,4.0000,16379.0000,167123.0595
F2121,572.4437,16.3830,16.2170,16.6500,3.0000,17655.0000,271843.0945
F2122,572.4438,12.7490,13.0160,13.1990,1.0000,17297.0000,420409.2990
F2123,572.4430,14.7830,15.3500,15.7500,1.0000,18596.0000,899897.1269
F2124,572.4431,17.7670,17.9670,18.1010,1.0000,17.0000,252267.5677
F2125,572.5534,12.1660,12.4820,12.9490,1.0000,9.0000,18311.1410
F2126,572.8585,0.7300,0.7800,0.8130,1.0000,33.0000,6744.0944
F2127,572.9682,0.7130,0.7800,0.8460,1.0000,42552.0000,127612.6913
F2128,573.3752,2.7470,2.8300,2.8800,1.0000,7.0000,26504.0054
F2129,573.5548,11.3820,11.5320,11.5990,1.0000,14.0000,40550.0059
F2130,573.5551,11.8990,12.2320,12.7330,1.0000,10.0000,112780.2535
F2131,573.9716,0.7300,0.7800,0.8460,1.0000,6830.0000,21772.5893
F2132,574.4427,8.1480,8.1980,8.2310,1.0000,12.0000,6225.5848
F2133,574.4845,10.1320,10.2320,10.2650,1.0000,10.0000,11408.7660
F2134,574.5412,11.6490,11.7320,11.8160,1.0000,11.0000,38848.2671
F2135,574.9395,17.5340,17.5670,17.6170,1.0000,7.0000,5202.7371
F2136,575.1048,3.0130,3.1130,3.1970,1.0000,5061.0000,34232.2508
F2137,575.4122,0.7130,0.7800,0.8460,1.0000,46.0000,47635.5340
F2138,575.5032,14.1330,14.2500,14.3330,1.0000,58.0000,111151.5202
F2139,575.5023,13.6990,13.7990,13.8830,1.0000,13.0000,41787.7540
F2140,575.5035,6.2480,6.3310,6.4140,1.0000,218.0000,331045.3755
F2141,575.5031,11.6320,11.6820,11.7490,1.0000,42282.0000,145179.8319
F2142,575.5398,11.6990,11.7320,11.7990,1.0000,8.0000,17225.8997
F2143,576.1061,3.0130,3.1300,3.1970,1.0000,39.0000,16066.5669
F2144,576.2808,2.5630,2.5300,2.7130,2.0000,13.0000,19755.6640
F2145,576.3988,17.6170,17.6670,17.7170,1.0000,2928.0000,12935.3518
F2146,576.5064,6.2480,6.3310,6.4140,1.0000,50.0000,141929.3079
F2147,576.5050,13.7160,13.7830,13.8660,1.0000,7.0000,19968.5366
F2148,576.5064,11.6320,11.6820,11.7490,1.0000,53.0000,62226.5082
F2149,576.5073,14.1660,14.2500,14.3330,1.0000,42.0000,48030.7337
F2150,576.9331,0.7300,0.7800,0.8130,1.0000,4401.0000,12686.7720
F2151,577.1044,3.0130,3.1130,3.1630,1.0000,84.0000,14046.1994
F2152,577.1256,8.6980,8.7820,8.8480,1.0000,16.0000,9597.7671
F2153,577.1265,5.4970,5.5810,5.6470,1.0000,9.0000,19935.7904
F2154,577.1261,3.7300,3.8140,3.8800,1.0000,44.0000,53999.6112
F2155,577.3732,1.0130,1.0630,1.1300,1.0000,6.0000,9121.9427
F2156,577.3771,0.6130,0.7800,0.8630,1.0000,14.0000,26263.3185
F2157,577.4042,11.5320,11.5820,11.6320,1.0000,6.0000,9450.3638
F2158,577.5109,6.2640,6.3310,6.3980,1.0000,24.0000,29583.8076
F2159,577.5183,7.1640,7.4060,7.3650,2.0000,50138.0000,367709.0791
F2160,577.5181,14.1160,14.2500,14.3830,1.0000,16.0000,94064.7269
F2161,577.5191,14.7000,14.7830,14.8660,1.0000,73.0000,222788.2056
F2162,577.5190,11.9320,11.9820,12.0490,1.0000,53167.0000,141981.0478
F2163,577.5227,7.5980,7.6310,7.6810,1.0000,9.0000,6000.6009
F2164,578.1255,5.3470,5.5810,5.8640,1.0000,12.0000,14786.5160
F2165,578.1272,3.7470,3.8140,3.8800,1.0000,52.0000,31201.2568
F2166,578.3313,2.5470,2.6470,2.7130,1.0000,17.0000,74894.2730
F2167,578.3374,17.9340,17.9840,18.0170,1.0000,5.0000,7242.5108
F2168,578.3865,2.3630,2.4130,2.4470,1.0000,7.0000,12429.7245
F2169,578.3924,2.1630,2.0630,2.3300,3.0000,35.0000,119145.8418
F2170,578.4554,11.4160,11.4660,11.4990,1.0000,2381.0000,7196.6612
F2171,578.5155,7.4650,7.5150,7.5650,1.0000,10.0000,7770.2252
F2172,578.5221,14.1500,14.2330,14.3330,1.0000,9.0000,37518.2052
F2173,578.5225,14.7000,14.7830,14.8660,1.0000,71.0000,104082.6860
F2174,578.5224,7.1310,7.2810,7.3980,1.0000,21395.0000,164377.3277
F2175,578.5234,11.9320,11.9820,12.0490,1.0000,45.0000,59792.8456
F2176,578.5838,11.9820,12.0160,12.0820,1.0000,31.0000,22886.4133
F2177,578.6603,11.9490,12.0490,12.1820,1.0000,11.0000,10797.6709
F2178,578.6606,11.4490,11.5160,11.5990,1.0000,6.0000,12316.8340
F2179,579.1246,5.5470,5.5810,5.6470,1.0000,15.0000,8360.2708
F2180,579.1237,3.7470,3.8140,3.8800,1.0000,39.0000,25128.9532
F2181,579.3348,2.5800,2.6300,2.7130,1.0000,11.0000,26268.1578
F2182,579.3958,2.1300,2.2470,2.3800,1.0000,64.0000,96325.6442
F2183,579.5244,7.1980,7.2640,7.3650,1.0000,20.0000,32164.8195
F2184,579.5318,14.8160,14.8500,14.9000,1.0000,4485.0000,13193.1206
F2185,579.5343,12.1820,12.2490,12.3160,1.0000,12.0000,39085.6566
F2186,579.5334,15.4000,15.5170,15.6330,1.0000,15.0000,28402.7820
F2187,580.1240,3.7640,3.8140,3.8640,1.0000,23.0000,10161.4465
F2188,580.1904,4.6970,4.7470,4.7800,1.0000,1548.0000,4971.5566
F2189,580.4020,2.1300,2.2630,2.2970,1.0000,4118.0000,22646.7063
F2190,580.4048,7.4150,7.4650,7.4980,1.0000,1563.0000,5832.1337
F2191,580.4085,2.5630,2.6470,2.7130,3.0000,258.0000,444894.6023
F2192,580.4337,4.9470,4.9970,5.0970,1.0000,4769.0000,25016.8704
F2193,580.5335,14.8160,14.8500,14.9000,1.0000,6.0000,6615.2333
F2194,580.5375,15.4330,15.5000,15.5670,1.0000,10.0000,11246.1610
F2195,581.2391,0.9960,1.0800,1.1630,1.0000,7.0000,18204.7369
F2196,581.4116,2.5630,2.7300,2.7130,2.0000,78.0000,152116.0807
F2197,581.4163,10.9490,10.9990,11.0320,1.0000,7.0000,5483.4403
F2198,581.4902,3.6140,3.6970,3.7300,1.0000,5.0000,17018.2460
F2199,582.1707,4.3470,4.4140,4.4470,1.0000,22.0000,7293.4995
F2200,582.2069,3.0130,3.1130,3.1970,1.0000,143.0000,48911.9413
F2201,582.4161,2.5630,2.6470,2.7130,1.0000,10.0000,32686.5327
F2202,582.4242,3.4300,3.4970,3.5640,1.0000,458.0000,813297.4640
F2203,582.5077,9.7480,9.8480,9.9820,1.0000,12.0000,45936.4020
F2204,582.5549,8.1150,8.2310,8.3310,1.0000,11.0000,19299.4209
F2205,582.8368,0.7300,0.7630,0.8130,1.0000,13389.0000,28887.6878
F2206,583.2077,3.0300,3.0970,3.1630,1.0000,5458.0000,21894.5668
F2207,583.2547,0.8300,1.1130,0.9460,3.0000,4954.0000,19621.1534
F2208,583.3266,2.8300,2.9300,2.9970,1.0000,12.0000,22911.1354
F2209,583.3376,7.4310,7.4810,7.5150,1.0000,7.0000,6216.9002
F2210,583.4273,3.4300,3.4970,3.5640,1.0000,82068.0000,268924.6245
F2211,583.5378,11.2990,11.7320,11.7660,2.0000,6.0000,16225.8082
F2212,583.5387,5.6810,5.7470,5.8140,1.0000,19.0000,17466.9717
F2213,584.2063,3.0130,3.1130,3.1970,1.0000,40.0000,18730.1479
F2214,584.3618,8.5310,8.5650,8.6150,1.0000,5.0000,6890.5996
F2215,584.4326,3.4300,3.4970,3.5470,1.0000,20820.0000,85558.7636
F2216,584.5418,5.6970,5.7310,5.7810,1.0000,20.0000,6558.6075
F2217,584.5945,12.0320,12.0820,12.1490,1.0000,6.0000,12109.2641
F2218,584.8336,0.7300,0.7630,0.8130,1.0000,14795.0000,33657.1051
F2219,585.2704,0.9960,1.1800,1.1800,2.0000,31.0000,250539.5907
F2220,585.5246,11.4660,11.4990,11.5490,1.0000,5987.0000,20612.1542
F2221,586.2737,1.0130,1.1800,1.1800,2.0000,40.0000,91921.3230
F2222,586.3253,2.7800,2.8300,2.8630,1.0000,8.0000,8267.9117
F2223,586.5034,9.1650,9.2150,9.3150,1.0000,11.0000,36245.2505
F2224,586.5135,11.5820,11.6320,11.6820,1.0000,5043.0000,22924.8964
F2225,586.5670,12.0490,12.0990,12.1820,1.0000,7.0000,10154.3432
F2226,586.5755,12.5990,12.6330,12.6830,1.0000,5.0000,6493.9495
F2227,587.2762,0.9960,1.1880,1.1960,2.0000,21.0000,22275.9154
F2228,587.5691,11.8490,11.8820,11.9660,1.0000,14.0000,29714.0333
F2229,587.5703,12.1320,12.1820,12.2490,1.0000,6.0000,19787.4503
F2230,588.3422,3.4130,3.4970,3.5470,1.0000,18.0000,18225.6828
F2231,588.5316,11.4660,11.5320,11.5990,1.0000,25.0000,27143.3273
F2232,588.5538,11.9160,11.9490,11.9990,1.0000,12.0000,15356.0518
F2233,588.5642,11.7990,11.8820,11.9320,1.0000,13.0000,20842.5098
F2234,588.9436,0.7460,0.7800,0.8300,1.0000,3561.0000,11014.2953
F2235,589.3813,2.4970,2.5470,2.5800,1.0000,9.0000,6346.3112
F2236,589.4498,2.7300,2.7800,2.8300,1.0000,7.0000,8003.1779
F2237,589.4607,5.8640,6.3640,7.0310,1.0000,52.0000,1717515.1563
F2238,589.4601,14.8000,14.8830,15.0330,1.0000,16.0000,107341.1963
F2239,589.4602,17.1000,17.7840,18.2510,1.0000,20.0000,530735.9828
F2240,589.4609,11.3150,11.8320,12.2490,1.0000,66.0000,1251874.8587
F2241,589.5191,6.8810,6.9310,6.9980,1.0000,24.0000,18017.2450
F2242,589.5232,14.4000,14.4660,14.5160,1.0000,7.0000,8727.1025
F2243,589.5312,11.8320,11.8990,11.9490,1.0000,11100.0000,49105.0736
F2244,589.5551,15.7330,15.9000,16.2000,1.0000,15.0000,9749.4128
F2245,590.5635,12.2990,12.3490,12.3820,1.0000,5.0000,16677.5497
F2246,590.7152,18.0340,18.0840,18.1840,1.0000,159.0000,23448.9500
F2247,590.9103,0.7130,0.7630,0.8460,1.0000,29082.0000,94110.3020
F2248,591.4518,4.8300,4.8640,4.9300,1.0000,7.0000,11619.4150
F2249,591.4559,6.0980,6.1470,6.1810,1.0000,3867.0000,13252.0845
F2250,591.4624,14.6330,14.6830,14.7330,1.0000,2305.0000,10099.8781
F2251,592.3732,1.2800,1.6130,1.7130,1.0000,2417.0000,19381.6120
F2252,592.3871,14.9500,15.2330,15.4670,1.0000,2397.0000,13757.1060
F2253,592.3887,8.4310,8.4650,8.5150,1.0000,2241.0000,7662.9271
F2254,592.4702,5.4640,5.5470,5.6310,1.0000,21.0000,65032.8126
F2255,593.1573,3.7300,3.8140,3.8800,1.0000,154.0000,311283.6871
F2256,593.3907,2.5970,2.6470,2.6800,1.0000,1671.0000,5277.4129
F2257,593.4392,14.6160,14.6500,14.7000,1.0000,6.0000,6093.1934
F2258,593.4726,5.4970,5.5470,5.6140,1.0000,13.0000,19986.8958
F2259,593.5163,11.6320,11.6820,11.7160,1.0000,4955.0000,13113.4325
F2260,593.5550,15.8330,15.9000,15.9500,1.0000,7.0000,5984.8986
F2261,593.5609,6.2480,6.2980,6.3640,1.0000,6.0000,8872.4995
F2262,593.5978,12.1320,12.1990,12.2660,1.0000,67.0000,174209.2996
F2263,593.9108,0.7300,0.7800,0.8460,1.0000,35.0000,11395.3487
F2264,594.1582,3.7300,3.8140,3.8800,1.0000,229.0000,179226.7672
F2265,594.2067,4.8970,4.9640,5.0140,1.0000,5180.0000,17146.8826
F2266,594.3081,2.5470,2.5470,2.6970,2.0000,13.0000,27400.4340
F2267,594.4860,6.6310,6.7310,6.8310,1.0000,18.0000,67923.1417
F2268,594.5558,7.5480,7.6810,7.7650,1.0000,21.0000,36213.7593
F2269,594.5816,11.9660,12.0160,12.0660,1.0000,21308.0000,54805.3312
F2270,594.6005,12.1490,12.1990,12.2660,1.0000,29.0000,76133.1687
F2271,595.1369,4.8300,4.8970,4.9800,1.0000,150.0000,250390.2014
F2272,595.1376,3.1130,3.2130,3.3970,1.0000,16.0000,29562.3005
F2273,595.1374,4.9800,5.0470,5.1140,1.0000,49.0000,69203.6028
F2274,595.1566,3.7300,3.8140,3.8800,1.0000,109.0000,130783.3328
F2275,595.2027,3.0130,3.1130,3.1970,1.0000,1507.0000,1508966.9662
F2276,595.4918,6.6310,6.7310,6.8140,1.0000,10.0000,28727.9628
F2277,595.5869,11.4660,11.5160,11.5820,1.0000,26.0000,71910.5610
F2278,595.5881,10.1150,10.4820,10.7490,1.0000,77.0000,669919.4230
F2279,596.1379,4.8300,4.9720,4.9800,2.0000,39.0000,39010.9759
F2280,596.1373,3.1300,3.1970,3.2630,1.0000,13.0000,15240.2918
F2281,596.1564,3.7470,3.8140,3.8800,1.0000,108.0000,58214.5515
F2282,596.1706,7.9980,8.0480,8.1150,1.0000,21.0000,6513.2920
F2283,596.2041,3.0130,3.1130,3.1970,1.0000,1200.0000,808754.9218
F2284,596.2224,4.6800,4.8220,4.8300,2.0000,34.0000,48586.6178
F2285,596.4192,3.8140,3.8800,3.9140,1.0000,16.0000,14170.7064
F2286,596.5505,4.2800,4.3300,4.3640,1.0000,2075.0000,6390.2058
F2287,596.5722,9.1980,9.2820,9.3820,1.0000,140.0000,283334.0546
F2288,596.5804,11.5320,11.5990,11.6320,1.0000,14.0000,28355.2235
F2289,597.1356,4.8300,4.9140,5.0140,1.0000,117.0000,109606.5171
F2290,597.1362,3.1470,3.1970,3.2470,1.0000,16.0000,8785.4269
F2291,597.1540,3.7470,3.8140,3.8640,1.0000,5101.0000,21605.7354
F2292,597.2020,3.0130,3.1130,3.1970,1.0000,760.0000,579040.0525
F2293,597.2232,4.6970,4.8220,4.8140,2.0000,14.0000,22624.0825
F2294,597.5761,9.1820,9.2820,9.4150,1.0000,59.0000,119733.3707
F2295,597.5958,12.0160,12.1160,12.2160,1.0000,11.0000,36863.4048
F2296,598.1362,4.8470,4.8970,4.9800,1.0000,44.0000,44432.7604
F2297,598.1823,5.1640,5.2140,5.2810,1.0000,30.0000,6052.4398
F2298,598.2022,3.0130,3.1130,3.1970,1.0000,39678.0000,224339.3681
F2299,598.2223,4.7140,4.7470,4.8140,1.0000,18.0000,17393.7309
F2300,598.5035,6.2310,6.2980,6.3810,1.0000,15.0000,54201.6967
F2301,598.5782,9.1650,9.2980,9.3820,1.0000,25.0000,28130.3655
F2302,599.1339,4.8470,4.9140,4.9970,1.0000,37.0000,19147.6890
F2303,599.2008,3.0130,3.1130,3.1970,1.0000,149.0000,87188.2115
F2304,599.3239,0.7300,0.7800,0.8300,1.0000,2798.0000,8597.3629
F2305,599.3806,14.9830,15.0330,15.1000,1.0000,2698.0000,13471.0626
F2306,599.3807,12.8330,12.8830,12.9330,1.0000,5.0000,9123.1351
F2307,599.4585,11.4160,11.5990,11.5320,2.0000,5993.0000,43034.6393
F2308,599.4582,12.2660,12.3160,12.3660,1.0000,4210.0000,22818.7256
F2309,599.4593,4.2640,4.3300,4.3640,1.0000,4137.0000,18603.4857
F2310,599.4607,12.0660,12.0990,12.1490,3.0000,7870.0000,39464.2453
F2311,599.4608,11.1490,11.2320,11.3490,1.0000,6623.0000,51767.3574
F2312,599.4966,7.2480,7.3140,7.3480,1.0000,6239.0000,21693.0514
F2313,599.5016,13.7500,13.8160,13.8830,1.0000,7.0000,21293.5258
F2314,599.5035,6.1310,6.2140,6.2810,1.0000,89.0000,287420.5507
F2315,599.5340,4.0470,4.0970,4.1640,1.0000,13.0000,23888.3758
F2316,599.5421,11.7490,11.7990,11.8820,1.0000,9.0000,13956.3340
F2317,600.1591,4.2970,4.3470,4.3970,1.0000,29.0000,11315.8734
F2318,600.2006,3.0130,3.1130,3.1970,1.0000,40.0000,27171.2408
F2319,600.3235,2.5470,2.4470,2.7130,3.0000,53.0000,132382.8700
F2320,600.3243,7.9980,8.1480,8.2310,1.0000,18.0000,49417.0541
F2321,600.3264,9.6320,9.6230,9.7320,2.0000,14.0000,19589.0399
F2322,600.3255,7.7810,7.8810,7.9980,1.0000,17.0000,34867.6975
F2323,600.5023,6.1640,6.2140,6.2640,1.0000,28907.0000,114989.9137
F2324,601.0525,0.7460,0.7800,0.8300,1.0000,50.0000,12734.8133
F2325,601.3265,2.5630,2.6470,2.7300,1.0000,28.0000,49677.8158
F2326,601.3295,8.0310,8.0810,8.1480,1.0000,6.0000,8647.4700
F2327,601.3298,9.5480,9.6150,9.6650,1.0000,12.0000,8347.7160
F2328,601.3275,2.3630,2.4470,2.5630,1.0000,15.0000,47626.8244
F2329,601.3307,7.7980,7.8480,7.8980,1.0000,8.0000,7302.6395
F2330,601.5177,6.5640,6.5730,6.7980,2.0000,15679.0000,134591.1941
F2331,601.5861,12.0160,12.0820,12.1320,1.0000,7.0000,11884.3947
F2332,602.3293,2.1800,2.2470,2.3630,1.0000,8.0000,23715.2676
F2333,602.3925,2.1300,2.1970,2.2630,1.0000,25.0000,50172.5324
F2334,602.5220,6.5640,6.5730,6.7810,2.0000,21.0000,59001.8136
F2335,602.5206,14.1830,14.2500,14.3330,1.0000,10098.0000,43968.0134
F2336,602.5220,11.6820,11.7490,11.8320,1.0000,113.0000,96798.6019
F2337,602.5726,12.0990,12.1320,12.2160,1.0000,6956.0000,24154.6587
F2338,602.5853,11.9660,12.0660,12.2320,1.0000,59.0000,51217.4953
F2339,603.2940,1.6630,1.7300,1.8130,1.0000,8.0000,14792.5078
F2340,603.2930,1.1460,1.3130,1.4630,1.0000,10.0000,30845.9066
F2341,603.2993,2.5630,2.6470,2.7130,1.0000,37.0000,47026.7440
F2342,603.3966,2.1130,2.1970,2.2470,1.0000,9.0000,20895.0832
F2343,603.4158,2.7470,2.8300,2.8800,1.0000,11.0000,23808.5363
F2344,603.5301,14.1660,14.2330,14.3000,1.0000,6.0000,26638.9523
F2345,603.5343,14.6830,14.7660,14.8660,1.0000,67.0000,136029.3527
F2346,603.5347,7.6150,7.5900,7.8150,2.0000,625.0000,985595.6819
F2347,604.3044,2.5970,2.6470,2.7130,1.0000,11.0000,9536.4801
F2348,604.3137,3.3630,3.4970,3.5800,1.0000,10.0000,16969.2412
F2349,604.4170,17.3170,17.3500,17.4000,1.0000,2242.0000,7435.7024
F2350,604.5376,7.6150,7.5900,7.7980,2.0000,134.0000,418795.4355
F2351,604.5385,14.6830,14.7830,14.8660,1.0000,28.0000,62081.8853
F2352,604.5397,11.9660,12.0160,12.0820,1.0000,58.0000,72964.0374
F2353,604.5933,12.3660,12.3990,12.5490,1.0000,9.0000,17434.5872
F2354,604.6023,12.2490,12.2990,12.3660,1.0000,389.0000,207536.2205
F2355,605.4119,2.5470,2.5970,2.6630,1.0000,5.0000,11703.0682
F2356,605.4220,0.7130,0.7800,0.8300,1.0000,8987.0000,33835.9994
F2357,605.4482,11.9490,12.0160,12.1320,1.0000,5.0000,25430.9070
F2358,605.4881,3.4130,3.4800,3.5470,1.0000,8.0000,13576.0218
F2359,605.5408,6.9810,7.6980,8.1150,1.0000,36.0000,118290.5564
F2360,605.5501,8.8650,9.0320,9.1980,1.0000,76.0000,343335.7474
F2361,605.5503,15.3830,15.4670,15.5670,1.0000,9.0000,30016.3273
F2362,605.5504,12.2320,12.2660,12.3490,1.0000,19.0000,28819.6576
F2363,605.5897,11.8490,11.9320,12.1660,1.0000,9.0000,18657.1709
F2364,606.2631,4.3300,4.3800,4.4300,1.0000,78.0000,16725.1845
F2365,606.3652,3.3800,3.4970,3.5640,1.0000,10.0000,35454.8000
F2366,606.3881,16.6170,17.0170,17.2340,1.0000,6.0000,16324.7333
F2367,606.4265,0.7300,0.7800,0.8130,1.0000,21.0000,9572.7883
F2368,606.4500,4.9640,5.0310,5.0810,1.0000,9.0000,10179.4500
F2369,606.4606,10.9990,11.6990,12.4160,1.0000,6.0000,103203.1927
F2370,606.5143,9.2980,9.3650,9.4320,1.0000,8.0000,13787.1878
F2371,606.5435,7.5980,7.6980,7.7650,1.0000,14.0000,19310.6704
F2372,606.5539,8.8980,9.0320,9.1650,1.0000,27.0000,160670.2206
F2373,606.5565,12.1990,12.2660,12.3660,1.0000,17.0000,23141.4872
F2374,606.6154,12.2660,12.3160,12.3990,1.0000,57.0000,62645.9001
F2375,606.8814,0.7130,0.7630,0.8130,1.0000,132.0000,39648.9451
F2376,607.2520,0.9800,1.1130,1.1800,1.0000,16.0000,38061.7232
F2377,607.2524,1.1800,1.2460,1.3300,1.0000,9.0000,23988.4511
F2378,607.2582,4.2640,4.3640,4.4800,1.0000,14.0000,20244.0142
F2379,607.3680,3.3970,3.4800,3.6140,1.0000,8.0000,16821.1112
F2380,607.3983,12.0320,12.0660,12.1160,1.0000,7.0000,9981.8968
F2381,607.4586,6.2640,6.3310,6.3810,1.0000,5.0000,10637.1313
F2382,607.5025,11.9160,11.9490,11.9990,1.0000,8.0000,20083.2479
F2383,607.5557,8.9650,9.0320,9.1980,1.0000,11.0000,36908.4500
F2384,607.6196,12.2990,12.3320,12.3820,1.0000,7974.0000,23999.4070
F2385,608.2227,3.0470,3.0970,3.1300,1.0000,23.0000,5247.1266
F2386,608.2566,1.0130,1.0630,1.1630,1.0000,11.0000,15913.8094
F2387,608.2602,4.2970,4.3470,4.4470,1.0000,10.0000,12384.1147
F2388,608.2778,6.9140,6.9810,7.0640,1.0000,13.0000,7694.7475
F2389,608.4655,5.8970,5.9810,6.0640,1.0000,18.0000,44646.8519
F2390,608.4756,6.7140,6.7640,6.7980,1.0000,8.0000,5902.1356
F2391,608.5245,10.1150,10.2490,10.3320,1.0000,14.0000,107337.5286
F2392,608.5613,8.9820,9.0320,9.0980,1.0000,8.0000,8317.5297
F2393,608.5669,0.7130,0.7460,0.7960,1.0000,31475.0000,51278.9005
F2394,608.5997,12.1160,12.1490,12.1990,1.0000,10530.0000,29529.3857
F2395,608.6326,12.5660,12.5990,12.6660,1.0000,46.0000,24247.6184
F2396,609.1522,3.2630,3.3300,3.4130,1.0000,60.0000,47402.7989
F2397,609.2184,4.1140,4.1800,4.2470,1.0000,128.0000,65919.3344
F2398,609.2581,4.2970,4.3640,4.5140,1.0000,19.0000,8412.5723
F2399,609.3863,17.1840,17.2500,17.3340,1.0000,3405.0000,26524.6409
F2400,609.3890,16.0830,16.3000,16.4840,1.0000,3920.0000,63301.3793
F2401,609.3898,16.4840,16.8670,16.8840,2.0000,4058.0000,68168.9936
F2402,609.4714,5.8970,5.9810,6.0470,1.0000,7.0000,16575.9279
F2403,609.5915,17.7500,17.7840,17.8340,1.0000,6.0000,6386.9108
F2404,609.6038,11.4820,11.5320,11.5820,1.0000,3474.0000,14737.4918
F2405,609.6361,12.5660,12.5990,12.6490,1.0000,3965.0000,10905.0037
F2406,610.1532,3.2630,3.3300,3.3970,1.0000,48.0000,27888.9064
F2407,610.1837,11.9820,12.0490,12.1160,1.0000,18.0000,80580.4754
F2408,610.1842,8.6820,8.7820,8.8820,1.0000,1034.0000,1938019.3107
F2409,610.2191,4.1140,4.1800,4.2470,1.0000,103.0000,34372.2327
F2410,610.4261,0.9630,1.0300,1.2130,1.0000,8.0000,9136.2269
F2411,610.4279,17.1670,17.2170,17.2500,1.0000,2230.0000,8119.4095
F2412,610.4317,3.9470,4.0800,4.1300,1.0000,28.0000,62913.9647
F2413,610.4908,4.5640,4.5970,4.6470,1.0000,3974.0000,13460.1541
F2414,610.5405,11.6320,11.6820,11.7490,1.0000,305.0000,363260.9418
F2415,610.5746,6.7810,6.8480,6.9140,1.0000,6.0000,10915.0677
F2416,610.6188,11.7990,11.8320,11.8990,1.0000,9.0000,10063.0504
F2417,611.1504,3.2630,3.3300,3.4130,1.0000,32.0000,25298.8289
F2418,611.1682,3.7300,3.8140,3.8800,1.0000,524.0000,343628.9328
F2419,611.1847,8.6820,8.7820,8.8820,1.0000,987.0000,1111151.3642
F2420,611.1971,2.4970,2.6300,2.7630,1.0000,66.0000,74314.9994
F2421,611.4346,3.9970,4.0640,4.0970,1.0000,14.0000,15240.2461
F2422,611.4889,4.4470,4.4970,4.5470,1.0000,4310.0000,16315.4051
F2423,611.5438,11.6320,11.6820,11.7490,1.0000,50760.0000,157962.4539
F2424,611.6197,11.7990,11.8320,11.8820,1.0000,1635.0000,4994.2510
F2425,612.0370,0.7460,0.7800,0.8300,1.0000,4669.0000,11211.1414
F2426,612.1519,3.2800,3.3300,3.3800,1.0000,49.0000,9665.4968
F2427,612.1638,4.8300,4.9810,4.9970,2.0000,207.0000,909555.1904
F2428,612.1691,3.7300,3.8140,3.8800,1.0000,229.0000,198458.6520
F2429,612.1831,8.6820,8.7820,8.8820,1.0000,649.0000,841795.0385
F2430,612.1828,11.9820,12.0320,12.1160,1.0000,13.0000,35379.8556
F2431,612.1984,2.3800,2.5470,2.5300,2.0000,11.0000,16772.0490
F2432,612.1997,5.3810,5.4640,5.5470,1.0000,31.0000,53192.3060
F2433,612.2175,4.1300,4.1800,4.2970,1.0000,13.0000,12397.1718
F2434,612.3720,3.7800,3.8140,3.8640,1.0000,1339.0000,4802.6060
F2435,612.4984,11.3820,11.4320,11.4820,1.0000,4504.0000,21547.8817
F2436,612.5563,11.9490,11.9820,12.0490,1.0000,87.0000,161677.8068
F2437,612.8481,0.7300,0.7630,0.8130,1.0000,3554.0000,9963.6658
F2438,613.1645,4.8300,4.9720,4.9970,2.0000,239.0000,519715.2637
F2439,613.1832,8.6820,8.7820,8.8820,1.0000,757.0000,331458.7637
F2440,613.1978,2.5130,2.6630,2.7130,1.0000,19.0000,25235.3562
F2441,613.1998,5.3970,5.4640,5.5470,1.0000,43.0000,30291.8503
F2442,613.3407,0.7130,0.7630,0.8630,1.0000,65.0000,19698.6350
F2443,613.4795,11.6160,11.6820,11.7160,1.0000,9.0000,51868.7835
F2444,613.5592,11.9160,11.9820,12.0490,1.0000,50.0000,76726.3277
F2445,614.1430,4.0800,4.1470,4.2140,1.0000,17.0000,27021.6321
F2446,614.1624,4.8300,4.9720,4.9970,2.0000,245.0000,395437.9137
F2447,614.1666,3.7300,3.8140,3.8800,1.0000,147.0000,60354.8511
F2448,614.1817,8.6820,8.7820,8.8980,1.0000,418.0000,145948.7965
F2449,614.1969,2.5630,2.6470,2.6970,1.0000,11.0000,8081.7438
F2450,614.1984,5.3970,5.4640,5.5310,1.0000,50.0000,21148.0424
F2451,614.5114,10.3820,10.4820,10.6820,1.0000,16.0000,452482.2890
F2452,614.8445,0.7300,0.7800,0.8300,1.0000,3728.0000,10909.7528
F2453,614.9547,0.7130,0.7800,0.8460,1.0000,1230.0000,224555.3455
F2454,615.1444,4.1140,4.1640,4.2140,1.0000,19.0000,14133.9982
F2455,615.1621,4.8300,4.8970,4.9970,1.0000,291.0000,486288.8912
F2456,615.1648,3.7470,3.8140,3.8640,1.0000,87.0000,27055.1054
F2457,615.1624,4.9970,5.0640,5.1140,1.0000,141.0000,164926.8987
F2458,615.1806,8.6980,8.7820,8.8820,1.0000,57.0000,43440.3017
F2459,615.1995,5.4140,5.4640,5.5140,1.0000,1809.0000,7622.0359
F2460,615.3860,4.0300,4.0800,4.1970,1.0000,12.0000,7605.3294
F2461,615.4930,11.6320,11.6820,11.7490,1.0000,62.0000,416083.8585
F2462,615.5654,11.6820,11.7320,11.7990,1.0000,11.0000,38151.4442
F2463,615.6082,11.5490,11.6160,11.6660,1.0000,8.0000,7745.8669
F2464,615.9576,0.7130,0.7800,0.8460,1.0000,107.0000,32007.6578
F2465,616.1427,4.0970,4.1640,4.2300,1.0000,12.0000,9213.7926
F2466,616.1607,4.8300,4.9810,4.9970,2.0000,101.0000,67112.7683
F2467,616.1793,8.7150,8.7650,8.8820,1.0000,31.0000,12678.3143
F2468,616.2910,2.5800,2.5380,2.7300,2.0000,29.0000,28449.8736
F2469,616.4692,16.7670,16.9840,17.2000,1.0000,16363.0000,377039.4597
F2470,616.4687,16.4500,16.5840,16.7670,1.0000,16621.0000,288972.8222
F2471,616.4695,13.5660,13.6660,13.7330,1.0000,16054.0000,152786.3158
F2472,616.4697,11.7660,12.2160,12.8330,1.0000,16777.0000,872717.3175
F2473,616.4702,13.7330,13.8240,13.8160,2.0000,14775.0000,79100.3599
F2474,616.4702,12.8660,13.3160,13.2330,3.0000,15073.0000,93516.5153
F2475,616.4710,16.2170,16.2670,16.3670,1.0000,15313.0000,124357.3810
F2476,616.4776,11.5660,11.6160,11.6660,1.0000,7.0000,76622.9193
F2477,616.5636,11.9660,12.0160,12.0820,1.0000,19.0000,37568.8377
F2478,616.5732,12.3160,12.3660,12.4160,1.0000,8.0000,11963.9465
F2479,616.7364,18.0500,18.1010,18.2010,1.0000,27.0000,10059.2922
F2480,616.9514,0.7130,0.7800,0.8460,1.0000,228.0000,85360.9426
F2481,617.1605,4.8300,4.9810,4.9970,2.0000,33.0000,20821.0223
F2482,617.4684,17.2000,17.1340,17.2840,5.0000,6170.0000,42780.3528
F2483,617.4687,17.6500,17.9170,18.1840,1.0000,7096.0000,122526.6448
F2484,617.5114,11.9490,11.9820,12.0490,1.0000,56.0000,149993.6038
F2485,617.5840,12.2160,12.2660,12.3820,1.0000,7.0000,21182.9748
F2486,618.1562,4.8640,4.9140,4.9970,1.0000,14.0000,17589.7320
F2487,618.4599,4.1300,4.1800,4.2300,1.0000,5.0000,10059.2498
F2488,618.5149,11.9490,11.9820,12.0320,1.0000,54.0000,58691.4057
F2489,618.6181,12.3820,12.4490,12.5160,1.0000,171.0000,187240.9072
F2490,619.4382,0.7130,0.7800,0.8460,1.0000,40.0000,39150.8854
F2491,619.5171,11.7820,11.9820,12.1990,1.0000,14.0000,28557.5494
F2492,619.5269,12.1990,12.2490,12.2990,1.0000,13.0000,45477.9839
F2493,619.5296,11.7160,11.7490,11.7990,1.0000,13131.0000,35336.4561
F2494,619.6209,12.3820,12.4490,12.5160,1.0000,93.0000,82857.1261
F2495,620.0630,0.7630,0.8130,0.8800,1.0000,39.0000,9229.4621
F2496,620.4419,0.7130,0.7630,0.7960,1.0000,5380.0000,12714.4028
F2497,620.5029,6.6310,6.7480,6.8480,1.0000,10.0000,20664.7527
F2498,620.5786,11.8820,11.9320,11.9990,1.0000,6.0000,29667.5417
F2499,620.5772,13.7500,13.9000,13.9660,1.0000,5.0000,7020.2043
F2500,620.5946,11.9820,12.0490,12.0990,1.0000,24937.0000,90777.1321
F2501,620.6309,12.4660,12.4990,12.5660,1.0000,42.0000,18835.2390
F2502,621.4051,17.5000,17.5500,17.6170,1.0000,3166.0000,14012.7616
F2503,621.5160,8.4150,8.4650,8.5310,1.0000,9.0000,7710.3076
F2504,621.5981,11.9990,12.0660,12.1320,1.0000,11139.0000,45334.9882
F2505,622.2376,5.3470,5.4140,5.4810,1.0000,34.0000,17490.6928
F2506,622.3059,2.5300,2.6470,2.7130,1.0000,23.0000,17110.2673
F2507,622.3889,4.5640,4.6140,4.6470,1.0000,1877.0000,7117.0425
F2508,622.6133,12.2320,12.2990,12.3660,1.0000,100.0000,313769.8413
F2509,622.6206,12.4820,12.5160,12.5660,1.0000,2912.0000,8757.3006
F2510,622.9160,0.7130,0.7630,0.7960,1.0000,27.0000,9986.9117
F2511,623.2400,5.3640,5.4140,5.4970,1.0000,22.0000,9287.3605
F2512,623.4574,4.3300,4.4300,4.4800,1.0000,10.0000,21400.6874
F2513,623.5042,5.6640,6.0140,6.4480,1.0000,15.0000,35901.4621
F2514,623.5409,11.4160,11.4660,11.4990,1.0000,7.0000,17114.3159
F2515,623.5726,12.1490,12.1820,12.2320,1.0000,15488.0000,50394.6980
F2516,623.5781,7.2140,7.4310,7.9150,1.0000,13.0000,23688.5874
F2517,623.6182,12.2320,12.2990,12.3660,1.0000,43.0000,467555.8927
F2518,623.6197,11.7660,11.8320,11.8990,1.0000,114.0000,784659.3495
F2519,624.2360,11.2820,11.3660,11.4490,1.0000,13.0000,32049.4875
F2520,624.3241,2.1630,2.2470,2.3300,1.0000,31.0000,36360.7035
F2521,624.3253,1.7460,1.8130,1.8630,1.0000,11.0000,10100.8236
F2522,624.5114,5.9470,6.0140,6.0640,1.0000,3584.0000,16704.6364
F2523,624.5565,11.6160,11.6490,11.6990,1.0000,3893.0000,14080.4066
F2524,624.6028,11.4660,11.5320,11.5820,1.0000,28051.0000,105766.2920
F2525,624.6218,12.1660,12.2990,12.3660,1.0000,18.0000,250607.9290
F2526,624.6231,11.7660,11.8320,11.8990,1.0000,73.0000,354875.8647
F2527,624.6253,12.3660,12.4160,12.4820,1.0000,32.0000,188579.0655
F2528,624.8274,0.7300,0.7630,0.8130,1.0000,12230.0000,29831.5965
F2529,624.9939,0.7460,0.7800,0.8300,1.0000,3756.0000,11660.1132
F2530,625.2361,11.2820,11.3660,11.4490,1.0000,10.0000,18391.7170
F2531,625.3213,2.5800,2.6300,2.7130,1.0000,10.0000,12655.8145
F2532,625.4739,4.3800,4.4300,4.4640,1.0000,9.0000,8237.8610
F2533,625.5109,8.4150,8.4650,8.4980,1.0000,7.0000,7206.2456
F2534,625.5193,6.4310,6.4310,6.5980,2.0000,34.0000,136096.3489
F2535,625.5911,15.8170,15.9000,15.9830,1.0000,20.0000,20872.5992
F2536,625.5897,11.5990,11.6660,11.7160,1.0000,7.0000,13675.7749
F2537,625.6039,11.4660,11.5320,11.6160,1.0000,29.0000,47169.4509
F2538,625.6254,11.7660,11.8320,11.8990,1.0000,20.0000,83464.9795
F2539,625.6291,12.3490,12.4160,12.4820,1.0000,14.0000,67155.9601
F2540,626.2153,5.7140,5.9560,5.8640,2.0000,386.0000,343371.0446
F2541,626.2342,11.2820,11.3660,11.4320,1.0000,12.0000,13193.1596
F2542,626.3259,2.4300,2.6300,2.7300,1.0000,12.0000,59482.0855
F2543,626.3395,2.6800,2.8130,2.8970,1.0000,23.0000,45570.9782
F2544,626.3430,8.2810,8.3480,8.3980,1.0000,8.0000,6110.4723
F2545,626.4903,9.2320,9.4480,9.6480,1.0000,6.0000,18737.9944
F2546,626.5220,6.4310,6.5140,6.5980,1.0000,16.0000,59476.5765
F2547,626.5571,11.4160,11.4990,11.5490,1.0000,7.0000,11900.4864
F2548,626.6191,11.7320,11.7820,11.9660,1.0000,8.0000,16486.9978
F2549,627.0247,0.7300,0.7800,0.8300,1.0000,6409.0000,17360.0308
F2550,627.2162,5.7140,5.9470,5.8640,2.0000,371.0000,204419.3279
F2551,627.3281,2.5630,2.6470,2.6800,1.0000,10.0000,11821.9231
F2552,627.5349,7.4310,7.5150,7.6310,1.0000,344.0000,2098086.1388
F2553,627.6212,11.7320,11.7820,11.8490,1.0000,10.0000,7377.2722
F2554,628.0695,0.7630,0.7960,0.8460,1.0000,11156.0000,26652.7255
F2555,628.1953,3.7300,3.8140,3.8800,1.0000,7826.0000,11230970.0523
F2556,628.2147,5.7140,5.7970,5.8640,1.0000,170.0000,157515.2949
F2557,628.3563,3.4300,3.4300,3.5800,2.0000,103.0000,41744.8942
F2558,628.3578,10.2150,10.2990,10.3490,1.0000,12.0000,26182.1770
F2559,628.3760,12.3660,12.4160,12.4820,1.0000,10.0000,42860.1097
F2560,628.4966,17.8000,17.9670,18.1010,1.0000,16.0000,295079.9704
F2561,628.4973,7.6150,8.2480,9.4320,1.0000,10.0000,1359848.5172
F2562,628.5377,7.4310,7.5150,7.6310,1.0000,305.0000,982560.0066
F2563,628.5480,12.0160,12.0660,12.1160,1.0000,20.0000,55757.7164
F2564,628.6025,12.0160,12.0660,12.1320,1.0000,16070.0000,50836.4813
F2565,629.1961,3.7300,3.8140,3.8800,1.0000,5671.0000,6358740.6239
F2566,629.2146,5.7140,5.7970,5.8640,1.0000,88.0000,60951.4009
F2567,629.3149,2.7300,2.8130,2.8470,1.0000,17.0000,10576.6648
F2568,629.3695,3.5140,3.5470,3.6140,1.0000,8.0000,13067.0003
F2569,629.3758,12.6660,12.7660,12.8160,1.0000,3065.0000,23332.6256
F2570,629.3778,12.3490,12.5160,12.4820,2.0000,3879.0000,32893.8806
F2571,629.5404,7.4150,7.5150,7.6150,1.0000,34615.0000,234187.8169
F2572,629.5512,12.0320,12.0660,12.1160,1.0000,7076.0000,23460.3848
F2573,629.5500,8.1150,8.2150,8.3150,1.0000,114.0000,298163.9147
F2574,629.6047,12.0320,12.0660,12.1160,1.0000,7741.0000,22725.6523
F2575,630.1943,3.7300,3.8140,3.8800,1.0000,3204.0000,4725202.2965
F2576,630.2128,5.7140,5.7970,5.8640,1.0000,69.0000,26028.4675
F2577,630.5414,7.4480,7.5150,7.6150,1.0000,6871.0000,47867.4921
F2578,630.5532,8.1310,8.2150,8.3150,1.0000,27.0000,135771.7251
F2579,630.5809,11.8320,12.0320,11.9820,2.0000,43.0000,70740.9967
F2580,630.5928,12.3990,12.4490,12.4990,1.0000,11.0000,20471.6094
F2581,630.6176,12.2320,12.2990,12.3990,1.0000,141.0000,270996.3224
F2582,630.9268,0.7130,0.7630,0.8460,1.0000,22289.0000,62587.5960
F2583,631.1941,3.7300,3.8140,3.8800,1.0000,2008.0000,1781613.0169
F2584,631.2125,5.7470,5.7970,5.8310,1.0000,37.0000,7931.2170
F2585,631.3320,3.4300,3.4970,3.5800,1.0000,26.0000,31833.6456
F2586,631.4747,11.5820,11.6820,11.7490,1.0000,14.0000,127458.5342
F2587,631.4836,17.1340,17.8670,18.1670,1.0000,16.0000,331478.5593
F2588,631.4880,11.7320,11.7660,11.8160,1.0000,7948.0000,29049.7227
F2589,631.5052,6.1810,6.2310,6.2980,1.0000,6.0000,55254.7876
F2590,631.5117,6.1810,6.2140,6.2980,1.0000,7.0000,41574.4126
F2591,631.5550,8.1150,8.2310,8.3150,1.0000,18.0000,38706.4192
F2592,631.5851,12.0990,12.1660,12.2320,1.0000,9.0000,27372.6953
F2593,631.5872,11.8320,11.8990,11.9660,1.0000,14.0000,37059.3501
F2594,632.1923,3.7300,3.8140,3.8800,1.0000,1232.0000,742162.6193
F2595,632.4760,11.6320,11.6820,11.7660,1.0000,14.0000,52913.7280
F2596,632.5046,6.3140,6.3640,6.4310,1.0000,7.0000,17669.5587
F2597,632.5239,9.1650,9.3570,9.2980,2.0000,7.0000,39863.6270
F2598,632.5797,11.7660,11.8160,11.8820,1.0000,7.0000,20806.2126
F2599,632.5899,11.5660,11.8990,12.2160,1.0000,7.0000,28515.5170
F2600,632.6276,12.2660,12.3160,12.3990,1.0000,42.0000,61395.6000
F2601,632.6299,15.4500,15.5170,15.6170,1.0000,12.0000,7769.9713
F2602,632.6343,12.5490,12.6160,12.6830,1.0000,398.0000,612863.0534
F2603,632.6339,14.8660,14.9330,14.9830,1.0000,17.0000,8689.9186
F2604,632.9371,17.5670,17.6170,17.6670,1.0000,5.0000,6892.3766
F2605,633.1912,3.7300,3.8140,3.8800,1.0000,945.0000,248737.0666
F2606,633.4156,2.4970,2.6300,2.6800,1.0000,13.0000,19541.7070
F2607,633.4299,0.9130,0.9800,1.0300,1.0000,14.0000,7293.4792
F2608,633.4861,11.4990,11.9820,12.4990,1.0000,23.0000,63235.0953
F2609,633.5195,3.6640,3.7140,3.7800,1.0000,10.0000,40930.9893
F2610,633.5253,9.7150,9.7650,9.8320,1.0000,7.0000,14817.8532
F2611,633.5267,9.1150,9.2480,9.3320,1.0000,11.0000,29899.4671
F2612,633.5896,11.6990,12.0490,12.0660,1.0000,2044.0000,11185.7668
F2613,633.6351,12.2490,12.3320,12.3660,1.0000,19.0000,18808.2801
F2614,633.6377,12.5490,12.6160,12.6830,1.0000,256.0000,292019.9657
F2615,634.1867,3.7470,3.8140,3.8800,1.0000,219.0000,75171.3508
F2616,634.4514,14.9000,15.1500,15.0830,3.0000,4846.0000,34145.0124
F2617,634.4525,14.7330,14.8330,14.9000,1.0000,5312.0000,43217.6682
F2618,634.4841,11.9490,11.9990,12.0490,1.0000,6381.0000,22208.7965
F2619,634.5192,3.4470,3.5140,3.6300,1.0000,7.0000,13849.6597
F2620,634.5407,10.8320,11.2490,11.0650,4.0000,35.0000,87440.1720
F2621,634.6104,12.1160,12.1990,12.2490,1.0000,34.0000,72448.5681
F2622,634.6452,12.5490,12.6160,12.6990,1.0000,84.0000,121308.8419
F2623,635.1489,3.7470,3.8140,3.8800,1.0000,193.0000,30186.1677
F2624,635.1870,3.7640,3.8140,3.8800,1.0000,82.0000,21044.4357
F2625,635.4057,8.6820,8.7320,8.7650,1.0000,1327.0000,4585.3729
F2626,635.5013,12.1820,12.2490,12.2990,1.0000,9.0000,25100.0654
F2627,635.5340,11.9660,11.9990,12.0490,1.0000,7.0000,12156.0182
F2628,635.5437,10.8320,10.9650,11.0820,1.0000,36.0000,180232.6443
F2629,635.5433,11.4990,11.5660,11.6490,1.0000,13.0000,35686.7723
F2630,635.6064,7.5980,7.6480,7.7310,1.0000,9.0000,6112.9498
F2631,635.6142,12.1320,12.1990,12.2660,1.0000,16.0000,38359.1566
F2632,635.6495,12.5660,12.6330,12.7160,1.0000,28.0000,47323.9634
F2633,636.2543,3.0130,3.1130,3.1970,1.0000,84.0000,26066.2279
F2634,636.5480,10.8490,10.9490,11.0820,1.0000,11.0000,45044.0415
F2635,636.5564,11.6820,11.7490,11.8160,1.0000,285010.0000,823734.0930
F2636,636.5715,11.9490,11.9990,12.0490,1.0000,6.0000,17582.7305
F2637,636.6294,12.3820,12.4490,12.5160,1.0000,126.0000,310152.4313
F2638,636.6384,12.1320,11.9820,12.3990,4.0000,17372.0000,86337.3998
F2639,636.6396,10.4650,10.5650,10.5820,2.0000,60.0000,86406.3875
F2640,636.6400,10.1490,10.3320,10.3320,2.0000,49.0000,63822.2863
F2641,636.6617,12.9160,12.9490,12.9990,1.0000,9539.0000,26273.1188
F2642,636.8925,0.7300,0.7800,0.8130,1.0000,3930.0000,11446.9926
F2643,637.2484,4.7140,4.7470,4.8140,1.0000,10.0000,8317.6302
F2644,637.2557,3.0470,3.1130,3.1800,1.0000,39.0000,14830.3236
F2645,637.4765,14.1660,14.2660,14.3500,1.0000,7.0000,20626.1605
F2646,637.5594,11.6820,11.7490,11.8160,1.0000,71.0000,373149.2376
F2647,637.5662,11.6160,11.6660,11.6990,1.0000,5992.0000,19936.4748
F2648,637.5649,6.4480,6.5480,6.5980,1.0000,7.0000,18287.8735
F2649,637.6235,9.1820,9.2820,9.4150,1.0000,40.0000,78734.3819
F2650,637.6321,12.3820,12.4490,12.5160,1.0000,33.0000,153836.4169
F2651,637.6395,11.9660,12.0160,12.0820,1.0000,9.0000,48907.0523
F2652,637.6391,16.0830,16.1330,16.2170,1.0000,2261.0000,10455.8932
F2653,638.2584,3.0470,3.0970,3.1630,1.0000,2443.0000,11889.5558
F2654,638.2708,2.5130,2.5380,2.7130,2.0000,22.0000,30758.6684
F2655,638.5627,11.6990,11.7490,11.8320,1.0000,36.0000,102993.6702
F2656,638.5722,11.9660,12.0160,12.0820,1.0000,176.0000,364707.6858
F2657,638.6079,11.8820,11.9320,11.9660,1.0000,7.0000,21842.5630
F2658,638.6253,9.1820,9.2980,9.4150,1.0000,69.0000,35157.7324
F2659,638.6350,12.3990,12.4490,12.4820,1.0000,12848.0000,33275.8536
F2660,639.4915,14.6500,14.8000,14.9160,1.0000,9.0000,27612.4805
F2661,639.4961,10.8490,10.9490,11.0820,1.0000,9.0000,99118.8868
F2662,639.5656,4.0970,4.1640,4.2140,1.0000,3961.0000,18882.6203
F2663,639.5672,11.6990,11.7490,11.8320,1.0000,8.0000,33987.7697
F2664,639.5757,11.9660,12.0160,12.0990,1.0000,52.0000,180219.6820
F2665,639.6183,9.2480,9.3150,9.3480,1.0000,7.0000,7949.9593
F2666,640.2486,4.8800,4.9470,5.0640,1.0000,14.0000,28765.2036
F2667,640.2876,2.1970,2.2470,2.3300,1.0000,7.0000,7816.8445
F2668,640.5024,10.9150,10.9650,11.0650,1.0000,10.0000,36267.0065
F2669,640.5490,7.2810,7.3140,7.3650,1.0000,6045.0000,21996.6037
F2670,640.5834,11.9490,12.0160,12.0660,1.0000,8.0000,89625.4623
F2671,640.9759,0.7130,0.7960,0.8630,1.0000,14741.0000,51678.8834
F2672,641.2497,4.8800,4.9470,5.0810,1.0000,16.0000,18718.7150
F2673,641.4856,4.2800,4.3300,4.3640,1.0000,1892.0000,7279.0974
F2674,641.5118,11.6990,11.7490,11.8160,1.0000,188.0000,402298.1888
F2675,641.5407,4.4300,4.4800,4.5800,1.0000,4635.0000,30153.2557
F2676,642.2103,4.6970,4.7640,4.8300,1.0000,569.0000,469579.0278
F2677,642.3056,2.3800,2.4630,2.5630,1.0000,6.0000,8431.4055
F2678,642.4806,15.6170,15.6670,15.7170,1.0000,5.0000,19793.1942
F2679,642.5150,11.6990,11.7490,11.8160,1.0000,75.0000,182441.0560
F2680,642.5894,11.7660,11.8320,11.8820,1.0000,3735.0000,19190.4418
F2681,642.6159,15.8000,15.8830,15.9830,1.0000,41.0000,21346.6991
F2682,642.9541,0.7630,0.7960,0.8460,1.0000,27.0000,7649.2715
F2683,643.0416,0.7460,0.7960,0.8460,1.0000,50.0000,10589.9396
F2684,643.2110,4.6970,4.7640,4.8300,1.0000,215.0000,279423.3727
F2685,643.3237,1.1630,1.2460,1.3300,1.0000,18.0000,15730.7861
F2686,643.4811,17.9170,17.9840,18.0340,1.0000,12.0000,12314.3334
F2687,643.5188,11.6990,11.7490,11.8660,1.0000,24.0000,55835.6973
F2688,643.5274,11.9490,12.0160,12.0990,1.0000,126.0000,293449.1058
F2689,643.5286,11.5990,11.6490,11.7160,1.0000,6881.0000,28757.0348
F2690,643.5977,12.0990,12.1320,12.1990,1.0000,13.0000,26692.9542
F2691,643.6179,15.8500,15.8830,15.9330,1.0000,43.0000,7267.9092
F2692,644.1886,3.1130,3.2800,3.2800,2.0000,365.0000,92487.8283
F2693,644.2097,4.6970,4.7640,4.8300,1.0000,202.0000,203593.3610
F2694,644.5948,12.2320,12.2990,12.3660,1.0000,110.0000,199074.5080
F2695,644.7180,18.0340,18.0840,18.1500,1.0000,54.0000,14406.1117
F2696,645.1903,3.0470,3.2130,3.3470,1.0000,75.0000,62050.4481
F2697,645.2093,4.7140,4.7640,4.8300,1.0000,143.0000,82305.7325
F2698,645.5977,12.2320,12.2990,12.3660,1.0000,87.0000,94496.2033
F2699,646.1888,3.1130,3.1970,3.2800,1.0000,56.0000,40924.1132
F2700,646.2079,4.7140,4.7640,4.8300,1.0000,82.0000,34622.9383
F2701,646.4964,14.4160,14.5160,14.5660,1.0000,6945.0000,54993.9097
F2702,646.4971,15.7500,15.8000,15.8500,1.0000,6117.0000,32309.0600
F2703,646.4988,14.0330,14.2500,14.2000,3.0000,6235.0000,34604.6358
F2704,646.4981,14.6830,14.6910,14.8830,2.0000,6249.0000,70085.0896
F2705,646.4981,15.0830,15.0830,15.2500,2.0000,6577.0000,58361.4497
F2706,646.5004,15.3330,15.4000,15.4500,1.0000,6526.0000,43736.4927
F2707,646.5599,14.9160,14.9660,15.0160,1.0000,4820.0000,16924.0385
F2708,646.6006,12.1990,12.2990,12.3660,1.0000,7.0000,49356.2120
F2709,646.6118,12.0160,12.0660,12.1320,1.0000,22.0000,104072.5397
F2710,646.6495,12.6490,12.7160,12.7490,1.0000,84.0000,45046.9500
F2711,646.9606,0.7300,0.7800,0.8460,1.0000,2942.0000,10518.1138
F2712,647.1877,3.1130,3.1970,3.2800,1.0000,42.0000,20951.9370
F2713,647.2066,4.7140,4.7640,4.8300,1.0000,41.0000,11645.9478
F2714,647.4415,2.6300,2.6800,2.7630,1.0000,10.0000,28865.7472
F2715,647.4590,12.1990,12.4070,12.3320,2.0000,180.0000,755271.7785
F2716,647.5057,8.2650,8.3480,8.3980,1.0000,5.0000,11394.4692
F2717,647.5120,4.9800,5.0640,5.1470,1.0000,22255.0000,108696.0011
F2718,647.5581,12.5160,12.5490,12.6490,1.0000,5566.0000,22971.9747
F2719,647.5734,15.7670,15.9000,16.0170,1.0000,49.0000,66220.0297
F2720,647.5769,14.3660,14.4500,14.5160,1.0000,7.0000,12153.3002
F2721,647.5751,12.7160,12.7660,12.7990,1.0000,27.0000,15225.6959
F2722,647.6143,12.0160,12.0660,12.1320,1.0000,20.0000,54082.0530
F2723,647.6415,10.7820,11.6490,11.9820,1.0000,3455.0000,82137.2420
F2724,647.6505,12.6490,12.7160,12.7490,1.0000,16.0000,19055.5850
F2725,648.3235,2.1300,2.1800,2.2470,1.0000,14.0000,7512.4189
F2726,648.4623,12.1990,12.4070,12.3320,2.0000,89.0000,358331.7972
F2727,648.5154,4.9640,5.0640,5.1470,1.0000,51.0000,46241.3137
F2728,648.5752,8.4650,8.5150,8.5480,1.0000,1485.0000,5038.0569
F2729,648.5758,15.8000,15.8830,15.9830,1.0000,5953.0000,34491.9881
F2730,648.5749,12.7160,12.7660,12.8160,1.0000,2524.0000,10838.8548
F2731,648.6194,11.9820,12.0660,12.1160,1.0000,7.0000,30290.0068
F2732,648.6288,12.2320,12.2990,12.3990,1.0000,160.0000,508577.1998
F2733,648.6431,11.5820,11.6320,11.6660,1.0000,6.0000,6488.2647
F2734,648.6474,4.4970,4.5970,4.6470,1.0000,12.0000,19324.5054
F2735,648.6579,12.6660,12.7160,12.8490,1.0000,13.0000,15828.5200
F2736,648.8697,0.6960,0.7630,0.8460,1.0000,347.0000,61621.1224
F2737,649.1236,3.7300,3.8140,3.8800,1.0000,152.0000,41456.2617
F2738,649.4474,0.6960,0.7800,0.8460,1.0000,37.0000,26773.2997
F2739,649.4657,12.1990,12.2660,12.3320,1.0000,43.0000,91724.0714
F2740,649.5533,10.1490,10.2320,10.2990,1.0000,8.0000,17066.3901
F2741,649.5623,11.9820,12.0490,12.1490,1.0000,6.0000,21673.2373
F2742,649.5918,14.9330,15.0330,15.1160,1.0000,90.0000,126604.0829
F2743,649.6320,12.2320,12.2990,12.3990,1.0000,65.0000,237082.4213
F2744,649.6411,12.4820,12.5830,12.6660,1.0000,6.0000,11491.4472
F2745,650.1258,3.7640,3.8140,3.8640,1.0000,78.0000,19200.6174
F2746,650.3384,3.4470,3.4970,3.5800,1.0000,10.0000,7823.9231
F2747,650.3997,4.4800,4.5300,4.5640,1.0000,1554.0000,5608.1853
F2748,650.4765,5.0310,5.1140,5.1810,1.0000,13.0000,14528.2038
F2749,650.5951,14.9500,15.0330,15.1000,1.0000,20.0000,69241.9828
F2750,650.6405,12.1820,12.2990,12.4990,1.0000,28.0000,184749.3005
F2751,650.6453,12.5490,12.6160,12.6830,1.0000,552.0000,1000415.2815
F2752,650.6547,11.7990,11.8320,11.8990,1.0000,17.0000,45854.7576
F2753,650.6718,13.0330,13.0660,13.1160,1.0000,2807.0000,8558.3542
F2754,650.8658,0.7130,0.7630,0.8460,1.0000,19807.0000,53493.6060
F2755,651.1225,3.7470,3.8140,3.8640,1.0000,76.0000,17334.6710
F2756,651.1463,6.4140,6.4810,6.5480,1.0000,15.0000,9975.4807
F2757,651.1451,4.3140,4.3800,4.4470,1.0000,201.0000,78025.3977
F2758,651.2818,4.3800,4.4300,4.4970,1.0000,18.0000,11317.7439
F2759,651.4075,0.7460,0.7960,0.8630,1.0000,11.0000,10077.2036
F2760,651.5309,3.4300,3.4970,3.5970,1.0000,12.0000,48555.8771
F2761,651.5352,7.1640,7.2480,7.3480,1.0000,25.0000,80938.7126
F2762,651.5700,17.4500,17.4840,17.5340,1.0000,1507.0000,5229.1880
F2763,651.5962,14.9330,15.0160,15.1160,1.0000,11.0000,24382.8663
F2764,651.6064,15.7170,15.8170,15.9500,1.0000,30.0000,45855.5891
F2765,651.6488,12.5490,12.6160,12.6830,1.0000,144.0000,609119.7858
F2766,651.6510,12.1320,12.1990,12.2660,1.0000,90.0000,402864.2428
F2767,652.1460,4.3140,4.3800,4.4470,1.0000,154.0000,40697.5777
F2768,652.2516,2.5630,2.6470,2.6970,1.0000,2165.0000,11029.8752
F2769,652.2813,4.3640,4.4300,4.4800,1.0000,15.0000,6480.0789
F2770,652.4996,9.3150,9.3820,9.5150,1.0000,6.0000,8480.1628
F2771,652.5400,7.1480,7.2480,7.3650,1.0000,10.0000,41247.2500
F2772,652.6117,15.7330,15.8170,15.9000,1.0000,12.0000,20209.1031
F2773,652.6522,12.5490,12.6160,12.6830,1.0000,22.0000,184625.4739
F2774,652.6540,12.1490,12.1990,12.2660,1.0000,22.0000,185093.2204
F2775,652.6590,12.6990,12.8080,12.8160,2.0000,130.0000,119370.6535
F2776,653.1236,3.7470,3.8140,3.8640,1.0000,7.0000,9467.2405
F2777,653.1905,4.9970,5.0140,5.1140,2.0000,29.0000,19701.5449
F2778,653.3592,3.4470,3.4970,3.5300,1.0000,13.0000,6078.6541
F2779,653.5469,3.4470,3.5140,3.5970,1.0000,21.0000,157936.8517
F2780,653.5508,7.5650,7.6810,7.7810,1.0000,8.0000,71598.8046
F2781,653.5474,3.5970,3.6970,3.7970,1.0000,13.0000,123250.4643
F2782,653.5528,4.1140,4.1640,4.2300,1.0000,4852.0000,29386.7520
F2783,653.5560,7.0310,7.0980,7.1480,1.0000,6.0000,14276.9130
F2784,653.5552,4.2300,4.3140,4.2970,2.0000,4770.0000,19277.2149
F2785,653.6101,15.7830,15.8330,15.8830,1.0000,1624.0000,6792.1813
F2786,653.6542,12.3820,12.5990,12.6990,1.0000,10.0000,49690.3929
F2787,653.6561,12.1490,12.1990,12.2660,1.0000,19.0000,44555.9200
F2788,653.6619,12.8160,12.8660,12.9160,1.0000,20.0000,15232.9091
F2789,653.6629,12.6990,12.7490,12.8160,1.0000,83.0000,53335.9560
F2790,654.1438,4.3470,4.3800,4.4300,1.0000,4646.0000,14327.2790
F2791,654.1920,4.9970,5.0470,5.1140,1.0000,9.0000,9382.3314
F2792,654.2096,8.4480,8.5150,8.5650,1.0000,1822.0000,8783.3226
F2793,654.2109,5.3470,5.4310,5.4970,1.0000,19.0000,11550.0274
F2794,654.3520,3.4470,3.4970,3.5470,1.0000,15.0000,17270.1979
F2795,654.4613,4.2300,4.3140,4.3640,1.0000,7.0000,9137.5011
F2796,654.5364,11.3990,11.5160,11.5660,1.0000,7.0000,23256.3508
F2797,654.5500,3.4470,3.6050,3.5970,2.0000,12.0000,66586.6762
F2798,654.5537,7.6310,7.6810,7.7310,1.0000,10.0000,22240.3921
F2799,654.5597,14.3500,14.4000,14.4500,1.0000,2026.0000,8073.7100
F2800,654.5643,12.1160,12.1660,12.2320,1.0000,18.0000,38226.0867
F2801,654.6308,12.2990,12.3320,12.4160,1.0000,9.0000,23080.2603
F2802,654.9542,17.8000,17.8340,17.8840,1.0000,1906.0000,5565.7498
F2803,655.2101,8.4310,8.5150,8.5820,1.0000,16.0000,8417.7567
F2804,655.5142,11.7990,12.0160,12.0820,1.0000,3681.0000,22624.8047
F2805,655.5619,8.7650,8.8150,8.9150,1.0000,7.0000,43539.4517
F2806,655.5633,3.6140,3.6970,3.7800,1.0000,10.0000,102134.7973
F2807,655.5705,11.5320,11.5820,11.6320,1.0000,6.0000,24984.5122
F2808,655.6316,12.9830,13.0330,13.0660,1.0000,10.0000,8440.0054
F2809,656.1893,4.9140,5.0140,5.1470,1.0000,18.0000,22974.8813
F2810,656.2252,3.7470,3.8140,3.8800,1.0000,102.0000,45991.1397
F2811,656.5237,8.8320,8.8980,9.0320,1.0000,7.0000,32837.5618
F2812,656.5528,3.7970,3.8800,3.9470,1.0000,6596.0000,44909.4445
F2813,656.5558,2.4130,2.4630,2.4970,1.0000,2685.0000,9626.1507
F2814,656.5733,17.7000,17.7500,17.7840,1.0000,6.0000,8213.5302
F2815,656.5776,12.4820,12.5330,12.6330,1.0000,6.0000,29292.9630
F2816,656.5823,12.2660,12.3320,12.3820,1.0000,23.0000,74080.2606
F2817,656.6278,12.5990,12.6490,12.6830,1.0000,4261.0000,10655.3638
F2818,657.1885,4.9800,5.0140,5.0640,1.0000,12.0000,6480.1011
F2819,657.2269,3.7470,3.8140,3.8800,1.0000,84.0000,30501.7994
F2820,657.3667,0.7300,0.7800,0.8130,1.0000,4978.0000,12439.5775
F2821,657.4855,11.6820,11.7490,11.8160,1.0000,52.0000,140651.0827
F2822,657.5395,15.9830,16.1500,16.2000,1.0000,2606.0000,10983.3920
F2823,657.5480,11.5820,11.6320,11.6990,1.0000,6.0000,16928.2102
F2824,657.5865,12.3990,12.4330,12.4990,1.0000,15.0000,26579.8096
F2825,658.2243,3.7470,3.8140,3.8800,1.0000,129.0000,19528.4674
F2826,658.6106,12.3820,12.4490,12.5160,1.0000,211.0000,179963.8620
F2827,659.2248,3.7470,3.7970,3.8640,1.0000,34.0000,10067.1317
F2828,659.3358,0.9460,0.9800,1.0630,1.0000,12.0000,8032.2117
F2829,659.5120,18.3510,18.4340,18.4840,1.0000,3833.0000,27248.2459
F2830,659.5119,18.6670,18.8510,18.9510,1.0000,4586.0000,53307.9879
F2831,659.5103,11.7320,12.0160,12.2490,1.0000,51118.0000,848017.1005
F2832,659.5130,17.0500,17.1340,17.1840,5.0000,25190.0000,206589.3181
F2833,659.5134,14.4330,14.5330,14.6000,3.0000,24835.0000,241294.6642
F2834,659.5130,13.9330,14.0330,14.1000,3.0000,24989.0000,238418.4632
F2835,659.5133,13.4330,13.1990,13.6830,5.0000,26006.0000,218312.4438
F2836,659.5133,15.1830,15.2750,15.2830,4.0000,23837.0000,159375.0508
F2837,659.5129,17.5840,17.8840,18.1670,1.0000,24294.0000,614601.3615
F2838,659.5132,15.8330,16.3500,16.7170,1.0000,26801.0000,1211875.5279
F2839,659.5135,12.4990,12.4580,12.6330,2.0000,26643.0000,203448.1876
F2840,659.5127,18.1840,18.4010,18.3510,2.0000,3412.0000,32117.5436
F2841,659.5921,11.3990,11.4320,11.4820,1.0000,5.0000,9978.5882
F2842,660.2548,2.5630,2.6470,2.6970,1.0000,9.0000,10747.5304
F2843,660.5078,6.6140,6.6640,6.7140,1.0000,8534.0000,38262.8624
F2844,660.5554,11.5820,11.6490,11.7320,1.0000,36.0000,174938.2909
F2845,660.6167,12.3820,12.4490,12.5160,1.0000,17.0000,31937.0777
F2846,660.6632,12.8830,12.9490,12.9990,1.0000,21.0000,17830.6666
F2847,661.4960,12.1490,12.1990,12.2490,1.0000,6.0000,25459.2604
F2848,661.5253,5.4310,5.4810,5.5810,1.0000,13166.0000,66449.4968
F2849,661.5309,12.3160,12.3490,12.4330,1.0000,22.0000,15968.9358
F2850,661.5590,11.5820,11.6490,11.7160,1.0000,51.0000,80845.0120
F2851,661.6652,12.8660,12.9490,13.0160,1.0000,16.0000,11765.1434
F2852,662.2715,2.1970,2.2470,2.2970,1.0000,16.0000,5916.7922
F2853,662.5282,7.4650,7.5150,7.6310,1.0000,9.0000,12528.0074
F2854,662.5311,5.4140,5.4810,5.5470,1.0000,28.0000,26003.3267
F2855,662.5515,12.9490,12.9830,13.0330,1.0000,2310.0000,7052.3280
F2856,662.5626,11.6160,11.6490,11.6990,1.0000,17.0000,21359.9581
F2857,662.5753,11.7990,11.8490,11.9160,1.0000,13.0000,68585.9586
F2858,662.5842,12.0160,12.0820,12.1320,1.0000,5.0000,21154.1063
F2859,662.6437,12.3320,12.3820,12.5490,1.0000,28.0000,69333.0878
F2860,663.4536,15.0330,14.8660,15.1830,4.0000,43.0000,400290.6277
F2861,663.4535,15.8330,15.8420,16.0000,2.0000,54.0000,601329.9972
F2862,663.4539,11.9820,11.9990,12.1820,2.0000,257.0000,3246947.5345
F2863,663.4537,14.1330,14.2160,14.2500,1.0000,38.0000,326940.0317
F2864,663.4539,13.6830,13.7990,13.8660,1.0000,33.0000,446851.0058
F2865,663.4538,17.6840,17.9000,18.1170,1.0000,25.0000,602471.2979
F2866,663.4543,9.8820,9.9990,10.1320,1.0000,628.0000,8183299.5451
F2867,663.4646,0.7130,0.7800,0.8630,1.0000,7603.0000,36155.9821
F2868,663.5479,15.8170,15.9920,15.9830,2.0000,2453.0000,24174.6669
F2869,663.5702,12.2320,12.2660,12.3320,1.0000,14.0000,33423.4962
F2870,664.4570,11.9820,11.9990,12.2320,2.0000,133.0000,1625784.1495
F2871,664.4570,15.6670,15.8830,16.0330,1.0000,28.0000,538085.2526
F2872,664.4569,14.5160,14.5330,14.7000,2.0000,26.0000,263365.7568
F2873,664.4574,9.8150,9.9990,10.1820,1.0000,316.0000,4379321.9529
F2874,664.4574,15.0330,15.1000,15.1830,1.0000,25.0000,226297.2097
F2875,664.4677,0.6630,0.7800,0.8630,1.0000,9.0000,16452.9982
F2876,664.5505,15.8170,15.9000,15.9830,1.0000,42.0000,75617.3458
F2877,664.5587,16.8000,16.8340,16.8840,1.0000,5.0000,7260.1225
F2878,664.5950,15.1830,15.2330,15.2830,1.0000,1959.0000,7525.1638
F2879,664.6023,14.3830,14.4500,14.5330,1.0000,57.0000,140676.0092
F2880,664.6036,11.6490,11.6990,11.7320,1.0000,8.0000,14124.8666
F2881,664.6097,8.9820,9.0320,9.0980,1.0000,5.0000,12254.5027
F2882,664.6173,12.1320,12.1820,12.2490,1.0000,9.0000,33595.6051
F2883,664.6619,12.6660,12.7160,12.7490,1.0000,15.0000,72189.7192
F2884,664.6710,12.2660,12.3320,12.3990,1.0000,62.0000,222092.4329
F2885,664.6714,11.7660,11.8320,11.8990,1.0000,115.0000,302403.7833
F2886,665.4313,0.7460,0.7960,0.8460,1.0000,4743.0000,15873.8295
F2887,665.4464,7.5150,7.6310,7.6980,1.0000,10.0000,46331.5665
F2888,665.4602,9.8820,9.9990,10.1320,1.0000,45.0000,938935.6946
F2889,665.4913,7.4480,7.4980,7.5480,1.0000,1846.0000,7375.4290
F2890,665.5045,14.7000,14.7660,14.8660,1.0000,27.0000,27507.9340
F2891,665.5524,15.8170,15.8830,16.0000,1.0000,20.0000,28078.3089
F2892,665.5730,4.2800,4.3300,4.3800,1.0000,2168.0000,8109.1894
F2893,665.6060,14.3660,14.4500,14.5330,1.0000,33.0000,70541.4983
F2894,665.6138,11.8490,11.9320,11.9820,1.0000,7.0000,25742.4088
F2895,665.6643,12.7490,12.7830,12.8330,1.0000,13.0000,33802.5066
F2896,665.6735,12.2660,12.3320,12.3820,1.0000,13.0000,98978.4551
F2897,665.6741,11.7660,11.8320,11.8990,1.0000,20.0000,146643.6875
F2898,666.3038,3.4470,3.4970,3.5640,1.0000,21.0000,11725.2015
F2899,666.4453,7.5150,7.6310,7.7650,1.0000,11.0000,30996.0155
F2900,666.4611,14.5500,14.5830,14.6330,1.0000,6.0000,6983.9074
F2901,666.4634,9.8980,10.0150,10.1490,1.0000,27.0000,165273.1826
F2902,666.5147,11.5820,11.6490,11.7160,1.0000,19.0000,36834.8506
F2903,666.5954,4.4800,4.5640,4.7140,1.0000,5.0000,8831.0153
F2904,666.6104,14.4000,14.4500,14.5000,1.0000,10.0000,16910.0940
F2905,666.6190,14.9500,15.0330,15.1000,1.0000,2023.0000,6138917.9790
F2906,666.6211,11.5990,11.6490,11.7160,1.0000,6.0000,27876.3890
F2907,666.6633,12.2990,12.3320,12.3820,1.0000,6292.0000,20684.5259
F2908,666.6756,11.7990,11.8320,11.8820,1.0000,10138.0000,31958.1423
F2909,666.7002,18.0170,18.0840,18.1340,1.0000,34.0000,10636.5323
F2910,667.1766,4.3140,4.3800,4.4470,1.0000,228.0000,273665.5662
F2911,667.2426,5.7470,5.7970,5.8470,1.0000,2819.0000,10058.4056
F2912,667.5290,11.5160,11.9320,12.3160,1.0000,11.0000,49419.3192
F2913,667.6223,14.9500,15.0160,15.1000,1.0000,1265.0000,2987623.8822
F2914,667.6423,11.5320,11.6160,11.6990,1.0000,12.0000,74571.0167
F2915,667.6472,12.1160,12.1490,12.2160,1.0000,6.0000,44300.4326
F2916,668.0272,0.7460,0.7960,0.8300,1.0000,4360.0000,11733.6357
F2917,668.1774,4.3140,4.3800,4.4470,1.0000,260.0000,184288.8695
F2918,668.1819,5.4310,5.4810,5.5140,1.0000,1738.0000,6152.2098
F2919,668.2262,5.5970,5.6810,5.7640,1.0000,38.0000,17735.4905
F2920,668.5403,11.8820,11.9160,11.9490,1.0000,9.0000,18052.7313
F2921,668.5434,11.7990,11.8320,11.8820,1.0000,8.0000,23808.0993
F2922,668.6186,8.1980,8.3650,8.4310,1.0000,24.0000,234464.6853
F2923,668.6191,11.7490,11.9320,12.1320,1.0000,16.0000,377091.1812
F2924,668.6250,14.9000,15.0330,15.1500,1.0000,99.0000,830656.0475
F2925,668.6338,15.7330,15.8170,15.9170,1.0000,149419.0000,944128.9136
F2926,668.6520,12.4160,12.4490,12.4990,1.0000,29.0000,56018.7364
F2927,668.6790,18.0340,18.0840,18.1170,1.0000,2660.0000,8681.5093
F2928,669.0097,0.7130,0.7800,0.8460,1.0000,312.0000,37000.3604
F2929,669.1553,5.5970,5.6970,5.7810,1.0000,120.0000,42035.5697
F2930,669.1759,4.3140,4.3800,4.4470,1.0000,353.0000,141366.5242
F2931,669.2217,3.7300,3.8140,3.8800,1.0000,6405.0000,3889800.9544
F2932,669.2227,4.2470,4.2970,4.3300,1.0000,10.0000,6772.4148
F2933,669.2277,5.5970,5.6970,5.7810,1.0000,18.0000,15590.4055
F2934,669.5341,13.7500,13.9160,13.9660,1.0000,2133.0000,9463.7064
F2935,669.5578,14.3660,14.4500,14.5330,1.0000,121.0000,219077.1875
F2936,669.5592,4.4300,4.4640,4.5140,1.0000,3041.0000,8790.2859
F2937,669.5573,11.7660,11.8320,11.9160,1.0000,5.0000,23351.0310
F2938,669.6217,11.7660,11.9490,12.0320,1.0000,8.0000,154188.2264
F2939,669.6278,14.9330,15.0330,15.1160,1.0000,39.0000,150394.0779
F2940,669.6371,15.7170,15.8170,15.9170,1.0000,413.0000,477493.3101
F2941,669.6541,12.4160,12.4490,12.5330,1.0000,23.0000,30892.2903
F2942,670.1553,5.6140,5.6970,5.7810,1.0000,99.0000,25073.7024
F2943,670.1871,9.6820,9.7480,9.8820,1.0000,47.0000,22098.2404
F2944,670.2227,3.7300,3.8140,3.8800,1.0000,3524.0000,2243978.1473
F2945,670.2396,5.5470,5.6810,5.7640,1.0000,14.0000,51762.0248
F2946,670.2413,5.3970,5.4640,5.5470,1.0000,17.0000,70949.5651
F2947,670.5611,14.3660,14.4500,14.5330,1.0000,49.0000,119382.9890
F2948,670.6107,12.2320,12.2990,12.3990,1.0000,95.0000,299499.1626
F2949,670.6216,11.6320,11.6660,11.7160,1.0000,6.0000,10209.1419
F2950,670.6262,12.0820,12.1660,12.1990,1.0000,9.0000,23151.4473
F2951,670.6302,14.9660,15.0160,15.0830,1.0000,22.0000,20420.0043
F2952,670.6397,15.7330,15.8170,15.9170,1.0000,102.0000,118898.8469
F2953,671.1541,5.6140,5.6970,5.7640,1.0000,3469.0000,19689.6058
F2954,671.1745,4.3300,4.3800,4.4470,1.0000,11075.0000,31479.9800
F2955,671.1874,9.6650,9.7900,9.7980,2.0000,29.0000,9306.0995
F2956,671.2003,2.4630,2.6470,2.7970,1.0000,18.0000,33100.1626
F2957,671.2207,3.7300,3.8140,3.8800,1.0000,1771.0000,1688956.4295
F2958,671.2423,5.3970,5.4810,5.5470,1.0000,24.0000,44379.2413
F2959,671.5743,12.6490,12.7160,12.8160,1.0000,7.0000,40492.6152
F2960,671.5744,14.9330,15.0160,15.1160,1.0000,544.0000,3841429.3812
F2961,671.6138,12.2320,12.2990,12.4160,1.0000,107.0000,150421.8642
F2962,671.6286,12.3990,12.4660,12.5330,1.0000,10.0000,19776.9488
F2963,671.6419,15.7330,15.8330,15.9000,1.0000,28.0000,20951.5790
F2964,672.1551,5.6140,5.7140,5.7810,1.0000,17.0000,10610.0505
F2965,672.1672,5.3970,5.4310,5.4810,1.0000,54.0000,7119.3733
F2966,672.2011,2.4800,2.6630,2.7970,1.0000,24.0000,24852.1977
F2967,672.2207,3.7300,3.8140,3.8800,1.0000,807.0000,688379.3760
F2968,672.2407,5.3470,5.4640,5.5810,1.0000,14.0000,32106.0969
F2969,672.5773,14.9330,15.0160,15.1160,1.0000,822.0000,1997644.8863
F2970,672.6161,12.2320,12.2990,12.3660,1.0000,18.0000,48362.8094
F2971,672.6219,12.3660,12.4160,12.5490,1.0000,18.0000,69866.8915
F2972,672.6267,12.5490,12.6160,12.6830,1.0000,392.0000,615239.3969
F2973,672.9140,0.7130,0.7800,0.8460,1.0000,270.0000,101045.4675
F2974,673.2003,2.4800,2.6470,2.7800,1.0000,14.0000,13306.3255
F2975,673.2191,3.7470,3.8140,3.8800,1.0000,874.0000,291305.6972
F2976,673.2395,5.6310,5.6810,5.7640,1.0000,7.0000,8040.1231
F2977,673.2398,5.4140,5.4640,5.5470,1.0000,16.0000,16097.3779
F2978,673.3442,0.7460,0.7800,0.8460,1.0000,30.0000,7921.2079
F2979,673.5278,5.1470,5.2140,5.2970,1.0000,25.0000,268682.8944
F2980,673.5275,17.6500,17.9000,18.2170,1.0000,7015.0000,137619.1341
F2981,673.5272,17.0000,17.3840,17.6170,1.0000,7015.0000,228357.6368
F2982,673.5768,15.1160,15.2330,15.2660,1.0000,3724.0000,43789.4669
F2983,673.5803,14.9330,15.0160,15.1160,1.0000,72742.0000,507079.5384
F2984,673.5892,15.7170,15.8170,15.9170,1.0000,198.0000,763937.4535
F2985,673.6303,12.5490,12.6160,12.6830,1.0000,131.0000,276066.5148
F2986,674.1771,5.2140,5.2970,5.3310,1.0000,13.0000,7141.5756
F2987,674.1792,4.8640,4.9300,4.9970,1.0000,13.0000,13647.6510
F2988,674.2183,3.7470,3.8140,3.8800,1.0000,495.0000,91537.5824
F2989,674.5062,11.8820,12.0570,11.9990,2.0000,30.0000,157236.9772
F2990,674.5058,5.2640,5.8640,6.7810,1.0000,20.0000,861089.5514
F2991,674.5054,15.4330,15.5000,15.6000,1.0000,30.0000,159548.5475
F2992,674.5055,17.3500,17.8670,18.2170,1.0000,30.0000,597054.0505
F2993,674.5261,5.1810,5.2310,5.2810,1.0000,22215.0000,92361.2036
F2994,674.5832,14.9330,15.0330,15.1160,1.0000,52.0000,94315.0329
F2995,674.5923,15.6830,15.8170,15.9670,1.0000,123.0000,403749.0747
F2996,674.6260,12.2660,12.3160,12.3660,1.0000,12.0000,19965.4484
F2997,674.6332,12.5490,12.6160,12.6830,1.0000,96.0000,81072.2041
F2998,674.6412,12.6990,12.7490,12.8160,1.0000,24.0000,40378.5092
F2999,674.6464,11.4660,11.7660,12.1160,1.0000,9.0000,83110.9937
F3000,674.6941,18.0340,18.0840,18.2010,1.0000,36.0000,13415.2739
F3001,674.9088,0.7130,0.7800,0.8300,1.0000,302.0000,64684.0850
F3002,675.1776,4.8640,4.9470,5.0140,1.0000,18.0000,9001.9781
F3003,675.2173,3.7470,3.8140,3.8800,1.0000,112.0000,31694.0408
F3004,675.5405,15.3330,15.3670,15.4170,1.0000,4951.0000,15045.7578
F3005,675.5439,5.9310,6.0140,6.0980,1.0000,880.0000,3150689.1134
F3006,675.5659,10.8320,10.9320,11.0320,1.0000,10.0000,60766.1873
F3007,675.5841,14.9830,15.0330,15.0660,1.0000,2233.0000,8347.0945
F3008,675.5859,12.4160,12.4490,12.5330,1.0000,25.0000,19850.9959
F3009,675.5958,15.7170,15.8000,15.9170,1.0000,41.0000,93714.3072
F3010,675.6036,16.8670,16.9170,17.0000,1.0000,13.0000,10634.9711
F3011,675.6758,11.7320,11.7410,11.8820,2.0000,31.0000,661695.4565
F3012,675.6762,5.0310,4.9140,5.1470,2.0000,45.0000,2066693.0903
F3013,675.6761,7.3810,7.4480,7.4980,1.0000,12.0000,214315.0345
F3014,676.2179,3.7640,3.8300,3.8640,1.0000,1774.0000,7035.2353
F3015,676.5468,5.9310,6.0140,6.0980,1.0000,438.0000,1354880.9787
F3016,676.5509,15.3160,15.3670,15.4000,1.0000,2520.0000,8024.1836
F3017,676.5989,15.7330,15.8000,15.9170,1.0000,11.0000,20230.3810
F3018,676.6052,11.8160,11.8660,11.9160,1.0000,5.0000,10746.1788
F3019,676.6189,12.2490,12.2990,12.3320,1.0000,4601.0000,14068.8201
F3020,676.6795,4.4640,5.0640,4.9300,3.0000,43.0000,1150544.3001
F3021,676.6789,11.3490,11.7990,12.0160,1.0000,20.0000,988571.0224
F3022,677.5497,5.9310,6.0140,6.0980,1.0000,166.0000,308709.9420
F3023,677.5591,6.3810,6.4810,6.5640,1.0000,54.0000,112226.1751
F3024,677.6072,11.1320,11.6320,12.0990,1.0000,11.0000,32656.8217
F3025,677.6825,4.9140,5.2140,5.4810,1.0000,39.0000,851115.1782
F3026,678.3657,7.4310,7.4810,7.5150,1.0000,3231.0000,11945.1575
F3027,678.5062,5.9810,6.0470,6.1310,1.0000,122.0000,113838.2688
F3028,678.5510,5.9140,5.9970,6.0310,1.0000,11459.0000,41848.0515
F3029,678.5638,6.3980,6.4810,6.5640,1.0000,19.0000,48459.2761
F3030,678.6103,4.2800,4.3300,4.3800,1.0000,8.0000,9635.6502
F3031,678.6689,12.7990,12.8490,12.8830,1.0000,2827.0000,8838.2740
F3032,678.6765,12.8660,12.9490,13.0160,1.0000,6.0000,36697.2756
F3033,678.6844,11.7490,11.8320,11.8820,1.0000,16.0000,40612.8992
F3034,678.6856,4.5300,5.2810,4.9800,5.0000,31.0000,46927.0741
F3035,678.6857,12.4330,12.4820,12.5490,1.0000,15.0000,55781.0186
F3036,678.7039,0.7300,0.7630,0.8130,1.0000,4985.0000,13968.2207
F3037,679.4470,0.7460,0.7800,0.8630,1.0000,5972.0000,21656.9556
F3038,679.5108,5.9640,6.0470,6.1310,1.0000,9.0000,71519.4885
F3039,679.6786,12.8490,12.9490,13.0160,1.0000,6.0000,27820.9603
F3040,679.6869,12.4490,12.4990,12.5330,1.0000,21.0000,30877.4891
F3041,680.2805,4.9300,4.9800,5.0640,1.0000,59.0000,24116.2024
F3042,680.4276,12.2320,12.5490,12.9660,1.0000,7.0000,18484.9748
F3043,680.4781,17.9000,17.9340,17.9840,1.0000,2882.0000,10676.0610
F3044,680.4817,13.7160,13.7660,13.8160,1.0000,4261.0000,17859.8690
F3045,680.4802,9.8320,9.9990,10.1650,1.0000,30.0000,444087.9967
F3046,680.5722,3.4630,3.5140,3.5470,1.0000,6.0000,4530.8535
F3047,680.6080,11.7660,11.7990,11.8490,1.0000,5.0000,12703.2198
F3048,680.6662,12.2320,12.2990,12.3660,1.0000,217.0000,511615.3126
F3049,680.6874,13.0330,13.0990,13.1830,1.0000,9.0000,30917.2265
F3050,680.9874,0.7300,0.7800,0.8630,1.0000,490.0000,118975.4943
F3051,681.2756,5.1810,5.1720,5.2810,2.0000,17.0000,18541.2459
F3052,681.2787,4.8800,4.9800,5.0640,1.0000,33.0000,38931.7197
F3053,681.4363,0.7630,0.7960,0.8460,1.0000,14.0000,6587.3572
F3054,681.4840,9.8650,10.0150,10.1820,1.0000,16.0000,208210.7652
F3055,681.4860,11.5490,11.6490,11.7160,1.0000,10.0000,59111.7558
F3056,681.5931,4.0300,4.0640,4.1140,1.0000,1607.0000,5061.3983
F3057,681.6063,6.1640,6.1980,6.2480,1.0000,6.0000,5290.6526
F3058,681.6694,12.2320,12.2990,12.3660,1.0000,244.0000,264759.9108
F3059,681.6921,13.0660,13.1160,13.1490,1.0000,20.0000,8670.3702
F3060,682.2414,5.9140,5.9470,6.0640,1.0000,13.0000,10495.0311
F3061,682.2420,3.7640,3.8140,3.8470,1.0000,3566.0000,7994.1016
F3062,682.2779,4.8970,5.0560,5.0640,2.0000,11.0000,23328.2767
F3063,682.2965,8.4980,8.5820,8.6480,1.0000,7.0000,9144.0834
F3064,682.3258,2.5970,2.6470,2.7300,1.0000,13.0000,14226.3854
F3065,682.4880,9.8820,9.9820,10.0320,1.0000,12.0000,35947.7874
F3066,682.4898,12.0490,12.0990,12.1320,1.0000,2316.0000,9141.2075
F3067,682.5462,3.1300,3.1800,3.2130,1.0000,1314.0000,4678.4610
F3068,682.5617,7.5810,7.6480,7.7480,1.0000,20.0000,29193.3692
F3069,682.5736,4.4800,4.5140,4.5640,1.0000,6.0000,6338.1913
F3070,682.5982,12.3820,12.4490,12.5160,1.0000,43.0000,106951.8799
F3071,682.6078,11.5320,11.8160,11.8820,1.0000,3758.0000,24028.6502
F3072,682.6129,12.8990,13.0990,13.1490,1.0000,14.0000,18334.7970
F3073,682.6804,12.3820,12.4330,12.4820,1.0000,17745.0000,60102.7080
F3074,683.2369,4.6970,4.7640,4.8300,1.0000,182.0000,139441.3590
F3075,683.2423,3.7470,3.7970,3.8470,1.0000,9.0000,6083.0064
F3076,683.5575,16.0330,16.0830,16.1170,1.0000,1650.0000,5656.8395
F3077,683.5990,13.5830,13.6490,13.7160,1.0000,14.0000,46259.4421
F3078,683.6016,12.3990,12.4490,12.5330,1.0000,20.0000,52699.2564
F3079,683.6834,12.3660,12.4160,12.4820,1.0000,9988.0000,31845.8060
F3080,684.2045,4.3470,4.3800,4.4300,1.0000,28.0000,6634.6173
F3081,684.2027,11.9820,12.0990,12.1820,1.0000,24.0000,178602.7809
F3082,684.2034,10.5820,10.6990,10.8150,1.0000,823.0000,5129635.6614
F3083,684.2372,4.6970,4.7640,4.8470,1.0000,107.0000,86186.9460
F3084,684.2755,4.9470,5.0140,5.1310,1.0000,13.0000,23330.9957
F3085,684.3791,1.0960,1.2460,1.4300,1.0000,8.0000,6902.2892
F3086,684.3960,7.4480,7.4810,7.5310,1.0000,7.0000,6645.2146
F3087,684.4020,15.1660,15.2160,15.2500,1.0000,8.0000,5145.9597
F3088,684.6035,13.6490,13.6830,13.7660,1.0000,9.0000,21445.7500
F3089,684.6136,12.5830,12.6330,12.7160,1.0000,26.0000,102733.4944
F3090,684.6489,12.1990,12.3160,12.3660,1.0000,15.0000,40601.6851
F3091,685.1874,4.3140,4.3800,4.4470,1.0000,1290.0000,124571.9406
F3092,685.2033,11.8990,12.0820,12.2490,1.0000,18.0000,185845.4661
F3093,685.2040,10.5820,10.6990,10.8150,1.0000,513.0000,3350154.7400
F3094,685.2159,3.2630,3.2630,3.4130,2.0000,143.0000,102540.0846
F3095,685.2363,4.7140,4.7640,4.8300,1.0000,166.0000,60892.7383
F3096,685.2762,4.9640,5.0140,5.0810,1.0000,15.0000,8640.4047
F3097,685.2992,2.5800,2.6300,2.6800,1.0000,11.0000,8760.3251
F3098,685.4356,11.9820,12.0820,12.1660,1.0000,21.0000,198848.8721
F3099,685.4351,9.8480,10.0150,10.0990,1.0000,28.0000,268668.8398
F3100,685.5319,14.3660,14.4500,14.5330,1.0000,64.0000,142646.1627
F3101,685.5415,7.4810,7.7810,8.0480,1.0000,5.0000,15016.1249
F3102,685.5566,11.4660,11.4990,11.5990,1.0000,4.0000,29008.1037
F3103,685.5575,13.5490,13.5990,13.6330,1.0000,19.0000,20501.0174
F3104,685.5711,11.8990,12.0320,12.0990,1.0000,7.0000,31259.2038
F3105,685.5764,4.0140,4.0800,4.1300,1.0000,6.0000,6699.3936
F3106,685.5758,15.2500,15.3500,15.6170,1.0000,3632.0000,25363.1490
F3107,685.6187,12.5830,12.6330,12.7160,1.0000,14.0000,51628.4884
F3108,685.6502,12.1990,12.3160,12.3660,1.0000,22.0000,21904.7922
F3109,686.0291,0.7630,0.7960,0.8460,1.0000,4954.0000,12647.3756
F3110,686.1828,5.5970,5.7140,5.7970,1.0000,1367.0000,4970845.7489
F3111,686.1884,4.3300,4.3800,4.4470,1.0000,124.0000,80110.2753
F3112,686.1988,15.8000,16.1500,16.5000,1.0000,7.0000,9832.9774
F3113,686.2022,10.5820,10.6990,10.8150,1.0000,654.0000,2565247.4975
F3114,686.2163,3.1130,3.1800,3.2630,1.0000,74.0000,39370.9538
F3115,686.2178,6.3310,6.4140,6.4810,1.0000,10575.0000,55434.8682
F3116,686.2172,3.2630,3.3300,3.3970,1.0000,161.0000,63149.2996
F3117,686.2357,4.6970,4.7640,4.8300,1.0000,36.0000,26674.8735
F3118,686.2649,2.5630,2.5970,2.6470,1.0000,8.0000,6236.5994
F3119,686.4392,9.9150,9.9990,10.0820,1.0000,45.0000,107938.3509
F3120,686.5349,14.3830,14.4500,14.5500,1.0000,14890.0000,84893.9977
F3121,686.5701,4.3970,4.4470,4.4800,1.0000,2059.0000,7209.1907
F3122,686.6263,12.4820,12.6160,12.6830,1.0000,8.0000,18662.1118
F3123,686.6405,12.6660,12.7160,12.7490,1.0000,57.0000,48926.0904
F3124,686.7778,0.7130,0.7630,0.8130,1.0000,7744.0000,21009.7686
F3125,687.1833,5.5970,5.6970,5.7970,1.0000,496.0000,3287528.1157
F3126,687.2018,10.5820,10.6990,10.8150,1.0000,250.0000,1148312.8552
F3127,687.2153,3.2630,3.2630,3.4130,2.0000,96.0000,49190.9580
F3128,687.2197,6.3140,6.3980,6.4980,1.0000,45.0000,35180.1496
F3129,687.4259,12.4330,12.5160,12.5660,3.0000,5536.0000,32230.5048
F3130,687.4313,12.0490,11.9990,12.1660,3.0000,6110.0000,45080.9277
F3131,687.4999,9.7980,9.8650,9.9320,1.0000,7.0000,10946.4723
F3132,687.5348,14.4000,14.4500,14.5160,1.0000,15.0000,29546.6618
F3133,687.5429,5.7470,5.7810,5.8470,1.0000,10.0000,18354.0764
F3134,687.5475,14.9160,15.0250,15.0330,2.0000,116.0000,488709.7481
F3135,687.5557,13.5830,13.6330,13.7330,1.0000,6.0000,13649.6881
F3136,687.5587,8.9480,8.9980,9.0480,1.0000,8.0000,8200.8604
F3137,687.5679,12.7160,12.7660,12.8490,1.0000,13.0000,50819.2646
F3138,687.6237,11.9490,12.0160,12.0820,1.0000,10.0000,16929.5213
F3139,687.6436,12.7330,12.7830,12.8330,1.0000,32.0000,25718.5662
F3140,688.1621,4.5300,4.6470,4.7300,1.0000,32.0000,55121.2051
F3141,688.1815,5.5970,5.7140,5.7970,1.0000,697.0000,2579247.8034
F3142,688.2001,10.5820,10.6990,10.8150,1.0000,116.0000,514997.2871
F3143,688.2147,3.2630,3.3300,3.3970,1.0000,18.0000,21271.7077
F3144,688.2183,6.3310,6.4140,6.4810,1.0000,53.0000,25130.3550
F3145,688.5196,18.9340,18.9670,18.9840,1.0000,6589.0000,23169.2695
F3146,688.5195,18.5170,18.5670,18.6170,1.0000,6764.0000,31814.7437
F3147,688.5204,17.1500,17.2670,17.2340,3.0000,38864.0000,212895.0683
F3148,688.5203,16.6000,16.6840,16.7670,3.0000,40154.0000,404446.7199
F3149,688.5203,17.5000,17.8670,18.2010,1.0000,38505.0000,1164473.8408
F3150,688.5205,14.3000,14.7000,14.9500,1.0000,8.0000,1328756.7855
F3151,688.5205,15.1000,15.6830,16.3500,1.0000,40875.0000,2671682.5707
F3152,688.5199,18.4010,18.4510,18.5170,3.0000,6902.0000,36612.5486
F3153,688.5410,15.0330,15.0660,15.1160,1.0000,55892.0000,239485.5789
F3154,688.6008,12.5490,12.6160,12.6830,1.0000,39271.0000,122862.6035
F3155,688.6025,14.0330,14.1160,14.1660,1.0000,21126.0000,84373.5229
F3156,688.6100,11.6990,11.9990,12.0490,1.0000,5837.0000,23077.2542
F3157,688.6226,12.4160,12.4490,12.5490,1.0000,7442.0000,29087.1293
F3158,688.6667,12.0490,12.0990,12.1320,1.0000,4301.0000,12592.6804
F3159,688.8881,0.7300,0.7800,0.8460,1.0000,92.0000,28904.2494
F3160,689.1619,4.5140,4.6470,4.7640,1.0000,33.0000,30851.2129
F3161,689.1811,5.5970,5.6970,5.7970,1.0000,429.0000,1112545.2200
F3162,689.1995,10.5990,10.6990,10.8150,1.0000,88.0000,173778.3633
F3163,689.2143,3.1800,3.3130,3.3800,1.0000,22.0000,8017.7859
F3164,689.2178,6.3480,6.3980,6.4810,1.0000,24.0000,13045.8000
F3165,689.5236,13.2490,13.1580,13.3830,6.0000,15715.0000,81904.2399
F3166,689.5236,10.4320,10.5490,10.5320,2.0000,11133.0000,63307.3585
F3167,689.5242,8.0980,8.3150,8.5480,1.0000,10922.0000,248649.0923
F3168,689.5242,15.5330,15.6830,15.7670,1.0000,17321.0000,203864.1160
F3169,689.5241,8.7150,9.0480,9.4980,1.0000,10954.0000,423225.9427
F3170,689.5241,10.8150,11.6660,12.5160,1.0000,18242.0000,1358908.4418
F3171,689.5235,9.5650,9.8820,10.3990,1.0000,12087.0000,464183.1777
F3172,689.5237,13.6990,14.4330,14.9500,1.0000,15804.0000,1028770.7641
F3173,689.5246,6.7640,7.0140,7.4980,1.0000,10710.0000,389251.1443
F3174,689.5249,7.7650,7.9150,8.0980,1.0000,10686.0000,183689.0260
F3175,689.5252,15.8500,15.9330,16.1170,1.0000,16.0000,226899.6756
F3176,689.5247,12.5990,12.6660,12.7660,1.0000,15700.0000,145064.0451
F3177,689.5280,7.5650,7.6150,7.6980,1.0000,9958.0000,78677.4461
F3178,689.5284,15.1000,15.1830,15.3160,1.0000,16413.0000,183678.3302
F3179,689.5413,14.9330,14.9830,15.0330,1.0000,21098.0000,111844.0829
F3180,689.5425,15.0330,15.0660,15.1160,1.0000,21594.0000,95388.3834
F3181,689.5538,6.3640,6.4140,6.4480,1.0000,9317.0000,33420.1275
F3182,689.5593,6.5310,6.6140,6.6980,1.0000,385.0000,1847242.0357
F3183,689.5620,15.7000,15.8000,15.9170,1.0000,132.0000,607966.4700
F3184,689.6058,14.0500,14.1160,14.1830,1.0000,69.0000,45747.6189
F3185,690.1600,4.5470,4.6640,4.7300,1.0000,42.0000,24032.4212
F3186,690.1793,5.5970,5.7140,5.7970,1.0000,209.0000,518614.5008
F3187,690.1982,10.5650,10.6990,10.8320,1.0000,57.0000,57870.9450
F3188,690.5168,7.8980,7.9650,8.0310,1.0000,5.0000,29363.3602
F3189,690.5238,17.9170,17.9840,18.0840,1.0000,10.0000,26628.9508
F3190,690.5404,8.1480,8.2480,8.3810,1.0000,10395.0000,84948.0967
F3191,690.5410,14.9330,14.9830,15.0160,1.0000,7129.0000,28410.9887
F3192,690.5434,15.0160,15.0660,15.1330,1.0000,8214.0000,42724.3252
F3193,690.5624,6.5310,6.6140,6.6980,1.0000,385.0000,765513.4484
F3194,690.5657,15.7000,15.8000,15.9330,1.0000,60.0000,315389.4522
F3195,690.5797,12.7160,12.7490,12.8160,1.0000,14.0000,11873.6449
F3196,690.6083,14.0500,14.1000,14.1500,1.0000,3711.0000,12686.9474
F3197,690.6142,12.6990,12.7490,12.7830,1.0000,6.0000,9758.8096
F3198,690.6186,14.5330,14.6160,14.6830,1.0000,813.0000,1024555.0385
F3199,690.6279,11.8490,11.8990,11.9660,1.0000,10.0000,32010.1013
F3200,690.6374,12.4160,12.4490,12.4990,1.0000,10155.0000,25993.2173
F3201,690.6603,18.0500,18.0840,18.1670,1.0000,48.0000,12664.1981
F3202,690.6861,12.2660,12.3320,12.3990,1.0000,91.0000,81013.0029
F3203,691.1788,5.5810,5.6970,5.7970,1.0000,24363.0000,166923.0145
F3204,691.1972,10.6490,10.7150,10.7990,1.0000,19.0000,15495.1551
F3205,691.4660,2.5300,2.6470,2.6970,1.0000,14.0000,26991.0266
F3206,691.5121,7.9150,7.9810,8.0480,1.0000,10.0000,13743.3650
F3207,691.5131,12.0490,12.0990,12.1320,1.0000,2618.0000,8761.4005
F3208,691.5384,5.5310,5.6140,5.6810,1.0000,14.0000,19641.6657
F3209,691.5455,8.1310,8.2810,8.3480,1.0000,18.0000,33491.4679
F3210,691.5560,9.2150,9.2650,9.2980,1.0000,5.0000,7520.0573
F3211,691.5622,9.0150,9.0820,9.1320,1.0000,6.0000,15600.4357
F3212,691.5665,15.6670,15.8170,15.9670,1.0000,41.0000,116596.9418
F3213,691.5652,6.5310,6.6140,6.7140,1.0000,166.0000,193408.3432
F3214,691.5788,16.8170,16.9000,17.0000,1.0000,8612.0000,56857.7375
F3215,691.5997,12.5160,12.5660,12.6830,1.0000,16.0000,40678.8021
F3216,691.6218,14.5330,14.6160,14.6830,1.0000,114489.0000,532831.0461
F3217,691.6438,12.4160,12.4490,12.5160,1.0000,3975.0000,14707.7587
F3218,691.6899,12.2660,12.3160,12.3990,1.0000,45.0000,41262.2980
F3219,692.1773,5.5970,5.7140,5.7970,1.0000,79.0000,54702.0611
F3220,692.5595,8.4150,8.5150,8.6480,1.0000,25.0000,91375.2869
F3221,692.5651,9.0150,9.0650,9.0980,1.0000,6.0000,7490.8036
F3222,692.5666,6.5140,6.6310,6.6980,1.0000,24.0000,40484.2006
F3223,692.5693,15.6830,15.8170,15.9170,1.0000,13.0000,39962.3910
F3224,692.5774,6.9810,7.1810,7.2810,1.0000,10.0000,11906.1516
F3225,692.5825,16.8170,16.9170,16.9840,1.0000,20.0000,29711.6473
F3226,692.6059,12.5160,12.5660,12.6330,1.0000,9.0000,17584.3905
F3227,692.6170,11.6490,11.6820,11.7320,1.0000,15.0000,19350.9825
F3228,692.6247,14.5330,14.6160,14.6830,1.0000,34231.0000,144561.6269
F3229,692.6338,15.0000,15.0830,15.1660,1.0000,122.0000,178963.2115
F3230,692.6992,12.1490,12.1990,12.2320,1.0000,20.0000,122232.8489
F3231,692.7024,17.0000,17.0670,17.1170,1.0000,8.0000,8290.1225
F3232,692.7025,12.5490,12.6490,12.7160,1.0000,71.0000,235227.5593
F3233,693.1737,5.6640,5.7140,5.7810,1.0000,50.0000,13055.8590
F3234,693.4749,0.7130,0.7800,0.8460,1.0000,29.0000,22663.5763
F3235,693.5258,6.5810,6.6480,6.7310,1.0000,14.0000,8445.0111
F3236,693.5578,14.0330,14.1160,14.1830,1.0000,197.0000,103619.0057
F3237,693.5631,8.3980,8.4980,8.5980,1.0000,20.0000,38092.9740
F3238,693.5833,16.8500,16.9170,16.9670,1.0000,7.0000,8944.2372
F3239,693.5874,11.9490,11.9820,12.0490,1.0000,16.0000,24770.3397
F3240,693.6212,11.5320,11.6660,11.6990,1.0000,7.0000,20234.6632
F3241,693.6294,14.5500,14.6160,14.6830,1.0000,35.0000,30605.3637
F3242,693.6369,15.0160,15.0830,15.1660,1.0000,78.0000,93007.0250
F3243,693.6845,11.9660,12.0160,12.0820,1.0000,24.0000,24409.7481
F3244,693.7056,12.5490,12.6330,12.7160,1.0000,13.0000,119437.5663
F3245,694.0403,0.7460,0.7960,0.8300,1.0000,4432.0000,10320.5606
F3246,694.4412,11.0990,11.1490,11.1820,1.0000,1240.0000,4623.2235
F3247,694.5618,14.0660,14.1160,14.1830,1.0000,87.0000,51950.1145
F3248,694.5972,3.4630,3.5140,3.5970,1.0000,6.0000,21425.6047
F3249,694.6395,15.0000,15.0830,15.1500,1.0000,28.0000,32297.4916
F3250,694.6817,12.3820,12.4490,12.5160,1.0000,234.0000,567550.3687
F3251,694.7169,12.8830,12.9490,13.0160,1.0000,53.0000,74532.9425
F3252,695.5095,5.1140,5.2310,5.4140,1.0000,7.0000,29850.8890
F3253,695.5650,14.0660,14.1160,14.1660,1.0000,4567.0000,13870.5515
F3254,695.5738,14.5330,14.6160,14.7000,1.0000,247744.0000,1254726.2564
F3255,695.6095,12.6830,12.7660,12.8330,1.0000,15.0000,36414.8315
F3256,695.6845,12.3820,12.4490,12.5160,1.0000,86382.0000,273596.7095
F3257,695.7069,13.2330,13.2830,13.3830,1.0000,24.0000,11721.4016
F3258,695.7210,12.8830,12.9490,13.0160,1.0000,55.0000,38534.8648
F3259,696.2561,6.1810,6.2480,6.2980,1.0000,8.0000,8064.8527
F3260,696.2571,3.7640,3.8140,3.8800,1.0000,29.0000,9295.5690
F3261,696.4357,18.8840,18.9670,18.9840,1.0000,2838.0000,14974.7505
F3262,696.4365,18.4510,18.5010,18.5510,1.0000,3154.0000,13719.0141
F3263,696.4385,16.0000,16.1920,16.1670,2.0000,5741.0000,47476.5009
F3264,696.4383,15.5500,15.7000,15.9830,1.0000,5365.0000,115169.2796
F3265,696.4380,17.0000,17.8340,18.3340,1.0000,5912.0000,314833.9238
F3266,696.4380,18.7170,18.7170,18.8840,2.0000,3012.0000,25783.6470
F3267,696.5773,14.5330,14.6160,14.7000,1.0000,495.0000,654188.6329
F3268,696.6501,11.8820,11.9990,12.0660,1.0000,14.0000,164694.9319
F3269,696.6859,12.3660,12.4490,12.5330,1.0000,22.0000,73878.5044
F3270,696.6958,12.5330,12.5830,12.6660,1.0000,14149.0000,45221.5162
F3271,696.7210,12.9160,12.9490,12.9990,1.0000,3498.0000,9620.0614
F3272,696.9576,0.7130,0.7800,0.8460,1.0000,370.0000,146958.0857
F3273,697.2568,6.1810,6.2640,6.3310,1.0000,8.0000,9154.5225
F3274,697.5026,11.6660,11.6990,11.7490,1.0000,4865.0000,12118.0060
F3275,697.5250,5.9310,6.0140,6.0980,1.0000,74.0000,233501.8668
F3276,697.5759,9.7480,9.7980,9.8320,1.0000,1889.0000,6722.0456
F3277,697.5803,14.5330,14.6160,14.7000,1.0000,71.0000,177514.1283
F3278,697.5894,15.0160,15.1000,15.1660,1.0000,133.0000,209976.1493
F3279,697.6108,12.2820,12.3320,12.3990,1.0000,10.0000,40215.6764
F3280,697.6241,12.8990,12.9830,13.0830,1.0000,37386.0000,200157.1503
F3281,697.6524,11.9660,12.0160,12.0820,1.0000,6.0000,47003.4199
F3282,697.6994,12.4990,12.5830,12.6490,1.0000,40.0000,27050.3327
F3283,697.9608,0.7130,0.7800,0.8460,1.0000,104.0000,25407.8069
F3284,698.2197,11.4990,11.5490,11.5990,1.0000,34.0000,6954.5147
F3285,698.2542,12.0820,12.1820,12.2820,1.0000,40.0000,29025.6934
F3286,698.2555,5.7640,6.2480,6.5310,1.0000,7.0000,11141.9847
F3287,698.2549,11.8320,11.8660,11.9320,1.0000,355.0000,71873.6417
F3288,698.5286,5.9140,5.9970,6.0980,1.0000,40.0000,107831.6314
F3289,698.5567,5.5140,5.5640,5.6310,1.0000,3685.0000,17153.8661
F3290,698.5556,7.1640,7.2140,7.2980,1.0000,8.0000,22723.0776
F3291,698.5847,14.5500,14.6160,14.7000,1.0000,19.0000,35449.7204
F3292,698.5926,15.0160,15.1000,15.1830,1.0000,37.0000,110544.8041
F3293,698.6270,12.8990,12.9830,13.0660,1.0000,27.0000,117421.9904
F3294,698.6656,12.3320,12.4490,12.4820,1.0000,10.0000,18827.4115
F3295,698.7177,12.6990,12.7660,12.8330,1.0000,42.0000,15372.3652
F3296,699.2557,11.8320,12.0320,11.9320,2.0000,138.0000,44814.9900
F3297,699.5332,5.7970,6.0310,6.3810,1.0000,10.0000,46645.5368
F3298,699.5513,6.5640,6.6480,6.7310,1.0000,44.0000,289513.6318
F3299,699.5961,12.6490,12.8240,12.7830,2.0000,19.0000,388652.3791
F3300,699.6649,12.0990,12.4820,12.6330,1.0000,7.0000,13488.3474
F3301,700.2340,6.7810,6.8640,6.9480,1.0000,177.0000,316175.0875
F3302,700.2546,11.8320,11.8660,11.9320,1.0000,37.0000,35805.5571
F3303,700.5279,9.4650,9.5820,9.6820,1.0000,41071.0000,329689.1600
F3304,700.5499,3.5300,3.5640,3.6140,1.0000,6.0000,13212.1773
F3305,700.5554,6.5810,6.6480,6.7310,1.0000,17.0000,133507.2832
F3306,700.5640,5.7140,5.7640,5.8470,1.0000,12.0000,22870.8612
F3307,700.5712,7.5310,7.6480,7.7480,1.0000,18735.0000,128270.1336
F3308,700.5988,12.6490,12.8240,12.7830,2.0000,17.0000,108805.1199
F3309,700.6262,13.5830,13.7240,13.7160,2.0000,39.0000,98914.2553
F3310,700.6530,12.8990,12.9490,12.9830,1.0000,6996.0000,22089.2392
F3311,700.9277,0.7460,0.7800,0.8630,1.0000,55.0000,17255.7779
F3312,701.2350,6.7810,6.8640,6.9480,1.0000,164.0000,209940.2483
F3313,701.4101,9.8980,9.9650,10.0150,1.0000,16.0000,50614.7543
F3314,701.5318,9.4480,9.5820,9.7150,1.0000,74.0000,147804.9461
F3315,701.5591,6.5980,6.6640,6.7640,1.0000,19.0000,122056.6858
F3316,701.5599,6.1470,6.2310,6.3140,1.0000,1394.0000,6289984.6673
F3317,701.5717,11.8820,11.9320,11.9990,1.0000,5.0000,23318.5021
F3318,701.5739,7.5480,7.6310,7.7480,1.0000,23.0000,63396.4027
F3319,701.6004,12.6490,12.8240,12.7830,2.0000,13.0000,49096.8970
F3320,701.6296,13.7160,13.7830,13.8500,1.0000,20.0000,46629.4521
F3321,701.6303,13.5830,13.6490,13.7160,1.0000,37.0000,69914.7266
F3322,701.6566,12.8990,12.9490,12.9830,1.0000,3425.0000,11587.1978
F3323,702.2150,4.3140,4.3800,4.4470,1.0000,11155.0000,15234465.4777
F3324,702.2329,6.7810,6.8640,6.9480,1.0000,116.0000,159116.0874
F3325,702.4162,9.8320,10.0150,10.2650,1.0000,16.0000,49657.9600
F3326,702.4180,11.9820,12.0990,12.1320,1.0000,7.0000,13815.3902
F3327,702.5360,17.7000,17.9500,18.1010,1.0000,22.0000,951857.6958
F3328,702.5385,11.2820,11.3490,11.4320,1.0000,31.0000,557470.5570
F3329,702.5479,6.3810,6.4140,6.5310,1.0000,17.0000,278957.8964
F3330,702.5625,6.1470,6.2310,6.3140,1.0000,482858.0000,2710171.6642
F3331,702.6289,13.5990,13.7080,13.6990,2.0000,19.0000,22824.4717
F3332,702.6583,12.5830,12.6490,12.6990,1.0000,10.0000,14505.2234
F3333,702.6691,13.0330,13.0990,13.1490,1.0000,7.0000,10453.9916
F3334,703.2155,4.3140,4.3800,4.4470,1.0000,7759.0000,9711424.5563
F3335,703.2331,6.7810,6.8640,6.9480,1.0000,76.0000,75197.7613
F3336,703.4142,9.9150,9.9820,10.0820,1.0000,7.0000,14503.2475
F3337,703.5648,6.1470,6.2310,6.3140,1.0000,116503.0000,645989.4474
F3338,703.5739,7.0140,7.0980,7.2480,1.0000,19.0000,1407980.9423
F3339,703.5783,7.2480,7.3480,7.4310,1.0000,2773.0000,64036786.5146
F3340,703.6283,13.4830,13.6490,13.7160,1.0000,9.0000,11198.1093
F3341,703.6627,12.5830,12.6660,12.7160,1.0000,8.0000,11152.5086
F3342,703.7067,5.6470,5.7810,5.8470,1.0000,16.0000,35948.1194
F3343,703.7069,6.0470,6.1470,6.2140,1.0000,14.0000,34152.4711
F3344,703.7073,6.2480,6.2980,6.3480,1.0000,8.0000,15666.7088
F3345,704.1930,3.2970,3.3470,3.3970,1.0000,23.0000,10147.8087
F3346,704.2138,4.3140,4.3800,4.4470,1.0000,6352.0000,7583974.2769
F3347,704.2313,6.7980,6.8810,6.9640,1.0000,7583.0000,35619.8159
F3348,704.5219,13.2990,13.3490,13.4160,1.0000,27.0000,80734.7924
F3349,704.5231,12.3990,12.4410,12.7490,2.0000,12322.0000,199399.0243
F3350,704.5239,11.5490,11.9320,12.2490,1.0000,11692.0000,376830.4544
F3351,704.5235,17.9340,17.9840,18.0670,1.0000,22.0000,56743.7268
F3352,704.5225,6.1470,6.2310,6.3640,1.0000,12.0000,291806.1593
F3353,704.5638,6.1640,6.2310,6.2980,1.0000,22445.0000,119276.1172
F3354,704.5772,7.0310,7.1140,7.2640,1.0000,28.0000,1179566.5218
F3355,704.5797,7.2640,7.3480,7.4310,1.0000,4566.0000,31231813.2301
F3356,704.6657,12.0160,12.0660,12.1320,1.0000,43235.0000,146323.0131
F3357,704.6877,12.7160,12.7490,12.7990,1.0000,10.0000,9144.3230
F3358,704.6928,12.8830,12.9160,12.9660,1.0000,16.0000,7216.1176
F3359,705.2135,4.3140,4.3800,4.4470,1.0000,4644.0000,3287278.4518
F3360,705.5258,6.1470,6.2310,6.3480,1.0000,10.0000,120165.1340
F3361,705.5816,7.2640,7.2230,7.4310,2.0000,15.0000,302449.9852
F3362,705.5809,13.5830,13.6490,13.7330,1.0000,9373.0000,49439.9302
F3363,705.5908,7.9310,8.0310,8.1150,1.0000,97.0000,2618558.2884
F3364,705.7185,11.9990,12.0660,12.0990,1.0000,11.0000,22177.6972
F3365,705.7225,12.2660,12.3320,12.3990,1.0000,14.0000,39574.8594
F3366,706.2120,4.3140,4.3800,4.4470,1.0000,2317.0000,1424196.2062
F3367,706.5048,4.4140,4.4970,4.5300,1.0000,5.0000,7016.8902
F3368,706.5116,16.5500,16.6000,16.6340,1.0000,2037.0000,7659.9083
F3369,706.5389,7.2810,7.3650,7.5150,1.0000,595.0000,2145212.5748
F3370,706.5739,9.4980,9.6150,9.6820,1.0000,19.0000,44652.1330
F3371,706.5819,7.2640,7.3480,7.4310,1.0000,153.0000,1343552.7257
F3372,706.5853,13.5830,13.6490,13.7160,1.0000,22.0000,24026.9243
F3373,706.5939,7.9310,8.0310,8.1150,1.0000,665.0000,1156054.5305
F3374,706.6708,12.0320,12.0660,12.1160,1.0000,7580.0000,20953.6711
F3375,706.6820,12.2320,12.2990,12.4160,1.0000,419.0000,950917.9297
F3376,706.7176,12.6490,12.6830,12.7330,1.0000,5.0000,11218.2891
F3377,706.7208,12.0160,12.0660,12.1490,1.0000,11.0000,14117.3267
F3378,707.2108,4.3140,4.3800,4.4470,1.0000,1003.0000,471960.0365
F3379,707.4905,0.7130,0.7800,0.8460,1.0000,46.0000,23841.6354
F3380,707.5429,7.2810,7.3650,7.5150,1.0000,336.0000,910780.8970
F3381,707.5759,9.5150,9.5820,9.6480,1.0000,20.0000,18208.0573
F3382,707.5844,13.6160,13.6830,13.7330,1.0000,8.0000,8524.5305
F3383,707.5965,7.9310,8.0310,8.1150,1.0000,151.0000,275661.2161
F3384,707.5969,12.0160,12.1820,12.2990,1.0000,6.0000,29339.2312
F3385,707.6856,12.2320,12.2990,12.4160,1.0000,271.0000,452949.6283
F3386,708.2087,4.3140,4.3800,4.4470,1.0000,295.0000,161672.0054
F3387,708.4893,7.5980,7.6480,7.6810,1.0000,1901.0000,5935.7269
F3388,708.5106,9.9150,10.0150,10.1490,1.0000,31.0000,177820.4883
F3389,708.5451,7.2810,7.3650,7.4480,1.0000,107.0000,201424.6705
F3390,708.5993,7.9150,8.0310,8.0980,1.0000,37.0000,55007.0781
F3391,708.6141,12.3660,12.4490,12.5490,1.0000,12476.0000,71165.9079
F3392,708.6891,12.2160,12.2990,12.3990,1.0000,30.0000,140077.4342
F3393,708.6958,12.3660,12.4160,12.5490,1.0000,15.0000,143416.5783
F3394,708.6988,12.5490,12.6160,12.6830,1.0000,723.0000,2235424.9158
F3395,708.7217,13.4490,13.4990,13.5990,1.0000,15.0000,29422.6794
F3396,709.5313,14.0330,14.1160,14.1830,1.0000,153.0000,93392.9631
F3397,709.5513,7.2980,7.3650,7.4980,1.0000,23.0000,40233.3313
F3398,709.6190,12.3820,12.4490,12.5330,1.0000,10.0000,31505.9381
F3399,709.6936,12.7330,12.7830,12.8990,1.0000,8.0000,16504.2289
F3400,709.7012,12.5490,12.5160,12.6830,2.0000,680.0000,1097794.4484
F3401,709.7202,13.4660,13.5160,13.5660,1.0000,2510.0000,9766.9133
F3402,710.0721,0.7630,0.7960,0.8460,1.0000,8208.0000,20182.8536
F3403,710.1701,4.3470,4.3800,4.4300,1.0000,5195.0000,15282.6658
F3404,710.2724,3.7300,3.8140,3.8800,1.0000,196.0000,57508.7239
F3405,710.3585,3.3470,3.4800,3.5470,1.0000,21.0000,13585.1884
F3406,710.5200,16.3330,16.3830,16.4670,1.0000,5.0000,9141.9145
F3407,710.5344,14.0500,14.1160,14.1660,1.0000,68.0000,41609.4871
F3408,710.5969,9.6820,9.7320,9.7650,1.0000,5.0000,5457.3001
F3409,710.6294,12.5990,12.6830,12.7660,1.0000,42.0000,122846.8481
F3410,710.7046,12.5490,12.6160,12.6830,1.0000,104.0000,289148.8331
F3411,710.7112,12.8160,12.8660,12.9160,1.0000,13.0000,28228.7426
F3412,710.7128,12.6830,12.7490,12.8160,1.0000,71.0000,125046.7395
F3413,710.8235,0.7300,0.7800,0.8130,1.0000,7672.0000,19926.2249
F3414,711.2681,5.4310,5.5720,5.5470,2.0000,8.0000,23418.5543
F3415,711.2737,3.7300,3.8140,3.8800,1.0000,9348.0000,35964.5624
F3416,711.5080,3.8140,3.8470,3.8970,1.0000,7.0000,6618.5793
F3417,711.5381,13.6660,14.1000,14.3160,1.0000,19.0000,28176.4160
F3418,711.5405,6.3810,6.6310,6.8640,1.0000,63.0000,142007.1694
F3419,711.5475,14.5330,14.6160,14.7160,1.0000,431.0000,587141.6223
F3420,711.5676,12.6160,12.6990,12.7830,1.0000,32.0000,43074.5475
F3421,711.5939,4.4140,4.4800,4.5970,1.0000,5.0000,10198.6301
F3422,711.6321,17.4000,17.4500,17.4840,1.0000,1342.0000,4617.1980
F3423,711.6316,12.5830,12.6830,12.7490,1.0000,14.0000,65011.7170
F3424,711.7076,12.5490,12.6160,12.6830,1.0000,63.0000,55525.4555
F3425,712.2702,5.4140,5.4810,5.6810,1.0000,5986.0000,22535.2871
F3426,712.2738,3.7470,3.8140,3.8970,1.0000,49.0000,29204.0172
F3427,712.5376,14.0660,14.1160,14.1500,1.0000,6.0000,7935.8754
F3428,712.5443,6.5140,6.6140,6.7140,1.0000,60.0000,59544.1909
F3429,712.5514,14.5330,14.6160,14.7000,1.0000,212.0000,310599.4141
F3430,712.5740,12.6490,12.7160,12.8330,1.0000,13.0000,22977.1071
F3431,712.6155,8.5980,8.6310,8.6820,1.0000,1924.0000,6577.5425
F3432,712.6335,12.5660,12.6830,12.7660,1.0000,9.0000,27161.3040
F3433,712.6448,12.8830,12.9660,13.0330,1.0000,104.0000,153588.8261
F3434,712.6814,12.5490,12.6160,12.6990,1.0000,10.0000,27807.1984
F3435,712.6899,12.2490,12.2990,12.3490,1.0000,15.0000,10958.2267
F3436,712.9318,0.7300,0.7630,0.8130,1.0000,118.0000,27709.8441
F3437,713.2676,5.3470,5.4640,5.5310,1.0000,40.0000,13166.8449
F3438,713.3348,3.4470,3.4970,3.5640,1.0000,13.0000,7136.5968
F3439,713.5526,14.5160,14.6160,14.7160,1.0000,37.0000,131718.8892
F3440,713.5633,15.0160,15.1830,15.1830,2.0000,52.0000,94839.4238
F3441,713.5657,7.3810,7.4480,7.6980,1.0000,8.0000,58729.4846
F3442,713.5704,12.3820,12.4330,12.4820,1.0000,5.0000,15491.2282
F3443,713.5777,11.5990,11.6490,11.6820,1.0000,8.0000,10297.7825
F3444,713.6378,12.3660,12.4160,12.4660,1.0000,12.0000,26836.5548
F3445,713.6487,12.8830,12.9660,13.0330,1.0000,34.0000,74389.8714
F3446,713.6850,12.5490,12.6160,12.7160,1.0000,13.0000,12839.1498
F3447,714.2145,5.6140,5.6970,5.7640,1.0000,2598.0000,14840.5802
F3448,714.2656,5.5970,5.6810,5.7970,1.0000,16.0000,32533.8715
F3449,714.5511,14.5160,14.6160,14.7000,1.0000,7041.0000,46285.3554
F3450,714.5548,7.2810,7.3480,7.4150,1.0000,6.0000,26697.5098
F3451,714.5654,15.0330,15.1000,15.1830,1.0000,13.0000,46045.1638
F3452,714.5854,16.8000,16.8500,16.9000,1.0000,6.0000,7282.3482
F3453,714.6176,14.1830,14.2500,14.3500,1.0000,108.0000,85922.9519
F3454,714.6353,11.7320,11.7660,11.8160,1.0000,7.0000,12219.5934
F3455,714.6502,12.8830,12.9660,13.0330,1.0000,20.0000,23852.6878
F3456,715.0616,7.2810,7.3480,7.4150,1.0000,2953.0000,12725.1397
F3457,715.2164,5.5970,5.6470,5.7310,1.0000,8.0000,8190.2407
F3458,715.2661,5.6140,5.6810,5.7470,1.0000,10.0000,15535.4759
F3459,715.5659,15.0830,15.1160,15.1660,1.0000,9.0000,13163.8173
F3460,715.5741,6.7810,6.8810,6.9980,1.0000,45.0000,152175.2536
F3461,715.5765,11.5320,11.5820,11.6320,1.0000,3895.0000,15487.9070
F3462,715.5787,15.5830,15.6500,15.7330,1.0000,7.0000,17128.0507
F3463,715.6212,14.1830,14.2500,14.3330,1.0000,68.0000,45026.8811
F3464,716.2231,5.6470,5.6810,5.7640,1.0000,10.0000,14585.7612
F3465,716.2292,5.3970,5.4640,5.5470,1.0000,205.0000,511504.2547
F3466,716.2608,5.6470,5.6970,5.7810,1.0000,11.0000,12678.3524
F3467,716.4364,0.5960,0.6960,0.7460,1.0000,10.0000,11572.8392
F3468,716.4383,12.8990,12.8830,13.1660,2.0000,2948.0000,36595.5751
F3469,716.4374,13.5830,13.6160,13.6660,1.0000,2923.0000,11657.6091
F3470,716.4401,13.4830,13.5330,13.5830,1.0000,3356.0000,16711.3774
F3471,716.5247,8.3650,8.4650,8.5310,1.0000,35.0000,405748.6862
F3472,716.5524,8.5480,8.5820,8.6480,1.0000,18.0000,114960.4480
F3473,716.5648,6.8310,6.9140,7.2480,1.0000,11.0000,81080.3324
F3474,716.6164,10.8320,10.9490,11.0650,1.0000,9.0000,28202.2258
F3475,716.6319,14.5160,14.6000,14.6830,1.0000,7.0000,20018.4514
F3476,716.6400,12.2320,12.2990,12.3990,1.0000,11.0000,42429.7119
F3477,716.6787,18.0340,18.0840,18.1340,1.0000,13.0000,7675.8813
F3478,716.7012,13.3490,13.3990,13.4660,1.0000,30.0000,27097.4936
F3479,717.2298,5.3970,5.4640,5.5470,1.0000,182.0000,329130.5509
F3480,717.5288,8.3480,8.4650,8.5310,1.0000,29309.0000,187543.9496
F3481,717.5904,8.1150,8.2150,8.3310,1.0000,36.0000,1138533.2970
F3482,717.5988,12.9160,12.9660,13.0330,1.0000,25.0000,31823.6467
F3483,717.6349,14.4660,14.6000,14.6660,1.0000,8.0000,10257.0384
F3484,717.6415,12.2490,12.2990,12.3490,1.0000,8.0000,18475.3539
F3485,717.6517,12.3990,12.4330,12.5160,1.0000,7.0000,10430.7025
F3486,717.7044,13.3330,13.4580,13.4490,2.0000,35.0000,16132.8428
F3487,718.2083,3.7970,3.9220,3.9300,2.0000,269.0000,122589.8669
F3488,718.2279,5.3970,5.4640,5.5470,1.0000,261.0000,257651.1051
F3489,718.5721,8.7480,8.8480,8.9320,1.0000,14.0000,177743.5707
F3490,718.5741,10.4320,10.5650,10.6820,1.0000,86170.0000,842233.2440
F3491,718.5938,8.1150,8.2150,8.3310,1.0000,42.0000,526883.0174
F3492,718.6012,12.8990,12.9660,13.0160,1.0000,4665.0000,19394.7748
F3493,718.6399,12.2820,12.3660,12.4160,1.0000,8.0000,13935.9053
F3494,718.6581,12.1320,12.2160,12.2660,1.0000,10.0000,21871.9894
F3495,718.6658,12.6990,12.7830,12.8490,1.0000,7.0000,15916.8258
F3496,719.2085,3.8140,3.9220,3.9300,2.0000,266.0000,78844.4927
F3497,719.2282,5.3970,5.4640,5.5470,1.0000,168.0000,123248.3374
F3498,719.5626,5.4470,5.4970,5.5810,1.0000,18.0000,37674.3139
F3499,719.5684,6.6640,6.7640,6.8480,1.0000,25908.0000,156417.0083
F3500,719.5758,8.6980,8.8480,8.9820,1.0000,9314.0000,100075.4071
F3501,719.5775,10.4320,10.5650,10.6990,1.0000,67.0000,381939.3575
F3502,719.5875,8.9650,9.0480,9.1820,1.0000,7311.0000,56614.1096
F3503,719.5968,8.1150,8.2150,8.3310,1.0000,32.0000,131376.3654
F3504,719.6084,12.8660,13.2330,13.5160,1.0000,9.0000,19963.7123
F3505,719.6329,15.4330,15.5170,15.6500,1.0000,11.0000,29276.7331
F3506,719.6350,11.7160,11.7660,11.8160,1.0000,11.0000,13403.9492
F3507,719.7010,11.9660,12.0490,12.1160,1.0000,14.0000,34515.1087
F3508,719.7343,12.4160,12.4820,12.5330,1.0000,26.0000,16028.2170
F3509,720.2068,3.7970,3.8640,3.9300,1.0000,259.0000,65178.7893
F3510,720.2077,3.9300,3.9800,4.0300,1.0000,160.0000,34502.0875
F3511,720.2267,5.3970,5.4640,5.5470,1.0000,130.0000,60973.5372
F3512,720.5171,9.1820,9.2320,9.2650,1.0000,2000.0000,6306.6167
F3513,720.5540,8.1310,8.2480,8.3650,1.0000,17.0000,266754.0424
F3514,720.5720,6.7140,6.7640,6.8640,1.0000,24.0000,62366.6362
F3515,720.5727,5.4640,5.5140,5.6140,1.0000,9.0000,18276.9334
F3516,720.5810,10.1990,10.5820,10.7650,1.0000,28.0000,122649.0325
F3517,720.5900,10.8150,10.9490,11.0820,1.0000,80.0000,1091314.4098
F3518,720.6364,15.4500,15.5330,15.6170,1.0000,12.0000,19401.2909
F3519,720.6974,12.3160,12.4410,12.4490,2.0000,34.0000,36608.0934
F3520,720.7311,12.8990,12.9660,13.0160,1.0000,7.0000,11278.7350
F3521,720.9908,12.0490,12.0820,12.1320,1.0000,7.0000,5348.0256
F3522,721.2067,3.8140,3.9220,3.9300,2.0000,104.0000,26882.7955
F3523,721.3065,4.9300,4.9970,5.0640,1.0000,71.0000,24386.6581
F3524,721.5064,15.0330,15.6420,15.5000,4.0000,119.0000,629400.4796
F3525,721.5066,16.6500,16.7340,16.8000,3.0000,117.0000,784237.1503
F3526,721.5066,17.8170,17.8590,18.1010,2.0000,113.0000,1003977.6594
F3527,721.5065,12.7160,14.4160,14.9330,1.0000,127.0000,10045781.6206
F3528,721.5068,11.2990,11.4320,11.7490,1.0000,283.0000,6366389.7679
F3529,721.5065,10.3150,10.4650,10.5320,1.0000,159.0000,1568763.0168
F3530,721.5074,9.8150,9.9990,10.1820,1.0000,2983.0000,26760831.2936
F3531,721.5074,11.9490,12.0820,12.2320,1.0000,1245.0000,11199194.1721
F3532,721.5563,7.7980,8.0900,8.0810,2.0000,15.0000,115685.4738
F3533,721.5722,12.8330,12.9160,12.9830,1.0000,11401.0000,82629.5200
F3534,721.5754,6.6810,6.7810,6.8640,1.0000,18.0000,20949.5188
F3535,721.5757,12.6660,12.7160,12.7830,1.0000,33376.0000,127691.7977
F3536,721.5850,6.4480,6.5480,6.6480,1.0000,63.0000,92898.1342
F3537,721.5930,10.7990,10.9490,11.0820,1.0000,53256.0000,503057.0016
F3538,721.6232,12.8160,12.9160,12.9830,1.0000,19975.0000,87026.8258
F3539,721.6223,12.2320,12.2660,12.3320,1.0000,20.0000,95975.8006
F3540,721.6245,13.5490,13.6160,13.6990,1.0000,23779.0000,102702.6273
F3541,722.2057,3.8140,3.8800,3.9470,1.0000,24.0000,13334.4810
F3542,722.3090,4.9470,4.9970,5.0470,1.0000,90.0000,12277.5738
F3543,722.5095,14.7830,14.8830,15.0330,1.0000,44.0000,554504.0842
F3544,722.5095,16.5670,17.6670,18.4010,1.0000,42.0000,3567584.0657
F3545,722.5105,12.0660,12.0070,12.1820,2.0000,342.0000,2937552.2068
F3546,722.5097,10.3320,10.4320,10.5150,1.0000,61.0000,672069.6879
F3547,722.5108,9.8980,9.9990,10.1150,1.0000,1012.0000,10065056.6248
F3548,722.5099,15.6670,15.7330,15.8330,1.0000,47.0000,443569.2672
F3549,722.5099,11.2990,11.3490,11.4160,1.0000,81.0000,598402.2606
F3550,722.5097,14.0000,14.1160,14.2500,1.0000,45.0000,614223.7357
F3551,722.5110,7.8480,7.9810,8.0810,1.0000,13.0000,115589.1285
F3552,722.5097,15.0330,15.1660,15.3330,1.0000,44.0000,752418.6288
F3553,722.5527,7.5310,7.6480,7.7480,1.0000,12937.0000,88497.2792
F3554,722.5892,6.4640,6.5480,6.6480,1.0000,40.0000,44286.4461
F3555,722.5961,10.8320,10.9900,11.0150,2.0000,44.0000,39292.2845
F3556,722.6266,12.8490,12.9330,12.9990,1.0000,8.0000,46546.2036
F3557,722.6262,12.2160,12.2660,12.3160,1.0000,11.0000,50981.7089
F3558,722.6284,13.5490,13.6160,13.6990,1.0000,19.0000,58679.4784
F3559,722.7132,12.7330,12.7830,12.8490,1.0000,47.0000,156268.9941
F3560,722.7205,12.2490,12.2990,12.3660,1.0000,21925.0000,64938.5556
F3561,722.7350,13.6490,13.7330,13.7830,1.0000,16.0000,13315.1638
F3562,722.9762,0.7300,0.7960,0.8960,1.0000,146.0000,58055.5922
F3563,723.1432,4.3300,4.3800,4.4640,1.0000,120.0000,35662.5503
F3564,723.3043,4.9470,4.9970,5.0640,1.0000,3254.0000,11399.1310
F3565,723.5017,5.2810,5.5140,5.7140,1.0000,2954.0000,55823.2433
F3566,723.5134,11.6320,12.0320,12.3320,1.0000,133.0000,2717537.3021
F3567,723.5128,17.2840,17.8000,18.2670,1.0000,15.0000,516730.4741
F3568,723.5138,9.7980,9.9990,10.1820,1.0000,296.0000,3205379.7726
F3569,723.5381,6.3140,6.4140,6.4640,1.0000,6424.0000,57553.1929
F3570,723.5409,6.1470,6.2310,6.3140,1.0000,74226.0000,386401.2458
F3571,723.5560,7.5480,7.6480,7.7480,1.0000,6636.0000,39507.4885
F3572,723.5898,6.4810,6.5310,6.5980,1.0000,2799.0000,11548.0508
F3573,723.6395,13.0330,13.1160,13.1830,1.0000,37.0000,212542.7283
F3574,723.6391,12.6990,12.7660,12.8490,1.0000,29.0000,128438.1492
F3575,723.6404,13.3490,13.4160,13.4830,1.0000,27.0000,77476.3711
F3576,723.7163,12.7330,12.7830,12.8490,1.0000,49.0000,91425.6215
F3577,723.9785,0.7460,0.7960,0.8460,1.0000,66.0000,11839.2790
F3578,724.1436,4.3300,4.3970,4.4640,1.0000,82.0000,26418.0614
F3579,724.5167,9.8980,9.9820,10.1490,1.0000,32.0000,494315.9446
F3580,724.5274,9.1320,9.2480,9.3480,1.0000,143.0000,1065351.3043
F3581,724.5437,6.1470,6.2310,6.3140,1.0000,88.0000,170207.7974
F3582,724.5590,7.5480,7.6310,7.7310,1.0000,18.0000,18336.5455
F3583,724.6138,15.1330,15.1830,15.2830,1.0000,7.0000,8123.6582
F3584,724.6428,13.0490,13.1160,13.1830,1.0000,56.0000,118991.2194
F3585,724.6439,12.6990,12.7660,12.8490,1.0000,16.0000,91729.1922
F3586,724.7173,13.0330,13.1160,13.1830,1.0000,14.0000,43551.8505
F3587,724.7198,12.6330,12.7830,12.9660,1.0000,11.0000,65948.2446
F3588,725.1422,4.3300,4.3800,4.4640,1.0000,121.0000,22989.5429
F3589,725.1633,4.8640,4.9140,4.9800,1.0000,112.0000,27648.9796
F3590,725.2292,10.5820,10.6990,10.7990,1.0000,125.0000,181663.8451
F3591,725.3020,4.9470,5.0140,5.0810,1.0000,9.0000,13493.6190
F3592,725.4562,0.7460,0.7800,0.8300,1.0000,7.0000,6167.5635
F3593,725.4695,14.7160,14.7660,14.8160,1.0000,15.0000,7429.2813
F3594,725.5268,11.9490,12.0160,12.0820,1.0000,18.0000,59698.2957
F3595,725.5306,9.1480,9.2480,9.3650,1.0000,89.0000,515377.3990
F3596,725.5468,6.1470,6.2310,6.3140,1.0000,25.0000,47643.8452
F3597,725.5570,7.0310,7.0980,7.2640,1.0000,9.0000,176746.2364
F3598,725.5575,7.2640,7.3480,7.4310,1.0000,1317.0000,4547293.0415
F3599,725.6042,15.5170,15.5670,15.6170,1.0000,6.0000,6361.4975
F3600,725.6412,12.5660,12.6330,12.6990,1.0000,20.0000,69852.0555
F3601,725.6464,13.0330,13.0990,13.1830,1.0000,15.0000,46728.0995
F3602,725.6544,13.3160,13.3830,13.4660,1.0000,25.0000,56840.2284
F3603,725.6897,12.0160,12.1490,12.2660,1.0000,8.0000,20637.1384
F3604,725.7198,13.0660,13.1160,13.2490,1.0000,15.0000,25610.4782
F3605,725.7296,12.8490,12.9160,12.9830,1.0000,9.0000,11533.1057
F3606,726.1417,4.3470,4.3800,4.4300,1.0000,3449.0000,9834.9430
F3607,726.2303,10.5650,10.6990,10.8650,1.0000,61.0000,133053.5091
F3608,726.2676,3.2630,3.3300,3.3970,1.0000,14.0000,12764.5699
F3609,726.3026,4.9640,5.0140,5.0640,1.0000,9.0000,7313.6666
F3610,726.5343,9.1480,9.2480,9.3480,1.0000,19086.0000,139086.8266
F3611,726.5433,10.0320,9.8980,10.3820,3.0000,33.0000,235350.0028
F3612,726.5604,7.2640,7.3480,7.4310,1.0000,614.0000,1969991.5331
F3613,726.5689,3.6970,3.7300,3.7800,1.0000,1523.0000,4975.9255
F3614,726.5861,6.5980,6.6480,6.7140,1.0000,20.0000,21535.0244
F3615,726.6459,12.5660,12.6330,12.7160,1.0000,7866.0000,41372.7881
F3616,726.6587,13.2990,13.3830,13.4660,1.0000,8.0000,32234.7142
F3617,726.6606,13.0490,13.1330,13.1990,1.0000,9.0000,44382.3620
F3618,726.7059,12.3990,12.4660,12.5330,1.0000,28.0000,32657.2892
F3619,726.7797,0.7300,0.7800,0.8300,1.0000,52.0000,14092.8204
F3620,727.1403,4.1470,4.3970,4.8300,1.0000,13.0000,18257.0358
F3621,727.2081,5.5970,5.7140,5.7970,1.0000,151.0000,410234.4300
F3622,727.2284,10.5490,10.6990,10.8650,1.0000,50.0000,108446.7249
F3623,727.2677,3.1800,3.3300,3.4470,1.0000,10.0000,9227.1297
F3624,727.5437,12.6330,12.6990,12.7990,1.0000,9.0000,20695.4193
F3625,727.5476,9.2820,9.8320,10.6490,1.0000,11166.0000,264556.4960
F3626,727.5629,7.2640,7.3480,7.4310,1.0000,68.0000,476641.4641
F3627,727.5719,7.9310,8.0310,8.0980,1.0000,39.0000,186653.7740
F3628,727.5748,6.4980,6.5060,6.6980,2.0000,24.0000,103635.2777
F3629,727.6609,12.9830,13.1330,13.1990,1.0000,10.0000,26478.8868
F3630,728.2092,5.5970,5.7140,5.7970,1.0000,147.0000,263553.5955
F3631,728.2287,10.2490,10.5400,10.5320,2.0000,13.0000,35513.8135
F3632,728.5047,11.9490,12.0320,12.0990,1.0000,28.0000,21857.2024
F3633,728.5196,7.2980,7.3810,7.4650,1.0000,19.0000,67753.7708
F3634,728.5219,5.7470,5.8310,5.8970,1.0000,13.0000,31424.8305
F3635,728.5593,11.5320,11.5990,11.6490,1.0000,90.0000,581993.9513
F3636,728.5643,7.2640,7.3480,7.4150,1.0000,16677.0000,87175.8541
F3637,728.5653,11.4160,11.4820,11.5660,1.0000,8.0000,91464.6362
F3638,728.5708,10.1150,10.1650,10.1990,1.0000,3681.0000,12507.9808
F3639,728.5759,7.9310,8.0310,8.0980,1.0000,13.0000,101349.5859
F3640,728.5786,6.4980,6.5810,6.6980,1.0000,17.0000,173652.6445
F3641,729.1879,3.9640,4.0800,4.1640,1.0000,8.0000,11850.2696
F3642,729.2077,5.5810,5.7140,5.7970,1.0000,91.0000,223020.2299
F3643,729.2280,10.5820,10.7150,10.8150,1.0000,8.0000,21402.8236
F3644,729.2297,10.2820,10.3650,10.4490,1.0000,9.0000,19932.6517
F3645,729.5267,2.8630,3.4970,3.8640,1.0000,1912.0000,19801.5730
F3646,729.5251,7.3310,7.3810,7.4480,1.0000,6027.0000,30631.1614
F3647,729.5312,5.7470,5.8310,5.9640,1.0000,10.0000,18905.2324
F3648,729.5337,14.8830,15.0160,15.0830,1.0000,12.0000,19624.4040
F3649,729.5439,12.4160,12.4660,12.5160,1.0000,2953.0000,13944.9175
F3650,729.5481,17.8840,17.9340,17.9840,1.0000,8.0000,8694.1185
F3651,729.5627,11.5320,11.5990,11.6490,1.0000,85.0000,270152.4642
F3652,729.5684,11.4320,11.4660,11.5160,1.0000,9.0000,31706.9446
F3653,729.5841,11.6490,11.6820,11.7320,1.0000,5841.0000,20500.5400
F3654,729.5906,7.5810,7.7560,7.7650,2.0000,131.0000,1283965.5733
F3655,730.2075,5.5970,5.7140,5.7970,1.0000,36.0000,114640.5846
F3656,730.2288,10.2650,10.3990,10.4820,1.0000,11.0000,18048.9408
F3657,730.2428,5.8640,5.9140,5.9640,1.0000,11.0000,7654.2122
F3658,730.2440,4.3300,4.3800,4.4470,1.0000,133.0000,50941.9195
F3659,730.5337,17.3000,17.3500,17.4000,1.0000,2662.0000,12068.3794
F3660,730.5383,6.4810,6.5640,6.6480,1.0000,274.0000,1642892.4606
F3661,730.5379,14.9830,15.0160,15.1000,1.0000,5.0000,13832.0242
F3662,730.5677,11.5160,11.5820,11.6820,1.0000,21.0000,111315.9248
F3663,730.5769,8.2650,8.3310,8.4480,1.0000,9.0000,53455.8510
F3664,730.5886,11.7820,11.8320,11.8660,1.0000,3488.0000,13037.1474
F3665,730.5936,7.5810,7.7650,7.7650,2.0000,105.0000,566259.9745
F3666,730.7068,13.4660,13.4990,13.5660,1.0000,9.0000,5945.4010
F3667,731.2073,5.5810,5.7140,5.8140,1.0000,44.0000,57470.7736
F3668,731.2440,4.3300,4.3800,4.4640,1.0000,49.0000,34003.3434
F3669,731.2430,5.8640,5.8970,5.9470,1.0000,1584.0000,5914.3981
F3670,731.5414,6.4810,6.5640,6.6480,1.0000,249.0000,744236.8628
F3671,731.5581,12.5490,12.6830,12.7330,1.0000,7.0000,18468.2863
F3672,731.5965,7.4810,7.6810,7.9150,1.0000,95.0000,586363.7238
F3673,731.6033,8.2650,8.3480,8.4310,1.0000,16.0000,83550.2409
F3674,731.6059,8.7980,8.9320,9.1820,1.0000,17.0000,512222.3579
F3675,731.6068,9.1820,9.2820,9.3980,1.0000,1706.0000,8799262.2901
F3676,731.6066,12.7160,12.7490,12.8160,1.0000,9.0000,21439.1312
F3677,731.6451,14.5660,14.6160,14.6660,1.0000,8.0000,5598.8925
F3678,731.7062,11.5490,12.0490,12.1820,1.0000,7.0000,23710.6552
F3679,731.7369,12.2660,12.3320,12.3820,1.0000,50.0000,20989.2395
F3680,732.2065,5.6140,5.6970,5.8310,1.0000,16.0000,22356.8605
F3681,732.4529,12.2660,12.3160,12.3490,1.0000,6.0000,5635.1029
F3682,732.5451,6.4810,6.5640,6.6480,1.0000,15.0000,378188.5431
F3683,732.5542,7.5480,7.6480,7.7310,1.0000,216.0000,9428125.9869
F3684,732.6099,9.1820,9.2820,9.3980,1.0000,219.0000,3892194.6446
F3685,732.6128,12.6830,12.7490,12.8660,1.0000,13.0000,48363.0290
F3686,732.6454,18.0340,18.0840,18.1340,1.0000,3842.0000,14874.4552
F3687,732.6515,14.5660,14.6000,14.6830,1.0000,9.0000,6840.0945
F3688,732.6923,12.2990,12.3490,12.4160,1.0000,8.0000,17578.2714
F3689,732.8317,12.1990,12.2990,12.2990,2.0000,18.0000,20488.0089
F3690,732.8676,0.7300,0.7630,0.8460,1.0000,12163.0000,34583.3606
F3691,733.2432,4.3300,4.3800,4.4470,1.0000,54.0000,14059.7061
F3692,733.5494,9.2820,9.3480,9.4150,1.0000,9835.0000,67951.9150
F3693,733.5494,15.8500,15.9170,16.0330,1.0000,51.0000,116073.3851
F3694,733.5501,10.1320,10.5820,10.3820,7.0000,8441.0000,58406.3426
F3695,733.5512,10.9650,11.9990,11.6490,6.0000,13317.0000,145657.0271
F3696,733.5501,9.7820,9.7320,9.9320,3.0000,8714.0000,68036.8990
F3697,733.5500,12.6330,12.7740,12.7660,2.0000,12823.0000,97863.5213
F3698,733.5503,13.1660,13.3160,13.3160,2.0000,55.0000,103932.9534
F3699,733.5500,13.8330,13.9330,14.0160,1.0000,55.0000,125673.5673
F3700,733.5499,17.1840,17.7500,18.3340,1.0000,60.0000,563352.8120
F3701,733.5540,7.9980,8.0810,8.3810,2.0000,11785.0000,273953.9049
F3702,733.5558,7.4480,7.5150,7.5480,1.0000,59.0000,215994.2475
F3703,733.5575,7.5480,7.6480,7.7480,1.0000,518967.0000,3969730.2482
F3704,733.6124,9.1650,9.2820,9.4150,1.0000,174.0000,1004765.9863
F3705,733.6214,10.1650,10.2820,10.3820,1.0000,174.0000,670940.0943
F3706,733.6341,11.8820,11.9160,11.9820,1.0000,10.0000,17960.3090
F3707,733.7181,12.0820,12.2660,12.2490,2.0000,15.0000,34110.3855
F3708,733.7537,12.5330,12.6330,12.7660,1.0000,54.0000,43520.2362
F3709,733.8355,12.3320,12.3820,12.4330,1.0000,10.0000,8206.8088
F3710,734.5309,0.7800,1.0130,1.3960,1.0000,13.0000,12439.5879
F3711,734.5311,9.9480,9.9990,10.0990,1.0000,14.0000,67531.1282
F3712,734.5466,15.2000,15.3670,15.5170,1.0000,4061.0000,68203.9498
F3713,734.5480,14.8830,15.0330,15.1660,1.0000,5177.0000,63621.1639
F3714,734.5522,9.7820,9.8320,9.8820,1.0000,5547.0000,22032.5693
F3715,734.5600,7.5480,7.6480,7.7480,1.0000,115.0000,1043092.2669
F3716,734.5649,9.3980,9.7320,9.7820,1.0000,8361.0000,1030791.1230
F3717,734.5674,8.8820,8.9650,9.1980,1.0000,13375.0000,450581.8372
F3718,734.5702,9.1980,9.2980,9.3980,1.0000,940259.0000,7312165.4751
F3719,734.6061,11.3660,11.6160,11.7490,1.0000,10.0000,61411.6577
F3720,734.6248,10.1650,10.2820,10.3990,1.0000,180.0000,333328.3777
F3721,734.6294,12.3990,12.4660,12.5330,1.0000,13.0000,35466.2721
F3722,734.7124,12.5160,12.5990,12.6830,1.0000,14.0000,41380.7752
F3723,734.7381,13.6990,13.7500,13.8160,1.0000,7.0000,8528.6826
F3724,734.7539,12.5660,12.6330,12.6990,1.0000,6315.0000,27128.6071
F3725,735.5626,7.5480,7.6480,7.7480,1.0000,64.0000,197198.4844
F3726,735.5642,5.1810,5.2310,5.2640,1.0000,2303.0000,7279.8687
F3727,735.5725,8.8650,8.9480,9.1980,1.0000,44.0000,202834.7603
F3728,735.5731,9.1980,9.2980,9.4150,1.0000,2606.0000,3116129.4412
F3729,735.6286,10.1650,10.2820,10.3820,1.0000,21.0000,88429.8984
F3730,735.6303,12.3990,12.4660,12.5330,1.0000,16.0000,38588.3009
F3731,735.6415,13.4160,13.4660,13.5330,1.0000,9.0000,21243.0486
F3732,735.6563,11.7490,11.7820,11.8820,1.0000,9.0000,17039.5321
F3733,735.7330,12.3820,12.4490,12.5330,1.0000,87.0000,112066.5965
F3734,736.1930,4.9470,5.0140,5.1810,1.0000,11.0000,8954.2090
F3735,736.5421,9.8980,9.9990,10.0650,1.0000,28.0000,296902.5011
F3736,736.5424,11.9820,12.0820,12.2320,1.0000,18.0000,202827.1231
F3737,736.5649,7.5480,7.6480,7.7310,1.0000,14.0000,29852.6506
F3738,736.5759,9.1980,9.2980,9.4150,1.0000,295.0000,822013.3187
F3739,736.5799,7.6810,7.7650,7.8310,1.0000,6.0000,11492.6885
F3740,736.6084,11.5660,11.6160,11.6490,1.0000,12.0000,8372.9503
F3741,736.6454,12.6160,12.6990,12.7660,1.0000,59.0000,120621.3676
F3742,736.6597,12.1660,12.1990,12.2660,1.0000,6.0000,11459.6549
F3743,736.7297,12.8830,12.9490,13.0160,1.0000,24.0000,69216.8951
F3744,736.7360,12.3990,12.4490,12.5330,1.0000,68.0000,63189.2953
F3745,736.7511,13.9000,13.9660,14.0330,1.0000,4213.0000,19397.3526
F3746,737.5003,9.1150,9.1820,9.2980,1.0000,7.0000,9877.4747
F3747,737.5003,8.6980,8.8320,8.8980,1.0000,7.0000,8072.2189
F3748,737.5028,7.0140,7.1480,7.3310,1.0000,11.0000,50314.1193
F3749,737.5462,9.9320,10.0150,10.0990,1.0000,24.0000,146786.7748
F3750,737.5531,12.6660,12.7160,12.7830,1.0000,10.0000,53557.3550
F3751,737.5567,6.7980,6.8980,6.9640,1.0000,2931.0000,17373.1311
F3752,737.5679,12.5990,12.6490,12.6830,1.0000,6077.0000,17234.0741
F3753,737.5784,9.1980,9.2980,9.4320,1.0000,95.0000,168516.8965
F3754,737.6422,15.8170,15.8670,15.9000,1.0000,5.0000,5725.1255
F3755,737.6484,12.6490,12.6990,12.7660,1.0000,26.0000,63221.7232
F3756,737.6823,5.2470,5.3640,5.4310,1.0000,9.0000,7493.6715
F3757,737.7306,12.8660,12.9490,12.9990,1.0000,18.0000,38239.4021
F3758,737.9013,0.7460,0.7960,0.8300,1.0000,1959.0000,6394.7409
F3759,738.5046,8.3650,8.4480,8.5650,1.0000,20.0000,65325.3669
F3760,738.5244,7.6150,7.6650,7.6980,1.0000,1959.0000,7003.7321
F3761,738.5430,10.3650,10.4990,10.5990,1.0000,18.0000,78055.9722
F3762,738.5481,6.9310,7.2140,7.5650,1.0000,9.0000,33964.3550
F3763,738.5500,5.4970,5.5640,5.6140,1.0000,12.0000,10418.8994
F3764,738.5578,12.6660,12.7160,12.8160,1.0000,7.0000,29788.5089
F3765,738.5820,9.0650,9.3150,9.6320,1.0000,18.0000,36867.7610
F3766,738.6623,12.8990,12.9830,13.0490,1.0000,85.0000,255998.5231
F3767,738.7353,13.2160,13.2990,13.3490,1.0000,6.0000,21539.6479
F3768,738.7438,13.0490,13.0990,13.1660,1.0000,15.0000,26697.8530
F3769,738.9481,0.7130,0.7800,0.8460,1.0000,221.0000,79510.4156
F3770,739.5083,7.0980,7.1810,7.2310,1.0000,7.0000,13950.7516
F3771,739.5080,8.3650,8.4650,8.5480,1.0000,15.0000,29964.1491
F3772,739.5129,5.8970,6.0140,6.0640,1.0000,8.0000,15649.8383
F3773,739.5165,6.1810,6.2480,6.3140,1.0000,7.0000,15664.9301
F3774,739.5456,10.3820,10.5150,10.6150,1.0000,14.0000,39781.1605
F3775,739.5723,7.5980,8.2150,8.5310,1.0000,55.0000,105497.7186
F3776,739.5780,15.1000,15.1830,15.2330,1.0000,14.0000,12191.4731
F3777,739.6214,11.8820,11.9320,12.0660,1.0000,9.0000,73481.3777
F3778,739.6271,11.7820,11.8320,11.8660,1.0000,5680.0000,20752.6302
F3779,739.6380,12.5490,12.6490,12.6830,1.0000,12.0000,43795.0522
F3780,739.6653,12.9160,12.9660,13.0660,1.0000,29312.0000,138467.3589
F3781,739.7106,12.2160,12.2990,12.5330,1.0000,10.0000,12835.3532
F3782,739.8005,6.8640,7.0640,7.0140,2.0000,1494.0000,12531.4827
F3783,739.9500,0.7300,0.7800,0.8460,1.0000,57.0000,16466.0054
F3784,740.5220,10.0490,10.0990,10.1820,1.0000,10.0000,24869.3166
F3785,740.5225,8.1310,8.2150,8.3150,1.0000,94.0000,524251.0640
F3786,740.5508,16.9000,16.9340,16.9840,1.0000,1562.0000,5966.1222
F3787,740.5570,7.4480,7.4810,7.5810,1.0000,6.0000,35752.4159
F3788,740.5585,7.7650,7.8150,7.8650,1.0000,7936.0000,35795.3565
F3789,740.6032,6.5640,6.6480,6.7310,1.0000,48.0000,167303.6638
F3790,740.6220,11.8820,11.9490,11.9820,1.0000,9.0000,32331.1489
F3791,740.6713,12.9330,12.9830,13.0830,1.0000,16.0000,44590.8839
F3792,740.6755,13.2490,13.3160,13.3830,1.0000,176.0000,279394.1626
F3793,740.7120,12.7990,12.8490,12.8830,1.0000,1843.0000,5332.3801
F3794,740.7223,12.5330,12.5990,12.6830,1.0000,11.0000,19671.4021
F3795,741.1950,4.8470,4.9140,4.9800,1.0000,77667.0000,256736.7351
F3796,741.2605,6.7810,6.8640,6.9480,1.0000,147.0000,62693.1915
F3797,741.5257,8.1310,8.2150,8.3150,1.0000,104.0000,245278.2037
F3798,741.5306,7.2640,7.3480,7.4310,1.0000,81043.0000,399876.6211
F3799,741.5518,6.4640,6.7810,7.0480,1.0000,9.0000,24186.8297
F3800,741.5733,7.7480,7.9480,8.0150,1.0000,6.0000,14023.0379
F3801,741.6030,12.6490,12.6990,12.7830,1.0000,8.0000,32393.0897
F3802,741.6067,6.5640,6.6480,6.7310,1.0000,22.0000,79398.1011
F3803,741.6435,12.3490,12.3990,12.4490,1.0000,9.0000,14946.9975
F3804,741.6538,13.5830,13.6490,13.7160,1.0000,87.0000,205296.4567
F3805,741.6677,12.6990,12.7330,12.7990,1.0000,9.0000,19714.7052
F3806,741.6793,13.2490,13.3160,13.3990,1.0000,57.0000,154162.2836
F3807,742.1957,4.8470,4.9140,4.9800,1.0000,328.0000,187877.9519
F3808,742.2449,6.4310,6.5310,6.6140,1.0000,33.0000,16695.8636
F3809,742.2617,6.7810,6.8640,6.9480,1.0000,164.0000,42938.6670
F3810,742.2793,11.7990,11.8490,11.8990,1.0000,2553.0000,7245.0351
F3811,742.5317,8.1310,8.2150,8.3310,1.0000,11768.0000,79504.6947
F3812,742.5341,7.2640,7.3480,7.4310,1.0000,45.0000,173123.2534
F3813,742.5388,8.6310,8.7150,8.8320,1.0000,34.0000,241306.9142
F3814,742.5750,8.9650,9.0820,9.1820,1.0000,385.0000,3690411.4564
F3815,742.6044,12.6490,12.6990,12.7490,1.0000,6.0000,16905.6172
F3816,742.6089,6.5810,6.6480,6.7480,1.0000,8.0000,30425.6949
F3817,742.6104,11.5490,11.6160,11.6490,1.0000,7.0000,22703.9173
F3818,742.6178,11.6320,11.6820,11.7660,1.0000,7.0000,42945.5258
F3819,742.6573,13.5830,13.6490,13.7160,1.0000,59.0000,104370.8555
F3820,742.6693,12.6830,12.7330,12.8330,1.0000,7.0000,15334.1726
F3821,742.6887,18.0170,18.0840,18.1340,1.0000,34.0000,7372.0078
F3822,743.0073,0.9460,0.9960,1.0460,1.0000,5.0000,7914.4970
F3823,743.1945,4.8470,4.9140,4.9800,1.0000,275.0000,159023.8182
F3824,743.2409,4.3140,4.3800,4.4470,1.0000,7908.0000,7127526.8805
F3825,743.2440,6.4480,6.4980,6.5480,1.0000,13.0000,9215.4125
F3826,743.2598,6.7810,6.8640,6.9480,1.0000,94.0000,36198.5542
F3827,743.5357,7.2810,7.3480,7.4150,1.0000,13570.0000,63668.8444
F3828,743.5434,8.6150,8.7320,8.8150,1.0000,15817.0000,119640.7969
F3829,743.5661,6.4640,6.5480,6.5980,1.0000,8.0000,17231.2482
F3830,743.5778,8.9650,9.0820,9.1820,1.0000,217.0000,1773473.0592
F3831,743.5957,8.2980,8.3480,8.3980,1.0000,7.0000,21571.9417
F3832,743.6055,8.5150,8.6480,8.7820,1.0000,18.0000,132064.6940
F3833,743.6133,12.1490,12.2160,12.2490,1.0000,4086.0000,19208.0418
F3834,743.6161,12.8990,12.9660,13.0490,1.0000,17.0000,59178.4569
F3835,743.6173,11.9990,12.0160,12.0160,1.0000,5960.0000,9505.0352
F3836,743.6569,13.5990,13.6490,13.7160,1.0000,29.0000,35652.6423
F3837,743.6840,13.2830,13.3330,13.3830,1.0000,2012.0000,8360.9403
F3838,744.1942,4.8470,4.9140,4.9800,1.0000,237.0000,72765.1690
F3839,744.2058,11.4990,11.5660,11.6320,1.0000,133.0000,59134.4957
F3840,744.2420,4.3140,4.3800,4.4470,1.0000,6256.0000,4802736.1787
F3841,744.2606,6.3310,6.6810,6.5140,3.0000,14.0000,40367.0250
F3842,744.5543,7.1640,7.3730,7.3810,2.0000,572.0000,1438305.4319
F3843,744.5537,10.7320,10.8650,10.8990,1.0000,101116.0000,645041.4310
F3844,744.5559,10.3150,10.4650,10.5820,1.0000,13416.0000,129603.3664
F3845,744.5573,6.9140,6.9810,7.1640,1.0000,17.0000,92158.1380
F3846,744.5817,8.9650,9.0820,9.2980,1.0000,55.0000,658029.2462
F3847,744.5844,10.7650,10.9150,11.0320,1.0000,105.0000,1360247.6685
F3848,744.5901,9.2980,9.4150,9.5480,1.0000,236.0000,2703913.1641
F3849,744.6044,8.5150,8.5980,8.6980,1.0000,12.0000,49547.9540
F3850,744.6157,12.9160,12.9660,13.0160,1.0000,7436.0000,26353.3196
F3851,744.6587,13.5830,13.6490,13.7660,1.0000,8.0000,14265.3984
F3852,744.6660,12.6990,12.7330,12.7830,1.0000,8.0000,12656.4451
F3853,745.1930,4.8470,4.9140,4.9800,1.0000,80.0000,39310.6765
F3854,745.2190,3.2630,3.3970,3.4800,1.0000,53.0000,35228.1669
F3855,745.2402,4.3140,4.3800,4.4470,1.0000,5810.0000,3652384.2283
F3856,745.2606,6.3480,6.5480,6.4980,2.0000,23.0000,53284.1023
F3857,745.4953,14.1830,14.2330,14.3330,1.0000,10.0000,14079.0374
F3858,745.5272,6.1640,6.2140,6.2980,1.0000,9.0000,8697.9261
F3859,745.5575,7.1640,7.3730,7.3650,2.0000,156.0000,660492.7440
F3860,745.5581,10.7320,10.8650,10.8990,1.0000,39.0000,297878.5042
F3861,745.5716,6.7640,7.0480,7.1480,1.0000,11.0000,33443.5102
F3862,745.5855,8.9650,9.0820,9.2980,1.0000,27.0000,175539.5621
F3863,745.5878,10.7490,10.8990,11.0320,1.0000,54.0000,624337.3383
F3864,745.5932,9.2980,9.4150,9.5480,1.0000,260.0000,1259844.7442
F3865,745.6206,9.9150,10.0150,10.2490,1.0000,14.0000,150273.8589
F3866,745.6215,10.4490,10.5650,10.7320,1.0000,77.0000,383107.4343
F3867,745.6310,13.2660,13.3160,13.3990,1.0000,36.0000,55321.7305
F3868,745.7166,12.0160,12.0660,12.1320,1.0000,53.0000,29018.1504
F3869,745.7245,13.0490,13.0990,13.1330,1.0000,8.0000,5746.2865
F3870,746.1848,6.2480,6.2980,6.3980,1.0000,17.0000,8682.6249
F3871,746.1942,4.8640,4.9140,4.9800,1.0000,51.0000,14623.8213
F3872,746.2198,3.2800,3.3970,3.4470,1.0000,25.0000,19269.1132
F3873,746.2401,4.3140,4.3800,4.4470,1.0000,2464.0000,1622155.4369
F3874,746.2585,6.3310,6.4140,6.4980,1.0000,22.0000,36498.5902
F3875,746.2600,6.6140,6.6810,6.7810,1.0000,7.0000,20353.7846
F3876,746.5102,9.1480,9.2480,9.3480,1.0000,19788.0000,143099.6860
F3877,746.5620,10.3650,10.2820,10.4820,3.0000,23491.0000,190161.6223
F3878,746.5621,17.5170,17.8670,18.2010,1.0000,20.0000,1048864.0026
F3879,746.5629,11.2820,11.3150,11.4160,1.0000,19.0000,263209.3084
F3880,746.5660,11.6490,11.7160,11.7820,1.0000,51.0000,477079.1618
F3881,746.5648,10.5490,10.8820,11.1150,1.0000,36625.0000,898316.1477
F3882,746.5649,9.4820,9.5480,9.6820,1.0000,25671.0000,262636.2710
F3883,746.5687,8.4310,8.5480,8.6480,1.0000,29.0000,1633542.3570
F3884,746.5883,9.3150,9.4150,9.5480,1.0000,20.0000,249243.9606
F3885,746.6035,11.3320,11.3990,11.4820,1.0000,48899.0000,350122.8416
F3886,746.6056,11.0820,11.1990,11.3320,1.0000,223663.0000,2231930.3969
F3887,746.6213,9.9320,10.0320,10.1490,1.0000,9353.0000,79986.5201
F3888,746.6239,10.4320,10.5650,10.7490,1.0000,17906.0000,201033.1161
F3889,746.8474,12.5490,12.5990,12.6490,1.0000,15.0000,10555.6368
F3890,747.0510,7.2810,7.3650,7.4150,1.0000,40.0000,12220.4784
F3891,747.2199,3.2800,3.3970,3.4630,1.0000,23.0000,20364.7317
F3892,747.2385,4.3140,4.3800,4.4470,1.0000,1873.0000,747037.9430
F3893,747.2574,6.3640,6.4140,6.4810,1.0000,3692.0000,15760.2774
F3894,747.5150,9.1480,9.2320,9.3480,1.0000,10624.0000,66994.2725
F3895,747.5721,8.3980,8.5480,8.6980,1.0000,24.0000,820455.3500
F3896,747.5700,11.6490,11.7160,11.7820,1.0000,9.0000,215328.2862
F3897,747.6089,11.0820,11.1990,11.3320,1.0000,82.0000,1065922.5163
F3898,747.6251,9.9650,10.5650,10.6990,1.0000,15.0000,71295.0489
F3899,747.6387,12.5990,12.7160,12.7830,1.0000,14557.0000,83677.9744
F3900,747.7064,17.2000,17.2340,17.3340,1.0000,6.0000,5908.6069
F3901,747.7344,12.3160,12.3320,12.3990,1.0000,31660.0000,98024.7963
F3902,748.1988,5.6310,5.6810,5.7470,1.0000,8.0000,5689.1377
F3903,748.2036,11.5160,11.5660,11.5990,1.0000,3107.0000,8058.7510
F3904,748.2379,4.3140,4.3800,4.4470,1.0000,806.0000,254185.9118
F3905,748.5285,8.6820,8.7820,8.9150,1.0000,65986.0000,522317.9909
F3906,748.5433,11.9820,12.0820,12.1820,1.0000,20.0000,598271.7053
F3907,748.5441,9.7820,9.9990,10.1650,1.0000,30.0000,1711336.9443
F3908,748.5488,8.2650,8.3480,8.4310,1.0000,8190.0000,61618.6826
F3909,748.5665,10.5150,10.5650,10.6150,1.0000,14171.0000,63543.3554
F3910,748.5713,8.4480,8.5480,8.6480,1.0000,21655.0000,178443.3897
F3911,748.6111,11.0820,11.2990,11.3320,2.0000,95.0000,277307.1876
F3912,748.6442,12.6660,12.7160,12.7830,1.0000,8891.0000,39685.1416
F3913,748.6912,12.3320,12.3660,12.4330,1.0000,11.0000,26580.3226
F3914,748.7056,11.8160,11.9320,12.0160,1.0000,7.0000,23952.9379
F3915,748.7360,12.3160,12.3490,12.4160,1.0000,18217.0000,57802.9923
F3916,749.2368,4.3140,4.3800,4.4470,1.0000,229.0000,85396.4433
F3917,749.5316,8.6650,8.7820,8.9320,1.0000,33420.0000,270833.8878
F3918,749.5448,11.9660,12.0820,12.2320,1.0000,28.0000,413089.9303
F3919,749.5456,9.8980,9.9990,10.1320,1.0000,58.0000,794371.8275
F3920,749.6137,7.9980,8.1480,8.2480,1.0000,12.0000,29826.4018
F3921,749.6236,11.8160,11.8660,11.9320,1.0000,70.0000,108520.6743
F3922,749.6393,12.3660,12.4490,12.5330,1.0000,9166.0000,50070.5561
F3923,749.6521,12.5160,12.5660,12.6330,1.0000,48.0000,105941.0688
F3924,749.6528,12.6330,12.7990,12.8490,1.0000,17.0000,111888.0590
F3925,749.7496,12.5490,12.6160,12.6830,1.0000,229.0000,441203.8041
F3926,750.4070,12.1990,12.2490,12.3160,1.0000,38.0000,55111.8627
F3927,750.4869,14.7000,14.7500,14.7830,1.0000,3081.0000,8674.3871
F3928,750.5413,11.5320,11.5990,11.6660,1.0000,51.0000,201809.7318
F3929,750.5432,9.3480,9.5150,9.6820,1.0000,96.0000,1081545.1701
F3930,750.5443,9.6820,9.8650,9.9650,1.0000,26.0000,372541.6012
F3931,750.6563,12.5330,12.5660,12.6330,1.0000,19.0000,46397.3339
F3932,750.7061,11.5160,11.5490,11.6160,1.0000,2450.0000,11054.7657
F3933,750.7089,12.1320,12.1410,12.3320,2.0000,9345.0000,80299.4818
F3934,750.7085,11.7320,11.7320,11.8820,2.0000,19731.0000,108835.9956
F3935,750.7385,13.0660,13.1160,13.1490,1.0000,2936.0000,9816.1447
F3936,750.7530,12.5490,12.6160,12.6830,1.0000,163.0000,234560.5920
F3937,750.7677,14.1660,14.2160,14.3000,1.0000,31.0000,12182.1822
F3938,751.4103,12.2160,12.2660,12.3320,1.0000,27.0000,30835.7442
F3939,751.4130,12.5330,12.5990,12.6660,1.0000,15.0000,19936.1541
F3940,751.5158,0.7130,0.7800,0.8460,1.0000,26.0000,19576.3372
F3941,751.5356,8.6980,8.7820,8.8650,1.0000,15.0000,16471.7131
F3942,751.5462,9.3980,9.5150,9.6480,1.0000,89.0000,507428.4703
F3943,751.5464,9.6820,9.8650,10.0320,1.0000,22.0000,188337.5328
F3944,751.5463,8.9820,9.1320,9.3650,1.0000,12.0000,80389.9889
F3945,751.5449,11.2990,11.5820,11.8660,1.0000,26.0000,128047.6988
F3946,751.5720,7.5810,7.6650,7.7650,1.0000,74.0000,244731.9056
F3947,751.5723,7.7650,7.8480,7.9310,1.0000,22.0000,87292.8856
F3948,751.6566,12.5990,12.6660,12.7490,1.0000,19.0000,84705.3490
F3949,751.7556,12.5490,12.6160,12.6830,1.0000,71.0000,68173.5038
F3950,752.0082,0.7460,0.7800,0.8300,1.0000,3307.0000,9010.4338
F3951,752.4068,12.2160,12.2660,12.3320,1.0000,22.0000,39155.0234
F3952,752.5185,0.7300,0.7800,0.8130,1.0000,37.0000,8617.2800
F3953,752.5190,6.4810,6.5480,6.6480,1.0000,22.0000,81434.3591
F3954,752.5219,5.6640,5.7310,5.7970,1.0000,11.0000,32575.6142
F3955,752.5499,9.3650,9.5320,9.6150,1.0000,14891.0000,134441.6681
F3956,752.5592,11.4160,11.3150,11.5490,2.0000,220.0000,1907979.8583
F3957,752.5579,9.6980,9.8650,10.0150,1.0000,19.0000,210115.2433
F3958,752.5637,7.4310,7.5150,7.5980,1.0000,8636.0000,42539.5454
F3959,752.5708,7.7650,7.8310,7.8810,1.0000,22.0000,48215.5046
F3960,752.5756,7.5650,7.6650,7.7650,1.0000,44.0000,123152.0082
F3961,752.6646,6.7810,6.8810,6.9310,1.0000,10.0000,5820.2801
F3962,752.6653,12.5490,12.6490,12.7490,1.0000,8.0000,57651.1834
F3963,752.6766,13.0160,13.1490,13.2330,1.0000,12.0000,61349.0541
F3964,752.7466,13.4330,13.5160,13.5830,1.0000,10.0000,27258.9765
F3965,753.4091,12.2160,12.2660,12.3320,1.0000,12.0000,16923.1452
F3966,753.4833,0.7130,0.7800,0.8630,1.0000,14.0000,12588.4428
F3967,753.4986,5.8970,5.9970,6.0470,1.0000,8.0000,11954.1814
F3968,753.5100,5.6640,5.7810,5.8470,1.0000,7.0000,10419.2135
F3969,753.5230,5.6470,5.7140,5.7640,1.0000,7.0000,10989.0276
F3970,753.5234,6.4140,6.5640,6.6980,1.0000,11.0000,44537.2913
F3971,753.5616,9.7150,9.8820,9.9650,1.0000,23.0000,93861.0233
F3972,753.5620,11.3990,11.4820,11.5490,1.0000,263.0000,943865.3079
F3973,753.5658,7.4650,7.5150,7.5980,1.0000,10.0000,16716.5362
F3974,753.5790,7.5810,7.6650,7.7650,1.0000,5135.0000,34095.0091
F3975,753.5879,9.1820,9.2980,9.3980,1.0000,132.0000,555273.6792
F3976,753.6295,16.2330,16.2830,16.3330,1.0000,5.0000,7902.8321
F3977,753.6713,12.8830,12.9490,13.0330,1.0000,29.0000,101402.1658
F3978,753.7070,12.1660,12.2320,12.2820,1.0000,6457.0000,36711.0469
F3979,753.7079,12.0490,12.1160,12.1660,1.0000,18601.0000,65447.5080
F3980,753.7500,13.4830,13.5830,13.6990,1.0000,7.0000,9085.0067
F3981,754.2978,5.6810,5.7640,5.8470,1.0000,62.0000,28662.2697
F3982,754.5351,7.5480,7.6480,7.7480,1.0000,75.0000,348312.8150
F3983,754.5377,5.9140,5.9970,6.0640,1.0000,9.0000,52835.0012
F3984,754.5380,6.3140,6.3980,6.4810,1.0000,120.0000,599083.8031
F3985,754.5656,11.4160,11.4820,11.5490,1.0000,68.0000,253836.0444
F3986,754.5745,11.6820,11.6820,11.8160,2.0000,33.0000,137035.2307
F3987,754.5741,7.9810,8.0650,8.2310,1.0000,25.0000,99074.1573
F3988,754.5909,9.1480,9.2980,9.4480,1.0000,89.0000,291920.3090
F3989,754.6304,11.6320,11.6660,11.7160,1.0000,4222.0000,14073.3478
F3990,754.6760,12.9160,12.9490,13.0330,1.0000,14639.0000,49052.9905
F3991,754.6914,13.4660,13.4740,13.5830,2.0000,22.0000,73018.4184
F3992,754.7092,12.0660,12.1660,12.1660,2.0000,9576.0000,31303.8316
F3993,754.7380,12.8660,12.9160,12.9490,1.0000,2126.0000,5958.5879
F3994,755.2965,5.6310,5.7640,6.0140,1.0000,5804.0000,52080.7376
F3995,755.5385,7.5480,7.6480,7.7310,1.0000,35.0000,156310.6374
F3996,755.5402,5.9310,5.9970,6.0640,1.0000,9.0000,27148.1843
F3997,755.5413,6.3140,6.3980,6.4810,1.0000,92.0000,290133.2131
F3998,755.5585,12.4160,12.4660,12.5330,1.0000,6.0000,9123.3245
F3999,755.5697,11.4160,11.4820,11.5320,1.0000,10.0000,56378.4213
F4000,755.5803,11.5490,11.6160,11.6490,1.0000,12.0000,72534.3673
F4001,755.5936,9.1820,9.2820,9.4320,1.0000,9214.0000,76954.5128
F4002,755.6040,7.6810,8.0650,8.3810,1.0000,26.0000,332229.6360
F4003,755.6215,11.8820,11.9320,11.9820,1.0000,4857.0000,19927.8725
F4004,755.6343,12.5490,12.5990,12.6990,1.0000,5.0000,21761.4495
F4005,755.6389,4.4470,4.4970,4.5300,1.0000,5.0000,6714.2337
F4006,755.6934,13.4660,13.4740,13.6160,2.0000,17.0000,41018.0864
F4007,755.7117,12.0820,12.1160,12.1990,1.0000,8.0000,14764.1455
F4008,756.0608,7.2640,7.3480,7.4810,1.0000,10.0000,9877.8976
F4009,756.2614,4.3300,4.3800,4.4470,1.0000,31.0000,8755.1627
F4010,756.2600,6.7810,6.8480,6.9140,1.0000,21.0000,10708.5715
F4011,756.2977,5.6970,5.7640,5.8310,1.0000,15.0000,21942.5398
F4012,756.5447,5.9810,6.3980,6.6140,1.0000,31.0000,110796.3330
F4013,756.5512,9.1150,9.3150,9.5150,1.0000,114.0000,342810.9146
F4014,756.5513,14.9330,15.0160,15.1160,1.0000,20.0000,47806.0786
F4015,756.5540,6.6810,7.1480,6.8480,4.0000,467.0000,2996449.1942
F4016,756.5907,9.6650,9.8480,10.0150,1.0000,51.0000,160707.8024
F4017,756.5933,10.1490,10.2990,10.3820,1.0000,15.0000,120351.5754
F4018,756.6033,8.1310,8.1650,8.2650,1.0000,7.0000,41971.8741
F4019,756.6181,11.8820,11.9320,11.9660,1.0000,9.0000,23445.5256
F4020,756.6310,11.5990,11.7660,11.8990,1.0000,11795.0000,107034.9158
F4021,757.2557,5.3970,5.4640,5.5470,1.0000,259.0000,282677.0382
F4022,757.2871,5.7810,5.8310,5.8970,1.0000,5.0000,7477.4666
F4023,757.5486,6.2980,6.3980,6.4980,1.0000,9.0000,22685.8802
F4024,757.5533,14.9500,15.0160,15.1000,1.0000,13.0000,23471.3846
F4025,757.5569,6.9810,7.2480,7.1480,3.0000,210.0000,1102435.1606
F4026,757.5547,9.1650,9.3150,9.4150,1.0000,17697.0000,151485.5143
F4027,757.5573,6.6810,6.7640,6.8480,1.0000,343.0000,1320309.4974
F4028,757.6005,10.2320,10.2820,10.4150,1.0000,27.0000,51207.2760
F4029,757.6213,9.6320,9.6070,9.8820,2.0000,294.0000,2201850.5075
F4030,757.6362,11.5820,11.6490,11.7160,1.0000,10.0000,57626.4942
F4031,757.6488,12.6490,12.8240,12.7830,2.0000,65.0000,1424252.7033
F4032,757.7127,8.0810,8.1150,8.1650,1.0000,8438.0000,29786.9665
F4033,757.7532,13.3490,13.3990,13.4660,1.0000,21.0000,16907.4165
F4034,757.7550,13.4660,13.5490,13.6330,1.0000,13.0000,12748.6453
F4035,758.2216,12.0820,12.1820,12.2490,1.0000,27.0000,127846.3698
F4036,758.2228,11.6990,11.7490,11.8160,1.0000,7593.0000,10428322.6673
F4037,758.2563,5.3970,5.4640,5.5470,1.0000,358.0000,185971.0681
F4038,758.2938,5.6810,5.7640,6.1140,1.0000,9.0000,28255.8287
F4039,758.5610,2.4470,2.5300,2.5800,1.0000,7.0000,6723.8257
F4040,758.5601,6.3140,7.0140,7.7150,1.0000,48.0000,1323823.9397
F4041,758.5702,7.7650,7.8480,7.9650,1.0000,33.0000,5657448.2000
F4042,758.5780,7.9480,8.0980,8.2650,1.0000,4184.0000,189713082.4395
F4043,758.6217,10.0650,10.1150,10.1650,1.0000,5993.0000,31956.3638
F4044,758.6238,7.5150,7.5810,7.6980,1.0000,36.0000,46147.2035
F4045,758.6249,9.5980,9.7480,9.9150,1.0000,109793.0000,1151950.7372
F4046,758.6519,12.6490,12.8240,12.7830,2.0000,42.0000,712467.3669
F4047,758.6713,18.0840,18.1340,18.2010,1.0000,18.0000,7570.7776
F4048,758.7535,13.3490,13.3990,13.4660,1.0000,12.0000,11243.9384
F4049,759.2218,12.1490,12.1990,12.2660,1.0000,20.0000,55917.9661
F4050,759.2234,11.6820,11.7490,11.8160,1.0000,6672.0000,7434143.1889
F4051,759.2343,3.9140,3.9640,4.0300,1.0000,180.0000,99383.5621
F4052,759.2347,3.7970,3.8640,3.9140,1.0000,119.0000,62230.7936
F4053,759.2550,5.3970,5.4640,5.5470,1.0000,307.0000,142147.5751
F4054,759.2937,5.7140,5.7640,5.7970,1.0000,2428.0000,8509.1500
F4055,759.5218,15.1830,15.2330,15.2660,1.0000,5.0000,5434.1158
F4056,759.5230,9.8480,10.0150,10.1650,1.0000,29.0000,77841.5238
F4057,759.5627,6.6640,6.9060,6.8480,2.0000,22.0000,78172.0860
F4058,759.5731,7.7810,7.8480,7.9810,1.0000,138.0000,3635475.4581
F4059,759.5780,7.9480,8.0980,8.2650,1.0000,6760.0000,125744291.2227
F4060,759.5874,12.9330,12.9830,13.0660,1.0000,9644.0000,39143.6550
F4061,759.6135,6.1640,6.2310,6.3140,1.0000,7.0000,11967.1447
F4062,759.6272,9.5980,9.7480,9.9150,1.0000,30.0000,296545.8807
F4063,759.6282,7.5310,7.5980,7.6810,1.0000,20.0000,25754.0769
F4064,759.6379,11.4490,11.5160,11.5990,1.0000,914.0000,5801841.5606
F4065,759.6529,12.6490,12.8160,12.7830,2.0000,30.0000,238164.7570
F4066,760.2013,6.5980,6.6640,6.7480,3.0000,1158.0000,3170508.2681
F4067,760.2133,4.8470,4.9140,4.9640,1.0000,19.0000,6475.0584
F4068,760.2213,12.0990,12.1820,12.2490,1.0000,19.0000,67499.5395
F4069,760.2216,11.6990,11.7490,11.8160,1.0000,5725.0000,5970382.9908
F4070,760.2351,3.9140,3.9140,4.0300,2.0000,404.0000,74493.3887
F4071,760.2370,7.5980,7.6810,7.7980,1.0000,8544.0000,50426.8698
F4072,760.2554,5.3970,5.4640,5.5470,1.0000,90.0000,68655.6455
F4073,760.2879,5.7140,5.7640,5.8310,1.0000,6.0000,6824.1842
F4074,760.4640,15.2000,15.3670,15.3160,3.0000,3497.0000,24253.1534
F4075,760.4634,15.8670,15.9330,15.9830,3.0000,4431.0000,22100.4780
F4076,760.4638,13.3830,13.6080,13.5990,2.0000,2794.0000,30875.7351
F4077,760.4642,12.5330,13.0740,12.9660,2.0000,4020.0000,72129.4579
F4078,760.4635,14.1160,14.2330,14.4160,1.0000,3263.0000,45430.5727
F4079,760.4644,14.4160,14.6830,14.9830,1.0000,3671.0000,88637.4715
F4080,760.4641,17.4670,17.8340,18.2010,1.0000,16.0000,87089.0701
F4081,760.4628,11.7990,12.0660,12.5330,1.0000,3347.0000,111018.6238
F4082,760.4649,13.7830,13.9330,13.9000,3.0000,3398.0000,15271.4323
F4083,760.4651,14.9830,15.0500,15.0830,1.0000,3222.0000,17104.7080
F4084,760.5745,12.0490,12.0820,12.1320,1.0000,10603.0000,50139.2016
F4085,760.5758,7.7650,7.8480,7.9980,1.0000,21.0000,1572786.3534
F4086,760.5751,17.8500,17.9500,18.0840,1.0000,14.0000,93127.1012
F4087,760.5781,11.7660,11.9160,11.8820,3.0000,14516.0000,71395.1023
F4088,760.5775,7.9980,8.0980,8.2150,1.0000,1642.0000,42968134.5904
F4089,760.5906,9.4820,9.6320,9.7650,1.0000,2490.0000,134666147.6934
F4090,760.6264,11.6490,11.6820,11.7320,1.0000,13629.0000,44519.5584
F4091,760.6413,11.4490,11.5160,11.5990,1.0000,1194.0000,2720242.1347
F4092,760.6540,12.6490,12.7160,12.7830,1.0000,21.0000,82386.8069
F4093,760.6656,12.1490,12.1990,12.2660,1.0000,20.0000,50624.7402
F4094,760.8629,12.3820,12.4910,12.4990,2.0000,44.0000,23335.8357
F4095,760.8810,0.7300,0.7800,0.8130,1.0000,3364.0000,9816.1208
F4096,761.2019,6.5980,6.7230,6.7480,2.0000,739.0000,2307547.0610
F4097,761.2216,11.6990,11.7490,11.8160,1.0000,4677.0000,2818194.0367
F4098,761.2204,12.1320,12.1990,12.2660,1.0000,15.0000,26901.2778
F4099,761.2342,3.9140,3.9140,4.0300,2.0000,231.0000,56058.7131
F4100,761.2387,7.5980,7.6810,7.7980,1.0000,46.0000,36351.3818
F4101,761.2544,5.3970,5.4640,5.5310,1.0000,57.0000,30075.9819
F4102,761.5762,15.1500,15.2160,15.2500,1.0000,4624.0000,23568.3305
F4103,761.5786,16.2830,15.9170,16.4840,4.0000,4517.0000,30881.4162
F4104,761.5783,15.2500,15.0660,15.3670,3.0000,4337.0000,34272.1780
F4105,761.5799,7.9980,8.0980,8.2150,1.0000,639.0000,7978742.1147
F4106,761.5812,16.0170,16.0670,16.1170,1.0000,4414.0000,25199.6580
F4107,761.5914,9.4980,9.6320,9.7480,1.0000,2629.0000,78108697.1814
F4108,761.5996,13.2660,13.3160,13.3660,1.0000,12023.0000,37669.8671
F4109,761.6278,7.2640,7.3480,7.4310,1.0000,151680.0000,767021.9144
F4110,761.6436,11.4490,11.5160,11.5990,1.0000,255.0000,720396.6108
F4111,761.6526,11.7320,11.7660,11.8320,1.0000,110.0000,216066.9223
F4112,761.6674,12.1660,12.2160,12.2660,1.0000,15.0000,27689.3251
F4113,761.8663,12.3820,12.4910,12.4990,2.0000,26.0000,13942.8981
F4114,762.1807,4.2640,4.4390,4.3800,2.0000,14.0000,22288.6911
F4115,762.2003,6.5980,6.6640,6.7480,1.0000,665.0000,1913382.1778
F4116,762.2200,11.6990,11.7490,11.8160,1.0000,2892.0000,1295878.7181
F4117,762.2339,3.9140,3.9140,4.0300,2.0000,141.0000,26056.4622
F4118,762.2349,7.5650,7.6980,7.8310,1.0000,60.0000,30792.4753
F4119,762.2523,5.3970,5.4640,5.5470,1.0000,31.0000,12247.7988
F4120,762.5049,8.1480,8.2150,8.2980,1.0000,12999.0000,73370.4752
F4121,762.5584,10.4490,10.5650,10.5820,4.0000,57163.0000,475894.8893
F4122,762.5586,11.3150,11.2990,11.4990,2.0000,104280.0000,996422.7930
F4123,762.5596,9.8150,9.9990,10.1650,1.0000,937202.0000,11501272.3736
F4124,762.5819,7.9810,8.0980,8.2150,1.0000,147133.0000,1184251.8115
F4125,762.5924,9.5150,9.6150,9.7320,1.0000,2396918.0000,20216357.7682
F4126,762.5998,11.4490,11.5160,11.5820,1.0000,393171.0000,1595101.2044
F4127,762.6306,7.2640,7.3480,7.4310,1.0000,322.0000,360445.6240
F4128,762.6605,12.6490,12.7330,12.8160,1.0000,18.0000,119964.0718
F4129,762.6771,12.8830,12.9330,13.0160,1.0000,9.0000,28886.4552
F4130,762.6749,13.5330,13.6160,13.6990,1.0000,6575.0000,36171.0864
F4131,762.7684,14.2000,14.2830,14.3660,1.0000,7.0000,7133.4726
F4132,763.1794,5.0470,5.1310,5.1970,1.0000,8.0000,16372.7397
F4133,763.1817,4.2640,4.3300,4.3800,1.0000,11.0000,15439.3805
F4134,763.1816,5.1970,5.2640,5.3310,1.0000,9.0000,22543.0855
F4135,763.1999,6.5980,6.6640,6.7480,1.0000,346.0000,917227.0310
F4136,763.2318,3.9140,3.9640,4.0300,1.0000,39.0000,14032.5571
F4137,763.2361,7.5980,7.6810,7.7650,1.0000,22.0000,13114.5814
F4138,763.2345,3.8300,3.8640,3.9140,1.0000,26.0000,8035.9977
F4139,763.5085,8.1480,8.2150,8.3150,1.0000,6135.0000,35360.3592
F4140,763.5618,11.9490,12.0820,12.2320,1.0000,26.0000,2355157.8291
F4141,763.5615,10.3150,10.7990,10.5150,5.0000,18839.0000,185313.6627
F4142,763.5624,9.8820,9.9990,10.1320,1.0000,457314.0000,5114442.1678
F4143,763.5625,11.5160,11.5660,11.6160,1.0000,10.0000,422513.9551
F4144,763.5833,7.9810,8.0980,8.2150,1.0000,20673.0000,160456.6140
F4145,763.5948,9.3980,9.6150,9.7650,1.0000,411215.0000,3895696.9541
F4146,763.6013,11.4490,11.5160,11.5820,1.0000,188934.0000,770575.2441
F4147,763.6333,7.2640,7.3480,7.4310,1.0000,175.0000,99227.2754
F4148,763.6388,7.9480,8.0310,8.0650,1.0000,19.0000,19682.9872
F4149,763.6658,12.6660,12.7490,12.8490,1.0000,11312.0000,65698.8269
F4150,763.7020,11.1320,11.6990,12.2490,1.0000,11034.0000,300194.0487
F4151,763.7028,10.3650,10.6900,10.5650,6.0000,2707.0000,13897.5684
F4152,763.7617,12.5660,12.6160,12.6660,1.0000,9.0000,22402.4624
F4153,763.7634,12.7490,12.7660,12.8490,1.0000,11.0000,31945.3369
F4154,764.1795,5.0640,5.1310,5.1970,1.0000,9.0000,12813.3739
F4155,764.1987,6.5480,6.6810,6.8810,1.0000,273.0000,585381.0221
F4156,764.5224,7.7650,7.8480,7.9480,1.0000,82.0000,485385.1053
F4157,764.5567,8.9820,9.0650,9.1650,1.0000,26.0000,153893.1166
F4158,764.5597,7.4980,7.5810,7.7310,1.0000,26143.0000,223326.9799
F4159,764.5640,10.4320,11.0490,10.5990,5.0000,7353.0000,66851.5140
F4160,764.5649,11.9820,12.0820,12.1820,1.0000,24.0000,557243.2755
F4161,764.5649,9.8650,9.9990,10.1150,1.0000,129247.0000,1443330.3206
F4162,764.5651,11.4160,11.4660,11.5160,1.0000,19519.0000,98708.0199
F4163,764.5909,7.2810,7.3650,7.4810,1.0000,119108.0000,692491.0220
F4164,764.5971,9.5150,9.6320,9.7480,1.0000,272.0000,540226.3398
F4165,764.6047,11.4490,11.5160,11.5820,1.0000,49579.0000,196668.1975
F4166,764.6439,7.9810,8.0150,8.0650,1.0000,16.0000,8730.8169
F4167,764.6673,18.0340,18.0840,18.1340,1.0000,19.0000,7443.5097
F4168,764.6760,12.9330,12.9990,13.0660,1.0000,60.0000,333804.7368
F4169,764.6906,12.5830,12.7490,12.9330,1.0000,10.0000,67459.8343
F4170,764.7663,12.6660,12.7660,12.8160,1.0000,9.0000,27042.0438
F4171,764.7840,14.4160,14.4830,14.6160,1.0000,18.0000,15227.0372
F4172,764.9668,0.7300,0.7960,0.8460,1.0000,6648.0000,20604.6085
F4173,765.1780,5.1970,5.2640,5.3470,1.0000,7.0000,9298.0231
F4174,765.1981,6.5980,6.6640,6.8810,1.0000,90.0000,215652.3731
F4175,765.5258,7.7650,7.8480,7.9480,1.0000,94.0000,241244.2647
F4176,765.5597,8.9650,9.0820,9.1820,1.0000,27.0000,73653.3568
F4177,765.5623,7.4980,7.5810,7.7480,1.0000,12967.0000,111624.4510
F4178,765.5679,9.8820,10.0150,10.1320,1.0000,30.0000,275631.8789
F4179,765.5940,7.2810,7.3650,7.4810,1.0000,56997.0000,320552.5604
F4180,765.6007,9.5150,9.6320,9.7480,1.0000,48.0000,75578.4070
F4181,765.6066,11.4660,11.5160,11.5660,1.0000,10488.0000,39950.9397
F4182,765.6459,12.1490,12.1990,12.2990,1.0000,14.0000,34336.0690
F4183,765.6799,12.9330,13.0160,13.0830,1.0000,39862.0000,187717.4943
F4184,765.6901,13.0660,13.1160,13.1830,1.0000,16.0000,42288.5057
F4185,765.7002,12.6990,12.7660,12.8160,1.0000,12.0000,34297.1191
F4186,765.7862,14.4330,14.5000,14.6000,1.0000,11.0000,11349.6202
F4187,766.1965,6.5980,6.7140,6.7310,2.0000,36.0000,28672.9191
F4188,766.5391,8.2980,8.4650,8.5480,1.0000,35596.0000,316589.9489
F4189,766.5619,8.9820,9.0320,9.1980,1.0000,14.0000,171132.5877
F4190,766.5737,7.7810,7.8810,7.9650,1.0000,14.0000,397225.9699
F4191,766.5750,8.6480,8.7480,8.8650,1.0000,828590.0000,6479854.6467
F4192,766.5933,7.2980,7.3650,7.4310,1.0000,13763.0000,74352.3993
F4193,766.6917,13.2490,13.3160,13.3990,1.0000,111.0000,690981.3420
F4194,766.7137,11.5990,11.6660,11.7160,1.0000,6.0000,36141.4905
F4195,766.7745,13.4490,13.5160,13.5660,1.0000,16.0000,19377.4521
F4196,766.7844,0.7300,0.7630,0.8460,1.0000,61.0000,16361.7477
F4197,767.1943,6.5980,6.7140,6.7140,2.0000,17.0000,9945.0808
F4198,767.4362,12.1820,12.2490,12.2990,1.0000,10.0000,15475.7985
F4199,767.5415,7.1980,7.2810,7.3140,1.0000,11.0000,42817.5789
F4200,767.5428,8.3310,8.4480,8.5480,1.0000,17022.0000,143526.8526
F4201,767.5456,7.2980,7.3650,7.4150,1.0000,12623.0000,65040.3678
F4202,767.5680,10.8990,10.9490,10.9990,1.0000,3733.0000,15278.3123
F4203,767.5780,8.6480,8.7480,8.8650,1.0000,133.0000,3107687.4776
F4204,767.6165,12.6830,12.7330,12.8330,1.0000,5275.0000,30405.5824
F4205,767.6491,11.9160,11.9490,11.9990,1.0000,4471.0000,16415.1462
F4206,767.6579,11.9660,12.0160,12.1490,1.0000,27.0000,86714.2374
F4207,767.6939,12.5830,12.6330,12.6990,1.0000,10.0000,37224.8945
F4208,767.6951,13.2490,13.3160,13.3990,1.0000,76.0000,349787.1180
F4209,767.7008,7.3310,7.3810,7.4150,1.0000,1659.0000,5800.1366
F4210,767.7566,12.3820,12.4660,12.5160,1.0000,11.0000,9655.2880
F4211,767.7764,13.4490,13.4990,13.5660,1.0000,9.0000,13537.4089
F4212,767.8122,8.0980,8.1310,8.1810,1.0000,1837.0000,6436.1101
F4213,768.4925,9.1650,9.2150,9.3480,1.0000,7196.0000,48239.6543
F4214,768.5343,9.8980,9.9990,10.2820,1.0000,47.0000,185267.9638
F4215,768.5512,11.6660,11.7160,11.7820,1.0000,19267.0000,64111.8495
F4216,768.5537,6.9810,7.0640,7.1640,1.0000,63.0000,459913.7292
F4217,768.5537,10.3990,10.5150,10.6320,1.0000,175.0000,1318172.8226
F4218,768.5525,8.4150,8.5150,8.5650,1.0000,8.0000,57186.0652
F4219,768.5811,8.6480,8.7650,9.0150,1.0000,27.0000,1142447.7085
F4220,768.5909,9.0150,9.1150,9.2320,1.0000,242.0000,7077849.2206
F4221,768.5900,9.5820,9.6980,9.8480,1.0000,26.0000,984488.1209
F4222,768.6596,11.9160,12.0160,12.0660,1.0000,6.0000,31982.7131
F4223,768.6992,13.2490,13.3160,13.3990,1.0000,33.0000,107865.2743
F4224,768.7071,13.6660,13.7330,13.8160,1.0000,241.0000,681096.2295
F4225,768.7502,12.8830,12.9330,12.9990,1.0000,8.0000,13097.8836
F4226,768.9546,0.7460,0.7800,0.8460,1.0000,5052.0000,13990.8794
F4227,769.4330,12.3990,12.4990,12.5490,1.0000,7.0000,10919.8521
F4228,769.4942,6.5310,6.5810,6.6310,1.0000,5.0000,6819.4589
F4229,769.4940,9.1650,9.2320,9.4150,1.0000,15.0000,25586.8194
F4230,769.5373,9.9480,9.9990,10.1320,1.0000,27.0000,74230.4584
F4231,769.5441,17.9170,17.9500,18.0000,1.0000,5.0000,5722.7913
F4232,769.5533,14.6830,14.9660,15.2500,1.0000,5.0000,10299.9936
F4233,769.5566,6.9810,7.0640,7.1640,1.0000,36.0000,220882.3370
F4234,769.5570,10.3990,10.5150,10.6320,1.0000,113.0000,659623.6394
F4235,769.5624,7.9980,8.0980,8.1650,1.0000,11910.0000,80009.8176
F4236,769.5692,14.9830,15.0330,15.0830,1.0000,14.0000,9040.1022
F4237,769.5733,8.1480,8.1810,8.2310,1.0000,4196.0000,13919.5695
F4238,769.5849,8.6310,8.7650,8.8650,1.0000,23122.0000,184367.8437
F4239,769.5895,8.8650,8.9320,8.9650,1.0000,4917.0000,28289.5866
F4240,769.5940,9.0150,9.1150,9.2320,1.0000,196.0000,3342005.8232
F4241,769.5930,9.5820,9.6980,9.8650,1.0000,22.0000,486765.1954
F4242,769.6310,12.9330,12.9990,13.0830,1.0000,55.0000,91175.5526
F4243,769.7001,13.0660,13.3330,13.6160,1.0000,8.0000,44320.8316
F4244,769.7104,13.6660,13.7330,13.8160,1.0000,194.0000,351113.3872
F4245,770.0594,7.9980,8.1150,8.1980,1.0000,128.0000,86864.5163
F4246,770.2760,6.9310,6.9640,7.0480,1.0000,9.0000,6129.0661
F4247,770.5093,8.6820,8.7820,8.8980,1.0000,36.0000,80583.9711
F4248,770.5608,6.9980,7.0810,7.1640,1.0000,10878.0000,62527.5930
F4249,770.5610,10.4150,10.5150,10.6820,1.0000,96.0000,192349.3139
F4250,770.5692,7.3980,7.6060,7.5650,2.0000,41.0000,347899.7450
F4251,770.5868,8.6820,8.7480,8.7980,1.0000,15.0000,25606.5543
F4252,770.5966,8.9820,9.1320,9.2650,1.0000,502.0000,970867.8218
F4253,770.6010,9.4320,9.4820,9.5150,1.0000,46.0000,38827.1057
F4254,770.6054,11.3320,11.2990,11.4820,2.0000,81.0000,805838.2493
F4255,770.6057,9.9820,10.1150,10.2320,1.0000,27.0000,1018333.0344
F4256,770.6053,9.4980,9.6480,9.8150,1.0000,58.0000,1724981.0769
F4257,770.6348,12.9330,12.9990,13.0830,1.0000,19.0000,52102.8636
F4258,770.7132,13.6660,13.7330,13.7990,1.0000,73.0000,98306.0691
F4259,771.0615,7.9810,8.0980,8.1980,1.0000,36.0000,26574.0598
F4260,771.2759,4.3300,4.3800,4.4300,1.0000,2798.0000,8868.6228
F4261,771.5132,8.6820,8.7820,8.8980,1.0000,27.0000,34585.9309
F4262,771.5513,6.5640,6.5980,6.6480,1.0000,8.0000,4828.9788
F4263,771.5640,10.4490,10.5150,10.5990,1.0000,5843.0000,32946.7281
F4264,771.5725,7.3980,7.6060,7.5650,2.0000,30.0000,165794.6596
F4265,771.6089,9.8820,10.1320,10.4320,1.0000,27.0000,706444.9507
F4266,771.6084,9.5320,9.6480,9.7650,1.0000,57.0000,790373.3199
F4267,771.6087,11.3320,11.4160,11.4820,1.0000,28.0000,408723.2661
F4268,771.6155,11.2650,11.3150,11.3490,1.0000,9302.0000,42506.2789
F4269,771.6248,11.1820,11.2150,11.2650,1.0000,12626.0000,53592.5378
F4270,771.6351,10.9650,11.1150,11.1990,1.0000,54.0000,244867.8940
F4271,771.6411,11.9660,12.0160,12.0990,1.0000,12.0000,82855.0543
F4272,771.6440,3.7140,3.8800,3.9140,2.0000,18.0000,36342.2960
F4273,771.6464,13.2490,13.3160,13.3990,1.0000,42.0000,143098.8647
F4274,771.7152,13.6660,13.7330,13.7990,1.0000,34.0000,19464.0547
F4275,772.0765,9.4980,9.6320,9.7650,1.0000,100.0000,59496.3416
F4276,772.2736,12.0160,12.1740,12.1320,2.0000,38.0000,27649.9995
F4277,772.5236,11.5160,11.5990,11.6660,1.0000,60.0000,57317.2371
F4278,772.5255,9.3820,9.5150,9.6820,1.0000,15532.0000,153035.4788
F4279,772.5261,9.8650,9.9150,9.9820,1.0000,3022.0000,14935.2334
F4280,772.5458,5.5810,5.6640,5.7140,1.0000,5.0000,5461.5159
F4281,772.5481,6.1980,6.2810,6.3640,1.0000,15.0000,42052.3048
F4282,772.5765,7.4150,7.4810,7.5980,1.0000,18.0000,99023.8889
F4283,772.5852,9.0150,8.9480,9.2320,2.0000,359637.0000,2977374.7768
F4284,772.5869,9.2320,9.4980,9.5320,1.0000,7765.0000,372331.8171
F4285,772.6081,10.4490,10.4990,10.5320,1.0000,20.0000,14119.8085
F4286,772.6111,9.5650,10.0990,9.7980,4.0000,82.0000,106279.0625
F4287,772.6209,11.4820,11.5490,11.6160,3.0000,242869.0000,1024853.8701
F4288,772.6381,11.0320,11.1150,11.2150,1.0000,16851.0000,121829.5413
F4289,772.6493,13.2660,13.3160,13.4160,1.0000,45.0000,78955.1720
F4290,772.6696,12.7660,12.8160,12.8660,1.0000,2877.0000,12092.3503
F4291,772.6786,12.6330,12.9160,12.9830,1.0000,3214.0000,18482.3425
F4292,772.7122,13.0490,13.0830,13.1660,1.0000,10.0000,8757.3823
F4293,772.8690,0.7300,0.7800,0.8460,1.0000,153.0000,27319.5902
F4294,773.2741,4.3300,4.3800,4.4140,1.0000,14.0000,6695.0653
F4295,773.2746,12.0160,12.0660,12.1320,1.0000,135.0000,42533.0402
F4296,773.2754,12.1320,12.2660,12.3990,1.0000,24.0000,31890.9206
F4297,773.2918,11.6490,11.6820,11.7320,1.0000,39.0000,5893.1153
F4298,773.5326,11.5490,11.5990,11.6660,1.0000,11.0000,50252.0440
F4299,773.5380,9.8980,9.9820,10.1650,1.0000,17.0000,140319.0147
F4300,773.5528,6.1980,6.2640,6.3980,1.0000,20.0000,25897.4054
F4301,773.5830,7.4310,7.4810,7.5480,1.0000,13.0000,21792.9418
F4302,773.5883,9.0150,8.9480,9.2320,2.0000,322.0000,1447710.1584
F4303,773.6115,9.5480,9.6480,9.7650,1.0000,11.0000,60686.9999
F4304,773.6242,11.4820,11.4660,11.6160,2.0000,245.0000,491670.8512
F4305,773.6361,10.9650,11.0990,11.1820,1.0000,17.0000,33455.6635
F4306,773.6437,12.5830,12.6490,12.7160,1.0000,12.0000,60447.5570
F4307,773.6535,11.7490,11.8160,11.8820,1.0000,684.0000,1801533.7329
F4308,773.6622,13.6660,13.7330,13.7990,1.0000,68.0000,95861.9810
F4309,773.9519,0.7460,0.7960,0.8300,1.0000,1938.0000,5829.1466
F4310,774.2528,8.2480,8.3480,8.4480,1.0000,191.0000,234260.6080
F4311,774.2729,12.0160,12.1410,12.1320,2.0000,85.0000,33160.0602
F4312,774.5408,11.4160,11.4820,11.5490,1.0000,105.0000,462369.3431
F4313,774.5435,11.8160,11.9160,11.9660,1.0000,8.0000,61471.2666
F4314,774.5441,8.8980,9.0650,9.1480,1.0000,13.0000,214392.6016
F4315,774.5531,17.2840,17.3170,17.3670,1.0000,2310.0000,8174.9167
F4316,774.5642,6.2640,6.3640,6.4310,1.0000,47.0000,220196.0211
F4317,774.5661,4.7470,4.7970,4.8470,1.0000,7.0000,24125.3640
F4318,774.5747,8.1810,8.4480,8.5150,1.0000,9.0000,15782.8241
F4319,774.5911,8.6310,8.7650,8.9980,1.0000,26.0000,277058.6346
F4320,774.5907,8.9980,9.1150,9.2150,1.0000,60.0000,423704.8050
F4321,774.5977,10.0490,10.0820,10.2320,1.0000,2658.0000,36177.5329
F4322,774.6003,10.2320,10.4650,10.6990,1.0000,39897.0000,620935.8216
F4323,774.6004,10.6990,10.9490,11.1150,1.0000,102346.0000,1334979.1111
F4324,774.6228,11.3490,11.3820,11.4490,1.0000,6.0000,44803.2307
F4325,774.6267,11.4820,11.5490,11.6160,1.0000,20.0000,130249.6660
F4326,774.6370,18.0340,18.0840,18.1170,1.0000,15.0000,6394.2905
F4327,774.6479,12.5990,12.6490,12.6990,1.0000,8.0000,27442.8545
F4328,774.6565,11.7490,11.8160,11.8820,1.0000,308260.0000,863126.1400
F4329,774.6652,13.6660,13.7330,13.7990,1.0000,22.0000,51472.1130
F4330,774.7321,13.4490,13.5160,13.5990,1.0000,8.0000,10690.0641
F4331,774.8786,12.7660,12.8330,12.9490,1.0000,29.0000,26829.0108
F4332,775.2157,9.9990,10.2490,10.4490,1.0000,6.0000,15396.7318
F4333,775.2532,8.2480,8.3480,8.4310,1.0000,139.0000,173392.2706
F4334,775.5440,11.4160,11.4820,11.5490,1.0000,115.0000,226506.4438
F4335,775.5471,8.8480,9.0480,9.1980,1.0000,18.0000,114393.8861
F4336,775.5556,11.7820,11.8820,11.9160,1.0000,8.0000,21681.4864
F4337,775.5680,6.2640,6.3640,6.4310,1.0000,34.0000,114114.8304
F4338,775.5740,9.1980,9.2480,9.2820,1.0000,3380.0000,11782.7240
F4339,775.5912,9.0320,9.0980,9.2150,1.0000,22.0000,76202.4322
F4340,775.6031,10.3820,10.5150,10.6820,1.0000,29.0000,243878.9030
F4341,775.6039,10.8150,10.9490,11.0650,1.0000,78.0000,531759.8580
F4342,775.6170,13.1990,13.5330,13.9000,1.0000,6.0000,21143.0162
F4343,775.6277,11.4990,11.5490,11.5990,1.0000,19.0000,26712.6667
F4344,775.6415,11.8660,11.8990,11.9490,1.0000,93.0000,138891.5794
F4345,775.6591,11.7490,11.8160,11.8820,1.0000,190.0000,248052.0471
F4346,775.6691,13.6660,13.7330,13.7990,1.0000,19.0000,16634.5372
F4347,775.7596,11.9990,12.0320,12.0990,1.0000,5.0000,12028.8722
F4348,775.8815,12.7990,12.8490,12.9490,1.0000,28.0000,16838.3260
F4349,776.1974,5.8140,5.8470,5.9140,1.0000,16.0000,8289.9256
F4350,776.2190,10.1650,10.2150,10.2650,1.0000,11.0000,6183.5701
F4351,776.2333,4.8470,4.9140,4.9800,1.0000,10063.0000,13303781.2082
F4352,776.2522,8.2480,8.3480,8.4480,1.0000,148.0000,138416.9387
F4353,776.4710,3.0470,3.0970,3.1300,1.0000,1323.0000,4864.8657
F4354,776.5218,6.3640,6.3980,6.4480,1.0000,6408.0000,20988.9804
F4355,776.5623,11.1490,11.2320,11.3150,1.0000,37.0000,547764.7958
F4356,776.5784,7.2310,7.3310,7.4150,1.0000,9.0000,425595.0949
F4357,776.5881,10.8490,10.9490,11.0150,1.0000,16230.0000,132999.2889
F4358,776.6599,11.7660,11.8160,11.8820,1.0000,13.0000,75803.2235
F4359,776.6746,12.9160,12.9830,13.0490,1.0000,17.0000,26460.4739
F4360,776.6748,12.8160,12.8660,12.9160,1.0000,11.0000,18255.0942
F4361,777.2339,4.8470,4.9140,4.9800,1.0000,9358.0000,9720722.2099
F4362,777.2520,8.2480,8.3480,8.4310,1.0000,110.0000,68857.5745
F4363,777.5652,11.1320,11.2320,11.3150,1.0000,40483.0000,281436.2544
F4364,777.5743,11.5490,11.6160,11.6990,1.0000,16182.0000,120131.4904
F4365,777.5756,11.4320,11.4990,11.5490,1.0000,14247.0000,99186.7075
F4366,777.5814,7.2310,7.3310,7.4150,1.0000,20.0000,202550.7493
F4367,777.6710,12.6160,12.6990,12.7830,1.0000,14.0000,104464.6895
F4368,777.7783,12.7990,12.9330,13.0660,1.0000,8.0000,24252.1388
F4369,778.0439,8.0150,8.0810,8.1810,1.0000,16.0000,15806.2146
F4370,778.2101,3.9140,3.9800,4.0800,1.0000,57.0000,23040.7140
F4371,778.2324,4.8470,4.9140,4.9800,1.0000,5943.0000,7833604.3242
F4372,778.2496,8.2480,8.3310,8.4480,1.0000,4845.0000,32561.6117
F4373,778.5382,6.9640,6.9310,7.3480,2.0000,18891.0000,124978.0851
F4374,778.5383,6.0980,6.1810,6.2640,1.0000,9.0000,164273.5261
F4375,778.5431,5.8140,5.8810,5.9810,1.0000,6.0000,54392.5943
F4376,778.5755,11.4820,11.6410,11.6160,2.0000,18.0000,128041.4858
F4377,778.5756,7.5480,7.7980,7.8650,1.0000,3393.0000,52873.6669
F4378,778.5809,7.2480,7.3310,7.3810,1.0000,9.0000,44767.8654
F4379,778.6409,10.8490,10.9320,10.9990,1.0000,17.0000,19727.1841
F4380,778.6775,12.6490,12.6990,12.7660,1.0000,9.0000,51676.7843
F4381,778.6905,13.0830,13.2330,13.2330,2.0000,14.0000,46313.9848
F4382,778.7796,12.8160,12.9330,13.1160,1.0000,12.0000,12087.6478
F4383,779.2114,3.8970,3.9970,4.0470,1.0000,20.0000,17162.4616
F4384,779.2321,4.8470,4.9140,4.9800,1.0000,5034.0000,3688072.4002
F4385,779.2482,8.2810,8.3480,8.3980,1.0000,29.0000,9729.9193
F4386,779.4894,14.5660,14.6160,14.6660,1.0000,11.0000,6284.8718
F4387,779.5406,6.6480,6.7640,6.8480,1.0000,17.0000,63754.2163
F4388,779.5418,6.0980,6.1810,6.2640,1.0000,18.0000,83341.5946
F4389,779.5786,11.4820,11.5490,11.6160,1.0000,19.0000,106128.7674
F4390,779.5794,7.6980,7.7480,7.7980,1.0000,2301.0000,8699.6981
F4391,779.5805,11.6820,11.7320,11.7990,1.0000,9.0000,54379.3714
F4392,779.5893,11.8990,11.9990,11.9820,2.0000,5.0000,18527.0391
F4393,779.5926,9.8820,10.0320,10.1650,1.0000,17.0000,105588.1659
F4394,779.6001,11.5990,11.6320,11.6820,1.0000,6426.0000,22472.4125
F4395,779.6027,9.5820,9.7480,9.8820,1.0000,31.0000,168397.5752
F4396,779.6878,12.8990,12.9660,13.0660,1.0000,16.0000,206356.9599
F4397,779.9620,0.7300,0.7800,0.8130,1.0000,4988.0000,11405.6778
F4398,780.2104,3.9140,3.9970,4.0800,1.0000,12.0000,15674.0396
F4399,780.2307,4.8470,4.9140,4.9800,1.0000,3444.0000,1658858.7045
F4400,780.5370,5.9310,5.9970,6.0980,1.0000,7.0000,22071.6184
F4401,780.5482,14.5830,14.6160,14.6830,1.0000,7.0000,10125.1862
F4402,780.5519,7.9480,8.0980,8.2480,1.0000,1505.0000,13999285.0540
F4403,780.5538,6.8140,6.5980,6.9810,3.0000,202.0000,942273.8453
F4404,780.5541,7.0480,7.4650,7.9480,1.0000,15.0000,691812.8832
F4405,780.5900,11.8820,11.8490,11.9990,3.0000,31.0000,80321.8136
F4406,780.5908,9.8480,9.9320,10.0990,1.0000,40.0000,182923.3527
F4407,780.5898,9.3980,9.5150,9.6820,1.0000,64.0000,359570.1306
F4408,780.5976,9.7650,9.8320,9.8650,1.0000,15.0000,53988.9107
F4409,780.6012,9.6320,9.6820,9.7650,1.0000,13.0000,62431.1301
F4410,780.6937,12.8990,12.9660,13.0490,1.0000,15.0000,113118.7115
F4411,780.7070,13.4490,13.5160,13.5990,1.0000,22.0000,140107.0686
F4412,780.7506,12.6990,12.7490,12.7990,1.0000,7.0000,12699.6697
F4413,780.7792,13.9000,13.9660,14.0330,1.0000,9.0000,15208.6127
F4414,781.0533,7.9980,8.0980,8.2150,1.0000,203.0000,567994.4309
F4415,781.2108,3.9470,3.9800,4.0300,1.0000,1322.0000,4659.0015
F4416,781.2290,4.8470,4.9140,4.9800,1.0000,879.0000,623975.0847
F4417,781.5569,6.1810,6.4310,6.3480,2.0000,74.0000,154125.2730
F4418,781.5568,7.4310,7.4810,7.5810,1.0000,16.0000,32005.1062
F4419,781.5556,7.9480,8.0980,8.2480,1.0000,807.0000,6164924.0166
F4420,781.5576,6.8140,6.8980,6.9980,1.0000,1408.0000,3148474.9057
F4421,781.5744,12.5330,12.5830,12.6160,1.0000,1600.0000,5490.2590
F4422,781.5940,11.8820,11.8990,11.9990,2.0000,14518.0000,44255.1610
F4423,781.5936,9.8480,9.9320,10.0820,1.0000,12357.0000,90645.7972
F4424,781.5930,9.3820,9.5150,9.6320,1.0000,42.0000,180808.2701
F4425,781.5994,9.7820,9.8320,9.8650,1.0000,5803.0000,19371.7046
F4426,781.6018,9.6480,9.6980,9.7820,1.0000,5803.0000,27102.8493
F4427,781.6066,11.7320,11.7660,11.7990,1.0000,3442.0000,11626.0069
F4428,781.6078,11.6320,11.6660,11.7320,1.0000,8680.0000,30042.4127
F4429,781.6149,8.1980,8.2310,8.2980,1.0000,14161.0000,50391.4094
F4430,781.6191,11.4490,11.5160,11.5990,1.0000,195919.0000,795047.1388
F4431,781.6182,8.3480,8.3980,8.4480,1.0000,24.0000,29148.0945
F4432,781.6695,12.0490,12.1490,12.2660,1.0000,10.0000,82298.7666
F4433,781.7031,13.2490,13.3160,13.3990,1.0000,32.0000,201626.7516
F4434,781.7090,11.3150,11.6660,11.9990,1.0000,11351.0000,223718.4589
F4435,781.7831,13.9160,13.9660,14.0160,1.0000,12.0000,6218.7080
F4436,782.2260,4.8470,4.9140,4.9800,1.0000,622.0000,233126.1015
F4437,782.5063,5.9470,6.0140,6.0980,1.0000,12.0000,12508.2518
F4438,782.5151,2.1800,2.3800,2.4970,1.0000,7.0000,14173.7570
F4439,782.5600,6.8140,6.5980,6.9640,3.0000,87.0000,130397.0033
F4440,782.5685,6.9640,7.1810,7.0480,2.0000,678.0000,359811.7343
F4441,782.5678,9.5150,9.6320,9.7320,1.0000,135.0000,7017888.5766
F4442,782.5701,7.0310,7.1140,7.1980,1.0000,310.0000,11636898.4294
F4443,782.5700,7.4150,7.4980,7.5810,1.0000,97.0000,3878114.2036
F4444,782.5751,7.7310,7.8810,8.0310,1.0000,2117.0000,117024335.9730
F4445,782.5995,11.8660,11.9160,11.9660,1.0000,10.0000,37759.4392
F4446,782.6052,10.2320,10.3490,10.4650,1.0000,18.0000,290358.4573
F4447,782.6228,11.4490,11.5160,11.5990,1.0000,101393.0000,419807.6287
F4448,782.7068,13.5830,13.4830,13.7160,2.0000,32.0000,111870.1485
F4449,782.7219,13.7830,13.9660,14.4000,1.0000,52.0000,356473.2178
F4450,782.7668,13.1830,13.2490,13.2990,1.0000,2188.0000,13469.3389
F4451,782.7688,13.0490,13.1160,13.1830,1.0000,4864.0000,20225.8730
F4452,783.0696,9.5150,9.6320,9.7320,1.0000,453.0000,244807.1635
F4453,783.5546,6.1980,6.2640,6.3310,1.0000,18.0000,15115.0282
F4454,783.5632,6.8140,6.7390,6.9640,2.0000,60.0000,157935.7620
F4455,783.5709,9.4650,9.6320,9.7820,1.0000,151.0000,3431778.1061
F4456,783.5735,7.0310,7.1140,7.1980,1.0000,195.0000,5430458.3539
F4457,783.5729,7.4150,7.4980,7.5810,1.0000,62.0000,1837445.8055
F4458,783.5767,7.7810,7.8650,7.9810,1.0000,2057.0000,72012295.0116
F4459,783.5867,12.6990,12.7330,12.8160,1.0000,11.0000,14396.3786
F4460,783.6271,11.4490,11.5160,11.5990,1.0000,25960.0000,121667.1350
F4461,783.6276,10.3150,10.3490,10.4490,1.0000,19.0000,169817.7759
F4462,783.6368,9.7480,9.9320,10.0650,1.0000,29.0000,713815.4316
F4463,783.6357,10.1990,10.2820,10.3150,1.0000,19.0000,290331.0871
F4464,783.6385,11.7320,11.7660,11.8320,1.0000,19.0000,52931.4962
F4465,783.6556,4.0800,4.3300,4.5300,1.0000,9.0000,13985.1583
F4466,783.6695,12.2820,12.3320,12.3990,1.0000,6.0000,15512.2929
F4467,783.7088,13.5830,13.6490,13.7500,1.0000,21.0000,70110.9435
F4468,783.7105,13.2490,13.3160,13.3830,1.0000,9.0000,30352.4501
F4469,783.7259,13.9160,13.9160,14.0500,2.0000,31.0000,106297.9970
F4470,784.2916,4.3140,4.3800,4.4470,1.0000,250.0000,80846.0606
F4471,784.4913,8.1310,8.1230,8.2310,2.0000,5328.0000,21803.7813
F4472,784.5142,7.2980,7.3480,7.3810,1.0000,5384.0000,15752.0346
F4473,784.5668,6.8310,6.8980,7.0310,1.0000,10.0000,69562.3712
F4474,784.5758,7.4150,7.4980,7.5810,1.0000,157.0000,512081.0064
F4475,784.5771,7.7810,7.8650,7.9650,1.0000,6550.0000,22106083.8350
F4476,784.5761,7.0310,7.1140,7.1980,1.0000,446.0000,1421040.7457
F4477,784.5750,9.5150,9.6150,9.7320,1.0000,100361.0000,914989.8997
F4478,784.5801,9.3820,9.4980,9.5320,1.0000,14.0000,256163.7648
F4479,784.5787,7.9650,8.1310,8.1650,1.0000,148.0000,1705827.8582
F4480,784.5826,9.7320,9.8480,9.8820,1.0000,9671.0000,98034.5277
F4481,784.5835,11.4320,11.4990,11.5820,1.0000,34.0000,151832.3351
F4482,784.5840,6.6810,6.7480,6.7980,1.0000,11.0000,12425.6281
F4483,784.5864,8.2310,8.3310,8.4480,1.0000,2093.0000,38935917.7638
F4484,784.5850,9.1650,9.2650,9.3820,1.0000,82.0000,1758472.1215
F4485,784.5874,8.5480,8.6650,8.7650,1.0000,3090.0000,64138590.0055
F4486,784.6139,11.2820,11.3490,11.3990,1.0000,4387.0000,22402.5813
F4487,784.6307,10.2820,10.3150,10.4490,1.0000,5.0000,149236.5679
F4488,784.6380,10.1490,10.2990,10.3820,1.0000,20.0000,226359.9563
F4489,784.6393,11.6660,11.7660,11.8160,1.0000,8.0000,39596.8960
F4490,784.6397,9.7480,9.9320,10.0990,1.0000,26.0000,386573.2044
F4491,784.6655,11.9660,12.0160,12.0820,1.0000,63.0000,238260.7568
F4492,784.6844,12.6490,12.7160,12.7830,1.0000,44.0000,64571.1063
F4493,784.6848,12.8330,12.9160,12.9990,1.0000,18.0000,48037.2054
F4494,784.7106,13.6160,13.6490,13.7660,1.0000,5952.0000,25498.2037
F4495,784.7284,13.7500,13.9660,14.1000,1.0000,15.0000,60822.4406
F4496,785.2330,11.4990,11.5660,11.6320,1.0000,29.0000,34654.1775
F4497,785.2865,6.3310,6.5480,6.4980,2.0000,31.0000,49813.4958
F4498,785.5688,7.2640,7.3480,7.4310,1.0000,38.0000,96155.4317
F4499,785.5787,7.0310,7.1140,7.1980,1.0000,86.0000,283337.6977
F4500,785.5786,7.3980,7.4810,7.5810,1.0000,36.0000,112037.0089
F4501,785.5798,7.7480,7.8810,8.0150,1.0000,1372.0000,4013348.7769
F4502,785.5827,9.3650,9.5650,9.5980,1.0000,7.0000,197801.4541
F4503,785.5854,7.9650,8.1480,8.1650,1.0000,74.0000,371006.5527
F4504,785.5870,11.4320,11.4990,11.5320,1.0000,30.0000,54321.2752
F4505,785.5890,8.5650,8.7730,8.7650,2.0000,126.0000,3913815.1936
F4506,785.5882,9.1650,9.2650,9.3650,1.0000,38.0000,841282.2138
F4507,785.5882,15.2660,15.3160,15.3500,1.0000,5.0000,5187.7699
F4508,785.6057,12.9160,12.9990,13.0830,1.0000,56.0000,67966.9571
F4509,785.6537,11.5990,11.5910,11.7160,2.0000,697.0000,2357649.2125
F4510,785.6562,11.7160,11.9490,11.9820,1.0000,13.0000,630358.7886
F4511,785.6669,11.9320,12.0160,12.0660,1.0000,33.0000,161975.4134
F4512,785.6874,12.6490,12.7160,12.7830,1.0000,10.0000,44804.0715
F4513,785.6937,12.5490,12.5990,12.6330,1.0000,26.0000,17384.8229
F4514,785.7103,13.6490,13.6990,13.7330,1.0000,7.0000,5178.2146
F4515,786.0312,7.2980,7.3650,7.4150,1.0000,30.0000,8659.0188
F4516,786.2873,6.3480,6.4140,6.4980,1.0000,34.0000,35799.9694
F4517,786.5062,7.7810,7.8650,7.9980,1.0000,62.0000,69120.4633
F4518,786.5249,6.9310,7.1810,7.1980,1.0000,2105.0000,7065.3982
F4519,786.5306,0.9460,1.0130,1.0960,1.0000,6.0000,13143.0144
F4520,786.5344,2.2300,2.2800,2.3130,1.0000,1625.0000,5599.4224
F4521,786.5676,7.2310,7.3480,7.4480,1.0000,7061.0000,54939.6280
F4522,786.5817,7.7810,7.8650,7.9650,1.0000,275.0000,609614.7933
F4523,786.5888,7.9650,8.1480,8.1650,1.0000,29.0000,70641.6704
F4524,786.5915,8.5650,8.9900,8.7650,4.0000,86046.0000,1047819.4128
F4525,786.5907,4.3470,4.7800,4.8300,1.0000,1545.0000,6766.6657
F4526,786.5924,8.2310,8.3310,8.4480,1.0000,568496.0000,4538436.4805
F4527,786.5995,9.6150,9.6980,9.7320,1.0000,65854.0000,232087.1188
F4528,786.6014,9.8480,9.9480,10.1990,1.0000,212.0000,17797755.0833
F4529,786.6061,10.1650,10.3320,10.5150,1.0000,2381.0000,147329750.3404
F4530,786.6075,12.9160,12.9990,13.0830,1.0000,9.0000,45292.5278
F4531,786.6570,11.5990,11.6490,11.7160,3.0000,1250648.0000,3799105.5816
F4532,786.6814,12.6830,12.7160,12.7660,1.0000,7.0000,13787.4535
F4533,787.2518,11.7160,11.7490,11.8160,1.0000,10863.0000,29194.5399
F4534,787.2862,6.3480,6.4140,6.4980,1.0000,20.0000,28097.4828
F4535,787.3062,11.7490,11.8160,11.8820,1.0000,25.0000,9279.1084
F4536,787.5101,7.7810,7.8480,7.9480,1.0000,4943.0000,31863.1808
F4537,787.5552,11.8660,11.9320,11.9660,1.0000,9.0000,38829.4749
F4538,787.5672,7.2140,7.3480,7.4310,1.0000,14.0000,29485.4066
F4539,787.5839,7.7810,7.8810,7.9650,1.0000,32.0000,94433.2587
F4540,787.5945,8.5650,8.4980,8.7650,2.0000,143.0000,1507737.3452
F4541,787.5945,12.0660,12.0990,12.1820,1.0000,8.0000,19760.4024
F4542,787.6048,9.8320,9.9480,10.2150,1.0000,276.0000,10207706.3499
F4543,787.6074,10.2150,10.3320,10.4650,1.0000,4582.0000,86718019.8859
F4544,787.6197,13.2660,13.3160,13.3990,1.0000,113.0000,95013.7184
F4545,787.6596,11.5990,11.6490,11.7160,1.0000,604.0000,959609.0733
F4546,787.6653,12.5660,12.6330,12.6830,1.0000,8.0000,24554.8225
F4547,787.6669,11.7160,11.7820,11.9160,1.0000,114.0000,389675.6767
F4548,787.6709,11.9160,11.9820,12.0490,1.0000,15212.0000,18538126.0646
F4549,787.6775,13.9160,13.9830,14.0500,1.0000,17.0000,41766.9625
F4550,788.2334,6.5980,6.6640,6.7310,1.0000,13.0000,11078.7075
F4551,788.2862,6.3640,6.5390,6.4810,2.0000,2746.0000,12964.9161
F4552,788.5177,10.7650,10.8320,10.9650,1.0000,16.0000,38311.5990
F4553,788.5202,8.2980,8.4480,8.5310,1.0000,16.0000,47353.1327
F4554,788.5578,8.6820,8.7480,8.8650,1.0000,97.0000,238227.4605
F4555,788.5694,7.8150,7.8810,8.0650,1.0000,9.0000,22909.4811
F4556,788.5932,6.2810,6.5480,6.7810,1.0000,7.0000,63241.3450
F4557,788.5958,8.4980,8.6650,8.7320,1.0000,33847.0000,270152.4656
F4558,788.5975,8.2150,8.3310,8.4310,1.0000,21137.0000,170057.3907
F4559,788.6072,9.7820,9.9480,10.2320,1.0000,131.0000,3454238.8248
F4560,788.6081,10.2320,10.3320,10.4650,1.0000,2652.0000,25593923.7060
F4561,788.6123,11.3820,11.4490,11.4820,1.0000,16.0000,57967.7534
F4562,788.6158,11.6820,11.9160,11.9490,1.0000,19676.0000,1214106.5797
F4563,788.6216,13.2490,13.3160,13.3990,1.0000,19.0000,58025.9692
F4564,788.6180,11.5320,11.5990,11.6820,1.0000,6611259.0000,25373514.0978
F4565,788.6688,11.7490,11.7820,11.9160,1.0000,31019.0000,175412.6097
F4566,788.6703,12.0990,12.3660,12.4490,1.0000,4365.0000,173099.7779
F4567,788.6732,11.9160,11.9820,12.0490,1.0000,4402900.0000,9878174.1548
F4568,788.6779,12.7330,12.8330,12.8330,2.0000,29.0000,70333.9012
F4569,788.6863,12.6330,12.7160,12.7490,1.0000,12309.0000,44886.0660
F4570,788.8943,12.5830,12.6330,12.7160,1.0000,71.0000,39608.0139
F4571,789.0392,7.2640,7.3480,7.3980,1.0000,9.0000,6551.9424
F4572,789.2506,11.7160,11.7490,11.7990,1.0000,4580.0000,12185.5339
F4573,789.5202,10.7650,10.8320,10.8820,1.0000,21.0000,14040.7121
F4574,789.5222,8.1310,8.4650,9.0650,1.0000,13.0000,27511.1736
F4575,789.5609,8.6650,8.7480,8.8820,1.0000,65.0000,126716.6044
F4576,789.5966,6.4810,6.5640,6.6310,1.0000,7.0000,21214.9796
F4577,789.6093,9.8150,9.9480,10.2150,1.0000,26.0000,566140.1520
F4578,789.6109,10.2150,10.3320,10.4490,1.0000,413.0000,4526399.6256
F4579,789.6182,11.6820,11.8990,11.9320,1.0000,11395.0000,609099.2767
F4580,789.6244,13.2660,13.3160,13.3990,1.0000,9.0000,24614.6681
F4581,789.6206,11.5320,11.5990,11.6820,1.0000,3472493.0000,12625688.0666
F4582,789.6342,13.6660,13.7330,13.7990,1.0000,31.0000,48886.4080
F4583,789.6550,9.1820,9.2650,9.3980,1.0000,34.0000,30999.2501
F4584,789.6759,11.9160,11.9820,12.0490,1.0000,671.0000,2400539.1166
F4585,789.6836,12.6830,12.7490,12.8160,1.0000,16.0000,55230.5914
F4586,789.6834,12.0490,12.0990,12.1660,1.0000,86.0000,384368.1352
F4587,789.6975,12.4490,12.4990,12.5330,1.0000,14.0000,13189.6928
F4588,789.8160,12.6160,12.6660,12.7330,1.0000,22.0000,27731.1899
F4589,789.8973,12.5830,12.6330,12.6990,1.0000,62.0000,24797.2801
F4590,790.2477,6.3140,6.3980,6.4810,1.0000,251.0000,401125.9233
F4591,790.2531,11.6990,11.7490,11.8160,1.0000,20.0000,11550.6074
F4592,790.5366,10.3990,10.5320,10.6650,1.0000,19421.0000,192340.2718
F4593,790.5763,8.2480,8.3310,8.4310,1.0000,11.0000,713411.9904
F4594,790.5882,10.7490,10.9320,10.8820,5.0000,16805.0000,109360.9054
F4595,790.5914,11.4820,11.9320,12.2990,1.0000,30967.0000,761002.6485
F4596,790.5955,10.4490,10.4820,10.6150,1.0000,21691.0000,179032.7574
F4597,790.6056,7.4980,7.5810,7.7480,1.0000,19.0000,1042846.8709
F4598,790.6115,10.2150,10.3320,10.4650,1.0000,27.0000,779505.1589
F4599,790.6234,11.5320,11.5990,11.6820,1.0000,868772.0000,3196807.3802
F4600,790.6919,12.9490,13.0160,13.1490,1.0000,62152.0000,407120.9564
F4601,790.6924,13.1490,13.2330,13.2660,1.0000,8538.0000,56678.3416
F4602,790.8195,12.6330,12.6830,12.7830,1.0000,16.0000,20524.9235
F4603,790.8293,12.9990,13.0330,13.0830,1.0000,10.0000,9318.7536
F4604,790.8303,0.7300,0.7800,0.8130,1.0000,75.0000,20036.9028
F4605,791.2486,6.3140,6.3980,6.4810,1.0000,221.0000,290978.4976
F4606,791.5401,10.4150,10.5150,10.6820,1.0000,51.0000,99372.2374
F4607,791.5794,8.2310,8.3310,8.4150,1.0000,13.0000,353764.7538
F4608,791.5915,10.6990,10.8490,10.7990,3.0000,7788.0000,55570.7761
F4609,791.5919,11.1820,11.3570,11.3660,2.0000,12270.0000,126507.4821
F4610,791.5917,17.8000,17.9500,18.1010,1.0000,16.0000,153937.6770
F4611,791.5924,11.7160,12.0820,12.8660,1.0000,18.0000,754317.1875
F4612,791.5938,11.4320,11.5160,11.5490,1.0000,14655.0000,84570.1422
F4613,791.5925,10.4150,10.4650,10.6320,1.0000,9586.0000,104908.7968
F4614,791.6061,10.2320,10.3490,10.4320,1.0000,16174.0000,133175.9468
F4615,791.6083,7.4810,7.5980,7.7310,1.0000,17.0000,476434.1861
F4616,791.6256,11.5320,11.5990,11.6820,1.0000,166818.0000,636302.3153
F4617,791.6326,11.9320,11.9660,12.0160,1.0000,38184.0000,89388.2361
F4618,791.6949,12.9490,13.0160,13.1490,1.0000,25.0000,229119.0393
F4619,791.7854,7.8480,7.8810,7.9310,1.0000,1367.0000,5193.2300
F4620,792.2263,4.3640,4.4300,4.4640,1.0000,245.0000,87531.6179
F4621,792.2467,6.3140,6.3980,6.4810,1.0000,173.0000,239561.5708
F4622,792.4930,8.7320,8.7820,8.8480,1.0000,12.0000,14707.0341
F4623,792.5560,6.7310,6.7980,6.8810,1.0000,27034.0000,147578.0227
F4624,792.5604,9.8980,9.9820,10.0820,1.0000,36164.0000,275325.4765
F4625,792.5893,9.5480,9.6650,9.7480,1.0000,13.0000,350986.1491
F4626,792.5890,7.9650,8.0480,8.1310,1.0000,13.0000,294652.3953
F4627,792.5898,8.8820,9.0150,9.1320,1.0000,54.0000,1650845.7195
F4628,792.5898,8.5650,8.6650,8.7650,1.0000,45.0000,989031.4657
F4629,792.5899,7.7650,7.8480,7.9650,1.0000,12.0000,291177.9428
F4630,792.5972,9.3650,9.3980,9.5480,1.0000,8.0000,179645.0908
F4631,792.6094,7.5310,7.5810,7.6810,1.0000,17114.0000,111484.7683
F4632,792.6166,9.2150,9.2980,9.3820,1.0000,77230.0000,485685.5077
F4633,792.6248,11.5660,11.5990,11.6490,1.0000,28658.0000,88574.8523
F4634,792.7003,12.9330,13.0160,13.1330,1.0000,17.0000,77310.2953
F4635,792.7074,13.2660,13.3490,13.4330,1.0000,404.0000,1348847.6427
F4636,793.0539,7.7980,7.9980,8.2310,1.0000,17.0000,44748.1420
F4637,793.2463,6.3140,6.3980,6.4810,1.0000,133.0000,119627.5761
F4638,793.4927,8.6820,8.7820,8.8480,1.0000,8.0000,10923.9293
F4639,793.5584,6.7140,6.7980,6.8980,1.0000,19.0000,76026.6121
F4640,793.5632,9.8820,9.9820,10.0990,1.0000,19601.0000,167066.0508
F4641,793.5734,14.7330,14.7830,14.8330,1.0000,3804.0000,19350.3596
F4642,793.5785,15.0830,15.1160,15.1660,1.0000,3426.0000,13286.5325
F4643,793.5845,8.2150,8.3150,8.3980,1.0000,12.0000,81015.5846
F4644,793.5842,14.4500,14.5830,14.6500,1.0000,2708.0000,34775.0351
F4645,793.5931,8.8820,9.0150,9.1320,1.0000,114.0000,838628.3412
F4646,793.5932,8.5650,8.6650,8.7650,1.0000,95.0000,509100.8239
F4647,793.5932,7.9480,8.0480,8.2150,1.0000,28.0000,184996.1627
F4648,793.6039,11.9820,12.0320,12.0820,1.0000,7.0000,27313.3022
F4649,793.6271,3.7300,3.7800,3.8470,1.0000,8.0000,13162.3903
F4650,793.6741,11.9320,12.0160,12.0990,1.0000,8.0000,53515.5522
F4651,793.7032,13.0830,13.1660,13.2160,1.0000,8.0000,42658.5156
F4652,793.7057,12.6330,12.6660,12.7660,1.0000,5687.0000,32460.6825
F4653,793.7103,13.2660,13.3490,13.4330,1.0000,110.0000,768814.4990
F4654,793.7715,15.5830,15.6330,15.6670,1.0000,1339.0000,4770.6127
F4655,793.7727,12.4660,12.7490,12.8490,1.0000,11.0000,10265.4529
F4656,794.0577,7.7810,7.8810,7.9650,1.0000,15.0000,35037.4216
F4657,794.2259,4.3800,4.4300,4.4640,1.0000,163.0000,51508.2654
F4658,794.2456,6.3310,6.3980,6.4810,1.0000,11381.0000,51906.1177
F4659,794.5087,8.9320,9.5320,9.8980,1.0000,11.0000,39021.4264
F4660,794.5599,6.6980,6.7980,6.9140,1.0000,9.0000,32917.0129
F4661,794.5688,7.3980,7.5730,7.5810,2.0000,21.0000,199452.2431
F4662,794.5765,8.7320,8.7820,8.8480,1.0000,8972.0000,45495.9668
F4663,794.5803,9.0820,9.1150,9.1650,1.0000,15946.0000,59918.9716
F4664,794.5898,10.6990,10.7320,10.7820,1.0000,9.0000,27468.8171
F4665,794.5953,8.5150,8.6650,8.7480,1.0000,24065.0000,167576.2127
F4666,794.6060,9.2320,9.5070,9.4650,2.0000,26.0000,2156148.5786
F4667,794.6059,11.1150,11.2150,11.3150,1.0000,57.0000,1338766.6314
F4668,794.6873,12.2160,12.2660,12.3320,1.0000,25.0000,66077.3133
F4669,794.7142,13.2660,13.3490,13.4330,1.0000,45.0000,233574.8044
F4670,794.7235,13.6660,13.7330,13.7990,1.0000,811.0000,2353204.5137
F4671,794.7582,12.0320,12.0990,12.1490,1.0000,7.0000,13078.7590
F4672,794.7963,10.2650,10.3320,10.3820,1.0000,13.0000,7418.9561
F4673,794.8000,0.7300,0.7800,0.8130,1.0000,2896.0000,8264.7045
F4674,794.8046,13.9000,13.9500,14.0500,1.0000,13.0000,22352.3659
F4675,795.0600,7.7980,7.8810,8.1150,1.0000,2698.0000,12655.2620
F4676,795.2451,6.3310,6.3980,6.4640,1.0000,112.0000,23615.8975
F4677,795.3246,5.6810,5.7640,5.8310,1.0000,71.0000,27576.2558
F4678,795.4932,5.9640,6.0140,6.0640,1.0000,16.0000,7326.2560
F4679,795.5136,9.3980,9.4980,9.5820,1.0000,11.0000,15268.5090
F4680,795.5436,0.7130,0.7630,0.8460,1.0000,26.0000,15277.1380
F4681,795.5710,10.7150,10.7650,10.8650,1.0000,4571.0000,28788.3991
F4682,795.5718,7.1640,7.2810,7.3810,1.0000,13.0000,101190.0874
F4683,795.5725,7.3810,7.4650,7.5810,1.0000,19.0000,109633.6686
F4684,795.5807,9.0480,9.0980,9.1480,1.0000,7760.0000,34692.1968
F4685,795.5961,8.9480,9.0150,9.0650,1.0000,16.0000,35721.8822
F4686,795.5954,8.6150,8.6650,8.7480,1.0000,8.0000,34885.3117
F4687,795.6091,9.2320,9.5070,9.4650,2.0000,158.0000,1160155.4343
F4688,795.6088,9.8150,10.0650,10.2320,1.0000,36.0000,361365.1087
F4689,795.6087,10.3990,10.5490,10.7150,1.0000,46.0000,281654.1273
F4690,795.6094,11.1150,11.2150,11.3150,1.0000,52.0000,683201.9219
F4691,795.6354,11.7490,11.8160,11.8820,1.0000,165.0000,337716.3243
F4692,795.6491,12.9660,13.0160,13.1330,1.0000,16819.0000,103604.6235
F4693,795.6887,12.1990,12.2660,12.3320,1.0000,14.0000,77588.0236
F4694,795.7162,13.2660,13.3490,13.4160,1.0000,17.0000,75917.7299
F4695,795.7221,13.5830,13.6490,13.6830,1.0000,22.0000,47885.4908
F4696,795.7265,13.6660,13.7330,13.7990,1.0000,192.0000,1327830.0635
F4697,795.7595,12.0660,12.1160,12.1490,1.0000,8.0000,7133.7093
F4698,795.8082,13.9330,13.9830,14.0660,1.0000,17.0000,11055.5035
F4699,796.1107,11.5160,11.5660,11.6160,1.0000,49.0000,8471.5656
F4700,796.2432,6.3310,6.3980,6.4310,1.0000,2375.0000,6808.7949
F4701,796.3269,5.6970,5.7640,5.8310,1.0000,4883.0000,21595.5633
F4702,796.5238,6.5810,6.6140,6.7140,1.0000,8.0000,7895.5637
F4703,796.5228,11.3990,11.4820,11.5490,1.0000,200.0000,172167.0430
F4704,796.5252,7.7980,8.1150,8.4310,1.0000,181.0000,1541776.4044
F4705,796.5462,6.2810,6.3640,6.4140,1.0000,6.0000,15469.6543
F4706,796.5809,8.1810,8.2150,8.2650,1.0000,6581.0000,25104.6049
F4707,796.5845,8.4150,8.4230,8.7320,2.0000,83202.0000,829512.2751
F4708,796.5847,8.7320,8.9900,8.9480,2.0000,162759.0000,1316407.1679
F4709,796.6117,9.4480,9.6650,9.7650,1.0000,15.0000,360065.3871
F4710,796.6144,11.1320,11.2320,11.3660,1.0000,15.0000,342843.4394
F4711,796.6123,9.2320,9.3480,9.4480,1.0000,61.0000,865716.9113
F4712,796.6210,11.3660,11.5320,11.5160,2.0000,25.0000,461106.3059
F4713,796.6207,10.8650,11.0150,11.1320,1.0000,36.0000,837341.6626
F4714,796.6208,10.2650,10.3990,10.4990,1.0000,29.0000,632857.7581
F4715,796.6529,12.9660,13.0160,13.1330,1.0000,25.0000,61157.4065
F4716,796.6929,11.4990,11.6160,11.7320,1.0000,8195.0000,81361.0000
F4717,796.7224,13.3830,13.4330,13.4830,1.0000,11.0000,24208.0571
F4718,796.7297,13.6660,13.7330,13.7990,1.0000,62.0000,404229.4150
F4719,796.7390,14.1500,14.2330,14.3000,1.0000,308.0000,1736392.0693
F4720,797.1611,4.8470,4.9140,4.9800,1.0000,114.0000,51502.3199
F4721,797.3254,5.6970,5.7640,5.8140,1.0000,55.0000,14736.4009
F4722,797.5255,11.4160,11.4820,11.5490,1.0000,44.0000,88510.7138
F4723,797.5286,7.8480,8.1150,8.3480,1.0000,166.0000,695479.4857
F4724,797.5406,9.9990,10.0490,10.1150,1.0000,8.0000,7952.6509
F4725,797.5881,8.7320,8.6900,8.9480,2.0000,70.0000,409248.9164
F4726,797.6145,9.2480,9.3480,9.4650,1.0000,35.0000,181379.5991
F4727,797.6152,9.5480,9.6650,9.7480,1.0000,11.0000,56710.8983
F4728,797.6246,11.5160,11.6320,11.7160,1.0000,29974.0000,253742.8569
F4729,797.6240,10.2490,10.3990,10.5150,1.0000,42.0000,338895.5955
F4730,797.6248,10.8490,11.0150,11.1150,1.0000,53.0000,413781.9895
F4731,797.6254,11.3660,11.4320,11.5160,1.0000,400814.0000,1695429.8065
F4732,797.6492,11.2820,11.3490,11.3820,1.0000,22784.0000,96777.3958
F4733,797.6511,11.0990,11.1820,11.2820,1.0000,37772.0000,273459.6289
F4734,797.6623,13.2660,13.3490,13.4330,1.0000,97.0000,307503.2170
F4735,797.7318,13.6490,13.7330,13.8160,1.0000,42.0000,92416.8156
F4736,797.7422,14.1500,14.2330,14.3000,1.0000,284.0000,961600.9229
F4737,798.0895,10.2320,10.3320,10.4490,1.0000,7013.0000,52186.1557
F4738,798.3262,5.6970,5.7640,5.8310,1.0000,17.0000,7570.7257
F4739,798.5286,7.7980,8.1150,8.4310,1.0000,104.0000,283132.9209
F4740,798.5409,9.2820,9.6320,9.9650,1.0000,173.0000,717429.6674
F4741,798.5400,11.1490,11.2320,11.3150,1.0000,99.0000,85427.7928
F4742,798.5559,7.2310,7.3310,7.3810,1.0000,22.0000,27931.1703
F4743,798.5638,6.1310,6.2140,6.2980,1.0000,16.0000,60360.3660
F4744,798.5766,8.1650,8.2150,8.2980,1.0000,5859.0000,25680.0900
F4745,798.5857,4.3470,4.4140,4.4800,1.0000,10.0000,12509.8643
F4746,798.5914,8.7480,8.6820,8.9480,2.0000,12.0000,138870.5553
F4747,798.6003,9.6320,9.7980,9.9990,1.0000,51.0000,553711.9162
F4748,798.6239,10.2990,10.3990,10.5150,1.0000,12774.0000,99264.5787
F4749,798.6286,11.3660,11.4320,11.5160,1.0000,105422.0000,475046.3575
F4750,798.6371,11.5660,11.7160,11.7990,1.0000,91790.0000,552871.7470
F4751,798.6552,11.1150,11.1820,11.2990,1.0000,18586.0000,128268.5465
F4752,798.6667,13.2660,13.3490,13.4330,1.0000,32995.0000,167936.6483
F4753,798.6820,12.0320,12.1490,12.2820,1.0000,54.0000,139826.6594
F4754,798.7003,12.6490,12.8160,12.7830,2.0000,22.0000,375442.0062
F4755,798.7066,11.4490,11.5820,11.6990,1.0000,6316.0000,77796.5698
F4756,798.7451,14.1500,14.2330,14.3000,1.0000,219.0000,270279.8919
F4757,799.0384,7.2980,7.3650,7.4310,1.0000,10.0000,8784.7952
F4758,799.1595,4.8470,4.9140,4.9800,1.0000,147.0000,37294.0370
F4759,799.1827,5.5140,5.5810,5.6640,1.0000,83.0000,18501.8069
F4760,799.2489,11.6990,11.7490,11.8160,1.0000,4404.0000,5745400.4625
F4761,799.2474,12.1320,12.1990,12.2660,1.0000,21.0000,67570.2222
F4762,799.3217,5.6970,5.7640,5.8810,1.0000,12.0000,12151.6664
F4763,799.5309,7.9480,8.1150,8.2150,1.0000,46.0000,87825.5034
F4764,799.5408,9.9320,9.9820,10.0650,1.0000,7.0000,9494.1012
F4765,799.5443,9.4820,9.6320,9.7650,1.0000,277.0000,342724.8410
F4766,799.5453,11.1150,11.2320,11.3320,1.0000,15.0000,42527.4140
F4767,799.5637,7.2640,7.3650,7.3980,1.0000,2597.0000,13943.1017
F4768,799.5674,6.1310,6.2140,6.2980,1.0000,13.0000,34862.5725
F4769,799.6037,9.6150,9.7980,9.9150,1.0000,21.0000,258581.3042
F4770,799.6239,10.3150,10.3990,10.4820,1.0000,6.0000,21257.9115
F4771,799.6327,11.3820,11.4320,11.5160,1.0000,22348.0000,91160.5073
F4772,799.6595,11.1150,11.1990,11.3820,1.0000,6002.0000,55043.4851
F4773,799.6693,11.8320,11.8410,11.9490,2.0000,810.0000,2874747.3109
F4774,799.6783,13.6490,13.7330,13.7990,1.0000,145.0000,370695.7020
F4775,799.7036,12.6490,12.8240,12.7830,2.0000,42.0000,212083.8276
F4776,799.7478,14.1660,14.2330,14.3000,1.0000,56.0000,52181.0183
F4777,800.1089,11.5660,11.6160,11.6490,1.0000,2310.0000,7852.9983
F4778,800.1821,5.5310,5.5810,5.6310,1.0000,3037.0000,11961.3804
F4779,800.2492,12.1160,12.1990,12.2660,1.0000,19.0000,61598.9393
F4780,800.2497,11.6990,11.7490,11.8160,1.0000,682.0000,4293988.3557
F4781,800.2858,3.9140,3.9640,4.0140,1.0000,59.0000,11936.9909
F4782,800.3210,5.7140,5.7640,5.8140,1.0000,6.0000,5860.1638
F4783,800.5354,8.0150,8.1150,8.1810,1.0000,12.0000,16775.1614
F4784,800.5453,9.4980,9.6320,9.7650,1.0000,18071.0000,142112.6334
F4785,800.5565,11.4660,11.5490,11.6320,1.0000,22.0000,70620.1103
F4786,800.5777,7.6480,7.7150,7.7980,1.0000,5.0000,19751.5780
F4787,800.6071,9.6650,9.7820,9.9480,1.0000,16.0000,75341.5542
F4788,800.6164,11.3490,11.3070,11.4990,2.0000,159.0000,387673.5910
F4789,800.6216,9.1820,9.2480,9.2820,1.0000,3434.0000,21950.2681
F4790,800.6270,8.9820,9.0980,9.1820,1.0000,21649.0000,157047.8405
F4791,800.6588,11.9320,11.9660,12.0490,1.0000,71.0000,238641.8963
F4792,800.6816,13.6490,13.7330,13.7990,1.0000,130.0000,206536.0287
F4793,800.7035,12.6660,12.7160,12.7830,1.0000,21825.0000,81495.2138
F4794,800.7050,12.7830,12.9160,12.9660,1.0000,9327.0000,70634.9823
F4795,800.7521,14.1830,14.2330,14.3000,1.0000,27.0000,10709.7566
F4796,801.1580,4.8470,4.9140,4.9800,1.0000,14.0000,10520.9124
F4797,801.2271,6.5980,6.6640,6.7480,1.0000,399.0000,957079.5883
F4798,801.2482,11.6990,11.7490,11.8160,1.0000,3548.0000,3519044.1889
F4799,801.2473,11.9320,12.1990,12.3490,1.0000,19.0000,116191.5710
F4800,801.2623,7.5980,7.6980,7.7810,1.0000,64.0000,20263.5106
F4801,801.2851,3.7640,3.9640,4.0140,1.0000,10.0000,11836.4691
F4802,801.5462,9.5480,9.6320,9.7320,1.0000,18.0000,35949.8436
F4803,801.5629,11.4820,11.5490,11.6160,1.0000,13.0000,34432.7476
F4804,801.6192,11.3490,11.3070,11.4990,2.0000,116.0000,196788.2913
F4805,801.6303,8.9480,9.0980,9.2650,1.0000,57.0000,94316.8926
F4806,801.6333,11.5660,11.6320,11.6820,1.0000,3531.0000,17066.5655
F4807,801.6363,13.4160,13.5330,13.6160,1.0000,24.0000,15399.2117
F4808,801.6496,5.9470,6.0310,6.0980,1.0000,5.0000,8997.2364
F4809,801.6509,7.0140,7.2980,7.5310,1.0000,6.0000,17719.8750
F4810,801.6846,13.6660,13.7330,13.7990,1.0000,29.0000,60749.8987
F4811,801.6850,12.0490,12.1160,12.1820,1.0000,1629.0000,5810076.3760
F4812,801.6938,14.1500,14.2160,14.3000,1.0000,43.0000,134382.9823
F4813,802.0465,8.0150,8.0810,8.2150,1.0000,43.0000,25961.9658
F4814,802.2281,6.5980,6.6640,6.7480,1.0000,286.0000,693582.1830
F4815,802.2481,11.6990,11.7490,11.8160,1.0000,788.0000,1641921.8088
F4816,802.2631,7.6150,7.7150,7.8150,1.0000,24.0000,15555.3982
F4817,802.5354,6.8140,6.8980,6.9980,1.0000,86.0000,258790.5793
F4818,802.5692,9.5480,9.5820,9.6320,1.0000,14.0000,10081.3594
F4819,802.5741,11.8820,11.9320,11.9990,1.0000,24.0000,62701.2936
F4820,802.5779,11.2650,11.3320,11.3820,1.0000,4249.0000,19074.1538
F4821,802.5914,5.4810,5.5470,5.6140,1.0000,8.0000,10978.8688
F4822,802.5949,7.7150,7.8150,7.8980,1.0000,14.0000,61097.4477
F4823,802.6015,7.3980,7.5310,7.5980,1.0000,5881.0000,59233.6621
F4824,802.6066,7.2480,7.3140,7.3980,1.0000,45508.0000,223121.9183
F4825,802.6219,11.3660,11.4320,11.4990,1.0000,11.0000,60550.2737
F4826,802.6316,11.7660,11.8320,11.8660,1.0000,34.0000,95839.2342
F4827,802.6339,8.9980,9.0820,9.1980,1.0000,9.0000,25937.3025
F4828,802.6429,9.2320,9.4820,9.7150,1.0000,33.0000,148103.3491
F4829,802.6730,11.7820,11.8820,11.9320,1.0000,17.0000,142260.8882
F4830,802.6881,12.0490,12.1160,12.1820,1.0000,1701.0000,2956852.2125
F4831,802.6884,13.6660,13.7330,13.7830,1.0000,10.0000,13038.8238
F4832,802.6973,14.1500,14.2160,14.3000,1.0000,25.0000,74050.3793
F4833,802.7662,13.0660,13.1330,13.1990,1.0000,7.0000,12678.9155
F4834,802.9096,13.0490,13.0990,13.1660,1.0000,27.0000,14983.8927
F4835,803.2065,4.4970,4.4470,4.6140,2.0000,11.0000,18726.8215
F4836,803.2265,6.5980,6.6640,6.7480,1.0000,282.0000,583377.2229
F4837,803.2465,11.6990,11.7490,11.8160,1.0000,696.0000,794243.2710
F4838,803.2624,7.6150,7.6980,7.7480,1.0000,20.0000,11156.2362
F4839,803.5391,6.7810,6.9140,7.0480,1.0000,30.0000,137824.5714
F4840,803.5646,9.5150,9.6320,9.7320,1.0000,15.0000,18828.2413
F4841,803.5783,9.4150,9.4650,9.4980,1.0000,5.0000,5428.6072
F4842,803.5801,11.8990,11.9320,11.9990,1.0000,13.0000,37712.0895
F4843,803.5847,11.5990,11.6660,11.7320,1.0000,6.0000,20225.2029
F4844,803.6028,11.1820,11.5160,11.6160,1.0000,14.0000,34339.8703
F4845,803.6098,7.2310,7.3140,7.4150,1.0000,32.0000,118387.3207
F4846,803.6461,9.4320,9.4980,9.5980,1.0000,24.0000,45710.8179
F4847,803.6508,13.8160,13.9660,14.1000,1.0000,21.0000,33682.1157
F4848,803.6869,12.6160,12.7490,12.8990,1.0000,25.0000,125457.2139
F4849,803.6907,12.0490,12.1160,12.1820,1.0000,180.0000,794275.0139
F4850,803.6982,12.1990,12.2320,12.2990,1.0000,67.0000,98825.6294
F4851,803.7000,14.1000,14.2330,14.3660,1.0000,14.0000,27826.5616
F4852,803.7668,13.0660,13.1330,13.1830,1.0000,8.0000,7087.3120
F4853,803.9126,13.0330,13.0990,13.1990,1.0000,22.0000,13038.9576
F4854,804.0634,9.5320,9.6150,9.7150,1.0000,3304.0000,17806.8519
F4855,804.2086,4.4970,4.5640,4.6140,1.0000,9.0000,15294.3912
F4856,804.2263,6.5810,6.6640,6.7310,1.0000,128.0000,265569.5362
F4857,804.2455,11.6820,11.7490,11.8160,1.0000,636.0000,313738.1693
F4858,804.2622,4.8470,4.9140,4.9800,1.0000,70.0000,41129.9559
F4859,804.4901,16.7840,16.5840,16.9000,4.0000,4057.0000,30986.0180
F4860,804.5319,8.7150,8.7480,8.7980,1.0000,3071.0000,9434.2837
F4861,804.5515,7.0310,7.1140,7.2140,1.0000,12.0000,446270.2230
F4862,804.5521,7.7810,7.8810,7.9650,1.0000,212.0000,7245411.3966
F4863,804.5546,6.0640,6.1470,6.2640,1.0000,21.0000,202336.3317
F4864,804.5549,6.2640,6.3640,6.5980,1.0000,21.0000,318616.8332
F4865,804.6001,11.8320,11.8820,11.9990,1.0000,9.0000,141020.8277
F4866,804.6136,8.4310,8.4650,8.4980,1.0000,7118.0000,23454.5901
F4867,804.6194,8.4980,8.5980,8.6980,1.0000,14788.0000,125062.2670
F4868,804.6565,11.2150,11.2650,11.2990,1.0000,4908.0000,21541.5668
F4869,804.6572,11.0490,11.1650,11.2150,1.0000,8827.0000,52002.7427
F4870,804.6910,12.5830,12.7490,12.9330,1.0000,12.0000,104848.0323
F4871,804.6931,12.0490,12.1160,12.1990,1.0000,44.0000,211153.7774
F4872,804.6994,12.1990,12.2490,12.2990,1.0000,18987.0000,56912.5181
F4873,804.7078,13.0830,13.1830,13.2660,1.0000,13.0000,58534.8784
F4874,804.7533,11.7820,11.8320,11.8990,1.0000,5.0000,9152.5560
F4875,804.7800,13.3660,13.4330,13.4990,1.0000,18.0000,23652.8183
F4876,805.0533,7.7810,7.8810,7.9650,1.0000,39774.0000,250226.1448
F4877,805.2070,4.4970,4.5640,4.6300,1.0000,10.0000,11904.4368
F4878,805.2255,6.5810,6.7230,6.7310,2.0000,259.0000,127899.7063
F4879,805.2445,11.6820,11.7490,11.8160,1.0000,285.0000,111420.2824
F4880,805.5566,6.0470,6.2560,6.2810,2.0000,15.0000,116109.4471
F4881,805.5549,7.0310,7.1140,7.1980,1.0000,28.0000,213341.1656
F4882,805.5555,7.7810,7.8650,7.9650,1.0000,458.0000,3452718.7532
F4883,805.6016,11.8160,11.8660,11.9820,1.0000,11781.0000,78941.8802
F4884,805.6038,7.1980,7.3230,7.2810,2.0000,2587.0000,9478.6185
F4885,805.6067,12.4490,12.5490,12.5990,1.0000,5365.0000,40495.2119
F4886,805.6071,11.9820,12.0990,12.2490,1.0000,7340.0000,95032.0707
F4887,805.6066,7.2810,7.3310,7.3810,1.0000,3173.0000,20279.3503
F4888,805.6118,12.5990,12.6990,12.7330,1.0000,5044.0000,31389.9062
F4889,805.6183,7.4310,7.5150,7.6150,1.0000,21.0000,79345.1001
F4890,805.6227,8.4980,8.5650,8.6820,1.0000,11.0000,63169.7568
F4891,805.6607,11.0820,11.2070,11.2320,2.0000,5603.0000,29223.3379
F4892,805.6790,11.7490,11.7820,11.8660,1.0000,92.0000,57214.5344
F4893,805.6943,12.0490,12.1160,12.1820,1.0000,20.0000,62562.7691
F4894,805.7021,12.9330,13.0160,13.0830,1.0000,44.0000,325483.3868
F4895,805.7095,13.1490,13.1990,13.2660,1.0000,14.0000,41198.3405
F4896,806.0610,7.9810,8.0650,8.2150,1.0000,57.0000,77576.6934
F4897,806.2249,6.5980,6.6640,6.7480,1.0000,45.0000,58646.8537
F4898,806.5063,10.4150,10.4650,10.4990,1.0000,6.0000,5808.5432
F4899,806.5674,8.5650,8.4980,8.7650,2.0000,32.0000,2429775.7530
F4900,806.5674,7.6150,7.7980,7.8310,1.0000,26.0000,3153775.8095
F4901,806.5693,7.0140,7.0980,7.1810,1.0000,40.0000,1110475.7666
F4902,806.5728,7.4310,7.5150,7.6150,1.0000,2794.0000,57355442.3806
F4903,806.6819,11.3820,11.7820,11.8660,1.0000,7545.0000,33491.6585
F4904,806.7070,12.9330,13.0160,13.0830,1.0000,46.0000,187642.7306
F4905,806.7225,13.3990,13.5490,13.7160,1.0000,97.0000,271109.3839
F4906,806.7944,13.8160,13.8660,13.9330,1.0000,9.0000,8079.2578
F4907,807.0649,7.9980,8.0650,8.1650,1.0000,6.0000,15963.0043
F4908,807.2243,6.5810,6.6810,6.8310,1.0000,35.0000,26009.2328
F4909,807.5703,8.5650,8.4980,8.7650,2.0000,86.0000,1208659.4573
F4910,807.5744,7.4310,7.5150,7.5980,1.0000,702.0000,31673665.8849
F4911,807.5729,6.8310,6.9310,7.0140,1.0000,33.0000,1812159.7713
F4912,807.6058,11.8990,11.9320,11.9820,1.0000,8659.0000,25778.4476
F4913,807.6346,11.4660,11.5320,11.5990,1.0000,207.0000,357343.5561
F4914,807.6361,8.9150,9.0650,9.1820,1.0000,19.0000,116752.4368
F4915,807.6352,11.5990,11.6490,11.7160,1.0000,946.0000,1315506.0256
F4916,807.7180,13.2490,13.3160,13.3990,1.0000,176.0000,501857.0478
F4917,807.7255,13.3990,13.5330,13.6160,1.0000,30.0000,186135.9548
F4918,808.5215,6.1980,6.2640,6.3140,1.0000,12.0000,13650.9384
F4919,808.5458,0.9630,0.9960,1.0630,1.0000,13.0000,10152.9158
F4920,808.5504,2.2470,2.2800,2.3300,1.0000,16.0000,5169.2172
F4921,808.5699,7.2140,7.2980,7.4480,1.0000,38.0000,369890.3573
F4922,808.5761,6.8310,7.0140,7.0140,2.0000,168.0000,542066.3423
F4923,808.5779,7.4310,7.5150,7.5980,1.0000,677.0000,10143896.8152
F4924,808.5827,9.8150,9.9480,10.2320,1.0000,41.0000,1087546.5970
F4925,808.5833,10.2320,10.3320,10.4490,1.0000,854.0000,7815979.0838
F4926,808.5856,7.9310,8.3150,8.2150,3.0000,312.0000,7552879.3825
F4927,808.6031,11.2820,11.3150,11.3660,1.0000,10.0000,16108.1736
F4928,808.6378,11.5990,11.5910,11.7320,2.0000,53.0000,184687.9298
F4929,808.6375,8.9150,9.0480,9.1650,1.0000,18.0000,60181.5998
F4930,808.7229,13.2490,13.3160,13.3990,1.0000,90.0000,279233.5415
F4931,808.7383,13.9000,13.9660,14.0500,1.0000,57.0000,339784.8484
F4932,808.7705,15.1000,15.1660,15.2160,1.0000,11.0000,12206.1023
F4933,809.0452,0.9630,0.9960,1.0800,1.0000,9.0000,7735.7606
F4934,809.0472,7.2980,7.3480,7.4150,1.0000,8.0000,10107.6087
F4935,809.0847,10.1990,10.3490,10.4820,1.0000,38767.0000,307990.6955
F4936,809.2595,10.0150,10.0490,10.1150,1.0000,23.0000,7378.4620
F4937,809.5646,7.2640,7.3480,7.4150,1.0000,8399.0000,57323.2176
F4938,809.5765,7.1810,7.2480,7.4480,1.0000,10.0000,73755.4264
F4939,809.5827,7.4480,7.5310,7.6150,1.0000,414.0000,2349408.3641
F4940,809.5820,7.0140,7.0980,7.1810,1.0000,17.0000,44609.7411
F4941,809.5863,9.8320,9.9650,10.2150,1.0000,21.0000,467073.4981
F4942,809.5865,10.2150,10.3320,10.4490,1.0000,360.0000,3845569.2217
F4943,809.5887,7.9310,8.3150,8.2150,3.0000,400.0000,3704385.6766
F4944,809.5983,9.4480,9.5320,9.5980,1.0000,16.0000,24789.9605
F4945,809.6035,12.6990,12.7660,12.9830,1.0000,8.0000,28966.2895
F4946,809.6407,11.5990,11.6490,11.7320,1.0000,33.0000,200428.6325
F4947,809.6512,11.9160,11.9820,12.0490,1.0000,350.0000,3746817.9469
F4948,809.6508,10.2490,10.3650,10.4820,1.0000,88.0000,1318774.9203
F4949,809.6526,10.4820,10.6820,10.7820,1.0000,26.0000,606697.1588
F4950,809.6651,13.1330,13.2160,13.2830,1.0000,7.0000,17605.7939
F4951,809.6703,11.4160,11.4660,11.4990,1.0000,3077.0000,10069.1520
F4952,809.6741,4.5300,4.5800,4.6140,1.0000,1890.0000,8058.5369
F4953,809.6747,4.3970,4.4800,4.5300,1.0000,2946.0000,19389.2576
F4954,809.6812,4.2640,4.3300,4.3970,1.0000,1810.0000,24386.4918
F4955,809.6989,12.3490,12.3990,12.4330,1.0000,8.0000,28713.7377
F4956,809.7278,13.2490,13.3160,13.3990,1.0000,15.0000,92965.7187
F4957,809.7337,13.6660,13.7330,13.7990,1.0000,65.0000,317889.6270
F4958,809.7415,13.9000,13.9660,14.0330,1.0000,26.0000,196158.4033
F4959,810.1220,11.5990,11.6320,11.7160,1.0000,49.0000,12575.9576
F4960,810.5354,7.2640,7.3480,7.4480,1.0000,24302.0000,151466.1020
F4961,810.5866,7.4480,7.5310,7.6150,1.0000,79578.0000,466501.3834
F4962,810.5921,11.7490,11.7820,11.8490,1.0000,9632.0000,47192.5878
F4963,810.5945,8.4150,8.6980,8.7650,1.0000,195368.0000,2016616.5149
F4964,810.5918,7.9310,8.0650,8.2150,1.0000,360665.0000,3202856.7929
F4965,810.5927,11.8490,11.9160,11.9490,1.0000,6196.0000,32669.8782
F4966,810.5989,11.5320,11.5990,11.6820,1.0000,337.0000,2100357.7141
F4967,810.6010,9.2650,9.3650,9.4820,1.0000,13.0000,4958032.5167
F4968,810.6038,9.8980,10.0150,10.1320,1.0000,216.0000,76549651.5259
F4969,810.6094,11.4320,11.4990,11.5490,1.0000,36.0000,97556.4903
F4970,810.6122,18.0500,18.0840,18.1340,1.0000,14.0000,6408.2245
F4971,810.6521,10.3150,10.3650,10.4990,1.0000,78855.0000,604029.2040
F4972,810.6556,10.4990,10.6650,10.7820,1.0000,26975.0000,333640.3507
F4973,810.6569,11.0820,11.1490,11.1820,1.0000,4298.0000,22085.2091
F4974,810.6553,11.9160,11.9820,12.0160,1.0000,499.0000,1658445.4239
F4975,810.6575,10.9650,11.0320,11.0820,1.0000,6307.0000,37511.8355
F4976,810.6674,11.9990,12.0320,12.0990,1.0000,86.0000,220759.1879
F4977,810.6962,12.4490,12.4660,12.5660,2.0000,15.0000,28800.6798
F4978,810.7108,12.5490,12.5990,12.6830,1.0000,7.0000,29745.9842
F4979,810.7379,13.6660,13.7330,13.7990,1.0000,53.0000,182857.6650
F4980,810.7450,13.9000,13.9660,14.0660,1.0000,17.0000,78743.3947
F4981,810.7542,14.4500,14.4580,14.6330,2.0000,83.0000,456111.0519
F4982,810.7887,15.8330,16.0330,16.3330,1.0000,1523.0000,7777.7103
F4983,810.7993,13.4660,13.5160,13.6160,1.0000,13.0000,17500.3598
F4984,811.1006,11.5660,11.5990,11.6490,1.0000,27518.0000,70813.1084
F4985,811.5267,0.7460,0.7800,0.8300,1.0000,3669.0000,9914.3781
F4986,811.5386,7.2310,7.3650,7.4650,1.0000,44.0000,70441.0277
F4987,811.5941,7.9650,8.1980,8.2150,2.0000,65.0000,666055.3378
F4988,811.6013,8.6150,8.6980,8.8150,1.0000,59.0000,679361.7725
F4989,811.6022,11.5320,11.5990,11.6660,1.0000,284958.0000,1035168.4636
F4990,811.6039,8.8150,9.1650,9.0480,3.0000,92.0000,1195217.7537
F4991,811.6056,9.8980,10.0150,10.1150,1.0000,4313.0000,41711558.6142
F4992,811.6150,11.4320,11.4990,11.5320,1.0000,11482.0000,42510.6357
F4993,811.6208,12.9660,13.0160,13.1660,1.0000,40.0000,79242.0254
F4994,811.6575,10.3320,10.3820,10.4990,1.0000,14.0000,154990.8172
F4995,811.6695,11.5990,11.6660,11.7320,1.0000,747.0000,11957463.7462
F4996,811.6775,11.9990,12.0320,12.0820,1.0000,53.0000,113705.6008
F4997,811.6828,11.4320,11.4990,11.5490,1.0000,6.0000,62281.0269
F4998,811.7405,13.6660,13.7330,13.7990,1.0000,29.0000,51891.9661
F4999,811.7573,14.2660,14.5000,14.7160,1.0000,47.0000,389017.9765
F5000,811.8053,13.4830,13.5160,13.5660,1.0000,1665.0000,5584.9294
F5001,812.0545,8.0310,8.0980,8.1980,1.0000,16.0000,13618.8954
F5002,812.5003,11.4160,11.4820,11.5160,1.0000,6.0000,12770.2279
F5003,812.5171,10.4320,10.5320,10.6320,1.0000,25.0000,58677.6238
F5004,812.5396,7.2810,7.3650,7.4480,1.0000,24.0000,20691.8417
F5005,812.5977,7.9650,8.0480,8.2150,1.0000,14.0000,107377.7918
F5006,812.6080,9.8980,10.0150,10.1150,1.0000,113.0000,10909530.4225
F5007,812.6171,11.0320,11.1320,11.2150,1.0000,88.0000,20463612.1992
F5008,812.6163,11.3990,11.4820,11.5490,1.0000,6.0000,977486.9566
F5009,812.6252,12.9660,13.0330,13.1490,1.0000,33.0000,51218.5212
F5010,812.6727,11.5990,11.6660,11.7320,1.0000,513.0000,6193977.8282
F5011,812.6823,11.9990,12.0320,12.0990,1.0000,12.0000,64040.6132
F5012,812.6972,12.1990,12.2660,12.3320,1.0000,58.0000,259711.4842
F5013,812.7605,14.2830,14.5000,14.6660,1.0000,40.0000,122574.4168
F5014,813.0755,9.4980,9.6320,9.7820,1.0000,11.0000,13831.7876
F5015,813.5014,11.4160,11.4660,11.4990,1.0000,9.0000,6144.4399
F5016,813.5221,10.3990,10.5320,10.6320,1.0000,16.0000,33532.7502
F5017,813.5599,8.2650,8.3310,8.3980,1.0000,13.0000,14396.1050
F5018,813.6104,9.8980,10.0150,10.1150,1.0000,285.0000,2077378.6788
F5019,813.6099,9.2480,9.3650,9.4650,1.0000,16.0000,154845.4787
F5020,813.6147,11.5490,11.6160,11.6490,1.0000,23.0000,109966.1197
F5021,813.6191,10.2150,10.4990,10.9320,1.0000,56.0000,1063105.3984
F5022,813.6204,11.0320,11.1320,11.2150,1.0000,1578.0000,9817736.3591
F5023,813.6268,12.9660,13.0160,13.1330,1.0000,23.0000,24787.7030
F5024,813.6364,13.2660,13.4330,13.4160,2.0000,32.0000,27846.3846
F5025,813.6871,11.9160,11.9820,12.0660,1.0000,476.0000,29704000.5867
F5026,813.6941,13.8830,13.9660,14.0500,1.0000,14.0000,92413.9212
F5027,813.6969,12.0660,12.2660,12.3320,1.0000,23.0000,1343936.1338
F5028,813.6981,10.0820,10.1900,10.1820,2.0000,4057.0000,18443.0247
F5029,813.7631,14.3160,14.4410,14.4500,2.0000,9.0000,14544.0970
F5030,814.5360,11.3490,11.3990,11.4490,1.0000,18.0000,10167.2189
F5031,814.5385,9.8650,9.9990,10.0650,1.0000,21.0000,41463.7818
F5032,814.5739,8.5650,8.6480,8.7650,1.0000,12.0000,41823.7817
F5033,814.5743,8.9320,9.0320,9.1650,1.0000,23.0000,52085.7281
F5034,814.6010,9.1650,9.2820,9.3320,1.0000,6.0000,23928.3925
F5035,814.6065,7.2480,7.0640,7.3980,3.0000,34.0000,134064.3731
F5036,814.6128,9.8980,10.0150,10.1150,1.0000,161.0000,339551.4171
F5037,814.6230,11.0320,11.1320,11.2150,1.0000,23.0000,2644992.6172
F5038,814.6330,11.6490,11.7160,11.7990,1.0000,480374.0000,2072787.2887
F5039,814.6404,13.2660,13.3490,13.4330,1.0000,74.0000,108430.9599
F5040,814.6892,11.9160,11.9820,12.0660,1.0000,1931.0000,16841280.0190
F5041,814.6919,12.7330,12.8160,12.8660,1.0000,11.0000,108570.3301
F5042,814.6968,13.7660,13.9500,14.0830,1.0000,16.0000,64775.6696
F5043,814.7082,3.4800,3.6970,3.9470,1.0000,13.0000,10731.0394
F5044,815.2137,5.5140,5.5810,5.6640,1.0000,370.0000,202578.7222
F5045,815.2793,8.2310,8.3480,8.4480,1.0000,146.0000,113769.8876
F5046,815.5395,11.3150,11.3990,11.4320,1.0000,14.0000,6760.1396
F5047,815.5398,9.9480,10.0150,10.0650,1.0000,3085.0000,18132.2729
F5048,815.5763,8.8980,8.9980,9.1480,1.0000,20.0000,37555.5227
F5049,815.5792,8.5820,8.6650,8.7820,1.0000,10.0000,23950.9732
F5050,815.5927,9.2480,9.3150,9.4320,1.0000,5.0000,13195.4305
F5051,815.6099,7.2480,7.0810,7.3980,3.0000,23.0000,80466.8634
F5052,815.6136,9.8980,10.0150,10.1650,1.0000,31.0000,50908.5588
F5053,815.6257,11.0150,11.1320,11.2150,1.0000,142.0000,558972.7550
F5054,815.6276,11.4160,11.4820,11.5320,1.0000,15.0000,33544.4314
F5055,815.6355,11.6490,11.7160,11.7990,1.0000,269.0000,1070138.7855
F5056,815.6419,13.2660,13.3490,13.4330,1.0000,57.0000,47366.4714
F5057,815.6519,13.6490,13.7160,13.7990,1.0000,236.0000,184796.8041
F5058,815.6603,9.2980,9.3480,9.4320,1.0000,7.0000,10394.2072
F5059,815.6693,9.6480,9.6980,9.7480,1.0000,2142.0000,7912.0653
F5060,815.6917,11.9160,11.9820,12.0490,1.0000,1448771.0000,4513797.4505
F5061,815.6953,12.7330,12.7990,12.8660,1.0000,14.0000,72603.2068
F5062,815.7014,12.1990,12.2660,12.3160,1.0000,4197.0000,9754908.7735
F5063,815.7093,14.3160,14.3830,14.4500,1.0000,23.0000,49786.1538
F5064,815.7097,14.4500,14.5160,14.5830,1.0000,34.0000,72442.2523
F5065,816.0538,7.7980,8.0980,8.1480,1.0000,1087.0000,4695.9013
F5066,816.2141,5.5140,5.5810,5.6470,1.0000,428.0000,158333.6089
F5067,816.2805,8.2480,8.3480,8.4480,1.0000,64.0000,84147.4153
F5068,816.5872,9.2150,9.3480,9.4480,1.0000,27826.0000,223904.1286
F5069,816.5897,11.1820,11.2320,11.2990,1.0000,17.0000,48218.9099
F5070,816.5935,9.5980,9.6480,9.7480,1.0000,22.0000,55843.0916
F5071,816.6068,8.4980,8.5980,8.6480,1.0000,19465.0000,129069.8004
F5072,816.6239,7.8480,8.1150,8.3650,1.0000,4985554.0000,54453206.6971
F5073,816.6388,11.6320,11.7160,11.7990,1.0000,55.0000,385133.0267
F5074,816.6549,13.6660,13.7330,13.7990,1.0000,29397.0000,109531.6943
F5075,816.6921,11.9160,11.9820,12.0490,1.0000,342.0000,917161.4977
F5076,816.7036,12.1490,12.4160,12.3820,2.0000,1913718.0000,5144533.5348
F5077,816.7075,12.9830,13.1330,13.1490,2.0000,19.0000,188472.5189
F5078,816.7118,14.3330,14.3830,14.4500,1.0000,17.0000,23416.9659
F5079,816.7133,14.4500,14.5160,14.6000,1.0000,31.0000,39737.4044
F5080,817.2132,5.5140,5.5810,5.6640,1.0000,34747.0000,137362.6226
F5081,817.2595,4.8470,4.9140,4.9800,1.0000,7122.0000,6880951.3659
F5082,817.2790,8.2650,8.3480,8.4810,1.0000,10331.0000,73513.0142
F5083,817.5909,9.2480,9.3480,9.4480,1.0000,14.0000,115249.5164
F5084,817.5929,11.1820,11.2320,11.2990,1.0000,7064.0000,31570.4811
F5085,817.5961,7.4480,7.4980,7.5650,1.0000,34.0000,23635.6581
F5086,817.6113,8.4980,8.6150,8.6480,1.0000,12724.0000,76714.7129
F5087,817.6213,8.5980,8.6650,8.7320,1.0000,7.0000,62459.9926
F5088,817.6265,7.8480,8.1150,8.3650,1.0000,2490142.0000,26854092.2792
F5089,817.6252,11.0650,11.1150,11.1490,1.0000,8.0000,9729.6130
F5090,817.6398,11.8160,11.8820,11.9160,1.0000,3463.0000,16665.4459
F5091,817.6422,11.6320,11.7160,11.8160,1.0000,14.0000,109571.0248
F5092,817.6516,11.9160,11.9820,12.0490,1.0000,68266.0000,188985.6540
F5093,817.6550,13.6660,13.7330,13.7990,1.0000,18.0000,51289.6338
F5094,817.6644,14.2830,14.3660,14.4000,1.0000,3082.0000,16730.3320
F5095,817.6677,14.1000,14.2160,14.2830,1.0000,9162.0000,52603.5907
F5096,817.6775,11.4660,11.5160,11.5490,1.0000,8823.0000,25623.6477
F5097,817.6915,11.9320,11.9820,12.0660,1.0000,70.0000,175714.7678
F5098,817.7039,12.0490,12.0990,12.1490,1.0000,9.0000,85070.5804
F5099,817.7073,12.1990,12.2490,12.3160,1.0000,461.0000,1289181.4297
F5100,817.7107,12.9990,13.1330,13.1490,2.0000,20.0000,104577.7864
F5101,817.7146,14.3660,14.4000,14.4500,1.0000,10.0000,7709.0903
F5102,817.7130,12.3160,12.3990,12.4490,1.0000,34.0000,176718.7029
F5103,817.7148,14.4500,14.5160,14.6160,1.0000,14.0000,14494.2497
F5104,817.8089,12.4820,12.5330,12.5830,1.0000,9.0000,12370.7461
F5105,818.1889,11.7320,11.7820,11.8820,1.0000,17.0000,21954.9547
F5106,818.2129,5.5140,5.5810,5.6640,1.0000,18792.0000,77657.0537
F5107,818.2248,11.8820,11.9160,11.9660,1.0000,16460.0000,32487.6675
F5108,818.2604,4.8470,4.9140,4.9800,1.0000,6225.0000,5123157.7170
F5109,818.2786,8.2650,8.3480,8.4150,1.0000,28.0000,32738.8527
F5110,818.2786,7.6310,7.7150,7.8150,1.0000,42.0000,54176.4926
F5111,818.5112,6.8310,6.9140,6.9810,1.0000,16.0000,12926.1183
F5112,818.5723,6.8810,6.9810,7.1140,1.0000,6.0000,23483.9055
F5113,818.6033,11.3660,11.4320,11.5160,1.0000,27.0000,206462.9113
F5114,818.6048,8.7820,9.2320,8.9980,3.0000,15.0000,211912.5129
F5115,818.6052,10.5150,10.6820,10.8490,1.0000,15.0000,182915.5084
F5116,818.6295,7.8480,8.1150,8.3650,1.0000,1527.0000,6674350.6096
F5117,818.6371,9.7320,9.9820,10.1650,1.0000,18.0000,1334151.1794
F5118,818.6394,9.5150,9.6320,9.7320,1.0000,1701.0000,33533117.0637
F5119,818.6415,11.6820,11.7160,11.7660,1.0000,5083.0000,14664.7266
F5120,818.6535,13.6830,13.7160,13.7660,1.0000,21.0000,13963.2423
F5121,818.6703,14.1500,14.2160,14.2830,1.0000,15.0000,26200.0594
F5122,818.6828,11.4660,11.5160,11.5990,1.0000,12.0000,22407.9612
F5123,818.7088,12.1990,12.2490,12.3160,1.0000,146.0000,263372.7573
F5124,818.7151,12.9830,13.0490,13.1490,1.0000,17.0000,99242.2285
F5125,818.7234,13.2830,13.3660,13.4330,1.0000,560.0000,2282276.2215
F5126,819.0678,8.5650,8.6480,8.7650,1.0000,12.0000,15428.8963
F5127,819.2115,5.5140,5.5810,5.6640,1.0000,232.0000,40171.9776
F5128,819.2375,3.9140,3.9970,4.0800,1.0000,35.0000,32131.1655
F5129,819.2590,4.8470,4.9140,4.9800,1.0000,3603.0000,4156214.8355
F5130,819.2762,8.2150,8.3650,8.4480,1.0000,8.0000,23378.8362
F5131,819.2796,7.6150,7.7150,7.7980,1.0000,22.0000,41716.8289
F5132,819.5329,7.2640,7.3480,7.4150,1.0000,4429.0000,27084.7364
F5133,819.5739,6.8980,6.9810,7.0310,1.0000,5.0000,9104.1537
F5134,819.5915,8.4480,8.4980,8.5310,1.0000,7.0000,8202.1152
F5135,819.6069,11.3820,11.4320,11.5160,1.0000,31.0000,114249.4310
F5136,819.6095,10.5650,10.6820,10.7990,1.0000,12.0000,88316.5105
F5137,819.6085,8.7820,8.8820,8.9980,1.0000,62.0000,261413.6627
F5138,819.6198,8.3310,8.3650,8.4310,1.0000,7284.0000,20831.8325
F5139,819.6315,7.8480,8.1150,8.3480,1.0000,662.0000,1313421.5104
F5140,819.6402,9.7320,9.9820,10.1150,1.0000,28.0000,654058.6912
F5141,819.6423,9.5150,9.6320,9.7320,1.0000,2417.0000,15951653.0982
F5142,819.6465,12.7660,12.8330,12.9330,1.0000,8.0000,30506.1904
F5143,819.6714,14.1500,14.2160,14.2500,1.0000,2434.0000,9155.5942
F5144,819.7114,12.2160,12.2660,12.3320,1.0000,19.0000,44559.7360
F5145,819.7185,13.0990,13.1660,13.2830,1.0000,18.0000,89916.4603
F5146,819.7265,13.2830,13.3660,13.4330,1.0000,596.0000,1319026.0945
F5147,819.7818,11.9320,11.9660,12.0160,1.0000,6.0000,6544.3232
F5148,819.8037,12.2490,12.2820,12.3320,1.0000,6.0000,7009.5125
F5149,820.0336,7.2640,7.3480,7.3980,1.0000,5613.0000,19818.3369
F5150,820.2093,5.5310,5.5810,5.6640,1.0000,40.0000,14034.0262
F5151,820.2388,3.9140,4.0140,4.0800,1.0000,41.0000,25967.5863
F5152,820.2588,4.8470,4.9140,4.9800,1.0000,2574.0000,1929678.5473
F5153,820.2762,7.6310,7.7150,7.7980,1.0000,20.0000,34288.3811
F5154,820.4936,8.0810,8.1310,8.1650,1.0000,8018.0000,26505.9329
F5155,820.5045,9.9650,10.0490,10.0820,1.0000,6.0000,6843.5510
F5156,820.5215,11.1490,11.2320,11.3150,1.0000,4986.0000,33360.5232
F5157,820.5252,7.7810,7.8810,7.9650,1.0000,274.0000,727809.4958
F5158,820.5288,7.9650,8.0480,8.0810,1.0000,18.0000,58492.2415
F5159,820.5874,8.3150,8.4480,8.5480,1.0000,36594.0000,338441.4727
F5160,820.5979,8.5480,8.6310,8.6650,1.0000,11452.0000,74668.2834
F5161,820.5985,17.2170,17.7840,18.2840,1.0000,21.0000,608469.1991
F5162,820.6003,8.7150,8.7820,8.8150,1.0000,11182.0000,53749.9676
F5163,820.6058,11.6820,11.7320,11.8160,1.0000,23.0000,121003.1231
F5164,820.6087,11.3990,11.4320,11.4820,1.0000,7.0000,74925.0518
F5165,820.6184,11.0150,11.2400,11.2320,2.0000,17.0000,425101.8902
F5166,820.6224,9.7320,9.8150,10.0490,1.0000,38713.0000,497101.3442
F5167,820.6289,7.9980,8.0980,8.1980,1.0000,26336.0000,225060.5986
F5168,820.6444,9.4980,9.6150,9.7480,1.0000,680.0000,4275859.0653
F5169,820.6487,11.4820,11.5160,11.5660,1.0000,36304.0000,96639.6238
F5170,820.6843,11.6660,11.7160,11.8160,1.0000,13.0000,38849.7805
F5171,820.6911,11.8820,11.9660,12.0160,1.0000,13.0000,36489.3777
F5172,820.6966,14.0830,14.1500,14.2000,1.0000,81.0000,56438.0920
F5173,820.7297,13.2830,13.3660,13.4330,1.0000,76.0000,424127.5629
F5174,820.7393,13.6660,13.7500,13.8330,1.0000,1489865.0000,8679522.8889
F5175,820.7396,11.5990,11.6820,11.7320,1.0000,5.0000,16265.0085
F5176,820.7397,13.8330,14.1000,14.1330,1.0000,6010.0000,818012.9163
F5177,821.0843,9.8980,9.9820,10.0650,1.0000,23.0000,27579.5594
F5178,821.1446,11.6160,11.6660,11.7160,1.0000,173.0000,29806.7610
F5179,821.1869,11.7160,11.7820,11.8490,1.0000,10.0000,9049.8092
F5180,821.2370,3.9140,3.9970,4.0640,1.0000,28.0000,18425.0171
F5181,821.2571,4.8470,4.9140,4.9800,1.0000,1202.0000,938970.3561
F5182,821.2771,7.6480,7.7310,7.7980,1.0000,25.0000,15774.0137
F5183,821.5087,6.1640,6.2140,6.2980,1.0000,15.0000,15883.1500
F5184,821.5287,7.7810,7.8650,7.9650,1.0000,63339.0000,380495.8046
F5185,821.5275,11.1820,11.2320,11.2990,1.0000,2950.0000,14206.1088
F5186,821.5905,8.0810,8.2900,8.2650,2.0000,12.0000,125893.2219
F5187,821.5955,7.9650,8.0150,8.0480,1.0000,7.0000,33041.5660
F5188,821.6021,11.9160,12.0990,12.4490,1.0000,26.0000,232867.5278
F5189,821.6020,15.8000,15.8500,15.9170,1.0000,19.0000,44057.0620
F5190,821.6028,12.6330,12.7330,12.7830,1.0000,20.0000,66658.7985
F5191,821.6026,17.9500,18.0000,18.0840,1.0000,14.0000,30139.8778
F5192,821.6088,9.9480,10.0150,10.1320,1.0000,11697.0000,98179.0293
F5193,821.6226,9.7320,9.8480,9.9650,1.0000,21181.0000,209863.5207
F5194,821.6453,9.4980,9.6150,9.7480,1.0000,107113.0000,941177.1339
F5195,821.6503,11.8320,11.8820,11.9490,1.0000,100.0000,576724.4565
F5196,821.6619,12.9830,13.0490,13.1490,1.0000,22428.0000,143282.7834
F5197,821.6624,13.1490,13.2160,13.3160,1.0000,7766.0000,55264.1067
F5198,821.6675,12.0990,12.1490,12.1990,1.0000,25936.0000,66166.3572
F5199,821.6879,11.6660,11.7160,11.7490,1.0000,4220.0000,14771.2746
F5200,821.7017,14.0830,14.1500,14.2160,1.0000,54.0000,39889.9778
F5201,821.7335,13.2330,13.3660,13.6330,1.0000,30.0000,259629.8285
F5202,821.7430,13.6660,13.7500,13.8330,1.0000,1057.0000,4645139.7038
F5203,822.0866,9.8820,9.9990,10.0990,1.0000,20.0000,16867.7413
F5204,822.2555,4.8470,5.0140,4.9800,2.0000,18.0000,23824.9353
F5205,822.2763,7.6150,7.7150,7.7810,1.0000,23.0000,8207.2216
F5206,822.5077,9.5320,9.5820,9.7150,1.0000,8.0000,11337.6330
F5207,822.5299,7.7810,7.8810,7.9650,1.0000,26026.0000,146065.8717
F5208,822.5403,7.9980,8.0810,8.2310,1.0000,11.0000,134430.9248
F5209,822.5406,8.5820,8.6650,8.7480,1.0000,17.0000,164337.2520
F5210,822.5424,8.2480,8.3310,8.4650,1.0000,11.0000,104028.2087
F5211,822.5936,9.8980,10.0150,10.2150,1.0000,14.0000,104459.7818
F5212,822.6013,8.9320,9.0650,9.1820,1.0000,15.0000,161979.4133
F5213,822.6094,7.5150,7.5650,7.6810,1.0000,12.0000,53072.2593
F5214,822.6115,9.7150,9.8150,9.9150,1.0000,8881.0000,76279.7472
F5215,822.6362,11.4160,11.5570,11.5660,4.0000,87.0000,304471.4018
F5216,822.6436,9.5320,9.5980,9.7150,1.0000,19686.0000,154702.8638
F5217,822.6662,12.9830,13.1490,13.1490,2.0000,18.0000,31370.8182
F5218,822.7418,13.3990,13.5160,13.6660,1.0000,10850.0000,112154.2093
F5219,822.7455,13.6660,13.7500,13.8330,1.0000,232891.0000,1398586.4101
F5220,822.7535,14.0500,14.1160,14.1500,1.0000,52069.0000,138917.6857
F5221,822.7553,14.1500,14.2160,14.3000,1.0000,2779.0000,11205981.3168
F5222,822.8188,12.0320,12.4990,12.6160,1.0000,8.0000,12247.7062
F5223,822.8353,14.4330,14.5000,14.5660,1.0000,19.0000,13590.5604
F5224,823.1332,11.5990,11.6490,11.6990,1.0000,4063.0000,11768.9294
F5225,823.2551,4.8470,4.9140,4.9800,1.0000,265.0000,126568.2551
F5226,823.5258,7.2480,7.3480,7.4480,1.0000,37.0000,84183.8674
F5227,823.5323,7.7810,7.8810,7.9810,1.0000,49.0000,49304.1881
F5228,823.5417,7.9650,8.0310,8.0810,1.0000,5505.0000,26999.2093
F5229,823.5441,8.3310,8.3480,9.1480,1.0000,8283.0000,121359.7113
F5230,823.5915,9.9320,9.9990,10.0990,1.0000,18.0000,38116.6664
F5231,823.6042,9.3320,9.3980,9.4480,1.0000,5004.0000,27656.7913
F5232,823.6047,9.4480,9.4820,9.5320,1.0000,3478.0000,14152.0819
F5233,823.6104,12.8830,12.9660,12.9990,1.0000,8.0000,9312.9209
F5234,823.6184,9.5150,9.5820,9.6150,1.0000,3380.0000,14851.6912
F5235,823.6395,11.5660,11.5990,11.6320,1.0000,64.0000,122602.5441
F5236,823.6399,11.4160,11.3570,11.5660,2.0000,146.0000,454083.8915
F5237,823.6526,11.8160,11.8820,11.9660,1.0000,44.0000,148087.7565
F5238,823.6609,11.9320,11.9660,12.0490,1.0000,24.0000,140758.6291
F5239,823.6666,12.0490,12.1160,12.1820,1.0000,323.0000,1280174.9364
F5240,823.6719,12.9990,13.0490,13.1490,1.0000,8.0000,26089.3297
F5241,823.6784,13.2830,13.3660,13.4330,1.0000,193.0000,518607.8961
F5242,823.7561,13.2490,13.3160,13.3990,1.0000,12.0000,105503.5982
F5243,823.7586,14.1500,14.2160,14.3000,1.0000,2206.0000,6199759.5463
F5244,823.8394,14.4500,14.5000,14.5330,1.0000,1722.0000,5881.9441
F5245,824.2542,4.8640,4.9140,4.9800,1.0000,179.0000,36927.7149
F5246,824.5286,7.2810,7.3650,7.4810,1.0000,12.0000,37491.1905
F5247,824.5477,8.5820,8.6820,8.7320,1.0000,6286.0000,33508.3634
F5248,824.5565,10.2320,10.3320,10.4490,1.0000,81.0000,809980.9488
F5249,824.6185,11.2150,11.2820,11.3820,1.0000,22872.0000,127168.9722
F5250,824.6272,8.6310,8.7320,8.8320,1.0000,199.0000,578274.7020
F5251,824.6424,11.4160,11.5490,11.5660,2.0000,26738.0000,138921.7998
F5252,824.6511,11.6660,11.6990,11.7820,1.0000,25940.0000,179682.9835
F5253,824.6528,11.8820,11.8820,11.9990,2.0000,219366.0000,616923.1222
F5254,824.6699,12.0490,12.1160,12.1820,1.0000,535.0000,697858.1270
F5255,824.6815,13.2830,13.3660,13.4330,1.0000,170.0000,292923.9565
F5256,824.7008,12.2660,12.3160,12.3660,1.0000,10.0000,18183.7240
F5257,824.7537,13.6660,13.8660,13.8160,2.0000,14.0000,70728.2397
F5258,824.7616,14.1500,14.2160,14.3000,1.0000,437.0000,1794122.8573
F5259,824.7709,14.7500,14.8160,14.9000,1.0000,1339.0000,4016288.9041
F5260,825.5461,7.7810,7.8650,7.9310,1.0000,7.0000,13544.9727
F5261,825.5596,10.2320,10.3320,10.4490,1.0000,72.0000,401908.2364
F5262,825.6049,9.9820,10.0320,10.0650,1.0000,9.0000,10391.0085
F5263,825.6215,11.1990,11.2820,11.3820,1.0000,13120.0000,71199.4814
F5264,825.6304,8.6310,8.7320,8.8320,1.0000,178.0000,301366.3359
F5265,825.6564,11.6490,11.7660,11.7990,1.0000,9.0000,103871.5039
F5266,825.6690,10.4150,10.4650,10.4990,1.0000,5.0000,6182.9453
F5267,825.6842,13.2830,13.3660,13.4330,1.0000,31.0000,93738.7061
F5268,825.6939,13.6660,13.7330,13.8330,1.0000,323.0000,1128638.0117
F5269,825.7558,13.9330,13.9660,14.0500,1.0000,12.0000,26704.2123
F5270,825.7644,14.1500,14.2160,14.3000,1.0000,106.0000,371988.9218
F5271,825.7739,14.7500,14.8160,14.9000,1.0000,577.0000,2224975.4815
F5272,826.0460,7.7810,7.8650,7.9310,1.0000,25.0000,13263.4325
F5273,826.5130,7.2980,7.3480,7.3980,1.0000,3919.0000,16373.1344
F5274,826.5605,10.1820,10.3320,10.4650,1.0000,19918.0000,165316.8564
F5275,826.5725,11.5320,11.6160,11.6820,1.0000,45988.0000,178551.6732
F5276,826.5947,7.1980,7.6150,8.0810,1.0000,19.0000,36998.2018
F5277,826.5978,5.6640,5.6970,5.7810,1.0000,7.0000,5226.1060
F5278,826.6057,6.9980,7.0810,7.1640,1.0000,14.0000,22734.9774
F5279,826.6252,11.2150,11.2650,11.3660,1.0000,7.0000,20828.3981
F5280,826.6348,8.6310,8.7150,8.8650,1.0000,44.0000,90486.7815
F5281,826.6431,9.0320,9.1150,9.2150,1.0000,29.0000,166128.8959
F5282,826.6428,9.5650,9.6980,9.7650,1.0000,21.0000,132668.8692
F5283,826.6613,11.8990,11.9820,12.0660,1.0000,86730.0000,387706.6619
F5284,826.6765,12.0490,12.1160,12.2160,1.0000,22723.0000,95105.0416
F5285,826.6827,11.7820,11.8660,11.9160,1.0000,26878.0000,131341.0536
F5286,826.6897,12.1990,12.2490,12.3490,1.0000,10.0000,39478.8080
F5287,826.6974,13.6490,13.7330,13.8330,1.0000,179.0000,674701.0845
F5288,826.7029,12.2990,12.3990,12.4820,1.0000,8.0000,33607.9940
F5289,826.7162,12.7330,12.7830,12.8160,1.0000,6.0000,15251.9734
F5290,826.7605,13.9160,13.9660,14.0160,1.0000,7.0000,7770.9342
F5291,826.7670,14.1500,14.2160,14.3000,1.0000,40.0000,63881.3210
F5292,826.7766,14.7500,14.8160,14.9000,1.0000,542.0000,687585.5265
F5293,827.3330,11.7820,11.8320,11.8660,1.0000,2144.0000,7154.2958
F5294,827.5441,7.2310,7.2980,7.3310,1.0000,2221.0000,7263.9010
F5295,827.5618,10.1990,10.3320,10.4820,1.0000,24.0000,56514.5475
F5296,827.5758,11.5320,11.6160,11.6820,1.0000,93.0000,90876.7651
F5297,827.5997,7.5150,7.5810,7.6810,1.0000,9.0000,14655.8804
F5298,827.6092,6.9980,7.0810,7.1480,1.0000,10.0000,11187.0736
F5299,827.6484,9.0320,9.1150,9.2150,1.0000,16.0000,87690.3329
F5300,827.6500,9.5480,9.6820,9.7820,1.0000,9860.0000,71963.7852
F5301,827.6566,13.4660,13.5490,13.5990,1.0000,4994.0000,24439.9118
F5302,827.6665,11.9490,11.9820,12.0320,1.0000,41921.0000,121253.6510
F5303,827.6678,9.9150,9.9650,10.0150,1.0000,6.0000,12348.0871
F5304,827.6731,7.3140,7.3980,7.6980,1.0000,11.0000,23335.0084
F5305,827.6792,2.5470,2.5970,2.6300,1.0000,10.0000,6072.4110
F5306,827.6778,11.5490,11.5820,11.6320,1.0000,6.0000,20103.1689
F5307,827.6992,12.0160,12.0660,12.1320,1.0000,156.0000,653218.3153
F5308,827.7004,13.6660,13.7330,13.8330,1.0000,38.0000,189985.9982
F5309,827.7096,14.1330,14.2000,14.2830,1.0000,269.0000,857314.8141
F5310,827.7795,14.7500,14.8160,14.9000,1.0000,119.0000,132949.2137
F5311,828.3174,6.7310,6.7810,6.8640,1.0000,68.0000,23475.6550
F5312,828.5512,7.4480,7.5310,7.6310,1.0000,124.0000,1115187.3587
F5313,828.5507,6.7980,6.9310,7.0140,1.0000,12.0000,150253.2618
F5314,828.5640,10.2490,10.3320,10.4320,1.0000,2547.0000,17748.0366
F5315,828.5776,11.5320,11.6160,11.6660,1.0000,11443.0000,38343.6175
F5316,828.6113,9.6980,9.7820,9.9650,1.0000,15863.0000,126571.0719
F5317,828.6187,7.3980,7.4980,7.5480,1.0000,57.0000,167758.6024
F5318,828.6564,9.5150,9.6650,9.7650,1.0000,22944.0000,182263.8139
F5319,828.6610,9.9990,10.0650,10.1490,1.0000,9.0000,61544.4869
F5320,828.6686,11.9490,11.9820,12.0320,1.0000,13621.0000,41482.3993
F5321,828.6735,7.3310,7.3810,7.4150,1.0000,11.0000,8612.3516
F5322,828.6881,11.8320,12.0490,11.9320,2.0000,13316.0000,54703.0908
F5323,828.6916,16.4670,16.5000,16.5500,1.0000,1396.0000,4888.0214
F5324,828.6970,12.1320,12.1820,12.2160,1.0000,34652.0000,141332.5265
F5325,828.7024,12.0160,12.0660,12.1320,1.0000,86544.0000,358207.6242
F5326,828.7027,13.6490,13.7330,13.8330,1.0000,30.0000,49521.7375
F5327,828.7132,14.1330,14.2000,14.2830,1.0000,397.0000,490746.4993
F5328,828.7827,14.7500,14.8160,14.9000,1.0000,38.0000,24986.0550
F5329,828.7875,13.2160,13.2660,13.2990,1.0000,2500.0000,8438.4922
F5330,829.3163,6.7140,6.7810,6.8640,1.0000,16.0000,28238.1984
F5331,829.5543,7.4150,7.5480,7.6810,1.0000,175.0000,609362.6832
F5332,829.5541,6.8310,6.9310,7.0140,1.0000,32.0000,79876.6851
F5333,829.5752,10.2490,10.3490,10.4320,1.0000,12.0000,18839.9213
F5334,829.6139,9.6820,9.7820,9.9480,1.0000,8276.0000,73686.6575
F5335,829.6231,7.3310,7.4810,7.5480,1.0000,35.0000,96277.0592
F5336,829.6590,11.7160,11.7660,11.7990,1.0000,2233.0000,8296.8433
F5337,829.6624,9.5320,9.6650,9.7480,1.0000,12536.0000,90820.4463
F5338,829.6689,13.8660,13.9660,14.0500,1.0000,36.0000,45641.4793
F5339,829.6866,11.8490,11.8990,11.9660,1.0000,10.0000,58571.2250
F5340,829.7019,12.8330,12.8990,12.9660,1.0000,14.0000,76869.9390
F5341,829.6997,12.1320,12.1820,12.2320,1.0000,11.0000,71552.3936
F5342,829.7056,12.0160,12.0660,12.1320,1.0000,18.0000,116079.4901
F5343,829.7027,12.6990,12.7660,12.8330,1.0000,25.0000,112087.2040
F5344,829.7164,14.1330,14.3000,14.2830,2.0000,29796.0000,151898.2858
F5345,829.7152,12.2990,12.3490,12.4660,1.0000,142.0000,405764.9647
F5346,829.7248,14.7500,14.8330,14.9160,1.0000,112.0000,376343.3462
F5347,830.0794,10.2820,10.3650,10.4320,1.0000,20.0000,13652.4279
F5348,830.2766,4.8470,4.9140,4.9640,1.0000,25.0000,7907.1256
F5349,830.3150,6.6980,6.7980,6.8640,1.0000,12.0000,18432.8372
F5350,830.3346,11.7490,11.8320,11.8820,1.0000,65.0000,15996.7839
F5351,830.5580,0.9630,1.0130,1.0630,1.0000,2335.0000,9159.7648
F5352,830.5595,7.4480,7.5480,7.6310,1.0000,25.0000,211358.3585
F5353,830.5666,7.9650,8.0980,8.1150,2.0000,48.0000,314050.6856
F5354,830.5664,8.4810,8.6480,8.8150,1.0000,28.0000,435935.8231
F5355,830.5689,6.5480,6.6810,6.7810,1.0000,95.0000,463675.7505
F5356,830.5723,10.2490,10.2990,10.3490,1.0000,8.0000,9613.3523
F5357,830.6177,9.7320,9.7980,9.8820,1.0000,10.0000,19262.0945
F5358,830.6191,11.5320,11.6490,11.6990,1.0000,10.0000,20568.6712
F5359,830.6270,7.3980,7.4650,7.5310,1.0000,5763.0000,29692.7943
F5360,830.6367,8.6150,8.7150,8.8320,1.0000,19.0000,156394.8196
F5361,830.6383,9.0320,9.1150,9.2150,1.0000,29.0000,128567.0907
F5362,830.6468,11.7160,11.7660,11.8160,1.0000,10973.0000,37691.1352
F5363,830.6608,9.5820,9.6480,9.6980,1.0000,4167.0000,20165.3668
F5364,830.6706,13.9000,13.9660,14.0330,1.0000,26.0000,24157.6625
F5365,830.6742,11.4660,11.5490,11.6160,1.0000,17.0000,63732.9176
F5366,830.6830,11.7820,11.8490,11.9320,1.0000,15.0000,49701.9103
F5367,830.6967,12.0160,12.2160,12.2990,1.0000,8.0000,37688.9064
F5368,830.7072,12.4160,12.6080,12.5160,2.0000,9.0000,50460.8840
F5369,830.7176,12.2820,12.3820,12.7160,1.0000,36141.0000,208806.5333
F5370,830.7190,14.1330,14.2000,14.2830,1.0000,15.0000,34862.2891
F5371,830.7223,13.0990,13.2660,13.4830,1.0000,14.0000,108339.7808
F5372,830.7289,14.7500,14.8330,14.9160,1.0000,93.0000,217075.7311
F5373,830.7953,13.4490,13.5160,13.5490,1.0000,13.0000,9096.6652
F5374,830.8064,13.5330,13.6330,13.6990,1.0000,3780.0000,19248.1630
F5375,831.0582,16.0830,16.1330,16.1670,1.0000,10.0000,5733.9775
F5376,831.0596,0.9300,0.9960,1.0630,1.0000,8.0000,10038.2185
F5377,831.1782,12.0660,12.1160,12.1490,1.0000,11.0000,5261.0707
F5378,831.2743,6.3140,6.3980,6.4810,1.0000,327.0000,351728.8559
F5379,831.3140,6.7140,6.8140,7.1140,1.0000,12.0000,13081.9927
F5380,831.3324,11.7490,11.8160,11.8820,1.0000,37.0000,9028.2848
F5381,831.5002,5.9470,6.0310,6.1140,1.0000,37.0000,16595.3417
F5382,831.5469,6.1810,6.2480,6.3310,1.0000,11.0000,11641.3860
F5383,831.5656,7.4650,7.5480,7.6310,1.0000,10.0000,54456.5972
F5384,831.5696,7.9650,8.0480,8.2150,1.0000,76.0000,499280.5754
F5385,831.5701,8.2150,8.3150,8.3810,1.0000,25.0000,140631.1177
F5386,831.5699,8.4980,8.6650,8.8150,1.0000,24.0000,228826.2246
F5387,831.5725,6.5310,6.6810,6.8140,1.0000,36.0000,252978.6835
F5388,831.6270,11.8660,11.9490,11.9820,1.0000,11.0000,23827.9548
F5389,831.6344,10.2650,10.3650,10.4490,1.0000,16.0000,78102.3464
F5390,831.6386,8.6150,8.7320,8.9320,1.0000,16.0000,97967.5736
F5391,831.6399,8.9320,9.1320,9.3480,1.0000,14.0000,85768.4533
F5392,831.6832,14.4500,14.4500,14.6000,2.0000,17.0000,24743.1424
F5393,831.6942,11.7490,11.7990,11.8660,1.0000,65.0000,171415.7027
F5394,831.7094,12.6660,12.7660,12.8490,1.0000,7.0000,28255.2776
F5395,831.7182,12.9490,13.0160,13.1490,1.0000,164.0000,430050.5567
F5396,831.7312,14.7500,14.8330,14.9500,1.0000,54.0000,64390.4753
F5397,831.7415,14.1330,14.2000,14.2830,1.0000,18.0000,21150.6149
F5398,831.8106,13.5330,13.6330,13.6990,1.0000,11.0000,11783.9995
F5399,831.8638,12.9490,13.0160,13.1330,1.0000,23.0000,44371.6080
F5400,832.0529,7.9980,8.0810,8.1980,1.0000,21.0000,20739.0369
F5401,832.2411,11.9490,11.9990,12.0660,1.0000,4951.0000,4178174.4935
F5402,832.2754,6.3140,6.3980,6.4640,1.0000,412.0000,280375.0446
F5403,832.5368,6.1980,6.2480,6.2980,1.0000,1774.0000,6693.1057
F5404,832.5753,6.5310,6.6810,6.7640,1.0000,27.0000,77611.2308
F5405,832.5845,7.2480,7.4810,7.4150,3.0000,10.0000,366756.8399
F5406,832.5830,9.8980,10.0150,10.1150,1.0000,266.0000,3197635.9848
F5407,832.5848,7.8480,7.9480,8.0810,1.0000,34.0000,1350058.8340
F5408,832.5942,18.0340,18.0840,18.1670,1.0000,12.0000,9273.4363
F5409,832.6442,10.2320,10.3990,10.6650,1.0000,10.0000,118623.4902
F5410,832.6868,14.4500,14.4500,14.6000,2.0000,2885.0000,11870.3296
F5411,832.6972,11.7320,11.7990,11.8660,1.0000,39.0000,93726.3610
F5412,832.7223,12.3490,12.3990,12.4660,1.0000,23.0000,43634.7406
F5413,832.7233,12.8990,13.0330,13.1830,1.0000,44179.0000,290304.7331
F5414,832.7298,13.2830,13.3660,13.4160,1.0000,3212.0000,20479.9808
F5415,832.7382,13.4330,13.5660,13.7330,1.0000,93.0000,376253.4574
F5416,832.7736,14.5000,14.5660,14.6500,1.0000,14.0000,10877.2496
F5417,832.7820,12.8160,12.8660,12.9160,1.0000,1978.0000,8856.6232
F5418,832.8116,13.7990,13.8660,14.0160,1.0000,10.0000,20902.7080
F5419,832.8679,12.9660,13.0330,13.2830,1.0000,18.0000,39814.7910
F5420,833.0462,8.0150,8.0480,8.0980,1.0000,31.0000,6500.4373
F5421,833.0842,9.9650,10.0150,10.0820,1.0000,227.0000,69281.7514
F5422,833.2416,11.9490,12.1160,12.0660,2.0000,5587.0000,3269885.5408
F5423,833.2539,4.4470,4.4970,4.5640,1.0000,245.0000,116832.7555
F5424,833.2736,6.3140,6.3980,6.4810,1.0000,621.0000,233362.6387
F5425,833.5157,6.9640,7.0640,7.0980,1.0000,7.0000,10199.9081
F5426,833.5863,9.9150,10.0150,10.1150,1.0000,384.0000,1632352.6385
F5427,833.5847,7.2140,7.3480,7.5980,1.0000,52.0000,386590.3727
F5428,833.5879,7.6150,7.8400,7.8480,2.0000,122.0000,727094.9858
F5429,833.5893,6.9980,7.0810,7.2480,1.0000,10.0000,58738.7855
F5430,833.6381,4.0800,4.1140,4.1640,1.0000,6.0000,5169.2180
F5431,833.6422,8.6650,8.7150,8.7480,1.0000,12.0000,6424.9404
F5432,833.6510,11.5990,11.6660,11.7320,1.0000,762.0000,2031931.6682
F5433,833.6659,11.9990,12.0320,12.0820,1.0000,49115.0000,97892.3532
F5434,833.6875,14.4330,14.5000,14.5500,1.0000,15.0000,9224.3815
F5435,833.7338,13.2660,13.3490,13.4330,1.0000,100.0000,1202132.4898
F5436,833.7383,13.4330,13.5330,13.5830,1.0000,12.0000,196288.3412
F5437,833.7554,14.7000,14.8160,14.9000,1.0000,15.0000,16748.4230
F5438,834.0667,9.5820,9.6320,9.7150,1.0000,20.0000,6906.0271
F5439,834.0921,10.2150,10.2650,10.3320,1.0000,12.0000,11483.8921
F5440,834.2196,8.1150,8.1980,8.3480,1.0000,267.0000,984228.1694
F5441,834.2190,7.6810,7.7650,7.9150,1.0000,52.0000,132459.4681
F5442,834.2197,7.9150,8.0310,8.1150,1.0000,386.0000,1123563.2264
F5443,834.2404,11.9490,11.9990,12.0660,1.0000,5527.0000,2796353.0951
F5444,834.2541,4.4470,4.4970,4.5640,1.0000,206.0000,89212.1675
F5445,834.2558,9.3980,9.4650,9.5980,1.0000,51.0000,45629.2655
F5446,834.2733,6.3140,6.3980,6.4810,1.0000,219.0000,116786.7871
F5447,834.5226,6.4980,6.5640,6.5980,1.0000,8.0000,7421.3634
F5448,834.6014,9.4150,9.5150,9.6320,1.0000,287.0000,11758752.4166
F5449,834.5999,10.9820,11.1320,11.2650,1.0000,17.0000,1088424.8541
F5450,834.6021,8.3980,8.4980,8.6150,1.0000,14.0000,738393.8943
F5451,834.6027,8.1480,8.2980,8.3980,1.0000,12.0000,646727.2208
F5452,834.6070,10.9320,11.0150,11.0490,1.0000,29592.0000,121716.1170
F5453,834.6074,10.1150,10.1490,10.2490,1.0000,15441.0000,104417.8167
F5454,834.6108,7.5480,7.5560,7.6480,2.0000,11979.0000,68442.9961
F5455,834.6114,5.7640,5.8310,5.8970,1.0000,13233.0000,105266.5464
F5456,834.6137,6.2310,6.5480,6.3480,7.0000,12048.0000,92662.6666
F5457,834.6139,2.7800,2.5300,2.9800,8.0000,10637.0000,73769.5724
F5458,834.6141,0.2960,0.3790,0.4290,5.0000,7703.0000,60160.7392
F5459,834.6143,3.7970,3.6970,3.9300,3.0000,12490.0000,143296.9286
F5460,834.6113,10.3990,10.4240,10.6650,2.0000,14946.0000,217721.3025
F5461,834.6137,1.5460,1.6380,1.6460,4.0000,8778.0000,50117.3129
F5462,834.6147,3.9970,4.0470,4.1140,1.0000,13740.0000,92108.7451
F5463,834.6147,4.4300,4.4800,4.5470,1.0000,13954.0000,94275.4553
F5464,834.6184,7.2640,7.3480,7.4150,1.0000,23360.0000,159061.2992
F5465,834.6148,1.0630,1.0800,1.1460,1.0000,9360.0000,45712.9464
F5466,834.6148,3.2130,3.2470,3.2970,1.0000,12528.0000,67820.6395
F5467,834.6649,11.9990,12.0320,12.0820,1.0000,15739.0000,35184.1486
F5468,834.7285,12.9660,13.0160,13.0990,1.0000,8.0000,34505.9422
F5469,834.7382,13.2660,13.3490,13.4330,1.0000,333.0000,714928.5612
F5470,834.7431,13.4330,13.5490,13.6330,1.0000,36.0000,150762.7553
F5471,834.7540,13.8660,13.9660,14.0660,1.0000,281.0000,1048707.2183
F5472,834.7902,15.0830,15.2160,15.3830,1.0000,20.0000,48976.7020
F5473,834.7999,13.0330,13.1330,13.1830,1.0000,12.0000,26721.3406
F5474,834.8221,14.1160,14.1500,14.2160,1.0000,8.0000,8239.8178
F5475,835.0576,7.8150,7.8810,7.9310,1.0000,2573.0000,11462.3467
F5476,835.2205,7.9150,8.0310,8.1150,3.0000,241.0000,880248.3594
F5477,835.2396,12.0660,12.2160,12.2990,1.0000,14.0000,85092.9908
F5478,835.2403,11.9490,11.9990,12.0660,1.0000,1947.0000,1401630.6425
F5479,835.2719,6.3140,6.3980,6.4810,1.0000,83.0000,52985.7381
F5480,835.5337,6.2310,6.3310,6.4140,1.0000,60.0000,69947.9503
F5481,835.6029,11.0320,11.1320,11.2150,1.0000,19.0000,478556.2298
F5482,835.6049,9.4150,9.5150,9.6320,1.0000,257.0000,5988851.6926
F5483,835.6055,8.3980,8.4980,8.6150,1.0000,13.0000,386789.3788
F5484,835.6111,10.9490,10.9990,11.0320,1.0000,9381.0000,32711.1537
F5485,835.6135,10.0990,10.3490,10.2320,3.0000,7422.0000,37436.4746
F5486,835.6153,10.6820,10.7650,10.8490,1.0000,6673.0000,59832.7610
F5487,835.6668,11.9160,11.9820,12.0660,1.0000,1729.0000,6666689.3742
F5488,835.7235,12.4330,12.4820,12.5330,1.0000,9.0000,15690.3783
F5489,835.7426,13.2660,13.3490,13.4330,1.0000,49.0000,227420.7862
F5490,835.7496,13.6490,13.7330,13.7990,1.0000,383.0000,1365535.2345
F5491,835.7569,13.9160,13.9660,14.0660,1.0000,237.0000,533778.5560
F5492,835.7900,15.1660,15.2330,15.3160,1.0000,9.0000,19373.7614
F5493,835.8007,13.0990,13.1330,13.1830,1.0000,11.0000,10733.7022
F5494,836.1987,5.0470,5.1140,5.1640,1.0000,7.0000,21785.0662
F5495,836.2188,7.9150,8.0310,8.1150,3.0000,328.0000,752594.9868
F5496,836.2300,5.2970,5.3470,5.4140,1.0000,46.0000,7713.3574
F5497,836.2364,12.0660,12.2160,12.3320,1.0000,26.0000,57119.0245
F5498,836.2385,11.9660,11.9990,12.0660,1.0000,2299.0000,713116.9272
F5499,836.2725,6.3310,6.3980,6.4810,1.0000,31.0000,22486.1006
F5500,836.5180,9.8980,9.9650,10.0650,1.0000,13.0000,11158.8576
F5501,836.5371,6.2310,6.3310,6.4140,1.0000,33.0000,32725.7622
F5502,836.5422,7.5480,7.6480,7.7810,1.0000,6506.0000,48049.6873
F5503,836.6017,17.4840,17.8340,18.2010,1.0000,15.0000,165571.4523
F5504,836.6046,11.8490,11.8990,11.9490,1.0000,7173.0000,33589.8205
F5505,836.6078,9.4150,9.5150,9.6150,1.0000,50.0000,1836065.8236
F5506,836.6140,11.6490,11.7160,11.7990,1.0000,14.0000,264170.0537
F5507,836.6159,11.0490,11.1490,11.2320,1.0000,88.0000,1798307.4720
F5508,836.6168,10.1650,10.2820,10.3990,1.0000,174.0000,4481683.4694
F5509,836.6554,11.6160,11.6660,11.6990,1.0000,20963.0000,63299.9363
F5510,836.6703,11.9160,11.9820,12.0660,1.0000,1033.0000,3403925.5470
F5511,836.7469,13.2830,13.3490,13.4330,1.0000,12864.0000,69937.2721
F5512,836.7481,8.4810,8.5310,8.5650,1.0000,1185.0000,4288.5201
F5513,836.7538,13.6490,13.7330,13.7990,1.0000,320.0000,828601.7569
F5514,836.7603,13.7990,13.9660,14.0660,1.0000,42.0000,286114.6086
F5515,836.7700,14.3000,14.4830,14.6330,1.0000,520.0000,1721797.0731
F5516,836.8061,15.8500,15.9330,16.0330,1.0000,59.0000,76266.0120
F5517,837.2185,7.9150,8.0310,8.1150,3.0000,88.0000,381550.7614
F5518,837.2688,6.3310,6.3980,6.4640,1.0000,23.0000,7592.5471
F5519,837.5470,7.0140,7.2640,7.7650,1.0000,11.0000,52482.4577
F5520,837.6109,9.4150,9.5150,9.6150,1.0000,45.0000,430326.9152
F5521,837.6194,11.0490,11.1320,11.2320,1.0000,80.0000,931070.7451
F5522,837.6198,10.1650,10.2820,10.3820,1.0000,281.0000,2351261.0206
F5523,837.6324,13.1660,13.2330,13.2830,1.0000,7297.0000,39440.0830
F5524,837.6355,12.9830,13.0490,13.1660,1.0000,20918.0000,128740.4220
F5525,837.6729,11.9160,11.9820,12.0490,1.0000,102.0000,891811.7449
F5526,837.6828,12.1990,12.2490,12.3160,1.0000,340.0000,2132265.2793
F5527,837.6937,13.4830,13.5490,13.6160,1.0000,114.0000,69774.5990
F5528,837.6949,13.6160,13.6660,13.6990,1.0000,45.0000,23947.7954
F5529,837.7332,12.5830,12.6330,12.6990,1.0000,18.0000,38264.5366
F5530,837.7580,13.4490,13.7160,13.9500,1.0000,61.0000,342432.9636
F5531,837.7653,14.1500,14.2160,14.2830,1.0000,71.0000,400957.2753
F5532,837.7686,14.2830,14.3500,14.3660,1.0000,29.0000,118685.5040
F5533,837.7730,14.0000,14.4830,14.7330,1.0000,182.0000,1541590.4550
F5534,837.8088,15.8500,15.9330,16.0330,1.0000,42.0000,45809.7173
F5535,838.2168,7.9310,8.1060,8.1150,2.0000,34.0000,195407.1710
F5536,838.2514,4.4640,4.4970,4.5470,1.0000,20.0000,5944.8124
F5537,838.5104,7.4810,8.1310,8.4810,1.0000,77.0000,150992.6558
F5538,838.5538,7.1810,7.2480,7.3310,1.0000,2740.0000,16401.4634
F5539,838.5637,9.2150,9.2980,9.4150,1.0000,55.0000,50122.1626
F5540,838.5887,8.5650,8.6310,8.6820,1.0000,9.0000,7567.0479
F5541,838.6061,6.8310,6.8980,6.9810,1.0000,61.0000,227959.6030
F5542,838.6234,10.9990,11.1490,11.3990,1.0000,19.0000,489084.6673
F5543,838.6234,10.1650,10.2820,10.3990,1.0000,37.0000,777550.6351
F5544,838.6311,11.5990,11.6990,11.7660,1.0000,29.0000,310162.3787
F5545,838.6323,11.4490,11.5160,11.5990,1.0000,281.0000,2251635.3790
F5546,838.6398,12.9990,13.0490,13.1660,1.0000,19.0000,73973.9013
F5547,838.6738,11.9160,11.9820,12.0820,1.0000,124.0000,218364.8706
F5548,838.6861,12.1990,12.2490,12.3160,1.0000,134.0000,1112274.4023
F5549,838.6977,13.4660,13.5660,13.7330,1.0000,15.0000,57243.2589
F5550,838.7328,12.6490,12.6990,12.7660,1.0000,7.0000,21364.7240
F5551,838.7605,13.6490,13.7330,13.7990,1.0000,24.0000,70057.9549
F5552,838.7690,14.1500,14.2160,14.3000,1.0000,60.0000,238296.1253
F5553,838.7765,14.3500,14.4830,14.7330,1.0000,54.0000,354575.2468
F5554,838.7851,15.0660,15.0750,15.2330,2.0000,110.0000,405811.5035
F5555,838.8082,15.9000,15.9500,16.0170,1.0000,3892.0000,14356.5943
F5556,839.0894,10.2990,10.3320,10.3990,1.0000,18.0000,7413.5640
F5557,839.2165,7.8480,8.0480,8.4150,1.0000,31.0000,151814.5818
F5558,839.5150,7.8980,8.1150,8.2810,1.0000,17.0000,70533.6797
F5559,839.5652,8.9820,9.2980,9.5150,1.0000,16.0000,20825.0818
F5560,839.6090,6.8310,6.9140,6.9810,1.0000,50.0000,118405.3501
F5561,839.6202,9.6650,9.7320,9.8480,1.0000,8.0000,12186.4743
F5562,839.6266,11.0490,11.1320,11.1990,1.0000,9.0000,70299.8795
F5563,839.6273,10.1650,10.2820,10.3820,1.0000,41.0000,183168.4767
F5564,839.6353,11.4490,11.6070,11.5820,2.0000,30.0000,197916.2285
F5565,839.6402,9.4820,9.5650,9.6150,1.0000,15.0000,30408.4785
F5566,839.6427,12.9830,13.0660,13.1490,1.0000,7.0000,31282.2341
F5567,839.6519,13.2830,13.3660,13.4330,1.0000,113.0000,337363.7664
F5568,839.6891,12.1990,12.2490,12.3160,1.0000,48.0000,318487.5933
F5569,839.6986,11.9820,12.0160,12.1160,1.0000,33.0000,206802.1560
F5570,839.7094,13.8660,13.9500,14.0660,1.0000,95.0000,226788.9032
F5571,839.7473,12.8660,12.9160,12.9830,1.0000,6.0000,15658.7302
F5572,839.7729,14.1500,14.2160,14.3000,1.0000,40.0000,77597.9643
F5573,839.7797,14.4160,14.4830,14.6160,1.0000,28.0000,63054.7289
F5574,839.7888,15.0660,15.0660,15.2330,2.0000,54.0000,223868.7936
F5575,840.2153,7.8480,8.0480,8.3650,1.0000,23.0000,61607.5790
F5576,840.5264,9.5320,9.6150,9.7320,1.0000,11138.0000,88686.3548
F5577,840.5566,8.0310,8.0810,8.2310,1.0000,39.0000,118798.6952
F5578,840.5874,8.7820,8.8820,9.0150,1.0000,10.0000,22799.9541
F5579,840.6146,6.8310,6.8980,7.0140,1.0000,34.0000,37908.1837
F5580,840.6218,7.9650,8.1650,8.2480,1.0000,69.0000,2043823.2816
F5581,840.6222,7.2310,7.4230,7.3980,2.0000,126.0000,506066.2558
F5582,840.6362,10.0990,10.2650,10.2990,1.0000,15.0000,22736.4538
F5583,840.6384,11.4490,11.5160,11.5990,1.0000,93.0000,361511.8832
F5584,840.6375,12.5490,13.0990,13.2490,1.0000,1897.0000,23720.3464
F5585,840.6473,11.8160,11.8660,11.9320,1.0000,29.0000,104903.1122
F5586,840.6540,10.3320,10.3650,10.4490,1.0000,14.0000,24034.3160
F5587,840.6553,13.2830,13.3660,13.4330,1.0000,116.0000,185810.4156
F5588,840.7028,11.9660,12.0160,12.0990,1.0000,56.0000,118000.2749
F5589,840.7084,12.8330,12.9160,12.9830,1.0000,21.0000,131345.2246
F5590,840.7128,13.8660,13.9660,14.0660,1.0000,49.0000,133125.2141
F5591,840.7747,14.1660,14.2160,14.2830,1.0000,16.0000,15405.9769
F5592,840.7806,14.4330,14.5000,14.5500,1.0000,7.0000,10002.0387
F5593,840.7919,15.0660,15.0750,15.2330,2.0000,49.0000,72017.2140
F5594,841.5311,9.6150,9.6650,9.7480,1.0000,14.0000,31032.3257
F5595,841.5598,8.0150,8.1310,8.4310,1.0000,40.0000,85839.1308
F5596,841.6253,7.0310,7.3310,7.2480,3.0000,139.0000,295432.0733
F5597,841.6260,7.7810,8.0230,7.9650,2.0000,7693.0000,16167269.3616
F5598,841.6272,8.2480,8.3480,8.3810,1.0000,14.0000,35460.4889
F5599,841.6413,11.4490,11.5160,11.5820,1.0000,22.0000,88802.2451
F5600,841.6518,11.6990,11.7660,11.8160,1.0000,15.0000,53706.6849
F5601,841.6568,13.2830,13.3660,13.4330,1.0000,41.0000,84252.6440
F5602,841.6532,11.8160,11.8660,11.9160,1.0000,20.0000,55596.3375
F5603,841.6659,11.8990,11.9490,11.9990,1.0000,4906.0000,22505.6266
F5604,841.6678,13.6490,13.8410,13.8160,2.0000,403.0000,557657.0513
F5605,841.7067,12.9330,12.9830,13.0990,1.0000,33.0000,115364.6730
F5606,841.7128,13.9000,14.0000,14.2330,1.0000,14.0000,54247.1042
F5607,841.7156,12.1820,12.2490,12.3490,1.0000,29.0000,193550.7517
F5608,841.7251,14.4330,14.4330,14.5830,2.0000,100.0000,228266.6243
F5609,841.7608,15.8670,15.9500,16.0500,1.0000,26.0000,21627.8975
F5610,841.7952,15.0330,15.1500,15.2500,1.0000,11.0000,19433.1029
F5611,842.2783,6.5980,6.6810,6.7640,1.0000,25.0000,11583.4883
F5612,842.5345,9.2150,9.2650,9.3650,1.0000,9.0000,8609.3383
F5613,842.5614,8.0150,8.1150,8.2150,1.0000,6647.0000,51789.8631
F5614,842.5732,9.4650,9.6150,9.7650,1.0000,41.0000,115575.0026
F5615,842.6085,10.9990,11.1320,11.2320,1.0000,9.0000,21898.1008
F5616,842.6298,7.7810,7.8650,7.9650,1.0000,572.0000,4101553.2028
F5617,842.6388,8.5820,8.4980,8.7480,2.0000,1283.0000,8624255.5218
F5618,842.6378,8.8480,9.2650,9.4480,1.0000,13.0000,286397.9822
F5619,842.6619,13.2990,13.3490,13.4160,1.0000,12.0000,24244.7163
F5620,842.6638,11.9490,12.0490,12.1160,1.0000,42.0000,103986.6640
F5621,842.6710,13.6490,13.7330,13.8160,1.0000,137.0000,306394.6953
F5622,842.7105,12.9160,12.8740,13.0490,2.0000,16953.0000,101375.4062
F5623,842.7138,12.4330,12.5580,12.5490,2.0000,3692.0000,25804.5825
F5624,842.7187,12.1820,12.2490,12.3490,1.0000,11.0000,105644.2626
F5625,842.7229,13.0330,13.1660,13.1830,2.0000,122.0000,629504.6440
F5626,842.7283,14.4330,14.4410,14.5830,2.0000,50.0000,127329.0769
F5627,843.2904,11.7160,11.7490,11.7990,1.0000,1658.0000,5125.6149
F5628,843.5598,8.0150,8.1150,8.1980,1.0000,9.0000,21656.3076
F5629,843.5773,9.5980,9.6070,9.7650,2.0000,24.0000,46730.3911
F5630,843.6064,11.0150,11.1320,11.2150,1.0000,7.0000,15684.4871
F5631,843.6317,7.7480,7.8810,8.0150,1.0000,124169.0000,866612.0875
F5632,843.6418,8.5820,8.4980,8.7480,2.0000,481.0000,4343721.5628
F5633,843.6697,11.9490,12.0490,12.1320,1.0000,9480.0000,66042.2874
F5634,843.6720,13.6490,13.7330,13.8160,1.0000,93.0000,135759.7845
F5635,843.6833,14.1330,14.2910,14.2660,2.0000,33.0000,80400.3621
F5636,843.7179,12.9660,13.0330,13.0660,1.0000,33.0000,60983.5797
F5637,843.7260,13.0490,13.1660,13.1830,2.0000,132.0000,360815.1910
F5638,843.7310,14.4330,14.5000,14.5830,1.0000,13.0000,40403.2637
F5639,843.7305,12.4490,12.5490,12.6160,1.0000,11.0000,54817.4572
F5640,843.7386,14.9000,15.0000,15.0830,1.0000,18.0000,31091.5740
F5641,843.7405,15.0830,15.1500,15.2330,1.0000,46.0000,57850.2969
F5642,844.2747,11.6660,11.6990,11.7490,1.0000,8038.0000,17381.9296
F5643,844.2794,6.5480,6.6640,6.8640,1.0000,12.0000,10246.8248
F5644,844.5248,7.4480,7.5310,7.6150,1.0000,66.0000,96050.5312
F5645,844.6137,6.9810,7.0640,7.1480,1.0000,27.0000,24642.6904
F5646,844.6148,11.2650,11.2990,11.3490,1.0000,2469.0000,6629.1738
F5647,844.6209,11.4490,11.4990,11.5660,1.0000,25.0000,54892.2415
F5648,844.6344,7.7810,7.8650,7.9650,1.0000,131.0000,142280.4043
F5649,844.6332,9.1480,9.2980,9.3820,1.0000,11.0000,35904.9469
F5650,844.6444,8.5650,8.4980,8.7480,2.0000,645.0000,1258227.5878
F5651,844.6520,9.5980,9.6980,9.8820,1.0000,10.0000,190464.0192
F5652,844.6537,9.8820,9.9820,10.2320,1.0000,194.0000,2599829.1880
F5653,844.6550,10.2320,10.3320,10.4650,1.0000,4482.0000,38424846.2878
F5654,844.6711,11.9820,12.0320,12.1490,1.0000,10.0000,31946.0895
F5655,844.6739,13.6490,13.7330,13.8160,1.0000,8551.0000,48547.1487
F5656,844.6869,14.1160,14.2000,14.2660,1.0000,232.0000,188033.3891
F5657,844.7296,13.0330,13.1160,13.1830,1.0000,31.0000,132965.3572
F5658,844.7383,13.5330,13.6160,13.6660,1.0000,147.0000,655362.8193
F5659,844.7397,13.3160,13.3990,13.5330,1.0000,890.0000,4721525.6893
F5660,844.7448,14.8500,15.1500,15.3000,1.0000,18.0000,58133.5636
F5661,844.8145,13.6990,13.7660,13.8660,1.0000,9.0000,8542.4572
F5662,845.2744,11.6320,11.6990,11.7490,1.0000,42.0000,17127.4451
F5663,845.2956,4.8640,4.9140,4.9800,1.0000,84.0000,13571.2707
F5664,845.4937,7.7980,7.8650,7.9310,1.0000,10.0000,9052.7048
F5665,845.5074,7.2480,7.3480,7.4480,1.0000,8663.0000,62109.2812
F5666,845.5271,7.4310,7.5310,7.6310,1.0000,53.0000,55025.0653
F5667,845.5487,7.7810,7.8650,7.9810,1.0000,10.0000,15612.6654
F5668,845.5752,9.1650,9.6320,9.6820,1.0000,1953.0000,6867.3439
F5669,845.6162,6.9980,7.0810,7.1810,1.0000,16.0000,12995.6900
F5670,845.6275,11.4160,11.4990,11.5660,1.0000,10.0000,41186.9337
F5671,845.6335,9.2650,9.3150,9.3820,1.0000,13.0000,12148.1137
F5672,845.6368,7.7810,7.8980,7.9810,1.0000,13.0000,23199.5727
F5673,845.6470,8.5650,8.6650,8.7480,1.0000,80.0000,253975.4989
F5674,845.6491,11.9490,12.1160,12.1820,1.0000,10454.0000,33837.8384
F5675,845.6472,8.2480,8.3310,8.4310,1.0000,23.0000,129265.6250
F5676,845.6569,9.8820,9.9820,10.2320,1.0000,158.0000,1327637.9316
F5677,845.6578,10.2320,10.3320,10.4490,1.0000,3566.0000,18786013.1867
F5678,845.6663,12.7990,12.9740,12.9990,2.0000,6229.0000,48075.6324
F5679,845.6874,14.1160,14.2000,14.2830,1.0000,52.0000,78874.7601
F5680,845.6958,11.7320,12.2990,12.3160,1.0000,5.0000,22182.4534
F5681,845.6990,14.7500,14.8330,14.9330,1.0000,117.0000,161952.4581
F5682,845.7340,13.1330,13.1830,13.3160,1.0000,15.0000,122706.1828
F5683,845.7416,13.5330,13.6160,13.6660,1.0000,84.0000,385415.6105
F5684,845.7468,15.1330,15.1660,15.2160,1.0000,9.0000,7375.2193
F5685,845.7427,13.3160,13.3990,13.5330,1.0000,490.0000,2833718.9143
F5686,845.8417,12.6330,12.6830,12.7160,1.0000,1731.0000,5832.6077
F5687,846.2916,12.1820,12.2160,12.2820,1.0000,18692.0000,50449.5325
F5688,846.2924,12.2820,12.3660,12.4330,1.0000,4855.0000,27396.7009
F5689,846.5113,7.2810,7.3650,7.4650,1.0000,16.0000,31717.0244
F5690,846.5309,7.4480,7.5480,7.5980,1.0000,4603.0000,26055.7033
F5691,846.5395,7.7650,7.8810,7.9810,1.0000,13.0000,87188.6091
F5692,846.5434,8.5650,8.6650,8.7980,1.0000,15.0000,37676.2193
F5693,846.5405,7.9810,8.0480,8.1150,1.0000,20.0000,88965.2909
F5694,846.6356,11.1490,11.2320,11.3320,1.0000,9.0000,63419.4057
F5695,846.6382,11.8820,11.8820,11.9820,2.0000,26051.0000,66767.8385
F5696,846.6470,8.1650,8.3150,8.4650,1.0000,10.0000,25983.0272
F5697,846.6495,8.5650,8.6650,8.7650,1.0000,29.0000,50558.4063
F5698,846.6595,9.8820,9.9820,10.2150,1.0000,40.0000,328605.4705
F5699,846.6607,10.2150,10.3320,10.4650,1.0000,777.0000,5017180.8664
F5700,846.6697,11.5490,11.6160,11.6820,1.0000,846203.0000,2956365.0807
F5701,846.6889,14.1330,14.2000,14.2500,1.0000,29.0000,28983.1045
F5702,846.7019,14.7660,14.8330,14.9330,1.0000,75.0000,93048.2901
F5703,846.7417,13.1330,13.1830,13.3160,1.0000,11.0000,63633.1071
F5704,846.7464,13.3160,13.5080,13.5330,2.0000,177.0000,902231.3743
F5705,846.7556,13.6990,13.7660,13.8500,1.0000,6624.0000,20407610.5104
F5706,846.7923,0.7300,0.7630,0.8130,1.0000,4033.0000,9559.3434
F5707,846.8373,13.5160,13.5830,13.6660,1.0000,10.0000,16966.3687
F5708,847.2900,4.8800,4.9140,5.0140,1.0000,25.0000,8424.6851
F5709,847.5125,7.2480,7.3650,7.6150,1.0000,21.0000,18735.8613
F5710,847.5434,7.9810,7.9560,8.1310,2.0000,17.0000,57417.8836
F5711,847.6374,11.1150,11.2320,11.3150,1.0000,8.0000,38547.1427
F5712,847.6415,11.4490,11.4990,11.5320,1.0000,8.0000,30712.8867
F5713,847.6504,8.5980,8.6820,8.8150,1.0000,8.0000,9349.5422
F5714,847.6599,11.7820,11.8660,11.9160,1.0000,9925.0000,53360.0647
F5715,847.6628,10.2150,10.3320,10.4650,1.0000,89.0000,1014904.3954
F5716,847.6729,11.5490,11.6160,11.6820,1.0000,613.0000,1512646.1019
F5717,847.6783,13.0330,13.2160,13.1660,3.0000,20398.0000,112385.4659
F5718,847.6862,11.2320,11.2820,11.3820,1.0000,14.0000,15574.9074
F5719,847.7036,14.7660,14.8330,14.9160,1.0000,40.0000,37041.7124
F5720,847.7139,12.0820,12.7490,12.9160,1.0000,9.0000,78395.2991
F5721,847.7492,13.3160,13.4740,13.4660,2.0000,29141.0000,196002.7533
F5722,847.7587,13.6990,13.7660,13.8330,1.0000,397.0000,11392078.9725
F5723,847.8395,13.5330,13.5990,13.6660,1.0000,2542.0000,14279.9102
F5724,848.1214,14.2000,14.2330,14.2830,1.0000,1559.0000,5409.7300
F5725,848.2709,10.2990,10.4150,10.5320,1.0000,83.0000,178879.5739
F5726,848.2909,12.1660,12.2910,12.2820,2.0000,15.0000,20053.1424
F5727,848.5565,9.9150,10.0150,10.0990,1.0000,35.0000,264379.2947
F5728,848.6272,8.2480,8.3310,8.4150,1.0000,12.0000,111514.4786
F5729,848.6273,14.7000,14.8160,14.9500,1.0000,15.0000,67738.1671
F5730,848.6298,14.3000,14.3330,14.3830,1.0000,11.0000,20440.4825
F5731,848.6437,11.9820,12.0160,12.0820,1.0000,10.0000,63361.2180
F5732,848.6527,11.7990,11.8820,11.9660,1.0000,27.0000,264889.1557
F5733,848.6621,10.1990,10.3320,10.4320,1.0000,21515.0000,175263.9120
F5734,848.6670,11.5490,11.6160,11.6820,1.0000,140.0000,606146.8292
F5735,848.6802,13.0490,13.1330,13.3490,1.0000,74.0000,163021.4723
F5736,848.6867,11.2490,11.2990,11.3320,1.0000,2540.0000,8840.5078
F5737,848.7113,11.7160,11.7660,11.7990,1.0000,5243.0000,16178.9780
F5738,848.7171,11.9990,12.0490,12.1160,1.0000,26.0000,67137.2591
F5739,848.7552,13.4660,13.5330,13.6990,1.0000,17724.0000,248185.6937
F5740,848.7615,13.3660,13.3990,13.4660,1.0000,807312.0000,66909.7162
F5741,848.7620,13.6990,13.7660,13.8500,1.0000,807312.0000,3412972.9115
F5742,848.7663,13.9830,14.0660,14.1000,1.0000,17940.0000,86228.1618
F5743,848.7722,14.1330,14.2160,14.3330,1.0000,8376.0000,43887948.9043
F5744,849.2724,10.3150,10.4150,10.5320,1.0000,115.0000,139714.1874
F5745,849.5599,9.8980,10.0150,10.1320,1.0000,83.0000,132678.2178
F5746,849.6305,8.2480,8.3310,8.4150,1.0000,11.0000,57662.9094
F5747,849.6832,12.0320,12.0660,12.1490,1.0000,37469.0000,159083.7113
F5748,849.6937,13.3160,13.4990,13.5330,2.0000,291.0000,1050540.9335
F5749,849.7165,11.7160,11.7660,11.8160,1.0000,4300.0000,13682.8668
F5750,849.7326,12.9330,12.9990,13.0490,1.0000,25.0000,30839.1458
F5751,849.7556,13.4990,13.5490,13.6160,1.0000,8343.0000,41661.8179
F5752,849.7645,13.6990,13.8660,13.8330,2.0000,169548.0000,724116.9682
F5753,849.7734,14.8660,14.8660,15.0330,4.0000,2450.0000,24349.2938
F5754,849.7725,14.0660,14.1330,14.1500,1.0000,138710.0000,262683.6551
F5755,849.7748,14.1330,14.2160,14.3330,1.0000,3970635.0000,26265692.9182
F5756,850.2378,11.5990,11.6660,11.7160,1.0000,28.0000,10622.3638
F5757,850.2519,5.5140,5.5810,5.6640,1.0000,8778.0000,13169259.3607
F5758,850.2703,10.2150,10.4320,10.6820,1.0000,63.0000,130026.2008
F5759,850.2892,12.1820,12.2160,12.2660,1.0000,51.0000,9845.3169
F5760,850.5738,10.2820,10.3490,10.4320,1.0000,10.0000,62115.8874
F5761,850.5940,11.0490,11.1320,11.1820,1.0000,7934.0000,46844.4220
F5762,850.6093,5.9810,6.0640,6.1310,1.0000,4701.0000,38335.1105
F5763,850.6096,6.5640,6.5980,6.6480,1.0000,5047.0000,26782.0992
F5764,850.6085,6.9640,7.4650,7.9980,1.0000,6496.0000,235217.4271
F5765,850.6118,14.2660,14.8330,15.4000,1.0000,21.0000,435154.6387
F5766,850.6106,6.1640,6.5140,6.4480,3.0000,5235.0000,30423.3296
F5767,850.6104,5.6640,5.7810,5.9640,1.0000,5691.0000,75834.7166
F5768,850.6407,8.5820,8.6650,8.7320,1.0000,17681.0000,94681.7490
F5769,850.6682,11.8820,11.9490,12.0160,1.0000,122.0000,970840.3955
F5770,850.6811,12.0320,12.0660,12.1320,1.0000,26797.0000,102938.2268
F5771,850.6968,13.5330,13.5990,13.6660,1.0000,20345.0000,110429.0829
F5772,850.6974,13.3160,13.3990,13.5330,1.0000,93454.0000,618115.5225
F5773,850.7341,12.4330,12.4990,12.5660,1.0000,6.0000,22100.2874
F5774,850.7778,14.1330,14.2160,14.3330,1.0000,154.0000,7743234.7580
F5775,850.7853,14.8830,15.1000,15.1660,1.0000,34.0000,2553847.2365
F5776,850.7875,14.7160,14.8000,14.8830,1.0000,6001.0000,31768033.6142
F5777,850.7933,12.1490,12.1990,12.2490,1.0000,6.0000,10894.0943
F5778,851.2527,5.5140,5.5810,5.6640,1.0000,9224.0000,10582984.1421
F5779,851.2697,10.3320,10.4150,10.5990,1.0000,50.0000,65124.1970
F5780,851.5224,8.0150,8.1150,8.2150,1.0000,17.0000,24889.0668
F5781,851.5254,6.9640,7.3310,7.7310,1.0000,10.0000,22967.4490
F5782,851.5549,9.1650,9.2980,9.4650,1.0000,12.0000,22398.6982
F5783,851.5789,10.2650,10.3490,10.4150,1.0000,15.0000,41235.0778
F5784,851.6187,11.7320,11.7820,11.8160,1.0000,5090.0000,19628.6303
F5785,851.6210,11.4820,11.5320,11.5820,1.0000,4546.0000,19811.7339
F5786,851.6442,8.5820,8.6480,8.7150,1.0000,9260.0000,45913.0282
F5787,851.6782,12.1490,12.1990,12.2320,1.0000,11278.0000,28695.4543
F5788,851.6988,12.2990,12.3490,12.4660,1.0000,18060.0000,101193.9902
F5789,851.7016,13.3160,13.3990,13.5330,1.0000,60.0000,203389.2893
F5790,851.7104,13.6830,13.7660,13.8330,1.0000,1142.0000,2462457.7420
F5791,851.7716,13.9330,13.9660,14.1330,1.0000,15565.0000,93011.8658
F5792,851.7807,14.1330,14.3660,14.3330,2.0000,234330.0000,1601118.5072
F5793,851.7822,11.9820,12.0160,12.0660,1.0000,8.0000,15654.8014
F5794,851.7902,14.7160,14.8000,14.8830,1.0000,4223.0000,18844921.0151
F5795,852.0221,8.0150,8.1150,8.2980,1.0000,63.0000,20427.4264
F5796,852.2291,4.4300,4.4970,4.5800,1.0000,29.0000,21939.3395
F5797,852.2511,5.5140,5.5810,5.6640,1.0000,7663.0000,8735209.5475
F5798,852.2696,10.2990,10.4320,10.5820,1.0000,69.0000,32057.8458
F5799,852.5294,8.0810,8.1310,8.1650,1.0000,1950.0000,6902.7600
F5800,852.5554,6.5640,6.6810,6.7640,1.0000,8.0000,23658.1641
F5801,852.5678,6.0980,6.3310,6.5810,1.0000,6.0000,20822.8341
F5802,852.5753,0.9300,0.9960,1.0800,1.0000,12.0000,11000.1155
F5803,852.5897,11.5160,11.5990,11.6490,1.0000,17.0000,48795.0070
F5804,852.6208,7.2480,7.3900,7.3980,2.0000,18.0000,54533.6967
F5805,852.6456,8.5480,8.6480,8.7150,1.0000,20.0000,15268.5926
F5806,852.6579,9.2320,9.4820,9.4480,2.0000,66.0000,224598.6644
F5807,852.6587,11.0990,11.1990,11.3150,1.0000,18.0000,57195.7590
F5808,852.6799,11.9990,12.0320,12.1160,1.0000,57175.0000,232428.7506
F5809,852.6842,12.1160,12.1820,12.2490,1.0000,97785.0000,353708.2282
F5810,852.7007,12.2990,12.3490,12.4490,1.0000,11766.0000,61387.6155
F5811,852.7050,13.3330,13.3990,13.4660,1.0000,12.0000,34196.5993
F5812,852.7133,13.6830,13.7660,13.8330,1.0000,706.0000,1418702.1551
F5813,852.7842,14.1330,14.3660,14.3330,2.0000,78.0000,305009.2638
F5814,852.7835,11.5990,11.7820,11.8490,1.0000,7.0000,8120.4060
F5815,852.7847,14.3330,14.4000,14.4500,1.0000,30.0000,96821.2173
F5816,852.7938,14.7160,14.9410,14.8830,2.0000,2059.0000,5463448.9884
F5817,852.7977,15.1000,15.1330,15.2830,1.0000,13.0000,57125.2088
F5818,852.8018,15.4330,15.5170,15.6000,1.0000,923.0000,2404386.7052
F5819,853.0714,0.9460,1.0130,1.0630,1.0000,8.0000,7672.1648
F5820,853.2310,4.4300,4.4970,4.5470,1.0000,39.0000,15047.2076
F5821,853.2511,5.5140,5.5810,5.6640,1.0000,4343.0000,4581255.8674
F5822,853.2670,10.3150,10.3820,10.4490,1.0000,13.0000,11907.5136
F5823,853.5778,9.9320,10.0320,10.0820,1.0000,6.0000,10240.7356
F5824,853.5929,11.5320,11.7070,11.6660,2.0000,7.0000,16621.1502
F5825,853.6236,7.2480,7.3310,7.3980,1.0000,21.0000,30658.9533
F5826,853.6247,7.3980,7.4480,7.5650,1.0000,19.0000,29706.7178
F5827,853.6619,9.5480,9.6650,9.7480,1.0000,35.0000,101257.0503
F5828,853.6629,11.0490,11.2150,11.4490,1.0000,31.0000,37579.5106
F5829,853.6625,9.2320,9.3320,9.4320,1.0000,48.0000,114085.9038
F5830,853.6680,13.4830,13.5490,13.6160,1.0000,80.0000,43931.4327
F5831,853.6775,11.7490,11.7990,11.8660,1.0000,13.0000,56131.1565
F5832,853.6846,11.9990,12.0320,12.1160,1.0000,31057.0000,127176.1235
F5833,853.6878,12.1160,12.1820,12.2320,1.0000,61276.0000,190489.6367
F5834,853.7145,12.2990,12.3490,12.4490,1.0000,6.0000,31574.7807
F5835,853.7165,13.6830,13.7660,13.8330,1.0000,264.0000,440575.0421
F5836,853.7258,14.1160,14.3000,14.2660,3.0000,312542.0000,1259487.0856
F5837,853.7277,12.5490,12.5990,12.6330,1.0000,6.0000,18597.4902
F5838,853.7957,14.7160,14.8000,14.8830,1.0000,165.0000,1110238.0115
F5839,853.8048,15.4330,15.5170,15.6000,1.0000,465.0000,1394001.3738
F5840,854.1632,11.9490,11.9990,12.0490,1.0000,4737.0000,14016.2727
F5841,854.2496,5.5140,5.5810,5.6640,1.0000,2971.0000,2184125.0589
F5842,854.4801,11.4320,11.4660,11.5160,1.0000,2358.0000,7100.4761
F5843,854.5295,11.5490,11.5990,11.6320,1.0000,3378.0000,10492.2815
F5844,854.5702,7.8480,7.8310,7.9980,2.0000,14.0000,58800.9885
F5845,854.5704,6.3640,6.4310,6.5310,1.0000,16.0000,91155.8920
F5846,854.6374,8.6980,8.8320,8.9820,1.0000,15.0000,69827.9725
F5847,854.6657,9.2150,9.3150,9.3980,1.0000,9.0000,36879.1272
F5848,854.6721,13.4830,13.5490,13.6160,1.0000,36.0000,28732.9517
F5849,854.6745,11.3660,11.4490,11.5660,1.0000,9.0000,81440.8700
F5850,854.6724,10.2990,10.3990,10.4820,1.0000,17.0000,62285.1570
F5851,854.6975,12.1490,12.2320,12.3490,1.0000,53.0000,252909.6501
F5852,854.7191,13.6830,13.7660,13.8330,1.0000,23.0000,97037.6777
F5853,854.7292,14.1160,14.2410,14.2500,2.0000,397.0000,1569566.0883
F5854,854.7903,14.4660,14.5160,14.5830,1.0000,2961.0000,10979.1931
F5855,854.7983,14.7160,14.8000,14.8830,1.0000,91.0000,189831.4487
F5856,854.8077,15.4330,15.5170,15.6000,1.0000,147.0000,443538.7209
F5857,855.2483,5.5140,5.5810,5.6640,1.0000,1114.0000,848477.4992
F5858,855.5739,6.3640,6.4310,6.5140,1.0000,25.0000,47596.8813
F5859,855.6284,7.8150,7.8810,8.1150,1.0000,1698.0000,7811.4187
F5860,855.6274,9.9820,10.0820,10.1990,1.0000,16.0000,28717.6981
F5861,855.6405,8.5150,8.5650,8.6650,1.0000,8.0000,26748.0518
F5862,855.6721,10.2320,10.2820,10.3320,1.0000,2740.0000,12841.5010
F5863,855.6722,13.5330,13.5660,13.6330,1.0000,32.0000,11398.8195
F5864,855.6762,11.3660,11.4490,11.5490,1.0000,10.0000,53373.3974
F5865,855.6751,10.3320,10.3990,10.4990,1.0000,4601.0000,30988.6806
F5866,855.6838,13.8830,13.9660,14.0660,1.0000,18773.0000,130483.3408
F5867,855.7016,12.1820,12.2320,12.3160,1.0000,54.0000,106138.6753
F5868,855.7099,12.5330,12.6330,12.7490,1.0000,8825.0000,76950.0805
F5869,855.7169,12.7490,12.7990,12.8490,1.0000,20506.0000,96133.8629
F5870,855.7212,12.9490,12.9990,13.0330,1.0000,8095.0000,41037.4622
F5871,855.7290,12.4490,12.4820,12.5490,1.0000,3034.0000,12218.0342
F5872,855.7319,14.1160,14.2500,14.2500,2.0000,107438.0000,496035.7430
F5873,855.7358,14.5330,14.6000,14.6330,1.0000,2888.0000,12135.7184
F5874,855.7416,14.7160,14.8000,14.8830,1.0000,404.0000,2517426.5405
F5875,855.8103,15.4330,15.5170,15.6000,1.0000,193.0000,97281.0449
F5876,856.0487,7.8150,7.8650,7.9480,1.0000,2081.0000,10305.3914
F5877,856.2462,5.5140,5.5810,5.6640,1.0000,78803.0000,327895.0604
F5878,856.5612,0.7300,0.7630,0.8130,1.0000,2432.0000,6354.8403
F5879,856.5744,6.3640,6.4480,6.5140,1.0000,9.0000,14929.7241
F5880,856.5821,9.4150,9.5320,9.6320,1.0000,79.0000,497636.9935
F5881,856.5827,7.2140,7.3140,7.3980,1.0000,7.0000,42922.8315
F5882,856.5839,6.7640,6.8810,6.9480,1.0000,23.0000,57138.2050
F5883,856.6458,11.5990,11.6490,11.7160,1.0000,26077.0000,89617.0916
F5884,856.6539,9.5820,9.7150,9.8820,1.0000,7.0000,47739.6492
F5885,856.6806,11.3820,11.4490,11.5160,1.0000,3572.0000,22326.7004
F5886,856.6847,11.5160,11.5660,11.5990,1.0000,3304.0000,13479.1756
F5887,856.6875,13.8660,13.9830,14.0830,1.0000,40.0000,78276.4460
F5888,856.7149,12.3820,12.4330,12.4820,1.0000,10.0000,58213.4718
F5889,856.7214,12.7330,12.8490,12.8490,2.0000,12730.0000,63323.0236
F5890,856.7248,13.0830,13.1830,13.2160,1.0000,9947.0000,67862.2246
F5891,856.7369,13.1990,13.3160,13.5660,1.0000,50.0000,190187.6766
F5892,856.7349,14.1160,14.2000,14.2660,1.0000,46.0000,125560.7427
F5893,856.7448,14.7160,14.8000,14.8830,1.0000,440.0000,1445268.8197
F5894,856.8158,15.4500,15.5330,15.6170,1.0000,23.0000,15526.8861
F5895,857.1605,11.9490,11.9990,12.0660,1.0000,27.0000,7832.5334
F5896,857.2412,5.5140,5.5810,5.6640,1.0000,228.0000,114180.2978
F5897,857.5146,6.2480,6.3310,6.4140,1.0000,75.0000,76672.3098
F5898,857.5449,7.8150,7.8480,7.8980,1.0000,9.0000,5136.4090
F5899,857.5855,9.4150,9.5150,9.6480,1.0000,55.0000,273027.8499
F5900,857.5883,6.7980,6.8640,6.9640,1.0000,13.0000,33886.5794
F5901,857.6483,11.5820,11.6320,11.7160,1.0000,36.0000,54953.4026
F5902,857.6501,11.9160,11.9820,12.0820,1.0000,11999.0000,66432.0852
F5903,857.6882,13.8830,14.0410,14.0660,2.0000,6368.0000,35715.4107
F5904,857.6989,14.4330,14.5000,14.5830,1.0000,169.0000,124917.3111
F5905,857.7001,14.3330,14.3830,14.4330,1.0000,66.0000,45284.8546
F5906,857.7181,12.3660,12.4830,12.4820,2.0000,12.0000,36145.4313
F5907,857.7342,12.9830,13.1330,13.1490,2.0000,110.0000,277240.5131
F5908,857.7395,15.9170,15.9670,16.0170,1.0000,7.0000,8041.7659
F5909,857.7474,14.7160,14.8000,14.8830,1.0000,134.0000,438001.9960
F5910,857.7567,15.4330,15.5170,15.6170,1.0000,170.0000,461062.3755
F5911,858.3104,4.8470,4.9140,4.9800,1.0000,327.0000,78588.9404
F5912,858.5185,6.2480,6.3310,6.4140,1.0000,52.0000,41980.4098
F5913,858.5888,9.3820,9.5480,9.7820,1.0000,10624.0000,114174.6196
F5914,858.5987,11.0320,11.1490,11.2320,1.0000,22.0000,87103.5306
F5915,858.5978,10.1820,10.2820,10.4320,1.0000,44.0000,209376.5012
F5916,858.6005,7.7650,7.8480,7.9480,1.0000,38.0000,105182.2403
F5917,858.6131,18.0340,18.0840,18.1340,1.0000,20.0000,5901.8094
F5918,858.6425,13.6330,13.7330,13.7660,1.0000,7.0000,10094.1902
F5919,858.6530,11.9320,11.9820,12.0660,1.0000,8459.0000,43149.4775
F5920,858.6549,11.5660,11.6320,11.7160,1.0000,11.0000,31976.4908
F5921,858.6666,11.3820,11.4320,11.5320,1.0000,11.0000,18980.5349
F5922,858.6853,13.8660,13.9830,14.0660,1.0000,11.0000,11828.1712
F5923,858.7018,14.4330,14.4410,14.5830,2.0000,162.0000,71927.8471
F5924,858.7040,11.9160,11.9820,12.0320,1.0000,14.0000,28213.2398
F5925,858.7217,12.3990,12.4330,12.4820,1.0000,9.0000,13991.7403
F5926,858.7379,12.9830,13.1330,13.1490,2.0000,34.0000,148626.3356
F5927,858.7505,14.7160,14.8160,14.8830,1.0000,15.0000,92445.6608
F5928,858.7540,13.5160,13.5990,13.6660,1.0000,124.0000,547187.1846
F5929,858.7601,15.4330,15.5170,15.6000,1.0000,110.0000,274811.5564
F5930,858.7899,14.5500,14.6160,14.6830,1.0000,31.0000,15762.4841
F5931,858.8006,12.7990,12.8830,12.9330,1.0000,10289.0000,36536.4585
F5932,859.3052,7.6150,7.7150,7.8150,1.0000,8670.0000,54422.1406
F5933,859.3111,4.8470,4.9140,4.9800,1.0000,163.0000,61903.8681
F5934,859.5243,6.2980,6.3480,6.4140,1.0000,9.0000,12894.4385
F5935,859.5321,6.1310,6.2140,6.2980,1.0000,33.0000,102551.9490
F5936,859.5304,7.1310,7.2640,7.3650,1.0000,33.0000,81735.0413
F5937,859.5908,9.4320,9.5320,9.6320,1.0000,10.0000,24141.1613
F5938,859.5966,8.0480,8.1150,8.1650,1.0000,9.0000,13016.2457
F5939,859.6003,10.1990,10.2990,10.3820,1.0000,32.0000,99886.5300
F5940,859.6017,11.0150,11.1490,11.2650,1.0000,7417.0000,52739.3893
F5941,859.6042,7.7310,7.8650,8.0650,1.0000,20.0000,66264.8270
F5942,859.6049,7.4150,7.5150,7.5810,1.0000,14.0000,15858.4468
F5943,859.6663,12.1990,12.2660,12.3320,1.0000,18770.0000,55533.0368
F5944,859.7043,14.4330,14.5000,14.5830,1.0000,27.0000,33978.3980
F5945,859.7051,14.3160,14.3830,14.4330,1.0000,14.0000,13000.5121
F5946,859.7146,15.0660,15.1660,15.2500,1.0000,49.0000,33182.1388
F5947,859.7320,12.0660,12.1160,12.1660,1.0000,5670.0000,17151.6428
F5948,859.7420,12.9830,13.0660,13.1490,1.0000,22908.0000,138285.5959
F5949,859.7499,13.2830,13.3660,13.4330,1.0000,518698.0000,2284434.6970
F5950,859.7561,13.5660,13.5990,13.6830,1.0000,90.0000,353164.3460
F5951,859.7633,15.3330,15.5330,15.7170,1.0000,42.0000,92288.2254
F5952,859.7716,14.7000,14.7830,14.8660,1.0000,55.0000,53836.8318
F5953,859.7981,14.5830,14.6330,14.7000,1.0000,16.0000,8736.1912
F5954,859.8418,14.0500,14.1000,14.1660,1.0000,10.0000,8224.8109
F5955,859.8577,12.5330,12.5830,12.6490,1.0000,12.0000,16595.2420
F5956,860.2510,11.8660,11.9160,11.9660,1.0000,17427.0000,33822.8847
F5957,860.3066,7.6310,7.7150,7.8150,1.0000,27.0000,38712.4822
F5958,860.3109,4.8640,4.9140,4.9800,1.0000,185.0000,48079.8142
F5959,860.5362,6.1310,6.2140,6.2810,1.0000,23.0000,47894.7037
F5960,860.6035,10.1820,10.2650,10.3820,1.0000,11.0000,41366.4472
F5961,860.6093,5.9640,6.0310,6.1140,1.0000,42.0000,28791.4831
F5962,860.6138,11.4490,11.5160,11.5820,1.0000,45.0000,192314.6503
F5963,860.6165,9.5320,9.6820,9.7980,1.0000,20.0000,74277.4327
F5964,860.6688,12.1820,12.2660,12.3320,1.0000,11.0000,52341.3060
F5965,860.7172,15.1160,15.1830,15.2660,1.0000,21.0000,18369.2281
F5966,860.7396,13.0490,13.1160,13.1660,1.0000,12945.0000,57101.7154
F5967,860.7540,13.2830,13.3660,13.4330,1.0000,687.0000,1407655.3652
F5968,860.7557,13.1490,13.1830,13.2830,1.0000,15.0000,48005.8421
F5969,860.7591,13.5330,13.6160,13.6660,1.0000,60.0000,185775.4219
F5970,860.7690,15.0160,15.5170,15.8000,1.0000,14.0000,22948.0749
F5971,860.7704,13.9330,14.0000,14.0660,1.0000,220.0000,1780694.7856
F5972,860.7766,14.6330,14.7660,14.8500,1.0000,25.0000,32539.0133
F5973,860.8054,15.1000,15.1830,15.2660,1.0000,53.0000,51476.8344
F5974,860.8141,13.0490,13.1490,13.2490,1.0000,21.0000,46127.4449
F5975,860.8419,14.4160,14.4830,14.5830,1.0000,14.0000,19348.2427
F5976,861.3043,7.5980,7.7310,8.1310,1.0000,54.0000,37062.7265
F5977,861.3080,4.8470,4.9140,4.9640,1.0000,62.0000,28379.9314
F5978,861.5316,5.9470,6.0140,6.0980,1.0000,8.0000,7030.2251
F5979,861.5414,6.1470,6.2140,6.2980,1.0000,9.0000,13944.7090
F5980,861.5478,6.4140,6.5640,6.5640,2.0000,6.0000,22175.6268
F5981,861.6134,5.9470,6.0310,6.1140,1.0000,14.0000,15247.5211
F5982,861.6174,11.4490,11.5160,11.5990,1.0000,43.0000,107525.9841
F5983,861.6429,12.8160,12.9160,12.9990,1.0000,5056.0000,37234.0284
F5984,861.6811,11.9820,12.0160,12.0990,1.0000,29.0000,57615.5306
F5985,861.7180,15.1160,15.1660,15.2000,1.0000,1669.0000,5592.3541
F5986,861.7400,13.0490,13.1330,13.1660,1.0000,12.0000,30462.8140
F5987,861.7579,13.2830,13.3660,13.4330,1.0000,118.0000,443096.9343
F5988,861.7658,13.6660,13.7330,13.8330,1.0000,963.0000,4599258.2275
F5989,861.7721,14.5000,14.5830,14.6660,1.0000,8.0000,37317.0858
F5990,861.7729,13.9160,14.0000,14.0660,1.0000,362.0000,1238667.7551
F5991,861.8094,15.0830,15.2000,15.3160,1.0000,52.0000,36720.7630
F5992,861.8183,13.0330,13.1490,13.2490,1.0000,19.0000,31919.6644
F5993,861.8466,14.3830,14.4830,14.5500,1.0000,12.0000,15314.7811
F5994,862.0222,7.2980,7.3480,7.4650,1.0000,30.0000,8375.4352
F5995,862.3042,7.5980,7.7150,7.7980,1.0000,12.0000,17681.5738
F5996,862.3063,4.8640,4.9140,4.9640,1.0000,4583.0000,17270.4348
F5997,862.5119,7.7810,7.8810,7.9650,1.0000,12230.0000,79323.2807
F5998,862.5307,7.1980,7.3480,7.7480,1.0000,8.0000,24947.0463
F5999,862.5519,6.5810,6.6810,6.7480,1.0000,11.0000,19331.8945
F6000,862.5539,7.9480,8.0980,8.2650,1.0000,373.0000,666642.6046
F6001,862.5525,6.3810,6.4810,6.5810,1.0000,7.0000,14964.0794
F6002,862.6246,6.9810,7.0640,7.1640,1.0000,112.0000,324430.4061
F6003,862.6256,11.4660,11.5320,11.6320,1.0000,7.0000,54012.0134
F6004,862.6321,11.0320,11.1650,11.2320,1.0000,14.0000,68898.5292
F6005,862.6411,12.8660,12.9160,13.0330,1.0000,13.0000,29278.6922
F6006,862.6627,13.0160,13.0660,13.1160,1.0000,2493.0000,10387.2658
F6007,862.6821,11.9820,12.0160,12.0820,1.0000,15.0000,34992.0747
F6008,862.6925,13.2330,13.2830,13.3330,1.0000,3868.0000,16355.6565
F6009,862.7489,12.5830,12.6830,12.8990,1.0000,24.0000,89907.5760
F6010,862.7700,13.6660,13.7330,13.8330,1.0000,298.0000,2809336.2610
F6011,862.7757,13.8330,14.0000,14.0660,1.0000,46.0000,670608.2152
F6012,862.7862,14.4000,14.4830,14.5500,1.0000,293.0000,2985188.7782
F6013,862.8214,15.7670,15.9170,16.0670,1.0000,67.0000,105340.2320
F6014,862.8301,13.3830,13.4330,13.5160,1.0000,19.0000,50587.9199
F6015,862.8530,14.6500,14.6830,14.7660,1.0000,14.0000,11597.7850
F6016,863.3044,7.6480,7.7150,7.7810,1.0000,11.0000,7241.9026
F6017,863.5187,7.7980,7.8810,7.9810,1.0000,6780.0000,40149.1211
F6018,863.5573,7.9480,8.0980,8.2650,1.0000,61.0000,334375.6259
F6019,863.5633,7.6150,7.7150,7.8150,1.0000,33.0000,193067.4914
F6020,863.6233,11.4490,11.5320,11.5990,1.0000,42.0000,101609.9388
F6021,863.6282,6.9810,7.0640,7.1640,1.0000,153.0000,174136.0983
F6022,863.6357,11.0490,11.1820,11.2490,1.0000,11.0000,39089.7733
F6023,863.6376,11.8320,11.8820,11.9320,1.0000,12.0000,27056.2471
F6024,863.6459,12.9660,13.0330,13.0660,1.0000,11.0000,27905.5659
F6025,863.6517,13.0160,13.1160,13.1830,1.0000,55.0000,159815.5212
F6026,863.6524,13.1830,13.2160,13.2660,1.0000,34.0000,77032.2410
F6027,863.6917,13.3490,13.4160,13.4830,1.0000,42923.0000,153106.8729
F6028,863.7092,13.5160,13.6490,13.6490,2.0000,26835.0000,128030.3136
F6029,863.7527,12.5830,12.6660,12.7330,1.0000,9.0000,34811.9640
F6030,863.7735,13.6660,13.7330,13.8330,1.0000,130.0000,885094.4264
F6031,863.7795,13.8330,14.0000,14.1330,1.0000,17.0000,332955.0575
F6032,863.7844,14.2830,14.3830,14.4160,1.0000,60.0000,637630.7303
F6033,863.7890,14.4000,14.4830,14.5500,1.0000,346.0000,1896900.4137
F6034,863.8248,15.8170,15.9170,16.0330,1.0000,29.0000,59421.7602
F6035,863.8346,13.3660,13.4330,13.4830,1.0000,29.0000,33380.3565
F6036,863.8590,14.6500,14.6830,14.7500,1.0000,11.0000,7038.8073
F6037,864.1628,11.9490,11.9820,12.0320,1.0000,3952.0000,10444.6455
F6038,864.2659,5.4970,5.5810,5.6310,1.0000,18.0000,9125.9073
F6039,864.2653,5.8810,5.9310,5.9970,1.0000,8.0000,7047.2556
F6040,864.2659,7.5810,7.6650,7.7480,1.0000,244.0000,259678.1496
F6041,864.5263,8.5480,8.6650,8.7480,1.0000,11.0000,44441.7659
F6042,864.5415,9.2150,9.2980,9.3650,1.0000,9.0000,14268.2410
F6043,864.5543,7.7980,7.8810,7.9980,1.0000,30.0000,95066.8161
F6044,864.5566,8.0810,8.1150,8.2310,1.0000,29.0000,70711.1113
F6045,864.5678,7.6150,7.7150,7.8150,1.0000,14704.0000,104009.0917
F6046,864.5703,9.5150,9.6320,9.7480,1.0000,203.0000,395147.0745
F6047,864.6230,7.4480,7.4230,7.6150,2.0000,1728.0000,13797550.7354
F6048,864.6229,6.8310,6.9310,6.9980,1.0000,16.0000,179616.3624
F6049,864.6250,14.4160,14.4660,14.5160,1.0000,29.0000,55410.7690
F6050,864.6247,17.5670,17.9000,18.1670,1.0000,23.0000,224730.6068
F6051,864.6248,13.2990,13.6160,14.2160,1.0000,23.0000,442595.4115
F6052,864.6279,11.4490,11.5320,11.5820,1.0000,10.0000,108931.7687
F6053,864.6383,13.1830,13.2830,13.3160,1.0000,8548.0000,71456.1218
F6054,864.6491,13.0660,13.1160,13.1830,1.0000,17044.0000,90631.8278
F6055,864.6945,13.3490,13.4160,13.4830,1.0000,29346.0000,104601.6552
F6056,864.7121,13.4990,13.5830,13.6660,1.0000,31.0000,88924.1368
F6057,864.7122,11.3990,11.5820,11.7990,1.0000,6.0000,35214.2469
F6058,864.7579,12.6160,12.6830,12.7660,1.0000,6.0000,23981.6083
F6059,864.7651,12.8490,12.9490,12.9990,1.0000,12.0000,64142.9198
F6060,864.7769,13.6330,13.7500,13.8500,1.0000,37524.0000,233224.1223
F6061,864.7855,14.1330,14.2000,14.2830,1.0000,432.0000,1861865.6788
F6062,864.7917,14.4000,14.4660,14.5500,1.0000,121.0000,652392.9407
F6063,864.7989,13.9160,13.9250,14.0830,2.0000,19998.0000,131843.3214
F6064,864.8014,15.0500,15.0500,15.2000,2.0000,232.0000,1173244.3388
F6065,864.8137,15.9170,15.9670,16.0330,1.0000,8.0000,12707.7468
F6066,864.8258,15.8500,15.9000,15.9330,1.0000,3296.0000,11193.1098
F6067,864.8347,16.8340,16.8840,17.0170,1.0000,20.0000,29075.1036
F6068,864.8426,13.5990,13.6490,13.6830,1.0000,2446.0000,7869.4835
F6069,865.1490,11.9490,11.9820,12.0490,1.0000,9243.0000,23755.7802
F6070,865.2669,7.5810,7.6650,7.7480,1.0000,244.0000,211749.0301
F6071,865.2703,5.5310,5.5810,5.6140,1.0000,2176.0000,6782.0751
F6072,865.5293,7.9650,8.1480,8.0980,3.0000,41071.0000,254689.4543
F6073,865.5576,7.7810,7.8810,7.9480,1.0000,8086.0000,54068.0351
F6074,865.5711,7.6150,7.7150,7.7980,1.0000,4132.0000,31581.5083
F6075,865.5732,9.5150,9.6320,9.7320,1.0000,21074.0000,196613.4380
F6076,865.6262,7.4480,7.4230,7.6150,2.0000,1845.0000,7027468.1602
F6077,865.6257,6.8480,6.9310,7.0140,1.0000,18.0000,99254.9515
F6078,865.6293,12.8330,12.8990,12.9490,1.0000,4172.0000,29048.1230
F6079,865.6285,12.1320,12.3990,12.5990,1.0000,5153.0000,110945.8445
F6080,865.6313,12.9490,13.0330,13.0660,1.0000,4418.0000,28884.3850
F6081,865.6523,13.0660,13.1160,13.1830,1.0000,7.0000,43785.5227
F6082,865.6685,13.3160,13.4990,13.4660,2.0000,98733.0000,557884.3531
F6083,865.7085,12.5990,12.7490,12.9160,1.0000,12.0000,26438.4048
F6084,865.7249,13.9330,14.0000,14.0660,1.0000,572.0000,386677.6773
F6085,865.7597,12.6330,12.7330,12.7830,1.0000,7.0000,38257.0820
F6086,865.7777,13.6660,13.7660,13.8500,1.0000,11.0000,49421.1177
F6087,865.7891,14.1330,14.2000,14.2830,1.0000,81.0000,581617.6664
F6088,865.7965,14.7500,14.8330,14.9160,1.0000,156.0000,1286273.8055
F6089,865.7954,14.4000,14.4830,14.6160,1.0000,18.0000,212391.1963
F6090,865.8042,15.0500,15.0500,15.2000,2.0000,153.0000,725475.8197
F6091,865.8090,15.9000,15.9330,15.9830,1.0000,1943.0000,6834.0988
F6092,865.8374,16.8000,16.9000,17.0000,1.0000,14.0000,20110.9509
F6093,866.1557,11.9490,11.9820,12.0490,1.0000,36.0000,13030.4266
F6094,866.2658,7.5810,7.6650,7.7650,1.0000,225.0000,184090.9963
F6095,866.5331,7.6150,8.1310,8.5650,1.0000,57.0000,225167.4072
F6096,866.5417,10.1820,10.3320,10.4990,1.0000,32.0000,113270.0504
F6097,866.5590,7.7980,7.8810,7.9810,1.0000,15.0000,31112.7413
F6098,866.5976,11.4820,11.5160,11.5660,1.0000,18525.0000,57533.0177
F6099,866.6306,7.4480,7.5310,7.6150,1.0000,350.0000,2229537.0344
F6100,866.6379,7.9650,8.2480,8.0980,4.0000,88.0000,902549.4421
F6101,866.6607,11.7990,11.8820,11.9660,1.0000,12.0000,71230.5975
F6102,866.6634,11.9660,12.0160,12.0660,1.0000,16.0000,54829.0425
F6103,866.6710,13.3160,13.4990,13.5330,2.0000,472.0000,386256.3812
F6104,866.7106,11.8160,12.3160,12.7990,1.0000,5.0000,34058.4701
F6105,866.7240,12.9490,12.9990,13.1330,1.0000,20.0000,172304.9079
F6106,866.7287,13.9330,14.0000,14.0660,1.0000,50995.0000,237618.0911
F6107,866.7266,12.8490,12.8990,12.9490,1.0000,14.0000,83171.8774
F6108,866.7613,12.6330,12.6830,12.7330,1.0000,8.0000,15518.0000
F6109,866.7915,14.1330,14.2000,14.2830,1.0000,60.0000,141800.4671
F6110,866.8003,14.7500,14.8330,14.9160,1.0000,122.0000,764973.6303
F6111,866.8077,15.0500,15.1160,15.2000,1.0000,39.0000,241289.5445
F6112,866.8159,15.8330,15.8330,16.0000,2.0000,47.0000,117408.0082
F6113,867.2464,4.9970,4.9890,5.0970,2.0000,12647.0000,43788.6146
F6114,867.2649,7.5810,7.6650,7.7650,1.0000,15354.0000,100535.0596
F6115,867.4948,7.2640,7.3140,7.3650,1.0000,22.0000,11216.0175
F6116,867.5370,7.9810,8.0650,8.1150,1.0000,6500.0000,37875.5974
F6117,867.5374,8.1150,8.1480,8.2480,1.0000,6470.0000,32061.3073
F6118,867.5445,9.5150,9.6150,9.7320,1.0000,73.0000,313440.4129
F6119,867.5510,7.8150,7.8810,7.9310,1.0000,9.0000,9349.0946
F6120,867.5996,11.4490,11.5160,11.5990,1.0000,21.0000,34020.0971
F6121,867.6105,11.9320,11.9820,12.0660,1.0000,14179.0000,50865.5049
F6122,867.6346,7.4480,7.5310,7.6150,1.0000,277.0000,570043.4184
F6123,867.6409,7.9150,8.3310,8.2310,3.0000,78.0000,462379.0368
F6124,867.6651,11.7660,11.8990,11.9820,1.0000,8.0000,49579.4870
F6125,867.6734,13.3160,13.4990,13.4660,2.0000,23854.0000,135383.6477
F6126,867.6835,13.6830,13.8410,13.8330,2.0000,987.0000,1067153.8642
F6127,867.7254,12.9490,12.9990,13.1330,1.0000,32.0000,131401.4484
F6128,867.7304,13.9500,14.0000,14.0660,1.0000,13.0000,75322.5171
F6129,867.7297,12.8490,12.8990,12.9490,1.0000,20.0000,55833.2188
F6130,867.7409,14.4000,14.4830,14.6000,1.0000,211.0000,628616.8402
F6131,867.7811,13.0830,13.1330,13.1990,1.0000,7.0000,14574.8405
F6132,867.7946,14.1500,14.2160,14.2660,1.0000,22.0000,25349.7208
F6133,867.8040,14.7500,14.8330,14.9160,1.0000,55.0000,241481.3397
F6134,867.8097,15.0500,15.1330,15.2000,1.0000,15.0000,52635.5841
F6135,867.8193,15.8330,15.9170,16.0170,1.0000,42.0000,100063.2574
F6136,867.8201,15.6670,15.7500,15.8330,1.0000,29.0000,79741.7260
F6137,868.2451,4.9970,4.9890,5.0970,2.0000,111.0000,35518.5052
F6138,868.2640,7.5810,7.6650,7.7480,1.0000,125.0000,50062.9082
F6139,868.4921,7.4310,7.5150,7.5650,1.0000,4295.0000,22360.9435
F6140,868.5483,9.3650,9.6320,9.8980,1.0000,85.0000,171208.3461
F6141,868.5585,11.5490,11.6160,11.6820,1.0000,101.0000,59455.1924
F6142,868.5872,10.1990,10.3490,10.5150,1.0000,25.0000,125847.8381
F6143,868.6060,11.4490,11.5160,11.5660,1.0000,11.0000,17096.4582
F6144,868.6397,7.3810,7.5480,7.8150,1.0000,70.0000,123803.1959
F6145,868.6444,7.9650,8.0310,8.0980,1.0000,19.0000,357252.5569
F6146,868.6469,8.5150,8.6650,8.8150,1.0000,9.0000,310319.2199
F6147,868.6537,9.9150,10.1400,10.1150,2.0000,891.0000,13362876.0715
F6148,868.6751,13.3330,13.3830,13.4490,1.0000,23.0000,43732.0284
F6149,868.6798,12.0160,12.0660,12.1660,1.0000,19.0000,47305.6820
F6150,868.6868,13.6830,13.8330,13.8330,2.0000,433.0000,626227.3485
F6151,868.7333,11.9660,12.0160,12.0660,1.0000,10.0000,28155.5009
F6152,868.7385,13.1830,13.2490,13.3490,3.0000,140.0000,994461.0121
F6153,868.7441,14.4000,14.4830,14.5830,1.0000,61660.0000,375115.8501
F6154,868.7464,12.5830,12.6330,12.6660,1.0000,7.0000,11235.0972
F6155,868.8066,11.8490,11.8990,11.9820,1.0000,10.0000,10228.3784
F6156,868.8075,14.7500,14.8330,14.9160,1.0000,38.0000,58411.5526
F6157,868.8136,15.0830,15.1160,15.2330,1.0000,7.0000,11150.3398
F6158,868.8208,15.8500,15.9170,16.0000,1.0000,16.0000,27858.5271
F6159,868.8236,15.6500,15.7670,15.8500,1.0000,11.0000,24633.4985
F6160,869.2442,4.8970,4.9470,4.9970,1.0000,77.0000,22437.1596
F6161,869.2455,4.9970,5.0470,5.1140,1.0000,60.0000,20207.4837
F6162,869.2640,7.5650,7.6650,7.7650,1.0000,72.0000,21793.2672
F6163,869.3443,6.7140,6.7980,6.8640,1.0000,66.0000,28805.8125
F6164,869.5504,9.4980,9.6320,9.7480,1.0000,20.0000,47531.4882
F6165,869.5610,11.4660,11.5990,11.6660,1.0000,42.0000,46745.1586
F6166,869.5919,10.1990,10.3150,10.4490,1.0000,29.0000,74713.2503
F6167,869.6108,11.9490,11.9820,12.0320,1.0000,5941.0000,18659.6196
F6168,869.6465,7.9650,8.1480,8.0980,3.0000,18.0000,52419.1094
F6169,869.6565,9.2480,9.4320,9.4320,2.0000,27.0000,117205.4367
F6170,869.6547,8.5650,8.6980,8.7820,1.0000,25.0000,97267.8232
F6171,869.6564,10.1150,10.2820,10.3650,1.0000,55.0000,406938.8920
F6172,869.6579,9.9150,10.0150,10.1150,1.0000,2142.0000,7049193.7877
F6173,869.6857,12.0160,12.0660,12.1320,1.0000,14.0000,27044.8745
F6174,869.6883,13.6830,13.8410,13.8330,2.0000,58861.0000,272342.4151
F6175,869.6993,14.1160,14.2410,14.2500,2.0000,250.0000,1139877.2469
F6176,869.7174,11.6160,11.6660,11.6990,1.0000,23.0000,35802.7592
F6177,869.7205,12.6660,12.7990,12.8660,1.0000,14218.0000,99366.7796
F6178,869.7245,12.8660,12.9330,12.9830,1.0000,10097.0000,67092.5693
F6179,869.7414,12.9660,13.2330,13.5990,1.0000,105.0000,1073237.0606
F6180,869.7445,14.4000,14.4830,14.6000,1.0000,49.0000,124882.2440
F6181,869.7451,12.5330,12.5990,12.6330,1.0000,3731.0000,15218.4615
F6182,869.7561,15.0500,15.0580,15.2160,2.0000,83.0000,172099.4485
F6183,869.8054,14.7830,14.8330,14.8830,1.0000,2466.0000,9535.1375
F6184,869.8235,15.7330,15.9330,16.2330,1.0000,11.0000,10059.9135
F6185,870.2442,4.8970,4.9970,4.9970,2.0000,33.0000,10100.9712
F6186,870.2625,7.6150,7.6650,7.7150,1.0000,1465.0000,5791.3082
F6187,870.3461,6.7140,6.7980,6.8810,1.0000,111.0000,22797.8527
F6188,870.5381,7.4480,7.5480,7.6480,1.0000,11.0000,30703.9031
F6189,870.5483,8.0310,8.0650,8.1310,1.0000,18.0000,7407.2914
F6190,870.5579,8.6310,8.7650,8.8980,1.0000,12.0000,24883.3157
F6191,870.5574,11.5660,11.5990,11.6820,1.0000,8745.0000,29049.3439
F6192,870.5900,10.2990,10.3070,10.4150,2.0000,27.0000,26333.5559
F6193,870.5989,6.3480,6.4480,6.5140,1.0000,21.0000,10238.1030
F6194,870.6602,9.9150,10.0150,10.1150,1.0000,163.0000,1959042.4566
F6195,870.6603,9.2320,9.3320,9.4150,1.0000,10.0000,47915.8915
F6196,870.6668,10.1490,10.3990,10.5320,1.0000,10.0000,217267.3138
F6197,870.6692,11.0490,11.1320,11.2150,1.0000,1024.0000,1070681.1891
F6198,870.6897,13.6990,13.7660,13.8330,1.0000,28.0000,85107.6728
F6199,870.7029,14.0660,14.2000,14.4000,1.0000,141320.0000,1018832.8583
F6200,870.7334,12.6830,12.8660,13.0330,1.0000,8.0000,65782.8991
F6201,870.7350,14.4660,14.5000,14.5500,1.0000,6.0000,15705.2571
F6202,870.7444,13.1990,13.2330,13.2830,1.0000,39209.0000,181431.4518
F6203,870.7457,13.0660,13.2410,13.1990,2.0000,30505.0000,184065.9273
F6204,870.7553,13.3330,13.4660,13.6330,1.0000,1966.0000,10316335.8300
F6205,870.8626,15.0330,15.1000,15.1660,1.0000,25.0000,16049.4609
F6206,871.1793,5.5140,5.5810,5.6640,1.0000,320.0000,42418.3153
F6207,871.3439,6.7310,6.7980,6.8810,1.0000,47.0000,17504.5164
F6208,871.5597,8.6820,8.7980,8.9650,1.0000,8.0000,10018.8174
F6209,871.5882,10.2150,10.3320,10.4490,1.0000,11.0000,19830.3339
F6210,871.6426,11.5660,11.6320,11.7660,1.0000,11.0000,36921.9819
F6211,871.6625,9.9150,10.0150,10.1150,1.0000,56.0000,419878.8688
F6212,871.6716,10.3320,10.4150,10.4990,1.0000,20.0000,68907.9671
F6213,871.6724,11.0490,11.1320,11.2150,1.0000,90.0000,585980.6747
F6214,871.6804,12.8490,12.9990,13.1490,1.0000,7585.0000,82095.8382
F6215,871.7041,14.0830,14.2000,14.4000,1.0000,208.0000,422732.9864
F6216,871.7148,14.7160,14.8160,14.9000,1.0000,145518.0000,1003299.7811
F6217,871.7368,11.9490,11.9820,12.0490,1.0000,45935.0000,126631.9422
F6218,871.7483,13.1660,13.2490,13.2830,1.0000,16.0000,138792.9026
F6219,871.7500,13.2830,13.3330,13.3660,1.0000,20.0000,95723.6609
F6220,871.7562,13.6660,13.7330,13.7830,1.0000,93.0000,223796.4561
F6221,871.7607,15.0500,15.1330,15.2160,1.0000,11.0000,39354.4281
F6222,871.7585,13.3490,13.4660,13.6330,1.0000,1549.0000,6109985.5789
F6223,871.7709,15.6830,15.9170,16.0000,1.0000,12.0000,27168.2039
F6224,871.8656,15.0500,15.1000,15.1830,1.0000,2406.0000,10956.9950
F6225,872.1804,5.5140,5.5810,5.6640,1.0000,112.0000,34634.7171
F6226,872.3467,6.7140,6.7980,6.8480,1.0000,29.0000,7718.3664
F6227,872.5554,9.4480,9.5480,9.6320,1.0000,11.0000,57565.7296
F6228,872.5663,9.0320,9.1150,9.2320,1.0000,3845.0000,29228.7041
F6229,872.6170,7.2980,7.3310,7.3810,1.0000,8.0000,4766.1305
F6230,872.6514,11.3990,11.9320,12.1820,1.0000,24.0000,166383.4004
F6231,872.6658,9.9150,10.0150,10.1150,1.0000,29.0000,77648.1312
F6232,872.6746,11.0490,11.1320,11.1990,1.0000,61.0000,180592.3273
F6233,872.6833,11.6160,11.6820,11.7820,1.0000,24803.0000,135837.6795
F6234,872.7051,14.1160,14.1830,14.2660,1.0000,13.0000,97059.8313
F6235,872.7126,12.4330,12.5160,12.5830,1.0000,8.0000,28022.5504
F6236,872.7170,11.7820,11.8320,11.8820,1.0000,13972.0000,49977.9889
F6237,872.7182,14.7160,14.8160,14.9000,1.0000,84831.0000,584049.8191
F6238,872.7612,13.3160,13.4660,13.6160,1.0000,108.0000,1953707.4060
F6239,872.7672,13.6490,13.6990,13.7160,1.0000,39.0000,143123.4497
F6240,872.7703,13.8830,14.0660,14.1330,1.0000,55.0000,8197570.6472
F6241,872.7728,13.7330,13.8160,13.8830,1.0000,1516.0000,44284130.1688
F6242,872.8259,0.7300,0.7800,0.8130,1.0000,6237.0000,15375.8939
F6243,873.0497,8.0150,8.0980,8.1650,1.0000,16.0000,6994.3384
F6244,873.1791,5.5310,5.5810,5.6640,1.0000,139.0000,30417.7067
F6245,873.2002,6.3980,6.4640,6.5480,1.0000,28.0000,13632.4460
F6246,873.2663,12.0660,12.1990,12.2660,1.0000,37.0000,351786.3002
F6247,873.2678,11.9320,11.9990,12.0660,1.0000,3785.0000,4399910.8465
F6248,873.3413,6.7310,6.8140,6.8980,1.0000,9.0000,9937.6559
F6249,873.3554,11.7490,11.8320,11.8990,1.0000,30.0000,10775.3705
F6250,873.5344,6.8640,7.3480,7.8980,1.0000,12.0000,22830.8217
F6251,873.5386,8.1980,8.7650,8.9820,1.0000,6.0000,16714.8635
F6252,873.5589,9.3480,9.5650,9.7150,1.0000,14.0000,43910.8381
F6253,873.6534,11.8160,11.9490,12.1820,1.0000,34.0000,60322.5429
F6254,873.6582,11.3820,11.4660,11.5320,1.0000,10.0000,24919.1949
F6255,873.6640,9.9150,9.9820,10.0150,1.0000,8.0000,9774.3567
F6256,873.6752,11.0320,11.1150,11.1990,1.0000,28.0000,51657.4674
F6257,873.6798,9.5980,9.6480,9.6980,1.0000,6.0000,6031.8121
F6258,873.6849,11.3320,11.6990,11.7820,1.0000,15556.0000,83203.5950
F6259,873.6943,13.0660,13.2330,13.4490,1.0000,42379.0000,493622.0026
F6260,873.7098,14.1330,14.2000,14.2330,1.0000,25.0000,19176.4409
F6261,873.7192,14.7160,14.8160,14.9160,1.0000,130.0000,259847.1371
F6262,873.7175,11.7990,11.8320,11.8990,1.0000,10.0000,25929.9796
F6263,873.7305,15.4330,15.5330,15.6170,1.0000,204.0000,310990.4853
F6264,873.7299,12.6660,12.7990,12.8990,1.0000,12.0000,47704.5624
F6265,873.7647,13.3330,13.4910,13.4830,2.0000,43187.0000,297237.1389
F6266,873.7734,13.8830,14.0660,14.1330,1.0000,30.0000,4980036.7262
F6267,873.7752,13.7330,13.8160,13.8830,1.0000,944.0000,28834297.6043
F6268,873.9088,13.3330,13.3990,13.4660,1.0000,22.0000,30670.4054
F6269,874.1788,5.5140,5.5810,5.6470,1.0000,72.0000,18268.7413
F6270,874.2008,6.4310,6.4810,6.5310,1.0000,2289.0000,9251.5715
F6271,874.2681,11.9490,12.1070,12.0660,2.0000,3354.0000,3429634.6138
F6272,874.3068,4.3800,4.4800,4.5470,1.0000,18.0000,11936.1586
F6273,874.3579,11.7490,11.8160,11.8820,1.0000,2791.0000,12668.4075
F6274,874.5287,7.9980,8.1150,8.2310,1.0000,6579.0000,53672.5968
F6275,874.5779,18.0340,18.1010,18.1840,1.0000,6.0000,10818.6861
F6276,874.5845,0.9300,0.9960,1.0630,1.0000,9.0000,11891.0055
F6277,874.6419,8.5480,8.5980,8.6820,1.0000,9.0000,14063.2503
F6278,874.6574,11.3990,11.4490,11.5820,1.0000,8.0000,18146.7599
F6279,874.6662,12.1320,12.1990,12.2660,1.0000,23.0000,47605.0989
F6280,874.6683,11.8160,11.9910,11.9660,2.0000,31.0000,189094.0873
F6281,874.6974,13.0660,13.2330,13.4490,1.0000,28806.0000,315271.6363
F6282,874.7199,14.7660,14.8160,14.9330,1.0000,63.0000,77294.5711
F6283,874.7342,15.4330,15.5170,15.6170,1.0000,133.0000,172760.7155
F6284,874.7705,13.4990,13.5490,13.7330,1.0000,15.0000,546305.9622
F6285,874.7778,13.7330,13.9410,13.8830,2.0000,670.0000,8997542.0877
F6286,874.7914,14.1660,14.2500,14.3500,1.0000,5583.0000,79915813.3572
F6287,874.8556,14.7330,14.7830,14.8330,1.0000,4967.0000,20066.8118
F6288,874.8672,14.0000,14.0500,14.1160,1.0000,3943.0000,20005.7912
F6289,874.9124,13.3660,13.3990,13.4660,1.0000,13.0000,21301.8769
F6290,875.0286,8.0980,8.0980,8.2150,2.0000,6595.0000,29641.0484
F6291,875.2019,6.4140,6.4810,6.5980,1.0000,57.0000,12577.3833
F6292,875.2458,7.9150,8.0150,8.0980,3.0000,140.0000,464461.5938
F6293,875.2661,12.0660,12.2160,12.3160,1.0000,28.0000,258891.0857
F6294,875.2673,11.9490,11.9990,12.0660,1.0000,2941.0000,2903465.8579
F6295,875.2826,9.3320,9.4820,9.6320,1.0000,47.0000,32180.2431
F6296,875.3054,4.4470,4.4970,4.5470,1.0000,19.0000,8085.2733
F6297,875.5194,7.8150,7.8650,7.9480,1.0000,12.0000,11587.3580
F6298,875.5308,7.7310,8.0980,8.4150,1.0000,15.0000,32736.4317
F6299,875.5576,9.0820,9.1480,9.1980,1.0000,7.0000,7595.1763
F6300,875.5944,11.3660,11.3990,11.4660,1.0000,5.0000,6762.9713
F6301,875.6510,11.6160,11.6660,11.7160,1.0000,27.0000,42085.3973
F6302,875.6715,11.7990,11.9160,11.9660,1.0000,16.0000,114035.8021
F6303,875.7020,13.0990,13.1490,13.3160,1.0000,8967.0000,116038.6494
F6304,875.7098,13.3490,13.5410,13.5660,2.0000,106605.0000,414963.5914
F6305,875.7206,14.7330,14.8160,14.9000,1.0000,19.0000,22747.4335
F6306,875.7359,15.4500,15.5330,15.6170,1.0000,77.0000,75716.7094
F6307,875.7457,12.9490,13.0330,13.0990,1.0000,8.0000,47818.6954
F6308,875.7806,13.7330,13.9000,13.8830,2.0000,365601.0000,1911715.6766
F6309,875.7865,14.0660,14.1330,14.1500,1.0000,122596.0000,313563.6729
F6310,875.7930,14.1660,14.2500,14.3330,1.0000,846.0000,55913019.1404
F6311,875.8587,14.7500,14.7830,14.8660,1.0000,15.0000,13294.3673
F6312,876.0219,7.7980,7.8810,8.0150,1.0000,23.0000,17258.5042
F6313,876.1995,6.4310,6.4810,6.5310,1.0000,1985.0000,6820.2675
F6314,876.2467,7.9150,8.0150,8.0980,3.0000,135.0000,390474.9615
F6315,876.2671,11.9320,11.9990,12.0660,1.0000,2559.0000,1562557.6200
F6316,876.2829,9.3980,9.4980,9.5820,1.0000,4546.0000,26212.5484
F6317,876.5298,13.9000,13.9500,13.9830,1.0000,6.0000,5265.5718
F6318,876.5432,9.5150,9.6320,9.7480,1.0000,13.0000,40458.6593
F6319,876.5459,6.3310,6.4310,6.5140,1.0000,9.0000,9824.9178
F6320,876.5590,11.3990,11.4320,11.4820,1.0000,2043.0000,6804.1250
F6321,876.5585,6.1310,6.1980,6.2980,1.0000,6825.0000,34740.8889
F6322,876.5654,8.9820,9.1480,9.1980,1.0000,14.0000,17723.9224
F6323,876.5854,11.0320,11.1320,11.1820,1.0000,12.0000,25482.6633
F6324,876.6474,11.5990,11.6660,11.7660,1.0000,9.0000,44582.8452
F6325,876.6630,11.2990,11.7490,11.8490,1.0000,5030.0000,46140.1214
F6326,876.6837,11.9160,12.0570,12.0490,2.0000,151.0000,191271.2838
F6327,876.7129,13.4330,13.5410,13.5490,4.0000,66774.0000,335383.8909
F6328,876.7367,15.4330,15.5170,15.6000,1.0000,39.0000,24253.2727
F6329,876.7476,12.2160,12.3320,12.4490,1.0000,18.0000,58683.6236
F6330,876.7859,13.7660,13.8830,13.8830,2.0000,20.0000,360971.8398
F6331,876.7938,14.1830,14.2500,14.3330,1.0000,1191.0000,20775672.5928
F6332,876.8009,14.8830,15.1000,15.2000,1.0000,102.0000,7079382.2564
F6333,876.8062,14.6830,14.7830,14.8830,1.0000,13526.0000,75631502.4311
F6334,876.8793,15.4000,15.4330,15.4830,1.0000,1302.0000,4530.5386
F6335,877.0433,9.5150,9.6150,9.7820,1.0000,32.0000,31150.9542
F6336,877.2244,5.0310,5.1140,5.1640,1.0000,9.0000,19859.5606
F6337,877.2448,7.8980,8.0150,8.0980,3.0000,132.0000,338037.0001
F6338,877.2593,5.5140,5.5810,5.6640,1.0000,10.0000,12578.0023
F6339,877.2653,11.9320,11.9990,12.0660,1.0000,1486.0000,780604.2356
F6340,877.2817,9.3820,9.4820,9.5820,1.0000,43.0000,22023.5097
F6341,877.5464,9.4480,9.6150,9.7150,1.0000,9.0000,24009.5649
F6342,877.5629,6.1470,6.2140,6.2810,1.0000,3339.0000,16420.2775
F6343,877.6695,13.1990,13.2990,13.3660,1.0000,5480.0000,36506.4178
F6344,877.6677,11.4320,11.5160,11.5660,1.0000,7.0000,7180.9496
F6345,877.6865,11.9160,12.0570,12.0490,2.0000,115.0000,113568.3490
F6346,877.7164,13.4330,13.5410,13.5660,2.0000,20231.0000,328698.8687
F6347,877.7258,13.7330,13.9410,13.8830,2.0000,1062811.0000,5844856.1777
F6348,877.7525,12.2320,12.3320,12.4330,1.0000,8.0000,29848.5658
F6349,877.7607,12.5330,12.6490,12.7160,1.0000,10.0000,76804.2966
F6350,877.7848,13.9330,13.9830,14.0660,1.0000,31.0000,178547.2111
F6351,877.7968,14.1660,14.3750,14.3330,2.0000,96.0000,4366287.5315
F6352,877.8044,15.5170,15.5500,15.5500,5.0000,4158.0000,9859.7542
F6353,877.8052,14.6000,14.7000,14.7330,1.0000,214.0000,3385251.5997
F6354,877.8068,15.8000,15.8670,15.9000,1.0000,2848.0000,14858.1085
F6355,877.8079,14.7000,14.7830,14.8660,1.0000,8284479.0000,51822350.7302
F6356,877.8291,15.9170,15.9670,16.0670,1.0000,28.0000,37364.7112
F6357,877.8469,13.3660,13.3990,13.4990,1.0000,16.0000,22596.7818
F6358,877.8595,13.1330,13.1660,13.2160,1.0000,6.0000,8320.4615
F6359,878.2251,5.0310,5.1140,5.1470,1.0000,8.0000,12302.5614
F6360,878.2258,5.9970,6.0470,6.0980,1.0000,6.0000,6159.6424
F6361,878.2451,7.9150,8.1060,8.0980,2.0000,31.0000,186092.0465
F6362,878.2645,11.9320,11.9990,12.0660,1.0000,1232.0000,307680.5323
F6363,878.2654,12.0660,12.2320,12.2990,1.0000,20.0000,32663.3450
F6364,878.2800,5.5140,5.5810,5.6640,1.0000,107.0000,52346.7428
F6365,878.2829,9.3820,9.4650,9.5820,1.0000,11.0000,15002.3485
F6366,878.5229,7.9480,8.0980,8.2650,1.0000,36.0000,134723.5540
F6367,878.5276,11.4320,11.4820,11.5490,1.0000,28.0000,29243.7870
F6368,878.5656,6.1640,6.2140,6.2480,1.0000,2380.0000,6919.2782
F6369,878.6406,17.5670,17.8840,18.1670,1.0000,17.0000,299666.1134
F6370,878.6407,14.8330,15.5170,16.2500,1.0000,19.0000,912818.7540
F6371,878.6998,12.1160,12.1820,12.2490,1.0000,54.0000,929232.5704
F6372,878.7181,13.3660,13.4830,13.5490,1.0000,12057.0000,88140.4121
F6373,878.7201,13.5490,13.5990,13.6490,1.0000,7013.0000,33000.2085
F6374,878.7290,13.7330,13.9410,13.9000,2.0000,467.0000,3710629.8448
F6375,878.7655,12.5330,12.6490,12.6990,1.0000,9.0000,56644.9437
F6376,878.7983,13.9500,13.9830,14.0330,1.0000,10167.0000,35447.9480
F6377,878.8016,14.1500,14.3830,14.3160,3.0000,53753.0000,305691.6867
F6378,878.8091,14.7000,14.9500,14.8660,2.0000,16670.0000,1858865.1274
F6379,878.8146,15.2000,15.3000,15.3330,1.0000,15313.0000,79167.9859
F6380,878.8168,12.1160,12.1820,12.2490,1.0000,31.0000,91332.1711
F6381,878.8181,15.4000,15.4830,15.5670,1.0000,1307.0000,9614513.8172
F6382,879.1586,11.9320,11.9820,12.0660,1.0000,41.0000,11381.3375
F6383,879.2230,5.9970,6.0470,6.0980,1.0000,7.0000,6867.7141
F6384,879.2260,5.0470,5.1140,5.1640,1.0000,9.0000,13064.8044
F6385,879.2438,7.8980,8.1060,8.0980,2.0000,56.0000,97845.5060
F6386,879.2813,5.5140,5.5810,5.6470,1.0000,10649.0000,42122.7648
F6387,879.4969,6.2480,6.3310,6.3980,1.0000,34.0000,26729.5424
F6388,879.5256,7.9650,8.0810,8.2480,1.0000,38.0000,65498.2866
F6389,879.5307,11.4320,11.4820,11.5490,1.0000,43.0000,17833.8303
F6390,879.6807,13.5330,13.5830,13.6990,1.0000,16772.0000,101112.3935
F6391,879.7029,12.1160,12.1820,12.2490,1.0000,168.0000,521727.9336
F6392,879.7204,12.6660,12.7490,12.8490,1.0000,18.0000,46207.1593
F6393,879.7421,14.1660,14.2500,14.3500,1.0000,84.0000,9608035.4048
F6394,879.7757,13.1330,13.3330,13.3990,1.0000,4676.0000,51354.1169
F6395,879.7768,12.8160,12.9160,12.9830,1.0000,10927.0000,93128.9023
F6396,879.7776,12.9830,13.0490,13.1160,1.0000,7902.0000,46878.2115
F6397,879.8036,14.4330,14.5000,14.5830,1.0000,35955.0000,172597.9936
F6398,879.8122,15.0830,15.1660,15.2500,1.0000,28.0000,194401.3622
F6399,879.8124,14.7000,14.7830,14.8660,1.0000,558.0000,3607390.4746
F6400,879.8168,14.0660,14.1330,14.1660,1.0000,11633.0000,40298.0173
F6401,879.8191,12.1160,12.1820,12.2490,1.0000,33.0000,55151.7127
F6402,879.8172,13.9500,14.0000,14.0660,1.0000,4225.0000,24383.6748
F6403,879.8214,15.4000,15.4830,15.5670,1.0000,959.0000,5720506.7311
F6404,879.8425,16.8840,16.9500,17.0170,1.0000,20.0000,14510.9856
F6405,880.0546,10.2490,10.3150,10.4820,1.0000,10.0000,14763.5084
F6406,880.1727,12.2160,12.2490,12.2990,1.0000,4403.0000,10905.5702
F6407,880.2432,7.8980,8.0980,8.0980,2.0000,29.0000,40660.1278
F6408,880.2804,5.5140,5.5810,5.6640,1.0000,129.0000,35681.5003
F6409,880.5011,6.2640,6.3310,6.4140,1.0000,24.0000,14362.6818
F6410,880.5175,8.0980,8.1480,8.2150,1.0000,12.0000,17105.0757
F6411,880.5364,7.8310,7.9150,7.9650,1.0000,15.0000,6694.3241
F6412,880.5376,9.4320,9.6320,9.7480,1.0000,60.0000,96657.9724
F6413,880.6259,14.8660,15.0160,15.2160,1.0000,4693.0000,77771.5300
F6414,880.6290,14.4660,14.5750,14.5830,2.0000,4490.0000,26113.5300
F6415,880.6283,15.2160,15.3670,15.4670,1.0000,4845.0000,54196.3787
F6416,880.6299,14.7330,14.7830,14.8500,1.0000,5340.0000,30138.1349
F6417,880.6332,11.8990,11.9490,11.9990,1.0000,5569.0000,24031.1150
F6418,880.6888,11.5660,11.6160,11.6990,1.0000,18.0000,34067.7831
F6419,880.6904,11.4160,11.4990,11.5660,1.0000,25.0000,38678.1882
F6420,880.7180,13.3490,13.4160,13.4830,1.0000,98217.0000,332993.2595
F6421,880.7454,14.1660,14.2500,14.3500,1.0000,941.0000,5647763.4309
F6422,880.7784,12.6830,12.9160,13.3660,1.0000,10.0000,87890.8047
F6423,880.8168,15.0830,15.1660,15.2500,1.0000,20.0000,110394.7996
F6424,880.8149,14.7000,14.7830,14.8660,1.0000,120.0000,657156.7393
F6425,880.8208,12.1320,12.1820,12.2820,1.0000,13.0000,25466.4029
F6426,880.8242,15.4000,15.4830,15.5670,1.0000,351.0000,1806578.0296
F6427,880.8327,16.2670,16.3500,16.4500,1.0000,147.0000,590343.3879
F6428,880.8460,16.9170,16.9670,17.0000,1.0000,2166.0000,6969.7274
F6429,881.2422,7.9310,8.0150,8.0980,1.0000,8.0000,12760.3870
F6430,881.2805,5.5140,5.5810,5.6640,1.0000,89.0000,20501.0193
F6431,881.5008,11.4160,11.4820,11.5490,1.0000,65.0000,25913.0168
F6432,881.5067,8.0980,8.1480,8.2480,1.0000,26.0000,37560.0757
F6433,881.5075,7.9810,8.0480,8.0980,1.0000,28.0000,32134.6741
F6434,881.5127,6.9640,7.2810,7.6480,1.0000,7.0000,25948.2080
F6435,881.5147,6.1310,6.2140,6.2980,1.0000,41.0000,77668.0379
F6436,881.5411,9.4480,9.6320,9.7650,1.0000,18.0000,50239.8926
F6437,881.5662,8.3980,8.4650,8.5150,1.0000,16.0000,23969.6786
F6438,881.6195,11.7490,11.8160,11.8820,1.0000,11.0000,46092.7977
F6439,881.6259,12.0490,12.1160,12.1820,1.0000,23.0000,60312.4739
F6440,881.6381,7.7980,7.8310,7.8810,1.0000,6.0000,8048.2527
F6441,881.6899,11.4490,11.4990,11.5320,1.0000,10.0000,16002.8105
F6442,881.6992,13.9160,14.0000,14.0660,1.0000,54117.0000,258613.2380
F6443,881.7211,13.3490,13.4160,13.4830,1.0000,130.0000,221153.0069
F6444,881.7360,12.8490,12.9830,12.9830,2.0000,43.0000,165565.9844
F6445,881.7479,12.6660,12.7160,12.7660,1.0000,5875.0000,21037.8373
F6446,881.7483,14.1660,14.2660,14.3500,1.0000,352.0000,1723916.0257
F6447,881.7577,14.6830,14.7660,14.8660,1.0000,1434.0000,7868843.4709
F6448,881.8171,15.0830,15.1660,15.2830,1.0000,26.0000,37922.1755
F6449,881.8220,12.1160,12.1820,12.2490,1.0000,13.0000,9557.9045
F6450,881.8269,15.4000,15.4830,15.5830,1.0000,140.0000,423027.1745
F6451,881.8357,16.2670,16.3500,16.4500,1.0000,117.0000,366446.6126
F6452,882.2789,5.5140,5.5810,5.6640,1.0000,26.0000,10405.9760
F6453,882.5047,11.4320,11.4660,11.5660,1.0000,27.0000,13820.9207
F6454,882.5178,6.1140,6.2140,6.2980,1.0000,85.0000,45749.2114
F6455,882.5442,8.0650,8.1980,8.3150,1.0000,7.0000,15669.8048
F6456,882.6054,7.4150,7.4980,7.5650,1.0000,16.0000,21747.2551
F6457,882.6235,11.7820,11.8160,11.8660,1.0000,8.0000,11429.8363
F6458,882.6304,12.0320,12.1160,12.1990,1.0000,12.0000,33414.9712
F6459,882.6840,13.6990,13.7330,13.7830,1.0000,16.0000,9071.0671
F6460,882.7025,13.9160,14.0000,14.0660,1.0000,30138.0000,157545.8515
F6461,882.7051,11.8820,11.9490,11.9990,1.0000,19.0000,33375.8264
F6462,882.7241,12.2320,12.2820,12.3820,1.0000,11.0000,27838.3012
F6463,882.7356,13.3660,13.4160,13.4490,1.0000,24924.0000,69166.3713
F6464,882.7367,12.8160,12.8990,12.9660,1.0000,24.0000,154773.1311
F6465,882.7510,14.1660,14.2500,14.3500,1.0000,81.0000,385239.1913
F6466,882.7612,14.6830,14.7660,14.8660,1.0000,1178.0000,4658153.9577
F6467,882.7805,14.5500,14.6000,14.6330,1.0000,3439.0000,10772.4337
F6468,882.8297,15.3830,15.5000,15.6330,1.0000,46.0000,84148.3873
F6469,882.8383,16.2670,16.3670,16.4500,1.0000,74.0000,126711.6334
F6470,883.0242,8.0650,8.1310,8.1810,1.0000,10.0000,7584.8136
F6471,883.5209,6.0980,6.2140,6.2810,1.0000,15.0000,14571.1047
F6472,883.5218,9.4820,9.6150,9.7480,1.0000,41.0000,42294.0483
F6473,883.5296,6.5640,6.6640,6.7640,1.0000,12.0000,36720.0685
F6474,883.5328,5.9310,5.9970,6.0980,1.0000,7.0000,14379.5924
F6475,883.5311,6.3810,6.4810,6.5640,1.0000,11.0000,28506.1065
F6476,883.5426,7.9650,8.0980,8.2150,1.0000,19.0000,33033.5962
F6477,883.5629,7.8310,7.8810,7.9150,1.0000,8.0000,6472.5692
F6478,883.6083,7.4310,7.4980,7.5810,1.0000,16.0000,12892.6493
F6479,883.6561,13.6990,13.7500,13.8160,1.0000,3612.0000,16569.1053
F6480,883.7037,13.9160,14.0000,14.0660,1.0000,13444.0000,67070.4141
F6481,883.7070,11.8820,11.9490,12.0160,1.0000,12.0000,27403.9281
F6482,883.7147,14.4000,14.4830,14.5830,1.0000,168.0000,343248.6807
F6483,883.7376,12.8160,12.8990,12.9990,1.0000,25.0000,177462.8091
F6484,883.7493,15.1000,15.1500,15.1830,1.0000,2724.0000,10212.1682
F6485,883.7490,13.0490,13.0990,13.1660,1.0000,118.0000,708329.1696
F6486,883.7497,13.1660,13.2160,13.2830,1.0000,84.0000,588268.2982
F6487,883.7637,14.6830,14.7660,14.8660,1.0000,226.0000,1470298.1916
F6488,883.7729,15.4000,15.4830,15.5830,1.0000,307.0000,1764886.3561
F6489,883.8419,16.2670,16.3500,16.4670,1.0000,30.0000,29854.3508
F6490,884.5527,9.5150,9.6150,9.7150,1.0000,23.0000,30977.5788
F6491,884.6061,6.9810,7.0640,7.1640,1.0000,50.0000,96757.2394
F6492,884.6574,13.6490,13.7330,13.8160,1.0000,14.0000,30625.5187
F6493,884.6650,4.4640,4.5300,4.5970,1.0000,6.0000,12260.2363
F6494,884.6823,11.5660,11.6320,11.6820,1.0000,12.0000,17959.0069
F6495,884.7095,13.9660,14.0160,14.0660,1.0000,5201.0000,17697.4201
F6496,884.7170,11.9160,11.9820,12.0820,1.0000,21.0000,44708.2681
F6497,884.7180,14.4160,14.4830,14.5830,1.0000,104.0000,205063.9338
F6498,884.7386,12.7830,12.9330,13.0330,1.0000,31.0000,155387.9466
F6499,884.7530,13.0160,13.1660,13.1660,2.0000,84124.0000,478243.2908
F6500,884.7579,13.3660,13.4990,13.5490,1.0000,10022.0000,103909.1754
F6501,884.7599,15.9500,15.9830,16.0330,1.0000,1773.0000,5713.0491
F6502,884.7664,14.6830,14.7660,14.8830,1.0000,55.0000,357984.7375
F6503,884.7688,13.5330,13.7160,13.7330,2.0000,54.0000,372719.9524
F6504,884.7760,15.4000,15.4830,15.5830,1.0000,554.0000,1073084.3363
F6505,884.8434,13.8830,14.0330,14.1660,1.0000,12.0000,31012.6407
F6506,885.5455,7.6150,7.7150,7.7980,1.0000,64.0000,228351.4626
F6507,885.5479,6.4310,6.4310,6.5980,2.0000,41.0000,58146.4976
F6508,885.6103,6.9640,7.0810,7.3140,1.0000,69.0000,51851.5662
F6509,885.6402,12.7490,12.7990,12.8490,1.0000,2203.0000,8952.2223
F6510,885.6686,11.4660,11.5160,11.5490,1.0000,7.0000,5359.9777
F6511,885.6745,13.3660,13.4160,13.4660,1.0000,156.0000,77244.7094
F6512,885.6843,11.5990,11.6490,11.7160,1.0000,10.0000,12664.8372
F6513,885.7199,14.4160,14.4830,14.5830,1.0000,63.0000,84694.4731
F6514,885.7300,15.0500,15.0500,15.2330,2.0000,22.0000,28136.8261
F6515,885.7400,12.7830,12.9160,13.0160,1.0000,16.0000,63241.7226
F6516,885.7571,13.0160,13.0990,13.1660,1.0000,28120.0000,168913.6833
F6517,885.7583,13.1660,13.1990,13.3160,1.0000,20771.0000,179333.8519
F6518,885.7619,16.8500,16.8840,16.9500,1.0000,7.0000,6353.7897
F6519,885.7663,13.3160,13.4990,13.5330,2.0000,814958.0000,5213872.0371
F6520,885.7722,13.7160,13.8160,13.8830,1.0000,21.0000,142672.2458
F6521,885.7727,14.6830,14.7660,14.9160,1.0000,11.0000,69048.5980
F6522,885.7789,15.4000,15.4830,15.5830,1.0000,168.0000,342597.7276
F6523,885.7878,16.2670,16.3670,16.4500,1.0000,100.0000,150767.6847
F6524,885.8552,12.4660,12.5160,12.6490,1.0000,12.0000,10806.1760
F6525,886.5495,7.5810,7.6980,7.7810,1.0000,26.0000,126383.0616
F6526,886.5516,6.4310,6.4310,6.5980,2.0000,9.0000,27329.1387
F6527,886.5539,7.7810,7.8810,7.9650,1.0000,77.0000,341578.6060
F6528,886.5547,9.5980,9.6480,9.7150,1.0000,7.0000,9986.6302
F6529,886.6092,6.9980,7.0640,7.1310,1.0000,2918.0000,15899.4310
F6530,886.6321,9.4650,9.5480,9.6150,1.0000,13.0000,12658.5882
F6531,886.6308,11.6820,11.7160,11.7660,1.0000,7.0000,6447.4443
F6532,886.6709,14.1500,14.2160,14.2830,1.0000,8.0000,15661.7991
F6533,886.6784,13.3660,13.4160,13.4990,1.0000,15936.0000,59637.6342
F6534,886.7213,14.4160,14.5000,14.6000,1.0000,20.0000,27140.0810
F6535,886.7339,15.0500,15.1500,15.2500,1.0000,20.0000,56009.8903
F6536,886.7524,13.0490,13.1660,13.2830,1.0000,62.0000,213610.9855
F6537,886.7696,13.5330,13.5990,13.6660,1.0000,99772.0000,551016.7413
F6538,886.7701,13.3160,13.3990,13.5330,1.0000,491460.0000,3242374.2887
F6539,886.7807,13.7660,13.7990,13.9160,1.0000,9.0000,82483.3674
F6540,886.7822,15.4000,15.4830,15.6000,1.0000,36.0000,77347.6807
F6541,886.7856,13.9160,14.0160,14.1330,1.0000,119.0000,1165609.3243
F6542,886.7901,16.2670,16.3500,16.4500,1.0000,39.0000,97978.2611
F6543,886.8205,15.0830,15.2160,15.2330,2.0000,15.0000,14076.1887
F6544,886.8513,14.1660,14.2160,14.3160,1.0000,18.0000,18424.5978
F6545,886.8584,14.2660,14.5000,14.8000,1.0000,23.0000,64960.1240
F6546,887.5466,6.1470,6.2310,6.2980,1.0000,9.0000,9110.4988
F6547,887.5504,8.0150,8.1310,8.4150,1.0000,14.0000,80435.5294
F6548,887.5576,7.7810,7.8650,7.9650,1.0000,23.0000,188262.4138
F6549,887.5617,8.8820,9.0480,9.1820,1.0000,8826.0000,72845.9966
F6550,887.5639,7.4310,7.5150,7.6310,1.0000,98.0000,783466.9055
F6551,887.6538,12.8160,12.9830,13.1490,1.0000,52.0000,77273.5624
F6552,887.7354,15.0500,15.1330,15.2500,1.0000,12.0000,27315.4862
F6553,887.7544,13.0990,13.1660,13.2490,1.0000,39.0000,104130.3167
F6554,887.7734,13.3160,13.3990,13.5330,1.0000,42.0000,1069065.4926
F6555,887.7817,13.6830,13.7660,13.8330,1.0000,691.0000,10902742.3593
F6556,887.7868,13.8500,13.9660,14.0160,1.0000,109.0000,1497154.0819
F6557,887.7937,16.2500,16.3500,16.4840,1.0000,23.0000,33952.9254
F6558,887.8224,15.1000,15.1660,15.3330,1.0000,8.0000,11831.2769
F6559,888.5486,8.0980,8.0980,8.2310,2.0000,33.0000,124864.6091
F6560,888.5559,7.8150,7.8980,7.9810,1.0000,13.0000,52926.0647
F6561,888.5645,8.8150,9.0650,9.1820,1.0000,12.0000,66011.7855
F6562,888.5669,7.4310,7.5150,7.6310,1.0000,29.0000,419116.1056
F6563,888.5688,8.5480,8.5060,8.7820,2.0000,42.0000,183958.7932
F6564,888.6190,11.4490,11.5160,11.5660,1.0000,10.0000,11538.7342
F6565,888.6236,6.5640,6.6810,6.7810,1.0000,8.0000,12766.8189
F6566,888.6322,11.9160,11.9660,11.9990,1.0000,4124.0000,13674.5753
F6567,888.6445,11.8160,11.8820,11.9320,1.0000,5.0000,10665.5771
F6568,888.6569,12.9490,12.9990,13.1990,1.0000,19.0000,39678.3362
F6569,888.6606,12.8660,12.8990,12.9490,1.0000,15.0000,14195.1221
F6570,888.6779,12.2490,12.2990,12.3820,1.0000,5.0000,12586.7078
F6571,888.7346,14.7500,15.1500,15.4670,1.0000,12.0000,12178.4439
F6572,888.7585,13.0990,13.1660,13.2660,1.0000,16.0000,41655.4480
F6573,888.7649,12.5830,12.7160,12.8660,1.0000,15.0000,110008.7337
F6574,888.7858,13.6830,13.7660,13.8330,1.0000,1557111.0000,6753112.3484
F6575,888.7895,13.5330,13.5660,13.6830,1.0000,22090.0000,208925.3730
F6576,888.7986,14.2000,14.2330,14.3660,1.0000,13.0000,109044.0601
F6577,888.8013,14.4660,14.4910,14.6160,2.0000,302.0000,1843350.7964
F6578,888.8738,15.0330,15.1000,15.2000,1.0000,21.0000,41838.0751
F6579,889.2323,6.3980,6.4810,6.5640,1.0000,218.0000,179905.9823
F6580,889.2632,11.6160,11.6660,11.7160,1.0000,3583.0000,11429.0721
F6581,889.2978,10.3320,10.4320,10.5320,1.0000,61.0000,105469.3326
F6582,889.5294,7.7810,7.8650,7.9810,1.0000,40153.0000,278215.8049
F6583,889.5518,7.9810,8.0810,8.1650,1.0000,10671.0000,84354.8629
F6584,889.5604,7.2480,7.3480,7.4310,1.0000,21.0000,56854.9991
F6585,889.5650,9.4650,9.6320,9.7820,1.0000,19.0000,64980.9415
F6586,889.5695,7.4310,7.5150,7.6310,1.0000,52.0000,135337.6781
F6587,889.5729,8.5480,8.6650,8.7820,1.0000,20.0000,106625.7253
F6588,889.5753,8.1480,8.2310,8.4980,1.0000,25.0000,161871.7873
F6589,889.6358,11.4660,11.5320,11.5990,1.0000,27.0000,49586.5074
F6590,889.6379,11.5990,11.6490,11.7320,1.0000,68.0000,107646.3589
F6591,889.6559,11.9490,11.9990,12.0490,1.0000,10.0000,13612.1087
F6592,889.6680,13.0330,13.2330,13.3830,1.0000,38695.0000,404233.8770
F6593,889.6799,12.8330,12.9160,12.9660,1.0000,2651.0000,14420.0161
F6594,889.7265,13.5490,13.6410,13.6660,2.0000,12613.0000,68027.1078
F6595,889.7673,12.6160,12.6990,12.7490,1.0000,10.0000,45999.3195
F6596,889.7727,13.4160,13.4830,13.5330,1.0000,66.0000,113223.8405
F6597,889.7895,13.6830,13.7660,13.8330,1.0000,71.0000,2089530.2009
F6598,889.7974,14.1160,14.2500,14.2500,2.0000,365.0000,10726079.4048
F6599,889.8040,14.3660,14.5330,14.6160,1.0000,228.0000,2622566.3224
F6600,889.8307,12.0660,12.1320,12.2820,1.0000,10.0000,8885.2021
F6601,889.8671,14.7830,14.8330,14.8660,1.0000,8.0000,6043.0995
F6602,889.8694,12.3490,12.4160,12.7160,1.0000,8.0000,18812.5485
F6603,889.8765,14.8660,15.1000,15.3000,1.0000,16.0000,33955.5271
F6604,889.9000,12.7160,12.7660,12.8160,1.0000,6.0000,10920.1436
F6605,890.2331,6.3980,6.4640,6.5480,1.0000,592.0000,145486.5571
F6606,890.2991,10.3150,10.4150,10.5490,1.0000,64.0000,98055.1634
F6607,890.5324,7.7810,7.8650,7.9980,1.0000,18901.0000,140679.6271
F6608,890.5464,9.9480,9.9990,10.0820,1.0000,5804.0000,33787.7624
F6609,890.5570,8.0150,8.0650,8.1480,1.0000,3676.0000,21280.9652
F6610,890.5599,7.2310,7.3650,7.4480,1.0000,4234.0000,29565.4767
F6611,890.5644,9.4980,9.6150,9.7320,1.0000,54.0000,166344.5177
F6612,890.5715,7.4310,7.5150,7.6480,1.0000,23.0000,35313.0758
F6613,890.5801,8.1480,8.2310,8.4650,1.0000,10.0000,73184.6810
F6614,890.5851,10.2150,10.3320,10.4820,1.0000,61.0000,439450.0597
F6615,890.6369,7.9810,8.0150,8.0810,1.0000,43.0000,85289.6570
F6616,890.6381,7.2640,7.3480,7.4150,1.0000,56.0000,147111.7283
F6617,890.6380,7.8650,7.8730,7.9810,2.0000,58.0000,152691.7944
F6618,890.6420,11.4490,11.6490,11.7490,1.0000,36.0000,99254.9164
F6619,890.6660,11.8320,11.8820,11.9490,1.0000,5.0000,9972.5774
F6620,890.6710,13.1830,13.1830,13.3490,2.0000,18379.0000,103507.2684
F6621,890.6761,13.3490,13.4160,13.4490,1.0000,3821.0000,18715.6908
F6622,890.7243,11.5990,11.6660,11.8490,1.0000,7.0000,26709.0790
F6623,890.7268,13.6660,13.6990,13.7330,1.0000,4491.0000,15755.8945
F6624,890.7285,13.5660,13.5990,13.6660,1.0000,8176.0000,38209.8801
F6625,890.7763,13.4330,13.4990,13.5660,1.0000,9.0000,46390.7272
F6626,890.7798,12.8660,12.9490,13.0160,1.0000,23.0000,105058.3520
F6627,890.8016,14.1160,14.2500,14.2500,2.0000,343.0000,6699959.8204
F6628,890.8067,14.3660,14.5330,14.6160,1.0000,17.0000,1193946.3743
F6629,890.8165,15.0330,14.9660,15.1830,3.0000,169.0000,543249.9395
F6630,890.8840,15.2660,15.3330,15.4000,1.0000,2603.0000,13239.6861
F6631,891.2324,6.3980,6.4810,6.5480,1.0000,197.0000,133157.9148
F6632,891.2684,11.6160,11.6820,11.7320,1.0000,19.0000,10103.4839
F6633,891.2784,5.5140,5.5810,5.6640,1.0000,8005.0000,10666628.0180
F6634,891.2971,10.2820,10.4320,10.5150,1.0000,92.0000,80156.5143
F6635,891.5357,7.7650,7.8480,7.8810,1.0000,31.0000,25681.3741
F6636,891.5446,8.5650,8.6650,8.7650,1.0000,43.0000,126700.9786
F6637,891.5492,9.9820,10.0150,10.0650,1.0000,9.0000,13199.8718
F6638,891.5460,8.2310,8.3310,8.4980,1.0000,26.0000,84213.5776
F6639,891.5666,8.0310,8.1150,8.1480,1.0000,1604.0000,8415.0047
F6640,891.5669,9.4650,9.6150,9.7320,1.0000,22.0000,81637.7653
F6641,891.5786,8.1310,8.2150,8.2650,1.0000,14.0000,14686.1787
F6642,891.5888,10.1990,10.3320,10.4650,1.0000,65.0000,233431.2316
F6643,891.6404,7.8650,7.9310,7.9810,3.0000,41.0000,86579.1797
F6644,891.6411,7.2640,7.3480,7.4150,1.0000,39.0000,83844.5753
F6645,891.6398,11.4990,11.5490,11.5820,1.0000,3447.0000,11406.6373
F6646,891.6530,11.9160,11.9820,12.0490,1.0000,99.0000,211793.2896
F6647,891.6795,13.0660,13.1490,13.3160,1.0000,29.0000,129539.0929
F6648,891.6836,13.4490,13.4490,13.5660,2.0000,424.0000,935118.3192
F6649,891.7261,12.7330,12.8330,12.9330,1.0000,9.0000,29194.4135
F6650,891.7300,11.5990,11.6490,11.6990,1.0000,2851.0000,10671.9322
F6651,891.7410,13.9160,14.0000,14.1500,1.0000,36651.0000,272691.2892
F6652,891.7817,12.5160,12.9490,13.3660,1.0000,22.0000,151098.7174
F6653,891.7942,13.7330,13.7660,13.8660,1.0000,23762.0000,101170.6672
F6654,891.8045,14.2500,14.3000,14.3660,1.0000,55.0000,1227164.3698
F6655,891.8054,14.1160,14.2000,14.2500,1.0000,115.0000,2124912.6920
F6656,891.8131,14.7160,14.8160,14.9000,1.0000,374.0000,9541301.6668
F6657,891.8198,15.0160,15.1000,15.1830,1.0000,138.0000,1046258.3426
F6658,891.8584,12.3820,12.4160,12.4660,1.0000,9.0000,5969.2544
F6659,891.8909,15.2500,15.3330,15.4000,1.0000,10.0000,11481.7938
F6660,892.2328,6.3980,6.4810,6.5640,1.0000,163.0000,75030.3461
F6661,892.2793,5.5140,5.5810,5.6640,1.0000,5623.0000,8754109.0835
F6662,892.2962,10.2650,10.4320,10.5820,1.0000,11.0000,51806.5944
F6663,892.2968,9.3480,9.4980,9.6480,1.0000,21.0000,46908.7445
F6664,892.5423,17.9000,17.9670,18.0170,1.0000,6.0000,13814.0213
F6665,892.5668,9.5820,9.6320,9.7320,1.0000,16.0000,20766.1388
F6666,892.6043,11.5320,11.6160,11.7160,1.0000,50229.0000,315560.6396
F6667,892.6538,9.4480,9.5480,9.6320,1.0000,329.0000,1634603.5661
F6668,892.6531,8.6150,8.6820,8.7820,1.0000,14.0000,81026.6657
F6669,892.6589,11.9160,11.9820,12.0490,1.0000,26.0000,142887.0842
F6670,892.6868,13.4490,13.4990,13.5660,3.0000,92136.0000,577542.7912
F6671,892.7386,13.0330,13.0080,13.1660,2.0000,38.0000,196583.1267
F6672,892.7420,11.9320,11.9990,12.0660,1.0000,22.0000,58230.8226
F6673,892.7439,13.9000,14.0000,14.1660,1.0000,20616.0000,179317.3965
F6674,892.7427,11.6320,11.6990,11.7490,1.0000,10.0000,18196.1611
F6675,892.7912,13.1160,13.1660,13.1990,1.0000,6493.0000,25021.3646
F6676,892.8085,14.1160,14.2580,14.2500,2.0000,103472.0000,507655.9779
F6677,892.8173,14.7160,14.8160,14.9000,1.0000,557.0000,5693732.3346
F6678,892.8230,14.9000,15.1000,15.1830,1.0000,38.0000,870575.6691
F6679,892.8251,14.3500,14.3830,14.4500,1.0000,21115.0000,97971.6482
F6680,892.8305,14.4500,14.5160,14.5830,1.0000,31957.0000,152604.2603
F6681,892.8324,15.8000,15.8080,15.9670,2.0000,44.0000,254903.1614
F6682,892.8346,12.1990,12.2490,12.3160,1.0000,3584.0000,17810.6923
F6683,892.8351,12.3160,12.3660,12.3990,1.0000,3036.0000,11272.3427
F6684,892.8737,14.0660,14.1160,14.1500,1.0000,4762.0000,13042.0266
F6685,893.2056,11.8820,11.9990,12.0490,1.0000,17.0000,10646.1011
F6686,893.2322,6.3980,6.4640,6.5640,1.0000,247.0000,40915.6632
F6687,893.2563,4.4300,4.4970,4.5640,1.0000,37.0000,34605.4484
F6688,893.2778,5.5140,5.5810,5.6640,1.0000,5000.0000,7549034.8228
F6689,893.2978,9.3820,9.4980,9.5480,1.0000,27.0000,26846.4762
F6690,893.5601,10.2150,10.3150,10.4650,1.0000,57.0000,367169.8822
F6691,893.6069,11.5320,11.6160,11.7320,1.0000,66.0000,171670.6420
F6692,893.6347,11.9320,11.9820,12.0660,1.0000,23272.0000,123308.3057
F6693,893.6570,9.4480,9.5320,9.6320,1.0000,156.0000,878226.1423
F6694,893.6573,8.4310,8.6980,8.8320,1.0000,10.0000,77407.2769
F6695,893.6883,13.4490,13.4990,13.5490,3.0000,38290.0000,222081.6031
F6696,893.6933,13.6490,13.6990,13.7160,1.0000,12140.0000,30655.1072
F6697,893.6995,13.7160,13.8160,13.9000,1.0000,2174.0000,2750188.0917
F6698,893.7002,13.9830,14.0660,14.1330,1.0000,238.0000,285085.3626
F6699,893.7430,13.0490,13.0080,13.1660,2.0000,38.0000,104262.5611
F6700,893.7560,14.4500,14.5330,14.6000,3.0000,63356.0000,398676.5536
F6701,893.8109,14.1160,14.2000,14.2500,1.0000,21419.0000,108953.0694
F6702,893.8134,14.2500,14.3000,14.3500,1.0000,11144.0000,56593.6952
F6703,893.8206,14.7160,14.8160,14.9000,1.0000,242.0000,1880042.0403
F6704,893.8266,14.9000,15.1000,15.1830,1.0000,14.0000,271706.1851
F6705,893.8283,15.4330,15.5170,15.6170,1.0000,275.0000,1932528.5814
F6706,893.8353,15.8000,15.8080,15.9670,2.0000,49.0000,158673.8388
F6707,894.1317,11.9320,11.9820,12.0660,1.0000,54.0000,12360.2763
F6708,894.2082,11.9490,11.9990,12.0660,1.0000,10.0000,8128.6389
F6709,894.2573,4.4300,4.4970,4.5800,1.0000,34.0000,29519.8245
F6710,894.2778,5.5140,5.5810,5.6640,1.0000,4114.0000,3957410.9650
F6711,894.2965,9.4150,9.4980,9.5820,1.0000,11.0000,23776.4385
F6712,894.5225,8.0480,8.1310,8.1810,1.0000,8.0000,10201.6864
F6713,894.5360,7.2810,7.3480,7.4150,1.0000,9.0000,8325.6269
F6714,894.5640,10.2150,10.3320,10.4820,1.0000,77.0000,169915.6098
F6715,894.6134,11.5660,11.6160,11.6490,1.0000,10731.0000,36471.9990
F6716,894.6293,11.9160,11.9820,12.0660,1.0000,30.0000,288804.3100
F6717,894.6363,11.4160,11.5160,11.5660,1.0000,6714.0000,47158.0927
F6718,894.6389,11.2150,11.2820,11.3820,1.0000,4636.0000,42150.9904
F6719,894.6611,9.4480,9.6230,9.6320,2.0000,42516.0000,315339.2970
F6720,894.6669,11.0820,11.1320,11.2320,1.0000,20205.0000,99837.9498
F6721,894.6691,10.1990,10.2820,10.3820,1.0000,49.0000,776727.1232
F6722,894.6825,13.3660,13.3990,13.4490,1.0000,12.0000,45447.4940
F6723,894.6902,13.4490,13.4990,13.5660,1.0000,18.0000,88800.0477
F6724,894.6928,12.2160,12.2660,12.2990,1.0000,10712.0000,28452.5155
F6725,894.7026,13.7160,13.9410,13.9000,2.0000,247632.0000,1704810.6456
F6726,894.7451,12.8490,12.9160,12.9830,1.0000,9.0000,43581.5762
F6727,894.7543,13.0990,13.2580,13.2330,2.0000,255.0000,1228210.4401
F6728,894.7601,14.3500,14.5160,14.6500,1.0000,37396.0000,309039.0099
F6729,894.8146,14.1330,14.2000,14.2830,1.0000,22.0000,35682.9189
F6730,894.8233,14.7160,14.8160,14.9000,1.0000,64.0000,427907.6332
F6731,894.8295,11.9990,12.0490,12.0990,1.0000,7.0000,8058.5456
F6732,894.8314,15.4330,15.5170,15.6170,1.0000,149.0000,1171990.7567
F6733,894.8382,15.8170,15.8830,15.9670,1.0000,9.0000,56802.0945
F6734,894.8407,14.3500,14.5000,14.5660,1.0000,8008.0000,57013.7177
F6735,895.2543,4.4470,4.4970,4.5640,1.0000,5757.0000,22315.3974
F6736,895.2762,5.5140,5.5810,5.6640,1.0000,2765.0000,1922679.8711
F6737,895.2985,9.3980,9.5150,9.5980,1.0000,12.0000,16845.2320
F6738,895.5198,7.3140,7.3650,7.4150,1.0000,13.0000,7115.6706
F6739,895.5670,10.1650,10.3320,10.4650,1.0000,18.0000,56575.8859
F6740,895.5761,11.5320,11.5990,11.6820,1.0000,431.0000,222652.6843
F6741,895.6319,11.9160,11.9820,12.0660,1.0000,23.0000,162472.9914
F6742,895.6372,13.9000,13.9330,14.0660,1.0000,2772.0000,27967.0686
F6743,895.6408,12.1820,12.2490,12.3320,1.0000,19.0000,85853.3277
F6744,895.6402,14.0660,14.1330,14.1660,1.0000,4573.0000,18985.1263
F6745,895.6644,9.3980,9.5480,9.7650,1.0000,21.0000,127718.9269
F6746,895.6694,11.0490,11.1320,11.2150,1.0000,22.0000,60435.2604
F6747,895.6721,10.1990,10.2820,10.3650,1.0000,78.0000,417707.0897
F6748,895.7038,13.7160,13.8160,13.9000,1.0000,227.0000,721377.6181
F6749,895.7058,13.9830,14.0830,14.1330,1.0000,29.0000,86582.5918
F6750,895.7154,14.1160,14.2660,14.4160,1.0000,592.0000,3893882.2448
F6751,895.7505,13.0160,13.0830,13.1160,1.0000,10.0000,44088.9104
F6752,895.7574,13.0990,13.2580,13.2330,2.0000,90.0000,765675.1015
F6753,895.7715,15.0330,15.0330,15.2000,2.0000,125.0000,229373.2756
F6754,895.8252,14.7160,14.8000,14.9000,1.0000,14457.0000,99182.5326
F6755,895.8349,15.4330,15.5170,15.6170,1.0000,115.0000,392977.2289
F6756,895.8476,16.6840,16.8500,17.0500,1.0000,9.0000,34038.9416
F6757,895.8661,14.5330,14.5660,14.6330,1.0000,3595.0000,13244.9102
F6758,896.2568,4.4300,4.5140,4.5640,1.0000,22.0000,12233.1313
F6759,896.2751,5.5140,5.5810,5.6640,1.0000,1091.0000,760026.7471
F6760,896.3623,0.7130,0.7460,0.7960,1.0000,11329.0000,17462.2548
F6761,896.5393,9.5820,9.6320,9.6820,1.0000,11.0000,6839.5397
F6762,896.5718,10.2490,10.2990,10.3990,1.0000,7.0000,10275.9822
F6763,896.5796,11.5320,11.5990,11.6820,1.0000,28315.0000,105863.4626
F6764,896.6388,11.8820,11.9820,12.0490,1.0000,16.0000,68621.7449
F6765,896.6445,12.1820,12.2660,12.3320,1.0000,14.0000,46439.6644
F6766,896.6635,9.4650,9.5480,9.7480,1.0000,7.0000,16698.8390
F6767,896.6757,10.1490,10.2990,10.4490,1.0000,34.0000,152544.1014
F6768,896.6792,11.6160,11.6660,11.7160,1.0000,13.0000,30528.2705
F6769,896.6847,11.4490,11.5160,11.5820,1.0000,80.0000,187029.1956
F6770,896.7059,13.7160,13.8160,13.9000,1.0000,34201.0000,231961.7483
F6771,896.7061,12.2320,12.2820,12.3660,1.0000,14.0000,18371.3664
F6772,896.7088,13.9660,14.0830,14.1160,1.0000,4215.0000,35331.2210
F6773,896.7186,14.1160,14.2660,14.4160,1.0000,1291.0000,2400909.4754
F6774,896.7612,13.0990,13.1660,13.2830,1.0000,48250.0000,343940.2265
F6775,896.7659,12.8660,12.8410,13.1160,2.0000,8369.0000,46823.5236
F6776,896.7693,13.7160,13.8330,13.9000,1.0000,17.0000,822452.6288
F6777,896.7708,13.3830,13.5490,13.5660,2.0000,209.0000,6023232.1229
F6778,896.7754,15.0330,15.0330,15.2000,2.0000,98.0000,148740.5722
F6779,896.8293,14.7160,14.8000,14.9000,1.0000,15.0000,19543.9494
F6780,896.8377,15.4330,15.5330,15.6170,1.0000,14855.0000,90993.1310
F6781,896.8786,14.9500,15.1330,15.4170,1.0000,32.0000,17686.6146
F6782,897.2737,5.5140,5.5810,5.6640,1.0000,473.0000,286250.4342
F6783,897.5823,11.5660,11.6160,11.6660,1.0000,53.0000,31085.6002
F6784,897.6441,12.1820,12.2490,12.3160,1.0000,12.0000,31245.6467
F6785,897.6794,10.1990,10.2820,10.3490,1.0000,18.0000,37315.8407
F6786,897.6880,11.4660,11.5160,11.5820,1.0000,72.0000,109331.0796
F6787,897.6941,13.0490,13.0080,13.1660,2.0000,46.0000,56534.0962
F6788,897.7069,13.7500,13.8160,13.8660,1.0000,69.0000,50366.7275
F6789,897.7078,13.8660,13.9000,13.9660,1.0000,40.0000,27580.0647
F6790,897.7199,14.1160,14.2660,14.4160,1.0000,276.0000,1012011.5975
F6791,897.7311,14.6660,14.7500,14.8500,1.0000,389.0000,3074944.2929
F6792,897.7404,12.5490,12.6490,12.6990,1.0000,8.0000,20989.0224
F6793,897.7574,13.0830,13.1830,13.2330,1.0000,32.0000,190412.8643
F6794,897.7628,13.2160,13.2660,13.3330,1.0000,30162.0000,194823.3578
F6795,897.7696,15.0330,15.1160,15.2000,1.0000,8.0000,47799.1417
F6796,897.7700,13.3330,13.3990,13.4160,1.0000,88463.0000,198626.9151
F6797,897.7739,13.3830,13.6490,13.5660,3.0000,173.0000,2879295.8732
F6798,897.7863,15.6830,15.7170,15.8000,1.0000,15.0000,19086.4983
F6799,897.7880,15.8000,15.8830,15.9670,1.0000,21.0000,34910.7559
F6800,897.8396,15.4670,15.5330,15.6000,1.0000,22.0000,17691.3298
F6801,897.8815,15.0330,15.1160,15.1830,1.0000,14.0000,10822.9159
F6802,898.2727,5.5140,5.5810,5.6640,1.0000,535.0000,100013.5457
F6803,898.5280,7.7810,7.8810,7.9810,1.0000,26.0000,35086.2661
F6804,898.6650,11.9320,11.9820,12.0490,1.0000,46.0000,89636.3562
F6805,898.6914,11.4660,11.5160,11.5990,1.0000,30.0000,36518.4261
F6806,898.6975,12.8660,13.0160,13.2490,1.0000,19.0000,83976.2327
F6807,898.7009,7.7650,8.1150,8.3650,1.0000,20.0000,40180.7666
F6808,898.7209,14.1500,14.2660,14.4160,1.0000,110.0000,338599.7684
F6809,898.7342,14.6660,14.7500,14.8500,1.0000,543.0000,1866072.1787
F6810,898.7431,12.5660,12.6160,12.6660,1.0000,10.0000,17296.7253
F6811,898.7596,11.9660,12.1160,12.1820,1.0000,15.0000,92162.0437
F6812,898.7769,13.3830,13.5410,13.5660,2.0000,196569.0000,1318727.1212
F6813,898.7830,13.6990,13.7500,13.7660,1.0000,232896.0000,440935.2414
F6814,898.7866,13.7330,13.9330,13.9000,2.0000,126.0000,5979476.6875
F6815,898.8586,14.2500,14.2830,14.3330,1.0000,21.0000,16274.9256
F6816,899.0296,7.7810,7.8810,7.9650,1.0000,54.0000,32052.8833
F6817,899.2719,5.5140,5.5810,5.6640,1.0000,156.0000,28311.3578
F6818,899.5309,7.7810,7.8650,7.9650,1.0000,15.0000,23163.9135
F6819,899.6467,7.8150,7.8810,7.9480,1.0000,17.0000,14496.3726
F6820,899.6684,11.9160,11.9820,12.0490,1.0000,28.0000,63798.4233
F6821,899.6931,11.4660,11.5160,11.5820,1.0000,7.0000,14452.1224
F6822,899.7049,7.9980,8.0980,8.2480,1.0000,14.0000,23661.4950
F6823,899.7100,13.0990,13.2580,13.2330,2.0000,205.0000,480796.5445
F6824,899.7228,14.1660,14.2660,14.3660,1.0000,34.0000,79064.6811
F6825,899.7353,14.6660,14.7660,14.8500,1.0000,292.0000,758587.1831
F6826,899.7451,12.7330,12.8830,12.9990,1.0000,21.0000,89048.1478
F6827,899.7465,15.4000,15.4830,15.5830,1.0000,466.0000,1074279.0108
F6828,899.7619,11.9820,12.0990,12.1820,1.0000,10.0000,55940.2980
F6829,899.7804,13.5330,13.5240,13.6830,2.0000,151310.0000,981023.2425
F6830,899.7864,13.6830,13.7500,13.7660,1.0000,145648.0000,357274.5773
F6831,899.7883,15.8500,15.9000,15.9330,1.0000,5.0000,5853.2711
F6832,899.7899,13.7330,13.9330,13.9000,2.0000,114.0000,3597447.1151
F6833,900.0292,7.7810,7.8980,7.9480,1.0000,9.0000,9403.7384
F6834,900.5015,7.9480,8.1150,8.2980,1.0000,55.0000,145886.1921
F6835,900.5461,8.5820,8.6650,8.8150,1.0000,9.0000,16590.1509
F6836,900.6046,11.3660,11.4320,11.5160,1.0000,13.0000,26124.5312
F6837,900.6507,7.7810,7.8650,7.9650,1.0000,13.0000,8876.1208
F6838,900.6815,12.1160,12.1820,12.2490,1.0000,57.0000,114486.6226
F6839,900.6837,11.8490,11.9160,12.0160,1.0000,35.0000,89205.2748
F6840,900.7130,13.0990,13.2490,13.2490,2.0000,36233.0000,276848.3835
F6841,900.7193,9.5820,9.6150,9.6820,1.0000,13.0000,11246.0054
F6842,900.7365,14.6660,14.8250,14.8500,2.0000,31464.0000,253707.4014
F6843,900.7488,12.7330,12.8660,12.9660,1.0000,19.0000,50244.2855
F6844,900.7498,15.4000,15.4830,15.5830,1.0000,616.0000,663212.0423
F6845,900.7565,12.2160,12.3490,12.7330,1.0000,6.0000,26872.1246
F6846,900.7861,13.5330,13.5990,13.7330,1.0000,87295.0000,617306.8888
F6847,900.7932,13.7330,13.9330,13.9000,2.0000,238271.0000,1227068.2697
F6848,900.8013,14.5330,14.6160,14.6830,1.0000,151165.0000,915944.2167
F6849,900.8029,14.1660,14.2500,14.3660,1.0000,5237237.0000,32446513.8226
F6850,900.8712,14.7000,14.7830,14.8660,1.0000,18.0000,24831.8686
F6851,901.0427,8.5980,8.6650,8.7150,1.0000,9.0000,8495.0852
F6852,901.5047,7.9810,8.0980,8.2650,1.0000,41.0000,72457.6734
F6853,901.5163,7.6310,7.7150,7.7810,1.0000,8.0000,9329.7227
F6854,901.5443,8.5820,8.6820,8.7480,1.0000,8.0000,8433.8826
F6855,901.5627,9.3320,9.3820,9.4480,1.0000,7.0000,5919.5973
F6856,901.5847,11.4820,11.5160,11.5660,1.0000,10.0000,6281.0342
F6857,901.6091,11.3820,11.4320,11.4820,1.0000,3016.0000,11755.4445
F6858,901.6470,13.3660,13.4160,13.4490,1.0000,10276.0000,32799.4844
F6859,901.6859,12.1160,12.1820,12.2490,1.0000,19.0000,65129.2790
F6860,901.6904,11.9820,12.0660,12.1160,1.0000,7.0000,18018.6403
F6861,901.7131,11.1820,11.6490,11.7160,1.0000,19.0000,9561.8587
F6862,901.7165,9.4820,9.6150,9.6820,1.0000,9.0000,10439.2612
F6863,901.7257,13.3830,13.5580,13.5660,2.0000,112.0000,1433686.8911
F6864,901.7382,14.6830,14.7500,14.9500,1.0000,99.0000,80696.1083
F6865,901.7509,15.4000,15.4830,15.6000,1.0000,217.0000,286385.8286
F6866,901.7595,13.0660,13.1160,13.1490,1.0000,55.0000,80991.9564
F6867,901.7619,16.2670,16.3670,16.4500,1.0000,80.0000,118168.1328
F6868,901.7864,13.5330,13.5830,13.6160,1.0000,40.0000,119265.0600
F6869,901.7969,13.9330,14.0000,14.1660,1.0000,578.0000,2714795.4454
F6870,901.7972,13.7330,13.8160,13.9330,1.0000,221.0000,1197882.1349
F6871,901.8046,14.5330,14.6160,14.6830,1.0000,129.0000,600950.0822
F6872,901.8058,14.1660,14.2500,14.3660,1.0000,4354.0000,20593200.7692
F6873,901.8313,15.1160,15.2000,15.3330,1.0000,55.0000,54395.2033
F6874,901.8711,13.0830,13.1330,13.2330,1.0000,8.0000,16403.8805
F6875,901.8755,14.6830,14.7830,14.8500,1.0000,10.0000,15203.0073
F6876,901.9048,12.8160,12.8830,12.9830,1.0000,14.0000,21923.5343
F6877,902.3375,8.1310,8.2310,8.3150,1.0000,59.0000,19031.5985
F6878,902.5161,9.5320,9.6150,9.7480,1.0000,100.0000,96590.3763
F6879,902.5231,7.7480,7.8650,7.9650,1.0000,22.0000,73583.6540
F6880,902.5606,10.1990,10.3150,10.4820,1.0000,16.0000,44831.9489
F6881,902.5754,6.2480,6.4230,6.4310,2.0000,19.0000,17729.3415
F6882,902.6520,13.1990,13.3990,13.4490,1.0000,7984.0000,24040.8979
F6883,902.6985,12.0490,12.0490,12.1820,2.0000,23.0000,77477.5762
F6884,902.7287,13.3830,13.5580,13.5660,2.0000,120.0000,904324.4266
F6885,902.7521,15.4000,15.4830,15.5830,1.0000,103.0000,95488.7210
F6886,902.7633,13.0660,13.1330,13.1990,1.0000,20.0000,67510.3773
F6887,902.7658,16.2330,16.3670,16.5170,1.0000,62.0000,71071.4152
F6888,902.8012,13.9330,14.0000,14.1660,1.0000,276872.0000,1573819.7412
F6889,902.8074,13.8330,13.9160,13.9500,1.0000,57698.0000,366562.9172
F6890,902.8075,13.2830,13.3660,13.4660,1.0000,14.0000,207152.0034
F6891,902.8097,14.1660,14.2500,14.3660,1.0000,1110963.0000,6831138.9829
F6892,902.8122,14.5500,14.6330,14.6660,1.0000,60650.0000,260701.8693
F6893,902.8168,13.6490,13.7330,13.8330,1.0000,339280.0000,1981797.4425
F6894,902.8182,14.6830,14.7660,14.9000,1.0000,808.0000,29469953.7521
F6895,903.0593,10.2320,10.3490,10.4650,1.0000,39.0000,38952.8320
F6896,903.2724,5.5140,5.5810,5.6310,1.0000,23.0000,5776.0757
F6897,903.3286,5.4970,5.5470,5.5970,1.0000,15.0000,6401.7576
F6898,903.3359,8.1310,8.2310,8.2980,1.0000,25.0000,18183.9884
F6899,903.4977,6.0980,6.2140,6.3310,1.0000,31.0000,26295.7233
F6900,903.5202,9.5980,9.6480,9.7650,1.0000,35.0000,38884.2071
F6901,903.5260,7.7310,7.8810,7.9810,1.0000,14.0000,39620.1648
F6902,903.5619,10.1990,10.3150,10.3820,1.0000,18.0000,21140.3728
F6903,903.5779,6.4310,6.5140,6.5980,1.0000,11.0000,11703.0131
F6904,903.6539,11.8320,11.8820,11.9490,1.0000,71.0000,67878.3896
F6905,903.6790,10.2320,10.2990,10.3650,1.0000,10.0000,13774.0432
F6906,903.6895,13.2330,13.3330,13.3830,1.0000,10.0000,15337.3684
F6907,903.7015,12.0490,12.0490,12.1990,2.0000,18.0000,41427.2134
F6908,903.7330,13.3830,13.4660,13.6990,1.0000,44796.0000,568042.4590
F6909,903.7416,13.7330,13.9330,13.9660,2.0000,293900.0000,1454953.6005
F6910,903.7539,15.4000,15.5000,15.6830,1.0000,17.0000,29859.3118
F6911,903.7657,16.2330,16.3670,16.5000,1.0000,24.0000,33950.8978
F6912,903.7691,13.4660,13.4990,13.5490,1.0000,24271.0000,85597.4862
F6913,903.7753,12.5830,12.6660,12.7160,1.0000,20.0000,139582.1150
F6914,903.8030,13.9000,14.0000,14.0500,1.0000,52.0000,475257.9371
F6915,903.8128,14.1660,14.3660,14.4000,2.0000,45.0000,1931669.7937
F6916,903.8213,14.6830,14.7660,14.9000,1.0000,379.0000,18369285.9786
F6917,903.8199,13.6490,13.7330,13.8330,1.0000,15.0000,1237939.2758
F6918,903.8474,15.9500,16.0000,16.0830,1.0000,33.0000,35266.1014
F6919,903.8820,13.3490,13.4330,13.4830,1.0000,8.0000,18869.0733
F6920,903.8895,15.3000,15.3330,15.3830,1.0000,8.0000,5083.4949
F6921,904.0621,10.1990,10.3320,10.4320,1.0000,9.0000,10311.4205
F6922,904.2978,5.5640,5.5970,5.6470,1.0000,2300.0000,7290.2493
F6923,904.3344,8.1310,8.1980,8.3150,1.0000,17.0000,13210.1610
F6924,904.5014,6.1470,6.2140,6.2640,1.0000,15.0000,10190.4883
F6925,904.5173,7.7650,7.8810,7.9810,1.0000,7.0000,20679.2995
F6926,904.5219,11.4320,11.4660,11.5320,1.0000,27.0000,6734.9619
F6927,904.5296,9.6320,9.6650,9.7150,1.0000,7.0000,9219.3581
F6928,904.5900,7.4310,7.5150,7.6150,1.0000,153.0000,232750.9468
F6929,904.6861,11.8320,11.9820,12.0490,1.0000,8.0000,44122.8222
F6930,904.7042,12.0320,12.0990,12.1320,1.0000,10504.0000,30692.7596
F6931,904.7143,12.0820,12.1990,12.2990,1.0000,38.0000,181145.1461
F6932,904.7332,13.5330,13.6490,13.7330,1.0000,11.0000,92560.2098
F6933,904.7446,13.9660,14.0500,14.1160,1.0000,181784.0000,916893.8945
F6934,904.7447,13.7330,13.8160,13.9660,1.0000,247801.0000,1852065.3125
F6935,904.7788,12.5490,12.6660,12.7160,1.0000,21.0000,87330.3627
F6936,904.7802,12.7160,12.7660,12.8330,1.0000,14.0000,60635.4008
F6937,904.8055,13.9330,14.0000,14.0330,1.0000,26418.0000,99570.1098
F6938,904.8245,14.2500,14.7830,15.2500,1.0000,755281.0000,8698089.6643
F6939,904.8229,12.3820,12.4490,12.4820,1.0000,2057.0000,7427.7467
F6940,904.8232,13.6660,13.7330,13.8160,1.0000,68632.0000,393219.3052
F6941,904.8249,11.7820,11.8320,11.8820,1.0000,5.0000,5422.2548
F6942,904.8319,14.1330,14.2000,14.2830,1.0000,318670.0000,1665531.8380
F6943,904.8338,15.3670,15.4670,15.5500,1.0000,1145664.0000,7547551.5260
F6944,904.8366,12.1320,12.1990,12.3160,1.0000,9.0000,23328.8865
F6945,904.8382,15.8000,15.9170,15.9500,1.0000,6821.0000,66911.7975
F6946,904.8913,13.4990,13.5660,13.6830,1.0000,9.0000,33600.1314
F6947,905.2930,7.5810,7.6650,7.7480,1.0000,215.0000,277165.4992
F6948,905.2966,5.5470,5.5970,5.6810,1.0000,16.0000,10014.9954
F6949,905.5076,7.7980,7.8810,7.9810,1.0000,17.0000,34449.2673
F6950,905.5284,7.9650,8.0150,8.0810,1.0000,12.0000,12168.3793
F6951,905.5305,8.0810,8.1480,8.2310,1.0000,15.0000,16886.0099
F6952,905.5594,7.2480,7.3810,7.4310,1.0000,4786.0000,25220.2614
F6953,905.5937,7.4310,7.5150,7.6310,1.0000,78.0000,126826.2976
F6954,905.6186,11.6160,11.6660,11.7160,1.0000,3626.0000,12042.0152
F6955,905.6712,12.0820,12.1160,12.1660,1.0000,58201.0000,144374.6172
F6956,905.7311,12.7330,12.7990,12.8660,1.0000,39.0000,48750.5918
F6957,905.7477,13.7500,13.9330,13.9660,2.0000,61767.0000,379211.3045
F6958,905.7560,14.4000,14.5580,14.5500,2.0000,55793.0000,503249.7780
F6959,905.7573,14.1660,14.2500,14.3000,1.0000,375733.0000,2278866.6837
F6960,905.7910,12.8660,12.9910,12.9990,2.0000,31.0000,192651.4340
F6961,905.8200,14.4160,14.5000,14.5830,1.0000,12.0000,511229.7958
F6962,905.8278,15.0500,15.1500,15.2330,1.0000,11.0000,479751.0912
F6963,905.8290,14.6830,14.7660,14.9000,1.0000,26.0000,1565091.0173
F6964,905.8349,15.2830,15.3670,15.3830,1.0000,10.0000,161013.6338
F6965,905.8351,14.1330,14.2000,14.3000,1.0000,13.0000,1117753.3055
F6966,905.8385,12.1320,12.1990,12.2990,1.0000,7.0000,21705.1337
F6967,905.8373,15.3670,15.4670,15.5500,1.0000,34.0000,4665330.2502
F6968,905.8633,16.7840,16.8840,16.9000,1.0000,22.0000,21256.9265
F6969,906.1520,11.9320,11.9820,12.0490,1.0000,54.0000,13798.4196
F6970,906.2591,12.2160,12.3490,12.4330,1.0000,33.0000,169348.7165
F6971,906.2602,12.0820,12.1490,12.2160,1.0000,6386.0000,3560292.8695
F6972,906.2933,7.5650,7.6650,7.7480,1.0000,271.0000,240020.4011
F6973,906.2940,5.8970,5.9310,5.9810,1.0000,24.0000,5659.7156
F6974,906.5381,7.9150,7.9480,7.9980,1.0000,4027.0000,9125.8137
F6975,906.5452,9.5320,9.6480,9.6820,1.0000,3536.0000,18688.8392
F6976,906.5518,10.2320,10.3320,10.4990,1.0000,26.0000,99140.6309
F6977,906.5598,7.1980,7.3480,7.4310,1.0000,9.0000,15586.6032
F6978,906.5969,7.4310,7.5150,7.6150,1.0000,35.0000,40557.7601
F6979,906.6748,12.0490,12.1160,12.1490,1.0000,30.0000,91526.4291
F6980,906.6973,13.5490,13.5990,13.6490,1.0000,8170.0000,38877.2148
F6981,906.7017,11.5660,11.6320,11.7160,1.0000,17.0000,55059.9688
F6982,906.7270,12.2820,12.3910,12.3990,2.0000,18.0000,46724.0691
F6983,906.7378,12.6830,12.7830,12.8990,1.0000,9.0000,41882.0867
F6984,906.7512,13.7330,13.9330,13.8830,2.0000,13832.0000,70014.9759
F6985,906.7589,14.5500,14.6160,14.6830,1.0000,17.0000,85465.2321
F6986,906.7583,14.1000,14.1500,14.1660,1.0000,9072.0000,23333.8227
F6987,906.7605,14.1660,14.2500,14.4000,1.0000,296.0000,2199766.0743
F6988,906.7945,12.7830,12.9490,13.1330,1.0000,32.0000,191036.8066
F6989,906.8323,15.0500,15.1330,15.2160,1.0000,34.0000,285651.2493
F6990,906.8370,14.0830,14.2000,14.2660,1.0000,17.0000,334849.7445
F6991,906.8403,15.3670,15.4670,15.5500,1.0000,164.0000,1641543.0129
F6992,906.8460,14.7330,14.8330,14.9160,1.0000,154842.0000,1020974.3843
F6993,906.8482,16.2170,16.3170,16.4170,1.0000,174.0000,975461.1254
F6994,906.8481,12.2990,12.3660,12.4330,1.0000,41.0000,126574.3094
F6995,906.8631,16.7840,16.9000,17.0500,1.0000,15.0000,36346.2465
F6996,906.8783,13.7990,13.8500,13.8830,1.0000,3716.0000,11405.5714
F6997,907.2591,12.2160,12.3490,12.4330,1.0000,35.0000,150417.0888
F6998,907.2611,12.0820,12.1490,12.2160,1.0000,5635.0000,2899753.1119
F6999,907.2714,4.9800,5.0310,5.0970,1.0000,173.0000,74373.8346
F7000,907.2724,4.8800,4.9470,4.9800,1.0000,110.0000,41283.8859
F7001,907.2923,7.5810,7.6650,7.7480,1.0000,262.0000,205494.0633
F7002,907.5284,7.6150,7.7150,7.8150,1.0000,18.0000,71535.4177
F7003,907.5303,6.4140,6.4230,6.6310,2.0000,23.0000,41814.7004
F7004,907.5419,7.7810,7.8310,7.8810,1.0000,9.0000,15805.6971
F7005,907.5556,10.1820,10.3490,10.4990,1.0000,23.0000,57332.6522
F7006,907.6121,8.1650,8.2150,8.3150,1.0000,11.0000,12366.2000
F7007,907.6318,11.8320,11.8820,11.9320,1.0000,15.0000,43534.8679
F7008,907.6401,11.9320,11.9990,12.0660,1.0000,9.0000,32201.0793
F7009,907.6614,12.0160,12.0490,12.0990,1.0000,3267.0000,11242.5690
F7010,907.6787,12.1990,12.2490,12.2990,1.0000,6.0000,13137.2410
F7011,907.6810,13.0490,13.1830,13.2990,1.0000,7.0000,41994.7747
F7012,907.6963,13.6660,13.6740,13.8500,2.0000,23.0000,70469.0324
F7013,907.7147,13.9000,14.0000,14.1660,1.0000,22064.0000,184368.6265
F7014,907.7335,12.3990,12.4490,12.4990,1.0000,6653.0000,27681.9191
F7015,907.7353,12.2990,12.3490,12.3990,1.0000,10468.0000,36919.4454
F7016,907.7413,12.7490,12.7990,12.8330,1.0000,3863.0000,13287.3024
F7017,907.7507,12.8330,12.9990,13.1660,1.0000,46.0000,373189.1033
F7018,907.7632,14.1160,14.2500,14.5160,1.0000,177.0000,792350.4758
F7019,907.7726,14.8000,14.7910,14.9330,2.0000,715.0000,1822300.8488
F7020,907.8015,13.0490,13.0830,13.1330,1.0000,14.0000,38645.9913
F7021,907.8354,11.9820,12.0160,12.0660,1.0000,5.0000,8947.0829
F7022,907.8362,15.0500,15.1330,15.2160,1.0000,14.0000,104274.8144
F7023,907.8392,14.1330,14.2000,14.2660,1.0000,16.0000,88368.9282
F7024,907.8438,15.3670,15.4670,15.5670,1.0000,28.0000,446113.2114
F7025,907.8491,14.7500,14.8330,14.9330,1.0000,73.0000,611951.6981
F7026,907.8491,12.4330,12.4820,12.5490,1.0000,21.0000,44870.2385
F7027,907.8515,16.2170,16.3170,16.4170,1.0000,40.0000,617011.5024
F7028,907.8511,12.2990,12.3660,12.4330,1.0000,43.0000,82065.7486
F7029,907.8688,16.8500,16.9000,16.9340,1.0000,2446.0000,6792.2324
F7030,907.8850,13.7830,13.8330,13.8830,1.0000,9.0000,7489.6975
F7031,908.2380,9.8820,9.9990,10.0820,3.0000,200.0000,760706.6720
F7032,908.2587,12.0990,12.2490,12.2160,2.0000,4397.0000,2647208.6660
F7033,908.2735,4.9800,4.9890,5.1140,2.0000,169.0000,63738.4246
F7034,908.2741,11.3820,11.4490,11.5160,1.0000,244.0000,41712.3768
F7035,908.2924,7.5650,7.6650,7.7480,1.0000,19203.0000,108786.5097
F7036,908.5097,8.7150,8.7480,8.7980,1.0000,21.0000,5056.5532
F7037,908.5350,7.6150,7.6980,7.7980,1.0000,8.0000,39796.4032
F7038,908.5385,6.3140,6.4390,6.4140,2.0000,6.0000,12563.1264
F7039,908.5757,11.5160,11.5990,11.6990,1.0000,4851.0000,31798.8239
F7040,908.6456,12.0490,12.1160,12.1820,1.0000,63.0000,153832.0795
F7041,908.7174,13.9160,14.0000,14.1000,1.0000,14158.0000,103215.7968
F7042,908.7213,11.8990,11.9660,12.0320,1.0000,21558.0000,65846.3130
F7043,908.7371,12.6660,12.7160,12.7830,1.0000,3572.0000,19177.6738
F7044,908.7362,5.5640,5.6140,5.6640,1.0000,6.0000,6967.3986
F7045,908.7546,12.8490,12.9990,13.2660,1.0000,49.0000,246103.1766
F7046,908.7662,14.1330,14.2660,14.4330,1.0000,28.0000,173507.6802
F7047,908.7758,14.8000,14.7910,14.9500,2.0000,766.0000,1207930.8454
F7048,908.8004,14.5500,14.5830,14.6330,1.0000,3450.0000,12898.5729
F7049,908.8078,13.0660,13.0990,13.1660,1.0000,9.0000,30403.0221
F7050,908.8429,14.0830,14.2000,14.2660,1.0000,12.0000,23865.3407
F7051,908.8507,14.7660,14.8330,14.9330,1.0000,95.0000,208313.3854
F7052,908.8501,15.3830,15.4830,15.6000,1.0000,12.0000,120623.0448
F7053,908.8546,16.2330,16.3170,16.4170,1.0000,29.0000,214042.7112
F7054,908.8528,12.3160,12.3660,12.4330,1.0000,14.0000,30804.0959
F7055,908.8643,17.2840,17.4000,17.4840,1.0000,21.0000,130905.5194
F7056,909.2389,9.8820,9.9990,10.0990,3.0000,161.0000,671338.9987
F7057,909.2592,12.0820,12.2570,12.2160,2.0000,4996.0000,1474955.6152
F7058,909.2714,4.9800,4.9890,5.0970,2.0000,118.0000,54849.7551
F7059,909.2751,11.3820,11.4490,11.5160,1.0000,124.0000,37750.8245
F7060,909.2903,7.5650,7.6650,7.7480,1.0000,150.0000,56559.6791
F7061,909.5383,10.2150,10.3490,10.4650,1.0000,25.0000,50228.5116
F7062,909.5458,7.4310,7.5150,7.6310,1.0000,123.0000,488668.0299
F7063,909.6476,12.0490,12.1160,12.1490,1.0000,16.0000,77502.4178
F7064,909.7118,14.1330,14.2160,14.2830,1.0000,76.0000,58975.7595
F7065,909.7188,13.9160,14.0000,14.1330,1.0000,35.0000,48014.5055
F7066,909.7264,11.8990,11.9660,12.0320,1.0000,37.0000,39713.3662
F7067,909.7303,14.3500,14.5160,14.6500,1.0000,37826.0000,280651.9958
F7068,909.7388,12.6490,12.6990,12.7990,1.0000,5.0000,17585.6039
F7069,909.7655,13.1830,13.2330,13.3330,3.0000,231.0000,1449498.4588
F7070,909.7788,14.8000,14.7910,14.9330,2.0000,88.0000,394477.1039
F7071,909.7886,15.3670,15.4500,15.5330,1.0000,399.0000,1462665.5274
F7072,909.8537,14.7660,14.8330,14.8830,1.0000,10163.0000,44146.1535
F7073,909.8582,16.2000,16.3330,16.4170,1.0000,18.0000,62352.7455
F7074,909.8669,17.2840,17.4000,17.5340,1.0000,16.0000,91112.0381
F7075,910.2370,9.5480,9.6650,9.8820,1.0000,30.0000,166224.0174
F7076,910.2375,9.8820,10.0820,10.0990,2.0000,120.0000,608780.7595
F7077,910.2503,6.1140,6.1640,6.1980,1.0000,2438.0000,8673.2330
F7078,910.2579,12.0990,12.1490,12.2160,1.0000,1841.0000,765623.4058
F7079,910.2705,4.9800,4.9890,5.0970,2.0000,105.0000,29756.4330
F7080,910.2735,11.3820,11.4490,11.5160,1.0000,121.0000,31795.9957
F7081,910.2908,7.5980,7.6650,7.7650,1.0000,62.0000,22076.0743
F7082,910.5502,7.4310,7.5310,7.6310,1.0000,93.0000,325964.8153
F7083,910.5598,10.2650,10.3490,10.4150,1.0000,10.0000,26175.1792
F7084,910.5660,11.5660,11.6160,11.6490,1.0000,7.0000,8676.0750
F7085,910.5692,10.1650,10.2820,10.3150,1.0000,13.0000,20282.6546
F7086,910.5707,10.3990,10.4320,10.4820,1.0000,9.0000,10606.0685
F7087,910.6103,11.9490,11.9990,12.0320,1.0000,5419.0000,17337.5641
F7088,910.6528,12.0320,12.1160,12.1490,1.0000,14.0000,29404.8976
F7089,910.6716,13.6830,13.7500,13.8660,1.0000,35.0000,64455.8925
F7090,910.7168,14.1500,14.2160,14.3160,1.0000,22.0000,35845.8387
F7091,910.7339,14.3500,14.5160,14.6500,1.0000,26500.0000,185783.1008
F7092,910.7548,12.8490,12.8990,13.0330,1.0000,14727.0000,92353.7568
F7093,910.7693,13.1830,13.1830,13.3330,2.0000,99684.0000,586317.6297
F7094,910.7736,13.4830,13.5490,13.5830,1.0000,5050.0000,27208.6735
F7095,910.7827,14.3160,14.8330,15.0500,1.0000,72.0000,178782.3327
F7096,910.7857,13.7160,13.7990,13.9160,1.0000,41.0000,189069.1241
F7097,910.7916,15.3670,15.4500,15.5330,1.0000,326.0000,895279.0637
F7098,910.8083,15.2000,15.2830,15.3160,1.0000,2996.0000,11364.1536
F7099,910.8512,15.0830,15.1160,15.1660,1.0000,6.0000,7842.6006
F7100,910.8545,13.9000,13.9830,14.0330,1.0000,9.0000,25146.0115
F7101,910.8702,17.2500,17.4000,17.5500,1.0000,15.0000,29457.1632
F7102,911.2367,9.5650,9.6650,9.8980,1.0000,28.0000,103056.0935
F7103,911.2373,9.8980,10.0820,10.0820,2.0000,107.0000,325788.1135
F7104,911.2490,6.0980,6.1640,6.4140,1.0000,29.0000,10631.8843
F7105,911.2868,7.5810,7.6810,7.7650,1.0000,21.0000,8921.1450
F7106,911.5495,7.7810,7.8810,7.9650,1.0000,14.0000,52345.1156
F7107,911.5538,7.4310,7.5310,7.6480,1.0000,37.0000,124196.9621
F7108,911.5522,11.5490,11.5990,11.6490,1.0000,56.0000,20188.0039
F7109,911.5608,8.0310,8.2310,8.4310,1.0000,34.0000,91167.9548
F7110,911.5630,7.1640,7.2480,7.3310,1.0000,6217.0000,37601.7581
F7111,911.6731,13.6660,13.7500,13.8330,1.0000,27.0000,45002.6697
F7112,911.6852,14.2660,14.3000,14.3500,1.0000,4482.0000,16689.9002
F7113,911.6878,14.1330,14.2000,14.2660,1.0000,8271.0000,40918.9079
F7114,911.7300,14.7660,14.8160,14.9000,1.0000,24.0000,21875.2599
F7115,911.7368,14.4660,14.4750,14.6000,2.0000,11297.0000,57983.5658
F7116,911.7460,15.0330,15.0410,15.2330,2.0000,57.0000,123855.4860
F7117,911.7565,12.8660,12.9160,12.9990,1.0000,10.0000,43010.4118
F7118,911.7719,13.0660,13.1330,13.1660,1.0000,65.0000,204117.3001
F7119,911.7763,13.2660,13.3490,13.3830,1.0000,322.0000,485224.9946
F7120,911.7816,13.3490,13.4830,13.5660,1.0000,252.0000,11031601.4911
F7121,911.7946,15.3670,15.4500,15.5500,1.0000,104.0000,330551.1780
F7122,911.8030,16.2170,16.3170,16.4000,1.0000,203.0000,257184.1283
F7123,911.8603,13.9160,13.9660,14.0330,1.0000,9.0000,15992.9353
F7124,912.2356,9.8820,10.0820,10.0990,2.0000,47.0000,191339.5529
F7125,912.5492,7.7310,7.8810,8.0150,1.0000,51.0000,156653.1246
F7126,912.5571,7.4480,7.5310,7.6980,1.0000,14.0000,37574.6489
F7127,912.5665,8.1310,8.1310,8.2810,2.0000,20.0000,52496.5151
F7128,912.5718,10.1320,10.3150,10.5490,1.0000,10.0000,20690.7268
F7129,912.6392,11.7160,11.7990,11.8490,1.0000,7.0000,8808.1486
F7130,912.6523,11.9490,11.9820,12.0660,1.0000,14.0000,14190.3659
F7131,912.6873,14.1330,14.2000,14.2830,1.0000,95.0000,62797.3368
F7132,912.7497,15.0330,15.1160,15.2160,1.0000,32.0000,75643.3015
F7133,912.7528,14.8660,14.9500,15.0330,1.0000,9.0000,23751.3650
F7134,912.7694,13.0990,13.1830,13.2490,1.0000,40925.0000,265195.9121
F7135,912.7745,13.2490,13.2830,13.3330,1.0000,25233.0000,105507.2954
F7136,912.7852,13.3330,13.5410,13.5660,2.0000,308334.0000,1287433.2086
F7137,912.7917,13.7660,13.8500,13.9160,1.0000,12817.0000,106420.8882
F7138,912.7924,13.9160,13.9660,14.0000,1.0000,7161.0000,31174.4778
F7139,912.7981,15.3670,15.4500,15.5330,1.0000,22.0000,81454.6642
F7140,912.7993,13.9500,14.0500,14.1330,1.0000,16.0000,120419.3768
F7141,912.8008,14.2160,14.3000,14.4330,1.0000,22.0000,140431.2755
F7142,912.8065,16.2330,16.3170,16.4170,1.0000,64.0000,164237.4613
F7143,912.8739,14.5000,14.4910,14.6500,2.0000,38.0000,59739.6224
F7144,913.2162,5.3970,5.4640,5.5310,1.0000,5.0000,10935.1704
F7145,913.2344,9.8650,9.9990,10.1150,1.0000,32.0000,85019.9213
F7146,913.5096,7.2310,7.3310,7.4310,1.0000,37.0000,34767.1254
F7147,913.5299,7.4650,7.5310,7.6310,1.0000,10139.0000,62412.3385
F7148,913.5528,7.7810,7.8810,7.9810,1.0000,9027.0000,63224.9466
F7149,913.5700,7.9650,8.0480,8.1310,1.0000,7.0000,22311.0741
F7150,913.5790,7.5980,7.6980,7.7980,1.0000,4707.0000,28702.0755
F7151,913.6454,11.9160,11.9820,12.0490,1.0000,3010.0000,15970.2308
F7152,913.6691,13.0330,13.0080,13.1660,2.0000,52.0000,62100.9750
F7153,913.6885,14.1500,14.2160,14.3160,1.0000,27.0000,47677.2103
F7154,913.7022,14.7160,14.8160,14.9000,1.0000,115.0000,38876.8450
F7155,913.7311,11.7820,11.8320,11.8660,1.0000,6.0000,7274.0605
F7156,913.7485,14.9000,14.9500,15.0330,1.0000,6.0000,9585.2985
F7157,913.7525,15.0500,15.1000,15.1500,1.0000,15.0000,21727.5171
F7158,913.7661,15.6670,15.7170,15.8000,1.0000,18.0000,14768.6886
F7159,913.7700,13.0990,13.1830,13.2490,1.0000,35.0000,125174.5838
F7160,913.7885,13.4330,13.4830,13.5660,1.0000,320.0000,1734119.2378
F7161,913.7971,13.9660,14.0660,14.1330,1.0000,443.0000,2657847.2913
F7162,913.8010,14.1330,14.3330,14.4160,1.0000,19.0000,327541.3960
F7163,913.7979,13.7330,13.8160,13.9000,1.0000,6079.0000,29861808.9801
F7164,913.8093,16.1830,16.3330,16.5670,1.0000,22.0000,70653.7037
F7165,913.8199,17.3000,17.3840,17.4840,1.0000,16.0000,35022.9710
F7166,913.8774,14.3160,14.5660,14.7000,1.0000,26.0000,58416.8954
F7167,914.1499,11.9320,11.9820,12.0320,1.0000,27.0000,7891.1584
F7168,914.2335,9.8820,10.0900,10.0990,2.0000,15.0000,31229.9804
F7169,914.5225,7.2640,7.3480,7.4150,1.0000,8.0000,17796.6198
F7170,914.5336,7.4480,7.5480,7.6150,1.0000,29.0000,35603.5929
F7171,914.5548,7.7980,7.8650,7.9480,1.0000,15.0000,21169.1412
F7172,914.5647,8.4810,8.6650,8.7650,1.0000,14.0000,73635.3829
F7173,914.5817,7.6150,7.6810,7.7310,1.0000,17.0000,12718.9175
F7174,914.5851,9.8980,10.0320,10.1490,1.0000,22461.0000,208757.5211
F7175,914.6256,11.6160,11.6660,11.7160,1.0000,23.0000,16716.1133
F7176,914.6368,7.2480,7.3310,7.3980,1.0000,18.0000,14431.6243
F7177,914.6721,12.8490,12.9160,12.9660,1.0000,40.0000,28216.5633
F7178,914.6725,13.0330,13.0990,13.1830,1.0000,43.0000,38213.0818
F7179,914.6920,14.1330,14.2160,14.3330,1.0000,18.0000,16358.2883
F7180,914.7032,14.7160,14.8160,14.8830,1.0000,26.0000,37680.1805
F7181,914.7513,14.9500,15.1000,15.2830,1.0000,10.0000,17484.0311
F7182,914.7744,13.0990,13.1830,13.3160,1.0000,10.0000,54099.3074
F7183,914.8010,13.7330,13.9410,13.9000,2.0000,538.0000,19175078.2175
F7184,914.8207,0.7300,0.7800,0.8130,1.0000,5735.0000,14449.4420
F7185,914.8760,12.2160,12.2660,12.2990,1.0000,5.0000,5063.7201
F7186,914.8902,15.0160,15.1160,15.1830,1.0000,10.0000,41605.6173
F7187,914.9008,15.2500,15.3160,15.3830,1.0000,9.0000,14349.8172
F7188,915.2336,9.9320,10.0150,10.0990,1.0000,8.0000,10840.4033
F7189,915.5611,8.4980,8.6650,8.7820,1.0000,12.0000,47759.3929
F7190,915.5819,10.1820,10.3490,10.4990,1.0000,20.0000,77026.3021
F7191,915.5884,9.8820,10.0150,10.1650,1.0000,30.0000,117555.9418
F7192,915.6525,11.6160,11.6660,11.7320,1.0000,99.0000,167215.0690
F7193,915.6592,11.9820,12.0160,12.0660,1.0000,10.0000,10868.6115
F7194,915.6832,13.0990,13.2580,13.2330,2.0000,77.0000,271153.2440
F7195,915.6999,12.8660,12.9160,12.9830,1.0000,3592.0000,17566.9573
F7196,915.7054,14.7330,14.8160,14.9000,1.0000,5710.0000,33970.3931
F7197,915.7648,12.3160,12.3820,12.4660,1.0000,13.0000,23230.1771
F7198,915.7780,13.1160,13.2410,13.2490,2.0000,13.0000,20940.2665
F7199,915.7904,13.4330,13.4990,13.5490,1.0000,72.0000,150289.2090
F7200,915.8049,13.7330,13.8160,13.9000,1.0000,684.0000,5975278.1917
F7201,915.8107,13.5330,13.5660,13.7330,1.0000,13.0000,346255.0931
F7202,915.8134,14.1660,14.5160,14.3500,3.0000,113.0000,5641135.0112
F7203,915.8909,14.7160,14.7500,14.8160,1.0000,7.0000,12251.8760
F7204,915.8913,15.0160,15.1000,15.2000,1.0000,10.0000,33296.6665
F7205,916.2959,7.8980,7.9810,8.0650,1.0000,16.0000,8619.7378
F7206,916.5587,7.8150,7.8810,7.9980,1.0000,2377.0000,18617.7581
F7207,916.5639,8.6310,8.6820,8.7820,1.0000,12.0000,22659.4801
F7208,916.5681,13.9330,14.0160,14.1330,1.0000,12.0000,20660.4682
F7209,916.5795,10.1820,10.3490,10.4990,1.0000,23.0000,200844.0350
F7210,916.5943,11.2150,11.3150,11.3660,1.0000,12.0000,23776.6811
F7211,916.5999,11.0150,11.1150,11.2150,1.0000,55.0000,89219.9713
F7212,916.6455,11.9320,11.9820,12.0320,1.0000,7553.0000,26661.5590
F7213,916.6559,7.7980,7.8480,7.9650,1.0000,11.0000,20901.0930
F7214,916.6559,11.5990,11.6660,11.7320,1.0000,60.0000,97106.6629
F7215,916.6867,13.0990,13.2490,13.2160,2.0000,67.0000,197083.8672
F7216,916.7017,14.7500,14.8160,14.9000,1.0000,16.0000,17235.7308
F7217,916.7391,12.7660,12.8660,12.9330,1.0000,12.0000,60044.6767
F7218,916.7423,11.9820,12.1490,12.5330,1.0000,4736.0000,77272.4808
F7219,916.7428,11.6820,11.7320,11.7990,1.0000,13323.0000,52307.2395
F7220,916.7926,13.4160,13.4990,13.5330,1.0000,14.0000,39037.6908
F7221,916.8075,13.7160,13.8160,13.9330,1.0000,20.0000,1483882.1327
F7222,916.8175,14.1660,14.2660,14.3500,1.0000,1125.0000,23612910.7042
F7223,916.8268,13.9160,13.9500,14.1160,1.0000,25.0000,581867.7626
F7224,916.8293,14.7160,14.7500,14.8830,1.0000,16.0000,84823.0384
F7225,916.8321,15.0160,15.1000,15.2330,1.0000,37.0000,197110.2759
F7226,917.5618,9.6820,10.0320,10.2150,1.0000,48.0000,181296.9302
F7227,917.5824,10.2150,10.3320,10.4650,1.0000,18.0000,90524.2367
F7228,917.6036,11.0150,11.1320,11.2320,1.0000,16.0000,49360.6353
F7229,917.6458,11.6320,11.6660,11.7320,1.0000,10193.0000,37817.2462
F7230,917.6554,7.7810,7.8480,7.9480,1.0000,12.0000,15286.0934
F7231,917.6684,11.9160,11.9820,12.0820,1.0000,183.0000,412689.4241
F7232,917.6951,13.0990,13.1660,13.2330,1.0000,16.0000,79585.4897
F7233,917.6991,13.5660,13.5580,13.7330,2.0000,170.0000,866362.1694
F7234,917.7423,12.7330,12.8660,13.0160,1.0000,14.0000,56224.1268
F7235,917.7462,11.6660,11.7320,11.7990,1.0000,7.0000,30139.9136
F7236,917.7553,14.0330,14.0830,14.1330,1.0000,4023.0000,18307.1327
F7237,917.8101,13.7500,13.8160,13.9000,1.0000,44464.0000,253572.7461
F7238,917.8213,14.1660,14.2660,14.3500,1.0000,141.0000,7468971.9557
F7239,917.8293,14.6830,14.7660,14.8500,1.0000,566.0000,30028681.1839
F7240,917.8300,11.8820,11.9320,11.9660,1.0000,1452.0000,5559.3505
F7241,917.9083,15.7670,15.8330,15.9000,1.0000,2071.0000,10604.4865
F7242,917.9189,13.1990,13.2330,13.2830,1.0000,1620.0000,5140.7465
F7243,918.1697,11.9320,11.9820,12.0660,1.0000,36.0000,15672.7345
F7244,918.3136,5.5140,5.5810,5.6640,1.0000,129.0000,23760.7390
F7245,918.5455,9.5150,9.6150,9.7820,1.0000,19.0000,25237.2682
F7246,918.5642,9.8980,10.0150,10.1490,1.0000,43.0000,84205.3588
F7247,918.6038,11.0490,11.1320,11.2150,1.0000,13.0000,23149.8709
F7248,918.6270,11.6160,11.6660,11.7490,1.0000,38385.0000,170375.9364
F7249,918.6669,9.5980,9.6820,9.7480,1.0000,14.0000,13814.6636
F7250,918.6720,11.9160,11.9820,12.0820,1.0000,110.0000,229642.2867
F7251,918.7026,13.5660,13.6490,13.7330,3.0000,362.0000,568571.0372
F7252,918.7437,12.7830,12.8490,12.9160,1.0000,2714.0000,14767.4474
F7253,918.7470,11.6990,11.7320,11.7820,1.0000,5.0000,8704.4805
F7254,918.7544,12.9830,13.0660,13.1660,1.0000,92.0000,413857.8034
F7255,918.8254,14.0160,14.2500,14.4500,1.0000,120.0000,2018944.9470
F7256,918.8331,14.6830,14.7660,14.9330,1.0000,2702006.0000,22513089.2494
F7257,918.8354,14.9330,15.1160,15.3330,1.0000,19355.0000,687087.6675
F7258,918.8375,15.4330,15.5000,15.5500,1.0000,6077.0000,39068.6376
F7259,918.8404,15.5500,15.6830,15.7170,1.0000,5642.0000,46129.5129
F7260,918.8463,15.7000,15.7330,15.7670,1.0000,6245.0000,21425.3311
F7261,918.8472,14.4330,14.5000,14.5830,1.0000,70374.0000,354856.8015
F7262,918.8484,12.2160,12.2660,12.3160,1.0000,6.0000,5927.7631
F7263,918.8474,15.7670,15.8670,15.9330,1.0000,11375.0000,95161.1081
F7264,918.8556,15.9330,15.9830,16.0170,1.0000,5966.0000,27155.2923
F7265,918.9175,16.0670,16.1170,16.1670,1.0000,7.0000,7243.8553
F7266,919.1557,11.9320,11.9820,12.0490,1.0000,2954.0000,12120.7753
F7267,919.3144,5.5310,5.5810,5.6470,1.0000,4450.0000,18674.8545
F7268,919.5384,9.5320,9.6480,9.7150,1.0000,21.0000,15593.4807
F7269,919.5683,9.9150,9.9820,10.1150,1.0000,25.0000,30371.1086
F7270,919.5775,11.0320,11.1320,11.2150,1.0000,23.0000,58195.6189
F7271,919.6015,11.5490,11.5990,11.6320,1.0000,20.0000,13003.9124
F7272,919.6308,11.6160,11.6660,11.7320,1.0000,19781.0000,81399.9829
F7273,919.6669,11.9160,11.9820,12.0820,1.0000,16033.0000,92523.4543
F7274,919.6837,12.1990,12.1820,12.3160,2.0000,247.0000,232815.2998
F7275,919.7037,13.5660,13.6490,13.7500,1.0000,41370.0000,263332.5311
F7276,919.7048,13.3830,13.4490,13.5660,1.0000,35024.0000,265960.2092
F7277,919.7146,13.7330,13.8160,13.9660,1.0000,1081.0000,1484230.7567
F7278,919.7151,13.9660,14.0500,14.1330,1.0000,1136.0000,917996.7013
F7279,919.7378,12.5490,12.7490,13.3490,1.0000,7.0000,18602.6492
F7280,919.7579,12.9830,13.0490,13.1660,1.0000,108.0000,274660.9120
F7281,919.7714,14.4000,14.5330,14.6000,1.0000,5915.0000,42453.2855
F7282,919.8039,12.8160,12.8660,12.9160,1.0000,5.0000,9683.6598
F7283,919.8100,12.9160,12.9490,12.9990,1.0000,2821.0000,9252.9598
F7284,919.8371,14.6830,14.7660,14.8500,1.0000,467.0000,5952400.7550
F7285,919.8447,15.4000,15.4830,15.5830,1.0000,719.0000,7959632.7660
F7286,919.8842,12.3660,12.5160,12.5830,1.0000,9.0000,12278.2445
F7287,920.0284,7.6480,7.8810,8.0150,1.0000,16.0000,7794.5448
F7288,920.3113,12.3160,12.4240,12.4160,2.0000,25.0000,21662.7871
F7289,920.3137,5.5310,5.5810,5.6640,1.0000,41.0000,19142.0165
F7290,920.5239,8.1480,8.1810,8.2310,1.0000,1712.0000,5687.0284
F7291,920.5633,9.2650,9.3150,9.4150,1.0000,8.0000,10757.1144
F7292,920.5798,11.0320,11.1320,11.2150,1.0000,11.0000,33560.9745
F7293,920.6367,11.6160,11.6660,11.7320,1.0000,7150.0000,25458.0785
F7294,920.6445,11.9160,11.9820,12.0820,1.0000,222.0000,366829.2429
F7295,920.6884,12.1660,12.2660,12.3820,1.0000,50.0000,153076.8874
F7296,920.7054,13.5830,13.6490,13.7500,1.0000,12.0000,95214.0805
F7297,920.7182,13.7330,13.9330,13.9660,2.0000,99771.0000,579219.4379
F7298,920.7628,12.9830,13.0660,13.2330,1.0000,18.0000,173476.7790
F7299,920.7700,13.3830,13.3830,13.5330,2.0000,240.0000,1171107.3801
F7300,920.8397,14.6830,14.7660,14.9500,1.0000,194963.0000,1690747.5002
F7301,920.8487,15.4000,15.4830,15.5830,1.0000,408.0000,4933811.8519
F7302,920.8613,14.9660,15.1500,15.2660,1.0000,10.0000,127108.8129
F7303,920.8643,12.4330,12.4660,12.5330,1.0000,7.0000,14310.5276
F7304,921.3101,5.3140,5.5970,5.6470,1.0000,24.0000,12352.8896
F7305,921.3111,12.3160,12.3660,12.4160,1.0000,65.0000,37499.1056
F7306,921.5921,11.6660,11.7160,11.7820,1.0000,26.0000,31305.1503
F7307,921.6471,11.9160,11.9820,12.0820,1.0000,39830.0000,209561.6132
F7308,921.6884,12.1820,12.2490,12.3160,1.0000,25.0000,55964.1628
F7309,921.7077,13.5990,13.6490,13.7160,1.0000,4733.0000,22020.9534
F7310,921.7193,13.7330,13.8580,13.8660,2.0000,43663.0000,245429.2316
F7311,921.7199,13.9660,14.0500,14.1160,1.0000,44329.0000,254175.8821
F7312,921.7276,14.1160,14.1660,14.1830,1.0000,24059.0000,53093.8829
F7313,921.7305,14.1160,14.3160,14.7000,1.0000,131.0000,1891323.2555
F7314,921.7703,13.4160,13.4490,13.5160,1.0000,140.0000,763853.4693
F7315,921.7729,13.2330,13.3160,13.3990,1.0000,140.0000,838722.6108
F7316,921.7779,12.1820,12.2490,12.2990,1.0000,11.0000,19715.5952
F7317,921.7893,15.1000,15.1660,15.2330,1.0000,13.0000,23192.0409
F7318,921.8227,12.5990,13.0330,13.1330,1.0000,8.0000,25387.4322
F7319,921.8421,14.6830,14.7660,14.9500,1.0000,135.0000,344932.8203
F7320,921.8519,15.4000,15.4830,15.5830,1.0000,217.0000,1679917.1667
F7321,921.8591,16.2670,16.3500,16.4500,1.0000,13.0000,672482.1779
F7322,921.8666,15.0500,15.1660,15.2830,1.0000,11.0000,64885.3345
F7323,921.9139,14.6160,14.6830,14.7160,1.0000,3016.0000,10404.8401
F7324,922.2902,11.6160,11.6490,11.6990,1.0000,50438.0000,116217.7809
F7325,922.5594,8.0650,8.1150,8.1480,1.0000,2138.0000,6887.2402
F7326,922.5985,11.6820,11.7160,11.7660,1.0000,3886.0000,13579.7161
F7327,922.6578,11.8820,11.9820,12.0490,1.0000,13286.0000,116086.9055
F7328,922.6639,12.0490,12.0990,12.1820,1.0000,12414.0000,83179.9059
F7329,922.6682,12.6490,12.6740,12.8490,2.0000,9117.0000,90601.4494
F7330,922.7187,13.9830,14.0500,14.1330,1.0000,16837.0000,86210.1138
F7331,922.7200,13.8330,13.8660,13.9830,1.0000,15164.0000,89962.8497
F7332,922.7335,14.1330,14.3160,14.7000,1.0000,461.0000,1179828.0374
F7333,922.7519,13.3660,13.4160,13.4490,1.0000,201481.0000,577851.7514
F7334,922.7755,13.1830,13.3160,13.3830,1.0000,7.0000,296245.7372
F7335,922.7806,13.4490,13.4830,13.5660,1.0000,64.0000,440868.7535
F7336,922.7860,13.5660,13.7240,13.6990,2.0000,313.0000,2398855.4837
F7337,922.8455,14.6660,14.7830,14.9160,1.0000,45.0000,75794.5482
F7338,922.8546,15.4000,15.4830,15.5830,1.0000,84.0000,408804.4273
F7339,922.8627,16.2670,16.3500,16.4500,1.0000,107.0000,430156.6687
F7340,922.8686,16.6340,16.6840,16.7170,1.0000,7.0000,6949.0045
F7341,923.2901,11.5990,11.6490,11.7160,1.0000,238.0000,113188.2735
F7342,923.3092,12.3160,12.3660,12.4160,1.0000,66.0000,21825.6915
F7343,923.6640,12.1820,12.2490,12.3320,1.0000,37350.0000,131465.7365
F7344,923.6682,12.3320,12.4490,12.4990,1.0000,4778.0000,47524.5402
F7345,923.6734,12.8830,12.8990,12.9830,2.0000,4559.0000,22070.9745
F7346,923.7093,12.9990,13.0660,13.1490,1.0000,32.0000,134686.2373
F7347,923.7349,14.1160,14.3160,14.6500,1.0000,42334.0000,519401.5246
F7348,923.7459,14.8000,14.8660,14.9500,3.0000,478.0000,942373.4515
F7349,923.7491,12.6490,12.6830,12.7990,1.0000,14.0000,22183.1345
F7350,923.7644,12.0160,12.0660,12.0990,1.0000,2224.0000,6924.9603
F7351,923.7795,13.1660,13.3160,13.3830,1.0000,6.0000,184058.0472
F7352,923.7819,13.4330,13.4660,13.5660,1.0000,24.0000,321574.4398
F7353,923.7890,13.5660,13.7240,13.6990,2.0000,130.0000,1549729.0826
F7354,923.8019,15.7670,15.8500,15.9170,1.0000,8.0000,10114.5973
F7355,923.8236,14.5660,14.6160,14.6500,1.0000,7.0000,4742.0229
F7356,923.8575,15.4000,15.4830,15.5830,1.0000,44.0000,83669.8382
F7357,923.8659,16.2670,16.3500,16.4500,1.0000,42.0000,144121.6411
F7358,924.2707,6.3980,6.4810,6.5480,1.0000,7304.0000,11147763.6674
F7359,924.5009,7.7650,7.8650,8.0150,1.0000,28.0000,93454.6202
F7360,924.5049,9.4980,9.6320,9.7980,1.0000,20.0000,30811.0441
F7361,924.5290,8.0980,8.1480,8.1810,1.0000,6.0000,7319.8929
F7362,924.5305,8.0150,8.0480,8.0980,1.0000,2478.0000,8144.5157
F7363,924.6509,0.9630,1.0130,1.0800,1.0000,9.0000,16354.2932
F7364,924.6601,13.8500,13.9000,13.9330,1.0000,3820.0000,12713.1298
F7365,924.6632,11.8820,12.2490,12.4160,1.0000,12.0000,72976.9246
F7366,924.7114,12.9830,13.1330,13.1660,2.0000,5626.0000,25566.4202
F7367,924.7357,14.2660,14.4160,14.4160,2.0000,32.0000,31711.2927
F7368,924.7373,14.1830,14.2330,14.2660,1.0000,99.0000,54594.3251
F7369,924.7494,14.6160,14.8500,15.0000,1.0000,184.0000,1038452.6392
F7370,924.7507,12.6160,12.6660,12.7660,1.0000,10.0000,19994.7698
F7371,924.8012,13.4660,14.0330,14.5830,1.0000,438.0000,8999459.3337
F7372,924.8577,15.4670,15.5000,15.5830,1.0000,7.0000,13473.1239
F7373,924.8690,16.2670,16.3500,16.4500,1.0000,6050.0000,35789.4266
F7374,925.2714,6.3980,6.4810,6.5480,1.0000,6945.0000,9706870.8658
F7375,925.5048,7.7650,7.8810,7.9980,1.0000,34.0000,50215.0233
F7376,925.5075,9.5150,9.5820,9.6650,1.0000,9.0000,16408.1155
F7377,925.5193,7.3480,7.5150,7.5980,1.0000,24.0000,24637.6429
F7378,925.6523,6.6310,6.6640,6.7140,1.0000,18.0000,5077.5870
F7379,925.6614,12.1660,12.2490,12.2990,1.0000,8.0000,14777.6367
F7380,925.6726,12.0320,12.0820,12.1160,1.0000,4691.0000,11531.3385
F7381,925.7255,13.3830,13.3830,13.5330,2.0000,60888.0000,367975.2839
F7382,925.7380,14.2830,14.3330,14.4160,1.0000,4296.0000,22696.7951
F7383,925.7507,14.6330,14.8500,15.0000,1.0000,40653.0000,447093.5564
F7384,925.7619,12.7990,12.9330,12.9990,1.0000,84.0000,132628.5041
F7385,925.7624,15.3670,15.4500,15.5330,1.0000,655.0000,922404.1890
F7386,925.7843,13.3660,13.4490,13.5160,1.0000,22822.0000,187480.1298
F7387,925.7883,13.2660,13.2990,13.3660,1.0000,14981.0000,84959.7343
F7388,925.8044,13.5660,14.0330,14.5830,1.0000,215.0000,5767662.6998
F7389,926.1629,11.9320,11.9820,12.0660,1.0000,14.0000,11163.4677
F7390,926.2484,4.9300,5.0140,5.0970,1.0000,19.0000,14110.0707
F7391,926.2701,6.3980,6.4810,6.5480,1.0000,5609.0000,8630755.5145
F7392,926.5121,7.9810,8.0480,8.0980,1.0000,10.0000,35379.8769
F7393,926.5217,7.4480,7.5310,7.6480,1.0000,26.0000,31879.3679
F7394,926.5478,9.5150,9.6150,9.7150,1.0000,18.0000,13252.3041
F7395,926.5583,9.9150,9.9990,10.0650,1.0000,9.0000,11426.2458
F7396,926.6298,11.5820,11.6320,11.6990,1.0000,5.0000,6991.9292
F7397,926.6723,11.9490,11.9820,12.0660,1.0000,8.0000,11027.5618
F7398,926.6994,12.1490,12.1990,12.2820,1.0000,11.0000,19334.3536
F7399,926.7137,14.1660,14.2160,14.2660,1.0000,31.0000,15565.7654
F7400,926.7293,13.2330,13.3740,13.3830,2.0000,211.0000,246521.1120
F7401,926.7528,14.6830,14.8500,15.0000,1.0000,74.0000,145841.1926
F7402,926.7645,12.8160,12.9160,13.0160,1.0000,29.0000,82809.0057
F7403,926.7659,15.3670,15.4500,15.6170,1.0000,400.0000,679956.7549
F7404,926.8083,13.5330,13.6160,13.6660,1.0000,15.0000,475120.7832
F7405,926.8084,13.9500,14.0330,14.1660,1.0000,154.0000,1392634.2170
F7406,926.8112,13.7500,13.8330,13.9500,1.0000,43.0000,502215.0607
F7407,926.8167,14.3660,14.3660,14.5160,2.0000,294.0000,1832919.5922
F7408,926.8170,13.3160,13.3990,13.5330,1.0000,38.0000,1637201.5748
F7409,926.8177,14.5160,14.6000,14.6830,1.0000,466.0000,2594617.3939
F7410,927.0605,9.9320,10.0150,10.0820,1.0000,72.0000,10959.2680
F7411,927.2480,4.3140,4.9970,5.2470,1.0000,15.0000,17855.7363
F7412,927.2700,6.3980,6.4810,6.5480,1.0000,3787.0000,4804007.3725
F7413,927.2859,11.6160,11.6490,11.6990,1.0000,5143.0000,12967.6363
F7414,927.5219,7.8150,8.1310,8.4310,1.0000,9.0000,91520.7641
F7415,927.6618,11.9990,12.0320,12.0660,1.0000,3123.0000,9165.0968
F7416,927.6611,0.7630,0.7960,0.8960,1.0000,25.0000,12726.0129
F7417,927.6629,12.0660,12.1160,12.1490,1.0000,4436.0000,14069.8301
F7418,927.6965,12.1660,12.1990,12.2490,1.0000,7.0000,7950.5838
F7419,927.7348,13.4160,13.4490,13.5660,1.0000,10.0000,153676.8546
F7420,927.7412,13.5660,13.7240,13.7160,2.0000,28.0000,404218.1674
F7421,927.7504,14.8000,14.8660,14.9330,1.0000,29.0000,24755.8919
F7422,927.7540,14.6660,14.7160,14.8000,1.0000,28.0000,24092.1711
F7423,927.7664,15.3500,15.4500,15.5500,1.0000,321.0000,276125.6436
F7424,927.7770,16.2330,16.3170,16.4170,1.0000,81.0000,205630.0330
F7425,927.7760,13.0990,13.1660,13.2490,1.0000,40.0000,389791.7193
F7426,927.8121,13.9160,14.0160,14.1830,1.0000,35.0000,1836600.6574
F7427,927.8139,13.5330,13.5990,13.6330,1.0000,51766.0000,224107.3118
F7428,927.8203,14.5160,14.5160,14.6830,2.0000,59.0000,1768487.2732
F7429,927.8203,13.3160,13.3990,13.5330,1.0000,162634.0000,1091881.6656
F7430,928.2469,4.9470,4.9970,5.0970,1.0000,13.0000,12986.0377
F7431,928.2687,6.3980,6.4810,6.5480,1.0000,2135.0000,2401983.7714
F7432,928.5245,7.7810,7.8480,7.9480,1.0000,6.0000,20901.4094
F7433,928.5285,9.4650,9.6150,9.7980,1.0000,14.0000,66900.0860
F7434,928.5328,10.1990,10.3150,10.4320,1.0000,25.0000,105824.9369
F7435,928.5901,7.1810,7.2310,7.3140,1.0000,35.0000,16885.4279
F7436,928.6604,0.7630,0.7960,0.8960,1.0000,16.0000,10829.8802
F7437,928.6649,11.7160,11.7990,11.9660,1.0000,2450.0000,14521.7196
F7438,928.7060,12.1160,12.1490,12.1990,1.0000,3702.0000,9636.5378
F7439,928.7446,13.5660,13.6330,13.6990,1.0000,235.0000,582697.6133
F7440,928.7452,13.6990,13.8160,13.9000,1.0000,65.0000,309080.4645
F7441,928.7679,15.3670,15.4500,15.5830,1.0000,64.0000,97142.9288
F7442,928.7790,13.0990,13.1660,13.2490,1.0000,75.0000,242688.3096
F7443,928.7795,12.4330,12.4820,12.6160,1.0000,16.0000,72403.4014
F7444,928.7809,16.2170,16.3170,16.4170,1.0000,103.0000,129871.8958
F7445,928.8235,14.5160,14.6000,14.6830,1.0000,9.0000,622390.0254
F7446,928.8278,13.8330,13.9500,13.9830,1.0000,115307.0000,1217320.8991
F7447,928.8323,14.7160,14.8660,14.8660,2.0000,24.0000,773288.3390
F7448,928.8331,13.6830,13.7660,13.8330,1.0000,698829.0000,3175130.7453
F7449,928.9121,15.5330,15.6830,15.7670,1.0000,10.0000,10960.7256
F7450,928.9710,0.7460,0.7800,0.8300,1.0000,10632.0000,21595.0703
F7451,929.2672,6.3980,6.4810,6.5480,1.0000,2391.0000,1041633.0768
F7452,929.5139,6.2810,6.3640,6.5980,1.0000,10.0000,9077.6804
F7453,929.5318,7.7980,7.8650,7.9480,1.0000,9.0000,14195.3116
F7454,929.5367,10.1820,10.3490,10.4820,1.0000,18.0000,61094.9413
F7455,929.5355,9.4650,9.6480,9.7320,1.0000,16.0000,42963.4109
F7456,929.5921,11.4320,11.4990,11.5490,1.0000,9.0000,8968.4580
F7457,929.5910,7.1980,7.2480,7.3140,1.0000,14.0000,10326.0732
F7458,929.5924,11.5820,11.6490,11.7820,1.0000,8.0000,10491.3749
F7459,929.6564,11.7660,11.8320,11.9660,1.0000,7.0000,15901.7274
F7460,929.7486,13.5660,13.6330,13.7330,1.0000,26.0000,219328.9664
F7461,929.7568,13.9000,14.0330,14.2160,1.0000,69.0000,1743457.6393
F7462,929.7697,15.3670,15.4330,15.5170,1.0000,19.0000,21989.6887
F7463,929.7836,13.0830,13.1660,13.2830,1.0000,56.0000,101474.1376
F7464,929.7825,16.2000,16.3330,16.4840,1.0000,41.0000,60929.5774
F7465,929.7877,12.4160,12.4820,12.6160,1.0000,33.0000,73728.6497
F7466,929.7918,13.4160,13.4990,13.5830,1.0000,234.0000,399253.6288
F7467,929.7910,12.6160,12.7160,12.7660,1.0000,162.0000,245844.5692
F7468,929.7932,17.2840,17.4000,17.5000,1.0000,16.0000,28056.1331
F7469,929.8204,13.9660,14.0160,14.1000,1.0000,22.0000,367080.6965
F7470,929.8280,14.3500,14.5160,14.6500,1.0000,1067.0000,2231321.8406
F7471,929.8328,13.8330,14.0910,13.9830,2.0000,116.0000,258143.9468
F7472,929.8345,15.0160,15.1000,15.1830,1.0000,52.0000,117939.3957
F7473,929.8355,14.8660,14.9330,15.0160,3.0000,229.0000,392657.5113
F7474,929.8362,13.6830,13.7660,13.8330,1.0000,426747.0000,2018052.8243
F7475,929.8622,15.9330,16.0000,16.1000,1.0000,14.0000,16252.8076
F7476,929.9387,13.2330,13.2830,13.3330,1.0000,8.0000,5821.7562
F7477,930.2661,6.3980,6.4810,6.5480,1.0000,512.0000,411928.2243
F7478,930.5412,7.4810,7.5310,7.5980,1.0000,9.0000,8124.8006
F7479,930.5397,10.1990,10.3820,10.5650,1.0000,5.0000,16602.5149
F7480,930.5521,11.5490,11.5990,11.6490,1.0000,2848.0000,10813.3913
F7481,930.5526,9.8480,10.0150,10.1990,1.0000,12.0000,58608.2687
F7482,930.6092,7.6310,7.6980,7.7810,1.0000,7.0000,10137.4522
F7483,930.6388,11.9320,11.9820,12.0490,1.0000,8.0000,9437.2784
F7484,930.7600,13.9500,14.0580,14.0830,2.0000,135.0000,350394.2406
F7485,930.7845,16.2670,16.3170,16.4000,1.0000,12.0000,19025.8314
F7486,930.7882,13.0990,13.1660,13.2330,1.0000,19.0000,28756.4803
F7487,930.7915,12.4490,12.4820,12.6160,1.0000,17.0000,37214.2071
F7488,930.7950,12.6160,12.7160,12.7660,1.0000,90.0000,156362.7713
F7489,930.7948,13.4330,13.4990,13.5830,1.0000,151.0000,262937.6235
F7490,930.8337,14.4500,14.5160,14.6000,1.0000,15.0000,1116441.3809
F7491,930.8388,13.6830,13.7660,13.8330,1.0000,45.0000,723910.2595
F7492,930.8485,15.3330,15.4170,15.6170,1.0000,10.0000,757718.2910
F7493,930.8488,14.0830,14.2000,14.4330,1.0000,182.0000,6068126.2515
F7494,930.8614,15.9500,16.0170,16.1330,1.0000,18.0000,16842.2623
F7495,931.2637,6.3980,6.4810,6.5640,1.0000,28550.0000,147906.2960
F7496,931.5282,7.4310,7.5310,7.6310,1.0000,57.0000,152998.6942
F7497,931.5550,10.2150,10.3320,10.3990,1.0000,7.0000,15234.3700
F7498,931.6239,11.5990,11.6660,11.7490,1.0000,8.0000,17997.7250
F7499,931.6974,13.3330,13.3990,13.5330,1.0000,22.0000,35645.9547
F7500,931.7500,12.6830,12.8160,12.9160,1.0000,25.0000,75137.9393
F7501,931.7637,13.8830,14.0330,14.2000,1.0000,53.0000,388389.9845
F7502,931.7721,14.3660,14.4160,14.5160,1.0000,48.0000,436127.2452
F7503,931.7723,14.5160,14.6000,14.6660,1.0000,55.0000,468744.7439
F7504,931.7964,17.3340,17.3670,17.4500,1.0000,11.0000,6478.0724
F7505,931.7992,13.4330,13.4990,13.5830,1.0000,15.0000,98588.2729
F7506,931.8066,12.8330,12.9490,13.0160,1.0000,24.0000,368548.6479
F7507,931.8383,14.4160,14.5160,14.6500,1.0000,43.0000,467627.5724
F7508,931.8437,15.0330,15.0330,15.2160,2.0000,207.0000,582868.5926
F7509,931.8485,14.6330,14.7830,15.0160,1.0000,72.0000,461865.5529
F7510,931.8520,14.0660,14.2000,14.4160,1.0000,382.0000,3804134.9021
F7511,931.8514,15.3330,15.4170,15.5330,1.0000,122.0000,418717.8880
F7512,931.9480,13.0330,13.0830,13.1830,1.0000,7.0000,12192.6959
F7513,932.2610,6.3980,6.4640,6.5480,1.0000,186.0000,51154.3109
F7514,932.3287,5.5140,5.5810,5.6640,1.0000,229.0000,110329.3209
F7515,932.5317,7.4310,7.5310,7.6480,1.0000,54.0000,85383.9621
F7516,932.5550,10.2490,10.3650,10.5150,1.0000,6.0000,20784.7998
F7517,932.5712,11.0320,11.0990,11.1820,1.0000,8.0000,14728.0368
F7518,932.6245,11.6160,11.6660,11.7320,1.0000,13.0000,10610.6329
F7519,932.6782,12.2160,12.2660,12.3160,1.0000,5.0000,7683.0227
F7520,932.6845,12.0160,12.0660,12.1320,1.0000,8.0000,12586.6772
F7521,932.6998,13.3330,13.3990,13.4830,1.0000,13.0000,17888.6774
F7522,932.7678,13.9330,14.0750,14.0830,2.0000,11225.0000,69927.0584
F7523,932.7755,14.4660,14.5830,14.7330,1.0000,51928.0000,371885.3011
F7524,932.8101,12.8160,12.9490,13.0160,1.0000,29.0000,245478.5347
F7525,932.8182,13.7990,13.8500,13.9000,1.0000,14.0000,27104.6656
F7526,932.8269,13.6330,13.6830,13.7160,1.0000,2093.0000,7234.9087
F7527,932.8437,14.4660,14.4750,14.5830,2.0000,20029.0000,112158.2875
F7528,932.8486,15.0330,15.1160,15.2500,1.0000,16.0000,431606.4599
F7529,932.8550,14.1160,14.1830,14.2500,1.0000,57.0000,846839.7501
F7530,932.8636,16.1170,16.2670,16.5000,1.0000,27.0000,336136.5759
F7531,932.8643,14.7160,14.8160,14.9160,1.0000,577056.0000,4083595.3230
F7532,932.8648,12.3160,12.3820,12.4660,1.0000,7.0000,20813.1985
F7533,932.9224,14.0000,14.0330,14.1330,1.0000,3288.0000,18081.2220
F7534,933.3231,9.3980,9.4980,9.6150,1.0000,22.0000,47720.1880
F7535,933.3299,5.5140,5.5810,5.6640,1.0000,307.0000,95816.6231
F7536,933.5372,7.4480,7.5150,7.6650,1.0000,27.0000,27689.6946
F7537,933.5453,8.1810,8.2650,8.3310,1.0000,9.0000,21257.4857
F7538,933.5451,7.1640,7.2480,7.3310,1.0000,42.0000,24675.3362
F7539,933.5585,10.2820,10.3650,10.4990,1.0000,10.0000,10770.5582
F7540,933.6051,11.6160,11.6660,11.6990,1.0000,4721.0000,14371.7458
F7541,933.6459,11.9160,11.9820,12.0490,1.0000,24.0000,27616.0642
F7542,933.6699,13.4330,13.4830,13.5490,1.0000,12.0000,12860.7615
F7543,933.6920,13.1330,13.1830,13.2490,1.0000,11.0000,23431.0399
F7544,933.7045,12.2660,12.3990,12.5330,1.0000,7.0000,14579.2986
F7545,933.7127,13.6830,13.7660,13.8330,1.0000,103.0000,97520.1928
F7546,933.7343,14.1160,14.1830,14.2160,1.0000,10.0000,9490.1260
F7547,933.7662,12.9830,13.0080,13.1660,2.0000,108.0000,403380.1879
F7548,933.7792,14.5160,14.5000,14.6660,2.0000,15638.0000,111588.7654
F7549,933.7889,14.7830,14.9160,15.0000,1.0000,12.0000,167207.6087
F7550,933.8208,13.0830,13.1830,13.3330,1.0000,37.0000,188314.1056
F7551,933.8540,15.0330,15.1330,15.2160,1.0000,26.0000,157462.7180
F7552,933.8595,15.6170,15.7000,15.7830,1.0000,18.0000,88900.9777
F7553,933.8578,14.1160,14.2000,14.2660,1.0000,20.0000,233204.5991
F7554,933.8642,12.0820,12.1320,12.1820,1.0000,9.0000,8261.3081
F7555,933.8643,15.3500,15.4670,15.6170,1.0000,18.0000,156280.2097
F7556,933.8665,16.1500,16.2500,16.3330,1.0000,17.0000,155703.0891
F7557,933.8675,14.6660,14.8160,14.9500,1.0000,360503.0000,2655258.7165
F7558,933.8718,12.2990,12.3820,12.4330,1.0000,14.0000,19347.8049
F7559,934.2706,12.0490,12.0820,12.1320,1.0000,327.0000,35872.4526
F7560,934.2886,12.1160,12.1490,12.1990,1.0000,7398.0000,14636.0790
F7561,934.3251,9.3650,9.5150,9.6150,1.0000,18.0000,34300.7642
F7562,934.3287,5.5140,5.5810,5.6640,1.0000,236.0000,90074.3871
F7563,934.5492,7.1480,7.2310,7.2810,1.0000,10.0000,11682.7654
F7564,934.5694,9.9150,10.0320,10.2150,1.0000,10.0000,28745.1181
F7565,934.6055,11.5990,11.6660,11.7320,1.0000,32.0000,19081.7546
F7566,934.6408,4.7640,4.7970,4.8470,1.0000,5369.0000,13034.5032
F7567,934.6596,11.8820,12.0660,12.1490,1.0000,13.0000,39762.3440
F7568,934.6708,13.3160,13.3990,13.5330,1.0000,19.0000,50379.0349
F7569,934.6976,13.1330,13.1830,13.2160,1.0000,4110.0000,12791.0457
F7570,934.7146,13.6990,13.7660,13.8330,1.0000,12758.0000,61754.9276
F7571,934.7153,13.8330,13.9330,13.9660,1.0000,1792.0000,18507.2830
F7572,934.7511,12.7160,12.7830,12.8330,1.0000,15.0000,16965.3891
F7573,934.7700,12.9830,13.0080,13.1660,2.0000,85.0000,277611.2472
F7574,934.7919,14.5000,14.9160,15.4000,1.0000,11.0000,170754.7577
F7575,934.8230,12.7160,12.8330,12.8830,1.0000,9.0000,30689.0391
F7576,934.8250,13.0990,13.1830,13.3330,1.0000,13.0000,117643.8681
F7577,934.8608,14.1330,14.1830,14.2500,1.0000,11.0000,40731.4086
F7578,934.8702,14.7000,14.8000,14.9160,1.0000,63.0000,924818.6342
F7579,934.8793,17.0670,17.3500,17.6340,1.0000,20.0000,154658.7138
F7580,934.8794,15.4330,15.5170,15.6170,1.0000,109.0000,1140508.9729
F7581,934.8797,12.4990,12.5660,12.6330,1.0000,31.0000,92854.4672
F7582,935.1370,11.9490,11.9820,12.0320,1.0000,2341.0000,5862.6847
F7583,935.3046,5.7140,5.8470,6.1810,1.0000,10.0000,8319.6304
F7584,935.3227,9.3980,9.5150,9.5980,1.0000,13.0000,34343.6449
F7585,935.3275,5.5140,5.5810,5.6640,1.0000,75.0000,52935.8739
F7586,935.5597,7.5980,7.6810,7.8310,1.0000,9.0000,22554.6790
F7587,935.5708,9.9150,9.9990,10.0320,1.0000,10.0000,8421.5167
F7588,935.6288,11.9320,11.9820,12.0490,1.0000,5098.0000,21034.7455
F7589,935.6458,4.7640,4.7970,4.8470,1.0000,2988.0000,8842.3362
F7590,935.6626,12.1660,12.2660,12.2990,1.0000,7.0000,16120.5656
F7591,935.6761,13.3330,13.3990,13.4660,1.0000,4581.0000,22704.3014
F7592,935.6861,13.7660,13.8160,13.9000,1.0000,30.0000,68351.6370
F7593,935.7279,14.1330,14.2000,14.3500,1.0000,228.0000,199314.6188
F7594,935.7450,14.4330,14.5000,14.5660,1.0000,4638.0000,22108.7439
F7595,935.7573,11.4660,11.5160,11.5490,1.0000,10.0000,7915.3516
F7596,935.7738,12.8660,12.9160,13.0990,1.0000,33.0000,151136.8748
F7597,935.7807,13.0990,13.3490,13.2330,3.0000,597.0000,1519472.7722
F7598,935.7963,14.8500,14.9160,15.0160,1.0000,10.0000,32863.9750
F7599,935.8040,15.3160,15.4170,15.4830,1.0000,45.0000,120756.7389
F7600,935.8049,15.4830,15.5330,15.6170,1.0000,31.0000,77797.1210
F7601,935.8337,13.4990,13.5660,13.7500,1.0000,6.0000,27375.0967
F7602,935.8605,14.4830,14.5500,14.6160,1.0000,6.0000,14785.8727
F7603,935.8736,14.7160,14.8000,14.9000,1.0000,57.0000,215262.4541
F7604,935.8825,15.4330,15.5330,15.6170,1.0000,100.0000,749943.0884
F7605,935.8831,12.5160,12.5660,12.7160,1.0000,38.0000,76897.1269
F7606,936.3224,9.3820,9.5150,9.5980,1.0000,10.0000,19946.4065
F7607,936.3259,5.5310,5.5810,5.6310,1.0000,6705.0000,25408.5022
F7608,936.5523,7.4310,7.5310,7.6310,1.0000,8.0000,39010.0086
F7609,936.6868,13.6990,13.7660,13.8660,1.0000,21.0000,142060.3220
F7610,936.6941,13.4490,13.4990,13.5660,1.0000,3666.0000,16628.3297
F7611,936.7305,14.1330,14.2410,14.2660,2.0000,102.0000,95897.1295
F7612,936.7468,14.4830,14.5330,14.6160,1.0000,12.0000,9981.4243
F7613,936.7588,12.1160,12.1820,12.2320,1.0000,9.0000,37016.9138
F7614,936.7703,11.8660,11.9320,11.9660,1.0000,19.0000,35168.8119
F7615,936.7719,12.9660,13.0490,13.0830,1.0000,9073.0000,42517.8579
F7616,936.7769,12.8660,12.9160,12.9660,1.0000,3992.0000,19500.7969
F7617,936.7842,13.2830,13.3490,13.4660,1.0000,165700.0000,1060610.3322
F7618,936.7848,13.0990,13.1660,13.2330,1.0000,230252.0000,1186150.6653
F7619,936.7901,13.4660,13.6490,13.6990,1.0000,3789.0000,74976.9535
F7620,936.8020,13.6830,13.7500,13.7990,1.0000,13.0000,28433.7219
F7621,936.8026,13.9660,14.0330,14.1160,1.0000,10.0000,31491.8289
F7622,936.8069,15.3160,15.4170,15.5170,1.0000,42.0000,96163.2989
F7623,936.8356,13.5160,13.5990,13.6830,1.0000,7.0000,17464.6773
F7624,936.8759,14.6830,14.8160,14.9500,1.0000,20.0000,56681.0095
F7625,936.8858,15.4330,15.5170,15.6000,1.0000,49.0000,251256.6952
F7626,937.3227,5.5140,5.5970,5.6310,1.0000,31.0000,12569.8712
F7627,937.5567,7.4650,7.5480,7.6310,1.0000,10.0000,19893.7109
F7628,937.5681,11.5320,11.5990,11.6490,1.0000,12.0000,18233.8086
F7629,937.6253,11.9490,11.9990,12.0490,1.0000,5291.0000,21027.9462
F7630,937.6883,13.6830,13.7830,13.9500,1.0000,23.0000,117625.8313
F7631,937.7030,14.2000,14.2500,14.3330,1.0000,35.0000,99535.2884
F7632,937.7436,14.7160,14.8000,14.8830,1.0000,92.0000,149623.0668
F7633,937.7556,12.1320,12.1820,12.2820,1.0000,13.0000,29427.1019
F7634,937.7611,15.0330,15.0830,15.1160,1.0000,11.0000,5670.7012
F7635,937.7774,12.9830,13.0490,13.0830,1.0000,9.0000,19389.2636
F7636,937.7889,13.0990,13.1660,13.2330,1.0000,104.0000,408048.4069
F7637,937.7967,13.7160,13.8500,13.9000,1.0000,65.0000,654899.8079
F7638,937.7974,13.3830,13.5490,13.5660,2.0000,1607.0000,7797397.6785
F7639,937.8099,15.3330,15.4000,15.4670,1.0000,4995.0000,26757.2776
F7640,937.8126,15.4670,15.5670,15.5670,2.0000,3569.0000,19683.6856
F7641,937.8193,16.0670,16.2830,16.5340,1.0000,28.0000,107647.9212
F7642,937.8247,14.1660,14.2000,14.2500,1.0000,2043.0000,6572.9406
F7643,937.8821,14.3160,14.3660,14.4160,1.0000,2122.0000,9671.7332
F7644,937.8892,15.3830,15.5330,15.6670,1.0000,33.0000,71023.8095
F7645,937.9016,14.1000,14.1500,14.1830,1.0000,2129.0000,6568.8197
F7646,938.2823,6.4480,6.4810,6.5310,1.0000,1867.0000,6751.3248
F7647,938.2855,9.3320,9.4320,9.5150,1.0000,152.0000,194037.6605
F7648,938.3160,5.5470,5.5970,5.6310,1.0000,32.0000,5552.1764
F7649,938.5205,7.8650,7.9150,7.9650,1.0000,17.0000,5408.3016
F7650,938.5618,7.8980,8.0480,8.2310,1.0000,7.0000,21762.2061
F7651,938.5839,9.1320,9.5320,9.9480,1.0000,11.0000,44346.1460
F7652,938.6626,14.4000,14.8500,15.7500,1.0000,19.0000,317550.3341
F7653,938.7019,14.1500,14.2410,14.2660,2.0000,203.0000,149800.5135
F7654,938.7464,14.7160,14.8000,14.8660,1.0000,130.0000,79852.4470
F7655,938.7585,12.1490,12.2160,12.2660,1.0000,10.0000,16119.6020
F7656,938.7949,13.0830,13.1660,13.2330,1.0000,35.0000,142298.2729
F7657,938.8011,13.3330,13.6490,13.5660,3.0000,1175.0000,3930931.6822
F7658,938.8223,16.1500,16.2500,16.3670,1.0000,17.0000,54214.4697
F7659,938.8345,14.7330,14.8000,14.8660,1.0000,7.0000,10026.8115
F7660,938.8871,15.4670,15.5170,15.5500,1.0000,9.0000,7807.2475
F7661,939.2867,6.3980,6.4810,6.5140,1.0000,12.0000,6226.9213
F7662,939.2852,9.3150,9.4150,9.5320,1.0000,126.0000,177426.5853
F7663,939.5324,7.8650,7.9150,7.9480,1.0000,12.0000,5510.7915
F7664,939.5804,9.8980,10.0150,10.1150,1.0000,11.0000,28556.6629
F7665,939.6641,12.4330,12.5910,12.5330,2.0000,3180.0000,16107.9704
F7666,939.6660,12.7490,12.5830,12.8490,3.0000,3019.0000,17834.1609
F7667,939.6820,12.9830,13.0660,13.1660,1.0000,21.0000,146757.7168
F7668,939.7044,14.1330,14.2160,14.3660,1.0000,19152.0000,155758.7838
F7669,939.7183,14.6660,14.7830,14.9160,1.0000,70.0000,107763.6520
F7670,939.7618,15.4500,15.5170,15.5670,1.0000,36.0000,16247.6991
F7671,939.8057,13.3330,13.4660,13.6990,1.0000,210.0000,3196917.5351
F7672,939.8129,13.7330,13.9330,13.9660,2.0000,1098.0000,7099673.8462
F7673,939.8318,17.2000,17.3340,17.4840,1.0000,14.0000,36267.2372
F7674,939.8306,14.7500,14.8160,14.8660,1.0000,1812.0000,9468.4171
F7675,940.0278,7.8310,7.8980,7.9650,1.0000,51.0000,7649.5404
F7676,940.2843,9.3320,9.4320,9.5320,1.0000,187.0000,154892.3919
F7677,940.5244,7.7980,7.8810,7.9310,1.0000,12.0000,17024.3244
F7678,940.5721,9.2650,9.3150,9.3820,1.0000,7.0000,8356.4579
F7679,940.5814,9.6820,10.0320,10.1820,1.0000,35.0000,88825.1124
F7680,940.6446,7.2980,7.3650,7.4150,1.0000,12.0000,8708.9867
F7681,940.6461,11.6160,11.6660,11.7820,1.0000,12.0000,23530.4089
F7682,940.6619,14.5500,14.5830,14.6330,1.0000,1625.0000,5577.4782
F7683,940.6865,12.9830,13.0830,13.2830,1.0000,12606.0000,110885.3894
F7684,940.7029,14.1500,14.2660,14.3660,1.0000,7121.0000,54319.2497
F7685,940.7181,14.7000,14.8000,14.9000,1.0000,23343.0000,163416.0999
F7686,940.7663,15.4670,15.5330,15.5830,1.0000,2390.0000,11131.1784
F7687,940.8100,13.3830,13.4490,13.5330,1.0000,114.0000,439762.7370
F7688,940.8169,13.9660,14.0500,14.1330,1.0000,1465.0000,4573320.8094
F7689,940.8156,13.5330,13.6330,13.7330,1.0000,118.0000,638557.7562
F7690,940.8204,11.8320,11.9320,11.9660,1.0000,9.0000,8462.9032
F7691,940.8186,13.7330,13.8160,13.9660,1.0000,2020.0000,9625625.3601
F7692,940.8355,17.3340,17.3670,17.4340,1.0000,13.0000,12967.0922
F7693,940.9139,15.1330,15.2830,15.5330,1.0000,9.0000,15931.9954
F7694,941.2641,5.6810,5.7310,5.7970,1.0000,103.0000,38602.9304
F7695,941.2648,5.5640,5.6140,5.6810,1.0000,86.0000,34082.6942
F7696,941.2840,9.3320,9.4320,9.5480,1.0000,183.0000,93480.6315
F7697,941.5614,9.4320,9.5480,9.6480,1.0000,2719.0000,26273.6477
F7698,941.5842,9.8980,10.0150,10.0990,1.0000,5942.0000,37203.7693
F7699,941.6003,11.0150,11.1150,11.1990,1.0000,14.0000,14946.8866
F7700,941.6489,11.6160,11.6660,11.7320,1.0000,15.0000,18561.2163
F7701,941.6937,12.9990,13.0490,13.2330,1.0000,22.0000,64741.3704
F7702,941.6991,13.2330,13.3830,13.3830,2.0000,181.0000,307673.3885
F7703,941.7193,14.6830,14.8000,14.8830,1.0000,141.0000,113918.0464
F7704,941.7337,15.4000,15.4830,15.5670,1.0000,26.0000,19393.5024
F7705,941.7930,13.2330,13.2990,13.3330,1.0000,6.0000,15961.3781
F7706,941.8152,13.3990,13.4490,13.5490,1.0000,16607.0000,99679.3560
F7707,941.8203,13.9660,14.0500,14.1500,1.0000,618.0000,1677236.9085
F7708,941.8235,13.7330,13.8160,13.9660,1.0000,871.0000,3386559.1022
F7709,941.8287,14.1330,14.3000,14.4500,1.0000,3331.0000,15364701.5223
F7710,941.8285,14.7330,14.9000,15.0000,1.0000,11.0000,59208.7145
F7711,941.8298,13.5330,13.5990,13.7330,1.0000,67.0000,254133.7597
F7712,942.2631,5.5640,5.6810,5.6810,2.0000,69.0000,31946.1898
F7713,942.2828,9.3150,9.4320,9.5320,1.0000,185.0000,51681.8731
F7714,942.5577,9.4820,9.5480,9.5980,1.0000,10.0000,9660.7894
F7715,942.6231,11.4660,11.5160,11.5820,1.0000,6844.0000,25920.4502
F7716,942.6564,11.6490,12.0160,12.3160,1.0000,6981.0000,48631.3950
F7717,942.6892,12.8660,13.0660,13.1490,1.0000,17.0000,12857.6742
F7718,942.7024,13.2330,13.3740,13.3830,2.0000,223.0000,200523.9498
F7719,942.7233,14.7000,14.8000,14.9000,1.0000,59.0000,46494.8816
F7720,942.7340,15.4170,15.5170,15.6000,1.0000,26.0000,28358.4672
F7721,942.7549,12.8490,12.9330,12.9990,1.0000,51.0000,84491.1681
F7722,942.8010,13.2330,13.3160,13.3660,1.0000,2578.0000,16815.4216
F7723,942.8121,13.0160,13.1330,13.1990,1.0000,10.0000,38816.9522
F7724,942.8282,13.7330,13.8160,13.8830,1.0000,28.0000,734229.1375
F7725,942.8337,14.2830,14.1830,14.4160,2.0000,117.0000,6066898.3707
F7726,942.8356,14.1660,14.2330,14.2830,1.0000,103.0000,5035417.7955
F7727,942.8451,13.9500,14.0000,14.0500,1.0000,163643.0000,658321.3035
F7728,942.8453,15.2500,15.2830,15.3500,1.0000,6.0000,11862.4998
F7729,942.9068,12.4490,12.4990,12.5660,1.0000,5126.0000,18765.3344
F7730,942.9097,12.5660,12.6330,12.6660,1.0000,2399.0000,11175.5955
F7731,942.9227,15.3830,15.4500,15.5000,1.0000,8.0000,6196.4649
F7732,942.9327,16.0000,16.1000,16.1500,1.0000,15.0000,13221.9282
F7733,942.9673,0.7300,0.7800,0.8130,1.0000,4970.0000,11311.7332
F7734,943.2631,5.6810,5.6720,5.7970,2.0000,83.0000,17705.5841
F7735,943.2828,9.2980,9.4320,9.5320,1.0000,3152.0000,24895.4328
F7736,943.3629,8.1310,8.2150,8.3150,1.0000,76.0000,26270.1969
F7737,943.5439,8.6150,8.6650,8.7150,1.0000,8.0000,6352.3444
F7738,943.5645,10.2990,10.3490,10.4320,1.0000,10.0000,12589.4008
F7739,943.6578,11.9320,11.9820,12.0820,1.0000,12.0000,18699.4855
F7740,943.7035,13.2330,13.3160,13.3830,1.0000,67.0000,95806.5442
F7741,943.7085,13.3830,13.4830,13.5330,1.0000,69.0000,102572.8089
F7742,943.7144,13.5660,13.7330,13.7160,2.0000,111.0000,676666.9894
F7743,943.7217,12.2820,12.3660,12.4160,1.0000,7.0000,16306.1773
F7744,943.7362,15.4330,15.5000,15.6000,1.0000,16.0000,20108.7302
F7745,943.7576,12.8490,12.9990,12.9990,2.0000,4028.0000,14990.3500
F7746,943.8122,12.9990,13.1160,13.3160,1.0000,19.0000,40285.1389
F7747,943.8391,14.2830,14.3160,14.4160,1.0000,122.0000,2128752.1645
F7748,943.8444,14.8000,14.7910,14.9500,2.0000,454.0000,7959789.7072
F7749,943.8509,13.9330,14.0000,14.1500,1.0000,34.0000,593746.9176
F7750,943.9096,12.4660,12.4990,12.5830,1.0000,11.0000,19383.6116
F7751,943.9512,13.1490,13.2330,13.3490,1.0000,20.0000,21277.7743
F7752,944.2627,5.4970,5.6140,5.6640,1.0000,62.0000,8685.8994
F7753,944.3642,8.1310,8.2310,8.2980,1.0000,60.0000,17061.8271
F7754,944.5558,7.7310,8.1310,8.6150,1.0000,24.0000,97587.0748
F7755,944.5668,10.1650,10.2820,10.3150,1.0000,7.0000,14023.2704
F7756,944.6749,12.1320,12.2490,12.3160,1.0000,24.0000,25774.8447
F7757,944.7065,13.2490,13.2990,13.3830,1.0000,13.0000,27822.2988
F7758,944.7074,13.3830,13.4660,13.4990,1.0000,13.0000,30306.2875
F7759,944.7177,13.5490,13.7330,13.7160,2.0000,245.0000,444217.2402
F7760,944.7624,12.8660,12.9160,12.9990,1.0000,18.0000,29115.4072
F7761,944.7698,13.0830,13.2410,13.2490,2.0000,48.0000,78772.8948
F7762,944.8269,13.4490,13.4410,13.5830,2.0000,6932.0000,28886.4795
F7763,944.8358,13.7830,13.8330,13.8830,1.0000,9012.0000,35111.5487
F7764,944.8474,14.0500,14.2660,14.4330,1.0000,30.0000,1174229.9679
F7765,944.8506,14.8000,14.7910,14.9500,2.0000,220.0000,5515708.8320
F7766,944.8636,14.4000,14.5000,14.5830,1.0000,136.0000,783726.9957
F7767,945.0537,10.2650,10.3650,10.4650,1.0000,9.0000,11256.4149
F7768,945.1988,6.3980,6.4810,6.5480,1.0000,182.0000,27300.9631
F7769,945.3623,8.1480,8.2310,8.3480,1.0000,59.0000,15953.5958
F7770,945.5558,10.2150,10.3150,10.4320,1.0000,16.0000,26470.6695
F7771,945.5587,7.8480,8.1150,8.3650,1.0000,17.0000,50197.6235
F7772,945.6163,7.4150,7.5150,7.5980,1.0000,544.0000,154825.6055
F7773,945.6396,11.9320,11.9820,12.0490,1.0000,18.0000,10185.1070
F7774,945.7195,13.5490,13.6330,13.7160,1.0000,7.0000,199303.3327
F7775,945.7304,13.9330,14.0660,14.0830,2.0000,49.0000,752281.4568
F7776,945.7502,12.6160,12.6490,12.6990,1.0000,8.0000,7383.8956
F7777,945.7689,12.8830,13.0330,13.0990,1.0000,4357.0000,33508.7867
F7778,945.7728,13.0830,13.2410,13.2490,2.0000,18.0000,58624.2607
F7779,945.8053,12.2660,12.2990,12.3490,1.0000,2248.0000,7138.1129
F7780,945.8119,12.9490,12.9990,13.0330,1.0000,6.0000,6260.5327
F7781,945.8369,13.7660,13.8160,13.8660,1.0000,23.0000,20010.1332
F7782,945.8411,13.8660,13.9000,13.9330,1.0000,16.0000,9914.7939
F7783,945.8557,14.4000,14.7660,15.1160,1.0000,125.0000,3738257.2458
F7784,945.8604,15.3670,15.4500,15.5330,1.0000,409.0000,6848737.8958
F7785,945.9489,13.5160,13.5830,13.6990,1.0000,11.0000,14024.2106
F7786,946.1996,6.3810,6.4640,6.5640,1.0000,128.0000,25708.7475
F7787,946.3623,8.1480,8.2310,8.3310,1.0000,13.0000,7232.2154
F7788,946.4870,7.8150,7.8650,7.9150,1.0000,22.0000,17211.6845
F7789,946.5610,7.8150,7.8810,7.9310,1.0000,15.0000,10110.4254
F7790,946.5716,9.4980,9.6150,9.7480,1.0000,19.0000,63371.4205
F7791,946.5767,11.1320,11.5990,11.7490,1.0000,15.0000,14431.7620
F7792,946.6061,11.4660,11.5160,11.5490,1.0000,18.0000,11688.4048
F7793,946.6206,7.4150,7.5150,7.6150,1.0000,146.0000,88165.3435
F7794,946.6544,11.9490,12.0160,12.0660,1.0000,3780.0000,16620.9832
F7795,946.7206,13.5490,13.6330,13.7330,1.0000,11997.0000,74387.7948
F7796,946.7296,13.7330,13.8330,13.8660,1.0000,7338.0000,34791.0537
F7797,946.7336,13.9330,14.0660,14.0830,2.0000,418.0000,493756.5352
F7798,946.7771,13.0830,13.1660,13.2330,1.0000,24.0000,84844.3381
F7799,946.7852,13.3830,13.4660,13.5330,1.0000,173.0000,673328.4266
F7800,946.8409,12.6990,12.9490,13.1160,1.0000,11.0000,61497.0233
F7801,946.8617,14.4500,14.7660,14.9660,1.0000,79.0000,1038616.8210
F7802,946.8655,15.3670,15.4500,15.5500,1.0000,298.0000,4779644.3949
F7803,946.8785,14.9500,14.9830,15.0500,1.0000,12281.0000,42500.8394
F7804,946.8835,16.7340,16.7840,16.8170,1.0000,2301.0000,8520.3849
F7805,946.8807,15.0500,15.1330,15.2160,1.0000,29677.0000,181445.6623
F7806,946.9033,16.8170,16.8670,16.9670,1.0000,14.0000,20530.2185
F7807,946.9419,13.5160,13.5660,13.5990,1.0000,7.0000,8292.2652
F7808,947.1503,11.9160,11.9820,12.0490,1.0000,19.0000,9394.8611
F7809,947.1979,6.3980,6.4640,6.5310,1.0000,5236.0000,21734.0366
F7810,947.2859,12.0820,12.2490,12.2160,2.0000,8150.0000,7080671.4861
F7811,947.4934,7.8650,7.8980,7.9480,1.0000,40.0000,9785.8279
F7812,947.5012,7.4480,7.5150,7.6150,1.0000,16.0000,11324.2371
F7813,947.5334,7.9980,8.1480,8.4980,1.0000,15.0000,39268.1093
F7814,947.5741,9.4980,9.5980,9.6320,1.0000,15.0000,20917.1059
F7815,947.6241,7.4310,7.5150,7.5980,1.0000,46.0000,30073.2826
F7816,947.6349,8.1150,8.1980,8.3150,1.0000,10.0000,7313.7827
F7817,947.6930,13.3330,13.3990,13.4490,1.0000,3373.0000,16639.6653
F7818,947.7118,12.8490,12.9330,13.0160,1.0000,26.0000,31219.5074
F7819,947.7218,13.5490,13.6160,13.7500,1.0000,16.0000,25488.5885
F7820,947.7349,13.9330,14.0160,14.0830,1.0000,61.0000,239488.2508
F7821,947.7455,14.5160,14.5000,14.6660,2.0000,109.0000,286170.8585
F7822,947.7814,13.0660,13.1660,13.2160,1.0000,15.0000,44737.7935
F7823,947.7857,13.2160,13.2830,13.3830,1.0000,32.0000,128605.3122
F7824,947.7888,13.3830,13.4660,13.5330,1.0000,188.0000,458233.0587
F7825,947.8008,12.5490,12.5990,12.6490,1.0000,6.0000,12467.7016
F7826,947.8436,12.8330,12.9330,12.9990,1.0000,9.0000,25371.5619
F7827,947.8553,14.2000,14.2330,14.3160,1.0000,18.0000,27047.9177
F7828,947.8696,15.3330,15.4670,15.6330,1.0000,181.0000,1973372.6766
F7829,947.8684,14.6330,14.8000,14.9500,1.0000,27.0000,258411.9860
F7830,947.8748,16.2170,16.3170,16.4170,1.0000,199.0000,1190475.2006
F7831,947.8851,15.0500,15.1330,15.2330,1.0000,11.0000,127482.8078
F7832,947.8849,16.7500,16.8000,16.8340,1.0000,2641.0000,8469.4779
F7833,948.1470,11.9490,11.9820,12.0320,1.0000,2241.0000,5993.3004
F7834,948.2174,7.5980,7.6810,7.7480,1.0000,62.0000,12077.5907
F7835,948.2860,12.2160,12.3490,12.4160,1.0000,53.0000,309102.9517
F7836,948.2878,12.0820,12.1490,12.2160,1.0000,8585.0000,6311712.5349
F7837,948.4958,6.8310,6.9140,6.9810,1.0000,10.0000,8957.0966
F7838,948.5022,7.4310,7.5310,7.6310,1.0000,19.0000,31586.6347
F7839,948.5525,10.2320,10.3490,10.3990,1.0000,8.0000,8885.2188
F7840,948.5988,11.4490,11.5320,11.5990,1.0000,41.0000,17692.6718
F7841,948.6278,7.4480,7.5150,7.5650,1.0000,20.0000,9199.3062
F7842,948.7354,13.8660,14.0330,14.1830,1.0000,33.0000,136904.5198
F7843,948.7412,14.1830,14.2660,14.3000,1.0000,12.0000,26651.6963
F7844,948.7488,14.3500,14.5000,14.5000,2.0000,25671.0000,169940.8800
F7845,948.7920,13.3830,13.4660,13.5330,1.0000,18.0000,196194.1341
F7846,948.8008,13.6990,13.7080,13.8830,2.0000,23.0000,321763.6740
F7847,948.8175,14.3000,14.3830,14.4160,1.0000,4417.0000,15483.9328
F7848,948.8747,15.3330,15.4670,15.6330,1.0000,112.0000,538591.8136
F7849,948.8788,16.2170,16.3170,16.4000,1.0000,153.0000,794988.7111
F7850,948.9039,12.6160,12.6490,12.6990,1.0000,1774.0000,6700.6455
F7851,948.9387,15.3000,15.3500,15.4000,1.0000,13.0000,21788.9429
F7852,949.1956,6.4140,6.4640,6.5310,1.0000,23.0000,7543.8774
F7853,949.2194,7.6150,7.6980,7.8310,1.0000,28.0000,10827.1917
F7854,949.2646,9.8480,9.9990,10.0990,1.0000,201.0000,768140.0049
F7855,949.2648,9.3320,9.4650,9.5650,1.0000,16.0000,65723.5803
F7856,949.2648,10.0990,10.1820,10.2650,1.0000,136.0000,474566.0349
F7857,949.2856,12.0820,12.2490,12.2160,2.0000,7792.0000,5657947.2008
F7858,949.3001,11.3820,11.4490,11.5160,1.0000,8658.0000,33874.2625
F7859,949.5468,9.5820,9.6320,9.7150,1.0000,14.0000,22812.7927
F7860,949.7086,13.6830,13.7660,13.8330,1.0000,17.0000,57588.9488
F7861,949.7236,13.2490,13.3160,13.3830,1.0000,15.0000,40761.3509
F7862,949.7250,13.0990,13.1660,13.2490,1.0000,43.0000,133836.3900
F7863,949.7503,14.3330,14.5080,14.5160,2.0000,32.0000,102008.3610
F7864,949.7586,12.6330,12.7330,12.8830,1.0000,17.0000,51713.7286
F7865,949.7615,14.8160,14.9160,15.0160,1.0000,13.0000,81882.9035
F7866,949.7953,13.3660,13.4330,13.5330,1.0000,14.0000,151436.2424
F7867,949.8021,13.5330,13.5990,13.6830,1.0000,29.0000,243675.4940
F7868,949.8046,13.6830,13.8160,13.9660,1.0000,37.0000,552405.5735
F7869,949.8320,14.2830,14.3660,14.4160,1.0000,2524.0000,12698.2259
F7870,949.8809,15.3500,15.4830,15.6670,1.0000,20.0000,142081.9358
F7871,949.8827,16.2170,16.3170,16.4170,1.0000,65.0000,299250.2388
F7872,949.8903,17.2840,17.3840,17.4840,1.0000,26.0000,157324.3601
F7873,949.9140,13.9160,13.9660,14.1330,1.0000,1774.0000,6870.3034
F7874,949.9403,15.0830,15.3160,15.4170,1.0000,14.0000,24198.4438
F7875,950.2637,9.3150,9.4320,9.5480,1.0000,17.0000,54341.2065
F7876,950.2655,9.8150,10.0150,10.3650,1.0000,193.0000,1106907.3008
F7877,950.2846,12.2160,12.3490,12.4330,1.0000,39.0000,163512.6236
F7878,950.2862,12.0820,12.1490,12.2160,1.0000,6025.0000,3051256.0861
F7879,950.3010,11.3820,11.4490,11.5160,1.0000,10048.0000,34838.8563
F7880,950.5205,10.2490,10.3900,10.3820,2.0000,18.0000,19653.2861
F7881,950.5477,9.5320,9.6650,9.8980,1.0000,11.0000,12889.0963
F7882,950.5649,11.5660,11.6160,11.6490,1.0000,33.0000,9806.5804
F7883,950.7103,13.6830,13.8830,13.8330,2.0000,25.0000,33897.4970
F7884,950.7281,13.0830,13.2410,13.2490,2.0000,15.0000,22382.7217
F7885,950.7511,14.3330,14.5160,14.5160,2.0000,4765.0000,38120.6204
F7886,950.7550,14.6500,14.7000,14.7160,1.0000,2350.0000,7255.2417
F7887,950.7629,12.6330,12.7330,12.8490,1.0000,23.0000,35311.6623
F7888,950.7649,14.8500,14.9160,15.0160,1.0000,12.0000,47436.7066
F7889,950.8082,13.5330,13.6160,13.6990,3.0000,35.0000,158193.2308
F7890,950.8164,13.1830,13.1830,13.3490,2.0000,71.0000,248788.1553
F7891,950.8163,13.8330,14.0330,14.4500,1.0000,92.0000,1118122.6811
F7892,950.8303,14.4830,14.5660,14.7000,1.0000,11.0000,15772.8267
F7893,950.8398,14.8830,14.9330,14.9830,1.0000,4305.0000,15148.2360
F7894,950.8727,14.7330,14.7830,14.8160,1.0000,16.0000,10479.7918
F7895,950.8884,16.2000,16.3170,16.4340,1.0000,40.0000,82342.9451
F7896,950.8936,15.1000,15.5000,15.9170,1.0000,6.0000,43628.1154
F7897,950.8934,17.2840,17.3840,17.5000,1.0000,23.0000,105354.6896
F7898,950.9011,16.5340,17.0000,17.0170,1.0000,1573.0000,10116.4629
F7899,950.9092,13.3490,13.4160,13.7830,1.0000,2314.0000,25416.3471
F7900,951.2642,9.8480,9.9990,10.0990,1.0000,140.0000,596854.0178
F7901,951.2794,6.3810,6.4640,6.5310,1.0000,22.0000,12955.3034
F7902,951.2819,12.2160,12.3490,12.4160,1.0000,32.0000,84001.9932
F7903,951.2848,12.0820,12.1490,12.2160,1.0000,4257.0000,1585307.7699
F7904,951.2998,11.3820,11.4490,11.4990,1.0000,7329.0000,28058.1474
F7905,951.5190,7.7150,7.8810,8.0810,1.0000,18.0000,48715.0030
F7906,951.5274,10.3490,10.4150,10.4990,1.0000,9.0000,11971.9036
F7907,951.5772,11.4820,11.5320,11.5820,1.0000,2751.0000,11199.2391
F7908,951.7167,13.6990,13.7500,13.8160,1.0000,21.0000,15735.8597
F7909,951.7183,12.0320,12.0820,12.1160,1.0000,2345.0000,6557.9008
F7910,951.7230,14.1330,14.2000,14.2830,1.0000,35.0000,83314.2285
F7911,951.7324,13.0990,13.1660,13.2490,1.0000,6965.0000,32498.4442
F7912,951.7407,13.3830,13.3830,13.5330,2.0000,7909.0000,47301.0953
F7913,951.7674,14.6830,14.9160,15.3330,1.0000,8.0000,51360.8957
F7914,951.7755,12.8330,12.9160,12.9990,1.0000,42.0000,162583.0452
F7915,951.7773,15.3160,15.4170,15.7330,1.0000,64.0000,132937.6485
F7916,951.7778,12.9990,13.0490,13.0830,1.0000,14.0000,36411.4913
F7917,951.8118,13.3490,13.4330,13.5160,1.0000,8.0000,76827.0163
F7918,951.8133,13.5490,13.7080,13.7160,2.0000,18.0000,119216.7893
F7919,951.8194,13.9000,14.0660,14.0330,3.0000,45.0000,225873.7956
F7920,951.8196,13.0830,13.1330,13.1830,1.0000,22.0000,164110.7090
F7921,951.8202,13.1830,13.2330,13.3490,1.0000,30.0000,286336.8249
F7922,951.8200,14.1330,14.1830,14.2500,1.0000,41.0000,184989.7923
F7923,951.8411,14.8500,14.9160,15.0160,1.0000,16.0000,16417.2715
F7924,951.8983,17.2670,17.3840,17.5340,1.0000,14.0000,45008.5122
F7925,952.2639,9.8480,10.0900,10.0990,2.0000,29.0000,350045.4729
F7926,952.2757,12.3820,12.4490,12.5160,1.0000,42.0000,19495.4241
F7927,952.2806,6.1140,6.1640,6.1980,1.0000,21.0000,7519.8278
F7928,952.2840,12.0820,12.1490,12.2160,1.0000,2229.0000,675730.9940
F7929,952.2989,6.3980,6.4810,6.5640,1.0000,66.0000,53230.1221
F7930,952.3000,11.3490,11.4490,11.5320,1.0000,40.0000,21387.0160
F7931,952.5247,8.2480,8.3310,8.4650,1.0000,14.0000,23351.3551
F7932,952.5266,7.7650,7.8980,7.9650,1.0000,9.0000,24433.5462
F7933,952.5273,8.4810,8.6650,8.7480,1.0000,8.0000,32071.0274
F7934,952.5346,9.8820,9.9990,10.1650,1.0000,15.0000,61968.5757
F7935,952.5604,10.3150,10.3650,10.4150,1.0000,7.0000,11803.8521
F7936,952.5742,8.8150,8.8650,8.9150,1.0000,6.0000,5534.0799
F7937,952.5905,11.9160,11.9990,12.0660,1.0000,8.0000,16600.1318
F7938,952.7239,14.1330,14.2000,14.3000,1.0000,20.0000,51253.5866
F7939,952.7438,13.3830,13.3740,13.5660,2.0000,13.0000,34858.6876
F7940,952.7589,11.7990,11.8490,11.8990,1.0000,5.0000,7783.1721
F7941,952.7791,12.8330,12.9160,12.9990,1.0000,37.0000,113213.9274
F7942,952.7808,15.3000,15.4170,15.7170,1.0000,74.0000,94425.8709
F7943,952.8138,11.8990,11.9490,12.0160,1.0000,5.0000,17472.7481
F7944,952.8225,13.0990,13.1660,13.3160,1.0000,34.0000,175219.9680
F7945,952.8249,13.6660,14.0330,14.3000,1.0000,44.0000,617038.7056
F7946,952.8321,14.3500,14.4910,14.5000,2.0000,75.0000,261999.4297
F7947,952.8319,13.5490,13.5990,13.6490,1.0000,264.0000,814821.5192
F7948,952.8328,13.3490,13.4830,13.5490,1.0000,568.0000,2733784.1365
F7949,952.8326,14.6830,14.7500,14.8000,1.0000,17.0000,52184.6204
F7950,953.2436,5.7470,5.8970,5.8970,2.0000,7.0000,20436.2274
F7951,953.2626,9.8820,9.9820,10.0820,1.0000,30.0000,166746.1671
F7952,953.2778,6.1140,6.1470,6.2310,1.0000,30.0000,9607.4938
F7953,953.2827,12.0820,12.1490,12.2160,1.0000,652.0000,261523.5610
F7954,953.2994,6.3980,6.4810,6.5480,1.0000,251.0000,46409.8458
F7955,953.3010,11.1650,11.4490,11.8820,1.0000,20.0000,14132.7543
F7956,953.5362,11.5490,11.5990,11.6320,1.0000,50.0000,10932.7796
F7957,953.5399,9.9820,10.0320,10.0990,1.0000,16.0000,23012.8607
F7958,953.5644,10.2820,10.3320,10.3990,1.0000,9.0000,9847.5219
F7959,953.5873,11.8820,11.9990,12.1320,1.0000,7.0000,16193.1598
F7960,953.7277,14.1500,14.2160,14.3160,1.0000,15.0000,24405.0823
F7961,953.7375,14.7000,14.8000,14.8830,1.0000,11122.0000,65406.1278
F7962,953.7486,13.4330,13.4660,13.5160,1.0000,34.0000,29617.3759
F7963,953.7560,13.7160,13.8660,13.8660,2.0000,14042.0000,123408.0419
F7964,953.7573,13.5490,13.6330,13.7160,1.0000,12933.0000,104674.5225
F7965,953.7785,12.3990,12.4490,12.5330,1.0000,40.0000,74534.5226
F7966,953.7837,12.8330,12.9160,12.9830,1.0000,17.0000,43428.7102
F7967,953.7841,15.3160,15.4000,15.4670,1.0000,14.0000,24648.3216
F7968,953.7920,13.0990,13.1830,13.2490,1.0000,59.0000,337808.7004
F7969,953.7933,16.1330,16.3420,16.3670,2.0000,3069.0000,20435.2539
F7970,953.8184,11.8660,11.9160,11.9490,1.0000,10.0000,8372.3062
F7971,953.8241,13.7500,13.8160,13.9660,1.0000,35.0000,140044.9794
F7972,953.8284,13.9660,14.1660,14.1160,3.0000,52.0000,125020.2024
F7973,953.8352,14.3660,14.5500,14.5000,3.0000,87.0000,182998.0713
F7974,953.8355,13.4330,13.5410,13.5660,2.0000,100944.0000,418985.4698
F7975,953.8671,15.0160,15.6330,15.8330,1.0000,7.0000,16642.4589
F7976,954.2415,5.7640,5.8310,5.8810,1.0000,7.0000,9872.6418
F7977,954.2620,9.8150,10.0150,10.3650,1.0000,20.0000,134963.1293
F7978,954.2742,12.4160,12.4490,12.4990,1.0000,11478.0000,30726.0401
F7979,954.2992,6.4140,6.4810,6.5480,1.0000,76.0000,37381.0185
F7980,954.5183,7.4810,7.5310,7.6480,1.0000,11.0000,5846.1861
F7981,954.5434,10.1990,10.2990,10.4320,1.0000,17.0000,64831.3617
F7982,954.5427,8.5820,8.6820,8.7980,1.0000,9.0000,14320.9133
F7983,954.5481,11.0320,11.1150,11.1990,1.0000,7.0000,15990.0720
F7984,954.5527,9.4650,9.5150,9.5480,1.0000,1451.0000,4696.2526
F7985,954.6045,11.6160,11.6660,11.7160,1.0000,2604.0000,11350.3803
F7986,954.6576,11.8990,11.9490,12.0490,1.0000,10.0000,20055.5885
F7987,954.7401,14.6660,14.8000,14.9000,1.0000,64.0000,42483.4391
F7988,954.7606,13.5490,13.6830,13.9500,1.0000,9572.0000,99910.3682
F7989,954.7927,12.4660,12.5160,12.5660,1.0000,7.0000,32424.3519
F7990,954.7955,13.1160,13.1830,13.2490,1.0000,71.0000,225028.8307
F7991,954.7973,16.1500,16.2830,16.3330,1.0000,19.0000,34202.8919
F7992,954.8393,14.3660,14.5000,14.5000,2.0000,37.0000,138213.4014
F7993,954.8388,13.3330,13.4830,13.5490,1.0000,157.0000,658871.8345
F7994,954.8405,14.1330,14.3160,14.3660,1.0000,31.0000,187372.4510
F7995,954.8469,13.9830,14.0660,14.1330,1.0000,234.0000,788212.3616
F7996,954.8468,14.8660,14.9330,14.9830,1.0000,27.0000,81619.2339
F7997,954.8478,14.9830,15.1330,15.1330,2.0000,24.0000,92118.4244
F7998,954.8489,13.7330,13.8160,13.9830,1.0000,2055.0000,7964050.5385
F7999,955.1478,11.9320,11.9820,12.0160,1.0000,1565.0000,5505.3153
F8000,955.2411,5.7810,5.8140,5.8970,1.0000,8.0000,5780.2525
F8001,955.2621,9.8480,10.0150,10.3650,1.0000,14.0000,54829.6807
F8002,955.2990,6.4140,6.4810,6.5310,1.0000,5061.0000,18749.3171
F8003,955.5515,10.1650,10.3490,10.4490,1.0000,16.0000,50696.1565
F8004,955.6119,11.6160,11.6660,11.7160,1.0000,20.0000,9610.5831
F8005,955.6388,11.9320,11.9820,12.0490,1.0000,3116.0000,14975.8477
F8006,955.7414,14.7160,14.8160,14.9500,1.0000,19.0000,20719.9299
F8007,955.7537,15.4830,15.5330,15.5830,1.0000,2090.0000,8265.2764
F8008,955.7711,14.2500,14.2410,14.4000,2.0000,44.0000,32646.8874
F8009,955.7726,13.9160,13.9660,14.1000,1.0000,108.0000,153222.7345
F8010,955.7996,13.0990,13.1830,13.2490,1.0000,15.0000,85162.5896
F8011,955.8063,12.6660,12.7330,12.8490,1.0000,16.0000,116400.1794
F8012,955.8097,17.1340,17.3340,17.5840,1.0000,17.0000,30057.2075
F8013,955.8136,13.4490,13.4990,13.5990,1.0000,60300.0000,283815.6469
F8014,955.8249,11.8990,12.0490,12.3320,1.0000,9.0000,9108.4971
F8015,955.8296,13.5830,13.6160,13.6660,1.0000,13170.0000,33980.1033
F8016,955.8363,13.3330,13.4330,13.4660,1.0000,19928.0000,76604.0673
F8017,955.8436,14.4500,14.5160,14.6000,1.0000,25.0000,189768.4505
F8018,955.8506,13.9830,14.0660,14.1330,1.0000,70.0000,521522.4824
F8019,955.8523,13.7330,13.8160,13.9830,1.0000,619.0000,5412231.4173
F8020,956.2630,9.9150,9.9990,10.0820,1.0000,8.0000,11218.6437
F8021,956.2970,6.4140,6.4640,6.5310,1.0000,2718.0000,13127.7393
F8022,956.3179,0.7130,0.7460,0.7960,1.0000,13967.0000,22154.9429
F8023,956.5564,10.2150,10.2990,10.4150,1.0000,13.0000,30033.7476
F8024,956.5576,11.5320,11.5990,11.6490,1.0000,28.0000,24750.0891
F8025,956.5577,9.9480,9.9990,10.0820,1.0000,6.0000,10699.8055
F8026,956.6356,11.9320,11.9820,12.0160,1.0000,14.0000,9656.4100
F8027,956.7763,13.9160,14.0000,14.2000,1.0000,11429.0000,147581.0821
F8028,956.8050,13.1160,13.1830,13.2830,1.0000,11.0000,28243.9854
F8029,956.8124,13.4330,13.4990,13.5990,1.0000,45.0000,201897.9775
F8030,956.8128,12.6490,12.7330,12.8330,1.0000,15.0000,84690.5369
F8031,956.8151,17.2670,17.3170,17.3840,1.0000,9.0000,11611.5370
F8032,956.8548,13.7330,13.8160,13.9160,1.0000,378.0000,1704354.7989
F8033,956.8589,14.5830,14.7000,14.7660,1.0000,19.0000,111440.5148
F8034,956.8610,14.4160,14.5160,14.5830,1.0000,102.0000,598055.0676
F8035,956.8648,14.1660,14.2660,14.3500,1.0000,2075.0000,9444960.1262
F8036,957.6283,11.8820,11.9320,11.9990,1.0000,16.0000,18760.4972
F8037,957.6921,13.0160,13.0660,13.0990,1.0000,1523.0000,5500.4931
F8038,957.7138,13.4330,13.4410,13.5660,2.0000,17.0000,19091.7805
F8039,957.7652,12.7660,12.8830,12.9490,1.0000,24.0000,95462.0882
F8040,957.7856,14.6160,14.7330,14.7660,1.0000,2590.0000,17986.8249
F8041,957.7882,14.3660,14.4750,14.4660,2.0000,15076.0000,67471.1955
F8042,957.8161,13.4330,13.4990,13.5830,1.0000,45.0000,83259.4348
F8043,957.8207,12.8330,12.8410,13.0160,2.0000,25.0000,72521.7182
F8044,957.8575,13.7160,13.8160,13.9500,1.0000,56007.0000,474508.6264
F8045,957.8604,13.9500,14.1000,14.1330,1.0000,15763.0000,114027.3510
F8046,957.8654,14.4160,14.5160,14.5830,1.0000,22.0000,382767.8146
F8047,957.8683,14.1660,14.2660,14.3500,1.0000,476.0000,6136887.6124
F8048,957.8952,16.8670,16.9340,16.9840,1.0000,7.0000,7621.8868
F8049,957.9284,12.5660,12.6830,12.7330,1.0000,9.0000,5326.9501
F8050,958.0044,14.4000,14.4330,14.5330,1.0000,19.0000,14079.5666
F8051,958.5579,9.9820,10.0320,10.0650,1.0000,6.0000,5357.7789
F8052,958.6710,13.1490,13.2160,13.2660,1.0000,8.0000,8476.2836
F8053,958.7153,13.3490,13.4830,13.6660,1.0000,21.0000,44128.7206
F8054,958.7688,12.7830,12.8830,12.9830,1.0000,9800.0000,80682.4078
F8055,958.7913,14.3500,14.5330,14.4830,3.0000,8816.0000,45271.8364
F8056,958.8185,13.4330,13.4990,13.5830,1.0000,12.0000,29650.9419
F8057,958.8271,12.8990,12.9660,13.0830,1.0000,20.0000,94036.1261
F8058,958.8411,13.9000,13.9500,14.0000,1.0000,30.0000,30776.9646
F8059,958.8589,13.6990,13.8160,13.9160,1.0000,22.0000,99998.7417
F8060,958.8712,14.1660,14.3910,14.3500,2.0000,15.0000,223591.0511
F8061,958.8804,14.6660,14.7500,14.8500,1.0000,1170.0000,8932929.1868
F8062,959.0070,14.3500,14.4000,14.4830,1.0000,26.0000,19036.0966
F8063,959.2842,12.1160,12.1490,12.1990,1.0000,4552.0000,10498.7097
F8064,959.6203,11.6160,11.6660,11.7320,1.0000,12.0000,13328.5892
F8065,959.6587,11.9320,12.0160,12.0660,1.0000,8.0000,12156.1456
F8066,959.6872,13.5160,13.6330,13.6830,1.0000,9.0000,8822.6168
F8067,959.6965,13.3990,13.4660,13.5330,1.0000,16.0000,15026.1480
F8068,959.7278,13.7330,13.8160,13.9000,1.0000,218.0000,216978.4554
F8069,959.7335,13.9000,14.0660,14.1500,1.0000,14.0000,45628.6889
F8070,959.7601,11.5660,11.6320,11.6820,1.0000,7.0000,8871.3619
F8071,959.7715,12.7830,12.8660,12.9660,1.0000,4921.0000,36411.5132
F8072,959.7813,12.9830,13.1330,13.1490,2.0000,41018.0000,217237.2561
F8073,959.7934,14.4830,14.5500,14.6500,1.0000,4182.0000,25907.3627
F8074,959.7962,14.3830,14.4160,14.4830,1.0000,3972.0000,20003.7839
F8075,959.8338,12.7830,13.0830,12.9660,2.0000,7.0000,46716.5256
F8076,959.8490,13.6830,13.7990,13.8830,1.0000,25.0000,25207.4016
F8077,959.8735,14.1330,14.2660,14.3660,1.0000,139.0000,581533.1861
F8078,959.8791,14.9330,15.1660,15.2330,1.0000,22.0000,245580.4248
F8079,959.8836,14.6660,14.8160,14.8330,2.0000,1565.0000,5528512.2476
F8080,959.8827,16.3000,16.3670,16.4840,1.0000,17.0000,64093.1761
F8081,959.9428,14.4330,14.4830,14.5830,1.0000,2462.0000,15481.6229
F8082,960.6131,11.6160,11.6660,11.7490,1.0000,14.0000,15120.5577
F8083,960.6470,12.0820,12.1320,12.2320,1.0000,13.0000,8044.9052
F8084,960.6864,13.3490,13.4830,13.5660,1.0000,8308.0000,72980.3243
F8085,960.6887,13.5660,13.6160,13.6660,1.0000,3729.0000,18901.7777
F8086,960.7311,13.7330,13.8160,13.8830,1.0000,50.0000,130004.4997
F8087,960.7700,11.5490,11.6160,11.6820,1.0000,16.0000,46125.7509
F8088,960.7850,12.9830,13.1240,13.1490,2.0000,78.0000,151592.9789
F8089,960.8249,13.7160,13.8160,13.9500,1.0000,17.0000,40833.6078
F8090,960.8375,13.1660,13.2330,13.3160,1.0000,8.0000,45854.2110
F8091,960.8764,14.1160,14.2660,14.3500,1.0000,33.0000,126061.7912
F8092,960.8864,14.4500,14.7660,15.1330,1.0000,284.0000,2543179.0925
F8093,960.8961,15.4000,15.4830,15.5830,1.0000,511.0000,3290480.4354
F8094,960.9477,14.4330,14.5000,14.5330,1.0000,7.0000,8016.4089
F8095,961.6929,13.3830,13.4660,13.6490,1.0000,6219.0000,57436.7603
F8096,961.7294,13.7330,13.8160,13.8830,1.0000,39.0000,52638.6895
F8097,961.7437,14.1660,14.2500,14.3330,1.0000,70813.0000,401181.8378
F8098,961.7741,11.5320,11.6160,11.6820,1.0000,10.0000,30106.2005
F8099,961.7882,12.9830,13.0660,13.2330,1.0000,39.0000,285230.1516
F8100,961.7967,13.3830,13.3740,13.5330,2.0000,429.0000,1676270.6665
F8101,961.8182,15.3830,15.6330,15.8830,1.0000,8.0000,13979.0708
F8102,961.8281,13.7500,13.8160,13.8660,1.0000,12.0000,19183.5686
F8103,961.8715,14.1160,14.2660,14.4000,1.0000,18.0000,41811.2907
F8104,961.8894,14.6660,14.7500,14.8330,1.0000,102.0000,487402.4784
F8105,961.8991,15.4000,15.4830,15.5830,1.0000,345.0000,2246721.1847
F8106,961.9389,15.2660,15.3160,15.3500,1.0000,3494.0000,12562.8927
F8107,962.5373,7.7980,7.8810,7.9650,1.0000,8.0000,9502.3235
F8108,962.5669,9.4980,9.5820,9.6820,1.0000,19.0000,23668.5737
F8109,962.6407,11.9320,11.9820,12.0820,1.0000,12.0000,15490.8753
F8110,962.6930,13.2330,13.5990,13.7160,1.0000,7.0000,13712.8860
F8111,962.7038,13.7330,13.9410,13.9000,2.0000,167.0000,203886.0547
F8112,962.7471,14.1660,14.2660,14.3330,1.0000,182.0000,250629.0734
F8113,962.7738,11.5820,11.6320,11.6990,1.0000,9.0000,9840.0292
F8114,962.8003,13.3830,13.3740,13.5160,2.0000,262.0000,1179532.3475
F8115,962.8415,14.2000,14.2500,14.3330,1.0000,29.0000,40327.7137
F8116,962.8883,12.0660,12.0990,12.1490,1.0000,6.0000,4716.4393
F8117,962.8925,14.6660,14.7660,14.8500,1.0000,29.0000,108444.3661
F8118,962.8975,16.5340,16.8170,17.3670,1.0000,3122.0000,34432.7445
F8119,962.9022,15.4000,15.4830,15.5830,1.0000,191.0000,791761.5782
F8120,962.9106,16.2670,16.3500,16.4500,1.0000,82.0000,368339.3737
F8121,962.9121,12.7330,12.7990,12.9330,1.0000,11.0000,45286.4959
F8122,963.2504,7.5980,7.6980,7.7810,1.0000,128.0000,129035.1851
F8123,963.3323,6.4310,6.4980,6.5640,1.0000,20.0000,8992.6731
F8124,963.5057,11.4320,11.4820,11.5160,1.0000,2120.0000,7107.6191
F8125,963.6552,12.1990,12.2490,12.3160,1.0000,3030.0000,11766.2396
F8126,963.7066,13.7160,13.8160,13.8830,1.0000,60.0000,128187.3257
F8127,963.7464,14.1330,14.2500,14.3500,1.0000,39.0000,106403.3950
F8128,963.7590,14.6500,14.7830,14.9330,1.0000,255.0000,422412.3997
F8129,963.8041,13.1990,13.3160,13.5160,1.0000,150.0000,1081512.0052
F8130,963.8120,13.6990,13.8330,13.9000,1.0000,461.0000,1793577.9153
F8131,963.8130,13.5660,13.6330,13.6990,1.0000,2487.0000,4549810.2736
F8132,963.8180,13.0990,13.1490,13.2330,1.0000,24.0000,64937.3163
F8133,963.8350,16.3170,16.3830,16.4840,1.0000,13.0000,25556.0844
F8134,963.8417,14.3000,14.3500,14.4000,1.0000,3992.0000,19716.9069
F8135,963.8449,14.1500,14.2330,14.3000,1.0000,5286.0000,29694.3020
F8136,963.8887,14.7160,14.7660,14.8330,1.0000,16.0000,22494.7708
F8137,963.9055,15.4000,15.5000,15.5830,1.0000,68.0000,204504.4378
F8138,963.9137,16.2670,16.3500,16.4500,1.0000,63.0000,259496.0182
F8139,963.9159,12.7160,12.7830,12.8490,1.0000,5102.0000,25683.6754
F8140,963.9183,12.8490,12.8660,12.9160,1.0000,3124.0000,10285.5706
F8141,964.2518,7.5980,7.6980,7.7810,1.0000,19339.0000,123978.2367
F8142,964.3359,6.4480,6.4810,6.5480,1.0000,33.0000,6622.0051
F8143,964.5433,8.0980,8.1480,8.2310,1.0000,17.0000,13583.3397
F8144,964.5457,8.0150,8.0650,8.0980,1.0000,16.0000,9144.9437
F8145,964.5874,11.7990,11.8660,11.9490,1.0000,7.0000,14834.4037
F8146,964.7091,13.6990,13.8160,13.9330,1.0000,16.0000,69160.4878
F8147,964.7193,14.1660,14.2500,14.3500,1.0000,50.0000,332044.9400
F8148,964.7623,14.6830,14.7830,14.8660,1.0000,338.0000,246925.9008
F8149,964.8001,12.1490,12.1820,12.2320,1.0000,16.0000,22008.4553
F8150,964.8155,13.7160,13.8330,13.9000,1.0000,65.0000,1062796.0833
F8151,964.8175,13.5660,13.6330,13.7160,1.0000,332.0000,3242531.8010
F8152,964.8250,13.3990,13.4490,13.5660,1.0000,28.0000,573775.9933
F8153,964.8400,14.2330,14.3160,14.4500,1.0000,11.0000,22578.5119
F8154,964.8569,14.7000,14.7830,15.0500,1.0000,4914.0000,23380.3249
F8155,964.9087,15.4000,15.4830,15.5500,1.0000,12.0000,36485.0370
F8156,964.9170,16.1670,16.3670,16.5670,1.0000,34.0000,104639.1815
F8157,964.9246,12.7330,12.7990,12.8990,1.0000,8.0000,14436.0557
F8158,964.9313,14.6160,14.6830,14.7330,1.0000,1850.0000,9455.3099
F8159,965.2506,7.5980,7.6810,7.7810,1.0000,19774.0000,118155.2475
F8160,965.2972,6.3980,6.4810,6.5480,1.0000,8150.0000,11923696.1238
F8161,965.3159,11.5990,11.6490,11.7160,1.0000,181.0000,76273.6996
F8162,965.5892,11.7660,11.8160,11.8660,1.0000,10.0000,12902.8159
F8163,965.7002,13.0830,13.2410,13.2490,2.0000,13.0000,28132.1919
F8164,965.7215,14.1500,14.2660,14.4000,1.0000,65.0000,215302.2243
F8165,965.7628,14.7000,14.7830,14.8500,1.0000,36.0000,79815.2744
F8166,965.7749,15.4000,15.4830,15.5830,1.0000,102.0000,64642.4087
F8167,965.8057,12.1320,12.1820,12.2820,1.0000,8.0000,20506.6006
F8168,965.8211,13.5660,13.6330,13.7160,1.0000,320.0000,1170573.6439
F8169,965.8288,13.9000,14.0330,14.2160,1.0000,1323.0000,8451437.2348
F8170,965.8329,13.3830,13.4490,13.5660,1.0000,45.0000,297383.1053
F8171,965.8577,14.6830,14.7660,14.8660,1.0000,19.0000,24591.4704
F8172,965.8749,12.0320,12.0820,12.1160,1.0000,6.0000,6390.7819
F8173,965.9138,15.4170,15.5000,15.5670,1.0000,10.0000,10594.5466
F8174,965.9198,16.2330,16.3670,16.5000,1.0000,9.0000,28002.7946
F8175,965.9360,14.6500,14.7000,14.7330,1.0000,1821.0000,5753.2967
F8176,966.2276,12.1160,12.1490,12.1990,1.0000,12.0000,7132.6623
F8177,966.2514,7.5980,7.6980,7.7980,1.0000,11252.0000,69500.0611
F8178,966.2980,6.3980,6.4810,6.5640,1.0000,7999.0000,10682094.3469
F8179,966.3086,11.4990,11.7490,11.7990,1.0000,1572.0000,6909.3942
F8180,966.5593,9.5320,9.5980,9.8820,1.0000,2255.0000,8997.2271
F8181,966.5671,9.6480,9.6820,9.7980,1.0000,11.0000,9754.2208
F8182,966.5725,10.2490,10.2990,10.3820,1.0000,5.0000,7476.4518
F8183,966.6061,12.0320,12.1160,12.1820,1.0000,19.0000,15009.7030
F8184,966.6086,6.8810,7.0810,7.2310,1.0000,14.0000,13241.3212
F8185,966.6941,14.5000,14.6160,14.7000,1.0000,5179.0000,53510.6603
F8186,966.6938,14.9330,15.2330,15.8170,1.0000,13.0000,227850.9810
F8187,966.7005,13.0830,13.1660,13.2490,1.0000,11.0000,112846.9164
F8188,966.7005,14.3330,14.3830,14.4660,1.0000,5417.0000,35562.4152
F8189,966.7169,14.1660,14.2660,14.3500,1.0000,12002.0000,82091.6195
F8190,966.7338,14.6660,14.7830,14.9330,1.0000,44022.0000,338013.4017
F8191,966.7774,15.3830,15.5000,15.5830,1.0000,53.0000,43781.6738
F8192,966.8123,12.5660,12.9330,13.0160,1.0000,15.0000,31773.1958
F8193,966.8309,13.5490,13.6330,13.7330,1.0000,122.0000,389884.9261
F8194,966.8331,13.9000,14.0330,14.2160,1.0000,1156.0000,5807368.0203
F8195,966.8392,13.7330,13.8500,13.9330,1.0000,232.0000,970454.0021
F8196,966.8415,13.3660,13.4490,13.5490,1.0000,40.0000,182644.6184
F8197,966.8615,14.7660,14.8160,14.8830,1.0000,2729.0000,11336.6731
F8198,966.8871,12.0490,12.0990,12.1320,1.0000,1538.0000,5572.9101
F8199,967.2508,7.6150,7.6810,7.7980,1.0000,82.0000,37716.0682
F8200,967.2747,4.9300,5.0140,5.0810,1.0000,16.0000,16158.8386
F8201,967.2968,6.3980,6.4810,6.5480,1.0000,6255.0000,9596656.6321
F8202,967.6067,7.0140,7.0640,7.1140,1.0000,1385.0000,5944.4023
F8203,967.6921,11.9160,11.9820,12.0490,1.0000,3241.0000,22971.8231
F8204,967.6952,11.4160,11.3990,11.5490,2.0000,3414.0000,24891.0702
F8205,967.6984,11.5490,11.7320,11.6660,3.0000,2599.0000,11963.8241
F8206,967.7082,13.2330,13.2830,13.3830,1.0000,9.0000,53466.0451
F8207,967.7136,13.3830,13.4660,13.5330,1.0000,31.0000,146658.9428
F8208,967.7371,14.6830,14.7660,14.9160,1.0000,27240.0000,206675.1938
F8209,967.8366,13.9500,14.0330,14.2500,1.0000,376.0000,2098475.5546
F8210,967.8434,14.2500,14.5000,14.5000,2.0000,394.0000,2097093.3372
F8211,967.8436,13.5330,13.6160,13.7500,1.0000,33.0000,178461.4676
F8212,967.8469,13.3330,13.4660,13.5330,1.0000,17.0000,87878.9498
F8213,967.8488,13.7500,13.8160,13.9500,1.0000,78.0000,569710.5837
F8214,968.2493,7.6310,7.6980,7.7650,1.0000,29.0000,14966.2705
F8215,968.2748,4.9470,5.0140,5.0970,1.0000,14.0000,16393.5413
F8216,968.2968,6.3980,6.4810,6.5640,1.0000,4522.0000,5466324.9252
F8217,968.5035,8.0980,8.1650,8.2310,1.0000,17.0000,30287.7922
F8218,968.5546,7.7650,7.8810,7.9810,1.0000,45.0000,52047.2495
F8219,968.6726,0.9460,0.9960,1.0800,1.0000,11.0000,13532.0262
F8220,968.7166,13.3330,13.4660,13.5660,1.0000,22.0000,112237.0369
F8221,968.7383,14.6830,14.7660,14.8660,1.0000,65.0000,67788.3389
F8222,968.7505,15.4000,15.4830,15.5670,1.0000,92.0000,62628.5134
F8223,968.7684,13.0990,13.1490,13.1830,1.0000,4247.0000,15074.1474
F8224,968.7699,12.9490,13.0330,13.0990,1.0000,11224.0000,49600.4905
F8225,968.8267,13.0830,13.1660,13.2660,1.0000,20.0000,89597.4603
F8226,968.8479,14.3500,14.5000,14.5000,2.0000,42.0000,1247276.1124
F8227,968.8540,13.6830,14.0160,14.2000,1.0000,13.0000,1120545.6271
F8228,968.9839,0.7460,0.7800,0.8300,1.0000,14684.0000,27240.6552
F8229,969.2747,4.9470,5.0140,5.0810,1.0000,20.0000,13000.0579
F8230,969.2954,6.3980,6.4810,6.5640,1.0000,2518.0000,2709931.6165
F8231,969.3153,11.3990,11.4490,11.5160,1.0000,13.0000,16417.4897
F8232,969.5086,8.0980,8.1060,8.2480,2.0000,10.0000,21552.9412
F8233,969.5579,7.7650,7.8650,7.9810,1.0000,19.0000,34479.1181
F8234,969.5724,11.4490,11.5160,11.5990,1.0000,3013.0000,15774.0589
F8235,969.6203,11.6320,11.6660,11.7490,1.0000,28.0000,9259.0566
F8236,969.7191,13.3660,13.4660,13.5330,1.0000,14.0000,47912.7863
F8237,969.7286,13.7660,13.8830,13.9830,1.0000,14.0000,74175.2112
F8238,969.7300,13.5330,13.5990,13.6660,1.0000,18.0000,62506.6077
F8239,969.7508,15.3830,15.4830,15.5670,1.0000,39.0000,40465.8918
F8240,969.7737,12.9660,13.0330,13.0830,1.0000,19.0000,31582.8158
F8241,969.8300,13.0990,13.1660,13.2490,1.0000,24.0000,63663.5828
F8242,969.8514,14.3660,14.5000,14.5000,2.0000,107.0000,436386.6442
F8243,969.8586,14.8330,14.9000,14.9830,1.0000,125.0000,451021.5786
F8244,969.8590,15.1830,15.2660,15.3330,1.0000,45.0000,151307.6691
F8245,969.8599,14.1660,14.3330,14.4000,1.0000,63.0000,496705.5225
F8246,969.8644,13.7160,13.8160,13.9160,1.0000,22.0000,171548.1143
F8247,969.8649,13.9160,14.0160,14.1660,1.0000,47.0000,402589.4305
F8248,970.2942,6.3980,6.4810,6.5640,1.0000,919.0000,1185315.7371
F8249,970.4883,7.4810,7.5310,7.6150,1.0000,16.0000,10583.1171
F8250,970.5169,9.4320,9.6320,9.8150,1.0000,29.0000,70172.8738
F8251,970.5700,8.6150,8.6980,8.7650,1.0000,11.0000,22470.6468
F8252,970.7183,11.3820,11.5160,11.6660,1.0000,27.0000,41104.5126
F8253,970.7209,13.3660,13.4660,13.5330,1.0000,24.0000,17417.7540
F8254,970.7338,13.5160,13.7490,13.7160,2.0000,47.0000,38307.1158
F8255,970.7858,13.2160,13.2990,13.3660,1.0000,20.0000,90519.6095
F8256,970.8298,13.0990,13.1660,13.1990,1.0000,14.0000,17100.7856
F8257,970.8413,12.6490,12.7330,12.8660,1.0000,12.0000,54727.1285
F8258,970.8436,13.4330,13.5910,13.5830,2.0000,17697.0000,82267.8410
F8259,970.8706,13.9160,14.0000,14.1330,1.0000,9.0000,151351.4692
F8260,970.8713,14.6330,14.8660,15.0160,1.0000,18.0000,856941.9153
F8261,970.8754,14.1330,14.2660,14.3830,1.0000,24.0000,416107.0441
F8262,970.8783,14.3830,14.5160,14.6330,1.0000,53.0000,645032.6054
F8263,970.9224,14.5500,14.5830,14.6330,1.0000,18403.0000,46180.0686
F8264,971.2928,6.3980,6.4810,6.5640,1.0000,436.0000,469301.6721
F8265,971.4874,7.3480,7.4980,7.5480,1.0000,8.0000,6164.0368
F8266,971.5206,9.5480,9.5980,9.6320,1.0000,14.0000,12042.1609
F8267,971.5265,9.4820,9.6480,9.7980,1.0000,13.0000,18347.7537
F8268,971.5320,7.7310,7.8810,8.0150,1.0000,19.0000,32505.2971
F8269,971.5656,7.2980,7.3480,7.4650,1.0000,18.0000,13850.7401
F8270,971.5738,8.4810,8.6650,8.7980,1.0000,10.0000,19864.5296
F8271,971.6380,11.4660,11.6490,11.7990,1.0000,16.0000,26772.3243
F8272,971.6448,11.9320,11.9820,12.0660,1.0000,17.0000,20470.1489
F8273,971.6507,12.2160,12.2660,12.2990,1.0000,7.0000,6160.2765
F8274,971.6628,13.6830,13.7660,13.8330,1.0000,6.0000,7516.9836
F8275,971.7231,11.4490,11.5160,11.6320,1.0000,5318.0000,25384.2545
F8276,971.7400,13.7990,13.9000,13.9330,1.0000,17.0000,22900.5073
F8277,971.7456,13.9160,14.0660,14.0330,2.0000,24.0000,41847.0845
F8278,971.7892,13.2330,13.3580,13.3660,2.0000,14059.0000,64195.8685
F8279,971.7913,13.0990,13.1490,13.2330,1.0000,5443.0000,28526.6608
F8280,971.8445,13.4330,13.4990,13.5830,1.0000,20.0000,61760.3430
F8281,971.8748,15.3330,15.4170,15.4830,1.0000,30.0000,540180.0859
F8282,971.8783,14.8000,14.8660,14.9660,1.0000,23.0000,315076.9996
F8283,971.8806,14.1330,14.2500,14.3500,1.0000,12.0000,196760.7817
F8284,971.8831,14.4500,14.5160,14.6000,1.0000,31.0000,310994.5301
F8285,972.2923,6.3980,6.4810,6.5640,1.0000,173.0000,162432.9101
F8286,972.5316,7.7810,7.8650,8.0150,1.0000,9.0000,19196.4822
F8287,972.5869,10.2150,10.3150,10.4820,1.0000,25.0000,71466.1912
F8288,972.6383,11.5990,11.6660,11.7160,1.0000,8.0000,10618.9607
F8289,972.7346,11.8490,11.8820,11.9490,1.0000,122.0000,85851.0395
F8290,972.7493,13.9000,13.9660,14.0660,1.0000,28.0000,67957.9783
F8291,972.7498,14.0660,14.1660,14.2330,1.0000,18.0000,45373.6990
F8292,972.7574,12.4660,12.4990,12.5490,1.0000,2719.0000,9777.9700
F8293,972.7599,12.5490,12.5990,12.7160,1.0000,2931.0000,20940.3655
F8294,972.8002,13.5160,13.6410,13.6490,2.0000,12.0000,59727.3744
F8295,972.8034,13.3660,13.4490,13.5160,1.0000,14.0000,60584.8894
F8296,972.8577,12.8830,12.9490,13.0160,1.0000,12.0000,48877.6189
F8297,972.8703,13.7330,13.8330,14.1330,1.0000,11.0000,31110.3672
F8298,972.8871,14.1660,14.2500,14.3500,1.0000,32.0000,127239.4879
F8299,972.8869,15.3330,15.4330,15.6170,1.0000,159.0000,823742.4940
F8300,972.8909,16.8840,16.9170,16.9670,1.0000,1503.0000,5233.4167
F8301,972.8914,14.6660,14.7500,14.8160,1.0000,78.0000,258287.4544
F8302,972.8979,15.0330,15.1160,15.3330,1.0000,54.0000,249357.5365
F8303,972.9161,16.6000,16.8170,17.0000,1.0000,8.0000,14116.4393
F8304,973.2906,6.3980,6.4810,6.5480,1.0000,199.0000,53167.6968
F8305,973.5179,7.4650,7.5310,7.6810,1.0000,15.0000,21853.6653
F8306,973.5278,7.9650,8.0480,8.0980,1.0000,5.0000,7860.1118
F8307,973.5420,8.5650,8.6480,8.6820,1.0000,8.0000,12635.1074
F8308,973.5895,10.2150,10.3150,10.4490,1.0000,16.0000,43149.0748
F8309,973.6104,11.6160,11.6820,11.7320,1.0000,9.0000,9791.6503
F8310,973.6550,11.9160,11.9820,12.0660,1.0000,25.0000,38322.1399
F8311,973.7081,13.3660,13.4660,13.6330,1.0000,25.0000,39507.9419
F8312,973.7270,12.9830,13.0330,13.0830,1.0000,16.0000,15412.2130
F8313,973.7506,13.8660,14.0000,14.2160,1.0000,33.0000,60177.8301
F8314,973.7613,14.3500,14.4750,14.4660,2.0000,63.0000,48458.6938
F8315,973.7978,13.2160,13.2160,13.3660,2.0000,5551.0000,34944.8126
F8316,973.8057,13.3330,13.5160,13.5160,2.0000,11.0000,61600.7067
F8317,973.8614,12.8990,12.9990,13.0160,2.0000,22.0000,33209.2447
F8318,973.8898,16.1500,16.2670,16.3500,1.0000,48.0000,346622.1323
F8319,973.8913,14.1660,14.2660,14.3330,1.0000,7.0000,58573.8367
F8320,973.8937,15.3500,15.4500,15.6170,1.0000,28.0000,443897.8608
F8321,973.8966,14.6330,14.7660,15.0000,1.0000,14.0000,261261.9158
F8322,973.8962,16.8340,16.8840,16.9340,1.0000,7.0000,6847.7494
F8323,973.9011,15.0330,15.1160,15.3500,1.0000,11.0000,173437.1096
F8324,973.9310,12.2490,12.4820,12.6660,1.0000,7.0000,14690.2723
F8325,974.2883,6.3810,6.4810,6.6140,1.0000,61.0000,20209.8376
F8326,974.5143,7.4480,7.5310,7.6310,1.0000,17.0000,35614.9652
F8327,974.5223,9.8980,10.0150,10.1990,1.0000,10.0000,21583.6166
F8328,974.6061,11.4990,11.5990,11.7160,1.0000,31.0000,57939.3041
F8329,974.6585,11.9320,11.9990,12.0490,1.0000,22.0000,23747.9834
F8330,974.7099,13.3660,13.4660,13.5490,1.0000,18.0000,23349.6569
F8331,974.7304,12.9660,13.0330,13.1330,1.0000,14.0000,14939.5342
F8332,974.7494,12.0990,12.1490,12.2160,1.0000,29.0000,24077.6499
F8333,974.7526,13.9160,14.0160,14.2160,1.0000,15.0000,26298.8709
F8334,974.7644,14.4830,14.4750,14.6160,2.0000,43.0000,33120.4919
F8335,974.8121,13.3830,13.4490,13.5160,1.0000,8.0000,31440.3180
F8336,974.8164,12.9830,13.0990,13.1660,1.0000,11.0000,108533.6084
F8337,974.8208,13.6490,13.8240,13.8160,2.0000,20.0000,84106.9738
F8338,974.8175,12.8490,12.9160,12.9830,1.0000,10.0000,62735.9662
F8339,974.8717,13.1330,13.2490,13.4330,1.0000,10.0000,31394.5967
F8340,974.8856,14.1830,14.2500,14.3000,1.0000,14.0000,16951.5220
F8341,974.8969,16.1170,16.2670,16.4840,1.0000,35.0000,373959.0758
F8342,974.9038,14.6660,14.7500,14.8330,1.0000,12.0000,103519.9276
F8343,974.9054,15.3830,15.4830,15.6000,1.0000,15.0000,227071.2577
F8344,974.9516,15.6170,15.7000,15.7670,1.0000,9.0000,30454.5736
F8345,974.9979,13.4330,13.4830,13.5160,1.0000,9.0000,4918.2692
F8346,975.5199,7.4650,7.5150,7.5980,1.0000,2908.0000,14438.9350
F8347,975.5627,10.1650,10.3490,10.4990,1.0000,16.0000,40463.3995
F8348,975.6092,11.5320,11.6160,11.6660,1.0000,23.0000,22815.9319
F8349,975.6888,14.7330,14.8160,14.9000,1.0000,15.0000,11301.9377
F8350,975.7225,13.7330,13.8160,13.8830,1.0000,41.0000,109351.6341
F8351,975.7407,13.2160,13.2240,13.3660,2.0000,10.0000,11586.5852
F8352,975.7636,14.4660,14.5330,14.6160,1.0000,22.0000,27378.5350
F8353,975.7653,14.3500,14.4160,14.4660,1.0000,22.0000,17523.3372
F8354,975.7765,12.7330,12.7990,12.8660,1.0000,8544.0000,41408.5751
F8355,975.7767,14.8500,14.9330,14.9830,1.0000,7.0000,10351.9591
F8356,975.7826,15.1000,15.2160,15.3330,1.0000,7.0000,8435.3443
F8357,975.8193,12.8490,12.9160,12.9830,1.0000,15.0000,48239.6385
F8358,975.8235,13.6830,13.9080,13.9660,2.0000,8254.0000,92637.0344
F8359,975.8214,12.9830,13.0490,13.1660,1.0000,16.0000,73394.0585
F8360,975.9068,16.1330,16.3000,16.4000,1.0000,24.0000,156398.3212
F8361,975.9060,17.2000,17.3500,17.4500,1.0000,24.0000,146710.8269
F8362,975.9083,12.1820,12.2160,12.2660,1.0000,11.0000,7544.3429
F8363,975.9087,14.6660,14.7500,14.8500,1.0000,17.0000,57792.0266
F8364,975.9108,15.3670,15.4830,15.6000,1.0000,40.0000,113190.3719
F8365,975.9133,15.6000,15.7000,15.7670,1.0000,12.0000,31045.1085
F8366,975.9577,15.6170,15.7000,15.7670,1.0000,11.0000,21668.2821
F8367,976.3576,10.1320,10.1820,10.2650,1.0000,54.0000,11099.7764
F8368,976.5225,7.4650,7.5310,7.5980,1.0000,7.0000,8444.1424
F8369,976.5647,10.2320,10.2820,10.3150,1.0000,12.0000,7425.1615
F8370,976.5712,10.3320,10.3820,10.4150,1.0000,35.0000,6797.4305
F8371,976.5929,11.3990,11.6660,11.7820,1.0000,7.0000,24240.2537
F8372,976.6376,11.7320,11.9820,12.3490,1.0000,24.0000,39997.9692
F8373,976.6624,13.3660,13.3990,13.4490,1.0000,1063.0000,4161.6578
F8374,976.7257,13.7330,13.8160,13.8830,1.0000,68.0000,74676.5588
F8375,976.7451,13.1990,13.2990,13.3490,1.0000,21.0000,27189.9841
F8376,976.7658,14.3500,14.4160,14.4660,1.0000,16.0000,10709.8668
F8377,976.7676,14.4660,14.5330,14.6160,1.0000,23.0000,16264.8910
F8378,976.7785,12.7490,12.7990,12.8830,1.0000,28.0000,29544.5005
F8379,976.8315,13.2830,13.3490,13.4660,1.0000,29.0000,399135.5093
F8380,976.8323,13.0990,13.1660,13.2330,1.0000,42.0000,432726.5025
F8381,976.8395,14.1500,14.2660,14.4000,1.0000,25.0000,54513.0039
F8382,976.9004,12.1490,12.1820,12.2320,1.0000,6.0000,5500.6771
F8383,976.9108,17.1670,17.3340,17.5000,1.0000,25.0000,122840.4520
F8384,976.9119,14.6830,14.7500,14.7830,1.0000,3351.0000,12161.1974
F8385,976.9179,15.3830,15.6000,15.6000,2.0000,16.0000,59101.5247
F8386,977.3528,10.1150,10.1820,10.2150,1.0000,13.0000,8821.0971
F8387,977.5821,11.5160,11.5990,11.6490,1.0000,15.0000,22841.8807
F8388,977.5949,11.6320,11.6660,11.7660,1.0000,15.0000,16308.3068
F8389,977.6318,11.9320,11.9990,12.0820,1.0000,33.0000,22746.8083
F8390,977.6739,13.7330,13.7660,13.8160,1.0000,19.0000,7336.2487
F8391,977.7304,13.7330,13.8160,13.9000,1.0000,9.0000,37531.5864
F8392,977.7385,14.1330,14.2660,14.4000,1.0000,147.0000,218425.5166
F8393,977.7578,13.4990,13.5830,13.6330,1.0000,11.0000,27067.6335
F8394,977.7769,15.0500,15.1000,15.1500,1.0000,14.0000,7141.4478
F8395,977.7925,12.9660,13.0490,13.0990,1.0000,55.0000,54921.4838
F8396,977.8353,13.0990,13.2580,13.2330,2.0000,38.0000,285222.5409
F8397,977.9710,15.8670,16.1000,16.2670,1.0000,10.0000,15506.6979
F8398,978.5433,9.8820,10.0150,10.1650,1.0000,13.0000,42962.2153
F8399,978.5808,11.5320,11.6160,11.8160,1.0000,15.0000,18095.4056
F8400,978.6104,11.9320,12.0160,12.0820,1.0000,21.0000,25223.0210
F8401,978.6783,13.7160,13.8160,13.9000,1.0000,18.0000,21909.5371
F8402,978.7230,12.7830,12.8330,12.8830,1.0000,7.0000,6670.7211
F8403,978.7297,13.7660,13.8160,13.8500,1.0000,2876.0000,9376.9739
F8404,978.7418,14.1660,14.2660,14.3500,1.0000,61.0000,125831.2692
F8405,978.7423,11.8660,11.9160,11.9490,1.0000,9.0000,6079.9936
F8406,978.7556,13.6660,13.6990,13.7830,1.0000,14.0000,12649.9891
F8407,978.7958,12.9830,13.0490,13.1160,1.0000,49.0000,43524.0453
F8408,978.8388,13.0990,13.1660,13.2330,1.0000,28.0000,112016.4135
F8409,978.8448,13.7330,13.8500,13.9160,1.0000,15.0000,132202.0067
F8410,978.8482,13.3330,13.5580,13.5490,2.0000,310.0000,1737281.8861
F8411,978.8638,14.7000,14.7830,14.8830,1.0000,7.0000,16829.1182
F8412,978.9273,12.5990,12.6490,12.6830,1.0000,7.0000,10307.7610
F8413,978.9314,16.3000,16.3500,16.4000,1.0000,8.0000,7722.0535
F8414,979.3116,9.3320,9.4320,9.5320,1.0000,320.0000,228838.1920
F8415,979.3140,6.3980,6.4810,6.7140,1.0000,15.0000,9707.2049
F8416,979.5497,9.9480,10.0150,10.1150,1.0000,14.0000,24941.6596
F8417,979.6084,11.8990,12.0160,12.0990,1.0000,10.0000,29232.3583
F8418,979.6944,14.1500,14.2000,14.2330,1.0000,12.0000,11507.9358
F8419,979.7449,14.1500,14.2500,14.3330,1.0000,23.0000,52760.6723
F8420,979.7540,14.6830,14.7830,14.8660,1.0000,128.0000,180822.5430
F8421,979.7724,13.7160,13.7660,13.8160,1.0000,9.0000,12644.2086
F8422,979.8311,13.2990,13.3330,13.3830,1.0000,11.0000,23920.6132
F8423,979.8343,13.1990,13.2490,13.2990,1.0000,10.0000,29742.7181
F8424,979.8459,14.0830,14.0910,14.2160,2.0000,7285.0000,47465.5599
F8425,979.8486,14.2830,14.4830,14.7500,1.0000,4642.0000,85180.0247
F8426,979.8513,13.3660,13.5580,13.5660,2.0000,182019.0000,1253072.7954
F8427,980.2789,12.2320,12.2820,12.3490,1.0000,6774.0000,2800813.6563
F8428,980.3122,9.3320,9.4150,9.5320,1.0000,158.0000,204090.8348
F8429,980.3224,6.4140,6.4810,6.5310,1.0000,2835.0000,11813.5820
F8430,980.3298,11.7490,11.7990,11.8490,1.0000,10.0000,6381.4078
F8431,980.6973,14.1660,14.2660,14.3000,1.0000,5407.0000,27569.3564
F8432,980.7419,14.1830,14.2500,14.3000,1.0000,4045.0000,17645.8908
F8433,980.7573,14.6830,14.7660,14.8830,1.0000,17743.0000,127100.9917
F8434,980.7969,11.7990,11.8660,11.9320,1.0000,14.0000,31173.5046
F8435,980.8173,13.2660,13.3160,13.3660,1.0000,3868.0000,16772.2378
F8436,980.8432,12.0160,12.0990,12.1820,1.0000,9.0000,30238.6800
F8437,980.8541,13.3830,13.5490,13.5660,2.0000,83.0000,447617.5413
F8438,980.8641,13.7330,13.9330,13.9660,2.0000,456.0000,1816942.7418
F8439,981.2797,12.2320,12.2820,12.3490,1.0000,5899.0000,2662401.5546
F8440,981.2910,5.6810,5.6720,5.7970,2.0000,124.0000,63264.2403
F8441,981.3105,9.3150,9.4320,9.5320,1.0000,171.0000,188149.8750
F8442,981.3232,6.3980,6.4810,6.5310,1.0000,13.0000,9168.6999
F8443,981.5727,10.9820,11.1650,11.6320,1.0000,8.0000,12593.8008
F8444,981.7071,14.7660,14.8000,14.8500,1.0000,9.0000,11410.4198
F8445,981.7605,14.7160,14.8000,14.9330,1.0000,58.0000,55033.4357
F8446,981.7663,12.6830,12.7330,12.7990,1.0000,4144.0000,17624.9224
F8447,981.7702,15.2500,15.5000,15.7170,1.0000,21.0000,37655.2350
F8448,981.8016,11.8160,11.8660,11.9320,1.0000,11.0000,18898.5294
F8449,981.8563,13.5660,13.6330,13.7330,1.0000,25.0000,138925.1423
F8450,981.8577,13.3830,13.4490,13.5660,1.0000,23.0000,131456.3752
F8451,981.8670,13.6990,13.8330,13.9500,1.0000,298.0000,2031129.3187
F8452,981.8715,12.3660,12.3990,12.4820,1.0000,8.0000,8437.5439
F8453,981.8674,13.9660,14.0500,14.1160,1.0000,333.0000,1267706.8493
F8454,982.2567,11.5160,11.4320,11.6820,3.0000,221.0000,161546.9151
F8455,982.2786,12.2320,12.2820,12.3490,1.0000,7395.0000,2484287.9677
F8456,982.2912,5.6810,5.6720,5.8140,2.0000,182.0000,53695.6144
F8457,982.3107,9.3150,9.4320,9.5320,1.0000,169.0000,110687.7091
F8458,982.3269,6.4310,6.4810,6.5310,1.0000,23.0000,6272.4324
F8459,982.6961,11.9990,12.0320,12.0820,1.0000,4558.0000,16334.6067
F8460,982.7599,14.7000,14.7830,14.8500,1.0000,14.0000,17611.2032
F8461,982.7737,15.4000,15.4830,15.5830,1.0000,56.0000,22713.3977
F8462,982.8702,13.7330,13.9330,13.9660,2.0000,91.0000,519718.9840
F8463,982.8797,14.1330,14.3160,14.4500,1.0000,358.0000,3368387.5501
F8464,983.2569,11.3820,11.4320,11.5160,1.0000,457.0000,161231.8785
F8465,983.2577,11.1320,11.2150,11.2990,1.0000,91.0000,44420.9784
F8466,983.2576,11.5160,11.5820,11.6820,1.0000,2246.0000,882268.2928
F8467,983.2782,12.2320,12.2820,12.3490,1.0000,3344.0000,1438197.2297
F8468,983.2892,5.6810,5.7310,5.7970,1.0000,234.0000,50332.2494
F8469,983.2913,5.5640,5.6140,5.6810,1.0000,144.0000,35051.9290
F8470,983.3107,9.3150,9.4320,9.5320,1.0000,94.0000,58327.9091
F8471,983.7068,14.7000,14.8160,14.8830,1.0000,3475.0000,25465.5459
F8472,983.7230,13.3990,13.5580,13.5660,2.0000,7.0000,39159.3351
F8473,983.7805,12.8660,13.0080,12.9990,2.0000,150.0000,141542.9362
F8474,983.8733,13.7160,13.9410,13.9500,2.0000,59.0000,199639.9498
F8475,983.8826,14.2660,14.3330,14.4160,3.0000,195.0000,1600299.0140
F8476,983.9585,12.4660,12.5160,12.5490,1.0000,9.0000,6538.2384
F8477,984.2560,11.5160,11.4320,11.6820,3.0000,251.0000,138327.5380
F8478,984.2767,12.2320,12.2820,12.3490,1.0000,1644.0000,784582.1714
F8479,984.2925,11.7660,11.8160,11.8490,1.0000,10487.0000,25350.0611
F8480,984.3089,9.3150,9.4150,9.5150,1.0000,32.0000,27113.6668
F8481,984.4697,11.4320,11.4820,11.5160,1.0000,2786.0000,7992.7658
F8482,984.5478,7.7810,7.8810,7.9650,1.0000,13.0000,22490.9786
F8483,984.7269,13.3990,13.4660,13.5490,1.0000,25.0000,26158.3895
F8484,984.7297,13.5490,13.6490,13.7500,1.0000,18.0000,26025.2097
F8485,984.7843,12.8490,12.9330,12.9990,1.0000,73.0000,95751.8968
F8486,984.8445,13.4490,13.4990,13.5490,1.0000,6.0000,9923.4803
F8487,984.8769,13.9830,14.0500,14.1500,1.0000,11.0000,41421.9199
F8488,984.8792,13.7330,13.8160,13.9830,1.0000,15.0000,62875.5367
F8489,984.8856,13.9500,14.3160,14.6500,1.0000,180.0000,1015977.0102
F8490,984.8954,14.8000,14.8000,14.9500,2.0000,149.0000,1957218.8256
F8491,984.9111,16.7840,16.8170,16.9000,1.0000,12.0000,7623.8230
F8492,984.9446,13.9000,14.0160,14.1000,1.0000,18.0000,16716.8828
F8493,985.2560,11.5160,11.5070,11.6820,2.0000,144.0000,472152.9962
F8494,985.2753,12.2320,12.2820,12.3490,1.0000,546.0000,355293.9253
F8495,985.2881,5.6810,5.6810,5.7970,2.0000,28.0000,13989.3064
F8496,985.3103,9.3650,9.4320,9.4980,1.0000,15.0000,8544.6638
F8497,985.5523,7.7810,7.8650,7.9650,1.0000,11.0000,14518.2313
F8498,985.7414,13.7330,13.8160,13.9000,1.0000,89.0000,87475.5879
F8499,985.7434,13.9830,14.0500,14.1330,1.0000,34.0000,34896.6808
F8500,985.7890,12.8490,12.9160,12.9990,1.0000,29.0000,42438.5603
F8501,985.7962,13.0830,13.2410,13.2490,2.0000,94.0000,115188.9702
F8502,985.8399,13.3830,13.5160,13.5660,1.0000,7.0000,9131.8193
F8503,985.8739,13.5990,13.8500,14.1500,1.0000,9.0000,32803.8831
F8504,985.8861,14.1500,14.2330,14.2830,1.0000,20.0000,117215.6780
F8505,985.8884,14.2830,14.3330,14.4160,1.0000,25.0000,141287.0037
F8506,985.8985,14.8000,14.8000,14.9500,2.0000,155.0000,1391728.8038
F8507,985.9596,14.4500,14.5000,14.5830,1.0000,22.0000,18039.7264
F8508,985.9974,13.5490,13.6160,13.6990,1.0000,17.0000,12468.2580
F8509,986.2540,11.3820,11.4320,11.5160,1.0000,35.0000,50520.4705
F8510,986.2588,7.1810,7.2310,7.2810,1.0000,14.0000,6939.6277
F8511,986.2548,11.5160,11.5820,11.6820,1.0000,168.0000,268312.8419
F8512,986.5675,8.5150,8.6480,8.7650,1.0000,7.0000,12828.0230
F8513,986.7020,13.5660,13.6490,13.7160,1.0000,36.0000,35083.1328
F8514,986.7028,13.3990,13.4490,13.5660,1.0000,33.0000,42975.6791
F8515,986.7383,13.7160,14.2500,14.8000,1.0000,14.0000,23219.1485
F8516,986.7459,13.7500,13.9330,13.9500,2.0000,13.0000,21956.3807
F8517,986.7907,12.8660,12.9330,12.9830,1.0000,17.0000,13682.1431
F8518,986.8002,13.0990,13.2410,13.2490,2.0000,18091.0000,82848.0836
F8519,986.8476,13.7660,13.8330,13.9500,1.0000,9.0000,23670.0468
F8520,986.9013,14.8000,14.8000,14.9500,2.0000,220.0000,523365.4551
F8521,986.9116,15.3670,15.4500,15.5330,1.0000,293.0000,2297754.4360
F8522,986.9620,14.4330,14.4830,14.5330,1.0000,12.0000,9694.3691
F8523,987.0045,13.2160,13.6160,13.7500,1.0000,9.0000,17761.3417
F8524,987.2540,11.5160,11.5820,11.6820,1.0000,33.0000,122624.8509
F8525,987.6702,12.0490,12.1160,12.1820,1.0000,24.0000,43176.9113
F8526,987.7052,13.3830,13.5580,13.5660,2.0000,13.0000,30316.9026
F8527,987.7487,13.7500,13.8160,13.8830,1.0000,12.0000,20834.1605
F8528,987.7582,14.1660,14.2500,14.3660,1.0000,84.0000,149275.1993
F8529,987.7609,12.0660,12.1160,12.1820,1.0000,8.0000,6901.9918
F8530,987.8043,13.0830,13.1660,13.2330,1.0000,25959.0000,144831.8003
F8531,987.8094,12.9660,13.0160,13.0830,1.0000,3754.0000,21592.0398
F8532,987.8112,13.3830,13.3830,13.5330,2.0000,29531.0000,223448.4939
F8533,987.8392,13.8330,13.8830,13.9330,1.0000,3232.0000,13809.1544
F8534,987.8510,13.7660,13.7990,13.8500,1.0000,11.0000,9995.7937
F8535,987.8776,14.2160,14.2660,14.3160,1.0000,20.0000,20092.1861
F8536,987.9037,14.6500,14.8330,14.9660,1.0000,138.0000,248227.8131
F8537,987.9147,15.3670,15.4500,15.5330,1.0000,343.0000,1598169.6684
F8538,987.9223,14.9500,14.9830,15.0330,1.0000,9.0000,6146.5256
F8539,987.9735,15.0500,15.1160,15.1660,1.0000,7.0000,8491.2005
F8540,988.2519,11.5320,11.5820,11.6820,1.0000,46.0000,49129.9941
F8541,988.2686,12.2490,12.2820,12.3320,1.0000,183.0000,19861.1953
F8542,988.5386,7.8310,7.8810,7.9480,1.0000,14.0000,10454.0358
F8543,988.6745,12.0490,12.1160,12.1820,1.0000,50.0000,24755.5872
F8544,988.7088,13.5830,13.6490,13.7330,1.0000,7.0000,10130.1947
F8545,988.7191,13.7330,13.9330,13.9660,2.0000,34.0000,44854.1602
F8546,988.7559,14.6830,14.7660,14.8830,1.0000,15.0000,22828.3068
F8547,988.7625,14.1660,14.2660,14.4160,1.0000,53.0000,98931.7807
F8548,988.8110,13.0830,13.1490,13.2160,1.0000,23.0000,42565.4072
F8549,988.8166,13.3830,13.4660,13.5330,1.0000,390.0000,632313.6248
F8550,988.8212,13.2160,13.2830,13.3830,1.0000,74.0000,173319.8456
F8551,988.8475,13.7660,13.8830,14.0830,1.0000,8.0000,22823.0010
F8552,988.8660,14.1660,14.2500,14.3160,1.0000,8.0000,24322.2719
F8553,988.9105,14.8160,14.8660,14.9500,1.0000,16.0000,33608.2406
F8554,988.9125,14.6660,14.7500,14.8160,1.0000,17.0000,43419.2406
F8555,988.9176,15.3670,15.4500,15.6170,1.0000,244.0000,711404.6759
F8556,988.9258,16.2170,16.3170,16.4000,1.0000,108.0000,531629.3478
F8557,988.9733,15.0330,15.1000,15.1500,1.0000,5.0000,7854.1156
F8558,989.2505,11.5320,11.5820,11.6660,1.0000,33.0000,21919.5008
F8559,989.5296,7.5980,7.7150,7.8650,1.0000,8.0000,17128.8635
F8560,989.5475,7.8480,7.8810,7.9310,1.0000,11.0000,6541.3517
F8561,989.5799,10.2990,10.3650,10.4150,1.0000,7.0000,9983.5657
F8562,989.6990,12.9330,13.0330,13.0990,1.0000,10.0000,20210.5450
F8563,989.7231,13.7500,13.9330,13.9660,2.0000,5466.0000,35942.4172
F8564,989.7637,14.1660,14.2500,14.3160,1.0000,26.0000,28362.4225
F8565,989.7735,14.6830,14.7660,14.9160,1.0000,82.0000,142843.5095
F8566,989.8206,13.3830,13.4490,13.5330,1.0000,149.0000,256396.0130
F8567,989.8264,13.5330,13.4490,13.6660,2.0000,193.0000,392725.1630
F8568,989.8274,13.7330,13.8330,14.0500,1.0000,158.0000,617385.0376
F8569,989.8771,14.1000,14.2160,14.2830,1.0000,20.0000,16841.1586
F8570,989.8986,14.7330,14.8000,14.8660,1.0000,10.0000,18010.9965
F8571,989.9211,15.3670,15.4500,15.5500,1.0000,57.0000,170925.6583
F8572,989.9293,16.2170,16.3170,16.4000,1.0000,113.0000,385151.5928
F8573,989.9396,12.4330,12.6160,12.7660,1.0000,6.0000,8698.1980
F8574,990.2475,11.5320,11.5820,11.6660,1.0000,11.0000,8429.4658
F8575,990.5347,7.5810,7.6980,7.7650,1.0000,8.0000,8165.8949
F8576,990.5984,11.5160,11.5990,11.6990,1.0000,17.0000,23941.9777
F8577,990.6631,11.9320,11.9820,12.0320,1.0000,2094.0000,8121.8054
F8578,990.7036,12.9830,13.0330,13.0830,1.0000,12.0000,12317.1065
F8579,990.7236,13.7500,13.7990,13.8830,1.0000,6.0000,19122.2264
F8580,990.7349,14.1500,14.2330,14.4160,1.0000,36.0000,120176.7496
F8581,990.7771,14.6500,14.8160,15.2000,1.0000,52.0000,95314.1218
F8582,990.7835,12.4820,12.5330,12.5990,1.0000,56.0000,68140.2569
F8583,990.8211,14.0330,14.0660,14.1330,1.0000,15.0000,7984.9339
F8584,990.8320,13.7500,13.8660,14.0160,1.0000,145.0000,416438.8258
F8585,990.8312,13.3830,13.4490,13.5330,1.0000,55.0000,88738.6742
F8586,990.8377,13.5330,13.4580,13.6990,2.0000,252.0000,429798.7877
F8587,990.8437,13.0990,13.1660,13.2330,1.0000,12.0000,18677.0091
F8588,990.8567,14.3160,14.3830,14.4330,1.0000,20.0000,17003.6107
F8589,990.8759,14.1500,14.2330,14.5160,1.0000,3400.0000,26738.6466
F8590,990.9289,15.3670,15.5080,15.5330,2.0000,5664.0000,42672.2593
F8591,990.9329,16.2170,16.3170,16.4170,1.0000,46.0000,154590.4571
F8592,990.9323,0.7460,0.7800,0.8300,1.0000,3042.0000,6667.6897
F8593,990.9419,17.1170,17.3840,17.5840,1.0000,17.0000,120565.8938
F8594,991.5330,7.4480,7.5150,7.6150,1.0000,15.0000,13680.5646
F8595,991.6716,2.5800,2.6470,2.6970,1.0000,167.0000,169241.1194
F8596,991.7149,13.2160,13.2990,13.3660,1.0000,20.0000,35038.6790
F8597,991.7184,13.1160,13.1490,13.2160,1.0000,7.0000,13028.5878
F8598,991.7375,14.1500,14.2500,14.3330,1.0000,29.0000,73168.7733
F8599,991.7792,14.6660,14.8000,14.9660,1.0000,17.0000,34746.7051
F8600,991.7914,15.3670,15.4670,15.6170,1.0000,48.0000,49751.7099
F8601,991.8104,12.6490,12.6830,12.7330,1.0000,8.0000,7554.4275
F8602,991.8433,13.9000,14.0580,14.0500,4.0000,211.0000,611171.6041
F8603,991.8692,14.8660,14.9160,15.0000,1.0000,39.0000,17323.6845
F8604,991.8924,14.7160,14.8160,14.8830,1.0000,14.0000,19524.6896
F8605,991.9186,14.9160,14.9660,15.0330,1.0000,34.0000,19485.4008
F8606,991.9374,16.1830,16.3330,16.4670,1.0000,10.0000,48696.5618
F8607,991.9447,17.2840,17.3840,17.5500,1.0000,13.0000,73710.6527
F8608,992.2818,12.4820,12.5330,12.5830,1.0000,13441.0000,28512.1148
F8609,992.3311,6.3980,6.4640,6.5640,1.0000,58.0000,26307.3559
F8610,992.5010,7.7650,7.8810,8.0480,1.0000,17.0000,53693.3601
F8611,992.6106,11.8490,11.8990,11.9320,1.0000,9.0000,6073.1972
F8612,992.6751,2.5800,2.6470,2.6970,1.0000,167.0000,94078.3306
F8613,992.7187,11.4660,11.5160,11.5490,1.0000,4900.0000,15912.2185
F8614,992.7312,13.1160,13.1830,13.2490,1.0000,8.0000,11975.5530
F8615,992.7501,14.6830,14.7500,14.8000,1.0000,19.0000,69247.5327
F8616,992.7925,15.3830,15.4500,15.5170,1.0000,16.0000,25612.0337
F8617,992.8285,12.8490,12.9160,12.9990,1.0000,13.0000,34128.7922
F8618,992.8344,6.7980,6.9140,6.9640,1.0000,11.0000,8843.6171
F8619,992.8481,14.2500,14.3160,14.4160,1.0000,13.0000,79607.9171
F8620,992.8524,13.8660,14.0160,14.2330,1.0000,64.0000,938468.2182
F8621,992.8557,13.5490,13.6330,13.7330,1.0000,8.0000,119601.9855
F8622,992.8881,14.6500,14.8000,14.9500,1.0000,8.0000,27360.8769
F8623,992.9220,14.9330,14.9660,15.0500,1.0000,28.0000,16603.1514
F8624,993.3320,6.4140,6.4640,6.5480,1.0000,39.0000,21250.8177
F8625,993.5083,7.8810,7.9150,8.0150,1.0000,18.0000,17373.2698
F8626,993.5325,7.4980,7.5310,7.6150,1.0000,6.0000,6818.7520
F8627,993.6221,12.0490,12.1160,12.1820,1.0000,39.0000,18123.9543
F8628,993.6296,7.9810,8.0480,8.0980,1.0000,22.0000,9281.7431
F8629,993.6304,8.0980,8.1480,8.2310,1.0000,22.0000,13075.3920
F8630,993.7521,14.5500,14.8160,15.0830,1.0000,17.0000,102079.5996
F8631,993.7957,15.4170,15.4670,15.5170,1.0000,37.0000,8743.9199
F8632,993.8064,16.2670,16.3170,16.4170,1.0000,14.0000,8744.6805
F8633,993.8289,12.8330,12.9330,13.0160,1.0000,11.0000,28129.1066
F8634,993.8585,14.4660,14.4750,14.6000,2.0000,163.0000,309195.1217
F8635,993.8588,13.8660,14.0160,14.2660,1.0000,111.0000,449269.8101
F8636,993.8641,13.3830,13.5580,13.5490,2.0000,20.0000,45654.4049
F8637,993.8610,14.6000,14.7160,14.7830,1.0000,19.0000,60167.4852
F8638,993.9167,15.4830,15.5330,15.5670,1.0000,1273.0000,4666.0567
F8639,993.9377,15.8170,15.8830,15.9670,1.0000,14.0000,17127.5327
F8640,994.3288,12.4490,12.4990,12.6330,1.0000,37.0000,42061.7169
F8641,994.3307,6.3980,6.4810,6.5640,1.0000,33.0000,21991.3910
F8642,994.5385,7.8810,7.9150,7.9650,1.0000,1921.0000,6201.3097
F8643,994.6244,12.0490,12.1160,12.1660,1.0000,3669.0000,13053.2110
F8644,994.6502,13.6990,13.7660,13.8330,1.0000,15.0000,8865.1744
F8645,994.7164,11.8490,11.8820,11.9660,1.0000,89.0000,67265.0581
F8646,994.7349,13.5160,13.5830,13.6490,1.0000,9.0000,19565.2077
F8647,994.7664,15.3500,15.4670,15.5670,1.0000,15.0000,49945.2510
F8648,994.8431,13.1160,13.1830,13.2660,1.0000,29.0000,72534.4215
F8649,994.8646,14.4660,14.5330,14.6000,1.0000,87.0000,240883.5291
F8650,994.8660,14.3330,14.4000,14.4660,1.0000,82.0000,240059.1023
F8651,994.8717,13.5660,13.6490,13.7330,1.0000,12.0000,39215.8250
F8652,994.8726,13.9500,14.0500,14.1160,1.0000,50.0000,182690.6148
F8653,994.8725,13.3660,13.4660,13.5490,1.0000,10.0000,30362.2950
F8654,994.8779,13.7330,13.8330,13.9500,1.0000,23.0000,116979.2558
F8655,994.9387,15.8330,15.8830,15.9500,1.0000,13.0000,11187.5402
F8656,995.3315,6.3980,6.4640,6.5140,1.0000,24.0000,10338.0132
F8657,995.3300,12.4490,12.4990,12.5660,1.0000,11548.0000,41603.8710
F8658,995.5604,10.2490,10.3490,10.4320,1.0000,15.0000,13834.1046
F8659,995.6440,9.5650,9.6150,9.7150,1.0000,14.0000,12859.9449
F8660,995.6462,13.7160,13.7660,13.8330,1.0000,22.0000,8151.2812
F8661,995.7191,11.8490,11.8820,11.9490,1.0000,15057.0000,39717.7042
F8662,995.7700,15.3670,15.4500,15.5330,1.0000,20.0000,28999.2363
F8663,995.8403,12.5160,12.5490,12.5990,1.0000,6.0000,6978.5982
F8664,995.8464,13.0990,13.1830,13.2830,1.0000,26.0000,53664.4430
F8665,995.8683,14.4660,14.5330,14.6160,1.0000,20.0000,127687.0703
F8666,995.8708,14.3330,14.4160,14.4660,1.0000,18.0000,112415.7758
F8667,995.8730,14.8000,14.9000,14.9830,1.0000,10.0000,66845.9149
F8668,995.8796,13.9660,14.0500,14.1160,1.0000,11.0000,79955.0710
F8669,996.5885,9.8980,9.9990,10.1320,1.0000,18.0000,38821.0482
F8670,996.7155,11.8490,11.8990,11.9490,1.0000,10.0000,24200.1345
F8671,996.7784,16.2500,16.3000,16.3670,1.0000,6.0000,6397.7427
F8672,996.8190,0.7300,0.7800,0.8300,1.0000,57.0000,12525.7681
F8673,996.8584,13.4330,13.4990,13.6160,1.0000,49.0000,61156.3842
F8674,996.8798,14.3660,14.9160,15.6830,1.0000,10.0000,225837.3358
F8675,996.8854,13.6660,13.8500,14.1330,1.0000,8.0000,95802.9439
F8676,996.8927,14.2660,14.3330,14.4330,1.0000,16.0000,95722.8095
F8677,997.5229,7.8150,7.8810,7.9650,1.0000,10.0000,9248.4827
F8678,997.5386,10.1820,10.3490,10.5490,1.0000,15.0000,40624.9170
F8679,997.6943,14.7000,14.8160,14.9160,1.0000,2492.0000,21956.1533
F8680,997.6984,14.2660,14.3000,14.3500,1.0000,6.0000,7933.1196
F8681,997.7277,12.0990,12.1320,12.1820,1.0000,57.0000,14787.2022
F8682,997.8521,13.1160,13.1660,13.1990,1.0000,7.0000,7000.3474
F8683,997.8620,13.4330,13.4990,13.5990,1.0000,18.0000,47696.6599
F8684,997.8735,9.1980,9.5150,9.8320,1.0000,16.0000,60836.7178
F8685,997.8734,11.5990,11.6660,11.7160,1.0000,7.0000,14027.5408
F8686,997.8894,15.5500,15.6330,15.7330,1.0000,13.0000,74125.6337
F8687,997.8904,14.7660,14.9000,15.0000,1.0000,4654.0000,38321.9112
F8688,997.8950,14.4330,14.6080,14.6000,2.0000,6601.0000,42452.5639
F8689,998.2890,7.5980,7.6980,7.7810,1.0000,4627.0000,8203262.9265
F8690,998.3277,12.4490,12.4990,12.5830,1.0000,32.0000,16646.8102
F8691,998.4839,7.2310,7.3810,7.4480,1.0000,9.0000,10208.4388
F8692,998.5461,11.5490,11.5990,11.6490,1.0000,46.0000,20016.2805
F8693,998.5859,10.3990,10.4320,10.4820,1.0000,5.0000,4457.4515
F8694,998.6562,11.6160,11.6660,11.7320,1.0000,16.0000,19153.2891
F8695,998.6825,14.7330,14.8160,14.8830,1.0000,14.0000,17013.6542
F8696,998.8175,12.7830,12.8490,12.9330,1.0000,11.0000,25704.5993
F8697,998.8589,13.4160,13.4990,13.5660,1.0000,11.0000,20308.2002
F8698,998.8766,9.3980,9.4980,9.6150,1.0000,21.0000,30531.8841
F8699,998.8945,15.5670,15.6170,15.7670,1.0000,8.0000,50366.0082
F8700,998.9083,14.7830,14.8660,14.9660,1.0000,11.0000,73660.2733
F8701,999.2882,7.7810,7.9650,8.0310,1.0000,42.0000,463040.2321
F8702,999.2899,7.5980,7.6980,7.7810,1.0000,4685.0000,7836967.7067
F8703,999.5605,9.8820,10.0490,10.1320,1.0000,13.0000,22657.8926
F8704,999.6712,11.9320,12.0160,12.1160,1.0000,75.0000,79697.5681
F8705,999.6906,14.1660,14.2660,14.4330,1.0000,18.0000,28862.8837
F8706,999.7231,13.3990,13.5580,13.5490,2.0000,15.0000,22325.7633
F8707,999.7804,12.6160,12.6660,12.7490,1.0000,3300.0000,14757.4244
F8708,999.8787,9.3820,9.4980,9.5480,1.0000,18.0000,11641.6085
F8709,999.8911,14.1830,14.2500,14.3000,1.0000,17.0000,16024.3069
F8710,999.8990,15.6000,15.6500,15.7670,1.0000,10.0000,17979.7662
F8711,999.9062,16.3000,16.3830,16.4840,1.0000,27.0000,128750.0733
F8712,999.9118,14.6500,14.8500,15.0000,1.0000,12.0000,87562.2681
F8713,1000.2674,5.5470,5.6810,5.7640,1.0000,11.0000,11913.5489
F8714,1000.2869,7.7810,7.9650,8.0310,1.0000,64.0000,431345.0457
F8715,1000.2886,7.5980,7.6810,7.7810,1.0000,5775.0000,7176740.7732
F8716,1000.5437,18.0670,18.1170,18.1670,1.0000,1532.0000,6569.5436
F8717,1000.6312,11.6160,11.6660,11.8160,1.0000,33.0000,30182.5370
F8718,1000.6753,11.9160,12.0160,12.0990,1.0000,44.0000,49741.8040
F8719,1000.6938,13.8330,14.2500,14.3160,1.0000,3118.0000,14559.2759
F8720,1000.7242,13.3990,13.4660,13.5660,1.0000,10.0000,17469.7716
F8721,1000.7861,9.9150,10.0150,10.1150,1.0000,23.0000,105531.4690
F8722,1000.8081,12.8490,12.8990,12.9490,1.0000,1943.0000,8451.3961
F8723,1000.8319,12.9830,13.1410,13.1490,2.0000,51.0000,138655.0807
F8724,1000.8540,13.8330,13.8660,13.9160,1.0000,2473.0000,7738.0558
F8725,1000.8894,14.1660,14.2660,14.3000,1.0000,9.0000,8809.6206
F8726,1000.9096,14.7000,14.7830,14.8500,1.0000,10.0000,30955.4994
F8727,1000.9113,16.2830,16.3830,16.5340,1.0000,32.0000,108775.7332
F8728,1000.9207,14.7000,14.8500,15.0830,1.0000,6.0000,31454.0771
F8729,1000.9247,15.3670,15.4500,15.5330,1.0000,17.0000,77693.4971
F8730,1001.0691,15.7170,15.7830,15.8500,1.0000,12.0000,8791.3980
F8731,1001.2708,5.6310,5.6810,5.7470,1.0000,23.0000,6845.9211
F8732,1001.2865,7.7810,7.9650,8.0650,1.0000,47.0000,269943.2522
F8733,1001.2885,7.5980,7.6810,7.7810,1.0000,4967.0000,4192091.6459
F8734,1001.6338,11.6160,11.6660,11.7990,1.0000,34.0000,20296.9054
F8735,1001.6712,11.9320,12.0160,12.1820,1.0000,25.0000,23465.4565
F8736,1001.6881,12.1820,12.2660,12.3320,1.0000,69.0000,57443.7383
F8737,1001.6952,14.1830,14.2500,14.3000,1.0000,6.0000,6517.1073
F8738,1001.7045,14.6830,14.7830,14.9500,1.0000,30.0000,38926.0337
F8739,1001.7386,13.7330,13.9330,13.9160,2.0000,13.0000,18592.0367
F8740,1001.7902,9.8820,9.9990,10.1320,1.0000,17.0000,78872.0187
F8741,1001.8355,12.9830,13.1330,13.1490,2.0000,32.0000,99697.3876
F8742,1001.9211,17.2340,17.3170,17.3840,1.0000,26.0000,97792.0437
F8743,1001.9289,15.3670,15.4500,15.5330,1.0000,16.0000,57692.2164
F8744,1002.2646,5.6140,5.6810,5.7310,1.0000,15.0000,8291.0009
F8745,1002.2870,7.5980,7.6810,7.7810,1.0000,1967.0000,2259590.2697
F8746,1002.6469,11.9160,12.0160,12.0820,1.0000,42.0000,44060.0408
F8747,1002.6908,12.2160,12.2660,12.3320,1.0000,88.0000,28783.9812
F8748,1002.7097,14.6830,14.7830,14.9500,1.0000,43.0000,28349.0154
F8749,1002.7430,13.7330,13.8160,13.8830,1.0000,14.0000,29565.4944
F8750,1002.8375,12.9990,13.0660,13.2330,1.0000,20.0000,74894.2623
F8751,1002.8478,13.2330,13.3830,13.3830,2.0000,195.0000,373901.3673
F8752,1002.8645,13.7500,13.8160,13.8660,1.0000,5.0000,11022.0259
F8753,1002.9257,17.2170,17.2840,17.4000,1.0000,22.0000,91091.4700
F8754,1002.9364,15.3670,15.4500,15.5500,1.0000,10.0000,38448.2767
F8755,1002.9985,13.1990,13.2490,13.2990,1.0000,8.0000,7676.5543
F8756,1003.2855,7.5980,7.8400,7.7810,2.0000,1744.0000,1018654.0619
F8757,1003.6081,11.6160,11.6660,11.7660,1.0000,23.0000,18622.7964
F8758,1003.6508,11.9490,12.0160,12.0660,1.0000,28.0000,22071.3600
F8759,1003.6925,13.7500,13.8160,13.9000,1.0000,25.0000,17527.8136
F8760,1003.7217,15.4000,15.4830,15.5330,1.0000,23.0000,7384.1924
F8761,1003.7473,7.2810,7.3480,7.4310,1.0000,22.0000,9532.7707
F8762,1003.7507,13.7330,13.8160,13.9160,1.0000,27.0000,33385.1139
F8763,1003.7533,14.1500,14.2660,14.4330,1.0000,19.0000,74568.5605
F8764,1003.7892,11.9320,11.9990,12.0490,1.0000,6.0000,8519.5188
F8765,1003.8510,13.1830,13.3830,13.3830,2.0000,102.0000,283105.4254
F8766,1003.8614,13.8330,13.9000,13.9330,1.0000,6.0000,8795.0769
F8767,1003.9411,15.3830,15.4670,15.5830,1.0000,7.0000,15389.2939
F8768,1003.9607,12.5830,12.8990,13.0330,1.0000,7.0000,14953.0686
F8769,1004.2846,7.5980,7.6980,7.7810,1.0000,533.0000,421506.3335
F8770,1004.6622,12.2160,12.2660,12.3490,1.0000,41.0000,30323.8160
F8771,1004.6924,13.7330,13.8330,13.9500,1.0000,12.0000,20952.7233
F8772,1004.7546,13.7660,13.8160,13.9000,1.0000,14.0000,17395.3683
F8773,1004.7577,14.1160,14.2660,14.4000,1.0000,14.0000,48794.4544
F8774,1004.7940,11.3990,11.4660,11.5490,1.0000,8.0000,35962.4069
F8775,1004.8541,13.2330,13.3160,13.3830,1.0000,59.0000,108787.0441
F8776,1004.8564,13.3830,13.4490,13.5490,1.0000,64.0000,181677.5704
F8777,1004.8633,13.5490,13.7330,13.7160,2.0000,718.0000,1114305.8967
F8778,1004.8915,0.7300,0.7800,0.8130,1.0000,6852.0000,14827.4531
F8779,1004.9393,17.2170,17.2670,17.3340,1.0000,6.0000,8941.0008
F8780,1004.9649,12.8330,12.8490,13.2490,1.0000,1213.0000,7357.4526
F8781,1005.2830,7.5980,7.6810,7.7810,1.0000,260.0000,150382.7495
F8782,1005.6246,11.8820,12.0320,12.0820,1.0000,15.0000,42329.3293
F8783,1005.6627,12.2160,12.2490,12.3320,1.0000,28.0000,17340.4056
F8784,1005.6884,13.6990,13.7660,13.9160,1.0000,11.0000,11779.7410
F8785,1005.7074,14.1330,14.2500,14.3160,1.0000,36.0000,31400.1131
F8786,1005.7663,14.1660,14.2500,14.3500,1.0000,50.0000,52403.3849
F8787,1005.7688,14.8000,14.7910,14.9160,2.0000,19.0000,35986.4929
F8788,1005.7993,11.3990,11.4660,11.5490,1.0000,6.0000,20856.0512
F8789,1005.8551,13.2330,13.2990,13.3990,1.0000,13.0000,35885.1161
F8790,1005.8669,13.5660,13.7330,13.7160,2.0000,390.0000,774002.7690
F8791,1005.8820,14.2330,14.3000,14.3500,1.0000,1757.0000,9583.6974
F8792,1005.9795,12.8990,12.9330,12.9830,1.0000,6.0000,4939.6635
F8793,1006.2812,7.5980,7.6810,7.7980,1.0000,9781.0000,60975.8295
F8794,1006.3470,6.3980,6.4810,6.5640,1.0000,357.0000,128056.1625
F8795,1006.6294,11.9320,12.0160,12.0660,1.0000,4149.0000,18371.2775
F8796,1006.6447,11.7660,12.0990,12.1160,1.0000,12.0000,10399.2887
F8797,1006.7091,14.1830,14.2500,14.3330,1.0000,31.0000,26327.7216
F8798,1006.7692,14.1660,14.2500,14.3330,1.0000,13.0000,27161.3319
F8799,1006.7725,14.6830,14.8160,14.9660,1.0000,39.0000,49980.2717
F8800,1006.8039,11.4160,11.4660,11.5320,1.0000,8.0000,7952.1770
F8801,1006.8702,13.5490,13.6330,13.7160,1.0000,60.0000,293102.1834
F8802,1006.8794,13.9330,14.0160,14.1000,1.0000,241.0000,1540287.1482
F8803,1007.2766,7.6150,7.6980,7.7810,1.0000,50.0000,16591.1658
F8804,1007.3415,11.3820,11.4490,11.5160,1.0000,116.0000,42258.6420
F8805,1007.3428,11.5160,11.5820,11.6660,1.0000,69.0000,28732.3078
F8806,1007.3484,6.3980,6.4810,6.5640,1.0000,207.0000,120409.2292
F8807,1007.6409,12.1820,12.2660,12.3320,1.0000,29.0000,21356.8201
F8808,1007.7132,13.9000,14.2500,14.3330,1.0000,10.0000,11711.3622
F8809,1007.7220,14.6830,14.7830,14.9330,1.0000,18.0000,38562.0399
F8810,1007.7256,13.3990,13.4660,13.4990,1.0000,6.0000,10066.6901
F8811,1007.7686,14.1830,14.2660,14.3500,1.0000,14.0000,10412.5918
F8812,1007.7817,14.6830,14.7660,14.9160,1.0000,6234.0000,52216.9749
F8813,1007.7814,12.7490,12.8160,12.8660,1.0000,4283.0000,15714.8202
F8814,1007.7857,15.4000,15.4670,15.6000,1.0000,14.0000,26496.1625
F8815,1007.8738,13.5660,13.6330,13.7160,1.0000,39.0000,83180.8736
F8816,1007.8826,13.9330,14.1160,14.0830,3.0000,220.0000,420951.6488
F8817,1007.8917,14.8160,14.8660,14.9160,1.0000,6.0000,6241.8916
F8818,1007.9057,14.7330,14.8000,14.9500,1.0000,7.0000,8505.4861
F8819,1008.3475,6.3980,6.4810,6.5480,1.0000,244.0000,108876.0713
F8820,1008.6426,12.1990,12.2660,12.3160,1.0000,14.0000,12846.4373
F8821,1008.7293,14.6830,14.7830,14.9660,1.0000,7.0000,35525.1808
F8822,1008.7841,15.3830,15.4670,15.5330,1.0000,7.0000,16160.5991
F8823,1008.7854,14.6830,14.7660,14.8660,1.0000,16.0000,28051.4002
F8824,1008.7863,12.7490,12.8160,12.8830,1.0000,29.0000,14628.7682
F8825,1008.8266,11.7320,12.1320,12.5660,1.0000,20.0000,24582.2321
F8826,1008.8794,13.5490,13.6330,13.7500,1.0000,6.0000,25228.5947
F8827,1008.8800,12.2320,12.2660,12.3160,1.0000,2817.0000,8678.3700
F8828,1008.8858,13.9330,14.0160,14.0830,1.0000,121.0000,408051.0387
F8829,1008.8945,14.2660,14.4160,14.4830,1.0000,105.0000,431229.8627
F8830,1008.8948,14.4830,14.5830,14.6660,1.0000,80.0000,322569.6312
F8831,1009.2874,12.1820,12.2160,12.2660,1.0000,22211.0000,40782.2249
F8832,1009.3428,11.5160,11.5990,11.6660,1.0000,33.0000,24866.8135
F8833,1009.3467,6.3980,6.4810,6.5480,1.0000,14233.0000,69928.7120
F8834,1009.7365,15.4330,15.4830,15.5330,1.0000,9.0000,8176.2595
F8835,1009.7414,13.7500,13.8160,13.8660,1.0000,6.0000,10770.8466
F8836,1009.7432,13.5660,13.6330,13.7500,1.0000,9.0000,28123.7863
F8837,1009.7962,12.9660,13.0330,13.0990,1.0000,18886.0000,79017.5650
F8838,1009.7981,13.0990,13.1490,13.1990,1.0000,7922.0000,26057.4676
F8839,1009.8336,12.0990,12.1320,12.1990,1.0000,14.0000,10393.4252
F8840,1009.8884,13.8830,14.0330,14.1830,1.0000,49.0000,175359.1659
F8841,1009.8979,14.2160,14.4160,14.7500,1.0000,79.0000,555319.9399
F8842,1009.9576,13.9160,13.9830,14.0500,1.0000,21.0000,22667.7372
F8843,1010.3409,11.5160,11.5820,11.6820,1.0000,8.0000,21998.8676
F8844,1010.3446,6.3980,6.4810,6.5640,1.0000,64.0000,40301.8970
F8845,1010.7992,13.0990,13.1660,13.2160,1.0000,5372.0000,20717.7278
F8846,1010.7999,12.9660,13.0330,13.0990,1.0000,16186.0000,61982.3138
F8847,1010.8626,13.4160,13.5160,13.5990,1.0000,6.0000,8127.9190
F8848,1010.8848,13.5330,14.0830,14.2330,1.0000,8.0000,34773.0898
F8849,1010.9013,14.2830,14.4000,14.5000,1.0000,20.0000,134444.8454
F8850,1010.9030,14.5000,14.5830,14.6330,1.0000,16.0000,76219.3018
F8851,1010.9095,15.1830,15.2500,15.3330,1.0000,8.0000,49292.1433
F8852,1010.9096,14.7830,14.9000,14.9830,1.0000,21.0000,131294.7947
F8853,1010.9716,0.7460,0.7800,0.8300,1.0000,8511.0000,16905.4334
F8854,1011.3403,6.4140,6.4810,6.5480,1.0000,4038.0000,20342.6160
F8855,1011.5277,9.5480,9.5980,9.6480,1.0000,10.0000,6957.6205
F8856,1011.7532,13.9500,14.0500,14.2000,1.0000,4770.0000,44799.7465
F8857,1011.8043,12.9660,13.0330,13.0990,1.0000,21.0000,25997.4872
F8858,1011.8120,13.2160,13.2240,13.3660,2.0000,30.0000,52627.4671
F8859,1011.9134,14.8160,14.9000,14.9660,1.0000,24.0000,91242.0816
F8860,1011.9125,15.1830,15.2660,15.3330,1.0000,9.0000,33452.3834
F8861,1011.9777,14.4830,14.5500,14.6500,1.0000,14.0000,23286.1349
F8862,1012.3038,11.3490,11.4160,11.4820,1.0000,187.0000,144318.8746
F8863,1012.3350,11.5490,11.5990,11.6660,1.0000,22.0000,8286.0851
F8864,1012.3393,6.4140,6.4810,6.5310,1.0000,22.0000,8504.2102
F8865,1012.5268,9.5150,9.6320,9.7150,1.0000,7.0000,11277.3372
F8866,1012.7001,0.9460,0.9960,1.0460,1.0000,11.0000,8585.6971
F8867,1012.7162,13.5830,13.6330,13.7330,1.0000,11.0000,32509.4138
F8868,1012.7563,13.9660,14.0330,14.1000,1.0000,10.0000,16619.6165
F8869,1012.7682,12.3320,12.3660,12.4160,1.0000,11.0000,10127.9250
F8870,1012.8158,13.2330,13.2990,13.3660,1.0000,84.0000,104571.9427
F8871,1012.8214,13.0990,13.1660,13.2330,1.0000,27.0000,48838.0281
F8872,1012.8999,14.1830,14.2660,14.3000,1.0000,8.0000,13437.9632
F8873,1012.9168,14.7160,14.8830,15.0160,1.0000,16.0000,62880.3599
F8874,1012.9264,15.2830,15.4170,15.7170,1.0000,98.0000,282987.0316
F8875,1012.9778,14.5000,14.5500,14.6330,1.0000,8.0000,12366.5815
F8876,1012.9821,14.3500,14.3830,14.4500,1.0000,6.0000,6722.5474
F8877,1013.3048,11.3490,11.4160,11.4820,1.0000,206.0000,141711.6510
F8878,1013.5299,7.4310,7.5310,7.6310,1.0000,24.0000,34085.7802
F8879,1013.6507,11.6160,11.6660,11.7320,1.0000,37.0000,15004.0895
F8880,1013.6543,2.5970,2.6470,2.6800,1.0000,119.0000,16699.8449
F8881,1013.7969,12.6660,12.8660,13.0490,1.0000,15.0000,92987.5033
F8882,1013.8195,13.2330,13.2990,13.3660,1.0000,42.0000,55188.1293
F8883,1013.8253,13.0830,13.1490,13.2330,1.0000,24.0000,30317.6067
F8884,1013.8275,13.5160,13.5830,13.6490,3.0000,100.0000,103563.4028
F8885,1013.8602,13.9000,13.9660,14.0830,1.0000,11.0000,12655.9642
F8886,1013.8807,12.0160,12.0490,12.1160,1.0000,6.0000,6183.5830
F8887,1013.8826,13.7330,13.8500,14.1660,1.0000,12.0000,27280.9343
F8888,1013.9232,14.6830,14.8830,15.1160,1.0000,12.0000,14876.4750
F8889,1013.9295,15.3160,15.4170,15.5000,1.0000,52.0000,138105.1295
F8890,1013.9871,15.0330,15.1160,15.1830,1.0000,9.0000,12270.6008
F8891,1014.0314,14.0000,14.0330,14.0830,1.0000,7.0000,4938.1904
F8892,1014.2830,6.4640,6.5980,6.5980,2.0000,81.0000,27336.8768
F8893,1014.3034,11.3490,11.4160,11.4820,1.0000,218.0000,126017.5561
F8894,1014.5340,7.5150,7.5480,7.6310,1.0000,17.0000,12785.0381
F8895,1014.6791,12.2320,12.2660,12.3160,1.0000,12.0000,5728.3644
F8896,1014.7336,13.9160,14.0330,14.1330,1.0000,21.0000,38439.2374
F8897,1014.7758,14.5160,14.6000,14.6500,1.0000,7.0000,8488.8595
F8898,1014.8007,12.6990,12.8330,12.8330,2.0000,17.0000,27621.2533
F8899,1014.8317,13.5160,13.6410,13.6490,2.0000,48.0000,77872.8432
F8900,1014.8359,13.3830,13.4490,13.5160,1.0000,45.0000,79702.8901
F8901,1014.8773,13.7500,13.8330,13.9330,1.0000,16.0000,25034.9715
F8902,1014.9145,14.7330,14.8000,14.8830,1.0000,10.0000,14427.5041
F8903,1014.9324,15.2830,15.4170,15.5000,1.0000,20.0000,62917.0429
F8904,1014.9409,16.1170,16.2670,16.4670,1.0000,30.0000,191020.8670
F8905,1014.9968,15.0660,15.1160,15.1830,1.0000,8.0000,6816.1421
F8906,1015.2832,6.5980,6.5980,6.7480,2.0000,68.0000,30075.1551
F8907,1015.3027,11.3490,11.4160,11.4820,1.0000,195.0000,85535.0162
F8908,1015.5320,7.4650,7.4980,7.5650,1.0000,7.0000,7523.3296
F8909,1015.6657,11.9320,12.0160,12.0990,1.0000,19.0000,29095.5563
F8910,1015.7128,14.2000,14.2500,14.3160,1.0000,14.0000,6985.7778
F8911,1015.7159,13.6990,13.7660,13.8330,1.0000,17.0000,12880.9027
F8912,1015.7378,13.9660,14.0500,14.1660,1.0000,20.0000,23901.5702
F8913,1015.7877,12.1820,12.2320,12.2820,1.0000,7.0000,6738.4331
F8914,1015.8031,12.7160,12.8160,12.8990,1.0000,10.0000,16796.7420
F8915,1015.8373,13.5330,13.5830,13.6330,1.0000,19.0000,40832.0291
F8916,1015.8460,13.9830,13.9750,14.1330,2.0000,24.0000,56132.7504
F8917,1015.8434,13.3830,13.4490,13.5330,1.0000,14.0000,40804.4787
F8918,1015.9007,14.1660,14.2330,14.2660,1.0000,3395.0000,13927.6580
F8919,1015.9447,16.1330,16.2330,16.3500,1.0000,33.0000,106546.7968
F8920,1016.0053,15.5830,15.6830,15.7500,1.0000,7.0000,10046.7182
F8921,1016.2817,6.4640,6.5310,6.5980,1.0000,9.0000,25697.3930
F8922,1016.2828,6.5980,6.6640,6.7480,1.0000,18.0000,22944.5363
F8923,1016.3017,11.3490,11.4160,11.4820,1.0000,193.0000,42978.8722
F8924,1016.5047,7.4480,7.5150,7.6150,1.0000,38.0000,35800.7594
F8925,1016.5761,9.9480,9.9990,10.0820,1.0000,9.0000,10151.8949
F8926,1016.6651,11.9160,11.9990,12.1320,1.0000,9.0000,19991.0841
F8927,1016.7178,13.6830,13.7500,13.8160,1.0000,8.0000,9164.5416
F8928,1016.7415,13.9830,14.0330,14.1000,1.0000,6.0000,8967.4638
F8929,1016.7515,14.4660,14.6000,14.6830,1.0000,7.0000,18050.1228
F8930,1016.8488,13.9830,14.0500,14.1000,1.0000,12.0000,18889.1073
F8931,1016.8508,13.6330,13.7990,13.7330,2.0000,27.0000,47765.6676
F8932,1016.8563,13.3830,13.4490,13.5330,1.0000,15.0000,25157.5431
F8933,1016.8904,14.1160,14.2660,14.3660,1.0000,14.0000,36596.6251
F8934,1016.9178,14.4000,14.4500,14.5160,1.0000,14.0000,7192.6953
F8935,1016.9472,17.8840,17.9500,18.0000,1.0000,10.0000,8005.2941
F8936,1016.9572,17.2500,17.3340,17.4500,1.0000,12.0000,67543.8241
F8937,1017.2817,6.4640,6.5310,6.5980,1.0000,18.0000,15768.8861
F8938,1017.2822,6.5980,6.6640,6.7480,1.0000,18.0000,13834.5760
F8939,1017.3805,10.0990,10.1990,10.2990,1.0000,47.0000,16311.6874
F8940,1017.5073,7.4480,7.5480,7.6150,1.0000,17.0000,21383.3754
F8941,1017.6289,7.7810,7.8810,7.9810,1.0000,18.0000,15360.1573
F8942,1017.6822,12.2160,12.2660,12.3320,1.0000,8143.0000,27175.3566
F8943,1017.6865,2.5800,2.6470,2.6970,1.0000,139.0000,34705.0809
F8944,1017.7316,14.1160,14.2000,14.2830,1.0000,4406.0000,26542.6900
F8945,1017.7324,14.2830,14.3160,14.3500,1.0000,1904.0000,6776.3381
F8946,1017.7523,14.5160,14.5830,14.6330,1.0000,8.0000,8380.6927
F8947,1017.8104,12.3160,12.3820,12.5160,1.0000,9.0000,12563.7653
F8948,1017.8586,13.8500,14.1000,14.2000,1.0000,19.0000,122398.1655
F8949,1017.9177,14.6830,14.7830,14.8830,1.0000,23.0000,23858.4043
F8950,1017.9328,12.1490,12.1990,12.2660,1.0000,8.0000,5742.4915
F8951,1017.9351,14.9330,15.0160,15.1160,1.0000,201.0000,331182.9803
F8952,1017.9615,17.1840,17.3340,17.4670,1.0000,14.0000,58315.3320
F8953,1018.3835,10.0820,10.2150,10.3490,1.0000,35.0000,18390.8853
F8954,1018.6401,11.9320,11.9820,12.0160,1.0000,2642.0000,8425.4365
F8955,1018.6873,12.2160,12.2660,12.3160,1.0000,33.0000,16219.4403
F8956,1018.6898,2.5970,2.6470,2.6970,1.0000,9840.0000,22297.3639
F8957,1018.6939,13.7160,13.7660,13.8330,1.0000,12.0000,10695.3682
F8958,1018.7347,14.1160,14.2000,14.2830,1.0000,14.0000,17255.4142
F8959,1018.8445,12.9990,13.0490,13.1330,1.0000,15.0000,13853.9556
F8960,1018.8660,13.8500,14.1000,14.2000,1.0000,11.0000,105300.8892
F8961,1018.8780,13.5490,13.6330,13.7160,1.0000,8.0000,44919.8790
F8962,1018.9036,14.8330,14.9000,14.9330,1.0000,2922.0000,15889.1548
F8963,1018.9113,14.6830,14.7660,14.8330,1.0000,4237.0000,27859.0524
F8964,1018.9386,14.9330,15.0160,15.1160,1.0000,44180.0000,265017.0736
F8965,1019.2169,7.6310,7.6810,7.7810,1.0000,26.0000,11040.0827
F8966,1019.3461,11.4990,11.5320,11.5820,1.0000,10.0000,4941.3178
F8967,1019.3798,10.0820,10.1990,10.3320,1.0000,32.0000,18697.1762
F8968,1019.5551,9.9820,10.0490,10.1150,1.0000,6.0000,6537.0983
F8969,1019.6467,11.9490,12.0490,12.2320,1.0000,10.0000,17370.3923
F8970,1019.6820,12.2160,12.2660,12.3660,1.0000,14.0000,13173.3033
F8971,1019.7170,14.1330,14.2500,14.3330,1.0000,13.0000,18271.4986
F8972,1019.7496,14.7000,14.8000,14.9000,1.0000,26.0000,29084.1144
F8973,1019.8515,12.9990,13.0490,13.0990,1.0000,13.0000,8391.9250
F8974,1019.8757,14.4500,14.5330,14.6000,1.0000,10.0000,36391.3421
F8975,1019.8830,13.5490,13.6330,13.7160,1.0000,12.0000,32421.3934
F8976,1019.9062,14.8160,14.8500,14.9000,1.0000,2323.0000,9395.2091
F8977,1019.9075,14.7160,14.7660,14.8160,1.0000,3039.0000,14425.3869
F8978,1019.9329,15.4330,15.4670,15.5170,1.0000,1736.0000,6540.3330
F8979,1019.9422,14.9500,15.0330,15.1160,1.0000,93.0000,101228.8118
F8980,1019.9506,15.7170,15.8170,15.9000,1.0000,172.0000,281695.6138
F8981,1020.2166,7.6150,7.6980,7.7480,1.0000,67.0000,9258.0868
F8982,1020.5319,9.8980,9.9820,10.0490,1.0000,19.0000,28701.6798
F8983,1020.6636,13.6990,13.8160,13.8830,1.0000,19.0000,24408.6504
F8984,1020.7085,14.1500,14.2160,14.2660,1.0000,3434.0000,16591.4927
F8985,1020.7180,14.2500,14.2830,14.3330,1.0000,21.0000,6847.7807
F8986,1020.7513,14.7000,14.8000,14.8830,1.0000,11.0000,16470.1559
F8987,1020.8696,13.2990,13.3490,13.4660,1.0000,11.0000,6232.1485
F8988,1020.8861,14.2330,14.5160,14.6330,1.0000,10.0000,60610.0061
F8989,1020.8882,13.5830,13.6330,13.7660,1.0000,5.0000,19605.2284
F8990,1020.8931,13.9160,14.0330,14.1000,1.0000,15.0000,59028.0585
F8991,1020.9171,14.7330,14.7660,14.8160,1.0000,11.0000,7266.3153
F8992,1020.9457,14.9330,15.0330,15.1160,1.0000,15.0000,27694.8371
F8993,1020.9544,15.7170,15.8170,15.9000,1.0000,112.0000,226379.8566
F8994,1021.2179,7.5980,7.6810,7.7650,1.0000,26.0000,14137.9551
F8995,1021.2393,9.3150,9.3650,9.3980,1.0000,1861.0000,5881.2291
F8996,1021.3058,12.2320,12.2820,12.3490,1.0000,11329.0000,6298920.8164
F8997,1021.5089,7.3310,7.3810,7.4310,1.0000,15.0000,7170.7634
F8998,1021.6467,11.9490,12.0160,12.0490,1.0000,2306.0000,8385.5066
F8999,1021.6605,10.2150,10.3320,10.4820,1.0000,25.0000,17337.2669
F9000,1021.6674,13.6660,13.8160,13.9660,1.0000,16.0000,24106.0369
F9001,1021.6883,14.1830,14.2500,14.3160,1.0000,13.0000,15586.5487
F9002,1021.7351,11.8820,11.9660,11.9990,1.0000,7.0000,6057.1951
F9003,1021.7380,14.7500,14.8000,14.8500,1.0000,9.0000,9610.4140
F9004,1021.7646,15.4670,15.5170,15.5670,1.0000,12.0000,6109.7039
F9005,1021.8938,14.3500,14.5160,14.7160,1.0000,10.0000,31400.9507
F9006,1021.8971,13.9330,14.0160,14.1000,1.0000,21.0000,43620.8837
F9007,1021.9575,15.7170,15.8170,15.9170,1.0000,12758.0000,82364.6779
F9008,1022.2402,9.3320,9.3820,9.4480,1.0000,26.0000,6758.1840
F9009,1022.3066,12.2320,12.2820,12.3490,1.0000,11139.0000,6183233.2838
F9010,1022.5480,11.0490,11.1150,11.1990,1.0000,11.0000,16485.9558
F9011,1022.6064,11.6160,11.6660,11.7820,1.0000,16.0000,13249.9212
F9012,1022.6675,13.7160,13.7990,13.8660,1.0000,21.0000,13467.6888
F9013,1022.6814,14.1330,14.2500,14.3660,1.0000,22.0000,33867.6281
F9014,1022.7251,14.7160,14.7830,14.8830,1.0000,15.0000,23612.0706
F9015,1022.7309,11.9490,11.9820,12.0320,1.0000,1625.0000,5566.3603
F9016,1022.9597,15.7330,15.8170,15.9170,1.0000,22.0000,28798.4868
F9017,1023.2833,11.5160,11.4320,11.6820,3.0000,553.0000,269529.2304
F9018,1023.3054,12.2320,12.2820,12.3490,1.0000,11560.0000,5707531.2376
F9019,1023.3192,11.7820,11.8160,11.8660,1.0000,11973.0000,27881.2624
F9020,1023.6845,14.2500,14.2830,14.3500,1.0000,10.0000,12986.5017
F9021,1023.6855,14.1330,14.2000,14.2500,1.0000,10.0000,13877.8080
F9022,1023.6961,14.6830,14.7500,14.8000,1.0000,13.0000,14821.2959
F9023,1023.7205,12.9160,13.2990,13.6990,1.0000,7.0000,12985.5474
F9024,1024.2844,11.5160,11.5070,11.6820,2.0000,2764.0000,933715.1550
F9025,1024.2847,11.1320,11.2150,11.2990,1.0000,154.0000,66655.2514
F9026,1024.3051,12.2320,12.2820,12.3490,1.0000,7623.0000,3396864.0087
F9027,1024.6391,11.9490,11.9990,12.0320,1.0000,20.0000,7544.5615
F9028,1024.6791,6.5980,6.6980,6.7810,1.0000,8983.0000,55546.0539
F9029,1024.6804,14.1500,14.2500,14.4000,1.0000,15.0000,20174.6616
F9030,1024.6990,14.6830,14.7830,14.9500,1.0000,56.0000,40325.7864
F9031,1024.8223,11.7490,11.7990,11.8820,1.0000,10.0000,20812.8363
F9032,1024.8334,12.8490,12.9330,12.9990,1.0000,18.0000,29859.3123
F9033,1025.2825,11.5160,11.4490,11.6820,3.0000,780.0000,238293.6943
F9034,1025.2944,7.1480,7.2310,7.3140,1.0000,14.0000,14920.9443
F9035,1025.3042,12.2320,12.2820,12.3490,1.0000,3745.0000,1845116.1604
F9036,1025.6816,6.5980,6.6980,6.7810,1.0000,52.0000,33690.2096
F9037,1025.6981,14.7000,14.8000,14.9000,1.0000,29.0000,27654.1800
F9038,1025.7452,9.5480,9.6320,9.6980,1.0000,12.0000,9244.1197
F9039,1025.8926,13.7500,13.8160,13.8660,1.0000,10.0000,12869.3912
F9040,1025.9134,16.3670,16.6500,16.6670,1.0000,5.0000,8480.3047
F9041,1025.9211,16.1170,16.2500,16.3830,1.0000,10.0000,32753.6060
F9042,1026.2821,11.1490,11.3240,11.2990,2.0000,143.0000,153123.1690
F9043,1026.2827,11.5160,11.5820,11.6820,1.0000,445.0000,537306.2375
F9044,1026.2942,7.1640,7.2480,7.3310,1.0000,33.0000,15990.4664
F9045,1026.3028,12.2320,12.2820,12.3490,1.0000,1373.0000,816731.7965
F9046,1026.3172,7.5980,7.6980,7.7810,1.0000,6397.0000,38819.5899
F9047,1026.7121,15.4330,15.5000,15.6170,1.0000,4093.0000,35725.1811
F9048,1026.7105,14.5830,14.8000,15.0000,1.0000,4350.0000,65237.7282
F9049,1026.7148,15.1660,15.2500,15.3160,3.0000,2943.0000,21504.1055
F9050,1026.7149,17.9000,17.9670,18.0000,1.0000,15.0000,13998.4798
F9051,1026.7155,15.7830,16.0330,16.2170,1.0000,2815.0000,56099.5038
F9052,1026.8305,11.7320,11.7990,11.8490,1.0000,7.0000,9004.3911
F9053,1026.8402,12.8330,12.9160,12.9830,1.0000,9.0000,13170.0505
F9054,1026.8484,13.0990,13.2410,13.2490,2.0000,20.0000,28228.6305
F9055,1027.2817,11.5160,11.5160,11.6820,2.0000,128.0000,310993.2784
F9056,1027.2937,12.5660,12.6160,12.6830,1.0000,76.0000,73048.7328
F9057,1027.2945,7.1810,7.2310,7.3310,1.0000,21.0000,13383.8606
F9058,1027.3018,12.2320,12.2820,12.3490,1.0000,700.0000,342484.8744
F9059,1027.3169,7.5980,7.6810,7.7650,1.0000,7228.0000,36662.3974
F9060,1027.8515,13.0830,13.2410,13.2490,2.0000,15.0000,22049.4470
F9061,1027.9013,14.1830,14.2660,14.4160,1.0000,9.0000,13572.8916
F9062,1027.9376,17.3000,17.4170,17.5340,1.0000,13.0000,56593.4308
F9063,1028.0439,14.0330,14.0830,14.1500,1.0000,14.0000,8170.2364
F9064,1028.2805,11.5160,11.5820,11.6820,1.0000,20.0000,135817.4812
F9065,1028.2966,7.1640,7.2140,7.2640,1.0000,22.0000,8456.7201
F9066,1028.3161,7.6150,7.6980,7.7810,1.0000,6289.0000,35411.4348
F9067,1028.5704,9.5820,9.6650,9.7150,1.0000,11.0000,7858.3708
F9068,1028.6132,11.4820,11.5320,11.5820,1.0000,12.0000,5174.8260
F9069,1028.7568,13.8660,14.0160,14.1330,1.0000,10.0000,13469.2005
F9070,1028.7934,12.5660,12.6160,12.6830,1.0000,86.0000,56877.9479
F9071,1028.8536,13.0830,13.1660,13.2330,1.0000,21.0000,33462.3729
F9072,1028.8611,13.2330,13.2990,13.3830,1.0000,24.0000,48757.0364
F9073,1028.8635,13.3830,13.4660,13.5490,1.0000,120.0000,186418.4175
F9074,1028.8970,13.7500,13.8330,13.8830,1.0000,7.0000,9391.7755
F9075,1029.0473,14.0500,14.1160,14.1660,1.0000,2041.0000,8765.5226
F9076,1029.2800,11.5160,11.5820,11.6820,1.0000,20.0000,60037.7855
F9077,1029.3154,7.5650,7.6980,7.7650,1.0000,121.0000,20856.1727
F9078,1029.5008,7.4310,7.5310,7.6150,1.0000,13.0000,18535.7577
F9079,1029.7027,13.5660,13.8830,14.1330,1.0000,6.0000,11676.2151
F9080,1029.7357,15.4000,15.4670,15.5670,1.0000,12.0000,9717.6801
F9081,1029.8660,13.3830,13.3740,13.5490,2.0000,18.0000,36988.4940
F9082,1030.2786,11.5320,11.5820,11.6820,1.0000,17.0000,21468.0590
F9083,1030.7893,12.5660,12.6160,12.6830,1.0000,21.0000,11275.5367
F9084,1030.8697,13.3830,13.4490,13.5330,1.0000,34.0000,55221.4616
F9085,1030.8790,13.5330,13.7490,13.6660,2.0000,44.0000,80313.0809
F9086,1030.9242,14.2000,14.2500,14.3000,1.0000,2252.0000,9902.8683
F9087,1030.9665,12.4160,12.4660,12.5160,1.0000,6.0000,5218.3206
F9088,1031.2777,11.5490,11.5820,11.6490,1.0000,10.0000,6508.4825
F9089,1031.7829,14.2660,14.3000,14.4000,1.0000,11.0000,11152.5885
F9090,1031.8123,12.2320,12.2820,12.3320,1.0000,8.0000,5480.3166
F9091,1031.8769,13.3830,13.4490,13.5330,1.0000,12.0000,18025.4037
F9092,1031.8819,13.5330,13.7410,13.6830,2.0000,35.0000,71437.2953
F9093,1031.9299,14.1830,14.2500,14.3000,1.0000,8.0000,8559.2586
F9094,1032.0393,13.9160,13.9660,14.0000,1.0000,2047.0000,7306.5748
F9095,1032.7091,13.7160,13.7660,13.8500,1.0000,9.0000,9095.3182
F9096,1032.8496,9.9820,10.0150,10.0650,1.0000,19.0000,14230.8616
F9097,1032.8943,13.9000,14.0660,14.0660,2.0000,30.0000,166766.0692
F9098,1032.9902,12.9660,13.1660,13.4160,1.0000,6.0000,13558.3739
F9099,1033.5132,7.7980,7.8810,7.9480,1.0000,8.0000,10072.4516
F9100,1033.5349,10.1150,10.2820,10.4650,1.0000,7.0000,8574.1420
F9101,1033.7247,14.1330,14.2000,14.2660,1.0000,30.0000,20353.8171
F9102,1033.7351,14.6830,14.8330,14.8830,1.0000,6.0000,11945.8715
F9103,1033.8015,14.8000,14.8500,14.9160,1.0000,8.0000,9155.5186
F9104,1033.8536,9.7820,10.0150,10.5320,1.0000,12.0000,29703.8763
F9105,1033.8978,13.8500,14.0000,14.2330,1.0000,26.0000,184471.0464
F9106,1034.7301,14.1330,14.2000,14.3000,1.0000,14.0000,15446.5511
F9107,1034.8026,12.8660,12.8990,12.9490,1.0000,2675.0000,9384.4772
F9108,1034.8557,11.9490,12.0160,12.0660,1.0000,8.0000,10506.1782
F9109,1034.9009,13.9000,14.0000,14.2160,1.0000,6865.0000,75517.4767
F9110,1034.9101,14.4660,14.4660,14.6000,2.0000,30.0000,64454.0303
F9111,1035.7414,14.7160,14.8000,14.9160,1.0000,11.0000,20701.7445
F9112,1035.8113,13.0830,13.1490,13.1990,1.0000,26.0000,15960.3275
F9113,1035.8125,12.9660,13.0160,13.0830,1.0000,22.0000,13184.7466
F9114,1035.9138,14.4660,14.4660,14.6160,2.0000,32.0000,52045.2753
F9115,1035.9646,13.2160,13.2990,13.3330,1.0000,6.0000,10016.6474
F9116,1036.3549,12.4490,12.4990,12.5490,1.0000,32.0000,18694.7041
F9117,1036.9159,14.4660,14.4660,14.6330,2.0000,13.0000,28119.3835
F9118,1037.2690,9.2480,9.3650,9.4820,1.0000,106.0000,104084.5456
F9119,1037.3532,7.6480,7.7310,7.8150,1.0000,22.0000,11115.0867
F9120,1037.3558,12.4490,12.4990,12.5990,1.0000,27.0000,21337.2602
F9121,1037.7337,7.2480,7.3650,7.4650,1.0000,20.0000,14391.3924
F9122,1037.8281,13.1330,13.2660,13.3830,1.0000,10.0000,26965.6264
F9123,1037.9175,14.4830,14.5160,14.5660,1.0000,8.0000,6712.6561
F9124,1037.9286,14.8660,14.9160,14.9660,1.0000,8.0000,9502.6250
F9125,1038.2704,9.2480,9.3820,9.4650,1.0000,264.0000,109179.4446
F9126,1038.3503,7.6480,7.6980,7.7480,1.0000,20.0000,6014.6427
F9127,1038.3548,12.4660,12.4990,12.5830,1.0000,38.0000,12163.7875
F9128,1038.5338,9.9480,10.2650,10.3150,1.0000,1344.0000,5295.0305
F9129,1038.7878,12.1660,12.3660,12.5990,1.0000,6.0000,11409.3586
F9130,1038.8323,13.3330,13.3990,13.4330,1.0000,12.0000,9166.7571
F9131,1038.8356,13.1990,13.2660,13.3330,1.0000,21.0000,19513.3585
F9132,1038.9323,15.3160,15.6330,15.8170,1.0000,10.0000,41629.7168
F9133,1038.9402,15.5830,15.6330,15.7170,1.0000,11.0000,18670.5024
F9134,1039.2688,9.2650,9.3650,9.4980,1.0000,141.0000,104889.0153
F9135,1039.3138,7.7810,7.9650,8.0480,1.0000,42.0000,625925.2720
F9136,1039.3156,7.5980,7.6810,7.7810,1.0000,4802.0000,10682895.2259
F9137,1039.5247,7.4480,7.5310,7.5810,1.0000,17.0000,9220.9975
F9138,1039.7971,12.3320,12.3660,12.4160,1.0000,5.0000,5184.0917
F9139,1039.8460,13.4830,13.5660,13.6490,1.0000,12.0000,26033.5252
F9140,1039.9424,15.5330,15.6330,15.7170,1.0000,11.0000,21049.2732
F9141,1040.2694,9.2650,9.3650,9.4820,1.0000,133.0000,67075.9410
F9142,1040.3157,7.5980,7.8230,7.7810,2.0000,6629.0000,10482150.5772
F9143,1040.3334,11.8490,11.8570,11.9660,2.0000,94.0000,49757.5529
F9144,1040.6393,11.9490,11.9990,12.0490,1.0000,5.0000,8720.7983
F9145,1040.8533,13.4990,13.5660,13.6330,1.0000,9.0000,22043.0470
F9146,1040.9568,16.3170,16.4000,16.4840,1.0000,24.0000,44118.7094
F9147,1041.2710,9.2150,9.3820,9.4980,1.0000,58.0000,38113.0153
F9148,1041.2941,5.6310,5.6810,5.7640,1.0000,20.0000,11972.2529
F9149,1041.3130,7.7810,7.9650,8.0480,1.0000,46.0000,571322.9901
F9150,1041.3153,7.5980,7.6810,7.7810,1.0000,5276.0000,9752738.6294
F9151,1041.3338,11.8490,11.8820,11.9490,1.0000,49.0000,33513.5997
F9152,1041.7310,13.6990,13.8160,13.9330,1.0000,8.0000,40178.8147
F9153,1041.9359,14.5500,14.6160,14.6660,1.0000,8986.0000,35494.6897
F9154,1041.9618,16.2830,16.4000,16.4840,1.0000,20.0000,36670.2035
F9155,1042.0970,15.5830,15.7500,15.9330,1.0000,10.0000,19584.3807
F9156,1042.2697,9.2650,9.3650,9.4320,1.0000,30.0000,18154.5940
F9157,1042.2953,5.5970,5.6810,5.7640,1.0000,16.0000,16706.4727
F9158,1042.3142,7.7810,7.9650,8.0480,1.0000,22.0000,359331.9526
F9159,1042.3151,7.5980,7.6810,7.7810,1.0000,2307.0000,5861377.1518
F9160,1042.6973,13.3330,13.4490,13.5490,1.0000,8.0000,8798.0978
F9161,1042.7312,13.7330,13.8160,13.9330,1.0000,10.0000,20444.5565
F9162,1042.7332,14.2000,14.2500,14.2830,1.0000,7.0000,5671.8738
F9163,1042.8339,13.0330,13.0990,13.1990,1.0000,6.0000,10513.1529
F9164,1042.9391,14.5330,14.6160,14.7000,1.0000,45.0000,31600.6996
F9165,1042.9730,17.2170,17.2840,17.3500,1.0000,13.0000,40328.7872
F9166,1043.1030,15.6670,15.7500,15.8500,1.0000,12.0000,11810.3476
F9167,1043.2762,9.3320,9.3820,9.4480,1.0000,22.0000,5550.2313
F9168,1043.2892,5.6310,5.6810,5.7640,1.0000,3442.0000,15162.2442
F9169,1043.3133,7.5980,7.8310,7.7810,2.0000,17.0000,194437.7920
F9170,1043.7458,14.1500,14.2660,14.3330,1.0000,34.0000,50895.5252
F9171,1043.9410,14.5660,14.6160,14.6660,1.0000,13.0000,11659.9472
F9172,1043.9755,17.2340,17.3670,17.3670,2.0000,25.0000,31946.8687
F9173,1044.2929,5.6140,5.6810,5.7640,1.0000,17.0000,8926.7703
F9174,1044.3128,7.5980,7.8230,7.7810,2.0000,1095.0000,1405055.3693
F9175,1044.5690,9.5150,9.6480,9.7820,1.0000,9.0000,12075.5425
F9176,1044.7063,13.7330,13.8160,13.9160,1.0000,23.0000,28029.6865
F9177,1044.7485,14.1660,14.2500,14.3330,1.0000,32.0000,30481.1629
F9178,1045.3112,7.5980,7.6810,7.7810,1.0000,737.0000,596652.4098
F9179,1045.6653,13.4160,13.4830,13.5490,1.0000,6.0000,7542.0226
F9180,1045.7055,13.7330,13.8160,13.8660,1.0000,20.0000,18802.4780
F9181,1045.7442,14.0830,14.2660,14.6160,1.0000,13.0000,14507.5467
F9182,1045.7623,14.6830,14.7830,14.8660,1.0000,71.0000,61617.1507
F9183,1046.0194,13.2660,13.3160,13.3490,1.0000,7.0000,5020.5780
F9184,1046.3104,7.5980,7.6810,7.7810,1.0000,345.0000,215071.4938
F9185,1046.6566,6.5980,6.6980,6.7810,1.0000,27.0000,21882.8762
F9186,1046.6908,13.7660,13.8330,13.9160,1.0000,11.0000,10514.4141
F9187,1046.7231,14.1660,14.2660,14.3500,1.0000,49.0000,34230.8968
F9188,1046.7648,14.6830,14.7660,14.8330,1.0000,55.0000,36616.6930
F9189,1046.7699,12.2490,12.3160,12.4330,1.0000,9.0000,13321.4694
F9190,1047.3096,7.5980,7.6810,7.7810,1.0000,10462.0000,70920.6114
F9191,1047.6634,6.6310,6.6810,6.7640,1.0000,1617.0000,9606.2061
F9192,1047.6826,13.7500,13.8160,13.8830,1.0000,17.0000,21627.0378
F9193,1047.7240,14.1660,14.2330,14.3330,1.0000,23.0000,26056.5213
F9194,1047.7679,14.6660,14.7830,14.8830,1.0000,14.0000,16634.3070
F9195,1047.7792,15.4000,15.4830,15.5500,1.0000,30.0000,15897.5520
F9196,1048.3074,7.5980,7.6980,7.7810,1.0000,4556.0000,26142.6964
F9197,1048.6736,13.7500,13.8330,13.8830,1.0000,10.0000,13624.0297
F9198,1048.6999,0.7300,0.7800,0.8460,1.0000,24.0000,9322.0313
F9199,1048.7012,14.2330,14.3000,14.3330,1.0000,13.0000,10823.2540
F9200,1048.7395,14.6830,14.7830,14.9160,1.0000,43.0000,43124.3824
F9201,1048.7686,11.9820,12.0320,12.0660,1.0000,6.0000,7615.5455
F9202,1048.7800,15.4330,15.5000,15.5500,1.0000,11.0000,9621.8908
F9203,1048.8095,12.0660,12.0990,12.1490,1.0000,2213.0000,7614.9817
F9204,1049.3084,7.6480,7.6810,7.7310,1.0000,1482.0000,4994.1949
F9205,1049.6462,11.8490,12.0320,12.2160,1.0000,5.0000,11624.4695
F9206,1049.6959,14.1330,14.2660,14.3500,1.0000,21.0000,29882.3623
F9207,1049.7373,14.6830,14.7660,14.8500,1.0000,4013.0000,26907.7804
F9208,1049.8965,13.3660,13.4330,13.5160,1.0000,9.0000,10655.4429
F9209,1050.5627,7.8150,7.8650,7.9310,1.0000,16.0000,10277.5314
F9210,1050.6982,14.1660,14.2660,14.3330,1.0000,18.0000,18181.7275
F9211,1050.7283,14.6830,14.7830,14.8160,1.0000,9.0000,9303.4252
F9212,1050.8494,12.8990,13.0160,13.0830,1.0000,16.0000,20206.6633
F9213,1050.8941,13.3330,13.3830,13.4490,1.0000,8.0000,5464.6971
F9214,1051.4785,7.4480,7.5310,7.6150,1.0000,24.0000,15475.8677
F9215,1051.6498,17.9340,17.9840,18.0670,1.0000,12.0000,6316.5817
F9216,1051.7119,14.6830,14.7500,14.8160,1.0000,17.0000,22310.5697
F9217,1051.7396,15.4170,15.4670,15.5000,1.0000,1902.0000,6138.5994
F9218,1051.7475,7.2480,7.3310,7.4310,1.0000,10.0000,13896.7057
F9219,1051.8529,12.9660,13.0330,13.0990,1.0000,9.0000,13858.5768
F9220,1051.9138,13.6990,13.7830,13.9000,1.0000,16.0000,19806.9014
F9221,1052.3295,7.6310,7.6980,7.7480,1.0000,2451.0000,10629.5179
F9222,1052.3696,11.5490,11.5990,11.6490,1.0000,35.0000,17896.9734
F9223,1052.4867,7.4650,7.5310,7.5810,1.0000,7.0000,8085.6382
F9224,1052.7121,8.1980,8.3150,8.3810,1.0000,12.0000,8222.8274
F9225,1052.7163,14.7160,14.7660,14.8330,1.0000,12.0000,13394.4796
F9226,1052.8531,12.0160,12.0660,12.1660,1.0000,10.0000,15198.4519
F9227,1052.8628,13.1160,13.2330,13.2330,2.0000,14.0000,28912.7058
F9228,1052.9161,13.6990,13.7830,13.9160,1.0000,16.0000,17455.2893
F9229,1053.3299,11.3490,11.4160,11.4820,1.0000,462.0000,195880.3813
F9230,1053.3320,7.6480,7.6810,7.7310,1.0000,2014.0000,6933.9989
F9231,1053.8661,13.2330,13.2990,13.3660,1.0000,21.0000,24687.4278
F9232,1053.9180,13.7160,13.7830,13.8500,1.0000,8.0000,8642.1222
F9233,1053.9256,14.2160,14.2660,14.3660,1.0000,7.0000,10014.5143
F9234,1054.2972,12.3660,12.4330,12.4820,1.0000,5151.0000,2472515.3508
F9235,1054.3312,11.3490,11.4160,11.4820,1.0000,229.0000,197604.4381
F9236,1054.3402,7.5980,7.6980,7.7810,1.0000,12.0000,15257.1979
F9237,1054.5907,10.1990,10.3320,10.5150,1.0000,13.0000,21756.5192
F9238,1054.8765,13.6490,13.6990,13.7500,1.0000,10.0000,10399.5482
F9239,1054.8781,13.5160,13.5160,13.6490,2.0000,17.0000,26029.3412
F9240,1055.2978,12.3660,12.4330,12.4820,1.0000,3704.0000,2480588.1342
F9241,1055.3089,6.5980,6.5980,6.7480,2.0000,102.0000,43167.8426
F9242,1055.3297,11.3490,11.4160,11.4820,1.0000,246.0000,178804.5878
F9243,1055.3395,7.6150,7.6980,7.7810,1.0000,23.0000,11081.8961
F9244,1055.4940,9.4320,9.6480,9.8820,1.0000,6.0000,15222.0348
F9245,1055.6633,11.9490,11.9990,12.0320,1.0000,17.0000,10026.3351
F9246,1055.7544,15.9500,16.0000,16.0330,1.0000,8.0000,4949.7468
F9247,1055.8820,13.5160,13.5990,13.7330,1.0000,13.0000,28233.1420
F9248,1055.8994,13.7830,13.9830,14.1330,1.0000,16.0000,22437.3967
F9249,1056.2760,11.7990,11.8660,11.9320,1.0000,1255.0000,676601.0606
F9250,1056.2968,12.3660,12.4330,12.4820,1.0000,5012.0000,2468662.0544
F9251,1056.3095,6.5980,6.6640,6.7480,1.0000,73.0000,44073.9921
F9252,1056.3097,6.4640,6.5310,6.5980,1.0000,57.0000,33784.9162
F9253,1056.3299,11.3490,11.4160,11.4820,1.0000,454.0000,115861.7684
F9254,1056.3430,7.5980,7.6980,7.7980,1.0000,13.0000,10079.5675
F9255,1056.6086,11.5490,11.6160,11.7160,1.0000,19.0000,16510.8365
F9256,1056.7267,11.5490,11.5990,11.6320,1.0000,1539.0000,5071.2127
F9257,1057.2767,11.7990,11.8660,11.9320,1.0000,190469.0000,668031.7992
F9258,1057.2944,12.4820,12.6490,12.7330,1.0000,26.0000,79646.5374
F9259,1057.2963,12.3660,12.4330,12.4820,1.0000,4651.0000,1471165.7929
F9260,1057.3089,6.5980,6.5980,6.7480,2.0000,76.0000,40471.0482
F9261,1057.3288,11.3490,11.4160,11.4820,1.0000,231.0000,64769.2250
F9262,1057.6089,11.5660,11.6160,11.6660,1.0000,16.0000,8549.9407
F9263,1057.7233,13.7160,13.7990,13.8830,1.0000,16.0000,38740.4299
F9264,1058.2752,11.7990,11.8660,11.9320,1.0000,2055.0000,660110.7301
F9265,1058.2822,8.6480,8.6980,8.7320,1.0000,25.0000,6636.4988
F9266,1058.2926,12.4820,12.6330,12.6830,1.0000,11.0000,50172.5919
F9267,1058.2947,12.3660,12.4330,12.4820,1.0000,1268.0000,868701.2589
F9268,1058.3082,6.5980,6.5980,6.7480,2.0000,77.0000,25578.0945
F9269,1058.6335,11.9320,11.9990,12.0820,1.0000,11.0000,11021.5970
F9270,1058.7179,13.6830,13.7660,13.7990,1.0000,13.0000,10039.6708
F9271,1058.7290,13.7830,13.8160,13.8830,1.0000,14.0000,15502.4536
F9272,1058.9104,13.8500,14.0830,14.1830,1.0000,12.0000,29830.1903
F9273,1059.2748,11.7990,11.8660,11.9320,1.0000,1006.0000,405853.4351
F9274,1059.2899,8.6480,8.6980,8.7320,1.0000,2252.0000,6046.1589
F9275,1059.2936,12.3660,12.4330,12.4820,1.0000,619.0000,410133.5705
F9276,1059.3076,6.6140,6.6810,6.7310,1.0000,8.0000,12068.7163
F9277,1059.7386,14.1500,14.2660,14.3330,1.0000,24.0000,52598.2894
F9278,1059.7664,12.1320,12.2990,12.4820,1.0000,7.0000,8724.9026
F9279,1060.2739,11.7990,11.8660,11.9320,1.0000,840.0000,248554.5911
F9280,1060.2828,8.6310,8.7320,9.0650,1.0000,22.0000,10993.0489
F9281,1060.2924,12.3660,12.4330,12.4820,1.0000,197.0000,173707.4090
F9282,1060.6998,13.7500,13.7990,13.8500,1.0000,8.0000,6409.4509
F9283,1060.7409,14.1830,14.2660,14.3830,1.0000,4815.0000,32570.5542
F9284,1060.7714,9.5150,9.5820,9.6480,1.0000,8.0000,7929.4543
F9285,1061.0166,14.2660,14.3160,14.3500,1.0000,1659.0000,5325.7275
F9286,1061.2734,11.7990,11.8660,11.9320,1.0000,290.0000,117500.3257
F9287,1061.7549,14.6830,14.7660,14.9000,1.0000,35.0000,53591.3364
F9288,1062.6345,12.2160,12.2490,12.2990,1.0000,7.0000,5524.1754
F9289,1062.7589,14.6830,14.7660,14.9160,1.0000,36.0000,34699.8039
F9290,1063.5851,11.9820,12.0320,12.0660,1.0000,26.0000,5800.1717
F9291,1063.7193,14.0660,14.2830,14.3500,1.0000,11.0000,6435.6417
F9292,1063.7605,14.7160,14.7830,14.8500,1.0000,1954.0000,11343.0294
F9293,1063.7695,15.4170,15.5000,15.5330,1.0000,12.0000,8062.8534
F9294,1064.7407,14.7160,14.7830,14.9000,1.0000,12.0000,13175.0337
F9295,1065.8015,12.6490,12.6990,12.7660,1.0000,78.0000,57201.2367
F9296,1066.3501,7.5980,7.6810,7.8150,1.0000,54.0000,30970.2342
F9297,1066.9146,13.5160,14.0000,14.5330,1.0000,7.0000,16110.3900
F9298,1067.3195,11.5160,11.5660,11.6160,1.0000,8.0000,6097.5948
F9299,1067.3231,11.3990,11.4320,11.4820,1.0000,7.0000,5576.6060
F9300,1067.3506,7.5980,7.6980,7.7650,1.0000,48.0000,28160.0943
F9301,1067.7444,13.7660,13.8160,13.9000,1.0000,11.0000,11360.7264
F9302,1067.8553,11.7990,11.8320,11.8820,1.0000,6.0000,5564.6212
F9303,1068.3487,12.5830,12.6330,12.6990,1.0000,38.0000,31717.5568
F9304,1068.3489,7.5980,7.6810,7.7810,1.0000,134.0000,28040.4926
F9305,1068.8497,11.6660,11.7160,11.8320,1.0000,6.0000,15806.4319
F9306,1069.3489,12.5830,12.6330,12.7330,1.0000,10000.0000,37000.5494
F9307,1069.3486,7.6150,7.6650,7.7980,1.0000,44.0000,18666.6165
F9308,1069.6724,12.0660,12.1160,12.1660,1.0000,5297.0000,16054.7709
F9309,1069.7616,14.1830,14.2660,14.4330,1.0000,12.0000,22348.7459
F9310,1069.8528,11.6820,11.7320,11.8160,1.0000,6.0000,9733.1371
F9311,1070.0926,14.6500,14.7000,14.7660,1.0000,9.0000,6270.2373
F9312,1070.3443,7.5980,7.6980,7.7650,1.0000,25.0000,13159.7047
F9313,1070.3482,12.5660,12.6330,12.7330,1.0000,54.0000,32244.1704
F9314,1071.3446,7.6150,7.6980,7.7480,1.0000,41.0000,7600.9768
F9315,1071.3473,12.5830,12.6330,12.7160,1.0000,104.0000,22341.1149
F9316,1071.6537,11.8820,12.0160,12.4160,1.0000,9.0000,15273.0738
F9317,1071.7686,14.7160,14.7660,14.8000,1.0000,31.0000,11993.2275
F9318,1072.3079,9.2650,9.3650,9.4650,1.0000,3786.0000,6045423.5087
F9319,1072.3480,12.5830,12.6330,12.7490,1.0000,35.0000,14902.2818
F9320,1072.5952,11.5320,11.6160,11.6490,1.0000,13.0000,6833.9699
F9321,1072.6493,12.0820,12.1160,12.1660,1.0000,2924.0000,9136.0888
F9322,1073.3088,9.2650,9.3650,9.4650,1.0000,3577.0000,6201035.0182
F9323,1073.4646,7.4150,7.4980,7.5810,1.0000,10.0000,10109.4033
F9324,1073.6904,13.7330,13.7830,13.8500,1.0000,7.0000,8608.8220
F9325,1073.7403,14.2330,14.2660,14.3160,1.0000,9.0000,8068.2107
F9326,1074.0262,12.8490,12.8830,12.9330,1.0000,6.0000,5626.9859
F9327,1074.2848,5.5470,5.6140,5.6640,1.0000,7.0000,5447.9188
F9328,1074.3077,9.2650,9.3650,9.4650,1.0000,3187.0000,5906192.6686
F9329,1074.4667,7.4310,7.5310,7.8150,1.0000,8.0000,9083.6152
F9330,1074.6274,11.9490,12.0160,12.0820,1.0000,15.0000,9840.1421
F9331,1074.7052,12.2320,12.2660,12.3160,1.0000,1568.0000,4798.5054
F9332,1074.7076,14.0160,14.0660,14.1000,1.0000,6.0000,4606.8843
F9333,1074.7431,14.7000,14.7660,14.8160,1.0000,23.0000,11374.9587
F9334,1075.3070,9.2650,9.3650,9.4650,1.0000,1883.0000,3775381.2754
F9335,1075.7499,14.7330,14.8160,14.9500,1.0000,19.0000,12636.5534
F9336,1076.3055,9.2650,9.3650,9.4650,1.0000,1740.0000,2174997.8241
F9337,1076.7081,14.2160,14.2660,14.3830,1.0000,1680.0000,10803.3068
F9338,1076.8387,7.2810,7.3480,7.4150,1.0000,51.0000,17140.6421
F9339,1077.3046,9.2650,9.3650,9.4650,1.0000,500.0000,998374.3075
F9340,1077.3404,7.2810,7.3480,7.4150,1.0000,5242.0000,23565.7974
F9341,1077.7212,14.7000,14.8160,14.9330,1.0000,15.0000,15175.6809
F9342,1077.8444,7.2810,7.3480,7.4150,1.0000,145.0000,17740.1526
F9343,1077.8607,15.2330,15.3670,15.4330,1.0000,10.0000,10607.7500
F9344,1077.9289,13.6330,13.7830,13.8660,1.0000,20.0000,14735.4402
F9345,1077.9512,16.1000,16.1670,16.2000,1.0000,10.0000,7487.6152
F9346,1078.3031,9.2650,9.3650,9.4820,1.0000,514.0000,462448.7403
F9347,1078.3467,7.2810,7.3480,7.3980,1.0000,47.0000,7932.6593
F9348,1078.5092,9.4820,9.6820,10.1650,1.0000,6.0000,15527.9350
F9349,1078.8642,15.3000,15.3670,15.4000,1.0000,18.0000,5973.1052
F9350,1078.9314,13.6830,13.7500,13.8500,1.0000,9.0000,14304.8389
F9351,1078.9570,16.0000,16.2000,16.4000,1.0000,6.0000,13271.7252
F9352,1079.3016,9.2650,9.3650,9.4650,1.0000,492.0000,168392.7318
F9353,1079.6569,11.4160,11.6820,11.9820,1.0000,13.0000,17617.5903
F9354,1079.9457,14.1830,14.2500,14.3330,1.0000,22.0000,15318.5483
F9355,1080.2998,9.2650,9.3650,9.4480,1.0000,105.0000,60801.5418
F9356,1080.3657,7.5980,7.6810,7.7810,1.0000,428.0000,156915.1105
F9357,1080.5601,11.5660,11.6320,11.7320,1.0000,12.0000,12655.7244
F9358,1080.7229,7.9810,8.1150,8.3150,1.0000,14.0000,16614.2604
F9359,1080.8076,0.7130,0.7800,0.8300,1.0000,30.0000,9959.1091
F9360,1080.9495,14.1830,14.2500,14.3000,1.0000,13.0000,9446.0813
F9361,1081.2990,9.2650,9.3650,9.4820,1.0000,44.0000,23879.0441
F9362,1081.3598,11.7660,11.8160,11.9160,1.0000,126.0000,48100.7067
F9363,1081.3666,7.5810,7.6810,7.7810,1.0000,354.0000,160124.4736
F9364,1081.6733,11.9320,12.0160,12.0990,1.0000,52.0000,26305.5763
F9365,1081.8007,3.3630,4.3140,5.1310,1.0000,28.0000,119879.0025
F9366,1082.3071,12.3160,12.3490,12.3990,1.0000,22067.0000,41884.5652
F9367,1082.3235,12.3820,12.4330,12.4660,1.0000,44.0000,14178.6580
F9368,1082.3615,11.7820,11.8160,11.9160,1.0000,106.0000,46668.5385
F9369,1082.3659,7.5810,7.6810,7.7810,1.0000,556.0000,149726.2484
F9370,1082.6791,11.9320,12.0160,12.0820,1.0000,42.0000,18502.0763
F9371,1082.7506,7.8150,7.8810,7.9480,1.0000,10.0000,8378.2367
F9372,1083.3653,7.5980,7.6810,7.7810,1.0000,291.0000,103064.1640
F9373,1083.6885,12.0660,12.2490,12.5160,1.0000,33.0000,23779.1914
F9374,1083.7248,13.7330,13.8160,13.9330,1.0000,28.0000,33603.5649
F9375,1084.1455,16.5670,16.6670,16.7840,1.0000,14.0000,18405.1083
F9376,1084.3635,7.6150,7.6980,7.7810,1.0000,8976.0000,55180.1123
F9377,1084.5286,11.5490,11.5990,11.6320,1.0000,1560.0000,5453.3318
F9378,1084.6522,11.9160,12.0320,12.0820,1.0000,8.0000,23583.2650
F9379,1084.6874,12.1820,12.2660,12.3320,1.0000,41.0000,15776.4670
F9380,1084.7320,13.7500,13.8160,13.9000,1.0000,22.0000,21619.3859
F9381,1085.6487,11.9160,12.0320,12.0660,1.0000,9.0000,12141.1431
F9382,1085.6654,12.0660,12.1160,12.1820,1.0000,14.0000,11216.4958
F9383,1085.6801,12.2160,12.2660,12.3820,1.0000,12.0000,7741.4437
F9384,1085.7411,14.1660,14.2500,14.3500,1.0000,17.0000,50593.0746
F9385,1086.3603,7.5810,7.6980,7.7810,1.0000,32.0000,14561.4634
F9386,1086.6644,12.1160,12.2490,12.3160,1.0000,19.0000,13653.0540
F9387,1086.7419,14.1660,14.2500,14.3660,1.0000,23.0000,35313.6362
F9388,1087.7552,14.6830,14.7830,14.9160,1.0000,20.0000,49040.4333
F9389,1087.7967,12.1820,12.3320,12.4660,1.0000,15.0000,25308.4744
F9390,1088.3004,7.8480,7.9650,8.0650,1.0000,8.0000,18759.2286
F9391,1088.3026,7.6810,7.7650,7.8480,1.0000,14.0000,17203.5578
F9392,1088.3217,11.7490,11.7990,11.8490,1.0000,206.0000,91109.9134
F9393,1088.7586,14.6330,14.7830,14.9330,1.0000,19.0000,36048.6853
F9394,1089.3038,7.6810,7.7650,7.8480,1.0000,8.0000,17395.5328
F9395,1089.7692,14.7000,14.7660,14.8500,1.0000,20.0000,12084.2827
F9396,1089.7803,15.4170,15.4670,15.6000,1.0000,10.0000,10582.1965
F9397,1089.8081,11.5660,11.6160,11.6990,1.0000,7.0000,6391.8125
F9398,1090.3001,7.6980,7.7650,7.8310,1.0000,8.0000,17886.9182
F9399,1091.3000,7.8810,7.9650,8.0310,1.0000,10.0000,10366.7235
F9400,1092.4008,11.5660,11.6160,11.6490,1.0000,6768.0000,18389.9102
F9401,1092.6658,13.6990,13.7500,13.7990,1.0000,7.0000,6293.2448
F9402,1092.6936,14.6830,14.7330,14.8160,1.0000,7.0000,10240.6591
F9403,1092.7252,7.9810,8.0480,8.1650,1.0000,10.0000,16399.6328
F9404,1093.2356,9.2820,9.3650,9.4150,1.0000,28.0000,7401.0592
F9405,1093.7006,14.7160,14.8160,14.8830,1.0000,11.0000,11387.7268
F9406,1094.2354,9.3320,9.3820,9.4320,1.0000,10.0000,5528.9301
F9407,1094.7335,7.9980,8.0480,8.0810,1.0000,10.0000,6144.5397
F9408,1094.7369,8.0810,8.1310,8.1810,1.0000,11.0000,8776.0641
F9409,1094.7405,9.6320,9.6820,9.7480,1.0000,16.0000,11611.1350
F9410,1094.7435,9.4820,9.5980,9.6320,1.0000,18.0000,11790.2252
F9411,1095.2371,9.2820,9.3820,9.4320,1.0000,26.0000,9808.9802
F9412,1095.3237,12.3660,12.4330,12.4820,1.0000,8338.0000,5947291.2953
F9413,1095.4741,7.6650,7.7150,7.7810,1.0000,7.0000,7488.4283
F9414,1095.7456,9.5320,9.5980,9.6650,1.0000,9.0000,8320.2173
F9415,1096.3247,12.3660,12.4330,12.4820,1.0000,9293.0000,6314678.3074
F9416,1096.7534,9.5650,9.6150,9.6650,1.0000,18.0000,6802.7299
F9417,1097.3024,11.7660,11.8490,11.9320,1.0000,217674.0000,823272.0717
F9418,1097.3236,12.3660,12.4330,12.4820,1.0000,4965.0000,6185273.0722
F9419,1098.3032,11.7820,11.8490,11.9320,1.0000,228360.0000,828665.8453
F9420,1098.3231,12.3660,12.4330,12.4820,1.0000,3373.0000,3872284.8704
F9421,1099.3020,11.7660,11.8660,11.9320,1.0000,214643.0000,819365.7032
F9422,1099.3113,8.6150,8.7150,8.8320,1.0000,12.0000,15621.6151
F9423,1099.3221,12.3660,12.4330,12.4820,1.0000,4360.0000,2179408.9041
F9424,1099.6812,12.2160,12.2490,12.2990,1.0000,3899.0000,10983.5461
F9425,1099.6929,13.7500,13.7990,13.9500,1.0000,20.0000,14962.9403
F9426,1099.7375,14.1330,14.2160,14.3160,1.0000,14.0000,12602.0367
F9427,1100.3014,11.7660,11.8490,11.9320,1.0000,138774.0000,520745.6410
F9428,1100.3118,8.6310,8.7480,8.8650,1.0000,15.0000,18397.2904
F9429,1100.3123,12.7330,12.7830,12.8490,1.0000,56.0000,23161.8685
F9430,1100.3212,12.3660,12.4330,12.4820,1.0000,2106.0000,1021743.7462
F9431,1100.3343,9.2480,9.3980,9.4820,1.0000,46.0000,34919.4650
F9432,1100.6416,11.8990,12.0320,12.1490,1.0000,15.0000,11731.7629
F9433,1100.6963,13.6990,13.7830,13.8500,1.0000,27.0000,14218.3564
F9434,1100.8110,12.7330,12.7830,12.8490,1.0000,147.0000,42863.8957
F9435,1101.3005,11.7660,11.8490,11.9320,1.0000,802.0000,327202.2877
F9436,1101.3116,8.5310,8.7320,8.9320,1.0000,18.0000,19149.5176
F9437,1101.3113,12.7160,12.7830,12.8490,1.0000,146.0000,67863.4280
F9438,1101.3197,12.3660,12.4330,12.4990,1.0000,1189.0000,442879.3620
F9439,1101.3359,9.2320,9.3650,9.4820,1.0000,90.0000,36869.8866
F9440,1101.7519,14.7000,14.8000,14.8830,1.0000,8.0000,15776.6016
F9441,1101.8117,12.7330,12.7830,12.8490,1.0000,202.0000,78910.3028
F9442,1101.8414,11.7820,11.9820,12.0490,1.0000,13.0000,8752.5211
F9443,1102.2994,11.7820,11.8490,11.9320,1.0000,142.0000,152584.1863
F9444,1102.3147,8.6480,8.7150,8.7820,1.0000,1581.0000,9811.6433
F9445,1102.3347,9.2650,9.3320,9.3820,1.0000,75.0000,23293.2235
F9446,1102.6622,12.2160,12.2660,12.3160,1.0000,17.0000,9617.9359
F9447,1102.6782,13.7500,13.7990,13.8830,1.0000,13.0000,7845.4536
F9448,1102.7098,14.1330,14.2160,14.3330,1.0000,35.0000,27544.0455
F9449,1102.7529,14.7330,14.7830,14.8160,1.0000,2499.0000,6598.4423
F9450,1102.8011,12.2820,12.3320,12.3820,1.0000,11.0000,8363.8023
F9451,1102.8107,12.7160,12.7830,12.8490,1.0000,191.0000,64581.5695
F9452,1102.9424,11.8990,11.9660,12.0320,1.0000,13.0000,13441.6053
F9453,1103.0612,12.7830,13.1990,13.2660,1.0000,6.0000,12530.7624
F9454,1103.2987,11.7820,11.8490,11.9320,1.0000,84.0000,66599.2835
F9455,1103.7054,14.1500,14.2000,14.2500,1.0000,2109.0000,10630.3868
F9456,1103.7232,14.6830,14.7660,14.8660,1.0000,22.0000,20105.5174
F9457,1104.6889,14.2500,14.2830,14.3330,1.0000,1969.0000,6296.8775
F9458,1104.7202,7.8150,7.8980,7.9480,1.0000,20.0000,8022.5164
F9459,1104.7252,14.7000,14.7830,14.9000,1.0000,20.0000,23544.4231
F9460,1105.5093,9.9150,9.9480,9.9990,1.0000,7.0000,5455.9236
F9461,1105.6871,14.1330,14.2500,14.4000,1.0000,14.0000,14974.6524
F9462,1105.7190,14.7000,14.8160,14.9000,1.0000,18.0000,18077.7228
F9463,1106.7074,14.7160,14.7660,14.9000,1.0000,18.0000,15729.0858
F9464,1106.7411,7.9980,8.0480,8.0980,1.0000,9.0000,10900.3268
F9465,1107.3206,12.3820,12.4330,12.4660,1.0000,3402.0000,9236.0043
F9466,1107.6640,14.1500,14.2000,14.2500,1.0000,10.0000,7779.7383
F9467,1108.6895,14.7330,14.7830,14.8660,1.0000,10.0000,11404.2327
F9468,1109.3742,12.5830,12.6330,12.7160,1.0000,75.0000,27700.8107
F9469,1109.7354,13.7660,13.8160,13.9000,1.0000,20.0000,11036.5582
F9470,1109.7502,13.9660,14.0160,14.1160,1.0000,8.0000,7900.1118
F9471,1110.7417,13.7660,13.8160,13.8500,1.0000,29.0000,6110.2726
F9472,1110.7747,11.5660,11.6160,11.6490,1.0000,6.0000,5956.9239
F9473,1110.7803,11.7490,11.7820,11.8320,1.0000,1706.0000,5663.9189
F9474,1110.7843,7.7980,7.8480,7.9150,1.0000,7.0000,6535.9086
F9475,1111.2887,11.2820,11.3490,11.4160,1.0000,173.0000,93035.0609
F9476,1111.3743,12.5830,12.6330,12.7160,1.0000,7320.0000,26986.5976
F9477,1111.7535,14.2000,14.2500,14.3000,1.0000,27.0000,13099.7046
F9478,1112.2891,11.2820,11.3490,11.4160,1.0000,165.0000,94837.7459
F9479,1112.3549,11.9820,12.0160,12.0820,1.0000,119.0000,57742.6987
F9480,1112.3743,12.5830,12.6330,12.6990,1.0000,3922.0000,17241.0692
F9481,1112.7598,14.2000,14.2660,14.3500,1.0000,2115.0000,11916.2766
F9482,1113.2887,11.2650,11.3490,11.4160,1.0000,89.0000,96479.8417
F9483,1113.3344,9.2650,9.3650,9.4650,1.0000,5255.0000,8318310.8932
F9484,1113.3327,9.4650,9.7480,9.8320,1.0000,39.0000,772577.1678
F9485,1113.3707,12.5830,12.6330,12.6990,1.0000,15.0000,11741.0516
F9486,1113.7091,13.6990,13.7660,13.8500,1.0000,43.0000,16827.0319
F9487,1113.7680,14.7000,14.7910,14.8000,2.0000,12.0000,9627.4446
F9488,1113.8716,11.8660,11.9820,12.1160,1.0000,9.0000,17562.0374
F9489,1113.9519,13.9000,13.9660,14.0500,1.0000,24.0000,34208.7730
F9490,1114.2893,11.2820,11.3490,11.4160,1.0000,16294.0000,66070.7970
F9491,1114.3329,9.4650,9.7480,9.8150,1.0000,39.0000,824076.6407
F9492,1114.3353,9.2650,9.3650,9.4650,1.0000,5490.0000,8971503.5515
F9493,1114.3524,11.9320,12.0160,12.0820,1.0000,20764.0000,57748.0618
F9494,1114.7077,8.1150,8.1650,8.1980,1.0000,22.0000,9443.7049
F9495,1114.7106,7.9980,8.0650,8.1150,1.0000,19.0000,11398.0748
F9496,1114.8697,11.6320,11.9820,12.0660,1.0000,12.0000,14906.6759
F9497,1114.9548,13.9000,13.9660,14.0660,1.0000,29.0000,30061.4034
F9498,1115.2884,11.2820,11.3490,11.4160,1.0000,10198.0000,39893.5672
F9499,1115.2978,12.4490,12.4820,12.5330,1.0000,5641.0000,13043.7391
F9500,1115.3122,6.4640,6.5640,6.6640,1.0000,10.0000,15675.1137
F9501,1115.3275,11.8320,11.8660,11.9160,1.0000,2544.0000,6684.9872
F9502,1115.3341,9.2650,9.3650,9.4650,1.0000,3803.0000,8696847.6707
F9503,1115.3334,9.4650,9.7480,9.8320,1.0000,28.0000,800698.7693
F9504,1115.3525,11.9320,11.9990,12.1160,1.0000,78.0000,48513.3662
F9505,1115.7410,14.1330,14.2500,14.3330,1.0000,10.0000,14646.4387
F9506,1115.9577,13.9000,13.9660,14.0500,1.0000,39.0000,14137.1141
F9507,1116.3131,6.4810,6.5980,6.6810,1.0000,8.0000,15733.8276
F9508,1116.3341,9.2650,9.3650,9.4650,1.0000,3141.0000,5593699.2888
F9509,1116.3326,9.4650,9.7480,9.8480,1.0000,32.0000,533325.0279
F9510,1116.3505,11.9160,11.9990,12.0660,1.0000,214.0000,32785.0487
F9511,1116.6878,13.7330,13.7830,13.8160,1.0000,14.0000,7850.9459
F9512,1116.7243,9.5980,9.6480,9.6980,1.0000,11.0000,6262.5181
F9513,1116.7264,7.7810,7.8980,7.9650,1.0000,13.0000,14085.4883
F9514,1116.7308,14.1660,14.2000,14.2500,1.0000,27.0000,8185.2218
F9515,1117.3090,5.5470,5.6640,5.7140,1.0000,6.0000,10616.7121
F9516,1117.3116,6.4640,6.5640,6.6640,1.0000,10.0000,14871.4408
F9517,1117.3313,9.4820,9.7480,9.8480,1.0000,18.0000,216770.5663
F9518,1117.3327,9.2650,9.3650,9.4820,1.0000,1984.0000,3249249.7507
F9519,1117.3500,11.9320,11.9990,12.0320,1.0000,4019.0000,16441.9971
F9520,1117.6911,13.6990,13.7830,13.8830,1.0000,11.0000,10867.8589
F9521,1117.7073,14.2160,14.2660,14.3500,1.0000,12.0000,11169.8719
F9522,1117.7259,7.7980,7.8480,7.9980,1.0000,11.0000,11364.7334
F9523,1117.7424,14.7330,14.8000,14.9000,1.0000,18.0000,14979.5700
F9524,1118.3105,6.5140,6.5640,6.6310,1.0000,9.0000,7468.5327
F9525,1118.3313,9.2650,9.3650,9.4820,1.0000,637.0000,1548772.8208
F9526,1118.7057,14.1660,14.2160,14.2660,1.0000,12.0000,11202.2831
F9527,1118.7452,14.7160,14.8160,15.0000,1.0000,8.0000,20032.9940
F9528,1119.3303,9.2650,9.3650,9.4820,1.0000,394.0000,670496.3720
F9529,1119.4757,7.2640,7.5480,7.8650,1.0000,14.0000,23489.6868
F9530,1119.7257,14.4000,14.8160,15.2000,1.0000,6.0000,13497.8947
F9531,1119.8296,7.3140,7.3480,7.3980,1.0000,1493.0000,5059.3959
F9532,1120.3292,9.2650,9.3650,9.4650,1.0000,303.0000,260501.8675
F9533,1120.4779,7.4150,7.5480,7.6150,1.0000,23.0000,13248.7626
F9534,1120.7192,14.7000,14.8160,14.8830,1.0000,17.0000,15589.5818
F9535,1120.7568,8.0810,8.1480,8.2310,1.0000,9.0000,7567.1251
F9536,1120.7586,10.1990,10.3650,10.4150,1.0000,17.0000,20521.5440
F9537,1121.3282,9.2650,9.3650,9.4980,1.0000,144.0000,95136.5264
F9538,1121.7214,14.7160,14.8000,14.8660,1.0000,1836.0000,11894.9290
F9539,1121.7607,10.2320,10.2820,10.3320,1.0000,9.0000,5739.8253
F9540,1121.8259,11.9490,11.9820,12.0320,1.0000,10.0000,8905.9551
F9541,1122.3272,9.2480,9.3820,9.5150,1.0000,38.0000,33264.0787
F9542,1122.7089,14.7160,14.7500,14.8000,1.0000,9.0000,5096.9579
F9543,1122.7777,11.5490,11.6160,11.6660,1.0000,12.0000,7808.8298
F9544,1122.8258,11.9320,11.9820,12.0320,1.0000,8.0000,8018.2108
F9545,1123.7335,13.7160,13.8160,13.9000,1.0000,28.0000,21735.4346
F9546,1124.7354,13.7330,13.8160,13.9160,1.0000,18.0000,16657.1658
F9547,1124.8063,11.3820,11.5990,11.6660,1.0000,2231.0000,10983.2139
F9548,1125.7494,14.1660,14.2500,14.3660,1.0000,45.0000,37601.7348
F9549,1126.1903,17.6670,17.7840,17.8670,1.0000,11.0000,12076.8938
F9550,1126.3546,9.3150,9.3980,9.4480,1.0000,14.0000,7511.8599
F9551,1126.7079,13.7160,13.8160,13.9160,1.0000,35.0000,24290.2472
F9552,1126.7530,14.1660,14.2660,14.3500,1.0000,45.0000,28510.8333
F9553,1127.1952,17.7000,17.7670,17.8170,1.0000,17.0000,7762.0668
F9554,1127.7103,13.7500,13.8160,13.9000,1.0000,24.0000,16553.8085
F9555,1127.7479,14.2000,14.2500,14.2830,1.0000,3059.0000,8625.8978
F9556,1127.7651,14.7000,14.7660,14.8830,1.0000,50.0000,32239.9902
F9557,1127.9667,8.0150,8.0980,8.2310,1.0000,42.0000,24231.9539
F9558,1128.3163,12.4990,12.5660,12.6330,1.0000,5744.0000,1906832.2227
F9559,1128.3496,11.7490,11.7990,11.8490,1.0000,58407.0000,130603.1024
F9560,1128.5280,9.9320,9.9990,10.0490,1.0000,9.0000,5295.4853
F9561,1128.6975,13.7990,13.8500,13.9000,1.0000,7.0000,6165.3782
F9562,1128.7200,7.9810,8.1480,8.2310,1.0000,8.0000,13869.1577
F9563,1128.7254,14.1500,14.2660,14.3330,1.0000,30.0000,32572.9813
F9564,1128.7713,14.6660,14.8000,14.9660,1.0000,9.0000,32827.2317
F9565,1128.8731,11.9160,11.9820,12.1160,1.0000,8.0000,15510.9511
F9566,1128.9679,7.9810,8.0980,8.2480,1.0000,24.0000,16702.8736
F9567,1129.3171,12.4990,12.5660,12.6330,1.0000,8366.0000,2053764.3874
F9568,1129.3174,12.6330,12.7830,12.8330,1.0000,29.0000,71809.8290
F9569,1129.3276,7.8480,7.9480,8.0310,1.0000,19.0000,26031.4246
F9570,1129.3600,9.2650,9.3650,9.4320,1.0000,13.0000,10245.6495
F9571,1129.6880,13.7500,13.8160,13.9160,1.0000,11.0000,15143.0579
F9572,1129.7262,14.1500,14.2660,14.3330,1.0000,4752.0000,27058.3137
F9573,1129.7616,14.6660,14.7660,14.9000,1.0000,13.0000,12361.1274
F9574,1129.9793,9.4650,9.6320,9.9320,1.0000,10.0000,12762.4543
F9575,1130.2941,11.9320,11.9990,12.0660,1.0000,518.0000,380715.6693
F9576,1130.3160,12.4990,12.5660,12.6330,1.0000,2245.0000,2079967.2634
F9577,1130.3278,7.6810,7.8650,7.8310,2.0000,14.0000,21868.7535
F9578,1130.7195,14.1660,14.2500,14.3330,1.0000,12.0000,9230.8309
F9579,1130.7414,14.6830,14.7660,14.9160,1.0000,23.0000,35368.2314
F9580,1130.7466,7.8150,7.8650,7.9810,1.0000,13.0000,12479.1293
F9581,1131.2948,11.9320,11.9990,12.0660,1.0000,688.0000,411364.6563
F9582,1131.3154,12.4990,12.5660,12.6330,1.0000,3076.0000,1374730.2412
F9583,1131.3261,7.6810,7.8560,7.8810,2.0000,23.0000,27325.8444
F9584,1131.7097,14.1500,14.2160,14.2660,1.0000,15.0000,10566.2359
F9585,1131.7397,14.6830,14.7830,14.8500,1.0000,44.0000,20727.9802
F9586,1131.7439,7.8150,7.8810,7.9310,1.0000,11.0000,7154.9168
F9587,1132.2937,11.9320,11.9990,12.0660,1.0000,621.0000,417516.6607
F9588,1132.3075,10.7150,10.8150,10.8650,1.0000,14.0000,9326.9182
F9589,1132.3139,12.4990,12.5660,12.6330,1.0000,1001.0000,842469.1038
F9590,1132.3262,7.6810,7.9480,8.1980,1.0000,10.0000,31963.1116
F9591,1132.7343,14.4500,14.7830,15.0660,1.0000,9.0000,11958.0422
F9592,1132.7544,7.7810,7.8650,7.9310,1.0000,11.0000,9607.5305
F9593,1133.2930,11.9320,11.9990,12.0660,1.0000,80319.0000,271930.5555
F9594,1133.3030,10.6820,10.7320,10.7820,1.0000,12.0000,8297.0546
F9595,1133.3060,10.7820,10.8320,10.8820,1.0000,12.0000,7946.1286
F9596,1133.3128,12.4990,12.5660,12.6330,1.0000,785.0000,421115.3416
F9597,1134.2921,11.9320,11.9990,12.0660,1.0000,53780.0000,173458.3437
F9598,1134.3022,10.5820,10.8150,10.9650,1.0000,11.0000,12428.4997
F9599,1134.7749,10.2320,10.3490,10.4150,1.0000,10.0000,14587.4494
F9600,1135.2909,11.9320,11.9990,12.0660,1.0000,119.0000,86340.5509
F9601,1135.7751,10.2490,10.3150,10.3820,1.0000,16.0000,9448.0404
F9602,1135.7921,11.7320,11.7820,11.8990,1.0000,32.0000,24354.8969
F9603,1135.8406,11.9160,11.9990,12.0660,1.0000,12.0000,21306.5028
F9604,1136.2897,11.9320,11.9990,12.0490,1.0000,12038.0000,40119.5353
F9605,1136.6984,14.6830,14.7330,14.7830,1.0000,15.0000,7431.8946
F9606,1136.7885,11.5660,11.6160,11.6490,1.0000,12.0000,6119.5795
F9607,1136.8464,11.9160,11.9820,12.0320,1.0000,9.0000,15799.8309
F9608,1137.2870,11.9490,11.9990,12.0490,1.0000,52.0000,16582.9302
F9609,1137.3217,12.8490,12.8830,12.9330,1.0000,5478.0000,14542.5794
F9610,1137.7078,13.4160,13.4830,13.5490,1.0000,8.0000,10199.2607
F9611,1137.8121,12.0160,12.0490,12.0990,1.0000,4114.0000,10356.0504
F9612,1137.8208,12.8330,12.8830,12.9490,1.0000,87.0000,40566.7673
F9613,1138.8020,11.5660,11.5990,11.6490,1.0000,8.0000,6919.0177
F9614,1138.8204,12.8160,12.8830,12.9490,1.0000,81.0000,70454.0210
F9615,1139.7113,7.8150,7.8650,7.9150,1.0000,21.0000,5966.2354
F9616,1139.7246,13.6990,13.8160,13.9660,1.0000,40.0000,36906.1305
F9617,1139.8098,12.3160,12.3820,12.4490,1.0000,13.0000,8308.1436
F9618,1139.8197,12.8330,12.8830,12.9490,1.0000,18528.0000,54214.3518
F9619,1139.8843,11.6320,11.6820,11.7490,1.0000,11.0000,8774.4539
F9620,1140.3570,11.7820,11.8160,11.8820,1.0000,9.0000,9858.0064
F9621,1140.3673,9.2650,9.3650,9.4650,1.0000,39.0000,27254.5440
F9622,1140.7285,13.7330,13.8330,13.9660,1.0000,22.0000,24937.4458
F9623,1140.8182,12.8160,12.8830,12.9490,1.0000,48.0000,34514.6361
F9624,1141.3176,12.8490,12.8830,12.9330,1.0000,5384.0000,16859.2630
F9625,1141.3680,9.2320,9.3650,9.4650,1.0000,41.0000,28410.7620
F9626,1141.7410,14.1500,14.2330,14.3500,1.0000,36.0000,49061.2655
F9627,1141.8230,12.8490,12.8830,12.9330,1.0000,16.0000,11384.5786
F9628,1141.9061,11.9320,11.9820,12.0820,1.0000,3547.0000,16753.7498
F9629,1142.3660,11.8820,11.9320,12.0160,1.0000,11.0000,10208.7098
F9630,1142.3666,12.7160,12.7660,12.8490,1.0000,6423.0000,25007.4103
F9631,1142.3679,9.2650,9.3650,9.4820,1.0000,3862.0000,29040.7908
F9632,1142.7074,13.7330,13.8160,13.9660,1.0000,19.0000,22085.2714
F9633,1142.7394,10.1650,10.3320,10.4820,1.0000,10.0000,14027.7546
F9634,1142.7484,14.1500,14.2660,14.3500,1.0000,32.0000,33173.8804
F9635,1143.3364,11.7490,11.8320,11.8820,1.0000,7.0000,8086.7205
F9636,1143.3650,9.2480,9.3650,9.4820,1.0000,23.0000,19416.0102
F9637,1143.3667,12.7160,12.7660,12.8490,1.0000,34.0000,27069.9102
F9638,1143.7059,13.7500,13.7990,13.9330,1.0000,17.0000,15889.8397
F9639,1143.7406,14.1830,14.2500,14.3330,1.0000,22.0000,14572.2319
F9640,1143.7582,14.6830,14.7830,14.9160,1.0000,46.0000,49591.5894
F9641,1144.3653,9.2320,9.3650,9.4480,1.0000,13.0000,12537.8012
F9642,1144.7266,14.1660,14.2500,14.3660,1.0000,41.0000,26504.3535
F9643,1144.7581,11.5490,11.6160,11.6490,1.0000,15.0000,9304.5182
F9644,1144.7603,7.7810,7.8650,7.9480,1.0000,11.0000,9536.8629
F9645,1144.7612,14.6830,14.7830,14.8660,1.0000,23.0000,32577.3265
F9646,1145.3652,12.6990,12.7660,12.8490,1.0000,23.0000,19867.2526
F9647,1145.6863,13.7330,13.8160,13.9000,1.0000,11.0000,9493.3070
F9648,1145.7239,14.1330,14.2660,14.4160,1.0000,32.0000,23654.1835
F9649,1145.7607,14.7000,14.8000,14.8830,1.0000,11.0000,15812.6914
F9650,1145.7601,9.9480,9.9990,10.0650,1.0000,6.0000,5966.5893
F9651,1145.7606,11.5660,11.5990,11.6490,1.0000,1879.0000,6729.3774
F9652,1145.7750,15.4000,15.4830,15.5830,1.0000,12.0000,10543.8635
F9653,1146.3271,11.2820,11.3490,11.4160,1.0000,4147.0000,4620624.0403
F9654,1146.7261,14.1830,14.2330,14.3000,1.0000,15.0000,9100.4549
F9655,1146.7361,14.6830,14.7500,14.8000,1.0000,27.0000,17251.3349
F9656,1146.7809,15.4170,15.4500,15.5000,1.0000,10.0000,4425.0284
F9657,1147.3279,11.2820,11.3490,11.4160,1.0000,4872.0000,5120110.1429
F9658,1147.7383,14.6830,14.7830,14.9000,1.0000,20.0000,22965.6891
F9659,1147.8387,11.8820,12.0160,12.0820,1.0000,9.0000,20641.5172
F9660,1148.3268,11.2820,11.3490,11.4160,1.0000,5292.0000,5167910.6327
F9661,1148.3362,8.0650,8.0980,8.1480,1.0000,2495.0000,8542.9126
F9662,1148.7365,14.7500,14.8000,14.9160,1.0000,12.0000,6947.5388
F9663,1148.8377,8.0150,8.0980,8.1810,1.0000,3202.0000,21531.1245
F9664,1148.8464,11.9320,11.9820,12.0660,1.0000,12.0000,13753.7912
F9665,1149.3265,11.2650,11.3490,11.4160,1.0000,2646.0000,3437133.4704
F9666,1149.3397,8.0150,8.1150,8.1810,1.0000,2669.0000,16985.1396
F9667,1149.7436,13.7660,13.8160,13.9160,1.0000,7.0000,10319.6649
F9668,1149.8409,8.0650,8.1150,8.1810,1.0000,17.0000,7505.4533
F9669,1149.8530,11.9320,11.9820,12.0660,1.0000,9.0000,19170.6994
F9670,1150.3252,11.2650,11.3490,11.4160,1.0000,2949.0000,2023196.0884
F9671,1150.7454,13.7660,13.8160,13.9000,1.0000,1681.0000,8357.7936
F9672,1151.3239,11.2650,11.3490,11.4160,1.0000,1799.0000,1014910.4500
F9673,1151.7605,14.1660,14.2330,14.3660,1.0000,18.0000,17021.8662
F9674,1151.9648,7.7810,7.8650,7.9650,1.0000,18.0000,16320.5114
F9675,1152.3225,11.2650,11.3490,11.4160,1.0000,905.0000,446335.2129
F9676,1152.7192,13.7660,13.8160,13.8500,1.0000,1536.0000,5221.2063
F9677,1152.7635,14.2000,14.2500,14.3160,1.0000,6.0000,6415.1026
F9678,1152.9702,7.7810,7.8650,7.9480,1.0000,23.0000,12106.2059
F9679,1153.3203,11.2820,11.3490,11.4160,1.0000,546.0000,186472.4401
F9680,1153.7196,5.5310,5.6310,5.7140,1.0000,122.0000,49001.1627
F9681,1153.7767,14.7160,14.8160,14.9500,1.0000,9.0000,12496.6837
F9682,1154.3190,11.2820,11.3490,11.4160,1.0000,343.0000,75333.0228
F9683,1154.3846,9.2480,9.3650,9.4820,1.0000,147.0000,138217.1114
F9684,1154.7231,5.5310,5.6310,5.7140,1.0000,101.0000,30948.1546
F9685,1154.7413,14.1830,14.2500,14.3000,1.0000,18.0000,8653.6842
F9686,1155.0037,13.9000,13.9660,14.0500,1.0000,16.0000,12814.8562
F9687,1155.3137,11.2820,11.3490,11.4160,1.0000,86.0000,23566.8314
F9688,1155.3788,11.8990,11.9820,12.0490,1.0000,34.0000,26594.6196
F9689,1155.3857,9.2480,9.3650,9.4820,1.0000,265.0000,159214.6795
F9690,1155.7196,13.7330,13.8160,13.8830,1.0000,16.0000,13483.0851
F9691,1155.7994,11.5990,11.6490,11.6990,1.0000,7.0000,5894.6209
F9692,1155.8096,11.7820,11.9820,12.1660,1.0000,7.0000,15194.7166
F9693,1156.0088,13.9330,13.9830,14.0330,1.0000,2160.0000,9097.2961
F9694,1156.2933,12.3660,12.4160,12.4490,1.0000,1413.0000,5160.8603
F9695,1156.3396,12.5160,12.5660,12.6160,1.0000,4260.0000,11990.3556
F9696,1156.3788,11.9320,11.9820,12.0320,1.0000,6409.0000,23540.9078
F9697,1156.3841,9.2480,9.3650,9.4650,1.0000,621.0000,145868.0100
F9698,1156.7157,13.7500,13.8330,13.8830,1.0000,8.0000,8428.9822
F9699,1156.7545,14.7160,14.7660,14.8000,1.0000,1967.0000,6154.0426
F9700,1156.7693,11.7160,11.7820,11.9160,1.0000,42.0000,30273.9692
F9701,1156.8102,11.9490,11.9990,12.0490,1.0000,7.0000,6212.8743
F9702,1157.3263,12.4490,12.4820,12.5330,1.0000,12991.0000,28459.9529
F9703,1157.3423,12.5160,12.5660,12.5990,1.0000,5283.0000,13558.4732
F9704,1157.3775,11.9160,11.9820,12.0320,1.0000,48.0000,26885.6145
F9705,1157.3845,9.2320,9.3650,9.4650,1.0000,117.0000,102406.8338
F9706,1157.7164,14.1330,14.2000,14.2330,1.0000,9.0000,6652.9344
F9707,1157.7304,14.2160,14.2660,14.3330,1.0000,20.0000,12309.1683
F9708,1158.2683,11.7490,11.8160,11.8660,1.0000,10.0000,9019.3039
F9709,1158.3425,12.5160,12.5660,12.5990,1.0000,4551.0000,11272.2475
F9710,1158.3791,11.9320,11.9820,12.0160,1.0000,5655.0000,17663.1327
F9711,1158.3829,9.2480,9.3650,9.4820,1.0000,6997.0000,66386.0173
F9712,1158.7868,12.0160,12.0490,12.1160,1.0000,12.0000,16493.1106
F9713,1159.3324,8.0150,8.0980,8.1810,1.0000,688.0000,196657.5243
F9714,1159.3760,11.9320,11.9820,12.0160,1.0000,4203.0000,13177.6178
F9715,1159.3808,9.2650,9.3650,9.4820,1.0000,60.0000,30956.0053
F9716,1159.7514,14.6660,14.8160,14.9330,1.0000,14.0000,19548.0922
F9717,1159.7799,11.5660,11.6160,11.6660,1.0000,2022.0000,7499.7228
F9718,1159.7923,12.0160,12.0490,12.0990,1.0000,9.0000,10885.6661
F9719,1159.8338,8.0150,8.0980,8.1980,1.0000,47663.0000,274000.3951
F9720,1160.3353,8.0150,8.0980,8.1980,1.0000,36701.0000,202977.9446
F9721,1160.3783,9.2320,9.3650,9.4480,1.0000,13.0000,15319.6757
F9722,1160.7559,14.6830,14.7500,14.8000,1.0000,15.0000,6274.4378
F9723,1160.8364,8.0150,8.0980,8.1980,1.0000,188.0000,100823.2991
F9724,1161.3387,8.0150,8.0980,8.1810,1.0000,8455.0000,45428.9853
F9725,1161.8400,8.0310,8.0980,8.1650,1.0000,21.0000,13217.5655
F9726,1161.8541,11.9320,11.9820,12.0820,1.0000,12.0000,15089.3705
F9727,1162.3403,11.8820,11.9490,11.9990,1.0000,105.0000,67266.6884
F9728,1162.3565,9.5320,9.6150,9.7150,1.0000,63.0000,40591.5926
F9729,1162.8566,9.5320,9.6150,9.7320,1.0000,92.0000,57607.3652
F9730,1162.8589,11.9160,11.9660,12.0320,1.0000,11.0000,12653.7365
F9731,1163.3219,9.3320,9.4650,9.5320,1.0000,10.0000,10551.6499
F9732,1163.3252,9.7150,9.7650,9.8820,1.0000,11.0000,9358.8426
F9733,1163.3597,9.5150,9.6320,9.7320,1.0000,7694.0000,45591.6347
F9734,1163.7237,13.3990,13.4490,13.5490,1.0000,6.0000,7575.4438
F9735,1163.8604,9.5320,9.6320,9.7150,1.0000,56.0000,23499.3494
F9736,1164.3599,9.5650,9.6320,9.6650,1.0000,2064.0000,8174.2623
F9737,1164.8795,12.2160,12.2660,12.3160,1.0000,6.0000,8016.4971
F9738,1165.3199,9.4150,9.4820,9.5320,1.0000,8.0000,6516.0862
F9739,1165.4191,11.8160,11.8660,11.8990,1.0000,102.0000,13958.3639
F9740,1165.6931,12.2160,12.2660,12.3160,1.0000,21.0000,7635.4930
F9741,1165.7322,13.7330,13.8160,13.8830,1.0000,24.0000,22103.1936
F9742,1166.7347,13.7500,13.8160,13.9500,1.0000,15.0000,17770.9583
F9743,1167.7444,14.1660,14.2500,14.3500,1.0000,19.0000,33119.4708
F9744,1168.7176,13.7660,13.8160,13.9000,1.0000,10.0000,8066.2762
F9745,1168.7498,14.1660,14.2500,14.3500,1.0000,36.0000,25623.3821
F9746,1168.8163,8.0150,8.0810,8.1810,1.0000,2099.0000,13885.6131
F9747,1169.2556,11.2820,11.3490,11.4160,1.0000,91.0000,17863.3120
F9748,1169.3427,12.4990,12.5660,12.6330,1.0000,8462.0000,4823822.1712
F9749,1169.4161,11.8160,11.8660,11.9160,1.0000,40.0000,10460.2579
F9750,1169.7197,13.7660,13.8160,13.8830,1.0000,8.0000,5743.9202
F9751,1169.7561,14.1830,14.2500,14.3660,1.0000,10.0000,15724.6093
F9752,1169.7617,14.6830,14.7830,14.9330,1.0000,14.0000,37048.3663
F9753,1169.8177,8.0150,8.0810,8.1650,1.0000,28.0000,14890.2909
F9754,1169.8302,11.9320,11.9660,12.0490,1.0000,8.0000,11837.7262
F9755,1170.3436,12.4990,12.5660,12.6330,1.0000,10117.0000,5436280.2583
F9756,1170.7629,14.7000,14.7830,14.9160,1.0000,25.0000,24241.4895
F9757,1170.8201,8.0150,8.1150,8.1650,1.0000,11.0000,8216.9116
F9758,1170.8318,11.9660,12.0160,12.0990,1.0000,9.0000,8233.2912
F9759,1171.2516,11.2990,11.3490,11.3990,1.0000,2055.0000,7316.9466
F9760,1171.3206,11.9160,11.9990,12.0660,1.0000,436.0000,438669.9459
F9761,1171.3425,12.4990,12.5660,12.6330,1.0000,5230.0000,5484804.5865
F9762,1171.7294,14.1830,14.2500,14.3160,1.0000,8.0000,7691.5011
F9763,1171.7791,14.7330,14.7830,14.8330,1.0000,10.0000,8787.1367
F9764,1171.8302,7.9980,8.0480,8.1150,1.0000,23.0000,11343.4470
F9765,1171.8376,12.2160,12.2660,12.2990,1.0000,7.0000,6063.6789
F9766,1172.3213,11.9160,11.9990,12.0660,1.0000,587.0000,480839.2801
F9767,1172.3388,8.0150,8.0650,8.1310,1.0000,21.0000,7322.8862
F9768,1172.3423,12.4990,12.5660,12.6330,1.0000,5906.0000,3652636.8512
F9769,1172.7276,14.1830,14.2330,14.2830,1.0000,1242.0000,5833.5484
F9770,1173.2999,11.3820,11.4490,11.4990,1.0000,11.0000,11388.5888
F9771,1173.3165,12.0990,12.1320,12.1820,1.0000,1877.0000,6213.6887
F9772,1173.3205,11.9160,11.9990,12.0660,1.0000,143150.0000,482680.0177
F9773,1173.3413,12.4990,12.5660,12.6330,1.0000,1943.0000,2224124.8717
F9774,1173.3414,8.0150,8.0650,8.1310,1.0000,19.0000,7390.0614
F9775,1173.7470,14.7160,14.7500,14.8500,1.0000,7.0000,6465.8198
F9776,1174.3016,11.3820,11.4320,11.4990,1.0000,3277.0000,15048.9827
F9777,1174.3035,11.4990,11.5490,11.5990,1.0000,3027.0000,10514.2507
F9778,1174.3199,11.9160,11.9990,12.0660,1.0000,206.0000,343822.2830
F9779,1174.3403,12.4990,12.5660,12.6330,1.0000,3023.0000,1052621.2054
F9780,1174.3539,11.2820,11.3490,11.4160,1.0000,7249.0000,24403.0455
F9781,1174.7647,14.7160,14.7500,14.8000,1.0000,9.0000,4813.3145
F9782,1175.3038,11.3820,11.4320,11.4990,1.0000,9.0000,13529.7586
F9783,1175.3030,9.0320,9.2820,9.5480,1.0000,1560.0000,9180.5854
F9784,1175.3149,10.5990,10.6650,10.7150,1.0000,6.0000,6894.7886
F9785,1175.3184,11.9160,11.9990,12.0660,1.0000,228.0000,211372.3650
F9786,1175.3320,10.6990,10.7320,10.7820,1.0000,30.0000,8335.0517
F9787,1175.3333,10.7820,10.8150,10.8650,1.0000,29.0000,10129.1573
F9788,1175.3389,12.4990,12.5660,12.6330,1.0000,986.0000,494836.2285
F9789,1175.3547,11.2650,11.3490,11.4160,1.0000,28.0000,26708.3376
F9790,1175.7007,5.5470,5.6140,5.6970,1.0000,59.0000,21865.4874
F9791,1175.8304,12.9330,12.9830,13.0660,1.0000,128.0000,58376.5488
F9792,1175.9648,7.4480,7.5150,7.5980,1.0000,68.0000,20014.2001
F9793,1176.2999,11.4990,11.5490,11.6160,1.0000,9.0000,7709.3192
F9794,1176.3185,11.9160,11.9990,12.0490,1.0000,28844.0000,105013.5921
F9795,1176.3292,12.9330,12.9830,13.0660,1.0000,87.0000,59832.8442
F9796,1176.3537,11.2650,11.3490,11.4160,1.0000,34.0000,27393.0113
F9797,1176.7031,5.5470,5.6140,5.6970,1.0000,54.0000,16696.6245
F9798,1176.9683,7.4650,7.5150,7.5810,1.0000,47.0000,15973.1035
F9799,1177.3181,11.9160,11.9990,12.0490,1.0000,13636.0000,51056.4155
F9800,1177.3288,12.9330,12.9830,13.0660,1.0000,74.0000,38144.7272
F9801,1177.3546,11.2820,11.3490,11.4160,1.0000,36.0000,20580.0246
F9802,1177.9700,7.4650,7.5150,7.5650,1.0000,14.0000,6536.2507
F9803,1178.3273,12.9330,12.9830,13.0330,1.0000,5826.0000,16093.6561
F9804,1179.3197,11.9160,11.9990,12.0320,1.0000,13.0000,10015.3354
F9805,1179.6641,11.9320,12.0160,12.0660,1.0000,15.0000,7938.8226
F9806,1180.8282,8.0150,8.0980,8.1810,1.0000,14.0000,7902.8857
F9807,1181.7145,13.7500,13.8160,13.9160,1.0000,9.0000,12127.4363
F9808,1181.7492,6.5980,6.6980,6.8140,1.0000,27.0000,24175.4742
F9809,1182.3442,12.5160,12.5660,12.5990,1.0000,2582.0000,7775.4293
F9810,1182.7525,6.6140,6.6810,6.7980,1.0000,17.0000,12627.6434
F9811,1183.3936,12.7160,12.7660,12.8490,1.0000,7861.0000,29071.7924
F9812,1183.7268,14.1500,14.2660,14.3160,1.0000,12.0000,11652.7655
F9813,1183.8390,11.9160,12.0160,12.0990,1.0000,14.0000,17324.6571
F9814,1184.3408,7.9650,8.0980,8.1980,1.0000,32.0000,40481.5539
F9815,1184.3934,12.6990,12.7660,12.8330,1.0000,51.0000,29894.9291
F9816,1184.7198,14.1660,14.2660,14.3330,1.0000,17.0000,15042.9987
F9817,1184.8419,7.9980,8.0810,8.1980,1.0000,35.0000,55493.3883
F9818,1185.3442,7.9980,8.0650,8.1980,1.0000,36.0000,43422.0875
F9819,1185.3733,12.0820,12.1160,12.1820,1.0000,83.0000,41231.4546
F9820,1185.3932,12.7160,12.7660,12.8330,1.0000,42.0000,31767.7950
F9821,1185.8454,7.8480,8.0810,8.3310,1.0000,14.0000,32322.8931
F9822,1186.3444,7.8150,8.0650,8.2980,1.0000,1809.0000,10864.8000
F9823,1186.3731,12.0820,12.1160,12.1820,1.0000,70.0000,47141.7354
F9824,1186.3868,11.3320,11.3820,11.4490,1.0000,8.0000,7251.1718
F9825,1186.3927,12.6990,12.7660,12.8490,1.0000,28.0000,24738.7899
F9826,1186.7097,14.2160,14.2500,14.3000,1.0000,2037.0000,6448.0004
F9827,1186.7370,14.7330,14.8000,14.8830,1.0000,12.0000,9606.0991
F9828,1187.3078,11.6990,11.7320,11.7820,1.0000,35796.0000,75314.8380
F9829,1187.3329,12.3160,12.3490,12.3990,1.0000,3162.0000,8587.4310
F9830,1187.3536,11.2650,11.3490,11.4160,1.0000,4888.0000,6305177.4331
F9831,1188.3081,11.6990,11.7320,11.7820,1.0000,27278.0000,54705.1441
F9832,1188.3545,11.2650,11.3490,11.4160,1.0000,6231.0000,7353971.7240
F9833,1188.3717,12.0320,12.1160,12.1820,1.0000,94.0000,53346.3743
F9834,1188.8089,7.9980,8.0980,8.1650,1.0000,23.0000,13960.1874
F9835,1189.3253,8.0310,8.0980,8.1980,1.0000,15.0000,20066.7520
F9836,1189.3309,6.3480,6.4480,6.4480,2.0000,7.0000,6800.8202
F9837,1189.3535,11.2650,11.3490,11.4160,1.0000,4163.0000,7286894.3392
F9838,1189.3703,12.0320,12.1160,12.1820,1.0000,11285.0000,41638.7628
F9839,1189.8312,8.0310,8.0980,8.2310,1.0000,57.0000,22810.3959
F9840,1190.3324,6.3310,6.4140,6.4640,1.0000,12.0000,10626.3483
F9841,1190.3346,8.0310,8.0980,8.1980,1.0000,13.0000,18742.4448
F9842,1190.3370,11.8160,11.8660,11.8990,1.0000,1890.0000,5751.3297
F9843,1190.3532,11.2650,11.3490,11.4160,1.0000,3601.0000,5000080.9448
F9844,1190.3682,12.0490,12.0990,12.1660,1.0000,68.0000,29560.6527
F9845,1190.8307,8.0150,8.0980,8.1980,1.0000,22.0000,17578.4614
F9846,1190.9936,11.8660,11.9160,11.9820,1.0000,8.0000,11097.2781
F9847,1191.2920,11.9990,12.0490,12.0820,1.0000,1409.0000,4952.3051
F9848,1191.3290,6.3140,6.3980,6.4480,1.0000,8.0000,9990.3892
F9849,1191.3279,7.7480,7.7980,7.8650,1.0000,7.0000,7994.9459
F9850,1191.3355,8.0150,8.1150,8.1810,1.0000,9.0000,15106.2276
F9851,1191.3521,11.2650,11.3490,11.4160,1.0000,2351.0000,3033395.9433
F9852,1191.3661,12.0160,12.0990,12.1820,1.0000,13.0000,19410.2549
F9853,1191.8310,8.0310,8.0980,8.1980,1.0000,15.0000,7213.9544
F9854,1191.9950,11.8660,11.9160,11.9820,1.0000,7.0000,9029.3224
F9855,1192.3310,7.6810,7.7810,7.9480,1.0000,6.0000,9445.9125
F9856,1192.3332,6.3140,6.3810,6.4640,1.0000,7.0000,8988.7203
F9857,1192.3511,11.2650,11.3490,11.4160,1.0000,1206.0000,1461883.1374
F9858,1192.3643,12.0490,12.0820,12.1660,1.0000,11.0000,11119.9200
F9859,1193.3411,11.5660,11.6160,11.6660,1.0000,9.0000,5347.8251
F9860,1193.3496,11.2650,11.3490,11.4160,1.0000,830.0000,661635.3585
F9861,1194.3483,11.2650,11.3490,11.4160,1.0000,553.0000,265406.2096
F9862,1194.8168,7.6980,7.8150,7.9310,1.0000,53.0000,49257.6624
F9863,1195.3330,7.7980,7.8810,7.9480,1.0000,10769.0000,45079.7382
F9864,1195.3471,11.2650,11.3490,11.4160,1.0000,150.0000,104397.2047
F9865,1195.7134,13.6830,13.7500,13.8660,1.0000,8.0000,9844.9988
F9866,1195.7671,14.7330,14.7830,14.8330,1.0000,7.0000,5840.8951
F9867,1195.8316,7.7980,7.8650,7.9480,1.0000,93.0000,93882.5611
F9868,1196.3366,7.7980,7.8650,7.9480,1.0000,220.0000,61002.4685
F9869,1196.3463,11.2650,11.3490,11.4160,1.0000,79.0000,36254.2827
F9870,1196.8348,7.7310,7.8650,7.9480,1.0000,33.0000,47209.5518
F9871,1197.1086,14.7160,14.7660,14.8500,1.0000,15.0000,11594.2519
F9872,1197.3402,7.8310,7.8810,7.9480,1.0000,47.0000,12371.0530
F9873,1197.3428,11.2990,11.3490,11.3990,1.0000,3989.0000,12775.8019
F9874,1197.6809,5.5310,5.6140,5.6970,1.0000,24.0000,9478.8995
F9875,1197.7314,14.1500,14.2160,14.3160,1.0000,10.0000,7040.9388
F9876,1197.8581,11.9160,11.9820,12.0660,1.0000,9.0000,10880.9293
F9877,1198.1127,14.7160,14.7830,14.8660,1.0000,10.0000,7570.4856
F9878,1198.7899,7.9980,8.1310,8.1810,1.0000,14.0000,13380.0264
F9879,1198.8509,11.9490,11.9990,12.0820,1.0000,14.0000,10502.7572
F9880,1198.8562,8.5980,8.6480,8.7320,1.0000,13.0000,8982.7491
F9881,1199.8507,11.9320,11.9820,12.0320,1.0000,7.0000,5251.3420
F9882,1200.3729,11.2990,11.3490,11.4160,1.0000,11.0000,9017.3042
F9883,1200.7108,14.1830,14.2500,14.3660,1.0000,8.0000,10153.6535
F9884,1200.8329,8.0150,8.0810,8.1810,1.0000,28.0000,20621.6043
F9885,1201.3338,8.0150,8.0980,8.1810,1.0000,47.0000,19454.6367
F9886,1201.3800,10.2320,10.3320,10.4150,1.0000,36.0000,50109.9383
F9887,1201.8261,8.0150,8.0980,8.1810,1.0000,45.0000,28278.1006
F9888,1201.8805,10.2320,10.3320,10.4320,1.0000,139.0000,68434.1641
F9889,1202.3254,8.0150,8.1150,8.1980,1.0000,5699.0000,30327.1458
F9890,1202.3350,12.6330,12.6990,12.7660,1.0000,3406.0000,1337179.3148
F9891,1202.3834,10.2320,10.3320,10.4320,1.0000,36.0000,56210.4873
F9892,1202.3912,11.9660,11.9990,12.0490,1.0000,13.0000,9884.5494
F9893,1202.8246,7.9980,8.0980,8.1810,1.0000,17.0000,29095.5807
F9894,1202.8846,10.2320,10.3320,10.4320,1.0000,5492.0000,33837.0686
F9895,1203.3233,8.0310,8.0980,8.1650,1.0000,67.0000,9204.7586
F9896,1203.3343,12.7660,12.8990,12.9660,1.0000,2807.0000,60704.7275
F9897,1203.3360,12.6330,12.6990,12.7660,1.0000,639207.0000,1573093.5402
F9898,1203.3463,9.3650,9.5980,9.5980,2.0000,11.0000,23634.4096
F9899,1203.3814,11.2990,11.3490,11.3820,1.0000,11.0000,7416.7378
F9900,1203.3884,10.2820,10.3320,10.3990,1.0000,2070.0000,10542.6342
F9901,1204.3130,12.0320,12.0990,12.1660,1.0000,510.0000,277753.3973
F9902,1204.3351,12.6330,12.6990,12.7660,1.0000,2283.0000,1664197.0395
F9903,1204.3466,9.6650,9.7650,9.8650,1.0000,10.0000,22737.1841
F9904,1204.3667,11.8990,11.9490,11.9820,1.0000,29163.0000,60669.0259
F9905,1204.3804,11.2820,11.3490,11.4660,1.0000,9.0000,9325.8365
F9906,1204.8131,7.8310,7.8810,7.9980,1.0000,6.0000,6906.4000
F9907,1205.3136,12.0320,12.0990,12.1660,1.0000,102622.0000,319378.2385
F9908,1205.3194,7.8310,7.8810,7.9480,1.0000,13.0000,6353.0630
F9909,1205.3343,12.6330,12.6990,12.7660,1.0000,1805.0000,1193057.7363
F9910,1205.3446,9.3320,9.4650,9.5480,1.0000,10.0000,21292.0460
F9911,1205.8149,7.7310,7.8980,8.2480,1.0000,12.0000,8632.6106
F9912,1206.2924,11.3660,11.5320,11.6160,1.0000,8.0000,28669.9887
F9913,1206.3121,12.0320,12.0990,12.1660,1.0000,201.0000,347452.9306
F9914,1206.3329,12.6330,12.6990,12.7660,1.0000,858.0000,756615.6313
F9915,1207.2928,11.4820,11.5660,11.6160,1.0000,6.0000,19472.3396
F9916,1207.3119,12.0320,12.0990,12.1660,1.0000,182.0000,241408.6564
F9917,1207.7523,14.1660,14.2500,14.3330,1.0000,17.0000,11766.1851
F9918,1208.2924,11.4490,11.5490,11.6160,1.0000,9.0000,25096.8178
F9919,1208.3113,12.0320,12.0990,12.1660,1.0000,134.0000,152872.9186
F9920,1208.7129,13.7500,13.7990,13.8660,1.0000,13.0000,8981.1231
F9921,1208.7500,14.2330,14.2830,14.3330,1.0000,1455.0000,6494.3882
F9922,1209.2905,11.4490,11.5660,11.5990,1.0000,9.0000,16818.8802
F9923,1209.3105,12.0320,12.0990,12.1660,1.0000,96.0000,82696.9198
F9924,1209.3240,8.0480,8.0980,8.1810,1.0000,21.0000,8621.7267
F9925,1209.7640,14.7330,14.7830,14.8500,1.0000,11.0000,7881.2116
F9926,1209.8293,8.0150,8.0810,8.1650,1.0000,25.0000,10002.5057
F9927,1210.7283,14.1830,14.2500,14.3330,1.0000,2862.0000,16120.4536
F9928,1210.8302,8.0480,8.1150,8.1650,1.0000,17.0000,8339.7969
F9929,1211.7249,14.1830,14.2500,14.3000,1.0000,11.0000,9941.9667
F9930,1211.8239,8.0310,8.0810,8.1810,1.0000,11.0000,9054.2007
F9931,1212.7440,14.7000,14.7830,14.8660,1.0000,15.0000,13015.1478
F9932,1212.8266,8.0150,8.0810,8.1480,1.0000,23.0000,10244.9978
F9933,1212.8412,13.0330,13.0990,13.1660,1.0000,119.0000,49286.9922
F9934,1213.3294,8.0150,8.0980,8.1980,1.0000,60.0000,19838.2512
F9935,1213.7453,14.7000,14.7500,14.8500,1.0000,1990.0000,11985.8724
F9936,1213.8295,8.0310,8.0810,8.1810,1.0000,54.0000,23110.9681
F9937,1213.8980,14.2000,14.2500,14.3160,1.0000,9.0000,8170.9778
F9938,1214.3353,7.9980,8.1150,8.1810,1.0000,39.0000,17845.6189
F9939,1214.3666,12.4660,12.5330,12.5830,1.0000,26.0000,20657.6998
F9940,1214.3855,11.2820,11.3490,11.4160,1.0000,24.0000,18556.1295
F9941,1214.8367,8.0310,8.0980,8.1650,1.0000,23.0000,10985.0903
F9942,1215.3417,8.0480,8.0980,8.1810,1.0000,18.0000,7502.7902
F9943,1215.3748,11.9820,12.0320,12.0990,1.0000,8.0000,9205.4973
F9944,1215.3872,11.2650,11.3490,11.3990,1.0000,20.0000,18454.7039
F9945,1216.3878,11.2820,11.3490,11.4160,1.0000,22.0000,21925.3869
F9946,1217.3847,11.2990,11.3490,11.3990,1.0000,3843.0000,14480.7729
F9947,1217.3860,12.8490,12.8990,12.9660,1.0000,65.0000,24120.9090
F9948,1218.3868,11.2990,11.3490,11.4160,1.0000,10.0000,9535.1451
F9949,1218.3852,12.8490,12.8990,12.9660,1.0000,7498.0000,25679.2889
F9950,1219.3078,8.0480,8.0980,8.1810,1.0000,43.0000,13434.2957
F9951,1219.3846,12.8490,12.8990,12.9660,1.0000,26.0000,16935.9961
F9952,1219.8066,8.0310,8.0810,8.1980,1.0000,79.0000,19783.2770
F9953,1220.3123,8.0310,8.1150,8.1980,1.0000,31.0000,16651.2878
F9954,1220.3455,11.6820,11.7320,11.7990,1.0000,8148.0000,2855234.0833
F9955,1220.3838,12.8660,12.8990,12.9490,1.0000,3325.0000,9323.2141
F9956,1220.8116,8.0150,8.1150,8.1810,1.0000,22.0000,11999.8512
F9957,1221.3464,11.6660,11.7320,11.7990,1.0000,8366.0000,3345676.7566
F9958,1221.3799,12.8490,12.8990,12.9330,1.0000,2030.0000,6045.0363
F9959,1221.7327,13.7660,13.7990,13.9330,1.0000,13.0000,11720.2632
F9960,1222.3454,11.6660,11.7320,11.7990,1.0000,10526.0000,3569065.8565
F9961,1222.7300,13.7660,13.8160,13.8660,1.0000,29.0000,6322.2824
F9962,1222.8141,8.0150,8.0980,8.1650,1.0000,13.0000,8892.7293
F9963,1223.3226,7.4480,7.4980,7.5310,1.0000,7.0000,5307.8032
F9964,1223.3451,11.6660,11.7320,11.7990,1.0000,6111.0000,2463116.1929
F9965,1223.7426,14.1500,14.2500,14.3330,1.0000,18.0000,21290.4638
F9966,1224.3438,11.6820,11.7320,11.7990,1.0000,3950.0000,1545589.4025
F9967,1224.7032,13.7330,13.7990,13.8500,1.0000,29.0000,8985.3388
F9968,1225.7599,14.7000,14.7830,14.8830,1.0000,14.0000,19900.1442
F9969,1226.7631,14.6830,14.7660,14.8660,1.0000,20.0000,12500.2269
F9970,1227.7242,14.1660,14.2660,14.3330,1.0000,24.0000,10843.5368
F9971,1227.7563,6.1810,6.3140,6.4640,1.0000,47.0000,42590.9549
F9972,1227.8256,8.0150,8.0980,8.1480,1.0000,8.0000,7239.0328
F9973,1227.9156,14.2160,14.2660,14.3330,1.0000,11.0000,7372.3373
F9974,1228.4035,11.2650,11.3490,11.4160,1.0000,218.0000,90485.5017
F9975,1228.7384,14.6830,14.7830,14.9330,1.0000,15.0000,14012.4352
F9976,1228.7605,6.2140,6.3140,6.4310,1.0000,45.0000,31506.9174
F9977,1229.4043,11.2650,11.3490,11.4160,1.0000,97.0000,106253.5778
F9978,1229.7337,14.7000,14.7500,14.8660,1.0000,11.0000,11020.6684
F9979,1229.7626,6.1980,6.2980,6.3980,1.0000,19.0000,14422.1027
F9980,1230.3457,12.5830,12.6160,12.6660,1.0000,10093.0000,23420.4678
F9981,1230.4038,11.2650,11.3490,11.4160,1.0000,51.0000,104503.1182
F9982,1230.8006,8.0310,8.0980,8.1810,1.0000,4211.0000,19708.6774
F9983,1231.3057,8.0310,8.0980,8.1810,1.0000,3196.0000,19265.3095
F9984,1231.3456,12.5830,12.6160,12.6830,1.0000,9526.0000,24817.7856
F9985,1231.3818,11.1990,11.5160,11.6820,1.0000,6.0000,14895.0733
F9986,1231.3980,12.0320,12.0820,12.1490,1.0000,24.0000,30147.7372
F9987,1231.4029,11.2820,11.3490,11.4160,1.0000,57.0000,75667.0580
F9988,1232.3124,8.0310,8.0980,8.1810,1.0000,5134.0000,26941.1510
F9989,1232.3888,11.2150,11.2820,11.3150,1.0000,7.0000,10083.5057
F9990,1232.4010,11.2820,11.3490,11.4320,1.0000,15.0000,52830.6666
F9991,1232.8139,7.9980,8.0980,8.1980,1.0000,36.0000,31487.4300
F9992,1233.2866,11.8820,11.9320,11.9660,1.0000,2298.0000,6933.8805
F9993,1233.3168,8.0150,8.0980,8.1810,1.0000,3670.0000,21280.9374
F9994,1233.3804,11.2150,11.4160,11.8160,1.0000,7.0000,29506.8405
F9995,1233.3982,11.2820,11.3490,11.4160,1.0000,9.0000,30287.6174
F9996,1233.8184,8.0310,8.0810,8.1980,1.0000,2693.0000,15626.4749
F9997,1234.2891,7.8310,7.8810,7.9150,1.0000,1443.0000,5130.3029
F9998,1234.3953,11.2650,11.3490,11.4160,1.0000,9.0000,17339.1554
F9999,1235.3606,11.9990,12.0490,12.0990,1.0000,42.0000,43721.5801
F10000,1235.8365,9.5650,9.6320,9.7150,1.0000,14.0000,8399.4878
F10001,1235.8426,7.7310,7.7980,7.8810,1.0000,48.0000,70618.0926
F10002,1236.8468,7.7310,7.7980,7.8810,1.0000,73.0000,64354.2369
F10003,1237.3448,11.3320,11.3820,11.4490,1.0000,13.0000,9826.8534
F10004,1237.3818,9.9320,9.9990,10.0990,1.0000,19.0000,9813.9710
F10005,1237.8136,10.2990,10.4150,10.5990,1.0000,19.0000,24021.6862
F10006,1237.8503,7.7310,7.7980,7.8980,1.0000,35.0000,31445.5063
F10007,1237.8810,9.9480,10.0150,10.0990,1.0000,2468.0000,15254.8975
F10008,1238.8492,7.7480,7.8150,7.8650,1.0000,19.0000,9069.4319
F10009,1238.8815,9.9480,9.9990,10.0820,1.0000,35.0000,9725.2379
F10010,1240.8088,8.0480,8.0980,8.1650,1.0000,29.0000,6345.2461
F10011,1242.8240,8.0480,8.0980,8.1650,1.0000,12.0000,7748.1677
F10012,1243.3244,8.0150,8.0980,8.1810,1.0000,53.0000,11557.8295
F10013,1243.3619,12.6330,12.6990,12.7660,1.0000,9592.0000,3590536.3718
F10014,1243.8169,8.0650,8.1150,8.1980,1.0000,15.0000,6846.9814
F10015,1244.3629,12.6330,12.6990,12.7660,1.0000,11481.0000,4266983.3856
F10016,1244.8164,7.8810,8.0810,8.1650,1.0000,28.0000,13304.3386
F10017,1245.3396,12.0320,12.0990,12.1660,1.0000,582.0000,470017.4385
F10018,1245.3617,12.6330,12.6990,12.7660,1.0000,8491.0000,4605945.8530
F10019,1246.3405,12.0320,12.0990,12.1660,1.0000,212839.0000,554832.0348
F10020,1246.3615,12.6330,12.6990,12.7660,1.0000,6713.0000,3244017.0794
F10021,1247.3185,11.3990,11.5320,11.6160,1.0000,16.0000,37323.7054
F10022,1247.3202,11.7490,11.7990,11.8820,1.0000,4457.0000,17738.4186
F10023,1247.3390,12.0320,12.0990,12.1660,1.0000,314.0000,580403.1028
F10024,1247.3607,12.6330,12.6990,12.7660,1.0000,3931.0000,1983860.1614
F10025,1247.7324,13.7500,13.8160,13.8830,1.0000,17.0000,9504.7684
F10026,1248.3194,11.3990,11.5320,11.6160,1.0000,19.0000,48982.2969
F10027,1248.3209,11.7490,11.7990,11.8820,1.0000,18.0000,17894.7062
F10028,1248.3387,12.0320,12.0990,12.1660,1.0000,195.0000,418097.4885
F10029,1248.3593,12.6330,12.6990,12.7660,1.0000,984.0000,1038511.5860
F10030,1248.8511,13.1490,13.2160,13.2660,1.0000,26.0000,19572.7237
F10031,1249.3170,11.4320,11.5320,11.6160,1.0000,13.0000,45525.8302
F10032,1249.3222,11.7490,11.7990,11.8820,1.0000,17.0000,20021.1461
F10033,1249.3374,12.0320,12.0990,12.1490,1.0000,95863.0000,258239.4427
F10034,1249.3491,13.1660,13.2160,13.2990,1.0000,30.0000,32209.8630
F10035,1249.3584,12.6330,12.6990,12.7660,1.0000,391.0000,492844.2516
F10036,1249.7380,6.1980,6.3140,6.3980,1.0000,38.0000,26039.8375
F10037,1249.7466,14.1660,14.2500,14.3830,1.0000,17.0000,13025.7644
F10038,1250.3189,11.3490,11.6660,11.6160,2.0000,22.0000,14374.5991
F10039,1250.3372,12.0320,12.0990,12.1490,1.0000,151.0000,140977.2605
F10040,1250.3487,13.1490,13.2160,13.2990,1.0000,51.0000,40555.1707
F10041,1250.3570,12.6330,12.6990,12.7660,1.0000,230.0000,208943.3142
F10042,1250.7157,13.7660,13.8160,13.8830,1.0000,14.0000,6369.2285
F10043,1250.7386,6.1980,6.2810,6.3980,1.0000,23.0000,16511.8696
F10044,1250.7497,14.2160,14.2500,14.3160,1.0000,12.0000,7387.2072
F10045,1250.8503,13.1660,13.2160,13.2830,1.0000,42.0000,34909.3481
F10046,1251.3364,12.0320,12.0990,12.1490,1.0000,26315.0000,67717.4245
F10047,1251.3491,13.1660,13.2160,13.2830,1.0000,41.0000,26888.4946
F10048,1251.7643,14.6660,14.8000,14.8830,1.0000,11.0000,13805.8334
F10049,1251.8467,13.1660,13.2160,13.2990,1.0000,93.0000,24496.5533
F10050,1252.3173,11.4820,11.5160,11.5660,1.0000,12.0000,6176.4835
F10051,1252.3453,13.1660,13.2160,13.2660,1.0000,5242.0000,13011.0700
F10052,1252.7300,14.2160,14.2500,14.3000,1.0000,9.0000,5058.9731
F10053,1252.8321,11.3490,11.4160,11.4490,1.0000,27.0000,8004.2186
F10054,1253.3112,8.0150,8.0980,8.1650,1.0000,65.0000,19176.8275
F10055,1253.3336,12.0320,12.0990,12.1490,1.0000,24.0000,13941.6581
F10056,1253.8098,8.0150,8.1150,8.1980,1.0000,53.0000,29350.1429
F10057,1254.3125,8.0150,8.1150,8.1810,1.0000,4162.0000,25802.4917
F10058,1254.8125,8.0150,8.1150,8.1980,1.0000,28.0000,16553.0318
F10059,1255.3173,8.0310,8.0650,8.1980,1.0000,22.0000,10407.5398
F10060,1255.3586,12.6490,12.6990,12.7330,1.0000,2504.0000,7485.9055
F10061,1255.8097,7.8310,7.8650,7.9150,1.0000,12.0000,5605.3000
F10062,1255.8142,8.0310,8.0980,8.1810,1.0000,17.0000,11044.3065
F10063,1256.8102,7.8480,7.8810,7.9310,1.0000,9.0000,4680.4121
F10064,1257.4119,12.8330,12.8990,12.9660,1.0000,53.0000,26206.5033
F10065,1257.8225,8.0150,8.0650,8.1480,1.0000,8.0000,8253.0449
F10066,1258.4125,12.8490,12.8990,12.9660,1.0000,10127.0000,35185.2633
F10067,1259.3254,11.8490,11.8820,11.9490,1.0000,26345.0000,53317.3622
F10068,1259.4110,12.8490,12.8990,12.9830,1.0000,55.0000,32038.1974
F10069,1260.4100,12.8490,12.8990,12.9490,1.0000,6685.0000,23519.8508
F10070,1261.3721,11.6660,11.7320,11.7990,1.0000,2416.0000,3861168.7545
F10071,1261.3803,12.0160,12.0660,12.1160,1.0000,12.0000,10134.9106
F10072,1261.8073,8.0480,8.0980,8.1650,1.0000,8.0000,5778.2955
F10073,1262.3730,11.6660,11.7320,11.7990,1.0000,2221.0000,4696274.7579
F10074,1262.4093,12.8660,12.8990,12.9490,1.0000,2746.0000,7426.1616
F10075,1263.3719,11.6660,11.7320,11.7990,1.0000,1772.0000,4918320.7705
F10076,1263.3878,12.1320,12.2160,12.2820,1.0000,57.0000,42889.6531
F10077,1263.8281,10.2990,10.4320,10.6150,1.0000,11.0000,23346.1142
F10078,1264.3494,7.3980,7.4480,7.5150,1.0000,6.0000,5800.0061
F10079,1264.3718,11.6660,11.7320,11.7990,1.0000,1725.0000,3443043.5660
F10080,1264.3859,12.1320,12.1990,12.2820,1.0000,9099.0000,31862.7133
F10081,1264.8321,10.3490,10.4320,10.5150,1.0000,10.0000,12627.9239
F10082,1265.3708,11.6660,11.7320,11.7990,1.0000,1353.0000,2119987.4581
F10083,1265.3877,12.1490,12.1990,12.2660,1.0000,4090.0000,15873.1562
F10084,1266.2791,12.0160,12.0490,12.0990,1.0000,1382.0000,4920.7048
F10085,1266.3698,11.6660,11.7320,11.7990,1.0000,1760.0000,1117112.3985
F10086,1268.1257,14.9000,14.9500,15.0330,1.0000,9823.0000,29531.0938
F10087,1268.3042,7.8480,7.8810,7.9310,1.0000,1855.0000,6137.4189
F10088,1268.3671,11.6660,11.7320,11.7990,1.0000,573.0000,221483.4816
F10089,1268.7442,14.7330,14.7830,14.8330,1.0000,21.0000,5472.7274
F10090,1268.8077,7.8150,7.8810,7.9310,1.0000,18.0000,9594.5673
F10091,1269.1291,14.9000,14.9500,15.0330,1.0000,111.0000,27269.6407
F10092,1270.7151,14.7160,14.7660,14.8830,1.0000,16.0000,5651.0701
F10093,1271.4866,11.9490,11.9820,12.0320,1.0000,13222.0000,28231.7499
F10094,1272.1577,15.8170,15.9000,15.9830,1.0000,78911.0000,385155.6524
F10095,1273.1606,15.8170,15.9000,15.9830,1.0000,71905.0000,352594.5466
F10096,1273.4240,12.0490,12.0820,12.1320,1.0000,19.0000,10134.7331
F10097,1273.8126,11.3660,11.4160,11.4990,1.0000,16.0000,7592.8972
F10098,1274.1640,15.8170,15.9000,15.9830,1.0000,605.0000,171375.8013
F10099,1274.3579,10.2650,10.3150,10.3990,1.0000,16.0000,8607.8193
F10100,1274.8614,10.2490,10.3490,10.3990,1.0000,18.0000,12200.0489
F10101,1275.1674,15.8170,15.9000,15.9670,1.0000,12239.0000,54643.3470
F10102,1275.3647,10.2650,10.3490,10.4320,1.0000,16.0000,9234.8643
F10103,1275.3985,11.6990,11.7320,11.7820,1.0000,10.0000,7287.5791
F10104,1276.1715,15.8330,15.9000,15.9830,1.0000,41.0000,12612.6645
F10105,1276.3508,12.8990,13.0490,13.1160,1.0000,30.0000,41188.2721
F10106,1276.3532,12.7660,12.8330,12.8990,1.0000,7022.0000,990295.6447
F10107,1276.8940,7.7150,7.8150,7.8810,1.0000,14.0000,13574.2382
F10108,1277.3540,12.7660,12.9410,12.8990,2.0000,28.0000,51180.7847
F10109,1277.3661,11.4160,11.4240,11.5490,2.0000,45.0000,20893.5590
F10110,1277.8993,7.7310,7.7980,7.8650,1.0000,23.0000,10891.6871
F10111,1278.3319,12.1320,12.1990,12.2490,1.0000,414.0000,198346.2946
F10112,1278.3532,12.7660,12.8330,12.8990,1.0000,2303.0000,1373601.2233
F10113,1278.3652,11.4160,11.4240,11.5320,2.0000,43.0000,23514.5300
F10114,1278.3863,11.9990,12.0490,12.1160,1.0000,101.0000,47425.2203
F10115,1278.9021,7.5980,7.8150,7.8810,1.0000,9.0000,5873.5680
F10116,1279.0456,11.7990,11.8490,11.9820,1.0000,7.0000,11164.8063
F10117,1279.3323,12.1320,12.1990,12.2490,1.0000,424.0000,240875.9444
F10118,1279.3525,12.7660,12.8330,12.8990,1.0000,904.0000,1027174.5496
F10119,1280.3103,11.7320,11.7410,11.8160,2.0000,4911.0000,18887.1790
F10120,1280.3317,12.1320,12.1990,12.2490,1.0000,354.0000,259436.7279
F10121,1280.3513,12.7660,12.8330,12.8990,1.0000,1318.0000,651699.4064
F10122,1280.3863,12.0160,12.0490,12.1160,1.0000,48.0000,19181.2417
F10123,1281.3113,11.6160,11.7660,11.9820,1.0000,17.0000,43884.9527
F10124,1281.3313,12.1320,12.1990,12.2660,1.0000,156.0000,195061.8551
F10125,1281.3505,12.7660,12.8330,12.8990,1.0000,300.0000,350994.9465
F10126,1282.3105,11.6160,11.7320,11.7320,2.0000,18.0000,22404.4352
F10127,1282.3304,12.1320,12.1990,12.2490,1.0000,45916.0000,132333.6329
F10128,1282.8429,11.5320,11.5820,11.6160,1.0000,1939.0000,5786.2926
F10129,1283.3094,11.5990,11.6660,11.7160,1.0000,20.0000,14608.4763
F10130,1283.3104,11.7160,11.7820,11.8160,1.0000,28.0000,19513.9727
F10131,1283.3293,12.1320,12.1990,12.2660,1.0000,103.0000,74620.3957
F10132,1283.3478,12.7830,12.8330,12.8990,1.0000,182.0000,80190.7874
F10133,1284.3108,11.6320,11.6820,11.7320,1.0000,12.0000,10812.4998
F10134,1284.3133,11.7320,11.7990,11.8320,1.0000,18.0000,14580.0249
F10135,1284.3276,12.1320,12.1990,12.2490,1.0000,51.0000,37903.3934
F10136,1285.3112,11.7160,11.7820,11.8320,1.0000,9.0000,9465.7170
F10137,1285.4120,12.6660,12.6990,12.7490,1.0000,3302.0000,9319.2105
F10138,1286.8569,13.2830,13.3490,13.4160,1.0000,75.0000,29229.6885
F10139,1287.8569,13.2990,13.3490,13.4160,1.0000,51.0000,26919.6732
F10140,1288.3569,13.2990,13.3490,13.4330,1.0000,76.0000,23855.7535
F10141,1288.4054,11.6990,11.7320,11.7820,1.0000,26.0000,11036.0694
F10142,1288.8297,11.6660,11.6990,11.7490,1.0000,5600.0000,14844.5000
F10143,1288.8565,13.2990,13.3490,13.3990,1.0000,45.0000,19833.5851
F10144,1290.3111,7.8150,7.8810,7.9480,1.0000,31.0000,8923.7894
F10145,1290.4038,12.9830,13.0330,13.0830,1.0000,4838.0000,15471.7278
F10146,1291.4059,12.9830,13.0330,13.0990,1.0000,31.0000,16989.3628
F10147,1292.7349,14.1830,14.2500,14.3330,1.0000,37.0000,9999.2916
F10148,1294.1408,14.9000,14.9660,15.0500,1.0000,93.0000,70245.3393
F10149,1294.3645,11.8320,11.8820,11.9490,1.0000,5263.0000,2008206.1010
F10150,1294.4030,12.9990,13.0330,13.0830,1.0000,3306.0000,10211.8134
F10151,1295.1444,14.9000,14.9660,15.0500,1.0000,73.0000,68437.7663
F10152,1295.3653,11.8320,11.8820,11.9490,1.0000,5695.0000,2545947.4019
F10153,1295.8075,8.0310,8.1150,8.1810,1.0000,38.0000,11649.5832
F10154,1295.8567,9.7650,10.3320,10.7320,1.0000,14.0000,14488.7853
F10155,1296.1483,14.8830,14.9830,15.1000,1.0000,62.0000,36161.8352
F10156,1296.3030,8.0150,8.0650,8.1150,1.0000,2270.0000,10604.8035
F10157,1296.3645,11.8320,11.8820,11.9490,1.0000,7371.0000,2760633.1861
F10158,1296.7991,8.0150,8.0650,8.1150,1.0000,17.0000,8960.4371
F10159,1297.3641,11.8320,11.8820,11.9490,1.0000,7823.0000,2010189.5982
F10160,1298.1737,15.7830,15.8670,15.9500,1.0000,1728.0000,509450.7406
F10161,1298.3585,11.9490,12.0820,12.1320,1.0000,13.0000,41532.5340
F10162,1298.3630,11.8320,11.8820,11.9490,1.0000,3996.0000,1294797.7660
F10163,1298.9793,11.9490,11.9820,12.0320,1.0000,2428.0000,6103.7976
F10164,1299.1768,15.7830,15.8670,15.9500,1.0000,1073.0000,485026.4643
F10165,1299.3617,11.8320,11.8820,11.9490,1.0000,1464.0000,709343.9876
F10166,1300.1796,15.7830,15.8670,15.9500,1.0000,424.0000,248963.1441
F10167,1301.1828,15.7830,15.8670,15.9500,1.0000,119.0000,80150.7946
F10168,1302.1848,15.7830,15.8670,15.9500,1.0000,46.0000,21605.3705
F10169,1303.3631,12.7160,12.7490,12.7990,1.0000,6920.0000,16056.5895
F10170,1303.4172,12.1320,12.1820,12.2490,1.0000,71.0000,24113.1550
F10171,1304.4175,12.1320,12.1820,12.2320,1.0000,7041.0000,23184.7119
F10172,1304.7932,7.8980,8.1150,8.2650,1.0000,12.0000,8604.4611
F10173,1305.4165,12.1320,12.1820,12.2320,1.0000,6778.0000,23474.5159
F10174,1306.3073,11.9820,12.0490,12.0990,1.0000,55.0000,10430.0761
F10175,1306.4162,12.1320,12.1820,12.2160,1.0000,4965.0000,16200.9412
F10176,1307.3073,11.9820,12.0490,12.0990,1.0000,46.0000,11677.6156
F10177,1307.3832,12.7990,12.8330,12.8830,1.0000,46.0000,8374.5731
F10178,1307.8079,8.0150,8.0980,8.1810,1.0000,13.0000,9857.6905
F10179,1308.3085,11.9990,12.0490,12.0990,1.0000,2354.0000,9633.9719
F10180,1308.3116,8.0310,8.1310,8.1650,1.0000,8.0000,8113.8510
F10181,1308.4077,11.6820,11.7320,11.7990,1.0000,13.0000,24332.2162
F10182,1309.3801,12.0990,12.1320,12.1820,1.0000,71.0000,28918.7745
F10183,1309.4037,11.6660,11.7160,11.7820,1.0000,10.0000,14989.4021
F10184,1310.3773,12.0990,12.1320,12.1990,1.0000,63.0000,36381.5533
F10185,1310.7357,14.6830,14.7830,14.8660,1.0000,10.0000,8928.3191
F10186,1310.8134,11.6660,11.6990,11.7490,1.0000,2995.0000,8173.7760
F10187,1311.3614,11.6990,11.7490,11.7990,1.0000,23.0000,12293.4606
F10188,1313.3572,11.6820,11.7490,11.8160,1.0000,21.0000,10887.9758
F10189,1313.9774,11.9490,11.9820,12.0490,1.0000,3906.0000,12223.5490
F10190,1316.1275,14.3660,14.4500,14.5160,1.0000,52.0000,19705.2518
F10191,1317.2925,11.8490,11.8820,11.9320,1.0000,7448.0000,17059.3591
F10192,1317.3803,12.7660,12.8330,12.8990,1.0000,7502.0000,2785354.5122
F10193,1318.1300,14.3830,14.4500,14.5330,1.0000,45.0000,13558.0226
F10194,1318.2926,11.8490,11.8820,11.9320,1.0000,5812.0000,13011.5535
F10195,1318.3812,12.7660,12.8330,12.8990,1.0000,8409.0000,3584250.4202
F10196,1319.3582,12.1320,12.1990,12.2490,1.0000,456.0000,353947.4588
F10197,1319.3657,12.2660,12.2990,12.3660,1.0000,2030.0000,6881.6391
F10198,1319.3805,12.7660,12.8330,12.8990,1.0000,2770.0000,3963172.5000
F10199,1320.1575,14.9330,15.0330,15.1160,1.0000,1406.0000,632542.1464
F10200,1320.3597,12.1320,12.1990,12.2490,1.0000,916.0000,444748.0974
F10201,1320.3800,12.7660,12.8330,12.8990,1.0000,4774.0000,2940364.8168
F10202,1321.1608,14.9330,15.0330,15.1160,1.0000,647.0000,629729.2484
F10203,1321.3356,11.7160,11.7820,11.8160,1.0000,30.0000,32720.7966
F10204,1321.3387,11.5820,11.6820,11.7160,1.0000,25.0000,25142.3343
F10205,1321.3583,12.1320,12.1990,12.2490,1.0000,297.0000,469592.7840
F10206,1321.3790,12.7660,12.8330,12.8990,1.0000,2831.0000,1891668.6063
F10207,1322.1640,14.9330,15.0330,15.1160,1.0000,441.0000,317406.4096
F10208,1322.3381,11.7320,11.7320,11.8160,2.0000,15.0000,33364.6794
F10209,1322.3581,12.1320,12.1990,12.2490,1.0000,415.0000,363707.2926
F10210,1322.3779,12.7660,12.8330,12.8990,1.0000,810.0000,1016898.0481
F10211,1322.8664,13.4160,13.4990,13.5490,1.0000,50.0000,11902.1954
F10212,1323.0706,11.7990,11.8490,11.8990,1.0000,8.0000,6053.6907
F10213,1323.1678,14.9330,15.0330,15.1160,1.0000,152.0000,103013.3318
F10214,1323.2665,12.5660,12.6160,12.6490,1.0000,6994.0000,16676.9484
F10215,1323.3358,11.5990,11.6660,11.7160,1.0000,18.0000,29561.1160
F10216,1323.3375,11.7160,11.7820,11.8160,1.0000,24.0000,40299.7481
F10217,1323.3573,12.1320,12.1990,12.2490,1.0000,184.0000,237314.1508
F10218,1323.3659,13.4330,13.4990,13.5330,1.0000,42.0000,17505.9641
F10219,1323.3766,12.7660,12.8330,12.8990,1.0000,648.0000,501721.8469
F10220,1323.8668,13.4330,13.4830,13.5660,1.0000,60.0000,23153.1159
F10221,1324.1701,14.9500,15.0330,15.1160,1.0000,128.0000,29462.5149
F10222,1324.1890,15.7170,15.8000,15.8830,1.0000,2271.0000,1030813.8321
F10223,1324.3367,11.7320,11.7820,11.8160,1.0000,13.0000,28782.3982
F10224,1324.3575,12.1320,12.1990,12.2490,1.0000,45990.0000,129760.8392
F10225,1324.3667,13.4330,13.4990,13.5490,1.0000,7664.0000,26035.9235
F10226,1324.3754,12.7660,12.8330,12.8990,1.0000,558.0000,220853.1895
F10227,1324.8661,13.4330,13.4990,13.5660,1.0000,33.0000,23339.4697
F10228,1325.1920,15.7170,15.8000,15.8830,1.0000,1941.0000,1028845.3989
F10229,1325.3374,11.7160,11.7820,11.8160,1.0000,18.0000,24265.9522
F10230,1325.3569,11.7990,11.8320,11.8820,1.0000,22.0000,20680.1855
F10231,1325.3553,12.1320,12.1990,12.2490,1.0000,125.0000,67069.2668
F10232,1325.3658,13.4330,13.4990,13.5490,1.0000,5340.0000,17984.8157
F10233,1325.3740,12.7830,12.8330,12.8990,1.0000,189.0000,88571.9771
F10234,1325.8976,9.9150,9.9990,10.0990,1.0000,29.0000,14079.8610
F10235,1326.1953,15.7170,15.8000,15.8830,1.0000,814.0000,521583.0095
F10236,1326.3344,11.5990,11.6660,11.7320,1.0000,15.0000,13872.4885
F10237,1326.3361,11.7320,11.7820,11.8160,1.0000,20.0000,11999.8493
F10238,1326.3556,12.1320,12.1990,12.2660,1.0000,28.0000,32927.5243
F10239,1326.3610,11.7990,11.8320,11.8820,1.0000,3405.0000,11363.0351
F10240,1326.9039,9.9650,10.0150,10.0820,1.0000,22.0000,8436.6436
F10241,1327.1986,15.7170,15.8000,15.9000,1.0000,519.0000,180979.7505
F10242,1328.2021,15.7330,15.8000,15.8830,1.0000,142.0000,40210.7692
F10243,1328.2199,16.8340,16.9000,16.9840,1.0000,110.0000,35110.9480
F10244,1329.2056,15.7330,15.8000,15.8500,1.0000,27.0000,8343.2352
F10245,1329.2229,16.8340,16.9170,17.0000,1.0000,156.0000,38054.8981
F10246,1330.2256,16.8340,16.9000,16.9840,1.0000,64.0000,18948.1130
F10247,1331.2313,16.5500,16.9000,16.9500,1.0000,1819.0000,6201.9478
F10248,1331.4366,12.1660,12.2160,12.2990,1.0000,11.0000,7990.6265
F10249,1331.7495,14.2160,14.2830,14.4000,1.0000,17.0000,7355.2431
F10250,1333.3438,11.9320,11.9820,12.0160,1.0000,14142.0000,29109.7949
F10251,1333.4302,12.9830,13.0330,13.1160,1.0000,75.0000,36244.5953
F10252,1333.8315,11.5660,11.6160,11.6490,1.0000,2018.0000,5825.2663
F10253,1334.3455,11.9320,11.9820,12.0320,1.0000,23072.0000,45424.5209
F10254,1334.4100,12.2490,12.3160,12.3820,1.0000,128.0000,41826.5380
F10255,1334.4290,12.9830,13.0330,13.0990,1.0000,9342.0000,26081.7048
F10256,1334.7250,14.1830,14.2500,14.3000,1.0000,14.0000,5474.8863
F10257,1335.4288,12.9830,13.0330,13.0990,1.0000,44.0000,19347.9700
F10258,1336.3918,11.8160,11.8820,11.9490,1.0000,1547.0000,3540494.8480
F10259,1336.4090,12.2320,12.3160,12.3820,1.0000,12958.0000,44731.5758
F10260,1337.4055,12.2320,12.2990,12.3820,1.0000,61.0000,34916.7815
F10261,1338.3701,8.8650,8.9150,8.9980,1.0000,9.0000,11357.6721
F10262,1338.3908,11.8320,11.8820,11.9490,1.0000,979.0000,2808225.1216
F10263,1338.4041,12.2160,12.2990,12.3660,1.0000,29.0000,25518.8582
F10264,1339.3896,11.8320,11.8820,11.9490,1.0000,1052.0000,1841173.8047
F10265,1339.4037,12.2160,12.2990,12.3660,1.0000,38.0000,14654.7221
F10266,1340.1618,15.6500,15.8170,16.0000,1.0000,25.0000,15647.1630
F10267,1340.3820,11.9490,12.0820,12.1490,1.0000,15.0000,40041.8918
F10268,1340.3887,11.8320,11.8820,11.9490,1.0000,2772.0000,1000575.3008
F10269,1340.3975,12.2160,12.2820,12.3490,1.0000,34.0000,11671.5376
F10270,1341.3874,11.8320,11.8820,11.9490,1.0000,1155.0000,490782.9746
F10271,1342.9244,9.8820,10.0150,10.0990,1.0000,44.0000,36694.5584
F10272,1342.9263,12.0160,12.0660,12.1660,1.0000,8.0000,9956.1385
F10273,1343.4553,11.9490,11.9820,12.0660,1.0000,34.0000,8092.4392
F10274,1343.9284,9.8980,10.0150,10.0990,1.0000,35.0000,30215.0328
F10275,1344.3841,11.8490,11.8820,11.9490,1.0000,270.0000,35717.4711
F10276,1344.9335,9.8820,10.0150,10.1650,1.0000,13.0000,18636.3411
F10277,1344.9584,11.9490,11.9820,12.0490,1.0000,8.0000,7899.7457
F10278,1346.1733,15.0330,15.1000,15.1830,1.0000,32.0000,17222.4395
F10279,1347.1770,15.0330,15.1000,15.1830,1.0000,62.0000,16155.7058
F10280,1348.1791,15.0500,15.1000,15.1500,1.0000,27.0000,8006.3926
F10281,1350.3709,12.9160,12.9830,13.0490,1.0000,1970.0000,676624.7515
F10282,1351.3722,12.9160,12.9830,13.0490,1.0000,1845.0000,880448.6483
F10283,1351.4043,12.0990,12.1320,12.1990,1.0000,72.0000,60156.0343
F10284,1352.3712,12.9160,12.9830,13.0490,1.0000,2113.0000,1000486.2624
F10285,1352.3850,11.6990,11.7490,11.8160,1.0000,7831.0000,26882.8805
F10286,1353.3510,12.2160,12.2820,12.3490,1.0000,270.0000,175641.4650
F10287,1353.3705,12.9160,12.9830,13.0490,1.0000,1236.0000,785067.9314
F10288,1353.3836,11.6320,11.7490,11.8160,1.0000,57.0000,33274.1919
F10289,1354.3314,11.7990,11.8990,11.9320,1.0000,24.0000,21952.9916
F10290,1354.3700,12.9160,12.9830,13.0490,1.0000,535.0000,524020.6936
F10291,1354.3828,11.6820,11.7490,11.8320,1.0000,64.0000,25500.9298
F10292,1355.3306,11.7990,11.8990,11.9320,1.0000,28.0000,29519.5647
F10293,1355.3501,12.2160,12.2820,12.3490,1.0000,45140.0000,145116.2765
F10294,1356.3298,11.6820,11.8990,12.0660,1.0000,35.0000,39788.2543
F10295,1356.3495,12.2160,12.2820,12.3490,1.0000,59.0000,100550.3561
F10296,1356.3677,12.9160,12.9830,13.0490,1.0000,445.0000,156102.2150
F10297,1357.3475,12.2320,12.2820,12.3490,1.0000,16427.0000,55341.5475
F10298,1358.3281,11.8160,11.8820,11.9320,1.0000,4435.0000,18493.3166
F10299,1358.4323,12.7990,12.8330,12.8830,1.0000,2804.0000,6868.8835
F10300,1359.4309,12.7830,12.8330,12.8830,1.0000,3634.0000,10423.0177
F10301,1359.8774,13.5830,13.6330,13.6830,1.0000,2636.0000,9585.0167
F10302,1360.3761,13.5830,13.6490,13.7160,1.0000,59.0000,14717.7956
F10303,1361.3753,13.5990,13.6490,13.7160,1.0000,5848.0000,21046.2974
F10304,1361.8619,11.8990,11.9660,12.0160,1.0000,28.0000,11405.6731
F10305,1361.8764,13.5830,13.6490,13.7160,1.0000,51.0000,22104.8729
F10306,1362.3749,13.5660,13.6490,13.7330,1.0000,54.0000,16869.0014
F10307,1362.4078,12.7490,12.7990,12.8330,1.0000,3280.0000,10717.3357
F10308,1362.8751,13.5830,13.6330,13.7160,1.0000,24.0000,13598.9955
F10309,1363.4076,12.7330,12.7990,12.8660,1.0000,23.0000,10986.4696
F10310,1363.4668,11.9490,11.9990,12.0490,1.0000,23.0000,6516.8430
F10311,1365.4235,13.1330,13.1830,13.2490,1.0000,20.0000,16161.3065
F10312,1367.4041,12.3660,12.3990,12.4490,1.0000,7765.0000,16561.6127
F10313,1368.1566,14.5330,14.6160,14.7000,1.0000,10019.0000,47882.8383
F10314,1368.3827,11.9320,11.9820,12.0990,1.0000,4030.0000,1171200.4298
F10315,1368.3998,12.3490,12.3990,12.4660,1.0000,49.0000,22015.7679
F10316,1368.4208,13.1330,13.1830,13.2160,1.0000,2966.0000,9255.5108
F10317,1369.1608,14.5330,14.6160,14.7000,1.0000,10332.0000,47288.0804
F10318,1369.3807,12.2490,12.2990,12.3660,1.0000,12.0000,7082.9139
F10319,1369.3838,11.9320,11.9820,12.0990,1.0000,5140.0000,1591168.9436
F10320,1369.3982,12.3320,12.3990,12.4660,1.0000,42.0000,19128.3926
F10321,1370.1640,14.5330,14.6000,14.6830,1.0000,4867.0000,24437.2122
F10322,1370.3830,11.8660,11.9820,12.0990,1.0000,5721.0000,1828350.6421
F10323,1370.3967,12.3490,12.3990,12.4660,1.0000,33.0000,14757.6873
F10324,1371.3825,11.9320,11.9820,12.0990,1.0000,4845.0000,1423973.6635
F10325,1372.3811,11.9320,11.9820,12.0990,1.0000,2223.0000,934794.7469
F10326,1377.4351,12.2160,12.2660,12.3160,1.0000,23.0000,14972.5624
F10327,1379.3228,12.0820,12.1490,12.2160,1.0000,16.0000,8515.0684
F10328,1379.4342,11.8490,11.8820,11.9490,1.0000,41.0000,44094.1123
F10329,1380.3282,12.0820,12.1490,12.1990,1.0000,46.0000,8686.4869
F10330,1380.4307,11.8160,11.8820,11.9490,1.0000,29.0000,37978.0069
F10331,1381.3260,11.5490,12.1490,12.2160,1.0000,16.0000,9823.8878
F10332,1381.4252,11.8490,11.8820,11.9490,1.0000,25.0000,27616.8098
F10333,1382.3961,12.1820,12.2160,12.2660,1.0000,35.0000,19883.8820
F10334,1382.4243,11.8490,11.8820,11.9820,1.0000,24.0000,25292.5124
F10335,1383.4122,12.2320,12.2660,12.3320,1.0000,9.0000,7921.2897
F10336,1384.3950,12.1820,12.2160,12.2660,1.0000,12713.0000,25152.6870
F10337,1386.3950,12.1820,12.2160,12.2660,1.0000,6165.0000,13786.3539
F10338,1390.4765,12.1320,12.1820,12.2660,1.0000,11.0000,7248.8589
F10339,1391.3985,12.9160,12.9830,13.0490,1.0000,4134.0000,1926179.2764
F10340,1392.3997,12.9160,12.9830,13.0490,1.0000,4253.0000,2607582.1069
F10341,1393.3773,12.2160,12.2820,12.3490,1.0000,337.0000,237739.6649
F10342,1393.3987,12.9160,12.9830,13.0490,1.0000,4229.0000,2953288.3988
F10343,1394.3777,12.2160,12.2820,12.3490,1.0000,329.0000,312758.1236
F10344,1394.3985,12.9160,12.9830,13.0490,1.0000,1841.0000,2305543.0635
F10345,1395.3770,12.2160,12.2820,12.3490,1.0000,391.0000,348406.0923
F10346,1395.3973,12.9160,12.9830,13.0490,1.0000,3851.0000,1577947.7300
F10347,1396.3583,11.7820,11.8990,11.9320,1.0000,30.0000,50425.0581
F10348,1396.3771,12.2160,12.2820,12.3490,1.0000,140.0000,279600.0822
F10349,1396.3958,12.9160,12.9830,13.0490,1.0000,1092.0000,885421.4868
F10350,1397.3574,11.7820,11.8990,11.9320,1.0000,23.0000,56968.3501
F10351,1397.3846,13.7500,13.8160,13.8500,1.0000,36.0000,7174.5129
F10352,1397.3945,12.9160,12.9830,13.0490,1.0000,401.0000,452722.4142
F10353,1397.8862,13.7660,13.8160,13.8660,1.0000,2714.0000,8971.1111
F10354,1398.3749,12.2160,12.2820,12.3490,1.0000,79.0000,109085.2622
F10355,1398.3884,13.7500,13.8160,13.8830,1.0000,13.0000,11823.4188
F10356,1398.3936,12.9160,12.9830,13.0490,1.0000,399.0000,209367.3580
F10357,1399.3543,11.7990,11.8990,11.9320,1.0000,22.0000,33525.8126
F10358,1399.3738,12.2160,12.2820,12.3490,1.0000,45.0000,60997.8902
F10359,1399.3845,13.7660,13.8160,13.8830,1.0000,12.0000,8764.1819
F10360,1399.8877,13.7660,13.8160,13.8830,1.0000,30.0000,7340.8554
F10361,1401.3710,12.2320,12.2820,12.3490,1.0000,3662.0000,14338.0071
F10362,1406.1411,7.2810,7.3480,7.4150,1.0000,82499.0000,304919.1188
F10363,1406.4494,13.1330,13.1830,13.2490,1.0000,77.0000,31341.4328
F10364,1407.1442,7.2810,7.3480,7.4150,1.0000,68364.0000,268155.6012
F10365,1408.1471,7.2810,7.3480,7.4150,1.0000,32384.0000,126175.1326
F10366,1410.4101,11.8990,11.9820,12.0990,1.0000,678.0000,1918079.5535
F10367,1410.4285,12.3320,12.3990,12.4660,1.0000,62.0000,36290.8137
F10368,1410.4482,13.1490,13.1830,13.2330,1.0000,2846.0000,9210.9092
F10369,1411.4093,11.8820,11.9820,12.0990,1.0000,3780.0000,2205041.3038
F10370,1411.4267,12.3160,12.3990,12.4660,1.0000,44.0000,32047.8475
F10371,1412.4089,11.9160,11.9820,12.0990,1.0000,3159.0000,1722011.7083
F10372,1413.4077,11.9160,11.9820,12.0990,1.0000,2900.0000,1152085.5549
F10373,1413.4243,12.3320,12.3820,12.4490,1.0000,60.0000,12623.0456
F10374,1414.4067,11.9160,11.9820,12.0990,1.0000,1229.0000,660302.3308
F10375,1415.4053,11.9320,11.9820,12.0990,1.0000,781.0000,345885.2043
F10376,1416.4042,11.9160,11.9820,12.0660,1.0000,588.0000,156084.8136
F10377,1419.4041,11.9320,11.9820,12.0160,1.0000,3371.0000,9520.5981
F10378,1423.4235,12.1820,12.2160,12.2660,1.0000,17804.0000,33133.5919
F10379,1424.3894,13.0660,13.1330,13.1990,1.0000,142020.0000,419117.2039
F10380,1424.4239,12.1820,12.2160,12.2660,1.0000,21402.0000,44234.6525
F10381,1424.4440,11.8160,11.9990,12.5490,1.0000,7.0000,20024.9408
F10382,1425.3908,13.0660,13.1330,13.1990,1.0000,3476.0000,605512.0055
F10383,1425.4229,12.1490,12.2160,12.2820,1.0000,69.0000,58344.2464
F10384,1426.3681,12.2990,12.3820,12.4490,1.0000,169.0000,96460.4430
F10385,1426.3898,13.0660,13.1330,13.1990,1.0000,1088.0000,707777.7898
F10386,1426.4046,11.8490,11.8990,11.9320,1.0000,7001.0000,19505.4211
F10387,1427.3691,12.2990,12.3820,12.4490,1.0000,461.0000,133964.2353
F10388,1427.3896,13.0660,13.1330,13.1990,1.0000,1477.0000,579077.8383
F10389,1427.4032,11.8320,11.8990,11.9490,1.0000,61.0000,25761.3695
F10390,1427.9731,0.7130,0.7460,0.7960,1.0000,4119.0000,8408.3735
F10391,1428.3684,12.3160,12.3820,12.4490,1.0000,76.0000,141484.0472
F10392,1428.3882,13.0660,13.1330,13.1990,1.0000,1005.0000,396514.8289
F10393,1428.4023,11.8490,11.8820,11.9320,1.0000,5459.0000,15186.8356
F10394,1428.4221,12.1820,12.2160,12.2660,1.0000,7441.0000,15674.7182
F10395,1429.3540,11.9160,11.9820,12.1820,1.0000,16.0000,25990.8040
F10396,1429.3687,11.7160,12.3660,12.9490,1.0000,144.0000,135066.1829
F10397,1429.3876,13.0660,13.1330,13.1990,1.0000,1316.0000,244507.6992
F10398,1429.4014,11.8490,11.8990,11.9320,1.0000,4401.0000,11834.9267
F10399,1430.3545,11.9160,11.9820,12.1160,1.0000,12.0000,29816.0018
F10400,1430.3671,12.3160,12.3820,12.4490,1.0000,100.0000,84390.0430
F10401,1431.3505,11.9160,11.9820,12.0820,1.0000,16.0000,26197.7556
F10402,1431.3657,12.3160,12.3820,12.4330,1.0000,91.0000,50206.1413
F10403,1431.3847,13.0830,13.1330,13.1990,1.0000,108.0000,63370.2236
F10404,1432.3493,11.9160,11.9820,12.0160,1.0000,14.0000,12681.2424
F10405,1432.3647,12.3320,12.3820,12.4330,1.0000,8061.0000,25183.4483
F10406,1433.3640,12.3320,12.3820,12.4490,1.0000,45.0000,14232.2419
F10407,1434.8927,13.9660,14.0000,14.0500,1.0000,3005.0000,8952.6666
F10408,1435.8931,13.9330,14.0000,14.0660,1.0000,50.0000,14262.0793
F10409,1436.4300,12.8990,12.9490,12.9990,1.0000,2747.0000,10682.4058
F10410,1437.4251,12.8990,12.9330,12.9830,1.0000,21.0000,7608.1170
F10411,1438.4228,12.2660,12.2990,12.3820,1.0000,9.0000,9241.8211
F10412,1439.4215,12.2490,12.2990,12.3320,1.0000,1820.0000,5860.8541
F10413,1439.4362,11.9320,11.9820,12.0490,1.0000,15.0000,6964.4043
F10414,1442.4013,11.9990,12.0490,12.1160,1.0000,1778.0000,846643.1532
F10415,1443.4026,11.9990,12.0490,12.1160,1.0000,3159.0000,1178285.6604
F10416,1444.3771,11.5820,11.6320,11.6990,1.0000,17.0000,14212.6439
F10417,1444.4018,11.9820,12.1570,12.1160,2.0000,4060.0000,1363271.7865
F10418,1445.3781,11.5660,11.6320,11.7160,1.0000,19.0000,17865.2104
F10419,1445.4011,11.9990,12.0490,12.1160,1.0000,2721.0000,1126295.8646
F10420,1446.3769,11.5660,11.6320,11.6990,1.0000,16.0000,17347.1546
F10421,1447.1171,7.2810,7.3310,7.3810,1.0000,2012.0000,7192.3710
F10422,1447.3791,11.5660,11.6320,11.6990,1.0000,14.0000,13165.3329
F10423,1448.1243,7.2810,7.3310,7.3650,1.0000,2066.0000,6180.8941
F10424,1448.3779,11.5820,11.6320,11.6990,1.0000,10.0000,10762.5759
F10425,1450.3933,12.0160,12.0490,12.0990,1.0000,24466.0000,50254.0996
F10426,1451.4518,12.3160,12.3660,12.4160,1.0000,17.0000,10441.3058
F10427,1452.4519,12.0660,12.3490,12.4160,1.0000,3425.0000,15782.7260
F10428,1453.4007,12.9990,13.0490,13.0830,1.0000,4131.0000,11578.9369
F10429,1453.4517,11.9160,11.9660,12.0490,1.0000,32.0000,25623.9016
F10430,1453.4515,12.3160,12.3490,12.3990,1.0000,4433.0000,14603.7295
F10431,1454.3459,12.1490,12.2660,12.3160,1.0000,20.0000,8423.0600
F10432,1454.4451,11.9320,11.9660,12.0490,1.0000,17.0000,23309.5429
F10433,1454.4490,12.3160,12.3660,12.4160,1.0000,12.0000,15945.2938
F10434,1455.3437,12.1660,12.2320,12.2820,1.0000,28.0000,8650.0153
F10435,1455.3789,12.2820,12.3320,12.3660,1.0000,1866.0000,6704.6626
F10436,1455.4409,11.9320,11.9820,12.0490,1.0000,28.0000,20576.5222
F10437,1456.4101,12.2490,12.3160,12.4660,1.0000,33.0000,16362.9085
F10438,1457.4132,12.2660,12.2990,12.3660,1.0000,24.0000,18492.1860
F10439,1457.4342,11.9320,11.9660,12.0320,1.0000,21.0000,12574.9226
F10440,1458.4139,12.2660,12.2990,12.3660,1.0000,43.0000,20663.2670
F10441,1460.1039,9.5320,9.6150,9.7650,1.0000,49.0000,19156.8479
F10442,1461.1055,9.4980,9.5980,9.6820,1.0000,38.0000,20758.5313
F10443,1463.1508,7.9810,8.0650,8.1310,1.0000,16240.0000,78088.7125
F10444,1464.1544,7.9810,8.0480,8.1480,1.0000,291.0000,76455.4324
F10445,1465.1577,7.9810,8.0480,8.1480,1.0000,59.0000,36849.1493
F10446,1465.4172,13.0660,13.1330,13.1990,1.0000,4622.0000,1272335.9369
F10447,1466.1624,7.9980,8.0650,8.1480,1.0000,24.0000,12648.7856
F10448,1466.4185,13.0660,13.1330,13.1990,1.0000,4409.0000,1865804.8825
F10449,1467.3949,12.2990,12.3820,12.4490,1.0000,274.0000,184068.8422
F10450,1467.4177,13.0660,13.1330,13.1990,1.0000,2169.0000,2215516.0825
F10451,1468.3961,12.2990,12.3820,12.4330,1.0000,631.0000,256722.9274
F10452,1468.4172,13.0660,13.1330,13.1990,1.0000,1587.0000,1761580.9978
F10453,1469.3780,11.9160,11.9820,12.0990,1.0000,16.0000,28539.0633
F10454,1469.3953,12.3160,12.3820,12.4490,1.0000,200.0000,300581.4930
F10455,1469.4160,13.0660,13.1330,13.1990,1.0000,2525.0000,1259832.3297
F10456,1470.3797,11.8490,11.9820,12.1820,1.0000,16.0000,50871.7626
F10457,1470.3952,11.9990,12.3660,12.5490,1.0000,92.0000,270290.8694
F10458,1470.4148,13.0660,13.1330,13.1990,1.0000,785.0000,760097.6835
F10459,1471.3805,11.8820,11.9820,12.0160,1.0000,18.0000,36990.2385
F10460,1471.3943,12.3160,12.3820,12.4490,1.0000,92.0000,171812.7370
F10461,1471.4138,13.0660,13.1330,13.1990,1.0000,416.0000,396439.5486
F10462,1472.3927,11.7990,12.3660,12.5490,1.0000,186.0000,115175.8064
F10463,1472.4122,13.0660,13.1330,13.1990,1.0000,414.0000,185604.9267
F10464,1472.9059,14.1330,14.2000,14.2660,1.0000,27.0000,8538.1971
F10465,1473.3734,11.8820,11.9660,11.9990,1.0000,28.0000,18491.2678
F10466,1473.3930,11.8660,12.3660,12.4820,1.0000,44.0000,64229.9279
F10467,1473.4106,13.0830,13.1330,13.2160,1.0000,160.0000,82948.3414
F10468,1474.3906,12.3320,12.3820,12.4330,1.0000,54.0000,27418.4152
F10469,1474.4102,13.0830,13.1330,13.2160,1.0000,78.0000,36105.4813
F10470,1475.1502,8.1150,8.1650,8.2310,1.0000,33.0000,9611.1761
F10471,1475.3771,11.9160,11.9820,12.1660,1.0000,2392.0000,10570.6088
F10472,1475.4065,13.0830,13.1330,13.1830,1.0000,5459.0000,14887.8161
F10473,1479.4666,13.2830,13.3330,13.4160,1.0000,47.0000,21110.3159
F10474,1482.0819,9.5480,9.6150,9.6650,1.0000,11.0000,6449.9714
F10475,1483.4285,11.9820,12.0490,12.1160,1.0000,911.0000,1376899.4061
F10476,1485.1346,7.2810,7.3480,7.4150,1.0000,11.0000,18852.5145
F10477,1485.4050,11.5660,11.6320,11.6990,1.0000,18.0000,22236.0924
F10478,1485.4287,11.9820,12.0490,12.1160,1.0000,6321.0000,2408790.7608
F10479,1486.1175,9.5320,9.6320,9.7150,1.0000,14.0000,12424.0758
F10480,1486.1405,7.2810,7.3480,7.4150,1.0000,15.0000,17053.6549
F10481,1486.4061,11.5660,11.6320,11.6990,1.0000,20.0000,30397.2735
F10482,1486.4204,12.2820,12.3490,12.3990,1.0000,2322.0000,10493.1438
F10483,1486.4237,12.1160,12.2490,12.2820,1.0000,3702.0000,64199.8716
F10484,1486.4282,11.9990,12.0490,12.1160,1.0000,929859.0000,1963850.0364
F10485,1487.1220,9.5480,9.6320,9.7150,1.0000,13.0000,10326.9976
F10486,1487.4045,11.4160,11.6160,11.7820,1.0000,19.0000,50484.3044
F10487,1487.4274,11.9820,12.0490,12.1160,1.0000,2166.0000,1344638.7117
F10488,1488.1542,7.9980,8.0480,8.1150,1.0000,24.0000,6959.0386
F10489,1488.4057,11.5660,11.6320,11.7320,1.0000,17.0000,30204.5006
F10490,1488.4261,11.9820,12.0490,12.1160,1.0000,2123.0000,824411.8122
F10491,1489.4046,11.5660,11.6320,11.7160,1.0000,26.0000,20839.8738
F10492,1490.1140,8.0150,8.0650,8.1650,1.0000,2346.0000,12169.8195
F10493,1490.4023,11.5820,11.6320,11.7160,1.0000,24.0000,16393.6047
F10494,1491.1184,8.0310,8.0810,8.1650,1.0000,28.0000,11457.5360
F10495,1498.0828,8.0980,8.1810,8.2650,1.0000,47.0000,21760.6220
F10496,1498.4075,13.2330,13.2990,13.3830,1.0000,1149.0000,307895.4854
F10497,1499.0870,8.0980,8.1810,8.2480,1.0000,24.0000,19699.7781
F10498,1499.4087,13.2330,13.3160,13.3830,1.0000,1689.0000,442077.5690
F10499,1499.4421,12.2320,12.2990,12.3660,1.0000,57.0000,37626.8344
F10500,1500.0899,8.1310,8.1650,8.2480,1.0000,64.0000,8240.3605
F10501,1500.3867,12.3990,12.4660,12.5330,1.0000,157.0000,54343.5361
F10502,1500.4077,13.2330,13.3160,13.3830,1.0000,899.0000,533257.1347
F10503,1500.4243,11.9320,11.9820,12.0320,1.0000,3226.0000,12012.3456
F10504,1501.3874,12.3990,12.4660,12.5490,1.0000,127.0000,81987.0964
F10505,1501.4076,13.2330,13.3160,13.3830,1.0000,810.0000,446576.2778
F10506,1501.4227,11.9160,11.9660,12.0160,1.0000,25.0000,11360.7332
F10507,1501.4407,12.2490,12.2990,12.3660,1.0000,47.0000,21166.2436
F10508,1502.3868,12.3990,12.4660,12.5330,1.0000,101.0000,97717.4672
F10509,1502.4066,13.2330,13.2990,13.3830,1.0000,463.0000,331986.7441
F10510,1502.4236,11.9320,11.9820,12.0320,1.0000,4105.0000,12248.7943
F10511,1503.3751,11.9990,12.0490,12.0820,1.0000,13.0000,12982.4963
F10512,1503.3855,12.3990,12.4660,12.5490,1.0000,111.0000,87867.8380
F10513,1503.4055,13.2330,13.2990,13.3830,1.0000,1584.0000,207101.6554
F10514,1503.4129,11.9320,11.9660,12.0160,1.0000,2649.0000,9099.3926
F10515,1504.3729,11.9990,12.0490,12.0820,1.0000,46.0000,15537.6169
F10516,1504.3843,12.4160,12.4660,12.5490,1.0000,29.0000,61863.0781
F10517,1504.4043,13.2490,13.3160,13.3830,1.0000,567.0000,114355.3756
F10518,1505.3849,12.4160,12.4660,12.5490,1.0000,24.0000,37852.8665
F10519,1505.4023,13.2330,13.2990,13.3660,1.0000,190.0000,56952.7094
F10520,1506.3857,12.4160,12.4660,12.5490,1.0000,21.0000,23718.7967
F10521,1506.3851,12.0490,12.0820,12.1490,1.0000,26.0000,12105.1161
F10522,1506.4024,13.2490,13.3160,13.3830,1.0000,104.0000,25983.3102
F10523,1507.3744,11.9820,12.0660,12.0990,1.0000,13.0000,11938.9586
F10524,1508.4647,13.0990,13.1330,13.1830,1.0000,3945.0000,10912.6615
F10525,1508.9151,14.3660,14.4160,14.4660,1.0000,1961.0000,7405.6186
F10526,1509.1336,7.4150,7.4980,7.5810,1.0000,23.0000,23282.6760
F10527,1510.1185,9.4820,9.5820,9.6650,1.0000,105.0000,40485.9129
F10528,1510.1372,7.3650,7.4810,7.5810,1.0000,45.0000,25399.2087
F10529,1510.9125,14.3500,14.4000,14.4660,1.0000,12.0000,5667.3603
F10530,1511.1220,9.4820,9.5650,9.6820,1.0000,5776.0000,38093.4358
F10531,1511.1433,7.3980,7.4980,7.5810,1.0000,20.0000,11497.5100
F10532,1511.1508,7.7810,7.8650,7.9310,1.0000,71.0000,17926.4557
F10533,1512.1255,9.4650,9.5820,9.6980,1.0000,16.0000,23658.1600
F10534,1512.1325,8.0150,8.0810,8.1810,1.0000,12.0000,15098.5198
F10535,1512.1545,7.7810,7.8650,7.9310,1.0000,67.0000,18741.4047
F10536,1512.4383,12.3320,12.3820,12.4160,1.0000,6.0000,5085.2136
F10537,1513.1261,9.4820,9.5980,9.6820,1.0000,13.0000,8940.7580
F10538,1513.1584,7.9980,8.0810,8.1810,1.0000,8.0000,19846.8088
F10539,1514.1174,7.7810,7.8650,7.9480,1.0000,150.0000,30949.3614
F10540,1515.1174,7.7810,7.8650,7.9480,1.0000,70.0000,29575.0068
F10541,1515.1754,7.9980,8.0810,8.1810,1.0000,23.0000,11550.3277
F10542,1515.4578,13.4490,13.4990,13.5830,1.0000,29.0000,13851.9596
F10543,1516.1226,7.7980,7.8480,7.9480,1.0000,19.0000,18296.4279
F10544,1516.1321,8.0150,8.0980,8.1810,1.0000,7902.0000,13507348.9609
F10545,1516.4191,12.0660,12.1160,12.1820,1.0000,1413.0000,556522.8212
F10546,1517.1355,8.0150,8.0980,8.1810,1.0000,14263.0000,12766742.4160
F10547,1517.2008,9.5820,9.6650,9.7480,1.0000,31.0000,11414.6069
F10548,1517.4203,12.0660,12.1160,12.1820,1.0000,1558.0000,828405.7759
F10549,1518.1388,8.0150,8.0980,8.1810,1.0000,1069752.0000,6145005.6460
F10550,1518.2039,9.6320,9.6820,9.7480,1.0000,25.0000,8520.0716
F10551,1518.4146,12.1820,12.3320,12.3820,1.0000,16.0000,33100.8783
F10552,1518.4198,12.0660,12.1160,12.1820,1.0000,4032.0000,993048.3214
F10553,1519.1411,8.0150,8.0980,8.1810,1.0000,358600.0000,2039631.2197
F10554,1519.3994,11.6990,11.7990,11.8660,1.0000,42.0000,20128.1358
F10555,1519.4194,12.0660,12.1160,12.1820,1.0000,1731.0000,857507.3652
F10556,1520.1431,8.0150,8.0980,8.1810,1.0000,95873.0000,539095.7004
F10557,1520.1627,9.5320,9.6150,9.7150,1.0000,6143.0000,1879956.5776
F10558,1520.2185,10.2490,10.3150,10.3990,1.0000,37.0000,11555.9120
F10559,1520.3968,11.6660,11.7820,11.9160,1.0000,32.0000,22706.9218
F10560,1520.4182,12.0660,12.1160,12.1820,1.0000,1923.0000,613246.6185
F10561,1521.1461,8.0150,8.0980,8.1980,1.0000,438.0000,119435.8110
F10562,1521.1660,9.5320,9.6320,9.7150,1.0000,3359.0000,1763674.4042
F10563,1521.3971,11.7160,11.7990,11.8660,1.0000,40.0000,18231.5629
F10564,1522.1688,9.5320,9.6320,9.7150,1.0000,149095.0000,858365.0269
F10565,1523.1713,9.5320,9.6320,9.7150,1.0000,46918.0000,290326.5927
F10566,1524.1740,9.5320,9.6320,9.7150,1.0000,13632.0000,81882.5866
F10567,1525.4677,12.3990,12.4490,12.5160,1.0000,19.0000,8771.3826
F10568,1526.1507,8.0150,8.0810,8.1480,1.0000,30.0000,7960.6659
F10569,1526.4710,12.3990,12.4490,12.5330,1.0000,23.0000,11666.4619
F10570,1526.4778,12.0160,12.0490,12.0990,1.0000,15513.0000,31923.5152
F10571,1527.1174,8.0480,8.0980,8.1650,1.0000,6303.0000,29388.3713
F10572,1527.6169,8.0150,8.0980,8.1810,1.0000,348.0000,57743.8799
F10573,1528.1185,8.0150,8.0980,8.1810,1.0000,13215.0000,74131.7802
F10574,1528.1663,9.5650,9.6650,9.7320,1.0000,46.0000,16887.6213
F10575,1528.4677,11.9820,12.0490,12.1160,1.0000,32.0000,36011.9521
F10576,1528.6179,8.0150,8.0980,8.1810,1.0000,9929.0000,51288.2795
F10577,1529.1219,8.0150,8.0980,8.1810,1.0000,6317.0000,32952.7390
F10578,1529.1726,9.5650,9.6480,9.7480,1.0000,21.0000,15927.3350
F10579,1529.3685,12.2490,12.3320,12.3990,1.0000,9.0000,8072.6621
F10580,1529.4623,11.9990,12.0490,12.1160,1.0000,55.0000,28820.6171
F10581,1529.6213,8.0310,8.0810,8.1810,1.0000,3617.0000,18449.6055
F10582,1530.1285,8.0310,8.0980,8.1480,1.0000,2021.0000,10051.0411
F10583,1530.1805,9.5480,9.6320,9.7150,1.0000,146.0000,39776.4770
F10584,1530.4282,11.9320,12.3820,12.4330,1.0000,2823.0000,11174.8121
F10585,1530.4575,11.9990,12.0490,12.1160,1.0000,30.0000,23365.9992
F10586,1531.1842,9.5480,9.6480,9.7320,1.0000,209.0000,33203.6208
F10587,1532.1823,9.6150,9.6480,9.6980,1.0000,82.0000,10381.4806
F10588,1533.1070,9.4480,9.5650,9.6980,1.0000,9.0000,11554.6743
F10589,1533.1832,9.5980,9.6320,9.6820,1.0000,42.0000,5325.2610
F10590,1538.1124,8.0150,8.0980,8.1980,1.0000,1189.0000,1187019.6502
F10591,1538.6130,8.0150,8.0980,8.1810,1.0000,293.0000,85836.0625
F10592,1539.1158,8.0150,8.0980,8.1980,1.0000,1468.0000,1176684.4462
F10593,1539.4349,13.2330,13.2990,13.3830,1.0000,3065.0000,924054.3606
F10594,1539.6178,8.0310,8.1150,8.1980,1.0000,12595.0000,62990.7957
F10595,1540.1233,7.7810,8.0810,8.3480,1.0000,426.0000,1008512.9980
F10596,1540.4364,13.2330,13.2990,13.3830,1.0000,5297.0000,1431783.3986
F10597,1541.1287,7.9810,8.0810,8.1980,1.0000,414.0000,476715.2423
F10598,1541.1335,7.7980,7.8810,7.9810,1.0000,183.0000,143075.2414
F10599,1541.4133,12.3990,12.4660,12.5490,1.0000,168.0000,123216.5791
F10600,1541.4359,13.2330,13.2990,13.3830,1.0000,4001.0000,1711370.9154
F10601,1542.1341,7.9810,8.0650,8.2150,1.0000,200.0000,225161.4019
F10602,1542.1371,7.7980,7.8810,7.9810,1.0000,90.0000,69681.2659
F10603,1542.1434,9.5320,9.6320,9.7150,1.0000,116.0000,171653.9377
F10604,1542.1460,8.2150,8.3310,8.4150,1.0000,59.0000,53608.0912
F10605,1542.4141,12.3990,12.4660,12.5490,1.0000,206.0000,179386.5236
F10606,1542.4351,13.2330,13.2990,13.3830,1.0000,2792.0000,1439404.5530
F10607,1542.6487,9.5480,9.6150,9.7150,1.0000,30.0000,13637.3284
F10608,1543.1389,7.9650,8.0810,8.2150,1.0000,25.0000,91342.2893
F10609,1543.1469,9.5320,9.6320,9.7150,1.0000,185.0000,168298.7654
F10610,1543.1477,8.2480,8.3310,8.4150,1.0000,19.0000,42770.4156
F10611,1543.4128,12.3990,12.4660,12.5490,1.0000,215.0000,223280.1999
F10612,1543.4343,13.2330,13.2990,13.3830,1.0000,2372.0000,1047881.5707
F10613,1544.1495,9.5480,9.6150,9.7150,1.0000,53.0000,86215.7997
F10614,1544.3980,11.9660,12.0490,12.0820,1.0000,46.0000,29968.3380
F10615,1544.4131,12.3990,12.4660,12.5490,1.0000,63.0000,182510.5871
F10616,1544.4332,13.2330,13.3160,13.3830,1.0000,1037.0000,656251.7800
F10617,1545.1538,9.5320,9.6320,9.6980,1.0000,5441.0000,29040.5648
F10618,1545.4117,12.3990,12.4660,12.5330,1.0000,107.0000,132750.0216
F10619,1545.4320,13.2330,13.2990,13.3830,1.0000,385.0000,353501.4553
F10620,1546.0824,7.7810,7.8650,7.9310,1.0000,56.0000,35551.6189
F10621,1546.1639,9.5650,9.6480,9.7150,1.0000,18.0000,11638.8941
F10622,1546.1743,10.2990,10.3490,10.4150,1.0000,11.0000,8620.5399
F10623,1546.4122,12.3990,12.4660,12.5490,1.0000,38.0000,86174.3298
F10624,1546.4308,13.2330,13.2990,13.3830,1.0000,656.0000,174999.2665
F10625,1547.0867,7.7980,7.8650,7.9480,1.0000,53.0000,39617.9616
F10626,1547.4116,12.4160,12.4660,12.5490,1.0000,29.0000,45840.1052
F10627,1547.4290,13.2490,13.3160,13.3830,1.0000,538.0000,83961.0175
F10628,1547.5925,8.0310,8.0980,8.1810,1.0000,5068.0000,24561.9316
F10629,1548.0940,8.0150,8.0980,8.1980,1.0000,18.0000,36731.6831
F10630,1548.4101,12.4160,12.4660,12.5330,1.0000,5438.0000,23881.3777
F10631,1548.4272,13.2330,13.3160,13.3830,1.0000,11233.0000,38814.1343
F10632,1548.5903,8.0150,8.0980,8.1980,1.0000,79.0000,30742.6081
F10633,1549.0942,8.0150,8.0980,8.1810,1.0000,46.0000,31674.3762
F10634,1549.4088,12.4160,12.4660,12.5490,1.0000,14.0000,12175.0912
F10635,1549.4276,13.2490,13.3160,13.3830,1.0000,108.0000,14448.4441
F10636,1549.5912,7.9980,8.0980,8.1810,1.0000,79.0000,20616.8668
F10637,1550.1284,7.9810,8.0810,8.1810,1.0000,12.0000,25408.7857
F10638,1550.1465,8.6150,8.6980,8.7650,1.0000,24.0000,17297.5185
F10639,1550.4022,11.9990,12.0660,12.1160,1.0000,1820.0000,8196.6534
F10640,1550.4295,13.2660,13.3160,13.3490,1.0000,1710.0000,5478.6311
F10641,1550.5952,8.0480,8.0980,8.1650,1.0000,2522.0000,9607.7532
F10642,1551.1483,7.9980,8.0810,8.1480,1.0000,26.0000,17967.9727
F10643,1551.1513,8.6310,8.6980,8.7650,1.0000,15.0000,16753.5239
F10644,1552.1377,7.8480,8.0810,8.1810,1.0000,13.0000,12949.8432
F10645,1552.1559,9.5820,9.6320,9.6980,1.0000,12.0000,7739.4149
F10646,1552.1548,8.6150,8.6980,8.7650,1.0000,14.0000,12762.6328
F10647,1552.6246,7.9980,8.0980,8.1650,1.0000,48.0000,17301.8654
F10648,1553.1284,8.0150,8.0980,8.1810,1.0000,30.0000,19159.3817
F10649,1553.4849,13.4490,13.4990,13.5830,1.0000,61.0000,20817.2762
F10650,1553.6259,8.0310,8.0980,8.1480,1.0000,57.0000,12614.4411
F10651,1554.0909,8.0150,8.0980,8.1810,1.0000,7734.0000,45155.7918
F10652,1554.1434,10.3150,10.4320,10.5150,1.0000,16.0000,13124.3690
F10653,1554.1802,9.5320,9.6480,9.7320,1.0000,64.0000,36411.4054
F10654,1554.4854,13.4490,13.4990,13.5660,1.0000,129.0000,29305.4321
F10655,1555.0909,8.0150,8.0980,8.1810,1.0000,103.0000,42161.2489
F10656,1555.1486,10.3320,10.4490,10.4990,1.0000,23.0000,13263.8459
F10657,1555.1855,9.5150,9.6320,9.7320,1.0000,5442.0000,35509.6456
F10658,1555.4841,13.4330,13.4990,13.5660,1.0000,8540.0000,33138.8709
F10659,1556.0925,8.0150,8.0980,8.1650,1.0000,4188.0000,21888.3407
F10660,1556.1885,9.5480,9.6320,9.7150,1.0000,18.0000,17909.7579
F10661,1557.0954,8.0480,8.0980,8.1650,1.0000,19.0000,7957.6102
F10662,1558.4474,12.0660,12.1160,12.1820,1.0000,4104.0000,1528267.9678
F10663,1559.4226,11.7320,11.7990,11.8660,1.0000,23.0000,21651.5051
F10664,1559.4469,12.0490,12.1160,12.1820,1.0000,4621.0000,1826960.0756
F10665,1559.4851,13.4660,13.4990,13.5490,1.0000,57.0000,7339.4644
F10666,1560.4252,11.7160,11.7990,11.8660,1.0000,77.0000,33599.4958
F10667,1560.4463,12.0660,12.1160,12.1820,1.0000,4821.0000,1580615.5237
F10668,1561.4240,11.7320,11.7990,11.8660,1.0000,44.0000,40058.3802
F10669,1561.4380,12.1820,12.3490,12.4160,1.0000,16.0000,45290.0842
F10670,1561.4456,12.0660,12.1160,12.1820,1.0000,3890.0000,1141310.7840
F10671,1562.1132,7.8150,7.9560,7.9650,2.0000,15.0000,16202.4325
F10672,1562.4220,11.7320,11.7990,11.8660,1.0000,29.0000,36385.7074
F10673,1562.4441,12.0660,12.1160,12.1820,1.0000,2210.0000,696703.4788
F10674,1563.1154,7.9810,8.0650,8.1810,1.0000,28.0000,39105.2417
F10675,1563.4222,11.6820,11.7990,11.8660,1.0000,44.0000,28883.6537
F10676,1563.6223,7.9980,8.0980,8.1810,1.0000,138.0000,24837.4705
F10677,1564.1224,7.9480,8.0810,8.1980,1.0000,33.0000,88576.1780
F10678,1564.1323,7.7980,7.8810,7.9480,1.0000,2754.0000,2819670.5203
F10679,1565.1262,7.9480,8.0810,8.1980,1.0000,22.0000,65831.8426
F10680,1565.1359,7.7980,7.8810,7.9480,1.0000,3567.0000,2755277.6931
F10681,1565.4202,11.7490,11.7990,11.8320,1.0000,50.0000,7341.1623
F10682,1566.1381,7.7980,7.8810,7.9650,1.0000,313181.0000,1408330.7910
F10683,1566.1411,8.1810,8.3310,8.3810,1.0000,2124.0000,40715.9008
F10684,1566.1465,7.9650,8.0810,8.1810,1.0000,247858.0000,1506794.7044
F10685,1567.1404,7.7810,7.8650,7.9650,1.0000,392.0000,492479.6908
F10686,1567.1499,7.9980,8.0810,8.1810,1.0000,828.0000,1446189.0519
F10687,1568.1433,7.7980,7.8810,7.9480,1.0000,1128.0000,138956.6313
F10688,1568.1524,7.9980,8.0810,8.1810,1.0000,119275.0000,732162.6156
F10689,1568.1607,8.5820,8.6650,8.7480,1.0000,155.0000,185045.6427
F10690,1568.1938,10.2820,10.3490,10.3990,1.0000,1769.0000,8219.1261
F10691,1569.1425,7.8150,7.8810,7.9480,1.0000,7610.0000,31368.4627
F10692,1569.1551,7.9980,8.0810,8.1810,1.0000,579.0000,266264.2380
F10693,1569.1638,8.5820,8.6650,8.7480,1.0000,264.0000,181625.7457
F10694,1569.2053,10.2490,10.3490,10.4320,1.0000,10.0000,8965.0588
F10695,1570.1586,7.9980,8.0810,8.1810,1.0000,106.0000,78496.6348
F10696,1570.1661,8.5820,8.6650,8.7480,1.0000,59.0000,91241.8642
F10697,1570.1770,9.4480,9.5980,9.7650,1.0000,10.0000,25721.2975
F10698,1570.1784,9.9150,9.9990,10.0820,1.0000,3861.0000,20843.8671
F10699,1570.2263,10.2320,10.3150,10.4150,1.0000,23.0000,11817.2386
F10700,1571.1594,8.0150,8.0810,8.1650,1.0000,4531.0000,21154.2686
F10701,1571.1679,8.5820,8.6650,8.7480,1.0000,22.0000,34796.6260
F10702,1571.1798,9.4980,9.5980,9.6980,1.0000,15.0000,22400.5140
F10703,1571.1800,9.9150,9.9990,10.1150,1.0000,13.0000,23269.7951
F10704,1571.4608,12.3490,12.3820,12.4330,1.0000,129.0000,14828.0554
F10705,1572.1706,8.5820,8.6650,8.7320,1.0000,10.0000,11256.8579
F10706,1572.1938,10.2490,10.3320,10.4320,1.0000,1617.0000,2413491.9459
F10707,1572.4264,13.4160,13.4990,13.5660,1.0000,763.0000,199600.4595
F10708,1573.1117,8.0310,8.0810,8.1480,1.0000,1555.0000,7648.8921
F10709,1573.1974,10.2490,10.3320,10.4320,1.0000,2199.0000,2408168.6579
F10710,1573.2586,11.5990,11.6320,11.6820,1.0000,57.0000,8224.0377
F10711,1573.4270,13.4160,13.4990,13.5660,1.0000,667.0000,310931.8570
F10712,1573.4602,12.3320,12.3820,12.4660,1.0000,84.0000,29784.2437
F10713,1573.6016,8.0150,8.0810,8.1650,1.0000,31.0000,9544.9981
F10714,1574.1066,8.0150,8.0980,8.1650,1.0000,15.0000,8009.6912
F10715,1574.1504,7.7980,7.8650,7.9480,1.0000,12.0000,10285.8958
F10716,1574.1998,10.2490,10.3320,10.4320,1.0000,2538.0000,1212012.8152
F10717,1574.4268,13.4160,13.4990,13.5660,1.0000,569.0000,389297.1028
F10718,1574.4609,12.3490,12.3820,12.4490,1.0000,63.0000,24972.3465
F10719,1575.1398,7.8150,7.8650,7.9310,1.0000,2402.0000,11041.3227
F10720,1575.2021,10.2490,10.3320,10.4320,1.0000,845.0000,427606.4215
F10721,1575.4263,13.4160,13.4990,13.5660,1.0000,359.0000,343243.7797
F10722,1575.4587,12.3490,12.3820,12.4330,1.0000,7916.0000,19526.9552
F10723,1576.1263,7.8150,7.8810,7.9150,1.0000,4049.0000,13093.7422
F10724,1576.2046,10.2490,10.3320,10.4320,1.0000,20517.0000,119876.1353
F10725,1576.4054,12.4820,12.5660,12.6660,1.0000,61.0000,72137.0353
F10726,1576.4253,13.4160,13.4990,13.5660,1.0000,76607.0000,262324.3877
F10727,1576.4398,11.9990,12.0490,12.0820,1.0000,3478.0000,9997.8546
F10728,1576.6172,7.8150,7.8650,7.9310,1.0000,23.0000,10134.4760
F10729,1577.1337,7.4650,7.5150,7.5480,1.0000,1506.0000,5606.1746
F10730,1577.2083,10.2490,10.3320,10.4150,1.0000,4950.0000,29738.0381
F10731,1577.4048,12.4820,12.5660,12.6330,1.0000,23.0000,56104.3407
F10732,1577.4251,13.4160,13.4990,13.5660,1.0000,324.0000,162494.8160
F10733,1577.4384,11.9820,12.0490,12.0820,1.0000,2668.0000,9263.0467
F10734,1578.1424,8.0150,8.1150,8.1980,1.0000,22.0000,17574.1458
F10735,1578.2120,10.2650,10.3320,10.3820,1.0000,10.0000,6415.4576
F10736,1578.3906,12.0660,12.1160,12.1490,1.0000,4662.0000,13106.8960
F10737,1578.4046,12.4820,12.5660,12.6660,1.0000,30.0000,50154.3939
F10738,1578.4230,13.4330,13.4990,13.5660,1.0000,725.0000,94128.2049
F10739,1579.1441,8.0310,8.0980,8.1980,1.0000,35.0000,19057.7686
F10740,1579.2336,11.5660,11.5990,11.6490,1.0000,3882.0000,10830.7730
F10741,1579.4222,13.4330,13.4990,13.5660,1.0000,13739.0000,49034.5775
F10742,1580.1279,8.0150,8.0980,8.1810,1.0000,18.0000,13036.6633
F10743,1580.1957,9.5320,9.5980,9.6650,1.0000,2390.0000,10165.9391
F10744,1580.4022,12.1160,12.5490,12.7490,1.0000,12.0000,21455.0895
F10745,1580.4203,13.4490,13.4990,13.5490,1.0000,6963.0000,21458.2861
F10746,1581.1087,8.0150,8.0980,8.1650,1.0000,37.0000,13394.8758
F10747,1581.2011,9.5650,9.6150,9.6650,1.0000,13.0000,7384.4839
F10748,1581.4197,13.4490,13.4990,13.5330,1.0000,58.0000,9592.7992
F10749,1581.6016,8.0650,8.1150,8.1650,1.0000,2042.0000,7337.9823
F10750,1582.1082,8.0310,8.1150,8.4150,1.0000,24.0000,8566.5279
F10751,1582.2123,10.2650,10.3490,10.4150,1.0000,14.0000,13635.4950
F10752,1582.4828,13.2660,13.3160,13.3490,1.0000,3391.0000,9163.1553
F10753,1583.2103,10.2650,10.3490,10.4150,1.0000,3443.0000,15338.4525
F10754,1583.4835,13.2660,13.2990,13.3490,1.0000,2900.0000,8353.6919
F10755,1583.6751,10.2490,10.3320,10.4490,1.0000,21.0000,9784.7743
F10756,1583.9287,14.8500,14.9160,14.9830,1.0000,28.0000,6394.8435
F10757,1584.1961,10.3150,10.3490,10.3990,1.0000,2438.0000,8559.5821
F10758,1584.6797,10.2650,10.3320,10.3990,1.0000,22.0000,8357.0359
F10759,1586.1119,7.7980,7.8810,7.9480,1.0000,59146.0000,244382.8349
F10760,1587.1153,7.7980,7.8810,7.9480,1.0000,58589.0000,253176.0069
F10761,1587.6139,7.8150,7.8650,7.9310,1.0000,3085.0000,12251.1256
F10762,1588.1194,7.7980,7.8810,7.9480,1.0000,92.0000,135022.4924
F10763,1588.1269,7.9810,8.0810,8.1810,1.0000,18.0000,140833.4012
F10764,1588.4780,13.6330,13.6830,13.7500,1.0000,41.0000,15109.2470
F10765,1589.1230,7.7980,7.8650,7.9480,1.0000,202.0000,52463.5923
F10766,1589.1306,7.9980,8.0810,8.1810,1.0000,131.0000,143231.0995
F10767,1590.1366,7.7980,7.8810,7.9810,1.0000,5.0000,30562.5255
F10768,1590.1384,7.9810,8.0650,8.1980,1.0000,15.0000,121479.4779
F10769,1590.4383,12.1320,12.1820,12.2490,1.0000,820.0000,389044.2473
F10770,1590.4771,13.6330,13.6830,13.7500,1.0000,41.0000,9849.9528
F10771,1591.1411,7.7810,7.8810,7.9650,1.0000,11.0000,18967.2274
F10772,1591.1454,7.9650,8.0480,8.1980,1.0000,33.0000,72613.2827
F10773,1591.4399,12.1160,12.1820,12.2490,1.0000,1246.0000,595854.4289
F10774,1591.4777,13.6490,13.6830,13.7500,1.0000,1888.0000,6764.1922
F10775,1592.1515,7.9810,8.0650,8.1810,1.0000,20.0000,44901.9961
F10776,1592.1585,8.5650,8.6650,8.7480,1.0000,82.0000,58315.1531
F10777,1592.4121,11.8490,11.8990,11.9490,1.0000,3134.0000,8929.0228
F10778,1592.4391,12.1320,12.1820,12.2490,1.0000,1730.0000,754881.5012
F10779,1593.1619,8.5650,8.6650,8.7480,1.0000,8904.0000,52645.7980
F10780,1593.4191,11.8160,11.8820,11.9490,1.0000,35.0000,15163.2577
F10781,1593.4383,12.1320,12.1820,12.2490,1.0000,1298.0000,658104.4542
F10782,1594.1666,8.5820,8.6650,8.7480,1.0000,34.0000,33140.4363
F10783,1594.1742,10.2490,10.3320,10.4320,1.0000,145.0000,216351.0540
F10784,1594.1769,9.4820,9.5820,9.6820,1.0000,122.0000,125336.5049
F10785,1594.4374,12.1320,12.1820,12.2490,1.0000,1442.0000,500098.0904
F10786,1595.1781,10.2490,10.3320,10.4320,1.0000,220.0000,216889.7491
F10787,1595.1796,9.4820,9.5820,9.6980,1.0000,18006.0000,121976.0732
F10788,1595.5923,7.8150,7.8810,7.9310,1.0000,27.0000,7672.5092
F10789,1595.6858,10.2490,10.3320,10.4150,1.0000,26.0000,11717.5424
F10790,1596.0940,7.8150,7.8810,7.9150,1.0000,2295.0000,7748.0275
F10791,1596.1845,9.4980,9.5820,9.6650,1.0000,53.0000,72095.0695
F10792,1596.1850,10.2490,10.3320,10.4320,1.0000,63.0000,150099.1356
F10793,1596.1926,9.9150,9.9990,10.0990,1.0000,59.0000,83658.5720
F10794,1596.5879,7.7980,7.8810,7.9310,1.0000,30.0000,8789.6746
F10795,1597.0943,7.7480,7.8650,7.9150,1.0000,20.0000,7756.2096
F10796,1597.1904,10.2320,10.3320,10.4320,1.0000,34.0000,84726.4576
F10797,1597.1949,9.8980,9.9990,10.0990,1.0000,64.0000,87916.7681
F10798,1597.5900,7.8150,7.8810,7.9310,1.0000,22.0000,7164.3520
F10799,1598.1986,10.2320,10.3320,10.3990,1.0000,40.0000,43229.3404
F10800,1598.2003,9.9150,9.9990,10.0990,1.0000,28.0000,48434.1416
F10801,1598.4321,12.1490,12.1820,12.2320,1.0000,20284.0000,43864.3951
F10802,1599.2025,9.9320,9.9990,10.0990,1.0000,16.0000,18219.9810
F10803,1599.2090,10.2490,10.3490,10.4320,1.0000,13.0000,23125.5832
F10804,1599.4272,12.1490,12.1820,12.2320,1.0000,8924.0000,21136.7306
F10805,1600.3433,11.9490,11.9820,12.0320,1.0000,63990.0000,110662.2672
F10806,1601.3472,11.9490,11.9820,12.0320,1.0000,62767.0000,115622.1618
F10807,1601.4888,12.0490,12.1160,12.1660,1.0000,34.0000,30310.6278
F10808,1602.0900,7.8150,7.8810,7.9310,1.0000,13.0000,6876.0155
F10809,1602.1487,9.9320,9.9990,10.0820,1.0000,18.0000,8646.2809
F10810,1602.3495,11.9490,11.9820,12.0320,1.0000,33000.0000,60949.1227
F10811,1602.3822,13.6830,13.7330,13.7660,1.0000,3559.0000,10630.6600
F10812,1603.0941,7.8150,7.8810,8.1650,1.0000,23.0000,9170.4183
F10813,1603.1471,9.9480,9.9990,10.0650,1.0000,15.0000,7607.1743
F10814,1603.4814,12.0660,12.1160,12.1660,1.0000,32.0000,23563.2767
F10815,1604.1547,10.2650,10.3490,10.3990,1.0000,8.0000,7756.7938
F10816,1604.4769,12.0660,12.1160,12.1660,1.0000,33.0000,18568.4697
F10817,1606.4480,12.4330,12.4820,12.5830,1.0000,29.0000,12561.0602
F10818,1606.4627,12.0660,12.0990,12.1660,1.0000,24.0000,9140.7357
F10819,1609.5806,8.0480,8.0980,8.1310,1.0000,1698.0000,5459.2282
F10820,1610.1539,10.2990,10.3320,10.4150,1.0000,16.0000,5885.8985
F10821,1611.5983,8.0310,8.0980,8.1650,1.0000,15.0000,8896.0839
F10822,1612.1296,7.4480,7.5310,7.5980,1.0000,1610.0000,370130.0698
F10823,1613.1144,8.0310,8.0650,8.1810,1.0000,12.0000,7320.1219
F10824,1613.1331,7.4480,7.5310,7.5980,1.0000,1065.0000,387210.2006
F10825,1613.4534,13.4160,13.4990,13.5660,1.0000,1187.0000,625290.5451
F10826,1614.1364,7.4480,7.5310,7.5980,1.0000,300.0000,225499.9214
F10827,1614.1462,7.7810,7.8810,7.9650,1.0000,27.0000,22041.6218
F10828,1614.4550,13.4330,13.4990,13.5660,1.0000,1718.0000,994899.5871
F10829,1615.1413,7.4480,7.5310,7.5980,1.0000,114.0000,99569.7894
F10830,1615.1476,7.7810,7.8980,7.9650,1.0000,33.0000,25985.9763
F10831,1615.4325,12.4820,12.5660,12.6490,1.0000,95.0000,77189.4623
F10832,1615.4542,13.4160,13.4990,13.5660,1.0000,2441.0000,1252222.8008
F10833,1616.1600,7.9980,8.0650,8.1810,1.0000,37.0000,52541.5280
F10834,1616.1611,9.5150,9.5820,9.6820,1.0000,18.0000,12877.5026
F10835,1616.4325,12.4990,12.5660,12.6490,1.0000,86.0000,116645.1281
F10836,1616.4538,13.4160,13.4990,13.5660,1.0000,1506.0000,1107443.7248
F10837,1617.1503,7.4810,7.5310,7.5980,1.0000,18.0000,7502.6683
F10838,1617.1633,7.9810,8.0650,8.1810,1.0000,48.0000,58543.6743
F10839,1617.1641,9.4980,9.5820,9.6480,1.0000,13.0000,13016.8541
F10840,1617.4322,12.4820,12.5660,12.6490,1.0000,129.0000,149130.0873
F10841,1617.4530,13.4160,13.4990,13.5660,1.0000,1253.0000,832797.1903
F10842,1618.1668,7.9980,8.0650,8.1980,1.0000,29.0000,31470.8916
F10843,1618.4327,12.4990,12.5660,12.6660,1.0000,103.0000,132565.9407
F10844,1618.4520,13.4160,13.4990,13.5660,1.0000,594.0000,514541.3142
F10845,1619.1706,8.0150,8.0650,8.1310,1.0000,20.0000,11111.2177
F10846,1619.4314,12.1160,12.5490,12.6830,1.0000,24.0000,138965.9739
F10847,1619.4502,13.4160,13.4990,13.5660,1.0000,988.0000,299735.1946
F10848,1620.1152,8.0480,8.0980,8.1650,1.0000,25.0000,8165.7468
F10849,1620.1920,9.9320,10.0150,10.0990,1.0000,496.0000,360104.8904
F10850,1620.3257,11.9660,11.9990,12.0490,1.0000,5154.0000,11202.7839
F10851,1620.4298,12.4990,12.5660,12.6660,1.0000,25.0000,63708.1670
F10852,1620.4495,13.4160,13.4990,13.5660,1.0000,43298.0000,155701.8754
F10853,1621.1956,9.9320,10.0150,10.0990,1.0000,562.0000,376561.3740
F10854,1621.4307,12.4990,12.5660,12.6490,1.0000,23.0000,38802.8610
F10855,1621.4489,13.4160,13.4990,13.5660,1.0000,209.0000,71518.2498
F10856,1622.1987,9.9320,10.0150,10.0990,1.0000,313.0000,195879.0198
F10857,1622.2077,10.2150,10.3150,10.4150,1.0000,45.0000,97989.2839
F10858,1622.4468,13.4160,13.4830,13.5660,1.0000,274.0000,34573.4901
F10859,1623.0921,7.9980,8.0980,8.1810,1.0000,75.0000,24479.9607
F10860,1623.2016,9.9320,10.0150,10.0990,1.0000,139.0000,76966.9314
F10861,1623.2108,10.2320,10.2990,10.3990,1.0000,257.0000,92420.1360
F10862,1623.4279,12.4990,12.5490,12.6490,1.0000,11.0000,11407.9715
F10863,1624.0952,8.0150,8.0980,8.1650,1.0000,3600.0000,21184.7440
F10864,1624.2036,9.9480,10.0150,10.0820,1.0000,5315.0000,24146.5302
F10865,1624.2138,10.2320,10.3150,10.4150,1.0000,112.0000,53203.5781
F10866,1624.2244,11.0650,11.1320,11.1990,1.0000,2343.0000,11985.0927
F10867,1625.0964,8.0480,8.0980,8.1810,1.0000,31.0000,11310.5944
F10868,1625.2183,10.2320,10.3150,10.3990,1.0000,66.0000,22797.2042
F10869,1626.2250,10.0320,10.3150,10.3990,1.0000,12.0000,8322.4866
F10870,1627.3629,11.9490,11.9820,12.0320,1.0000,36474.0000,77446.0516
F10871,1627.5040,13.6330,13.6830,13.7660,1.0000,79.0000,16056.1998
F10872,1628.3653,11.9490,11.9820,12.0320,1.0000,19902.0000,42352.7969
F10873,1628.3967,13.6660,13.7330,13.8160,1.0000,102.0000,18650.3351
F10874,1628.5038,13.6160,13.6830,13.7500,1.0000,79.0000,23649.0133
F10875,1629.4185,12.2160,12.2490,12.2990,1.0000,3740.0000,8767.6172
F10876,1629.4836,12.6490,12.6990,12.7660,1.0000,55.0000,7380.3456
F10877,1629.5044,13.6330,13.6830,13.7500,1.0000,7582.0000,30161.0340
F10878,1630.4155,12.2160,12.2490,12.2990,1.0000,6576.0000,14959.6781
F10879,1632.4263,14.1660,14.2000,14.2660,1.0000,91.0000,12158.3908
F10880,1632.4829,12.4330,12.6830,12.7330,1.0000,5698.0000,15650.7920
F10881,1633.0932,8.0310,8.0980,8.1480,1.0000,2134.0000,10396.7351
F10882,1633.4321,14.1330,14.2160,14.2830,1.0000,57.0000,15688.0475
F10883,1633.4402,11.8160,11.8990,11.9660,1.0000,59.0000,20658.6787
F10884,1633.4664,12.1160,12.1820,12.2490,1.0000,2993.0000,1438043.6740
F10885,1633.4832,12.6490,12.6990,12.7330,1.0000,3678.0000,10542.5466
F10886,1633.5943,8.0480,8.0980,8.1480,1.0000,24.0000,7200.0964
F10887,1634.1090,7.4980,7.5310,7.5810,1.0000,2028.0000,6293.3793
F10888,1634.4379,14.1660,14.2000,14.2500,1.0000,2897.0000,8142.6443
F10889,1634.4657,12.1320,12.1820,12.2490,1.0000,3692.0000,1275159.9652
F10890,1635.4420,11.8160,11.8990,11.9660,1.0000,45.0000,34578.9653
F10891,1635.4649,12.1320,12.1820,12.2490,1.0000,3276.0000,942490.9177
F10892,1636.0849,8.0650,8.0980,8.1650,1.0000,19.0000,5954.7883
F10893,1636.4413,11.8160,11.8990,11.9660,1.0000,41.0000,30297.2178
F10894,1636.4638,12.1320,12.1820,12.2490,1.0000,1349.0000,600390.3957
F10895,1637.0881,8.0310,8.0980,8.1650,1.0000,31.0000,9369.7971
F10896,1637.4415,11.8160,11.8990,11.9490,1.0000,44.0000,24463.8594
F10897,1638.1066,8.0650,8.0980,8.1480,1.0000,18.0000,5645.9467
F10898,1640.4589,12.1490,12.1820,12.2320,1.0000,15082.0000,34976.7704
F10899,1642.1748,9.9320,10.0150,10.0820,1.0000,5161.0000,26774.6527
F10900,1643.1771,9.9150,10.0150,10.0990,1.0000,81.0000,30271.4959
F10901,1644.1817,9.9320,10.0150,10.0820,1.0000,13.0000,15551.0366
F10902,1645.1880,9.9650,9.9990,10.0490,1.0000,1789.0000,5870.8578
F10903,1645.1994,10.2490,10.3150,10.3820,1.0000,8.0000,7312.2107
F10904,1646.1075,8.0650,8.1150,8.1650,1.0000,32.0000,8682.5905
F10905,1646.4438,13.6330,13.6990,13.7660,1.0000,279.0000,132401.0134
F10906,1647.1137,7.7310,8.0810,8.1650,1.0000,1890.0000,12985.3044
F10907,1647.4446,13.6330,13.6990,13.7660,1.0000,492.0000,206479.9223
F10908,1648.1112,8.0310,8.0980,8.1310,1.0000,18.0000,5838.4483
F10909,1648.3410,11.9490,11.9820,12.0320,1.0000,28962.0000,61084.9273
F10910,1648.4446,13.6330,13.6990,13.7660,1.0000,905.0000,274424.0514
F10911,1649.4258,12.5990,12.6490,12.7660,1.0000,6216.0000,33526.2922
F10912,1649.4437,13.6330,13.6990,13.7660,1.0000,848.0000,249435.3080
F10913,1650.4233,12.5830,12.6490,12.7490,1.0000,53.0000,45818.6958
F10914,1650.4430,13.6330,13.6990,13.7660,1.0000,405.0000,189397.3885
F10915,1650.4755,12.4330,12.4820,12.5160,1.0000,4332.0000,10691.4880
F10916,1651.4230,12.5990,12.6490,12.7660,1.0000,82.0000,42082.5443
F10917,1651.4423,13.6330,13.6990,13.7660,1.0000,935.0000,127612.1616
F10918,1652.4214,12.5830,12.6490,12.7660,1.0000,38.0000,32144.6060
F10919,1652.4415,13.6330,13.6990,13.7660,1.0000,20781.0000,77877.2661
F10920,1653.4409,13.6330,13.6990,13.7660,1.0000,183.0000,42863.6963
F10921,1654.4160,13.7160,13.7500,13.8160,1.0000,5990.0000,20268.1866
F10922,1655.4182,13.6490,13.7500,13.8330,1.0000,30.0000,33502.5204
F10923,1656.4207,13.6660,13.7500,13.8160,1.0000,44.0000,20837.4056
F10924,1657.5053,13.4490,13.4990,13.5490,1.0000,1802.0000,6670.5818
F10925,1658.0736,8.0150,8.0980,8.1650,1.0000,29.0000,10864.5290
F10926,1658.4441,14.1330,14.2000,14.2830,1.0000,104.0000,43378.4232
F10927,1659.4464,14.1330,14.2000,14.2830,1.0000,289.0000,49558.4559
F10928,1662.4970,13.8160,13.8830,13.9660,1.0000,42.0000,15310.1746
F10929,1663.4781,14.7500,14.8160,14.8830,1.0000,3512.0000,15940.1858
F10930,1663.4950,13.8330,13.8830,13.9330,1.0000,3500.0000,11917.1217
F10931,1666.4360,11.8990,11.9660,11.9990,1.0000,27.0000,7553.5115
F10932,1669.4329,11.9160,11.9490,11.9990,1.0000,4381.0000,11978.5278
F10933,1670.4326,11.9160,11.9490,11.9990,1.0000,3468.0000,9063.9499
F10934,1671.0977,7.8310,7.8810,7.9310,1.0000,15.0000,5909.8737
F10935,1676.5047,12.1320,12.1820,12.2320,1.0000,45.0000,24429.9826
F10936,1678.4972,12.1320,12.1660,12.2490,1.0000,78.0000,18562.2263
F10937,1679.4667,12.5330,12.5660,12.6160,1.0000,2058.0000,6300.8943
F10938,1679.4919,12.1160,12.1660,12.2320,1.0000,30.0000,12492.6768
F10939,1680.4277,13.6990,13.7660,13.8330,1.0000,71.0000,28248.9554
F10940,1681.4310,13.6990,13.7660,13.8500,1.0000,176.0000,33034.8442
F10941,1682.4342,13.6990,13.7660,13.8330,1.0000,47.0000,20483.3015
F10942,1684.4588,14.1330,14.2000,14.2830,1.0000,358.0000,83513.8835
F10943,1685.0806,8.0150,8.0810,8.1480,1.0000,20.0000,10861.7043
F10944,1685.4627,14.1330,14.2000,14.2830,1.0000,407.0000,100133.5349
F10945,1686.4658,14.1330,14.2000,14.2830,1.0000,12624.0000,59041.2578
F10946,1687.0863,8.0150,8.0810,8.1310,1.0000,18.0000,7044.5058
F10947,1687.4710,13.6330,13.6990,13.7660,1.0000,302.0000,377011.8797
F10948,1688.4724,13.6330,13.6990,13.7660,1.0000,590.0000,619926.8771
F10949,1688.4913,14.7330,14.8160,14.9000,1.0000,108.0000,62555.0318
F10950,1689.4511,12.5990,12.6490,12.7660,1.0000,143.0000,50335.4448
F10951,1689.4716,13.6330,13.6990,13.7660,1.0000,1109.0000,823524.5756
F10952,1689.4941,14.7330,14.8160,14.8830,1.0000,15503.0000,72418.4566
F10953,1690.4518,12.5830,12.6490,12.7660,1.0000,174.0000,80275.7713
F10954,1690.4713,13.6330,13.6990,13.7660,1.0000,1117.0000,742380.1236
F10955,1690.4978,14.7330,14.8160,14.9000,1.0000,9518.0000,44879.3291
F10956,1691.4508,12.5990,12.6490,12.7660,1.0000,139.0000,100926.3416
F10957,1691.4703,13.6330,13.6990,13.7660,1.0000,1195.0000,578074.1941
F10958,1692.4695,13.6330,13.6990,13.7660,1.0000,585.0000,380397.1575
F10959,1693.1228,7.4480,7.5150,7.5980,1.0000,116.0000,47045.7543
F10960,1693.4675,13.6330,13.6990,13.7660,1.0000,445.0000,222586.4199
F10961,1694.1263,7.4480,7.5150,7.5810,1.0000,12511.0000,46726.0805
F10962,1694.4673,13.6330,13.6990,13.7660,1.0000,366.0000,121784.5608
F10963,1695.1280,7.4650,7.5310,7.5980,1.0000,90.0000,26950.6085
F10964,1695.4483,12.5990,12.6490,12.7830,1.0000,47.0000,30124.9544
F10965,1695.4665,13.6330,13.6990,13.7660,1.0000,352.0000,60133.3705
F10966,1696.1337,7.4480,7.5310,7.5980,1.0000,45.0000,10820.6849
F10967,1696.4659,13.6330,13.6990,13.7660,1.0000,7075.0000,25867.7936
F10968,1697.4492,12.1820,12.2160,12.2820,1.0000,18.0000,9862.0611
F10969,1697.4651,13.6490,13.6990,13.7660,1.0000,29.0000,11921.0912
