sample_id,source_file,true_peak_count_class,true_positive,false_positive,false_negative,target_count,prediction_count,exact_count,count_absolute_error,mean_matched_iou
20180321_S00033936_P__F1,20180321_S00033936_P,single,1,0,0,1,1,True,0,0.9432916045188904
20180321_S00033936_P__F10,20180321_S00033936_P,single,1,0,0,1,1,True,0,0.8961637020111084
20180321_S00033936_P__F100,20180321_S00033936_P,single,1,0,0,1,1,True,0,0.9442185163497925
20180321_S00033936_P__F101,20180321_S00033936_P,single,1,0,0,1,1,True,0,0.6529562473297119
20180321_S00033936_P__F102,20180321_S00033936_P,multi,1,0,1,2,1,False,1,0.9367707967758179
20180321_S00033936_P__F103,20180321_S00033936_P,single,1,0,0,1,1,True,0,0.8909343481063843
20180321_S00033936_P__F104,20180321_S00033936_P,single,1,0,0,1,1,True,0,0.9886570572853088
20180321_S00033936_P__F105,20180321_S00033936_P,single,1,0,0,1,1,True,0,0.7394213676452637
20180321_S00033936_P__F106,20180321_S00033936_P,multi,3,0,0,3,3,True,0,0.9198862711588541
20180321_S00033936_P__F107,20180321_S00033936_P,multi,2,0,2,4,2,False,2,0.9283376038074493
20180321_S00033936_P__F108,20180321_S00033936_P,multi,1,0,4,5,1,False,4,0.906896710395813
20180321_S00033936_P__F109,20180321_S00033936_P,multi,1,0,1,2,1,False,1,0.9589983820915222
20180321_S00033936_P__F11,20180321_S00033936_P,single,1,0,0,1,1,True,0,0.9820935726165771
20180321_S00033936_P__F110,20180321_S00033936_P,multi,2,0,0,2,2,True,0,0.9456584751605988
20180321_S00033936_P__F111,20180321_S00033936_P,single,1,0,0,1,1,True,0,0.9226350784301758
20180321_S00033936_P__F112,20180321_S00033936_P,single,1,0,0,1,1,True,0,0.917868971824646
20180321_S00033936_P__F113,20180321_S00033936_P,empty,0,0,0,0,0,True,0,0.0
20180321_S00033936_P__F114,20180321_S00033936_P,single,1,0,0,1,1,True,0,0.9539705514907837
20180321_S00033936_P__F115,20180321_S00033936_P,single,0,1,1,1,1,True,0,0.0
20180321_S00033936_P__F116,20180321_S00033936_P,multi,2,0,0,2,2,True,0,0.9390318393707275
20180321_S00033936_P__F117,20180321_S00033936_P,multi,1,1,1,2,2,True,0,0.9262657165527344
20180321_S00033936_P__F118,20180321_S00033936_P,multi,2,0,0,2,2,True,0,0.9160253405570984
20180321_S00033936_P__F119,20180321_S00033936_P,single,1,0,0,1,1,True,0,0.9358851909637451
20180321_S00033936_P__F12,20180321_S00033936_P,empty,0,1,0,0,1,False,1,0.0
20180321_S00033936_P__F120,20180321_S00033936_P,multi,2,0,2,4,2,False,2,0.9252738058567047
20180321_S00033936_P__F121,20180321_S00033936_P,single,1,0,0,1,1,True,0,0.9567573666572571
20180321_S00033936_P__F122,20180321_S00033936_P,single,1,0,0,1,1,True,0,0.7979562878608704
20180321_S00033936_P__F123,20180321_S00033936_P,single,1,0,0,1,1,True,0,0.9531312584877014
20180321_S00033936_P__F124,20180321_S00033936_P,single,1,0,0,1,1,True,0,0.9405064582824707
20180321_S00033936_P__F125,20180321_S00033936_P,multi,0,0,2,2,0,False,2,0.0
20180321_S00033936_P__F126,20180321_S00033936_P,multi,3,0,1,4,3,False,1,0.9043966929117838
20180321_S00033936_P__F127,20180321_S00033936_P,single,1,0,0,1,1,True,0,0.9563933610916138
20180321_S00033936_P__F128,20180321_S00033936_P,single,1,0,0,1,1,True,0,0.9346472024917603
20180321_S00033936_P__F129,20180321_S00033936_P,empty,0,0,0,0,0,True,0,0.0
20180321_S00033936_P__F13,20180321_S00033936_P,single,1,0,0,1,1,True,0,0.9520325064659119
20180321_S00033936_P__F130,20180321_S00033936_P,multi,2,0,0,2,2,True,0,0.9611289501190186
20180321_S00033936_P__F131,20180321_S00033936_P,multi,2,0,0,2,2,True,0,0.9435838162899017
20180321_S00033936_P__F132,20180321_S00033936_P,single,1,0,0,1,1,True,0,0.9333707094192505
20180321_S00033936_P__F133,20180321_S00033936_P,single,1,0,0,1,1,True,0,0.9377931356430054
20180321_S00033936_P__F134,20180321_S00033936_P,single,1,0,0,1,1,True,0,0.6594680547714233
20180321_S00033936_P__F135,20180321_S00033936_P,single,1,0,0,1,1,True,0,0.8641020059585571
20180321_S00033936_P__F136,20180321_S00033936_P,multi,2,0,0,2,2,True,0,0.9384445250034332
20180321_S00033936_P__F137,20180321_S00033936_P,multi,1,1,1,2,2,True,0,0.5351822376251221
20180321_S00033936_P__F138,20180321_S00033936_P,multi,4,0,0,4,4,True,0,0.8547127842903137
20180321_S00033936_P__F139,20180321_S00033936_P,single,1,0,0,1,1,True,0,0.9227224588394165
20180321_S00033936_P__F14,20180321_S00033936_P,single,1,0,0,1,1,True,0,0.9787012338638306
20180321_S00033936_P__F140,20180321_S00033936_P,empty,0,0,0,0,0,True,0,0.0
20180321_S00033936_P__F141,20180321_S00033936_P,multi,2,0,0,2,2,True,0,0.8906122148036957
20180321_S00033936_P__F142,20180321_S00033936_P,multi,2,0,2,4,2,False,2,0.5663604438304901
20180321_S00033936_P__F143,20180321_S00033936_P,single,1,0,0,1,1,True,0,0.8519713878631592
20180321_S00033936_P__F144,20180321_S00033936_P,multi,2,0,0,2,2,True,0,0.9221145808696747
20180321_S00033936_P__F145,20180321_S00033936_P,single,1,0,0,1,1,True,0,0.9681844711303711
20180321_S00033936_P__F146,20180321_S00033936_P,multi,3,0,0,3,3,True,0,0.8939057985941569
20180321_S00033936_P__F147,20180321_S00033936_P,multi,2,0,0,2,2,True,0,0.924535483121872
20180321_S00033936_P__F148,20180321_S00033936_P,multi,4,0,0,4,4,True,0,0.9094424694776535
20180321_S00033936_P__F15,20180321_S00033936_P,single,1,0,0,1,1,True,0,0.9500184655189514
20180321_S00033936_P__F150,20180321_S00033936_P,single,1,0,0,1,1,True,0,0.9875413179397583
20180321_S00033936_P__F151,20180321_S00033936_P,single,1,0,0,1,1,True,0,0.8049771785736084
20180321_S00033936_P__F152,20180321_S00033936_P,single,1,0,0,1,1,True,0,0.9520261287689209
20180321_S00033936_P__F153,20180321_S00033936_P,single,1,1,0,1,2,False,1,0.9487969279289246
20180321_S00033936_P__F154,20180321_S00033936_P,multi,3,0,0,3,3,True,0,0.958982507387797
20180321_S00033936_P__F155,20180321_S00033936_P,single,1,0,0,1,1,True,0,0.9617140293121338
20180321_S00033936_P__F156,20180321_S00033936_P,multi,1,0,1,2,1,False,1,0.5233708620071411
20180321_S00033936_P__F157,20180321_S00033936_P,single,1,0,0,1,1,True,0,0.9385151863098145
20180321_S00033936_P__F158,20180321_S00033936_P,single,1,0,0,1,1,True,0,0.9841251373291016
20180321_S00033936_P__F159,20180321_S00033936_P,multi,2,0,0,2,2,True,0,0.9107020795345306
20180321_S00033936_P__F16,20180321_S00033936_P,multi,1,0,1,2,1,False,1,0.7744305729866028
20180321_S00033936_P__F160,20180321_S00033936_P,single,1,1,0,1,2,False,1,0.9367517828941345
20180321_S00033936_P__F161,20180321_S00033936_P,single,1,0,0,1,1,True,0,0.9474098682403564
20180321_S00033936_P__F162,20180321_S00033936_P,multi,1,0,1,2,1,False,1,0.5847975611686707
20180321_S00033936_P__F163,20180321_S00033936_P,multi,3,0,0,3,3,True,0,0.7759926716486613
20180321_S00033936_P__F164,20180321_S00033936_P,single,1,0,0,1,1,True,0,0.9568884372711182
20180321_S00033936_P__F165,20180321_S00033936_P,single,1,0,0,1,1,True,0,0.9675264954566956
20180321_S00033936_P__F166,20180321_S00033936_P,single,1,0,0,1,1,True,0,0.8965209722518921
20180321_S00033936_P__F167,20180321_S00033936_P,single,1,0,0,1,1,True,0,0.9384970664978027
20180321_S00033936_P__F168,20180321_S00033936_P,single,1,0,0,1,1,True,0,0.956481397151947
20180321_S00033936_P__F169,20180321_S00033936_P,multi,3,0,1,4,3,False,1,0.883478065331777
20180321_S00033936_P__F17,20180321_S00033936_P,single,1,0,0,1,1,True,0,0.9692082405090332
20180321_S00033936_P__F170,20180321_S00033936_P,multi,2,0,0,2,2,True,0,0.7967560887336731
20180321_S00033936_P__F171,20180321_S00033936_P,multi,0,1,2,2,1,False,1,0.0
20180321_S00033936_P__F172,20180321_S00033936_P,single,1,0,0,1,1,True,0,0.9723964929580688
20180321_S00033936_P__F173,20180321_S00033936_P,multi,3,1,0,3,4,False,1,0.7527313629786173
20180321_S00033936_P__F174,20180321_S00033936_P,multi,2,0,0,2,2,True,0,0.9055504202842712
20180321_S00033936_P__F175,20180321_S00033936_P,single,1,0,0,1,1,True,0,0.8918876051902771
20180321_S00033936_P__F176,20180321_S00033936_P,single,1,2,0,1,3,False,2,0.6936538815498352
20180321_S00033936_P__F177,20180321_S00033936_P,multi,2,1,0,2,3,False,1,0.872182697057724
20180321_S00033936_P__F178,20180321_S00033936_P,multi,1,0,1,2,1,False,1,0.9161407947540283
20180321_S00033936_P__F179,20180321_S00033936_P,multi,2,0,0,2,2,True,0,0.901398092508316
20180321_S00033936_P__F18,20180321_S00033936_P,multi,2,0,1,3,2,False,1,0.9273232519626617
20180321_S00033936_P__F180,20180321_S00033936_P,single,1,0,0,1,1,True,0,0.9545189142227173
20180321_S00033936_P__F181,20180321_S00033936_P,single,1,0,0,1,1,True,0,0.7490110993385315
20180321_S00033936_P__F182,20180321_S00033936_P,multi,3,0,0,3,3,True,0,0.9352149764696757
20180321_S00033936_P__F183,20180321_S00033936_P,multi,2,0,0,2,2,True,0,0.9284848272800446
20180321_S00033936_P__F184,20180321_S00033936_P,single,1,0,0,1,1,True,0,0.9112164974212646
20180321_S00033936_P__F185,20180321_S00033936_P,multi,1,0,1,2,1,False,1,0.7669342160224915
20180321_S00033936_P__F186,20180321_S00033936_P,single,1,0,0,1,1,True,0,0.9460886120796204
20180321_S00033936_P__F187,20180321_S00033936_P,single,1,0,0,1,1,True,0,0.9158980250358582
20180321_S00033936_P__F188,20180321_S00033936_P,multi,1,1,1,2,2,True,0,0.9117123484611511
20180321_S00033936_P__F189,20180321_S00033936_P,empty,0,0,0,0,0,True,0,0.0
20180321_S00033936_P__F19,20180321_S00033936_P,single,1,0,0,1,1,True,0,0.9277138710021973
20180321_S00033936_P__F190,20180321_S00033936_P,multi,1,0,2,3,1,False,2,0.8833852410316467
20180321_S00033936_P__F191,20180321_S00033936_P,single,1,0,0,1,1,True,0,0.9850802421569824
20180321_S00033936_P__F192,20180321_S00033936_P,single,1,0,0,1,1,True,0,0.9111030697822571
20180321_S00033936_P__F193,20180321_S00033936_P,multi,1,0,1,2,1,False,1,0.9795442223548889
20180321_S00033936_P__F194,20180321_S00033936_P,single,1,0,0,1,1,True,0,0.9584031105041504
20180321_S00033936_P__F195,20180321_S00033936_P,single,1,0,0,1,1,True,0,0.8854209780693054
20180321_S00033936_P__F196,20180321_S00033936_P,multi,2,0,0,2,2,True,0,0.9118530750274658
20180321_S00033936_P__F197,20180321_S00033936_P,single,1,0,0,1,1,True,0,0.9756445288658142
20180321_S00033936_P__F198,20180321_S00033936_P,single,1,2,0,1,3,False,2,0.9745180010795593
20180321_S00033936_P__F199,20180321_S00033936_P,single,1,0,0,1,1,True,0,0.9383665323257446
20180321_S00033936_P__F2,20180321_S00033936_P,single,1,0,0,1,1,True,0,0.6009820103645325
20180321_S00033936_P__F20,20180321_S00033936_P,single,1,0,0,1,1,True,0,0.9356389045715332
20180321_S00033936_P__F200,20180321_S00033936_P,single,1,0,0,1,1,True,0,0.9600951075553894
20180321_S00033936_P__F201,20180321_S00033936_P,single,1,1,0,1,2,False,1,0.9803496599197388
20180321_S00033936_P__F202,20180321_S00033936_P,multi,2,0,0,2,2,True,0,0.9457931816577911
20180321_S00033936_P__F203,20180321_S00033936_P,single,1,0,0,1,1,True,0,0.9714962244033813
20180321_S00033936_P__F204,20180321_S00033936_P,single,1,0,0,1,1,True,0,0.7461054921150208
20180321_S00033936_P__F205,20180321_S00033936_P,multi,3,0,0,3,3,True,0,0.9001388351122538
20180321_S00033936_P__F206,20180321_S00033936_P,multi,2,0,0,2,2,True,0,0.8094323873519897
20180321_S00033936_P__F207,20180321_S00033936_P,multi,2,0,0,2,2,True,0,0.9500243067741394
20180321_S00033936_P__F208,20180321_S00033936_P,multi,2,0,0,2,2,True,0,0.9399385750293732
20180321_S00033936_P__F209,20180321_S00033936_P,single,1,0,0,1,1,True,0,0.9383888244628906
20180321_S00033936_P__F21,20180321_S00033936_P,multi,2,0,0,2,2,True,0,0.9299036860466003
20180321_S00033936_P__F210,20180321_S00033936_P,single,0,2,1,1,2,False,1,0.0
20180321_S00033936_P__F211,20180321_S00033936_P,multi,2,0,0,2,2,True,0,0.9478920698165894
20180321_S00033936_P__F212,20180321_S00033936_P,single,1,0,0,1,1,True,0,0.8295859098434448
20180321_S00033936_P__F213,20180321_S00033936_P,single,1,1,0,1,2,False,1,0.9188794493675232
20180321_S00033936_P__F214,20180321_S00033936_P,multi,2,0,0,2,2,True,0,0.9379198849201202
20180321_S00033936_P__F215,20180321_S00033936_P,multi,2,0,0,2,2,True,0,0.8910234868526459
20180321_S00033936_P__F216,20180321_S00033936_P,single,1,0,0,1,1,True,0,0.9573633074760437
20180321_S00033936_P__F217,20180321_S00033936_P,single,1,1,0,1,2,False,1,0.8222106099128723
20180321_S00033936_P__F218,20180321_S00033936_P,single,0,1,1,1,1,True,0,0.0
20180321_S00033936_P__F219,20180321_S00033936_P,multi,2,0,0,2,2,True,0,0.7390560805797577
20180321_S00033936_P__F22,20180321_S00033936_P,multi,2,0,0,2,2,True,0,0.8989661037921906
20180321_S00033936_P__F220,20180321_S00033936_P,multi,2,0,1,3,2,False,1,0.9097622632980347
20180321_S00033936_P__F221,20180321_S00033936_P,single,1,0,0,1,1,True,0,0.9322315454483032
20180321_S00033936_P__F222,20180321_S00033936_P,single,1,0,0,1,1,True,0,0.9458832740783691
20180321_S00033936_P__F223,20180321_S00033936_P,single,1,0,0,1,1,True,0,0.9729921221733093
20180321_S00033936_P__F224,20180321_S00033936_P,single,1,0,0,1,1,True,0,0.9310365319252014
20180321_S00033936_P__F225,20180321_S00033936_P,single,1,0,0,1,1,True,0,0.8482300043106079
20180321_S00033936_P__F226,20180321_S00033936_P,single,1,1,0,1,2,False,1,0.9411840438842773
20180321_S00033936_P__F227,20180321_S00033936_P,multi,2,1,0,2,3,False,1,0.8893049955368042
20180321_S00033936_P__F228,20180321_S00033936_P,single,1,1,0,1,2,False,1,0.9354024529457092
20180321_S00033936_P__F229,20180321_S00033936_P,single,1,0,0,1,1,True,0,0.880774736404419
20180321_S00033936_P__F23,20180321_S00033936_P,single,0,2,1,1,2,False,1,0.0
20180321_S00033936_P__F230,20180321_S00033936_P,single,1,0,0,1,1,True,0,0.8916305899620056
20180321_S00033936_P__F231,20180321_S00033936_P,single,1,0,0,1,1,True,0,0.9439093470573425
20180321_S00033936_P__F232,20180321_S00033936_P,empty,0,0,0,0,0,True,0,0.0
20180321_S00033936_P__F233,20180321_S00033936_P,single,1,0,0,1,1,True,0,0.936496376991272
20180321_S00033936_P__F234,20180321_S00033936_P,single,1,0,0,1,1,True,0,0.9672425389289856
20180321_S00033936_P__F235,20180321_S00033936_P,single,1,0,0,1,1,True,0,0.8864507079124451
20180321_S00033936_P__F236,20180321_S00033936_P,single,1,0,0,1,1,True,0,0.9561658501625061
20180321_S00033936_P__F237,20180321_S00033936_P,single,1,0,0,1,1,True,0,0.9193548560142517
20180321_S00033936_P__F238,20180321_S00033936_P,single,1,0,0,1,1,True,0,0.9825674295425415
20180321_S00033936_P__F239,20180321_S00033936_P,single,1,1,0,1,2,False,1,0.9665220975875854
20180321_S00033936_P__F24,20180321_S00033936_P,multi,4,0,1,5,4,False,1,0.8916174024343491
20180321_S00033936_P__F240,20180321_S00033936_P,empty,0,0,0,0,0,True,0,0.0
20180321_S00033936_P__F241,20180321_S00033936_P,single,1,0,0,1,1,True,0,0.9230296015739441
20180321_S00033936_P__F242,20180321_S00033936_P,single,1,0,0,1,1,True,0,0.7747864127159119
20180321_S00033936_P__F243,20180321_S00033936_P,single,1,0,0,1,1,True,0,0.8634265065193176
20180321_S00033936_P__F244,20180321_S00033936_P,single,1,0,0,1,1,True,0,0.9427677392959595
20180321_S00033936_P__F245,20180321_S00033936_P,empty,0,0,0,0,0,True,0,0.0
20180321_S00033936_P__F246,20180321_S00033936_P,multi,2,1,0,2,3,False,1,0.773538738489151
20180321_S00033936_P__F247,20180321_S00033936_P,multi,3,0,0,3,3,True,0,0.9170582095781962
20180321_S00033936_P__F248,20180321_S00033936_P,single,1,0,0,1,1,True,0,0.9596849679946899
20180321_S00033936_P__F249,20180321_S00033936_P,multi,2,0,0,2,2,True,0,0.8370025455951691
20180321_S00033936_P__F25,20180321_S00033936_P,single,1,1,0,1,2,False,1,0.7095372676849365
20180321_S00033936_P__F250,20180321_S00033936_P,single,1,1,0,1,2,False,1,0.937870442867279
20180321_S00033936_P__F251,20180321_S00033936_P,single,1,0,0,1,1,True,0,0.8719097971916199
20180321_S00033936_P__F252,20180321_S00033936_P,empty,0,0,0,0,0,True,0,0.0
20180321_S00033936_P__F253,20180321_S00033936_P,multi,2,1,0,2,3,False,1,0.9354897439479828
20180321_S00033936_P__F254,20180321_S00033936_P,single,1,0,0,1,1,True,0,0.9371716976165771
20180321_S00033936_P__F255,20180321_S00033936_P,single,1,0,0,1,1,True,0,0.8891831636428833
20180321_S00033936_P__F256,20180321_S00033936_P,multi,1,0,1,2,1,False,1,0.9648776650428772
20180321_S00033936_P__F257,20180321_S00033936_P,single,1,1,0,1,2,False,1,0.9720337390899658
20180321_S00033936_P__F258,20180321_S00033936_P,single,1,0,0,1,1,True,0,0.7761493921279907
20180321_S00033936_P__F259,20180321_S00033936_P,multi,2,0,0,2,2,True,0,0.9674870669841766
20180321_S00033936_P__F26,20180321_S00033936_P,multi,3,0,0,3,3,True,0,0.8765546679496765
20180321_S00033936_P__F260,20180321_S00033936_P,single,1,0,0,1,1,True,0,0.9433993101119995
20180321_S00033936_P__F261,20180321_S00033936_P,single,1,1,0,1,2,False,1,0.9293636679649353
20180321_S00033936_P__F262,20180321_S00033936_P,single,1,1,0,1,2,False,1,0.9215354323387146
20180321_S00033936_P__F263,20180321_S00033936_P,empty,0,0,0,0,0,True,0,0.0
20180321_S00033936_P__F264,20180321_S00033936_P,single,1,0,0,1,1,True,0,0.9599034786224365
20180321_S00033936_P__F265,20180321_S00033936_P,multi,2,0,0,2,2,True,0,0.943126380443573
20180321_S00033936_P__F266,20180321_S00033936_P,single,1,1,0,1,2,False,1,0.7193869352340698
20180321_S00033936_P__F267,20180321_S00033936_P,single,1,0,0,1,1,True,0,0.8578823804855347
20180321_S00033936_P__F268,20180321_S00033936_P,single,1,0,0,1,1,True,0,0.9266847372055054
20180321_S00033936_P__F269,20180321_S00033936_P,single,1,0,0,1,1,True,0,0.9029768109321594
20180321_S00033936_P__F27,20180321_S00033936_P,multi,1,0,2,3,1,False,2,0.8850179314613342
20180321_S00033936_P__F270,20180321_S00033936_P,multi,2,0,0,2,2,True,0,0.8313866853713989
20180321_S00033936_P__F271,20180321_S00033936_P,multi,2,0,0,2,2,True,0,0.8255316317081451
20180321_S00033936_P__F272,20180321_S00033936_P,multi,0,0,3,3,0,False,3,0.0
20180321_S00033936_P__F273,20180321_S00033936_P,single,1,0,0,1,1,True,0,0.9243136644363403
20180321_S00033936_P__F274,20180321_S00033936_P,multi,2,2,0,2,4,False,2,0.8892723321914673
20180321_S00033936_P__F275,20180321_S00033936_P,multi,2,1,0,2,3,False,1,0.9488927721977234
20180321_S00033936_P__F276,20180321_S00033936_P,single,1,0,0,1,1,True,0,0.8878502249717712
20180321_S00033936_P__F277,20180321_S00033936_P,single,1,0,0,1,1,True,0,0.9843941926956177
20180321_S00033936_P__F278,20180321_S00033936_P,single,1,0,0,1,1,True,0,0.9632487297058105
20180321_S00033936_P__F279,20180321_S00033936_P,multi,0,1,2,2,1,False,1,0.0
20180321_S00033936_P__F28,20180321_S00033936_P,single,1,0,0,1,1,True,0,0.9753536581993103
20180321_S00033936_P__F280,20180321_S00033936_P,multi,2,0,0,2,2,True,0,0.8891582489013672
20180321_S00033936_P__F281,20180321_S00033936_P,multi,2,0,0,2,2,True,0,0.9399494230747223
20180321_S00033936_P__F282,20180321_S00033936_P,single,1,0,0,1,1,True,0,0.9073746800422668
20180321_S00033936_P__F283,20180321_S00033936_P,empty,0,0,0,0,0,True,0,0.0
20180321_S00033936_P__F284,20180321_S00033936_P,multi,2,0,1,3,2,False,1,0.9375211596488953
20180321_S00033936_P__F285,20180321_S00033936_P,single,1,0,0,1,1,True,0,0.5335054993629456
20180321_S00033936_P__F286,20180321_S00033936_P,empty,0,0,0,0,0,True,0,0.0
20180321_S00033936_P__F287,20180321_S00033936_P,multi,2,0,0,2,2,True,0,0.7208520174026489
20180321_S00033936_P__F288,20180321_S00033936_P,multi,3,0,0,3,3,True,0,0.8467872937520345
20180321_S00033936_P__F289,20180321_S00033936_P,multi,2,0,1,3,2,False,1,0.8040085434913635
20180321_S00033936_P__F29,20180321_S00033936_P,single,1,1,0,1,2,False,1,0.9375444650650024
20180321_S00033936_P__F290,20180321_S00033936_P,single,1,0,0,1,1,True,0,0.9514819979667664
20180321_S00033936_P__F291,20180321_S00033936_P,single,1,0,0,1,1,True,0,0.8875017762184143
20180321_S00033936_P__F292,20180321_S00033936_P,multi,1,0,1,2,1,False,1,0.9026551246643066
20180321_S00033936_P__F293,20180321_S00033936_P,multi,2,0,0,2,2,True,0,0.8215103447437286
20180321_S00033936_P__F294,20180321_S00033936_P,empty,0,0,0,0,0,True,0,0.0
20180321_S00033936_P__F295,20180321_S00033936_P,single,1,1,0,1,2,False,1,0.9647547006607056
20180321_S00033936_P__F296,20180321_S00033936_P,single,1,0,0,1,1,True,0,0.9922420978546143
20180321_S00033936_P__F297,20180321_S00033936_P,single,1,0,0,1,1,True,0,0.9336301684379578
20180321_S00033936_P__F298,20180321_S00033936_P,single,1,0,0,1,1,True,0,0.9701451063156128
20180321_S00033936_P__F299,20180321_S00033936_P,single,1,0,0,1,1,True,0,0.8730137348175049
20180321_S00033936_P__F3,20180321_S00033936_P,empty,0,0,0,0,0,True,0,0.0
20180321_S00033936_P__F30,20180321_S00033936_P,single,1,0,0,1,1,True,0,0.883303165435791
20180321_S00033936_P__F300,20180321_S00033936_P,single,1,0,0,1,1,True,0,0.8863357901573181
20180321_S00033936_P__F301,20180321_S00033936_P,multi,1,0,2,3,1,False,2,0.955396831035614
20180321_S00033936_P__F302,20180321_S00033936_P,multi,4,0,0,4,4,True,0,0.8736551851034164
20180321_S00033936_P__F303,20180321_S00033936_P,single,1,0,0,1,1,True,0,0.9637481570243835
20180321_S00033936_P__F304,20180321_S00033936_P,single,1,0,0,1,1,True,0,0.9360372424125671
20180321_S00033936_P__F305,20180321_S00033936_P,multi,1,0,3,4,1,False,3,0.965592086315155
20180321_S00033936_P__F306,20180321_S00033936_P,single,1,0,0,1,1,True,0,0.9649142026901245
20180321_S00033936_P__F307,20180321_S00033936_P,single,1,0,0,1,1,True,0,0.9814602732658386
20180321_S00033936_P__F308,20180321_S00033936_P,single,1,0,0,1,1,True,0,0.7727513313293457
20180321_S00033936_P__F309,20180321_S00033936_P,single,1,1,0,1,2,False,1,0.9666325449943542
20180321_S00033936_P__F31,20180321_S00033936_P,multi,2,0,0,2,2,True,0,0.9258480072021484
20180321_S00033936_P__F310,20180321_S00033936_P,single,1,0,0,1,1,True,0,0.951556384563446
20180321_S00033936_P__F311,20180321_S00033936_P,single,1,0,0,1,1,True,0,0.9287725687026978
20180321_S00033936_P__F312,20180321_S00033936_P,multi,2,0,1,3,2,False,1,0.7882304191589355
20180321_S00033936_P__F313,20180321_S00033936_P,single,1,0,0,1,1,True,0,0.9287780523300171
20180321_S00033936_P__F314,20180321_S00033936_P,single,1,0,0,1,1,True,0,0.8788703680038452
20180321_S00033936_P__F315,20180321_S00033936_P,multi,2,0,0,2,2,True,0,0.8778421878814697
20180321_S00033936_P__F316,20180321_S00033936_P,single,1,2,0,1,3,False,2,0.6539666652679443
20180321_S00033936_P__F317,20180321_S00033936_P,multi,3,1,0,3,4,False,1,0.8583708008130392
20180321_S00033936_P__F318,20180321_S00033936_P,single,1,1,0,1,2,False,1,0.9684842824935913
20180321_S00033936_P__F319,20180321_S00033936_P,empty,0,2,0,0,2,False,2,0.0
20180321_S00033936_P__F32,20180321_S00033936_P,multi,1,0,1,2,1,False,1,0.5891237258911133
20180321_S00033936_P__F320,20180321_S00033936_P,single,1,0,0,1,1,True,0,0.9057339429855347
20180321_S00033936_P__F321,20180321_S00033936_P,single,1,1,0,1,2,False,1,0.9380671381950378
20180321_S00033936_P__F322,20180321_S00033936_P,multi,2,0,0,2,2,True,0,0.9287218153476715
20180321_S00033936_P__F323,20180321_S00033936_P,empty,0,0,0,0,0,True,0,0.0
20180321_S00033936_P__F324,20180321_S00033936_P,single,1,0,0,1,1,True,0,0.9727897047996521
20180321_S00033936_P__F325,20180321_S00033936_P,multi,1,0,1,2,1,False,1,0.8926570415496826
20180321_S00033936_P__F326,20180321_S00033936_P,multi,2,0,0,2,2,True,0,0.9696636199951172
20180321_S00033936_P__F327,20180321_S00033936_P,multi,1,0,1,2,1,False,1,0.5846104621887207
20180321_S00033936_P__F328,20180321_S00033936_P,single,1,0,0,1,1,True,0,0.9337963461875916
20180321_S00033936_P__F329,20180321_S00033936_P,multi,2,0,0,2,2,True,0,0.9609645903110504
20180321_S00033936_P__F33,20180321_S00033936_P,single,1,0,0,1,1,True,0,0.9638094902038574
20180321_S00033936_P__F330,20180321_S00033936_P,multi,2,0,0,2,2,True,0,0.9030314683914185
20180321_S00033936_P__F331,20180321_S00033936_P,single,1,0,0,1,1,True,0,0.9589027762413025
20180321_S00033936_P__F332,20180321_S00033936_P,single,1,0,0,1,1,True,0,0.919151782989502
20180321_S00033936_P__F333,20180321_S00033936_P,single,1,0,0,1,1,True,0,0.8983542323112488
20180321_S00033936_P__F334,20180321_S00033936_P,single,1,0,0,1,1,True,0,0.9334385991096497
20180321_S00033936_P__F335,20180321_S00033936_P,multi,2,0,1,3,2,False,1,0.7976592779159546
20180321_S00033936_P__F336,20180321_S00033936_P,empty,0,0,0,0,0,True,0,0.0
20180321_S00033936_P__F337,20180321_S00033936_P,multi,1,0,1,2,1,False,1,0.918306291103363
20180321_S00033936_P__F338,20180321_S00033936_P,single,1,1,0,1,2,False,1,0.9140857458114624
20180321_S00033936_P__F339,20180321_S00033936_P,multi,1,0,1,2,1,False,1,0.8883594870567322
20180321_S00033936_P__F34,20180321_S00033936_P,multi,1,0,1,2,1,False,1,0.938797116279602
20180321_S00033936_P__F340,20180321_S00033936_P,single,1,1,0,1,2,False,1,0.8730152249336243
20180321_S00033936_P__F341,20180321_S00033936_P,single,1,0,0,1,1,True,0,0.953655481338501
20180321_S00033936_P__F342,20180321_S00033936_P,single,1,0,0,1,1,True,0,0.8323271870613098
20180321_S00033936_P__F343,20180321_S00033936_P,single,1,0,0,1,1,True,0,0.9502028822898865
20180321_S00033936_P__F344,20180321_S00033936_P,multi,2,0,0,2,2,True,0,0.9729501605033875
20180321_S00033936_P__F345,20180321_S00033936_P,multi,2,0,0,2,2,True,0,0.6991455256938934
20180321_S00033936_P__F346,20180321_S00033936_P,empty,0,0,0,0,0,True,0,0.0
20180321_S00033936_P__F347,20180321_S00033936_P,multi,1,0,1,2,1,False,1,0.890950620174408
20180321_S00033936_P__F348,20180321_S00033936_P,multi,3,0,0,3,3,True,0,0.8743187387784322
20180321_S00033936_P__F349,20180321_S00033936_P,single,1,0,0,1,1,True,0,0.9491975903511047
20180321_S00033936_P__F35,20180321_S00033936_P,single,1,0,0,1,1,True,0,0.8403860926628113
20180321_S00033936_P__F350,20180321_S00033936_P,single,1,0,0,1,1,True,0,0.9280939698219299
20180321_S00033936_P__F351,20180321_S00033936_P,single,1,0,0,1,1,True,0,0.965394914150238
20180321_S00033936_P__F352,20180321_S00033936_P,multi,2,0,0,2,2,True,0,0.9039807021617889
20180321_S00033936_P__F353,20180321_S00033936_P,multi,3,0,0,3,3,True,0,0.9207878510157267
20180321_S00033936_P__F354,20180321_S00033936_P,single,1,0,0,1,1,True,0,0.8959414958953857
20180321_S00033936_P__F355,20180321_S00033936_P,single,1,0,0,1,1,True,0,0.9575126767158508
20180321_S00033936_P__F356,20180321_S00033936_P,single,1,0,0,1,1,True,0,0.9837440252304077
20180321_S00033936_P__F357,20180321_S00033936_P,single,1,0,0,1,1,True,0,0.9005178213119507
20180321_S00033936_P__F358,20180321_S00033936_P,multi,3,0,0,3,3,True,0,0.9609702626864115
20180321_S00033936_P__F359,20180321_S00033936_P,multi,1,0,2,3,1,False,2,0.9830231666564941
20180321_S00033936_P__F36,20180321_S00033936_P,multi,2,0,0,2,2,True,0,0.897990882396698
20180321_S00033936_P__F360,20180321_S00033936_P,single,1,0,0,1,1,True,0,0.9347252249717712
20180321_S00033936_P__F361,20180321_S00033936_P,single,1,0,0,1,1,True,0,0.8900044560432434
20180321_S00033936_P__F362,20180321_S00033936_P,single,1,0,0,1,1,True,0,0.9829770922660828
20180321_S00033936_P__F363,20180321_S00033936_P,multi,2,1,0,2,3,False,1,0.7718420624732971
20180321_S00033936_P__F364,20180321_S00033936_P,multi,1,1,1,2,2,True,0,0.7710371613502502
20180321_S00033936_P__F365,20180321_S00033936_P,multi,3,0,0,3,3,True,0,0.9225837786992391
20180321_S00033936_P__F366,20180321_S00033936_P,multi,1,0,1,2,1,False,1,0.9700676202774048
20180321_S00033936_P__F367,20180321_S00033936_P,multi,2,0,0,2,2,True,0,0.8913657367229462
20180321_S00033936_P__F368,20180321_S00033936_P,single,1,0,0,1,1,True,0,0.8227325081825256
20180321_S00033936_P__F369,20180321_S00033936_P,single,1,0,0,1,1,True,0,0.7775149941444397
20180321_S00033936_P__F37,20180321_S00033936_P,multi,1,0,2,3,1,False,2,0.8538891077041626
20180321_S00033936_P__F370,20180321_S00033936_P,multi,2,0,1,3,2,False,1,0.9331545531749725
20180321_S00033936_P__F371,20180321_S00033936_P,single,1,0,0,1,1,True,0,0.6564671397209167
20180321_S00033936_P__F372,20180321_S00033936_P,single,1,0,0,1,1,True,0,0.9020070433616638
20180321_S00033936_P__F373,20180321_S00033936_P,single,1,0,0,1,1,True,0,0.9267223477363586
20180321_S00033936_P__F374,20180321_S00033936_P,single,1,0,0,1,1,True,0,0.8798787593841553
20180321_S00033936_P__F375,20180321_S00033936_P,multi,2,0,0,2,2,True,0,0.8665127158164978
20180321_S00033936_P__F376,20180321_S00033936_P,single,1,0,0,1,1,True,0,0.8544003963470459
20180321_S00033936_P__F377,20180321_S00033936_P,single,1,0,0,1,1,True,0,0.9013018012046814
20180321_S00033936_P__F378,20180321_S00033936_P,multi,2,0,0,2,2,True,0,0.8465583324432373
20180321_S00033936_P__F379,20180321_S00033936_P,single,1,0,0,1,1,True,0,0.9742947220802307
20180321_S00033936_P__F38,20180321_S00033936_P,multi,1,0,2,3,1,False,2,0.9242252111434937
20180321_S00033936_P__F380,20180321_S00033936_P,multi,2,1,0,2,3,False,1,0.694140613079071
20180321_S00033936_P__F381,20180321_S00033936_P,multi,2,0,0,2,2,True,0,0.9375977218151093
20180321_S00033936_P__F382,20180321_S00033936_P,single,1,0,0,1,1,True,0,0.9592022895812988
20180321_S00033936_P__F383,20180321_S00033936_P,single,1,0,0,1,1,True,0,0.7751999497413635
20180321_S00033936_P__F384,20180321_S00033936_P,single,1,1,0,1,2,False,1,0.9521073698997498
20180321_S00033936_P__F385,20180321_S00033936_P,empty,0,1,0,0,1,False,1,0.0
20180321_S00033936_P__F386,20180321_S00033936_P,single,1,0,0,1,1,True,0,0.9721511602401733
20180321_S00033936_P__F387,20180321_S00033936_P,single,1,0,0,1,1,True,0,0.8590496182441711
20180321_S00033936_P__F388,20180321_S00033936_P,single,1,0,0,1,1,True,0,0.8953661322593689
20180321_S00033936_P__F389,20180321_S00033936_P,single,1,0,0,1,1,True,0,0.9620774388313293
20180321_S00033936_P__F39,20180321_S00033936_P,single,1,0,0,1,1,True,0,0.9152687191963196
20180321_S00033936_P__F390,20180321_S00033936_P,single,1,0,0,1,1,True,0,0.8695725202560425
20180321_S00033936_P__F391,20180321_S00033936_P,single,1,0,0,1,1,True,0,0.928015947341919
20180321_S00033936_P__F392,20180321_S00033936_P,multi,1,1,1,2,2,True,0,0.8796706795692444
20180321_S00033936_P__F393,20180321_S00033936_P,single,1,0,0,1,1,True,0,0.5280241370201111
20180321_S00033936_P__F394,20180321_S00033936_P,single,1,0,0,1,1,True,0,0.9728113412857056
20180321_S00033936_P__F395,20180321_S00033936_P,multi,2,1,2,4,3,False,1,0.9310163259506226
20180321_S00033936_P__F396,20180321_S00033936_P,single,1,0,0,1,1,True,0,0.9398009181022644
20180321_S00033936_P__F397,20180321_S00033936_P,single,1,0,0,1,1,True,0,0.9648723006248474
20180321_S00033936_P__F398,20180321_S00033936_P,multi,1,1,1,2,2,True,0,0.8569106459617615
20180321_S00033936_P__F399,20180321_S00033936_P,empty,0,0,0,0,0,True,0,0.0
20180321_S00033936_P__F4,20180321_S00033936_P,multi,1,0,1,2,1,False,1,0.9401527047157288
20180321_S00033936_P__F40,20180321_S00033936_P,single,1,0,0,1,1,True,0,0.9241768717765808
20180321_S00033936_P__F400,20180321_S00033936_P,multi,1,1,1,2,2,True,0,0.9352649450302124
20180321_S00033936_P__F401,20180321_S00033936_P,single,1,0,0,1,1,True,0,0.9704220294952393
20180321_S00033936_P__F402,20180321_S00033936_P,empty,0,0,0,0,0,True,0,0.0
20180321_S00033936_P__F403,20180321_S00033936_P,single,1,1,0,1,2,False,1,0.7628788352012634
20180321_S00033936_P__F404,20180321_S00033936_P,multi,2,0,0,2,2,True,0,0.9554282426834106
20180321_S00033936_P__F405,20180321_S00033936_P,single,1,0,0,1,1,True,0,0.9414306879043579
20180321_S00033936_P__F406,20180321_S00033936_P,single,1,0,0,1,1,True,0,0.8016302585601807
20180321_S00033936_P__F407,20180321_S00033936_P,multi,2,0,0,2,2,True,0,0.939708411693573
20180321_S00033936_P__F408,20180321_S00033936_P,multi,2,0,1,3,2,False,1,0.9265226125717163
20180321_S00033936_P__F409,20180321_S00033936_P,multi,2,1,0,2,3,False,1,0.9150075614452362
20180321_S00033936_P__F41,20180321_S00033936_P,single,1,0,0,1,1,True,0,0.8414530754089355
20180321_S00033936_P__F410,20180321_S00033936_P,multi,2,0,0,2,2,True,0,0.9062137603759766
20180321_S00033936_P__F411,20180321_S00033936_P,single,1,0,0,1,1,True,0,0.9627920985221863
20180321_S00033936_P__F412,20180321_S00033936_P,single,1,1,0,1,2,False,1,0.9571038484573364
20180321_S00033936_P__F413,20180321_S00033936_P,empty,0,0,0,0,0,True,0,0.0
20180321_S00033936_P__F414,20180321_S00033936_P,single,1,1,0,1,2,False,1,0.8592409491539001
20180321_S00033936_P__F415,20180321_S00033936_P,multi,2,2,0,2,4,False,2,0.9658756256103516
20180321_S00033936_P__F416,20180321_S00033936_P,multi,2,1,0,2,3,False,1,0.956397533416748
20180321_S00033936_P__F417,20180321_S00033936_P,multi,1,0,1,2,1,False,1,0.5935389399528503
20180321_S00033936_P__F418,20180321_S00033936_P,single,1,0,0,1,1,True,0,0.9554457664489746
20180321_S00033936_P__F419,20180321_S00033936_P,single,1,0,0,1,1,True,0,0.5912012457847595
20180321_S00033936_P__F42,20180321_S00033936_P,single,1,0,0,1,1,True,0,0.9864389300346375
20180321_S00033936_P__F420,20180321_S00033936_P,single,1,0,0,1,1,True,0,0.9633740186691284
20180321_S00033936_P__F421,20180321_S00033936_P,single,1,0,0,1,1,True,0,0.9740273356437683
20180321_S00033936_P__F422,20180321_S00033936_P,multi,3,0,1,4,3,False,1,0.9133663972218832
20180321_S00033936_P__F423,20180321_S00033936_P,single,1,0,0,1,1,True,0,0.9383319616317749
20180321_S00033936_P__F424,20180321_S00033936_P,single,1,1,0,1,2,False,1,0.6665543913841248
20180321_S00033936_P__F425,20180321_S00033936_P,single,1,0,0,1,1,True,0,0.9066876173019409
20180321_S00033936_P__F426,20180321_S00033936_P,single,1,0,0,1,1,True,0,0.9810722470283508
20180321_S00033936_P__F427,20180321_S00033936_P,single,1,0,0,1,1,True,0,0.7883131504058838
20180321_S00033936_P__F428,20180321_S00033936_P,multi,2,0,0,2,2,True,0,0.9300130307674408
20180321_S00033936_P__F429,20180321_S00033936_P,single,1,1,0,1,2,False,1,0.6333427429199219
20180321_S00033936_P__F43,20180321_S00033936_P,single,1,0,0,1,1,True,0,0.9234879612922668
20180321_S00033936_P__F430,20180321_S00033936_P,single,0,3,1,1,3,False,2,0.0
20180321_S00033936_P__F431,20180321_S00033936_P,single,1,0,0,1,1,True,0,0.8832601308822632
20180321_S00033936_P__F432,20180321_S00033936_P,multi,2,0,0,2,2,True,0,0.9104136228561401
20180321_S00033936_P__F433,20180321_S00033936_P,single,1,0,0,1,1,True,0,0.9360451102256775
20180321_S00033936_P__F434,20180321_S00033936_P,multi,2,0,0,2,2,True,0,0.9247494041919708
20180321_S00033936_P__F435,20180321_S00033936_P,single,1,1,0,1,2,False,1,0.9139670133590698
20180321_S00033936_P__F436,20180321_S00033936_P,single,1,0,0,1,1,True,0,0.9176381230354309
20180321_S00033936_P__F437,20180321_S00033936_P,multi,2,0,0,2,2,True,0,0.918749213218689
20180321_S00033936_P__F438,20180321_S00033936_P,single,1,0,0,1,1,True,0,0.7003920674324036
20180321_S00033936_P__F439,20180321_S00033936_P,single,0,2,1,1,2,False,1,0.0
20180321_S00033936_P__F44,20180321_S00033936_P,single,1,0,0,1,1,True,0,0.8538468480110168
20180321_S00033936_P__F440,20180321_S00033936_P,single,1,1,0,1,2,False,1,0.9768565893173218
20180321_S00033936_P__F441,20180321_S00033936_P,single,1,0,0,1,1,True,0,0.9558548927307129
20180321_S00033936_P__F442,20180321_S00033936_P,single,1,1,0,1,2,False,1,0.9878698587417603
20180321_S00033936_P__F443,20180321_S00033936_P,single,1,0,0,1,1,True,0,0.9132780432701111
20180321_S00033936_P__F444,20180321_S00033936_P,multi,2,0,0,2,2,True,0,0.9052169322967529
20180321_S00033936_P__F445,20180321_S00033936_P,single,0,2,1,1,2,False,1,0.0
20180321_S00033936_P__F446,20180321_S00033936_P,empty,0,0,0,0,0,True,0,0.0
20180321_S00033936_P__F447,20180321_S00033936_P,single,1,0,0,1,1,True,0,0.9745869636535645
20180321_S00033936_P__F448,20180321_S00033936_P,multi,2,0,1,3,2,False,1,0.8925201594829559
20180321_S00033936_P__F449,20180321_S00033936_P,single,1,0,0,1,1,True,0,0.930384635925293
20180321_S00033936_P__F45,20180321_S00033936_P,multi,1,0,1,2,1,False,1,0.6455502510070801
20180321_S00033936_P__F450,20180321_S00033936_P,single,1,0,0,1,1,True,0,0.9541552066802979
20180321_S00033936_P__F451,20180321_S00033936_P,single,1,0,0,1,1,True,0,0.9755452871322632
20180321_S00033936_P__F452,20180321_S00033936_P,single,1,1,0,1,2,False,1,0.5939734578132629
20180321_S00033936_P__F453,20180321_S00033936_P,multi,2,0,0,2,2,True,0,0.9467059969902039
20180321_S00033936_P__F454,20180321_S00033936_P,single,1,0,0,1,1,True,0,0.6595607399940491
20180321_S00033936_P__F455,20180321_S00033936_P,single,1,0,0,1,1,True,0,0.8944228291511536
20180321_S00033936_P__F456,20180321_S00033936_P,empty,0,1,0,0,1,False,1,0.0
20180321_S00033936_P__F457,20180321_S00033936_P,single,1,1,0,1,2,False,1,0.9566000699996948
20180321_S00033936_P__F458,20180321_S00033936_P,single,1,0,0,1,1,True,0,0.9335741400718689
20180321_S00033936_P__F459,20180321_S00033936_P,multi,2,1,0,2,3,False,1,0.8746547996997833
20180321_S00033936_P__F46,20180321_S00033936_P,multi,4,0,0,4,4,True,0,0.9322077184915543
20180321_S00033936_P__F460,20180321_S00033936_P,single,0,3,1,1,3,False,2,0.0
20180321_S00033936_P__F461,20180321_S00033936_P,multi,3,0,0,3,3,True,0,0.9366604487101237
20180321_S00033936_P__F462,20180321_S00033936_P,single,1,0,0,1,1,True,0,0.918125569820404
20180321_S00033936_P__F463,20180321_S00033936_P,single,1,0,0,1,1,True,0,0.9283505082130432
20180321_S00033936_P__F464,20180321_S00033936_P,multi,3,0,0,3,3,True,0,0.900824765364329
20180321_S00033936_P__F465,20180321_S00033936_P,multi,2,0,0,2,2,True,0,0.9575991034507751
20180321_S00033936_P__F466,20180321_S00033936_P,multi,2,0,0,2,2,True,0,0.8687612116336823
20180321_S00033936_P__F467,20180321_S00033936_P,single,1,1,0,1,2,False,1,0.8005503416061401
20180321_S00033936_P__F468,20180321_S00033936_P,single,1,0,0,1,1,True,0,0.9616143703460693
20180321_S00033936_P__F469,20180321_S00033936_P,single,1,0,0,1,1,True,0,0.9641079902648926
20180321_S00033936_P__F47,20180321_S00033936_P,single,1,0,0,1,1,True,0,0.9475714564323425
20180321_S00033936_P__F470,20180321_S00033936_P,single,1,0,0,1,1,True,0,0.9166049361228943
20180321_S00033936_P__F471,20180321_S00033936_P,multi,2,0,0,2,2,True,0,0.9400582611560822
20180321_S00033936_P__F472,20180321_S00033936_P,multi,2,0,0,2,2,True,0,0.9390023946762085
20180321_S00033936_P__F473,20180321_S00033936_P,multi,0,1,2,2,1,False,1,0.0
20180321_S00033936_P__F474,20180321_S00033936_P,single,0,4,1,1,4,False,3,0.0
20180321_S00033936_P__F475,20180321_S00033936_P,multi,1,3,1,2,4,False,2,0.9048489332199097
20180321_S00033936_P__F476,20180321_S00033936_P,single,1,0,0,1,1,True,0,0.9111952781677246
20180321_S00033936_P__F477,20180321_S00033936_P,single,1,0,0,1,1,True,0,0.9754542112350464
20180321_S00033936_P__F478,20180321_S00033936_P,single,1,0,0,1,1,True,0,0.9318943023681641
20180321_S00033936_P__F479,20180321_S00033936_P,single,1,1,0,1,2,False,1,0.9538127183914185
20180321_S00033936_P__F48,20180321_S00033936_P,single,1,0,0,1,1,True,0,0.8862094283103943
20180321_S00033936_P__F480,20180321_S00033936_P,single,1,0,0,1,1,True,0,0.888120174407959
20180321_S00033936_P__F481,20180321_S00033936_P,multi,0,0,2,2,0,False,2,0.0
20180321_S00033936_P__F482,20180321_S00033936_P,single,1,0,0,1,1,True,0,0.9028671383857727
20180321_S00033936_P__F483,20180321_S00033936_P,single,1,1,0,1,2,False,1,0.974661111831665
20180321_S00033936_P__F484,20180321_S00033936_P,multi,2,1,0,2,3,False,1,0.9363476932048798
20180321_S00033936_P__F485,20180321_S00033936_P,empty,0,0,0,0,0,True,0,0.0
20180321_S00033936_P__F486,20180321_S00033936_P,single,1,0,0,1,1,True,0,0.9631564617156982
20180321_S00033936_P__F487,20180321_S00033936_P,single,1,0,0,1,1,True,0,0.9727552533149719
20180321_S00033936_P__F488,20180321_S00033936_P,multi,3,0,0,3,3,True,0,0.9283893903096517
20180321_S00033936_P__F489,20180321_S00033936_P,multi,3,0,0,3,3,True,0,0.9397428631782532
20180321_S00033936_P__F49,20180321_S00033936_P,multi,2,0,0,2,2,True,0,0.8801966607570648
20180321_S00033936_P__F490,20180321_S00033936_P,single,1,0,0,1,1,True,0,0.9455296993255615
20180321_S00033936_P__F491,20180321_S00033936_P,multi,2,0,0,2,2,True,0,0.8189533352851868
20180321_S00033936_P__F492,20180321_S00033936_P,empty,0,0,0,0,0,True,0,0.0
20180321_S00033936_P__F493,20180321_S00033936_P,multi,2,0,1,3,2,False,1,0.9203388094902039
20180321_S00033936_P__F494,20180321_S00033936_P,multi,1,0,2,3,1,False,2,0.976305365562439
20180321_S00033936_P__F495,20180321_S00033936_P,multi,3,0,1,4,3,False,1,0.9636773665746053
20180321_S00033936_P__F496,20180321_S00033936_P,single,1,0,0,1,1,True,0,0.7682471871376038
20180321_S00033936_P__F497,20180321_S00033936_P,single,1,1,0,1,2,False,1,0.8845345973968506
20180321_S00033936_P__F498,20180321_S00033936_P,empty,0,0,0,0,0,True,0,0.0
20180321_S00033936_P__F499,20180321_S00033936_P,single,1,0,0,1,1,True,0,0.9327394366264343
20180321_S00033936_P__F5,20180321_S00033936_P,multi,2,0,0,2,2,True,0,0.9233413934707642
20180321_S00033936_P__F50,20180321_S00033936_P,single,1,0,0,1,1,True,0,0.9550895690917969
20180321_S00033936_P__F500,20180321_S00033936_P,empty,0,1,0,0,1,False,1,0.0
20180321_S00033936_P__F501,20180321_S00033936_P,single,1,0,0,1,1,True,0,0.9120152592658997
20180321_S00033936_P__F502,20180321_S00033936_P,empty,0,0,0,0,0,True,0,0.0
20180321_S00033936_P__F503,20180321_S00033936_P,multi,2,1,0,2,3,False,1,0.8198630809783936
20180321_S00033936_P__F504,20180321_S00033936_P,single,1,0,0,1,1,True,0,0.9302460551261902
20180321_S00033936_P__F505,20180321_S00033936_P,single,1,1,0,1,2,False,1,0.7097691893577576
20180321_S00033936_P__F506,20180321_S00033936_P,empty,0,0,0,0,0,True,0,0.0
20180321_S00033936_P__F507,20180321_S00033936_P,empty,0,0,0,0,0,True,0,0.0
20180321_S00033936_P__F508,20180321_S00033936_P,single,1,0,0,1,1,True,0,0.965747058391571
20180321_S00033936_P__F509,20180321_S00033936_P,single,1,0,0,1,1,True,0,0.9587814807891846
20180321_S00033936_P__F51,20180321_S00033936_P,multi,2,0,0,2,2,True,0,0.8809519410133362
20180321_S00033936_P__F510,20180321_S00033936_P,single,1,1,0,1,2,False,1,0.5957866907119751
20180321_S00033936_P__F511,20180321_S00033936_P,multi,2,1,0,2,3,False,1,0.7194446623325348
20180321_S00033936_P__F512,20180321_S00033936_P,single,1,0,0,1,1,True,0,0.9348935484886169
20180321_S00033936_P__F513,20180321_S00033936_P,single,1,2,0,1,3,False,2,0.7537612318992615
20180321_S00033936_P__F514,20180321_S00033936_P,multi,2,0,0,2,2,True,0,0.9234059751033783
20180321_S00033936_P__F515,20180321_S00033936_P,empty,0,2,0,0,2,False,2,0.0
20180321_S00033936_P__F516,20180321_S00033936_P,empty,0,5,0,0,5,False,5,0.0
20180321_S00033936_P__F517,20180321_S00033936_P,single,1,0,0,1,1,True,0,0.6056811213493347
20180321_S00033936_P__F518,20180321_S00033936_P,empty,0,0,0,0,0,True,0,0.0
20180321_S00033936_P__F519,20180321_S00033936_P,multi,2,1,0,2,3,False,1,0.8639796376228333
20180321_S00033936_P__F52,20180321_S00033936_P,single,1,0,0,1,1,True,0,0.9335700869560242
20180321_S00033936_P__F520,20180321_S00033936_P,single,1,0,0,1,1,True,0,0.9565234780311584
20180321_S00033936_P__F521,20180321_S00033936_P,single,1,1,0,1,2,False,1,0.8597708940505981
20180321_S00033936_P__F522,20180321_S00033936_P,single,1,1,0,1,2,False,1,0.9481353163719177
20180321_S00033936_P__F523,20180321_S00033936_P,single,1,0,0,1,1,True,0,0.7801932096481323
20180321_S00033936_P__F524,20180321_S00033936_P,single,1,0,0,1,1,True,0,0.9674205780029297
20180321_S00033936_P__F525,20180321_S00033936_P,multi,2,0,0,2,2,True,0,0.8449107706546783
20180321_S00033936_P__F526,20180321_S00033936_P,single,1,1,0,1,2,False,1,0.9534016251564026
20180321_S00033936_P__F527,20180321_S00033936_P,single,1,0,0,1,1,True,0,0.9332032799720764
20180321_S00033936_P__F528,20180321_S00033936_P,single,1,0,0,1,1,True,0,0.9603757262229919
20180321_S00033936_P__F529,20180321_S00033936_P,single,1,0,0,1,1,True,0,0.9391622543334961
20180321_S00033936_P__F53,20180321_S00033936_P,multi,2,0,0,2,2,True,0,0.9611210823059082
20180321_S00033936_P__F530,20180321_S00033936_P,single,1,0,0,1,1,True,0,0.9430334568023682
20180321_S00033936_P__F531,20180321_S00033936_P,multi,2,0,0,2,2,True,0,0.9220370352268219
20180321_S00033936_P__F532,20180321_S00033936_P,multi,1,0,1,2,1,False,1,0.8590689897537231
20180321_S00033936_P__F533,20180321_S00033936_P,multi,1,2,1,2,3,False,1,0.8427734971046448
20180321_S00033936_P__F534,20180321_S00033936_P,multi,2,1,0,2,3,False,1,0.8435871303081512
20180321_S00033936_P__F535,20180321_S00033936_P,single,1,0,0,1,1,True,0,0.9250665307044983
20180321_S00033936_P__F536,20180321_S00033936_P,single,0,1,1,1,1,True,0,0.0
20180321_S00033936_P__F537,20180321_S00033936_P,single,1,0,0,1,1,True,0,0.9385122656822205
20180321_S00033936_P__F538,20180321_S00033936_P,multi,2,0,1,3,2,False,1,0.8508755564689636
20180321_S00033936_P__F539,20180321_S00033936_P,single,1,0,0,1,1,True,0,0.9428012371063232
20180321_S00033936_P__F54,20180321_S00033936_P,single,1,0,0,1,1,True,0,0.9446737766265869
20180321_S00033936_P__F540,20180321_S00033936_P,single,1,0,0,1,1,True,0,0.9067599177360535
20180321_S00033936_P__F541,20180321_S00033936_P,single,1,0,0,1,1,True,0,0.9741174578666687
20180321_S00033936_P__F542,20180321_S00033936_P,multi,1,0,1,2,1,False,1,0.9401693940162659
20180321_S00033936_P__F543,20180321_S00033936_P,multi,2,0,0,2,2,True,0,0.9148700535297394
20180321_S00033936_P__F544,20180321_S00033936_P,single,1,0,0,1,1,True,0,0.9083419442176819
20180321_S00033936_P__F545,20180321_S00033936_P,single,1,0,0,1,1,True,0,0.7131231427192688
20180321_S00033936_P__F546,20180321_S00033936_P,empty,0,0,0,0,0,True,0,0.0
20180321_S00033936_P__F547,20180321_S00033936_P,single,1,0,0,1,1,True,0,0.8788294792175293
20180321_S00033936_P__F548,20180321_S00033936_P,single,1,0,0,1,1,True,0,0.9399817585945129
20180321_S00033936_P__F549,20180321_S00033936_P,single,1,0,0,1,1,True,0,0.937171995639801
20180321_S00033936_P__F55,20180321_S00033936_P,multi,2,0,1,3,2,False,1,0.892088383436203
20180321_S00033936_P__F550,20180321_S00033936_P,multi,2,0,0,2,2,True,0,0.8094178140163422
20180321_S00033936_P__F551,20180321_S00033936_P,single,1,0,0,1,1,True,0,0.8929179310798645
20180321_S00033936_P__F552,20180321_S00033936_P,single,1,0,0,1,1,True,0,0.8730225563049316
20180321_S00033936_P__F553,20180321_S00033936_P,multi,1,1,2,3,2,False,1,0.9312191009521484
20180321_S00033936_P__F554,20180321_S00033936_P,empty,0,1,0,0,1,False,1,0.0
20180321_S00033936_P__F555,20180321_S00033936_P,single,1,1,0,1,2,False,1,0.9543793797492981
20180321_S00033936_P__F556,20180321_S00033936_P,single,1,0,0,1,1,True,0,0.6834365129470825
20180321_S00033936_P__F557,20180321_S00033936_P,single,1,0,0,1,1,True,0,0.9480037689208984
20180321_S00033936_P__F558,20180321_S00033936_P,empty,0,0,0,0,0,True,0,0.0
20180321_S00033936_P__F559,20180321_S00033936_P,empty,0,0,0,0,0,True,0,0.0
20180321_S00033936_P__F56,20180321_S00033936_P,empty,0,0,0,0,0,True,0,0.0
20180321_S00033936_P__F560,20180321_S00033936_P,multi,3,0,0,3,3,True,0,0.9161242445309957
20180321_S00033936_P__F561,20180321_S00033936_P,multi,2,0,0,2,2,True,0,0.8805252313613892
20180321_S00033936_P__F562,20180321_S00033936_P,single,1,1,0,1,2,False,1,0.954759955406189
20180321_S00033936_P__F563,20180321_S00033936_P,multi,3,0,0,3,3,True,0,0.7939954996109009
20180321_S00033936_P__F564,20180321_S00033936_P,single,1,0,0,1,1,True,0,0.9736389517784119
20180321_S00033936_P__F565,20180321_S00033936_P,single,1,0,0,1,1,True,0,0.9646468758583069
20180321_S00033936_P__F566,20180321_S00033936_P,single,1,0,0,1,1,True,0,0.90244060754776
20180321_S00033936_P__F567,20180321_S00033936_P,empty,0,0,0,0,0,True,0,0.0
20180321_S00033936_P__F568,20180321_S00033936_P,multi,2,2,0,2,4,False,2,0.9071034491062164
20180321_S00033936_P__F569,20180321_S00033936_P,single,1,0,0,1,1,True,0,0.970477283000946
20180321_S00033936_P__F57,20180321_S00033936_P,single,1,0,0,1,1,True,0,0.9281663298606873
20180321_S00033936_P__F570,20180321_S00033936_P,single,1,0,0,1,1,True,0,0.9743386507034302
20180321_S00033936_P__F571,20180321_S00033936_P,single,1,0,0,1,1,True,0,0.9493066072463989
20180321_S00033936_P__F572,20180321_S00033936_P,empty,0,0,0,0,0,True,0,0.0
20180321_S00033936_P__F573,20180321_S00033936_P,single,1,0,0,1,1,True,0,0.9853699803352356
20180321_S00033936_P__F574,20180321_S00033936_P,single,1,0,0,1,1,True,0,0.9220111966133118
20180321_S00033936_P__F575,20180321_S00033936_P,single,1,0,0,1,1,True,0,0.9416788220405579
20180321_S00033936_P__F576,20180321_S00033936_P,single,1,0,0,1,1,True,0,0.8489803671836853
20180321_S00033936_P__F577,20180321_S00033936_P,single,1,0,0,1,1,True,0,0.9384022951126099
20180321_S00033936_P__F578,20180321_S00033936_P,multi,2,0,0,2,2,True,0,0.8429465591907501
20180321_S00033936_P__F579,20180321_S00033936_P,multi,3,0,0,3,3,True,0,0.9016517996788025
20180321_S00033936_P__F58,20180321_S00033936_P,multi,1,0,1,2,1,False,1,0.9096071720123291
20180321_S00033936_P__F580,20180321_S00033936_P,single,1,0,0,1,1,True,0,0.6883063316345215
20180321_S00033936_P__F581,20180321_S00033936_P,multi,2,0,0,2,2,True,0,0.923889547586441
20180321_S00033936_P__F582,20180321_S00033936_P,single,1,0,0,1,1,True,0,0.9235709309577942
20180321_S00033936_P__F583,20180321_S00033936_P,single,1,1,0,1,2,False,1,0.9201090931892395
20180321_S00033936_P__F584,20180321_S00033936_P,single,1,0,0,1,1,True,0,0.7038781046867371
20180321_S00033936_P__F585,20180321_S00033936_P,multi,1,1,1,2,2,True,0,0.807809591293335
20180321_S00033936_P__F586,20180321_S00033936_P,single,1,0,0,1,1,True,0,0.8597090840339661
20180321_S00033936_P__F587,20180321_S00033936_P,empty,0,1,0,0,1,False,1,0.0
20180321_S00033936_P__F588,20180321_S00033936_P,single,1,0,0,1,1,True,0,0.7083426713943481
20180321_S00033936_P__F589,20180321_S00033936_P,single,1,1,0,1,2,False,1,0.883040189743042
20180321_S00033936_P__F59,20180321_S00033936_P,single,1,0,0,1,1,True,0,0.9921188950538635
20180321_S00033936_P__F590,20180321_S00033936_P,single,1,0,0,1,1,True,0,0.5655543208122253
20180321_S00033936_P__F591,20180321_S00033936_P,single,1,0,0,1,1,True,0,0.9462270736694336
20180321_S00033936_P__F592,20180321_S00033936_P,single,1,1,0,1,2,False,1,0.8957438468933105
20180321_S00033936_P__F593,20180321_S00033936_P,single,1,0,0,1,1,True,0,0.7238229513168335
20180321_S00033936_P__F594,20180321_S00033936_P,single,1,0,0,1,1,True,0,0.9279414415359497
20180321_S00033936_P__F595,20180321_S00033936_P,multi,1,0,1,2,1,False,1,0.9784626364707947
20180321_S00033936_P__F596,20180321_S00033936_P,empty,0,0,0,0,0,True,0,0.0
20180321_S00033936_P__F597,20180321_S00033936_P,empty,0,0,0,0,0,True,0,0.0
20180321_S00033936_P__F598,20180321_S00033936_P,single,1,0,0,1,1,True,0,0.9618085622787476
20180321_S00033936_P__F599,20180321_S00033936_P,single,1,0,0,1,1,True,0,0.9659990668296814
20180321_S00033936_P__F6,20180321_S00033936_P,single,1,0,0,1,1,True,0,0.8951332569122314
20180321_S00033936_P__F60,20180321_S00033936_P,single,1,0,0,1,1,True,0,0.902410626411438
20180321_S00033936_P__F600,20180321_S00033936_P,multi,3,1,0,3,4,False,1,0.8379621108373007
20180321_S00033936_P__F601,20180321_S00033936_P,single,1,0,0,1,1,True,0,0.9686654806137085
20180321_S00033936_P__F602,20180321_S00033936_P,empty,0,0,0,0,0,True,0,0.0
20180321_S00033936_P__F603,20180321_S00033936_P,multi,1,0,1,2,1,False,1,0.9343386292457581
20180321_S00033936_P__F604,20180321_S00033936_P,multi,1,1,2,3,2,False,1,0.5024667382240295
20180321_S00033936_P__F605,20180321_S00033936_P,single,0,1,1,1,1,True,0,0.0
20180321_S00033936_P__F606,20180321_S00033936_P,single,1,0,0,1,1,True,0,0.9686235785484314
20180321_S00033936_P__F607,20180321_S00033936_P,multi,2,0,0,2,2,True,0,0.9434902966022491
20180321_S00033936_P__F608,20180321_S00033936_P,single,1,0,0,1,1,True,0,0.8794687390327454
20180321_S00033936_P__F609,20180321_S00033936_P,multi,2,1,0,2,3,False,1,0.874659389257431
20180321_S00033936_P__F61,20180321_S00033936_P,multi,2,0,0,2,2,True,0,0.8218421638011932
20180321_S00033936_P__F610,20180321_S00033936_P,single,1,1,0,1,2,False,1,0.7340185642242432
20180321_S00033936_P__F611,20180321_S00033936_P,multi,1,2,1,2,3,False,1,0.918715238571167
20180321_S00033936_P__F612,20180321_S00033936_P,single,1,0,0,1,1,True,0,0.9733806252479553
20180321_S00033936_P__F613,20180321_S00033936_P,multi,1,1,2,3,2,False,1,0.9015454053878784
20180321_S00033936_P__F614,20180321_S00033936_P,single,1,0,0,1,1,True,0,0.9484463930130005
20180321_S00033936_P__F615,20180321_S00033936_P,multi,2,0,1,3,2,False,1,0.9310519397258759
20180321_S00033936_P__F616,20180321_S00033936_P,multi,3,0,0,3,3,True,0,0.9382350842157999
20180321_S00033936_P__F617,20180321_S00033936_P,multi,2,0,0,2,2,True,0,0.8833811581134796
20180321_S00033936_P__F618,20180321_S00033936_P,single,1,1,0,1,2,False,1,0.9363831281661987
20180321_S00033936_P__F619,20180321_S00033936_P,multi,2,1,0,2,3,False,1,0.9180227220058441
20180321_S00033936_P__F62,20180321_S00033936_P,single,0,0,1,1,0,False,1,0.0
20180321_S00033936_P__F620,20180321_S00033936_P,single,1,1,0,1,2,False,1,0.9736329913139343
20180321_S00033936_P__F621,20180321_S00033936_P,multi,3,0,0,3,3,True,0,0.912023146947225
20180321_S00033936_P__F622,20180321_S00033936_P,multi,1,0,2,3,1,False,2,0.9510188698768616
20180321_S00033936_P__F623,20180321_S00033936_P,multi,3,0,0,3,3,True,0,0.904316266377767
20180321_S00033936_P__F624,20180321_S00033936_P,single,1,0,0,1,1,True,0,0.9670000076293945
20180321_S00033936_P__F625,20180321_S00033936_P,empty,0,0,0,0,0,True,0,0.0
20180321_S00033936_P__F626,20180321_S00033936_P,single,1,0,0,1,1,True,0,0.7670152187347412
20180321_S00033936_P__F627,20180321_S00033936_P,empty,0,1,0,0,1,False,1,0.0
20180321_S00033936_P__F628,20180321_S00033936_P,single,1,0,0,1,1,True,0,0.9153503179550171
20180321_S00033936_P__F629,20180321_S00033936_P,single,1,0,0,1,1,True,0,0.9742507338523865
20180321_S00033936_P__F63,20180321_S00033936_P,single,1,0,0,1,1,True,0,0.9179568290710449
20180321_S00033936_P__F630,20180321_S00033936_P,single,1,0,0,1,1,True,0,0.9181423187255859
20180321_S00033936_P__F631,20180321_S00033936_P,single,1,1,0,1,2,False,1,0.9286211133003235
20180321_S00033936_P__F632,20180321_S00033936_P,single,1,2,0,1,3,False,2,0.9398320913314819
20180321_S00033936_P__F633,20180321_S00033936_P,single,1,1,0,1,2,False,1,0.9765238165855408
20180321_S00033936_P__F634,20180321_S00033936_P,single,1,0,0,1,1,True,0,0.9215922951698303
20180321_S00033936_P__F635,20180321_S00033936_P,single,1,0,0,1,1,True,0,0.9003086090087891
20180321_S00033936_P__F636,20180321_S00033936_P,multi,3,0,0,3,3,True,0,0.9392990867296854
20180321_S00033936_P__F637,20180321_S00033936_P,single,1,1,0,1,2,False,1,0.9110119342803955
20180321_S00033936_P__F638,20180321_S00033936_P,multi,2,0,0,2,2,True,0,0.8858591914176941
20180321_S00033936_P__F639,20180321_S00033936_P,single,1,0,0,1,1,True,0,0.9504317045211792
20180321_S00033936_P__F64,20180321_S00033936_P,single,1,0,0,1,1,True,0,0.812524139881134
20180321_S00033936_P__F640,20180321_S00033936_P,single,1,0,0,1,1,True,0,0.9151082038879395
20180321_S00033936_P__F641,20180321_S00033936_P,single,1,0,0,1,1,True,0,0.9631472826004028
20180321_S00033936_P__F642,20180321_S00033936_P,multi,2,1,0,2,3,False,1,0.9244976937770844
20180321_S00033936_P__F643,20180321_S00033936_P,single,1,2,0,1,3,False,2,0.9468016028404236
20180321_S00033936_P__F644,20180321_S00033936_P,multi,2,0,0,2,2,True,0,0.8476389050483704
20180321_S00033936_P__F645,20180321_S00033936_P,single,1,1,0,1,2,False,1,0.9719721078872681
20180321_S00033936_P__F646,20180321_S00033936_P,single,1,0,0,1,1,True,0,0.9442840218544006
20180321_S00033936_P__F647,20180321_S00033936_P,single,1,0,0,1,1,True,0,0.9952557682991028
20180321_S00033936_P__F648,20180321_S00033936_P,single,1,1,0,1,2,False,1,0.9630101323127747
20180321_S00033936_P__F649,20180321_S00033936_P,multi,1,0,1,2,1,False,1,0.9233397245407104
20180321_S00033936_P__F65,20180321_S00033936_P,single,1,0,0,1,1,True,0,0.9787307381629944
20180321_S00033936_P__F650,20180321_S00033936_P,single,1,0,0,1,1,True,0,0.9465030431747437
20180321_S00033936_P__F651,20180321_S00033936_P,multi,2,0,0,2,2,True,0,0.807236909866333
20180321_S00033936_P__F652,20180321_S00033936_P,multi,2,0,0,2,2,True,0,0.9404537677764893
20180321_S00033936_P__F653,20180321_S00033936_P,single,1,1,0,1,2,False,1,0.5662713646888733
20180321_S00033936_P__F654,20180321_S00033936_P,multi,2,0,0,2,2,True,0,0.9371023774147034
20180321_S00033936_P__F655,20180321_S00033936_P,single,1,0,0,1,1,True,0,0.5220077633857727
20180321_S00033936_P__F656,20180321_S00033936_P,empty,0,0,0,0,0,True,0,0.0
20180321_S00033936_P__F657,20180321_S00033936_P,single,1,1,0,1,2,False,1,0.5134490132331848
20180321_S00033936_P__F658,20180321_S00033936_P,single,1,2,0,1,3,False,2,0.6438122391700745
20180321_S00033936_P__F659,20180321_S00033936_P,single,1,0,0,1,1,True,0,0.7247053384780884
20180321_S00033936_P__F66,20180321_S00033936_P,multi,4,0,0,4,4,True,0,0.958881214261055
20180321_S00033936_P__F660,20180321_S00033936_P,multi,2,0,0,2,2,True,0,0.9319930672645569
20180321_S00033936_P__F661,20180321_S00033936_P,empty,0,1,0,0,1,False,1,0.0
20180321_S00033936_P__F662,20180321_S00033936_P,single,1,0,0,1,1,True,0,0.8863945007324219
20180321_S00033936_P__F663,20180321_S00033936_P,single,1,0,0,1,1,True,0,0.9717287421226501
20180321_S00033936_P__F664,20180321_S00033936_P,single,1,0,0,1,1,True,0,0.6292479634284973
20180321_S00033936_P__F665,20180321_S00033936_P,single,1,0,0,1,1,True,0,0.8252230286598206
20180321_S00033936_P__F666,20180321_S00033936_P,empty,0,1,0,0,1,False,1,0.0
20180321_S00033936_P__F667,20180321_S00033936_P,single,1,0,0,1,1,True,0,0.9127646684646606
20180321_S00033936_P__F668,20180321_S00033936_P,single,1,0,0,1,1,True,0,0.9560689330101013
20180321_S00033936_P__F669,20180321_S00033936_P,single,1,0,0,1,1,True,0,0.9044758677482605
20180321_S00033936_P__F67,20180321_S00033936_P,multi,1,1,1,2,2,True,0,0.9455235600471497
20180321_S00033936_P__F670,20180321_S00033936_P,single,1,2,0,1,3,False,2,0.6768472790718079
20180321_S00033936_P__F671,20180321_S00033936_P,single,1,0,0,1,1,True,0,0.9445195198059082
20180321_S00033936_P__F672,20180321_S00033936_P,empty,0,1,0,0,1,False,1,0.0
20180321_S00033936_P__F673,20180321_S00033936_P,multi,2,1,0,2,3,False,1,0.7311224341392517
20180321_S00033936_P__F674,20180321_S00033936_P,single,1,0,0,1,1,True,0,0.9295551180839539
20180321_S00033936_P__F675,20180321_S00033936_P,empty,0,0,0,0,0,True,0,0.0
20180321_S00033936_P__F676,20180321_S00033936_P,single,1,0,0,1,1,True,0,0.950568437576294
20180321_S00033936_P__F677,20180321_S00033936_P,single,1,0,0,1,1,True,0,0.9378324747085571
20180321_S00033936_P__F678,20180321_S00033936_P,multi,3,0,1,4,3,False,1,0.950812041759491
20180321_S00033936_P__F679,20180321_S00033936_P,single,1,0,0,1,1,True,0,0.9445732831954956
20180321_S00033936_P__F68,20180321_S00033936_P,multi,2,0,0,2,2,True,0,0.804422527551651
20180321_S00033936_P__F680,20180321_S00033936_P,single,1,0,0,1,1,True,0,0.9358792901039124
20180321_S00033936_P__F681,20180321_S00033936_P,single,1,1,0,1,2,False,1,0.9093053936958313
20180321_S00033936_P__F682,20180321_S00033936_P,multi,2,0,0,2,2,True,0,0.9466887414455414
20180321_S00033936_P__F683,20180321_S00033936_P,single,1,1,0,1,2,False,1,0.8713998794555664
20180321_S00033936_P__F684,20180321_S00033936_P,single,1,0,0,1,1,True,0,0.9322448372840881
20180321_S00033936_P__F685,20180321_S00033936_P,single,1,0,0,1,1,True,0,0.7051718831062317
20180321_S00033936_P__F686,20180321_S00033936_P,single,1,0,0,1,1,True,0,0.8966677188873291
20180321_S00033936_P__F687,20180321_S00033936_P,multi,2,0,0,2,2,True,0,0.9316379427909851
20180321_S00033936_P__F688,20180321_S00033936_P,single,1,0,0,1,1,True,0,0.9708930850028992
20180321_S00033936_P__F689,20180321_S00033936_P,multi,2,0,0,2,2,True,0,0.9492851197719574
20180321_S00033936_P__F69,20180321_S00033936_P,multi,1,1,1,2,2,True,0,0.9132505059242249
20180321_S00033936_P__F690,20180321_S00033936_P,multi,3,0,0,3,3,True,0,0.9387151996294657
20180321_S00033936_P__F691,20180321_S00033936_P,single,1,1,0,1,2,False,1,0.8224469423294067
20180321_S00033936_P__F692,20180321_S00033936_P,single,1,0,0,1,1,True,0,0.7809247970581055
20180321_S00033936_P__F693,20180321_S00033936_P,single,1,0,0,1,1,True,0,0.8125020861625671
20180321_S00033936_P__F694,20180321_S00033936_P,multi,2,0,0,2,2,True,0,0.8974110186100006
20180321_S00033936_P__F695,20180321_S00033936_P,multi,2,0,0,2,2,True,0,0.8702947795391083
20180321_S00033936_P__F696,20180321_S00033936_P,single,1,0,0,1,1,True,0,0.9906643033027649
20180321_S00033936_P__F697,20180321_S00033936_P,single,1,0,0,1,1,True,0,0.8838313817977905
20180321_S00033936_P__F698,20180321_S00033936_P,multi,1,0,1,2,1,False,1,0.5998163819313049
20180321_S00033936_P__F699,20180321_S00033936_P,single,1,0,0,1,1,True,0,0.9328504800796509
20180321_S00033936_P__F7,20180321_S00033936_P,multi,2,0,0,2,2,True,0,0.876860648393631
20180321_S00033936_P__F70,20180321_S00033936_P,single,1,0,0,1,1,True,0,0.9714357256889343
20180321_S00033936_P__F700,20180321_S00033936_P,single,1,1,0,1,2,False,1,0.9458586573600769
20180321_S00033936_P__F701,20180321_S00033936_P,single,1,0,0,1,1,True,0,0.964888870716095
20180321_S00033936_P__F702,20180321_S00033936_P,empty,0,1,0,0,1,False,1,0.0
20180321_S00033936_P__F703,20180321_S00033936_P,single,1,2,0,1,3,False,2,0.9731444120407104
20180321_S00033936_P__F704,20180321_S00033936_P,single,1,0,0,1,1,True,0,0.9264324903488159
20180321_S00033936_P__F705,20180321_S00033936_P,single,1,0,0,1,1,True,0,0.9440784454345703
20180321_S00033936_P__F706,20180321_S00033936_P,single,1,0,0,1,1,True,0,0.9068311452865601
20180321_S00033936_P__F707,20180321_S00033936_P,single,1,0,0,1,1,True,0,0.9128285646438599
20180321_S00033936_P__F708,20180321_S00033936_P,single,1,1,0,1,2,False,1,0.7469006776809692
20180321_S00033936_P__F709,20180321_S00033936_P,single,1,0,0,1,1,True,0,0.9790170788764954
20180321_S00033936_P__F71,20180321_S00033936_P,multi,2,0,0,2,2,True,0,0.7464224398136139
20180321_S00033936_P__F710,20180321_S00033936_P,single,1,0,0,1,1,True,0,0.9781964421272278
20180321_S00033936_P__F711,20180321_S00033936_P,multi,3,1,0,3,4,False,1,0.8291015625
20180321_S00033936_P__F712,20180321_S00033936_P,multi,2,0,1,3,2,False,1,0.7832486629486084
20180321_S00033936_P__F713,20180321_S00033936_P,single,1,0,0,1,1,True,0,0.9657005071640015
20180321_S00033936_P__F714,20180321_S00033936_P,single,1,0,0,1,1,True,0,0.9839118123054504
20180321_S00033936_P__F715,20180321_S00033936_P,multi,2,0,0,2,2,True,0,0.7815476059913635
20180321_S00033936_P__F716,20180321_S00033936_P,empty,0,0,0,0,0,True,0,0.0
20180321_S00033936_P__F717,20180321_S00033936_P,single,1,1,0,1,2,False,1,0.9637387990951538
20180321_S00033936_P__F718,20180321_S00033936_P,multi,2,1,0,2,3,False,1,0.8760600388050079
20180321_S00033936_P__F719,20180321_S00033936_P,multi,3,1,0,3,4,False,1,0.9012657006581625
20180321_S00033936_P__F72,20180321_S00033936_P,empty,0,0,0,0,0,True,0,0.0
20180321_S00033936_P__F720,20180321_S00033936_P,multi,4,0,0,4,4,True,0,0.9134483486413956
20180321_S00033936_P__F721,20180321_S00033936_P,single,1,0,0,1,1,True,0,0.9152971506118774
20180321_S00033936_P__F722,20180321_S00033936_P,empty,0,0,0,0,0,True,0,0.0
20180321_S00033936_P__F723,20180321_S00033936_P,single,1,1,0,1,2,False,1,0.9726833701133728
20180321_S00033936_P__F724,20180321_S00033936_P,single,1,0,0,1,1,True,0,0.9491312503814697
20180321_S00033936_P__F725,20180321_S00033936_P,multi,3,0,0,3,3,True,0,0.9327313701311747
20180321_S00033936_P__F726,20180321_S00033936_P,empty,0,0,0,0,0,True,0,0.0
20180321_S00033936_P__F727,20180321_S00033936_P,empty,0,2,0,0,2,False,2,0.0
20180321_S00033936_P__F728,20180321_S00033936_P,single,1,0,0,1,1,True,0,0.9695098996162415
20180321_S00033936_P__F729,20180321_S00033936_P,single,1,1,0,1,2,False,1,0.9539451599121094
20180321_S00033936_P__F73,20180321_S00033936_P,multi,3,1,0,3,4,False,1,0.894288182258606
20180321_S00033936_P__F730,20180321_S00033936_P,single,1,1,0,1,2,False,1,0.9397374987602234
20180321_S00033936_P__F731,20180321_S00033936_P,single,1,0,0,1,1,True,0,0.9453233480453491
20180321_S00033936_P__F732,20180321_S00033936_P,multi,2,1,0,2,3,False,1,0.917933315038681
20180321_S00033936_P__F733,20180321_S00033936_P,multi,2,0,0,2,2,True,0,0.9266919493675232
20180321_S00033936_P__F734,20180321_S00033936_P,multi,2,0,0,2,2,True,0,0.8951754868030548
20180321_S00033936_P__F735,20180321_S00033936_P,single,1,0,0,1,1,True,0,0.8927905559539795
20180321_S00033936_P__F736,20180321_S00033936_P,single,1,0,0,1,1,True,0,0.8993326425552368
20180321_S00033936_P__F737,20180321_S00033936_P,empty,0,0,0,0,0,True,0,0.0
20180321_S00033936_P__F738,20180321_S00033936_P,single,1,0,0,1,1,True,0,0.922084391117096
20180321_S00033936_P__F739,20180321_S00033936_P,single,1,0,0,1,1,True,0,0.8454782962799072
20180321_S00033936_P__F74,20180321_S00033936_P,multi,3,1,0,3,4,False,1,0.9150576194127401
20180321_S00033936_P__F740,20180321_S00033936_P,multi,2,0,0,2,2,True,0,0.969464510679245
20180321_S00033936_P__F741,20180321_S00033936_P,multi,0,1,2,2,1,False,1,0.0
20180321_S00033936_P__F742,20180321_S00033936_P,single,1,0,0,1,1,True,0,0.9924933314323425
20180321_S00033936_P__F743,20180321_S00033936_P,multi,2,0,0,2,2,True,0,0.9419809579849243
20180321_S00033936_P__F744,20180321_S00033936_P,multi,1,0,1,2,1,False,1,0.5837631225585938
20180321_S00033936_P__F745,20180321_S00033936_P,empty,0,3,0,0,3,False,3,0.0
20180321_S00033936_P__F746,20180321_S00033936_P,multi,2,0,0,2,2,True,0,0.9543416500091553
20180321_S00033936_P__F747,20180321_S00033936_P,empty,0,0,0,0,0,True,0,0.0
20180321_S00033936_P__F748,20180321_S00033936_P,multi,2,0,0,2,2,True,0,0.8176612854003906
20180321_S00033936_P__F749,20180321_S00033936_P,multi,1,0,1,2,1,False,1,0.9432418942451477
20180321_S00033936_P__F75,20180321_S00033936_P,multi,2,0,0,2,2,True,0,0.9145112931728363
20180321_S00033936_P__F750,20180321_S00033936_P,single,1,1,0,1,2,False,1,0.9158546328544617
20180321_S00033936_P__F76,20180321_S00033936_P,single,1,0,0,1,1,True,0,0.947472333908081
20180321_S00033936_P__F77,20180321_S00033936_P,multi,3,0,1,4,3,False,1,0.8081957499186198
20180321_S00033936_P__F78,20180321_S00033936_P,multi,1,0,2,3,1,False,2,0.936772346496582
20180321_S00033936_P__F79,20180321_S00033936_P,multi,2,0,1,3,2,False,1,0.9404321908950806
20180321_S00033936_P__F8,20180321_S00033936_P,multi,1,0,1,2,1,False,1,0.9055399894714355
20180321_S00033936_P__F80,20180321_S00033936_P,multi,2,0,0,2,2,True,0,0.9145186245441437
20180321_S00033936_P__F81,20180321_S00033936_P,single,1,0,0,1,1,True,0,0.9287271499633789
20180321_S00033936_P__F82,20180321_S00033936_P,empty,0,1,0,0,1,False,1,0.0
20180321_S00033936_P__F83,20180321_S00033936_P,multi,1,0,1,2,1,False,1,0.9768414497375488
20180321_S00033936_P__F84,20180321_S00033936_P,single,1,0,0,1,1,True,0,0.9528959393501282
20180321_S00033936_P__F85,20180321_S00033936_P,single,1,0,0,1,1,True,0,0.8678710460662842
20180321_S00033936_P__F86,20180321_S00033936_P,single,1,0,0,1,1,True,0,0.6771177053451538
20180321_S00033936_P__F87,20180321_S00033936_P,single,1,0,0,1,1,True,0,0.8190190196037292
20180321_S00033936_P__F88,20180321_S00033936_P,multi,1,1,1,2,2,True,0,0.9249796867370605
20180321_S00033936_P__F89,20180321_S00033936_P,empty,0,1,0,0,1,False,1,0.0
20180321_S00033936_P__F9,20180321_S00033936_P,single,1,0,0,1,1,True,0,0.9588150382041931
20180321_S00033936_P__F90,20180321_S00033936_P,multi,2,0,1,3,2,False,1,0.9034282267093658
20180321_S00033936_P__F91,20180321_S00033936_P,single,1,0,0,1,1,True,0,0.9159864187240601
20180321_S00033936_P__F92,20180321_S00033936_P,single,1,0,0,1,1,True,0,0.9253382086753845
20180321_S00033936_P__F93,20180321_S00033936_P,multi,2,0,2,4,2,False,2,0.8776826560497284
20180321_S00033936_P__F94,20180321_S00033936_P,single,1,0,0,1,1,True,0,0.9600558280944824
20180321_S00033936_P__F95,20180321_S00033936_P,single,1,0,0,1,1,True,0,0.9722883105278015
20180321_S00033936_P__F96,20180321_S00033936_P,multi,3,0,0,3,3,True,0,0.9128660360972086
20180321_S00033936_P__F97,20180321_S00033936_P,multi,1,0,1,2,1,False,1,0.9420316815376282
20180321_S00033936_P__F98,20180321_S00033936_P,single,1,0,0,1,1,True,0,0.922026515007019
20180321_S00033936_P__F99,20180321_S00033936_P,single,1,0,0,1,1,True,0,0.920785665512085
AG-88-11_r12-__F1,AG-88-11_r12-,single,1,0,0,1,1,True,0,0.9481069445610046
AG-88-11_r12-__F10,AG-88-11_r12-,empty,0,0,0,0,0,True,0,0.0
AG-88-11_r12-__F100,AG-88-11_r12-,single,1,0,0,1,1,True,0,0.8097955584526062
AG-88-11_r12-__F101,AG-88-11_r12-,single,1,0,0,1,1,True,0,0.8802047967910767
AG-88-11_r12-__F102,AG-88-11_r12-,single,1,0,0,1,1,True,0,0.8550627827644348
AG-88-11_r12-__F103,AG-88-11_r12-,multi,2,0,0,2,2,True,0,0.7956874668598175
AG-88-11_r12-__F104,AG-88-11_r12-,single,1,0,0,1,1,True,0,0.9268873333930969
AG-88-11_r12-__F105,AG-88-11_r12-,single,1,0,0,1,1,True,0,0.7833661437034607
AG-88-11_r12-__F106,AG-88-11_r12-,empty,0,0,0,0,0,True,0,0.0
AG-88-11_r12-__F107,AG-88-11_r12-,multi,2,0,0,2,2,True,0,0.8085509240627289
AG-88-11_r12-__F108,AG-88-11_r12-,multi,2,0,0,2,2,True,0,0.8816574811935425
AG-88-11_r12-__F109,AG-88-11_r12-,single,1,0,0,1,1,True,0,0.667719841003418
AG-88-11_r12-__F11,AG-88-11_r12-,multi,2,1,0,2,3,False,1,0.8830930888652802
AG-88-11_r12-__F110,AG-88-11_r12-,single,1,0,0,1,1,True,0,0.6975337266921997
AG-88-11_r12-__F111,AG-88-11_r12-,multi,2,0,0,2,2,True,0,0.9356764853000641
AG-88-11_r12-__F112,AG-88-11_r12-,single,1,0,0,1,1,True,0,0.8168998956680298
AG-88-11_r12-__F113,AG-88-11_r12-,single,1,0,0,1,1,True,0,0.7113398909568787
AG-88-11_r12-__F114,AG-88-11_r12-,single,1,0,0,1,1,True,0,0.8101752996444702
AG-88-11_r12-__F115,AG-88-11_r12-,single,1,0,0,1,1,True,0,0.8871913552284241
AG-88-11_r12-__F116,AG-88-11_r12-,single,1,0,0,1,1,True,0,0.8785032629966736
AG-88-11_r12-__F117,AG-88-11_r12-,multi,2,0,0,2,2,True,0,0.8526076972484589
AG-88-11_r12-__F118,AG-88-11_r12-,single,1,0,0,1,1,True,0,0.6312490105628967
AG-88-11_r12-__F119,AG-88-11_r12-,single,1,0,0,1,1,True,0,0.6932069659233093
AG-88-11_r12-__F12,AG-88-11_r12-,single,1,0,0,1,1,True,0,0.8784384727478027
AG-88-11_r12-__F120,AG-88-11_r12-,single,1,0,0,1,1,True,0,0.9188327789306641
AG-88-11_r12-__F121,AG-88-11_r12-,single,1,0,0,1,1,True,0,0.9167556166648865
AG-88-11_r12-__F122,AG-88-11_r12-,multi,1,1,1,2,2,True,0,0.8747314810752869
AG-88-11_r12-__F123,AG-88-11_r12-,multi,2,0,0,2,2,True,0,0.9187704622745514
AG-88-11_r12-__F124,AG-88-11_r12-,single,0,1,1,1,1,True,0,0.0
AG-88-11_r12-__F125,AG-88-11_r12-,single,1,0,0,1,1,True,0,0.8545534014701843
AG-88-11_r12-__F126,AG-88-11_r12-,single,1,0,0,1,1,True,0,0.9006743431091309
AG-88-11_r12-__F127,AG-88-11_r12-,single,1,0,0,1,1,True,0,0.8942039608955383
AG-88-11_r12-__F128,AG-88-11_r12-,multi,2,0,0,2,2,True,0,0.8968070447444916
AG-88-11_r12-__F129,AG-88-11_r12-,single,1,0,0,1,1,True,0,0.8137372732162476
AG-88-11_r12-__F13,AG-88-11_r12-,single,1,0,0,1,1,True,0,0.715225875377655
AG-88-11_r12-__F130,AG-88-11_r12-,multi,2,0,0,2,2,True,0,0.8192102313041687
AG-88-11_r12-__F131,AG-88-11_r12-,empty,0,0,0,0,0,True,0,0.0
AG-88-11_r12-__F132,AG-88-11_r12-,single,1,0,0,1,1,True,0,0.8470166921615601
AG-88-11_r12-__F133,AG-88-11_r12-,single,1,0,0,1,1,True,0,0.8999094367027283
AG-88-11_r12-__F134,AG-88-11_r12-,single,1,0,0,1,1,True,0,0.5955358147621155
AG-88-11_r12-__F135,AG-88-11_r12-,single,1,0,0,1,1,True,0,0.5466824769973755
AG-88-11_r12-__F136,AG-88-11_r12-,single,1,0,0,1,1,True,0,0.8778701424598694
AG-88-11_r12-__F137,AG-88-11_r12-,single,1,0,0,1,1,True,0,0.9373952746391296
AG-88-11_r12-__F138,AG-88-11_r12-,single,1,0,0,1,1,True,0,0.7976738214492798
AG-88-11_r12-__F139,AG-88-11_r12-,single,1,0,0,1,1,True,0,0.8531160354614258
AG-88-11_r12-__F14,AG-88-11_r12-,single,1,0,0,1,1,True,0,0.8017554879188538
AG-88-11_r12-__F140,AG-88-11_r12-,multi,2,0,0,2,2,True,0,0.8504565358161926
AG-88-11_r12-__F141,AG-88-11_r12-,single,1,0,0,1,1,True,0,0.8925625681877136
AG-88-11_r12-__F142,AG-88-11_r12-,single,1,0,0,1,1,True,0,0.9323669672012329
AG-88-11_r12-__F143,AG-88-11_r12-,single,1,0,0,1,1,True,0,0.9499229192733765
AG-88-11_r12-__F144,AG-88-11_r12-,single,1,0,0,1,1,True,0,0.8804748058319092
AG-88-11_r12-__F145,AG-88-11_r12-,single,1,0,0,1,1,True,0,0.7952459454536438
AG-88-11_r12-__F146,AG-88-11_r12-,single,1,0,0,1,1,True,0,0.9785476922988892
AG-88-11_r12-__F147,AG-88-11_r12-,single,1,0,0,1,1,True,0,0.9611362814903259
AG-88-11_r12-__F148,AG-88-11_r12-,single,1,0,0,1,1,True,0,0.7422816157341003
AG-88-11_r12-__F149,AG-88-11_r12-,multi,1,0,1,2,1,False,1,0.76444011926651
AG-88-11_r12-__F15,AG-88-11_r12-,single,1,0,0,1,1,True,0,0.7068721055984497
AG-88-11_r12-__F150,AG-88-11_r12-,single,1,0,0,1,1,True,0,0.947233259677887
AG-88-11_r12-__F151,AG-88-11_r12-,empty,0,0,0,0,0,True,0,0.0
AG-88-11_r12-__F152,AG-88-11_r12-,multi,2,0,0,2,2,True,0,0.8275882005691528
AG-88-11_r12-__F153,AG-88-11_r12-,single,1,0,0,1,1,True,0,0.9745979309082031
AG-88-11_r12-__F154,AG-88-11_r12-,single,1,0,0,1,1,True,0,0.8175583481788635
AG-88-11_r12-__F155,AG-88-11_r12-,single,1,0,0,1,1,True,0,0.9168236255645752
AG-88-11_r12-__F156,AG-88-11_r12-,multi,1,1,1,2,2,True,0,0.9186049103736877
AG-88-11_r12-__F157,AG-88-11_r12-,single,1,0,0,1,1,True,0,0.9581429958343506
AG-88-11_r12-__F158,AG-88-11_r12-,single,1,0,0,1,1,True,0,0.9608486294746399
AG-88-11_r12-__F159,AG-88-11_r12-,single,1,0,0,1,1,True,0,0.8758920431137085
AG-88-11_r12-__F16,AG-88-11_r12-,multi,2,0,0,2,2,True,0,0.8527999222278595
AG-88-11_r12-__F160,AG-88-11_r12-,single,1,0,0,1,1,True,0,0.8616013526916504
AG-88-11_r12-__F161,AG-88-11_r12-,multi,2,0,0,2,2,True,0,0.7937864661216736
AG-88-11_r12-__F162,AG-88-11_r12-,single,1,0,0,1,1,True,0,0.546602189540863
AG-88-11_r12-__F163,AG-88-11_r12-,single,1,0,0,1,1,True,0,0.8831204175949097
AG-88-11_r12-__F164,AG-88-11_r12-,single,1,0,0,1,1,True,0,0.835922122001648
AG-88-11_r12-__F165,AG-88-11_r12-,empty,0,0,0,0,0,True,0,0.0
AG-88-11_r12-__F166,AG-88-11_r12-,single,0,1,1,1,1,True,0,0.0
AG-88-11_r12-__F167,AG-88-11_r12-,single,1,0,0,1,1,True,0,0.9462422728538513
AG-88-11_r12-__F168,AG-88-11_r12-,single,1,0,0,1,1,True,0,0.8716004490852356
AG-88-11_r12-__F169,AG-88-11_r12-,single,0,1,1,1,1,True,0,0.0
AG-88-11_r12-__F17,AG-88-11_r12-,single,1,0,0,1,1,True,0,0.6395542025566101
AG-88-11_r12-__F170,AG-88-11_r12-,single,1,0,0,1,1,True,0,0.5993425250053406
AG-88-11_r12-__F171,AG-88-11_r12-,single,1,0,0,1,1,True,0,0.9097344279289246
AG-88-11_r12-__F172,AG-88-11_r12-,multi,2,0,0,2,2,True,0,0.9259094893932343
AG-88-11_r12-__F173,AG-88-11_r12-,single,1,0,0,1,1,True,0,0.9467407464981079
AG-88-11_r12-__F174,AG-88-11_r12-,empty,0,0,0,0,0,True,0,0.0
AG-88-11_r12-__F175,AG-88-11_r12-,single,1,0,0,1,1,True,0,0.9050453305244446
AG-88-11_r12-__F176,AG-88-11_r12-,single,1,0,0,1,1,True,0,0.8857500553131104
AG-88-11_r12-__F177,AG-88-11_r12-,single,1,0,0,1,1,True,0,0.9390489459037781
AG-88-11_r12-__F178,AG-88-11_r12-,single,0,1,1,1,1,True,0,0.0
AG-88-11_r12-__F179,AG-88-11_r12-,multi,1,0,1,2,1,False,1,0.5187328457832336
AG-88-11_r12-__F18,AG-88-11_r12-,single,1,0,0,1,1,True,0,0.7403261661529541
AG-88-11_r12-__F180,AG-88-11_r12-,single,1,0,0,1,1,True,0,0.7041370868682861
AG-88-11_r12-__F181,AG-88-11_r12-,single,1,0,0,1,1,True,0,0.5808866024017334
AG-88-11_r12-__F182,AG-88-11_r12-,single,1,0,0,1,1,True,0,0.9530883431434631
AG-88-11_r12-__F183,AG-88-11_r12-,empty,0,0,0,0,0,True,0,0.0
AG-88-11_r12-__F184,AG-88-11_r12-,single,1,0,0,1,1,True,0,0.9344403147697449
AG-88-11_r12-__F185,AG-88-11_r12-,multi,1,0,1,2,1,False,1,0.5843484401702881
AG-88-11_r12-__F186,AG-88-11_r12-,multi,1,0,1,2,1,False,1,0.7856242656707764
AG-88-11_r12-__F187,AG-88-11_r12-,single,1,0,0,1,1,True,0,0.85282301902771
AG-88-11_r12-__F188,AG-88-11_r12-,single,1,0,0,1,1,True,0,0.816066324710846
AG-88-11_r12-__F189,AG-88-11_r12-,single,1,0,0,1,1,True,0,0.7672039866447449
AG-88-11_r12-__F19,AG-88-11_r12-,single,1,0,0,1,1,True,0,0.6760895848274231
AG-88-11_r12-__F190,AG-88-11_r12-,single,1,0,0,1,1,True,0,0.8576454520225525
AG-88-11_r12-__F191,AG-88-11_r12-,single,0,1,1,1,1,True,0,0.0
AG-88-11_r12-__F192,AG-88-11_r12-,single,1,0,0,1,1,True,0,0.8588802814483643
AG-88-11_r12-__F193,AG-88-11_r12-,multi,2,0,0,2,2,True,0,0.9199861586093903
AG-88-11_r12-__F194,AG-88-11_r12-,single,1,0,0,1,1,True,0,0.6885788440704346
AG-88-11_r12-__F195,AG-88-11_r12-,multi,2,0,0,2,2,True,0,0.9346100091934204
AG-88-11_r12-__F196,AG-88-11_r12-,single,1,0,0,1,1,True,0,0.8341193795204163
AG-88-11_r12-__F197,AG-88-11_r12-,single,1,0,0,1,1,True,0,0.9138871431350708
AG-88-11_r12-__F198,AG-88-11_r12-,single,1,0,0,1,1,True,0,0.593808650970459
AG-88-11_r12-__F199,AG-88-11_r12-,single,1,0,0,1,1,True,0,0.9448185563087463
AG-88-11_r12-__F2,AG-88-11_r12-,single,1,1,0,1,2,False,1,0.5599547028541565
AG-88-11_r12-__F20,AG-88-11_r12-,multi,2,0,0,2,2,True,0,0.7648994326591492
AG-88-11_r12-__F200,AG-88-11_r12-,single,1,0,0,1,1,True,0,0.7998491525650024
AG-88-11_r12-__F201,AG-88-11_r12-,single,1,0,0,1,1,True,0,0.8273701667785645
AG-88-11_r12-__F202,AG-88-11_r12-,multi,2,0,1,3,2,False,1,0.8714111745357513
AG-88-11_r12-__F203,AG-88-11_r12-,single,1,0,0,1,1,True,0,0.9764233231544495
AG-88-11_r12-__F204,AG-88-11_r12-,single,0,1,1,1,1,True,0,0.0
AG-88-11_r12-__F205,AG-88-11_r12-,single,1,0,0,1,1,True,0,0.8831999897956848
AG-88-11_r12-__F206,AG-88-11_r12-,single,1,0,0,1,1,True,0,0.8396620750427246
AG-88-11_r12-__F207,AG-88-11_r12-,single,1,0,0,1,1,True,0,0.9129963517189026
AG-88-11_r12-__F208,AG-88-11_r12-,multi,4,0,0,4,4,True,0,0.7838395237922668
AG-88-11_r12-__F209,AG-88-11_r12-,multi,2,0,0,2,2,True,0,0.8652192652225494
AG-88-11_r12-__F21,AG-88-11_r12-,single,1,0,0,1,1,True,0,0.8505290150642395
AG-88-11_r12-__F210,AG-88-11_r12-,single,1,0,0,1,1,True,0,0.9659345149993896
AG-88-11_r12-__F211,AG-88-11_r12-,single,1,0,0,1,1,True,0,0.7504475116729736
AG-88-11_r12-__F212,AG-88-11_r12-,single,1,0,0,1,1,True,0,0.8257723450660706
AG-88-11_r12-__F213,AG-88-11_r12-,single,1,0,0,1,1,True,0,0.8448845148086548
AG-88-11_r12-__F214,AG-88-11_r12-,single,1,0,0,1,1,True,0,0.8980844020843506
AG-88-11_r12-__F215,AG-88-11_r12-,single,1,0,0,1,1,True,0,0.9403679966926575
AG-88-11_r12-__F216,AG-88-11_r12-,single,1,0,0,1,1,True,0,0.8981274366378784
AG-88-11_r12-__F217,AG-88-11_r12-,multi,1,0,1,2,1,False,1,0.8108688592910767
AG-88-11_r12-__F218,AG-88-11_r12-,single,1,0,0,1,1,True,0,0.8997127413749695
AG-88-11_r12-__F219,AG-88-11_r12-,multi,1,0,1,2,1,False,1,0.6980591416358948
AG-88-11_r12-__F22,AG-88-11_r12-,single,1,0,0,1,1,True,0,0.937079906463623
AG-88-11_r12-__F220,AG-88-11_r12-,single,1,0,0,1,1,True,0,0.8308861255645752
AG-88-11_r12-__F221,AG-88-11_r12-,single,1,0,0,1,1,True,0,0.7917405962944031
AG-88-11_r12-__F222,AG-88-11_r12-,single,1,0,0,1,1,True,0,0.893075704574585
AG-88-11_r12-__F223,AG-88-11_r12-,empty,0,0,0,0,0,True,0,0.0
AG-88-11_r12-__F224,AG-88-11_r12-,single,1,0,0,1,1,True,0,0.8721544742584229
AG-88-11_r12-__F225,AG-88-11_r12-,multi,2,0,0,2,2,True,0,0.8872732818126678
AG-88-11_r12-__F226,AG-88-11_r12-,multi,2,0,1,3,2,False,1,0.7718313932418823
AG-88-11_r12-__F227,AG-88-11_r12-,multi,1,0,1,2,1,False,1,0.9145074486732483
AG-88-11_r12-__F228,AG-88-11_r12-,single,1,0,0,1,1,True,0,0.8847511410713196
AG-88-11_r12-__F229,AG-88-11_r12-,multi,2,0,0,2,2,True,0,0.8572890162467957
AG-88-11_r12-__F23,AG-88-11_r12-,single,1,0,0,1,1,True,0,0.7343579530715942
AG-88-11_r12-__F230,AG-88-11_r12-,multi,0,0,2,2,0,False,2,0.0
AG-88-11_r12-__F231,AG-88-11_r12-,single,1,0,0,1,1,True,0,0.7380046844482422
AG-88-11_r12-__F232,AG-88-11_r12-,single,1,0,0,1,1,True,0,0.9296523332595825
AG-88-11_r12-__F233,AG-88-11_r12-,single,1,0,0,1,1,True,0,0.8855529427528381
AG-88-11_r12-__F234,AG-88-11_r12-,single,1,0,0,1,1,True,0,0.9218388795852661
AG-88-11_r12-__F235,AG-88-11_r12-,multi,1,1,1,2,2,True,0,0.5909962058067322
AG-88-11_r12-__F236,AG-88-11_r12-,single,1,0,0,1,1,True,0,0.97287517786026
AG-88-11_r12-__F237,AG-88-11_r12-,single,1,0,0,1,1,True,0,0.5699438452720642
AG-88-11_r12-__F238,AG-88-11_r12-,multi,1,0,1,2,1,False,1,0.7290055751800537
AG-88-11_r12-__F239,AG-88-11_r12-,multi,2,0,0,2,2,True,0,0.8955793976783752
AG-88-11_r12-__F24,AG-88-11_r12-,single,1,0,0,1,1,True,0,0.8724687695503235
AG-88-11_r12-__F240,AG-88-11_r12-,single,1,0,0,1,1,True,0,0.901059627532959
AG-88-11_r12-__F241,AG-88-11_r12-,single,1,0,0,1,1,True,0,0.7803054451942444
AG-88-11_r12-__F242,AG-88-11_r12-,single,1,0,0,1,1,True,0,0.8675695061683655
AG-88-11_r12-__F243,AG-88-11_r12-,multi,2,0,0,2,2,True,0,0.9396623075008392
AG-88-11_r12-__F244,AG-88-11_r12-,single,1,0,0,1,1,True,0,0.8855234384536743
AG-88-11_r12-__F245,AG-88-11_r12-,single,1,0,0,1,1,True,0,0.8001803159713745
AG-88-11_r12-__F246,AG-88-11_r12-,single,1,0,0,1,1,True,0,0.7245150804519653
AG-88-11_r12-__F247,AG-88-11_r12-,single,1,0,0,1,1,True,0,0.8293333053588867
AG-88-11_r12-__F248,AG-88-11_r12-,empty,0,0,0,0,0,True,0,0.0
AG-88-11_r12-__F249,AG-88-11_r12-,single,1,0,0,1,1,True,0,0.8034644722938538
AG-88-11_r12-__F25,AG-88-11_r12-,single,1,0,0,1,1,True,0,0.8042012453079224
AG-88-11_r12-__F250,AG-88-11_r12-,multi,1,1,1,2,2,True,0,0.8134190440177917
AG-88-11_r12-__F251,AG-88-11_r12-,multi,1,0,1,2,1,False,1,0.7459774613380432
AG-88-11_r12-__F253,AG-88-11_r12-,single,1,0,0,1,1,True,0,0.8760169148445129
AG-88-11_r12-__F254,AG-88-11_r12-,single,1,0,0,1,1,True,0,0.9145720601081848
AG-88-11_r12-__F255,AG-88-11_r12-,single,1,0,0,1,1,True,0,0.9050862193107605
AG-88-11_r12-__F256,AG-88-11_r12-,single,1,0,0,1,1,True,0,0.8278992772102356
AG-88-11_r12-__F257,AG-88-11_r12-,single,1,0,0,1,1,True,0,0.8146787285804749
AG-88-11_r12-__F258,AG-88-11_r12-,multi,2,0,0,2,2,True,0,0.8219420909881592
AG-88-11_r12-__F259,AG-88-11_r12-,single,1,0,0,1,1,True,0,0.9224023222923279
AG-88-11_r12-__F26,AG-88-11_r12-,single,1,0,0,1,1,True,0,0.9845565557479858
AG-88-11_r12-__F260,AG-88-11_r12-,empty,0,0,0,0,0,True,0,0.0
AG-88-11_r12-__F261,AG-88-11_r12-,single,1,0,0,1,1,True,0,0.7643045783042908
AG-88-11_r12-__F262,AG-88-11_r12-,single,1,0,0,1,1,True,0,0.8213471174240112
AG-88-11_r12-__F263,AG-88-11_r12-,single,1,0,0,1,1,True,0,0.7603745460510254
AG-88-11_r12-__F264,AG-88-11_r12-,single,1,0,0,1,1,True,0,0.8890571594238281
AG-88-11_r12-__F265,AG-88-11_r12-,single,1,0,0,1,1,True,0,0.9190384149551392
AG-88-11_r12-__F266,AG-88-11_r12-,single,1,0,0,1,1,True,0,0.9655944108963013
AG-88-11_r12-__F267,AG-88-11_r12-,single,1,0,0,1,1,True,0,0.8742192387580872
AG-88-11_r12-__F268,AG-88-11_r12-,single,1,0,0,1,1,True,0,0.9710042476654053
AG-88-11_r12-__F269,AG-88-11_r12-,multi,2,0,0,2,2,True,0,0.8315626680850983
AG-88-11_r12-__F27,AG-88-11_r12-,single,1,0,0,1,1,True,0,0.771686315536499
AG-88-11_r12-__F270,AG-88-11_r12-,single,1,0,0,1,1,True,0,0.7442194819450378
AG-88-11_r12-__F271,AG-88-11_r12-,single,1,0,0,1,1,True,0,0.8950870633125305
AG-88-11_r12-__F272,AG-88-11_r12-,single,1,1,0,1,2,False,1,0.7913673520088196
AG-88-11_r12-__F273,AG-88-11_r12-,multi,2,0,0,2,2,True,0,0.909276008605957
AG-88-11_r12-__F274,AG-88-11_r12-,empty,0,0,0,0,0,True,0,0.0
AG-88-11_r12-__F275,AG-88-11_r12-,empty,0,0,0,0,0,True,0,0.0
AG-88-11_r12-__F276,AG-88-11_r12-,multi,2,0,0,2,2,True,0,0.8317822217941284
AG-88-11_r12-__F277,AG-88-11_r12-,single,1,0,0,1,1,True,0,0.9105527400970459
AG-88-11_r12-__F278,AG-88-11_r12-,single,1,0,0,1,1,True,0,0.9010283946990967
AG-88-11_r12-__F279,AG-88-11_r12-,multi,2,0,0,2,2,True,0,0.8847667574882507
AG-88-11_r12-__F28,AG-88-11_r12-,single,1,1,0,1,2,False,1,0.8750720620155334
AG-88-11_r12-__F280,AG-88-11_r12-,multi,2,0,0,2,2,True,0,0.7561188042163849
AG-88-11_r12-__F281,AG-88-11_r12-,multi,1,0,1,2,1,False,1,0.8833590149879456
AG-88-11_r12-__F282,AG-88-11_r12-,single,1,0,0,1,1,True,0,0.915248453617096
AG-88-11_r12-__F283,AG-88-11_r12-,single,1,0,0,1,1,True,0,0.845097541809082
AG-88-11_r12-__F284,AG-88-11_r12-,multi,2,0,0,2,2,True,0,0.8690000474452972
AG-88-11_r12-__F285,AG-88-11_r12-,single,1,0,0,1,1,True,0,0.8842003345489502
AG-88-11_r12-__F286,AG-88-11_r12-,single,1,0,0,1,1,True,0,0.9552541971206665
AG-88-11_r12-__F287,AG-88-11_r12-,single,1,0,0,1,1,True,0,0.9533376097679138
AG-88-11_r12-__F288,AG-88-11_r12-,single,1,0,0,1,1,True,0,0.7369252443313599
AG-88-11_r12-__F289,AG-88-11_r12-,single,1,0,0,1,1,True,0,0.8337687253952026
AG-88-11_r12-__F29,AG-88-11_r12-,single,1,0,0,1,1,True,0,0.9337356090545654
AG-88-11_r12-__F290,AG-88-11_r12-,multi,2,0,0,2,2,True,0,0.9443410933017731
AG-88-11_r12-__F291,AG-88-11_r12-,single,1,0,0,1,1,True,0,0.8307005763053894
AG-88-11_r12-__F292,AG-88-11_r12-,single,1,0,0,1,1,True,0,0.5247594118118286
AG-88-11_r12-__F293,AG-88-11_r12-,single,1,0,0,1,1,True,0,0.8759852647781372
AG-88-11_r12-__F294,AG-88-11_r12-,empty,0,0,0,0,0,True,0,0.0
AG-88-11_r12-__F295,AG-88-11_r12-,single,1,0,0,1,1,True,0,0.8405516743659973
AG-88-11_r12-__F296,AG-88-11_r12-,single,1,1,0,1,2,False,1,0.920296311378479
AG-88-11_r12-__F297,AG-88-11_r12-,multi,2,0,0,2,2,True,0,0.8835497200489044
AG-88-11_r12-__F298,AG-88-11_r12-,single,0,1,1,1,1,True,0,0.0
AG-88-11_r12-__F299,AG-88-11_r12-,multi,1,0,1,2,1,False,1,0.7846173644065857
AG-88-11_r12-__F3,AG-88-11_r12-,empty,0,0,0,0,0,True,0,0.0
AG-88-11_r12-__F30,AG-88-11_r12-,single,1,0,0,1,1,True,0,0.9249096512794495
AG-88-11_r12-__F300,AG-88-11_r12-,empty,0,0,0,0,0,True,0,0.0
AG-88-11_r12-__F301,AG-88-11_r12-,single,1,0,0,1,1,True,0,0.7978697419166565
AG-88-11_r12-__F302,AG-88-11_r12-,single,1,0,0,1,1,True,0,0.9510244131088257
AG-88-11_r12-__F303,AG-88-11_r12-,empty,0,0,0,0,0,True,0,0.0
AG-88-11_r12-__F304,AG-88-11_r12-,single,1,0,0,1,1,True,0,0.9351394772529602
AG-88-11_r12-__F305,AG-88-11_r12-,single,1,0,0,1,1,True,0,0.9091678857803345
AG-88-11_r12-__F306,AG-88-11_r12-,single,1,0,0,1,1,True,0,0.8424766063690186
AG-88-11_r12-__F307,AG-88-11_r12-,single,1,0,0,1,1,True,0,0.8690145611763
AG-88-11_r12-__F308,AG-88-11_r12-,single,1,0,0,1,1,True,0,0.9862174987792969
AG-88-11_r12-__F309,AG-88-11_r12-,single,1,0,0,1,1,True,0,0.8341020345687866
AG-88-11_r12-__F310,AG-88-11_r12-,empty,0,0,0,0,0,True,0,0.0
AG-88-11_r12-__F311,AG-88-11_r12-,single,1,0,0,1,1,True,0,0.6638076901435852
AG-88-11_r12-__F312,AG-88-11_r12-,single,1,0,0,1,1,True,0,0.9573705196380615
AG-88-11_r12-__F313,AG-88-11_r12-,multi,1,0,1,2,1,False,1,0.7827629446983337
AG-88-11_r12-__F314,AG-88-11_r12-,single,1,0,0,1,1,True,0,0.901566207408905
AG-88-11_r12-__F315,AG-88-11_r12-,single,1,0,0,1,1,True,0,0.8363837599754333
AG-88-11_r12-__F316,AG-88-11_r12-,single,1,0,0,1,1,True,0,0.8620539307594299
AG-88-11_r12-__F317,AG-88-11_r12-,multi,1,0,1,2,1,False,1,0.7288509607315063
AG-88-11_r12-__F318,AG-88-11_r12-,multi,2,0,0,2,2,True,0,0.9093634486198425
AG-88-11_r12-__F319,AG-88-11_r12-,single,0,1,1,1,1,True,0,0.0
AG-88-11_r12-__F32,AG-88-11_r12-,single,1,0,0,1,1,True,0,0.6519501805305481
AG-88-11_r12-__F320,AG-88-11_r12-,single,1,0,0,1,1,True,0,0.9280450940132141
AG-88-11_r12-__F321,AG-88-11_r12-,single,1,0,0,1,1,True,0,0.7092598676681519
AG-88-11_r12-__F322,AG-88-11_r12-,single,1,0,0,1,1,True,0,0.8936204314231873
AG-88-11_r12-__F323,AG-88-11_r12-,single,1,0,0,1,1,True,0,0.8026171326637268
AG-88-11_r12-__F324,AG-88-11_r12-,single,1,0,0,1,1,True,0,0.7411513328552246
AG-88-11_r12-__F325,AG-88-11_r12-,multi,2,0,0,2,2,True,0,0.8837693929672241
AG-88-11_r12-__F326,AG-88-11_r12-,single,1,0,0,1,1,True,0,0.9268383383750916
AG-88-11_r12-__F327,AG-88-11_r12-,multi,2,0,0,2,2,True,0,0.8721484541893005
AG-88-11_r12-__F328,AG-88-11_r12-,multi,3,0,0,3,3,True,0,0.8687334656715393
AG-88-11_r12-__F329,AG-88-11_r12-,empty,0,1,0,0,1,False,1,0.0
AG-88-11_r12-__F33,AG-88-11_r12-,single,1,0,0,1,1,True,0,0.6318221688270569
AG-88-11_r12-__F330,AG-88-11_r12-,single,1,0,0,1,1,True,0,0.8108213543891907
AG-88-11_r12-__F331,AG-88-11_r12-,single,1,0,0,1,1,True,0,0.9715152978897095
AG-88-11_r12-__F332,AG-88-11_r12-,single,1,0,0,1,1,True,0,0.8454896807670593
AG-88-11_r12-__F333,AG-88-11_r12-,single,1,0,0,1,1,True,0,0.8075734376907349
AG-88-11_r12-__F334,AG-88-11_r12-,single,1,0,0,1,1,True,0,0.8174242377281189
AG-88-11_r12-__F335,AG-88-11_r12-,single,1,0,0,1,1,True,0,0.7655472755432129
AG-88-11_r12-__F336,AG-88-11_r12-,single,1,0,0,1,1,True,0,0.8255524635314941
AG-88-11_r12-__F337,AG-88-11_r12-,single,1,0,0,1,1,True,0,0.9273346662521362
AG-88-11_r12-__F338,AG-88-11_r12-,single,1,0,0,1,1,True,0,0.8807082176208496
AG-88-11_r12-__F339,AG-88-11_r12-,multi,1,0,1,2,1,False,1,0.9625805616378784
AG-88-11_r12-__F34,AG-88-11_r12-,single,1,0,0,1,1,True,0,0.7345135807991028
AG-88-11_r12-__F340,AG-88-11_r12-,single,1,0,0,1,1,True,0,0.8775496482849121
AG-88-11_r12-__F341,AG-88-11_r12-,multi,2,0,0,2,2,True,0,0.9445075392723083
AG-88-11_r12-__F342,AG-88-11_r12-,multi,2,0,0,2,2,True,0,0.8680433928966522
AG-88-11_r12-__F343,AG-88-11_r12-,single,1,0,0,1,1,True,0,0.8576961159706116
AG-88-11_r12-__F344,AG-88-11_r12-,single,1,0,0,1,1,True,0,0.9959223866462708
AG-88-11_r12-__F345,AG-88-11_r12-,single,1,0,0,1,1,True,0,0.9022857546806335
AG-88-11_r12-__F346,AG-88-11_r12-,single,1,0,0,1,1,True,0,0.9719924330711365
AG-88-11_r12-__F347,AG-88-11_r12-,single,1,0,0,1,1,True,0,0.7930566668510437
AG-88-11_r12-__F348,AG-88-11_r12-,single,1,0,0,1,1,True,0,0.9791426062583923
AG-88-11_r12-__F349,AG-88-11_r12-,single,1,0,0,1,1,True,0,0.9003121256828308
AG-88-11_r12-__F35,AG-88-11_r12-,single,1,0,0,1,1,True,0,0.974275529384613
AG-88-11_r12-__F350,AG-88-11_r12-,multi,1,0,1,2,1,False,1,0.5270609855651855
AG-88-11_r12-__F351,AG-88-11_r12-,single,1,0,0,1,1,True,0,0.8913053870201111
AG-88-11_r12-__F352,AG-88-11_r12-,single,1,0,0,1,1,True,0,0.8315683603286743
AG-88-11_r12-__F353,AG-88-11_r12-,single,1,0,0,1,1,True,0,0.9322090148925781
AG-88-11_r12-__F354,AG-88-11_r12-,single,1,0,0,1,1,True,0,0.9459860920906067
AG-88-11_r12-__F355,AG-88-11_r12-,single,1,0,0,1,1,True,0,0.8831990957260132
AG-88-11_r12-__F356,AG-88-11_r12-,single,1,0,0,1,1,True,0,0.918588399887085
AG-88-11_r12-__F357,AG-88-11_r12-,single,1,0,0,1,1,True,0,0.7485294342041016
AG-88-11_r12-__F358,AG-88-11_r12-,single,1,0,0,1,1,True,0,0.7973344326019287
AG-88-11_r12-__F359,AG-88-11_r12-,single,1,0,0,1,1,True,0,0.9590394496917725
AG-88-11_r12-__F36,AG-88-11_r12-,multi,2,0,0,2,2,True,0,0.7649153172969818
AG-88-11_r12-__F360,AG-88-11_r12-,single,1,0,0,1,1,True,0,0.5940070152282715
AG-88-11_r12-__F361,AG-88-11_r12-,multi,2,0,0,2,2,True,0,0.8484309613704681
AG-88-11_r12-__F362,AG-88-11_r12-,single,1,0,0,1,1,True,0,0.9254217147827148
AG-88-11_r12-__F363,AG-88-11_r12-,single,1,0,0,1,1,True,0,0.8903024792671204
AG-88-11_r12-__F364,AG-88-11_r12-,single,1,0,0,1,1,True,0,0.964559018611908
AG-88-11_r12-__F365,AG-88-11_r12-,single,1,0,0,1,1,True,0,0.7794434428215027
AG-88-11_r12-__F366,AG-88-11_r12-,single,1,0,0,1,1,True,0,0.9290003776550293
AG-88-11_r12-__F367,AG-88-11_r12-,multi,2,0,0,2,2,True,0,0.8670267164707184
AG-88-11_r12-__F368,AG-88-11_r12-,single,1,0,0,1,1,True,0,0.8257424235343933
AG-88-11_r12-__F369,AG-88-11_r12-,single,1,0,0,1,1,True,0,0.8360645771026611
AG-88-11_r12-__F37,AG-88-11_r12-,single,1,0,0,1,1,True,0,0.8636448979377747
AG-88-11_r12-__F370,AG-88-11_r12-,single,1,0,0,1,1,True,0,0.8458205461502075
AG-88-11_r12-__F371,AG-88-11_r12-,single,1,0,0,1,1,True,0,0.6875793933868408
AG-88-11_r12-__F372,AG-88-11_r12-,single,1,0,0,1,1,True,0,0.7985163927078247
AG-88-11_r12-__F373,AG-88-11_r12-,single,1,0,0,1,1,True,0,0.6728004217147827
AG-88-11_r12-__F374,AG-88-11_r12-,single,1,0,0,1,1,True,0,0.875877857208252
AG-88-11_r12-__F375,AG-88-11_r12-,multi,2,0,0,2,2,True,0,0.7075731754302979
AG-88-11_r12-__F376,AG-88-11_r12-,single,1,0,0,1,1,True,0,0.9759966731071472
AG-88-11_r12-__F377,AG-88-11_r12-,single,1,0,0,1,1,True,0,0.9585509300231934
AG-88-11_r12-__F378,AG-88-11_r12-,single,1,0,0,1,1,True,0,0.7864515781402588
AG-88-11_r12-__F379,AG-88-11_r12-,single,1,0,0,1,1,True,0,0.5538544654846191
AG-88-11_r12-__F38,AG-88-11_r12-,single,1,0,0,1,1,True,0,0.948334813117981
AG-88-11_r12-__F380,AG-88-11_r12-,single,1,0,0,1,1,True,0,0.7974638342857361
AG-88-11_r12-__F381,AG-88-11_r12-,single,1,0,0,1,1,True,0,0.8693720698356628
AG-88-11_r12-__F382,AG-88-11_r12-,single,1,0,0,1,1,True,0,0.6310349106788635
AG-88-11_r12-__F383,AG-88-11_r12-,single,1,0,0,1,1,True,0,0.8773825168609619
AG-88-11_r12-__F384,AG-88-11_r12-,single,1,0,0,1,1,True,0,0.856721818447113
AG-88-11_r12-__F385,AG-88-11_r12-,single,1,0,0,1,1,True,0,0.908574640750885
AG-88-11_r12-__F386,AG-88-11_r12-,multi,2,0,0,2,2,True,0,0.8114572465419769
AG-88-11_r12-__F387,AG-88-11_r12-,multi,2,0,0,2,2,True,0,0.7848998308181763
AG-88-11_r12-__F388,AG-88-11_r12-,single,1,0,0,1,1,True,0,0.8893138766288757
AG-88-11_r12-__F389,AG-88-11_r12-,single,1,0,0,1,1,True,0,0.7696983814239502
AG-88-11_r12-__F39,AG-88-11_r12-,single,1,0,0,1,1,True,0,0.8032464981079102
AG-88-11_r12-__F390,AG-88-11_r12-,single,1,0,0,1,1,True,0,0.9386704564094543
AG-88-11_r12-__F391,AG-88-11_r12-,multi,2,0,0,2,2,True,0,0.8340467512607574
AG-88-11_r12-__F392,AG-88-11_r12-,single,1,0,0,1,1,True,0,0.8417350649833679
AG-88-11_r12-__F393,AG-88-11_r12-,single,1,0,0,1,1,True,0,0.8319521546363831
AG-88-11_r12-__F394,AG-88-11_r12-,single,1,0,0,1,1,True,0,0.8455947637557983
AG-88-11_r12-__F395,AG-88-11_r12-,multi,2,0,0,2,2,True,0,0.8175616562366486
AG-88-11_r12-__F396,AG-88-11_r12-,single,1,1,0,1,2,False,1,0.6685713529586792
AG-88-11_r12-__F397,AG-88-11_r12-,single,1,0,0,1,1,True,0,0.8977211117744446
AG-88-11_r12-__F398,AG-88-11_r12-,empty,0,0,0,0,0,True,0,0.0
AG-88-11_r12-__F399,AG-88-11_r12-,single,1,0,0,1,1,True,0,0.6649035811424255
AG-88-11_r12-__F4,AG-88-11_r12-,multi,1,0,1,2,1,False,1,0.6959704160690308
AG-88-11_r12-__F40,AG-88-11_r12-,single,1,0,0,1,1,True,0,0.8142837882041931
AG-88-11_r12-__F400,AG-88-11_r12-,single,1,0,0,1,1,True,0,0.9153828024864197
AG-88-11_r12-__F401,AG-88-11_r12-,single,1,0,0,1,1,True,0,0.699781596660614
AG-88-11_r12-__F402,AG-88-11_r12-,single,1,1,0,1,2,False,1,0.8879287242889404
AG-88-11_r12-__F403,AG-88-11_r12-,single,1,0,0,1,1,True,0,0.9552558064460754
AG-88-11_r12-__F404,AG-88-11_r12-,empty,0,0,0,0,0,True,0,0.0
AG-88-11_r12-__F405,AG-88-11_r12-,single,1,0,0,1,1,True,0,0.8633868098258972
AG-88-11_r12-__F406,AG-88-11_r12-,single,1,0,0,1,1,True,0,0.9220176935195923
AG-88-11_r12-__F407,AG-88-11_r12-,single,1,0,0,1,1,True,0,0.8670462369918823
AG-88-11_r12-__F408,AG-88-11_r12-,single,1,1,0,1,2,False,1,0.8352646827697754
AG-88-11_r12-__F409,AG-88-11_r12-,multi,2,0,0,2,2,True,0,0.9119763076305389
AG-88-11_r12-__F41,AG-88-11_r12-,single,1,0,0,1,1,True,0,0.7587431073188782
AG-88-11_r12-__F410,AG-88-11_r12-,single,1,0,0,1,1,True,0,0.7252787351608276
AG-88-11_r12-__F411,AG-88-11_r12-,single,1,0,0,1,1,True,0,0.8019764423370361
AG-88-11_r12-__F412,AG-88-11_r12-,multi,2,0,0,2,2,True,0,0.8606641590595245
AG-88-11_r12-__F413,AG-88-11_r12-,single,1,0,0,1,1,True,0,0.860485851764679
AG-88-11_r12-__F414,AG-88-11_r12-,single,1,1,0,1,2,False,1,0.8713785409927368
AG-88-11_r12-__F415,AG-88-11_r12-,single,1,0,0,1,1,True,0,0.8833085894584656
AG-88-11_r12-__F416,AG-88-11_r12-,single,1,0,0,1,1,True,0,0.8636913299560547
AG-88-11_r12-__F417,AG-88-11_r12-,single,1,0,0,1,1,True,0,0.8701772689819336
AG-88-11_r12-__F418,AG-88-11_r12-,single,1,0,0,1,1,True,0,0.9560913443565369
AG-88-11_r12-__F419,AG-88-11_r12-,single,1,0,0,1,1,True,0,0.8112748265266418
AG-88-11_r12-__F42,AG-88-11_r12-,single,1,0,0,1,1,True,0,0.9017987251281738
AG-88-11_r12-__F420,AG-88-11_r12-,multi,3,0,1,4,3,False,1,0.8994166453679403
AG-88-11_r12-__F421,AG-88-11_r12-,multi,1,0,1,2,1,False,1,0.6267181634902954
AG-88-11_r12-__F422,AG-88-11_r12-,single,1,0,0,1,1,True,0,0.6671662330627441
AG-88-11_r12-__F423,AG-88-11_r12-,single,1,0,0,1,1,True,0,0.9172705411911011
AG-88-11_r12-__F424,AG-88-11_r12-,single,1,0,0,1,1,True,0,0.9205782413482666
AG-88-11_r12-__F425,AG-88-11_r12-,single,1,0,0,1,1,True,0,0.7860679030418396
AG-88-11_r12-__F426,AG-88-11_r12-,single,1,0,0,1,1,True,0,0.8868017792701721
AG-88-11_r12-__F427,AG-88-11_r12-,single,1,0,0,1,1,True,0,0.9811611175537109
AG-88-11_r12-__F428,AG-88-11_r12-,single,1,0,0,1,1,True,0,0.9405845999717712
AG-88-11_r12-__F429,AG-88-11_r12-,single,1,0,0,1,1,True,0,0.8764347434043884
AG-88-11_r12-__F43,AG-88-11_r12-,single,1,0,0,1,1,True,0,0.7371044158935547
AG-88-11_r12-__F430,AG-88-11_r12-,single,1,0,0,1,1,True,0,0.857179582118988
AG-88-11_r12-__F431,AG-88-11_r12-,single,1,0,0,1,1,True,0,0.8580729961395264
AG-88-11_r12-__F432,AG-88-11_r12-,empty,0,0,0,0,0,True,0,0.0
AG-88-11_r12-__F433,AG-88-11_r12-,single,1,0,0,1,1,True,0,0.9688515663146973
AG-88-11_r12-__F434,AG-88-11_r12-,single,1,0,0,1,1,True,0,0.5403482913970947
AG-88-11_r12-__F435,AG-88-11_r12-,single,1,0,0,1,1,True,0,0.7394573092460632
AG-88-11_r12-__F436,AG-88-11_r12-,single,1,1,0,1,2,False,1,0.9189315438270569
AG-88-11_r12-__F437,AG-88-11_r12-,single,1,0,0,1,1,True,0,0.894455075263977
AG-88-11_r12-__F438,AG-88-11_r12-,single,1,0,0,1,1,True,0,0.9304370880126953
AG-88-11_r12-__F439,AG-88-11_r12-,multi,2,0,0,2,2,True,0,0.8943758606910706
AG-88-11_r12-__F44,AG-88-11_r12-,single,1,0,0,1,1,True,0,0.8640673160552979
AG-88-11_r12-__F440,AG-88-11_r12-,single,1,1,0,1,2,False,1,0.9141783118247986
AG-88-11_r12-__F441,AG-88-11_r12-,single,1,0,0,1,1,True,0,0.9631032347679138
AG-88-11_r12-__F442,AG-88-11_r12-,single,1,0,0,1,1,True,0,0.5608153939247131
AG-88-11_r12-__F443,AG-88-11_r12-,multi,2,0,0,2,2,True,0,0.8826760053634644
AG-88-11_r12-__F444,AG-88-11_r12-,single,1,0,0,1,1,True,0,0.8480415940284729
AG-88-11_r12-__F445,AG-88-11_r12-,single,1,0,0,1,1,True,0,0.9106172323226929
AG-88-11_r12-__F446,AG-88-11_r12-,multi,1,0,1,2,1,False,1,0.5210158824920654
AG-88-11_r12-__F447,AG-88-11_r12-,single,1,0,0,1,1,True,0,0.8431682586669922
AG-88-11_r12-__F448,AG-88-11_r12-,single,1,0,0,1,1,True,0,0.9046605825424194
AG-88-11_r12-__F449,AG-88-11_r12-,single,1,0,0,1,1,True,0,0.8489722609519958
AG-88-11_r12-__F45,AG-88-11_r12-,single,1,0,0,1,1,True,0,0.9025352597236633
AG-88-11_r12-__F450,AG-88-11_r12-,single,1,0,0,1,1,True,0,0.9522380828857422
AG-88-11_r12-__F451,AG-88-11_r12-,single,1,0,0,1,1,True,0,0.6178627610206604
AG-88-11_r12-__F452,AG-88-11_r12-,single,1,0,0,1,1,True,0,0.926950991153717
AG-88-11_r12-__F453,AG-88-11_r12-,multi,2,0,0,2,2,True,0,0.7569774687290192
AG-88-11_r12-__F454,AG-88-11_r12-,single,1,0,0,1,1,True,0,0.9300125241279602
AG-88-11_r12-__F455,AG-88-11_r12-,multi,2,0,0,2,2,True,0,0.9508385360240936
AG-88-11_r12-__F456,AG-88-11_r12-,single,1,0,0,1,1,True,0,0.5669949650764465
AG-88-11_r12-__F457,AG-88-11_r12-,empty,0,0,0,0,0,True,0,0.0
AG-88-11_r12-__F458,AG-88-11_r12-,single,1,0,0,1,1,True,0,0.9163492321968079
AG-88-11_r12-__F459,AG-88-11_r12-,single,1,0,0,1,1,True,0,0.9067090749740601
AG-88-11_r12-__F46,AG-88-11_r12-,single,1,0,0,1,1,True,0,0.766726553440094
AG-88-11_r12-__F460,AG-88-11_r12-,single,1,0,0,1,1,True,0,0.7836670875549316
AG-88-11_r12-__F461,AG-88-11_r12-,single,1,0,0,1,1,True,0,0.8883228898048401
AG-88-11_r12-__F462,AG-88-11_r12-,single,1,0,0,1,1,True,0,0.8141278624534607
AG-88-11_r12-__F463,AG-88-11_r12-,single,1,0,0,1,1,True,0,0.8862392902374268
AG-88-11_r12-__F464,AG-88-11_r12-,single,1,0,0,1,1,True,0,0.934908390045166
AG-88-11_r12-__F465,AG-88-11_r12-,single,1,0,0,1,1,True,0,0.962914228439331
AG-88-11_r12-__F466,AG-88-11_r12-,single,1,0,0,1,1,True,0,0.6617100834846497
AG-88-11_r12-__F467,AG-88-11_r12-,single,1,0,0,1,1,True,0,0.9019346237182617
AG-88-11_r12-__F468,AG-88-11_r12-,single,1,0,0,1,1,True,0,0.960956335067749
AG-88-11_r12-__F469,AG-88-11_r12-,single,1,1,0,1,2,False,1,0.8904258608818054
AG-88-11_r12-__F47,AG-88-11_r12-,single,1,0,0,1,1,True,0,0.921553909778595
AG-88-11_r12-__F470,AG-88-11_r12-,single,1,0,0,1,1,True,0,0.9672558307647705
AG-88-11_r12-__F471,AG-88-11_r12-,single,1,0,0,1,1,True,0,0.9063572883605957
AG-88-11_r12-__F472,AG-88-11_r12-,single,1,0,0,1,1,True,0,0.951116144657135
AG-88-11_r12-__F473,AG-88-11_r12-,single,1,0,0,1,1,True,0,0.9072803854942322
AG-88-11_r12-__F474,AG-88-11_r12-,multi,0,1,2,2,1,False,1,0.0
AG-88-11_r12-__F475,AG-88-11_r12-,single,1,0,0,1,1,True,0,0.6860002875328064
AG-88-11_r12-__F476,AG-88-11_r12-,single,1,0,0,1,1,True,0,0.9497658610343933
AG-88-11_r12-__F477,AG-88-11_r12-,single,1,0,0,1,1,True,0,0.904869794845581
AG-88-11_r12-__F478,AG-88-11_r12-,empty,0,0,0,0,0,True,0,0.0
AG-88-11_r12-__F479,AG-88-11_r12-,single,0,0,1,1,0,False,1,0.0
AG-88-11_r12-__F48,AG-88-11_r12-,single,1,0,0,1,1,True,0,0.7824367880821228
AG-88-11_r12-__F480,AG-88-11_r12-,single,1,1,0,1,2,False,1,0.83454430103302
AG-88-11_r12-__F481,AG-88-11_r12-,single,1,0,0,1,1,True,0,0.9280264973640442
AG-88-11_r12-__F482,AG-88-11_r12-,multi,1,0,1,2,1,False,1,0.9669117331504822
AG-88-11_r12-__F483,AG-88-11_r12-,single,1,0,0,1,1,True,0,0.8830994963645935
AG-88-11_r12-__F484,AG-88-11_r12-,single,1,0,0,1,1,True,0,0.7265911102294922
AG-88-11_r12-__F485,AG-88-11_r12-,single,1,0,0,1,1,True,0,0.7049000263214111
AG-88-11_r12-__F486,AG-88-11_r12-,single,1,0,0,1,1,True,0,0.9142638444900513
AG-88-11_r12-__F487,AG-88-11_r12-,multi,2,0,0,2,2,True,0,0.8840396106243134
AG-88-11_r12-__F488,AG-88-11_r12-,multi,1,3,1,2,4,False,2,0.8452990651130676
AG-88-11_r12-__F489,AG-88-11_r12-,single,1,0,0,1,1,True,0,0.9262556433677673
AG-88-11_r12-__F49,AG-88-11_r12-,multi,1,0,1,2,1,False,1,0.8872529864311218
AG-88-11_r12-__F490,AG-88-11_r12-,multi,1,0,1,2,1,False,1,0.7839058041572571
AG-88-11_r12-__F491,AG-88-11_r12-,single,1,0,0,1,1,True,0,0.8668840527534485
AG-88-11_r12-__F492,AG-88-11_r12-,single,1,0,0,1,1,True,0,0.9868749380111694
AG-88-11_r12-__F493,AG-88-11_r12-,empty,0,0,0,0,0,True,0,0.0
AG-88-11_r12-__F494,AG-88-11_r12-,single,1,0,0,1,1,True,0,0.9148280024528503
AG-88-11_r12-__F495,AG-88-11_r12-,single,1,0,0,1,1,True,0,0.7129073739051819
AG-88-11_r12-__F496,AG-88-11_r12-,single,1,0,0,1,1,True,0,0.9429525136947632
AG-88-11_r12-__F497,AG-88-11_r12-,single,1,0,0,1,1,True,0,0.8750689625740051
AG-88-11_r12-__F498,AG-88-11_r12-,single,1,0,0,1,1,True,0,0.8474478721618652
AG-88-11_r12-__F499,AG-88-11_r12-,single,1,0,0,1,1,True,0,0.945122480392456
AG-88-11_r12-__F5,AG-88-11_r12-,single,1,0,0,1,1,True,0,0.8951548337936401
AG-88-11_r12-__F50,AG-88-11_r12-,multi,2,0,0,2,2,True,0,0.7854690551757812
AG-88-11_r12-__F500,AG-88-11_r12-,single,1,0,0,1,1,True,0,0.7528005242347717
AG-88-11_r12-__F501,AG-88-11_r12-,single,1,0,0,1,1,True,0,0.896356463432312
AG-88-11_r12-__F502,AG-88-11_r12-,single,1,0,0,1,1,True,0,0.7209579944610596
AG-88-11_r12-__F503,AG-88-11_r12-,single,1,0,0,1,1,True,0,0.910427987575531
AG-88-11_r12-__F504,AG-88-11_r12-,single,1,0,0,1,1,True,0,0.8729442954063416
AG-88-11_r12-__F505,AG-88-11_r12-,multi,1,0,1,2,1,False,1,0.6013218760490417
AG-88-11_r12-__F506,AG-88-11_r12-,single,1,0,0,1,1,True,0,0.9019315242767334
AG-88-11_r12-__F507,AG-88-11_r12-,single,1,0,0,1,1,True,0,0.9679279327392578
AG-88-11_r12-__F508,AG-88-11_r12-,single,1,0,0,1,1,True,0,0.904263436794281
AG-88-11_r12-__F509,AG-88-11_r12-,multi,3,0,0,3,3,True,0,0.7264196276664734
AG-88-11_r12-__F51,AG-88-11_r12-,single,1,0,0,1,1,True,0,0.8033465147018433
AG-88-11_r12-__F510,AG-88-11_r12-,single,1,0,0,1,1,True,0,0.8976349234580994
AG-88-11_r12-__F511,AG-88-11_r12-,multi,1,0,1,2,1,False,1,0.6787675619125366
AG-88-11_r12-__F512,AG-88-11_r12-,single,1,1,0,1,2,False,1,0.9159954786300659
AG-88-11_r12-__F513,AG-88-11_r12-,single,1,0,0,1,1,True,0,0.7391586303710938
AG-88-11_r12-__F514,AG-88-11_r12-,single,1,0,0,1,1,True,0,0.9421301484107971
AG-88-11_r12-__F515,AG-88-11_r12-,single,1,0,0,1,1,True,0,0.8470252752304077
AG-88-11_r12-__F516,AG-88-11_r12-,multi,2,0,0,2,2,True,0,0.694455087184906
AG-88-11_r12-__F517,AG-88-11_r12-,multi,2,0,0,2,2,True,0,0.8876017034053802
AG-88-11_r12-__F518,AG-88-11_r12-,single,1,0,0,1,1,True,0,0.9265755414962769
AG-88-11_r12-__F519,AG-88-11_r12-,single,1,0,0,1,1,True,0,0.7684658765792847
AG-88-11_r12-__F52,AG-88-11_r12-,single,1,0,0,1,1,True,0,0.7731530666351318
AG-88-11_r12-__F520,AG-88-11_r12-,single,1,0,0,1,1,True,0,0.9686599373817444
AG-88-11_r12-__F521,AG-88-11_r12-,single,1,0,0,1,1,True,0,0.8913746476173401
AG-88-11_r12-__F522,AG-88-11_r12-,multi,2,0,0,2,2,True,0,0.8212860226631165
AG-88-11_r12-__F523,AG-88-11_r12-,multi,1,0,1,2,1,False,1,0.9277816414833069
AG-88-11_r12-__F53,AG-88-11_r12-,single,1,0,0,1,1,True,0,0.9070202708244324
AG-88-11_r12-__F54,AG-88-11_r12-,single,1,0,0,1,1,True,0,0.9106956720352173
AG-88-11_r12-__F55,AG-88-11_r12-,single,1,0,0,1,1,True,0,0.824368417263031
AG-88-11_r12-__F56,AG-88-11_r12-,empty,0,0,0,0,0,True,0,0.0
AG-88-11_r12-__F57,AG-88-11_r12-,single,1,0,0,1,1,True,0,0.8168091773986816
AG-88-11_r12-__F58,AG-88-11_r12-,single,1,0,0,1,1,True,0,0.7266124486923218
AG-88-11_r12-__F59,AG-88-11_r12-,single,1,0,0,1,1,True,0,0.8006706833839417
AG-88-11_r12-__F6,AG-88-11_r12-,single,1,0,0,1,1,True,0,0.9277748465538025
AG-88-11_r12-__F60,AG-88-11_r12-,multi,2,0,0,2,2,True,0,0.7985854148864746
AG-88-11_r12-__F61,AG-88-11_r12-,single,1,0,0,1,1,True,0,0.7724403738975525
AG-88-11_r12-__F62,AG-88-11_r12-,single,1,0,0,1,1,True,0,0.8893300890922546
AG-88-11_r12-__F63,AG-88-11_r12-,multi,2,0,0,2,2,True,0,0.8125770390033722
AG-88-11_r12-__F64,AG-88-11_r12-,single,1,0,0,1,1,True,0,0.9643064737319946
AG-88-11_r12-__F65,AG-88-11_r12-,single,1,1,0,1,2,False,1,0.7152736186981201
AG-88-11_r12-__F66,AG-88-11_r12-,single,1,0,0,1,1,True,0,0.8761962652206421
AG-88-11_r12-__F67,AG-88-11_r12-,single,1,0,0,1,1,True,0,0.9488449692726135
AG-88-11_r12-__F68,AG-88-11_r12-,single,1,0,0,1,1,True,0,0.8271534442901611
AG-88-11_r12-__F69,AG-88-11_r12-,single,1,0,0,1,1,True,0,0.8924774527549744
AG-88-11_r12-__F7,AG-88-11_r12-,single,1,0,0,1,1,True,0,0.9201467633247375
AG-88-11_r12-__F70,AG-88-11_r12-,single,1,0,0,1,1,True,0,0.7807604670524597
AG-88-11_r12-__F71,AG-88-11_r12-,single,1,0,0,1,1,True,0,0.9081398248672485
AG-88-11_r12-__F72,AG-88-11_r12-,multi,2,0,0,2,2,True,0,0.8546603322029114
AG-88-11_r12-__F73,AG-88-11_r12-,single,1,0,0,1,1,True,0,0.9095829129219055
AG-88-11_r12-__F74,AG-88-11_r12-,single,1,0,0,1,1,True,0,0.8603588938713074
AG-88-11_r12-__F75,AG-88-11_r12-,single,1,0,0,1,1,True,0,0.7879526019096375
AG-88-11_r12-__F76,AG-88-11_r12-,single,1,0,0,1,1,True,0,0.7717567086219788
AG-88-11_r12-__F77,AG-88-11_r12-,single,1,2,0,1,3,False,2,0.8034520149230957
AG-88-11_r12-__F78,AG-88-11_r12-,multi,1,0,1,2,1,False,1,0.8046353459358215
AG-88-11_r12-__F79,AG-88-11_r12-,single,1,0,0,1,1,True,0,0.9160091876983643
AG-88-11_r12-__F80,AG-88-11_r12-,multi,1,0,1,2,1,False,1,0.6965655088424683
AG-88-11_r12-__F81,AG-88-11_r12-,single,1,0,0,1,1,True,0,0.5765975117683411
AG-88-11_r12-__F82,AG-88-11_r12-,multi,0,1,2,2,1,False,1,0.0
AG-88-11_r12-__F83,AG-88-11_r12-,single,1,0,0,1,1,True,0,0.719281017780304
AG-88-11_r12-__F84,AG-88-11_r12-,single,1,0,0,1,1,True,0,0.9406295418739319
AG-88-11_r12-__F85,AG-88-11_r12-,single,1,0,0,1,1,True,0,0.9148693680763245
AG-88-11_r12-__F86,AG-88-11_r12-,single,1,0,0,1,1,True,0,0.6586147546768188
AG-88-11_r12-__F87,AG-88-11_r12-,single,1,0,0,1,1,True,0,0.7546234726905823
AG-88-11_r12-__F88,AG-88-11_r12-,empty,0,0,0,0,0,True,0,0.0
AG-88-11_r12-__F89,AG-88-11_r12-,single,1,0,0,1,1,True,0,0.8171755075454712
AG-88-11_r12-__F9,AG-88-11_r12-,single,1,0,0,1,1,True,0,0.8102104663848877
AG-88-11_r12-__F90,AG-88-11_r12-,single,1,0,0,1,1,True,0,0.8060853481292725
AG-88-11_r12-__F91,AG-88-11_r12-,single,1,0,0,1,1,True,0,0.7816686034202576
AG-88-11_r12-__F92,AG-88-11_r12-,single,1,0,0,1,1,True,0,0.8415871858596802
AG-88-11_r12-__F93,AG-88-11_r12-,single,1,0,0,1,1,True,0,0.9449558258056641
AG-88-11_r12-__F94,AG-88-11_r12-,single,1,0,0,1,1,True,0,0.5006002187728882
AG-88-11_r12-__F95,AG-88-11_r12-,single,1,0,0,1,1,True,0,0.8291192650794983
AG-88-11_r12-__F96,AG-88-11_r12-,single,1,0,0,1,1,True,0,0.9673298597335815
AG-88-11_r12-__F97,AG-88-11_r12-,multi,1,0,1,2,1,False,1,0.8693445324897766
AG-88-11_r12-__F98,AG-88-11_r12-,multi,2,0,0,2,2,True,0,0.7156476378440857
AG-88-11_r12-__F99,AG-88-11_r12-,single,1,0,0,1,1,True,0,0.5792465209960938
