Feature_ID,mz,RT,RTmin,RTmax,parent_masstrack_id,peak_area,cSelectivity,goodness_fitting,snr,detection_counts,SERUM-1_copy_P1-E4_1_step1_1
F1,400.3031,1.661,1.577,1.712,19,55970,1.0,0.66,6,1,72096
F2,513.3518,1.644,1.594,1.686,1813,31571,1.0,0.97,5,1,44175
F3,552.358,1.695,1.628,1.796,2376,104415,1.0,0.82,8,1,126903
F4,468.386,1.72,1.619,1.821,1121,2107609,1.0,0.99,32,1,2172064
F5,513.3813,2.175,2.074,2.276,1814,199614,1.0,0.9,14,1,224988
F6,400.3394,5.392,5.291,5.493,21,560835,1.0,1.0,42,1,588043
F7,552.3952,2.486,2.386,2.588,2379,1861912,1.0,0.98,138,1,1886912
F8,552.3952,5.274,5.198,5.366,2379,97476,0.85,0.89,9,1,118476
F9,468.4372,1.636,1.535,1.737,1125,6226447,1.0,0.96,390,1,6251447
F10,513.4155,1.754,1.653,1.855,1816,806441,1.0,0.99,34,1,835246
F11,552.4279,1.577,1.476,1.67,2380,430972,1.0,0.99,38,1,453369
F12,468.4799,1.628,1.577,1.729,1127,258962,1.0,0.71,22,1,279233
F13,552.4433,2.478,2.411,2.571,2381,73689,1.0,0.88,7,1,95844
F14,513.8853,2.15,2.099,2.251,1818,88403,1.0,0.88,8,1,111770
F15,469.3081,5.459,5.392,5.552,1138,63597,1.0,0.98,5,1,85022
F16,552.4745,1.594,1.51,1.695,2382,154326,0.87,0.64,10,1,180862
F17,552.5025,1.484,1.417,1.586,2383,167670,0.86,0.91,11,1,191562
F18,469.4407,1.628,1.526,1.729,1144,2020076,1.0,0.97,156,1,2045076
F19,514.2963,8.221,8.053,8.895,1823,247524,1.0,0.77,2,1,415505
F20,552.8958,2.478,2.377,2.579,2384,505601,1.0,0.99,35,1,532238
F21,470.3904,1.712,1.619,1.813,1146,167593,1.0,0.95,11,1,190254
F22,514.3896,1.686,1.619,1.779,1829,58842,1.0,0.81,6,1,81331
F23,401.2842,1.678,1.636,1.779,39,101015,1.0,0.88,8,1,122346
F24,553.3862,1.619,1.518,1.72,2392,2299712,1.0,0.98,214,1,2324712
F25,514.4172,1.754,1.653,1.855,1830,173727,1.0,0.98,11,1,197327
F26,470.4443,1.636,1.56,1.737,1147,362887,1.0,0.96,29,1,389536
F27,401.3412,1.594,1.51,1.695,43,136240,1.0,0.97,10,1,161821
F28,401.3412,5.383,5.316,5.476,43,141771,1.0,1.0,12,1,162944
F29,553.3977,2.461,2.386,2.562,2393,88926,1.0,0.77,9,1,112007
F30,515.0266,3.303,3.219,3.388,1831,144550,1.0,0.89,14,1,167036
F31,472.2667,1.644,1.552,1.746,1150,323864,1.0,0.97,16,1,350333
F32,553.4332,1.586,1.493,1.678,2394,300176,1.0,0.91,29,1,323487
F33,553.8693,2.47,2.394,2.571,2395,288980,1.0,0.92,26,1,310734
F34,472.3568,1.67,1.586,1.771,1157,80176,1.0,0.96,5,1,103060
F35,515.4063,1.569,1.468,1.611,1842,193662,1.0,0.64,19,1,213795
F36,515.4063,1.678,1.636,1.729,1842,20711,0.96,0.9,5,1,32715
F37,554.3707,2.47,2.369,2.571,2397,192031,1.0,0.96,14,1,218717
F38,473.2624,1.644,1.56,1.746,1160,1133248,1.0,0.99,69,1,1166309
F39,516.2923,1.644,1.569,1.746,1848,191512,1.0,0.98,15,1,216655
F40,554.3896,1.611,1.51,1.712,2398,785456,1.0,0.98,74,1,810456
F41,554.3896,5.375,5.274,5.476,2398,2327040,1.0,1.0,211,1,2352040
F42,404.2049,1.628,1.535,1.729,85,94598,0.12,0.98,2,1,180089
F43,516.3845,1.703,1.602,1.804,1854,119267,1.0,0.87,8,1,145597
F44,554.4372,1.577,1.476,1.678,2401,319012,1.0,0.99,20,1,343860
F45,554.4372,5.366,5.316,5.459,2401,110478,1.0,0.9,13,1,129690
F46,473.3131,1.628,1.526,1.712,1165,136501,1.0,0.95,3,1,184356
F47,473.3131,8.272,7.96,8.887,1165,473031,0.47,0.66,2,1,697735
F48,517.3678,1.762,1.67,1.863,1866,289353,1.0,0.95,19,1,314253
F49,555.3022,1.653,1.577,1.754,2404,130495,1.0,0.97,11,1,152845
F50,517.3787,1.653,1.619,1.72,1867,102039,1.0,0.74,14,1,116952
F51,473.3416,1.695,1.619,1.796,1169,387169,1.0,0.89,23,1,410669
F52,404.2647,1.586,1.535,1.636,95,47998,1.0,0.97,6,1,63126
F53,555.3502,4.398,4.297,4.499,2407,239612,1.0,0.99,18,1,265067
F54,474.2648,1.644,1.569,1.746,1178,374474,1.0,0.99,36,1,401456
F55,555.3926,1.619,1.518,1.72,2410,243450,1.0,0.99,21,1,270880
F56,555.3926,5.383,5.282,5.484,2410,723311,1.0,1.0,63,1,750333
F57,405.2069,8.381,7.969,8.878,110,397089,0.41,0.74,2,1,523069
F58,474.3101,1.628,1.602,1.678,1182,27774,1.0,0.9,5,1,40791
F59,555.4417,1.586,1.493,1.611,2412,70129,1.0,0.84,8,1,87995
F60,406.2889,1.636,1.602,1.695,136,41287,1.0,0.95,6,1,55230
F61,555.8518,4.398,4.322,4.474,2413,102688,1.0,0.93,10,1,124082
F62,518.3189,3.632,3.573,3.724,1876,104623,0.76,0.78,11,1,123623
F63,518.3189,5.392,5.291,5.493,1876,2508430,1.0,0.99,176,1,2533430
F64,474.3151,1.586,1.526,1.628,1183,23036,0.25,0.98,4,1,34084
F65,518.3634,5.392,5.316,5.493,1881,128774,1.0,0.97,11,1,150531
F66,556.3056,1.636,1.577,1.703,2416,68551,1.0,0.99,7,1,86193
F67,474.3464,1.686,1.619,1.762,1187,91370,0.83,0.93,8,1,110762
F68,406.35,3.606,3.506,3.708,139,297913,0.47,0.94,2,1,342485
F69,406.35,3.817,3.716,3.918,139,366501,1.0,0.95,2,1,412279
F70,518.372,1.754,1.661,1.838,1882,84313,1.0,0.89,6,1,108097
F71,475.2653,1.644,1.586,1.703,1196,69407,1.0,0.97,8,1,86644
F72,556.3936,1.619,1.552,1.644,2422,41660,1.0,0.77,7,1,57137
F73,556.3936,5.383,5.316,5.459,2422,129179,1.0,1.0,13,1,147875
F74,519.3219,5.392,5.291,5.493,1891,716684,1.0,1.0,47,1,746375
F75,556.4086,1.611,1.56,1.653,2423,18514,0.26,0.94,5,1,29584
F76,475.3294,1.619,1.586,1.67,1200,29784,1.0,0.89,5,1,42479
F77,519.3993,1.636,1.543,1.737,1893,224195,1.0,0.92,23,1,249010
F78,407.3498,1.67,1.569,1.771,162,96371,0.71,0.64,2,1,123067
F79,407.3498,3.792,3.691,3.893,162,86995,0.69,0.87,2,1,112864
F80,556.4385,1.796,1.695,1.897,2424,3163167,1.0,0.97,50,1,3227574
F81,476.3115,1.602,1.535,1.636,1211,45572,0.73,0.77,5,1,60500
F82,520.3294,2.605,2.503,2.706,1894,1028960,1.0,0.99,16,1,1117033
F83,520.3294,5.198,5.173,5.24,1894,19213,0.87,0.79,2,1,49615
F84,520.3294,9.164,8.693,9.998,1894,709324,0.91,0.61,2,1,1235730
F85,556.8932,2.436,2.36,2.503,2427,90630,1.0,0.79,10,1,110082
F86,408.3046,1.636,1.56,1.737,178,659061,1.0,0.98,64,1,685135
F87,476.3316,3.152,3.051,3.253,1213,164521,1.0,0.99,11,1,190599
F88,557.4083,2.301,2.2,2.402,2432,478718,1.0,0.99,31,1,507226
F89,520.3391,5.383,5.282,5.484,1895,15895637,1.0,1.0,1171,1,15920637
F90,408.3647,1.653,1.552,1.754,180,305076,1.0,0.97,9,1,347733
F91,520.3566,3.514,3.43,3.615,1897,679782,1.0,0.92,47,1,696330
F92,476.667,3.135,3.076,3.16,1216,34245,1.0,0.81,5,1,48372
F93,557.441,1.796,1.695,1.897,2433,1046539,1.0,0.99,36,1,1079496
F94,409.1597,1.644,1.611,1.695,183,40362,0.5,0.99,6,1,53710
F95,476.8398,2.251,2.192,2.352,1217,151600,1.0,0.97,15,1,169874
F96,557.449,1.678,1.577,1.712,2434,263816,1.0,0.96,26,1,281522
F97,520.3653,3.43,3.388,3.463,1898,75717,0.87,0.96,14,1,86965
F98,520.3653,5.383,5.35,5.4,1898,165719,1.0,0.7,39,1,197671
F99,557.9107,2.268,2.209,2.369,2436,199956,1.0,0.9,16,1,218095
F100,477.3069,2.503,2.402,2.605,1230,223402,1.0,0.99,9,1,260371
F101,558.293,5.366,5.282,5.468,2438,142712,1.0,0.99,11,1,166370
F102,520.3741,2.588,2.486,2.646,1899,80807,1.0,0.87,6,1,101825
F103,520.3741,3.388,3.32,3.421,1899,40259,0.97,0.95,5,1,56649
F104,520.3741,5.409,5.383,5.434,1899,42335,1.0,0.65,9,1,49336
F105,477.3165,1.661,1.611,1.695,1231,35284,1.0,0.98,5,1,45688
F106,409.3079,1.636,1.577,1.729,201,172722,1.0,0.98,17,1,196318
F107,409.3387,1.67,1.594,1.771,202,83604,1.0,0.88,7,1,107663
F108,520.4078,1.636,1.577,1.737,1900,92292,1.0,0.71,10,1,112441
F109,558.3982,1.266,1.215,1.35,2445,59392,0.93,0.96,6,1,78202
F110,558.3982,2.386,2.343,2.486,2445,93036,1.0,0.78,7,1,109712
F111,477.3424,1.653,1.577,1.72,1232,44833,0.79,0.75,5,1,64077
F112,477.3424,2.141,2.04,2.242,1232,500646,1.0,0.98,40,1,525376
F113,410.3093,1.628,1.602,1.72,223,43247,1.0,0.76,5,1,57540
F114,558.4092,2.301,2.2,2.402,2446,120407,1.0,0.91,9,1,145500
F115,520.4507,5.4,5.375,5.468,1901,60044,0.71,0.76,10,1,73687
F116,477.3998,1.67,1.569,1.771,1233,144391,1.0,0.97,10,1,169269
F117,558.4175,1.72,1.619,1.821,2447,1699939,1.0,0.99,120,1,1724939
F118,410.3714,1.644,1.586,1.72,225,79457,1.0,0.99,8,1,99983
F119,520.5051,1.586,1.51,1.686,1902,155990,1.0,0.94,12,1,179688
F120,520.5051,1.804,1.771,1.863,1902,33534,0.8,0.92,5,1,47576
F121,477.8565,2.124,2.074,2.2,1234,153894,1.0,0.83,16,1,169897
F122,520.6931,3.514,3.421,3.615,1903,559165,1.0,0.94,41,1,589484
F123,478.194,2.192,2.091,2.293,1235,197353,0.96,0.97,10,1,223000
F124,558.4429,1.678,1.644,1.72,2450,41562,1.0,0.92,8,1,53605
F125,558.4429,1.796,1.72,1.897,2450,186520,1.0,0.9,22,1,209420
F126,520.865,2.377,2.31,2.47,1904,293209,1.0,0.89,26,1,313893
F127,558.4636,1.653,1.569,1.737,2451,164118,1.0,0.94,17,1,189530
F128,521.0273,3.514,3.421,3.606,1905,280774,1.0,0.98,21,1,303053
F129,558.9008,2.436,2.335,2.512,2452,64864,1.0,0.94,5,1,87968
F130,478.326,4.693,4.592,4.794,1246,80498,1.0,0.96,5,1,107079
F131,478.326,5.392,5.308,5.493,1246,115229,1.0,0.98,10,1,137873
F132,521.2536,2.369,2.276,2.444,1911,93594,1.0,0.99,8,1,113809
F133,411.3551,1.678,1.619,1.746,242,44484,1.0,0.88,5,1,59740
F134,559.0523,3.666,3.573,3.758,2453,177562,1.0,0.96,15,1,200400
F135,478.3572,2.15,2.074,2.2,1249,61928,1.0,0.76,7,1,80283
F136,412.3168,1.594,1.543,1.619,261,41918,1.0,0.99,7,1,53188
F137,412.3234,1.746,1.644,1.846,262,536669,1.0,1.0,34,1,563428
F138,478.3859,1.577,1.501,1.644,1251,227569,1.0,0.98,24,1,245776
F139,521.3316,1.965,1.863,2.049,1916,348132,1.0,0.97,10,1,383555
F140,521.3316,2.091,2.049,2.192,1916,158112,0.98,1.0,6,1,185266
F141,521.3316,2.613,2.512,2.714,1916,300419,1.0,0.99,9,1,337228
F142,559.3908,1.644,1.594,1.678,2455,58625,1.0,0.98,10,1,71194
F143,559.3908,3.691,3.59,3.792,2455,170886,1.0,0.85,13,1,197298
F144,559.4209,1.729,1.628,1.83,2457,565634,1.0,0.99,37,1,597047
F145,521.3398,5.375,5.274,5.476,1917,4680673,1.0,0.99,371,1,4705673
F146,479.2923,3.657,3.564,3.758,1261,157120,1.0,0.98,11,1,182234
F147,413.3217,1.661,1.569,1.729,285,171566,1.0,0.97,16,1,192273
F148,479.3895,1.594,1.526,1.678,1266,83684,1.0,0.87,10,1,100372
F149,559.469,1.644,1.569,1.746,2459,343381,1.0,0.98,32,1,371246
F150,521.3661,2.419,2.394,2.503,1919,84541,1.0,0.93,12,1,103664
F151,521.3661,3.497,3.421,3.598,1919,108791,1.0,0.9,8,1,132549
F152,413.3266,1.729,1.695,1.83,286,97249,1.0,0.7,10,1,117073
F153,480.3418,5.308,5.215,5.409,1284,294805,1.0,0.99,22,1,320667
F154,559.5134,1.628,1.526,1.729,2460,771289,1.0,1.0,78,1,798233
F155,559.5134,2.806,2.748,2.849,2460,34641,1.0,0.91,5,1,47790
F156,413.3712,1.686,1.611,1.779,287,79971,1.0,0.85,6,1,104124
F157,480.4219,1.653,1.56,1.746,1286,144261,1.0,0.94,11,1,169426
F158,521.3809,2.276,2.175,2.377,1920,1443229,1.0,0.98,110,1,1468229
F159,521.3809,2.411,2.402,2.453,1920,34239,0.91,0.63,14,1,41239
F160,521.3809,5.366,5.324,5.468,1920,248418,0.95,0.9,25,1,266418
F161,560.2867,1.569,1.501,1.67,2461,181964,1.0,0.86,17,1,205404
F162,560.2867,5.35,5.257,5.451,2461,99639,0.97,0.99,8,1,124660
F163,521.4166,1.644,1.569,1.746,1921,238521,1.0,0.92,17,1,262468
F164,560.4095,1.703,1.602,1.746,2466,107287,1.0,0.72,13,1,118571
F165,560.4095,1.771,1.746,1.846,2466,65522,1.0,0.89,11,1,80579
F166,415.3165,1.628,1.569,1.729,316,98123,1.0,0.74,9,1,120295
F167,521.8826,2.276,2.175,2.377,1925,813937,1.0,0.99,60,1,846162
F168,560.4427,3.009,2.933,3.11,2467,85170,1.0,0.76,6,1,109504
F169,560.4427,3.186,3.11,3.278,2467,70025,1.0,0.87,6,1,91744
F170,481.259,2.503,2.402,2.605,1299,383725,1.0,0.99,11,1,410744
F171,560.4714,1.653,1.577,1.729,2468,104656,1.0,0.94,13,1,124939
F172,416.2133,1.628,1.543,1.729,320,514080,1.0,0.97,29,1,544254
F173,481.3094,3.623,3.59,3.666,1306,23806,1.0,0.89,5,1,30712
F174,560.5166,1.628,1.56,1.695,2469,283154,1.0,1.0,32,1,300783
F175,522.3346,1.948,1.846,2.049,1935,103255,0.86,0.99,6,1,129265
F176,522.3346,2.613,2.545,2.689,1935,57112,0.84,0.98,6,1,77444
F177,416.2522,1.628,1.586,1.703,324,35247,1.0,0.54,5,1,52154
F178,481.3464,5.324,5.24,5.4,1309,73668,1.0,0.99,6,1,94188
F179,561.2804,1.569,1.526,1.67,2470,58758,1.0,0.85,6,1,77789
F180,522.3519,5.35,5.249,5.451,1937,9848644,1.0,1.0,727,1,9873644
F181,416.2921,1.569,1.493,1.67,330,264119,1.0,0.98,23,1,288450
F182,482.2622,2.52,2.419,2.605,1318,78092,1.0,0.99,6,1,101160
F183,561.3304,1.653,1.611,1.712,2474,45080,1.0,0.92,8,1,57817
F184,561.3304,2.453,2.369,2.554,2474,72288,1.0,0.98,5,1,95628
F185,522.3839,2.276,2.175,2.377,1940,301091,1.0,0.94,23,1,327747
F186,561.341,1.636,1.602,1.686,2475,30624,1.0,0.95,5,1,42826
F187,482.3208,3.59,3.489,3.691,1324,329715,1.0,0.99,23,1,357043
F188,482.3208,5.417,5.316,5.518,1324,217384,1.0,0.99,17,1,243733
F189,417.208,1.703,1.67,1.804,334,59880,1.0,0.63,7,1,79750
F190,522.3983,1.678,1.636,1.762,1941,53888,0.92,0.92,5,1,70119
F191,522.3983,5.366,5.266,5.459,1941,520331,1.0,0.93,37,1,548981
F192,561.3948,1.653,1.586,1.72,2477,177320,1.0,0.87,16,1,192105
F193,561.3948,1.804,1.72,1.906,2477,304104,1.0,0.96,22,1,327097
F194,417.2145,1.636,1.577,1.678,335,77139,1.0,0.98,10,1,93763
F195,522.4244,1.636,1.586,1.67,1942,43986,1.0,0.9,7,1,57122
F196,482.3647,1.678,1.577,1.779,1327,3415453,1.0,0.96,229,1,3440453
F197,482.3647,3.0,2.941,3.059,1327,32467,0.72,0.69,5,1,47467
F198,482.3647,5.526,5.426,5.628,1327,437506,0.88,0.98,33,1,462506
F199,561.4837,1.636,1.535,1.737,2478,292327,1.0,0.93,27,1,317277
F200,417.295,1.577,1.518,1.67,346,73842,1.0,0.97,8,1,91340
F201,522.4331,1.703,1.602,1.804,1943,258252,1.0,0.97,10,1,284074
F202,561.5198,1.602,1.569,1.619,2479,23372,0.71,0.89,5,1,34292
F203,523.2993,1.67,1.628,1.771,1949,54261,1.0,0.77,5,1,74328
F204,482.4025,1.695,1.594,1.796,1328,467498,1.0,0.95,5,1,554994
F205,419.2734,1.653,1.594,1.754,363,171329,1.0,0.98,18,1,191693
F206,561.8572,2.461,2.419,2.562,2480,101780,1.0,0.75,9,1,119744
F207,523.3288,1.973,1.872,2.074,1952,125236,0.82,0.86,8,1,150766
F208,483.2435,5.375,5.291,5.459,1330,68624,1.0,0.99,5,1,91558
F209,562.3213,5.333,5.232,5.434,2484,172689,1.0,0.99,13,1,198731
F210,523.3556,5.358,5.257,5.459,1955,2774117,1.0,1.0,205,1,2799117
F211,419.3124,2.049,1.956,2.15,366,133251,1.0,0.99,11,1,157037
F212,483.3234,3.615,3.514,3.691,1339,81897,1.0,0.99,7,1,104280
F213,483.3234,5.426,5.35,5.501,1339,46062,1.0,0.89,5,1,65633
F214,421.3411,1.67,1.602,1.771,400,136395,1.0,0.98,12,1,160272
F215,562.3573,2.47,2.386,2.562,2487,96188,1.0,0.99,7,1,119667
F216,523.3886,1.653,1.577,1.754,1956,106316,1.0,0.9,8,1,129647
F217,523.3886,5.358,5.266,5.451,1956,108316,1.0,0.92,13,1,133175
F218,483.3606,5.535,5.442,5.611,1342,94816,1.0,0.99,8,1,116599
F219,422.3233,5.417,5.333,5.442,416,47446,1.0,0.83,5,1,64147
F220,523.4317,1.644,1.569,1.746,1957,209563,0.95,0.92,14,1,233206
F221,562.3954,1.804,1.712,1.872,2490,68478,1.0,0.64,7,1,90926
F222,422.3439,1.712,1.611,1.813,417,194841,1.0,0.99,13,1,221081
F223,483.3689,1.661,1.56,1.762,1343,974763,1.0,0.97,63,1,1007193
F224,562.4453,1.594,1.552,1.628,2491,27126,1.0,0.8,5,1,34503
F225,524.2712,3.564,3.379,3.666,1962,190628,1.0,0.89,8,1,226295
F226,423.3251,1.737,1.56,1.83,436,96014,1.0,0.67,5,1,130181
F227,562.4877,1.644,1.602,1.686,2492,51161,1.0,0.81,8,1,65297
F228,483.4075,1.695,1.594,1.796,1345,183165,1.0,0.98,5,1,217628
F229,563.3731,1.695,1.611,1.796,2499,230910,0.95,0.93,14,1,253727
F230,484.2791,2.697,2.63,2.79,1350,60681,1.0,0.96,5,1,81059
F231,563.4244,1.644,1.577,1.746,2500,422755,1.0,0.97,51,1,445159
F232,524.3461,5.324,5.291,5.366,1969,27012,1.0,0.64,5,1,42305
F233,484.3936,1.628,1.586,1.695,1358,58083,1.0,0.91,7,1,70650
F234,424.2797,1.636,1.577,1.729,449,134194,1.0,0.97,9,1,156069
F235,524.3688,1.653,1.644,1.695,1971,15294,0.34,0.55,5,1,22294
F236,524.3688,5.324,5.223,5.426,1971,18374519,1.0,1.0,1355,1,18399519
F237,484.4079,1.661,1.602,1.754,1360,49107,1.0,0.81,5,1,69246
F238,564.3553,2.706,2.605,2.806,2509,1249682,1.0,0.99,32,1,1306768
F239,524.3973,5.324,5.274,5.366,1972,580321,1.0,0.99,78,1,592328
F240,424.3243,1.67,1.569,1.771,454,2305542,1.0,0.96,156,1,2330542
F241,485.346,1.703,1.636,1.729,1376,59489,1.0,0.88,9,1,74169
F242,424.3391,5.366,5.266,5.468,455,705722,1.0,0.95,59,1,731915
F243,524.415,5.324,5.223,5.426,1973,900242,1.0,0.96,67,1,932111
F244,564.3839,3.901,3.8,4.002,2512,695036,1.0,1.0,44,1,724924
F245,524.4466,1.67,1.594,1.771,1974,236847,1.0,0.96,18,1,257757
F246,424.3604,1.695,1.594,1.796,456,1260238,1.0,0.99,25,1,1315937
F247,485.3536,1.956,1.855,2.04,1377,798454,1.0,0.94,27,1,823325
F248,485.3536,2.082,2.04,2.124,1377,210840,0.83,0.9,12,1,222735
F249,485.3536,2.259,2.158,2.36,1377,2644188,1.0,1.0,103,1,2671222
F250,564.4312,1.644,1.543,1.746,2516,203377,1.0,0.92,21,1,228577
F251,525.286,2.596,2.495,2.697,1977,342495,1.0,0.99,13,1,380165
F252,564.7189,3.893,3.8,3.994,2517,508665,1.0,0.98,40,1,542323
F253,525.3713,5.316,5.215,5.417,1982,5377973,1.0,0.99,406,1,5402973
F254,485.3926,1.644,1.577,1.686,1381,41052,1.0,0.77,7,1,55136
F255,564.8918,2.554,2.453,2.655,2518,468622,1.0,0.99,34,1,497753
F256,485.3975,2.251,2.166,2.335,1382,117604,1.0,0.95,11,1,138857
F257,565.0532,3.893,3.792,3.994,2519,241335,1.0,0.76,15,1,267860
F258,525.4149,5.324,5.232,5.409,1984,293417,1.0,0.98,24,1,316564
F259,485.4283,1.678,1.594,1.737,1383,63167,1.0,0.95,6,1,85514
F260,525.4507,1.661,1.611,1.754,1985,80728,1.0,0.91,8,1,101348
F261,565.2798,2.444,2.36,2.545,2522,154791,1.0,0.99,11,1,179748
F262,485.8542,2.242,2.141,2.343,1384,1331690,1.0,0.99,93,1,1365271
F263,526.2888,2.605,2.529,2.689,1990,82313,0.74,0.99,5,1,102157
F264,526.2888,3.556,3.472,3.657,1990,355816,0.75,0.96,22,1,379463
F265,565.3581,2.714,2.613,2.815,2529,365583,1.0,0.99,20,1,391526
F266,486.3237,2.31,2.209,2.411,1399,150747,1.0,0.98,7,1,176175
F267,425.3238,1.67,1.577,1.771,478,611519,1.0,0.96,40,1,638649
F268,526.3717,5.324,5.223,5.426,1998,1013118,1.0,1.0,71,1,1045740
F269,565.3836,3.876,3.834,3.91,2531,35196,1.0,0.92,6,1,47058
F270,425.3426,5.366,5.291,5.459,479,211715,1.0,0.99,18,1,235326
F271,526.3919,1.729,1.628,1.83,2000,460195,1.0,1.0,30,1,486951
F272,486.3566,1.965,1.863,2.057,1403,248581,1.0,0.95,15,1,273430
F273,486.3566,2.242,2.15,2.343,1403,493159,1.0,0.99,36,1,515844
F274,565.3935,2.588,2.562,2.672,2532,122514,1.0,0.95,17,1,141813
F275,425.3634,1.695,1.619,1.796,480,390251,0.77,0.99,27,1,413066
F276,486.8561,2.234,2.166,2.335,1405,103967,1.0,0.98,8,1,126318
F277,425.4066,1.619,1.577,1.678,481,43409,0.64,0.52,6,1,57868
F278,526.4279,1.729,1.628,1.83,2001,295078,1.0,0.98,3,1,382970
F279,526.4279,8.701,8.028,9.476,2001,811925,0.63,0.56,2,1,1414772
F280,565.4011,1.577,1.51,1.644,2533,91149,1.0,0.98,9,1,109986
F281,565.4011,2.545,2.512,2.588,2533,77365,1.0,0.92,17,1,87369
F282,426.3318,1.67,1.577,1.746,498,127125,1.0,0.97,10,1,147361
F283,527.2918,3.564,3.472,3.666,2011,113497,0.79,0.95,7,1,138976
F284,426.3551,5.324,5.223,5.426,499,1004206,1.0,0.99,73,1,1032009
F285,565.4178,1.661,1.644,1.729,2534,28435,0.62,0.55,7,1,39435
F286,565.4178,2.436,2.335,2.537,2534,2832858,1.0,0.99,198,1,2857858
F287,426.3663,1.686,1.644,1.779,500,71237,0.57,0.96,7,1,87536
F288,527.376,5.324,5.232,5.426,2017,148729,1.0,0.99,12,1,174012
F289,427.3575,5.333,5.232,5.434,501,242756,1.0,0.97,22,1,268650
F290,527.3945,1.729,1.628,1.83,2018,155637,1.0,0.99,10,1,180637
F291,527.4312,1.703,1.653,1.804,2021,87905,0.73,0.92,3,1,114598
F292,565.5632,1.594,1.493,1.695,2536,4777090,1.0,0.98,155,1,4810199
F293,428.3704,5.324,5.232,5.4,518,243395,1.0,0.98,20,1,262370
F294,565.9085,2.428,2.335,2.478,2539,1504414,1.0,0.97,128,1,1522414
F295,429.086,1.543,1.451,1.619,520,239285,1.0,0.99,21,1,259036
F296,528.4064,1.804,1.703,1.906,2034,162387,0.72,0.84,8,1,187992
F297,566.3177,5.324,5.223,5.426,2543,171462,1.0,0.99,12,1,196744
F298,429.2793,1.661,1.577,1.762,533,498390,1.0,0.94,37,1,524608
F299,566.3611,2.714,2.646,2.806,2548,75250,1.0,0.96,7,1,96858
F300,429.3155,1.67,1.602,1.771,538,466443,1.0,0.89,32,1,491685
F301,487.3226,1.661,1.586,1.762,1414,534468,1.0,0.89,42,1,558895
F302,487.3226,2.992,2.916,3.076,1414,68480,0.8,0.98,6,1,85713
F303,529.3704,1.712,1.628,1.813,2046,123703,1.0,0.98,9,1,148583
F304,566.4079,1.594,1.518,1.686,2550,80082,0.87,0.83,8,1,103471
F305,566.4079,2.428,2.327,2.529,2550,685991,1.0,0.99,48,1,714941
F306,429.3318,1.628,1.56,1.661,541,32928,1.0,0.56,5,1,46574
F307,529.3789,2.394,2.293,2.495,2047,6087292,1.0,0.99,453,1,6112292
F308,529.418,1.678,1.594,1.754,2048,80499,0.84,0.59,7,1,101677
F309,529.418,2.394,2.31,2.478,2048,308272,1.0,0.95,27,1,335035
F310,429.3701,1.586,1.484,1.686,542,994888,1.0,0.98,75,1,1023577
F311,429.3701,5.316,5.249,5.4,542,54772,0.72,0.9,5,1,74550
F312,566.4579,1.754,1.653,1.855,2552,172757,1.0,0.98,9,1,198382
F313,529.7017,3.438,3.346,3.506,2049,201530,1.0,0.93,18,1,226746
F314,430.0866,1.543,1.501,1.586,543,49731,1.0,0.79,8,1,61667
F315,566.5664,1.577,1.484,1.678,2553,1899679,1.0,0.98,124,1,1923679
F316,430.2819,1.661,1.586,1.762,553,146751,1.0,0.92,13,1,169981
F317,566.9113,2.419,2.377,2.495,2554,128873,1.0,0.97,14,1,144683
F318,487.3568,1.678,1.586,1.779,1418,111114,1.0,0.94,4,1,133222
F319,430.3181,1.678,1.611,1.779,558,130364,1.0,0.93,11,1,153230
F320,529.8835,2.394,2.293,2.495,2050,3395620,1.0,0.99,252,1,3420620
F321,430.3754,1.586,1.484,1.686,559,560074,1.0,0.99,42,1,588034
F322,487.3724,1.628,1.594,1.712,1420,44259,1.0,0.82,6,1,58116
F323,567.413,1.594,1.518,1.67,2562,88141,1.0,0.88,10,1,109509
F324,529.9259,2.386,2.318,2.486,2053,124951,1.0,0.61,12,1,145377
F325,431.0826,1.552,1.468,1.594,561,48501,1.0,0.77,7,1,65825
F326,487.83,2.251,2.2,2.318,1424,73589,1.0,0.97,9,1,87967
F327,530.0367,3.43,3.329,3.522,2055,175550,1.0,0.94,16,1,204182
F328,567.5693,1.586,1.501,1.686,2566,416988,1.0,0.99,37,1,441983
F329,568.3343,5.299,5.198,5.4,2571,599331,1.0,1.0,40,1,628643
F330,568.385,2.411,2.352,2.512,2575,69124,1.0,0.93,6,1,89580
F331,431.243,1.619,1.543,1.712,569,75550,1.0,0.88,7,1,98746
F332,568.4231,1.602,1.501,1.703,2577,428057,1.0,0.98,32,1,460835
F333,488.3263,1.661,1.619,1.762,1434,136345,1.0,0.8,14,1,154974
F334,530.3083,1.678,1.577,1.779,2061,4109022,1.0,0.97,15,1,4318685
F335,431.3129,1.661,1.619,1.703,577,29123,1.0,0.87,5,1,41134
F336,431.3129,1.746,1.703,1.796,577,31002,1.0,0.92,5,1,45959
F337,488.3345,2.242,2.166,2.327,1435,65009,1.0,0.93,6,1,85372
F338,568.4696,1.746,1.712,1.83,2579,76530,0.29,0.7,10,1,84851
F339,431.3496,1.586,1.526,1.686,579,102896,1.0,0.89,10,1,124638
F340,488.3506,1.586,1.493,1.644,1437,94626,0.6,0.91,9,1,115465
F341,530.3721,3.421,3.354,3.472,2066,76692,1.0,0.96,8,1,91686
F342,431.3796,1.577,1.493,1.678,580,138700,1.0,0.9,12,1,162405
F343,569.3117,2.722,2.621,2.823,2583,271471,1.0,0.99,10,1,304413
F344,488.3606,1.644,1.611,1.67,1438,20748,1.0,0.97,5,1,29955
F345,530.3828,2.402,2.301,2.503,2067,1268570,1.0,0.99,88,1,1301656
F346,569.3296,1.417,1.375,1.518,2584,98836,1.0,0.85,13,1,119292
F347,530.4241,1.661,1.611,1.703,2070,62333,1.0,0.97,8,1,75267
F348,530.4241,2.411,2.327,2.478,2070,54288,1.0,0.87,5,1,73240
F349,489.3101,3.926,3.826,4.028,1448,225433,1.0,0.99,16,1,253049
F350,569.3395,5.308,5.206,5.4,2585,193406,1.0,0.99,14,1,220739
F351,531.271,1.594,1.535,1.67,2074,65129,1.0,0.97,7,1,83243
F352,569.3594,1.602,1.501,1.703,2587,306861,1.0,0.99,26,1,332671
F353,489.3334,1.594,1.493,1.628,1451,160234,1.0,0.92,19,1,177451
F354,432.2777,2.411,2.31,2.512,586,750663,1.0,1.0,8,1,875719
F355,432.2777,8.853,8.306,9.796,586,1048413,0.87,0.79,2,1,1921017
F356,569.4277,1.602,1.526,1.636,2590,182760,1.0,0.97,23,1,195803
F357,432.8126,2.099,2.074,2.141,590,26181,0.88,0.88,5,1,39200
F358,489.3468,1.644,1.611,1.72,1453,79664,1.0,0.85,14,1,95121
F359,531.3489,1.67,1.628,1.712,2080,41414,0.94,0.82,8,1,45138
F360,531.3489,1.737,1.712,1.838,2080,63627,0.88,0.63,7,1,81416
F361,489.3528,1.594,1.543,1.628,1454,50091,1.0,0.89,8,1,61561
F362,569.4577,1.678,1.586,1.779,2592,235585,1.0,0.94,16,1,261701
F363,531.3633,1.636,1.552,1.695,2082,69801,0.78,0.8,6,1,91340
F364,433.2384,1.636,1.552,1.737,599,413694,1.0,0.97,31,1,438555
F365,489.8119,3.943,3.876,3.986,1456,58171,1.0,0.86,7,1,75556
F366,570.3011,1.653,1.586,1.754,2593,70696,1.0,0.93,5,1,91270
F367,531.3824,2.386,2.293,2.486,2083,90413,1.0,0.98,4,1,114152
F368,570.3139,2.706,2.646,2.806,2594,66838,1.0,0.87,6,1,88402
F369,490.3437,1.602,1.526,1.636,1466,59446,1.0,0.85,9,1,73903
F370,531.4051,1.569,1.468,1.67,2085,21351036,1.0,0.99,2024,1,21376036
F371,490.3499,1.644,1.619,1.72,1467,59046,1.0,0.91,8,1,73137
F372,531.453,1.586,1.484,1.653,2086,843847,1.0,0.91,83,1,861650
F373,433.2807,2.411,2.31,2.512,605,197297,1.0,0.98,7,1,224442
F374,491.0082,3.261,3.177,3.362,1468,380181,1.0,0.97,27,1,409190
F375,570.3524,1.602,1.526,1.703,2598,112745,1.0,0.99,10,1,136020
F376,570.3524,5.308,5.206,5.409,2598,221061,1.0,0.98,15,1,247874
F377,531.8561,2.386,2.318,2.47,2087,230840,1.0,0.97,21,1,255304
F378,433.2865,1.644,1.594,1.686,606,42634,1.0,0.98,6,1,54410
F379,491.3452,3.278,3.177,3.379,1482,324901,1.0,0.99,21,1,351546
F380,570.4179,1.762,1.661,1.863,2600,420213,1.0,0.99,27,1,444580
F381,532.3131,1.678,1.577,1.779,2091,316682,1.0,0.97,10,1,356319
F382,491.3559,2.2,2.175,2.293,1483,39406,0.45,0.94,4,1,53612
F383,434.2416,1.628,1.586,1.703,618,68341,1.0,0.95,7,1,85187
F384,570.4538,1.788,1.686,1.889,2601,323518,1.0,0.96,3,1,402172
F385,491.3674,1.653,1.586,1.754,1484,207978,1.0,0.94,19,1,231632
F386,491.3674,2.108,2.006,2.209,1484,130864,1.0,0.99,8,1,157331
F387,434.3793,1.644,1.602,1.746,624,62926,1.0,0.82,5,1,82094
F388,491.4155,1.636,1.586,1.67,1485,40200,1.0,0.85,5,1,53564
F389,532.3543,2.402,2.301,2.503,2095,136274,1.0,0.93,10,1,161166
F390,436.3542,1.586,1.493,1.661,625,176043,1.0,0.96,17,1,200007
F391,570.5048,1.644,1.569,1.67,2604,40579,1.0,0.75,5,1,54020
F392,532.3633,1.67,1.602,1.703,2096,36945,0.53,0.87,5,1,51524
F393,436.3956,1.611,1.569,1.703,626,100676,1.0,0.91,10,1,119398
F394,492.3209,1.586,1.493,1.67,1497,235324,1.0,0.99,19,1,259044
F395,571.3297,1.417,1.375,1.51,2607,88200,1.0,0.86,11,1,106853
F396,532.3787,1.712,1.67,1.813,2097,53128,0.94,0.91,3,1,70525
F397,437.1909,1.644,1.569,1.737,629,824351,1.0,0.99,126,1,845351
F398,571.3608,1.611,1.543,1.678,2609,50786,1.0,0.99,5,1,66479
F399,571.3608,5.308,5.206,5.392,2609,68711,1.0,0.96,5,1,91976
F400,532.4084,1.569,1.468,1.67,2099,7103999,1.0,0.99,645,1,7128999
F401,492.3662,1.644,1.569,1.678,1500,53944,1.0,0.92,7,1,69155
F402,571.4095,1.266,1.206,1.341,2610,106112,1.0,0.99,11,1,125201
F403,571.4294,1.644,1.602,1.695,2611,90330,1.0,0.97,12,1,107533
F404,492.4217,1.661,1.56,1.762,1501,126366,1.0,0.98,3,1,156307
F405,533.3364,4.238,4.137,4.339,2108,242915,1.0,0.98,18,1,269396
F406,437.2323,1.644,1.602,1.729,633,69423,1.0,0.93,2,1,101928
F407,437.2323,2.411,2.31,2.512,633,379625,1.0,1.0,8,1,427277
F408,493.3256,1.594,1.518,1.695,1514,122487,1.0,0.97,10,1,145114
F409,533.3441,1.771,1.686,1.804,2109,39382,1.0,0.78,5,1,55071
F410,437.3703,1.653,1.56,1.754,644,154320,1.0,0.9,12,1,180043
F411,571.4579,1.754,1.653,1.855,2613,117512,1.0,0.78,3,1,141784
F412,438.196,1.644,1.586,1.72,646,227620,1.0,1.0,29,1,247590
F413,493.3853,1.628,1.594,1.695,1517,44788,1.0,0.65,7,1,59766
F414,533.4081,1.577,1.484,1.67,2115,1876708,1.0,0.98,170,1,1899708
F415,571.4646,1.526,1.434,1.552,2614,49085,0.76,0.87,5,1,66915
F416,438.2341,2.402,2.343,2.503,649,72337,1.0,0.96,6,1,93648
F417,533.8386,4.255,4.171,4.314,2116,87019,1.0,0.79,7,1,107214
F418,494.3215,5.409,5.308,5.51,1529,803947,1.0,1.0,57,1,832858
F419,534.2903,5.383,5.282,5.484,2122,437669,1.0,1.0,32,1,464085
F420,572.3672,5.291,5.206,5.35,2622,65506,1.0,0.97,6,1,83858
F421,494.3373,1.577,1.501,1.67,1530,110221,1.0,0.98,9,1,133903
F422,438.3758,1.67,1.569,1.771,659,367392,1.0,0.98,5,1,438828
F423,439.1986,1.644,1.594,1.695,661,49306,1.0,0.99,7,1,64225
F424,534.4085,1.577,1.476,1.67,2130,463032,1.0,1.0,41,1,488767
F425,572.4311,1.67,1.569,1.72,2627,91294,0.37,0.94,6,1,110438
F426,494.401,1.72,1.619,1.821,1531,127359,0.88,0.96,3,1,151868
F427,534.8808,2.369,2.31,2.411,2131,50343,1.0,0.91,8,1,64945
F428,439.3797,1.678,1.577,1.779,675,151106,1.0,0.96,6,1,178573
F429,573.3264,1.417,1.392,1.459,2634,27090,1.0,0.97,5,1,37510
F430,535.0338,3.632,3.531,3.733,2132,748087,1.0,0.99,48,1,779613
F431,440.3178,1.703,1.653,1.804,690,56928,1.0,0.72,5,1,76337
F432,495.2626,1.569,1.468,1.653,1538,78661,1.0,0.98,5,1,102354
F433,573.3965,1.796,1.695,1.855,2638,80677,1.0,0.78,7,1,98398
F434,535.2924,5.4,5.358,5.476,2136,55303,1.0,0.83,10,1,66430
F435,440.355,1.737,1.636,1.838,693,270691,1.0,0.95,16,1,296255
F436,495.3249,5.409,5.308,5.51,1547,231811,1.0,1.0,18,1,256933
F437,573.4054,2.554,2.453,2.655,2639,10252568,1.0,0.99,748,1,10277568
F438,535.2988,5.358,5.299,5.4,2137,29878,1.0,0.88,6,1,43544
F439,495.3853,1.796,1.712,1.83,1548,77245,1.0,0.7,9,1,96290
F440,440.379,1.703,1.602,1.804,695,73110,1.0,0.95,5,1,97806
F441,535.3678,3.632,3.531,3.733,2144,630005,1.0,0.97,41,1,664697
F442,573.4521,1.653,1.569,1.712,2642,192997,1.0,0.97,20,1,215672
F443,573.4521,2.554,2.453,2.655,2642,462109,1.0,0.88,33,1,489418
F444,440.4454,1.611,1.56,1.695,696,337808,0.79,0.77,34,1,351481
F445,495.4025,1.644,1.577,1.703,1549,76917,1.0,0.96,8,1,89390
F446,495.4025,1.729,1.712,1.821,1549,40967,1.0,0.78,5,1,58576
F447,573.484,1.493,1.409,1.594,2643,464036,1.0,0.96,32,1,480621
F448,496.3062,5.375,5.299,5.476,1559,90761,1.0,0.96,8,1,113766
F449,441.32,1.678,1.661,1.771,714,41318,1.0,0.67,5,1,58600
F450,535.3955,1.644,1.611,1.746,2146,93469,1.0,0.83,10,1,112953
F451,535.3955,2.234,2.133,2.327,2146,319662,1.0,0.98,22,1,340873
F452,441.327,2.116,2.015,2.217,715,670507,1.0,0.99,49,1,700661
F453,573.5251,2.554,2.453,2.655,2644,295452,1.0,1.0,10,1,321837
F454,496.3254,5.358,5.333,5.383,1561,17357,1.0,0.84,5,1,25396
F455,496.3254,5.417,5.383,5.434,1561,22109,1.0,0.94,5,1,28341
F456,535.4196,1.518,1.493,1.586,2148,35056,0.69,0.61,5,1,50303
F457,441.3338,1.594,1.535,1.636,716,86089,1.0,0.99,11,1,102704
F458,573.7274,3.792,3.708,3.893,2645,210892,1.0,0.98,17,1,233973
F459,496.3377,5.392,5.291,5.493,1562,50175478,1.0,1.0,3255,1,50200478
F460,573.9068,2.554,2.453,2.655,2646,6369677,1.0,0.99,463,1,6394677
F461,441.3513,1.636,1.586,1.67,717,45573,1.0,0.97,8,1,59213
F462,535.7022,3.623,3.564,3.716,2149,239579,1.0,0.94,22,1,258790
F463,574.0622,3.809,3.708,3.91,2647,153595,1.0,0.9,12,1,180870
F464,496.3814,5.383,5.282,5.484,1564,2297258,1.0,0.99,169,1,2322258
F465,535.8975,2.242,2.158,2.327,2150,165263,1.0,0.97,13,1,190089
F466,441.3567,1.695,1.661,1.796,718,57799,1.0,0.72,6,1,77188
F467,574.3154,5.383,5.299,5.476,2651,122492,1.0,1.0,11,1,145259
F468,536.0371,3.632,3.59,3.674,2151,50093,1.0,0.96,9,1,60862
F469,441.4102,1.636,1.543,1.737,721,2963830,1.0,0.97,224,1,2987830
F470,536.1622,1.56,1.518,1.636,2152,166838,1.0,0.95,26,1,184892
F471,441.4514,1.644,1.602,1.729,722,116477,1.0,0.81,14,1,133777
F472,574.3747,2.495,2.411,2.596,2655,114693,1.0,0.97,9,1,139507
F473,497.3404,5.392,5.291,5.493,1581,12577844,1.0,1.0,932,1,12602844
F474,441.8281,2.108,2.023,2.192,723,294172,1.0,0.98,25,1,319573
F475,574.3952,3.809,3.708,3.91,2657,123012,1.0,0.98,8,1,148924
F476,536.295,5.392,5.291,5.476,2156,63129,1.0,0.97,5,1,86991
F477,574.4074,2.571,2.47,2.672,2658,2448357,1.0,0.99,169,1,2473357
F478,536.3867,2.369,2.268,2.453,2162,69632,1.0,0.92,5,1,93586
F479,497.4204,1.695,1.594,1.796,1586,224824,1.0,0.98,13,1,253649
F480,442.297,2.242,2.141,2.343,737,198388,1.0,0.97,7,1,227908
F481,574.4555,2.554,2.512,2.571,2661,35564,1.0,0.91,7,1,45864
F482,498.3432,5.392,5.291,5.493,1588,2258932,1.0,0.99,182,1,2283932
F483,536.4029,2.242,2.141,2.301,2164,71513,1.0,0.96,6,1,91984
F484,574.4866,1.484,1.442,1.586,2662,153369,1.0,0.83,13,1,175291
F485,442.3336,1.737,1.636,1.838,740,1407376,1.0,1.0,85,1,1438146
F486,442.3336,2.116,2.015,2.217,740,117794,0.74,0.97,8,1,143888
F487,498.3588,1.72,1.619,1.821,1589,78440,0.68,0.87,3,1,103957
F488,536.436,1.56,1.459,1.636,2165,826162,1.0,0.83,57,1,850633
F489,536.436,1.67,1.644,1.72,2165,43061,0.84,0.93,8,1,54917
F490,574.9091,2.554,2.453,2.655,2664,708623,1.0,1.0,49,1,737347
F491,442.4135,1.644,1.56,1.746,742,493733,1.0,0.98,39,1,515401
F492,575.3712,1.762,1.67,1.846,2665,69942,0.64,0.95,5,1,94577
F493,498.3846,5.4,5.324,5.442,1592,89614,1.0,0.93,10,1,108458
F494,536.4485,1.678,1.636,1.737,2166,55483,1.0,0.91,2,1,66345
F495,443.2957,1.678,1.602,1.779,756,89159,0.92,0.92,6,1,112912
F496,575.4088,2.545,2.444,2.646,2668,168904,1.0,0.99,9,1,195043
F497,575.4633,1.644,1.56,1.746,2670,515878,1.0,0.9,48,1,537613
F498,537.1629,1.569,1.501,1.628,2168,105528,1.0,0.94,12,1,125398
F499,498.8526,2.318,2.234,2.411,1595,291719,1.0,0.99,23,1,316884
F500,537.3907,1.602,1.501,1.703,2183,132927,1.0,0.64,10,1,158316
F501,443.3318,1.644,1.602,1.678,759,50406,1.0,0.91,4,1,65301
F502,499.3449,5.383,5.282,5.484,1596,329978,1.0,1.0,26,1,357848
F503,575.5001,1.484,1.4,1.586,2671,2565555,1.0,0.89,180,1,2588555
F504,575.5001,2.815,2.756,2.908,2671,77972,0.6,0.92,7,1,96972
F505,443.3369,1.737,1.644,1.838,760,427164,1.0,0.97,29,1,458099
F506,499.3525,2.352,2.335,2.394,1597,37544,1.0,0.99,8,1,46963
F507,537.4437,1.56,1.459,1.661,2184,415230,1.0,0.92,29,1,449251
F508,575.8817,2.562,2.478,2.655,2672,381775,1.0,0.96,32,1,401096
F509,499.3597,2.318,2.284,2.36,1598,52568,1.0,0.98,12,1,60947
F510,443.3815,1.611,1.569,1.686,761,50528,1.0,0.73,7,1,66953
F511,537.8756,5.282,5.181,5.383,2187,233096,0.76,0.86,12,1,258897
F512,537.8756,7.859,7.606,8.036,2187,167908,0.71,0.96,6,1,220219
F513,576.3777,2.554,2.545,2.646,2673,60587,0.47,0.77,8,1,64562
F514,499.3681,2.217,2.116,2.318,1599,923860,1.0,0.99,63,1,950976
F515,499.3681,2.352,2.327,2.386,1599,19895,0.64,0.98,5,1,28767
F516,576.3878,2.545,2.47,2.63,2674,154805,1.0,0.83,17,1,173959
F517,499.4045,1.686,1.611,1.754,1601,53419,1.0,0.83,5,1,74632
F518,538.43,1.712,1.628,1.813,2190,59579,0.63,0.57,5,1,81322
F519,576.4665,1.644,1.602,1.737,2678,170526,1.0,0.9,22,1,192359
F520,499.8694,2.209,2.133,2.293,1602,377052,1.0,0.97,36,1,399813
F521,538.4413,1.56,1.459,1.644,2191,135940,1.0,0.85,9,1,159845
F522,444.3359,1.678,1.619,1.838,782,117499,1.0,0.87,6,1,147576
F523,500.272,3.649,3.556,3.75,1608,121736,0.86,0.98,8,1,145104
F524,576.5029,1.493,1.4,1.594,2679,1085423,1.0,0.92,68,1,1114047
F525,444.3769,1.636,1.543,1.737,783,308633,1.0,0.99,27,1,332474
F526,500.3514,3.177,3.093,3.278,1616,126598,1.0,0.98,10,1,150110
F527,538.5348,1.586,1.493,1.686,2192,1390955,1.0,0.98,129,1,1414955
F528,577.1227,1.543,1.501,1.611,2680,92099,1.0,0.98,12,1,102018
F529,577.363,4.541,4.44,4.642,2683,148924,1.0,0.99,11,1,175234
F530,500.3706,2.209,2.108,2.31,1618,191124,1.0,0.96,15,1,217071
F531,577.3712,1.804,1.762,1.872,2684,48978,1.0,0.97,6,1,60358
F532,500.3766,1.72,1.619,1.821,1619,1730290,1.0,0.97,118,1,1755290
F533,539.308,1.67,1.569,1.771,2199,1108522,1.0,1.0,27,1,1140788
F534,577.4788,1.644,1.569,1.746,2689,714274,1.0,0.93,61,1,738035
F535,445.2309,5.097,4.996,5.173,785,65971,0.14,0.9,2,1,141036
F536,577.5151,1.476,1.392,1.577,2690,3077930,1.0,0.89,224,1,3100930
F537,501.4227,1.611,1.518,1.712,1638,660652,0.9,0.89,40,1,690152
F538,539.4276,1.686,1.628,1.72,2205,80669,1.0,0.98,11,1,99481
F539,578.3265,5.383,5.282,5.484,2694,366514,1.0,1.0,25,1,393791
F540,539.5367,1.586,1.526,1.686,2206,274192,1.0,0.98,26,1,295043
F541,578.3604,2.562,2.47,2.63,2696,82603,1.0,0.96,7,1,105266
F542,445.2495,1.653,1.611,1.703,787,49350,1.0,0.99,5,1,61665
F543,540.4106,1.661,1.56,1.762,2213,3467970,1.0,0.95,243,1,3492970
F544,578.3893,5.375,5.274,5.476,2699,841230,1.0,1.0,71,1,868617
F545,445.2846,3.615,3.514,3.716,792,194502,1.0,0.99,14,1,220491
F546,578.4304,1.67,1.619,1.771,2701,79286,1.0,0.87,8,1,99906
F547,578.4831,1.636,1.569,1.737,2702,258051,1.0,0.93,26,1,278654
F548,578.5185,1.484,1.392,1.586,2703,1257857,1.0,0.89,82,1,1286815
F549,579.0601,4.019,3.935,4.12,2704,519565,1.0,0.96,39,1,544382
F550,445.3651,1.577,1.476,1.678,800,573968,1.0,0.99,51,1,603609
F551,540.4195,1.813,1.779,1.855,2214,133887,1.0,0.97,12,1,142044
F552,540.4195,1.889,1.855,1.931,2214,36013,0.23,0.91,3,1,43116
F553,579.3342,5.383,5.282,5.484,2705,150604,1.0,1.0,12,1,175426
F554,446.2506,1.636,1.586,1.703,809,72486,1.0,0.98,8,1,90530
F555,540.4289,1.838,1.813,1.88,2215,65080,1.0,0.95,13,1,79883
F556,446.368,1.577,1.501,1.653,819,201449,1.0,0.99,19,1,217657
F557,579.3945,1.636,1.602,1.712,2706,41453,0.9,0.92,5,1,57241
F558,579.3945,4.036,3.935,4.137,2706,566433,1.0,1.0,35,1,594187
F559,579.3945,5.375,5.282,5.459,2706,278817,1.0,1.0,25,1,302017
F560,540.4352,8.583,8.499,8.617,2216,35847,0.25,0.76,3,1,51015
F561,540.4352,9.013,8.937,9.055,2216,37463,0.29,0.75,3,1,56850
F562,502.3231,0.541,0.491,0.617,1642,31034,0.27,0.75,2,1,49150
F563,502.3231,3.489,3.413,3.564,1642,52515,0.44,0.66,2,1,73539
F564,502.3231,4.726,4.626,4.819,1642,107467,0.7,0.7,2,1,132606
F565,502.3231,5.375,5.274,5.468,1642,106217,0.73,0.83,2,1,131993
F566,447.2913,1.754,1.653,1.855,833,371897,1.0,0.97,17,1,400198
F567,579.4226,2.394,2.293,2.495,2707,598544,1.0,0.98,37,1,626571
F568,579.4226,2.512,2.495,2.579,2707,56095,0.86,0.92,8,1,72823
F569,447.3417,1.586,1.51,1.686,834,143563,1.0,0.96,10,1,166449
F570,502.3891,1.636,1.602,1.678,1648,22735,1.0,0.85,6,1,34379
F571,579.4935,1.644,1.586,1.746,2708,266754,1.0,0.86,29,1,289117
F572,448.2669,4.878,4.811,4.962,844,84784,1.0,0.98,7,1,107463
F573,579.5277,1.493,1.409,1.56,2709,350130,0.71,0.94,27,1,370381
F574,502.4237,1.678,1.577,1.779,1652,294525,0.95,0.94,16,1,323598
F575,448.2926,1.754,1.653,1.855,846,94946,1.0,0.94,6,1,119738
F576,579.5782,1.577,1.535,1.602,2710,33695,1.0,0.94,6,1,48942
F577,503.1045,1.552,1.468,1.594,1658,120283,1.0,0.81,15,1,141393
F578,448.3169,3.421,3.32,3.522,848,224524,1.0,0.98,16,1,250476
F579,579.7287,4.028,3.935,4.129,2711,283822,1.0,0.96,20,1,306667
F580,579.9241,2.377,2.276,2.478,2712,324237,1.0,0.98,24,1,343822
F581,449.3211,3.43,3.329,3.506,866,65484,1.0,0.99,5,1,87517
F582,580.0636,4.019,3.943,4.103,2713,78741,1.0,0.92,8,1,99332
F583,451.36,1.729,1.653,1.83,869,182412,1.0,0.99,14,1,205375
F584,580.3259,5.383,5.316,5.468,2715,72424,1.0,0.96,6,1,93108
F585,452.3582,1.737,1.653,1.779,871,43292,1.0,0.68,5,1,59575
F586,540.4419,1.569,1.526,1.602,2217,29194,0.5,0.84,2,1,39246
F587,540.4419,1.737,1.644,1.838,2217,1084496,1.0,0.96,24,1,1119620
F588,540.4419,1.889,1.863,1.931,2217,33056,0.65,0.83,2,1,40362
F589,540.4419,1.956,1.931,2.04,2217,43997,0.45,0.76,2,1,58482
F590,540.4419,8.398,8.339,8.457,2217,62349,0.62,0.88,2,1,77830
F591,540.4419,8.651,8.583,8.693,2217,33347,0.38,0.89,2,1,43602
F592,503.2885,1.644,1.594,1.737,1660,77513,0.59,0.88,9,1,95471
F593,503.2885,3.514,3.43,3.522,1660,176675,0.45,0.89,19,1,191269
F594,540.4505,1.628,1.594,1.661,2218,109963,1.0,1.0,21,1,122273
F595,452.3911,1.661,1.56,1.762,872,519380,1.0,0.99,11,1,574708
F596,580.4065,5.358,5.257,5.459,2719,531338,1.0,1.0,44,1,557804
F597,540.4567,1.661,1.636,1.703,2219,63710,1.0,0.89,14,1,72714
F598,453.1643,1.636,1.586,1.678,874,154234,1.0,0.99,24,1,168365
F599,580.4153,2.461,2.428,2.478,2720,25785,0.75,0.87,5,1,39419
F600,540.4623,1.569,1.468,1.602,2220,52631,1.0,0.63,6,1,71075
F601,453.3647,1.813,1.729,1.906,890,89978,0.81,0.92,7,1,113997
F602,503.2969,0.171,0.154,0.213,1661,19452,0.58,0.96,5,1,26519
F603,503.2969,2.571,2.537,2.655,1661,70652,0.93,0.81,6,1,85641
F604,503.2969,2.95,2.908,3.0,1661,18034,0.56,0.91,4,1,30038
F605,580.4267,1.67,1.611,1.771,2721,76015,0.91,0.87,5,1,99165
F606,580.4267,2.394,2.293,2.495,2721,155536,1.0,0.96,11,1,181730
F607,540.5304,1.653,1.552,1.737,2222,190861,1.0,0.97,6,1,225803
F608,453.3944,1.67,1.569,1.771,891,155457,1.0,0.96,10,1,183292
F609,503.3038,2.613,2.579,2.706,1662,70103,1.0,0.84,7,1,85007
F610,580.497,1.653,1.594,1.72,2724,77606,1.0,0.94,11,1,93875
F611,541.2567,2.596,2.545,2.672,2227,45958,1.0,0.99,5,1,63374
F612,454.1682,1.644,1.602,1.678,894,32012,1.0,0.91,5,1,44526
F613,580.5316,1.501,1.442,1.552,2725,51047,0.7,0.87,7,1,63575
F614,454.2726,1.644,1.594,1.686,902,43773,1.0,0.98,6,1,57889
F615,541.3808,1.644,1.611,1.678,2235,57390,1.0,0.98,11,1,68611
F616,580.9142,2.495,2.394,2.596,2726,78739,1.0,0.95,6,1,103759
F617,541.4136,1.653,1.56,1.754,2236,1095840,1.0,0.94,73,1,1125506
F618,454.2897,3.666,3.564,3.766,904,210274,1.0,0.99,15,1,235751
F619,503.329,1.67,1.611,1.712,1665,39561,1.0,0.96,3,1,52316
F620,581.2364,1.628,1.535,1.729,2728,1112348,1.0,0.96,107,1,1136348
F621,581.2364,1.889,1.788,1.99,2728,505839,0.98,0.92,30,1,530839
F622,454.8262,2.183,2.116,2.259,911,87079,1.0,0.86,9,1,104745
F623,503.3732,1.703,1.602,1.804,1668,428382,1.0,0.99,29,1,454970
F624,503.4043,1.644,1.594,1.72,1671,72504,0.81,0.55,7,1,89315
F625,541.4317,1.796,1.762,1.855,2238,27738,1.0,0.79,6,1,39074
F626,455.3309,2.192,2.158,2.251,928,34639,1.0,0.87,5,1,50394
F627,581.4091,5.35,5.274,5.442,2738,171419,1.0,1.0,15,1,193474
F628,503.42,1.678,1.628,1.737,1672,38452,0.64,0.86,5,1,51256
F629,455.3418,2.074,1.981,2.175,929,247212,1.0,0.99,19,1,270947
F630,581.4272,1.653,1.552,1.754,2740,91709,1.0,0.93,7,1,117222
F631,541.446,1.586,1.56,1.619,2240,18700,0.76,0.96,3,1,27979
F632,541.446,1.746,1.644,1.821,2240,339356,1.0,0.86,16,1,370442
F633,455.3573,2.537,2.444,2.638,931,249828,1.0,0.99,20,1,275408
F634,582.2395,1.619,1.543,1.72,2741,436573,1.0,0.96,38,1,462173
F635,582.2395,1.897,1.796,1.998,2741,221215,0.98,0.94,12,1,247465
F636,455.8438,2.074,2.032,2.133,932,65745,1.0,0.99,8,1,79764
F637,541.4573,1.594,1.543,1.636,2241,33169,1.0,0.98,5,1,45642
F638,541.4573,1.695,1.636,1.729,2241,43957,1.0,0.69,7,1,54570
F639,582.4217,5.35,5.249,5.442,2744,791561,1.0,1.0,70,1,816185
F640,456.3503,1.796,1.695,1.897,934,465704,1.0,0.94,34,1,491123
F641,456.3589,2.537,2.47,2.605,935,58261,0.86,0.99,6,1,76177
F642,542.2733,9.114,8.095,9.67,2245,595554,0.82,0.59,5,1,785040
F643,583.2505,1.628,1.586,1.678,2748,46085,0.88,0.94,7,1,57108
F644,583.2505,1.906,1.804,2.006,2748,240815,0.9,0.95,13,1,267365
F645,583.2505,2.166,2.066,2.268,2748,256975,0.98,0.98,15,1,282747
F646,457.3542,1.813,1.788,1.863,951,35966,1.0,0.95,7,1,48702
F647,583.3852,1.644,1.611,1.729,2755,45646,0.93,0.65,5,1,60549
F648,458.346,1.678,1.577,1.779,968,691707,1.0,0.98,47,1,719736
F649,504.3304,5.526,5.484,5.577,1684,23742,0.33,0.93,5,1,38724
F650,459.2435,5.392,5.291,5.493,972,212512,1.0,1.0,16,1,237497
F651,542.3212,1.695,1.594,1.796,2249,87120,0.85,0.88,3,1,116931
F652,542.3212,3.556,3.379,3.691,2249,169611,0.86,0.92,7,1,214276
F653,542.3212,5.366,5.266,5.468,2249,899079,1.0,1.0,60,1,931689
F654,583.4185,1.594,1.526,1.695,2758,58885,1.0,0.67,5,1,79215
F655,583.4185,5.341,5.266,5.434,2758,241533,1.0,0.98,24,1,264981
F656,583.4378,1.83,1.754,1.922,2759,132879,1.0,0.99,11,1,155448
F657,459.2766,2.503,2.411,2.605,976,97763,1.0,0.96,4,1,123410
F658,504.3793,1.703,1.619,1.804,1690,107116,0.85,0.62,9,1,130116
F659,504.3793,3.093,2.992,3.177,1690,2290159,1.0,0.98,161,1,2313159
F660,504.3793,3.278,3.177,3.379,1690,2505074,1.0,0.92,159,1,2530074
F661,542.3862,1.602,1.526,1.628,2252,37373,1.0,0.86,5,1,52425
F662,583.5046,2.739,2.672,2.832,2760,79084,1.0,0.82,7,1,100148
F663,583.8698,2.545,2.47,2.638,2761,187320,1.0,0.99,15,1,211213
F664,542.4156,1.653,1.56,1.754,2254,306589,1.0,0.97,20,1,335271
F665,504.4103,1.653,1.611,1.754,1692,53382,1.0,0.84,5,1,71361
F666,459.3228,1.577,1.476,1.678,982,1413656,1.0,0.97,101,1,1438656
F667,459.3228,3.084,2.983,3.186,982,912723,1.0,0.96,64,1,937723
F668,459.3228,3.278,3.186,3.379,982,903031,1.0,0.93,58,1,927031
F669,584.2566,1.922,1.821,2.023,2762,85846,0.98,0.96,5,1,111745
F670,584.2566,2.175,2.074,2.276,2762,92928,1.0,0.98,6,1,118560
F671,542.445,1.737,1.661,1.838,2257,107522,0.78,0.97,8,1,130688
F672,504.4246,3.068,3.017,3.169,1694,87922,1.0,0.6,8,1,106121
F673,504.4246,3.286,3.186,3.337,1694,85114,1.0,0.51,9,1,107016
F674,459.3529,1.67,1.594,1.771,984,263565,1.0,0.93,20,1,284348
F675,542.878,2.47,2.386,2.571,2259,410474,1.0,0.97,30,1,436773
F676,460.2692,1.636,1.602,1.686,990,38383,1.0,0.8,5,1,50236
F677,584.4269,1.644,1.577,1.695,2768,40086,1.0,0.67,5,1,55763
F678,584.4269,5.341,5.291,5.392,2768,42357,1.0,0.99,5,1,57661
F679,543.3223,5.375,5.274,5.476,2267,280177,1.0,0.99,20,1,307046
F680,460.3491,1.644,1.611,1.729,998,53210,1.0,0.84,7,1,68435
F681,505.3233,8.272,7.716,9.249,1697,1122315,0.66,0.64,2,1,1698805
F682,543.3803,1.266,1.206,1.358,2269,97547,1.0,0.99,10,1,117862
F683,543.3803,2.503,2.47,2.605,2269,129314,1.0,0.94,17,1,145439
F684,584.4692,1.779,1.678,1.88,2770,1130624,1.0,0.98,22,1,1185912
F685,505.3315,1.737,1.636,1.838,1698,365098,1.0,0.92,19,1,396703
F686,584.4757,1.611,1.569,1.653,2771,41172,1.0,0.85,7,1,56925
F687,543.3885,2.461,2.428,2.503,2270,97325,1.0,0.98,21,1,107329
F688,505.3424,1.628,1.577,1.67,1699,18747,1.0,0.93,5,1,31313
F689,461.3309,1.586,1.484,1.686,1014,144354,1.0,0.98,9,1,170699
F690,461.3309,3.101,3.026,3.194,1014,56127,0.7,0.9,5,1,77603
F691,543.4216,1.644,1.602,1.72,2271,56738,1.0,0.93,7,1,70980
F692,585.2626,1.468,1.4,1.543,2775,135312,1.0,0.96,11,1,155983
F693,462.1988,1.88,1.762,2.074,1016,106980,1.0,0.94,5,1,145059
F694,543.4393,2.335,2.293,2.394,2272,51686,1.0,0.92,8,1,67192
F695,505.383,3.093,2.992,3.186,1703,938051,1.0,0.97,61,1,964570
F696,505.383,3.286,3.186,3.388,1703,943072,1.0,0.95,60,1,968783
F697,543.8985,2.352,2.251,2.453,2273,1239012,1.0,1.0,87,1,1269411
F698,463.2961,1.661,1.586,1.762,1035,341613,1.0,0.96,20,1,367728
F699,505.4202,1.636,1.577,1.686,1704,66165,1.0,0.98,9,1,83261
F700,585.4229,1.586,1.535,1.67,2785,66687,1.0,0.9,7,1,85227
F701,544.3361,5.333,5.232,5.434,2280,3344759,1.0,1.0,229,1,3369759
F702,585.4725,1.771,1.67,1.872,2788,400761,1.0,0.98,24,1,428777
F703,505.6831,3.379,3.278,3.472,1706,526035,1.0,0.98,39,1,546442
F704,463.3397,1.661,1.619,1.737,1038,62332,0.84,0.67,9,1,77332
F705,463.3397,2.175,2.074,2.268,1038,1448246,1.0,0.99,114,1,1472246
F706,506.0179,3.396,3.295,3.497,1707,446010,1.0,0.94,33,1,471286
F707,463.3823,2.209,2.141,2.251,1039,45020,1.0,0.87,5,1,58861
F708,585.485,1.636,1.586,1.678,2789,29578,1.0,0.92,5,1,43797
F709,463.8419,2.183,2.082,2.284,1040,754992,1.0,1.0,54,1,783743
F710,585.5205,2.79,2.697,2.866,2790,94801,1.0,0.99,7,1,114649
F711,506.3516,3.388,3.286,3.489,1716,227998,1.0,0.98,17,1,252985
F712,544.3986,1.653,1.586,1.712,2283,76947,0.91,0.91,7,1,92953
F713,544.3986,1.872,1.771,1.973,2283,215447,1.0,0.95,15,1,241189
F714,544.3986,2.343,2.242,2.444,2283,465605,1.0,1.0,33,1,496378
F715,464.302,1.67,1.611,1.771,1052,99977,1.0,0.9,10,1,121958
F716,506.3575,5.316,5.232,5.4,1717,65173,0.81,0.98,5,1,86146
F717,544.4143,3.32,3.244,3.421,2284,161409,0.62,0.97,11,1,183551
F718,464.3431,2.158,2.091,2.259,1055,198998,1.0,0.68,17,1,224612
F719,506.3875,3.084,3.0,3.186,1720,190410,1.0,0.94,14,1,214857
F720,506.3875,3.286,3.194,3.388,1720,191863,1.0,0.95,13,1,215252
F721,544.7123,3.539,3.455,3.64,2285,189089,1.0,0.96,16,1,212558
F722,464.3535,1.703,1.611,1.796,1056,106420,1.0,0.94,9,1,132181
F723,586.4334,1.577,1.501,1.628,2794,71074,1.0,0.81,7,1,84706
F724,544.899,2.352,2.276,2.436,2286,115121,1.0,0.95,11,1,137932
F725,464.3856,1.577,1.51,1.653,1057,97195,1.0,0.98,10,1,116156
F726,506.4346,1.686,1.586,1.788,1721,114180,1.0,0.96,4,1,140451
F727,545.0468,3.539,3.489,3.606,2288,58237,1.0,0.9,7,1,74666
F728,465.2809,3.404,3.346,3.506,1069,95224,1.0,0.94,7,1,115691
F729,586.4752,1.762,1.686,1.863,2798,135026,1.0,0.98,9,1,160633
F730,545.3415,5.333,5.232,5.434,2289,1094191,1.0,1.0,72,1,1131638
F731,507.3254,1.678,1.602,1.779,1732,396713,1.0,0.91,28,1,422374
F732,465.3404,1.653,1.577,1.695,1075,85651,1.0,0.8,8,1,99926
F733,465.3404,1.712,1.695,1.779,1075,57261,1.0,0.96,9,1,74658
F734,586.9045,2.646,2.571,2.748,2800,320187,1.0,0.9,27,1,345826
F735,466.3245,3.489,3.421,3.59,1088,63505,1.0,0.94,6,1,86131
F736,507.3679,1.661,1.611,1.695,1735,36732,0.67,0.61,5,1,47732
F737,507.3679,2.318,2.217,2.419,1735,3943002,1.0,0.99,292,1,3968002
F738,587.4204,2.512,2.411,2.613,2801,3523471,1.0,0.99,239,1,3548471
F739,587.4204,2.663,2.655,2.756,2801,121750,0.89,0.55,21,1,134750
F740,467.2953,3.758,3.657,3.859,1103,208630,1.0,0.99,15,1,234595
F741,507.4096,2.293,2.242,2.394,1736,180625,1.0,0.9,16,1,202954
F742,467.3451,1.712,1.636,1.754,1107,50927,0.6,0.89,6,1,67795
F743,587.4672,2.503,2.428,2.579,2804,170359,1.0,0.93,17,1,189249
F744,507.8675,2.318,2.226,2.419,1737,2233774,1.0,0.99,166,1,2257774
F745,545.4088,1.636,1.552,1.729,2295,250908,1.0,0.96,22,1,275924
F746,508.329,1.678,1.619,1.779,1747,118407,1.0,0.85,10,1,141158
F747,587.5374,2.773,2.697,2.866,2807,96548,1.0,0.99,8,1,119194
F748,467.3764,1.653,1.586,1.602,1108,59108,0.73,0.9,8,1,11791
F749,467.3764,1.703,1.661,1.804,1108,155563,0.73,0.78,9,1,126465
F750,546.3649,1.653,1.594,1.72,2303,133927,1.0,0.99,16,1,149987
F751,508.3355,5.383,5.299,5.468,1748,86328,1.0,0.99,7,1,109210
F752,467.4169,1.67,1.569,1.771,1109,209709,1.0,0.99,14,1,236103
F753,587.5449,1.619,1.518,1.72,2808,972465,1.0,0.99,106,1,997465
F754,546.3737,2.327,2.293,2.402,2304,47018,1.0,0.94,5,1,64453
F755,467.8,3.766,3.716,3.8,1110,46836,1.0,0.98,7,1,55641
F756,508.3708,2.318,2.217,2.419,1749,807177,1.0,0.99,57,1,835438
F757,508.3708,5.476,5.375,5.577,1749,349842,1.0,0.99,25,1,376733
F758,546.3969,1.72,1.628,1.821,2307,1820994,1.0,0.99,115,1,1844994
F759,587.9248,2.503,2.402,2.605,2809,2293117,1.0,0.98,164,1,2318117
F760,468.3059,5.468,5.366,5.569,1116,292147,1.0,0.99,20,1,318081
F761,508.8703,2.301,2.234,2.377,1751,120404,1.0,0.93,14,1,136065
F762,546.4461,1.762,1.678,1.804,2309,73230,0.71,0.81,7,1,92192
F763,588.3479,1.67,1.569,1.771,2816,158261,1.0,0.96,9,1,185742
F764,547.329,2.731,2.638,2.832,2315,89095,1.0,0.83,5,1,113559
F765,547.3525,5.316,5.215,5.417,2316,529404,1.0,1.0,28,1,568253
F766,509.3776,1.653,1.619,1.695,1760,28527,1.0,0.94,5,1,39887
F767,509.3776,5.459,5.383,5.56,1760,86756,1.0,0.92,7,1,108454
F768,509.4996,1.594,1.552,1.653,1761,40661,1.0,0.64,6,1,54894
F769,547.3982,1.737,1.636,1.838,2320,691704,1.0,1.0,43,1,718403
F770,509.8425,2.31,2.259,2.377,1762,104223,1.0,0.96,11,1,121824
F771,588.4097,3.918,3.817,4.019,2822,217155,1.0,0.95,4,1,281621
F772,547.4269,1.661,1.569,1.762,2321,96800,1.0,0.76,8,1,120754
F773,588.9264,2.503,2.411,2.605,2830,276054,1.0,0.99,20,1,301574
F774,510.3425,2.327,2.234,2.411,1772,103873,1.0,0.99,9,1,127620
F775,547.4682,1.543,1.442,1.636,2322,148852,1.0,0.83,10,1,175170
F776,588.4623,1.569,1.468,1.594,2825,956319,0.89,0.81,123,1,972319
F777,510.3531,5.358,5.257,5.459,1773,648283,1.0,1.0,45,1,675806
F778,548.2708,3.548,3.404,3.623,2324,76500,1.0,0.75,5,1,104278
F779,588.4726,1.644,1.594,1.746,2826,1076778,1.0,0.83,78,1,1101153
F780,588.548,1.619,1.535,1.686,2828,342480,1.0,1.0,38,1,362208
F781,548.2957,1.586,1.535,1.661,2326,62119,1.0,0.98,7,1,78450
F782,510.3923,5.417,5.324,5.518,1774,119914,1.0,0.82,10,1,144361
F783,548.401,1.72,1.619,1.821,2334,159502,0.95,0.97,9,1,184996
F784,589.428,1.788,1.712,1.889,2841,95990,0.79,0.9,5,1,120718
F785,588.7383,3.901,3.842,4.002,2829,125282,1.0,0.81,12,1,148441
F786,589.4616,1.569,1.484,1.577,2842,418428,0.44,0.59,84,1,430428
F787,549.3658,5.341,5.249,5.383,2346,50826,1.0,0.92,5,1,67653
F788,511.2769,2.714,2.613,2.815,1779,190811,0.5,0.97,2,1,258065
F789,511.2769,4.491,4.39,4.583,1779,140220,0.98,0.91,2,1,205615
F790,511.2769,4.777,4.718,4.844,1779,95958,0.42,0.94,2,1,139529
F791,511.2769,4.912,4.844,5.013,1779,107928,0.46,0.95,2,1,164119
F792,589.4756,1.628,1.602,1.653,2843,51670,1.0,0.65,11,1,58672
F793,589.4756,1.695,1.67,1.796,2843,231209,1.0,0.82,25,1,243878
F794,549.4843,1.476,1.417,1.577,2348,340501,0.89,0.83,22,1,365536
F795,549.7094,3.766,3.666,3.851,2349,649325,1.0,0.98,47,1,672701
F796,589.897,2.52,2.47,2.605,2846,86035,1.0,0.87,11,1,103001
F797,511.3546,5.358,5.257,5.459,1784,197690,1.0,1.0,15,1,224283
F798,550.0436,3.758,3.657,3.859,2350,650192,1.0,0.97,40,1,680271
F799,590.3913,1.299,1.232,1.383,2855,91329,1.0,0.99,7,1,111749
F800,511.3907,1.644,1.577,1.737,1785,60228,0.54,0.93,5,1,80897
F801,624.9399,2.655,2.453,2.815,3236,163093,1.0,0.87,6,1,207049
F802,590.3992,2.512,2.428,2.596,2856,99267,1.0,0.99,8,1,121809
F803,550.3784,3.75,3.649,3.851,2351,334929,1.0,0.99,23,1,362666
F804,550.3784,5.299,5.198,5.4,2351,157975,1.0,0.99,12,1,183118
F805,511.8255,4.061,4.019,4.154,1786,42893,1.0,0.58,6,1,63167
F806,550.413,1.577,1.493,1.678,2353,160472,1.0,0.92,13,1,185157
F807,625.5149,1.526,1.417,1.695,3240,214605,1.0,0.78,9,1,249022
F808,625.5149,2.697,2.646,2.798,3240,57206,1.0,0.77,5,1,76586
F809,590.4225,1.771,1.67,1.872,2858,2235814,1.0,0.98,112,1,2260814
F810,512.2805,4.499,4.398,4.55,1790,46823,0.09,0.9,2,1,70814
F811,626.5187,1.619,1.577,1.686,3241,49543,0.47,0.85,7,1,60621
F812,550.4604,1.644,1.577,1.746,2354,103401,0.89,0.92,4,1,124970
F813,590.438,1.678,1.644,1.712,2859,19925,1.0,0.85,5,1,28928
F814,550.4796,1.493,1.434,1.594,2355,119746,1.0,0.94,9,1,141172
F815,590.4636,1.56,1.51,1.644,2860,235848,1.0,0.85,23,1,266307
F816,627.4641,1.644,1.594,1.67,3242,27095,0.84,0.93,5,1,39624
F817,627.4641,1.872,1.771,1.948,3242,143462,1.0,0.98,11,1,166460
F818,591.3568,2.832,2.748,2.908,2864,62186,1.0,0.99,5,1,82579
F819,627.5309,1.611,1.51,1.712,3243,1058674,1.0,0.99,70,1,1088020
F820,627.5309,2.714,2.621,2.815,3243,225711,0.93,0.99,17,1,250649
F821,551.324,1.56,1.459,1.661,2362,197939,1.0,0.98,8,1,240895
F822,627.8951,2.748,2.646,2.849,3244,252311,1.0,0.99,18,1,276870
F823,512.4125,1.762,1.661,1.863,1799,2531659,1.0,0.99,38,1,2599217
F824,591.4257,1.779,1.678,1.88,2869,772473,1.0,0.99,51,1,807275
F825,551.3504,1.695,1.628,1.796,2365,308147,1.0,0.86,20,1,331018
F826,512.4614,5.139,5.08,5.215,1800,48844,0.92,0.82,5,1,67555
F827,591.4573,1.661,1.577,1.72,2870,231811,1.0,0.82,24,1,250368
F828,551.3918,2.461,2.36,2.562,2366,7991707,1.0,0.99,576,1,8016707
F829,551.3918,5.299,5.24,5.333,2366,37726,0.57,0.56,5,1,49726
F830,592.4282,1.788,1.686,1.855,2872,155738,1.0,0.95,11,1,176523
F831,551.4211,1.577,1.484,1.661,2367,410559,1.0,0.99,36,1,436694
F832,628.3806,4.466,4.356,4.786,3252,161759,1.0,0.73,6,1,213761
F833,551.4394,2.47,2.402,2.571,2368,403211,1.0,0.92,35,1,426117
F834,592.462,1.628,1.586,1.72,2873,63842,1.0,0.83,8,1,80471
F835,551.464,1.628,1.526,1.729,2369,175932,1.0,0.98,12,1,203444
F836,628.4037,2.739,2.638,2.84,3253,179042,1.0,0.98,3,1,256869
F837,592.4888,1.644,1.586,1.746,2874,240263,1.0,0.96,24,1,261236
F838,593.2923,2.166,2.066,2.268,2875,113312,0.88,0.91,7,1,139629
F839,551.4998,1.493,1.409,1.594,2370,453226,1.0,0.87,28,1,479516
F840,551.4998,2.47,2.444,2.512,2370,68754,0.84,0.99,13,1,80476
F841,551.5467,1.577,1.493,1.653,2371,60560,1.0,0.9,7,1,80510
F842,628.4951,1.813,1.712,1.914,3257,1311643,1.0,0.98,33,1,1360855
F843,551.8935,2.47,2.369,2.571,2372,4841355,1.0,0.98,374,1,4866355
F844,628.5341,1.611,1.51,1.712,3259,533560,1.0,0.99,35,1,561058
F845,628.5341,2.714,2.63,2.815,3259,105232,0.83,0.99,8,1,128615
F846,628.5959,1.602,1.518,1.644,3260,45140,1.0,0.58,5,1,65561
F847,668.4634,2.849,2.815,2.95,3640,115314,1.0,0.86,9,1,135088
F848,628.8904,2.764,2.68,2.815,3261,59522,0.72,0.81,6,1,79420
F849,668.4794,2.739,2.638,2.84,3641,307300,1.0,0.99,19,1,332571
F850,668.9654,2.891,2.866,2.958,3644,26153,1.0,0.88,5,1,40716
F851,629.4316,1.636,1.594,1.737,3268,55748,1.0,0.86,6,1,73918
F852,593.343,1.4,1.358,1.468,2878,66260,0.38,0.93,2,1,83038
F853,629.4633,1.653,1.611,1.686,3269,76941,1.0,0.97,14,1,89611
F854,593.4357,2.335,2.284,2.411,2884,45009,1.0,0.86,5,1,63275
F855,593.4742,1.636,1.569,1.737,2885,279284,1.0,0.75,25,1,302284
F856,669.469,1.56,1.476,1.602,3650,53422,1.0,0.92,5,1,69784
F857,629.5439,1.594,1.518,1.695,3271,213724,1.0,0.93,17,1,236289
F858,670.4618,1.569,1.476,1.67,3653,152088,1.0,0.99,12,1,176667
F859,593.5937,1.577,1.476,1.678,2886,1721737,1.0,0.98,84,1,1746737
F860,630.4742,1.653,1.577,1.754,3279,121062,1.0,0.88,10,1,144075
F861,670.6069,1.602,1.543,1.644,3654,73690,1.0,0.94,10,1,86811
F862,593.7349,4.171,4.07,4.272,2888,449907,1.0,0.99,32,1,479951
F863,630.5019,1.518,1.459,1.619,3280,79825,0.93,0.82,7,1,101732
F864,630.5019,1.83,1.729,1.88,3280,108227,1.0,0.95,9,1,125222
F865,710.495,2.916,2.815,3.017,3977,317315,1.0,0.94,23,1,343851
F866,671.4701,1.552,1.459,1.644,3658,673348,1.0,0.96,55,1,699817
F867,671.4701,1.906,1.813,1.998,3658,132282,1.0,0.98,11,1,155948
F868,594.0694,4.154,4.053,4.255,2889,467251,1.0,0.98,30,1,499147
F869,630.5498,1.628,1.543,1.686,3282,76128,1.0,0.91,8,1,96888
F870,710.586,1.686,1.602,1.762,3979,117207,1.0,0.98,10,1,134905
F871,671.5339,1.56,1.468,1.628,3659,173540,1.0,0.93,15,1,195407
F872,594.4055,4.171,4.07,4.272,2892,271064,1.0,0.99,18,1,296514
F873,671.9211,2.924,2.849,3.026,3660,251703,1.0,0.92,22,1,276152
F874,710.6975,1.577,1.484,1.678,3980,111631,1.0,0.91,8,1,138228
F875,630.614,1.577,1.476,1.678,3283,431266,1.0,0.99,33,1,455424
F876,710.9402,3.152,3.093,3.253,3981,121669,1.0,0.85,11,1,141226
F877,672.4049,4.777,4.634,5.257,3662,313342,1.0,0.84,9,1,388539
F878,630.9299,2.84,2.739,2.941,3284,477154,1.0,0.97,34,1,507530
F879,594.4801,1.636,1.602,1.678,2895,19875,1.0,0.72,5,1,29879
F880,594.4801,5.299,5.223,5.366,2895,54090,1.0,0.91,5,1,72639
F881,710.9945,2.933,2.849,3.009,3982,153947,1.0,0.93,16,1,180928
F882,672.4232,2.933,2.832,3.034,3663,257398,1.0,0.99,18,1,284489
F883,631.4369,2.832,2.798,2.933,3285,288809,1.0,0.92,29,1,304147
F884,594.4897,1.737,1.703,1.813,2896,45369,1.0,0.86,6,1,63756
F885,711.4399,3.152,3.068,3.253,3983,79855,1.0,0.99,6,1,103764
F886,672.4362,1.577,1.484,1.678,3664,211597,1.0,0.99,16,1,237888
F887,631.4462,2.68,2.579,2.781,3286,4223169,1.0,0.99,277,1,4248169
F888,594.4982,1.636,1.569,1.72,2897,214319,1.0,0.99,20,1,234596
F889,672.4861,1.56,1.459,1.661,3667,407627,1.0,0.99,29,1,433682
F890,594.5962,1.586,1.484,1.686,2899,867753,1.0,0.99,71,1,895146
F891,711.488,1.586,1.501,1.67,3986,71885,1.0,0.88,7,1,92847
F892,711.488,3.076,3.042,3.169,3986,82574,1.0,0.84,10,1,99090
F893,631.4958,2.672,2.605,2.756,3288,227789,1.0,0.97,20,1,243414
F894,594.7444,4.154,4.095,4.238,2900,71982,1.0,0.97,8,1,89903
F895,672.5362,1.594,1.56,1.644,3668,49322,0.57,0.93,8,1,57596
F896,631.6172,1.577,1.501,1.661,3289,187258,1.0,0.98,16,1,209434
F897,711.5145,2.916,2.815,3.017,3987,974594,1.0,1.0,61,1,1004456
F898,711.5145,5.08,5.004,5.181,3987,143125,0.85,0.98,14,1,166233
F899,631.948,2.672,2.579,2.773,3290,2920866,1.0,0.99,201,1,2944866
F900,712.0022,2.908,2.806,3.009,3988,711262,1.0,0.99,46,1,740453
F901,595.3723,1.754,1.72,1.796,2907,40153,1.0,0.85,9,1,46345
F902,595.3723,1.846,1.804,1.914,2907,23361,0.78,0.86,5,1,37138
F903,672.6218,1.611,1.543,1.678,3670,115229,1.0,0.8,15,1,132914
F904,631.9974,2.672,2.621,2.731,3291,95797,1.0,0.89,11,1,114662
F905,672.9055,4.802,4.71,4.895,3671,114621,0.95,0.84,7,1,142887
F906,595.3816,1.72,1.661,1.754,2908,66811,1.0,0.75,8,1,73321
F907,595.3816,1.796,1.754,1.846,2908,104330,1.0,0.98,16,1,118129
F908,672.923,2.95,2.849,2.992,3672,77758,1.0,0.89,9,1,92726
F909,632.4279,4.322,4.238,4.423,3293,104071,1.0,0.96,7,1,129596
F910,712.5041,1.577,1.476,1.678,3990,252591,1.0,0.98,18,1,279467
F911,712.5041,2.916,2.815,3.017,3990,361031,1.0,0.99,23,1,384900
F912,712.5041,3.068,3.026,3.169,3990,76683,0.98,0.74,9,1,97565
F913,595.4185,2.638,2.537,2.739,2911,11659014,1.0,0.99,851,1,11684014
F914,632.4403,2.857,2.823,2.941,3294,43795,0.67,0.9,5,1,61614
F915,673.4414,1.594,1.493,1.67,3677,111162,1.0,0.99,8,1,132852
F916,595.4284,1.653,1.586,1.746,2912,110304,1.0,0.97,11,1,132107
F917,712.5309,1.526,1.468,1.569,3991,22928,0.74,0.96,5,1,35176
F918,712.5309,5.072,5.021,5.156,3991,61471,0.76,0.99,6,1,79639
F919,673.4996,1.56,1.459,1.661,3678,827907,1.0,0.98,50,1,866950
F920,632.4495,1.653,1.594,1.678,3295,24284,0.78,0.82,5,1,37736
F921,632.4495,1.72,1.678,1.821,3295,55598,0.78,0.75,5,1,71961
F922,632.4495,2.68,2.579,2.781,3295,1217950,1.0,0.99,80,1,1251317
F923,713.0043,2.899,2.84,2.941,3994,36412,1.0,0.95,8,1,50550
F924,673.6259,1.602,1.51,1.644,3680,74844,1.0,0.71,8,1,92004
F925,595.4671,2.613,2.529,2.655,2913,281430,1.0,0.96,33,1,308678
F926,595.4671,2.689,2.663,2.79,2913,217754,1.0,0.97,26,1,225594
F927,713.4178,1.586,1.501,1.686,3995,284627,1.0,0.98,22,1,309784
F928,632.4941,1.594,1.493,1.695,3296,239285,1.0,0.9,19,1,265593
F929,674.4048,2.941,2.874,3.009,3681,49616,1.0,0.93,5,1,67683
F930,595.4911,1.644,1.552,1.746,2914,596499,1.0,0.85,55,1,624544
F931,632.6297,1.577,1.476,1.678,3297,730197,1.0,0.97,60,1,760775
F932,595.5347,1.569,1.526,1.586,2915,24615,1.0,0.79,5,1,35883
F933,674.4635,2.748,2.646,2.849,3685,167202,1.0,0.99,12,1,192618
F934,632.7628,4.314,4.297,4.39,3298,39380,1.0,0.55,5,1,55206
F935,595.9206,2.646,2.545,2.748,2917,7523372,1.0,0.99,531,1,7548372
F936,713.5094,1.586,1.484,1.661,4000,171838,1.0,0.95,14,1,194356
F937,674.5001,1.56,1.459,1.611,3686,395099,0.95,0.96,30,1,414099
F938,674.5001,1.72,1.628,1.821,3686,1655366,1.0,0.99,111,1,1679366
F939,632.95,2.672,2.596,2.773,3299,324947,1.0,0.98,27,1,349351
F940,595.9691,2.646,2.545,2.748,2918,360899,1.0,0.86,35,1,387911
F941,714.4219,1.594,1.526,1.695,4002,116539,1.0,0.97,10,1,139292
F942,674.5249,1.863,1.796,1.948,3688,126883,1.0,0.92,12,1,146258
F943,596.3825,1.779,1.678,1.855,2923,88150,1.0,0.83,6,1,110825
F944,633.4505,1.644,1.586,1.737,3301,209892,1.0,0.9,19,1,231319
F945,633.4505,1.813,1.762,1.906,3301,92677,0.96,1.0,8,1,111459
F946,633.4505,2.663,2.588,2.764,3301,95353,0.96,0.94,8,1,118814
F947,674.9559,3.051,2.95,3.152,3689,418862,1.0,0.93,31,1,447451
F948,596.4209,2.638,2.537,2.731,2924,2882598,1.0,0.98,208,1,2906598
F949,633.6333,1.569,1.484,1.67,3304,353110,1.0,0.99,28,1,377348
F950,675.4699,2.874,2.773,2.975,3690,5000548,1.0,0.98,375,1,5025548
F951,675.4699,3.11,3.093,3.194,3690,71208,0.64,0.61,15,1,84208
F952,596.4693,2.613,2.562,2.714,2926,119681,1.0,0.88,10,1,140829
F953,714.533,1.644,1.543,1.746,4005,3014083,1.0,0.97,213,1,3039083
F954,714.533,2.781,2.731,2.79,4005,21550,0.67,0.57,3,1,29550
F955,714.533,2.806,2.79,2.866,4005,39922,0.71,0.63,5,1,49922
F956,633.9231,2.697,2.605,2.731,3305,100552,1.0,0.74,12,1,119173
F957,675.5049,1.72,1.619,1.821,3691,656118,1.0,1.0,41,1,684550
F958,596.4997,1.602,1.535,1.661,2927,147412,1.0,0.92,17,1,168842
F959,596.4997,1.712,1.67,1.813,2927,126730,1.0,0.93,13,1,140195
F960,634.4246,2.672,2.596,2.773,3306,105574,1.0,0.96,8,1,127404
F961,675.5245,2.866,2.781,2.967,3692,206226,1.0,0.79,19,1,227591
F962,715.5165,1.948,1.889,2.032,4013,103762,1.0,0.98,11,1,123744
F963,596.5906,1.628,1.526,1.729,2930,194089,1.0,0.99,14,1,219888
F964,634.45,1.813,1.712,1.914,3308,2222689,1.0,0.96,160,1,2247689
F965,675.5395,5.114,5.013,5.215,3693,1314449,1.0,0.99,101,1,1339449
F966,596.9223,2.646,2.545,2.748,2931,803444,1.0,0.96,62,1,840825
F967,715.5357,1.636,1.535,1.737,4014,1205318,1.0,0.9,86,1,1234827
F968,675.9742,2.882,2.79,2.975,3694,3498738,1.0,0.96,247,1,3521738
F969,635.3636,1.737,1.636,1.838,3310,173427,1.0,0.99,12,1,199377
F970,597.4232,2.646,2.545,2.748,2942,208091,1.0,1.0,15,1,234621
F971,676.0251,2.874,2.79,2.95,3695,121676,1.0,0.69,10,1,147336
F972,715.5629,5.055,4.988,5.131,4016,60077,0.85,0.99,5,1,77007
F973,635.3796,2.95,2.874,3.051,3311,57205,0.78,0.96,5,1,79156
F974,597.4445,1.67,1.569,1.737,2943,216297,1.0,0.74,21,1,233746
F975,676.461,3.101,3.034,3.143,3696,41949,1.0,0.83,5,1,58158
F976,635.4517,1.813,1.712,1.914,3314,829495,1.0,0.96,59,1,857158
F977,715.9468,3.194,3.093,3.278,4017,273229,1.0,0.87,20,1,299819
F978,597.4841,1.484,1.426,1.569,2944,170752,1.0,0.93,16,1,189208
F979,676.4749,2.874,2.781,2.975,3697,1646493,1.0,0.98,126,1,1670493
F980,716.4306,5.114,5.013,5.215,4018,222763,0.83,0.96,12,1,248972
F981,597.504,1.67,1.594,1.771,2945,273889,1.0,0.89,22,1,297472
F982,636.3744,1.729,1.644,1.804,3316,51183,1.0,0.91,5,1,71452
F983,676.5067,1.72,1.636,1.796,3698,114285,1.0,0.94,12,1,134611
F984,597.8949,2.646,2.554,2.748,2946,378540,1.0,0.91,32,1,403307
F985,716.4486,3.152,3.051,3.253,4019,273629,1.0,0.99,19,1,300014
F986,676.542,5.114,5.013,5.215,3699,560581,1.0,0.99,40,1,587171
F987,636.4644,1.628,1.577,1.72,3320,137559,1.0,0.89,14,1,160297
F988,636.4644,1.804,1.72,1.906,3320,174673,1.0,0.99,14,1,197739
F989,597.9257,2.638,2.562,2.663,2947,31985,1.0,0.54,5,1,45177
F990,716.5156,2.84,2.739,2.941,4021,538484,1.0,1.0,39,1,566620
F991,676.9773,2.866,2.781,2.967,3700,423972,1.0,0.95,35,1,451872
F992,636.6248,1.577,1.484,1.67,3322,365577,1.0,0.98,33,1,390043
F993,716.5392,1.636,1.535,1.72,4022,376252,1.0,0.98,28,1,403661
F994,597.9333,5.333,5.072,5.417,2948,192665,0.8,0.93,7,1,233615
F995,677.4655,1.569,1.468,1.67,3703,338657,1.0,1.0,27,1,363282
F996,598.396,2.638,2.537,2.739,2951,298876,1.0,0.97,22,1,326223
F997,677.475,1.863,1.779,1.914,3704,94007,1.0,0.98,9,1,113739
F998,677.475,2.866,2.781,2.958,3704,135521,1.0,0.98,11,1,160722
F999,598.411,3.101,3.026,3.202,2953,69802,0.59,0.81,6,1,92528
F1000,716.548,1.872,1.771,1.973,4023,1921003,1.0,0.98,86,1,1946003
F1001,716.548,4.743,4.642,4.836,4023,112199,0.66,0.88,8,1,136199
F1002,677.5467,5.097,5.03,5.19,3707,92363,1.0,0.94,8,1,113755
F1003,598.4489,1.653,1.552,1.754,2955,3613354,1.0,0.97,259,1,3638354
F1004,677.9486,2.849,2.798,2.95,3708,158860,1.0,0.85,13,1,177480
F1005,716.5645,1.695,1.594,1.746,4024,79897,0.79,0.53,7,1,98486
F1006,716.5645,1.872,1.838,1.914,4024,42134,1.0,0.84,8,1,52150
F1007,598.4997,1.661,1.619,1.754,2956,187995,1.0,0.92,23,1,208056
F1008,637.4773,1.644,1.569,1.746,3335,89904,1.0,0.82,8,1,111821
F1009,637.4773,2.486,2.411,2.588,3335,75521,1.0,0.94,5,1,99541
F1010,716.9321,5.139,5.08,5.24,4025,122078,0.64,0.86,9,1,143184
F1011,599.3727,4.743,4.668,4.819,2958,63449,0.71,0.87,7,1,82916
F1012,716.9482,3.16,3.059,3.244,4026,131300,1.0,0.98,10,1,156115
F1013,678.4734,1.56,1.468,1.644,3709,200318,0.82,0.9,12,1,222318
F1014,678.4734,1.83,1.729,1.931,3709,1784434,1.0,0.97,89,1,1809434
F1015,637.628,1.577,1.493,1.661,3338,181004,1.0,0.99,17,1,205900
F1016,717.4445,3.152,3.084,3.244,4027,54406,0.35,0.92,5,1,74702
F1017,599.3859,1.712,1.611,1.813,2959,980828,1.0,0.98,28,1,1021735
F1018,599.3859,4.718,4.676,4.802,2959,46615,0.75,0.68,4,1,76170
F1019,678.5252,1.821,1.788,1.846,3711,27025,1.0,0.9,7,1,36314
F1020,638.2663,5.4,5.299,5.501,3340,210852,1.0,0.97,18,1,234780
F1021,717.4917,7.918,7.674,8.171,4028,177912,0.27,0.95,2,1,306128
F1022,679.4268,8.23,7.741,9.358,3712,1862946,0.67,0.58,2,1,2672222
F1023,599.4999,1.484,1.4,1.586,2964,1303831,0.95,0.91,84,1,1330645
F1024,599.4999,2.739,2.672,2.84,2964,84947,0.62,0.98,3,1,107080
F1025,717.5196,2.832,2.731,2.933,4030,247141,1.0,0.99,18,1,272653
F1026,638.3283,1.569,1.484,1.67,3343,105440,1.0,0.93,9,1,128801
F1027,717.586,5.072,4.971,5.173,4031,441637,1.0,1.0,31,1,467127
F1028,600.3782,1.586,1.484,1.644,2967,376699,1.0,0.94,32,1,397634
F1029,600.3782,2.621,2.554,2.722,2967,84183,1.0,0.96,7,1,106511
F1030,679.458,1.695,1.602,1.737,3715,114130,1.0,0.71,13,1,132021
F1031,718.4285,3.135,3.076,3.228,4032,55455,1.0,0.88,6,1,76527
F1032,638.4299,4.525,4.466,4.626,3350,78575,1.0,0.79,6,1,98543
F1033,639.2984,1.628,1.569,1.729,3353,99895,1.0,0.8,7,1,122133
F1034,679.4755,1.569,1.476,1.628,3716,67006,0.9,0.98,5,1,86397
F1035,679.4755,1.686,1.628,1.703,3716,52096,0.91,0.95,8,1,69802
F1036,679.4755,1.846,1.746,1.948,3716,731421,1.0,0.99,48,1,758090
F1037,718.5305,1.586,1.51,1.653,4037,57636,0.97,0.94,6,1,77636
F1038,718.5305,2.815,2.731,2.916,4037,244142,1.0,0.98,19,1,267592
F1039,600.4643,1.83,1.729,1.931,2972,3962081,1.0,0.98,75,1,4019835
F1040,639.4037,1.813,1.712,1.914,3358,211347,1.0,0.97,17,1,236886
F1041,718.5535,1.889,1.788,1.99,4038,203517,1.0,0.98,15,1,229293
F1042,639.4192,1.855,1.813,1.906,3359,19575,0.45,0.92,4,1,30990
F1043,718.5699,4.735,4.634,4.836,4039,708756,1.0,0.99,51,1,737782
F1044,600.5032,1.484,1.4,1.586,2975,592840,0.91,0.89,39,1,617677
F1045,600.5032,1.83,1.771,1.914,2975,173834,0.79,0.98,20,1,187753
F1046,680.4298,2.882,2.798,2.983,3718,83663,0.06,0.96,2,1,138238
F1047,639.4439,2.84,2.739,2.941,3361,14771999,1.0,0.99,1017,1,14796999
F1048,718.5897,5.072,4.988,5.164,4041,172536,1.0,0.97,14,1,193596
F1049,639.4582,1.661,1.569,1.737,3363,104651,1.0,0.91,9,1,127078
F1050,600.5514,1.628,1.383,1.67,2976,100927,0.76,0.79,2,1,138535
F1051,718.9813,3.27,3.186,3.371,4045,321180,1.0,0.97,23,1,343709
F1052,600.9203,2.588,2.545,2.63,2978,56403,1.0,0.81,9,1,77310
F1053,639.4958,2.849,2.748,2.95,3364,798604,1.0,0.94,56,1,827392
F1054,680.4766,1.569,1.468,1.67,3720,6839498,1.0,0.99,9,1,8305872
F1055,680.4766,8.297,8.028,9.813,3720,10736072,0.99,0.54,2,1,31738097
F1056,639.9459,2.84,2.739,2.941,3365,10101103,1.0,0.99,710,1,10126103
F1057,601.3802,1.577,1.493,1.678,2979,205928,1.0,1.0,16,1,233358
F1058,719.4887,1.644,1.577,1.746,4046,321220,1.0,0.97,31,1,344351
F1059,719.4887,3.244,3.211,3.346,4046,261540,1.0,0.84,24,1,280677
F1060,639.998,2.832,2.756,2.924,3366,486111,1.0,0.97,46,1,508350
F1061,601.3983,1.703,1.661,1.804,2980,78728,0.94,0.77,6,1,99665
F1062,719.4992,3.076,2.975,3.177,4047,4544576,1.0,0.99,301,1,4569576
F1063,640.4078,1.813,1.754,1.889,3371,61996,1.0,0.98,6,1,78704
F1064,601.4108,1.577,1.51,1.67,2981,62379,0.79,0.79,2,1,81504
F1065,640.4494,2.849,2.748,2.95,3373,4117174,1.0,0.99,281,1,4142174
F1066,719.5439,1.628,1.526,1.686,4048,58106,1.0,0.81,5,1,78143
F1067,719.5439,2.823,2.748,2.908,4048,84826,1.0,1.0,7,1,105009
F1068,719.5439,3.11,3.009,3.152,4048,109320,1.0,0.66,15,1,135026
F1069,601.4249,2.588,2.554,2.672,2982,89038,1.0,0.87,10,1,104515
F1070,719.5536,3.068,2.992,3.126,4049,134727,1.0,0.91,17,1,145168
F1071,640.4967,2.832,2.764,2.874,3374,169619,1.0,0.71,17,1,147692
F1072,640.4967,2.891,2.874,2.924,3374,34552,1.0,0.99,8,1,46888
F1073,601.4353,2.461,2.36,2.562,2983,721558,1.0,0.99,46,1,758637
F1074,719.5658,5.072,4.979,5.173,4050,137980,1.0,0.98,10,1,163679
F1075,640.5311,1.754,1.653,1.83,3375,117408,1.0,0.9,9,1,140588
F1076,640.5757,2.84,2.79,2.891,3376,57841,1.0,0.92,8,1,68256
F1077,719.5741,4.735,4.634,4.836,4051,324907,1.0,1.0,25,1,351423
F1078,601.468,1.821,1.72,1.922,2985,1349867,1.0,0.97,50,1,1382150
F1079,640.9484,2.832,2.731,2.933,3377,1299560,1.0,1.0,89,1,1324468
F1080,719.6699,7.783,7.446,7.918,4053,119442,1.0,0.66,5,1,177371
F1081,641.0006,2.84,2.764,2.924,3378,53358,1.0,0.83,5,1,74300
F1082,601.4759,1.636,1.577,1.67,2986,197294,1.0,0.99,30,1,209299
F1083,719.781,7.792,7.699,7.893,4054,94772,0.46,0.69,6,1,119290
F1084,641.4476,1.644,1.56,1.703,3382,51584,0.9,0.82,5,1,69773
F1085,641.4476,2.849,2.748,2.95,3382,359104,1.0,0.99,25,1,384790
F1086,719.8904,7.733,7.64,7.783,4055,82780,0.61,0.95,7,1,99975
F1087,680.5294,1.569,1.468,1.67,3722,491761,1.0,0.96,13,1,513835
F1088,680.5294,8.221,8.129,8.306,3722,202869,0.74,0.76,3,1,222982
F1089,680.5294,8.364,8.306,8.457,3722,187723,0.74,0.92,3,1,207519
F1090,680.5294,8.575,8.524,8.676,3722,131244,0.75,0.9,2,1,144470
F1091,680.5294,8.861,8.76,8.92,3722,161503,0.74,0.74,3,1,182038
F1092,680.5294,8.962,8.92,9.055,3722,126099,0.74,0.81,3,1,138183
F1093,680.5294,9.114,9.089,9.139,3722,33104,0.6,0.91,2,1,41008
F1094,680.5294,9.366,9.324,9.434,3722,82371,0.72,0.74,2,1,91617
F1095,680.5294,9.459,9.434,9.501,3722,58357,0.75,0.87,2,1,67068
F1096,680.5294,9.552,9.501,9.628,3722,87797,0.72,0.86,2,1,104147
F1097,680.5294,9.67,9.628,9.746,3722,93525,0.75,0.9,2,1,101633
F1098,680.5294,9.838,9.746,9.897,3722,114411,0.75,0.54,2,1,134661
F1099,601.5155,1.484,1.392,1.586,2987,3114992,1.0,0.89,212,1,3138992
F1100,601.5155,2.781,2.714,2.866,2987,63909,0.53,0.81,2,1,82909
F1101,641.9214,2.84,2.764,2.941,3383,529213,1.0,0.93,41,1,553170
F1102,601.5599,1.484,1.426,1.569,2988,139660,1.0,0.91,12,1,156854
F1103,680.6077,1.569,1.468,1.602,3723,107914,1.0,0.94,11,1,124575
F1104,601.9368,2.47,2.369,2.562,2989,446144,1.0,0.98,31,1,471225
F1105,720.0001,3.084,2.983,3.186,4058,3626022,1.0,0.99,244,1,3651022
F1106,720.0001,7.741,7.699,7.758,4058,25345,0.44,0.61,6,1,33345
F1107,680.662,1.569,1.468,1.67,3724,1899492,1.0,0.94,20,1,1964809
F1108,642.3864,9.013,7.8,9.931,3385,3131935,0.96,0.95,16,1,3384702
F1109,720.0097,7.826,7.741,7.893,4059,48194,0.35,0.75,5,1,65972
F1110,680.7068,1.569,1.518,1.653,3726,112524,1.0,0.87,13,1,131591
F1111,720.1124,7.775,7.388,7.969,4060,192840,1.0,0.69,5,1,263246
F1112,642.414,2.663,2.638,2.731,3387,45175,0.42,0.64,6,1,61514
F1113,681.48,1.569,1.468,1.67,3727,3303867,1.0,0.98,9,1,3772871
F1114,681.48,8.28,7.556,9.493,3727,9949840,0.76,0.72,2,1,14170501
F1115,642.4233,2.832,2.731,2.933,3388,455633,1.0,0.99,9,1,527918
F1116,720.5073,1.56,1.459,1.661,4063,4104140,1.0,0.97,23,1,4270314
F1117,720.5073,3.068,2.967,3.169,4063,1752856,1.0,0.99,10,1,1919030
F1118,602.4218,1.089,1.063,1.122,2994,24545,0.29,0.83,6,1,32549
F1119,602.4218,1.484,1.451,1.526,2994,22380,0.29,0.89,6,1,32384
F1120,602.4218,2.386,2.352,2.428,2994,22925,0.29,0.72,6,1,32928
F1121,602.4218,3.32,3.286,3.354,2994,23570,0.29,0.92,4,1,32574
F1122,602.4218,3.96,3.926,4.002,2994,22862,0.29,0.89,6,1,32866
F1123,602.4218,9.569,9.535,9.611,2994,26022,0.29,0.86,5,1,32084
F1124,642.4727,1.653,1.569,1.754,3391,103776,1.0,0.92,7,1,128984
F1125,643.4013,4.912,4.836,5.013,3393,115099,1.0,0.96,8,1,137984
F1126,720.5795,4.777,4.676,4.878,4066,759109,1.0,0.97,58,1,789648
F1127,643.4704,1.594,1.552,1.746,3397,69426,0.92,0.79,6,1,93120
F1128,720.6449,1.56,1.526,1.619,4067,70650,1.0,0.98,11,1,82271
F1129,681.5289,1.569,1.468,1.67,3729,235708,1.0,0.93,10,1,260307
F1130,681.5289,8.171,8.146,8.247,3729,39373,0.59,0.89,2,1,50730
F1131,681.5289,8.583,8.541,8.651,3729,35153,0.55,0.89,2,1,44118
F1132,681.5289,9.889,9.804,9.914,3729,35601,0.42,0.7,2,1,53495
F1133,644.3139,5.291,5.232,5.383,3398,188593,1.0,0.9,16,1,210342
F1134,721.0022,3.076,2.975,3.101,4074,407619,0.62,0.63,30,1,278779
F1135,721.0022,3.135,3.177,3.211,4074,174805,0.61,0.94,25,1,32979
F1136,644.3974,2.84,2.739,2.941,3402,148144,1.0,0.99,11,1,174860
F1137,681.6099,1.577,1.543,1.619,3732,23750,1.0,0.94,6,1,33753
F1138,644.4516,2.621,2.545,2.722,3405,121560,1.0,0.97,9,1,145051
F1139,721.5079,1.56,1.459,1.661,4076,2639478,1.0,0.98,12,1,2938901
F1140,721.5079,5.055,4.954,5.156,4076,614863,0.92,0.93,3,1,904787
F1141,721.5079,7.859,7.362,8.903,4076,1814025,0.81,0.94,2,1,3928652
F1142,682.4826,1.569,1.468,1.67,3739,875670,1.0,0.99,9,1,1014509
F1143,682.4826,3.101,3.009,3.202,3739,137907,0.14,0.98,2,1,267991
F1144,644.4904,1.872,1.771,1.973,3407,4786711,1.0,0.98,113,1,4834599
F1145,682.5295,1.543,1.476,1.636,3743,56495,1.0,0.64,6,1,76249
F1146,644.54,1.796,1.762,1.83,3410,26025,0.73,0.91,6,1,31832
F1147,644.54,1.897,1.83,1.931,3410,88053,1.0,0.8,15,1,100776
F1148,644.5906,1.586,1.552,1.619,3411,30057,1.0,0.97,6,1,37082
F1149,682.5725,1.543,1.484,1.594,3747,51708,1.0,0.72,6,1,63132
F1150,602.4339,1.156,1.131,1.19,2995,17360,0.4,0.81,2,1,25364
F1151,602.4339,1.855,1.838,1.889,2995,21330,0.48,0.78,3,1,28516
F1152,602.4339,2.478,2.377,2.554,2995,326285,1.0,0.77,10,1,352902
F1153,602.4339,2.646,2.554,2.722,2995,141015,0.97,0.74,6,1,156106
F1154,602.4339,3.219,3.202,3.261,2995,26243,0.5,0.71,2,1,40135
F1155,602.4339,3.657,3.64,3.699,2995,25598,0.49,0.7,3,1,39457
F1156,602.4339,3.884,3.809,3.952,2995,73614,0.51,0.62,3,1,93302
F1157,602.4339,4.179,4.146,4.213,2995,41543,0.51,0.9,4,1,53998
F1158,602.4339,4.449,4.415,4.507,2995,30907,0.49,0.92,3,1,42913
F1159,602.4339,4.903,4.836,5.072,2995,69610,0.4,0.54,3,1,96038
F1160,602.4339,6.057,6.023,6.099,2995,15860,0.4,0.87,2,1,25863
F1161,602.4339,6.823,6.79,6.849,2995,28158,0.5,1.0,5,1,38913
F1162,602.4339,7.025,6.924,7.076,2995,58029,0.5,0.6,5,1,77015
F1163,602.4339,7.421,7.388,7.463,2995,22432,0.45,0.95,5,1,32156
F1164,602.4339,8.895,8.794,8.954,2995,102413,0.69,0.7,5,1,130698
F1165,602.4339,9.729,9.644,9.771,2995,52532,0.5,0.69,2,1,75952
F1166,645.3141,5.308,5.24,5.409,3412,66906,1.0,0.96,6,1,88441
F1167,721.5617,1.484,1.442,1.459,4081,35578,0.75,0.97,5,1,7128
F1168,721.5617,1.56,1.518,1.619,4081,128792,1.0,0.59,11,1,108766
F1169,721.5617,1.644,1.619,1.746,4081,36127,0.7,0.64,3,1,57590
F1170,683.4316,1.83,1.729,1.931,3751,146900,1.0,0.99,11,1,172775
F1171,721.5808,4.777,4.693,4.878,4082,320598,1.0,0.99,26,1,344051
F1172,721.5808,5.072,5.004,5.148,4082,65390,0.97,0.88,5,1,87095
F1173,645.4615,1.653,1.619,1.695,3416,18744,0.6,0.95,5,1,27000
F1174,645.4615,2.621,2.52,2.722,3416,847805,1.0,0.99,56,1,876827
F1175,683.4713,3.042,2.941,3.143,3754,15431500,1.0,0.99,924,1,15456500
F1176,721.6547,1.577,1.543,1.611,4084,36610,1.0,0.93,7,1,47065
F1177,721.9752,3.059,3.017,3.16,4086,149926,1.0,0.74,14,1,172739
F1178,645.4938,1.872,1.771,1.973,3418,1752650,1.0,0.99,80,1,1777650
F1179,683.486,1.569,1.468,1.67,3755,192154,1.0,0.98,8,1,229623
F1180,722.4769,3.068,2.967,3.101,4087,80337,1.0,0.91,10,1,97795
F1181,645.5116,1.569,1.476,1.644,3419,128032,1.0,0.95,11,1,149405
F1182,683.5225,3.034,2.933,3.126,3757,782069,1.0,0.93,58,1,810345
F1183,645.9652,2.621,2.52,2.722,3421,612647,1.0,0.99,42,1,639784
F1184,683.575,1.552,1.493,1.594,3758,44563,1.0,0.93,6,1,59640
F1185,683.609,3.059,2.975,3.118,3759,245472,1.0,0.86,24,1,263480
F1186,722.5043,1.577,1.484,1.678,4088,814312,1.0,0.91,9,1,957143
F1187,722.5043,1.88,1.779,1.981,4088,1021080,1.0,1.0,10,1,1177872
F1188,722.5043,2.806,2.706,2.908,4088,225498,0.78,0.97,2,1,377369
F1189,722.5043,4.996,4.912,5.097,4088,325543,0.91,0.81,3,1,467916
F1190,722.5043,7.943,7.868,8.028,4088,160012,0.6,0.88,2,1,280382
F1191,683.9718,3.042,2.941,3.143,3760,11232698,1.0,0.99,759,1,11257698
F1192,646.006,7.295,6.234,7.986,3423,500813,0.62,0.52,3,1,878980
F1193,684.0246,3.068,2.992,3.152,3761,322808,1.0,0.88,36,1,332352
F1194,646.449,2.756,2.722,2.857,3429,105535,1.0,0.85,9,1,125560
F1195,684.1987,1.552,1.451,1.653,3762,1949369,1.0,0.99,166,1,1974369
F1196,722.5177,1.493,1.476,1.526,4089,47609,0.5,0.83,8,1,58907
F1197,684.4285,1.846,1.762,1.914,3764,55574,1.0,0.98,6,1,74837
F1198,646.4624,1.586,1.51,1.678,3430,89002,0.92,0.85,9,1,112914
F1199,646.4624,2.638,2.537,2.739,3430,290301,1.0,0.99,19,1,315759
F1200,722.5388,1.586,1.535,1.619,4091,65814,1.0,0.9,9,1,76817
F1201,684.4685,3.042,2.941,3.143,3765,4791829,1.0,0.99,320,1,4816829
F1202,646.5013,1.543,1.442,1.644,3431,10176684,1.0,0.98,893,1,10201684
F1203,646.5013,1.872,1.771,1.965,3431,541868,0.74,0.93,38,1,565868
F1204,722.5481,1.644,1.56,1.746,4092,261062,1.0,0.96,22,1,286539
F1205,684.5233,3.068,2.967,3.152,3767,208668,1.0,0.91,16,1,232012
F1206,646.5551,1.543,1.468,1.644,3433,393932,1.0,0.9,38,1,417206
F1207,722.5559,1.889,1.872,1.939,4093,25752,0.5,0.83,5,1,36940
F1208,684.5577,1.788,1.686,1.872,3768,135107,0.89,0.96,10,1,159451
F1209,646.9527,2.756,2.68,2.857,3434,77681,1.0,0.9,6,1,98467
F1210,684.6086,3.042,2.967,3.126,3769,129391,1.0,0.97,10,1,149872
F1211,646.9661,2.638,2.537,2.722,3435,86354,1.0,0.96,6,1,112504
F1212,602.441,0.55,0.482,0.592,2996,64325,0.5,0.8,2,1,83039
F1213,602.441,2.234,2.141,2.327,2996,139818,0.59,0.68,2,1,163038
F1214,602.441,2.529,2.495,2.588,2996,63583,0.67,0.77,2,1,70692
F1215,602.441,3.211,3.169,3.278,2996,67655,0.57,0.82,2,1,82142
F1216,602.441,6.04,5.99,6.116,2996,47657,0.45,0.66,2,1,61776
F1217,722.5747,1.552,1.484,1.569,4095,41614,1.0,0.91,6,1,55664
F1218,602.4701,1.846,1.779,1.889,2997,159075,1.0,0.96,18,1,176291
F1219,684.9739,3.051,2.95,3.093,3770,1311300,1.0,0.86,120,1,1329300
F1220,684.9739,3.135,3.126,3.177,3770,94177,0.9,0.7,29,1,101177
F1221,722.5916,1.56,1.476,1.644,4096,58754,1.0,0.67,5,1,80058
F1222,722.5916,4.769,4.71,4.844,4096,68319,1.0,0.95,6,1,87479
F1223,685.1997,1.552,1.459,1.653,3771,1303078,1.0,0.99,109,1,1327078
F1224,602.5165,1.493,1.392,1.594,2998,1411579,1.0,0.92,89,1,1442308
F1225,722.6391,1.526,1.434,1.628,4097,134751,1.0,0.87,8,1,159425
F1226,602.5716,1.594,1.552,1.619,3000,28590,1.0,0.87,6,1,40755
F1227,647.4989,1.855,1.83,1.956,3441,74888,1.0,0.96,7,1,93364
F1228,603.0795,4.07,4.002,4.162,3001,121068,1.0,0.84,11,1,141120
F1229,685.4312,1.628,1.526,1.729,3772,571352,1.0,0.94,5,1,731536
F1230,685.4312,4.988,4.903,5.089,3772,318884,0.61,0.94,4,1,467455
F1231,603.2169,1.636,1.577,1.729,3002,182059,1.0,0.97,22,1,203279
F1232,723.5065,1.889,1.788,1.981,4102,430122,1.0,0.99,14,1,477575
F1233,723.5065,2.79,2.689,2.882,4102,104453,0.84,0.95,3,1,151491
F1234,723.5065,4.954,4.903,4.996,4102,12808,0.38,0.84,2,1,36604
F1235,685.513,1.569,1.484,1.67,3775,119967,1.0,0.95,8,1,143437
F1236,723.5211,1.569,1.468,1.619,4103,214860,1.0,0.93,19,1,234478
F1237,685.5553,1.569,1.468,1.67,3776,155953,1.0,0.68,11,1,184585
F1238,685.5553,5.114,5.013,5.215,3776,78981,0.78,0.99,5,1,104160
F1239,647.507,1.552,1.451,1.653,3442,4231146,1.0,0.96,228,1,4256146
F1240,647.507,5.164,5.089,5.257,3442,55974,0.26,0.8,4,1,76974
F1241,723.5834,1.653,1.552,1.754,4105,1375348,1.0,0.98,84,1,1407323
F1242,685.9477,3.042,2.967,3.143,3777,676263,1.0,0.94,48,1,702042
F1243,647.558,1.569,1.484,1.628,3444,228966,1.0,0.97,23,1,244784
F1244,723.6437,1.594,1.543,1.619,4106,22752,0.33,0.82,5,1,31652
F1245,686.1956,1.552,1.459,1.644,3778,1044484,1.0,0.99,86,1,1074001
F1246,647.5961,1.619,1.577,1.686,3445,43019,1.0,0.81,6,1,62988
F1247,724.4536,3.101,3.009,3.177,4108,76430,1.0,0.99,6,1,98071
F1248,648.3806,2.428,2.369,2.529,3446,58117,0.87,0.95,5,1,78216
F1249,648.3806,2.672,2.571,2.773,3446,610012,1.0,1.0,43,1,637211
F1250,724.5113,1.872,1.779,1.973,4109,115895,0.62,0.98,9,1,140375
F1251,686.4353,1.628,1.526,1.729,3779,278641,1.0,0.95,5,1,363070
F1252,686.4353,2.866,2.764,2.933,3779,80726,0.49,0.95,2,1,154821
F1253,686.4353,5.004,4.912,5.106,3779,145506,0.65,0.97,3,1,225607
F1254,724.5228,1.543,1.476,1.552,4110,21678,0.76,0.64,5,1,31678
F1255,724.5228,2.731,2.63,2.832,4110,2087091,1.0,0.99,139,1,2112091
F1256,724.5228,2.933,2.924,2.967,4110,11630,0.76,0.52,6,1,17630
F1257,686.4486,3.042,2.941,3.143,3780,567984,1.0,0.99,27,1,600006
F1258,724.5405,1.577,1.518,1.619,4111,49142,0.97,0.97,7,1,61757
F1259,724.5405,5.063,4.971,5.164,4111,358533,1.0,0.98,29,1,384009
F1260,686.4996,1.56,1.476,1.661,3783,185282,1.0,0.98,14,1,209547
F1261,724.5848,1.653,1.552,1.754,4112,677401,1.0,0.98,41,1,706606
F1262,724.5848,2.748,2.663,2.849,4112,91282,0.81,0.76,9,1,113000
F1263,686.5114,1.56,1.501,1.594,3784,30907,0.73,0.64,5,1,46770
F1264,725.0093,2.882,2.806,2.916,4113,48774,1.0,0.95,6,1,65737
F1265,686.5523,1.543,1.501,1.56,3785,31905,1.0,0.75,6,1,46851
F1266,686.5523,1.602,1.56,1.686,3785,54159,1.0,0.73,6,1,69794
F1267,725.5195,2.731,2.63,2.832,4115,962652,1.0,0.99,63,1,992820
F1268,686.9499,3.076,2.975,3.135,3787,175482,1.0,0.85,14,1,196958
F1269,725.5524,1.56,1.468,1.628,4116,157724,0.84,0.89,14,1,177724
F1270,725.5524,5.072,4.971,5.173,4116,5841291,1.0,0.98,478,1,5866291
F1271,687.1952,1.552,1.484,1.602,3788,386846,1.0,0.98,44,1,409150
F1272,725.5883,1.628,1.526,1.729,4117,175572,1.0,0.87,12,1,203976
F1273,603.4233,0.937,0.895,1.038,3005,48487,0.4,0.53,2,1,62637
F1274,603.4233,1.291,1.215,1.358,3005,59953,0.56,0.68,2,1,80025
F1275,603.4233,1.602,1.543,1.636,3005,43635,0.59,0.59,3,1,55777
F1276,603.4233,2.428,2.386,2.47,3005,26948,0.33,0.72,2,1,38075
F1277,603.4233,2.537,2.47,2.486,3005,54432,0.59,0.95,3,1,5734
F1278,603.4233,2.588,2.562,2.663,3005,99003,0.59,0.69,3,1,64612
F1279,603.4233,3.986,3.952,4.011,3005,23054,0.36,0.9,2,1,32062
F1280,687.4265,5.215,5.156,5.291,3789,70096,1.0,0.91,9,1,86237
F1281,725.6059,5.055,4.996,5.097,4118,161389,1.0,0.96,29,1,174369
F1282,726.5381,2.773,2.68,2.874,4119,1001666,1.0,0.97,72,1,1033717
F1283,648.5089,1.552,1.459,1.653,3451,1296252,1.0,0.96,95,1,1320685
F1284,687.4335,1.628,1.552,1.712,3790,68366,1.0,0.97,4,1,96915
F1285,687.4335,5.19,5.089,5.249,3790,56348,0.9,0.63,5,1,85677
F1286,648.5641,1.569,1.501,1.644,3452,43138,1.0,0.73,5,1,61434
F1287,648.6248,1.577,1.476,1.678,3454,833563,1.0,0.99,67,1,862999
F1288,687.4681,1.56,1.468,1.661,3791,185501,1.0,0.91,17,1,211277
F1289,687.4681,3.051,2.975,3.135,3791,61986,1.0,0.93,6,1,83566
F1290,649.3792,2.663,2.571,2.756,3455,177070,1.0,0.99,15,1,200090
F1291,726.5623,1.569,1.468,1.577,4120,56264,0.77,0.6,7,1,70264
F1292,726.5623,1.602,1.594,1.653,4120,28310,0.77,0.57,6,1,36310
F1293,726.5623,1.686,1.653,1.729,4120,30203,0.74,0.59,6,1,40203
F1294,726.5623,5.063,4.962,5.164,4120,2527783,1.0,0.99,205,1,2552783
F1295,603.4373,0.364,0.331,0.398,3006,23420,0.25,0.93,2,1,35723
F1296,603.4373,1.089,1.046,1.122,3006,29632,0.22,0.74,2,1,41799
F1297,603.4373,1.88,1.796,1.948,3006,51761,0.26,0.75,2,1,72073
F1298,649.4445,1.855,1.788,1.948,3458,295390,1.0,0.97,28,1,321330
F1299,726.6109,5.097,5.063,5.139,4121,42926,1.0,0.97,8,1,55184
F1300,688.1923,1.518,1.468,1.543,3794,58047,1.0,0.86,10,1,73709
F1301,649.4518,1.804,1.771,1.83,3459,37149,1.0,0.87,8,1,47837
F1302,727.4557,1.863,1.788,1.956,4123,70158,0.86,0.99,6,1,91665
F1303,688.4267,3.042,2.941,3.143,3795,244977,1.0,0.99,17,1,271918
F1304,727.4964,3.27,3.169,3.371,4124,12831123,1.0,0.99,869,1,12856123
F1305,603.4493,1.653,1.552,1.746,3007,113998,1.0,0.72,2,1,158313
F1306,688.4792,1.569,1.484,1.653,3797,80157,1.0,0.67,6,1,101461
F1307,688.4792,2.52,2.428,2.621,3797,83645,1.0,0.98,6,1,109521
F1308,688.4792,2.849,2.748,2.95,3797,281695,1.0,1.0,20,1,307763
F1309,603.4948,1.628,1.611,1.661,3009,18053,1.0,0.89,5,1,26155
F1310,603.4948,1.695,1.661,1.762,3009,27045,1.0,0.89,5,1,40673
F1311,727.5564,2.764,2.663,2.866,4125,459144,1.0,0.99,32,1,486921
F1312,727.5564,3.27,3.169,3.371,4125,720855,1.0,0.93,51,1,749568
F1313,727.5564,5.063,4.962,5.164,4125,882490,1.0,0.99,59,1,913008
F1314,649.6283,1.577,1.484,1.678,3465,423888,1.0,0.99,35,1,450313
F1315,688.5161,1.906,1.804,2.006,3798,5892956,1.0,0.98,163,1,5931222
F1316,603.5299,1.493,1.392,1.586,3011,2792385,0.9,0.86,183,1,2816385
F1317,603.5299,2.798,2.697,2.899,3011,246435,0.68,0.97,4,1,271435
F1318,727.6382,3.27,3.211,3.329,4128,147601,1.0,0.92,17,1,160705
F1319,688.5337,1.552,1.468,1.644,3799,60170,0.64,0.94,5,1,79615
F1320,603.5789,1.484,1.426,1.535,3014,96611,1.0,0.94,13,1,111049
F1321,603.5789,1.569,1.535,1.619,3014,66533,1.0,0.97,10,1,78199
F1322,727.9976,3.27,3.169,3.371,4129,10035239,1.0,0.99,659,1,10060239
F1323,688.5676,1.897,1.804,1.998,3800,310926,1.0,0.93,27,1,334928
F1324,604.34,5.35,5.249,5.451,3015,96097,1.0,0.99,7,1,121885
F1325,649.9075,2.849,2.748,2.95,3470,318414,1.0,0.99,22,1,345540
F1326,728.0517,3.286,3.186,3.32,4130,345735,1.0,0.68,41,1,367855
F1327,688.9267,3.034,2.958,3.11,3801,137938,1.0,0.97,12,1,160375
F1328,604.3537,2.562,2.461,2.663,3016,423873,1.0,1.0,30,1,448217
F1329,650.3902,4.794,4.693,4.895,3472,125930,0.79,0.96,8,1,151773
F1330,728.4989,3.27,3.169,3.371,4131,4478686,1.0,0.99,288,1,4503686
F1331,688.9732,2.95,2.908,3.009,3802,75117,1.0,0.93,11,1,90104
F1332,650.41,2.849,2.748,2.95,3474,223101,1.0,0.99,16,1,250003
F1333,689.4275,3.042,2.958,3.101,3803,62272,1.0,0.94,6,1,81888
F1334,650.4529,1.846,1.762,1.948,3478,129228,1.0,0.99,10,1,154180
F1335,728.5543,2.781,2.68,2.882,4133,1257850,1.0,1.0,85,1,1288131
F1336,728.5543,3.244,3.152,3.346,4133,220395,0.93,0.92,15,1,249511
F1337,650.6411,1.569,1.468,1.67,3481,1699942,1.0,0.99,140,1,1724942
F1338,689.4862,1.569,1.468,1.628,3805,195805,0.82,0.9,18,1,215416
F1339,689.4862,2.832,2.731,2.933,3805,963970,1.0,0.99,61,1,994660
F1340,650.8944,4.76,4.659,4.861,3482,88599,1.0,0.93,6,1,115246
F1341,728.5774,1.636,1.535,1.678,4134,61953,0.92,0.75,7,1,80963
F1342,728.5774,1.813,1.712,1.914,4134,161490,1.0,0.94,12,1,187952
F1343,728.5774,5.03,4.929,5.063,4134,133473,1.0,0.94,16,1,151644
F1344,650.9094,2.806,2.773,2.891,3483,39052,1.0,0.55,6,1,53437
F1345,689.5195,1.914,1.813,2.015,3807,2252592,1.0,0.99,148,1,2277592
F1346,729.0001,3.27,3.169,3.371,4135,1630529,1.0,0.98,116,1,1655529
F1347,651.5276,1.594,1.493,1.678,3487,97536,1.0,0.75,8,1,117733
F1348,729.5017,3.253,3.16,3.354,4136,487271,1.0,0.98,33,1,515261
F1349,689.5552,5.106,5.004,5.206,3809,853808,1.0,1.0,59,1,884091
F1350,651.6449,1.577,1.476,1.678,3488,887290,1.0,1.0,65,1,917853
F1351,689.9892,2.823,2.722,2.924,3810,605920,1.0,0.92,42,1,628899
F1352,729.5572,2.79,2.689,2.891,4138,585886,1.0,1.0,41,1,614818
F1353,604.5338,1.476,1.392,1.577,3024,1104133,0.85,0.89,72,1,1132327
F1354,604.5338,2.79,2.714,2.874,3024,92377,0.69,0.99,6,1,113654
F1355,652.4073,2.95,2.849,3.051,3490,1272794,1.0,0.99,64,1,1304059
F1356,690.4792,2.815,2.714,2.916,3811,337635,1.0,0.99,21,1,361410
F1357,690.4792,2.941,2.924,3.042,3811,112065,1.0,0.91,10,1,129729
F1358,604.5972,1.586,1.51,1.661,3025,237873,1.0,0.95,23,1,259852
F1359,652.4313,4.642,4.609,4.693,3492,27058,0.57,0.96,5,1,33897
F1360,729.5862,1.821,1.804,1.889,4139,31995,0.53,0.68,6,1,42995
F1361,729.5862,5.055,4.954,5.156,4139,1896723,1.0,0.99,131,1,1921723
F1362,690.5238,1.577,1.476,1.678,3812,419838,1.0,0.99,27,1,444622
F1363,690.5238,1.906,1.804,2.006,3812,585578,1.0,0.99,42,1,613249
F1364,605.3516,2.562,2.486,2.663,3026,111571,1.0,0.98,9,1,133777
F1365,729.9731,3.27,3.169,3.371,4140,641281,1.0,0.98,43,1,667140
F1366,652.5343,1.619,1.577,1.703,3495,46030,1.0,0.82,6,1,62159
F1367,690.5586,5.097,5.004,5.198,3813,361299,1.0,0.99,26,1,386624
F1368,605.4194,1.83,1.729,1.931,3031,345764,1.0,0.99,25,1,374433
F1369,730.475,3.278,3.177,3.379,4143,378942,1.0,0.83,25,1,402956
F1370,652.64,1.484,1.459,1.526,3496,19325,1.0,0.9,5,1,28920
F1371,690.577,1.526,1.434,1.628,3814,252250,1.0,0.83,16,1,281069
F1372,652.9429,2.924,2.832,3.026,3498,482389,1.0,0.99,33,1,503692
F1373,605.5431,1.476,1.4,1.577,3033,518945,0.75,0.86,34,1,542634
F1374,730.5307,4.726,4.626,4.828,4145,878109,1.0,1.0,65,1,907890
F1375,653.3316,2.672,2.571,2.773,3499,250445,1.0,0.99,19,1,276248
F1376,605.6014,1.602,1.526,1.661,3034,94532,1.0,0.91,9,1,114095
F1377,691.528,1.569,1.468,1.653,3817,194086,1.0,0.94,12,1,220662
F1378,691.528,1.906,1.821,1.973,3817,72347,1.0,0.93,7,1,94114
F1379,730.568,2.79,2.689,2.891,4146,380750,1.0,1.0,25,1,407812
F1380,653.4101,2.95,2.849,3.051,3501,421050,1.0,1.0,31,1,447555
F1381,605.8818,2.638,2.562,2.697,3035,155303,1.0,0.98,18,1,167862
F1382,605.8818,2.714,2.697,2.739,3035,19757,1.0,1.0,5,1,27185
F1383,691.5613,5.097,5.038,5.156,3818,54055,1.0,0.92,6,1,71138
F1384,606.357,5.324,5.223,5.426,3036,155700,1.0,1.0,11,1,182149
F1385,730.5895,4.693,4.651,4.752,4147,27170,0.72,0.95,5,1,40638
F1386,730.5895,5.046,4.946,5.148,4147,867715,1.0,1.0,57,1,898577
F1387,653.445,2.941,2.908,3.042,3504,290935,1.0,0.89,31,1,309130
F1388,691.5796,1.51,1.468,1.56,3819,50995,0.67,0.78,7,1,60871
F1389,606.3647,4.314,4.246,4.609,3037,133558,0.97,0.81,5,1,178809
F1390,730.9755,3.261,3.194,3.362,4148,182990,1.0,0.84,15,1,203565
F1391,653.4596,2.773,2.672,2.874,3505,4490711,1.0,0.99,303,1,4515711
F1392,691.6782,1.56,1.526,1.628,3820,78978,1.0,0.97,10,1,90783
F1393,606.383,2.655,2.554,2.756,3038,155976,1.0,0.99,11,1,181936
F1394,731.4525,5.426,5.35,5.526,4149,87584,1.0,0.6,6,1,111041
F1395,653.5096,2.722,2.706,2.756,3506,39310,1.0,0.83,9,1,52353
F1396,653.5096,2.798,2.756,2.874,3506,158109,1.0,0.6,16,1,139010
F1397,692.4021,2.529,2.478,2.621,3821,54076,0.88,0.96,5,1,72857
F1398,692.4021,2.773,2.672,2.874,3821,705564,1.0,1.0,52,1,733342
F1399,606.4201,1.838,1.737,1.914,3041,105686,1.0,0.97,9,1,127765
F1400,731.4797,1.543,1.468,1.636,4150,89343,1.0,0.99,7,1,112649
F1401,731.4797,3.27,3.194,3.354,4150,67512,1.0,0.98,5,1,88377
F1402,653.543,1.653,1.569,1.72,3507,135346,1.0,0.99,15,1,153922
F1403,692.4836,1.846,1.754,1.906,3822,87857,1.0,0.91,8,1,104895
F1404,606.5479,1.484,1.417,1.586,3042,183800,0.9,0.77,12,1,206080
F1405,731.5358,4.726,4.626,4.828,4151,326709,1.0,0.96,30,1,352823
F1406,653.961,2.781,2.68,2.882,3510,3306462,1.0,0.99,223,1,3331462
F1407,692.5932,1.501,1.434,1.602,3824,167628,1.0,0.8,13,1,191729
F1408,607.3608,5.324,5.232,5.392,3045,57370,1.0,0.92,5,1,78124
F1409,731.5715,2.79,2.689,2.891,4153,147514,1.0,0.99,11,1,172271
F1410,654.011,2.781,2.722,2.866,3511,123558,1.0,0.96,13,1,143119
F1411,693.4056,2.764,2.68,2.866,3825,232462,1.0,0.98,19,1,257420
F1412,731.6012,5.046,4.946,5.148,4154,3556937,1.0,0.99,237,1,3581937
F1413,693.4733,1.897,1.796,1.998,3829,399976,1.0,1.0,28,1,426566
F1414,732.4504,3.27,3.169,3.371,4156,224155,1.0,0.97,17,1,252109
F1415,693.595,1.56,1.468,1.602,3830,50084,1.0,0.61,6,1,70644
F1416,607.3875,1.569,1.468,1.67,3046,698386,1.0,0.99,9,1,809936
F1417,732.4787,1.569,1.526,1.628,4157,36069,1.0,0.88,5,1,54274
F1418,693.9341,3.076,2.992,3.143,3831,233012,1.0,0.92,21,1,248102
F1419,694.4168,4.903,4.802,4.979,3832,152516,0.49,0.85,9,1,174972
F1420,654.4097,2.933,2.908,3.034,3516,51901,1.0,0.67,6,1,73617
F1421,732.5054,2.706,2.605,2.798,4158,182398,1.0,0.97,13,1,206594
F1422,732.5054,3.042,2.941,3.143,4158,396368,1.0,0.99,28,1,419463
F1423,694.4339,3.042,2.941,3.143,3833,280926,1.0,1.0,20,1,306165
F1424,607.449,1.67,1.577,1.771,3051,118086,1.0,0.88,9,1,140383
F1425,694.4733,1.906,1.872,1.99,3837,66977,1.0,0.85,8,1,78113
F1426,607.5047,2.722,2.646,2.798,3052,78956,0.87,0.97,7,1,96473
F1427,654.4521,2.941,2.916,3.042,3520,65095,1.0,0.81,7,1,83159
F1428,694.4803,1.872,1.846,1.914,3838,37404,1.0,0.95,8,1,44866
F1429,607.5601,1.518,1.476,1.569,3054,36695,1.0,0.91,5,1,52911
F1430,654.4619,2.781,2.68,2.882,3521,1405651,1.0,1.0,93,1,1438462
F1431,732.5425,1.703,1.602,1.804,4159,1591914,0.97,0.97,37,1,1625632
F1432,732.5425,1.939,1.838,2.04,4159,7064454,1.0,0.99,191,1,7098172
F1433,732.5425,4.718,4.617,4.819,4159,2018753,1.0,0.99,126,1,2052471
F1434,694.4915,1.552,1.501,1.577,3839,33448,1.0,0.94,6,1,46494
F1435,694.5133,1.628,1.535,1.729,3840,118792,1.0,0.85,8,1,142981
F1436,654.5131,1.804,1.703,1.872,3524,80030,1.0,0.95,7,1,100356
F1437,654.5131,2.798,2.722,2.84,3524,42433,1.0,0.92,5,1,58965
F1438,694.6087,1.493,1.417,1.586,3841,437750,0.89,0.91,31,1,461880
F1439,654.6369,1.586,1.501,1.686,3525,183929,1.0,0.91,13,1,209397
F1440,608.3846,1.569,1.468,1.67,3056,299979,1.0,0.99,5,1,373709
F1441,608.3846,2.832,2.731,2.933,3056,1230444,1.0,1.0,21,1,1308881
F1442,608.3846,8.238,7.943,8.676,3056,382306,0.94,0.88,3,1,638376
F1443,608.3846,9.181,8.685,9.897,3056,592285,0.93,0.55,3,1,1012491
F1444,732.603,1.948,1.846,2.04,4161,428412,0.97,0.93,35,1,452412
F1445,732.603,4.676,4.626,4.684,4161,26619,0.65,0.58,8,1,34619
F1446,732.603,5.063,4.962,5.164,4161,1641741,1.0,0.99,115,1,1666741
F1447,654.9636,2.781,2.714,2.882,3526,316218,1.0,0.94,33,1,339663
F1448,732.9516,3.295,3.194,3.362,4162,143341,1.0,0.83,12,1,164575
F1449,694.9181,4.844,4.743,4.886,3843,63837,0.93,0.81,6,1,83897
F1450,694.9181,4.996,4.895,5.055,3843,56817,0.88,0.65,5,1,74835
F1451,608.4098,4.305,4.204,4.406,3058,425561,1.0,0.99,26,1,453169
F1452,694.9347,3.034,2.958,3.135,3844,126704,1.0,0.88,10,1,149401
F1453,733.0069,3.051,2.95,3.135,4163,202949,1.0,0.94,23,1,224454
F1454,733.0069,3.169,3.135,3.27,4163,58330,1.0,0.58,9,1,74492
F1455,608.4307,2.823,2.748,2.882,3060,43689,0.58,0.89,5,1,61359
F1456,695.3532,2.739,2.68,2.798,3845,29633,0.17,0.92,2,1,60107
F1457,733.5114,2.697,2.621,2.79,4165,63912,0.6,0.98,5,1,84685
F1458,733.5114,3.017,2.916,3.118,4165,947928,1.0,1.0,58,1,978539
F1459,655.3763,1.813,1.712,1.872,3531,60238,1.0,0.91,5,1,81117
F1460,608.7444,4.297,4.196,4.398,3065,404529,1.0,0.98,26,1,429561
F1461,655.4514,3.093,3.009,3.194,3536,75977,1.0,0.97,6,1,99370
F1462,608.9168,2.739,2.638,2.84,3066,437998,1.0,0.96,33,1,465555
F1463,695.4877,1.594,1.493,1.67,3852,106283,1.0,0.93,9,1,129781
F1464,733.5455,1.703,1.602,1.804,4166,703123,0.83,0.96,33,1,728123
F1465,733.5455,1.956,1.855,2.057,4166,2871147,1.0,1.0,158,1,2896147
F1466,655.4648,2.773,2.697,2.874,3537,100864,1.0,0.97,8,1,123851
F1467,609.0785,4.297,4.221,4.398,3067,163912,1.0,0.83,13,1,186724
F1468,695.506,1.602,1.526,1.653,3853,45511,1.0,0.87,6,1,62969
F1469,733.5563,4.693,4.609,4.794,4167,569307,1.0,0.94,54,1,592598
F1470,695.6124,1.51,1.434,1.569,3854,185537,1.0,0.97,17,1,210848
F1471,655.4993,1.586,1.535,1.661,3538,97678,1.0,0.87,15,1,115770
F1472,696.3403,1.653,1.569,1.746,3855,176318,1.0,0.98,14,1,199130
F1473,609.386,2.823,2.722,2.924,3070,404579,1.0,1.0,22,1,430579
F1474,733.6071,4.718,4.676,4.802,4168,55534,0.59,0.92,7,1,71426
F1475,733.6071,5.046,4.946,5.148,4168,486678,1.0,0.99,32,1,520469
F1476,655.559,1.653,1.552,1.703,3540,153328,1.0,0.95,18,1,173928
F1477,655.9368,2.781,2.714,2.882,3541,152424,1.0,0.97,14,1,173154
F1478,734.015,3.017,2.916,3.118,4169,614688,1.0,0.95,44,1,649297
F1479,609.3962,1.577,1.493,1.611,3071,50694,1.0,0.93,6,1,67342
F1480,696.4331,3.068,2.967,3.169,3858,1178708,1.0,1.0,40,1,1210012
F1481,609.4179,2.748,2.714,2.849,3072,252292,1.0,0.83,26,1,270502
F1482,609.4179,4.297,4.221,4.398,3072,90750,0.94,0.99,7,1,113160
F1483,734.537,1.712,1.611,1.804,4170,200062,0.88,0.97,11,1,224445
F1484,734.537,1.956,1.855,2.057,4170,755054,1.0,1.0,44,1,782933
F1485,734.537,3.009,2.908,3.11,4170,308937,1.0,0.93,23,1,337235
F1486,656.4026,8.979,7.783,9.838,3546,1851511,0.9,0.96,12,1,2106606
F1487,696.4816,1.594,1.51,1.678,3861,57600,0.75,0.87,5,1,80109
F1488,734.5651,4.735,4.634,4.836,4171,3827653,1.0,0.99,285,1,3852653
F1489,609.4345,2.596,2.495,2.697,3073,4011936,1.0,0.99,291,1,4036936
F1490,609.4345,2.806,2.79,2.891,3073,54043,0.84,0.51,9,1,67043
F1491,696.9692,3.16,3.059,3.261,3864,367521,1.0,0.94,27,1,395311
F1492,734.6166,4.743,4.668,4.786,4173,172553,1.0,0.89,21,1,188635
F1493,734.6166,5.013,4.912,5.072,4173,66249,1.0,0.7,7,1,89329
F1494,609.482,1.644,1.602,1.746,3074,53560,1.0,0.88,6,1,70585
F1495,609.482,2.579,2.495,2.68,3074,204223,1.0,0.93,19,1,227287
F1496,697.3571,2.764,2.663,2.866,3865,261260,1.0,1.0,20,1,287757
F1497,656.4419,1.586,1.484,1.686,3549,6748523,1.0,0.98,505,1,6773523
F1498,656.4419,2.773,2.689,2.849,3549,119245,0.66,0.86,3,1,139245
F1499,734.9838,3.034,2.992,3.093,4174,40754,1.0,0.79,6,1,53293
F1500,609.5208,2.714,2.638,2.815,3075,200790,1.0,0.95,15,1,226761
F1501,697.4814,2.975,2.874,3.076,3870,4812363,1.0,0.99,323,1,4837363
F1502,609.9349,2.588,2.486,2.689,3076,2686218,1.0,0.99,193,1,2711218
F1503,735.4863,1.644,1.594,1.712,4175,46927,1.0,0.96,5,1,63839
F1504,735.4863,3.051,2.958,3.143,4175,77323,1.0,0.96,6,1,99408
F1505,609.9838,2.613,2.571,2.663,3077,78555,1.0,0.94,11,1,93612
F1506,656.4908,1.51,1.442,1.518,3552,70556,0.7,0.71,19,1,80556
F1507,656.4908,1.653,1.552,1.754,3552,3639964,1.0,0.97,241,1,3664964
F1508,697.5135,1.249,1.198,1.316,3871,59066,1.0,0.94,8,1,75638
F1509,697.5135,1.611,1.518,1.661,3871,65833,1.0,0.86,6,1,84234
F1510,656.5245,1.779,1.686,1.88,3553,464146,1.0,0.97,30,1,494244
F1511,610.1802,1.569,1.56,1.636,3078,488201,0.44,0.68,120,1,498201
F1512,735.5203,1.569,1.501,1.628,4177,52537,1.0,0.91,6,1,70157
F1513,697.5344,3.0,2.899,3.093,3872,278716,1.0,0.86,21,1,304323
F1514,697.5344,5.097,5.013,5.198,3872,227971,1.0,0.99,18,1,253235
F1515,657.3636,2.95,2.849,3.051,3556,298338,1.0,1.0,23,1,323757
F1516,610.3082,2.545,2.486,2.605,3079,45876,1.0,0.93,5,1,60371
F1517,735.5507,1.931,1.855,2.032,4178,133354,1.0,0.94,11,1,157328
F1518,697.9871,2.975,2.874,3.076,3873,3754731,1.0,0.99,248,1,3779731
F1519,735.5682,4.735,4.651,4.836,4179,1675968,1.0,0.98,134,1,1698968
F1520,610.3913,2.815,2.739,2.916,3080,91156,1.0,0.97,7,1,113548
F1521,657.4461,1.577,1.476,1.678,3561,3348985,1.0,0.99,240,1,3373985
F1522,698.3605,2.756,2.697,2.857,3874,74573,1.0,0.88,7,1,95388
F1523,735.6232,4.743,4.701,4.769,4180,33172,0.89,0.79,6,1,50384
F1524,610.4315,2.596,2.495,2.697,3081,1094429,1.0,1.0,74,1,1123094
F1525,657.4936,1.644,1.569,1.746,3563,1292104,1.0,0.93,91,1,1306335
F1526,698.4366,3.076,2.992,3.177,3875,108172,1.0,0.99,8,1,133192
F1527,610.4941,1.653,1.569,1.703,3083,256361,1.0,0.99,28,1,272716
F1528,610.4941,1.779,1.754,1.863,3083,58403,1.0,0.92,8,1,75031
F1529,658.2833,1.981,1.788,2.099,3564,202478,1.0,0.92,8,1,240362
F1530,736.4265,2.646,2.571,2.739,4182,62099,0.68,0.96,5,1,83984
F1531,736.4265,2.891,2.79,2.992,4182,677344,1.0,0.99,47,1,706515
F1532,658.3667,2.95,2.899,3.034,3565,69884,1.0,0.97,7,1,90729
F1533,610.5222,2.722,2.646,2.79,3084,68672,0.92,0.94,7,1,89671
F1534,698.4885,2.975,2.874,3.009,3877,1205717,1.0,0.8,123,1,1222717
F1535,698.4885,3.017,3.009,3.118,3877,483244,1.0,0.59,87,1,497244
F1536,658.4508,1.586,1.484,1.686,3570,923418,1.0,0.99,65,1,956976
F1537,610.9373,2.613,2.512,2.697,3085,241464,1.0,0.96,22,1,270083
F1538,736.5216,1.863,1.804,1.939,4185,53745,0.42,0.95,5,1,70463
F1539,611.1814,1.552,1.484,1.653,3086,604985,1.0,0.98,66,1,630774
F1540,736.5339,1.543,1.476,1.644,4186,75628,1.0,0.77,7,1,98886
F1541,658.4676,1.821,1.771,1.922,3571,104281,1.0,0.96,9,1,127541
F1542,658.4676,3.75,3.674,3.817,3571,54123,0.71,0.99,5,1,72743
F1543,736.5701,4.735,4.642,4.836,4188,441765,1.0,0.99,34,1,466953
F1544,698.536,1.569,1.493,1.661,3878,71159,0.95,0.95,5,1,91107
F1545,698.536,1.83,1.746,1.914,3878,91905,1.0,0.96,8,1,114455
F1546,698.536,2.992,2.95,3.093,3878,57982,1.0,0.84,8,1,75609
F1547,698.536,5.097,5.03,5.181,3878,79317,1.0,0.97,7,1,99029
F1548,737.4111,1.56,1.476,1.661,4189,112875,1.0,0.89,8,1,137113
F1549,659.281,1.872,1.56,2.116,3572,187587,0.94,0.58,4,1,259567
F1550,698.9894,2.975,2.882,3.059,3879,432499,1.0,0.91,42,1,454035
F1551,611.3918,1.703,1.619,1.796,3088,58610,0.31,0.79,2,1,89952
F1552,737.431,2.891,2.798,2.992,4190,255724,1.0,0.99,19,1,281720
F1553,659.4528,1.611,1.51,1.661,3574,136327,0.94,0.66,10,1,157872
F1554,699.4036,1.846,1.746,1.931,3882,73950,1.0,0.97,6,1,97094
F1555,659.4813,2.588,2.52,2.663,3576,68444,0.7,0.95,6,1,87056
F1556,611.4396,2.571,2.529,2.672,3092,64952,1.0,0.79,6,1,86475
F1557,737.4966,1.67,1.602,1.771,4193,161342,0.97,0.85,12,1,184448
F1558,737.4966,1.956,1.855,2.057,4193,434069,1.0,0.99,30,1,460798
F1559,611.5024,1.636,1.586,1.678,3093,81898,1.0,0.99,13,1,94427
F1560,699.4856,2.992,2.891,3.093,3887,240116,1.0,0.87,17,1,265828
F1561,699.4856,3.169,3.101,3.27,3887,153517,1.0,0.98,11,1,174558
F1562,611.536,2.706,2.605,2.806,3094,292337,1.0,0.95,21,1,319228
F1563,659.5047,1.619,1.535,1.72,3577,149650,0.97,0.91,6,1,177501
F1564,659.5047,1.83,1.746,1.931,3577,111072,0.89,0.95,4,1,136062
F1565,699.5297,1.552,1.468,1.653,3888,155430,1.0,0.97,14,1,179343
F1566,611.911,2.588,2.503,2.63,3095,86532,1.0,0.89,9,1,97963
F1567,699.9629,2.975,2.891,3.059,3889,176484,1.0,0.93,16,1,201100
F1568,659.5213,1.552,1.518,1.594,3578,21972,1.0,0.91,5,1,33428
F1569,659.5213,1.636,1.594,1.678,3578,20781,1.0,0.93,5,1,29479
F1570,737.5591,1.552,1.476,1.762,4196,91650,0.77,0.81,5,1,126943
F1571,737.5591,4.726,4.693,4.769,4196,33325,1.0,0.94,6,1,42828
F1572,737.96,3.278,3.177,3.362,4197,320443,1.0,0.99,24,1,345154
F1573,612.414,2.562,2.52,2.663,3099,81175,1.0,0.77,7,1,101687
F1574,660.4823,1.577,1.476,1.653,3584,184128,1.0,0.99,15,1,207965
F1575,612.5155,1.636,1.586,1.67,3102,259659,1.0,1.0,46,1,266419
F1576,700.4669,2.975,2.874,3.051,3897,139589,1.0,0.92,14,1,164516
F1577,738.4434,2.908,2.832,2.967,4198,42548,0.46,0.89,5,1,62244
F1578,738.4434,5.232,5.131,5.333,4198,268617,0.86,0.9,14,1,293257
F1579,612.5398,2.706,2.638,2.806,3103,116472,1.0,0.92,10,1,136805
F1580,700.4751,3.026,2.924,3.11,3898,107443,0.61,0.76,8,1,128134
F1581,660.5172,1.552,1.493,1.653,3587,69587,1.0,0.72,7,1,88762
F1582,738.4667,3.278,3.177,3.379,4200,265782,1.0,0.99,18,1,292528
F1583,661.4459,1.644,1.56,1.746,3592,389394,1.0,0.98,35,1,414666
F1584,613.3366,2.84,2.739,2.941,3105,308870,1.0,1.0,22,1,335361
F1585,700.5223,1.577,1.476,1.661,3899,155547,0.97,0.92,12,1,180918
F1586,700.5223,2.815,2.714,2.916,3899,664945,1.0,1.0,47,1,691665
F1587,661.4563,2.941,2.84,3.042,3593,15848707,1.0,0.99,1077,1,15873707
F1588,738.4998,1.678,1.586,1.779,4201,66550,0.85,0.85,5,1,90686
F1589,738.4998,1.948,1.846,2.049,4201,180932,1.0,0.99,12,1,206860
F1590,738.4998,2.823,2.722,2.924,4201,154239,1.0,0.97,10,1,179980
F1591,661.4661,1.619,1.586,1.661,3594,15713,1.0,0.86,5,1,25715
F1592,700.553,1.644,1.552,1.703,3900,273115,1.0,0.93,26,1,301294
F1593,700.553,1.821,1.72,1.922,3900,528171,1.0,0.99,37,1,558658
F1594,661.487,1.628,1.526,1.703,3595,123171,0.95,0.94,8,1,145755
F1595,738.5368,2.714,2.613,2.815,4202,298814,1.0,0.98,19,1,325231
F1596,701.3959,1.619,1.518,1.703,3901,103029,1.0,0.93,4,1,141066
F1597,701.3959,3.076,2.975,3.177,3901,247246,1.0,0.99,10,1,289389
F1598,661.5029,1.644,1.569,1.703,3596,51650,0.83,0.92,5,1,69432
F1599,661.5029,2.916,2.815,3.017,3596,784338,1.0,0.81,58,1,814738
F1600,738.9448,5.106,5.013,5.148,4205,63318,0.9,0.89,6,1,85754
F1601,738.9448,5.249,5.156,5.35,4205,147046,1.0,0.75,9,1,169493
F1602,661.5231,3.337,3.261,3.421,3597,60540,0.61,0.98,5,1,82239
F1603,613.4375,1.644,1.577,1.712,3113,179916,1.0,1.0,22,1,195050
F1604,738.9638,3.278,3.194,3.379,4206,123360,1.0,0.96,10,1,146227
F1605,661.9587,2.933,2.832,3.034,3598,11022434,1.0,0.99,752,1,11047434
F1606,701.5291,1.552,1.459,1.653,3905,157564,1.0,0.98,5,1,182871
F1607,701.5291,2.823,2.722,2.924,3905,320792,1.0,0.99,14,1,347376
F1608,613.4707,1.636,1.602,1.678,3116,25691,1.0,0.96,5,1,33839
F1609,662.0115,2.933,2.891,3.034,3599,428985,1.0,0.66,50,1,452009
F1610,739.443,5.206,5.063,5.484,4207,143643,1.0,0.89,5,1,194955
F1611,613.5493,2.748,2.68,2.815,3117,48932,1.0,0.94,5,1,64666
F1612,739.4611,3.278,3.202,3.329,4208,42892,1.0,0.76,5,1,60870
F1613,662.4289,2.714,2.63,2.815,3601,80804,1.0,0.94,6,1,105214
F1614,614.3415,2.832,2.756,2.924,3119,86329,1.0,0.97,7,1,107737
F1615,739.4989,2.806,2.756,2.899,4212,52008,0.76,0.96,5,1,70974
F1616,701.5554,1.644,1.636,1.703,3907,61138,0.81,0.54,13,1,70138
F1617,701.5554,1.729,1.703,1.754,3907,30560,0.74,0.74,8,1,37560
F1618,701.5554,1.813,1.754,1.914,3907,188302,0.81,0.93,17,1,208302
F1619,701.5554,5.089,4.988,5.19,3907,3464369,1.0,0.99,251,1,3489369
F1620,662.4465,1.644,1.569,1.746,3602,161514,1.0,0.98,15,1,184244
F1621,614.3695,2.369,2.276,2.436,3120,57535,1.0,0.98,5,1,78052
F1622,701.6066,5.089,5.046,5.156,3908,107187,1.0,0.86,14,1,120129
F1623,739.5414,2.706,2.638,2.806,4215,125622,1.0,0.84,10,1,146927
F1624,662.4602,2.933,2.832,3.034,3603,4631775,1.0,0.99,305,1,4656775
F1625,702.3961,3.068,3.0,3.16,3909,76161,1.0,0.97,7,1,98069
F1626,739.5673,5.063,4.988,5.131,4216,108772,1.0,0.99,11,1,127999
F1627,662.4949,1.611,1.569,1.636,3605,32312,1.0,0.88,6,1,41028
F1628,702.4113,1.619,1.543,1.678,3910,49446,1.0,0.96,5,1,68197
F1629,740.4583,3.202,3.101,3.303,4217,988263,1.0,0.99,40,1,1018566
F1630,662.5115,2.933,2.891,3.017,3606,156794,1.0,0.9,20,1,168022
F1631,614.4118,8.339,7.649,9.552,3123,696284,0.74,0.54,3,1,1011387
F1632,702.4241,2.554,2.453,2.655,3911,113353,1.0,1.0,8,1,138313
F1633,662.9611,2.941,2.857,3.042,3607,1501259,1.0,0.95,109,1,1524259
F1634,702.4417,3.0,2.899,3.068,3912,58613,1.0,0.79,5,1,81498
F1635,614.4795,1.813,1.712,1.914,3127,271155,1.0,0.96,4,1,341638
F1636,740.5101,3.219,3.186,3.261,4221,33415,0.55,0.96,4,1,44140
F1637,740.5187,2.756,2.655,2.857,4222,640798,1.0,0.99,34,1,668184
F1638,663.4503,1.569,1.468,1.67,3608,17931984,1.0,0.99,8,1,21672602
F1639,663.4503,8.306,8.036,9.998,3608,34837284,0.99,0.51,3,1,94462483
F1640,614.4979,1.771,1.729,1.796,3129,29327,1.0,0.68,5,1,37305
F1641,702.4929,1.863,1.788,1.939,3913,68596,1.0,0.98,6,1,89645
F1642,702.4929,2.764,2.697,2.857,3913,62323,1.0,0.94,5,1,83099
F1643,702.4929,3.901,3.826,3.977,3913,64874,1.0,0.98,6,1,85626
F1644,614.5299,1.644,1.552,1.746,3131,380205,1.0,0.95,32,1,403452
F1645,740.5523,2.773,2.68,2.874,4224,304717,1.0,0.97,20,1,330745
F1646,740.5523,4.718,4.617,4.811,4224,108390,0.95,0.99,7,1,132965
F1647,615.453,1.644,1.552,1.746,3139,675263,1.0,0.96,65,1,699980
F1648,615.453,2.436,2.343,2.52,3139,68603,0.75,0.98,5,1,90524
F1649,740.5694,5.055,4.988,5.122,4225,48722,0.44,0.99,5,1,66702
F1650,663.5814,1.501,1.476,1.535,3609,35755,1.0,0.85,8,1,43758
F1651,663.5814,1.619,1.594,1.653,3609,30119,0.96,0.84,7,1,38120
F1652,663.5814,8.331,8.23,8.373,3609,109384,1.0,0.68,10,1,124472
F1653,702.5344,1.586,1.484,1.678,3916,141890,0.84,0.88,3,1,182715
F1654,702.5344,1.88,1.779,1.981,3916,277114,1.0,0.97,6,1,318991
F1655,702.5344,2.815,2.714,2.916,3916,357351,1.0,0.99,8,1,399627
F1656,740.939,3.253,3.211,3.337,4226,40611,1.0,0.69,5,1,54318
F1657,663.9346,2.941,2.849,3.026,3610,530141,1.0,0.95,45,1,557507
F1658,740.9954,3.404,3.303,3.489,4227,273948,1.0,0.93,21,1,301668
F1659,664.2801,5.333,5.299,5.4,3611,36952,1.0,0.77,5,1,54739
F1660,615.4772,1.602,1.569,1.636,3140,15391,0.47,0.89,2,1,25224
F1661,615.4772,1.686,1.661,1.754,3140,58614,0.52,0.64,3,1,75510
F1662,741.3837,2.891,2.798,2.983,4228,228955,1.0,0.99,17,1,254538
F1663,702.5574,1.611,1.51,1.619,3918,39580,0.61,0.55,5,1,53580
F1664,702.5574,1.821,1.779,1.872,3918,48720,0.74,0.61,7,1,60720
F1665,702.5574,5.089,4.988,5.19,3918,1541353,1.0,0.98,110,1,1566353
F1666,741.5109,3.177,3.076,3.278,4230,4007177,1.0,0.99,226,1,4032177
F1667,615.4996,1.611,1.51,1.712,3141,101503,1.0,0.83,8,1,129567
F1668,703.5051,1.577,1.476,1.678,3919,337053,1.0,0.97,25,1,365192
F1669,703.5051,2.79,2.697,2.866,3919,66901,0.97,0.96,5,1,87796
F1670,664.4536,1.569,1.468,1.67,3612,8161946,1.0,0.99,8,1,9925913
F1671,664.4536,8.297,8.028,9.998,3612,15249332,0.99,0.52,3,1,42478637
F1672,615.5327,1.653,1.594,1.72,3142,76853,1.0,0.81,10,1,91858
F1673,741.5226,2.748,2.646,2.849,4231,283628,1.0,0.98,21,1,309700
F1674,741.5226,5.072,4.988,5.173,4231,222275,1.0,0.99,19,1,247094
F1675,615.5755,1.619,1.543,1.703,3143,362187,1.0,1.0,36,1,384108
F1676,741.5397,1.577,1.518,1.636,4232,43270,0.9,0.9,5,1,57232
F1677,616.2832,5.392,5.291,5.493,3144,546437,1.0,0.99,35,1,576698
F1678,703.5291,1.535,1.501,1.577,3920,25492,0.78,0.93,4,1,37331
F1679,703.5291,1.611,1.586,1.644,3920,25476,0.66,0.85,3,1,32695
F1680,703.5291,1.88,1.779,1.981,3920,108611,0.88,0.99,5,1,133658
F1681,703.5291,2.781,2.706,2.866,3920,43295,0.62,0.82,4,1,62004
F1682,741.5531,2.781,2.706,2.806,4233,61738,1.0,0.87,9,1,74447
F1683,703.5427,2.823,2.781,2.882,3921,75234,1.0,0.97,10,1,92207
F1684,616.4214,2.823,2.722,2.916,3151,105899,1.0,0.98,7,1,130445
F1685,741.5624,2.764,2.689,2.781,4234,36680,0.56,0.87,6,1,51029
F1686,741.5624,3.228,3.143,3.278,4234,144301,1.0,0.74,16,1,164799
F1687,703.5715,5.089,4.988,5.19,3923,27345531,1.0,1.0,1972,1,27370531
F1688,616.4594,1.72,1.619,1.821,3154,1963666,1.0,0.99,78,1,1988666
F1689,742.013,3.186,3.084,3.286,4236,3266856,1.0,0.99,223,1,3291856
F1690,703.6068,5.072,5.046,5.089,3924,570921,0.56,0.65,121,1,576921
F1691,616.4849,1.628,1.526,1.67,3155,79820,1.0,0.71,8,1,100226
F1692,742.465,3.202,3.135,3.286,4238,80442,1.0,0.95,7,1,101583
F1693,703.6242,5.089,4.988,5.19,3925,1144374,1.0,0.9,85,1,1179714
F1694,742.513,3.211,3.11,3.312,4239,1589173,1.0,0.99,106,1,1614173
F1695,616.5423,1.636,1.569,1.67,3157,34435,1.0,0.64,5,1,46142
F1696,617.2845,5.383,5.299,5.484,3158,155864,1.0,0.98,12,1,179769
F1697,704.5417,1.594,1.493,1.695,3927,144181,1.0,0.8,11,1,171090
F1698,704.5417,2.849,2.748,2.908,3927,84388,1.0,0.91,8,1,103425
F1699,742.5311,2.79,2.689,2.891,4240,506662,1.0,1.0,34,1,533257
F1700,742.5311,5.08,4.996,5.173,4240,91437,0.95,1.0,8,1,113948
F1701,704.5741,5.097,4.996,5.198,3928,11820362,1.0,0.99,846,1,11845362
F1702,617.4217,1.804,1.712,1.872,3165,79199,0.94,0.89,6,1,102306
F1703,704.6282,5.08,5.004,5.156,3929,471671,1.0,0.95,43,1,489421
F1704,617.4312,2.739,2.638,2.84,3166,12959585,1.0,0.99,900,1,12984585
F1705,742.5703,1.889,1.788,1.956,4241,111656,0.76,0.93,10,1,132656
F1706,742.5703,2.798,2.697,2.899,4241,176319,0.82,0.94,13,1,201319
F1707,742.5703,4.684,4.583,4.786,4241,2840476,1.0,0.99,191,1,2865476
F1708,664.505,1.526,1.451,1.56,3614,482944,0.56,0.89,9,1,293234
F1709,664.505,1.586,1.628,1.686,3614,297539,0.74,0.94,9,1,86603
F1710,664.505,8.28,8.179,8.364,3614,342353,0.49,0.85,3,1,367169
F1711,664.505,8.406,8.39,8.474,3614,148183,0.48,0.62,3,1,166066
F1712,664.505,8.794,8.726,8.87,3614,188235,0.45,0.89,2,1,208595
F1713,664.505,8.996,8.895,9.038,3614,158786,0.46,0.72,2,1,184504
F1714,704.7156,5.089,5.03,5.122,3930,129510,1.0,0.86,20,1,141516
F1715,617.4637,1.72,1.686,1.821,3169,589235,1.0,0.87,59,1,608970
F1716,742.6249,1.586,1.535,1.619,4242,28726,1.0,0.88,5,1,36898
F1717,742.6249,4.676,4.592,4.777,4242,99464,1.0,0.83,9,1,123637
F1718,705.483,3.143,3.042,3.244,3933,14349568,1.0,0.99,982,1,14374568
F1719,743.0161,3.194,3.093,3.295,4243,565384,1.0,1.0,37,1,595242
F1720,617.471,1.636,1.56,1.695,3170,1538422,1.0,0.98,123,1,1555422
F1721,617.471,2.706,2.655,2.714,3170,177506,0.76,0.67,42,1,185506
F1722,664.5857,1.577,1.543,1.611,3615,51610,1.0,0.95,5,1,60612
F1723,705.494,1.552,1.493,1.628,3934,91370,1.0,0.97,10,1,109802
F1724,664.6541,1.602,1.526,1.628,3616,57708,1.0,0.61,7,1,69377
F1725,743.5172,3.194,3.101,3.295,4246,168995,1.0,0.99,12,1,193962
F1726,617.7545,4.162,4.129,4.204,3171,43127,1.0,0.91,8,1,56844
F1727,617.7545,4.238,4.204,4.28,3171,46168,1.0,0.94,7,1,62610
F1728,705.5193,1.552,1.484,1.653,3935,79544,1.0,0.83,7,1,101644
F1729,705.5193,3.16,3.126,3.202,3935,112577,1.0,0.74,24,1,122582
F1730,664.9366,2.908,2.849,2.95,3617,82253,0.62,0.88,10,1,96651
F1731,617.9328,2.748,2.646,2.849,3172,8435001,1.0,0.99,584,1,8460001
F1732,743.5332,2.781,2.689,2.882,4247,214881,1.0,0.99,15,1,241324
F1733,617.9823,2.748,2.646,2.849,3173,345759,1.0,0.88,30,1,376128
F1734,665.4182,1.855,1.771,1.931,3618,110757,1.0,0.99,10,1,132925
F1735,665.4182,5.089,5.004,5.19,3618,112182,1.0,0.97,8,1,135330
F1736,705.5414,1.586,1.484,1.661,3936,62695,0.74,0.78,5,1,87186
F1737,705.5414,3.126,3.026,3.219,3936,637034,0.94,0.88,51,1,666005
F1738,743.5551,1.577,1.518,1.678,4248,58096,0.79,0.89,5,1,79892
F1739,743.5551,1.88,1.813,1.981,4248,66416,0.91,0.95,5,1,88013
F1740,618.0635,2.748,2.697,2.806,3174,107276,1.0,0.96,13,1,127207
F1741,618.4257,4.196,4.095,4.289,3177,89776,1.0,0.99,6,1,114430
F1742,705.5775,1.594,1.552,1.611,3937,24376,0.58,0.64,6,1,32376
F1743,705.5775,5.08,5.021,5.181,3937,2919962,1.0,0.99,217,1,2939962
F1744,743.5746,1.56,1.526,1.602,4249,38637,0.85,0.97,7,1,47571
F1745,743.5746,2.798,2.731,2.891,4249,55802,0.81,0.9,5,1,76195
F1746,743.5746,4.684,4.583,4.786,4249,1329950,1.0,0.99,86,1,1362517
F1747,618.4339,2.739,2.638,2.84,3178,3407777,1.0,0.99,231,1,3432777
F1748,665.4567,1.569,1.468,1.67,3619,2210796,1.0,0.99,8,1,2482136
F1749,705.6224,3.118,3.076,3.211,3938,165425,1.0,0.64,17,1,176661
F1750,618.4601,1.636,1.552,1.695,3179,566897,1.0,0.99,69,1,572942
F1751,743.9891,3.186,3.11,3.27,4252,147659,1.0,0.81,11,1,166848
F1752,665.4827,1.619,1.586,1.653,3620,21335,0.75,0.85,6,1,30335
F1753,618.4826,2.764,2.68,2.823,3180,146505,1.0,0.98,14,1,161841
F1754,705.9848,3.143,3.042,3.244,3940,10744705,1.0,0.99,729,1,10769705
F1755,744.4855,3.194,3.093,3.295,4253,158906,1.0,0.96,12,1,184162
F1756,618.6148,1.577,1.501,1.653,3181,165943,1.0,0.98,16,1,189464
F1757,665.4959,1.636,1.602,1.737,3621,112637,1.0,0.79,9,1,129720
F1758,706.0377,3.143,3.051,3.244,3941,412248,1.0,0.74,38,1,436863
F1759,618.935,2.739,2.638,2.84,3182,1029523,1.0,1.0,73,1,1051323
F1760,706.4535,2.84,2.773,2.908,3942,80029,1.0,0.98,8,1,98755
F1761,619.38,1.644,1.602,1.72,3183,47338,1.0,0.89,5,1,61923
F1762,744.5488,1.56,1.484,1.661,4255,90393,0.86,0.75,8,1,112393
F1763,744.5488,2.79,2.689,2.891,4255,1463729,1.0,0.99,102,1,1488729
F1764,744.5488,4.701,4.676,4.777,4255,485143,1.0,0.86,50,1,498143
F1765,665.5077,1.586,1.526,1.611,3622,49801,1.0,0.86,5,1,70768
F1766,665.5077,1.653,1.611,1.72,3622,54273,0.9,0.86,4,1,71697
F1767,619.4356,2.722,2.621,2.823,3187,264372,1.0,0.97,19,1,290881
F1768,706.4859,3.152,3.051,3.253,3943,4765734,1.0,0.99,309,1,4790734
F1769,619.4869,1.644,1.552,1.746,3189,2052582,1.0,0.98,238,1,2076582
F1770,706.5178,1.552,1.468,1.628,3944,91591,1.0,0.85,11,1,108635
F1771,744.5829,1.855,1.762,1.956,4256,607555,0.93,0.98,46,1,631555
F1772,744.5829,4.726,4.626,4.828,4256,3522545,1.0,0.99,243,1,3547545
F1773,665.9161,5.106,5.072,5.173,3626,36752,1.0,0.92,5,1,47628
F1774,619.5244,1.577,1.476,1.602,3190,71726,1.0,0.82,7,1,90201
F1775,744.6006,2.79,2.714,2.832,4257,63954,1.0,0.94,8,1,80760
F1776,666.2972,5.341,5.282,5.392,3627,47633,1.0,0.77,6,1,65095
F1777,619.9077,2.731,2.655,2.832,3191,384198,1.0,0.98,33,1,412561
F1778,706.535,1.526,1.501,1.569,3945,27226,1.0,0.89,5,1,34089
F1779,706.535,3.152,3.076,3.253,3945,194274,1.0,0.78,16,1,215592
F1780,706.535,4.76,4.684,4.861,3945,305850,1.0,0.97,26,1,329475
F1781,744.6381,4.726,4.651,4.802,4259,132793,1.0,0.91,17,1,150514
F1782,666.4106,2.933,2.84,3.034,3628,213040,1.0,0.99,16,1,238460
F1783,620.3977,2.571,2.529,2.638,3192,50551,1.0,0.89,5,1,68379
F1784,706.5694,1.552,1.51,1.611,3946,49606,1.0,0.63,6,1,67414
F1785,745.415,3.194,3.11,3.295,4260,224768,1.0,0.99,17,1,249426
F1786,620.4105,2.739,2.638,2.84,3193,336955,1.0,1.0,22,1,363065
F1787,706.5827,5.089,4.988,5.19,3947,592892,1.0,0.9,42,1,626387
F1788,745.5343,3.118,3.042,3.219,4264,222711,0.53,0.96,14,1,245644
F1789,706.6239,3.143,3.068,3.244,3948,120546,1.0,0.91,11,1,143930
F1790,666.4785,1.611,1.577,1.712,3630,47939,0.92,0.93,4,1,66986
F1791,666.4785,5.072,4.979,5.173,3630,207450,1.0,0.99,17,1,232376
F1792,620.4369,5.383,5.341,5.426,3195,35427,0.47,0.98,6,1,50137
F1793,706.9872,3.16,3.059,3.261,3949,1706334,1.0,0.98,122,1,1731334
F1794,745.5517,2.798,2.697,2.899,4265,679838,1.0,1.0,49,1,702497
F1795,745.5517,4.684,4.651,4.769,4265,184960,1.0,0.7,21,1,198231
F1796,666.5175,1.577,1.493,1.678,3631,66449,1.0,0.92,5,1,91367
F1797,620.4902,1.636,1.56,1.737,3197,788926,1.0,0.99,86,1,811723
F1798,707.4881,3.152,3.051,3.253,3951,482949,1.0,0.99,33,1,510266
F1799,666.9599,2.832,2.798,2.849,3632,37921,0.29,0.97,8,1,50920
F1800,745.5883,1.863,1.762,1.956,4266,250835,0.9,0.99,19,1,274835
F1801,745.5883,4.735,4.634,4.836,4266,1604792,1.0,0.98,120,1,1629792
F1802,667.4168,2.95,2.874,3.026,3633,58210,1.0,0.99,5,1,77914
F1803,621.3059,1.577,1.476,1.678,3199,134073,1.0,0.98,10,1,160026
F1804,745.6151,5.038,4.937,5.139,4267,168745,1.0,1.0,12,1,193669
F1805,707.5372,4.769,4.693,4.853,3953,134515,1.0,0.99,11,1,156707
F1806,667.453,4.743,4.684,4.844,3634,69511,1.0,0.71,6,1,90501
F1807,746.4489,2.663,2.571,2.722,4268,86668,1.0,0.87,8,1,106509
F1808,707.9602,3.152,3.059,3.253,3954,665399,1.0,0.98,45,1,689603
F1809,708.4485,2.967,2.891,3.042,3955,71869,1.0,0.89,7,1,92964
F1810,621.3863,2.815,2.731,2.874,3202,51119,1.0,0.92,5,1,68487
F1811,621.3863,4.811,4.71,4.912,3202,142422,1.0,0.89,12,1,168455
F1812,746.4656,3.228,3.126,3.261,4269,51073,1.0,0.78,5,1,67560
F1813,667.4631,1.552,1.484,1.586,3635,33483,1.0,0.9,5,1,45145
F1814,667.4631,2.874,2.84,2.958,3635,80880,1.0,0.9,9,1,96264
F1815,708.4689,3.152,3.051,3.253,3956,534722,1.0,0.99,35,1,562227
F1816,621.3932,1.821,1.796,1.906,3203,64004,1.0,0.96,7,1,80325
F1817,746.5074,2.722,2.621,2.823,4271,448767,1.0,0.99,30,1,476121
F1818,667.4733,2.714,2.613,2.815,3636,863668,1.0,0.99,53,1,895425
F1819,621.4127,1.686,1.611,1.788,3204,211747,0.95,0.89,13,1,234477
F1820,708.5066,1.594,1.493,1.695,3957,103298,1.0,0.93,5,1,133817
F1821,708.5066,3.143,3.042,3.202,3957,57718,0.92,0.79,4,1,81770
F1822,667.4818,5.046,5.004,5.139,3637,54636,0.8,0.78,6,1,70777
F1823,746.5242,2.486,2.386,2.579,4272,96349,1.0,0.96,8,1,121730
F1824,746.5242,2.975,2.874,3.076,4272,162793,1.0,0.93,11,1,189374
F1825,746.5242,4.044,3.986,4.12,4272,54728,0.98,0.99,5,1,72698
F1826,621.433,1.67,1.586,1.729,3205,42481,0.67,0.77,5,1,63445
F1827,708.5143,1.552,1.493,1.594,3958,33097,0.75,0.77,5,1,43212
F1828,667.9754,2.714,2.613,2.815,3638,584075,1.0,0.95,40,1,614324
F1829,746.5428,2.95,2.916,2.983,4273,32416,1.0,0.85,6,1,40886
F1830,746.5428,3.126,3.026,3.16,4273,48009,0.9,0.6,5,1,66893
F1831,621.4944,1.644,1.611,1.703,3207,150298,1.0,0.98,25,1,163652
F1832,746.5995,4.743,4.642,4.844,4275,2125788,1.0,0.98,166,1,2150788
F1833,708.6928,1.569,1.468,1.67,3962,669406,1.0,0.94,13,1,717507
F1834,622.3854,2.764,2.689,2.866,3211,80516,1.0,0.72,6,1,102540
F1835,746.6176,5.038,4.937,5.122,4276,78123,1.0,0.99,6,1,101330
F1836,708.9628,3.143,3.076,3.244,3965,140004,1.0,0.9,16,1,157747
F1837,622.4176,1.703,1.636,1.796,3214,65406,1.0,0.84,5,1,84944
F1838,709.4371,5.333,5.232,5.434,3966,86647,1.0,0.73,7,1,113544
F1839,747.5085,2.739,2.638,2.84,4281,192651,1.0,0.92,14,1,219977
F1840,622.4376,2.545,2.495,2.579,3215,34574,1.0,0.97,6,1,43706
F1841,750.5128,3.371,3.27,3.472,4301,4000967,1.0,0.99,266,1,4025967
F1842,709.4489,1.906,1.813,1.998,3967,113226,1.0,0.96,9,1,136343
F1843,709.4489,3.126,3.084,3.219,3967,47634,0.77,0.68,5,1,66156
F1844,622.6141,1.577,1.484,1.67,3216,632809,1.0,0.99,51,1,658369
F1845,747.5283,3.0,2.899,3.051,4283,66152,1.0,0.76,5,1,85853
F1846,622.9337,2.638,2.596,2.706,3217,83195,1.0,0.89,10,1,100991
F1847,750.5384,2.697,2.596,2.798,4303,2852030,1.0,0.97,184,1,2877030
F1848,747.5496,1.602,1.501,1.653,4284,65591,1.0,0.57,6,1,84880
F1849,623.4198,4.44,4.339,4.541,3218,279040,1.0,0.9,20,1,305896
F1850,709.9431,5.324,5.282,5.358,3973,33863,1.0,0.92,5,1,42797
F1851,750.5518,1.526,1.468,1.594,4304,50024,1.0,0.87,6,1,68682
F1852,623.4488,2.537,2.436,2.638,3219,822472,1.0,1.0,54,1,846554
F1853,710.4362,3.16,3.059,3.261,3974,253625,1.0,0.99,17,1,281251
F1854,750.5651,3.413,3.312,3.514,4305,236903,1.0,0.96,17,1,263738
F1855,747.5663,1.922,1.821,2.023,4285,108425,1.0,0.99,7,1,133175
F1856,747.5663,2.781,2.68,2.882,4285,142202,1.0,0.98,10,1,168142
F1857,747.5663,4.718,4.617,4.752,4285,137570,1.0,0.76,17,1,155584
F1858,623.4989,1.476,1.426,1.712,3220,125304,1.0,0.82,6,1,162002
F1859,623.4989,2.731,2.638,2.815,3220,103025,1.0,0.98,8,1,126717
F1860,747.601,4.735,4.634,4.836,4286,923468,1.0,1.0,69,1,950333
F1861,750.5903,2.697,2.613,2.79,4306,110290,1.0,0.57,11,1,134612
F1862,623.6163,1.611,1.51,1.712,3221,599399,1.0,1.0,41,1,627354
F1863,748.5225,2.714,2.613,2.815,4287,1357952,1.0,0.99,86,1,1392294
F1864,750.6311,1.552,1.476,1.611,4307,58498,1.0,0.74,6,1,79983
F1865,623.9504,2.537,2.436,2.638,3223,532197,1.0,0.98,38,1,558868
F1866,751.0132,3.388,3.303,3.489,4308,1455433,1.0,0.97,104,1,1478433
F1867,751.5409,2.697,2.596,2.798,4310,1317655,1.0,0.98,81,1,1350159
F1868,624.4387,2.689,2.63,2.79,3230,87524,1.0,0.91,7,1,106334
F1869,748.5774,2.689,2.646,2.739,4290,31839,0.83,0.88,5,1,45360
F1870,748.5774,2.781,2.739,2.84,4290,35458,0.83,0.91,5,1,50379
F1871,748.5774,4.676,4.6,4.71,4290,63607,1.0,0.81,9,1,77995
F1872,751.5682,5.038,4.937,5.139,4312,516472,1.0,1.0,39,1,543941
F1873,624.4454,2.621,2.588,2.663,3231,34206,1.0,0.91,7,1,47934
F1874,624.4523,2.529,2.428,2.613,3232,228176,1.0,0.96,16,1,253366
F1875,748.6075,4.676,4.651,4.71,4291,38085,1.0,0.96,9,1,46828
F1876,748.6075,4.752,4.71,4.844,4291,172694,1.0,0.61,21,1,152418
F1877,782.9807,3.506,3.43,3.606,4627,95623,0.65,0.91,9,1,119470
F1878,782.9807,5.442,5.35,5.543,4627,175957,0.76,0.92,10,1,204244
F1879,751.6147,1.628,1.526,1.729,4313,739104,1.0,0.98,49,1,770806
F1880,749.5087,3.396,3.295,3.497,4292,10936182,1.0,0.99,711,1,10961182
F1881,783.4745,5.434,5.24,5.661,4628,130456,0.85,0.84,5,1,182454
F1882,624.508,1.653,1.611,1.729,3235,41092,0.57,0.88,5,1,55234
F1883,624.508,2.722,2.638,2.798,3235,54168,0.59,0.99,5,1,74329
F1884,751.9869,3.379,3.295,3.48,4315,535997,1.0,0.96,37,1,560460
F1885,749.5252,2.714,2.613,2.815,4293,678081,1.0,0.98,44,1,706083
F1886,749.5541,1.594,1.51,1.67,4295,47216,0.67,0.77,5,1,65556
F1887,749.5541,3.337,3.312,3.362,4295,25205,1.0,0.63,6,1,32208
F1888,783.5692,2.781,2.714,2.857,4634,65215,0.51,0.88,6,1,83215
F1889,783.5692,4.583,4.482,4.684,4634,30898630,1.0,0.97,2200,1,30923630
F1890,749.5666,3.388,3.286,3.489,4296,665403,1.0,0.99,44,1,690263
F1891,749.5666,4.701,4.642,4.726,4296,39382,0.8,0.95,6,1,51807
F1892,805.6496,1.526,1.451,1.594,4932,66322,0.57,0.97,6,1,85331
F1893,783.615,4.575,4.533,4.642,4636,1814350,1.0,0.82,196,1,1828350
F1894,783.615,4.777,4.76,4.802,4636,15095,0.58,0.79,7,1,21095
F1895,783.615,4.979,4.962,5.08,4636,225487,0.62,0.6,18,1,240487
F1896,750.0108,3.379,3.278,3.48,4298,8706749,1.0,0.99,589,1,8731749
F1897,752.4749,3.186,3.118,3.286,4321,76410,1.0,0.76,7,1,99804
F1898,784.0677,4.676,4.626,4.718,4637,81602,1.0,0.82,9,1,91971
F1899,752.4911,3.379,3.278,3.48,4322,455845,1.0,0.97,29,1,482781
F1900,806.5048,2.722,2.638,2.823,4938,70406,0.75,0.97,5,1,94529
F1901,750.4897,2.924,2.866,2.967,4300,53337,1.0,0.96,7,1,70722
F1902,806.5256,4.575,4.525,4.6,4939,30064,1.0,0.92,5,1,42261
F1903,784.489,3.337,3.236,3.438,4638,822935,1.0,0.99,17,1,857254
F1904,752.5084,3.329,3.27,3.362,4323,34507,1.0,0.7,5,1,47379
F1905,752.5084,4.718,4.626,4.819,4323,69257,1.0,0.99,5,1,93682
F1906,806.5377,4.525,4.491,4.558,4940,16143,0.33,0.84,5,1,25146
F1907,784.5151,4.609,4.583,4.642,4640,23517,1.0,0.95,5,1,34853
F1908,752.533,5.771,5.695,5.872,4324,59860,0.88,0.95,5,1,82327
F1909,752.5558,2.697,2.596,2.798,4326,3862421,1.0,0.98,226,1,3887421
F1910,784.5425,3.346,3.244,3.413,4642,58248,0.8,0.87,5,1,79670
F1911,784.5425,4.668,4.634,4.726,4642,24896,0.79,0.93,5,1,36901
F1912,752.5743,1.552,1.484,1.611,4327,116760,1.0,0.96,14,1,133013
F1913,752.5743,5.046,4.946,5.148,4327,245060,1.0,1.0,19,1,271510
F1914,806.559,8.566,8.524,8.659,4941,44152,0.48,0.7,3,1,60365
F1915,806.559,9.156,9.114,9.232,4941,36982,0.51,0.81,3,1,55169
F1916,806.559,9.484,9.4,9.535,4941,62946,0.51,0.92,3,1,79184
F1917,806.559,9.594,9.535,9.636,4941,43687,0.51,0.87,3,1,56481
F1918,806.559,9.788,9.729,9.855,4941,47749,0.51,0.84,2,1,63916
F1919,784.5574,4.626,4.558,4.668,4643,85536,1.0,0.74,12,1,99542
F1920,830.599,2.689,2.605,2.739,5254,49861,0.67,0.97,5,1,65565
F1921,752.6074,2.706,2.605,2.79,4328,200155,0.89,0.89,20,1,224726
F1922,784.5797,2.764,2.672,2.866,4644,403047,0.63,0.98,29,1,427047
F1923,784.5797,4.626,4.525,4.726,4644,44737017,1.0,0.99,2887,1,44762017
F1924,752.6193,1.628,1.526,1.729,4329,380807,1.0,0.94,27,1,406873
F1925,830.6134,1.611,1.518,1.712,5255,2095671,1.0,0.98,152,1,2119671
F1926,830.6134,1.931,1.863,2.032,5255,201032,0.78,0.93,15,1,222032
F1927,784.6048,2.731,2.689,2.739,4645,16658,0.23,0.56,5,1,23658
F1928,752.9892,3.396,3.329,3.489,4333,160973,1.0,0.9,15,1,182930
F1929,830.6291,4.507,4.457,4.55,5256,33340,0.2,0.75,5,1,43313
F1930,784.623,4.617,4.516,4.626,4646,1300496,0.44,0.73,227,1,1314496
F1931,784.6631,1.636,1.535,1.737,4647,395710,1.0,1.0,34,1,422732
F1932,806.568,1.526,1.451,1.628,4942,201338,0.72,0.95,4,1,267297
F1933,806.568,2.714,2.638,2.815,4942,237404,0.7,0.95,4,1,303363
F1934,806.568,4.55,4.449,4.651,4942,24896447,1.0,0.98,540,1,24971400
F1935,830.6762,1.636,1.602,1.737,5257,77157,1.0,0.6,9,1,94417
F1936,830.6762,4.718,4.507,4.777,5257,92066,0.95,0.75,5,1,126663
F1937,830.6762,4.903,4.844,5.004,5257,58662,0.96,0.9,5,1,78926
F1938,785.0188,3.606,3.539,3.708,4648,137822,1.0,0.64,11,1,160142
F1939,831.0676,3.666,3.598,3.758,5259,214079,1.0,0.94,22,1,235379
F1940,785.4098,3.009,2.924,3.101,4650,185133,1.0,0.99,15,1,209625
F1941,806.5919,1.526,1.426,1.594,4943,62820,1.0,0.73,6,1,84024
F1942,806.5919,2.049,2.023,2.082,4943,25329,0.89,0.97,3,1,34653
F1943,806.5919,2.697,2.596,2.798,4943,128674,1.0,0.97,5,1,151697
F1944,753.461,5.577,5.476,5.678,4340,110194,1.0,0.95,8,1,135334
F1945,785.4894,3.337,3.236,3.438,4652,326497,1.0,1.0,19,1,352490
F1946,753.4707,1.965,1.863,2.049,4341,156686,1.0,0.99,12,1,181786
F1947,785.5071,4.617,4.558,4.642,4653,45384,1.0,0.98,7,1,58431
F1948,753.4886,3.396,3.312,3.48,4342,72910,1.0,0.96,6,1,94950
F1949,806.6072,1.981,1.88,2.032,4944,337095,0.83,0.95,20,1,356095
F1950,806.6072,2.066,2.057,2.116,4944,14303,0.44,0.59,4,1,22303
F1951,806.6072,4.558,4.507,4.6,4944,1237192,1.0,0.69,133,1,1249192
F1952,831.5751,1.535,1.434,1.636,5260,590451,1.0,0.99,7,1,678127
F1953,831.5751,3.666,3.564,3.766,5260,137768,0.28,0.96,2,1,224342
F1954,831.5751,4.533,4.432,4.634,5260,624620,1.0,1.0,11,1,714426
F1955,831.5751,9.788,9.72,9.838,5260,298381,0.54,0.76,2,1,350977
F1956,806.623,4.516,4.449,4.55,4945,358914,1.0,0.95,60,1,372394
F1957,806.623,4.609,4.575,4.71,4945,266204,1.0,0.8,37,1,281888
F1958,785.5293,4.642,4.609,4.701,4654,53710,0.29,0.96,4,1,68313
F1959,753.5557,1.577,1.56,1.611,4347,13785,0.62,0.65,4,1,20785
F1960,753.5557,2.706,2.605,2.806,4347,1887067,1.0,0.97,131,1,1912067
F1961,806.6511,1.628,1.526,1.729,4946,330698,1.0,0.99,26,1,356419
F1962,785.5392,3.413,3.312,3.514,4655,2955536,1.0,0.99,191,1,2980536
F1963,753.5834,1.569,1.493,1.602,4348,66160,0.97,0.86,8,1,76951
F1964,753.5834,5.038,4.937,5.139,4348,991253,1.0,1.0,74,1,1022089
F1965,831.6078,2.032,1.998,2.108,5262,35989,0.47,0.63,5,1,52323
F1966,785.5602,5.089,4.996,5.181,4656,223458,1.0,0.95,18,1,247995
F1967,753.6201,1.628,1.56,1.729,4349,101853,1.0,0.9,9,1,122925
F1968,806.711,4.499,4.466,4.533,4947,104749,1.0,1.0,21,1,115616
F1969,806.711,4.617,4.583,4.701,4947,158679,1.0,0.93,24,1,172384
F1970,785.583,2.781,2.689,2.882,4657,211861,0.65,0.96,18,1,235861
F1971,785.583,4.626,4.525,4.726,4657,19149770,1.0,0.99,1284,1,19174770
F1972,807.0349,3.766,3.691,3.809,4948,56201,1.0,0.64,7,1,73576
F1973,831.6186,1.628,1.526,1.729,5263,1109104,1.0,0.99,73,1,1134937
F1974,831.6186,1.956,1.897,2.006,5263,69229,0.83,0.98,9,1,81521
F1975,831.6186,4.541,4.466,4.583,5263,35206,0.7,0.82,5,1,52431
F1976,785.5927,3.43,3.354,3.497,4658,100195,1.0,0.91,10,1,120858
F1977,754.463,3.388,3.286,3.489,4355,252183,1.0,0.99,18,1,278294
F1978,831.6357,1.518,1.434,1.594,5264,93206,0.7,0.93,7,1,114317
F1979,831.6357,4.962,4.861,5.063,5264,193329,1.0,0.96,11,1,220084
F1980,754.476,1.956,1.863,2.032,4356,60022,0.52,0.99,5,1,81079
F1981,785.6323,4.693,4.634,4.794,4661,525723,0.61,0.95,50,1,590330
F1982,832.0402,3.657,3.615,3.741,5265,61569,1.0,0.74,6,1,79079
F1983,754.5188,3.16,3.059,3.261,4359,434314,1.0,1.0,28,1,461839
F1984,807.4978,7.556,7.472,7.598,4954,65446,0.24,0.79,7,1,83903
F1985,832.2357,1.535,1.434,1.636,5266,2474021,1.0,0.99,192,1,2499021
F1986,754.532,4.668,4.566,4.769,4360,341226,1.0,0.97,19,1,369210
F1987,785.649,4.954,4.853,5.055,4662,3689544,1.0,0.97,232,1,3714544
F1988,807.5061,7.8,7.758,7.842,4955,26967,0.13,0.9,5,1,37446
F1989,754.5651,2.731,2.63,2.832,4361,866184,1.0,0.99,51,1,897508
F1990,754.5651,4.659,4.558,4.76,4361,131489,0.86,0.99,9,1,156092
F1991,785.7332,4.626,4.525,4.726,4664,553010,1.0,0.97,37,1,579649
F1992,807.5413,3.733,3.699,3.834,4957,91115,1.0,0.89,9,1,107997
F1993,754.5867,5.038,4.937,5.139,4362,456714,1.0,1.0,34,1,483751
F1994,832.5601,1.543,1.442,1.644,5267,1415147,0.94,0.99,5,1,1625274
F1995,832.5601,9.03,7.64,9.88,5267,22497377,0.94,0.95,13,1,24710256
F1996,786.0389,3.413,3.312,3.514,4666,2477849,1.0,0.98,174,1,2502849
F1997,754.6262,1.51,1.468,1.552,4363,36274,1.0,0.79,5,1,49718
F1998,754.6262,1.594,1.552,1.636,4363,35219,1.0,0.86,5,1,50321
F1999,807.5506,3.539,3.438,3.64,4958,2340731,1.0,0.98,154,1,2365731
F2000,807.5506,5.046,4.962,5.148,4958,326619,0.88,0.97,29,1,349619
F2001,786.411,4.617,4.575,4.659,4668,22159,0.38,0.86,6,1,33808
F2002,754.9647,3.404,3.337,3.455,4365,90126,1.0,0.94,12,1,107126
F2003,832.5797,4.255,4.238,4.289,5268,19890,0.14,0.53,3,1,26890
F2004,832.5797,4.525,4.423,4.626,5268,3878828,1.0,0.99,132,1,3903828
F2005,786.4962,2.722,2.621,2.823,4669,213533,1.0,0.98,14,1,239566
F2006,786.4962,3.329,3.253,3.413,4669,83972,0.97,0.99,7,1,104291
F2007,755.0201,3.152,3.068,3.253,4366,331921,1.0,0.97,24,1,349238
F2008,807.5683,2.714,2.638,2.815,4959,118914,0.6,0.88,7,1,141896
F2009,807.5683,4.55,4.449,4.651,4959,12775149,1.0,0.98,824,1,12801265
F2010,755.4675,3.379,3.286,3.48,4367,86691,1.0,0.99,6,1,111392
F2011,807.5821,1.552,1.451,1.653,4960,97681,0.59,0.9,4,1,123084
F2012,832.5974,1.535,1.51,1.569,5269,39959,1.0,0.85,9,1,47960
F2013,832.5974,2.68,2.646,2.714,5269,21754,0.45,0.85,5,1,28959
F2014,755.525,3.126,3.026,3.228,4369,879151,1.0,1.0,54,1,909385
F2015,786.5269,4.642,4.617,4.668,4672,19500,0.22,0.62,5,1,26501
F2016,755.5375,4.642,4.55,4.743,4370,152532,0.91,0.92,9,1,178795
F2017,786.5403,2.722,2.638,2.806,4673,101203,0.84,0.95,7,1,123801
F2018,786.5403,3.421,3.32,3.522,4673,1259593,1.0,0.99,81,1,1292412
F2019,786.5403,4.617,4.566,4.701,4673,254991,0.95,0.83,25,1,271998
F2020,807.6261,1.981,1.906,2.04,4961,57038,0.53,0.99,6,1,74558
F2021,807.6261,3.539,3.455,3.623,4961,90002,0.6,0.94,8,1,112073
F2022,807.6261,4.55,4.449,4.651,4961,809432,1.0,0.99,63,1,832430
F2023,807.6261,4.971,4.87,5.072,4961,1090206,1.0,0.99,79,1,1120121
F2024,807.6261,7.59,7.489,7.649,4961,126787,0.62,0.75,9,1,147316
F2025,755.5752,2.739,2.638,2.84,4372,270571,1.0,0.97,18,1,298113
F2026,755.5752,5.03,4.929,5.122,4372,175261,1.0,0.99,13,1,199183
F2027,756.028,3.118,3.017,3.219,4373,583723,1.0,0.89,40,1,616035
F2028,786.5525,1.526,1.426,1.628,4674,139753,1.0,0.97,8,1,164884
F2029,786.5525,4.71,4.676,4.752,4674,36074,0.91,0.87,7,1,48154
F2030,807.6487,1.636,1.535,1.737,4962,178627,1.0,0.99,14,1,204118
F2031,807.6487,5.021,4.937,5.08,4962,47175,0.68,0.68,5,1,63268
F2032,807.6487,7.842,7.8,7.884,4962,37085,0.94,0.94,7,1,47048
F2033,756.5076,1.543,1.451,1.644,4375,140783,1.0,0.94,5,1,166320
F2034,786.5625,5.08,5.021,5.181,4675,127401,1.0,0.95,10,1,148901
F2035,807.7193,4.533,4.482,4.634,4963,275513,1.0,0.83,24,1,303157
F2036,756.518,3.244,3.202,3.346,4376,117296,1.0,0.85,9,1,143985
F2037,807.7549,7.657,7.126,8.045,4964,505668,1.0,0.88,8,1,615778
F2038,786.583,1.906,1.804,1.981,4676,143365,1.0,0.97,11,1,166414
F2039,786.583,4.592,4.558,4.626,4676,50108,1.0,0.98,11,1,59113
F2040,786.583,4.684,4.659,4.726,4676,33334,0.83,0.97,6,1,44717
F2041,832.6187,1.586,1.493,1.644,5271,191741,0.96,0.86,11,1,207576
F2042,832.6187,8.524,8.449,8.566,5271,73481,0.72,0.9,4,1,85889
F2043,832.6187,8.617,8.566,8.685,5271,65336,0.74,0.87,4,1,74617
F2044,832.6187,8.786,8.693,8.827,5271,83822,0.8,0.65,5,1,103719
F2045,832.6187,8.903,8.827,8.954,5271,95464,0.8,0.84,5,1,105956
F2046,832.6187,9.004,8.954,9.046,5271,78770,0.8,0.91,5,1,83943
F2047,832.6187,9.131,9.046,9.19,5271,127225,0.8,0.71,5,1,142484
F2048,832.6187,9.324,9.291,9.35,5271,29140,0.64,0.94,3,1,34808
F2049,832.6187,9.476,9.434,9.535,5271,90484,0.8,0.92,5,1,107767
F2050,832.6187,9.636,9.619,9.72,5271,72495,0.8,0.69,4,1,91694
F2051,832.6187,9.762,9.72,9.788,5271,49484,0.78,0.93,3,1,56235
F2052,807.8714,7.75,7.691,7.775,4965,48925,0.24,0.75,7,1,59322
F2053,756.5495,1.51,1.476,1.518,4377,11802,0.6,0.59,5,1,17802
F2054,756.5495,2.815,2.798,2.908,4377,89560,0.71,0.64,13,1,103560
F2055,756.5495,4.693,4.592,4.794,4377,3839049,1.0,1.0,255,1,3864049
F2056,786.5969,2.798,2.697,2.882,4677,92152,0.36,0.98,8,1,118094
F2057,786.5969,4.634,4.533,4.735,4677,103036026,1.0,0.99,3309,1,104752777
F2058,807.8821,7.682,7.64,7.75,4966,47693,0.57,0.92,6,1,58858
F2059,756.5586,1.577,1.484,1.67,4378,126367,1.0,0.9,10,1,150752
F2060,756.5741,2.815,2.798,2.891,4379,35845,0.55,0.9,5,1,52171
F2061,786.643,4.617,4.583,4.626,4680,1191990,0.29,0.74,333,1,1197990
F2062,832.6287,1.653,1.586,1.754,5272,294317,0.98,0.92,13,1,321673
F2063,832.6287,1.939,1.838,2.04,5272,820961,1.0,0.99,28,1,851608
F2064,832.6287,4.525,4.423,4.626,5272,214459,0.93,0.91,15,1,241446
F2065,832.6287,4.971,4.886,5.055,5272,75605,0.78,0.98,6,1,97322
F2066,808.0058,7.758,7.674,7.8,4968,45325,0.33,0.73,5,1,62593
F2067,808.0519,3.539,3.438,3.64,4969,2011845,1.0,0.97,134,1,2036845
F2068,832.653,1.628,1.56,1.729,5273,316715,1.0,0.95,27,1,338641
F2069,756.5919,1.586,1.484,1.636,4380,57551,0.83,0.88,5,1,76544
F2070,756.5919,2.739,2.663,2.84,4380,122741,1.0,0.56,10,1,146046
F2071,756.5919,4.651,4.558,4.828,4380,260184,1.0,0.7,20,1,350882
F2072,808.065,4.6,4.525,4.642,4970,54658,1.0,0.74,7,1,70410
F2073,786.6522,1.628,1.586,1.653,4681,36117,0.67,0.65,8,1,45117
F2074,786.6522,4.752,4.743,4.794,4681,224920,0.78,0.67,57,1,192885
F2075,786.6522,4.802,4.794,4.836,4681,40978,0.69,0.73,13,1,46978
F2076,786.6522,4.954,4.853,5.055,4681,1925676,0.81,0.97,125,1,1950676
F2077,808.1099,3.531,3.455,3.623,4971,57958,0.83,0.66,5,1,77867
F2078,832.6957,1.619,1.586,1.653,5276,34497,1.0,0.96,6,1,46500
F2079,832.6957,4.903,4.828,4.996,5276,66045,1.0,0.97,6,1,88163
F2080,757.0183,3.27,3.211,3.346,4383,38069,0.73,0.74,5,1,53975
F2081,787.0421,3.43,3.329,3.531,4683,470189,1.0,0.98,33,1,497891
F2082,832.7186,1.611,1.586,1.678,5277,34916,1.0,0.93,5,1,48367
F2083,757.5028,3.143,3.051,3.244,4385,102865,1.0,0.97,6,1,130112
F2084,808.5517,3.539,3.438,3.64,4979,1046504,1.0,0.99,66,1,1077158
F2085,787.4236,4.617,4.583,4.693,4686,75982,1.0,0.75,11,1,94019
F2086,832.7293,1.493,1.434,1.56,5278,57411,0.74,0.97,6,1,73537
F2087,832.7293,4.525,4.491,4.558,5278,20551,0.74,0.9,5,1,31968
F2088,808.5616,5.055,4.979,5.148,4980,156106,1.0,0.99,13,1,175924
F2089,787.4832,2.714,2.646,2.815,4687,88109,1.0,0.77,7,1,110448
F2090,787.4832,4.634,4.566,4.693,4687,116191,1.0,0.92,13,1,133077
F2091,757.5182,1.552,1.451,1.653,4386,155233,1.0,0.99,4,1,182023
F2092,787.518,4.651,4.617,4.676,4688,85146,1.0,0.91,16,1,82455
F2093,808.5792,2.706,2.605,2.806,4981,561884,0.66,0.98,47,1,586884
F2094,808.5792,4.55,4.449,4.651,4981,19306080,1.0,0.97,1299,1,19331080
F2095,833.2368,1.51,1.468,1.518,5280,504890,1.0,0.68,141,1,511890
F2096,833.2368,1.535,1.518,1.569,5280,748252,1.0,0.7,163,1,755252
F2097,833.2368,1.577,1.569,1.611,5280,310141,1.0,0.71,112,1,316141
F2098,833.4668,3.472,3.413,3.564,5281,107924,1.0,0.93,9,1,130471
F2099,757.5549,1.628,1.543,1.695,4389,49111,0.6,0.61,5,1,68111
F2100,757.5549,4.693,4.592,4.794,4389,1872236,1.0,0.99,127,1,1897236
F2101,808.6349,4.516,4.457,4.583,4983,580474,1.0,0.93,58,1,598590
F2102,808.6349,4.617,4.583,4.71,4983,448289,1.0,0.97,52,1,437276
F2103,808.6349,4.962,4.861,5.063,4983,569252,1.0,0.98,42,1,597196
F2104,757.6144,4.676,4.583,4.777,4390,108510,0.89,0.59,10,1,135415
F2105,757.6144,5.004,4.903,5.106,4390,1102990,1.0,1.0,70,1,1136962
F2106,787.5494,1.586,1.484,1.686,4689,985476,1.0,0.98,5,1,1079860
F2107,787.5494,4.583,4.482,4.642,4689,229819,0.74,0.68,2,1,298689
F2108,787.5494,4.954,4.853,4.996,4689,203447,0.61,0.86,2,1,270049
F2109,787.5494,5.089,4.996,5.19,4689,288639,0.71,0.93,2,1,377877
F2110,808.725,1.644,1.586,1.686,4984,63561,0.9,0.81,9,1,79188
F2111,808.725,4.558,4.482,4.659,4984,457250,1.0,0.92,33,1,486132
F2112,833.5626,1.535,1.434,1.636,5282,856079,0.99,0.99,4,1,1003675
F2113,833.5626,6.706,5.771,7.025,5282,941258,0.55,0.85,2,1,1812614
F2114,833.5626,9.089,7.691,9.543,5282,14034360,0.99,0.92,12,1,12082272
F2115,833.5626,9.577,9.543,9.973,5282,3297988,0.99,0.7,11,1,3603682
F2116,758.2166,1.543,1.442,1.644,4392,2558425,1.0,0.99,207,1,2583425
F2117,758.2166,5.392,5.366,5.484,4392,73398,0.87,0.61,8,1,88398
F2118,809.0538,3.548,3.446,3.64,4985,359038,1.0,0.97,26,1,384548
F2119,809.5547,1.973,1.872,2.074,4988,153864,1.0,0.99,11,1,179909
F2120,809.5547,3.564,3.463,3.666,4988,134173,1.0,0.99,9,1,160134
F2121,758.5413,4.626,4.583,4.668,4395,27745,0.92,0.88,7,1,38749
F2122,758.5413,4.752,4.726,4.786,4395,35283,0.92,0.94,7,1,47519
F2123,787.578,1.636,1.611,1.67,4691,17804,0.67,0.82,5,1,25806
F2124,787.578,1.965,1.922,2.015,4691,46673,0.83,0.97,7,1,61106
F2125,787.578,4.617,4.6,4.651,4691,20827,0.56,0.59,5,1,25024
F2126,809.5661,5.021,4.979,5.089,4989,35748,0.9,0.85,5,1,51047
F2127,758.5511,1.628,1.586,1.729,4396,52386,0.69,0.86,5,1,72748
F2128,787.5888,1.678,1.602,1.779,4692,149937,1.0,0.79,12,1,180029
F2129,787.5888,1.914,1.813,1.973,4692,83034,0.94,0.84,7,1,103244
F2130,809.5922,2.706,2.621,2.806,4990,288390,0.76,0.99,24,1,311390
F2131,809.5922,4.558,4.457,4.659,4990,9387360,1.0,0.97,615,1,9412360
F2132,809.5922,4.971,4.87,5.072,4990,2001956,0.86,0.99,143,1,2026956
F2133,758.5663,4.693,4.592,4.794,4397,168424170,1.0,1.0,3967,1,171669791
F2134,809.6635,1.661,1.619,1.695,4991,25283,1.0,0.9,5,1,38514
F2135,809.7008,4.954,4.912,4.996,4992,26600,1.0,0.79,6,1,33666
F2136,833.5817,1.661,1.644,1.695,5283,21912,0.15,0.67,2,1,28912
F2137,833.5817,3.009,2.983,3.034,5283,20794,0.17,0.77,2,1,27794
F2138,833.5817,4.516,4.415,4.617,5283,2095731,1.0,0.99,74,1,2120731
F2139,833.5817,6.074,6.04,6.099,5283,28478,0.17,0.65,3,1,36478
F2140,787.6005,2.798,2.731,2.815,4693,30523,0.27,0.51,3,1,41523
F2141,787.6005,4.634,4.533,4.735,4693,46388358,1.0,0.99,1982,1,46413358
F2142,810.0289,3.539,3.48,3.606,4993,81743,1.0,0.98,9,1,101152
F2143,758.618,5.004,4.903,5.089,4400,531757,0.53,0.89,15,1,554757
F2144,758.618,5.097,5.089,5.139,4400,35923,0.56,0.66,5,1,42923
F2145,810.5452,4.533,4.499,4.6,4996,62208,1.0,0.96,8,1,71100
F2146,759.2181,1.543,1.451,1.628,4403,1897721,1.0,0.99,155,1,1919721
F2147,833.6169,8.617,8.55,8.718,5284,70980,0.33,0.54,2,1,95679
F2148,833.6169,8.853,8.786,8.895,5284,43588,0.34,0.68,2,1,56319
F2149,833.6169,9.392,9.316,9.426,5284,47664,0.4,0.89,2,1,64691
F2150,833.6169,9.771,9.746,9.821,5284,33080,0.39,0.96,2,1,47051
F2151,787.6628,4.954,4.853,5.055,4695,5060756,0.89,0.96,119,1,5085756
F2152,810.5563,1.973,1.872,2.074,4997,186744,1.0,1.0,13,1,213362
F2153,810.5766,4.558,4.499,4.592,4998,109549,1.0,0.93,16,1,121555
F2154,787.7184,4.946,4.87,5.038,4698,284378,1.0,0.85,22,1,300901
F2155,787.7184,5.055,5.038,5.114,4698,33504,1.0,0.82,6,1,46238
F2156,833.631,1.594,1.501,1.628,5285,63701,0.88,0.64,4,1,81951
F2157,833.631,1.686,1.661,1.746,5285,32576,0.77,0.82,4,1,45391
F2158,833.631,1.948,1.846,2.049,5285,389607,1.0,1.0,17,1,417455
F2159,833.631,4.533,4.516,4.566,5285,24475,0.7,0.83,5,1,27781
F2160,788.0129,3.413,3.337,3.514,4699,108121,1.0,0.82,9,1,131334
F2161,759.5089,1.577,1.476,1.678,4404,405107,0.79,0.99,5,1,490707
F2162,759.5089,4.718,4.701,4.802,4404,121592,0.81,0.9,5,1,174899
F2163,833.6452,4.954,4.853,5.055,5286,1189429,1.0,0.99,89,1,1220513
F2164,810.5963,1.611,1.518,1.703,4999,126803,0.62,0.85,9,1,149803
F2165,810.5963,2.706,2.655,2.806,4999,115819,0.62,0.83,11,1,134819
F2166,810.5963,4.541,4.44,4.642,4999,46063634,1.0,0.99,3630,1,46088634
F2167,788.5074,2.722,2.621,2.823,4700,221891,0.95,0.96,13,1,248446
F2168,833.6582,1.636,1.552,1.729,5287,153325,1.0,0.97,15,1,177429
F2169,810.6138,2.714,2.646,2.756,5000,40437,0.73,0.94,5,1,56423
F2170,788.517,3.421,3.354,3.497,4701,97168,1.0,0.95,9,1,118059
F2171,759.5312,1.56,1.526,1.594,4405,20159,0.7,0.82,3,1,31637
F2172,759.5312,2.006,1.922,2.091,4405,171063,1.0,0.99,12,1,189702
F2173,759.5594,1.686,1.586,1.788,4407,336185,1.0,0.93,21,1,363636
F2174,833.7047,4.988,4.946,5.055,5289,52768,0.53,0.91,6,1,68985
F2175,810.6467,1.636,1.56,1.737,5001,372483,0.98,0.96,37,1,394483
F2176,810.6467,4.541,4.491,4.583,5001,1829702,1.0,0.55,189,1,1841702
F2177,810.6467,4.592,4.583,4.676,5001,573143,1.0,0.69,128,1,585143
F2178,810.6467,4.979,4.878,5.08,5001,1032480,1.0,0.99,72,1,1057480
F2179,788.5534,1.586,1.484,1.686,4704,569010,1.0,0.97,5,1,627820
F2180,788.5534,2.706,2.605,2.806,4704,612050,1.0,0.98,6,1,672676
F2181,788.5534,4.533,4.449,4.575,4704,181814,0.94,0.85,4,1,225149
F2182,788.5534,4.626,4.583,4.726,4704,271933,0.98,0.75,6,1,309892
F2183,788.5534,5.089,5.013,5.19,4704,158749,0.6,0.98,2,1,210396
F2184,834.2342,1.526,1.484,1.535,5292,580724,0.45,0.71,136,1,587724
F2185,810.7449,4.642,4.617,4.701,5002,65323,1.0,0.98,12,1,76676
F2186,759.571,1.594,1.493,1.653,4408,70948,0.39,0.92,6,1,95173
F2187,759.571,4.693,4.592,4.794,4408,86213777,1.0,1.0,3532,1,87614157
F2188,834.5008,2.882,2.832,2.983,5293,91725,1.0,0.97,8,1,109834
F2189,788.5694,1.493,1.459,1.535,4705,27593,0.71,0.85,4,1,40563
F2190,788.5694,1.569,1.535,1.602,4705,25246,0.77,0.77,4,1,31050
F2191,788.5694,1.686,1.644,1.729,4705,29439,1.0,0.84,5,1,37264
F2192,788.5694,4.583,4.55,4.617,4705,164865,1.0,0.99,31,1,173869
F2193,759.6104,4.676,4.642,4.701,4409,1368528,0.81,0.64,241,1,1376528
F2194,759.6104,4.743,4.701,4.777,4409,1683723,0.87,0.62,309,1,1693723
F2195,759.6104,4.786,4.777,4.87,4409,220020,0.81,0.66,57,1,232020
F2196,811.5255,4.516,4.474,4.558,5007,31001,1.0,0.94,8,1,42459
F2197,811.5255,5.072,4.988,5.148,5007,84666,1.0,0.93,8,1,104838
F2198,788.5914,1.695,1.628,1.754,4706,79254,0.68,0.75,8,1,102254
F2199,759.6326,5.013,4.912,5.114,4410,2310511,1.0,0.99,147,1,2335511
F2200,834.5662,1.535,1.434,1.636,5296,331367,0.97,0.99,3,1,404842
F2201,834.5662,3.43,3.329,3.531,5296,154955,0.9,0.97,2,1,229846
F2202,834.5662,9.08,7.783,9.931,5296,4783227,0.96,0.91,7,1,5536780
F2203,759.9727,3.388,3.295,3.48,4411,218340,1.0,0.95,21,1,241731
F2204,811.5525,1.973,1.872,2.057,5009,73064,0.86,0.99,6,1,96838
F2205,811.5525,4.55,4.516,4.617,5009,34885,0.87,0.73,6,1,43688
F2206,788.6067,1.889,1.788,1.99,4707,728752,0.78,0.98,46,1,753752
F2207,788.6067,4.634,4.533,4.735,4707,18676420,1.0,0.98,1269,1,18701420
F2208,811.6001,4.533,4.432,4.634,5011,21432215,1.0,0.99,1652,1,21457215
F2209,760.2161,1.552,1.451,1.653,4412,1608100,1.0,0.99,134,1,1633100
F2210,760.2161,4.668,4.617,4.684,4412,48177,1.0,0.82,12,1,57177
F2211,760.2161,4.693,4.684,4.76,4412,59648,1.0,0.77,13,1,69648
F2212,760.2161,5.4,5.35,5.476,4412,43923,0.94,0.61,5,1,59923
F2213,811.6629,4.929,4.828,5.03,5012,4878049,1.0,0.95,114,1,4903049
F2214,811.6802,1.628,1.543,1.729,5013,219962,1.0,1.0,19,1,242934
F2215,788.6674,4.617,4.558,4.642,4709,488710,0.9,0.73,77,1,499710
F2216,788.6674,4.954,4.853,5.055,4709,2544429,0.95,0.97,155,1,2569429
F2217,760.4567,4.684,4.626,4.769,4413,186570,1.0,0.98,14,1,206344
F2218,760.4567,5.316,5.215,5.417,4413,272282,0.92,0.85,14,1,297708
F2219,760.4742,3.388,3.286,3.489,4414,235991,1.0,0.99,15,1,262098
F2220,788.7235,4.962,4.903,5.004,4710,63585,1.0,0.85,9,1,75118
F2221,834.5942,4.516,4.415,4.617,5297,8995037,1.0,0.99,330,1,9020037
F2222,812.5035,2.689,2.588,2.79,5014,141946,1.0,0.94,10,1,167651
F2223,812.5035,3.539,3.463,3.64,5014,57049,0.89,0.98,5,1,79677
F2224,788.7567,4.684,4.642,4.735,4711,140134,0.64,0.78,18,1,169737
F2225,834.6312,1.914,1.813,1.948,5298,82972,0.53,0.93,8,1,100256
F2226,760.5093,2.79,2.748,2.857,4416,53972,1.0,0.91,7,1,75586
F2227,760.5093,4.684,4.609,4.777,4416,320814,1.0,0.94,29,1,344195
F2228,789.4404,3.337,3.244,3.438,4714,185908,1.0,0.99,14,1,212480
F2229,834.6489,4.516,4.423,4.617,5299,599121,1.0,0.99,45,1,624074
F2230,834.6489,4.954,4.853,5.055,5299,648831,1.0,0.99,49,1,677182
F2231,789.511,2.79,2.773,2.84,4715,30950,0.32,0.98,5,1,43527
F2232,834.672,1.636,1.535,1.737,5300,389635,1.0,0.99,32,1,416325
F2233,812.559,3.32,3.219,3.413,5019,125675,0.67,0.99,9,1,150870
F2234,812.559,4.533,4.491,4.55,5019,43172,0.69,0.93,9,1,58971
F2235,760.524,1.569,1.468,1.67,4417,227438,1.0,0.99,4,1,277460
F2236,760.524,2.722,2.621,2.773,4417,100251,0.57,0.83,2,1,140486
F2237,834.705,4.946,4.878,5.038,5302,42710,0.67,0.68,5,1,64141
F2238,812.6093,4.566,4.466,4.668,5021,14282484,1.0,0.99,934,1,14307484
F2239,760.555,4.71,4.626,4.76,4419,148777,1.0,0.94,16,1,167204
F2240,789.5647,1.535,1.434,1.636,4717,2034316,1.0,0.99,6,1,2340283
F2241,789.5647,6.427,5.712,6.916,4717,1470889,0.58,0.95,2,1,3209126
F2242,789.5647,8.297,7.548,9.998,4717,3792697,0.48,0.63,2,1,7317448
F2243,834.7472,1.484,1.434,1.678,5304,109875,1.0,0.83,6,1,141146
F2244,834.7472,4.507,4.44,4.592,5304,223897,1.0,0.98,19,1,241399
F2245,812.6669,4.482,4.457,4.499,5022,41744,0.54,0.88,11,1,47744
F2246,812.6669,4.929,4.828,5.03,5022,2575638,1.0,0.94,112,1,2600638
F2247,760.564,1.686,1.628,1.771,4420,147582,1.0,0.95,12,1,174683
F2248,789.6007,1.712,1.636,1.804,4718,96323,0.9,0.54,7,1,126325
F2249,835.0739,3.438,3.396,3.497,5305,28636,1.0,0.88,6,1,40286
F2250,812.6906,1.628,1.526,1.729,5023,471110,1.0,1.0,41,1,500167
F2251,835.2336,1.535,1.451,1.628,5306,880997,1.0,0.98,72,1,908327
F2252,812.724,4.878,4.861,4.912,5024,18735,0.36,0.85,5,1,27316
F2253,760.5785,1.611,1.518,1.678,4421,61764,0.44,0.88,4,1,81025
F2254,760.5785,1.931,1.83,2.032,4421,2238109,0.75,1.0,106,1,2309974
F2255,760.5785,4.684,4.583,4.786,4421,71742457,1.0,1.0,2545,1,72974275
F2256,812.7594,4.575,4.491,4.617,5026,202940,1.0,0.58,23,1,234742
F2257,813.0618,3.337,3.236,3.396,5027,75449,1.0,0.7,7,1,94751
F2258,813.5072,2.68,2.613,2.84,5028,97753,1.0,0.94,5,1,126128
F2259,835.5707,1.636,1.535,1.737,5309,357062,1.0,0.94,8,1,409568
F2260,835.5707,3.413,3.32,3.514,5309,76627,0.89,0.95,2,1,126681
F2261,835.5707,8.777,7.893,9.846,5309,1845873,0.91,0.89,6,1,2328253
F2262,760.6247,1.948,1.939,1.981,4423,37518,0.5,0.81,11,1,43518
F2263,760.6247,4.693,4.684,4.735,4423,946293,0.36,0.67,199,1,953293
F2264,760.6247,4.996,4.895,5.097,4423,1086770,0.59,0.99,69,1,1111770
F2265,789.6117,1.889,1.788,1.956,4719,341303,0.8,0.82,15,1,362303
F2266,789.6117,1.965,1.956,2.032,4719,44100,0.7,0.5,6,1,54100
F2267,789.6117,4.634,4.533,4.735,4719,6177776,1.0,0.97,333,1,6202776
F2268,835.5848,5.03,4.946,5.122,5310,85298,1.0,0.96,7,1,109464
F2269,789.6211,1.526,1.476,1.56,4720,46685,1.0,0.56,3,1,63350
F2270,760.9583,5.333,5.232,5.4,4426,158340,0.87,0.67,11,1,182918
F2271,760.9583,5.594,5.493,5.686,4426,77834,0.7,0.7,6,1,103068
F2272,813.5647,1.535,1.434,1.611,5032,116743,1.0,0.98,4,1,140734
F2273,813.5647,2.731,2.655,2.832,5032,58180,0.98,0.82,2,1,78994
F2274,813.5647,3.32,3.219,3.413,5032,95131,1.0,0.96,3,1,119894
F2275,789.658,4.626,4.583,4.668,4721,180891,1.0,0.97,31,1,205740
F2276,835.5987,1.586,1.56,1.619,5311,33482,0.53,0.68,7,1,41482
F2277,835.5987,4.516,4.415,4.617,5311,4478249,1.0,0.99,328,1,4503249
F2278,813.5756,1.577,1.535,1.678,5033,50596,0.57,0.79,4,1,67827
F2279,760.9861,3.371,3.303,3.472,4427,116516,1.0,0.89,9,1,137655
F2280,760.9861,4.684,4.626,4.76,4427,51524,0.82,0.91,5,1,69670
F2281,835.6102,2.023,1.922,2.124,5312,118081,0.93,0.94,7,1,143916
F2282,813.6171,4.575,4.474,4.676,5034,5834088,1.0,0.98,443,1,5859088
F2283,761.2144,1.543,1.451,1.644,4428,809393,1.0,0.99,63,1,835667
F2284,789.6743,4.583,4.55,4.626,4722,64123,0.89,0.84,14,1,72489
F2285,789.6743,4.684,4.626,4.786,4722,150116,0.9,0.85,16,1,170124
F2286,789.6743,4.962,4.861,5.063,4722,811795,1.0,0.98,46,1,843121
F2287,835.6248,1.653,1.552,1.686,5313,44109,1.0,0.53,5,1,59627
F2288,813.679,1.636,1.535,1.737,5035,251001,0.56,0.97,25,1,276001
F2289,813.679,4.92,4.819,5.021,5035,10446171,1.0,0.95,599,1,10471171
F2290,761.3951,4.676,4.617,4.777,4430,94613,1.0,0.64,9,1,118034
F2291,835.6366,1.611,1.543,1.636,5314,32118,0.89,0.89,5,1,45937
F2292,790.4754,2.781,2.739,2.866,4726,74490,1.0,0.96,8,1,89889
F2293,813.736,4.903,4.836,4.988,5036,410159,1.0,0.84,42,1,431315
F2294,761.4037,4.684,4.609,4.752,4431,90247,1.0,0.96,10,1,107571
F2295,835.6601,4.525,4.44,4.592,5315,274292,0.92,0.54,27,1,293292
F2296,835.6601,4.954,4.853,5.055,5315,2436456,1.0,0.99,190,1,2461456
F2297,813.8307,4.92,4.886,4.979,5037,123073,1.0,0.94,20,1,135077
F2298,790.4959,2.79,2.748,2.849,4727,25113,1.0,0.96,5,1,36964
F2299,790.4959,3.446,3.346,3.514,4727,62863,1.0,0.8,5,1,84403
F2300,835.6777,1.619,1.535,1.712,5316,195986,1.0,1.0,17,1,220157
F2301,835.7187,4.962,4.895,5.004,5317,74458,1.0,0.67,8,1,96144
F2302,761.4756,3.396,3.303,3.455,4432,52672,0.62,0.98,5,1,72502
F2303,761.4756,4.676,4.609,4.777,4432,130592,1.0,0.92,12,1,152744
F2304,761.4756,5.299,5.198,5.4,4432,95394,0.72,0.79,6,1,120535
F2305,814.5296,2.663,2.605,2.731,5040,71568,1.0,0.91,8,1,89103
F2306,814.5296,2.764,2.731,2.857,5040,45361,1.0,0.83,6,1,57274
F2307,790.5276,2.689,2.663,2.714,4729,30865,0.94,0.64,7,1,37866
F2308,790.5276,2.764,2.739,2.832,4729,107849,1.0,0.94,18,1,129910
F2309,835.7497,4.516,4.491,4.55,5318,45243,1.0,0.95,8,1,61183
F2310,761.5085,4.676,4.609,4.769,4433,177389,1.0,0.96,16,1,198153
F2311,836.2313,1.543,1.468,1.619,5319,389431,1.0,0.96,41,1,412952
F2312,761.5201,1.586,1.552,1.644,4434,44897,0.91,0.94,4,1,57343
F2313,761.5201,2.706,2.638,2.781,4434,51718,0.76,0.93,3,1,72041
F2314,814.5682,2.697,2.596,2.798,5042,370539,1.0,0.99,13,1,397272
F2315,814.5682,4.491,4.432,4.516,5042,33789,0.89,0.86,5,1,46254
F2316,761.5365,4.676,4.634,4.726,4435,103499,1.0,1.0,16,1,111817
F2317,790.5683,1.535,1.434,1.611,4730,1102045,1.0,0.99,6,1,1255566
F2318,790.5683,2.706,2.605,2.806,4730,1238882,1.0,1.0,8,1,1408370
F2319,790.5683,4.541,4.44,4.583,4730,448879,1.0,0.96,6,1,589226
F2320,790.5683,8.331,7.581,9.872,4730,2266928,0.44,0.56,2,1,4056884
F2321,814.587,1.518,1.484,1.552,5043,28510,0.71,0.93,6,1,37514
F2322,761.5624,1.695,1.594,1.788,4437,124426,1.0,0.91,9,1,148305
F2323,836.5883,1.586,1.484,1.686,5321,461014,0.74,0.99,4,1,526901
F2324,814.5963,1.569,1.468,1.67,5044,256525,1.0,0.79,18,1,279346
F2325,761.6376,4.684,4.583,4.786,4440,1050823,1.0,0.95,90,1,1089221
F2326,761.6376,5.013,4.912,5.114,4440,340257,1.0,0.99,21,1,364883
F2327,790.5837,1.695,1.602,1.796,4731,1479621,1.0,0.96,94,1,1509076
F2328,790.5837,1.956,1.914,2.015,4731,192664,0.89,0.93,26,1,205671
F2329,790.5837,4.592,4.566,4.617,4731,46370,0.87,0.65,9,1,53370
F2330,836.5998,1.678,1.644,1.712,5322,19913,0.8,0.91,5,1,28916
F2331,836.5998,4.726,4.701,4.769,5322,41876,1.0,0.99,7,1,53967
F2332,814.682,4.6,4.541,4.626,5046,99608,0.65,0.68,11,1,110608
F2333,814.682,4.92,4.819,5.021,5046,5165242,1.0,0.92,395,1,5190242
F2334,761.7312,4.642,4.626,4.676,4443,74329,1.0,0.86,16,1,81333
F2335,761.7312,4.718,4.676,4.769,4443,291892,1.0,0.98,47,1,303896
F2336,790.5988,1.897,1.838,1.931,4732,56883,1.0,0.68,9,1,66901
F2337,814.6942,1.628,1.526,1.703,5047,97879,1.0,0.98,9,1,121489
F2338,762.2112,1.543,1.468,1.619,4444,272846,1.0,0.95,34,1,296572
F2339,836.61,4.525,4.423,4.626,5323,4332879,1.0,0.99,282,1,4357879
F2340,814.7384,4.92,4.844,5.021,5048,253713,1.0,0.73,25,1,276564
F2341,836.621,1.501,1.459,1.543,5324,19642,0.74,0.92,5,1,30228
F2342,836.621,1.602,1.552,1.695,5324,87701,1.0,0.65,8,1,104764
F2343,790.6154,1.501,1.451,1.51,4733,21838,0.34,0.59,3,1,31334
F2344,790.6154,4.617,4.516,4.626,4733,1638265,0.4,0.97,106,1,721505
F2345,790.6154,4.651,4.718,4.752,4733,1161142,0.4,0.98,107,1,187658
F2346,762.4817,2.714,2.655,2.739,4447,30967,1.0,0.77,5,1,42562
F2347,762.4817,3.396,3.312,3.455,4447,50598,1.0,0.73,6,1,70995
F2348,762.4817,4.693,4.626,4.752,4447,56681,1.0,1.0,6,1,73431
F2349,762.5034,2.748,2.672,2.849,4448,113110,1.0,0.92,10,1,137092
F2350,762.5034,4.71,4.626,4.735,4448,49633,1.0,0.77,5,1,63990
F2351,815.5453,3.75,3.649,3.851,5054,5352134,1.0,0.99,300,1,5377134
F2352,836.6649,1.602,1.543,1.611,5325,26777,0.84,0.56,6,1,35777
F2353,836.6649,1.644,1.611,1.72,5325,54732,0.88,0.67,8,1,68732
F2354,836.6649,4.525,4.457,4.6,5325,293850,0.97,0.73,26,1,311850
F2355,836.6649,4.609,4.6,4.659,5325,29584,0.89,0.57,8,1,37584
F2356,836.6649,4.954,4.853,5.055,5325,1254075,1.0,0.98,104,1,1279075
F2357,790.6746,1.493,1.451,1.535,4736,19498,0.87,0.9,5,1,28430
F2358,790.6746,4.676,4.583,4.76,4736,89056,0.92,0.86,6,1,112193
F2359,790.6746,4.962,4.861,5.063,4736,179076,1.0,0.98,10,1,205681
F2360,762.5313,2.714,2.613,2.815,4449,171955,1.0,0.97,11,1,197994
F2361,762.5313,4.684,4.642,4.743,4449,48908,0.97,0.93,7,1,60306
F2362,836.7251,4.979,4.912,5.038,5327,45980,1.0,0.87,6,1,62833
F2363,790.9814,1.594,1.535,1.636,4742,42525,0.83,0.94,5,1,57653
F2364,762.5481,1.678,1.51,1.796,4450,97974,0.59,0.85,5,1,133376
F2365,836.7611,1.501,1.442,1.577,5329,42223,0.95,0.91,5,1,58748
F2366,836.7611,4.516,4.482,4.558,5329,49412,1.0,0.75,7,1,66501
F2367,762.5799,1.931,1.83,2.006,4451,255066,1.0,0.96,21,1,278854
F2368,815.5767,1.56,1.459,1.653,5055,651158,0.86,0.96,2,1,719836
F2369,791.0483,3.202,3.11,3.253,4744,76155,1.0,0.72,8,1,96841
F2370,762.5887,4.693,4.592,4.794,4452,7330046,1.0,0.99,528,1,7355046
F2371,791.3779,1.51,1.451,1.602,4745,105669,0.78,0.68,9,1,126300
F2372,762.6412,4.701,4.6,4.802,4453,347758,1.0,0.85,28,1,373517
F2373,837.5582,3.893,3.792,3.994,5330,4150353,1.0,0.99,191,1,4175353
F2374,837.5582,4.701,4.609,4.769,5330,90059,0.67,0.84,2,1,110059
F2375,815.5878,3.783,3.758,3.809,5056,42310,1.0,0.65,9,1,49310
F2376,815.5878,4.735,4.701,4.769,5056,19783,0.62,0.84,5,1,28787
F2377,791.5522,3.177,3.11,3.236,4751,52950,1.0,0.8,6,1,70557
F2378,763.0087,3.506,3.413,3.573,4454,130508,1.0,0.64,13,1,150200
F2379,815.5982,3.75,3.741,3.8,5057,72047,0.71,0.8,13,1,66092
F2380,763.2085,1.543,1.501,1.594,4456,90563,1.0,0.98,13,1,102892
F2381,763.5123,3.497,3.463,3.598,4457,163124,1.0,0.82,16,1,181381
F2382,815.6065,3.708,3.666,3.783,5058,190491,1.0,0.82,22,1,193317
F2383,815.6065,3.8,3.783,3.834,5058,48941,1.0,0.81,9,1,69271
F2384,815.6065,4.735,4.693,4.777,5058,23181,0.92,0.84,6,1,34185
F2385,837.5956,1.661,1.636,1.762,5331,62030,0.16,0.55,2,1,109531
F2386,791.5697,1.535,1.434,1.602,4752,405095,1.0,0.97,7,1,463432
F2387,791.5697,2.697,2.596,2.798,4752,604367,1.0,1.0,13,1,674827
F2388,791.5697,4.55,4.449,4.6,4752,299792,1.0,0.95,10,1,351722
F2389,791.5697,8.331,7.657,9.097,4752,469625,0.5,0.66,2,1,938751
F2390,815.6185,4.726,4.71,4.819,5059,48226,0.4,0.53,7,1,69411
F2391,815.63,1.569,1.476,1.628,5060,51328,0.67,0.74,3,1,72712
F2392,815.63,4.6,4.507,4.701,5060,903096,1.0,0.97,46,1,945368
F2393,837.6135,1.569,1.468,1.636,5332,389173,0.84,0.88,19,1,410173
F2394,837.6135,3.91,3.901,3.96,5332,99922,0.82,0.64,10,1,107922
F2395,837.6135,4.516,4.415,4.617,5332,2008514,1.0,0.99,69,1,2033514
F2396,815.6459,1.552,1.484,1.653,5061,56660,1.0,0.8,4,1,80150
F2397,763.5243,2.68,2.621,2.773,4458,89696,0.75,0.89,2,1,108696
F2398,763.5243,3.303,3.202,3.404,4458,3544280,1.0,0.99,193,1,3569280
F2399,763.5243,3.59,3.573,3.623,4458,13090,0.63,0.66,4,1,20090
F2400,763.5243,4.482,4.449,4.566,4458,46224,0.67,0.74,2,1,61224
F2401,763.5243,4.735,4.701,4.743,4458,10620,0.69,0.54,3,1,16620
F2402,763.5243,4.769,4.743,4.811,4458,33894,0.72,0.63,3,1,42894
F2403,763.5243,4.92,4.87,4.979,4458,43342,0.71,0.9,6,1,57342
F2404,791.5878,1.695,1.594,1.796,4753,758122,1.0,0.99,28,1,799372
F2405,791.5878,1.981,1.88,2.04,4753,159554,0.9,0.8,7,1,180779
F2406,791.5878,4.592,4.566,4.626,4753,40205,0.84,0.85,7,1,48209
F2407,837.6362,1.586,1.543,1.678,5334,67160,1.0,0.64,8,1,81024
F2408,791.6034,4.634,4.55,4.735,4754,315363,1.0,0.82,24,1,336124
F2409,763.58,3.312,3.228,3.371,4460,191861,1.0,0.96,18,1,211186
F2410,815.6948,1.602,1.518,1.67,5064,52916,0.41,0.66,5,1,71916
F2411,815.6948,4.912,4.811,5.013,5064,4653591,1.0,0.95,225,1,4678591
F2412,763.5919,4.684,4.583,4.786,4461,1555942,1.0,0.99,105,1,1580942
F2413,837.6667,1.594,1.493,1.695,5335,113494,0.79,0.98,8,1,140127
F2414,837.6667,4.466,4.449,4.507,5335,24944,0.76,0.55,5,1,28277
F2415,837.6667,4.954,4.853,5.055,5335,1099691,1.0,0.99,77,1,1129835
F2416,791.6295,4.566,4.533,4.592,4756,20949,0.22,0.98,5,1,28729
F2417,763.7242,1.552,1.51,1.619,4462,50268,1.0,0.77,6,1,61751
F2418,815.7478,4.929,4.828,5.03,5066,304024,1.0,0.96,24,1,329266
F2419,837.8166,1.535,1.451,1.577,5339,191758,0.65,0.61,14,1,140311
F2420,837.8166,1.602,1.636,1.653,5339,75084,0.67,0.98,12,1,13595
F2421,816.0496,3.758,3.657,3.859,5067,4739187,1.0,0.99,303,1,4764187
F2422,816.0496,3.935,3.926,4.002,5067,36951,0.74,0.67,10,1,46951
F2423,764.0263,3.295,3.194,3.396,4463,2832748,1.0,0.99,197,1,2857748
F2424,764.0263,3.556,3.548,3.606,4463,16629,0.76,0.61,6,1,24629
F2425,838.0179,1.569,1.535,1.628,5340,75708,0.6,0.92,10,1,90603
F2426,838.0618,3.876,3.775,3.977,5341,3622181,1.0,0.99,242,1,3647181
F2427,838.5056,4.735,4.693,4.794,5342,37741,1.0,0.97,5,1,51313
F2428,792.5468,1.459,1.409,1.484,4759,26500,0.4,0.83,2,1,40063
F2429,792.5468,2.697,2.596,2.748,4759,317977,1.0,0.66,15,1,329869
F2430,792.5468,2.773,2.748,2.849,4759,75950,1.0,0.78,6,1,97030
F2431,838.5311,3.202,3.135,3.27,5344,58186,1.0,0.93,6,1,76669
F2432,764.5304,1.552,1.451,1.653,4464,497057,0.96,0.98,4,1,598000
F2433,764.5304,2.714,2.613,2.806,4464,477434,0.98,0.83,5,1,564682
F2434,764.5304,3.303,3.202,3.404,4464,1455217,1.0,0.99,13,1,1562658
F2435,838.5525,4.718,4.626,4.76,5346,64823,1.0,0.73,6,1,85645
F2436,792.5611,1.543,1.442,1.644,4760,438468,1.0,0.98,15,1,462609
F2437,838.5634,2.697,2.621,2.781,5347,50427,0.69,0.78,4,1,70427
F2438,838.5634,3.901,3.8,4.002,5347,2016757,1.0,0.98,134,1,2041757
F2439,838.5634,5.046,4.954,5.106,5347,46503,0.68,0.82,4,1,65503
F2440,764.5516,1.535,1.484,1.577,4465,23862,0.65,0.82,3,1,35866
F2441,764.5516,2.722,2.621,2.823,4465,816372,1.0,0.96,52,1,853437
F2442,764.5516,4.558,4.474,4.592,4465,68988,0.9,0.8,8,1,85440
F2443,816.5492,3.775,3.674,3.876,5070,2504308,1.0,0.98,159,1,2529308
F2444,816.5492,8.718,8.701,8.769,5070,17814,0.18,0.7,2,1,26814
F2445,764.5645,1.535,1.459,1.577,4466,75289,1.0,0.85,8,1,95227
F2446,764.5645,4.583,4.558,4.617,4466,24765,1.0,0.82,6,1,32768
F2447,792.584,1.771,1.762,1.804,4761,20106,0.32,0.68,3,1,26946
F2448,792.584,2.697,2.613,2.798,4761,1505654,0.5,0.98,44,1,1531874
F2449,764.5744,4.676,4.575,4.777,4467,1233056,1.0,0.97,86,1,1264664
F2450,838.6192,1.586,1.484,1.686,5351,161432,0.81,0.86,10,1,186432
F2451,838.6192,3.884,3.876,3.952,5351,44518,0.82,0.55,8,1,54518
F2452,838.6192,4.533,4.432,4.634,5351,1725363,1.0,0.99,121,1,1750363
F2453,792.6016,4.71,4.676,4.743,4763,150503,1.0,0.98,31,1,159507
F2454,816.5836,1.56,1.459,1.653,5071,383834,0.97,0.98,2,1,443375
F2455,816.5836,2.689,2.588,2.79,5071,730775,1.0,0.99,4,1,795770
F2456,816.5836,4.525,4.423,4.558,5071,396504,1.0,0.75,4,1,440076
F2457,838.6447,1.594,1.493,1.686,5352,78497,1.0,0.93,5,1,103573
F2458,764.5925,1.543,1.459,1.644,4468,86961,0.97,0.93,6,1,110074
F2459,764.5925,3.346,3.295,3.421,4468,36366,0.83,0.73,5,1,49178
F2460,764.5925,4.743,4.718,4.844,4468,102359,1.0,0.89,14,1,124500
F2461,792.6135,4.752,4.718,4.794,4764,124018,1.0,1.0,24,1,132261
F2462,838.6784,4.516,4.44,4.6,5353,107413,0.92,0.89,9,1,128052
F2463,838.6784,4.946,4.844,5.046,5353,496646,1.0,0.99,36,1,523642
F2464,816.5943,4.558,4.525,4.592,5072,121705,1.0,0.96,18,1,130709
F2465,765.0277,3.303,3.219,3.404,4470,473542,1.0,0.87,35,1,501643
F2466,839.0652,3.884,3.783,3.986,5354,585539,1.0,0.73,47,1,621103
F2467,792.643,2.722,2.638,2.764,4765,69654,1.0,0.81,8,1,83134
F2468,792.643,4.575,4.507,4.617,4765,104815,1.0,0.98,14,1,114220
F2469,792.643,4.651,4.617,4.676,4765,41504,1.0,0.94,9,1,54943
F2470,792.6519,4.609,4.575,4.642,4766,20758,0.6,0.85,5,1,28106
F2471,839.6155,1.594,1.543,1.695,5359,133868,0.82,0.76,12,1,151229
F2472,816.6097,3.75,3.716,3.809,5073,58583,1.0,0.94,9,1,64290
F2473,816.6097,3.834,3.809,3.859,5073,19119,0.9,0.88,5,1,25890
F2474,816.6097,4.575,4.55,4.6,5073,36125,1.0,0.64,8,1,43129
F2475,816.6097,4.802,4.769,4.844,5073,37025,1.0,0.87,9,1,45165
F2476,792.6681,1.619,1.577,1.72,4767,90405,1.0,0.98,9,1,111700
F2477,765.5285,1.543,1.442,1.644,4471,284613,1.0,0.99,4,1,357602
F2478,765.5285,1.922,1.821,2.023,4471,190588,0.96,0.96,2,1,263171
F2479,765.5285,2.722,2.621,2.823,4471,420990,1.0,0.99,6,1,495159
F2480,765.5285,3.286,3.186,3.388,4471,180383,0.95,0.97,3,1,253749
F2481,816.6189,4.726,4.626,4.786,5074,5707697,1.0,0.76,454,1,5727697
F2482,792.6858,1.493,1.417,1.594,4768,163513,1.0,0.91,11,1,189294
F2483,839.6294,1.56,1.476,1.661,5360,77493,0.82,0.75,6,1,101670
F2484,839.6294,4.533,4.432,4.634,5360,788792,1.0,1.0,56,1,816213
F2485,792.7065,1.56,1.518,1.661,4769,53555,0.62,0.58,5,1,75194
F2486,765.5541,2.731,2.638,2.823,4472,419121,1.0,0.98,34,1,447595
F2487,765.5541,4.558,4.516,4.6,4472,18932,0.93,0.93,5,1,29935
F2488,839.686,4.946,4.844,5.046,5362,184081,1.0,0.88,13,1,210067
F2489,816.632,1.88,1.779,1.981,5075,212354,1.0,0.99,9,1,238925
F2490,816.632,2.697,2.613,2.79,5075,48726,0.58,0.9,2,1,70539
F2491,816.632,4.55,4.449,4.583,5075,144220,1.0,0.92,15,1,161515
F2492,840.5395,3.901,3.8,4.002,5364,233459,1.0,0.99,16,1,259423
F2493,765.5715,1.543,1.459,1.644,4473,84922,0.87,0.64,6,1,107280
F2494,765.5715,4.651,4.558,4.752,4473,500536,1.0,0.91,37,1,529319
F2495,816.6751,4.726,4.634,4.794,5077,363578,1.0,0.95,30,1,378554
F2496,765.5838,1.552,1.476,1.653,4474,75315,0.63,0.87,5,1,98361
F2497,840.5556,3.943,3.91,3.969,5365,25847,0.67,0.86,5,1,33627
F2498,840.5556,4.701,4.6,4.802,5365,644258,1.0,0.99,37,1,674267
F2499,765.7394,1.552,1.484,1.619,4475,118091,1.0,0.96,13,1,133059
F2500,766.0019,3.312,3.228,3.396,4476,129142,1.0,0.86,12,1,153157
F2501,793.5333,1.552,1.459,1.611,4770,196485,0.28,0.78,5,1,226863
F2502,793.5333,3.632,3.531,3.733,4770,7365694,1.0,0.99,256,1,7405664
F2503,816.6972,1.501,1.451,1.518,5078,41634,0.54,0.58,8,1,50634
F2504,816.6972,3.817,3.775,3.842,5078,17457,0.44,0.58,3,1,26457
F2505,816.6972,4.912,4.811,5.013,5078,2133623,1.0,0.95,157,1,2158623
F2506,766.5065,3.303,3.202,3.396,4477,112810,1.0,0.91,10,1,135450
F2507,840.6351,1.611,1.602,1.712,5367,88851,0.56,0.59,14,1,102851
F2508,840.6351,2.731,2.697,2.781,5367,25471,0.48,0.66,5,1,36471
F2509,840.6351,4.566,4.507,4.668,5367,2489774,1.0,0.86,200,1,2509774
F2510,816.7531,4.684,4.651,4.743,5080,55173,1.0,0.61,8,1,67568
F2511,816.7531,4.912,4.836,4.996,5080,112794,1.0,0.91,10,1,131335
F2512,841.5225,2.057,1.965,2.158,5369,214782,1.0,1.0,16,1,240044
F2513,841.5225,6.066,5.99,6.166,5369,74068,1.0,0.93,5,1,96952
F2514,793.5477,2.663,2.571,2.697,4771,129900,1.0,0.95,14,1,145651
F2515,793.5477,2.764,2.731,2.857,4771,56102,1.0,0.81,6,1,71333
F2516,793.5477,3.8,3.766,3.842,4771,34551,1.0,0.71,5,1,47444
F2517,766.5682,2.748,2.646,2.849,4479,532573,1.0,0.99,36,1,557573
F2518,766.5682,4.566,4.466,4.659,4479,3737891,1.0,0.98,273,1,3761891
F2519,817.0521,3.758,3.657,3.859,5083,891990,1.0,0.92,63,1,916733
F2520,841.5573,4.71,4.609,4.811,5371,407526,1.0,1.0,26,1,436079
F2521,766.5788,4.684,4.651,4.777,4480,545665,1.0,0.91,64,1,560732
F2522,841.6215,4.566,4.491,4.668,5374,1432797,1.0,0.95,113,1,1454797
F2523,793.5896,1.636,1.535,1.737,4772,77935,0.81,0.53,5,1,103311
F2524,793.5896,2.706,2.605,2.806,4772,771880,1.0,1.0,51,1,803347
F2525,793.5896,3.632,3.531,3.724,4772,467319,0.98,0.98,29,1,496832
F2526,793.5896,4.575,4.474,4.676,4772,1333095,1.0,0.98,78,1,1367916
F2527,766.6247,4.575,4.482,4.676,4482,283487,1.0,0.94,20,1,310856
F2528,766.652,1.611,1.56,1.644,4483,50186,1.0,0.97,9,1,59194
F2529,817.5495,8.213,8.112,8.238,5085,99615,0.45,0.83,4,1,122336
F2530,817.5495,8.289,8.263,8.364,5085,87666,0.45,0.79,4,1,100528
F2531,817.5495,8.406,8.364,8.508,5085,122926,0.45,0.76,4,1,147319
F2532,817.5495,9.156,9.055,9.223,5085,115098,0.44,0.7,3,1,140261
F2533,841.7094,4.895,4.819,4.979,5378,64648,1.0,0.71,7,1,86978
F2534,793.6233,1.636,1.426,1.703,4773,117977,0.65,0.67,5,1,153637
F2535,793.6233,3.615,3.581,3.708,4773,99709,0.95,0.54,9,1,119924
F2536,793.6233,4.718,4.676,4.802,4773,118882,1.0,0.94,14,1,134881
F2537,794.0367,3.623,3.522,3.724,4774,6076722,1.0,0.99,416,1,6101722
F2538,842.5191,2.066,1.981,2.15,5379,92733,1.0,0.99,8,1,114507
F2539,842.5191,3.901,3.8,4.002,5379,139939,1.0,0.99,9,1,166862
F2540,767.5735,4.558,4.457,4.617,4487,1564857,1.0,0.99,140,1,1584857
F2541,767.5735,4.735,4.726,4.828,4487,84740,0.49,0.55,17,1,97740
F2542,794.093,3.623,3.564,3.724,4775,279286,1.0,0.77,22,1,304651
F2543,767.6305,4.634,4.566,4.718,4489,55010,1.0,0.77,7,1,76811
F2544,794.507,2.689,2.605,2.79,4776,147532,1.0,0.94,9,1,171671
F2545,794.507,3.076,2.992,3.177,4776,95344,1.0,0.98,8,1,118830
F2546,842.5664,3.623,3.522,3.724,5381,321395,1.0,0.99,16,1,353058
F2547,842.5664,4.71,4.609,4.811,5381,347089,1.0,0.99,14,1,380897
F2548,768.4834,2.722,2.63,2.823,4491,127294,1.0,0.95,9,1,152550
F2549,768.4834,3.32,3.219,3.388,4491,57154,1.0,0.67,6,1,78042
F2550,842.5793,4.76,4.726,4.802,5382,21741,1.0,0.85,5,1,33721
F2551,794.5372,1.569,1.552,1.619,4777,46170,0.75,0.66,4,1,60090
F2552,794.5372,3.64,3.539,3.741,4777,3072808,1.0,0.99,121,1,3111475
F2553,794.5372,9.644,8.028,9.863,4777,692716,0.79,0.59,6,1,1031434
F2554,768.5355,1.543,1.459,1.602,4492,133842,1.0,0.98,14,1,148909
F2555,768.5355,1.897,1.796,1.998,4492,172141,0.89,0.94,10,1,197432
F2556,768.5355,3.076,2.975,3.177,4492,144218,0.87,0.98,10,1,169542
F2557,842.6342,4.6,4.499,4.701,5385,1499231,0.95,0.97,90,1,1533265
F2558,842.7179,1.51,1.426,1.611,5387,192593,1.0,0.65,13,1,216565
F2559,843.0171,3.893,3.8,3.994,5388,87830,1.0,0.95,8,1,112419
F2560,768.549,1.619,1.611,1.653,4493,14541,0.41,0.62,5,1,20541
F2561,768.549,2.706,2.605,2.806,4493,1734830,1.0,0.98,111,1,1759830
F2562,794.5582,1.518,1.476,1.56,4778,38061,0.34,0.77,5,1,52026
F2563,794.5582,2.646,2.596,2.68,4778,45610,0.29,0.88,6,1,56429
F2564,794.5729,1.56,1.501,1.661,4779,68288,1.0,0.63,6,1,87674
F2565,843.0728,3.615,3.539,3.716,5389,174504,1.0,0.72,18,1,192707
F2566,768.5708,1.586,1.484,1.686,4494,98665,0.8,0.71,7,1,124674
F2567,768.5708,4.499,4.466,4.533,4494,28585,0.8,0.92,7,1,37588
F2568,843.5208,3.893,3.826,3.977,5390,56054,0.75,0.98,5,1,76386
F2569,794.5918,1.569,1.501,1.611,4780,40503,0.9,0.83,6,1,55157
F2570,794.5918,2.731,2.63,2.79,4780,324014,1.0,0.96,26,1,342560
F2571,794.5918,3.623,3.556,3.716,4780,130180,1.0,0.89,13,1,147107
F2572,843.557,4.71,4.676,4.752,5391,28747,1.0,0.81,6,1,42733
F2573,768.5856,1.56,1.518,1.569,4495,16266,0.6,0.58,5,1,23266
F2574,768.5856,2.773,2.714,2.874,4495,511792,0.83,0.81,43,1,531792
F2575,768.5856,4.626,4.525,4.726,4495,6131644,1.0,0.98,426,1,6156644
F2576,817.5584,0.398,0.305,0.457,5086,73020,0.51,0.71,2,1,98481
F2577,817.5584,0.583,0.533,0.617,5086,54534,0.57,0.91,3,1,67073
F2578,817.5584,0.684,0.617,0.726,5086,63921,0.51,0.71,2,1,77876
F2579,817.5584,0.844,0.777,0.878,5086,65864,0.55,0.92,3,1,80029
F2580,817.5584,1.046,0.954,1.114,5086,88658,0.5,0.72,2,1,108605
F2581,817.5584,1.156,1.114,1.249,5086,79881,0.58,0.7,3,1,93121
F2582,817.5584,1.291,1.249,1.333,5086,52083,0.54,0.84,3,1,64968
F2583,817.5584,1.366,1.333,1.417,5086,59581,0.55,0.88,3,1,72056
F2584,817.5584,1.51,1.451,1.535,5086,65825,0.57,0.61,4,1,73321
F2585,817.5584,1.619,1.586,1.72,5086,232112,0.91,0.71,9,1,246265
F2586,817.5584,1.813,1.779,1.838,5086,25939,0.46,0.86,2,1,28058
F2587,817.5584,2.091,2.04,2.15,5086,51128,0.51,0.8,2,1,67790
F2588,817.5584,2.428,2.327,2.47,5086,82666,0.54,0.54,2,1,95904
F2589,817.5584,2.512,2.47,2.579,5086,60287,0.53,0.51,2,1,80873
F2590,817.5584,3.379,3.346,3.438,5086,42433,0.51,0.89,2,1,50273
F2591,817.5584,3.514,3.438,3.539,5086,39349,0.47,0.75,2,1,50918
F2592,817.5584,3.766,3.666,3.868,5086,447170,1.0,0.99,12,1,473271
F2593,817.5584,3.994,3.935,4.028,5086,54227,0.5,0.68,3,1,70365
F2594,817.5584,4.137,4.12,4.179,5086,21886,0.46,0.84,2,1,35045
F2595,817.5584,5.097,5.038,5.122,5086,40518,0.51,0.78,2,1,55703
F2596,794.6016,4.583,4.482,4.684,4781,6732972,1.0,0.98,471,1,6757972
F2597,843.6363,4.609,4.507,4.71,5394,723659,1.0,0.95,44,1,747986
F2598,768.6226,4.583,4.516,4.626,4496,83388,0.9,0.83,11,1,86644
F2599,768.6226,4.676,4.626,4.743,4496,133720,0.95,0.66,13,1,154736
F2600,843.7227,1.493,1.426,1.594,5396,98664,1.0,0.89,8,1,123590
F2601,768.7299,4.634,4.6,4.726,4498,129944,1.0,0.93,13,1,143606
F2602,794.6462,1.619,1.518,1.712,4782,133069,1.0,0.98,11,1,157976
F2603,794.6462,3.623,3.59,3.666,4782,24809,0.82,0.85,5,1,36130
F2604,794.6462,4.55,4.457,4.651,4782,366302,1.0,0.9,27,1,397262
F2605,844.0788,3.598,3.497,3.699,5397,314866,1.0,0.94,21,1,341283
F2606,794.7168,1.526,1.442,1.577,4783,42966,0.91,0.52,5,1,57358
F2607,844.5229,4.541,4.466,4.634,5398,260154,1.0,0.96,25,1,283422
F2608,769.0372,3.068,3.026,3.11,4499,47204,1.0,0.95,8,1,54137
F2609,769.0372,3.135,3.11,3.16,4499,25692,1.0,1.0,6,1,36575
F2610,794.7464,4.533,4.516,4.566,4784,38019,0.5,0.83,8,1,41657
F2611,844.538,4.743,4.71,4.819,5399,52215,0.57,0.93,6,1,66882
F2612,795.0394,3.632,3.531,3.733,4785,964361,1.0,0.87,71,1,992975
F2613,769.5381,1.543,1.468,1.636,4503,90987,0.92,0.97,8,1,114980
F2614,769.5381,3.093,2.992,3.186,4503,75863,0.74,0.86,6,1,100353
F2615,795.5057,2.68,2.579,2.781,4786,112048,1.0,0.99,8,1,138580
F2616,844.5686,4.769,4.668,4.794,5401,33859,0.26,0.64,5,1,54044
F2617,769.5527,1.586,1.552,1.619,4504,22360,0.77,0.91,5,1,28420
F2618,769.5527,2.714,2.613,2.815,4504,842598,1.0,0.99,55,1,872690
F2619,769.5527,4.71,4.642,4.802,4504,215666,0.97,0.97,20,1,235375
F2620,844.5788,3.598,3.497,3.699,5402,202603,1.0,1.0,10,1,229374
F2621,795.5401,1.67,1.594,1.771,4788,167554,1.0,0.89,13,1,188022
F2622,795.5401,3.64,3.539,3.741,4788,375863,1.0,0.99,23,1,402097
F2623,795.5595,4.693,4.659,4.769,4789,56996,0.9,0.86,8,1,70524
F2624,844.6066,1.779,1.678,1.88,5404,91351,1.0,0.96,6,1,119493
F2625,769.5953,2.672,2.621,2.697,4505,20842,0.7,0.66,6,1,30842
F2626,769.5953,2.756,2.714,2.857,4505,252933,0.88,0.97,23,1,270933
F2627,769.5953,4.634,4.533,4.735,4505,2909245,1.0,0.98,199,1,2934245
F2628,844.6167,4.499,4.423,4.525,5405,44223,1.0,0.76,6,1,59366
F2629,770.0521,4.684,4.626,4.769,4506,171857,1.0,0.87,16,1,191047
F2630,795.5692,1.56,1.51,1.611,4790,37297,0.5,0.92,5,1,47121
F2631,795.5692,2.689,2.63,2.731,4790,31698,0.65,0.75,5,1,46789
F2632,844.6447,4.617,4.516,4.71,5406,2745300,0.86,0.93,177,1,2769300
F2633,770.5087,2.706,2.613,2.806,4507,296791,1.0,0.99,20,1,322858
F2634,795.5936,2.722,2.663,2.764,4791,65298,1.0,0.99,9,1,79267
F2635,844.7339,1.493,1.417,1.594,5409,913087,1.0,0.88,62,1,940718
F2636,795.6096,4.575,4.474,4.676,4792,3338270,1.0,0.99,225,1,3363270
F2637,795.6096,4.996,4.895,5.072,4792,173099,0.73,0.93,15,1,195099
F2638,770.5594,2.731,2.63,2.832,4509,358106,1.0,0.98,23,1,380344
F2639,770.5594,4.701,4.668,4.802,4509,319542,1.0,0.95,38,1,337444
F2640,817.5802,0.07,0.044,0.162,5087,73298,0.68,0.58,4,1,94981
F2641,817.5802,0.533,0.499,0.575,5087,22455,0.55,0.74,2,1,26176
F2642,817.5802,0.743,0.693,0.786,5087,57196,0.6,0.76,2,1,69078
F2643,817.5802,0.895,0.844,0.929,5087,35726,0.62,0.92,3,1,46730
F2644,817.5802,1.232,1.198,1.291,5087,48636,0.62,0.82,2,1,63736
F2645,817.5802,1.846,1.813,1.897,5087,57716,0.65,0.79,2,1,70599
F2646,817.5802,2.209,2.116,2.251,5087,82302,0.6,0.55,2,1,101046
F2647,817.5802,2.276,2.251,2.352,5087,44286,0.6,0.7,2,1,51303
F2648,817.5802,2.756,2.722,2.857,5087,82713,0.81,0.78,4,1,96304
F2649,817.5802,3.084,3.017,3.186,5087,105043,0.62,0.81,2,1,124811
F2650,817.5802,3.312,3.244,3.379,5087,71606,0.61,0.87,2,1,85441
F2651,817.5802,3.438,3.379,3.506,5087,62371,0.61,0.91,2,1,75850
F2652,817.5802,3.548,3.506,3.598,5087,49950,0.6,0.85,2,1,58251
F2653,817.5802,3.623,3.598,3.682,5087,45145,0.6,0.72,2,1,51057
F2654,817.5802,4.373,4.322,4.44,5087,69537,0.6,0.74,2,1,82961
F2655,817.5802,4.491,4.44,4.499,5087,32337,0.61,0.58,2,1,27189
F2656,817.5802,4.861,4.811,4.962,5087,76601,0.6,0.59,2,1,94626
F2657,817.5802,5.114,5.063,5.215,5087,77878,0.6,0.89,2,1,98305
F2658,817.5802,5.501,5.4,5.526,5087,54233,0.55,0.74,2,1,71033
F2659,817.5802,9.341,9.299,9.4,5087,44370,0.56,0.56,5,1,58636
F2660,845.0886,3.615,3.522,3.674,5415,50715,1.0,0.64,5,1,71400
F2661,795.6612,4.558,4.491,4.651,4793,165341,1.0,0.96,16,1,189379
F2662,845.5012,5.089,4.996,5.19,5416,460227,1.0,0.99,35,1,488900
F2663,770.5994,2.781,2.773,2.874,4510,83691,0.65,0.55,13,1,96691
F2664,770.5994,4.684,4.583,4.786,4510,2832587,1.0,0.99,169,1,2857587
F2665,795.6834,1.636,1.552,1.703,4794,70000,1.0,0.99,6,1,89095
F2666,771.5064,2.722,2.621,2.823,4513,151104,1.0,0.97,10,1,177377
F2667,796.0115,3.623,3.531,3.666,4795,219750,1.0,0.91,27,1,242892
F2668,796.0115,3.708,3.666,3.75,4795,81347,1.0,0.91,13,1,83981
F2669,796.0672,4.617,4.541,4.718,4796,80407,1.0,0.8,7,1,103932
F2670,771.5213,1.594,1.493,1.686,4514,68106,0.46,0.87,3,1,96286
F2671,771.5213,3.497,3.396,3.598,4514,8955082,1.0,0.99,318,1,8984436
F2672,845.5401,1.569,1.476,1.67,5417,117296,0.79,1.0,2,1,177322
F2673,845.5401,3.64,3.539,3.741,5417,86512,0.81,0.96,2,1,148258
F2674,845.5401,4.533,4.474,4.634,5417,111207,0.76,0.88,4,1,160141
F2675,845.5401,4.752,4.668,4.811,5417,50706,0.79,0.94,2,1,95641
F2676,845.5401,8.566,8.078,9.602,5417,977845,0.8,0.71,3,1,1425209
F2677,796.5138,2.68,2.579,2.781,4797,353580,0.95,0.98,23,1,379952
F2678,796.5138,3.421,3.337,3.514,4797,70191,0.76,0.97,5,1,92228
F2679,796.5138,3.623,3.522,3.724,4797,356970,0.95,0.99,21,1,384180
F2680,796.5138,4.726,4.626,4.828,4797,1282909,1.0,0.97,87,1,1319019
F2681,845.5891,1.56,1.468,1.661,5418,97802,1.0,0.97,3,1,142838
F2682,771.5535,2.748,2.68,2.849,4515,91398,0.63,0.93,7,1,112179
F2683,771.5535,3.472,3.446,3.497,4515,41795,0.55,0.65,9,1,48795
F2684,771.5535,3.564,3.539,3.59,4515,18680,0.51,0.62,5,1,25680
F2685,796.547,1.661,1.619,1.737,4799,50904,0.69,0.96,6,1,64577
F2686,771.5779,3.506,3.404,3.606,4516,544937,1.0,0.99,38,1,566797
F2687,845.6151,1.543,1.476,1.644,5420,56026,0.86,0.76,5,1,78165
F2688,845.6151,4.507,4.457,4.533,5420,28066,0.88,0.91,5,1,40164
F2689,771.6034,4.684,4.583,4.786,4517,1205994,1.0,0.99,72,1,1239828
F2690,845.6546,4.617,4.516,4.718,5422,1482299,0.9,0.94,90,1,1511297
F2691,796.5735,1.552,1.459,1.586,4800,77120,0.56,0.93,9,1,92015
F2692,796.5735,2.697,2.621,2.739,4800,53334,0.62,0.89,6,1,71757
F2693,796.5735,4.609,4.583,4.634,4800,49960,0.52,0.65,11,1,56960
F2694,845.7377,1.501,1.417,1.602,5424,574479,1.0,0.91,37,1,602625
F2695,771.6369,1.586,1.569,1.611,4518,20237,1.0,0.95,5,1,27703
F2696,771.6369,1.653,1.611,1.686,4518,53564,1.0,0.99,11,1,63478
F2697,771.6369,3.219,3.143,3.27,4518,58214,1.0,0.95,6,1,76225
F2698,771.6369,4.996,4.895,5.072,4518,99747,1.0,0.96,7,1,124634
F2699,846.5035,5.089,5.004,5.173,5425,177142,1.0,0.98,16,1,199020
F2700,796.6356,1.569,1.468,1.67,4802,71328,1.0,0.76,6,1,96941
F2701,796.6356,4.988,4.912,5.072,4802,75837,1.0,0.98,6,1,97703
F2702,771.6652,3.506,3.421,3.548,4519,160840,1.0,0.82,17,1,152001
F2703,771.6652,3.573,3.606,3.632,4519,29553,0.52,0.77,5,1,12270
F2704,846.5321,4.541,4.449,4.626,5426,219436,1.0,0.99,18,1,245850
F2705,796.6748,1.628,1.526,1.695,4803,65313,0.82,0.86,5,1,87542
F2706,796.6748,4.6,4.499,4.642,4803,125158,0.75,0.86,11,1,140198
F2707,772.0238,3.506,3.404,3.606,4520,7448302,1.0,0.99,507,1,7473302
F2708,796.7567,4.609,4.541,4.684,4806,85203,1.0,0.92,8,1,106192
F2709,772.5232,2.689,2.588,2.79,4523,627000,0.87,0.95,16,1,652000
F2710,772.5232,3.497,3.396,3.598,4523,3564934,1.0,0.99,179,1,3589934
F2711,797.0073,3.632,3.539,3.733,4807,147880,1.0,0.88,12,1,172156
F2712,772.531,1.586,1.484,1.628,4524,64633,1.0,0.82,6,1,83733
F2713,846.5429,1.619,1.586,1.72,5427,53222,0.03,0.62,3,1,69809
F2714,846.5429,4.626,4.6,4.676,5427,31034,0.06,0.89,5,1,45578
F2715,817.5933,1.535,1.434,1.636,5088,1756975,1.0,0.98,30,1,1781975
F2716,817.5933,2.091,2.074,2.116,5088,33528,0.17,0.75,2,1,39528
F2717,817.5933,2.697,2.621,2.731,5088,281326,0.78,0.76,5,1,295326
F2718,797.4953,1.998,1.906,2.099,4808,172277,1.0,1.0,13,1,197902
F2719,797.4953,5.771,5.729,5.804,4808,27490,0.78,0.92,5,1,34084
F2720,846.5848,4.541,4.516,4.634,5428,42119,0.21,0.78,4,1,58620
F2721,797.523,2.68,2.588,2.781,4810,162804,0.92,0.98,11,1,187759
F2722,797.523,3.632,3.59,3.708,4810,43185,0.89,0.91,5,1,57665
F2723,797.523,4.726,4.626,4.828,4810,629124,1.0,0.96,43,1,656790
F2724,772.5747,1.636,1.535,1.737,4526,2665741,1.0,0.97,189,1,2690741
F2725,772.5747,2.739,2.689,2.84,4526,64043,0.65,0.58,3,1,83043
F2726,772.5747,3.497,3.446,3.531,4526,131839,0.78,0.61,16,1,142839
F2727,772.5747,4.651,4.55,4.752,4526,2519019,1.0,0.99,169,1,2544019
F2728,846.5936,1.586,1.56,1.628,5429,29740,0.93,0.84,5,1,42720
F2729,846.5936,4.525,4.474,4.55,5429,28474,0.93,0.96,5,1,40631
F2730,797.5707,1.543,1.476,1.611,4814,52711,0.79,0.96,5,1,69502
F2731,817.6063,1.636,1.611,1.695,5089,53396,0.62,0.87,7,1,67825
F2732,817.6063,3.783,3.733,3.826,5089,24447,0.33,0.96,2,1,35553
F2733,817.6063,9.628,9.594,9.67,5089,21042,0.33,0.96,5,1,29656
F2734,772.6044,1.872,1.771,1.914,4527,92628,0.89,0.81,9,1,108908
F2735,772.6044,4.659,4.634,4.684,4527,71465,1.0,0.66,15,1,78467
F2736,846.6072,1.628,1.586,1.729,5430,64711,0.85,0.86,5,1,82989
F2737,846.6072,2.706,2.63,2.798,5430,74055,0.86,0.99,4,1,95365
F2738,797.5837,4.566,4.466,4.609,4815,335586,1.0,0.79,35,1,355028
F2739,797.5837,4.718,4.634,4.777,4815,105541,0.94,0.69,9,1,134879
F2740,772.6124,4.684,4.583,4.786,4528,1324407,1.0,0.94,92,1,1361936
F2741,846.6292,1.586,1.484,1.628,5431,48921,0.75,0.73,5,1,68096
F2742,846.6292,4.516,4.415,4.55,5431,131685,1.0,0.89,14,1,149181
F2743,797.6175,4.592,4.541,4.693,4816,1401979,1.0,0.78,109,1,1420979
F2744,817.6213,4.743,4.642,4.836,5090,2745420,1.0,0.9,167,1,2769420
F2745,797.6475,4.946,4.895,5.046,4817,106385,1.0,0.86,8,1,125375
F2746,846.6468,4.55,4.525,4.583,5432,31245,1.0,0.84,7,1,39249
F2747,772.6347,1.628,1.543,1.695,4529,176186,1.0,0.98,18,1,201024
F2748,772.6347,3.514,3.438,3.581,4529,53398,0.92,0.64,7,1,70433
F2749,817.635,1.872,1.771,1.973,5091,106065,1.0,0.96,7,1,130530
F2750,817.635,4.558,4.466,4.583,5091,60560,1.0,0.87,8,1,79169
F2751,846.6608,4.617,4.541,4.718,5433,643367,0.9,0.79,43,1,665097
F2752,773.0258,3.506,3.404,3.606,4530,1251600,1.0,0.99,86,1,1273098
F2753,798.4898,3.623,3.539,3.724,4820,178779,1.0,0.98,13,1,205236
F2754,817.6469,1.535,1.518,1.569,5092,20243,0.9,0.89,5,1,28627
F2755,817.6469,4.575,4.541,4.6,5092,31426,1.0,0.96,7,1,35904
F2756,846.7495,1.468,1.417,1.484,5434,659652,0.25,0.76,152,1,668652
F2757,798.5023,1.998,1.922,2.066,4821,64819,1.0,0.97,6,1,84649
F2758,847.2884,1.535,1.468,1.56,5435,35350,1.0,0.67,5,1,47027
F2759,773.5826,1.636,1.535,1.737,4536,1194224,1.0,0.98,83,1,1224874
F2760,773.5826,4.659,4.558,4.76,4536,1256387,1.0,0.99,81,1,1280687
F2761,817.6736,4.735,4.634,4.802,5094,147807,1.0,0.77,14,1,168421
F2762,798.5344,2.672,2.571,2.773,4823,311366,0.97,0.98,21,1,335008
F2763,798.5344,4.726,4.626,4.828,4823,595385,1.0,0.97,41,1,622915
F2764,817.7016,4.912,4.811,5.013,5095,638399,1.0,0.96,46,1,667059
F2765,798.547,3.379,3.278,3.48,4824,412575,1.0,0.98,28,1,439669
F2766,798.547,4.617,4.583,4.659,4824,20779,0.88,0.89,6,1,30781
F2767,817.7561,4.726,4.676,4.769,5097,25651,0.45,0.98,5,1,35372
F2768,773.6246,1.594,1.526,1.628,4537,35607,0.73,0.85,5,1,47218
F2769,773.6246,1.695,1.661,1.746,4537,32973,0.74,0.86,5,1,42644
F2770,773.6246,1.83,1.746,1.914,4537,65085,0.75,0.81,6,1,85781
F2771,773.6246,4.693,4.6,4.777,4537,599534,1.0,0.98,42,1,627060
F2772,773.6246,4.979,4.878,5.08,4537,566798,1.0,0.99,35,1,595555
F2773,818.025,3.758,3.657,3.851,5098,281926,1.0,0.94,22,1,309546
F2774,774.001,3.506,3.413,3.606,4539,465762,1.0,0.97,33,1,493435
F2775,847.5407,4.541,4.466,4.626,5436,113143,0.56,0.99,10,1,136029
F2776,847.5407,8.373,8.331,8.398,5436,40064,0.51,0.91,4,1,49467
F2777,847.5407,8.474,8.406,8.524,5436,41905,0.44,0.7,4,1,53995
F2778,847.5407,8.592,8.524,8.634,5436,35012,0.44,0.8,4,1,51966
F2779,847.5407,8.946,8.903,9.021,5436,36544,0.44,0.68,2,1,53536
F2780,798.5923,4.499,4.457,4.541,4826,23735,0.78,0.92,6,1,35763
F2781,798.5923,4.626,4.6,4.651,4826,29665,1.0,0.64,7,1,36665
F2782,798.5923,4.718,4.693,4.794,4826,66522,1.0,0.81,9,1,81261
F2783,774.5069,3.514,3.413,3.615,4540,399167,1.0,0.99,25,1,426882
F2784,798.606,4.558,4.507,4.575,4827,94057,1.0,0.86,17,1,118610
F2785,798.6184,4.6,4.533,4.701,4828,590508,1.0,0.88,44,1,608553
F2786,847.554,8.432,8.381,8.474,5437,40588,0.26,0.89,2,1,51775
F2787,847.554,8.524,8.482,8.592,5437,41942,0.28,0.78,2,1,56865
F2788,847.554,9.181,9.106,9.223,5437,53903,0.29,0.66,2,1,69070
F2789,847.554,9.257,9.223,9.358,5437,63263,0.3,0.53,2,1,81069
F2790,774.5353,1.569,1.493,1.67,4541,113950,0.75,0.95,2,1,134650
F2791,774.5353,2.68,2.579,2.781,4541,1421965,1.0,0.98,40,1,1452621
F2792,798.677,1.636,1.543,1.72,4830,128909,1.0,0.93,13,1,151235
F2793,774.5797,1.636,1.535,1.737,4543,407081,1.0,0.99,27,1,433213
F2794,798.9903,3.606,3.548,3.708,4832,90587,1.0,0.81,10,1,108522
F2795,847.5683,8.373,8.322,8.398,5438,26392,0.22,0.92,3,1,37484
F2796,847.5683,8.482,8.398,8.524,5438,42151,0.22,0.51,3,1,52837
F2797,799.0464,3.379,3.295,3.48,4833,300615,1.0,0.93,24,1,331617
F2798,774.5964,2.714,2.621,2.815,4544,73377,0.73,0.79,6,1,97922
F2799,774.5964,4.659,4.558,4.76,4544,1025540,1.0,0.99,65,1,1056397
F2800,799.4943,3.615,3.548,3.716,4834,64733,1.0,0.67,5,1,87016
F2801,847.5933,1.493,1.459,1.526,5439,57347,1.0,0.99,11,1,66550
F2802,847.5933,2.108,2.057,2.183,5439,90598,0.91,0.82,9,1,107130
F2803,774.637,4.726,4.626,4.828,4545,291562,1.0,0.95,24,1,318722
F2804,774.637,4.971,4.87,5.072,4545,268908,1.0,0.98,18,1,294924
F2805,775.0008,3.497,3.43,3.598,4546,154351,1.0,0.86,12,1,179216
F2806,799.549,1.535,1.493,1.636,4835,56193,0.71,0.87,3,1,75185
F2807,799.549,2.689,2.588,2.79,4835,161859,0.85,0.96,5,1,188417
F2808,799.549,3.362,3.261,3.463,4835,689453,1.0,1.0,37,1,718044
F2809,799.549,4.726,4.626,4.819,4835,248734,0.96,0.95,18,1,273376
F2810,775.4174,2.706,2.646,2.798,4547,58729,0.8,0.97,5,1,78185
F2811,775.4174,4.491,4.457,4.541,4547,30597,0.77,0.97,4,1,43167
F2812,847.6033,1.543,1.51,1.644,5440,225175,1.0,0.96,4,1,278525
F2813,818.5444,0.886,0.853,0.912,5099,169153,0.15,0.6,3,1,177153
F2814,818.5444,0.988,0.962,1.004,5099,111140,0.15,0.72,3,1,117140
F2815,818.5444,1.013,1.004,1.046,5099,110940,0.15,0.71,3,1,116940
F2816,818.5444,1.063,1.046,1.089,5099,113597,0.15,0.76,3,1,119597
F2817,818.5444,1.215,1.156,1.223,5099,194482,0.15,0.55,3,1,203482
F2818,818.5444,1.266,1.257,1.308,5099,143266,0.15,0.63,3,1,150266
F2819,818.5444,1.552,1.526,1.569,5099,391304,0.11,0.77,7,1,397304
F2820,818.5444,2.301,2.293,2.343,5099,112882,0.15,0.62,2,1,119882
F2821,818.5444,6.141,6.116,6.166,5099,106121,0.15,0.75,4,1,113121
F2822,818.5444,6.352,6.326,6.369,5099,108367,0.14,0.69,5,1,114367
F2823,818.5444,6.402,6.369,6.436,5099,161512,0.15,0.55,5,1,170512
F2824,818.5444,6.655,6.621,6.663,5099,92086,0.15,0.65,5,1,98086
F2825,775.4804,5.686,5.602,5.762,4548,76139,1.0,0.97,7,1,94208
F2826,799.6051,4.609,4.507,4.684,4838,235155,1.0,0.97,18,1,262190
F2827,799.6051,4.735,4.693,4.794,4838,31051,0.78,0.85,5,1,40193
F2828,775.5037,3.514,3.455,3.581,4549,41414,1.0,0.98,5,1,56890
F2829,799.668,1.628,1.552,1.703,4839,85007,0.81,0.99,9,1,103033
F2830,799.668,4.929,4.828,5.03,4839,1390218,1.0,0.96,91,1,1421796
F2831,847.6348,4.533,4.44,4.558,5442,56333,1.0,0.73,7,1,75300
F2832,775.541,2.68,2.579,2.781,4552,678577,1.0,0.98,44,1,708837
F2833,800.0538,3.362,3.27,3.463,4840,455267,1.0,0.98,32,1,487865
F2834,847.6634,4.617,4.516,4.718,5443,232881,0.9,0.94,14,1,259735
F2835,775.5636,4.777,4.752,4.87,4554,40471,1.0,0.75,7,1,56989
F2836,847.7531,1.493,1.409,1.594,5444,1375828,1.0,0.9,91,1,1410192
F2837,775.5963,1.628,1.56,1.72,4555,74479,0.9,0.87,7,1,96267
F2838,775.5963,4.668,4.566,4.769,4555,480432,1.0,0.99,31,1,508622
F2839,800.5327,8.146,7.91,8.659,4841,381047,0.93,0.82,6,1,470709
F2840,800.5327,9.636,8.659,9.964,4841,1597389,0.97,0.82,10,1,1375294
F2841,848.5231,3.893,3.792,3.994,5446,119210,1.0,0.98,8,1,145326
F2842,848.5231,5.737,5.653,5.838,5446,101824,0.59,0.9,6,1,125090
F2843,776.4786,3.514,3.413,3.615,4557,212935,1.0,0.99,15,1,238589
F2844,800.5519,2.697,2.596,2.798,4842,204334,0.78,0.98,7,1,229866
F2845,800.5519,3.362,3.295,3.463,4842,229465,1.0,0.64,18,1,256718
F2846,776.5322,3.27,3.169,3.371,4558,439850,1.0,0.99,27,1,467094
F2847,848.5524,3.143,2.933,3.455,5447,199735,0.99,0.86,4,1,286381
F2848,848.5524,4.533,4.432,4.634,5447,541770,1.0,0.99,30,1,577844
F2849,848.5524,8.558,7.91,9.998,5447,1778147,1.0,0.55,11,1,2119899
F2850,776.5538,2.68,2.579,2.781,4559,1390227,1.0,0.98,80,1,1422103
F2851,800.5667,1.526,1.426,1.628,4843,438328,1.0,0.99,11,1,472365
F2852,800.5667,3.278,3.211,3.32,4843,47880,0.95,0.86,3,1,68830
F2853,800.5667,4.735,4.676,4.777,4843,41025,0.2,0.93,3,1,60159
F2854,776.5689,1.998,1.897,2.099,4560,8499664,1.0,1.0,407,1,8524664
F2855,776.5689,3.253,3.202,3.286,4560,21554,0.27,0.6,2,1,32554
F2856,800.5763,4.701,4.668,4.735,4844,22570,0.83,0.93,5,1,32837
F2857,776.5801,4.71,4.676,4.786,4561,69572,1.0,0.94,13,1,80223
F2858,848.5818,2.646,2.588,2.68,5448,40412,0.47,0.62,4,1,48066
F2859,848.5818,8.23,8.162,8.28,5448,40948,0.3,0.84,2,1,57537
F2860,848.5818,8.533,8.482,8.575,5448,41254,0.46,0.94,2,1,51688
F2861,848.5818,8.642,8.575,8.693,5448,51047,0.4,0.56,2,1,66404
F2862,848.5818,8.777,8.743,8.819,5448,36373,0.42,0.82,2,1,46721
F2863,776.5947,4.668,4.566,4.769,4562,147449,1.0,0.77,12,1,170212
F2864,800.6156,4.609,4.507,4.71,4846,548523,1.0,0.95,36,1,576586
F2865,776.6109,4.752,4.71,4.811,4563,50883,0.86,0.91,8,1,65329
F2866,800.6719,4.937,4.836,5.038,4847,742012,1.0,0.95,48,1,772142
F2867,818.566,0.171,0.145,0.196,5100,79414,0.57,0.89,3,1,92470
F2868,818.566,0.263,0.196,0.305,5100,223362,0.56,0.82,5,1,219440
F2869,818.566,0.339,0.305,0.423,5100,237701,0.56,0.73,5,1,252175
F2870,818.566,0.575,0.491,0.6,5100,224038,0.6,0.62,6,1,244350
F2871,818.566,1.24,1.206,1.282,5100,118736,0.56,0.94,2,1,128740
F2872,818.566,1.341,1.282,1.426,5100,236321,0.56,0.83,2,1,244218
F2873,818.566,1.594,1.569,1.619,5100,130552,0.57,0.86,2,1,139170
F2874,818.566,1.838,1.737,1.88,5100,362665,0.57,0.85,3,1,392637
F2875,818.566,1.99,1.939,2.04,5100,217613,0.56,0.83,3,1,242204
F2876,818.566,2.276,2.192,2.318,5100,172007,0.57,0.57,2,1,193717
F2877,818.566,2.352,2.318,2.386,5100,115519,0.58,0.97,2,1,135188
F2878,818.566,2.512,2.478,2.545,5100,108089,0.57,0.9,2,1,106074
F2879,818.566,2.613,2.554,2.646,5100,145213,0.59,0.74,3,1,167920
F2880,818.566,3.194,3.16,3.295,5100,207858,0.58,0.56,3,1,224532
F2881,818.566,3.531,3.489,3.556,5100,70493,0.57,0.55,2,1,75049
F2882,818.566,3.691,3.649,3.716,5100,86418,0.59,0.94,3,1,100232
F2883,818.566,6.04,5.939,6.074,5100,141148,0.57,0.74,15,1,158157
F2884,818.566,6.369,6.343,6.394,5100,19935,0.49,0.62,5,1,26938
F2885,818.566,7.758,7.725,7.783,5100,67818,0.57,0.93,7,1,79656
F2886,818.566,8.07,8.045,8.095,5100,44415,0.57,0.85,10,1,51419
F2887,818.566,8.322,8.297,8.348,5100,21730,0.5,0.62,5,1,28731
F2888,818.566,8.406,8.381,8.432,5100,25600,0.5,0.63,6,1,32600
F2889,818.566,9.889,9.863,9.914,5100,27210,0.5,0.63,6,1,34211
F2890,801.0227,3.379,3.312,3.421,4848,49622,1.0,0.59,6,1,66135
F2891,776.6249,1.998,1.897,2.099,4564,521569,1.0,0.99,39,1,550697
F2892,776.6249,4.752,4.651,4.802,4564,79632,0.97,0.83,8,1,98031
F2893,848.6054,1.56,1.459,1.594,5449,149708,1.0,0.91,6,1,190889
F2894,848.6054,2.638,2.537,2.68,5449,116858,1.0,0.86,4,1,168369
F2895,776.9778,3.506,3.43,3.548,4565,77473,1.0,0.8,9,1,97768
F2896,777.0334,3.244,3.186,3.346,4566,239496,1.0,0.78,24,1,255951
F2897,801.5644,1.569,1.468,1.67,4854,2748285,0.91,0.96,3,1,2875582
F2898,777.4788,3.497,3.455,3.59,4567,45572,1.0,0.58,5,1,64374
F2899,777.5279,1.628,1.577,1.729,4568,245121,1.0,0.88,25,1,270497
F2900,777.5279,3.463,3.421,3.506,4568,29341,0.85,0.83,5,1,39746
F2901,848.624,1.703,1.602,1.804,5450,1326490,1.0,0.97,46,1,1351490
F2902,848.624,2.032,1.931,2.133,5450,3138262,1.0,1.0,116,1,3163262
F2903,848.624,2.706,2.68,2.781,5450,122531,0.76,0.75,6,1,135531
F2904,848.6333,1.56,1.526,1.594,5451,21894,0.83,0.92,6,1,30896
F2905,801.5981,1.089,1.055,1.131,4855,17918,0.5,0.95,5,1,27920
F2906,801.5981,1.375,1.341,1.409,4855,23555,0.43,0.95,5,1,32534
F2907,801.5981,4.499,4.466,4.541,4855,16701,0.35,0.89,5,1,25463
F2908,777.5383,3.244,3.143,3.346,4569,799972,1.0,0.99,47,1,828545
F2909,848.6456,4.533,4.432,4.634,5452,485009,1.0,0.99,32,1,511249
F2910,848.6646,1.577,1.476,1.602,5453,48471,0.79,0.84,5,1,66870
F2911,777.5608,1.56,1.459,1.661,4570,499959,0.97,0.99,4,1,523294
F2912,777.5608,1.678,1.67,1.762,4570,129852,0.55,0.74,2,1,145187
F2913,777.5608,2.672,2.571,2.773,4570,782738,1.0,0.98,9,1,811016
F2914,848.6836,1.695,1.594,1.796,5454,110658,1.0,0.84,8,1,136179
F2915,848.6836,2.032,1.931,2.133,5454,149613,1.0,0.82,15,1,176234
F2916,777.5727,1.99,1.889,2.091,4571,3639209,1.0,1.0,263,1,3664209
F2917,777.5727,4.718,4.693,4.794,4571,85408,0.62,0.73,11,1,98408
F2918,848.7648,1.476,1.392,1.577,5455,3104046,0.94,0.9,220,1,3127046
F2919,848.8208,1.493,1.451,1.56,5456,140632,1.0,0.94,17,1,153202
F2920,777.6055,3.219,3.143,3.295,4573,44562,0.29,0.86,5,1,63787
F2921,777.6256,1.99,1.889,2.091,4574,221325,1.0,0.93,19,1,247746
F2922,777.6256,4.726,4.676,4.786,4574,40743,0.61,0.98,5,1,56323
F2923,849.02,1.569,1.484,1.644,5457,62253,0.76,0.89,5,1,82399
F2924,849.02,3.152,2.992,3.312,5457,106222,0.76,0.71,5,1,145857
F2925,849.02,3.893,3.817,3.994,5457,60589,0.89,0.93,5,1,83892
F2926,849.02,5.746,5.661,5.847,5457,73706,0.88,0.94,5,1,97382
F2927,778.0409,3.253,3.152,3.354,4575,539832,1.0,0.97,36,1,568254
F2928,801.6164,1.577,1.543,1.678,4856,75509,0.85,0.61,3,1,94679
F2929,801.6164,2.781,2.756,2.857,4856,45147,0.4,0.9,2,1,59350
F2930,801.6164,4.6,4.499,4.701,4856,300799,0.85,0.94,7,1,324647
F2931,818.5788,0.87,0.853,0.912,5101,178968,0.2,0.59,2,1,186968
F2932,818.5788,0.988,0.962,1.004,5101,116240,0.2,0.74,2,1,122240
F2933,818.5788,1.038,1.004,1.046,5101,119121,0.2,0.7,2,1,125121
F2934,818.5788,1.08,1.046,1.089,5101,116402,0.2,0.71,2,1,122402
F2935,818.5788,1.19,1.156,1.223,5101,207818,0.2,0.57,3,1,216818
F2936,818.5788,1.291,1.257,1.308,5101,140655,0.2,0.69,3,1,147655
F2937,818.5788,2.301,2.293,2.343,5101,130375,0.19,0.61,2,1,137375
F2938,818.5788,3.598,3.548,3.623,5101,195123,0.19,0.6,2,1,205123
F2939,818.5788,3.851,3.817,3.859,5101,97286,0.2,0.61,2,1,103286
F2940,818.5788,4.07,4.036,4.103,5101,223546,0.19,0.73,2,1,232546
F2941,818.5788,8.373,8.339,8.39,5101,124590,0.19,0.67,2,1,131590
F2942,778.507,1.569,1.501,1.619,4576,83862,1.0,0.92,6,1,97818
F2943,801.6442,4.668,4.592,4.743,4858,103742,1.0,0.97,9,1,125356
F2944,818.5893,8.247,8.23,8.272,5102,87405,0.04,0.74,6,1,93405
F2945,778.5499,1.535,1.459,1.636,4577,19166994,1.0,0.99,3,1,30795861
F2946,801.6634,4.701,4.609,4.735,4859,41960,1.0,0.74,5,1,60913
F2947,849.5551,4.533,4.449,4.634,5462,296995,1.0,0.96,24,1,322484
F2948,849.5551,8.306,8.28,8.356,5462,37970,0.46,0.88,3,1,48616
F2949,849.5551,8.55,8.499,8.592,5462,42083,0.48,0.93,3,1,49879
F2950,849.5551,8.726,8.642,8.827,5462,88512,0.5,0.86,3,1,114389
F2951,849.5551,9.013,8.962,9.038,5462,26355,0.32,0.93,2,1,38290
F2952,801.6796,4.92,4.819,5.021,4860,1840740,1.0,0.95,130,1,1865740
F2953,849.568,8.625,8.583,8.659,5463,31858,0.24,0.91,3,1,44781
F2954,849.568,9.097,8.996,9.181,5463,48689,0.25,0.58,2,1,74357
F2955,801.7337,4.92,4.853,5.013,4863,99244,1.0,0.79,10,1,119076
F2956,849.5783,8.55,8.482,8.6,5464,51066,0.36,0.92,2,1,68627
F2957,849.5783,8.743,8.659,8.819,5464,62868,0.33,0.74,2,1,84826
F2958,802.1225,7.623,6.916,8.011,4869,607957,1.0,0.85,9,1,740485
F2959,849.5938,2.621,2.52,2.672,5465,74712,0.82,0.86,5,1,94584
F2960,818.5999,0.457,0.423,0.491,5103,29760,0.77,0.86,7,1,38764
F2961,818.5999,0.558,0.524,0.6,5103,15242,0.66,0.71,4,1,25246
F2962,818.5999,1.594,1.569,1.653,5103,144296,0.81,0.9,22,1,160817
F2963,818.5999,1.703,1.653,1.746,5103,67516,0.77,0.9,9,1,88094
F2964,818.5999,1.889,1.855,1.931,5103,26117,0.76,0.72,6,1,36121
F2965,818.5999,2.023,1.99,2.066,5103,20947,0.71,0.72,5,1,30950
F2966,818.5999,2.764,2.739,2.798,5103,25784,0.74,0.84,6,1,33786
F2967,818.5999,4.541,4.457,4.609,5103,1034051,1.0,0.97,87,1,1053059
F2968,818.5999,8.289,8.204,8.39,5103,299137,0.81,0.86,9,1,314964
F2969,818.5999,8.466,8.423,8.55,5103,196168,0.81,0.83,10,1,199893
F2970,818.5999,8.617,8.558,8.651,5103,155540,0.81,0.9,10,1,162520
F2971,818.5999,8.735,8.651,8.777,5103,204336,0.81,0.64,10,1,209413
F2972,818.5999,9.055,9.021,9.08,5103,102357,0.81,0.89,10,1,107534
F2973,818.5999,9.156,9.08,9.198,5103,184383,0.81,0.88,10,1,185970
F2974,818.5999,9.24,9.198,9.299,5103,141627,0.79,0.78,8,1,153096
F2975,818.5999,9.333,9.299,9.417,5103,129441,0.8,0.59,7,1,140115
F2976,818.5999,9.56,9.501,9.619,5103,191997,0.81,0.77,6,1,208088
F2977,818.5999,9.754,9.653,9.846,5103,332976,0.8,0.85,5,1,352425
F2978,818.5999,9.922,9.846,9.964,5103,176260,0.81,0.93,5,1,182265
F2979,849.618,1.543,1.493,1.594,5467,148048,1.0,0.98,19,1,169667
F2980,849.618,2.689,2.663,2.773,5467,49108,0.94,0.56,6,1,61906
F2981,849.618,4.937,4.878,4.988,5467,44036,0.94,0.95,6,1,58898
F2982,802.3743,7.354,7.295,7.396,4873,47559,0.14,0.8,5,1,57684
F2983,849.6294,1.484,1.459,1.51,5468,51333,0.81,0.7,14,1,58333
F2984,849.6294,1.695,1.594,1.796,5468,688883,1.0,0.91,41,1,713883
F2985,849.6294,2.032,1.931,2.133,5468,1477535,1.0,1.0,104,1,1502535
F2986,802.4991,7.657,7.573,7.716,4876,82915,0.53,0.9,6,1,99923
F2987,818.6267,1.594,1.569,1.661,5104,76682,0.86,0.7,10,1,86185
F2988,818.6267,4.617,4.575,4.651,5104,363354,1.0,0.98,48,1,381613
F2989,818.6267,4.794,4.76,4.87,5104,106373,1.0,0.91,13,1,121576
F2990,849.649,1.526,1.484,1.569,5469,25687,0.88,0.87,5,1,36526
F2991,849.649,1.611,1.569,1.636,5469,27059,0.95,0.92,6,1,37589
F2992,849.649,4.533,4.432,4.634,5469,264955,1.0,0.99,18,1,290523
F2993,849.6874,1.526,1.434,1.628,5470,195755,0.96,0.94,11,1,221307
F2994,849.6874,2.057,1.965,2.116,5470,55238,0.84,0.84,7,1,73913
F2995,802.5677,1.569,1.468,1.67,4879,1547177,1.0,0.97,3,1,1671201
F2996,849.7684,1.476,1.417,1.569,5471,1695821,0.88,0.88,126,1,1714821
F2997,818.6352,1.872,1.771,1.956,5105,82690,0.28,0.76,2,1,105690
F2998,818.6352,4.735,4.642,4.769,5105,2079243,1.0,0.77,73,1,2095243
F2999,818.6494,1.569,1.468,1.636,5106,87237,1.0,0.61,7,1,107090
F3000,778.6961,0.23,0.179,0.272,4579,88086,0.74,0.8,5,1,106566
F3001,778.6961,0.348,0.272,0.415,4579,174476,0.73,0.85,6,1,195672
F3002,778.6961,0.684,0.583,0.76,4579,196117,0.73,0.8,3,1,224067
F3003,778.6961,0.819,0.76,0.886,4579,134670,0.73,0.84,3,1,153916
F3004,778.6961,0.912,0.886,0.971,4579,75109,0.74,0.84,3,1,88356
F3005,778.6961,1.19,1.097,1.249,4579,139528,0.73,0.81,3,1,164597
F3006,778.6961,1.308,1.274,1.358,4579,75120,0.74,0.88,3,1,92497
F3007,778.6961,1.619,1.586,1.67,4579,128606,0.78,0.96,9,1,130957
F3008,778.6961,1.804,1.762,1.838,4579,98995,0.73,0.95,7,1,108947
F3009,778.6961,1.88,1.838,1.981,4579,184489,0.72,0.9,7,1,189840
F3010,778.6961,2.032,1.99,2.099,4579,86271,0.74,0.65,6,1,112891
F3011,778.6961,2.301,2.242,2.343,4579,44790,0.65,0.83,4,1,57794
F3012,778.6961,2.386,2.343,2.428,4579,49030,0.71,0.94,5,1,57213
F3013,778.6961,2.453,2.436,2.512,4579,49749,0.65,0.81,4,1,68089
F3014,778.6961,2.613,2.588,2.672,4579,51391,0.65,0.68,4,1,68239
F3015,778.6961,3.186,3.16,3.228,4579,36573,0.65,0.65,2,1,40333
F3016,778.6961,3.514,3.446,3.581,4579,58070,0.65,0.75,2,1,75079
F3017,778.6961,4.474,4.432,4.516,4579,39662,0.7,0.96,5,1,50667
F3018,778.6961,5.703,5.636,5.729,4579,65735,0.65,0.76,5,1,87881
F3019,778.6961,5.788,5.729,5.83,4579,58977,0.65,0.78,5,1,67952
F3020,778.6961,6.133,6.099,6.166,4579,20851,0.57,0.93,4,1,28026
F3021,778.6961,6.209,6.166,6.225,4579,14825,0.57,0.76,3,1,25658
F3022,778.6961,6.546,6.503,6.562,4579,15807,0.57,0.76,3,1,27425
F3023,778.6961,6.84,6.798,6.857,4579,18742,0.58,0.57,3,1,26538
F3024,802.591,1.628,1.602,1.653,4880,18710,0.31,0.62,5,1,25714
F3025,802.591,5.779,5.746,5.821,4880,16735,0.32,0.87,5,1,26739
F3026,818.6598,4.499,4.474,4.541,5107,32197,0.83,0.93,6,1,43597
F3027,779.0157,3.261,3.228,3.286,4580,30287,0.96,0.94,6,1,38342
F3028,779.0157,3.362,3.286,3.455,4580,79291,0.96,0.6,6,1,99934
F3029,802.6029,1.586,1.552,1.619,4881,19585,0.3,0.85,5,1,28585
F3030,779.0451,3.253,3.169,3.329,4581,61525,1.0,0.94,7,1,80682
F3031,850.5696,1.586,1.484,1.686,5475,236884,0.98,0.98,5,1,314643
F3032,850.5696,4.541,4.466,4.642,5475,179776,0.98,0.94,6,1,248566
F3033,850.5696,8.651,7.75,8.912,5475,3688338,0.98,0.84,7,1,2069679
F3034,850.5696,9.19,8.912,9.956,5475,2060833,0.98,0.82,6,1,2442344
F3035,818.6868,4.718,4.659,4.777,5109,93218,1.0,0.89,11,1,104041
F3036,779.3739,1.56,1.535,1.602,4582,27438,1.0,0.96,5,1,39795
F3037,818.7045,4.912,4.853,4.996,5110,109721,1.0,0.97,10,1,132472
F3038,779.5529,1.535,1.459,1.636,4584,10155885,1.0,0.98,3,1,16088729
F3039,818.7166,1.484,1.417,1.586,5111,283156,0.89,0.86,16,1,306799
F3040,818.7529,1.577,1.535,1.628,5114,35762,1.0,0.92,4,1,47593
F3041,850.5886,1.636,1.611,1.712,5476,30988,0.27,0.88,2,1,45685
F3042,850.5886,4.55,4.449,4.609,5476,53156,0.33,0.62,3,1,72183
F3043,802.6287,1.501,1.409,1.569,4883,86583,0.75,0.94,3,1,106871
F3044,802.6287,1.602,1.569,1.67,4883,70893,0.83,0.84,3,1,80368
F3045,802.6287,4.609,4.507,4.71,4883,204168,1.0,0.97,5,1,234255
F3046,819.0296,3.766,3.75,3.826,5119,33037,1.0,0.81,6,1,44115
F3047,819.5047,5.948,5.847,6.04,5120,77755,1.0,0.92,6,1,103043
F3048,850.6142,1.56,1.493,1.594,5477,45145,1.0,0.96,5,1,60403
F3049,802.6368,4.743,4.676,4.819,4884,152596,1.0,0.99,18,1,171118
F3050,802.6541,4.676,4.575,4.76,4885,102098,1.0,0.88,8,1,123111
F3051,802.6829,4.937,4.836,5.038,4886,955438,1.0,0.94,60,1,986395
F3052,850.6315,1.695,1.653,1.796,5478,135375,1.0,0.93,14,1,156823
F3053,850.6315,2.023,1.922,2.124,5478,457118,1.0,1.0,33,1,488927
F3054,850.6315,2.68,2.646,2.714,5478,22842,0.87,0.79,5,1,32097
F3055,850.6315,2.756,2.714,2.798,5478,39024,0.96,0.88,8,1,49633
F3056,850.6403,1.653,1.569,1.678,5479,74814,1.0,0.69,11,1,93082
F3057,850.6403,2.714,2.655,2.748,5479,105210,1.0,0.96,18,1,119192
F3058,802.7389,4.962,4.878,5.021,4889,55224,0.87,0.91,5,1,74798
F3059,802.7811,1.56,1.459,1.653,4891,121060,1.0,0.66,8,1,147795
F3060,850.6596,1.611,1.56,1.712,5480,85926,0.9,0.65,8,1,107241
F3061,850.6596,4.533,4.432,4.634,5480,613405,1.0,0.99,43,1,640340
F3062,802.9934,1.543,1.442,1.644,4892,211098,1.0,0.96,14,1,238367
F3063,850.6749,1.678,1.653,1.746,5481,36047,1.0,0.75,6,1,50205
F3064,850.6917,1.594,1.493,1.661,5482,115074,0.9,0.88,8,1,139106
F3065,850.7103,4.533,4.482,4.558,5483,31150,0.64,0.97,5,1,42847
F3066,803.5747,1.586,1.552,1.661,4895,312192,1.0,0.85,3,1,410161
F3067,803.5747,8.348,8.095,9.198,4895,745556,0.27,0.67,2,1,1661937
F3068,850.7784,1.493,1.4,1.594,5484,1962297,1.0,0.87,128,1,1986297
F3069,851.5365,5.038,4.996,5.139,5487,67838,0.72,0.77,6,1,86457
F3070,803.5843,1.535,1.442,1.577,4896,804174,1.0,0.97,86,1,821180
F3071,803.5843,1.636,1.611,1.67,4896,25989,0.41,0.84,6,1,33990
F3072,803.5843,4.946,4.912,4.979,4896,20280,0.27,0.9,3,1,26587
F3073,803.5843,5.055,5.013,5.114,4896,24949,0.31,0.85,4,1,37953
F3074,851.6356,1.661,1.619,1.762,5490,59317,0.91,0.96,6,1,76099
F3075,851.6356,2.023,1.948,2.099,5490,92934,0.98,0.99,8,1,113051
F3076,851.6356,2.714,2.646,2.781,5490,98628,1.0,1.0,10,1,116252
F3077,851.6356,3.783,3.708,3.817,5490,39533,0.89,0.69,6,1,57478
F3078,851.6356,4.937,4.853,5.038,5490,128117,1.0,0.95,11,1,152321
F3079,851.6652,1.661,1.602,1.72,5492,40425,0.89,0.95,5,1,55795
F3080,851.6652,4.525,4.432,4.626,5492,307647,1.0,0.98,23,1,333620
F3081,803.6046,1.653,1.611,1.695,4897,18076,0.46,0.89,4,1,29236
F3082,803.6046,4.743,4.701,4.777,4897,30237,0.55,0.79,5,1,43051
F3083,851.7041,1.543,1.451,1.644,5493,409465,1.0,0.91,25,1,435633
F3084,779.608,1.51,1.417,1.611,4585,828308,1.0,0.79,3,1,882734
F3085,779.608,4.996,4.903,5.038,4585,188926,0.46,0.87,2,1,225499
F3086,819.5477,0.844,0.777,0.87,5121,114367,0.54,0.9,3,1,128711
F3087,819.5477,0.92,0.87,0.979,5121,163096,0.52,0.8,4,1,170598
F3088,819.5477,1.038,0.988,1.063,5121,112004,0.54,0.71,3,1,128609
F3089,819.5477,1.4,1.366,1.451,5121,132619,0.53,0.95,4,1,159382
F3090,819.5477,1.56,1.476,1.628,5121,416462,0.5,0.79,11,1,449854
F3091,819.5477,1.872,1.838,1.931,5121,74846,0.57,0.61,2,1,89590
F3092,819.5477,1.973,1.931,2.015,5121,82605,0.54,0.86,5,1,79157
F3093,819.5477,2.158,2.082,2.2,5121,134378,0.55,0.88,4,1,141275
F3094,819.5477,2.327,2.251,2.419,5121,157733,0.56,0.56,4,1,170586
F3095,819.5477,2.495,2.461,2.554,5121,64343,0.56,0.89,2,1,78480
F3096,819.5477,2.596,2.554,2.672,5121,100265,0.56,0.87,4,1,122305
F3097,819.5477,2.849,2.798,2.891,5121,43454,0.55,0.87,2,1,48322
F3098,819.5477,2.924,2.908,2.975,5121,34998,0.55,0.94,2,1,46798
F3099,819.5477,3.009,2.975,3.051,5121,44024,0.57,0.93,3,1,54027
F3100,819.5477,3.118,3.051,3.143,5121,33301,0.55,0.76,2,1,45589
F3101,819.5477,5.889,5.83,5.931,5121,79781,0.56,0.87,2,1,95254
F3102,819.5477,6.032,5.931,6.074,5121,128635,0.56,0.89,3,1,149436
F3103,819.5477,6.141,6.082,6.183,5121,91567,0.57,0.76,2,1,109545
F3104,819.5477,8.887,8.802,8.962,5121,1615256,0.53,0.87,2,1,1639336
F3105,819.5477,9.021,8.962,9.089,5121,1298951,0.53,0.74,2,1,1316311
F3106,819.5477,9.232,9.173,9.316,5121,1390935,0.53,0.9,2,1,1407834
F3107,819.5477,9.341,9.316,9.4,5121,829174,0.53,0.92,2,1,845835
F3108,819.5477,9.501,9.4,9.535,5121,1245101,0.52,0.73,2,1,1261045
F3109,819.5477,9.594,9.535,9.695,5121,1495450,0.53,0.86,2,1,1512540
F3110,851.7833,1.501,1.4,1.602,5494,1021655,1.0,0.9,63,1,1053150
F3111,803.6335,4.71,4.659,4.752,4899,32001,0.25,0.64,5,1,39970
F3112,852.0778,3.8,3.699,3.901,5495,1204607,1.0,0.9,79,1,1239426
F3113,819.5836,1.535,1.434,1.602,5122,574822,1.0,0.99,3,1,741138
F3114,803.6417,4.752,4.71,4.794,4900,27107,0.67,0.94,6,1,35365
F3115,852.5518,1.628,1.602,1.712,5496,63102,1.0,0.93,8,1,79616
F3116,803.6845,4.929,4.87,5.03,4902,260650,1.0,0.84,19,1,282431
F3117,852.5644,1.586,1.543,1.628,5497,26478,0.71,0.93,6,1,37653
F3118,803.6957,4.861,4.828,4.895,4903,28703,1.0,0.98,6,1,38737
F3119,852.5779,3.8,3.699,3.901,5498,690466,1.0,0.99,38,1,719847
F3120,803.9985,3.64,3.539,3.699,4906,120959,1.0,0.89,11,1,142335
F3121,804.4828,5.543,5.291,5.914,4907,413103,1.0,0.66,10,1,488983
F3122,852.6357,4.937,4.886,4.979,5501,34040,0.42,0.92,5,1,46123
F3123,804.5029,3.64,3.548,3.741,4909,163339,1.0,0.96,12,1,187796
F3124,779.6963,0.288,0.255,0.331,4586,43011,0.58,0.9,2,1,52998
F3125,779.6963,0.786,0.752,0.861,4586,76041,0.57,0.92,2,1,94131
F3126,779.6963,0.886,0.861,0.929,4586,30565,0.54,0.88,2,1,41109
F3127,779.6963,0.954,0.929,0.996,4586,31132,0.53,0.81,2,1,43798
F3128,779.6963,1.089,0.996,1.139,4586,94507,0.6,0.76,3,1,117281
F3129,779.6963,1.181,1.139,1.249,4586,55931,0.53,0.7,2,1,68842
F3130,779.6963,1.299,1.257,1.341,4586,40724,0.59,0.94,3,1,53274
F3131,779.6963,1.695,1.678,1.754,4586,39510,0.53,0.93,3,1,53062
F3132,779.6963,1.804,1.754,1.846,4586,67694,0.63,0.96,3,1,79168
F3133,779.6963,1.88,1.846,1.948,4586,83294,0.59,0.82,3,1,95774
F3134,779.6963,2.091,2.049,2.133,4586,51514,0.57,0.82,4,1,59562
F3135,779.6963,2.268,2.166,2.31,4586,74416,0.55,0.81,3,1,93992
F3136,779.6963,3.017,2.975,3.059,4586,35108,0.53,0.74,2,1,46093
F3137,779.6963,3.143,3.11,3.194,4586,49606,0.54,0.88,2,1,66597
F3138,779.6963,4.095,4.036,4.146,4586,50028,0.54,0.84,5,1,63944
F3139,852.662,2.714,2.672,2.764,5502,40109,0.72,0.96,5,1,54649
F3140,852.662,4.533,4.432,4.634,5502,392020,1.0,0.93,29,1,418724
F3141,779.9775,1.552,1.476,1.611,4587,81804,1.0,0.81,9,1,99110
F3142,852.7068,1.535,1.434,1.628,5503,188956,1.0,0.61,17,1,216871
F3143,780.0211,3.244,3.186,3.346,4589,52878,1.0,0.85,5,1,73452
F3144,852.787,1.51,1.426,1.611,5504,314091,1.0,0.91,20,1,342455
F3145,780.1765,1.602,1.577,1.644,4591,22674,1.0,0.95,5,1,31960
F3146,804.5273,2.983,2.95,3.051,4911,52831,0.57,0.95,7,1,67799
F3147,804.5273,8.406,8.364,8.423,4911,32602,0.55,0.85,4,1,42941
F3148,804.5273,8.786,8.743,8.827,4911,44701,0.48,0.53,3,1,48714
F3149,804.5273,9.038,8.996,9.08,4911,36357,0.69,0.71,4,1,39056
F3150,804.5273,9.501,9.468,9.543,4911,21409,0.48,0.85,2,1,28045
F3151,853.0797,3.8,3.699,3.901,5505,222412,1.0,0.83,18,1,250107
F3152,780.4545,3.009,2.908,3.11,4592,601304,1.0,0.99,41,1,629149
F3153,819.604,0.524,0.491,0.566,5123,16445,0.68,0.86,2,1,26449
F3154,819.604,0.996,0.962,1.03,5123,20654,0.7,0.93,2,1,27850
F3155,819.604,1.619,1.577,1.72,5123,82888,0.9,0.8,6,1,93448
F3156,819.604,1.788,1.72,1.821,5123,46799,0.72,0.74,4,1,58580
F3157,819.604,2.63,2.613,2.663,5123,22806,0.76,0.74,4,1,32852
F3158,819.604,2.748,2.722,2.79,5123,32365,0.77,0.9,4,1,42091
F3159,819.604,4.541,4.44,4.617,5123,620220,1.0,0.97,44,1,640858
F3160,819.604,8.213,8.112,8.255,5123,88499,0.89,0.8,6,1,107465
F3161,819.604,8.432,8.39,8.474,5123,57096,0.92,0.95,6,1,70627
F3162,819.604,8.6,8.55,8.642,5123,58248,0.88,0.84,5,1,74881
F3163,819.604,8.693,8.642,8.743,5123,82725,0.95,0.96,6,1,96093
F3164,819.604,8.87,8.786,8.929,5123,123364,0.89,0.84,5,1,141634
F3165,819.604,8.971,8.929,9.063,5123,124911,0.93,0.78,6,1,139512
F3166,819.604,9.122,9.08,9.206,5123,111499,0.95,0.66,6,1,134711
F3167,819.604,9.249,9.206,9.282,5123,66781,0.97,0.82,6,1,71780
F3168,819.604,9.35,9.282,9.392,5123,69463,0.88,0.55,4,1,85276
F3169,819.604,9.434,9.392,9.484,5123,47389,0.84,0.91,4,1,58060
F3170,819.604,9.543,9.484,9.586,5123,77444,0.97,0.93,6,1,90539
F3171,819.604,9.619,9.586,9.661,5123,53337,0.88,0.91,4,1,62093
F3172,819.604,9.703,9.661,9.771,5123,87577,0.92,0.94,6,1,104662
F3173,819.604,9.863,9.771,9.906,5123,97541,0.89,0.84,5,1,114484
F3174,819.604,9.939,9.906,9.981,5123,62260,0.92,0.94,6,1,75610
F3175,804.5478,4.558,4.507,4.617,4912,2150093,1.0,0.78,208,1,2164093
F3176,804.5478,4.626,4.617,4.659,4912,349191,1.0,0.7,113,1,355191
F3177,804.5478,4.668,4.659,4.718,4912,227593,1.0,0.62,52,1,235593
F3178,853.6246,1.661,1.569,1.762,5506,172776,1.0,0.96,13,1,196841
F3179,853.6246,2.032,1.931,2.133,5506,196507,1.0,1.0,15,1,222254
F3180,853.6246,3.792,3.699,3.893,5506,80924,0.89,0.98,5,1,104788
F3181,853.6246,4.533,4.449,4.634,5506,150474,1.0,0.63,15,1,176297
F3182,853.6246,4.937,4.87,4.988,5506,38857,0.82,0.85,5,1,53662
F3183,819.6326,1.577,1.56,1.67,5124,45090,0.77,0.58,5,1,62717
F3184,819.6326,4.735,4.634,4.836,5124,987210,1.0,0.92,46,1,1016305
F3185,780.5518,1.543,1.442,1.644,4595,4015624,1.0,0.98,4,1,4688637
F3186,780.5518,4.575,4.507,4.6,4595,1333761,1.0,0.96,4,1,1711241
F3187,780.5518,4.693,4.6,4.794,4595,7262139,1.0,0.96,10,1,7766989
F3188,853.7211,1.51,1.409,1.611,5507,867507,1.0,0.94,49,1,901010
F3189,853.8766,1.56,1.484,1.594,5508,76188,1.0,0.92,9,1,94066
F3190,819.6436,1.535,1.468,1.602,5125,74391,0.64,0.96,4,1,92143
F3191,804.5693,1.518,1.468,1.552,4913,321195,1.0,0.93,3,1,447921
F3192,854.5479,3.809,3.708,3.876,5509,63267,0.84,0.92,5,1,83611
F3193,854.5644,4.499,4.398,4.6,5510,183290,1.0,0.99,11,1,209093
F3194,819.7211,1.518,1.426,1.619,5130,191307,1.0,0.97,12,1,218758
F3195,780.5928,2.638,2.613,2.663,4596,55134,0.76,0.91,10,1,56859
F3196,780.5928,2.739,2.706,2.756,4596,74716,0.79,0.79,15,1,88533
F3197,780.5928,4.693,4.617,4.794,4596,581466,0.86,0.96,25,1,607355
F3198,780.5928,5.013,4.912,5.114,4596,237472,0.79,0.98,11,1,261429
F3199,780.5928,6.293,6.234,6.326,4596,28274,0.45,0.78,3,1,43076
F3200,854.5812,1.653,1.594,1.754,5511,95279,1.0,0.9,8,1,115425
F3201,854.5812,2.032,1.931,2.133,5511,134844,1.0,0.99,10,1,159805
F3202,854.5812,4.44,4.398,4.474,5511,27055,1.0,0.88,5,1,35664
F3203,819.7403,1.552,1.51,1.636,5131,39343,0.89,0.7,5,1,56980
F3204,854.6436,1.586,1.484,1.686,5512,94887,0.84,0.97,6,1,121109
F3205,854.6436,4.558,4.457,4.642,5512,131542,1.0,0.93,13,1,156845
F3206,820.0711,4.558,4.525,4.6,5137,24600,1.0,0.84,5,1,32530
F3207,854.7243,1.51,1.426,1.611,5513,473734,0.95,0.95,28,1,504179
F3208,820.5213,4.558,4.474,4.659,5139,554066,1.0,0.97,42,1,580291
F3209,855.5665,4.474,4.381,4.575,5517,90673,1.0,0.9,7,1,114720
F3210,804.6014,1.762,1.729,1.779,4914,39382,0.19,0.76,5,1,46382
F3211,804.6014,1.973,1.872,2.074,4914,2774973,1.0,0.99,105,1,2799973
F3212,804.6014,4.6,4.55,4.626,4914,153172,0.47,0.71,10,1,163172
F3213,804.6014,9.577,9.518,9.586,4914,48531,0.2,0.57,3,1,57531
F3214,855.5789,1.644,1.602,1.72,5518,41192,0.5,0.94,5,1,57791
F3215,804.6212,1.594,1.51,1.695,4915,134134,0.88,0.67,4,1,175302
F3216,855.686,4.575,4.558,4.676,5522,46451,1.0,0.64,6,1,63469
F3217,855.7378,1.476,1.4,1.577,5523,1298315,0.95,0.86,85,1,1325968
F3218,804.6344,1.484,1.434,1.526,4916,44193,1.0,0.76,6,1,62098
F3219,804.6344,1.56,1.526,1.602,4916,47241,1.0,0.94,8,1,61007
F3220,804.6484,1.501,1.468,1.543,4917,27266,0.71,0.84,6,1,37729
F3221,856.5758,4.499,4.398,4.6,5526,631462,1.0,1.0,46,1,659199
F3222,856.5849,3.539,3.463,3.632,5527,91153,1.0,0.79,7,1,114425
F3223,780.6111,0.398,0.314,0.448,4597,44447,0.57,0.55,2,1,60954
F3224,780.6111,1.417,1.383,1.451,4597,29834,0.46,0.92,2,1,42584
F3225,780.6111,1.543,1.451,1.644,4597,272530,1.0,0.96,9,1,297755
F3226,780.6111,2.006,1.956,2.108,4597,78670,0.61,0.78,2,1,98288
F3227,780.6111,2.175,2.108,2.242,4597,53837,0.47,0.81,2,1,74090
F3228,780.6111,3.564,3.48,3.64,4597,60384,0.43,0.81,2,1,79180
F3229,780.6111,4.12,4.078,4.146,4597,21193,0.36,0.92,2,1,30395
F3230,780.6111,4.272,4.238,4.331,4597,32501,0.37,0.87,2,1,44544
F3231,780.6111,4.558,4.525,4.592,4597,33925,0.74,0.87,3,1,41496
F3232,804.6573,1.577,1.552,1.661,4918,39112,0.89,0.85,5,1,54460
F3233,804.6573,1.956,1.855,2.04,4918,133662,1.0,0.93,12,1,157938
F3234,804.6573,4.735,4.659,4.777,4918,78483,1.0,0.92,10,1,95378
F3235,820.5502,0.625,0.575,0.684,5141,54402,0.71,0.85,2,1,68105
F3236,820.5502,0.735,0.684,0.819,5141,59731,0.71,0.87,2,1,80587
F3237,820.5502,1.249,1.164,1.299,5141,49839,0.73,0.7,2,1,70826
F3238,820.5502,1.333,1.299,1.4,5141,36353,0.72,0.93,2,1,46660
F3239,820.5502,1.552,1.459,1.619,5141,134207,0.78,0.62,5,1,155453
F3240,820.5502,2.663,2.613,2.714,5141,46474,0.7,0.93,2,1,60826
F3241,820.5502,3.506,3.404,3.606,5141,410258,0.74,0.99,13,1,438898
F3242,820.5502,8.912,7.8,9.493,5141,3767603,0.74,0.97,3,1,3969768
F3243,780.6746,1.602,1.569,1.644,4602,20255,1.0,0.94,5,1,28816
F3244,856.6325,1.543,1.468,1.586,5529,55610,0.81,0.94,6,1,73866
F3245,856.6325,4.533,4.44,4.735,5529,118175,0.82,0.93,6,1,154986
F3246,856.7412,1.484,1.392,1.586,5531,854396,1.0,0.88,56,1,882865
F3247,804.993,2.924,2.84,2.95,4923,42918,0.48,0.74,5,1,58836
F3248,804.993,3.64,3.539,3.741,4923,80451,0.48,0.85,7,1,106504
F3249,804.993,5.821,5.72,5.922,4923,81540,0.47,0.95,5,1,106957
F3250,780.6945,1.535,1.484,1.586,4603,86765,1.0,0.98,4,1,106697
F3251,780.6945,4.693,4.592,4.752,4603,201541,1.0,0.92,9,1,235073
F3252,781.507,1.998,1.931,2.082,4606,346600,1.0,0.9,38,1,364461
F3253,781.507,3.017,2.933,3.118,4606,197299,1.0,0.99,17,1,220298
F3254,805.551,4.558,4.516,4.659,4925,1365753,1.0,0.96,111,1,1383753
F3255,857.5849,1.569,1.484,1.661,5536,70225,1.0,0.85,3,1,92380
F3256,857.5849,3.531,3.472,3.632,5536,69670,0.98,0.94,4,1,91646
F3257,857.5849,4.507,4.406,4.583,5536,318489,1.0,0.98,20,1,341220
F3258,805.5697,1.552,1.468,1.636,4926,467084,1.0,0.98,3,1,621969
F3259,820.5762,0.828,0.802,0.861,5142,23651,0.3,0.84,3,1,34182
F3260,820.5762,1.139,1.097,1.223,5142,54179,0.32,0.75,5,1,70148
F3261,820.5762,1.4,1.35,1.442,5142,37785,0.35,0.96,6,1,53049
F3262,820.5762,1.493,1.442,1.526,5142,44373,0.45,0.8,9,1,56375
F3263,820.5762,1.846,1.788,1.88,5142,53908,0.42,0.95,7,1,70210
F3264,820.5762,4.6,4.575,4.626,5142,26560,0.39,0.83,6,1,33562
F3265,820.5762,8.474,8.44,8.499,5142,25573,0.35,0.97,3,1,32283
F3266,857.7526,1.468,1.4,1.569,5540,1099401,1.0,0.87,79,1,1127963
F3267,781.5547,1.526,1.434,1.628,4607,817810,0.8,0.94,4,1,968965
F3268,781.5547,4.701,4.6,4.802,4607,3946726,0.95,0.93,20,1,4104179
F3269,805.5824,2.706,2.68,2.731,4927,22138,0.21,0.82,6,1,33295
F3270,805.5824,8.196,8.154,8.213,4927,15860,0.16,0.76,3,1,27013
F3271,805.5824,9.046,9.004,9.072,4927,19309,0.2,0.9,3,1,29822
F3272,858.5759,1.577,1.552,1.67,5544,38956,0.03,0.8,2,1,59321
F3273,781.5897,1.67,1.628,1.712,4608,32107,0.98,0.95,8,1,43111
F3274,781.5897,2.714,2.613,2.815,4608,231656,1.0,0.96,13,1,257419
F3275,781.5897,4.533,4.44,4.592,4608,129522,1.0,0.94,13,1,145082
F3276,805.5928,1.552,1.518,1.577,4928,91898,1.0,0.97,17,1,94746
F3277,805.5928,1.872,1.846,1.897,4928,31068,0.49,0.9,5,1,33206
F3278,805.5928,2.066,2.032,2.108,4928,84653,1.0,0.97,11,1,94656
F3279,781.605,4.701,4.626,4.794,4609,182613,0.86,0.9,16,1,204896
F3280,858.6386,1.939,1.863,2.006,5547,50755,0.72,0.98,5,1,69506
F3281,805.6031,1.981,1.88,2.066,4929,1195166,1.0,0.99,85,1,1212872
F3282,858.7553,1.476,1.4,1.577,5549,729352,1.0,0.9,52,1,754583
F3283,781.6139,5.004,4.903,5.106,4610,759982,1.0,0.99,52,1,789036
F3284,859.524,1.628,1.569,1.712,5550,70704,1.0,0.98,6,1,89446
F3285,781.6231,1.577,1.484,1.653,4611,56999,1.0,0.86,5,1,80076
F3286,805.6137,1.594,1.56,1.619,4930,27289,0.85,0.91,5,1,39706
F3287,805.6137,4.592,4.558,4.634,4930,26660,0.69,0.83,5,1,40967
F3288,805.6137,4.979,4.878,5.063,4930,94415,0.88,0.98,7,1,118454
F3289,805.627,1.535,1.451,1.628,4931,98318,0.89,0.85,5,1,124127
F3290,781.6934,4.693,4.651,4.726,4615,29265,1.0,0.9,6,1,40383
F3291,859.573,4.036,3.935,4.137,5553,3083611,1.0,0.99,196,1,3108611
F3292,781.9865,3.48,3.404,3.573,4617,170735,1.0,0.76,16,1,190510
F3293,782.4706,3.0,2.941,3.093,4620,52015,0.45,0.91,5,1,71927
F3294,782.4706,5.392,5.291,5.493,4620,250616,0.68,0.9,13,1,277615
F3295,859.5896,3.918,3.893,3.952,5554,37245,1.0,0.85,9,1,45249
F3296,859.5896,4.171,4.146,4.204,5554,31164,0.69,0.84,7,1,39166
F3297,820.5912,2.049,1.948,2.15,5143,9688434,1.0,1.0,121,1,9777096
F3298,860.6607,1.594,1.518,1.686,5566,58358,0.95,0.76,4,1,78974
F3299,860.6607,1.922,1.821,2.023,5566,210166,1.0,0.98,12,1,236561
F3300,782.5171,2.006,1.906,2.108,4621,240506,1.0,1.0,15,1,266237
F3301,782.5171,2.815,2.714,2.916,4621,151693,0.99,0.95,8,1,176396
F3302,782.5171,3.522,3.421,3.623,4621,211146,1.0,0.99,14,1,237843
F3303,782.5171,4.583,4.525,4.684,4621,115117,1.0,0.75,10,1,138003
F3304,860.7662,1.493,1.409,1.594,5569,478455,1.0,0.89,32,1,502851
F3305,820.6136,1.484,1.434,1.552,5144,66167,0.8,0.69,5,1,82174
F3306,820.6136,2.697,2.646,2.756,5144,101342,0.97,0.97,6,1,115345
F3307,820.6136,4.55,4.449,4.651,5144,1257349,1.0,1.0,54,1,1293363
F3308,859.6034,1.56,1.459,1.661,5555,409358,0.39,0.92,2,1,481187
F3309,859.6034,3.943,3.901,3.986,5555,135441,0.28,0.84,2,1,172235
F3310,859.6034,4.137,4.095,4.188,5555,133502,0.27,0.81,2,1,176234
F3311,859.6034,4.491,4.39,4.592,5555,443924,0.39,0.91,2,1,517066
F3312,859.6034,4.777,4.693,6.301,5555,1554079,0.26,0.82,2,1,2099605
F3313,860.8317,1.501,1.468,1.602,5570,109299,1.0,0.61,12,1,130048
F3314,782.5641,1.535,1.468,1.636,4622,128141,0.57,0.87,4,1,174095
F3315,782.5641,2.79,2.722,2.882,4622,152875,0.59,0.69,4,1,196641
F3316,782.5641,4.575,4.474,4.676,4622,66955598,1.0,0.98,1510,1,67010305
F3317,820.6349,1.526,1.451,1.619,5145,70550,0.97,0.78,7,1,92994
F3318,820.6349,4.726,4.626,4.802,5145,322854,1.0,0.9,23,1,349873
F3319,861.0328,1.535,1.493,1.628,5573,111632,1.0,0.71,12,1,127279
F3320,861.0784,4.019,3.918,4.112,5574,532736,1.0,0.92,36,1,559772
F3321,782.591,1.577,1.493,1.67,4624,52040,0.76,0.75,5,1,75599
F3322,782.591,2.748,2.706,2.823,4624,64982,0.74,0.97,7,1,82879
F3323,820.6513,1.628,1.526,1.712,5146,139841,1.0,0.91,11,1,164631
F3324,820.6513,2.057,1.956,2.158,5146,637038,1.0,1.0,44,1,663977
F3325,820.6513,4.769,4.726,4.811,5146,18646,0.87,0.82,5,1,29671
F3326,859.6247,1.619,1.526,1.67,5556,83203,0.97,0.55,6,1,109145
F3327,859.6247,2.79,2.756,2.832,5556,26666,0.45,0.84,3,1,38042
F3328,859.6247,3.994,3.926,4.086,5556,209849,1.0,0.87,16,1,237176
F3329,859.6247,5.451,5.4,5.493,5556,20901,0.46,0.97,4,1,32897
F3330,820.6634,4.566,4.466,4.626,5147,90860,1.0,0.88,8,1,115416
F3331,859.6465,2.798,2.697,2.866,5557,64633,0.56,0.96,3,1,86305
F3332,782.6073,2.731,2.714,2.756,4625,20453,0.65,0.78,7,1,26453
F3333,782.6073,2.806,2.79,2.866,4625,16569,0.44,0.58,5,1,26569
F3334,782.6073,4.642,4.634,4.71,4625,844431,0.75,0.59,149,1,854431
F3335,820.735,1.501,1.409,1.602,5150,474810,1.0,0.91,31,1,502204
F3336,820.735,2.057,1.981,2.108,5150,189911,0.97,0.98,21,1,201959
F3337,861.6212,1.543,1.442,1.644,5577,459932,1.0,0.98,4,1,596727
F3338,859.766,1.476,1.4,1.577,5559,413244,1.0,0.88,28,1,438346
F3339,821.0036,3.775,3.674,3.859,5151,104573,1.0,0.87,9,1,128256
F3340,860.0754,4.028,3.926,4.129,5560,2790243,1.0,0.98,179,1,2815243
F3341,861.6527,1.619,1.577,1.72,5578,72233,0.83,0.87,5,1,96616
F3342,861.6527,1.922,1.821,2.023,5578,114471,0.79,0.96,5,1,144220
F3343,821.0595,3.506,3.404,3.598,5152,276219,1.0,0.96,22,1,304940
F3344,782.6218,4.566,4.525,4.575,4626,781849,1.0,0.71,172,1,788849
F3345,782.6218,4.6,4.575,4.634,4626,1167467,1.0,0.54,181,1,1175467
F3346,782.6218,4.996,4.895,5.097,4626,368534,0.66,0.98,21,1,393534
F3347,861.6799,1.552,1.459,1.653,5579,88404,1.0,0.98,5,1,113580
F3348,860.5567,4.583,4.525,4.659,5562,41276,0.91,0.77,5,1,60958
F3349,861.7696,1.518,1.426,1.611,5580,228080,1.0,0.97,16,1,251389
F3350,821.5212,4.566,4.491,4.668,5154,277333,1.0,0.97,23,1,300119
F3351,821.5212,5.097,5.021,5.181,5154,81533,0.97,0.98,7,1,102314
F3352,862.0494,3.994,3.918,4.129,5581,112921,1.0,0.72,8,1,139032
F3353,862.5452,3.96,3.935,3.994,5582,22817,0.74,0.99,5,1,32269
F3354,862.5452,4.701,4.6,4.802,5582,157971,1.0,0.89,9,1,184166
F3355,821.5548,1.586,1.526,1.628,5156,41247,0.02,0.88,4,1,56827
F3356,860.5737,2.268,2.242,2.293,5563,15675,0.11,0.73,3,1,22675
F3357,860.5737,4.036,3.935,4.137,5563,1521057,1.0,0.99,92,1,1546057
F3358,821.5648,3.48,3.379,3.581,5157,594922,1.0,1.0,37,1,623154
F3359,892.7044,2.116,2.074,2.2,5874,99740,0.7,0.88,13,1,109379
F3360,892.7327,1.501,1.434,1.594,5875,118500,1.0,0.66,10,1,142934
F3361,862.561,4.044,3.952,4.146,5583,142538,0.12,0.96,6,1,172024
F3362,862.561,4.701,4.668,4.743,5583,22070,0.13,0.89,3,1,33188
F3363,892.8026,1.493,1.434,1.594,5876,99183,1.0,0.82,7,1,121969
F3364,860.6082,1.552,1.451,1.653,5564,219388,0.62,0.93,2,1,293019
F3365,860.6082,4.499,4.406,4.6,5564,366159,1.0,0.97,4,1,439152
F3366,893.582,4.541,4.457,4.642,5880,140783,1.0,0.94,10,1,164327
F3367,862.6178,1.543,1.442,1.636,5584,290096,0.97,0.99,3,1,392860
F3368,862.6178,1.779,1.678,1.88,5584,706535,1.0,0.97,6,1,825477
F3369,862.6178,4.474,4.373,4.575,5584,134945,0.65,0.97,2,1,250161
F3370,821.5811,1.535,1.493,1.636,5158,72544,0.74,0.8,7,1,90426
F3371,821.5811,3.371,3.32,3.413,5158,21372,0.73,0.95,4,1,32671
F3372,821.5811,3.581,3.548,3.674,5158,54505,0.76,0.64,5,1,71123
F3373,821.5811,4.583,4.55,4.617,5158,18730,0.73,0.84,4,1,27731
F3374,860.6208,4.036,4.002,4.078,5565,37610,1.0,0.9,9,1,47614
F3375,893.6106,1.628,1.526,1.729,5881,223549,1.0,0.95,18,1,249099
F3376,893.6106,4.962,4.886,5.063,5881,69415,0.9,0.97,6,1,91408
F3377,821.5961,2.066,1.965,2.166,5159,4279048,1.0,0.99,142,1,4314210
F3378,862.631,0.314,0.272,0.364,5585,20161,0.22,0.94,2,1,32165
F3379,862.631,1.636,1.602,1.678,5585,20485,0.33,0.89,3,1,30489
F3380,862.631,2.158,2.108,2.192,5585,26809,0.19,0.69,3,1,35762
F3381,893.6545,2.091,1.99,2.192,5883,1729430,1.0,0.99,126,1,1754430
F3382,893.6545,4.499,4.457,4.6,5883,283867,1.0,0.92,31,1,301867
F3383,893.6545,4.92,4.87,4.979,5883,44623,0.73,0.58,6,1,58623
F3384,821.6135,2.689,2.605,2.79,5160,74121,0.76,0.93,4,1,96732
F3385,821.6135,4.558,4.457,4.659,5160,651544,1.0,0.99,45,1,684997
F3386,862.7774,1.493,1.417,1.594,5587,319144,1.0,0.9,21,1,343651
F3387,821.6253,4.659,4.634,4.718,5161,45167,1.0,0.81,7,1,63213
F3388,893.6931,1.577,1.476,1.678,5884,1058571,0.9,0.94,59,1,1092204
F3389,893.6931,2.074,2.04,2.108,5884,44778,0.78,0.94,7,1,52391
F3390,863.5295,6.2,6.124,6.301,5588,69173,1.0,0.97,5,1,92469
F3391,926.4293,1.577,1.476,1.678,6199,381479,1.0,0.95,21,1,408440
F3392,894.5823,4.558,4.457,4.659,5886,108332,1.0,0.98,7,1,133933
F3393,863.5485,4.701,4.6,4.802,5589,76060,1.0,0.9,5,1,102168
F3394,926.5093,1.628,1.594,1.661,6200,26205,1.0,0.93,5,1,34616
F3395,926.5093,4.533,4.482,4.609,6200,56482,1.0,0.91,9,1,68604
F3396,821.6531,1.628,1.526,1.712,5162,90637,0.91,0.93,7,1,114732
F3397,821.6531,2.049,1.956,2.15,5162,217612,1.0,0.93,18,1,240734
F3398,821.6531,4.743,4.659,4.769,5162,45478,0.83,0.94,6,1,60131
F3399,821.6531,4.962,4.861,5.063,5162,384251,1.0,0.99,28,1,409866
F3400,894.6156,1.644,1.594,1.695,5888,78459,1.0,0.97,10,1,91254
F3401,863.5638,1.628,1.56,1.729,5590,140504,1.0,0.98,10,1,163320
F3402,894.6254,4.954,4.929,5.03,5889,37039,1.0,0.73,6,1,50348
F3403,821.7368,1.501,1.426,1.602,5163,263954,1.0,0.91,17,1,286001
F3404,821.7368,2.057,1.998,2.091,5163,72946,1.0,0.98,10,1,82760
F3405,926.6808,1.577,1.476,1.678,6205,506452,1.0,0.99,28,1,534332
F3406,822.0671,3.463,3.371,3.564,5164,402843,1.0,0.98,27,1,422992
F3407,894.6577,1.628,1.594,1.686,5890,30089,0.74,0.91,5,1,41516
F3408,894.6577,2.082,1.981,2.183,5890,548875,1.0,0.99,39,1,577232
F3409,894.6577,4.525,4.466,4.626,5890,262475,1.0,0.93,25,1,284202
F3410,926.7209,1.501,1.434,1.602,6206,186480,0.94,0.73,13,1,204729
F3411,926.7209,4.626,4.541,4.726,6206,71370,0.5,0.95,5,1,94083
F3412,894.6966,1.569,1.468,1.67,5891,659073,0.95,0.93,36,1,686948
F3413,926.8093,1.468,1.442,1.569,6207,1221439,1.0,0.62,102,1,1237439
F3414,894.7495,1.501,1.4,1.602,5892,1389041,1.0,0.9,92,1,1419946
F3415,863.6173,1.543,1.518,1.636,5592,65886,0.89,0.76,2,1,105462
F3416,863.6173,1.762,1.712,1.821,5592,126871,1.0,0.86,5,1,168792
F3417,863.6173,1.88,1.855,2.192,5592,87163,0.74,0.61,2,1,192656
F3418,863.6173,5.004,4.954,5.055,5592,31658,0.77,0.98,2,1,65173
F3419,894.9889,1.619,1.577,1.644,5894,25414,1.0,0.88,5,1,39578
F3420,926.8609,1.51,1.468,1.611,6209,84621,1.0,0.77,8,1,99335
F3421,822.5955,1.56,1.468,1.602,5169,38016,0.71,0.57,2,1,58594
F3422,822.5955,2.023,1.922,2.049,5169,229166,0.5,0.7,30,1,246234
F3423,822.5955,4.482,4.432,4.507,5169,35862,0.68,0.9,6,1,49048
F3424,822.5955,4.566,4.541,4.6,5169,32704,0.64,0.85,7,1,40705
F3425,822.5955,4.684,4.651,4.786,5169,44150,0.7,0.82,4,1,58393
F3426,926.9311,1.586,1.484,1.653,6210,229561,1.0,0.88,19,1,257693
F3427,895.5538,4.499,4.449,4.6,5895,83541,1.0,0.88,7,1,104344
F3428,822.6038,2.714,2.655,2.806,5170,115750,0.36,0.98,2,1,134750
F3429,927.117,4.44,4.373,4.507,6211,110681,1.0,0.8,12,1,123614
F3430,822.6291,4.558,4.457,4.659,5171,1017418,1.0,0.99,68,1,1048950
F3431,895.6009,4.061,3.96,4.162,5896,724623,1.0,0.99,44,1,755109
F3432,895.6009,4.525,4.466,4.626,5896,55338,0.8,0.85,5,1,76473
F3433,927.1826,1.644,1.628,1.695,6213,37918,0.3,0.95,7,1,52220
F3434,863.6272,1.518,1.484,1.56,5593,26745,0.94,0.86,3,1,31734
F3435,863.6272,1.712,1.611,1.737,5593,107280,1.0,0.61,6,1,124917
F3436,863.6272,1.838,1.737,1.88,5593,147574,1.0,0.76,8,1,156053
F3437,863.6272,4.491,4.449,4.592,5593,63635,0.94,0.62,4,1,83342
F3438,895.7093,1.577,1.476,1.678,5899,1680959,0.86,0.92,92,1,1716228
F3439,822.6607,4.566,4.474,4.642,5173,68521,0.6,0.93,5,1,88976
F3440,822.6607,4.954,4.878,5.055,5173,186527,1.0,0.93,16,1,211042
F3441,863.6578,1.577,1.535,1.678,5595,54498,1.0,0.8,5,1,77301
F3442,927.5769,4.946,4.886,5.046,6217,67402,1.0,0.92,5,1,88346
F3443,895.7513,1.493,1.409,1.552,5900,665916,1.0,0.98,61,1,694293
F3444,895.7513,1.56,1.552,1.602,5900,93872,1.0,0.62,19,1,78492
F3445,822.7483,1.501,1.417,1.602,5174,381661,1.0,0.9,24,1,407760
F3446,863.6765,1.56,1.518,1.661,5596,80031,1.0,0.88,8,1,98663
F3447,896.1037,4.061,3.96,4.162,5901,662578,1.0,0.96,43,1,694667
F3448,823.0368,3.522,3.438,3.564,5175,47471,1.0,0.75,7,1,67691
F3449,863.6864,1.526,1.451,1.678,5597,79950,1.0,0.65,6,1,107953
F3450,896.5901,1.543,1.442,1.644,5904,503340,1.0,0.98,27,1,531726
F3451,927.7355,1.518,1.417,1.611,6221,443668,1.0,0.97,32,1,462049
F3452,927.8132,1.535,1.434,1.628,6222,678349,1.0,0.83,43,1,712687
F3453,863.7828,1.543,1.526,1.602,5598,46281,0.41,0.96,8,1,64385
F3454,896.6044,4.061,3.96,4.162,5905,376782,1.0,0.98,25,1,403137
F3455,823.0674,3.514,3.489,3.573,5176,28962,0.58,0.93,5,1,41306
F3456,928.525,4.558,4.482,4.651,6223,103491,0.83,0.78,8,1,122201
F3457,864.5328,4.019,3.926,4.12,5599,109692,1.0,0.97,8,1,134934
F3458,823.5093,5.097,4.996,5.198,5180,516959,1.0,0.97,46,1,543723
F3459,896.6143,1.501,1.426,1.586,5906,54918,1.0,0.54,6,1,77742
F3460,896.6143,1.628,1.586,1.686,5906,32969,0.91,0.85,5,1,45635
F3461,896.6143,4.129,4.095,4.204,5906,43667,1.0,0.8,6,1,57727
F3462,928.5847,4.415,4.348,4.592,6224,80138,0.54,0.9,5,1,110597
F3463,823.5277,3.531,3.43,3.606,5181,85454,0.92,0.98,7,1,108326
F3464,823.5277,4.626,4.525,4.726,5181,183275,0.97,0.95,11,1,210492
F3465,823.5277,5.055,4.979,5.08,5181,138597,1.0,0.91,21,1,160413
F3466,864.5553,1.636,1.594,1.653,5600,26506,0.39,0.85,6,1,40131
F3467,864.5553,4.575,4.482,4.676,5600,280046,1.0,0.92,18,1,305383
F3468,928.7416,1.51,1.417,1.611,6229,295223,1.0,0.93,24,1,318068
F3469,928.8236,1.493,1.417,1.586,6230,548861,1.0,0.96,44,1,579119
F3470,896.6746,1.577,1.484,1.678,5907,65792,1.0,0.53,5,1,90649
F3471,896.6746,4.516,4.466,4.583,5907,106351,1.0,0.9,11,1,120811
F3472,896.6746,4.693,4.592,4.786,5907,413998,1.0,0.98,31,1,439327
F3473,896.6746,4.937,4.861,4.996,5907,44327,1.0,0.83,5,1,61413
F3474,864.5726,1.661,1.636,1.712,5601,24977,0.15,0.87,5,1,36529
F3475,823.5952,1.628,1.594,1.67,5183,28906,0.6,0.94,5,1,39722
F3476,823.5952,4.617,4.6,4.676,5183,26534,0.59,0.82,5,1,37543
F3477,929.595,4.954,4.87,5.055,6231,119322,1.0,0.97,8,1,143901
F3478,896.7121,1.577,1.476,1.678,5908,1014667,0.86,0.93,57,1,1044569
F3479,864.584,3.758,3.657,3.859,5602,264964,1.0,0.99,18,1,290242
F3480,929.6112,1.586,1.501,1.644,6232,60487,0.92,0.97,4,1,79853
F3481,823.6047,2.066,1.965,2.166,5184,277157,1.0,1.0,21,1,302513
F3482,823.6047,2.722,2.663,2.798,5184,60814,0.8,0.97,6,1,78346
F3483,896.7648,1.493,1.426,1.594,5909,4481295,1.0,0.83,311,1,4502295
F3484,896.7648,1.678,1.67,1.72,5909,26845,0.73,0.63,9,1,33845
F3485,823.6343,4.566,4.466,4.668,5185,520909,1.0,0.99,35,1,548869
F3486,897.1053,4.07,3.977,4.154,5910,119364,1.0,0.89,11,1,145833
F3487,929.7512,1.526,1.451,1.619,6235,508901,1.0,0.94,36,1,530455
F3488,823.6605,4.962,4.861,5.063,5186,523879,1.0,0.98,38,1,550744
F3489,897.4079,1.628,1.594,1.653,5911,47202,0.29,0.83,10,1,51592
F3490,929.8275,1.526,1.434,1.628,6236,291126,1.0,0.81,20,1,323655
F3491,864.6189,2.116,2.015,2.217,5604,10637957,1.0,0.99,272,1,10673928
F3492,864.6189,4.533,4.482,4.634,5604,1269771,0.97,0.94,67,1,1297109
F3493,823.7522,1.484,1.451,1.56,5187,105844,1.0,0.96,12,1,117068
F3494,897.5965,1.535,1.434,1.636,5913,343790,1.0,0.96,18,1,372214
F3495,824.4794,3.143,3.042,3.244,5188,475050,1.0,1.0,33,1,503043
F3496,897.6065,2.082,1.998,2.183,5914,244038,1.0,0.99,19,1,267460
F3497,864.6284,1.737,1.636,1.821,5605,88814,0.93,0.76,7,1,110822
F3498,864.6284,4.457,4.398,4.482,5605,33061,0.87,0.87,6,1,46630
F3499,930.5579,2.183,2.099,2.284,6239,141151,1.0,0.99,11,1,164395
F3500,930.5579,4.525,4.423,4.626,6239,176880,1.0,0.89,19,1,201659
F3501,824.5186,5.097,4.996,5.198,5190,315705,1.0,1.0,22,1,342702
F3502,897.6576,1.594,1.493,1.695,5916,361343,1.0,0.98,22,1,389245
F3503,930.6054,1.602,1.56,1.653,6241,38793,0.64,0.93,6,1,54178
F3504,897.6819,4.684,4.583,4.777,5917,252056,1.0,0.97,18,1,277352
F3505,864.6681,2.116,2.091,2.141,5607,54728,0.38,0.63,10,1,54434
F3506,824.5522,4.626,4.525,4.726,5192,721658,0.95,0.93,42,1,749400
F3507,897.7226,1.501,1.426,1.51,5918,393472,1.0,0.98,55,1,415936
F3508,897.7226,1.577,1.51,1.678,5918,869656,1.0,0.96,63,1,891983
F3509,864.6796,2.091,2.015,2.192,5608,513177,1.0,0.94,44,1,534696
F3510,897.768,1.493,1.417,1.594,5919,2943128,1.0,0.87,202,1,2965128
F3511,930.6895,1.535,1.459,1.577,6244,95345,0.71,0.55,8,1,76941
F3512,930.6895,1.602,1.636,1.678,6244,41356,0.76,0.86,6,1,14153
F3513,930.6895,2.697,2.672,2.764,6244,33148,0.74,0.77,5,1,47480
F3514,865.0294,4.07,4.002,4.103,5609,32929,1.0,0.56,5,1,46800
F3515,865.0848,3.758,3.666,3.859,5610,214065,1.0,0.96,16,1,237320
F3516,824.6259,1.586,1.501,1.686,5195,71537,1.0,0.7,5,1,95934
F3517,824.6259,2.739,2.68,2.815,5195,48905,1.0,0.96,5,1,67186
F3518,824.6259,4.516,4.432,4.55,5195,139294,1.0,0.83,19,1,154661
F3519,824.6259,4.71,4.668,4.769,5195,39872,1.0,0.89,5,1,57530
F3520,930.7548,1.51,1.434,1.552,6246,239882,0.9,0.76,22,1,206490
F3521,930.7548,1.56,1.611,1.619,6246,69889,0.65,0.88,12,1,8582
F3522,865.5249,4.743,4.642,4.844,5611,253582,1.0,0.97,21,1,280500
F3523,898.6812,1.602,1.501,1.703,5922,82860,0.98,0.84,6,1,107740
F3524,898.6812,4.525,4.482,4.583,5922,32083,0.87,0.91,5,1,48380
F3525,898.6812,4.693,4.592,4.769,5922,184481,1.0,0.97,15,1,205806
F3526,930.8386,1.484,1.434,1.586,6247,218472,1.0,0.85,21,1,239930
F3527,865.5615,1.611,1.552,1.695,5612,57283,0.67,0.96,5,1,75363
F3528,865.5615,4.566,4.507,4.659,5612,142099,0.93,0.94,11,1,164086
F3529,898.7268,1.577,1.476,1.678,5923,599291,0.9,0.89,35,1,630143
F3530,931.5427,4.516,4.474,4.558,6249,57576,1.0,0.95,9,1,73808
F3531,824.6513,1.518,1.459,1.586,5196,57972,0.88,0.97,5,1,73288
F3532,824.6513,1.628,1.586,1.67,5196,32246,0.87,0.93,5,1,40456
F3533,824.6513,4.474,4.423,4.516,5196,26187,0.87,0.88,6,1,38457
F3534,824.6513,4.566,4.533,4.659,5196,406004,1.0,0.74,45,1,426656
F3535,824.6513,4.962,4.87,5.063,5196,258312,0.93,0.98,20,1,284257
F3536,898.7808,1.484,1.392,1.586,5924,9318921,1.0,0.91,660,1,9342921
F3537,865.5884,3.733,3.632,3.834,5613,372796,1.0,0.97,21,1,398609
F3538,931.5806,2.183,2.108,2.251,6250,56205,1.0,0.98,5,1,75716
F3539,824.7601,1.526,1.451,1.594,5197,78583,1.0,0.85,7,1,97299
F3540,899.6725,4.684,4.651,4.752,5931,42697,1.0,0.9,6,1,57197
F3541,825.4858,3.16,3.059,3.261,5199,196965,1.0,1.0,14,1,223833
F3542,931.6117,4.92,4.844,5.021,6252,132532,1.0,0.91,10,1,155505
F3543,865.6222,2.116,2.015,2.217,5614,5009090,1.0,0.98,226,1,5034090
F3544,865.6222,3.792,3.766,3.834,5614,17251,0.54,0.77,4,1,26251
F3545,865.6222,4.55,4.457,4.651,5614,746582,0.97,0.94,65,1,770582
F3546,825.5209,5.097,4.996,5.173,5201,93595,1.0,0.98,8,1,115561
F3547,931.6275,1.56,1.493,1.594,6253,37183,0.54,0.72,3,1,48138
F3548,931.6275,4.129,4.028,4.23,6253,167024,1.0,1.0,9,1,193301
F3549,899.7838,1.459,1.392,1.468,5932,969089,0.18,0.79,300,1,979089
F3550,899.7838,1.636,1.628,1.67,5932,146667,0.33,0.74,54,1,152667
F3551,825.5809,2.057,1.956,2.15,5202,68499,0.37,0.95,5,1,93529
F3552,865.6665,1.577,1.476,1.661,5615,146013,1.0,0.93,10,1,170539
F3553,865.6665,2.133,2.049,2.234,5615,186911,1.0,0.84,17,1,206683
F3554,865.6665,4.541,4.44,4.6,5615,82388,1.0,0.87,10,1,101520
F3555,931.7651,1.518,1.426,1.619,6255,331302,1.0,0.9,23,1,359763
F3556,866.0928,3.708,3.632,3.809,5616,208659,1.0,0.83,17,1,236698
F3557,899.8412,1.442,1.426,1.484,5933,58249,0.71,0.68,11,1,56991
F3558,899.8412,1.586,1.543,1.644,5933,64732,0.69,0.85,12,1,79253
F3559,825.6379,4.525,4.449,4.566,5203,112113,1.0,0.96,17,1,123855
F3560,825.6379,4.634,4.575,4.718,5203,113834,1.0,0.95,12,1,135846
F3561,825.6379,4.962,4.895,5.063,5203,65908,1.0,0.89,5,1,87871
F3562,931.843,1.476,1.442,1.518,6256,55884,1.0,0.94,9,1,59820
F3563,931.843,1.569,1.526,1.602,6256,51682,1.0,0.88,8,1,70665
F3564,825.6721,4.962,4.92,5.013,5204,45590,1.0,0.81,7,1,58566
F3565,900.4966,4.76,4.659,4.828,5934,254456,1.0,0.94,22,1,272692
F3566,866.5602,4.6,4.499,4.642,5617,118725,0.89,0.97,12,1,136291
F3567,866.5602,4.752,4.676,4.836,5617,125147,0.89,0.91,11,1,146843
F3568,932.1315,4.129,4.07,4.213,6257,46297,1.0,0.6,5,1,65959
F3569,825.688,1.552,1.468,1.611,5205,47142,1.0,0.51,5,1,66356
F3570,866.5702,4.71,4.668,4.76,5618,41135,0.67,0.91,7,1,50896
F3571,900.6012,3.809,3.75,3.876,5936,52500,0.9,0.99,6,1,67937
F3572,825.8054,1.543,1.459,1.602,5207,53200,1.0,0.9,5,1,70532
F3573,866.5926,3.716,3.623,3.817,5620,130703,1.0,0.98,9,1,153673
F3574,932.6161,4.912,4.861,5.004,6261,52398,0.71,0.8,6,1,70152
F3575,826.008,1.56,1.526,1.661,5208,96376,0.95,0.79,10,1,109605
F3576,826.008,3.8,3.708,3.868,5208,89148,0.89,0.63,9,1,111427
F3577,900.6747,4.491,4.398,4.592,5939,132311,1.0,0.98,11,1,155995
F3578,826.2074,1.56,1.484,1.644,5209,178778,1.0,0.95,14,1,200154
F3579,900.7159,1.569,1.501,1.611,5940,80515,1.0,0.64,9,1,96428
F3580,932.7712,1.56,1.476,1.611,6265,119674,1.0,0.89,14,1,133940
F3581,866.6298,1.535,1.526,1.569,5622,15353,0.67,0.54,6,1,21353
F3582,866.6298,2.133,2.032,2.234,5622,1533583,1.0,0.98,120,1,1558583
F3583,866.6298,2.722,2.63,2.79,5622,97229,0.81,0.93,7,1,117229
F3584,866.6298,4.525,4.432,4.626,5622,931852,1.0,0.95,84,1,955852
F3585,900.7959,1.484,1.392,1.586,5941,11497849,1.0,0.89,785,1,11521849
F3586,933.6241,4.92,4.828,5.021,6268,251387,1.0,0.86,19,1,274284
F3587,866.7188,1.51,1.476,1.586,5623,53144,1.0,0.63,6,1,65771
F3588,826.5085,3.775,3.674,3.876,5211,147738,1.0,0.97,10,1,173967
F3589,826.5085,5.644,5.409,6.057,5211,325983,0.98,0.52,8,1,404630
F3590,900.9551,1.493,1.426,1.543,5942,236795,1.0,0.94,25,1,234768
F3591,900.9551,1.552,1.543,1.594,5942,26177,1.0,0.71,6,1,42252
F3592,867.4833,5.072,5.013,5.106,5627,34503,1.0,0.84,5,1,47360
F3593,933.6348,1.526,1.442,1.628,6269,197973,1.0,0.96,14,1,220645
F3594,933.6348,4.937,4.895,4.979,6269,48368,0.93,0.89,8,1,57311
F3595,901.497,4.726,4.651,4.769,5943,105456,1.0,0.67,10,1,90370
F3596,901.497,4.786,4.769,4.828,5943,35504,1.0,0.96,7,1,49755
F3597,933.7785,1.51,1.451,1.594,6270,112893,1.0,0.88,10,1,130979
F3598,826.5355,3.059,2.731,3.236,5213,187370,0.91,0.83,6,1,251808
F3599,826.5355,8.314,8.095,9.324,5213,375996,0.89,0.52,5,1,524589
F3600,934.6258,4.92,4.853,4.954,6273,74360,1.0,0.91,11,1,90268
F3601,901.6144,1.552,1.476,1.619,5948,70014,0.75,0.96,4,1,91778
F3602,867.5495,3.758,3.682,3.859,5628,64664,1.0,0.93,5,1,87335
F3603,867.5495,4.609,4.507,4.634,5628,101130,1.0,0.56,6,1,77859
F3604,867.5495,4.668,4.634,4.701,5628,41985,1.0,0.81,6,1,48645
F3605,867.5495,4.735,4.701,4.811,5628,60635,1.0,0.93,7,1,75458
F3606,867.5495,5.063,5.013,5.156,5628,64790,1.0,0.97,6,1,83813
F3607,826.5539,2.066,1.965,2.166,5214,320516,1.0,1.0,21,1,348247
F3608,826.5539,4.634,4.541,4.735,5214,223631,1.0,0.87,14,1,250161
F3609,901.6801,4.491,4.398,4.583,5950,82317,1.0,0.97,6,1,105188
F3610,934.6409,1.526,1.434,1.628,6274,199788,1.0,0.98,12,1,224295
F3611,934.6409,4.566,4.482,4.659,6274,62467,0.85,0.86,5,1,85698
F3612,934.6409,4.962,4.87,5.046,6274,81940,0.89,0.86,6,1,107431
F3613,826.6071,1.569,1.468,1.67,5217,151341,1.0,0.69,10,1,178788
F3614,934.785,1.569,1.535,1.611,6275,43072,0.7,0.93,7,1,50758
F3615,901.7145,1.543,1.442,1.644,5952,1029134,1.0,0.98,60,1,1063168
F3616,901.7999,1.484,1.4,1.586,5953,6721698,1.0,0.9,491,1,6744698
F3617,867.6425,1.594,1.434,1.695,5632,220543,1.0,0.91,13,1,253537
F3618,867.6425,2.124,2.023,2.226,5632,367979,1.0,1.0,27,1,395110
F3619,867.6425,2.706,2.638,2.781,5632,88252,0.96,0.99,9,1,108497
F3620,867.6425,4.533,4.449,4.634,5632,494658,1.0,0.96,41,1,519002
F3621,826.6499,1.644,1.577,1.72,5218,62195,0.52,0.85,6,1,83176
F3622,826.6499,4.566,4.474,4.533,5218,104245,0.73,0.93,14,1,32997
F3623,826.6499,4.634,4.592,4.726,5218,250432,0.7,0.64,16,1,189691
F3624,901.8524,1.493,1.409,1.586,5955,364783,1.0,0.8,34,1,382489
F3625,935.6387,1.543,1.493,1.644,6278,109594,1.0,0.88,8,1,130565
F3626,935.6387,2.251,2.15,2.352,6278,99777,1.0,0.99,7,1,125122
F3627,935.6387,4.895,4.836,4.996,6278,135421,1.0,0.93,11,1,156571
F3628,868.3862,1.594,1.56,1.636,5633,47778,1.0,0.91,7,1,67270
F3629,826.9972,5.644,5.552,5.746,5219,107429,0.54,0.89,6,1,131007
F3630,868.5069,3.27,3.169,3.371,5634,333619,1.0,0.99,24,1,360944
F3631,935.6715,1.484,1.417,1.51,6279,56231,1.0,0.76,8,1,69099
F3632,935.6715,1.569,1.543,1.602,6279,24373,0.7,0.89,5,1,29477
F3633,902.5114,4.558,4.499,4.651,5956,146475,1.0,0.88,13,1,163945
F3634,902.5114,4.676,4.651,4.71,5956,27551,1.0,0.86,6,1,38520
F3635,902.5114,4.76,4.726,4.794,5956,18516,1.0,0.86,5,1,26118
F3636,827.0201,3.034,2.874,3.194,5220,107716,1.0,0.78,5,1,147656
F3637,827.0201,3.741,3.674,3.842,5220,72977,1.0,0.89,5,1,94214
F3638,868.5471,4.566,4.474,4.6,5635,41269,0.89,0.82,5,1,60180
F3639,868.5471,4.735,4.71,4.802,5635,36143,0.89,0.93,5,1,49244
F3640,936.3015,1.501,1.459,1.543,6282,21234,1.0,0.89,5,1,32644
F3641,827.5567,2.057,1.981,2.141,5223,81630,0.81,0.99,7,1,102850
F3642,827.5567,4.617,4.541,4.676,5223,58681,0.81,0.96,6,1,74021
F3643,902.5767,1.586,1.56,1.686,5957,43474,0.5,0.76,5,1,60497
F3644,868.58,4.626,4.525,4.726,5636,288507,1.0,0.93,18,1,314630
F3645,936.5652,7.657,7.573,7.876,6286,105585,0.69,0.72,5,1,144381
F3646,902.6146,1.543,1.476,1.644,5959,55789,1.0,0.9,3,1,78854
F3647,827.6396,4.592,4.558,4.634,5226,38425,0.55,0.78,7,1,47780
F3648,936.5822,7.708,7.632,7.733,6287,46269,0.64,0.88,6,1,58940
F3649,902.6668,1.956,1.922,2.032,5960,49533,1.0,0.73,5,1,66348
F3650,827.6615,4.617,4.583,4.659,5227,35050,1.0,0.92,7,1,39685
F3651,868.6375,1.577,1.476,1.678,5639,212469,1.0,0.68,15,1,244888
F3652,868.6375,2.108,2.066,2.183,5639,46031,0.92,0.96,5,1,63018
F3653,936.6395,1.99,1.889,2.015,6289,51082,0.96,0.78,6,1,67923
F3654,936.6395,4.912,4.844,5.013,6289,67964,1.0,0.92,6,1,89688
F3655,902.6913,4.466,4.373,4.566,5961,143071,1.0,0.86,11,1,167523
F3656,827.695,1.484,1.451,1.51,5229,26399,0.88,0.84,5,1,34806
F3657,827.695,4.912,4.819,5.013,5229,203783,1.0,0.93,17,1,228770
F3658,902.7237,1.518,1.434,1.619,5962,595431,1.0,0.94,37,1,620854
F3659,936.6757,2.141,2.04,2.242,6290,3780991,1.0,0.99,271,1,3805991
F3660,902.8103,1.493,1.4,1.594,5963,8060144,1.0,0.88,574,1,8084144
F3661,868.6529,1.484,1.426,1.501,5640,21969,0.45,0.7,7,1,31969
F3662,868.6529,2.706,2.638,2.722,5640,32825,0.42,0.7,5,1,43825
F3663,868.6529,4.525,4.449,4.626,5640,2275386,1.0,0.92,223,1,2297386
F3664,828.5108,2.748,2.327,3.135,5230,303495,0.93,0.92,6,1,400849
F3665,828.5108,3.48,3.379,3.581,5230,672401,1.0,1.0,48,1,700231
F3666,868.7342,1.493,1.409,1.594,5641,520501,1.0,0.72,37,1,549524
F3667,936.7263,1.526,1.426,1.628,6292,202224,0.98,0.95,11,1,230030
F3668,936.7263,2.133,2.04,2.234,6292,236678,1.0,0.91,22,1,260350
F3669,903.5119,4.6,4.541,4.642,5965,24994,1.0,0.95,5,1,38148
F3670,903.5119,4.752,4.71,4.786,5965,31009,1.0,0.97,6,1,42986
F3671,869.5234,3.27,3.202,3.371,5642,140034,1.0,0.97,10,1,162136
F3672,936.8312,7.657,7.573,7.725,6293,46392,0.43,0.6,5,1,67491
F3673,903.5579,7.211,7.009,7.379,5966,122723,1.0,0.84,5,1,167896
F3674,828.5461,4.55,4.449,4.651,5232,1249919,1.0,0.98,102,1,1274919
F3675,869.5866,4.642,4.541,4.743,5644,188268,1.0,0.98,12,1,212281
F3676,937.1505,2.099,2.032,2.175,6298,52515,0.75,0.75,5,1,75337
F3677,903.7359,1.501,1.409,1.602,5968,1801495,1.0,0.95,116,1,1825495
F3678,869.6223,2.116,2.015,2.192,5646,69947,0.92,0.91,7,1,93456
F3679,903.813,1.476,1.392,1.577,5969,3991479,0.94,0.9,284,1,4014479
F3680,828.5893,1.543,1.484,1.569,5234,29475,0.89,0.96,5,1,39558
F3681,828.5893,1.653,1.569,1.754,5234,99171,1.0,0.83,8,1,119996
F3682,828.5893,4.566,4.474,4.634,5234,115037,1.0,0.93,10,1,138479
F3683,828.5893,4.668,4.634,4.76,5234,65499,1.0,0.95,7,1,80725
F3684,937.6779,1.468,1.434,1.493,6302,71309,0.84,0.67,15,1,79309
F3685,937.6779,2.141,2.04,2.242,6302,2008490,1.0,0.99,157,1,2033490
F3686,904.1013,4.305,4.204,4.406,5970,1403330,1.0,0.98,88,1,1432031
F3687,869.6518,4.525,4.457,4.55,5647,784045,1.0,0.89,125,1,796045
F3688,869.6518,4.558,4.55,4.659,5647,436277,1.0,0.62,88,1,450277
F3689,828.6592,4.659,4.575,4.676,5235,46498,1.0,0.85,6,1,60163
F3690,828.6592,4.718,4.676,4.777,5235,52812,1.0,0.89,7,1,66811
F3691,937.7292,1.476,1.417,1.569,6303,156374,1.0,0.89,15,1,173880
F3692,937.7292,1.602,1.569,1.686,6303,46563,1.0,0.84,7,1,61571
F3693,937.7292,2.183,2.15,2.276,6303,38126,0.97,0.58,6,1,53107
F3694,869.6929,1.51,1.434,1.518,5648,102807,1.0,0.98,14,1,117421
F3695,869.6929,1.586,1.518,1.653,5648,195684,1.0,0.88,18,1,215650
F3696,869.737,1.526,1.426,1.628,5649,285233,1.0,0.85,21,1,313312
F3697,828.6919,1.56,1.51,1.602,5236,42275,0.91,0.8,5,1,57271
F3698,828.6919,1.644,1.602,1.72,5236,75203,1.0,0.95,10,1,91272
F3699,828.6919,4.583,4.55,4.659,5236,41414,0.89,0.81,5,1,53929
F3700,828.6919,4.912,4.836,5.013,5236,103761,1.0,0.77,9,1,125923
F3701,938.6788,1.577,1.493,1.619,6305,53989,0.95,0.6,6,1,72803
F3702,938.6788,2.15,2.049,2.251,6305,663957,1.0,1.0,48,1,692184
F3703,904.5839,1.611,1.51,1.712,5973,888638,1.0,1.0,31,1,920095
F3704,904.5839,8.381,7.859,9.046,5973,967550,0.53,0.82,2,1,1118989
F3705,870.0323,4.011,3.935,4.103,5650,73341,1.0,0.89,7,1,95596
F3706,938.7452,1.51,1.434,1.611,6307,166921,1.0,0.96,12,1,193278
F3707,829.4352,3.177,3.101,3.219,5238,68991,1.0,0.83,9,1,84999
F3708,938.8089,1.484,1.434,1.552,6308,131795,1.0,0.97,15,1,150302
F3709,870.5414,4.036,3.935,4.137,5652,90845,0.74,0.98,5,1,116346
F3710,829.5161,3.48,3.379,3.581,5239,279868,1.0,0.99,15,1,306364
F3711,904.6013,4.289,4.188,4.39,5974,823763,1.0,0.99,51,1,852432
F3712,870.5661,3.261,3.059,3.59,5653,177769,0.94,0.8,6,1,242257
F3713,904.6226,1.678,1.636,1.72,5975,15140,0.27,0.93,5,1,25233
F3714,829.5638,3.666,3.564,3.766,5240,1834588,1.0,0.99,114,1,1859588
F3715,939.6294,1.501,1.434,1.67,6309,131444,0.97,0.8,9,1,160301
F3716,939.6294,2.15,2.049,2.251,6309,156868,1.0,0.97,12,1,182433
F3717,939.6294,4.322,4.221,4.423,6309,347797,1.0,0.99,22,1,374819
F3718,870.578,2.116,2.015,2.217,5654,398166,1.0,0.99,30,1,424219
F3719,939.7552,1.493,1.459,1.518,6310,31603,0.43,0.74,7,1,45796
F3720,904.6467,1.628,1.526,1.729,5977,114631,1.0,0.99,8,1,139890
F3721,829.5905,4.55,4.525,4.592,5242,26725,0.5,0.96,5,1,35041
F3722,940.129,4.331,4.23,4.432,6311,328231,1.0,0.98,22,1,355816
F3723,870.5957,4.626,4.525,4.726,5655,133203,1.0,0.95,9,1,159025
F3724,904.6869,1.973,1.872,2.074,5978,189865,1.0,1.0,13,1,216131
F3725,904.6869,4.516,4.432,4.617,5978,81144,1.0,0.65,8,1,103686
F3726,940.6313,4.322,4.238,4.415,6312,175414,1.0,0.99,13,1,198594
F3727,870.6531,4.541,4.449,4.642,5656,702864,1.0,0.96,55,1,729413
F3728,904.7404,1.51,1.409,1.611,5979,1167109,1.0,0.96,70,1,1199981
F3729,940.692,1.552,1.451,1.653,6314,263753,1.0,0.9,15,1,293694
F3730,829.619,1.594,1.493,1.695,5244,91094,0.91,0.81,6,1,116893
F3731,829.619,3.64,3.564,3.724,5244,86035,0.91,0.75,7,1,105600
F3732,829.619,4.566,4.482,4.777,5244,92890,0.89,0.63,5,1,129858
F3733,870.699,1.56,1.459,1.636,5657,112287,1.0,0.72,8,1,136056
F3734,940.8243,1.51,1.442,1.577,6315,119200,1.0,0.92,13,1,140419
F3735,870.7497,1.484,1.417,1.586,5658,3062674,1.0,0.86,217,1,3083674
F3736,904.8225,1.476,1.4,1.569,5980,2072258,0.88,0.91,152,1,2093258
F3737,904.8225,1.678,1.67,1.712,5980,16911,0.68,0.69,7,1,22911
F3738,940.9389,1.552,1.459,1.653,6316,333156,1.0,0.91,25,1,353783
F3739,829.7038,1.518,1.426,1.569,5245,99910,1.0,0.83,9,1,115175
F3740,829.7038,4.929,4.828,5.03,5245,114010,0.97,0.8,8,1,141093
F3741,941.1905,1.56,1.468,1.661,6317,363448,1.0,0.93,27,1,388202
F3742,905.1041,4.305,4.204,4.406,5982,327505,1.0,0.97,22,1,353220
F3743,870.8065,1.526,1.451,1.602,5660,128643,1.0,0.86,12,1,144790
F3744,830.0647,3.682,3.581,3.783,5246,1658274,1.0,0.99,109,1,1683274
F3745,941.4418,1.552,1.459,1.653,6318,304352,1.0,0.8,20,1,333021
F3746,941.5529,4.482,4.44,4.55,6319,46799,1.0,0.84,6,1,61873
F3747,905.6366,1.619,1.518,1.72,5988,91675,0.64,0.98,6,1,117246
F3748,941.6334,2.141,2.04,2.242,6323,287764,1.0,0.99,21,1,316335
F3749,830.5544,2.697,2.655,2.773,5250,67965,1.0,0.94,8,1,81090
F3750,905.6897,1.973,1.88,2.074,5989,96316,1.0,0.99,7,1,120347
F3751,905.6897,4.482,4.432,4.583,5989,52524,0.77,0.65,5,1,72749
F3752,941.6945,1.552,1.451,1.653,6325,286548,1.0,0.55,20,1,307181
F3753,905.7508,1.526,1.468,1.628,5990,2054587,0.94,0.71,135,1,2074587
F3754,871.6548,4.541,4.466,4.642,5669,233437,1.0,0.88,21,1,256170
F3755,830.5636,3.666,3.564,3.766,5251,875240,1.0,0.99,42,1,904252
F3756,830.5636,4.533,4.432,4.634,5251,1290159,1.0,1.0,72,1,1321593
F3757,871.7531,1.484,1.442,1.586,5670,1736482,1.0,0.66,144,1,1754482
F3758,905.8263,1.493,1.409,1.594,5991,954017,1.0,0.94,62,1,972481
F3759,941.8268,1.451,1.417,1.552,6326,76177,1.0,0.82,8,1,90022
F3760,941.8268,1.577,1.552,1.611,6326,23672,1.0,0.94,5,1,33797
F3761,872.441,1.586,1.526,1.636,5671,61911,1.0,0.76,6,1,76315
F3762,942.4907,1.543,1.501,1.569,6328,21782,1.0,0.92,5,1,29416
F3763,942.6338,2.141,2.04,2.242,6331,168561,1.0,0.99,12,1,194247
F3764,872.5365,2.638,2.428,3.026,5672,238744,0.95,0.91,5,1,310919
F3765,872.5365,3.615,3.514,3.716,5672,531976,1.0,0.99,36,1,560456
F3766,942.701,1.484,1.426,1.56,6333,97356,0.93,0.82,10,1,119567
F3767,906.5605,4.305,4.204,4.398,5994,96964,0.89,0.98,7,1,122908
F3768,906.5605,4.6,4.507,4.701,5994,135953,0.96,0.86,10,1,162159
F3769,943.7094,1.526,1.434,1.602,6340,180640,1.0,0.86,13,1,200217
F3770,906.5943,1.619,1.518,1.703,5995,244282,1.0,0.95,17,1,268826
F3771,906.5943,8.331,8.086,8.794,5995,245094,0.43,0.74,2,1,330347
F3772,998.9796,1.552,1.459,1.653,6547,468607,1.0,0.91,30,1,494545
F3773,872.5897,1.552,1.468,1.653,5674,204996,0.12,0.98,3,1,279020
F3774,999.2309,1.543,1.459,1.644,6548,497566,1.0,0.9,35,1,528504
F3775,944.617,1.594,1.493,1.695,6343,136286,1.0,0.99,9,1,161671
F3776,999.4831,1.602,1.501,1.686,6549,391793,1.0,0.88,26,1,416564
F3777,906.6265,1.594,1.552,1.636,5997,24256,1.0,0.97,6,1,35632
F3778,906.6265,2.579,2.486,2.68,5997,109799,1.0,0.99,8,1,133734
F3779,944.7141,1.468,1.434,1.51,6345,33792,1.0,0.96,6,1,41466
F3780,944.7141,1.577,1.51,1.611,6345,68316,1.0,0.88,10,1,83079
F3781,999.7073,2.318,2.234,2.419,6551,625069,1.0,0.99,46,1,656399
F3782,872.6063,1.594,1.552,1.636,5675,29970,0.59,0.67,3,1,36793
F3783,872.6063,1.897,1.855,1.981,5675,38216,0.44,0.82,3,1,53328
F3784,872.6063,8.457,8.423,8.499,5675,30710,0.49,0.68,4,1,39709
F3785,906.6729,1.67,1.569,1.771,6000,1089947,1.0,0.99,71,1,1120948
F3786,906.6729,4.566,4.482,4.668,6000,81825,0.67,0.97,7,1,105419
F3787,999.7347,1.594,1.493,1.67,6552,296332,1.0,0.85,28,1,322239
F3788,945.6224,1.611,1.51,1.695,6347,90861,1.0,0.98,7,1,114801
F3789,906.7545,1.535,1.434,1.636,6001,1407026,1.0,0.98,80,1,1445662
F3790,872.6374,1.552,1.451,1.653,5677,246936,1.0,0.94,14,1,273419
F3791,945.7238,1.586,1.51,1.661,6348,206199,0.68,0.9,16,1,227972
F3792,906.8297,1.493,1.434,1.594,6002,254823,1.0,0.51,18,1,281437
F3793,945.7633,1.468,1.434,1.543,6349,69951,1.0,0.6,8,1,85389
F3794,907.2555,1.535,1.526,1.586,6003,782835,0.5,0.62,157,1,790835
F3795,872.6548,1.526,1.459,1.569,5678,39738,0.82,0.79,5,1,54263
F3796,872.6548,1.611,1.569,1.695,5678,60795,0.93,0.97,7,1,78245
F3797,872.6548,4.525,4.423,4.626,5678,183004,1.0,0.97,11,1,211371
F3798,946.6191,1.602,1.543,1.67,6351,48136,1.0,0.93,5,1,66138
F3799,401.2606,1.661,1.611,1.712,6557,36834,0.57,0.96,2,1,57578
F3800,401.2606,3.337,3.236,3.438,6557,159489,1.0,0.99,6,1,194351
F3801,872.762,1.476,1.392,1.577,5679,13026646,1.0,0.9,925,1,13049646
F3802,946.6985,1.628,1.577,1.729,6353,1298231,1.0,0.79,108,1,1317231
F3803,946.6985,2.032,1.939,2.099,6353,81197,0.74,0.82,8,1,101197
F3804,873.4599,3.278,3.211,3.354,5680,58267,1.0,0.77,6,1,77077
F3805,907.5545,1.619,1.56,1.686,6006,42533,0.8,0.92,5,1,59927
F3806,907.5545,4.617,4.516,4.718,6006,96063,0.89,0.88,6,1,121774
F3807,907.5545,6.503,6.402,6.596,6006,68901,0.55,0.96,3,1,94206
F3808,907.5985,1.628,1.552,1.712,6007,95532,1.0,0.99,9,1,115032
F3809,873.5412,3.615,3.514,3.716,5681,232588,1.0,1.0,10,1,258491
F3810,873.5412,5.046,4.971,5.148,5681,62445,0.74,0.91,5,1,85330
F3811,946.7797,1.501,1.493,1.56,6354,58270,0.56,0.86,11,1,78373
F3812,946.7797,1.594,1.56,1.619,6354,46135,0.56,0.95,10,1,54138
F3813,403.2618,1.594,1.493,1.695,6560,196511,1.0,0.98,15,1,220149
F3814,403.2618,3.43,3.329,3.531,6560,111205,1.0,0.95,7,1,137083
F3815,907.6141,4.937,4.861,5.038,6008,118623,0.94,0.96,8,1,141502
F3816,946.836,1.468,1.409,1.535,6355,139762,1.0,0.97,15,1,158092
F3817,907.6665,1.67,1.569,1.771,6009,630784,1.0,0.99,37,1,657808
F3818,947.5841,7.893,7.725,8.061,6356,133577,1.0,0.96,5,1,175441
F3819,873.5885,1.543,1.442,1.644,5682,325167,0.99,1.0,3,1,448596
F3820,873.5885,3.935,3.834,4.036,5682,1065165,1.0,0.99,11,1,1193987
F3821,873.5885,9.468,7.96,9.998,5682,3515721,0.99,0.89,6,1,4694674
F3822,407.2962,1.67,1.577,1.771,6562,216806,1.0,0.94,15,1,243635
F3823,947.6234,4.55,4.449,4.651,6357,508907,1.0,0.98,33,1,536915
F3824,407.3326,1.695,1.602,1.796,6563,200098,1.0,0.97,15,1,225697
F3825,947.7023,1.619,1.518,1.72,6358,845368,1.0,0.98,59,1,876644
F3826,947.783,1.484,1.434,1.518,6359,90279,1.0,0.92,15,1,103318
F3827,907.7659,1.501,1.4,1.543,6013,1391267,0.65,0.89,88,1,905245
F3828,907.7659,1.552,1.602,1.653,6013,687748,0.65,0.97,87,1,143608
F3829,947.8378,1.493,1.417,1.594,6360,112774,1.0,0.62,10,1,133997
F3830,409.1805,2.31,2.251,2.394,6565,52031,0.78,0.94,5,1,70505
F3831,873.6036,0.339,0.322,0.381,5683,23427,0.14,0.89,2,1,33927
F3832,873.6036,2.099,2.074,2.158,5683,29499,0.12,0.79,2,1,40596
F3833,873.6036,2.739,2.706,2.781,5683,28130,0.12,0.84,2,1,36349
F3834,873.6036,9.223,9.19,9.257,5683,18960,0.15,0.85,5,1,27961
F3835,948.1275,4.541,4.457,4.642,6362,448620,1.0,0.94,33,1,471749
F3836,907.8372,1.484,1.417,1.526,6014,73133,1.0,0.85,9,1,85112
F3837,907.8372,1.586,1.526,1.686,6014,95538,1.0,0.93,8,1,118362
F3838,907.8372,7.598,6.899,7.994,6014,389034,1.0,0.76,5,1,518516
F3839,409.3705,1.653,1.569,1.754,6566,130933,1.0,0.96,11,1,156197
F3840,948.6226,4.55,4.449,4.651,6363,275612,1.0,0.99,18,1,302382
F3841,908.2597,1.526,1.434,1.628,6018,1822152,1.0,0.98,142,1,1846152
F3842,948.7078,1.611,1.518,1.712,6364,279773,1.0,0.94,23,1,306536
F3843,948.7078,2.023,1.922,2.124,6364,186988,1.0,1.0,14,1,211934
F3844,948.7078,4.55,4.482,4.642,6364,97209,0.96,0.99,8,1,116926
F3845,412.2892,4.314,2.764,4.55,6568,609266,0.99,0.58,2,1,823152
F3846,412.2892,4.786,4.726,4.971,6568,82208,0.99,0.87,2,1,112286
F3847,948.7947,1.493,1.409,1.594,6366,463913,1.0,0.94,33,1,485699
F3848,873.6197,1.51,1.442,1.552,5684,55936,0.91,0.97,3,1,64380
F3849,873.6197,1.594,1.552,1.636,5684,41648,0.73,0.93,2,1,53015
F3850,873.6197,2.706,2.621,2.79,5684,76609,0.21,0.83,2,1,96540
F3851,414.319,1.644,1.569,1.746,6570,277004,1.0,0.97,21,1,301253
F3852,949.1304,4.525,4.491,4.6,6367,48305,1.0,0.66,6,1,63190
F3853,908.5566,4.297,4.221,4.398,6021,58890,0.73,0.95,5,1,81716
F3854,908.5566,4.6,4.499,4.701,6021,69893,0.73,0.93,5,1,95768
F3855,873.6373,4.743,4.71,4.794,5685,32246,0.15,0.97,3,1,41743
F3856,908.6472,2.175,2.074,2.276,6024,11768588,1.0,0.99,536,1,11793588
F3857,949.7185,1.484,1.442,1.543,6369,61961,1.0,0.93,8,1,75748
F3858,949.7185,1.619,1.577,1.703,6369,58018,1.0,0.65,8,1,78178
F3859,949.7185,2.006,1.956,2.099,6369,64394,1.0,0.72,7,1,84176
F3860,949.7185,4.533,4.491,4.634,6369,51307,1.0,0.86,5,1,70407
F3861,415.2102,1.636,1.543,1.737,6571,1777996,1.0,0.97,60,1,1826819
F3862,908.675,1.678,1.577,1.779,6025,200485,1.0,0.99,13,1,226864
F3863,908.675,2.251,2.226,2.276,6025,29055,0.94,0.64,7,1,36059
F3864,949.7976,1.468,1.417,1.484,6370,49115,1.0,0.73,8,1,69047
F3865,949.7976,1.526,1.484,1.619,6370,136647,1.0,0.81,16,1,162077
F3866,873.6492,1.56,1.459,1.653,5686,76522,1.0,0.94,4,1,101150
F3867,873.6492,3.943,3.842,4.011,5686,78499,1.0,0.81,5,1,101602
F3868,873.6492,4.507,4.406,4.558,5686,74264,1.0,0.9,6,1,95112
F3869,908.6965,2.175,2.074,2.276,6027,623515,1.0,0.93,55,1,656766
F3870,873.6916,1.535,1.476,1.636,5688,97490,1.0,0.74,8,1,119253
F3871,950.8096,1.484,1.426,1.586,6374,353849,1.0,0.84,30,1,375922
F3872,415.2481,1.636,1.569,1.737,6573,118590,1.0,0.95,4,1,156818
F3873,415.2481,2.402,2.31,2.503,6573,98490,1.0,0.78,3,1,140615
F3874,908.7115,2.133,2.099,2.175,6028,67262,1.0,0.74,15,1,77265
F3875,908.7115,2.209,2.183,2.234,6028,39535,1.0,0.65,9,1,46539
F3876,873.769,1.484,1.392,1.586,5690,8210725,1.0,0.91,590,1,8234725
F3877,951.6545,1.636,1.586,1.72,6375,107986,1.0,0.91,14,1,129958
F3878,908.7701,1.51,1.426,1.611,6029,892975,1.0,0.93,54,1,924206
F3879,874.0909,3.926,3.826,4.028,5691,863731,1.0,0.96,60,1,896277
F3880,952.5254,4.507,4.44,4.592,6377,155958,1.0,0.96,18,1,177467
F3881,908.8353,1.501,1.442,1.543,6030,36094,1.0,0.93,6,1,48033
F3882,874.5442,3.615,3.548,3.691,5692,53701,1.0,0.84,5,1,73440
F3883,909.2523,1.526,1.451,1.628,6032,897923,1.0,0.99,81,1,923362
F3884,416.2257,1.956,1.855,2.057,6576,98116,1.0,0.98,5,1,122992
F3885,909.541,1.586,1.493,1.686,6033,791622,1.0,0.98,55,1,819141
F3886,417.2788,1.762,1.661,1.846,6577,107238,1.0,0.94,6,1,133157
F3887,952.6705,1.51,1.484,1.552,6378,70867,0.66,0.57,3,1,79867
F3888,952.6705,1.636,1.586,1.703,6378,80197,0.54,0.94,2,1,95197
F3889,952.6705,2.251,2.15,2.352,6378,12609659,1.0,0.99,524,1,12634659
F3890,952.6705,4.314,4.297,4.348,6378,22348,0.39,0.63,6,1,29348
F3891,952.824,1.501,1.417,1.577,6379,196876,1.0,0.91,17,1,220044
F3892,909.6127,1.586,1.526,1.686,6035,84966,0.95,0.87,7,1,105788
F3893,909.6127,3.986,3.884,4.086,6035,208381,1.0,0.99,13,1,234476
F3894,874.5905,1.543,1.468,1.644,5695,184858,0.25,0.98,2,1,242431
F3895,874.5905,3.918,3.817,4.019,5695,550315,1.0,0.99,11,1,615432
F3896,420.2754,1.661,1.602,1.729,6583,53150,1.0,0.98,6,1,70978
F3897,953.5269,4.507,4.449,4.566,6380,76453,1.0,0.84,9,1,92262
F3898,909.6492,2.183,2.082,2.284,6036,5925051,1.0,0.99,388,1,5950051
F3899,953.5917,4.946,4.87,5.046,6381,94727,1.0,0.96,7,1,117697
F3900,421.2572,3.135,3.051,3.228,6584,106933,1.0,0.93,8,1,128945
F3901,874.6596,4.499,4.398,4.6,5697,236596,1.0,0.98,16,1,263998
F3902,909.6934,1.644,1.611,1.746,6037,45157,0.81,0.79,5,1,61827
F3903,909.6934,2.183,2.091,2.284,6037,300678,1.0,0.89,25,1,328802
F3904,953.6507,4.28,4.179,4.381,6382,79176,0.75,0.68,7,1,103862
F3905,423.2692,3.472,3.388,3.564,6588,165560,1.0,0.98,13,1,186845
F3906,909.7782,1.501,1.451,1.602,6038,445834,0.94,0.82,30,1,476121
F3907,953.6773,2.251,2.15,2.352,6383,6674226,1.0,0.99,496,1,6699226
F3908,874.7815,1.484,1.383,1.586,5702,22129155,1.0,0.9,1539,1,22154155
F3909,910.2502,1.526,1.442,1.619,6040,586664,1.0,0.98,47,1,607458
F3910,953.7346,1.535,1.493,1.628,6384,104471,1.0,0.87,11,1,125572
F3911,953.7346,2.209,2.158,2.251,6384,154956,1.0,0.99,27,1,167874
F3912,953.7346,2.284,2.251,2.377,6384,108645,1.0,0.94,17,1,121065
F3913,430.243,1.602,1.526,1.703,6595,315761,1.0,0.93,19,1,339687
F3914,875.0927,3.935,3.834,3.977,5703,96580,1.0,0.88,11,1,111571
F3915,875.0927,3.994,3.977,4.028,5703,19485,1.0,0.88,5,1,30479
F3916,910.5431,1.594,1.501,1.695,6041,425301,1.0,0.98,31,1,451707
F3917,910.5875,1.628,1.586,1.678,6042,34836,0.69,0.93,5,1,48130
F3918,953.8329,1.484,1.426,1.577,6386,132500,1.0,0.79,12,1,154279
F3919,953.8329,2.251,2.209,2.293,6386,48382,0.96,0.59,8,1,66000
F3920,875.5858,9.291,9.257,9.324,5706,36807,0.32,0.92,3,1,45563
F3921,910.6186,3.969,3.884,4.07,6043,74801,0.79,0.98,5,1,98355
F3922,954.5946,4.929,4.878,4.988,6388,43220,1.0,0.95,5,1,58262
F3923,910.6545,2.175,2.074,2.276,6044,1849745,1.0,0.99,142,1,1874745
F3924,910.6545,4.659,4.592,4.718,6044,100403,0.84,0.6,10,1,116403
F3925,954.6785,2.251,2.15,2.352,6389,2186807,1.0,0.99,164,1,2211807
F3926,910.7821,1.552,1.451,1.636,6045,231865,1.0,0.56,17,1,256953
F3927,955.449,1.51,1.459,1.552,6390,170237,1.0,0.94,23,1,192623
F3928,955.449,1.602,1.56,1.686,6390,198707,1.0,0.96,23,1,207268
F3929,911.5523,1.602,1.501,1.703,6047,211347,1.0,0.94,19,1,237369
F3930,955.6098,4.92,4.844,5.021,6391,196637,1.0,0.96,15,1,217876
F3931,875.5958,1.577,1.543,1.619,5707,39435,0.21,0.87,2,1,46927
F3932,875.5958,3.926,3.859,4.028,5707,120211,0.17,0.93,2,1,150419
F3933,955.6816,2.242,2.141,2.343,6392,537946,1.0,0.99,40,1,565501
F3934,432.2332,1.628,1.526,1.729,6598,1378962,1.0,0.96,53,1,1424880
F3935,955.7013,1.56,1.459,1.661,6393,619809,1.0,0.95,34,1,650458
F3936,911.6192,1.653,1.552,1.754,6050,143644,1.0,0.96,11,1,170735
F3937,435.3628,1.703,1.602,1.754,6604,58085,1.0,0.66,5,1,78378
F3938,911.6557,1.552,1.451,1.653,6052,167359,1.0,0.74,11,1,198620
F3939,911.6557,2.175,2.074,2.276,6052,434102,1.0,1.0,34,1,459773
F3940,955.7654,1.51,1.434,1.594,6396,182713,1.0,0.85,16,1,208552
F3941,955.9515,1.552,1.468,1.653,6397,355083,1.0,0.79,24,1,382158
F3942,911.6922,1.594,1.518,1.695,6053,58316,1.0,0.84,6,1,82642
F3943,911.6922,4.668,4.583,4.752,6053,64676,1.0,0.85,6,1,86325
F3944,875.6261,0.196,0.162,0.238,5709,18436,0.3,0.88,3,1,26921
F3945,875.6261,1.611,1.577,1.653,5709,47773,1.0,0.96,7,1,54962
F3946,875.6261,2.377,2.352,2.394,5709,20164,0.42,0.85,5,1,30461
F3947,875.6261,2.545,2.512,2.588,5709,30134,0.68,0.95,5,1,36088
F3948,438.3405,1.703,1.602,1.796,6607,141233,1.0,0.96,10,1,166153
F3949,912.4186,1.51,1.484,1.535,6054,38780,1.0,0.94,9,1,53352
F3950,912.4186,1.586,1.535,1.653,6054,142154,1.0,0.54,13,1,110540
F3951,956.5605,3.581,3.497,3.674,6400,100212,1.0,0.97,8,1,123479
F3952,912.5421,1.586,1.543,1.686,6055,82473,1.0,0.94,7,1,101868
F3953,912.5421,3.421,3.337,3.522,6055,207974,1.0,0.99,16,1,232098
F3954,440.4088,1.636,1.535,1.737,6613,9980563,1.0,0.96,344,1,10005563
F3955,956.6669,1.594,1.535,1.67,6401,74012,0.88,0.79,7,1,90370
F3956,956.6669,2.251,2.158,2.318,6401,94384,0.87,1.0,8,1,116614
F3957,956.6669,4.937,4.853,5.038,6401,110284,0.88,0.99,8,1,134312
F3958,875.6358,1.535,1.434,1.602,5710,469574,1.0,0.97,6,1,520628
F3959,875.6358,2.006,1.906,2.108,5710,275192,1.0,0.97,2,1,333881
F3960,912.6227,1.653,1.552,1.746,6057,100178,1.0,0.9,7,1,123502
F3961,956.7782,1.56,1.476,1.611,6402,103310,1.0,0.62,11,1,122853
F3962,443.2682,3.312,3.211,3.388,6618,112594,0.94,0.91,6,1,134614
F3963,443.3444,1.644,1.602,1.678,6619,33782,1.0,0.83,6,1,44038
F3964,912.672,1.602,1.501,1.703,6059,148307,1.0,0.79,11,1,173486
F3965,912.672,2.15,2.108,2.192,6059,35918,0.76,0.96,6,1,48502
F3966,957.6211,2.242,2.141,2.343,6404,1066108,1.0,1.0,76,1,1096636
F3967,957.6211,4.92,4.844,5.021,6404,96196,0.8,0.96,8,1,118846
F3968,875.6641,4.507,4.406,4.6,5712,123803,1.0,0.98,9,1,148166
F3969,912.792,1.493,1.426,1.594,6060,226023,1.0,0.85,18,1,249391
F3970,957.6554,1.501,1.468,1.569,6405,49999,0.73,0.83,6,1,62474
F3971,957.6554,2.141,2.074,2.268,6405,73879,0.71,0.78,5,1,101952
F3972,875.6994,1.518,1.417,1.619,5714,644241,1.0,0.98,33,1,673526
F3973,913.5789,1.611,1.569,1.661,6061,29023,0.76,0.95,5,1,41022
F3974,913.5789,2.057,2.023,2.082,6061,22812,0.78,0.97,5,1,33334
F3975,913.5789,3.404,3.354,3.489,6061,70714,0.85,0.75,6,1,91112
F3976,875.7843,1.484,1.383,1.586,5715,13000343,1.0,0.9,885,1,13025343
F3977,450.3736,1.695,1.594,1.796,6626,181873,0.81,0.97,2,1,214660
F3978,913.601,2.175,2.074,2.276,6062,950719,1.0,1.0,67,1,980995
F3979,958.6418,1.535,1.451,1.611,6409,67993,0.53,0.95,6,1,87207
F3980,958.6418,2.242,2.141,2.343,6409,558803,1.0,0.99,39,1,585899
F3981,959.1608,2.116,2.015,2.217,6410,92080,0.91,0.69,5,1,117161
F3982,451.3817,1.67,1.569,1.771,6627,317675,1.0,0.98,10,1,346498
F3983,959.6308,2.234,2.158,2.335,6412,181570,1.0,0.99,14,1,206841
F3984,913.6537,2.158,2.057,2.259,6065,75377,0.8,0.68,6,1,100905
F3985,876.5864,1.577,1.518,1.661,5717,200905,1.0,0.98,3,1,286286
F3986,876.5864,8.929,7.817,9.99,5717,4200057,1.0,0.91,6,1,5283327
F3987,453.3428,2.975,2.882,3.076,6630,109419,1.0,0.98,8,1,133938
F3988,959.6922,1.543,1.451,1.636,6414,141310,1.0,0.86,12,1,166394
F3989,959.7157,1.518,1.501,1.56,6415,29088,0.78,0.89,5,1,38342
F3990,913.7952,1.501,1.434,1.56,6068,142177,1.0,0.9,14,1,163749
F3991,913.7952,1.577,1.56,1.611,6068,32859,1.0,0.96,7,1,45969
F3992,960.6039,3.969,3.935,4.011,6416,21418,1.0,0.89,6,1,31421
F3993,457.3451,1.661,1.594,1.746,6633,221764,1.0,0.93,11,1,240295
F3994,913.8597,1.484,1.442,1.586,6069,55020,0.36,0.72,5,1,75285
F3995,960.6604,2.251,2.175,2.318,6417,44660,0.65,0.96,5,1,63357
F3996,913.9919,7.632,6.916,8.036,6070,906482,1.0,0.88,11,1,1041174
F3997,960.7203,1.535,1.451,1.636,6418,111243,1.0,0.98,8,1,134376
F3998,961.5911,3.943,3.842,4.036,6419,160056,1.0,0.99,11,1,185643
F3999,914.0048,7.573,7.531,7.699,6071,69731,0.34,0.82,6,1,88842
F4000,460.3282,1.586,1.484,1.686,6638,594647,1.0,0.99,39,1,623701
F4001,460.3282,3.101,3.0,3.194,6638,343033,1.0,0.95,21,1,368411
F4002,460.3282,3.295,3.194,3.396,6638,327758,1.0,0.96,22,1,353849
F4003,961.6408,4.457,4.356,4.558,6421,216599,1.0,0.98,14,1,242995
F4004,961.7069,1.518,1.417,1.619,6422,3187715,1.0,0.99,238,1,3212715
F4005,914.1339,7.169,7.068,7.219,6073,165851,0.25,0.79,3,1,186159
F4006,914.1339,7.506,7.48,7.548,6073,92265,0.26,0.85,5,1,102733
F4007,876.6103,8.221,8.137,8.255,5718,63563,0.48,0.68,3,1,77770
F4008,876.6103,8.466,8.423,8.508,5718,32533,0.34,0.84,2,1,39545
F4009,876.6103,8.625,8.583,8.701,5718,48014,0.28,0.76,2,1,61817
F4010,876.6103,8.929,8.895,8.979,5718,39684,0.33,0.81,2,1,53167
F4011,876.6103,9.274,9.206,9.333,5718,61187,0.31,0.85,2,1,80049
F4012,876.6103,9.543,9.501,9.586,5718,31706,0.31,0.85,2,1,45686
F4013,876.6103,9.863,9.838,9.889,5718,18318,0.23,0.91,2,1,27985
F4014,962.1423,4.449,4.381,4.55,6423,192768,1.0,0.96,14,1,217384
F4015,914.1534,7.817,7.758,7.851,6074,31409,0.16,0.6,5,1,44470
F4016,962.644,4.482,4.457,4.533,6424,37107,0.75,0.91,6,1,52893
F4017,466.3701,1.729,1.661,1.83,6649,141967,1.0,0.91,11,1,166482
F4018,914.2772,7.666,7.606,7.75,6075,185307,0.19,0.84,5,1,203401
F4019,876.6373,1.543,1.451,1.611,5719,289016,1.0,0.99,5,1,337114
F4020,962.7074,1.535,1.434,1.636,6425,2198620,1.0,0.99,159,1,2223620
F4021,962.7074,2.116,2.015,2.2,6425,341624,1.0,0.97,29,1,364624
F4022,963.7213,1.501,1.417,1.602,6427,3202176,1.0,0.91,215,1,3225176
F4023,876.6784,4.516,4.415,4.617,5721,608977,1.0,0.99,42,1,637635
F4024,914.2895,7.286,7.253,7.371,6076,44816,0.62,0.64,6,1,58306
F4025,914.2895,7.522,7.489,7.573,6076,38842,0.65,0.84,6,1,50438
F4026,914.2895,7.615,7.573,7.666,6076,29750,0.56,0.86,5,1,43180
F4027,964.7174,1.501,1.4,1.526,6429,1191577,0.73,0.85,129,1,1207577
F4028,964.7174,1.661,1.602,1.762,6429,940347,0.88,0.75,68,1,960347
F4029,964.7174,2.108,2.006,2.209,6429,995959,0.88,0.99,31,1,1020959
F4030,914.3148,1.552,1.476,1.653,6077,71656,1.0,0.95,5,1,94488
F4031,914.3148,7.354,7.152,7.674,6077,192168,1.0,0.85,6,1,255657
F4032,876.705,1.468,1.451,1.493,5723,27155,0.92,0.82,6,1,33156
F4033,876.705,1.526,1.493,1.569,5723,141316,1.0,0.94,21,1,148914
F4034,876.705,1.577,1.569,1.678,5723,271086,1.0,0.89,21,1,163021
F4035,469.3904,1.72,1.619,1.821,6654,806255,1.0,0.98,25,1,836639
F4036,965.5443,3.926,3.851,4.011,6433,57544,1.0,0.87,5,1,78001
F4037,914.42,7.606,6.908,8.002,6078,773382,1.0,0.9,10,1,905277
F4038,876.7139,1.493,1.417,1.526,5724,118950,1.0,0.82,19,1,133781
F4039,914.4392,7.531,7.48,7.606,6079,55321,0.34,0.94,6,1,71169
F4040,876.7389,1.468,1.426,1.51,5725,22420,0.24,0.98,5,1,32408
F4041,965.7197,1.468,1.4,1.51,6434,584691,0.84,0.76,48,1,353970
F4042,965.7197,1.518,1.569,1.602,6434,294029,0.85,0.96,40,1,66642
F4043,965.7197,1.67,1.602,1.771,6434,480573,0.87,0.87,37,1,503370
F4044,965.7197,2.099,1.998,2.2,6434,522004,0.87,0.99,34,1,546370
F4045,475.3172,1.577,1.518,1.653,6657,49025,1.0,0.91,3,1,67066
F4046,475.3172,2.975,2.916,3.051,6657,43894,0.77,0.96,3,1,61042
F4047,876.7951,1.484,1.383,1.586,5727,13793519,1.0,0.89,901,1,13818519
F4048,914.5373,4.516,4.457,4.6,6080,49047,1.0,0.68,6,1,68002
F4049,914.5627,7.32,6.941,8.011,6081,710415,1.0,0.89,10,1,838581
F4050,876.8519,1.442,1.409,1.484,5728,189437,1.0,0.89,33,1,174119
F4051,876.8519,1.526,1.484,1.611,5728,393748,1.0,0.7,44,1,410796
F4052,876.8519,1.636,1.611,1.661,5728,48511,1.0,0.98,11,1,61874
F4053,966.7143,1.468,1.409,1.51,6437,120141,1.0,0.97,17,1,134594
F4054,966.7143,1.543,1.51,1.602,6437,140496,1.0,0.94,18,1,147941
F4055,966.7143,1.653,1.602,1.754,6437,142456,1.0,0.86,11,1,164651
F4056,966.7143,2.108,2.006,2.166,6437,162840,1.0,0.91,12,1,186114
F4057,966.7143,2.2,2.166,2.301,6437,150999,1.0,0.96,13,1,167696
F4058,877.4952,3.615,3.531,3.716,5729,104799,1.0,0.95,9,1,127991
F4059,914.5722,7.219,7.169,7.261,6082,33184,0.44,0.88,5,1,47808
F4060,967.6891,2.217,2.175,2.276,6438,59766,1.0,0.95,7,1,78314
F4061,476.3018,2.503,2.402,2.605,6659,865925,1.0,1.0,11,1,969856
F4062,476.3018,9.106,8.398,9.998,6659,1041514,0.95,0.79,3,1,1805308
F4063,967.7418,1.476,1.417,1.518,6440,135212,0.6,0.57,12,1,89526
F4064,967.7418,1.543,1.577,1.602,6440,67496,0.62,0.96,10,1,10245
F4065,914.6092,2.175,2.074,2.276,6084,485906,1.0,1.0,26,1,514437
F4066,478.2875,3.64,3.539,3.741,6660,622853,1.0,0.97,32,1,650580
F4067,914.6327,2.108,2.074,2.15,6085,40553,0.3,0.88,6,1,54727
F4068,877.6151,1.518,1.476,1.619,5733,66225,1.0,0.7,4,1,85719
F4069,969.6375,4.651,4.55,4.752,6447,267477,1.0,0.97,15,1,294796
F4070,478.4045,1.678,1.586,1.779,6661,294074,1.0,0.98,10,1,321018
F4071,914.6966,4.693,4.659,4.735,6087,28782,0.6,0.86,5,1,36048
F4072,969.7008,1.526,1.434,1.628,6448,293893,0.87,0.77,18,1,316506
F4073,969.7008,2.124,2.032,2.192,6448,55565,0.7,0.94,5,1,76116
F4074,479.4097,1.636,1.569,1.695,6663,69547,0.67,0.86,7,1,88971
F4075,914.7072,7.573,6.958,7.766,6088,337046,0.89,0.77,6,1,435436
F4076,969.9598,1.56,1.459,1.653,6449,447475,1.0,0.92,29,1,473635
F4077,480.3075,3.623,3.522,3.724,6664,284708,1.0,0.99,18,1,310882
F4078,914.8099,1.484,1.409,1.586,6090,396558,1.0,0.83,29,1,415623
F4079,970.2107,1.56,1.459,1.661,6451,542170,1.0,0.91,34,1,570114
F4080,877.6432,1.56,1.526,1.661,5735,86037,1.0,0.85,4,1,105514
F4081,914.8689,1.493,1.442,1.594,6092,72962,1.0,0.56,6,1,95071
F4082,482.4162,1.594,1.552,1.636,6668,25722,0.46,0.67,5,1,38275
F4083,970.4608,1.518,1.459,1.594,6452,244519,1.0,0.88,23,1,267432
F4084,970.4608,1.602,1.594,1.686,6452,116431,1.0,0.97,16,1,130399
F4085,877.661,1.569,1.468,1.67,5736,86453,0.9,0.96,4,1,113357
F4086,877.661,1.981,1.88,2.082,5736,461578,1.0,0.99,25,1,491434
F4087,877.661,4.516,4.415,4.617,5736,347599,1.0,0.99,24,1,373623
F4088,915.1378,2.023,1.863,2.158,6096,92256,1.0,0.9,5,1,128920
F4089,970.6271,4.651,4.55,4.752,6453,163620,1.0,0.96,10,1,189727
F4090,915.5432,4.533,4.457,4.617,6097,61546,1.0,0.94,6,1,82224
F4091,877.7192,1.518,1.417,1.619,5737,2585656,1.0,0.96,148,1,2610656
F4092,877.7987,1.476,1.392,1.577,5738,7073627,1.0,0.92,513,1,7096627
F4093,484.3768,1.661,1.569,1.948,6672,413504,1.0,0.96,13,1,460246
F4094,970.7129,1.518,1.442,1.468,6455,100863,0.78,0.96,15,1,23841
F4095,970.7129,1.569,1.526,1.67,6455,347166,0.76,0.79,21,1,283846
F4096,915.6734,1.51,1.426,1.611,6101,171431,1.0,0.86,11,1,197276
F4097,915.6734,4.979,4.895,5.055,6101,68386,0.92,0.99,6,1,88816
F4098,487.4072,1.653,1.577,1.754,6675,88934,1.0,0.9,7,1,114375
F4099,970.837,1.468,1.392,1.569,6456,491757,1.0,0.85,48,1,515601
F4100,878.513,4.743,4.642,4.844,5741,468303,1.0,0.96,31,1,494528
F4101,915.8126,1.484,1.426,1.586,6102,290746,1.0,0.83,21,1,313954
F4102,878.5346,3.026,2.941,3.11,5742,79469,1.0,0.98,7,1,100742
F4103,971.8401,1.459,1.4,1.56,6458,389467,1.0,0.96,33,1,410689
F4104,916.5635,3.766,3.666,3.868,6105,430516,1.0,0.99,12,1,457409
F4105,878.6003,3.657,3.598,3.733,5743,73287,1.0,0.97,7,1,90855
F4106,878.6003,4.466,4.44,4.525,5743,28447,0.88,0.81,5,1,40796
F4107,972.728,1.67,1.636,1.703,6460,44545,1.0,0.88,8,1,57071
F4108,972.728,1.746,1.703,1.813,6460,61984,1.0,0.92,7,1,79405
F4109,916.5813,4.507,4.44,4.558,6106,43691,1.0,0.96,5,1,58882
F4110,972.8523,1.459,1.383,1.56,6461,1034015,1.0,0.93,86,1,1061123
F4111,973.5995,2.251,2.158,2.352,6462,305271,1.0,0.99,23,1,329043
F4112,916.6822,1.518,1.434,1.619,6110,109016,1.0,0.94,7,1,132655
F4113,496.4152,1.712,1.611,1.813,6686,654106,1.0,0.99,10,1,713399
F4114,878.636,2.099,2.015,2.2,5745,210884,1.0,0.94,9,1,238304
F4115,973.8568,1.459,1.392,1.56,6463,678112,1.0,0.92,56,1,703132
F4116,916.8222,1.484,1.434,1.577,6111,192749,1.0,0.93,18,1,213978
F4117,974.6039,2.259,2.158,2.352,6464,150465,1.0,0.97,12,1,176012
F4118,917.4867,3.421,3.362,3.455,6112,37973,1.0,0.96,5,1,50045
F4119,878.6745,2.006,1.906,2.082,5746,154856,0.95,0.94,10,1,179051
F4120,878.6745,4.507,4.406,4.609,5746,744882,1.0,1.0,53,1,775404
F4121,878.724,1.518,1.417,1.619,5747,1585030,1.0,0.98,92,1,1622938
F4122,974.8666,1.459,1.392,1.56,6468,757620,1.0,0.93,61,1,783934
F4123,917.5598,3.766,3.666,3.868,6113,195268,1.0,0.99,11,1,221558
F4124,917.5598,4.507,4.432,4.609,6113,195840,1.0,0.99,18,1,219491
F4125,497.3774,5.316,5.282,5.341,6688,51281,1.0,0.98,11,1,60817
F4126,497.3774,5.392,5.366,5.484,6688,222933,1.0,0.89,33,1,239220
F4127,878.8042,1.484,1.409,1.586,5748,2547290,0.94,0.85,170,1,2569290
F4128,917.5883,4.474,4.449,4.558,6114,49860,1.0,0.83,5,1,66425
F4129,975.6064,2.251,2.175,2.327,6469,67905,0.75,0.99,6,1,87724
F4130,501.3788,1.72,1.619,1.821,6690,647411,1.0,0.99,26,1,676847
F4131,975.7673,1.586,1.501,1.686,6470,154614,1.0,0.9,17,1,177665
F4132,917.6952,1.51,1.409,1.611,6116,462227,0.95,0.93,25,1,492917
F4133,879.5114,4.752,4.651,4.853,5751,239157,1.0,0.93,17,1,264992
F4134,975.8715,1.459,1.392,1.56,6471,419656,1.0,0.94,36,1,442802
F4135,917.8294,1.493,1.417,1.569,6117,107152,0.92,0.79,11,1,129506
F4136,502.3728,1.703,1.602,1.804,6691,1253651,1.0,0.99,84,1,1287264
F4137,976.7166,1.526,1.476,1.569,6472,70660,1.0,0.92,12,1,74129
F4138,879.6396,2.082,1.981,2.183,5758,121636,1.0,0.98,8,1,147450
F4139,506.3341,1.762,1.661,1.855,6694,96558,0.9,0.87,6,1,121081
F4140,918.1162,4.196,4.095,4.297,6119,494356,1.0,0.99,33,1,520153
F4141,879.697,4.516,4.415,4.609,5759,363728,1.0,0.99,30,1,392189
F4142,977.7062,1.501,1.417,1.602,6474,656185,1.0,0.86,53,1,668751
F4143,508.2634,1.636,1.602,1.686,6697,33709,1.0,0.93,5,1,46920
F4144,879.736,1.56,1.459,1.661,5760,4191773,1.0,0.97,238,1,4216773
F4145,978.6862,2.343,2.268,2.369,6476,30834,1.0,0.77,5,1,43776
F4146,879.8055,1.493,1.409,1.594,5761,761006,1.0,0.94,55,1,772248
F4147,978.7084,1.56,1.484,1.653,6477,365282,0.79,0.94,28,1,381337
F4148,509.2739,1.644,1.594,1.746,6698,68376,0.45,0.96,2,1,106997
F4149,880.5265,4.743,4.642,4.844,5763,231919,1.0,0.93,15,1,257106
F4150,918.5631,3.766,3.699,3.851,6121,52197,1.0,0.99,5,1,72146
F4151,918.5631,4.516,4.44,4.6,6121,98711,1.0,0.97,9,1,120209
F4152,979.701,1.501,1.417,1.602,6479,769427,1.0,0.93,51,1,796694
F4153,979.701,2.31,2.209,2.411,6479,92590,0.84,0.97,7,1,118117
F4154,511.3224,4.07,3.969,4.171,6700,240119,1.0,0.99,17,1,266148
F4155,880.5866,1.628,1.535,1.729,5765,208952,1.0,0.99,18,1,234921
F4156,980.2725,1.518,1.451,1.56,6480,1497497,1.0,0.77,157,1,1511497
F4157,980.2725,1.569,1.56,1.628,6480,445414,1.0,0.61,115,1,454414
F4158,512.4299,1.653,1.552,1.67,6701,53871,0.92,0.73,5,1,75889
F4159,880.6429,1.628,1.526,1.678,5768,58932,0.89,0.7,5,1,77767
F4160,918.617,1.569,1.535,1.644,6123,43155,0.91,0.82,5,1,59746
F4161,918.617,4.196,4.095,4.297,6123,297882,1.0,0.99,19,1,323773
F4162,980.7013,2.2,2.108,2.301,6481,4021862,1.0,0.99,289,1,4045862
F4163,880.7021,4.541,4.474,4.626,5769,133789,1.0,0.97,14,1,155097
F4164,980.7474,1.476,1.409,1.577,6482,2765534,1.0,0.91,178,1,2786534
F4165,918.6303,4.263,4.221,4.314,6124,23476,0.36,0.89,6,1,34645
F4166,880.7397,1.501,1.4,1.602,5770,2375211,0.95,0.96,145,1,2400211
F4167,981.1739,2.141,2.04,2.234,6483,107680,0.88,0.51,7,1,133224
F4168,512.5021,1.686,1.586,1.788,6702,130239,1.0,0.88,3,1,171606
F4169,918.6657,2.066,1.965,2.166,6125,295913,1.0,1.0,22,1,322564
F4170,918.6657,4.971,4.912,5.038,6125,62380,1.0,0.99,7,1,78776
F4171,881.4943,2.68,2.613,2.781,5771,60122,0.76,0.94,5,1,82011
F4172,881.4943,4.726,4.676,4.752,5771,30669,0.89,0.97,6,1,43174
F4173,981.2739,1.518,1.434,1.526,6484,913520,0.5,0.78,151,1,925520
F4174,514.374,2.268,2.209,2.369,6704,75986,1.0,0.8,6,1,97191
F4175,981.7066,2.209,2.108,2.31,6485,2283264,1.0,0.99,165,1,2308264
F4176,918.6997,1.569,1.468,1.67,6127,301401,0.91,0.93,16,1,326919
F4177,881.5274,4.777,4.701,4.836,5772,52224,0.65,0.79,5,1,71229
F4178,981.7524,1.493,1.409,1.594,6486,1979195,1.0,0.89,136,1,2002195
F4179,919.1195,4.213,4.129,4.297,6128,75620,1.0,0.68,7,1,98189
F4180,515.3619,1.644,1.602,1.746,6706,92957,1.0,0.89,10,1,112198
F4181,515.3619,3.303,3.202,3.404,6706,201085,1.0,0.97,14,1,227772
F4182,982.2721,1.518,1.484,1.619,6487,1507366,0.92,0.79,140,1,1524366
F4183,881.5423,4.726,4.693,4.777,5773,28822,1.0,0.93,5,1,42223
F4184,919.5704,4.491,4.449,4.592,6131,51103,1.0,0.7,5,1,69332
F4185,516.3008,2.369,2.268,2.47,6707,125416,1.0,0.98,9,1,151271
F4186,517.2895,1.644,1.577,1.729,6708,75838,1.0,0.97,7,1,96898
F4187,919.6175,4.946,4.87,5.038,6133,56307,0.78,0.98,5,1,77844
F4188,982.7098,2.209,2.116,2.31,6490,772607,1.0,0.99,58,1,797982
F4189,881.5876,1.628,1.569,1.712,5776,105238,0.77,0.86,11,1,123238
F4190,881.5876,4.154,4.053,4.255,5776,2171175,1.0,0.99,141,1,2196175
F4191,982.7572,1.493,1.409,1.594,6491,754928,1.0,0.91,52,1,782752
F4192,919.685,1.501,1.409,1.602,6134,761498,1.0,0.9,43,1,808858
F4193,919.685,2.066,1.965,2.166,6134,162813,0.83,0.99,11,1,188396
F4194,919.685,4.971,4.886,5.038,6134,61076,0.84,0.98,6,1,80706
F4195,881.6453,4.137,4.078,4.238,5779,111024,1.0,0.81,10,1,129380
F4196,983.2715,1.526,1.426,1.619,6494,1144581,1.0,0.98,85,1,1172896
F4197,881.7507,1.535,1.434,1.636,5780,3246839,1.0,0.96,171,1,3271839
F4198,920.1386,7.817,7.034,8.036,6135,472187,1.0,0.86,8,1,592452
F4199,983.7128,2.2,2.124,2.293,6495,135027,1.0,0.93,15,1,157679
F4200,881.8006,1.518,1.442,1.56,5781,98752,1.0,0.71,13,1,116697
F4201,520.3831,5.375,5.274,5.476,6712,830829,1.0,0.95,61,1,866232
F4202,920.2797,7.708,6.983,8.053,6136,774930,1.0,0.91,12,1,903294
F4203,983.7584,1.484,1.434,1.586,6496,130135,1.0,0.59,10,1,155988
F4204,882.0881,4.154,4.053,4.255,5782,1998248,1.0,0.99,128,1,2023248
F4205,920.3054,1.501,1.434,1.602,6137,197543,1.0,0.92,16,1,222241
F4206,882.5085,4.752,4.684,4.802,5783,47445,1.0,0.99,5,1,63556
F4207,984.2687,1.552,1.484,1.644,6498,442346,1.0,0.94,43,1,463409
F4208,920.4335,7.8,7.699,7.901,6138,314905,0.45,0.83,10,1,338555
F4209,984.4705,1.577,1.501,1.678,6499,347404,1.0,0.9,30,1,370752
F4210,882.5619,1.678,1.628,1.779,5785,164152,1.0,0.8,14,1,182798
F4211,882.5619,3.337,3.261,3.413,5785,59909,0.86,0.96,5,1,79470
F4212,920.5654,7.766,6.958,8.061,6139,925099,1.0,0.88,14,1,1058386
F4213,984.7075,1.569,1.468,1.67,6501,731765,1.0,0.94,39,1,761233
F4214,882.5879,1.636,1.594,1.678,5786,46238,0.79,0.95,8,1,57431
F4215,882.5879,4.154,4.053,4.255,5786,1106493,1.0,0.99,70,1,1138539
F4216,984.9719,1.535,1.442,1.628,6502,356684,0.85,0.86,23,1,378903
F4217,920.5777,7.598,7.514,7.64,6140,48122,0.69,0.71,8,1,65839
F4218,920.5777,7.725,7.64,7.758,6140,43770,0.6,0.76,6,1,55837
F4219,882.5982,1.661,1.628,1.72,5787,24354,1.0,0.93,5,1,37189
F4220,985.4735,1.518,1.468,1.602,6503,79511,1.0,0.85,8,1,97039
F4221,882.6151,1.644,1.619,1.729,5788,38580,1.0,0.84,5,1,54177
F4222,985.5183,8.306,7.969,9.19,6505,318224,0.67,0.65,3,1,561741
F4223,882.6701,4.726,4.626,4.777,5789,139084,1.0,0.8,12,1,159577
F4224,920.6376,1.569,1.468,1.619,6143,99579,1.0,0.67,8,1,121897
F4225,920.6376,2.377,2.276,2.478,6143,82159,0.98,0.99,5,1,107952
F4226,920.6376,4.954,4.861,5.055,6143,126151,1.0,0.99,10,1,150785
F4227,985.6587,2.209,2.108,2.31,6507,335451,1.0,1.0,23,1,362375
F4228,882.7551,1.51,1.409,1.611,5790,1706672,0.95,0.93,92,1,1747447
F4229,882.8959,1.526,1.484,1.501,5791,67701,0.54,0.93,12,1,6958
F4230,882.8959,1.602,1.56,1.678,5791,153461,0.5,0.54,14,1,111681
F4231,920.6821,1.67,1.644,1.754,6144,38636,0.68,0.61,5,1,53514
F4232,920.6821,2.049,1.948,2.15,6144,917528,1.0,1.0,61,1,948705
F4233,920.6821,4.575,4.491,4.676,6144,163233,0.89,0.97,12,1,187314
F4234,883.0914,4.12,4.07,4.154,5792,149692,1.0,0.97,23,1,172370
F4235,883.0914,4.196,4.154,4.238,5792,155686,1.0,0.9,25,1,173174
F4236,985.7061,1.501,1.442,1.602,6508,1392517,1.0,0.83,103,1,1412517
F4237,985.7061,1.619,1.611,1.67,6508,93726,0.96,0.66,28,1,101726
F4238,985.7061,2.116,2.074,2.15,6508,28044,0.62,0.64,5,1,38044
F4239,920.7124,1.493,1.409,1.594,6145,479024,0.82,0.91,28,1,503934
F4240,920.7124,7.716,7.657,7.8,6145,180532,0.46,0.52,9,1,199898
F4241,986.6589,2.209,2.108,2.31,6509,192676,1.0,0.99,13,1,218655
F4242,920.7621,1.493,1.4,1.594,6146,1023474,1.0,0.96,70,1,1051419
F4243,883.1492,1.535,1.476,1.594,5793,92383,1.0,0.88,11,1,101602
F4244,883.1492,1.636,1.594,1.703,5793,76466,1.0,0.93,11,1,89595
F4245,986.7034,1.501,1.409,1.602,6510,924520,1.0,0.94,64,1,954531
F4246,987.665,2.217,2.192,2.276,6511,26530,1.0,0.72,5,1,39647
F4247,883.5679,1.67,1.569,1.771,5796,111074,1.0,0.95,8,1,133644
F4248,920.833,1.459,1.417,1.426,6147,37648,0.69,0.96,7,1,5749
F4249,920.833,1.526,1.484,1.628,6147,124477,0.73,0.56,9,1,104632
F4250,920.833,7.446,7.346,7.489,6147,56098,0.68,0.67,5,1,74018
F4251,920.833,7.632,7.548,7.691,6147,107924,0.7,0.94,8,1,128757
F4252,920.833,7.758,7.691,7.817,6147,98574,0.71,0.81,9,1,117702
F4253,883.5876,1.636,1.594,1.67,5797,27716,0.68,0.94,5,1,34890
F4254,883.5876,4.154,4.053,4.255,5797,164156,1.0,0.98,11,1,190456
F4255,525.894,7.674,7.446,8.019,6718,215364,0.57,0.66,2,1,341018
F4256,920.8635,7.548,7.446,7.64,6148,78558,0.7,0.8,5,1,103209
F4257,920.8635,7.716,7.64,7.8,6148,68501,0.78,0.8,5,1,93254
F4258,920.8635,7.842,7.8,7.901,6148,48550,0.85,0.91,6,1,64192
F4259,528.3011,3.548,3.379,3.682,6720,136508,1.0,0.89,6,1,174635
F4260,883.6462,1.577,1.476,1.678,5799,153271,1.0,0.91,9,1,181259
F4261,920.9972,7.809,7.101,8.019,6149,342650,1.0,0.8,6,1,453318
F4262,529.3227,1.661,1.577,1.762,6721,129603,1.0,0.95,6,1,155611
F4263,987.712,1.501,1.426,1.569,6512,244660,0.8,0.95,26,1,258191
F4264,883.6679,4.726,4.651,4.777,5800,65429,0.83,0.93,7,1,84217
F4265,921.1364,7.758,7.261,8.002,6150,205193,1.0,0.64,5,1,294975
F4266,530.2717,1.628,1.594,1.695,6722,42582,1.0,0.8,5,1,58172
F4267,988.7147,1.535,1.442,1.611,6513,103661,1.0,0.52,8,1,125640
F4268,883.7652,1.484,1.409,1.526,5801,590771,1.0,0.98,65,1,627130
F4269,883.7652,1.569,1.535,1.628,5801,239509,1.0,0.94,36,1,232157
F4270,921.3071,1.518,1.442,1.594,6151,151792,1.0,0.86,14,1,172645
F4271,884.0512,1.484,1.442,1.56,5802,52533,1.0,0.62,6,1,65267
F4272,990.7229,1.586,1.51,1.67,6516,60740,1.0,0.69,6,1,80428
F4273,990.7229,2.082,2.015,2.166,6516,87501,1.0,0.94,8,1,110142
F4274,921.515,3.758,3.708,3.859,6152,87454,1.0,0.93,8,1,109494
F4275,884.066,4.188,4.086,4.272,5803,96606,1.0,0.76,9,1,120203
F4276,530.3541,1.695,1.594,1.762,6723,223767,1.0,0.95,5,1,252462
F4277,530.3541,2.411,2.327,2.512,6723,134885,1.0,0.99,4,1,168822
F4278,991.6508,4.76,4.668,4.861,6520,201936,1.0,0.97,14,1,223201
F4279,884.561,4.171,4.095,4.255,5805,101216,1.0,0.98,9,1,122534
F4280,921.6853,2.049,1.948,2.15,6157,464310,1.0,1.0,31,1,491762
F4281,921.6853,4.583,4.491,4.684,6157,102233,0.84,0.97,8,1,126889
F4282,991.6654,5.375,5.341,5.442,6521,108329,1.0,0.99,14,1,124589
F4283,530.8851,2.394,2.293,2.495,6724,365400,1.0,0.99,26,1,390449
F4284,991.7204,1.569,1.468,1.661,6522,204061,1.0,0.84,14,1,229491
F4285,921.7222,1.51,1.409,1.476,6158,562261,0.73,0.99,51,1,225818
F4286,921.7222,1.577,1.535,1.678,6158,947443,0.73,0.94,52,1,623010
F4287,884.6573,1.586,1.484,1.686,5808,286979,1.0,0.87,20,1,316783
F4288,884.6573,4.726,4.626,4.769,5808,70316,0.86,0.82,6,1,89851
F4289,992.1531,4.76,4.684,4.794,6524,96535,1.0,0.78,15,1,111158
F4290,921.7659,1.493,1.409,1.569,6159,567375,1.0,0.99,50,1,595147
F4291,884.77,1.484,1.4,1.586,5810,642486,1.0,0.87,44,1,672061
F4292,921.8347,1.51,1.468,1.543,6161,31994,1.0,0.95,6,1,44640
F4293,531.309,1.678,1.577,1.779,6725,1379450,1.0,0.99,13,1,1489936
F4294,885.5405,1.619,1.535,1.72,5811,234314,1.0,1.0,18,1,258025
F4295,922.3052,1.518,1.442,1.594,6162,115461,1.0,0.79,10,1,136210
F4296,992.7292,1.484,1.442,1.526,6527,148910,0.79,0.52,12,1,103002
F4297,992.7292,1.56,1.586,1.661,6527,116352,0.79,0.69,12,1,58214
F4298,992.7292,2.074,1.998,2.175,6527,152722,0.79,0.98,12,1,173875
F4299,922.5517,3.143,3.084,3.228,6165,60413,0.48,0.98,6,1,79004
F4300,885.5513,2.116,2.023,2.217,5812,253460,1.0,1.0,20,1,279034
F4301,885.5513,6.352,6.268,6.427,5812,56600,0.95,0.97,5,1,77010
F4302,537.5298,1.602,1.501,1.703,6727,3449644,1.0,0.99,124,1,3484680
F4303,993.7335,1.501,1.451,1.602,6528,2104186,1.0,0.6,162,1,2123186
F4304,993.7335,2.074,2.049,2.091,6528,25479,0.59,0.71,5,1,31479
F4305,885.5777,1.602,1.518,1.661,5813,46237,1.0,0.95,5,1,67044
F4306,994.3247,1.501,1.426,1.602,6529,286464,1.0,0.97,24,1,311339
F4307,922.6598,2.133,2.074,2.234,6170,191275,1.0,0.92,15,1,211462
F4308,922.6598,4.937,4.861,5.03,6170,65094,0.86,0.98,5,1,87059
F4309,540.3118,1.661,1.56,1.762,6728,408384,1.0,0.99,15,1,434845
F4310,994.7364,1.493,1.417,1.594,6530,1642768,1.0,0.86,113,1,1664768
F4311,885.6049,1.771,1.67,1.872,5815,216218,1.0,0.96,14,1,240236
F4312,540.3466,2.411,2.31,2.486,6729,84259,1.0,0.93,7,1,107694
F4313,995.3255,1.493,1.426,1.594,6531,188588,1.0,0.84,18,1,212926
F4314,922.7147,1.51,1.409,1.611,6171,574468,0.9,0.89,31,1,605120
F4315,922.7147,2.049,1.948,2.141,6171,149354,0.89,0.84,11,1,173858
F4316,922.7147,4.634,4.533,4.735,6171,130981,0.9,0.94,8,1,156494
F4317,885.6436,1.569,1.476,1.67,5816,109615,1.0,0.85,9,1,133997
F4318,995.7295,1.501,1.409,1.602,6532,906382,1.0,0.91,60,1,936285
F4319,922.7797,1.51,1.426,1.611,6172,2048798,1.0,0.85,137,1,2071798
F4320,885.7801,1.468,1.417,1.569,5817,329399,1.0,0.88,29,1,363212
F4321,541.32,1.695,1.594,1.796,6730,235566,1.0,0.98,5,1,280727
F4322,996.324,1.501,1.434,1.594,6534,184248,1.0,0.9,17,1,207183
F4323,923.6615,2.133,2.057,2.234,6179,99398,1.0,0.96,7,1,120603
F4324,543.3968,1.644,1.577,1.729,6731,179597,0.94,0.91,19,1,198597
F4325,543.3968,2.36,2.259,2.444,6731,2076129,1.0,0.99,149,1,2099129
F4326,923.6985,4.642,4.541,4.726,6180,72669,0.76,0.97,5,1,95641
F4327,886.5483,1.619,1.552,1.72,5818,115338,1.0,0.98,10,1,137431
F4328,886.5483,2.116,2.032,2.217,5818,121059,1.0,0.99,10,1,145085
F4329,886.5483,4.162,4.078,4.263,5818,74076,0.99,0.97,5,1,97537
F4330,886.5483,4.575,4.491,4.676,5818,71520,0.94,0.98,5,1,96010
F4331,996.7002,1.493,1.426,1.594,6535,1096965,0.91,0.83,19,1,1117965
F4332,996.7002,1.644,1.628,1.695,6535,39799,0.67,0.54,2,1,48799
F4333,996.7002,2.318,2.217,2.419,6535,13242653,1.0,0.99,557,1,13267653
F4334,923.7373,1.586,1.484,1.686,6181,590316,0.86,0.86,37,1,619229
F4335,886.5685,1.619,1.56,1.644,5819,31580,0.09,0.68,5,1,44941
F4336,923.7831,1.476,1.409,1.577,6182,1013884,1.0,0.89,87,1,1058556
F4337,996.7604,2.268,2.217,2.293,6536,119032,0.28,0.9,22,1,140116
F4338,996.8527,1.451,1.392,1.493,6537,228135,1.0,0.81,34,1,196349
F4339,996.8527,1.518,1.543,1.56,6537,47127,0.64,0.89,10,0,0
F4340,924.71,4.668,4.566,4.743,6185,189329,1.0,0.88,15,1,209123
F4341,886.5953,1.771,1.67,1.863,5820,75549,0.78,0.92,5,1,99777
F4342,886.5953,3.884,3.783,3.986,5820,217408,1.0,0.98,15,1,243736
F4343,997.3246,1.518,1.459,1.552,6538,64903,1.0,0.8,9,1,80548
F4344,924.7951,1.484,1.417,1.586,6186,2182530,1.0,0.83,160,1,2203530
F4345,886.6638,1.577,1.476,1.661,5823,90944,1.0,0.82,7,1,114628
F4346,925.5149,1.602,1.535,1.686,6188,95601,1.0,0.96,9,1,116202
F4347,997.7021,2.31,2.209,2.411,6539,7294888,1.0,0.99,143,1,7319888
F4348,886.7814,1.51,1.409,1.611,5824,533680,1.0,0.92,35,1,561191
F4349,925.5716,7.606,7.371,7.741,6189,140454,1.0,0.91,5,1,185619
F4350,887.0977,3.884,3.817,3.986,5825,162907,1.0,0.96,13,1,190514
F4351,997.7647,2.31,2.209,2.411,6540,359405,1.0,0.93,30,1,382327
F4352,925.6153,4.423,4.322,4.525,6190,984848,1.0,1.0,63,1,1015764
F4353,887.558,1.602,1.501,1.703,5826,500288,1.0,0.99,34,1,527284
F4354,997.8562,1.459,1.409,1.526,6542,178383,1.0,0.99,22,1,192204
F4355,997.8562,1.552,1.526,1.586,6542,22805,1.0,0.97,5,1,30827
F4356,925.7137,4.651,4.583,4.735,6192,105817,1.0,0.91,10,1,127484
F4357,544.3782,3.539,3.438,3.64,6734,283794,1.0,0.97,18,1,309246
F4358,544.3782,5.333,5.266,5.434,6734,161058,1.0,0.95,14,1,181089
F4359,998.7048,2.318,2.217,2.419,6543,2413506,1.0,0.99,179,1,2438506
F4360,925.7342,1.451,1.434,1.493,6193,19460,0.88,0.79,5,1,29640
F4361,925.7342,1.535,1.51,1.594,6193,66782,1.0,0.92,11,1,75033
F4362,887.5881,1.569,1.501,1.602,5828,52148,1.0,0.77,8,1,65262
F4363,998.735,1.476,1.442,1.501,6544,60385,0.53,0.98,12,1,71165
F4364,998.735,1.636,1.602,1.695,6544,59768,0.58,0.67,8,1,72907
F4365,925.7991,1.484,1.4,1.586,6194,1323973,1.0,0.93,92,1,1358676
F4366,998.7647,2.343,2.284,2.377,6545,88280,1.0,0.94,12,1,102089
F4367,887.6041,1.577,1.493,1.678,5829,115704,0.98,0.87,6,1,139658
F4368,887.6041,3.868,3.766,3.969,5829,285190,1.0,0.99,15,1,314260
F4369,545.3628,1.653,1.569,1.754,6735,476625,1.0,0.95,20,1,500291
F4370,926.1144,4.44,4.339,4.541,6197,967086,1.0,1.0,63,1,1000464
F4371,998.8674,1.468,1.392,1.569,6546,453631,1.0,0.92,41,1,477303
F4372,887.6276,1.56,1.484,1.661,5830,79595,0.89,0.87,6,1,102647
F4373,887.6599,1.594,1.493,1.67,5831,65894,1.0,0.9,5,1,89095
F4374,546.3483,5.324,5.223,5.426,6736,1764947,1.0,0.99,48,1,1819822
F4375,887.784,1.484,1.451,1.586,5832,251711,1.0,0.74,21,1,270620
F4376,548.3659,5.324,5.223,5.426,6737,253855,1.0,0.99,18,1,279282
F4377,888.1055,3.817,3.766,3.834,5833,32568,1.0,0.8,6,1,46428
F4378,888.1055,3.876,3.834,3.926,5833,55497,1.0,0.87,9,1,75413
F4379,549.4084,1.586,1.493,1.644,6738,126059,0.56,0.94,10,1,146965
F4380,888.5603,1.619,1.526,1.72,5834,232462,1.0,0.99,21,1,259659
F4381,888.5603,4.55,4.466,4.651,5834,149145,1.0,0.96,10,1,173504
F4382,888.5716,1.56,1.51,1.586,5835,43626,1.0,0.88,8,1,57942
F4383,552.3297,1.56,1.459,1.653,6741,90519,1.0,0.98,4,1,115925
F4384,557.3937,1.274,1.19,1.358,6743,140465,1.0,0.99,13,1,163817
F4385,557.3937,2.419,2.394,2.52,6743,78435,1.0,0.81,8,1,97320
F4386,888.5868,1.628,1.526,1.686,5836,71441,0.06,0.72,4,1,93767
F4387,560.3229,1.594,1.552,1.678,6744,50486,0.47,0.65,2,1,65811
F4388,560.3229,2.453,2.36,2.554,6744,272897,1.0,1.0,11,1,298676
F4389,888.6039,1.594,1.526,1.695,5837,76770,1.0,0.77,6,1,96880
F4390,888.6039,3.851,3.75,3.952,5837,124143,1.0,0.98,8,1,148796
F4391,563.3246,5.333,5.266,5.409,6746,47406,1.0,0.98,5,1,65854
F4392,888.6528,1.628,1.526,1.729,5839,1841401,1.0,0.98,133,1,1866401
F4393,888.7945,1.501,1.409,1.602,5840,478500,1.0,0.84,28,1,505470
F4394,568.4548,1.686,1.611,1.771,6747,476514,1.0,0.98,12,1,525846
F4395,568.4548,2.967,2.891,3.068,6747,64295,0.58,0.67,2,1,109048
F4396,889.5722,1.611,1.518,1.712,5842,159079,1.0,0.88,14,1,185032
F4397,889.5722,4.525,4.466,4.626,5842,104906,1.0,0.97,8,1,125295
F4398,889.5722,5.038,5.004,5.122,5842,49576,0.96,0.93,6,1,64775
F4399,568.5649,1.577,1.526,1.678,6748,107449,0.94,0.76,8,1,127759
F4400,889.5821,8.55,8.07,8.962,5843,341938,0.94,0.76,5,1,452502
F4401,570.4677,1.619,1.552,1.628,6749,41403,0.36,0.87,4,1,52785
F4402,571.4185,1.746,1.686,1.846,6750,124128,1.0,0.97,10,1,147639
F4403,889.6038,9.324,9.24,9.375,5844,46626,0.19,0.75,2,1,64062
F4404,889.6038,9.417,9.375,9.468,5844,28638,0.17,0.84,2,1,36811
F4405,889.6133,1.501,1.459,1.543,5845,39636,0.62,0.9,2,1,47483
F4406,889.6133,1.602,1.543,1.636,5845,48339,0.8,0.64,3,1,56506
F4407,889.6133,9.468,9.4,9.493,5845,29685,0.44,0.95,2,1,40866
F4408,584.3665,2.545,2.444,2.646,6755,144338,1.0,0.99,10,1,172164
F4409,587.4485,1.636,1.611,1.703,6756,32725,1.0,0.97,5,1,44533
F4410,889.6302,4.979,4.912,5.08,5846,75569,1.0,0.95,7,1,97735
F4411,889.6594,1.628,1.526,1.729,5848,1023461,1.0,0.98,69,1,1048848
F4412,889.7991,1.484,1.417,1.577,5849,297683,1.0,0.94,22,1,322337
F4413,588.4258,1.931,1.83,1.998,6757,132226,0.93,0.94,7,1,153216
F4414,588.4258,2.503,2.402,2.605,6757,961475,1.0,0.99,40,1,986954
F4415,595.5911,1.611,1.51,1.712,6759,410092,1.0,0.97,29,1,438174
F4416,890.5656,4.583,4.499,4.676,5851,89357,1.0,0.86,9,1,112093
F4417,600.3169,5.383,5.282,5.484,6760,103598,1.0,0.94,8,1,129036
F4418,600.39,1.703,1.611,1.804,6761,404482,1.0,0.88,14,1,430046
F4419,602.327,5.4,5.299,5.493,6762,146965,1.0,0.97,9,1,173619
F4420,890.6008,1.552,1.451,1.653,5852,339619,0.94,1.0,3,1,447545
F4421,890.6008,8.836,7.741,9.88,5852,6084510,0.94,0.83,6,1,7168740
F4422,602.9239,2.579,2.478,2.68,6763,113977,0.75,0.88,7,1,137313
F4423,604.4358,1.762,1.678,1.863,6764,181143,0.78,0.96,7,1,205710
F4424,609.3026,2.562,2.461,2.663,6765,224454,1.0,0.99,16,1,250585
F4425,890.6169,1.257,1.232,1.299,5853,19621,0.13,0.88,2,1,30844
F4426,890.6169,2.697,2.663,2.748,5853,28837,0.13,0.97,2,1,36967
F4427,890.6332,4.516,4.474,4.609,5854,110764,1.0,0.92,12,1,128007
F4428,614.4409,1.653,1.569,1.686,6767,113306,1.0,0.99,9,1,128669
F4429,614.4409,1.788,1.686,1.889,6767,266709,1.0,0.9,12,1,291728
F4430,614.4409,3.581,3.506,3.666,6767,54966,0.77,0.99,5,1,75001
F4431,618.4023,2.605,2.503,2.663,6768,108935,1.0,0.96,8,1,130769
F4432,890.658,1.619,1.518,1.72,5855,418166,1.0,0.99,18,1,443806
F4433,624.6228,1.611,1.51,1.712,6769,290552,1.0,1.0,21,1,318090
F4434,890.6714,1.526,1.451,1.586,5856,49495,0.71,0.79,5,1,69737
F4435,890.7333,1.586,1.442,1.653,5857,80620,1.0,0.56,5,1,107039
F4436,890.8084,1.501,1.417,1.661,5858,307638,1.0,0.81,18,1,340334
F4437,625.4257,3.084,2.992,3.186,6771,94996,0.73,0.83,4,1,121274
F4438,625.4257,3.261,3.219,3.329,6771,49334,0.66,0.89,3,1,64511
F4439,891.6194,2.166,2.108,2.259,5861,120452,0.75,0.93,4,1,139239
F4440,629.3111,2.857,2.756,2.916,6773,65410,1.0,0.89,5,1,87180
F4441,891.6382,2.158,2.074,2.192,5862,33389,0.6,0.68,3,1,47462
F4442,891.6382,4.516,4.474,4.6,5862,66892,0.91,0.92,8,1,83938
F4443,891.6489,4.988,4.937,5.055,5863,68362,1.0,0.97,8,1,85429
F4444,629.5012,1.813,1.712,1.914,6774,513380,1.0,0.95,25,1,542926
F4445,891.7383,1.552,1.451,1.644,5866,95877,1.0,0.78,7,1,120503
F4446,637.3605,1.754,1.653,1.855,6776,105178,0.89,0.92,5,1,130876
F4447,891.8122,1.468,1.451,1.51,5867,34488,1.0,0.79,7,1,38078
F4448,891.8122,1.569,1.51,1.611,5867,58570,1.0,0.68,8,1,73520
F4449,892.0483,4.196,4.103,4.246,5868,51348,1.0,0.8,5,1,70851
F4450,892.5404,4.162,4.086,4.255,5869,59711,0.19,0.97,5,1,81107
F4451,643.4226,2.866,2.764,2.924,6780,77700,1.0,0.56,3,1,109149
F4452,892.5785,3.362,3.202,3.59,5870,124968,1.0,0.92,5,1,172236
F4453,892.5785,4.533,4.449,4.634,5870,180119,1.0,0.93,15,1,202282
F4454,646.3711,1.56,1.501,1.661,6783,119584,1.0,0.8,10,1,141111
F4455,649.5067,1.543,1.442,1.644,6784,392108,1.0,0.92,27,1,418429
F4456,892.5958,1.56,1.459,1.661,5871,115578,0.07,0.99,4,1,163284
F4457,892.5958,4.954,4.903,5.021,5871,45395,0.13,0.95,3,1,74173
F4458,652.6293,1.577,1.51,1.67,6785,1316480,1.0,0.86,20,1,1369700
F4459,892.635,1.518,1.493,1.619,5873,50755,0.65,0.62,5,1,66589
F4460,653.6373,1.569,1.468,1.67,6786,619635,1.0,0.95,15,1,652646
F4461,658.3969,2.453,2.352,2.554,6788,93099,1.0,0.98,6,1,119508
F4462,658.4993,1.644,1.56,1.746,6789,425122,1.0,0.85,7,1,471358
F4463,658.4993,1.838,1.762,1.939,6789,271717,0.97,0.99,5,1,315511
F4464,658.5213,1.543,1.451,1.594,6790,164127,1.0,0.96,13,1,183259
F4465,658.5213,1.619,1.594,1.653,6790,27476,1.0,0.88,4,1,29820
F4466,658.5213,1.754,1.686,1.796,6790,52833,1.0,0.94,4,1,63469
F4467,658.5213,1.838,1.796,1.88,6790,36879,1.0,0.85,4,1,43928
F4468,663.5042,1.484,1.392,1.51,6791,212782,0.11,0.66,3,1,257609
F4469,663.5042,1.569,1.51,1.611,6791,533473,1.0,0.99,10,1,535837
F4470,663.5042,1.644,1.611,1.729,6791,185004,0.09,0.91,3,1,222800
F4471,663.5042,2.099,2.057,2.192,6791,131169,0.41,0.9,2,1,164931
F4472,663.5042,2.276,2.242,2.369,6791,119648,0.42,0.52,2,1,154351
F4473,663.5042,2.478,2.402,2.52,6791,108612,0.42,0.93,2,1,138303
F4474,663.5042,2.916,2.823,3.009,6791,154523,0.41,0.55,3,1,203507
F4475,663.5042,5.872,5.821,5.906,6791,42871,0.44,0.94,2,1,64931
F4476,663.5042,6.335,6.259,6.427,6791,112642,0.43,0.95,2,1,158756
F4477,666.4565,1.569,1.468,1.67,6792,405079,1.0,0.98,7,1,475438
F4478,666.4565,2.739,2.638,2.84,6792,178395,0.26,0.97,3,1,247424
F4479,666.6372,1.577,1.484,1.628,6793,113425,1.0,0.66,13,1,132802
F4480,672.5236,1.855,1.754,1.956,6794,1560144,1.0,0.99,45,1,1591710
F4481,673.5225,1.846,1.746,1.948,6795,620184,1.0,0.99,43,1,647121
F4482,673.5225,5.131,5.038,5.232,6795,108696,0.67,0.99,8,1,133748
F4483,679.489,1.577,1.484,1.678,6796,89585,1.0,0.72,7,1,118801
F4484,681.6618,1.569,1.468,1.67,6797,894120,1.0,0.93,16,1,944228
F4485,682.6657,1.569,1.476,1.67,6798,234429,1.0,0.92,12,1,258675
F4486,685.4718,1.611,1.552,1.703,6800,66122,0.88,0.79,4,1,85378
F4487,685.4718,3.042,2.941,3.143,6800,444927,1.0,1.0,22,1,471351
F4488,696.3631,1.636,1.586,1.686,6802,37732,1.0,0.93,5,1,54623
F4489,697.437,3.068,2.967,3.169,6803,448215,1.0,0.99,12,1,478782
F4490,697.437,9.636,9.535,9.712,6803,127071,0.44,0.84,2,1,153004
F4491,704.5136,1.569,1.468,1.67,6804,235785,1.0,0.95,17,1,262318
F4492,707.5887,5.021,4.937,5.063,6805,62723,1.0,0.89,7,1,82173
F4493,707.5887,5.097,5.063,5.139,6805,42525,1.0,0.93,7,1,54758
F4494,709.693,1.569,1.468,1.661,6806,334528,1.0,0.96,11,1,359513
F4495,714.9978,7.337,7.286,7.379,6807,51942,0.13,0.85,4,1,66122
F4496,715.1103,7.691,7.598,7.733,6808,81615,0.4,0.65,6,1,99532
F4497,715.1103,7.809,7.733,7.901,6808,79567,0.34,0.73,5,1,99571
F4498,715.2196,7.758,7.682,7.859,6809,74545,0.3,0.81,5,1,96632
F4499,717.5511,1.644,1.552,1.712,6810,131962,0.81,0.88,8,1,153242
F4500,717.5511,1.88,1.779,1.981,6810,793502,1.0,0.99,45,1,826205
F4501,717.5511,2.798,2.714,2.874,6810,53409,0.61,0.88,3,1,73263
F4502,720.532,1.661,1.619,1.703,6811,15425,0.5,0.85,5,1,26429
F4503,720.532,3.101,3.076,3.135,6811,18930,0.5,0.82,5,1,26931
F4504,720.5601,1.552,1.451,1.644,6812,297646,1.0,0.97,13,1,323655
F4505,720.5601,3.059,2.958,3.126,6812,56257,0.77,0.6,5,1,78064
F4506,723.5354,1.602,1.501,1.661,6815,86293,0.95,0.56,9,1,107829
F4507,723.5354,1.762,1.661,1.846,6815,61540,0.81,0.69,5,1,85952
F4508,723.5354,5.063,4.962,5.164,6815,784922,1.0,0.99,61,1,812331
F4509,736.4016,1.543,1.459,1.644,6816,237800,1.0,0.97,19,1,262183
F4510,741.4625,3.202,3.101,3.303,6817,390848,1.0,0.99,24,1,419915
F4511,744.5276,3.11,3.068,3.211,6818,351909,0.48,0.99,26,1,375103
F4512,746.5635,1.636,1.535,1.737,6820,139122,0.83,0.86,3,1,165901
F4513,746.5635,1.906,1.804,2.006,6820,294474,1.0,0.97,8,1,321938
F4514,746.5635,2.79,2.689,2.891,6820,431932,1.0,0.99,12,1,458198
F4515,746.5635,3.017,2.975,3.118,6820,56577,0.78,0.68,2,1,75570
F4516,746.5635,4.676,4.575,4.769,6820,246416,1.0,0.65,16,1,272010
F4517,751.5152,1.636,1.543,1.737,6821,62262,0.61,0.81,5,1,85238
F4518,751.5152,3.388,3.286,3.489,6821,479086,1.0,0.99,31,1,508182
F4519,756.532,1.56,1.459,1.577,6823,38072,0.63,0.74,5,1,55926
F4520,756.532,3.118,3.017,3.219,6823,367294,1.0,0.96,23,1,398725
F4521,758.5217,4.684,4.592,4.786,6824,346694,1.0,0.99,21,1,373155
F4522,761.5841,1.931,1.83,2.032,6825,989502,0.81,0.99,74,1,1014502
F4523,761.5841,4.684,4.583,4.786,6825,26546411,1.0,1.0,1821,1,26571411
F4524,766.5299,1.577,1.476,1.661,6826,105781,0.72,0.94,2,1,147121
F4525,766.5299,1.922,1.821,2.023,6826,437942,0.97,0.99,9,1,484706
F4526,766.5299,2.756,2.655,2.857,6826,823912,1.0,1.0,13,1,874703
F4527,767.5364,1.948,1.846,2.04,6827,189428,0.93,0.97,9,1,213878
F4528,767.5364,2.731,2.63,2.832,6827,384422,0.97,0.98,17,1,410750
F4529,767.5934,5.021,4.962,5.089,6828,61926,1.0,0.98,6,1,78588
F4530,773.5288,1.594,1.493,1.661,6829,172020,0.95,0.97,3,1,210074
F4531,773.5288,2.697,2.596,2.798,6829,324550,1.0,0.97,5,1,370077
F4532,773.5288,3.514,3.413,3.615,6829,432731,1.0,0.99,9,1,481869
F4533,774.5602,4.777,4.743,4.878,6830,93103,1.0,0.84,12,1,110382
F4534,783.4969,3.497,3.421,3.59,6831,74703,1.0,0.93,6,1,96012
F4535,783.4969,4.575,4.533,4.659,6831,103526,1.0,0.96,13,1,120197
F4536,791.533,2.722,2.697,2.764,6832,67994,1.0,0.89,14,1,83430
F4537,791.533,2.806,2.764,2.866,6832,35594,0.79,0.82,6,1,45121
F4538,792.525,1.569,1.468,1.67,6833,351762,0.17,0.94,4,1,408319
F4539,793.5657,1.543,1.442,1.644,6834,273649,1.0,0.93,10,1,301192
F4540,793.5657,1.88,1.779,1.948,6834,77714,0.83,0.82,3,1,98511
F4541,796.615,1.611,1.518,1.695,6835,205213,0.81,0.72,16,1,227213
F4542,796.615,2.731,2.655,2.815,6835,121965,0.75,0.65,11,1,141965
F4543,796.615,4.592,4.507,4.693,6835,3494535,1.0,0.98,232,1,3517535
F4544,796.615,7.522,7.497,7.539,6835,17962,0.37,0.79,4,1,23962
F4545,802.2448,7.135,7.068,7.186,6836,76098,0.24,0.93,3,1,90451
F4546,802.2448,7.548,7.506,7.598,6836,82452,0.25,0.86,6,1,94147
F4547,804.6935,1.577,1.552,1.653,6837,36853,0.84,0.63,5,1,51723
F4548,804.6935,4.92,4.853,5.013,6837,54922,0.86,0.9,5,1,77005
F4549,808.6177,3.598,3.573,3.657,6838,23918,0.34,0.79,7,1,34918
F4550,808.6177,4.558,4.525,4.592,6838,830882,1.0,0.95,102,1,839882
F4551,810.5302,3.539,3.446,3.64,6839,119014,0.97,0.91,8,1,142871
F4552,810.5302,5.072,4.971,5.173,6839,222769,1.0,0.99,17,1,249870
F4553,814.6191,1.51,1.493,1.535,6840,15550,0.45,0.8,6,1,21550
F4554,814.6191,4.6,4.499,4.701,6840,2679544,1.0,0.98,177,1,2704544
F4555,820.5038,3.775,3.674,3.876,6841,198346,1.0,0.89,13,1,224008
F4556,822.5366,2.68,2.613,2.781,6842,79269,0.79,0.73,6,1,101720
F4557,822.5366,4.6,4.499,4.701,6842,373411,0.95,0.97,22,1,399606
F4558,822.5695,3.48,3.379,3.564,6843,232978,1.0,0.91,7,1,277791
F4559,822.5695,4.726,4.659,4.811,6843,68055,0.55,0.88,2,1,102572
F4560,823.5577,3.489,3.396,3.539,6844,54048,0.48,0.83,6,1,73954
F4561,823.5577,5.089,4.996,5.122,6844,50339,0.48,0.82,5,1,69755
F4562,825.5489,2.057,1.956,2.158,6845,690836,1.0,1.0,48,1,717099
F4563,825.5489,4.617,4.516,4.718,6845,362858,0.95,0.94,21,1,389929
F4564,825.5489,5.072,4.979,5.106,6845,44323,0.66,0.8,5,1,61911
F4565,829.5495,2.773,2.714,2.857,6847,45275,0.54,0.68,2,1,71206
F4566,829.5495,3.876,3.834,3.977,6847,88477,0.86,0.66,3,1,115759
F4567,829.5495,4.541,4.44,4.642,6847,665594,1.0,1.0,34,1,700961
F4568,833.5987,0.87,0.828,0.945,6848,46911,0.28,0.82,2,1,63090
F4569,833.5987,1.324,1.257,1.358,6848,37908,0.28,0.83,2,1,52684
F4570,833.5987,1.459,1.409,1.501,6848,24948,0.31,0.87,2,1,36645
F4571,833.5987,1.577,1.535,1.67,6848,59997,0.58,0.73,3,1,81998
F4572,833.5987,1.729,1.67,1.796,6848,52177,0.45,0.89,2,1,63588
F4573,833.5987,9.695,9.678,9.737,6848,15938,0.22,0.88,5,1,25596
F4574,834.6114,1.56,1.476,1.644,6849,90013,0.9,0.78,3,1,116259
F4575,834.6114,1.746,1.695,1.788,6849,31896,0.55,0.92,2,1,47436
F4576,834.6114,2.006,1.906,2.108,6849,285367,1.0,0.92,8,1,317751
F4577,834.6114,2.672,2.571,2.773,6849,94694,0.6,0.73,2,1,123420
F4578,834.6114,8.322,8.255,8.364,6849,37910,0.47,0.89,2,1,55315
F4579,834.6114,8.566,8.516,8.609,6849,37740,0.47,0.89,2,1,50446
F4580,834.6114,8.827,8.786,8.895,6849,40222,0.56,0.9,2,1,59464
F4581,834.6114,9.055,9.021,9.114,6849,36810,0.52,0.87,2,1,49645
F4582,834.6114,9.181,9.114,9.282,6849,65238,0.58,0.94,2,1,91954
F4583,834.6114,9.476,9.459,9.552,6849,32521,0.52,0.78,2,1,48740
F4584,836.5452,2.714,2.672,2.748,6851,36349,1.0,0.94,6,1,51241
F4585,836.5452,4.668,4.609,4.769,6851,161851,1.0,0.93,13,1,182980
F4586,836.6405,1.594,1.501,1.695,6852,200646,1.0,0.96,11,1,226297
F4587,839.5624,3.876,3.783,3.977,6853,254506,1.0,0.98,15,1,279846
F4588,843.5347,4.752,4.71,4.819,6854,60798,1.0,0.82,7,1,79756
F4589,843.5775,1.586,1.526,1.661,6855,37879,0.43,0.84,2,1,67482
F4590,843.5775,3.598,3.497,3.699,6855,467998,1.0,1.0,13,1,509249
F4591,843.5775,4.676,4.617,4.71,6855,70689,0.83,0.94,3,1,94060
F4592,843.5775,4.752,4.71,4.828,6855,87544,0.88,0.84,4,1,111720
F4593,846.5644,1.535,1.468,1.628,6856,155228,1.0,0.95,5,1,174437
F4594,846.5644,8.406,8.306,8.499,6856,112741,0.58,0.79,3,1,138620
F4595,846.5644,9.181,9.139,9.24,6856,54953,0.4,0.95,2,1,67918
F4596,846.5644,9.729,9.695,9.771,6856,43522,0.47,0.93,2,1,52655
F4597,851.5784,1.586,1.484,1.686,6857,175891,0.4,0.86,4,1,240515
F4598,851.5784,3.792,3.691,3.893,6857,1376933,1.0,1.0,27,1,1450907
F4599,851.5784,4.558,4.457,4.642,6857,122394,0.4,0.92,3,1,180614
F4600,851.5784,8.777,8.693,8.844,6857,197990,0.38,0.7,2,1,247040
F4601,851.5866,1.594,1.518,1.636,6858,34395,0.57,0.8,3,1,43331
F4602,851.5866,4.55,4.474,4.575,6858,29266,0.48,0.52,4,1,43417
F4603,858.5941,1.535,1.442,1.484,6859,61521,0.69,0.97,2,1,17348
F4604,858.5941,1.586,1.577,1.661,6859,89205,0.69,0.76,2,1,55017
F4605,858.5941,4.507,4.406,4.609,6859,379147,1.0,1.0,11,1,415302
F4606,859.6714,1.586,1.484,1.636,6860,86620,0.93,0.89,4,1,106902
F4607,860.6403,1.535,1.434,1.577,6861,67095,1.0,0.76,4,1,85915
F4608,860.6403,1.594,1.577,1.695,6861,68177,1.0,0.5,4,1,84630
F4609,860.6403,2.79,2.706,2.882,6861,67111,0.78,0.66,2,1,89409
F4610,860.6403,4.002,3.901,4.095,6861,102401,1.0,0.73,6,1,124927
F4611,861.5746,1.611,1.569,1.661,6862,22322,0.37,0.93,4,1,33882
F4612,861.5746,2.15,2.108,2.226,6862,43327,0.34,0.61,4,1,61649
F4613,861.5746,4.019,3.918,4.112,6862,199112,1.0,0.97,13,1,227302
F4614,861.5746,8.491,8.398,8.592,6862,91177,0.37,0.82,2,1,116565
F4615,861.5746,9.703,9.67,9.796,6862,77337,0.48,0.5,2,1,92870
F4616,869.5717,2.124,2.023,2.226,6864,837579,1.0,1.0,61,1,865763
F4617,871.5773,2.124,2.023,2.226,6866,142836,1.0,0.98,9,1,169653
F4618,871.5773,4.609,4.507,4.668,6866,48056,0.27,0.71,5,1,68080
F4619,872.5513,4.516,4.44,4.617,6867,141417,1.0,0.99,14,1,163126
F4620,874.6057,0.878,0.819,0.903,6868,27952,0.15,0.65,2,1,42343
F4621,874.6057,1.611,1.586,1.644,6868,25381,0.2,0.84,2,1,34000
F4622,874.6057,1.889,1.863,1.922,6868,21912,0.15,0.79,2,1,30724
F4623,874.6057,4.6,4.55,4.676,6868,43422,0.16,0.86,2,1,61167
F4624,874.6403,1.543,1.493,1.644,6869,86069,0.83,0.71,3,1,107912
F4625,874.6403,2.023,1.922,2.124,6869,276991,1.0,0.97,9,1,306096
F4626,874.6403,2.706,2.605,2.79,6869,116518,0.98,0.92,4,1,143060
F4627,875.5646,4.525,4.499,4.626,6870,45671,0.37,0.61,5,1,62458
F4628,875.5646,8.71,8.625,8.802,6870,78709,0.42,0.79,4,1,98482
F4629,876.6524,1.611,1.586,1.703,6871,89311,0.75,0.81,5,1,106466
F4630,876.6524,1.99,1.889,2.091,6871,938770,1.0,1.0,26,1,968518
F4631,876.6524,2.706,2.672,2.764,6871,45601,0.58,0.92,2,1,59280
F4632,876.6524,3.346,3.286,3.438,6871,44044,0.34,0.82,2,1,65772
F4633,876.6524,8.971,8.895,9.021,6871,53332,0.55,0.84,2,1,71613
F4634,876.6524,9.51,9.417,9.543,6871,53857,0.41,0.73,2,1,71596
F4635,877.5842,1.577,1.535,1.661,6872,110116,0.13,0.92,3,1,160784
F4636,878.5845,1.602,1.526,1.67,6873,74802,0.15,0.93,3,1,103609
F4637,878.5845,4.6,4.533,4.668,6873,58861,0.16,0.97,3,1,83853
F4638,882.6404,1.594,1.493,1.686,6875,196922,0.93,0.81,11,1,225157
F4639,882.6404,4.137,4.053,4.179,6875,47699,0.87,0.69,7,1,65447
F4640,882.6404,4.213,4.188,4.246,6875,22852,0.85,0.95,5,1,30320
F4641,884.6017,1.771,1.67,1.872,6876,418459,1.0,0.98,26,1,445276
F4642,891.5996,1.552,1.451,1.636,6877,213190,0.14,1.0,3,1,298445
F4643,891.6728,1.56,1.459,1.661,6878,361815,1.0,0.96,19,1,389822
F4644,892.6548,1.577,1.56,1.602,6879,13878,0.4,0.77,2,1,19878
F4645,892.6548,2.082,1.981,2.183,6879,3438280,1.0,0.99,176,1,3463280
F4646,892.6548,4.507,4.44,4.609,6879,494475,1.0,0.91,58,1,515475
F4647,892.6777,1.577,1.476,1.678,6880,236478,0.95,0.93,13,1,263206
F4648,895.6633,1.535,1.434,1.619,6882,138696,0.97,0.69,12,1,167212
F4649,895.6633,2.108,2.006,2.2,6882,141150,0.98,0.93,12,1,165213
F4650,895.6633,4.078,4.053,4.137,6882,30778,0.9,0.94,6,1,42551
F4651,895.6633,4.516,4.466,4.617,6882,125134,0.97,0.92,13,1,145618
F4652,895.6633,4.912,4.853,5.013,6882,92538,0.9,0.9,7,1,115840
F4653,898.6086,1.586,1.493,1.678,6883,142577,0.86,0.82,10,1,168132
F4654,898.6086,2.099,1.998,2.2,6883,155818,0.91,0.99,11,1,180400
F4655,903.5997,1.569,1.493,1.636,6884,55807,0.27,0.83,3,1,73807
F4656,903.5997,4.297,4.196,4.398,6884,1527227,1.0,0.98,76,1,1552227
F4657,905.5905,1.611,1.51,1.712,6885,503335,1.0,0.99,14,1,533262
F4658,905.5905,4.305,4.204,4.398,6885,119136,0.45,0.98,6,1,146803
F4659,905.5905,4.937,4.861,5.038,6885,89867,0.44,0.86,4,1,116547
F4660,905.5905,8.306,8.213,8.39,6885,152975,0.45,0.72,2,1,180345
F4661,907.9959,7.143,7.042,7.211,6886,94945,0.58,0.82,6,1,116429
F4662,907.9959,7.615,7.564,7.699,6886,71328,0.58,0.92,6,1,87262
F4663,907.9959,7.8,7.699,7.876,6886,87196,0.58,0.71,6,1,108609
F4664,908.6069,1.636,1.535,1.703,6887,66156,0.93,0.94,6,1,87279
F4665,908.6069,4.019,3.918,4.12,6887,169068,1.0,0.98,11,1,195220
F4666,908.6069,4.92,4.878,4.954,6887,25886,0.85,0.91,5,1,33526
F4667,913.8445,7.194,7.16,7.236,6889,53821,0.24,0.93,4,1,63445
F4668,913.8445,7.354,7.32,7.446,6889,96650,0.25,0.73,5,1,112026
F4669,914.6773,1.56,1.459,1.661,6890,115368,1.0,0.84,7,1,141844
F4670,915.6095,2.183,2.082,2.284,6891,171195,1.0,0.98,8,1,196806
F4671,917.616,1.577,1.476,1.653,6892,124741,0.62,0.94,3,1,154307
F4672,917.616,4.204,4.103,4.305,6892,545067,1.0,0.99,17,1,579172
F4673,917.616,4.466,4.398,4.566,6892,73036,0.32,0.75,3,1,102650
F4674,917.6625,4.954,4.87,5.038,6893,108769,1.0,0.97,10,1,129458
F4675,926.6141,4.432,4.331,4.533,6894,587249,1.0,0.99,41,1,615499
F4676,929.5756,2.175,2.074,2.276,6895,289361,1.0,1.0,20,1,314438
F4677,929.5756,6.588,6.529,6.756,6895,78500,0.94,0.82,5,1,106768
F4678,930.6217,4.154,4.061,4.255,6896,122110,1.0,0.99,8,1,145808
F4679,946.7203,1.586,1.535,1.611,6897,221420,1.0,0.9,38,1,243434
F4680,960.5846,2.908,2.537,3.396,6898,268507,0.93,0.62,5,1,372000
F4681,960.5846,3.935,3.834,4.036,6898,362709,1.0,0.99,24,1,390748
