sample_id,source_file,true_peak_count_class,true_positive,false_positive,false_negative,target_count,prediction_count,exact_count,count_absolute_error,mean_matched_iou
D04P_NEG__F1,D04P_NEG,empty,0,0,0,0,0,True,0,0.0
D04P_NEG__F10,D04P_NEG,single,1,0,0,1,1,True,0,0.5025527477264404
D04P_NEG__F102,D04P_NEG,empty,0,0,0,0,0,True,0,0.0
D04P_NEG__F104,D04P_NEG,multi,2,1,0,2,3,False,1,0.8492591083049774
D04P_NEG__F105,D04P_NEG,multi,2,0,0,2,2,True,0,0.8543002903461456
D04P_NEG__F109,D04P_NEG,single,1,0,0,1,1,True,0,0.9259776473045349
D04P_NEG__F11,D04P_NEG,empty,0,0,0,0,0,True,0,0.0
D04P_NEG__F110,D04P_NEG,single,1,0,0,1,1,True,0,0.9153763651847839
D04P_NEG__F111,D04P_NEG,single,1,0,0,1,1,True,0,0.8808236718177795
D04P_NEG__F114,D04P_NEG,empty,0,0,0,0,0,True,0,0.0
D04P_NEG__F115,D04P_NEG,empty,0,0,0,0,0,True,0,0.0
D04P_NEG__F117,D04P_NEG,empty,0,0,0,0,0,True,0,0.0
D04P_NEG__F118,D04P_NEG,empty,0,1,0,0,1,False,1,0.0
D04P_NEG__F119,D04P_NEG,empty,0,0,0,0,0,True,0,0.0
D04P_NEG__F12,D04P_NEG,single,1,0,0,1,1,True,0,0.6462017893791199
D04P_NEG__F125,D04P_NEG,multi,2,1,0,2,3,False,1,0.9035840332508087
D04P_NEG__F127,D04P_NEG,single,1,0,0,1,1,True,0,0.9180389046669006
D04P_NEG__F132,D04P_NEG,single,1,0,0,1,1,True,0,0.8722904324531555
D04P_NEG__F133,D04P_NEG,single,1,0,0,1,1,True,0,0.8420235514640808
D04P_NEG__F138,D04P_NEG,single,1,0,0,1,1,True,0,0.9261672496795654
D04P_NEG__F141,D04P_NEG,single,1,0,0,1,1,True,0,0.9416221976280212
D04P_NEG__F142,D04P_NEG,single,1,0,0,1,1,True,0,0.9329683780670166
D04P_NEG__F145,D04P_NEG,single,1,0,0,1,1,True,0,0.8281644582748413
D04P_NEG__F146,D04P_NEG,multi,3,0,0,3,3,True,0,0.8940490881601969
D04P_NEG__F149,D04P_NEG,multi,2,0,0,2,2,True,0,0.913204550743103
D04P_NEG__F150,D04P_NEG,single,1,0,0,1,1,True,0,0.9483196139335632
D04P_NEG__F153,D04P_NEG,single,1,0,0,1,1,True,0,0.8740054965019226
D04P_NEG__F154,D04P_NEG,multi,3,0,0,3,3,True,0,0.816373368104299
D04P_NEG__F155,D04P_NEG,multi,3,0,0,3,3,True,0,0.8430529435475668
D04P_NEG__F156,D04P_NEG,single,1,0,0,1,1,True,0,0.9489058256149292
D04P_NEG__F158,D04P_NEG,single,1,0,0,1,1,True,0,0.9688925743103027
D04P_NEG__F159,D04P_NEG,single,1,0,0,1,1,True,0,0.9340779781341553
D04P_NEG__F16,D04P_NEG,single,1,0,0,1,1,True,0,0.9204685091972351
D04P_NEG__F164,D04P_NEG,single,1,0,0,1,1,True,0,0.8802724480628967
D04P_NEG__F166,D04P_NEG,empty,0,0,0,0,0,True,0,0.0
D04P_NEG__F168,D04P_NEG,multi,1,0,1,2,1,False,1,0.9664523601531982
D04P_NEG__F169,D04P_NEG,multi,2,0,0,2,2,True,0,0.9187268614768982
D04P_NEG__F17,D04P_NEG,single,1,0,0,1,1,True,0,0.8566978573799133
D04P_NEG__F173,D04P_NEG,single,1,0,0,1,1,True,0,0.8965712785720825
D04P_NEG__F174,D04P_NEG,single,1,0,0,1,1,True,0,0.8170435428619385
D04P_NEG__F175,D04P_NEG,single,0,1,1,1,1,True,0,0.0
D04P_NEG__F176,D04P_NEG,single,1,0,0,1,1,True,0,0.8054103851318359
D04P_NEG__F177,D04P_NEG,single,1,0,0,1,1,True,0,0.7584534883499146
D04P_NEG__F178,D04P_NEG,single,1,0,0,1,1,True,0,0.7838762998580933
D04P_NEG__F18,D04P_NEG,empty,0,0,0,0,0,True,0,0.0
D04P_NEG__F181,D04P_NEG,single,1,0,0,1,1,True,0,0.8947730660438538
D04P_NEG__F182,D04P_NEG,single,1,0,0,1,1,True,0,0.9442482590675354
D04P_NEG__F183,D04P_NEG,single,1,0,0,1,1,True,0,0.8750109672546387
D04P_NEG__F185,D04P_NEG,single,1,0,0,1,1,True,0,0.915733814239502
D04P_NEG__F186,D04P_NEG,single,0,1,1,1,1,True,0,0.0
D04P_NEG__F189,D04P_NEG,empty,0,1,0,0,1,False,1,0.0
D04P_NEG__F19,D04P_NEG,empty,0,0,0,0,0,True,0,0.0
D04P_NEG__F191,D04P_NEG,single,1,0,0,1,1,True,0,0.8822880387306213
D04P_NEG__F193,D04P_NEG,empty,0,1,0,0,1,False,1,0.0
D04P_NEG__F194,D04P_NEG,single,1,0,0,1,1,True,0,0.9006985425949097
D04P_NEG__F195,D04P_NEG,multi,2,0,0,2,2,True,0,0.8994042873382568
D04P_NEG__F196,D04P_NEG,multi,2,0,0,2,2,True,0,0.9225237965583801
D04P_NEG__F197,D04P_NEG,single,1,0,0,1,1,True,0,0.9425727725028992
D04P_NEG__F20,D04P_NEG,single,1,0,0,1,1,True,0,0.8553977012634277
D04P_NEG__F200,D04P_NEG,single,1,0,0,1,1,True,0,0.7596257925033569
D04P_NEG__F204,D04P_NEG,multi,2,0,0,2,2,True,0,0.8016432821750641
D04P_NEG__F205,D04P_NEG,multi,2,0,0,2,2,True,0,0.8209736943244934
D04P_NEG__F209,D04P_NEG,empty,0,0,0,0,0,True,0,0.0
D04P_NEG__F210,D04P_NEG,single,1,0,0,1,1,True,0,0.795819878578186
D04P_NEG__F211,D04P_NEG,empty,0,1,0,0,1,False,1,0.0
D04P_NEG__F212,D04P_NEG,empty,0,0,0,0,0,True,0,0.0
D04P_NEG__F213,D04P_NEG,multi,2,0,0,2,2,True,0,0.8167116343975067
D04P_NEG__F219,D04P_NEG,empty,0,1,0,0,1,False,1,0.0
D04P_NEG__F221,D04P_NEG,multi,2,0,0,2,2,True,0,0.8934214115142822
D04P_NEG__F223,D04P_NEG,multi,1,1,1,2,2,True,0,0.9530344605445862
D04P_NEG__F226,D04P_NEG,empty,0,0,0,0,0,True,0,0.0
D04P_NEG__F228,D04P_NEG,multi,2,0,0,2,2,True,0,0.9224812686443329
D04P_NEG__F229,D04P_NEG,multi,2,0,0,2,2,True,0,0.8606931567192078
D04P_NEG__F23,D04P_NEG,single,1,0,0,1,1,True,0,0.6776265501976013
D04P_NEG__F230,D04P_NEG,multi,2,0,0,2,2,True,0,0.8834734559059143
D04P_NEG__F232,D04P_NEG,empty,0,1,0,0,1,False,1,0.0
D04P_NEG__F235,D04P_NEG,empty,0,0,0,0,0,True,0,0.0
D04P_NEG__F236,D04P_NEG,empty,0,1,0,0,1,False,1,0.0
D04P_NEG__F238,D04P_NEG,empty,0,1,0,0,1,False,1,0.0
D04P_NEG__F239,D04P_NEG,empty,0,1,0,0,1,False,1,0.0
D04P_NEG__F24,D04P_NEG,empty,0,0,0,0,0,True,0,0.0
D04P_NEG__F245,D04P_NEG,empty,0,1,0,0,1,False,1,0.0
D04P_NEG__F246,D04P_NEG,multi,2,0,0,2,2,True,0,0.9212298393249512
D04P_NEG__F248,D04P_NEG,empty,0,0,0,0,0,True,0,0.0
D04P_NEG__F249,D04P_NEG,empty,0,0,0,0,0,True,0,0.0
D04P_NEG__F25,D04P_NEG,empty,0,0,0,0,0,True,0,0.0
D04P_NEG__F250,D04P_NEG,multi,2,0,0,2,2,True,0,0.8915635347366333
D04P_NEG__F251,D04P_NEG,multi,2,0,0,2,2,True,0,0.8579110503196716
D04P_NEG__F256,D04P_NEG,single,1,0,0,1,1,True,0,0.7807575464248657
D04P_NEG__F258,D04P_NEG,empty,0,3,0,0,3,False,3,0.0
D04P_NEG__F26,D04P_NEG,empty,0,0,0,0,0,True,0,0.0
D04P_NEG__F260,D04P_NEG,single,1,0,0,1,1,True,0,0.9476283192634583
D04P_NEG__F262,D04P_NEG,empty,0,3,0,0,3,False,3,0.0
D04P_NEG__F264,D04P_NEG,empty,0,1,0,0,1,False,1,0.0
D04P_NEG__F265,D04P_NEG,single,1,0,0,1,1,True,0,0.9382773041725159
D04P_NEG__F266,D04P_NEG,empty,0,0,0,0,0,True,0,0.0
D04P_NEG__F269,D04P_NEG,single,1,0,0,1,1,True,0,0.6604858636856079
D04P_NEG__F27,D04P_NEG,single,1,0,0,1,1,True,0,0.9685090780258179
D04P_NEG__F272,D04P_NEG,single,1,0,0,1,1,True,0,0.8080465197563171
D04P_NEG__F273,D04P_NEG,single,1,0,0,1,1,True,0,0.850207507610321
D04P_NEG__F275,D04P_NEG,single,1,0,0,1,1,True,0,0.9765843152999878
D04P_NEG__F276,D04P_NEG,single,1,1,0,1,2,False,1,0.6269283890724182
D04P_NEG__F278,D04P_NEG,multi,1,0,1,2,1,False,1,0.9185481071472168
D04P_NEG__F279,D04P_NEG,multi,3,1,1,4,4,True,0,0.8999430139859518
D04P_NEG__F281,D04P_NEG,single,1,0,0,1,1,True,0,0.9244309067726135
D04P_NEG__F282,D04P_NEG,single,0,1,1,1,1,True,0,0.0
D04P_NEG__F285,D04P_NEG,multi,2,0,0,2,2,True,0,0.7449722290039062
D04P_NEG__F287,D04P_NEG,single,1,0,0,1,1,True,0,0.8440536260604858
D04P_NEG__F288,D04P_NEG,empty,0,1,0,0,1,False,1,0.0
D04P_NEG__F290,D04P_NEG,empty,0,0,0,0,0,True,0,0.0
D04P_NEG__F291,D04P_NEG,single,1,0,0,1,1,True,0,0.9096009731292725
D04P_NEG__F292,D04P_NEG,multi,2,0,0,2,2,True,0,0.8973248302936554
D04P_NEG__F297,D04P_NEG,multi,3,0,0,3,3,True,0,0.9181445439656576
D04P_NEG__F299,D04P_NEG,single,1,0,0,1,1,True,0,0.9349024295806885
D04P_NEG__F3,D04P_NEG,empty,0,0,0,0,0,True,0,0.0
D04P_NEG__F30,D04P_NEG,empty,0,0,0,0,0,True,0,0.0
D04P_NEG__F300,D04P_NEG,single,1,1,0,1,2,False,1,0.9116854071617126
D04P_NEG__F302,D04P_NEG,empty,0,0,0,0,0,True,0,0.0
D04P_NEG__F303,D04P_NEG,multi,2,0,0,2,2,True,0,0.9265965819358826
D04P_NEG__F305,D04P_NEG,single,1,1,0,1,2,False,1,0.9262339472770691
D04P_NEG__F306,D04P_NEG,single,1,0,0,1,1,True,0,0.7975935935974121
D04P_NEG__F31,D04P_NEG,empty,0,0,0,0,0,True,0,0.0
D04P_NEG__F310,D04P_NEG,single,1,2,0,1,3,False,2,0.8688586354255676
D04P_NEG__F311,D04P_NEG,single,1,0,0,1,1,True,0,0.7753586769104004
D04P_NEG__F312,D04P_NEG,multi,2,0,0,2,2,True,0,0.8687586486339569
D04P_NEG__F313,D04P_NEG,single,1,0,0,1,1,True,0,0.9236636161804199
D04P_NEG__F317,D04P_NEG,multi,1,0,1,2,1,False,1,0.8108397126197815
D04P_NEG__F319,D04P_NEG,single,1,0,0,1,1,True,0,0.9087097644805908
D04P_NEG__F32,D04P_NEG,empty,0,0,0,0,0,True,0,0.0
D04P_NEG__F321,D04P_NEG,single,1,0,0,1,1,True,0,0.8504422903060913
D04P_NEG__F322,D04P_NEG,single,1,0,0,1,1,True,0,0.7861260175704956
D04P_NEG__F323,D04P_NEG,empty,0,2,0,0,2,False,2,0.0
D04P_NEG__F329,D04P_NEG,single,1,0,0,1,1,True,0,0.7227743268013
D04P_NEG__F330,D04P_NEG,single,1,0,0,1,1,True,0,0.891324520111084
D04P_NEG__F332,D04P_NEG,single,1,0,0,1,1,True,0,0.8185256123542786
D04P_NEG__F333,D04P_NEG,single,1,1,0,1,2,False,1,0.738885760307312
D04P_NEG__F334,D04P_NEG,single,1,0,0,1,1,True,0,0.8280067443847656
D04P_NEG__F335,D04P_NEG,single,1,1,0,1,2,False,1,0.9519122242927551
D04P_NEG__F336,D04P_NEG,multi,2,0,2,4,2,False,2,0.7601936459541321
D04P_NEG__F34,D04P_NEG,empty,0,0,0,0,0,True,0,0.0
D04P_NEG__F341,D04P_NEG,single,1,0,0,1,1,True,0,0.9702488780021667
D04P_NEG__F342,D04P_NEG,multi,2,1,2,4,3,False,1,0.886198103427887
D04P_NEG__F347,D04P_NEG,multi,1,1,1,2,2,True,0,0.8054050803184509
D04P_NEG__F349,D04P_NEG,single,1,0,0,1,1,True,0,0.7393735647201538
D04P_NEG__F350,D04P_NEG,single,1,0,0,1,1,True,0,0.8491013646125793
D04P_NEG__F351,D04P_NEG,multi,3,0,0,3,3,True,0,0.7637516061464945
D04P_NEG__F353,D04P_NEG,single,1,0,0,1,1,True,0,0.8827859163284302
D04P_NEG__F354,D04P_NEG,multi,2,0,0,2,2,True,0,0.8609947264194489
D04P_NEG__F355,D04P_NEG,multi,2,0,0,2,2,True,0,0.7823119461536407
D04P_NEG__F356,D04P_NEG,multi,2,0,0,2,2,True,0,0.7639978229999542
D04P_NEG__F357,D04P_NEG,single,1,0,0,1,1,True,0,0.8976969122886658
D04P_NEG__F358,D04P_NEG,multi,2,0,0,2,2,True,0,0.8769110441207886
D04P_NEG__F361,D04P_NEG,multi,3,0,1,4,3,False,1,0.8374166091283163
D04P_NEG__F362,D04P_NEG,multi,3,0,1,4,3,False,1,0.8808709383010864
D04P_NEG__F363,D04P_NEG,multi,2,0,1,3,2,False,1,0.8805457949638367
D04P_NEG__F364,D04P_NEG,multi,2,1,1,3,3,True,0,0.781122475862503
D04P_NEG__F365,D04P_NEG,multi,2,0,2,4,2,False,2,0.9201093912124634
D04P_NEG__F368,D04P_NEG,single,1,0,0,1,1,True,0,0.8664654493331909
D04P_NEG__F370,D04P_NEG,multi,4,0,0,4,4,True,0,0.8935101926326752
D04P_NEG__F375,D04P_NEG,single,1,0,0,1,1,True,0,0.8881689310073853
D04P_NEG__F38,D04P_NEG,single,1,0,0,1,1,True,0,0.7319726347923279
D04P_NEG__F381,D04P_NEG,multi,1,1,2,3,2,False,1,0.9295176267623901
D04P_NEG__F382,D04P_NEG,single,1,0,0,1,1,True,0,0.9171315431594849
D04P_NEG__F384,D04P_NEG,multi,1,0,1,2,1,False,1,0.9049732089042664
D04P_NEG__F389,D04P_NEG,single,1,0,0,1,1,True,0,0.7964963316917419
D04P_NEG__F395,D04P_NEG,single,1,0,0,1,1,True,0,0.9235755205154419
D04P_NEG__F397,D04P_NEG,single,1,1,0,1,2,False,1,0.9688459038734436
D04P_NEG__F4,D04P_NEG,empty,0,0,0,0,0,True,0,0.0
D04P_NEG__F40,D04P_NEG,empty,0,0,0,0,0,True,0,0.0
D04P_NEG__F403,D04P_NEG,single,1,0,0,1,1,True,0,0.9671120047569275
D04P_NEG__F404,D04P_NEG,single,1,0,0,1,1,True,0,0.9437699913978577
D04P_NEG__F405,D04P_NEG,single,1,0,0,1,1,True,0,0.9696559906005859
D04P_NEG__F408,D04P_NEG,single,1,0,0,1,1,True,0,0.9447550773620605
D04P_NEG__F409,D04P_NEG,single,1,0,0,1,1,True,0,0.9084328413009644
D04P_NEG__F412,D04P_NEG,single,1,0,0,1,1,True,0,0.8896251320838928
D04P_NEG__F413,D04P_NEG,single,1,0,0,1,1,True,0,0.7855890393257141
D04P_NEG__F415,D04P_NEG,multi,2,1,1,3,3,True,0,0.8758183717727661
D04P_NEG__F416,D04P_NEG,single,1,0,0,1,1,True,0,0.8154327869415283
D04P_NEG__F417,D04P_NEG,single,1,0,0,1,1,True,0,0.922644317150116
D04P_NEG__F420,D04P_NEG,single,1,0,0,1,1,True,0,0.7573810815811157
D04P_NEG__F421,D04P_NEG,single,1,0,0,1,1,True,0,0.9696170687675476
D04P_NEG__F422,D04P_NEG,single,1,0,0,1,1,True,0,0.9196293950080872
D04P_NEG__F423,D04P_NEG,single,1,1,0,1,2,False,1,0.9252340793609619
D04P_NEG__F425,D04P_NEG,multi,1,0,1,2,1,False,1,0.830949068069458
D04P_NEG__F426,D04P_NEG,single,1,0,0,1,1,True,0,0.883415937423706
D04P_NEG__F43,D04P_NEG,empty,0,0,0,0,0,True,0,0.0
D04P_NEG__F430,D04P_NEG,multi,2,0,0,2,2,True,0,0.9116114974021912
D04P_NEG__F432,D04P_NEG,multi,2,0,0,2,2,True,0,0.8563231825828552
D04P_NEG__F433,D04P_NEG,single,1,0,0,1,1,True,0,0.9500747323036194
D04P_NEG__F434,D04P_NEG,single,1,0,0,1,1,True,0,0.8583547472953796
D04P_NEG__F435,D04P_NEG,multi,2,0,0,2,2,True,0,0.925258457660675
D04P_NEG__F438,D04P_NEG,multi,2,0,0,2,2,True,0,0.8940035700798035
D04P_NEG__F444,D04P_NEG,multi,3,0,0,3,3,True,0,0.9249143203099569
D04P_NEG__F445,D04P_NEG,multi,3,0,0,3,3,True,0,0.9017111460367838
D04P_NEG__F446,D04P_NEG,multi,4,0,1,5,4,False,1,0.9170348197221756
D04P_NEG__F447,D04P_NEG,multi,2,0,0,2,2,True,0,0.9288249313831329
D04P_NEG__F448,D04P_NEG,multi,2,0,0,2,2,True,0,0.9464946091175079
D04P_NEG__F450,D04P_NEG,multi,2,0,0,2,2,True,0,0.86312136054039
D04P_NEG__F451,D04P_NEG,single,1,0,0,1,1,True,0,0.9180079102516174
D04P_NEG__F452,D04P_NEG,single,1,1,0,1,2,False,1,0.8546376824378967
D04P_NEG__F458,D04P_NEG,single,1,0,0,1,1,True,0,0.7262304425239563
D04P_NEG__F46,D04P_NEG,single,1,0,0,1,1,True,0,0.8690562844276428
D04P_NEG__F461,D04P_NEG,empty,0,0,0,0,0,True,0,0.0
D04P_NEG__F463,D04P_NEG,multi,2,0,0,2,2,True,0,0.9465696811676025
D04P_NEG__F465,D04P_NEG,multi,3,0,0,3,3,True,0,0.9082828561464945
D04P_NEG__F466,D04P_NEG,multi,2,0,1,3,2,False,1,0.798274427652359
D04P_NEG__F47,D04P_NEG,single,1,0,0,1,1,True,0,0.8431655168533325
D04P_NEG__F470,D04P_NEG,single,1,0,0,1,1,True,0,0.9578078389167786
D04P_NEG__F471,D04P_NEG,multi,2,0,0,2,2,True,0,0.8785492777824402
D04P_NEG__F474,D04P_NEG,multi,4,0,0,4,4,True,0,0.9038604348897934
D04P_NEG__F478,D04P_NEG,single,1,0,0,1,1,True,0,0.8465307950973511
D04P_NEG__F480,D04P_NEG,multi,2,0,0,2,2,True,0,0.9033518135547638
D04P_NEG__F482,D04P_NEG,multi,2,0,0,2,2,True,0,0.8578910231590271
D04P_NEG__F484,D04P_NEG,single,1,0,0,1,1,True,0,0.9056680798530579
D04P_NEG__F486,D04P_NEG,multi,2,0,0,2,2,True,0,0.8207526504993439
D04P_NEG__F487,D04P_NEG,multi,2,0,0,2,2,True,0,0.8853446245193481
D04P_NEG__F488,D04P_NEG,single,1,0,0,1,1,True,0,0.8558365106582642
D04P_NEG__F489,D04P_NEG,single,1,0,0,1,1,True,0,0.9681050181388855
D04P_NEG__F49,D04P_NEG,single,1,0,0,1,1,True,0,0.5189862847328186
D04P_NEG__F491,D04P_NEG,multi,2,0,0,2,2,True,0,0.936427652835846
D04P_NEG__F494,D04P_NEG,single,1,0,0,1,1,True,0,0.8040418028831482
D04P_NEG__F497,D04P_NEG,single,1,0,0,1,1,True,0,0.898370623588562
D04P_NEG__F50,D04P_NEG,single,1,0,0,1,1,True,0,0.6574918627738953
D04P_NEG__F500,D04P_NEG,single,1,0,0,1,1,True,0,0.9615514874458313
D04P_NEG__F501,D04P_NEG,single,1,0,0,1,1,True,0,0.8994245529174805
D04P_NEG__F502,D04P_NEG,single,1,0,0,1,1,True,0,0.9381762146949768
D04P_NEG__F504,D04P_NEG,multi,2,0,0,2,2,True,0,0.8910964727401733
D04P_NEG__F508,D04P_NEG,multi,2,0,0,2,2,True,0,0.9503090977668762
D04P_NEG__F51,D04P_NEG,single,1,0,0,1,1,True,0,0.9437759518623352
D04P_NEG__F510,D04P_NEG,multi,2,0,0,2,2,True,0,0.9290477633476257
D04P_NEG__F515,D04P_NEG,multi,2,0,0,2,2,True,0,0.9131968915462494
D04P_NEG__F519,D04P_NEG,single,1,0,0,1,1,True,0,0.8319023847579956
D04P_NEG__F520,D04P_NEG,multi,2,0,0,2,2,True,0,0.9019274711608887
D04P_NEG__F521,D04P_NEG,multi,1,0,1,2,1,False,1,0.9357193112373352
D04P_NEG__F522,D04P_NEG,single,1,0,0,1,1,True,0,0.9422906041145325
D04P_NEG__F523,D04P_NEG,single,1,0,0,1,1,True,0,0.8751604557037354
D04P_NEG__F525,D04P_NEG,multi,2,0,0,2,2,True,0,0.8491739332675934
D04P_NEG__F530,D04P_NEG,single,1,0,0,1,1,True,0,0.9188549518585205
D04P_NEG__F535,D04P_NEG,single,1,0,0,1,1,True,0,0.939699649810791
D04P_NEG__F536,D04P_NEG,multi,1,1,2,3,2,False,1,0.7498689293861389
D04P_NEG__F539,D04P_NEG,multi,2,0,0,2,2,True,0,0.8615153729915619
D04P_NEG__F540,D04P_NEG,multi,3,0,0,3,3,True,0,0.8613867362340292
D04P_NEG__F541,D04P_NEG,multi,2,0,0,2,2,True,0,0.8849786221981049
D04P_NEG__F543,D04P_NEG,multi,3,0,0,3,3,True,0,0.9174946149190267
D04P_NEG__F544,D04P_NEG,multi,2,0,0,2,2,True,0,0.7777009010314941
D04P_NEG__F545,D04P_NEG,multi,3,0,0,3,3,True,0,0.9165908892949423
D04P_NEG__F546,D04P_NEG,multi,2,0,0,2,2,True,0,0.9067956507205963
D04P_NEG__F549,D04P_NEG,multi,2,0,0,2,2,True,0,0.9247124791145325
D04P_NEG__F55,D04P_NEG,single,1,0,0,1,1,True,0,0.9079172611236572
D04P_NEG__F551,D04P_NEG,single,1,0,0,1,1,True,0,0.9390661120414734
D04P_NEG__F552,D04P_NEG,single,1,0,0,1,1,True,0,0.9077332019805908
D04P_NEG__F553,D04P_NEG,single,1,0,0,1,1,True,0,0.9086449146270752
D04P_NEG__F554,D04P_NEG,single,1,0,0,1,1,True,0,0.8957056403160095
D04P_NEG__F555,D04P_NEG,multi,2,0,0,2,2,True,0,0.8886480331420898
D04P_NEG__F556,D04P_NEG,multi,2,0,0,2,2,True,0,0.8848586082458496
D04P_NEG__F557,D04P_NEG,multi,2,0,1,3,2,False,1,0.8365857601165771
D04P_NEG__F56,D04P_NEG,single,1,0,0,1,1,True,0,0.936782956123352
D04P_NEG__F560,D04P_NEG,single,1,0,0,1,1,True,0,0.9293975234031677
D04P_NEG__F561,D04P_NEG,single,1,0,0,1,1,True,0,0.9107579588890076
D04P_NEG__F562,D04P_NEG,single,1,0,0,1,1,True,0,0.8644639849662781
D04P_NEG__F563,D04P_NEG,single,1,0,0,1,1,True,0,0.8941140174865723
D04P_NEG__F566,D04P_NEG,multi,2,0,0,2,2,True,0,0.8578024208545685
D04P_NEG__F568,D04P_NEG,single,1,0,0,1,1,True,0,0.9437960982322693
D04P_NEG__F569,D04P_NEG,single,1,0,0,1,1,True,0,0.8944957852363586
D04P_NEG__F57,D04P_NEG,single,1,0,0,1,1,True,0,0.8507169485092163
D04P_NEG__F570,D04P_NEG,single,1,0,0,1,1,True,0,0.9582748413085938
D04P_NEG__F571,D04P_NEG,multi,2,0,0,2,2,True,0,0.9186771214008331
D04P_NEG__F573,D04P_NEG,multi,2,0,0,2,2,True,0,0.9454967975616455
D04P_NEG__F575,D04P_NEG,single,1,0,0,1,1,True,0,0.9043508172035217
D04P_NEG__F577,D04P_NEG,multi,2,0,0,2,2,True,0,0.9204737544059753
D04P_NEG__F578,D04P_NEG,single,1,0,0,1,1,True,0,0.8976696729660034
D04P_NEG__F58,D04P_NEG,single,1,0,0,1,1,True,0,0.9108909964561462
D04P_NEG__F581,D04P_NEG,single,1,0,0,1,1,True,0,0.9673557877540588
D04P_NEG__F6,D04P_NEG,empty,0,0,0,0,0,True,0,0.0
D04P_NEG__F61,D04P_NEG,single,1,0,0,1,1,True,0,0.9203379154205322
D04P_NEG__F64,D04P_NEG,single,1,0,0,1,1,True,0,0.8136699795722961
D04P_NEG__F67,D04P_NEG,empty,0,0,0,0,0,True,0,0.0
D04P_NEG__F68,D04P_NEG,empty,0,0,0,0,0,True,0,0.0
D04P_NEG__F69,D04P_NEG,empty,0,0,0,0,0,True,0,0.0
D04P_NEG__F7,D04P_NEG,single,1,0,0,1,1,True,0,0.8852521777153015
D04P_NEG__F70,D04P_NEG,empty,0,0,0,0,0,True,0,0.0
D04P_NEG__F71,D04P_NEG,empty,0,1,0,0,1,False,1,0.0
D04P_NEG__F73,D04P_NEG,single,1,0,0,1,1,True,0,0.9857102632522583
D04P_NEG__F74,D04P_NEG,multi,2,0,0,2,2,True,0,0.8333090543746948
D04P_NEG__F75,D04P_NEG,single,1,0,0,1,1,True,0,0.9160155057907104
D04P_NEG__F76,D04P_NEG,single,1,0,0,1,1,True,0,0.8567242622375488
D04P_NEG__F77,D04P_NEG,single,1,0,0,1,1,True,0,0.6653769612312317
D04P_NEG__F78,D04P_NEG,empty,0,1,0,0,1,False,1,0.0
D04P_NEG__F79,D04P_NEG,empty,0,0,0,0,0,True,0,0.0
D04P_NEG__F8,D04P_NEG,single,1,0,0,1,1,True,0,0.7809006571769714
D04P_NEG__F80,D04P_NEG,single,1,0,0,1,1,True,0,0.899861752986908
D04P_NEG__F82,D04P_NEG,single,1,0,0,1,1,True,0,0.9208977818489075
D04P_NEG__F83,D04P_NEG,multi,1,0,2,3,1,False,2,0.693329930305481
D04P_NEG__F84,D04P_NEG,single,1,0,0,1,1,True,0,0.9472464919090271
D04P_NEG__F85,D04P_NEG,single,1,0,0,1,1,True,0,0.5832571387290955
D04P_NEG__F87,D04P_NEG,empty,0,0,0,0,0,True,0,0.0
D04P_NEG__F89,D04P_NEG,multi,2,0,0,2,2,True,0,0.7531062960624695
D04P_NEG__F90,D04P_NEG,single,1,0,0,1,1,True,0,0.888412594795227
D04P_NEG__F91,D04P_NEG,single,1,0,0,1,1,True,0,0.9511687159538269
D04P_NEG__F93,D04P_NEG,empty,0,0,0,0,0,True,0,0.0
D04P_NEG__F94,D04P_NEG,single,1,0,0,1,1,True,0,0.9455671906471252
D04P_NEG__F95,D04P_NEG,single,1,0,0,1,1,True,0,0.9489680528640747
D06P_POS__F1003,D06P_POS,multi,2,0,0,2,2,True,0,0.9499441981315613
D06P_POS__F1004,D06P_POS,single,1,0,0,1,1,True,0,0.9303579926490784
D06P_POS__F1006,D06P_POS,single,1,0,0,1,1,True,0,0.971625030040741
D06P_POS__F1007,D06P_POS,multi,3,0,0,3,3,True,0,0.9370044867197672
D06P_POS__F1009,D06P_POS,multi,2,1,1,3,3,True,0,0.8789457380771637
D06P_POS__F101,D06P_POS,empty,0,0,0,0,0,True,0,0.0
D06P_POS__F1012,D06P_POS,multi,3,0,0,3,3,True,0,0.9008570313453674
D06P_POS__F1014,D06P_POS,multi,2,0,0,2,2,True,0,0.8622715175151825
D06P_POS__F1015,D06P_POS,multi,2,0,1,3,2,False,1,0.9131851196289062
D06P_POS__F1019,D06P_POS,multi,3,0,0,3,3,True,0,0.9413977662722269
D06P_POS__F102,D06P_POS,empty,0,0,0,0,0,True,0,0.0
D06P_POS__F1020,D06P_POS,multi,3,0,0,3,3,True,0,0.9228218595186869
D06P_POS__F1023,D06P_POS,multi,4,0,0,4,4,True,0,0.9281250238418579
D06P_POS__F1024,D06P_POS,multi,4,0,0,4,4,True,0,0.9086306989192963
D06P_POS__F1025,D06P_POS,multi,2,0,0,2,2,True,0,0.822365403175354
D06P_POS__F1027,D06P_POS,multi,3,0,0,3,3,True,0,0.907580554485321
D06P_POS__F1028,D06P_POS,multi,2,0,0,2,2,True,0,0.8521639108657837
D06P_POS__F1030,D06P_POS,multi,2,0,0,2,2,True,0,0.9330597817897797
D06P_POS__F1031,D06P_POS,multi,4,1,0,4,5,False,1,0.8137521743774414
D06P_POS__F1033,D06P_POS,single,1,1,0,1,2,False,1,0.9231477975845337
D06P_POS__F1034,D06P_POS,multi,2,0,0,2,2,True,0,0.9213334619998932
D06P_POS__F1036,D06P_POS,multi,2,0,0,2,2,True,0,0.9751079082489014
D06P_POS__F1037,D06P_POS,multi,2,0,0,2,2,True,0,0.9119057357311249
D06P_POS__F1038,D06P_POS,single,1,0,0,1,1,True,0,0.94040447473526
D06P_POS__F104,D06P_POS,multi,2,0,0,2,2,True,0,0.8778346478939056
D06P_POS__F1040,D06P_POS,single,1,0,0,1,1,True,0,0.9449685215950012
D06P_POS__F1044,D06P_POS,multi,2,0,2,4,2,False,2,0.8059414923191071
D06P_POS__F1046,D06P_POS,multi,2,0,0,2,2,True,0,0.9175279140472412
D06P_POS__F1047,D06P_POS,multi,2,0,0,2,2,True,0,0.9376884698867798
D06P_POS__F1048,D06P_POS,multi,2,0,2,4,2,False,2,0.8286741375923157
D06P_POS__F1053,D06P_POS,single,1,0,0,1,1,True,0,0.9204244613647461
D06P_POS__F1056,D06P_POS,single,1,0,0,1,1,True,0,0.9163827300071716
D06P_POS__F1059,D06P_POS,multi,1,0,2,3,1,False,2,0.764846920967102
D06P_POS__F1062,D06P_POS,multi,2,0,0,2,2,True,0,0.9586672186851501
D06P_POS__F1063,D06P_POS,single,1,0,0,1,1,True,0,0.940784752368927
D06P_POS__F1064,D06P_POS,single,1,0,0,1,1,True,0,0.9015589952468872
D06P_POS__F1068,D06P_POS,multi,2,0,0,2,2,True,0,0.869372695684433
D06P_POS__F1069,D06P_POS,multi,3,0,0,3,3,True,0,0.9153466622034708
D06P_POS__F1071,D06P_POS,multi,4,0,0,4,4,True,0,0.9346459656953812
D06P_POS__F1078,D06P_POS,multi,4,0,0,4,4,True,0,0.929092139005661
D06P_POS__F1079,D06P_POS,multi,4,0,0,4,4,True,0,0.8896736651659012
D06P_POS__F108,D06P_POS,empty,0,0,0,0,0,True,0,0.0
D06P_POS__F1082,D06P_POS,multi,4,1,0,4,5,False,1,0.8712620884180069
D06P_POS__F1085,D06P_POS,multi,4,0,0,4,4,True,0,0.849094346165657
D06P_POS__F1088,D06P_POS,multi,2,1,0,2,3,False,1,0.8864070773124695
D06P_POS__F109,D06P_POS,empty,0,1,0,0,1,False,1,0.0
D06P_POS__F1090,D06P_POS,single,1,0,0,1,1,True,0,0.9520518183708191
D06P_POS__F1093,D06P_POS,multi,2,0,0,2,2,True,0,0.9262416362762451
D06P_POS__F1094,D06P_POS,multi,3,1,0,3,4,False,1,0.9206672310829163
D06P_POS__F1095,D06P_POS,multi,3,0,0,3,3,True,0,0.9154698053995768
D06P_POS__F1097,D06P_POS,multi,4,0,0,4,4,True,0,0.8994430601596832
D06P_POS__F1099,D06P_POS,multi,2,0,0,2,2,True,0,0.9297833442687988
D06P_POS__F11,D06P_POS,multi,4,1,0,4,5,False,1,0.846349686384201
D06P_POS__F110,D06P_POS,multi,2,0,0,2,2,True,0,0.9468473792076111
D06P_POS__F1100,D06P_POS,multi,2,0,0,2,2,True,0,0.8331561088562012
D06P_POS__F1102,D06P_POS,multi,5,1,0,5,6,False,1,0.8617045283317566
D06P_POS__F1104,D06P_POS,multi,3,0,1,4,3,False,1,0.9285085797309875
D06P_POS__F1106,D06P_POS,multi,3,2,3,6,5,False,1,0.8433875640233358
D06P_POS__F111,D06P_POS,empty,0,1,0,0,1,False,1,0.0
D06P_POS__F1110,D06P_POS,multi,2,0,0,2,2,True,0,0.9454430043697357
D06P_POS__F1113,D06P_POS,multi,1,2,1,2,3,False,1,0.9203416109085083
D06P_POS__F1114,D06P_POS,multi,3,0,0,3,3,True,0,0.9409452279408773
D06P_POS__F1117,D06P_POS,single,1,1,0,1,2,False,1,0.9509466290473938
D06P_POS__F1119,D06P_POS,multi,2,3,1,3,5,False,2,0.7372311353683472
D06P_POS__F1120,D06P_POS,multi,3,2,0,3,5,False,2,0.8885354399681091
D06P_POS__F1122,D06P_POS,multi,2,0,0,2,2,True,0,0.9463976621627808
D06P_POS__F1126,D06P_POS,multi,3,0,0,3,3,True,0,0.9161219795544943
D06P_POS__F1135,D06P_POS,multi,3,0,1,4,3,False,1,0.9265152414639791
D06P_POS__F1139,D06P_POS,multi,3,0,0,3,3,True,0,0.836702028910319
D06P_POS__F1140,D06P_POS,multi,4,0,0,4,4,True,0,0.8975615501403809
D06P_POS__F1141,D06P_POS,multi,2,1,1,3,3,True,0,0.9293607771396637
D06P_POS__F1142,D06P_POS,multi,2,0,0,2,2,True,0,0.9093548059463501
D06P_POS__F1145,D06P_POS,multi,2,0,0,2,2,True,0,0.9006518125534058
D06P_POS__F1146,D06P_POS,multi,4,0,1,5,4,False,1,0.8521573841571808
D06P_POS__F1147,D06P_POS,multi,2,1,1,3,3,True,0,0.7285416126251221
D06P_POS__F1148,D06P_POS,multi,3,0,0,3,3,True,0,0.9170711239178976
D06P_POS__F1149,D06P_POS,multi,3,1,1,4,4,True,0,0.7520409226417542
D06P_POS__F115,D06P_POS,single,1,0,0,1,1,True,0,0.9818070530891418
D06P_POS__F1150,D06P_POS,multi,3,0,0,3,3,True,0,0.8862393101056417
D06P_POS__F1151,D06P_POS,single,1,0,0,1,1,True,0,0.7218936085700989
D06P_POS__F1152,D06P_POS,multi,2,0,0,2,2,True,0,0.9123128056526184
D06P_POS__F1153,D06P_POS,single,1,2,0,1,3,False,2,0.9604211449623108
D06P_POS__F1156,D06P_POS,multi,3,0,0,3,3,True,0,0.8892179727554321
D06P_POS__F1157,D06P_POS,multi,3,0,0,3,3,True,0,0.84880131483078
D06P_POS__F1158,D06P_POS,multi,3,1,0,3,4,False,1,0.8478550910949707
D06P_POS__F1159,D06P_POS,multi,2,0,0,2,2,True,0,0.8507965207099915
D06P_POS__F1160,D06P_POS,multi,3,0,0,3,3,True,0,0.7945594986279806
D06P_POS__F1168,D06P_POS,multi,2,2,0,2,4,False,2,0.7381897866725922
D06P_POS__F1170,D06P_POS,multi,2,0,0,2,2,True,0,0.7770257592201233
D06P_POS__F1174,D06P_POS,multi,2,0,0,2,2,True,0,0.8682423233985901
D06P_POS__F1178,D06P_POS,multi,3,0,0,3,3,True,0,0.9035091002782186
D06P_POS__F1179,D06P_POS,multi,3,0,0,3,3,True,0,0.8988091150919596
D06P_POS__F1180,D06P_POS,multi,3,0,0,3,3,True,0,0.8608983953793844
D06P_POS__F1181,D06P_POS,multi,3,0,0,3,3,True,0,0.916233499844869
D06P_POS__F1182,D06P_POS,multi,2,0,0,2,2,True,0,0.9246378242969513
D06P_POS__F1184,D06P_POS,multi,1,1,3,4,2,False,2,0.5015786290168762
D06P_POS__F1185,D06P_POS,multi,3,1,0,3,4,False,1,0.8101563851038615
D06P_POS__F1186,D06P_POS,multi,3,0,0,3,3,True,0,0.8541413942972819
D06P_POS__F1190,D06P_POS,multi,2,0,0,2,2,True,0,0.8465840518474579
D06P_POS__F1191,D06P_POS,multi,2,0,0,2,2,True,0,0.952756404876709
D06P_POS__F12,D06P_POS,multi,3,1,0,3,4,False,1,0.8843208154042562
D06P_POS__F126,D06P_POS,multi,2,0,0,2,2,True,0,0.8773356378078461
D06P_POS__F129,D06P_POS,empty,0,1,0,0,1,False,1,0.0
D06P_POS__F13,D06P_POS,multi,5,0,0,5,5,True,0,0.9102380752563477
D06P_POS__F130,D06P_POS,empty,0,1,0,0,1,False,1,0.0
D06P_POS__F132,D06P_POS,empty,0,1,0,0,1,False,1,0.0
D06P_POS__F134,D06P_POS,empty,0,1,0,0,1,False,1,0.0
D06P_POS__F139,D06P_POS,single,1,0,0,1,1,True,0,0.9197484850883484
D06P_POS__F141,D06P_POS,single,1,0,0,1,1,True,0,0.892898678779602
D06P_POS__F145,D06P_POS,multi,2,0,1,3,2,False,1,0.9602037668228149
D06P_POS__F153,D06P_POS,multi,2,0,0,2,2,True,0,0.9041818082332611
D06P_POS__F156,D06P_POS,multi,2,0,0,2,2,True,0,0.9063360393047333
D06P_POS__F16,D06P_POS,multi,5,1,0,5,6,False,1,0.9131603837013245
D06P_POS__F166,D06P_POS,multi,2,0,0,2,2,True,0,0.864356279373169
D06P_POS__F17,D06P_POS,multi,3,0,2,5,3,False,2,0.8590142726898193
D06P_POS__F170,D06P_POS,multi,1,0,1,2,1,False,1,0.8933476805686951
D06P_POS__F173,D06P_POS,multi,2,0,0,2,2,True,0,0.9233456254005432
D06P_POS__F174,D06P_POS,single,0,1,1,1,1,True,0,0.0
D06P_POS__F175,D06P_POS,multi,0,2,2,2,2,True,0,0.0
D06P_POS__F178,D06P_POS,single,1,0,0,1,1,True,0,0.9092949628829956
D06P_POS__F179,D06P_POS,multi,5,0,0,5,5,True,0,0.8502689599990845
D06P_POS__F181,D06P_POS,multi,6,0,0,6,6,True,0,0.9012123147646586
D06P_POS__F182,D06P_POS,multi,1,2,1,2,3,False,1,0.6970540881156921
D06P_POS__F184,D06P_POS,single,0,1,1,1,1,True,0,0.0
D06P_POS__F189,D06P_POS,multi,2,0,0,2,2,True,0,0.954839289188385
D06P_POS__F191,D06P_POS,single,1,0,0,1,1,True,0,0.7373432517051697
D06P_POS__F192,D06P_POS,single,1,0,0,1,1,True,0,0.8285608887672424
D06P_POS__F193,D06P_POS,multi,2,0,0,2,2,True,0,0.9549179375171661
D06P_POS__F195,D06P_POS,single,1,1,0,1,2,False,1,0.915827751159668
D06P_POS__F196,D06P_POS,single,0,1,1,1,1,True,0,0.0
D06P_POS__F197,D06P_POS,empty,0,2,0,0,2,False,2,0.0
D06P_POS__F20,D06P_POS,single,1,0,0,1,1,True,0,0.9115909934043884
D06P_POS__F200,D06P_POS,single,1,0,0,1,1,True,0,0.8974010944366455
D06P_POS__F208,D06P_POS,empty,0,0,0,0,0,True,0,0.0
D06P_POS__F211,D06P_POS,single,1,0,0,1,1,True,0,0.9337348341941833
D06P_POS__F214,D06P_POS,single,0,0,1,1,0,False,1,0.0
D06P_POS__F216,D06P_POS,single,1,0,0,1,1,True,0,0.9212551116943359
D06P_POS__F221,D06P_POS,multi,3,0,0,3,3,True,0,0.8414130409558614
D06P_POS__F222,D06P_POS,multi,2,0,0,2,2,True,0,0.9123024046421051
D06P_POS__F223,D06P_POS,single,1,0,0,1,1,True,0,0.8833428621292114
D06P_POS__F224,D06P_POS,multi,2,0,0,2,2,True,0,0.9074958860874176
D06P_POS__F225,D06P_POS,single,1,0,0,1,1,True,0,0.8228863477706909
D06P_POS__F229,D06P_POS,multi,2,0,0,2,2,True,0,0.9264738857746124
D06P_POS__F230,D06P_POS,multi,3,0,0,3,3,True,0,0.8781627416610718
D06P_POS__F234,D06P_POS,multi,1,0,1,2,1,False,1,0.6563031077384949
D06P_POS__F235,D06P_POS,empty,0,0,0,0,0,True,0,0.0
D06P_POS__F236,D06P_POS,empty,0,0,0,0,0,True,0,0.0
D06P_POS__F240,D06P_POS,multi,2,0,0,2,2,True,0,0.9067385196685791
D06P_POS__F246,D06P_POS,empty,0,1,0,0,1,False,1,0.0
D06P_POS__F251,D06P_POS,multi,2,1,0,2,3,False,1,0.8294212818145752
D06P_POS__F252,D06P_POS,single,1,0,0,1,1,True,0,0.8234483599662781
D06P_POS__F254,D06P_POS,empty,0,1,0,0,1,False,1,0.0
D06P_POS__F255,D06P_POS,empty,0,0,0,0,0,True,0,0.0
D06P_POS__F258,D06P_POS,single,1,0,0,1,1,True,0,0.7481276392936707
D06P_POS__F261,D06P_POS,single,0,2,1,1,2,False,1,0.0
D06P_POS__F264,D06P_POS,single,1,0,0,1,1,True,0,0.5934587717056274
D06P_POS__F266,D06P_POS,single,1,1,0,1,2,False,1,0.8476175665855408
D06P_POS__F271,D06P_POS,empty,0,1,0,0,1,False,1,0.0
D06P_POS__F274,D06P_POS,multi,2,0,0,2,2,True,0,0.8812817335128784
D06P_POS__F275,D06P_POS,single,1,0,0,1,1,True,0,0.9215699434280396
D06P_POS__F278,D06P_POS,single,1,0,0,1,1,True,0,0.9103899002075195
D06P_POS__F282,D06P_POS,multi,2,0,0,2,2,True,0,0.8735600709915161
D06P_POS__F283,D06P_POS,single,1,0,0,1,1,True,0,0.8877724409103394
D06P_POS__F284,D06P_POS,multi,3,0,0,3,3,True,0,0.9407474001248678
D06P_POS__F286,D06P_POS,multi,3,0,0,3,3,True,0,0.9135711789131165
D06P_POS__F290,D06P_POS,single,1,0,0,1,1,True,0,0.9875573515892029
D06P_POS__F292,D06P_POS,multi,2,0,0,2,2,True,0,0.8130857646465302
D06P_POS__F293,D06P_POS,multi,2,0,0,2,2,True,0,0.8011175990104675
D06P_POS__F295,D06P_POS,multi,2,0,0,2,2,True,0,0.9291041791439056
D06P_POS__F297,D06P_POS,multi,2,1,0,2,3,False,1,0.6941693425178528
D06P_POS__F300,D06P_POS,multi,2,0,0,2,2,True,0,0.887629508972168
D06P_POS__F301,D06P_POS,multi,2,0,0,2,2,True,0,0.8481518030166626
D06P_POS__F302,D06P_POS,multi,2,0,0,2,2,True,0,0.9236106276512146
D06P_POS__F305,D06P_POS,multi,2,0,0,2,2,True,0,0.9126251339912415
D06P_POS__F307,D06P_POS,multi,2,0,0,2,2,True,0,0.9148792326450348
D06P_POS__F308,D06P_POS,single,0,2,1,1,2,False,1,0.0
D06P_POS__F312,D06P_POS,single,1,2,0,1,3,False,2,0.7920832633972168
D06P_POS__F313,D06P_POS,multi,3,0,0,3,3,True,0,0.9129274487495422
D06P_POS__F317,D06P_POS,multi,4,0,0,4,4,True,0,0.8765992522239685
D06P_POS__F324,D06P_POS,multi,4,0,0,4,4,True,0,0.9265989512205124
D06P_POS__F327,D06P_POS,multi,4,0,1,5,4,False,1,0.8831599056720734
D06P_POS__F328,D06P_POS,single,1,0,0,1,1,True,0,0.8966853022575378
D06P_POS__F329,D06P_POS,single,0,2,1,1,2,False,1,0.0
D06P_POS__F33,D06P_POS,single,0,2,1,1,2,False,1,0.0
D06P_POS__F330,D06P_POS,multi,2,0,0,2,2,True,0,0.9280136227607727
D06P_POS__F332,D06P_POS,multi,2,0,1,3,2,False,1,0.8769402503967285
D06P_POS__F333,D06P_POS,multi,2,0,0,2,2,True,0,0.9263630211353302
D06P_POS__F335,D06P_POS,single,1,0,0,1,1,True,0,0.6901668310165405
D06P_POS__F336,D06P_POS,empty,0,0,0,0,0,True,0,0.0
D06P_POS__F337,D06P_POS,empty,0,2,0,0,2,False,2,0.0
D06P_POS__F339,D06P_POS,single,0,2,1,1,2,False,1,0.0
D06P_POS__F34,D06P_POS,single,1,0,0,1,1,True,0,0.6996984481811523
D06P_POS__F340,D06P_POS,single,1,0,0,1,1,True,0,0.8755582571029663
D06P_POS__F343,D06P_POS,multi,2,1,0,2,3,False,1,0.9391542971134186
D06P_POS__F347,D06P_POS,multi,3,0,0,3,3,True,0,0.9180404543876648
D06P_POS__F348,D06P_POS,single,1,0,0,1,1,True,0,0.8546727895736694
D06P_POS__F351,D06P_POS,empty,0,0,0,0,0,True,0,0.0
D06P_POS__F352,D06P_POS,single,1,0,0,1,1,True,0,0.9225174784660339
D06P_POS__F353,D06P_POS,single,1,1,0,1,2,False,1,0.9673534035682678
D06P_POS__F354,D06P_POS,empty,0,1,0,0,1,False,1,0.0
D06P_POS__F355,D06P_POS,single,1,0,0,1,1,True,0,0.9067040085792542
D06P_POS__F358,D06P_POS,multi,2,0,0,2,2,True,0,0.8468325436115265
D06P_POS__F36,D06P_POS,empty,0,0,0,0,0,True,0,0.0
D06P_POS__F361,D06P_POS,multi,2,0,0,2,2,True,0,0.9638929665088654
D06P_POS__F362,D06P_POS,empty,0,5,0,0,5,False,5,0.0
D06P_POS__F363,D06P_POS,empty,0,5,0,0,5,False,5,0.0
D06P_POS__F365,D06P_POS,multi,2,0,0,2,2,True,0,0.9434434175491333
D06P_POS__F366,D06P_POS,single,1,0,0,1,1,True,0,0.8537783026695251
D06P_POS__F368,D06P_POS,multi,3,0,0,3,3,True,0,0.9109667539596558
D06P_POS__F370,D06P_POS,single,0,3,1,1,3,False,2,0.0
D06P_POS__F371,D06P_POS,empty,0,5,0,0,5,False,5,0.0
D06P_POS__F372,D06P_POS,empty,0,3,0,0,3,False,3,0.0
D06P_POS__F374,D06P_POS,multi,2,0,0,2,2,True,0,0.8209364712238312
D06P_POS__F377,D06P_POS,single,1,1,0,1,2,False,1,0.8717442154884338
D06P_POS__F382,D06P_POS,single,0,1,1,1,1,True,0,0.0
D06P_POS__F383,D06P_POS,single,1,0,0,1,1,True,0,0.9319220781326294
D06P_POS__F387,D06P_POS,single,1,0,0,1,1,True,0,0.5871307849884033
D06P_POS__F389,D06P_POS,single,1,1,0,1,2,False,1,0.6085594892501831
D06P_POS__F390,D06P_POS,single,1,1,0,1,2,False,1,0.5655680298805237
D06P_POS__F394,D06P_POS,multi,3,0,0,3,3,True,0,0.8511364857355753
D06P_POS__F395,D06P_POS,multi,3,0,0,3,3,True,0,0.8659778038660685
D06P_POS__F397,D06P_POS,single,1,0,0,1,1,True,0,0.7695656418800354
D06P_POS__F399,D06P_POS,single,1,1,0,1,2,False,1,0.9651538729667664
D06P_POS__F4,D06P_POS,multi,1,0,1,2,1,False,1,0.8291842341423035
D06P_POS__F405,D06P_POS,single,1,0,0,1,1,True,0,0.9343386292457581
D06P_POS__F406,D06P_POS,single,1,0,0,1,1,True,0,0.8624410033226013
D06P_POS__F413,D06P_POS,single,1,0,0,1,1,True,0,0.9321821331977844
D06P_POS__F415,D06P_POS,multi,2,0,0,2,2,True,0,0.8569721281528473
D06P_POS__F416,D06P_POS,single,1,0,0,1,1,True,0,0.9398717284202576
D06P_POS__F42,D06P_POS,multi,2,1,0,2,3,False,1,0.783877819776535
D06P_POS__F420,D06P_POS,single,1,0,0,1,1,True,0,0.982528030872345
D06P_POS__F421,D06P_POS,multi,2,0,0,2,2,True,0,0.9365734159946442
D06P_POS__F422,D06P_POS,multi,2,0,0,2,2,True,0,0.9079124331474304
D06P_POS__F423,D06P_POS,single,1,0,0,1,1,True,0,0.9338150024414062
D06P_POS__F426,D06P_POS,single,1,0,0,1,1,True,0,0.8443450927734375
D06P_POS__F431,D06P_POS,multi,2,0,0,2,2,True,0,0.8797063231468201
D06P_POS__F433,D06P_POS,single,1,1,0,1,2,False,1,0.9084007740020752
D06P_POS__F434,D06P_POS,multi,3,1,0,3,4,False,1,0.756828784942627
D06P_POS__F435,D06P_POS,multi,3,1,0,3,4,False,1,0.9150767127672831
D06P_POS__F438,D06P_POS,multi,2,0,1,3,2,False,1,0.9469474256038666
D06P_POS__F439,D06P_POS,single,1,1,0,1,2,False,1,0.9593484401702881
D06P_POS__F44,D06P_POS,single,1,0,0,1,1,True,0,0.8430429697036743
D06P_POS__F440,D06P_POS,multi,2,0,0,2,2,True,0,0.920266717672348
D06P_POS__F443,D06P_POS,single,1,0,0,1,1,True,0,0.9105648398399353
D06P_POS__F445,D06P_POS,multi,2,0,1,3,2,False,1,0.8951137363910675
D06P_POS__F447,D06P_POS,empty,0,0,0,0,0,True,0,0.0
D06P_POS__F448,D06P_POS,single,0,1,1,1,1,True,0,0.0
D06P_POS__F45,D06P_POS,single,1,0,0,1,1,True,0,0.9471358060836792
D06P_POS__F450,D06P_POS,single,1,0,0,1,1,True,0,0.882563054561615
D06P_POS__F451,D06P_POS,single,0,2,1,1,2,False,1,0.0
D06P_POS__F458,D06P_POS,single,1,0,0,1,1,True,0,0.8913608193397522
D06P_POS__F46,D06P_POS,single,1,2,0,1,3,False,2,0.8768293857574463
D06P_POS__F461,D06P_POS,single,1,0,0,1,1,True,0,0.7708548903465271
D06P_POS__F462,D06P_POS,multi,2,0,0,2,2,True,0,0.9267164170742035
D06P_POS__F463,D06P_POS,single,1,0,0,1,1,True,0,0.8511779308319092
D06P_POS__F465,D06P_POS,single,1,0,0,1,1,True,0,0.9419441223144531
D06P_POS__F469,D06P_POS,single,1,1,0,1,2,False,1,0.9438777565956116
D06P_POS__F470,D06P_POS,single,1,0,0,1,1,True,0,0.9168519377708435
D06P_POS__F471,D06P_POS,multi,1,0,1,2,1,False,1,0.9372449517250061
D06P_POS__F472,D06P_POS,single,1,0,0,1,1,True,0,0.9761140942573547
D06P_POS__F473,D06P_POS,single,1,0,0,1,1,True,0,0.9755167961120605
D06P_POS__F476,D06P_POS,multi,2,1,0,2,3,False,1,0.8245976865291595
D06P_POS__F479,D06P_POS,multi,2,0,0,2,2,True,0,0.962097555398941
D06P_POS__F48,D06P_POS,empty,0,0,0,0,0,True,0,0.0
D06P_POS__F480,D06P_POS,multi,1,1,2,3,2,False,1,0.9711620807647705
D06P_POS__F484,D06P_POS,single,1,0,0,1,1,True,0,0.8848747611045837
D06P_POS__F488,D06P_POS,single,1,0,0,1,1,True,0,0.902212917804718
D06P_POS__F489,D06P_POS,single,1,0,0,1,1,True,0,0.6738196015357971
D06P_POS__F49,D06P_POS,single,1,0,0,1,1,True,0,0.8049162030220032
D06P_POS__F491,D06P_POS,single,0,1,1,1,1,True,0,0.0
D06P_POS__F492,D06P_POS,single,1,0,0,1,1,True,0,0.8741141557693481
D06P_POS__F494,D06P_POS,single,1,0,0,1,1,True,0,0.889313280582428
D06P_POS__F496,D06P_POS,single,1,0,0,1,1,True,0,0.9576923847198486
D06P_POS__F497,D06P_POS,multi,4,0,0,4,4,True,0,0.9005069434642792
D06P_POS__F5,D06P_POS,empty,0,1,0,0,1,False,1,0.0
D06P_POS__F502,D06P_POS,single,1,0,0,1,1,True,0,0.9797075986862183
D06P_POS__F504,D06P_POS,single,1,0,0,1,1,True,0,0.9055203795433044
D06P_POS__F506,D06P_POS,single,1,0,0,1,1,True,0,0.8096587061882019
D06P_POS__F51,D06P_POS,single,1,1,0,1,2,False,1,0.802484929561615
D06P_POS__F510,D06P_POS,single,1,0,0,1,1,True,0,0.5998386740684509
D06P_POS__F512,D06P_POS,single,0,2,1,1,2,False,1,0.0
D06P_POS__F514,D06P_POS,single,1,0,0,1,1,True,0,0.9826791882514954
D06P_POS__F515,D06P_POS,single,1,0,0,1,1,True,0,0.7595564126968384
D06P_POS__F52,D06P_POS,empty,0,1,0,0,1,False,1,0.0
D06P_POS__F520,D06P_POS,multi,2,0,0,2,2,True,0,0.9332131743431091
D06P_POS__F523,D06P_POS,multi,2,0,0,2,2,True,0,0.9191408455371857
D06P_POS__F529,D06P_POS,single,1,1,0,1,2,False,1,0.8782804012298584
D06P_POS__F53,D06P_POS,empty,0,0,0,0,0,True,0,0.0
D06P_POS__F530,D06P_POS,single,1,0,0,1,1,True,0,0.8695552349090576
D06P_POS__F531,D06P_POS,multi,2,0,0,2,2,True,0,0.7649710178375244
D06P_POS__F532,D06P_POS,multi,1,1,1,2,2,True,0,0.7057836055755615
D06P_POS__F533,D06P_POS,multi,2,0,0,2,2,True,0,0.822317898273468
D06P_POS__F534,D06P_POS,multi,2,0,0,2,2,True,0,0.9396117925643921
D06P_POS__F535,D06P_POS,single,1,0,0,1,1,True,0,0.9345393180847168
D06P_POS__F536,D06P_POS,single,1,0,0,1,1,True,0,0.7803568243980408
D06P_POS__F54,D06P_POS,empty,0,0,0,0,0,True,0,0.0
D06P_POS__F542,D06P_POS,single,1,1,0,1,2,False,1,0.7191256284713745
D06P_POS__F545,D06P_POS,multi,2,0,2,4,2,False,2,0.922263115644455
D06P_POS__F546,D06P_POS,multi,4,0,1,5,4,False,1,0.8988601118326187
D06P_POS__F547,D06P_POS,single,1,0,0,1,1,True,0,0.9479748606681824
D06P_POS__F548,D06P_POS,single,1,1,0,1,2,False,1,0.9840614795684814
D06P_POS__F549,D06P_POS,multi,2,1,0,2,3,False,1,0.847646176815033
D06P_POS__F55,D06P_POS,empty,0,0,0,0,0,True,0,0.0
D06P_POS__F550,D06P_POS,single,1,0,0,1,1,True,0,0.9788934588432312
D06P_POS__F552,D06P_POS,single,1,0,0,1,1,True,0,0.8751002550125122
D06P_POS__F553,D06P_POS,single,1,0,0,1,1,True,0,0.7391218543052673
D06P_POS__F554,D06P_POS,multi,2,0,0,2,2,True,0,0.9132688343524933
D06P_POS__F555,D06P_POS,single,1,0,0,1,1,True,0,0.9336454272270203
D06P_POS__F556,D06P_POS,multi,2,0,0,2,2,True,0,0.9070395529270172
D06P_POS__F558,D06P_POS,multi,2,0,1,3,2,False,1,0.7729943692684174
D06P_POS__F559,D06P_POS,multi,2,1,0,2,3,False,1,0.9570509791374207
D06P_POS__F56,D06P_POS,single,0,1,1,1,1,True,0,0.0
D06P_POS__F560,D06P_POS,multi,2,0,0,2,2,True,0,0.9648611545562744
D06P_POS__F568,D06P_POS,single,1,0,0,1,1,True,0,0.8775256872177124
D06P_POS__F569,D06P_POS,single,1,0,0,1,1,True,0,0.9582151770591736
D06P_POS__F572,D06P_POS,single,1,0,0,1,1,True,0,0.9440081715583801
D06P_POS__F579,D06P_POS,multi,2,0,0,2,2,True,0,0.832118958234787
D06P_POS__F58,D06P_POS,empty,0,0,0,0,0,True,0,0.0
D06P_POS__F59,D06P_POS,empty,0,0,0,0,0,True,0,0.0
D06P_POS__F591,D06P_POS,single,1,0,0,1,1,True,0,0.9453625082969666
D06P_POS__F592,D06P_POS,multi,3,0,0,3,3,True,0,0.9172954758008321
D06P_POS__F6,D06P_POS,empty,0,0,0,0,0,True,0,0.0
D06P_POS__F60,D06P_POS,single,1,0,0,1,1,True,0,0.7853636741638184
D06P_POS__F603,D06P_POS,multi,2,0,3,5,2,False,3,0.9007110893726349
D06P_POS__F604,D06P_POS,multi,2,0,0,2,2,True,0,0.9222140610218048
D06P_POS__F605,D06P_POS,multi,2,0,0,2,2,True,0,0.8872504234313965
D06P_POS__F606,D06P_POS,multi,2,0,1,3,2,False,1,0.8764247298240662
D06P_POS__F607,D06P_POS,multi,3,1,0,3,4,False,1,0.7910630504290262
D06P_POS__F61,D06P_POS,empty,0,0,0,0,0,True,0,0.0
D06P_POS__F610,D06P_POS,single,1,0,0,1,1,True,0,0.6741876602172852
D06P_POS__F614,D06P_POS,multi,4,0,0,4,4,True,0,0.9307739585638046
D06P_POS__F615,D06P_POS,multi,2,0,0,2,2,True,0,0.8176872134208679
D06P_POS__F616,D06P_POS,multi,2,0,0,2,2,True,0,0.9412491321563721
D06P_POS__F621,D06P_POS,multi,1,0,1,2,1,False,1,0.9573694467544556
D06P_POS__F622,D06P_POS,multi,2,0,1,3,2,False,1,0.8927155137062073
D06P_POS__F625,D06P_POS,multi,2,0,1,3,2,False,1,0.8200986683368683
D06P_POS__F629,D06P_POS,multi,2,0,1,3,2,False,1,0.7980231642723083
D06P_POS__F630,D06P_POS,multi,2,2,0,2,4,False,2,0.8501018583774567
D06P_POS__F634,D06P_POS,multi,2,0,0,2,2,True,0,0.8219501078128815
D06P_POS__F637,D06P_POS,single,1,0,0,1,1,True,0,0.8583241105079651
D06P_POS__F64,D06P_POS,empty,0,0,0,0,0,True,0,0.0
D06P_POS__F640,D06P_POS,multi,2,0,0,2,2,True,0,0.8909303247928619
D06P_POS__F641,D06P_POS,multi,2,0,0,2,2,True,0,0.9100310802459717
D06P_POS__F644,D06P_POS,single,1,0,0,1,1,True,0,0.8137240409851074
D06P_POS__F645,D06P_POS,multi,2,0,2,4,2,False,2,0.922205001115799
D06P_POS__F653,D06P_POS,multi,2,0,0,2,2,True,0,0.8668256103992462
D06P_POS__F654,D06P_POS,multi,2,0,0,2,2,True,0,0.7500928640365601
D06P_POS__F656,D06P_POS,multi,2,0,1,3,2,False,1,0.7191041111946106
D06P_POS__F658,D06P_POS,multi,2,1,0,2,3,False,1,0.9561290442943573
D06P_POS__F663,D06P_POS,multi,3,0,0,3,3,True,0,0.8597906629244486
D06P_POS__F667,D06P_POS,multi,2,1,1,3,3,True,0,0.9423647224903107
D06P_POS__F668,D06P_POS,single,1,0,0,1,1,True,0,0.8634503483772278
D06P_POS__F669,D06P_POS,multi,3,0,0,3,3,True,0,0.8366486430168152
D06P_POS__F67,D06P_POS,empty,0,0,0,0,0,True,0,0.0
D06P_POS__F672,D06P_POS,multi,4,0,1,5,4,False,1,0.8670878857374191
D06P_POS__F674,D06P_POS,single,1,0,0,1,1,True,0,0.9668864011764526
D06P_POS__F675,D06P_POS,multi,3,0,0,3,3,True,0,0.875513513882955
D06P_POS__F679,D06P_POS,multi,2,1,0,2,3,False,1,0.7993761301040649
D06P_POS__F68,D06P_POS,empty,0,1,0,0,1,False,1,0.0
D06P_POS__F683,D06P_POS,single,1,0,0,1,1,True,0,0.9648751616477966
D06P_POS__F685,D06P_POS,multi,2,0,0,2,2,True,0,0.934575766324997
D06P_POS__F686,D06P_POS,multi,3,0,0,3,3,True,0,0.8830085396766663
D06P_POS__F689,D06P_POS,multi,3,0,1,4,3,False,1,0.9066070119539896
D06P_POS__F69,D06P_POS,single,1,0,0,1,1,True,0,0.9352893829345703
D06P_POS__F691,D06P_POS,single,1,0,0,1,1,True,0,0.9055492877960205
D06P_POS__F692,D06P_POS,single,1,0,0,1,1,True,0,0.9334301948547363
D06P_POS__F694,D06P_POS,multi,4,0,0,4,4,True,0,0.9256874769926071
D06P_POS__F695,D06P_POS,multi,3,0,1,4,3,False,1,0.9120596647262573
D06P_POS__F696,D06P_POS,multi,4,0,0,4,4,True,0,0.9140971601009369
D06P_POS__F7,D06P_POS,multi,2,1,0,2,3,False,1,0.8974349200725555
D06P_POS__F70,D06P_POS,empty,0,0,0,0,0,True,0,0.0
D06P_POS__F706,D06P_POS,multi,2,0,0,2,2,True,0,0.8388203382492065
D06P_POS__F708,D06P_POS,multi,3,0,1,4,3,False,1,0.8622442285219828
D06P_POS__F71,D06P_POS,single,0,1,1,1,1,True,0,0.0
D06P_POS__F712,D06P_POS,multi,2,0,0,2,2,True,0,0.8400832116603851
D06P_POS__F715,D06P_POS,multi,1,0,1,2,1,False,1,0.9707555770874023
D06P_POS__F716,D06P_POS,multi,2,0,0,2,2,True,0,0.9071518778800964
D06P_POS__F717,D06P_POS,multi,2,0,1,3,2,False,1,0.8402134478092194
D06P_POS__F718,D06P_POS,multi,2,0,0,2,2,True,0,0.9336768090724945
D06P_POS__F719,D06P_POS,multi,2,0,0,2,2,True,0,0.9518764615058899
D06P_POS__F72,D06P_POS,single,1,0,0,1,1,True,0,0.9287177324295044
D06P_POS__F721,D06P_POS,multi,2,0,0,2,2,True,0,0.8288204669952393
D06P_POS__F722,D06P_POS,multi,2,0,0,2,2,True,0,0.8433949649333954
D06P_POS__F727,D06P_POS,single,1,1,0,1,2,False,1,0.9247031211853027
D06P_POS__F73,D06P_POS,single,1,0,0,1,1,True,0,0.9581940174102783
D06P_POS__F731,D06P_POS,multi,1,0,2,3,1,False,2,0.8432774543762207
D06P_POS__F733,D06P_POS,single,1,0,0,1,1,True,0,0.8771623969078064
D06P_POS__F736,D06P_POS,single,1,0,0,1,1,True,0,0.9279274940490723
D06P_POS__F738,D06P_POS,single,1,0,0,1,1,True,0,0.9006518721580505
D06P_POS__F739,D06P_POS,single,1,0,0,1,1,True,0,0.9702832102775574
D06P_POS__F74,D06P_POS,empty,0,0,0,0,0,True,0,0.0
D06P_POS__F740,D06P_POS,multi,3,0,0,3,3,True,0,0.8728850682576498
D06P_POS__F742,D06P_POS,multi,2,0,0,2,2,True,0,0.8310001492500305
D06P_POS__F744,D06P_POS,multi,2,0,0,2,2,True,0,0.8444135785102844
D06P_POS__F745,D06P_POS,multi,1,0,1,2,1,False,1,0.6449611783027649
D06P_POS__F747,D06P_POS,multi,2,0,0,2,2,True,0,0.8931981027126312
D06P_POS__F75,D06P_POS,empty,0,0,0,0,0,True,0,0.0
D06P_POS__F750,D06P_POS,multi,2,0,0,2,2,True,0,0.9266439080238342
D06P_POS__F753,D06P_POS,multi,1,3,3,4,4,True,0,0.8070658445358276
D06P_POS__F757,D06P_POS,single,1,0,0,1,1,True,0,0.9836655259132385
D06P_POS__F758,D06P_POS,multi,2,0,0,2,2,True,0,0.9483091533184052
D06P_POS__F762,D06P_POS,multi,2,0,2,4,2,False,2,0.7788525223731995
D06P_POS__F766,D06P_POS,multi,2,0,1,3,2,False,1,0.8384661376476288
D06P_POS__F769,D06P_POS,multi,2,0,0,2,2,True,0,0.902282178401947
D06P_POS__F773,D06P_POS,multi,3,0,0,3,3,True,0,0.8814274867375692
D06P_POS__F775,D06P_POS,multi,2,0,0,2,2,True,0,0.8804745972156525
D06P_POS__F778,D06P_POS,multi,4,0,0,4,4,True,0,0.9362691044807434
D06P_POS__F779,D06P_POS,multi,3,0,0,3,3,True,0,0.9001687169075012
D06P_POS__F78,D06P_POS,single,1,0,0,1,1,True,0,0.9151100516319275
D06P_POS__F783,D06P_POS,multi,2,2,0,2,4,False,2,0.9276942610740662
D06P_POS__F788,D06P_POS,multi,1,0,1,2,1,False,1,0.8515114188194275
D06P_POS__F790,D06P_POS,multi,2,0,1,3,2,False,1,0.9368952512741089
D06P_POS__F794,D06P_POS,multi,3,0,1,4,3,False,1,0.8572006026903788
D06P_POS__F798,D06P_POS,multi,1,0,1,2,1,False,1,0.6348688006401062
D06P_POS__F799,D06P_POS,empty,0,2,0,0,2,False,2,0.0
D06P_POS__F8,D06P_POS,empty,0,0,0,0,0,True,0,0.0
D06P_POS__F801,D06P_POS,multi,2,0,0,2,2,True,0,0.9080260396003723
D06P_POS__F802,D06P_POS,multi,1,0,1,2,1,False,1,0.8403347134590149
D06P_POS__F803,D06P_POS,single,1,0,0,1,1,True,0,0.7536988258361816
D06P_POS__F804,D06P_POS,single,1,0,0,1,1,True,0,0.9232122898101807
D06P_POS__F807,D06P_POS,multi,2,0,0,2,2,True,0,0.926037073135376
D06P_POS__F808,D06P_POS,single,1,0,0,1,1,True,0,0.7714052200317383
D06P_POS__F811,D06P_POS,multi,4,0,0,4,4,True,0,0.8029469698667526
D06P_POS__F814,D06P_POS,single,1,0,0,1,1,True,0,0.9300979971885681
D06P_POS__F817,D06P_POS,single,1,0,0,1,1,True,0,0.8088640570640564
D06P_POS__F818,D06P_POS,single,1,0,0,1,1,True,0,0.9640065431594849
D06P_POS__F819,D06P_POS,multi,1,0,2,3,1,False,2,0.9722284078598022
D06P_POS__F820,D06P_POS,multi,0,0,2,2,0,False,2,0.0
D06P_POS__F823,D06P_POS,multi,2,0,0,2,2,True,0,0.9285520613193512
D06P_POS__F826,D06P_POS,multi,3,0,0,3,3,True,0,0.8691837787628174
D06P_POS__F827,D06P_POS,multi,2,0,0,2,2,True,0,0.8629293441772461
D06P_POS__F828,D06P_POS,multi,3,0,0,3,3,True,0,0.9189992149670919
D06P_POS__F83,D06P_POS,empty,0,0,0,0,0,True,0,0.0
D06P_POS__F830,D06P_POS,single,1,0,0,1,1,True,0,0.9156715869903564
D06P_POS__F833,D06P_POS,multi,3,1,0,3,4,False,1,0.8931982715924581
D06P_POS__F834,D06P_POS,multi,3,0,0,3,3,True,0,0.8934610287348429
D06P_POS__F837,D06P_POS,multi,4,0,0,4,4,True,0,0.8874936401844025
D06P_POS__F839,D06P_POS,multi,3,0,0,3,3,True,0,0.7933828433354696
D06P_POS__F84,D06P_POS,empty,0,0,0,0,0,True,0,0.0
D06P_POS__F843,D06P_POS,multi,2,0,0,2,2,True,0,0.7423984408378601
D06P_POS__F844,D06P_POS,multi,4,0,0,4,4,True,0,0.9026309698820114
D06P_POS__F846,D06P_POS,multi,3,0,0,3,3,True,0,0.9378321369489034
D06P_POS__F847,D06P_POS,single,1,1,0,1,2,False,1,0.9030569195747375
D06P_POS__F848,D06P_POS,single,1,0,0,1,1,True,0,0.8486176133155823
D06P_POS__F852,D06P_POS,multi,2,0,0,2,2,True,0,0.7844996750354767
D06P_POS__F856,D06P_POS,single,1,0,0,1,1,True,0,0.9158242344856262
D06P_POS__F859,D06P_POS,single,1,1,0,1,2,False,1,0.8996343612670898
D06P_POS__F860,D06P_POS,single,1,0,0,1,1,True,0,0.9273558855056763
D06P_POS__F862,D06P_POS,multi,2,2,1,3,4,False,1,0.8253620862960815
D06P_POS__F865,D06P_POS,single,1,1,0,1,2,False,1,0.9696714282035828
D06P_POS__F867,D06P_POS,multi,2,1,1,3,3,True,0,0.9188220798969269
D06P_POS__F868,D06P_POS,multi,3,1,0,3,4,False,1,0.8578925728797913
D06P_POS__F869,D06P_POS,single,1,0,0,1,1,True,0,0.9365969896316528
D06P_POS__F870,D06P_POS,multi,2,0,0,2,2,True,0,0.8014011681079865
D06P_POS__F876,D06P_POS,multi,3,0,0,3,3,True,0,0.8162544369697571
D06P_POS__F877,D06P_POS,multi,2,1,1,3,3,True,0,0.6634204685688019
D06P_POS__F878,D06P_POS,multi,2,0,0,2,2,True,0,0.9098822176456451
D06P_POS__F880,D06P_POS,multi,2,0,0,2,2,True,0,0.9425967633724213
D06P_POS__F881,D06P_POS,multi,2,0,0,2,2,True,0,0.8976188898086548
D06P_POS__F883,D06P_POS,multi,1,0,1,2,1,False,1,0.9517709016799927
D06P_POS__F886,D06P_POS,single,1,0,0,1,1,True,0,0.9580597877502441
D06P_POS__F887,D06P_POS,multi,3,0,0,3,3,True,0,0.8275526960690817
D06P_POS__F888,D06P_POS,multi,2,0,0,2,2,True,0,0.9208399951457977
D06P_POS__F89,D06P_POS,empty,0,0,0,0,0,True,0,0.0
D06P_POS__F890,D06P_POS,single,1,1,0,1,2,False,1,0.9441108703613281
D06P_POS__F891,D06P_POS,multi,2,0,0,2,2,True,0,0.9126922190189362
D06P_POS__F893,D06P_POS,multi,2,0,1,3,2,False,1,0.9234232604503632
D06P_POS__F894,D06P_POS,multi,2,0,0,2,2,True,0,0.8917222321033478
D06P_POS__F895,D06P_POS,single,1,0,0,1,1,True,0,0.977354109287262
D06P_POS__F896,D06P_POS,single,1,0,0,1,1,True,0,0.9473311901092529
D06P_POS__F901,D06P_POS,single,1,0,0,1,1,True,0,0.8234149813652039
D06P_POS__F905,D06P_POS,single,1,0,0,1,1,True,0,0.9120772480964661
D06P_POS__F908,D06P_POS,multi,3,0,1,4,3,False,1,0.7980750203132629
D06P_POS__F91,D06P_POS,multi,2,0,0,2,2,True,0,0.869227260351181
D06P_POS__F910,D06P_POS,multi,2,0,0,2,2,True,0,0.9099350273609161
D06P_POS__F911,D06P_POS,multi,2,0,0,2,2,True,0,0.9445976912975311
D06P_POS__F913,D06P_POS,single,1,0,0,1,1,True,0,0.7041791677474976
D06P_POS__F915,D06P_POS,multi,2,0,0,2,2,True,0,0.8713535666465759
D06P_POS__F916,D06P_POS,single,1,1,0,1,2,False,1,0.7308616638183594
D06P_POS__F918,D06P_POS,multi,2,1,0,2,3,False,1,0.7359766960144043
D06P_POS__F919,D06P_POS,single,1,0,0,1,1,True,0,0.9374254941940308
D06P_POS__F922,D06P_POS,multi,2,0,0,2,2,True,0,0.8387154638767242
D06P_POS__F925,D06P_POS,multi,4,1,3,7,5,False,2,0.8331160992383957
D06P_POS__F926,D06P_POS,multi,5,1,2,7,6,False,1,0.8896795153617859
D06P_POS__F927,D06P_POS,multi,2,0,0,2,2,True,0,0.8993419110774994
D06P_POS__F928,D06P_POS,multi,3,1,3,6,4,False,2,0.9040107727050781
D06P_POS__F933,D06P_POS,multi,2,0,0,2,2,True,0,0.9149348139762878
D06P_POS__F935,D06P_POS,multi,2,0,0,2,2,True,0,0.8745577335357666
D06P_POS__F936,D06P_POS,single,1,0,0,1,1,True,0,0.9563522934913635
D06P_POS__F937,D06P_POS,multi,3,0,0,3,3,True,0,0.8068199157714844
D06P_POS__F938,D06P_POS,multi,2,0,0,2,2,True,0,0.8364985287189484
D06P_POS__F940,D06P_POS,single,1,0,0,1,1,True,0,0.9192304611206055
D06P_POS__F941,D06P_POS,multi,3,0,0,3,3,True,0,0.896697203318278
D06P_POS__F942,D06P_POS,multi,2,0,0,2,2,True,0,0.8403939306735992
D06P_POS__F946,D06P_POS,multi,2,0,0,2,2,True,0,0.9467472732067108
D06P_POS__F947,D06P_POS,multi,2,0,0,2,2,True,0,0.8971156477928162
D06P_POS__F949,D06P_POS,multi,4,0,0,4,4,True,0,0.8309390097856522
D06P_POS__F95,D06P_POS,single,1,0,0,1,1,True,0,0.9069096446037292
D06P_POS__F954,D06P_POS,multi,1,1,2,3,2,False,1,0.8686657547950745
D06P_POS__F957,D06P_POS,multi,3,0,0,3,3,True,0,0.8172258337338766
D06P_POS__F959,D06P_POS,multi,5,0,0,5,5,True,0,0.9169959664344788
D06P_POS__F960,D06P_POS,multi,3,0,0,3,3,True,0,0.9379193981488546
D06P_POS__F962,D06P_POS,multi,2,0,0,2,2,True,0,0.9335197508335114
D06P_POS__F965,D06P_POS,multi,2,0,0,2,2,True,0,0.8862841725349426
D06P_POS__F970,D06P_POS,single,1,1,0,1,2,False,1,0.9614248275756836
D06P_POS__F974,D06P_POS,multi,4,0,0,4,4,True,0,0.9337643682956696
D06P_POS__F980,D06P_POS,multi,2,1,0,2,3,False,1,0.8500316441059113
D06P_POS__F985,D06P_POS,single,1,1,0,1,2,False,1,0.9507964849472046
D06P_POS__F986,D06P_POS,single,1,0,0,1,1,True,0,0.8617584705352783
D06P_POS__F987,D06P_POS,single,1,0,0,1,1,True,0,0.9450918436050415
D06P_POS__F988,D06P_POS,single,1,0,0,1,1,True,0,0.9678568243980408
D06P_POS__F989,D06P_POS,multi,2,0,0,2,2,True,0,0.8189975023269653
D06P_POS__F992,D06P_POS,multi,3,0,0,3,3,True,0,0.9274336496988932
D06P_POS__F993,D06P_POS,multi,3,0,0,3,3,True,0,0.8854478001594543
D06P_POS__F994,D06P_POS,multi,3,0,0,3,3,True,0,0.8962446252504984
D06P_POS__F997,D06P_POS,multi,3,0,0,3,3,True,0,0.8673007488250732
D06P_POS__F999,D06P_POS,multi,4,0,0,4,4,True,0,0.8856707811355591
NIST_Full scan_2_NEG__F100,NIST_Full scan_2_NEG,multi,1,1,2,3,2,False,1,0.6101074814796448
NIST_Full scan_2_NEG__F1005,NIST_Full scan_2_NEG,empty,0,0,0,0,0,True,0,0.0
NIST_Full scan_2_NEG__F1011,NIST_Full scan_2_NEG,single,1,0,0,1,1,True,0,0.7687950134277344
NIST_Full scan_2_NEG__F1018,NIST_Full scan_2_NEG,single,1,0,0,1,1,True,0,0.9106487035751343
NIST_Full scan_2_NEG__F1019,NIST_Full scan_2_NEG,single,1,0,0,1,1,True,0,0.8507919907569885
NIST_Full scan_2_NEG__F1026,NIST_Full scan_2_NEG,single,1,0,0,1,1,True,0,0.5176641345024109
NIST_Full scan_2_NEG__F1034,NIST_Full scan_2_NEG,single,1,0,0,1,1,True,0,0.8054677844047546
NIST_Full scan_2_NEG__F1035,NIST_Full scan_2_NEG,single,1,0,0,1,1,True,0,0.9095696806907654
NIST_Full scan_2_NEG__F1038,NIST_Full scan_2_NEG,single,1,0,0,1,1,True,0,0.9169454574584961
NIST_Full scan_2_NEG__F1042,NIST_Full scan_2_NEG,single,1,0,0,1,1,True,0,0.9116023778915405
NIST_Full scan_2_NEG__F1045,NIST_Full scan_2_NEG,single,1,0,0,1,1,True,0,0.8916467428207397
NIST_Full scan_2_NEG__F1048,NIST_Full scan_2_NEG,single,0,1,1,1,1,True,0,0.0
NIST_Full scan_2_NEG__F1051,NIST_Full scan_2_NEG,empty,0,0,0,0,0,True,0,0.0
NIST_Full scan_2_NEG__F1055,NIST_Full scan_2_NEG,single,1,0,0,1,1,True,0,0.5222870707511902
NIST_Full scan_2_NEG__F1058,NIST_Full scan_2_NEG,single,1,0,0,1,1,True,0,0.9420353174209595
NIST_Full scan_2_NEG__F1062,NIST_Full scan_2_NEG,single,1,0,0,1,1,True,0,0.9553855061531067
NIST_Full scan_2_NEG__F1072,NIST_Full scan_2_NEG,single,1,0,0,1,1,True,0,0.7409378290176392
NIST_Full scan_2_NEG__F1084,NIST_Full scan_2_NEG,empty,0,0,0,0,0,True,0,0.0
NIST_Full scan_2_NEG__F1085,NIST_Full scan_2_NEG,empty,0,0,0,0,0,True,0,0.0
NIST_Full scan_2_NEG__F1086,NIST_Full scan_2_NEG,multi,1,1,1,2,2,True,0,0.8870890736579895
NIST_Full scan_2_NEG__F1090,NIST_Full scan_2_NEG,multi,2,0,0,2,2,True,0,0.8818517923355103
NIST_Full scan_2_NEG__F1095,NIST_Full scan_2_NEG,multi,2,0,0,2,2,True,0,0.8728358745574951
NIST_Full scan_2_NEG__F1101,NIST_Full scan_2_NEG,empty,0,0,0,0,0,True,0,0.0
NIST_Full scan_2_NEG__F1105,NIST_Full scan_2_NEG,single,1,0,0,1,1,True,0,0.9295454025268555
NIST_Full scan_2_NEG__F1110,NIST_Full scan_2_NEG,multi,2,0,0,2,2,True,0,0.8666130304336548
NIST_Full scan_2_NEG__F1111,NIST_Full scan_2_NEG,multi,2,0,0,2,2,True,0,0.8695509135723114
NIST_Full scan_2_NEG__F1113,NIST_Full scan_2_NEG,single,1,0,0,1,1,True,0,0.7419296503067017
NIST_Full scan_2_NEG__F1114,NIST_Full scan_2_NEG,multi,2,0,0,2,2,True,0,0.9154360294342041
NIST_Full scan_2_NEG__F1118,NIST_Full scan_2_NEG,single,1,0,0,1,1,True,0,0.9445584416389465
NIST_Full scan_2_NEG__F112,NIST_Full scan_2_NEG,multi,1,0,2,3,1,False,2,0.9521786570549011
NIST_Full scan_2_NEG__F1122,NIST_Full scan_2_NEG,single,1,0,0,1,1,True,0,0.957371711730957
NIST_Full scan_2_NEG__F1125,NIST_Full scan_2_NEG,single,1,0,0,1,1,True,0,0.8748045563697815
NIST_Full scan_2_NEG__F1126,NIST_Full scan_2_NEG,single,1,0,0,1,1,True,0,0.9367156624794006
NIST_Full scan_2_NEG__F1132,NIST_Full scan_2_NEG,single,1,0,0,1,1,True,0,0.9598739147186279
NIST_Full scan_2_NEG__F1134,NIST_Full scan_2_NEG,multi,2,0,0,2,2,True,0,0.9250963926315308
NIST_Full scan_2_NEG__F1147,NIST_Full scan_2_NEG,empty,0,0,0,0,0,True,0,0.0
NIST_Full scan_2_NEG__F1152,NIST_Full scan_2_NEG,empty,0,0,0,0,0,True,0,0.0
NIST_Full scan_2_NEG__F1160,NIST_Full scan_2_NEG,multi,2,1,0,2,3,False,1,0.8184519410133362
NIST_Full scan_2_NEG__F1171,NIST_Full scan_2_NEG,empty,0,0,0,0,0,True,0,0.0
NIST_Full scan_2_NEG__F1174,NIST_Full scan_2_NEG,single,1,0,0,1,1,True,0,0.9041492342948914
NIST_Full scan_2_NEG__F1177,NIST_Full scan_2_NEG,multi,2,0,0,2,2,True,0,0.939718097448349
NIST_Full scan_2_NEG__F1178,NIST_Full scan_2_NEG,single,1,0,0,1,1,True,0,0.5240271091461182
NIST_Full scan_2_NEG__F1179,NIST_Full scan_2_NEG,empty,0,1,0,0,1,False,1,0.0
NIST_Full scan_2_NEG__F1182,NIST_Full scan_2_NEG,empty,0,0,0,0,0,True,0,0.0
NIST_Full scan_2_NEG__F119,NIST_Full scan_2_NEG,empty,0,0,0,0,0,True,0,0.0
NIST_Full scan_2_NEG__F1191,NIST_Full scan_2_NEG,empty,0,0,0,0,0,True,0,0.0
NIST_Full scan_2_NEG__F1195,NIST_Full scan_2_NEG,single,1,0,0,1,1,True,0,0.8658871650695801
NIST_Full scan_2_NEG__F1197,NIST_Full scan_2_NEG,multi,1,1,1,2,2,True,0,0.9206424355506897
NIST_Full scan_2_NEG__F121,NIST_Full scan_2_NEG,single,1,0,0,1,1,True,0,0.9395567774772644
NIST_Full scan_2_NEG__F1212,NIST_Full scan_2_NEG,empty,0,0,0,0,0,True,0,0.0
NIST_Full scan_2_NEG__F1217,NIST_Full scan_2_NEG,multi,3,0,0,3,3,True,0,0.8516890406608582
NIST_Full scan_2_NEG__F1221,NIST_Full scan_2_NEG,empty,0,0,0,0,0,True,0,0.0
NIST_Full scan_2_NEG__F1222,NIST_Full scan_2_NEG,multi,2,0,0,2,2,True,0,0.9111811220645905
NIST_Full scan_2_NEG__F1224,NIST_Full scan_2_NEG,empty,0,0,0,0,0,True,0,0.0
NIST_Full scan_2_NEG__F1229,NIST_Full scan_2_NEG,single,1,0,0,1,1,True,0,0.9079933762550354
NIST_Full scan_2_NEG__F1233,NIST_Full scan_2_NEG,empty,0,0,0,0,0,True,0,0.0
NIST_Full scan_2_NEG__F1238,NIST_Full scan_2_NEG,empty,0,0,0,0,0,True,0,0.0
NIST_Full scan_2_NEG__F1242,NIST_Full scan_2_NEG,empty,0,0,0,0,0,True,0,0.0
NIST_Full scan_2_NEG__F1259,NIST_Full scan_2_NEG,multi,2,1,0,2,3,False,1,0.930466502904892
NIST_Full scan_2_NEG__F1261,NIST_Full scan_2_NEG,empty,0,0,0,0,0,True,0,0.0
NIST_Full scan_2_NEG__F1262,NIST_Full scan_2_NEG,single,1,1,0,1,2,False,1,0.830966055393219
NIST_Full scan_2_NEG__F1265,NIST_Full scan_2_NEG,empty,0,0,0,0,0,True,0,0.0
NIST_Full scan_2_NEG__F1267,NIST_Full scan_2_NEG,empty,0,0,0,0,0,True,0,0.0
NIST_Full scan_2_NEG__F1272,NIST_Full scan_2_NEG,multi,1,0,1,2,1,False,1,0.8330204486846924
NIST_Full scan_2_NEG__F129,NIST_Full scan_2_NEG,single,1,0,0,1,1,True,0,0.9398667812347412
NIST_Full scan_2_NEG__F1290,NIST_Full scan_2_NEG,single,0,0,1,1,0,False,1,0.0
NIST_Full scan_2_NEG__F1293,NIST_Full scan_2_NEG,multi,1,1,1,2,2,True,0,0.8091787099838257
NIST_Full scan_2_NEG__F1294,NIST_Full scan_2_NEG,multi,1,2,1,2,3,False,1,0.8472528457641602
NIST_Full scan_2_NEG__F1299,NIST_Full scan_2_NEG,multi,2,0,0,2,2,True,0,0.8752427995204926
NIST_Full scan_2_NEG__F1302,NIST_Full scan_2_NEG,multi,1,2,1,2,3,False,1,0.9406041502952576
NIST_Full scan_2_NEG__F1309,NIST_Full scan_2_NEG,multi,2,1,0,2,3,False,1,0.9103021025657654
NIST_Full scan_2_NEG__F1310,NIST_Full scan_2_NEG,single,1,0,0,1,1,True,0,0.9123830199241638
NIST_Full scan_2_NEG__F1311,NIST_Full scan_2_NEG,empty,0,0,0,0,0,True,0,0.0
NIST_Full scan_2_NEG__F1314,NIST_Full scan_2_NEG,empty,0,0,0,0,0,True,0,0.0
NIST_Full scan_2_NEG__F1317,NIST_Full scan_2_NEG,empty,0,0,0,0,0,True,0,0.0
NIST_Full scan_2_NEG__F1321,NIST_Full scan_2_NEG,single,0,1,1,1,1,True,0,0.0
NIST_Full scan_2_NEG__F1337,NIST_Full scan_2_NEG,multi,3,0,1,4,3,False,1,0.8779441118240356
NIST_Full scan_2_NEG__F1339,NIST_Full scan_2_NEG,multi,2,0,0,2,2,True,0,0.8188137114048004
NIST_Full scan_2_NEG__F1341,NIST_Full scan_2_NEG,single,1,0,0,1,1,True,0,0.8784728646278381
NIST_Full scan_2_NEG__F1345,NIST_Full scan_2_NEG,multi,1,0,1,2,1,False,1,0.8621439933776855
NIST_Full scan_2_NEG__F1352,NIST_Full scan_2_NEG,single,1,1,0,1,2,False,1,0.9417290091514587
NIST_Full scan_2_NEG__F1353,NIST_Full scan_2_NEG,multi,2,0,1,3,2,False,1,0.9369127750396729
NIST_Full scan_2_NEG__F1362,NIST_Full scan_2_NEG,single,1,0,0,1,1,True,0,0.9014295935630798
NIST_Full scan_2_NEG__F1367,NIST_Full scan_2_NEG,single,0,1,1,1,1,True,0,0.0
NIST_Full scan_2_NEG__F1380,NIST_Full scan_2_NEG,multi,3,0,0,3,3,True,0,0.8939106464385986
NIST_Full scan_2_NEG__F1381,NIST_Full scan_2_NEG,multi,0,0,2,2,0,False,2,0.0
NIST_Full scan_2_NEG__F1394,NIST_Full scan_2_NEG,multi,3,0,0,3,3,True,0,0.8903943498929342
NIST_Full scan_2_NEG__F1395,NIST_Full scan_2_NEG,empty,0,0,0,0,0,True,0,0.0
NIST_Full scan_2_NEG__F14,NIST_Full scan_2_NEG,empty,0,0,0,0,0,True,0,0.0
NIST_Full scan_2_NEG__F1402,NIST_Full scan_2_NEG,multi,2,0,0,2,2,True,0,0.934664249420166
NIST_Full scan_2_NEG__F1403,NIST_Full scan_2_NEG,multi,2,0,0,2,2,True,0,0.8115860521793365
NIST_Full scan_2_NEG__F1404,NIST_Full scan_2_NEG,multi,1,0,1,2,1,False,1,0.9459705948829651
NIST_Full scan_2_NEG__F1406,NIST_Full scan_2_NEG,single,1,1,0,1,2,False,1,0.6393568515777588
NIST_Full scan_2_NEG__F1411,NIST_Full scan_2_NEG,single,1,0,0,1,1,True,0,0.9803499579429626
NIST_Full scan_2_NEG__F1412,NIST_Full scan_2_NEG,multi,1,1,1,2,2,True,0,0.744252622127533
NIST_Full scan_2_NEG__F1422,NIST_Full scan_2_NEG,empty,0,0,0,0,0,True,0,0.0
NIST_Full scan_2_NEG__F1424,NIST_Full scan_2_NEG,multi,2,0,2,4,2,False,2,0.9390444755554199
NIST_Full scan_2_NEG__F1430,NIST_Full scan_2_NEG,multi,2,0,0,2,2,True,0,0.934487372636795
NIST_Full scan_2_NEG__F1431,NIST_Full scan_2_NEG,single,1,0,0,1,1,True,0,0.9524840116500854
NIST_Full scan_2_NEG__F1436,NIST_Full scan_2_NEG,single,1,1,0,1,2,False,1,0.9542367458343506
NIST_Full scan_2_NEG__F1438,NIST_Full scan_2_NEG,single,1,0,0,1,1,True,0,0.8822039365768433
NIST_Full scan_2_NEG__F1442,NIST_Full scan_2_NEG,single,1,0,0,1,1,True,0,0.9436407685279846
NIST_Full scan_2_NEG__F1448,NIST_Full scan_2_NEG,empty,0,0,0,0,0,True,0,0.0
NIST_Full scan_2_NEG__F1453,NIST_Full scan_2_NEG,empty,0,0,0,0,0,True,0,0.0
NIST_Full scan_2_NEG__F1454,NIST_Full scan_2_NEG,single,1,0,0,1,1,True,0,0.9555026292800903
NIST_Full scan_2_NEG__F1457,NIST_Full scan_2_NEG,single,1,1,0,1,2,False,1,0.6480642557144165
NIST_Full scan_2_NEG__F1458,NIST_Full scan_2_NEG,single,1,0,0,1,1,True,0,0.6023497581481934
NIST_Full scan_2_NEG__F1459,NIST_Full scan_2_NEG,multi,3,0,0,3,3,True,0,0.9063807328542074
NIST_Full scan_2_NEG__F1460,NIST_Full scan_2_NEG,multi,0,0,2,2,0,False,2,0.0
NIST_Full scan_2_NEG__F1462,NIST_Full scan_2_NEG,multi,2,0,0,2,2,True,0,0.9223118424415588
NIST_Full scan_2_NEG__F1473,NIST_Full scan_2_NEG,single,1,0,0,1,1,True,0,0.8519359230995178
NIST_Full scan_2_NEG__F1476,NIST_Full scan_2_NEG,empty,0,0,0,0,0,True,0,0.0
NIST_Full scan_2_NEG__F1477,NIST_Full scan_2_NEG,single,1,0,0,1,1,True,0,0.9559352397918701
NIST_Full scan_2_NEG__F1481,NIST_Full scan_2_NEG,single,1,0,0,1,1,True,0,0.8143927454948425
NIST_Full scan_2_NEG__F1484,NIST_Full scan_2_NEG,single,1,0,0,1,1,True,0,0.8154125213623047
NIST_Full scan_2_NEG__F1495,NIST_Full scan_2_NEG,multi,2,0,1,3,2,False,1,0.9412052929401398
NIST_Full scan_2_NEG__F150,NIST_Full scan_2_NEG,empty,0,0,0,0,0,True,0,0.0
NIST_Full scan_2_NEG__F1502,NIST_Full scan_2_NEG,empty,0,0,0,0,0,True,0,0.0
NIST_Full scan_2_NEG__F1504,NIST_Full scan_2_NEG,single,1,0,0,1,1,True,0,0.9807863235473633
NIST_Full scan_2_NEG__F1509,NIST_Full scan_2_NEG,multi,1,0,1,2,1,False,1,0.8686143159866333
NIST_Full scan_2_NEG__F1511,NIST_Full scan_2_NEG,single,1,0,0,1,1,True,0,0.9712086915969849
NIST_Full scan_2_NEG__F1513,NIST_Full scan_2_NEG,single,1,1,0,1,2,False,1,0.8214529752731323
NIST_Full scan_2_NEG__F1522,NIST_Full scan_2_NEG,single,1,0,0,1,1,True,0,0.915484607219696
NIST_Full scan_2_NEG__F1533,NIST_Full scan_2_NEG,multi,2,0,1,3,2,False,1,0.8964048326015472
NIST_Full scan_2_NEG__F1534,NIST_Full scan_2_NEG,multi,2,0,1,3,2,False,1,0.8669239282608032
NIST_Full scan_2_NEG__F1536,NIST_Full scan_2_NEG,single,1,0,0,1,1,True,0,0.9449309706687927
NIST_Full scan_2_NEG__F1538,NIST_Full scan_2_NEG,multi,2,0,1,3,2,False,1,0.9208641052246094
NIST_Full scan_2_NEG__F1539,NIST_Full scan_2_NEG,single,1,0,0,1,1,True,0,0.8908960819244385
NIST_Full scan_2_NEG__F1542,NIST_Full scan_2_NEG,empty,0,0,0,0,0,True,0,0.0
NIST_Full scan_2_NEG__F1552,NIST_Full scan_2_NEG,empty,0,0,0,0,0,True,0,0.0
NIST_Full scan_2_NEG__F1559,NIST_Full scan_2_NEG,single,1,0,0,1,1,True,0,0.9761279225349426
NIST_Full scan_2_NEG__F1563,NIST_Full scan_2_NEG,single,1,0,0,1,1,True,0,0.8877166509628296
NIST_Full scan_2_NEG__F1564,NIST_Full scan_2_NEG,empty,0,0,0,0,0,True,0,0.0
NIST_Full scan_2_NEG__F1566,NIST_Full scan_2_NEG,single,0,2,1,1,2,False,1,0.0
NIST_Full scan_2_NEG__F1567,NIST_Full scan_2_NEG,multi,2,0,0,2,2,True,0,0.9246432483196259
NIST_Full scan_2_NEG__F1568,NIST_Full scan_2_NEG,empty,0,0,0,0,0,True,0,0.0
NIST_Full scan_2_NEG__F1576,NIST_Full scan_2_NEG,single,1,1,0,1,2,False,1,0.8020487427711487
NIST_Full scan_2_NEG__F1578,NIST_Full scan_2_NEG,single,1,0,0,1,1,True,0,0.950406551361084
NIST_Full scan_2_NEG__F158,NIST_Full scan_2_NEG,empty,0,0,0,0,0,True,0,0.0
NIST_Full scan_2_NEG__F1581,NIST_Full scan_2_NEG,empty,0,0,0,0,0,True,0,0.0
NIST_Full scan_2_NEG__F1585,NIST_Full scan_2_NEG,single,1,0,0,1,1,True,0,0.8983895778656006
NIST_Full scan_2_NEG__F1594,NIST_Full scan_2_NEG,empty,0,0,0,0,0,True,0,0.0
NIST_Full scan_2_NEG__F1602,NIST_Full scan_2_NEG,empty,0,0,0,0,0,True,0,0.0
NIST_Full scan_2_NEG__F1603,NIST_Full scan_2_NEG,multi,1,0,1,2,1,False,1,0.5144749879837036
NIST_Full scan_2_NEG__F1605,NIST_Full scan_2_NEG,single,1,0,0,1,1,True,0,0.922125518321991
NIST_Full scan_2_NEG__F1609,NIST_Full scan_2_NEG,multi,2,0,0,2,2,True,0,0.9246200621128082
NIST_Full scan_2_NEG__F1613,NIST_Full scan_2_NEG,multi,2,0,0,2,2,True,0,0.8540283739566803
NIST_Full scan_2_NEG__F1627,NIST_Full scan_2_NEG,multi,2,0,0,2,2,True,0,0.8431210219860077
NIST_Full scan_2_NEG__F1629,NIST_Full scan_2_NEG,single,1,0,0,1,1,True,0,0.9634125232696533
NIST_Full scan_2_NEG__F163,NIST_Full scan_2_NEG,single,1,0,0,1,1,True,0,0.6137914657592773
NIST_Full scan_2_NEG__F1630,NIST_Full scan_2_NEG,single,1,0,0,1,1,True,0,0.9546594023704529
NIST_Full scan_2_NEG__F164,NIST_Full scan_2_NEG,single,1,0,0,1,1,True,0,0.9378470778465271
NIST_Full scan_2_NEG__F1640,NIST_Full scan_2_NEG,empty,0,0,0,0,0,True,0,0.0
NIST_Full scan_2_NEG__F1646,NIST_Full scan_2_NEG,empty,0,1,0,0,1,False,1,0.0
NIST_Full scan_2_NEG__F1653,NIST_Full scan_2_NEG,single,1,0,0,1,1,True,0,0.8974837064743042
NIST_Full scan_2_NEG__F1666,NIST_Full scan_2_NEG,single,1,0,0,1,1,True,0,0.9666337370872498
NIST_Full scan_2_NEG__F1674,NIST_Full scan_2_NEG,single,1,0,0,1,1,True,0,0.8905763030052185
NIST_Full scan_2_NEG__F1675,NIST_Full scan_2_NEG,single,1,0,0,1,1,True,0,0.965012788772583
NIST_Full scan_2_NEG__F1678,NIST_Full scan_2_NEG,single,1,0,0,1,1,True,0,0.9691190123558044
NIST_Full scan_2_NEG__F169,NIST_Full scan_2_NEG,single,1,0,0,1,1,True,0,0.8710060715675354
NIST_Full scan_2_NEG__F1690,NIST_Full scan_2_NEG,empty,0,0,0,0,0,True,0,0.0
NIST_Full scan_2_NEG__F1691,NIST_Full scan_2_NEG,single,1,0,0,1,1,True,0,0.5989446043968201
NIST_Full scan_2_NEG__F1692,NIST_Full scan_2_NEG,single,1,0,0,1,1,True,0,0.9062607884407043
NIST_Full scan_2_NEG__F1698,NIST_Full scan_2_NEG,single,1,0,0,1,1,True,0,0.9550300240516663
NIST_Full scan_2_NEG__F1712,NIST_Full scan_2_NEG,single,0,2,1,1,2,False,1,0.0
NIST_Full scan_2_NEG__F1722,NIST_Full scan_2_NEG,single,1,0,0,1,1,True,0,0.979210615158081
NIST_Full scan_2_NEG__F1725,NIST_Full scan_2_NEG,single,1,0,0,1,1,True,0,0.9511412978172302
NIST_Full scan_2_NEG__F1726,NIST_Full scan_2_NEG,empty,0,0,0,0,0,True,0,0.0
NIST_Full scan_2_NEG__F1730,NIST_Full scan_2_NEG,multi,2,0,1,3,2,False,1,0.9229172170162201
NIST_Full scan_2_NEG__F1731,NIST_Full scan_2_NEG,single,1,0,0,1,1,True,0,0.7444625496864319
NIST_Full scan_2_NEG__F1732,NIST_Full scan_2_NEG,single,1,0,0,1,1,True,0,0.9038179516792297
NIST_Full scan_2_NEG__F1736,NIST_Full scan_2_NEG,multi,1,1,1,2,2,True,0,0.95310378074646
NIST_Full scan_2_NEG__F1737,NIST_Full scan_2_NEG,multi,2,0,0,2,2,True,0,0.8183291554450989
NIST_Full scan_2_NEG__F174,NIST_Full scan_2_NEG,single,1,0,0,1,1,True,0,0.8803082704544067
NIST_Full scan_2_NEG__F1744,NIST_Full scan_2_NEG,multi,2,0,0,2,2,True,0,0.9505680203437805
NIST_Full scan_2_NEG__F1753,NIST_Full scan_2_NEG,multi,2,1,0,2,3,False,1,0.8929304480552673
NIST_Full scan_2_NEG__F1755,NIST_Full scan_2_NEG,single,1,0,0,1,1,True,0,0.9470722079277039
NIST_Full scan_2_NEG__F1756,NIST_Full scan_2_NEG,multi,1,0,1,2,1,False,1,0.8944309949874878
NIST_Full scan_2_NEG__F1757,NIST_Full scan_2_NEG,multi,1,0,1,2,1,False,1,0.9625592827796936
NIST_Full scan_2_NEG__F176,NIST_Full scan_2_NEG,empty,0,0,0,0,0,True,0,0.0
NIST_Full scan_2_NEG__F1761,NIST_Full scan_2_NEG,empty,0,3,0,0,3,False,3,0.0
NIST_Full scan_2_NEG__F1766,NIST_Full scan_2_NEG,single,1,0,0,1,1,True,0,0.8656909465789795
NIST_Full scan_2_NEG__F1770,NIST_Full scan_2_NEG,single,0,2,1,1,2,False,1,0.0
NIST_Full scan_2_NEG__F1776,NIST_Full scan_2_NEG,multi,3,0,0,3,3,True,0,0.876753568649292
NIST_Full scan_2_NEG__F178,NIST_Full scan_2_NEG,single,1,0,0,1,1,True,0,0.9569092392921448
NIST_Full scan_2_NEG__F1784,NIST_Full scan_2_NEG,multi,2,0,0,2,2,True,0,0.9570786952972412
NIST_Full scan_2_NEG__F1798,NIST_Full scan_2_NEG,single,1,0,0,1,1,True,0,0.9589719772338867
NIST_Full scan_2_NEG__F180,NIST_Full scan_2_NEG,single,1,0,0,1,1,True,0,0.8237268924713135
NIST_Full scan_2_NEG__F1802,NIST_Full scan_2_NEG,multi,3,0,1,4,3,False,1,0.9312121272087097
NIST_Full scan_2_NEG__F1805,NIST_Full scan_2_NEG,single,1,0,0,1,1,True,0,0.9329836964607239
NIST_Full scan_2_NEG__F1808,NIST_Full scan_2_NEG,multi,2,0,1,3,2,False,1,0.813380241394043
NIST_Full scan_2_NEG__F1809,NIST_Full scan_2_NEG,empty,0,1,0,0,1,False,1,0.0
NIST_Full scan_2_NEG__F1816,NIST_Full scan_2_NEG,multi,2,0,0,2,2,True,0,0.9257960319519043
NIST_Full scan_2_NEG__F1831,NIST_Full scan_2_NEG,multi,2,0,0,2,2,True,0,0.8135353028774261
NIST_Full scan_2_NEG__F1832,NIST_Full scan_2_NEG,empty,0,0,0,0,0,True,0,0.0
NIST_Full scan_2_NEG__F1833,NIST_Full scan_2_NEG,single,1,0,0,1,1,True,0,0.8772077560424805
NIST_Full scan_2_NEG__F1843,NIST_Full scan_2_NEG,single,1,0,0,1,1,True,0,0.728157103061676
NIST_Full scan_2_NEG__F1850,NIST_Full scan_2_NEG,empty,0,0,0,0,0,True,0,0.0
NIST_Full scan_2_NEG__F1855,NIST_Full scan_2_NEG,single,1,0,0,1,1,True,0,0.9341687560081482
NIST_Full scan_2_NEG__F1860,NIST_Full scan_2_NEG,multi,2,1,0,2,3,False,1,0.7923349440097809
NIST_Full scan_2_NEG__F1862,NIST_Full scan_2_NEG,single,1,0,0,1,1,True,0,0.8194824457168579
NIST_Full scan_2_NEG__F1863,NIST_Full scan_2_NEG,single,1,1,0,1,2,False,1,0.9435294270515442
NIST_Full scan_2_NEG__F1869,NIST_Full scan_2_NEG,multi,2,0,0,2,2,True,0,0.9066398441791534
NIST_Full scan_2_NEG__F1871,NIST_Full scan_2_NEG,single,1,0,0,1,1,True,0,0.9375787973403931
NIST_Full scan_2_NEG__F1872,NIST_Full scan_2_NEG,single,1,0,0,1,1,True,0,0.9447341561317444
NIST_Full scan_2_NEG__F1878,NIST_Full scan_2_NEG,empty,0,0,0,0,0,True,0,0.0
NIST_Full scan_2_NEG__F189,NIST_Full scan_2_NEG,empty,0,0,0,0,0,True,0,0.0
NIST_Full scan_2_NEG__F1890,NIST_Full scan_2_NEG,multi,2,0,0,2,2,True,0,0.9096649885177612
NIST_Full scan_2_NEG__F1897,NIST_Full scan_2_NEG,single,1,0,0,1,1,True,0,0.9482715725898743
NIST_Full scan_2_NEG__F1898,NIST_Full scan_2_NEG,single,1,0,0,1,1,True,0,0.8503343462944031
NIST_Full scan_2_NEG__F19,NIST_Full scan_2_NEG,single,1,0,0,1,1,True,0,0.9041646122932434
NIST_Full scan_2_NEG__F1903,NIST_Full scan_2_NEG,multi,2,0,0,2,2,True,0,0.9410841166973114
NIST_Full scan_2_NEG__F1908,NIST_Full scan_2_NEG,multi,1,1,1,2,2,True,0,0.9446842074394226
NIST_Full scan_2_NEG__F1913,NIST_Full scan_2_NEG,single,1,0,0,1,1,True,0,0.8769586086273193
NIST_Full scan_2_NEG__F1919,NIST_Full scan_2_NEG,single,1,0,0,1,1,True,0,0.9526058435440063
NIST_Full scan_2_NEG__F1921,NIST_Full scan_2_NEG,single,1,0,0,1,1,True,0,0.938987135887146
NIST_Full scan_2_NEG__F1929,NIST_Full scan_2_NEG,empty,0,1,0,0,1,False,1,0.0
NIST_Full scan_2_NEG__F1934,NIST_Full scan_2_NEG,multi,2,0,0,2,2,True,0,0.8292039632797241
NIST_Full scan_2_NEG__F1935,NIST_Full scan_2_NEG,multi,2,0,4,6,2,False,4,0.928803026676178
NIST_Full scan_2_NEG__F1936,NIST_Full scan_2_NEG,multi,4,1,2,6,5,False,1,0.8645026385784149
NIST_Full scan_2_NEG__F1938,NIST_Full scan_2_NEG,single,1,0,0,1,1,True,0,0.931033194065094
NIST_Full scan_2_NEG__F1942,NIST_Full scan_2_NEG,multi,2,1,0,2,3,False,1,0.8621800243854523
NIST_Full scan_2_NEG__F1949,NIST_Full scan_2_NEG,single,1,0,0,1,1,True,0,0.9176348447799683
NIST_Full scan_2_NEG__F195,NIST_Full scan_2_NEG,single,1,0,0,1,1,True,0,0.8442593812942505
NIST_Full scan_2_NEG__F1959,NIST_Full scan_2_NEG,single,1,0,0,1,1,True,0,0.9252519011497498
NIST_Full scan_2_NEG__F1964,NIST_Full scan_2_NEG,multi,2,0,2,4,2,False,2,0.925717830657959
NIST_Full scan_2_NEG__F1966,NIST_Full scan_2_NEG,multi,1,0,1,2,1,False,1,0.9297047257423401
NIST_Full scan_2_NEG__F197,NIST_Full scan_2_NEG,empty,0,0,0,0,0,True,0,0.0
NIST_Full scan_2_NEG__F1971,NIST_Full scan_2_NEG,multi,2,0,0,2,2,True,0,0.8878035247325897
NIST_Full scan_2_NEG__F1972,NIST_Full scan_2_NEG,multi,2,0,0,2,2,True,0,0.9280602335929871
NIST_Full scan_2_NEG__F1973,NIST_Full scan_2_NEG,single,1,0,0,1,1,True,0,0.9669299125671387
NIST_Full scan_2_NEG__F1984,NIST_Full scan_2_NEG,single,1,0,0,1,1,True,0,0.8950874209403992
NIST_Full scan_2_NEG__F2002,NIST_Full scan_2_NEG,empty,0,0,0,0,0,True,0,0.0
NIST_Full scan_2_NEG__F2009,NIST_Full scan_2_NEG,single,1,0,0,1,1,True,0,0.9354935884475708
NIST_Full scan_2_NEG__F2010,NIST_Full scan_2_NEG,single,1,0,0,1,1,True,0,0.9188258051872253
NIST_Full scan_2_NEG__F2012,NIST_Full scan_2_NEG,multi,2,0,0,2,2,True,0,0.858293890953064
NIST_Full scan_2_NEG__F2013,NIST_Full scan_2_NEG,empty,0,1,0,0,1,False,1,0.0
NIST_Full scan_2_NEG__F2014,NIST_Full scan_2_NEG,single,1,0,0,1,1,True,0,0.9106534123420715
NIST_Full scan_2_NEG__F2021,NIST_Full scan_2_NEG,multi,2,0,1,3,2,False,1,0.9324509501457214
NIST_Full scan_2_NEG__F2031,NIST_Full scan_2_NEG,single,1,0,0,1,1,True,0,0.9880266189575195
NIST_Full scan_2_NEG__F2032,NIST_Full scan_2_NEG,empty,0,0,0,0,0,True,0,0.0
NIST_Full scan_2_NEG__F2059,NIST_Full scan_2_NEG,multi,2,0,0,2,2,True,0,0.8987359404563904
NIST_Full scan_2_NEG__F206,NIST_Full scan_2_NEG,single,1,0,0,1,1,True,0,0.8348676562309265
NIST_Full scan_2_NEG__F2060,NIST_Full scan_2_NEG,multi,2,0,0,2,2,True,0,0.9225631654262543
NIST_Full scan_2_NEG__F2076,NIST_Full scan_2_NEG,multi,2,0,0,2,2,True,0,0.9302123486995697
NIST_Full scan_2_NEG__F2081,NIST_Full scan_2_NEG,single,1,0,0,1,1,True,0,0.8794960379600525
NIST_Full scan_2_NEG__F2084,NIST_Full scan_2_NEG,single,1,0,0,1,1,True,0,0.8287567496299744
NIST_Full scan_2_NEG__F2087,NIST_Full scan_2_NEG,single,1,0,0,1,1,True,0,0.9650602340698242
NIST_Full scan_2_NEG__F2088,NIST_Full scan_2_NEG,single,1,0,0,1,1,True,0,0.9679375886917114
NIST_Full scan_2_NEG__F2092,NIST_Full scan_2_NEG,single,1,0,0,1,1,True,0,0.7903915643692017
NIST_Full scan_2_NEG__F21,NIST_Full scan_2_NEG,empty,0,0,0,0,0,True,0,0.0
NIST_Full scan_2_NEG__F2101,NIST_Full scan_2_NEG,multi,2,0,1,3,2,False,1,0.7522624135017395
NIST_Full scan_2_NEG__F2107,NIST_Full scan_2_NEG,single,1,0,0,1,1,True,0,0.8779131174087524
NIST_Full scan_2_NEG__F2112,NIST_Full scan_2_NEG,empty,0,1,0,0,1,False,1,0.0
NIST_Full scan_2_NEG__F2113,NIST_Full scan_2_NEG,empty,0,1,0,0,1,False,1,0.0
NIST_Full scan_2_NEG__F2115,NIST_Full scan_2_NEG,empty,0,0,0,0,0,True,0,0.0
NIST_Full scan_2_NEG__F212,NIST_Full scan_2_NEG,multi,2,0,2,4,2,False,2,0.8907929062843323
NIST_Full scan_2_NEG__F2120,NIST_Full scan_2_NEG,empty,0,0,0,0,0,True,0,0.0
NIST_Full scan_2_NEG__F2122,NIST_Full scan_2_NEG,single,0,1,1,1,1,True,0,0.0
NIST_Full scan_2_NEG__F2130,NIST_Full scan_2_NEG,single,1,0,0,1,1,True,0,0.9355254173278809
NIST_Full scan_2_NEG__F2131,NIST_Full scan_2_NEG,multi,2,0,0,2,2,True,0,0.9192050099372864
NIST_Full scan_2_NEG__F2132,NIST_Full scan_2_NEG,single,1,0,0,1,1,True,0,0.9280646443367004
NIST_Full scan_2_NEG__F2134,NIST_Full scan_2_NEG,multi,2,0,0,2,2,True,0,0.9363773167133331
NIST_Full scan_2_NEG__F2141,NIST_Full scan_2_NEG,multi,1,0,1,2,1,False,1,0.9488762021064758
NIST_Full scan_2_NEG__F2144,NIST_Full scan_2_NEG,multi,2,0,2,4,2,False,2,0.8876186907291412
NIST_Full scan_2_NEG__F2145,NIST_Full scan_2_NEG,multi,1,0,2,3,1,False,2,0.9627671241760254
NIST_Full scan_2_NEG__F2148,NIST_Full scan_2_NEG,multi,0,0,2,2,0,False,2,0.0
NIST_Full scan_2_NEG__F2149,NIST_Full scan_2_NEG,multi,4,0,0,4,4,True,0,0.848869800567627
NIST_Full scan_2_NEG__F2152,NIST_Full scan_2_NEG,multi,2,1,0,2,3,False,1,0.729430228471756
NIST_Full scan_2_NEG__F2154,NIST_Full scan_2_NEG,multi,3,0,0,3,3,True,0,0.9352485338846842
NIST_Full scan_2_NEG__F2155,NIST_Full scan_2_NEG,multi,2,0,0,2,2,True,0,0.905314028263092
NIST_Full scan_2_NEG__F2164,NIST_Full scan_2_NEG,single,1,1,0,1,2,False,1,0.9225211143493652
NIST_Full scan_2_NEG__F2165,NIST_Full scan_2_NEG,multi,2,0,0,2,2,True,0,0.8757076859474182
NIST_Full scan_2_NEG__F2167,NIST_Full scan_2_NEG,single,1,0,0,1,1,True,0,0.9391621947288513
NIST_Full scan_2_NEG__F2168,NIST_Full scan_2_NEG,multi,2,0,0,2,2,True,0,0.9204343557357788
NIST_Full scan_2_NEG__F2189,NIST_Full scan_2_NEG,single,1,0,0,1,1,True,0,0.8859426379203796
NIST_Full scan_2_NEG__F219,NIST_Full scan_2_NEG,empty,0,0,0,0,0,True,0,0.0
NIST_Full scan_2_NEG__F2197,NIST_Full scan_2_NEG,single,1,0,0,1,1,True,0,0.6561758518218994
NIST_Full scan_2_NEG__F2204,NIST_Full scan_2_NEG,multi,2,0,0,2,2,True,0,0.8721389174461365
NIST_Full scan_2_NEG__F2206,NIST_Full scan_2_NEG,single,1,0,0,1,1,True,0,0.6581912040710449
NIST_Full scan_2_NEG__F2207,NIST_Full scan_2_NEG,single,1,0,0,1,1,True,0,0.9582318663597107
NIST_Full scan_2_NEG__F2209,NIST_Full scan_2_NEG,multi,1,0,1,2,1,False,1,0.9189081788063049
NIST_Full scan_2_NEG__F2213,NIST_Full scan_2_NEG,single,1,0,0,1,1,True,0,0.9373378157615662
NIST_Full scan_2_NEG__F2214,NIST_Full scan_2_NEG,single,1,0,0,1,1,True,0,0.8718796372413635
NIST_Full scan_2_NEG__F2218,NIST_Full scan_2_NEG,multi,2,0,2,4,2,False,2,0.8016705513000488
NIST_Full scan_2_NEG__F2219,NIST_Full scan_2_NEG,multi,2,0,2,4,2,False,2,0.8194242417812347
NIST_Full scan_2_NEG__F222,NIST_Full scan_2_NEG,single,1,0,0,1,1,True,0,0.9298649430274963
NIST_Full scan_2_NEG__F2220,NIST_Full scan_2_NEG,multi,2,0,2,4,2,False,2,0.8884077072143555
NIST_Full scan_2_NEG__F2226,NIST_Full scan_2_NEG,multi,2,0,0,2,2,True,0,0.8042990565299988
NIST_Full scan_2_NEG__F2230,NIST_Full scan_2_NEG,multi,2,0,0,2,2,True,0,0.9025487303733826
NIST_Full scan_2_NEG__F2234,NIST_Full scan_2_NEG,single,1,0,0,1,1,True,0,0.9781619906425476
NIST_Full scan_2_NEG__F2241,NIST_Full scan_2_NEG,multi,2,0,0,2,2,True,0,0.6642156839370728
NIST_Full scan_2_NEG__F2246,NIST_Full scan_2_NEG,single,0,1,1,1,1,True,0,0.0
NIST_Full scan_2_NEG__F2247,NIST_Full scan_2_NEG,single,1,0,0,1,1,True,0,0.9442313313484192
NIST_Full scan_2_NEG__F2249,NIST_Full scan_2_NEG,single,1,0,0,1,1,True,0,0.766334593296051
NIST_Full scan_2_NEG__F2255,NIST_Full scan_2_NEG,single,1,0,0,1,1,True,0,0.8557141423225403
NIST_Full scan_2_NEG__F2260,NIST_Full scan_2_NEG,single,1,0,0,1,1,True,0,0.723879337310791
NIST_Full scan_2_NEG__F227,NIST_Full scan_2_NEG,empty,0,0,0,0,0,True,0,0.0
NIST_Full scan_2_NEG__F2271,NIST_Full scan_2_NEG,single,1,0,0,1,1,True,0,0.954742431640625
NIST_Full scan_2_NEG__F2273,NIST_Full scan_2_NEG,multi,2,0,0,2,2,True,0,0.9486075937747955
NIST_Full scan_2_NEG__F2277,NIST_Full scan_2_NEG,single,1,0,0,1,1,True,0,0.9722322225570679
NIST_Full scan_2_NEG__F2281,NIST_Full scan_2_NEG,multi,2,0,0,2,2,True,0,0.8360123038291931
NIST_Full scan_2_NEG__F2287,NIST_Full scan_2_NEG,single,1,0,0,1,1,True,0,0.8878746628761292
NIST_Full scan_2_NEG__F230,NIST_Full scan_2_NEG,empty,0,0,0,0,0,True,0,0.0
NIST_Full scan_2_NEG__F2305,NIST_Full scan_2_NEG,multi,2,0,1,3,2,False,1,0.8126799166202545
NIST_Full scan_2_NEG__F2307,NIST_Full scan_2_NEG,single,1,2,0,1,3,False,2,0.6199548840522766
NIST_Full scan_2_NEG__F2309,NIST_Full scan_2_NEG,multi,1,0,1,2,1,False,1,0.8658555150032043
NIST_Full scan_2_NEG__F231,NIST_Full scan_2_NEG,empty,0,0,0,0,0,True,0,0.0
NIST_Full scan_2_NEG__F2310,NIST_Full scan_2_NEG,single,1,0,0,1,1,True,0,0.9638638496398926
NIST_Full scan_2_NEG__F2316,NIST_Full scan_2_NEG,single,0,2,1,1,2,False,1,0.0
NIST_Full scan_2_NEG__F232,NIST_Full scan_2_NEG,empty,0,0,0,0,0,True,0,0.0
NIST_Full scan_2_NEG__F2323,NIST_Full scan_2_NEG,single,1,0,0,1,1,True,0,0.9509661793708801
NIST_Full scan_2_NEG__F2324,NIST_Full scan_2_NEG,single,1,0,0,1,1,True,0,0.9312803149223328
NIST_Full scan_2_NEG__F2330,NIST_Full scan_2_NEG,single,1,0,0,1,1,True,0,0.9165269136428833
NIST_Full scan_2_NEG__F2340,NIST_Full scan_2_NEG,single,1,0,0,1,1,True,0,0.944437563419342
NIST_Full scan_2_NEG__F2345,NIST_Full scan_2_NEG,single,1,0,0,1,1,True,0,0.8814586997032166
NIST_Full scan_2_NEG__F2350,NIST_Full scan_2_NEG,single,1,0,0,1,1,True,0,0.9601037502288818
NIST_Full scan_2_NEG__F2363,NIST_Full scan_2_NEG,single,1,0,0,1,1,True,0,0.8740832805633545
NIST_Full scan_2_NEG__F2367,NIST_Full scan_2_NEG,multi,1,0,1,2,1,False,1,0.9208429455757141
NIST_Full scan_2_NEG__F2383,NIST_Full scan_2_NEG,single,1,0,0,1,1,True,0,0.9493448734283447
NIST_Full scan_2_NEG__F2397,NIST_Full scan_2_NEG,single,1,0,0,1,1,True,0,0.9344460964202881
NIST_Full scan_2_NEG__F24,NIST_Full scan_2_NEG,empty,0,0,0,0,0,True,0,0.0
NIST_Full scan_2_NEG__F2401,NIST_Full scan_2_NEG,multi,2,0,0,2,2,True,0,0.943862646818161
NIST_Full scan_2_NEG__F2405,NIST_Full scan_2_NEG,single,1,0,0,1,1,True,0,0.8762227296829224
NIST_Full scan_2_NEG__F2409,NIST_Full scan_2_NEG,single,1,0,0,1,1,True,0,0.9526395201683044
NIST_Full scan_2_NEG__F241,NIST_Full scan_2_NEG,empty,0,0,0,0,0,True,0,0.0
NIST_Full scan_2_NEG__F2410,NIST_Full scan_2_NEG,single,1,0,0,1,1,True,0,0.946949303150177
NIST_Full scan_2_NEG__F2412,NIST_Full scan_2_NEG,single,1,0,0,1,1,True,0,0.908034086227417
NIST_Full scan_2_NEG__F2418,NIST_Full scan_2_NEG,single,1,0,0,1,1,True,0,0.9264612793922424
NIST_Full scan_2_NEG__F251,NIST_Full scan_2_NEG,single,1,0,0,1,1,True,0,0.7600034475326538
NIST_Full scan_2_NEG__F255,NIST_Full scan_2_NEG,empty,0,0,0,0,0,True,0,0.0
NIST_Full scan_2_NEG__F26,NIST_Full scan_2_NEG,empty,0,0,0,0,0,True,0,0.0
NIST_Full scan_2_NEG__F260,NIST_Full scan_2_NEG,empty,0,0,0,0,0,True,0,0.0
NIST_Full scan_2_NEG__F267,NIST_Full scan_2_NEG,empty,0,0,0,0,0,True,0,0.0
NIST_Full scan_2_NEG__F271,NIST_Full scan_2_NEG,multi,1,0,1,2,1,False,1,0.6430482864379883
NIST_Full scan_2_NEG__F272,NIST_Full scan_2_NEG,multi,1,0,1,2,1,False,1,0.6275154948234558
NIST_Full scan_2_NEG__F276,NIST_Full scan_2_NEG,empty,0,0,0,0,0,True,0,0.0
NIST_Full scan_2_NEG__F282,NIST_Full scan_2_NEG,empty,0,0,0,0,0,True,0,0.0
NIST_Full scan_2_NEG__F287,NIST_Full scan_2_NEG,empty,0,0,0,0,0,True,0,0.0
NIST_Full scan_2_NEG__F288,NIST_Full scan_2_NEG,single,1,0,0,1,1,True,0,0.9150553345680237
NIST_Full scan_2_NEG__F290,NIST_Full scan_2_NEG,multi,1,0,1,2,1,False,1,0.835229218006134
NIST_Full scan_2_NEG__F291,NIST_Full scan_2_NEG,multi,1,0,1,2,1,False,1,0.8453505039215088
NIST_Full scan_2_NEG__F3,NIST_Full scan_2_NEG,multi,0,1,2,2,1,False,1,0.0
NIST_Full scan_2_NEG__F30,NIST_Full scan_2_NEG,empty,0,0,0,0,0,True,0,0.0
NIST_Full scan_2_NEG__F300,NIST_Full scan_2_NEG,single,1,0,0,1,1,True,0,0.9719181060791016
NIST_Full scan_2_NEG__F304,NIST_Full scan_2_NEG,empty,0,0,0,0,0,True,0,0.0
NIST_Full scan_2_NEG__F307,NIST_Full scan_2_NEG,empty,0,0,0,0,0,True,0,0.0
NIST_Full scan_2_NEG__F308,NIST_Full scan_2_NEG,multi,2,0,0,2,2,True,0,0.8492079377174377
NIST_Full scan_2_NEG__F310,NIST_Full scan_2_NEG,empty,0,0,0,0,0,True,0,0.0
NIST_Full scan_2_NEG__F312,NIST_Full scan_2_NEG,empty,0,0,0,0,0,True,0,0.0
NIST_Full scan_2_NEG__F319,NIST_Full scan_2_NEG,empty,0,0,0,0,0,True,0,0.0
NIST_Full scan_2_NEG__F322,NIST_Full scan_2_NEG,single,1,0,0,1,1,True,0,0.8771155476570129
NIST_Full scan_2_NEG__F332,NIST_Full scan_2_NEG,single,0,0,1,1,0,False,1,0.0
NIST_Full scan_2_NEG__F333,NIST_Full scan_2_NEG,single,1,0,0,1,1,True,0,0.9139500260353088
NIST_Full scan_2_NEG__F345,NIST_Full scan_2_NEG,single,0,0,1,1,0,False,1,0.0
NIST_Full scan_2_NEG__F351,NIST_Full scan_2_NEG,single,1,0,0,1,1,True,0,0.8475150465965271
NIST_Full scan_2_NEG__F352,NIST_Full scan_2_NEG,empty,0,0,0,0,0,True,0,0.0
NIST_Full scan_2_NEG__F353,NIST_Full scan_2_NEG,single,1,0,0,1,1,True,0,0.9569914937019348
NIST_Full scan_2_NEG__F355,NIST_Full scan_2_NEG,single,1,0,0,1,1,True,0,0.7960173487663269
NIST_Full scan_2_NEG__F362,NIST_Full scan_2_NEG,empty,0,0,0,0,0,True,0,0.0
NIST_Full scan_2_NEG__F367,NIST_Full scan_2_NEG,multi,2,0,1,3,2,False,1,0.8869709372520447
NIST_Full scan_2_NEG__F369,NIST_Full scan_2_NEG,single,1,4,0,1,5,False,4,0.9181787967681885
NIST_Full scan_2_NEG__F375,NIST_Full scan_2_NEG,single,1,0,0,1,1,True,0,0.9479548335075378
NIST_Full scan_2_NEG__F378,NIST_Full scan_2_NEG,empty,0,1,0,0,1,False,1,0.0
NIST_Full scan_2_NEG__F382,NIST_Full scan_2_NEG,empty,0,0,0,0,0,True,0,0.0
NIST_Full scan_2_NEG__F384,NIST_Full scan_2_NEG,empty,0,0,0,0,0,True,0,0.0
NIST_Full scan_2_NEG__F388,NIST_Full scan_2_NEG,single,1,0,0,1,1,True,0,0.9390513300895691
NIST_Full scan_2_NEG__F394,NIST_Full scan_2_NEG,single,1,0,0,1,1,True,0,0.9512141942977905
NIST_Full scan_2_NEG__F399,NIST_Full scan_2_NEG,single,1,0,0,1,1,True,0,0.8643183708190918
NIST_Full scan_2_NEG__F403,NIST_Full scan_2_NEG,single,1,0,0,1,1,True,0,0.8884125351905823
NIST_Full scan_2_NEG__F411,NIST_Full scan_2_NEG,single,1,0,0,1,1,True,0,0.8723077178001404
NIST_Full scan_2_NEG__F412,NIST_Full scan_2_NEG,empty,0,0,0,0,0,True,0,0.0
NIST_Full scan_2_NEG__F415,NIST_Full scan_2_NEG,single,1,0,0,1,1,True,0,0.9864461421966553
NIST_Full scan_2_NEG__F416,NIST_Full scan_2_NEG,single,1,0,0,1,1,True,0,0.9586851000785828
NIST_Full scan_2_NEG__F417,NIST_Full scan_2_NEG,single,1,0,0,1,1,True,0,0.9400811791419983
NIST_Full scan_2_NEG__F423,NIST_Full scan_2_NEG,single,1,0,0,1,1,True,0,0.8371629118919373
NIST_Full scan_2_NEG__F424,NIST_Full scan_2_NEG,single,1,0,0,1,1,True,0,0.9185777306556702
NIST_Full scan_2_NEG__F434,NIST_Full scan_2_NEG,empty,0,1,0,0,1,False,1,0.0
NIST_Full scan_2_NEG__F437,NIST_Full scan_2_NEG,empty,0,0,0,0,0,True,0,0.0
NIST_Full scan_2_NEG__F439,NIST_Full scan_2_NEG,single,1,0,0,1,1,True,0,0.9411063194274902
NIST_Full scan_2_NEG__F44,NIST_Full scan_2_NEG,empty,0,0,0,0,0,True,0,0.0
NIST_Full scan_2_NEG__F441,NIST_Full scan_2_NEG,empty,0,0,0,0,0,True,0,0.0
NIST_Full scan_2_NEG__F446,NIST_Full scan_2_NEG,empty,0,0,0,0,0,True,0,0.0
NIST_Full scan_2_NEG__F448,NIST_Full scan_2_NEG,single,1,0,0,1,1,True,0,0.8170984387397766
NIST_Full scan_2_NEG__F451,NIST_Full scan_2_NEG,single,1,0,0,1,1,True,0,0.6501078605651855
NIST_Full scan_2_NEG__F462,NIST_Full scan_2_NEG,empty,0,0,0,0,0,True,0,0.0
NIST_Full scan_2_NEG__F465,NIST_Full scan_2_NEG,empty,0,0,0,0,0,True,0,0.0
NIST_Full scan_2_NEG__F477,NIST_Full scan_2_NEG,single,1,0,0,1,1,True,0,0.8359106779098511
NIST_Full scan_2_NEG__F479,NIST_Full scan_2_NEG,empty,0,0,0,0,0,True,0,0.0
NIST_Full scan_2_NEG__F483,NIST_Full scan_2_NEG,empty,0,1,0,0,1,False,1,0.0
NIST_Full scan_2_NEG__F487,NIST_Full scan_2_NEG,single,1,0,0,1,1,True,0,0.7423849701881409
NIST_Full scan_2_NEG__F49,NIST_Full scan_2_NEG,multi,3,0,0,3,3,True,0,0.9158016045888265
NIST_Full scan_2_NEG__F495,NIST_Full scan_2_NEG,single,1,0,0,1,1,True,0,0.8263601064682007
NIST_Full scan_2_NEG__F498,NIST_Full scan_2_NEG,empty,0,0,0,0,0,True,0,0.0
NIST_Full scan_2_NEG__F50,NIST_Full scan_2_NEG,multi,2,0,0,2,2,True,0,0.9039700925350189
NIST_Full scan_2_NEG__F501,NIST_Full scan_2_NEG,empty,0,1,0,0,1,False,1,0.0
NIST_Full scan_2_NEG__F506,NIST_Full scan_2_NEG,empty,0,0,0,0,0,True,0,0.0
NIST_Full scan_2_NEG__F509,NIST_Full scan_2_NEG,single,1,0,0,1,1,True,0,0.9439334273338318
NIST_Full scan_2_NEG__F510,NIST_Full scan_2_NEG,empty,0,1,0,0,1,False,1,0.0
NIST_Full scan_2_NEG__F515,NIST_Full scan_2_NEG,single,1,0,0,1,1,True,0,0.556526243686676
NIST_Full scan_2_NEG__F519,NIST_Full scan_2_NEG,empty,0,0,0,0,0,True,0,0.0
NIST_Full scan_2_NEG__F52,NIST_Full scan_2_NEG,empty,0,0,0,0,0,True,0,0.0
NIST_Full scan_2_NEG__F528,NIST_Full scan_2_NEG,single,1,0,0,1,1,True,0,0.8667697310447693
NIST_Full scan_2_NEG__F529,NIST_Full scan_2_NEG,empty,0,0,0,0,0,True,0,0.0
NIST_Full scan_2_NEG__F530,NIST_Full scan_2_NEG,single,1,0,0,1,1,True,0,0.9038076400756836
NIST_Full scan_2_NEG__F531,NIST_Full scan_2_NEG,single,1,0,0,1,1,True,0,0.9204071760177612
NIST_Full scan_2_NEG__F535,NIST_Full scan_2_NEG,single,1,0,0,1,1,True,0,0.9092238545417786
NIST_Full scan_2_NEG__F536,NIST_Full scan_2_NEG,single,1,0,0,1,1,True,0,0.838503360748291
NIST_Full scan_2_NEG__F539,NIST_Full scan_2_NEG,single,1,0,0,1,1,True,0,0.6899663805961609
NIST_Full scan_2_NEG__F54,NIST_Full scan_2_NEG,empty,0,0,0,0,0,True,0,0.0
NIST_Full scan_2_NEG__F544,NIST_Full scan_2_NEG,empty,0,0,0,0,0,True,0,0.0
NIST_Full scan_2_NEG__F545,NIST_Full scan_2_NEG,single,1,0,0,1,1,True,0,0.9644867181777954
NIST_Full scan_2_NEG__F549,NIST_Full scan_2_NEG,empty,0,0,0,0,0,True,0,0.0
NIST_Full scan_2_NEG__F556,NIST_Full scan_2_NEG,single,1,0,0,1,1,True,0,0.9490979313850403
NIST_Full scan_2_NEG__F557,NIST_Full scan_2_NEG,empty,0,0,0,0,0,True,0,0.0
NIST_Full scan_2_NEG__F562,NIST_Full scan_2_NEG,single,1,0,0,1,1,True,0,0.92373126745224
NIST_Full scan_2_NEG__F57,NIST_Full scan_2_NEG,empty,0,0,0,0,0,True,0,0.0
NIST_Full scan_2_NEG__F571,NIST_Full scan_2_NEG,single,1,0,0,1,1,True,0,0.964573085308075
NIST_Full scan_2_NEG__F573,NIST_Full scan_2_NEG,single,1,0,0,1,1,True,0,0.8916130661964417
NIST_Full scan_2_NEG__F576,NIST_Full scan_2_NEG,single,1,0,0,1,1,True,0,0.8754802346229553
NIST_Full scan_2_NEG__F580,NIST_Full scan_2_NEG,single,1,0,0,1,1,True,0,0.8389703035354614
NIST_Full scan_2_NEG__F583,NIST_Full scan_2_NEG,empty,0,0,0,0,0,True,0,0.0
NIST_Full scan_2_NEG__F584,NIST_Full scan_2_NEG,empty,0,0,0,0,0,True,0,0.0
NIST_Full scan_2_NEG__F585,NIST_Full scan_2_NEG,single,1,0,0,1,1,True,0,0.953260064125061
NIST_Full scan_2_NEG__F591,NIST_Full scan_2_NEG,empty,0,0,0,0,0,True,0,0.0
NIST_Full scan_2_NEG__F600,NIST_Full scan_2_NEG,empty,0,0,0,0,0,True,0,0.0
NIST_Full scan_2_NEG__F606,NIST_Full scan_2_NEG,single,1,0,0,1,1,True,0,0.8986567258834839
NIST_Full scan_2_NEG__F608,NIST_Full scan_2_NEG,empty,0,0,0,0,0,True,0,0.0
NIST_Full scan_2_NEG__F614,NIST_Full scan_2_NEG,empty,0,0,0,0,0,True,0,0.0
NIST_Full scan_2_NEG__F619,NIST_Full scan_2_NEG,empty,0,0,0,0,0,True,0,0.0
NIST_Full scan_2_NEG__F621,NIST_Full scan_2_NEG,empty,0,0,0,0,0,True,0,0.0
NIST_Full scan_2_NEG__F622,NIST_Full scan_2_NEG,empty,0,0,0,0,0,True,0,0.0
NIST_Full scan_2_NEG__F631,NIST_Full scan_2_NEG,single,1,1,0,1,2,False,1,0.9604507088661194
NIST_Full scan_2_NEG__F635,NIST_Full scan_2_NEG,single,1,0,0,1,1,True,0,0.9474866986274719
NIST_Full scan_2_NEG__F64,NIST_Full scan_2_NEG,multi,1,0,1,2,1,False,1,0.5710631608963013
NIST_Full scan_2_NEG__F648,NIST_Full scan_2_NEG,single,1,0,0,1,1,True,0,0.8928714990615845
NIST_Full scan_2_NEG__F650,NIST_Full scan_2_NEG,multi,1,1,1,2,2,True,0,0.7449415922164917
NIST_Full scan_2_NEG__F655,NIST_Full scan_2_NEG,empty,0,0,0,0,0,True,0,0.0
NIST_Full scan_2_NEG__F66,NIST_Full scan_2_NEG,empty,0,0,0,0,0,True,0,0.0
NIST_Full scan_2_NEG__F679,NIST_Full scan_2_NEG,empty,0,0,0,0,0,True,0,0.0
NIST_Full scan_2_NEG__F68,NIST_Full scan_2_NEG,empty,0,0,0,0,0,True,0,0.0
NIST_Full scan_2_NEG__F681,NIST_Full scan_2_NEG,single,1,0,0,1,1,True,0,0.9152082800865173
NIST_Full scan_2_NEG__F686,NIST_Full scan_2_NEG,single,1,0,0,1,1,True,0,0.9622857570648193
NIST_Full scan_2_NEG__F694,NIST_Full scan_2_NEG,single,1,0,0,1,1,True,0,0.8206701874732971
NIST_Full scan_2_NEG__F695,NIST_Full scan_2_NEG,single,1,0,0,1,1,True,0,0.5077099204063416
NIST_Full scan_2_NEG__F697,NIST_Full scan_2_NEG,empty,0,1,0,0,1,False,1,0.0
NIST_Full scan_2_NEG__F70,NIST_Full scan_2_NEG,empty,0,0,0,0,0,True,0,0.0
NIST_Full scan_2_NEG__F701,NIST_Full scan_2_NEG,single,1,0,0,1,1,True,0,0.871405303478241
NIST_Full scan_2_NEG__F705,NIST_Full scan_2_NEG,single,1,0,0,1,1,True,0,0.7042989730834961
NIST_Full scan_2_NEG__F706,NIST_Full scan_2_NEG,empty,0,1,0,0,1,False,1,0.0
NIST_Full scan_2_NEG__F708,NIST_Full scan_2_NEG,empty,0,0,0,0,0,True,0,0.0
NIST_Full scan_2_NEG__F720,NIST_Full scan_2_NEG,multi,2,0,0,2,2,True,0,0.7363889813423157
NIST_Full scan_2_NEG__F734,NIST_Full scan_2_NEG,empty,0,0,0,0,0,True,0,0.0
NIST_Full scan_2_NEG__F743,NIST_Full scan_2_NEG,single,1,1,0,1,2,False,1,0.937760055065155
NIST_Full scan_2_NEG__F745,NIST_Full scan_2_NEG,empty,0,0,0,0,0,True,0,0.0
NIST_Full scan_2_NEG__F749,NIST_Full scan_2_NEG,empty,0,0,0,0,0,True,0,0.0
NIST_Full scan_2_NEG__F760,NIST_Full scan_2_NEG,empty,0,0,0,0,0,True,0,0.0
NIST_Full scan_2_NEG__F77,NIST_Full scan_2_NEG,single,1,0,0,1,1,True,0,0.8069315552711487
NIST_Full scan_2_NEG__F772,NIST_Full scan_2_NEG,empty,0,0,0,0,0,True,0,0.0
NIST_Full scan_2_NEG__F773,NIST_Full scan_2_NEG,single,1,0,0,1,1,True,0,0.9714763760566711
NIST_Full scan_2_NEG__F781,NIST_Full scan_2_NEG,single,1,1,0,1,2,False,1,0.7373034954071045
NIST_Full scan_2_NEG__F791,NIST_Full scan_2_NEG,single,1,0,0,1,1,True,0,0.9465085864067078
NIST_Full scan_2_NEG__F799,NIST_Full scan_2_NEG,single,1,0,0,1,1,True,0,0.8554243445396423
NIST_Full scan_2_NEG__F809,NIST_Full scan_2_NEG,single,1,1,0,1,2,False,1,0.5564765334129333
NIST_Full scan_2_NEG__F810,NIST_Full scan_2_NEG,empty,0,0,0,0,0,True,0,0.0
NIST_Full scan_2_NEG__F811,NIST_Full scan_2_NEG,single,1,1,0,1,2,False,1,0.8594294786453247
NIST_Full scan_2_NEG__F820,NIST_Full scan_2_NEG,empty,0,0,0,0,0,True,0,0.0
NIST_Full scan_2_NEG__F830,NIST_Full scan_2_NEG,empty,0,0,0,0,0,True,0,0.0
NIST_Full scan_2_NEG__F832,NIST_Full scan_2_NEG,empty,0,0,0,0,0,True,0,0.0
NIST_Full scan_2_NEG__F84,NIST_Full scan_2_NEG,empty,0,0,0,0,0,True,0,0.0
NIST_Full scan_2_NEG__F840,NIST_Full scan_2_NEG,empty,0,0,0,0,0,True,0,0.0
NIST_Full scan_2_NEG__F841,NIST_Full scan_2_NEG,empty,0,0,0,0,0,True,0,0.0
NIST_Full scan_2_NEG__F842,NIST_Full scan_2_NEG,single,0,1,1,1,1,True,0,0.0
NIST_Full scan_2_NEG__F846,NIST_Full scan_2_NEG,single,1,0,0,1,1,True,0,0.8571346998214722
NIST_Full scan_2_NEG__F85,NIST_Full scan_2_NEG,empty,0,0,0,0,0,True,0,0.0
NIST_Full scan_2_NEG__F856,NIST_Full scan_2_NEG,empty,0,0,0,0,0,True,0,0.0
NIST_Full scan_2_NEG__F857,NIST_Full scan_2_NEG,single,1,0,0,1,1,True,0,0.7382625341415405
NIST_Full scan_2_NEG__F858,NIST_Full scan_2_NEG,empty,0,0,0,0,0,True,0,0.0
NIST_Full scan_2_NEG__F860,NIST_Full scan_2_NEG,single,0,3,1,1,3,False,2,0.0
NIST_Full scan_2_NEG__F868,NIST_Full scan_2_NEG,empty,0,0,0,0,0,True,0,0.0
NIST_Full scan_2_NEG__F874,NIST_Full scan_2_NEG,single,1,1,0,1,2,False,1,0.7740837931632996
NIST_Full scan_2_NEG__F875,NIST_Full scan_2_NEG,single,1,0,0,1,1,True,0,0.7547597885131836
NIST_Full scan_2_NEG__F880,NIST_Full scan_2_NEG,empty,0,0,0,0,0,True,0,0.0
NIST_Full scan_2_NEG__F884,NIST_Full scan_2_NEG,single,1,0,0,1,1,True,0,0.8467275500297546
NIST_Full scan_2_NEG__F887,NIST_Full scan_2_NEG,empty,0,0,0,0,0,True,0,0.0
NIST_Full scan_2_NEG__F890,NIST_Full scan_2_NEG,empty,0,0,0,0,0,True,0,0.0
NIST_Full scan_2_NEG__F892,NIST_Full scan_2_NEG,single,1,0,0,1,1,True,0,0.7135355472564697
NIST_Full scan_2_NEG__F893,NIST_Full scan_2_NEG,empty,0,0,0,0,0,True,0,0.0
NIST_Full scan_2_NEG__F894,NIST_Full scan_2_NEG,multi,2,0,0,2,2,True,0,0.9009948670864105
NIST_Full scan_2_NEG__F9,NIST_Full scan_2_NEG,single,0,0,1,1,0,False,1,0.0
NIST_Full scan_2_NEG__F903,NIST_Full scan_2_NEG,empty,0,0,0,0,0,True,0,0.0
NIST_Full scan_2_NEG__F904,NIST_Full scan_2_NEG,empty,0,1,0,0,1,False,1,0.0
NIST_Full scan_2_NEG__F914,NIST_Full scan_2_NEG,empty,0,0,0,0,0,True,0,0.0
NIST_Full scan_2_NEG__F916,NIST_Full scan_2_NEG,single,1,0,0,1,1,True,0,0.9578970074653625
NIST_Full scan_2_NEG__F924,NIST_Full scan_2_NEG,empty,0,0,0,0,0,True,0,0.0
NIST_Full scan_2_NEG__F927,NIST_Full scan_2_NEG,empty,0,0,0,0,0,True,0,0.0
NIST_Full scan_2_NEG__F930,NIST_Full scan_2_NEG,empty,0,0,0,0,0,True,0,0.0
NIST_Full scan_2_NEG__F932,NIST_Full scan_2_NEG,single,1,0,0,1,1,True,0,0.84983891248703
NIST_Full scan_2_NEG__F933,NIST_Full scan_2_NEG,empty,0,0,0,0,0,True,0,0.0
NIST_Full scan_2_NEG__F943,NIST_Full scan_2_NEG,single,1,0,0,1,1,True,0,0.8790850043296814
NIST_Full scan_2_NEG__F949,NIST_Full scan_2_NEG,single,1,0,0,1,1,True,0,0.8773587346076965
NIST_Full scan_2_NEG__F950,NIST_Full scan_2_NEG,single,0,0,1,1,0,False,1,0.0
NIST_Full scan_2_NEG__F963,NIST_Full scan_2_NEG,single,1,0,0,1,1,True,0,0.8521369695663452
NIST_Full scan_2_NEG__F964,NIST_Full scan_2_NEG,single,1,0,0,1,1,True,0,0.9554544687271118
NIST_Full scan_2_NEG__F965,NIST_Full scan_2_NEG,single,1,0,0,1,1,True,0,0.8584209680557251
NIST_Full scan_2_NEG__F975,NIST_Full scan_2_NEG,single,1,0,0,1,1,True,0,0.9165430068969727
NIST_Full scan_2_NEG__F980,NIST_Full scan_2_NEG,empty,0,0,0,0,0,True,0,0.0
NIST_Full scan_2_NEG__F987,NIST_Full scan_2_NEG,empty,0,0,0,0,0,True,0,0.0
NIST_Full scan_2_NEG__F989,NIST_Full scan_2_NEG,multi,2,0,1,3,2,False,1,0.9248593151569366
NIST_Full scan_2_NEG__F991,NIST_Full scan_2_NEG,empty,0,0,0,0,0,True,0,0.0
NIST_Full scan_2_NEG__F994,NIST_Full scan_2_NEG,empty,0,0,0,0,0,True,0,0.0
D07P_NEG__F1,D07P_NEG,empty,0,0,0,0,0,True,0,0.0
D07P_NEG__F10,D07P_NEG,empty,0,0,0,0,0,True,0,0.0
D07P_NEG__F102,D07P_NEG,multi,2,0,0,2,2,True,0,0.8027533888816833
D07P_NEG__F104,D07P_NEG,single,1,1,0,1,2,False,1,0.7228888273239136
D07P_NEG__F105,D07P_NEG,single,1,0,0,1,1,True,0,0.8766523599624634
D07P_NEG__F109,D07P_NEG,multi,2,0,0,2,2,True,0,0.8897455036640167
D07P_NEG__F11,D07P_NEG,multi,2,1,0,2,3,False,1,0.744799941778183
D07P_NEG__F110,D07P_NEG,multi,2,0,0,2,2,True,0,0.8681172728538513
D07P_NEG__F111,D07P_NEG,single,1,0,0,1,1,True,0,0.8951168060302734
D07P_NEG__F112,D07P_NEG,single,1,0,0,1,1,True,0,0.8687084913253784
D07P_NEG__F114,D07P_NEG,single,1,0,0,1,1,True,0,0.8684784770011902
D07P_NEG__F115,D07P_NEG,single,1,0,0,1,1,True,0,0.9328332543373108
D07P_NEG__F117,D07P_NEG,single,1,1,0,1,2,False,1,0.7955297231674194
D07P_NEG__F118,D07P_NEG,single,0,1,1,1,1,True,0,0.0
D07P_NEG__F119,D07P_NEG,single,1,0,0,1,1,True,0,0.8949332237243652
D07P_NEG__F12,D07P_NEG,multi,2,1,0,2,3,False,1,0.8559722006320953
D07P_NEG__F120,D07P_NEG,single,1,0,0,1,1,True,0,0.773181676864624
D07P_NEG__F125,D07P_NEG,single,1,1,0,1,2,False,1,0.8748090267181396
D07P_NEG__F127,D07P_NEG,single,1,0,0,1,1,True,0,0.8990548849105835
D07P_NEG__F132,D07P_NEG,single,1,0,0,1,1,True,0,0.925864040851593
D07P_NEG__F133,D07P_NEG,single,1,1,0,1,2,False,1,0.9591280221939087
D07P_NEG__F138,D07P_NEG,multi,2,0,0,2,2,True,0,0.8346626460552216
D07P_NEG__F140,D07P_NEG,single,1,0,0,1,1,True,0,0.9154348969459534
D07P_NEG__F141,D07P_NEG,single,1,0,0,1,1,True,0,0.9771726131439209
D07P_NEG__F142,D07P_NEG,single,1,0,0,1,1,True,0,0.9423484206199646
D07P_NEG__F145,D07P_NEG,single,1,0,0,1,1,True,0,0.9506800770759583
D07P_NEG__F146,D07P_NEG,multi,2,0,0,2,2,True,0,0.9323914349079132
D07P_NEG__F149,D07P_NEG,single,1,0,0,1,1,True,0,0.7558702230453491
D07P_NEG__F150,D07P_NEG,single,1,0,0,1,1,True,0,0.7605768442153931
D07P_NEG__F151,D07P_NEG,single,0,1,1,1,1,True,0,0.0
D07P_NEG__F153,D07P_NEG,single,1,0,0,1,1,True,0,0.772786021232605
D07P_NEG__F154,D07P_NEG,single,1,0,0,1,1,True,0,0.9601627588272095
D07P_NEG__F155,D07P_NEG,single,1,0,0,1,1,True,0,0.5209437608718872
D07P_NEG__F156,D07P_NEG,single,1,0,0,1,1,True,0,0.9300451278686523
D07P_NEG__F158,D07P_NEG,single,1,0,0,1,1,True,0,0.8371451497077942
D07P_NEG__F159,D07P_NEG,single,1,0,0,1,1,True,0,0.8385624885559082
D07P_NEG__F16,D07P_NEG,empty,0,0,0,0,0,True,0,0.0
D07P_NEG__F164,D07P_NEG,single,1,0,0,1,1,True,0,0.7874711155891418
D07P_NEG__F166,D07P_NEG,single,1,0,0,1,1,True,0,0.8951106667518616
D07P_NEG__F168,D07P_NEG,single,1,0,0,1,1,True,0,0.7078771591186523
D07P_NEG__F169,D07P_NEG,single,1,0,0,1,1,True,0,0.8225130438804626
D07P_NEG__F17,D07P_NEG,empty,0,0,0,0,0,True,0,0.0
D07P_NEG__F173,D07P_NEG,multi,2,0,0,2,2,True,0,0.8928088843822479
D07P_NEG__F174,D07P_NEG,multi,2,0,0,2,2,True,0,0.9603492021560669
D07P_NEG__F176,D07P_NEG,empty,0,0,0,0,0,True,0,0.0
D07P_NEG__F177,D07P_NEG,single,1,0,0,1,1,True,0,0.6309767961502075
D07P_NEG__F178,D07P_NEG,single,1,0,0,1,1,True,0,0.9369188547134399
D07P_NEG__F18,D07P_NEG,empty,0,0,0,0,0,True,0,0.0
D07P_NEG__F181,D07P_NEG,multi,2,0,1,3,2,False,1,0.893412858247757
D07P_NEG__F182,D07P_NEG,multi,2,0,0,2,2,True,0,0.9239481687545776
D07P_NEG__F183,D07P_NEG,multi,2,0,0,2,2,True,0,0.9247713088989258
D07P_NEG__F185,D07P_NEG,single,1,0,0,1,1,True,0,0.8633537888526917
D07P_NEG__F186,D07P_NEG,empty,0,0,0,0,0,True,0,0.0
D07P_NEG__F189,D07P_NEG,empty,0,1,0,0,1,False,1,0.0
D07P_NEG__F19,D07P_NEG,single,1,0,0,1,1,True,0,0.8137472867965698
D07P_NEG__F193,D07P_NEG,multi,2,0,0,2,2,True,0,0.9529497921466827
D07P_NEG__F194,D07P_NEG,empty,0,1,0,0,1,False,1,0.0
D07P_NEG__F195,D07P_NEG,empty,0,2,0,0,2,False,2,0.0
D07P_NEG__F196,D07P_NEG,empty,0,2,0,0,2,False,2,0.0
D07P_NEG__F197,D07P_NEG,empty,0,1,0,0,1,False,1,0.0
D07P_NEG__F20,D07P_NEG,single,1,0,0,1,1,True,0,0.595390796661377
D07P_NEG__F200,D07P_NEG,multi,2,0,0,2,2,True,0,0.8159478604793549
D07P_NEG__F204,D07P_NEG,multi,2,0,0,2,2,True,0,0.8260640799999237
D07P_NEG__F205,D07P_NEG,multi,2,0,0,2,2,True,0,0.9079616963863373
D07P_NEG__F209,D07P_NEG,empty,0,1,0,0,1,False,1,0.0
D07P_NEG__F210,D07P_NEG,single,1,0,0,1,1,True,0,0.9171605110168457
D07P_NEG__F211,D07P_NEG,empty,0,2,0,0,2,False,2,0.0
D07P_NEG__F212,D07P_NEG,empty,0,1,0,0,1,False,1,0.0
D07P_NEG__F219,D07P_NEG,single,1,1,0,1,2,False,1,0.8289907574653625
D07P_NEG__F221,D07P_NEG,empty,0,1,0,0,1,False,1,0.0
D07P_NEG__F223,D07P_NEG,empty,0,1,0,0,1,False,1,0.0
D07P_NEG__F226,D07P_NEG,empty,0,0,0,0,0,True,0,0.0
D07P_NEG__F228,D07P_NEG,multi,2,0,0,2,2,True,0,0.8942517936229706
D07P_NEG__F229,D07P_NEG,multi,2,1,0,2,3,False,1,0.7950373888015747
D07P_NEG__F23,D07P_NEG,empty,0,0,0,0,0,True,0,0.0
D07P_NEG__F230,D07P_NEG,multi,2,0,0,2,2,True,0,0.8719318509101868
D07P_NEG__F232,D07P_NEG,single,1,0,0,1,1,True,0,0.8842589855194092
D07P_NEG__F235,D07P_NEG,single,1,2,0,1,3,False,2,0.9233556389808655
D07P_NEG__F236,D07P_NEG,single,1,1,0,1,2,False,1,0.9446268081665039
D07P_NEG__F238,D07P_NEG,empty,0,3,0,0,3,False,3,0.0
D07P_NEG__F239,D07P_NEG,empty,0,1,0,0,1,False,1,0.0
D07P_NEG__F24,D07P_NEG,single,1,0,0,1,1,True,0,0.6342691779136658
D07P_NEG__F245,D07P_NEG,multi,2,0,0,2,2,True,0,0.8673659861087799
D07P_NEG__F246,D07P_NEG,multi,2,0,0,2,2,True,0,0.8279600143432617
D07P_NEG__F248,D07P_NEG,single,1,0,0,1,1,True,0,0.8190881013870239
D07P_NEG__F249,D07P_NEG,empty,0,0,0,0,0,True,0,0.0
D07P_NEG__F25,D07P_NEG,single,1,1,0,1,2,False,1,0.8242384791374207
D07P_NEG__F250,D07P_NEG,empty,0,1,0,0,1,False,1,0.0
D07P_NEG__F251,D07P_NEG,single,1,1,0,1,2,False,1,0.6673786044120789
D07P_NEG__F254,D07P_NEG,empty,0,0,0,0,0,True,0,0.0
D07P_NEG__F256,D07P_NEG,single,1,0,0,1,1,True,0,0.8820548057556152
D07P_NEG__F258,D07P_NEG,single,1,0,0,1,1,True,0,0.8591865301132202
D07P_NEG__F26,D07P_NEG,single,1,0,0,1,1,True,0,0.779358446598053
D07P_NEG__F262,D07P_NEG,single,1,1,0,1,2,False,1,0.9019792079925537
D07P_NEG__F263,D07P_NEG,single,1,0,0,1,1,True,0,0.5795190334320068
D07P_NEG__F266,D07P_NEG,single,0,2,1,1,2,False,1,0.0
D07P_NEG__F267,D07P_NEG,single,0,1,1,1,1,True,0,0.0
D07P_NEG__F269,D07P_NEG,single,0,1,1,1,1,True,0,0.0
D07P_NEG__F27,D07P_NEG,empty,0,0,0,0,0,True,0,0.0
D07P_NEG__F272,D07P_NEG,multi,1,1,1,2,2,True,0,0.9743656516075134
D07P_NEG__F273,D07P_NEG,multi,2,0,0,2,2,True,0,0.8569805920124054
D07P_NEG__F275,D07P_NEG,multi,2,1,1,3,3,True,0,0.577855795621872
D07P_NEG__F276,D07P_NEG,single,0,2,1,1,2,False,1,0.0
D07P_NEG__F278,D07P_NEG,empty,0,1,0,0,1,False,1,0.0
D07P_NEG__F279,D07P_NEG,empty,0,1,0,0,1,False,1,0.0
D07P_NEG__F281,D07P_NEG,single,1,0,0,1,1,True,0,0.8816295862197876
D07P_NEG__F282,D07P_NEG,multi,2,0,0,2,2,True,0,0.9420573115348816
D07P_NEG__F285,D07P_NEG,empty,0,4,0,0,4,False,4,0.0
D07P_NEG__F287,D07P_NEG,multi,1,3,1,2,4,False,2,0.9477930068969727
D07P_NEG__F288,D07P_NEG,empty,0,1,0,0,1,False,1,0.0
D07P_NEG__F291,D07P_NEG,multi,2,1,0,2,3,False,1,0.9069660305976868
D07P_NEG__F292,D07P_NEG,multi,2,1,0,2,3,False,1,0.9243358075618744
D07P_NEG__F297,D07P_NEG,single,1,0,0,1,1,True,0,0.8320868015289307
D07P_NEG__F298,D07P_NEG,multi,2,0,0,2,2,True,0,0.8875873386859894
D07P_NEG__F299,D07P_NEG,single,1,1,0,1,2,False,1,0.9129663109779358
D07P_NEG__F3,D07P_NEG,empty,0,0,0,0,0,True,0,0.0
D07P_NEG__F30,D07P_NEG,empty,0,1,0,0,1,False,1,0.0
D07P_NEG__F300,D07P_NEG,empty,0,1,0,0,1,False,1,0.0
D07P_NEG__F302,D07P_NEG,multi,3,0,0,3,3,True,0,0.9352751970291138
D07P_NEG__F303,D07P_NEG,single,1,0,0,1,1,True,0,0.8923372030258179
D07P_NEG__F305,D07P_NEG,single,1,0,0,1,1,True,0,0.8433887362480164
D07P_NEG__F306,D07P_NEG,single,1,0,0,1,1,True,0,0.8027878999710083
D07P_NEG__F308,D07P_NEG,single,1,0,0,1,1,True,0,0.9116848707199097
D07P_NEG__F31,D07P_NEG,empty,0,0,0,0,0,True,0,0.0
D07P_NEG__F311,D07P_NEG,single,1,1,0,1,2,False,1,0.9119760394096375
D07P_NEG__F312,D07P_NEG,single,1,0,0,1,1,True,0,0.8927583694458008
D07P_NEG__F313,D07P_NEG,multi,2,0,0,2,2,True,0,0.88748699426651
D07P_NEG__F317,D07P_NEG,single,0,1,1,1,1,True,0,0.0
D07P_NEG__F319,D07P_NEG,single,1,0,0,1,1,True,0,0.9539628028869629
D07P_NEG__F32,D07P_NEG,empty,0,0,0,0,0,True,0,0.0
D07P_NEG__F322,D07P_NEG,single,1,0,0,1,1,True,0,0.6684256196022034
D07P_NEG__F324,D07P_NEG,multi,2,1,0,2,3,False,1,0.877685546875
D07P_NEG__F326,D07P_NEG,multi,2,0,0,2,2,True,0,0.9038419425487518
D07P_NEG__F332,D07P_NEG,single,1,0,0,1,1,True,0,0.8644578456878662
D07P_NEG__F333,D07P_NEG,single,1,0,0,1,1,True,0,0.929970920085907
D07P_NEG__F335,D07P_NEG,multi,1,0,1,2,1,False,1,0.592786967754364
D07P_NEG__F336,D07P_NEG,single,1,0,0,1,1,True,0,0.9477893710136414
D07P_NEG__F34,D07P_NEG,empty,0,0,0,0,0,True,0,0.0
D07P_NEG__F341,D07P_NEG,single,1,0,0,1,1,True,0,0.8598476052284241
D07P_NEG__F343,D07P_NEG,single,1,2,0,1,3,False,2,0.8972552418708801
D07P_NEG__F347,D07P_NEG,multi,2,0,0,2,2,True,0,0.8563464283943176
D07P_NEG__F349,D07P_NEG,single,1,1,0,1,2,False,1,0.5784534215927124
D07P_NEG__F353,D07P_NEG,multi,2,0,0,2,2,True,0,0.944707602262497
D07P_NEG__F355,D07P_NEG,single,1,0,0,1,1,True,0,0.9191485047340393
D07P_NEG__F356,D07P_NEG,single,1,0,0,1,1,True,0,0.636040449142456
D07P_NEG__F358,D07P_NEG,single,1,0,0,1,1,True,0,0.7999317646026611
D07P_NEG__F361,D07P_NEG,multi,2,0,0,2,2,True,0,0.8720635771751404
D07P_NEG__F362,D07P_NEG,single,1,1,0,1,2,False,1,0.9064673781394958
D07P_NEG__F363,D07P_NEG,single,1,0,0,1,1,True,0,0.8457428216934204
D07P_NEG__F365,D07P_NEG,single,1,1,0,1,2,False,1,0.9164981245994568
D07P_NEG__F366,D07P_NEG,multi,3,0,0,3,3,True,0,0.7784096598625183
D07P_NEG__F368,D07P_NEG,single,1,0,0,1,1,True,0,0.9176183938980103
D07P_NEG__F369,D07P_NEG,single,1,0,0,1,1,True,0,0.9475685358047485
D07P_NEG__F37,D07P_NEG,single,1,0,0,1,1,True,0,0.5710216760635376
D07P_NEG__F371,D07P_NEG,single,1,0,0,1,1,True,0,0.7881476283073425
D07P_NEG__F374,D07P_NEG,single,1,0,0,1,1,True,0,0.9568532109260559
D07P_NEG__F375,D07P_NEG,single,1,0,0,1,1,True,0,0.9212016463279724
D07P_NEG__F376,D07P_NEG,empty,0,1,0,0,1,False,1,0.0
D07P_NEG__F377,D07P_NEG,empty,0,1,0,0,1,False,1,0.0
D07P_NEG__F378,D07P_NEG,multi,1,1,1,2,2,True,0,0.9014952778816223
D07P_NEG__F38,D07P_NEG,empty,0,0,0,0,0,True,0,0.0
D07P_NEG__F383,D07P_NEG,single,1,0,0,1,1,True,0,0.8407567143440247
D07P_NEG__F385,D07P_NEG,single,1,0,0,1,1,True,0,0.9487261176109314
D07P_NEG__F387,D07P_NEG,single,1,0,0,1,1,True,0,0.9360986948013306
D07P_NEG__F389,D07P_NEG,single,1,0,0,1,1,True,0,0.9362090229988098
D07P_NEG__F39,D07P_NEG,empty,0,0,0,0,0,True,0,0.0
D07P_NEG__F391,D07P_NEG,single,1,0,0,1,1,True,0,0.9383722543716431
D07P_NEG__F394,D07P_NEG,multi,2,0,0,2,2,True,0,0.8511461317539215
D07P_NEG__F397,D07P_NEG,multi,3,0,0,3,3,True,0,0.9014575084050497
D07P_NEG__F398,D07P_NEG,multi,3,0,0,3,3,True,0,0.8379746278127035
D07P_NEG__F399,D07P_NEG,single,1,0,0,1,1,True,0,0.9514657258987427
D07P_NEG__F4,D07P_NEG,empty,0,1,0,0,1,False,1,0.0
D07P_NEG__F40,D07P_NEG,empty,0,0,0,0,0,True,0,0.0
D07P_NEG__F401,D07P_NEG,single,1,0,0,1,1,True,0,0.9404175877571106
D07P_NEG__F403,D07P_NEG,single,1,0,0,1,1,True,0,0.926666259765625
D07P_NEG__F404,D07P_NEG,single,1,0,0,1,1,True,0,0.9059855937957764
D07P_NEG__F406,D07P_NEG,single,1,0,0,1,1,True,0,0.897323489189148
D07P_NEG__F408,D07P_NEG,single,1,1,0,1,2,False,1,0.778260350227356
D07P_NEG__F411,D07P_NEG,single,1,1,0,1,2,False,1,0.9101786613464355
D07P_NEG__F412,D07P_NEG,single,1,0,0,1,1,True,0,0.8327859044075012
D07P_NEG__F416,D07P_NEG,empty,0,2,0,0,2,False,2,0.0
D07P_NEG__F418,D07P_NEG,multi,2,0,0,2,2,True,0,0.9032306671142578
D07P_NEG__F422,D07P_NEG,multi,2,2,0,2,4,False,2,0.9192065894603729
D07P_NEG__F424,D07P_NEG,single,1,1,0,1,2,False,1,0.9050170183181763
D07P_NEG__F425,D07P_NEG,multi,2,0,0,2,2,True,0,0.800200492143631
D07P_NEG__F427,D07P_NEG,single,1,0,0,1,1,True,0,0.9429309368133545
D07P_NEG__F429,D07P_NEG,single,1,0,0,1,1,True,0,0.9860401749610901
D07P_NEG__F43,D07P_NEG,single,0,0,1,1,0,False,1,0.0
D07P_NEG__F430,D07P_NEG,multi,2,0,0,2,2,True,0,0.8239285945892334
D07P_NEG__F432,D07P_NEG,single,1,0,0,1,1,True,0,0.9405728578567505
D07P_NEG__F435,D07P_NEG,multi,1,0,1,2,1,False,1,0.9278897643089294
D07P_NEG__F438,D07P_NEG,multi,2,0,0,2,2,True,0,0.9611330032348633
D07P_NEG__F441,D07P_NEG,single,1,0,0,1,1,True,0,0.8857506513595581
D07P_NEG__F443,D07P_NEG,multi,2,0,0,2,2,True,0,0.9441327154636383
D07P_NEG__F448,D07P_NEG,multi,3,0,0,3,3,True,0,0.9014795223871866
D07P_NEG__F450,D07P_NEG,single,1,1,0,1,2,False,1,0.7883885502815247
D07P_NEG__F451,D07P_NEG,single,1,0,0,1,1,True,0,0.932765007019043
D07P_NEG__F452,D07P_NEG,multi,1,0,1,2,1,False,1,0.8508380055427551
D07P_NEG__F456,D07P_NEG,multi,2,0,0,2,2,True,0,0.8738135099411011
D07P_NEG__F457,D07P_NEG,single,1,2,0,1,3,False,2,0.5875373482704163
D07P_NEG__F458,D07P_NEG,multi,2,0,0,2,2,True,0,0.8669450581073761
D07P_NEG__F46,D07P_NEG,single,1,0,0,1,1,True,0,0.9486320614814758
D07P_NEG__F461,D07P_NEG,single,1,0,0,1,1,True,0,0.7881449460983276
D07P_NEG__F462,D07P_NEG,single,1,0,0,1,1,True,0,0.9118415117263794
D07P_NEG__F465,D07P_NEG,single,1,0,0,1,1,True,0,0.9368939995765686
D07P_NEG__F466,D07P_NEG,single,1,0,0,1,1,True,0,0.929539144039154
D07P_NEG__F468,D07P_NEG,single,1,0,0,1,1,True,0,0.9037805199623108
D07P_NEG__F469,D07P_NEG,single,1,0,0,1,1,True,0,0.9120122790336609
D07P_NEG__F47,D07P_NEG,single,1,0,0,1,1,True,0,0.8668689131736755
D07P_NEG__F473,D07P_NEG,multi,3,0,0,3,3,True,0,0.9095163742701212
D07P_NEG__F478,D07P_NEG,single,1,1,0,1,2,False,1,0.9179369807243347
D07P_NEG__F481,D07P_NEG,single,1,0,0,1,1,True,0,0.7904638051986694
D07P_NEG__F483,D07P_NEG,empty,0,0,0,0,0,True,0,0.0
D07P_NEG__F484,D07P_NEG,single,1,1,0,1,2,False,1,0.8695493936538696
D07P_NEG__F486,D07P_NEG,multi,2,0,0,2,2,True,0,0.887544721364975
D07P_NEG__F488,D07P_NEG,single,1,0,0,1,1,True,0,0.9512415528297424
D07P_NEG__F49,D07P_NEG,single,1,0,0,1,1,True,0,0.927931547164917
D07P_NEG__F491,D07P_NEG,multi,2,0,0,2,2,True,0,0.8915276825428009
D07P_NEG__F493,D07P_NEG,multi,2,0,0,2,2,True,0,0.8501635789871216
D07P_NEG__F494,D07P_NEG,single,1,0,0,1,1,True,0,0.8282895088195801
D07P_NEG__F495,D07P_NEG,single,1,0,0,1,1,True,0,0.9202810525894165
D07P_NEG__F497,D07P_NEG,single,1,0,0,1,1,True,0,0.8043569922447205
D07P_NEG__F498,D07P_NEG,empty,0,0,0,0,0,True,0,0.0
D07P_NEG__F500,D07P_NEG,single,1,0,0,1,1,True,0,0.9438781142234802
D07P_NEG__F505,D07P_NEG,multi,3,0,0,3,3,True,0,0.8821961482365926
D07P_NEG__F506,D07P_NEG,multi,3,0,0,3,3,True,0,0.8956915934880575
D07P_NEG__F507,D07P_NEG,single,1,0,0,1,1,True,0,0.8749446272850037
D07P_NEG__F508,D07P_NEG,multi,3,0,0,3,3,True,0,0.8899007638295492
D07P_NEG__F509,D07P_NEG,multi,2,0,0,2,2,True,0,0.9095196723937988
D07P_NEG__F514,D07P_NEG,single,1,0,0,1,1,True,0,0.9218136072158813
D07P_NEG__F515,D07P_NEG,multi,2,0,0,2,2,True,0,0.9130363166332245
D07P_NEG__F516,D07P_NEG,multi,2,0,0,2,2,True,0,0.8438605070114136
D07P_NEG__F517,D07P_NEG,multi,2,0,0,2,2,True,0,0.8907807767391205
D07P_NEG__F518,D07P_NEG,multi,1,0,1,2,1,False,1,0.803621768951416
D07P_NEG__F519,D07P_NEG,multi,1,0,1,2,1,False,1,0.9352129101753235
D07P_NEG__F520,D07P_NEG,single,1,0,0,1,1,True,0,0.8935551047325134
D07P_NEG__F522,D07P_NEG,single,1,0,0,1,1,True,0,0.8686751127243042
D07P_NEG__F523,D07P_NEG,multi,2,0,1,3,2,False,1,0.9382553398609161
D07P_NEG__F524,D07P_NEG,multi,2,0,0,2,2,True,0,0.8874799907207489
D07P_NEG__F526,D07P_NEG,single,1,0,0,1,1,True,0,0.8979979157447815
D07P_NEG__F527,D07P_NEG,multi,2,0,0,2,2,True,0,0.7780597805976868
D07P_NEG__F529,D07P_NEG,single,1,0,0,1,1,True,0,0.9570792317390442
D07P_NEG__F531,D07P_NEG,multi,2,0,0,2,2,True,0,0.8859100341796875
D07P_NEG__F532,D07P_NEG,multi,2,0,0,2,2,True,0,0.8494670391082764
D07P_NEG__F533,D07P_NEG,multi,3,0,0,3,3,True,0,0.8882306019465128
D07P_NEG__F534,D07P_NEG,multi,1,0,1,2,1,False,1,0.9373722672462463
D07P_NEG__F537,D07P_NEG,multi,2,0,0,2,2,True,0,0.8549456298351288
D07P_NEG__F538,D07P_NEG,single,1,0,0,1,1,True,0,0.9216260313987732
D07P_NEG__F540,D07P_NEG,single,1,0,0,1,1,True,0,0.9051668047904968
D07P_NEG__F541,D07P_NEG,multi,2,0,0,2,2,True,0,0.8609750270843506
D07P_NEG__F543,D07P_NEG,single,1,0,0,1,1,True,0,0.822855532169342
D07P_NEG__F544,D07P_NEG,single,1,0,0,1,1,True,0,0.9352777600288391
D07P_NEG__F56,D07P_NEG,single,1,0,0,1,1,True,0,0.802250325679779
D07P_NEG__F57,D07P_NEG,single,1,0,0,1,1,True,0,0.8294164538383484
D07P_NEG__F58,D07P_NEG,empty,0,0,0,0,0,True,0,0.0
D07P_NEG__F6,D07P_NEG,empty,0,0,0,0,0,True,0,0.0
D07P_NEG__F60,D07P_NEG,empty,0,1,0,0,1,False,1,0.0
D07P_NEG__F61,D07P_NEG,single,1,0,0,1,1,True,0,0.8907739520072937
D07P_NEG__F64,D07P_NEG,empty,0,0,0,0,0,True,0,0.0
D07P_NEG__F67,D07P_NEG,single,1,0,0,1,1,True,0,0.8315420746803284
D07P_NEG__F68,D07P_NEG,single,1,0,0,1,1,True,0,0.7431912422180176
D07P_NEG__F69,D07P_NEG,single,1,0,0,1,1,True,0,0.8052676916122437
D07P_NEG__F7,D07P_NEG,empty,0,0,0,0,0,True,0,0.0
D07P_NEG__F70,D07P_NEG,single,1,0,0,1,1,True,0,0.873343288898468
D07P_NEG__F71,D07P_NEG,single,1,0,0,1,1,True,0,0.822161078453064
D07P_NEG__F73,D07P_NEG,single,1,0,0,1,1,True,0,0.9162084460258484
D07P_NEG__F74,D07P_NEG,single,1,0,0,1,1,True,0,0.9030457139015198
D07P_NEG__F75,D07P_NEG,empty,0,0,0,0,0,True,0,0.0
D07P_NEG__F76,D07P_NEG,single,1,0,0,1,1,True,0,0.9558797478675842
D07P_NEG__F77,D07P_NEG,multi,2,0,0,2,2,True,0,0.8312014639377594
D07P_NEG__F78,D07P_NEG,single,1,0,0,1,1,True,0,0.7083713412284851
D07P_NEG__F79,D07P_NEG,multi,1,0,1,2,1,False,1,0.5905486941337585
D07P_NEG__F8,D07P_NEG,empty,0,0,0,0,0,True,0,0.0
D07P_NEG__F80,D07P_NEG,empty,0,0,0,0,0,True,0,0.0
D07P_NEG__F82,D07P_NEG,single,1,0,0,1,1,True,0,0.9450486302375793
D07P_NEG__F83,D07P_NEG,empty,0,0,0,0,0,True,0,0.0
D07P_NEG__F84,D07P_NEG,single,1,0,0,1,1,True,0,0.9037249684333801
D07P_NEG__F85,D07P_NEG,single,1,0,0,1,1,True,0,0.8490694761276245
D07P_NEG__F87,D07P_NEG,empty,0,0,0,0,0,True,0,0.0
D07P_NEG__F90,D07P_NEG,multi,2,0,0,2,2,True,0,0.8662621676921844
D07P_NEG__F91,D07P_NEG,multi,2,0,0,2,2,True,0,0.8273495733737946
D07P_NEG__F93,D07P_NEG,empty,0,0,0,0,0,True,0,0.0
D07P_NEG__F94,D07P_NEG,empty,0,0,0,0,0,True,0,0.0
D07P_NEG__F95,D07P_NEG,single,1,0,0,1,1,True,0,0.780168354511261
D03P_POS__F1,D03P_POS,single,1,0,0,1,1,True,0,0.9596985578536987
D03P_POS__F10,D03P_POS,empty,0,0,0,0,0,True,0,0.0
D03P_POS__F100,D03P_POS,multi,2,0,0,2,2,True,0,0.9122162461280823
D03P_POS__F1000,D03P_POS,multi,4,0,0,4,4,True,0,0.9288271367549896
D03P_POS__F1001,D03P_POS,multi,2,0,1,3,2,False,1,0.7945839762687683
D03P_POS__F1002,D03P_POS,multi,3,0,0,3,3,True,0,0.9050652980804443
D03P_POS__F1006,D03P_POS,multi,2,1,0,2,3,False,1,0.853985995054245
D03P_POS__F1007,D03P_POS,multi,3,0,0,3,3,True,0,0.9263232549031576
D03P_POS__F1008,D03P_POS,single,1,0,0,1,1,True,0,0.5243027806282043
D03P_POS__F1010,D03P_POS,multi,3,0,0,3,3,True,0,0.9019114772478739
D03P_POS__F1019,D03P_POS,multi,2,0,0,2,2,True,0,0.8672372102737427
D03P_POS__F1024,D03P_POS,multi,2,0,0,2,2,True,0,0.858637273311615
D03P_POS__F103,D03P_POS,empty,0,0,0,0,0,True,0,0.0
D03P_POS__F1030,D03P_POS,single,1,0,0,1,1,True,0,0.9803636074066162
D03P_POS__F1034,D03P_POS,multi,2,0,0,2,2,True,0,0.7481953203678131
D03P_POS__F1036,D03P_POS,multi,2,0,0,2,2,True,0,0.954804539680481
D03P_POS__F1037,D03P_POS,single,1,0,0,1,1,True,0,0.952511191368103
D03P_POS__F1038,D03P_POS,multi,3,0,0,3,3,True,0,0.8925525744756063
D03P_POS__F1040,D03P_POS,multi,3,0,1,4,3,False,1,0.934462328751882
D03P_POS__F1044,D03P_POS,multi,2,0,0,2,2,True,0,0.6458042860031128
D03P_POS__F105,D03P_POS,multi,2,0,0,2,2,True,0,0.6243006587028503
D03P_POS__F1050,D03P_POS,multi,1,1,4,5,2,False,3,0.5338678956031799
D03P_POS__F1051,D03P_POS,multi,3,1,0,3,4,False,1,0.942723790804545
D03P_POS__F1053,D03P_POS,multi,2,0,1,3,2,False,1,0.8787145018577576
D03P_POS__F1054,D03P_POS,multi,3,0,0,3,3,True,0,0.8095800876617432
D03P_POS__F1058,D03P_POS,multi,2,0,0,2,2,True,0,0.9156246781349182
D03P_POS__F1059,D03P_POS,multi,4,0,0,4,4,True,0,0.8999720066785812
D03P_POS__F106,D03P_POS,single,1,0,0,1,1,True,0,0.8872561454772949
D03P_POS__F1062,D03P_POS,multi,2,1,0,2,3,False,1,0.919625461101532
D03P_POS__F1068,D03P_POS,multi,5,0,0,5,5,True,0,0.8859921932220459
D03P_POS__F1069,D03P_POS,multi,2,0,1,3,2,False,1,0.947770893573761
D03P_POS__F107,D03P_POS,single,1,0,0,1,1,True,0,0.9601133465766907
D03P_POS__F1074,D03P_POS,multi,4,0,0,4,4,True,0,0.9276084005832672
D03P_POS__F1075,D03P_POS,multi,4,0,0,4,4,True,0,0.9080337435007095
D03P_POS__F1076,D03P_POS,multi,3,1,1,4,4,True,0,0.9133025805155436
D03P_POS__F1079,D03P_POS,multi,2,0,0,2,2,True,0,0.6802703142166138
D03P_POS__F1081,D03P_POS,multi,2,1,1,3,3,True,0,0.9249457120895386
D03P_POS__F1086,D03P_POS,multi,3,0,0,3,3,True,0,0.8633461395899454
D03P_POS__F1090,D03P_POS,multi,3,0,0,3,3,True,0,0.9160053928693136
D03P_POS__F1091,D03P_POS,multi,2,1,1,3,3,True,0,0.8319323360919952
D03P_POS__F1093,D03P_POS,multi,2,0,0,2,2,True,0,0.9461962878704071
D03P_POS__F1094,D03P_POS,multi,6,0,0,6,6,True,0,0.8649184505144755
D03P_POS__F1097,D03P_POS,single,1,0,0,1,1,True,0,0.9291490316390991
D03P_POS__F1099,D03P_POS,multi,3,0,0,3,3,True,0,0.9027955333391825
D03P_POS__F11,D03P_POS,single,1,0,0,1,1,True,0,0.9723353981971741
D03P_POS__F1100,D03P_POS,multi,2,0,0,2,2,True,0,0.8877250254154205
D03P_POS__F1101,D03P_POS,multi,3,0,0,3,3,True,0,0.9188927014668783
D03P_POS__F1104,D03P_POS,multi,4,0,0,4,4,True,0,0.8801620304584503
D03P_POS__F1106,D03P_POS,multi,3,0,0,3,3,True,0,0.9368135134379069
D03P_POS__F1107,D03P_POS,multi,2,0,1,3,2,False,1,0.9220782220363617
D03P_POS__F1112,D03P_POS,single,1,1,0,1,2,False,1,0.6155237555503845
D03P_POS__F1114,D03P_POS,single,1,0,0,1,1,True,0,0.9770789742469788
D03P_POS__F1115,D03P_POS,multi,4,0,0,4,4,True,0,0.9148604571819305
D03P_POS__F1117,D03P_POS,multi,3,0,0,3,3,True,0,0.9059510628382365
D03P_POS__F1121,D03P_POS,multi,4,0,0,4,4,True,0,0.934882640838623
D03P_POS__F1125,D03P_POS,multi,3,0,0,3,3,True,0,0.8907573024431864
D03P_POS__F1128,D03P_POS,multi,2,0,0,2,2,True,0,0.8911134004592896
D03P_POS__F1129,D03P_POS,multi,4,0,0,4,4,True,0,0.9274909198284149
D03P_POS__F1132,D03P_POS,multi,2,0,1,3,2,False,1,0.7670937180519104
D03P_POS__F1135,D03P_POS,single,1,0,0,1,1,True,0,0.9007604718208313
D03P_POS__F1139,D03P_POS,multi,3,0,0,3,3,True,0,0.855165978272756
D03P_POS__F1140,D03P_POS,multi,2,0,0,2,2,True,0,0.7533824443817139
D03P_POS__F1149,D03P_POS,multi,2,0,0,2,2,True,0,0.8863624334335327
D03P_POS__F1157,D03P_POS,multi,2,1,2,4,3,False,1,0.7423321008682251
D03P_POS__F1158,D03P_POS,multi,2,0,0,2,2,True,0,0.8675006926059723
D03P_POS__F1159,D03P_POS,multi,2,0,0,2,2,True,0,0.9342772960662842
D03P_POS__F116,D03P_POS,single,1,0,0,1,1,True,0,0.7886213660240173
D03P_POS__F1160,D03P_POS,multi,2,0,0,2,2,True,0,0.8962865173816681
D03P_POS__F1164,D03P_POS,multi,2,0,0,2,2,True,0,0.901980072259903
D03P_POS__F1166,D03P_POS,single,1,0,0,1,1,True,0,0.9217907786369324
D03P_POS__F1173,D03P_POS,multi,3,0,1,4,3,False,1,0.9335444569587708
D03P_POS__F1175,D03P_POS,multi,4,0,0,4,4,True,0,0.8185087889432907
D03P_POS__F1176,D03P_POS,multi,4,0,0,4,4,True,0,0.7904229909181595
D03P_POS__F1177,D03P_POS,multi,4,0,0,4,4,True,0,0.826420783996582
D03P_POS__F1182,D03P_POS,multi,1,0,1,2,1,False,1,0.8604006171226501
D03P_POS__F1187,D03P_POS,multi,1,0,1,2,1,False,1,0.9374030232429504
D03P_POS__F1188,D03P_POS,multi,3,0,1,4,3,False,1,0.9190658132235209
D03P_POS__F119,D03P_POS,multi,2,1,0,2,3,False,1,0.8209882378578186
D03P_POS__F1190,D03P_POS,single,1,0,0,1,1,True,0,0.9375857710838318
D03P_POS__F1196,D03P_POS,multi,2,0,0,2,2,True,0,0.9045033752918243
D03P_POS__F1198,D03P_POS,multi,2,0,0,2,2,True,0,0.8475323617458344
D03P_POS__F1201,D03P_POS,multi,2,0,0,2,2,True,0,0.9193945527076721
D03P_POS__F1205,D03P_POS,empty,0,0,0,0,0,True,0,0.0
D03P_POS__F1206,D03P_POS,empty,0,0,0,0,0,True,0,0.0
D03P_POS__F1209,D03P_POS,multi,2,0,0,2,2,True,0,0.8416998982429504
D03P_POS__F1213,D03P_POS,multi,3,1,0,3,4,False,1,0.7868749896685282
D03P_POS__F1215,D03P_POS,multi,5,0,0,5,5,True,0,0.8664757370948791
D03P_POS__F1219,D03P_POS,multi,5,0,0,5,5,True,0,0.8853628635406494
D03P_POS__F1223,D03P_POS,multi,4,0,1,5,4,False,1,0.7992181330919266
D03P_POS__F1224,D03P_POS,multi,6,0,0,6,6,True,0,0.8196460803349813
D03P_POS__F1225,D03P_POS,multi,6,1,0,6,7,False,1,0.8532317578792572
D03P_POS__F1226,D03P_POS,multi,6,1,1,7,7,True,0,0.8974234461784363
D03P_POS__F1230,D03P_POS,multi,5,0,0,5,5,True,0,0.8692464470863343
D03P_POS__F1232,D03P_POS,multi,4,0,0,4,4,True,0,0.8834415823221207
D03P_POS__F1233,D03P_POS,multi,5,0,0,5,5,True,0,0.867156195640564
D03P_POS__F1236,D03P_POS,multi,3,0,1,4,3,False,1,0.9089063405990601
D03P_POS__F1237,D03P_POS,multi,3,0,0,3,3,True,0,0.9443153540293375
D03P_POS__F1238,D03P_POS,multi,3,0,2,5,3,False,2,0.93391086657842
D03P_POS__F124,D03P_POS,empty,0,0,0,0,0,True,0,0.0
D03P_POS__F1240,D03P_POS,multi,5,0,0,5,5,True,0,0.8711530685424804
D03P_POS__F1244,D03P_POS,multi,1,0,2,3,1,False,2,0.8997214436531067
D03P_POS__F1248,D03P_POS,multi,2,0,1,3,2,False,1,0.8686566948890686
D03P_POS__F1250,D03P_POS,single,1,0,0,1,1,True,0,0.8976278901100159
D03P_POS__F1254,D03P_POS,multi,2,0,0,2,2,True,0,0.9217231273651123
D03P_POS__F1255,D03P_POS,single,1,0,0,1,1,True,0,0.9355521202087402
D03P_POS__F1257,D03P_POS,multi,4,0,0,4,4,True,0,0.8650485724210739
D03P_POS__F1259,D03P_POS,multi,3,0,0,3,3,True,0,0.9266786177953085
D03P_POS__F126,D03P_POS,multi,2,0,0,2,2,True,0,0.8026847243309021
D03P_POS__F1260,D03P_POS,multi,3,0,0,3,3,True,0,0.9336625337600708
D03P_POS__F1263,D03P_POS,multi,2,0,0,2,2,True,0,0.6895202994346619
D03P_POS__F1264,D03P_POS,multi,2,0,0,2,2,True,0,0.908754974603653
D03P_POS__F1267,D03P_POS,multi,4,0,0,4,4,True,0,0.8833019435405731
D03P_POS__F1269,D03P_POS,multi,2,0,0,2,2,True,0,0.8804039061069489
D03P_POS__F1270,D03P_POS,multi,1,1,1,2,2,True,0,0.9394631385803223
D03P_POS__F1272,D03P_POS,multi,2,0,1,3,2,False,1,0.8345623314380646
D03P_POS__F1273,D03P_POS,multi,2,0,1,3,2,False,1,0.8793971240520477
D03P_POS__F1277,D03P_POS,multi,2,0,1,3,2,False,1,0.9402503073215485
D03P_POS__F1279,D03P_POS,multi,3,0,0,3,3,True,0,0.7817084987958273
D03P_POS__F1281,D03P_POS,multi,2,0,1,3,2,False,1,0.9415578246116638
D03P_POS__F1283,D03P_POS,multi,2,0,1,3,2,False,1,0.9141333401203156
D03P_POS__F1284,D03P_POS,multi,2,1,0,2,3,False,1,0.8160951733589172
D03P_POS__F1290,D03P_POS,multi,4,0,1,5,4,False,1,0.889805406332016
D03P_POS__F1291,D03P_POS,multi,3,0,0,3,3,True,0,0.9092986186345419
D03P_POS__F1294,D03P_POS,multi,2,1,2,4,3,False,1,0.9278630912303925
D03P_POS__F1296,D03P_POS,multi,3,0,0,3,3,True,0,0.9063328305880228
D03P_POS__F1297,D03P_POS,multi,2,0,1,3,2,False,1,0.8810750544071198
D03P_POS__F1299,D03P_POS,multi,3,1,0,3,4,False,1,0.9273213545481364
D03P_POS__F1303,D03P_POS,multi,1,0,2,3,1,False,2,0.9715137481689453
D03P_POS__F1304,D03P_POS,multi,2,1,0,2,3,False,1,0.7236002087593079
D03P_POS__F1305,D03P_POS,multi,1,1,1,2,2,True,0,0.5593081712722778
D03P_POS__F1307,D03P_POS,single,1,0,0,1,1,True,0,0.8178728222846985
D03P_POS__F1308,D03P_POS,multi,0,2,2,2,2,True,0,0.0
D03P_POS__F1312,D03P_POS,multi,2,0,0,2,2,True,0,0.9148229956626892
D03P_POS__F1313,D03P_POS,multi,2,0,0,2,2,True,0,0.9583260715007782
D03P_POS__F1315,D03P_POS,multi,3,0,0,3,3,True,0,0.8793644905090332
D03P_POS__F1316,D03P_POS,multi,2,0,0,2,2,True,0,0.9275444746017456
D03P_POS__F1317,D03P_POS,multi,2,0,1,3,2,False,1,0.8664664030075073
D03P_POS__F1319,D03P_POS,multi,1,0,2,3,1,False,2,0.8896607160568237
D03P_POS__F1320,D03P_POS,multi,3,0,0,3,3,True,0,0.8695132732391357
D03P_POS__F1321,D03P_POS,multi,2,0,0,2,2,True,0,0.957798421382904
D03P_POS__F1325,D03P_POS,single,1,0,0,1,1,True,0,0.9459795951843262
D03P_POS__F1326,D03P_POS,multi,2,0,1,3,2,False,1,0.9190695285797119
D03P_POS__F1331,D03P_POS,multi,2,0,0,2,2,True,0,0.9004361927509308
D03P_POS__F1332,D03P_POS,single,1,0,0,1,1,True,0,0.9283196926116943
D03P_POS__F1340,D03P_POS,single,1,1,0,1,2,False,1,0.9449800252914429
D03P_POS__F1342,D03P_POS,single,1,0,0,1,1,True,0,0.9014347791671753
D03P_POS__F1346,D03P_POS,multi,3,0,0,3,3,True,0,0.9106588761011759
D03P_POS__F1348,D03P_POS,multi,4,0,0,4,4,True,0,0.9438795894384384
D03P_POS__F1355,D03P_POS,single,1,0,0,1,1,True,0,0.8199580311775208
D03P_POS__F1358,D03P_POS,single,1,1,0,1,2,False,1,0.7166019678115845
D03P_POS__F1360,D03P_POS,multi,2,0,0,2,2,True,0,0.9515211582183838
D03P_POS__F1369,D03P_POS,single,1,0,0,1,1,True,0,0.9545835256576538
D03P_POS__F137,D03P_POS,single,1,0,0,1,1,True,0,0.7334030270576477
D03P_POS__F1370,D03P_POS,multi,2,0,0,2,2,True,0,0.8979324698448181
D03P_POS__F1373,D03P_POS,multi,3,0,0,3,3,True,0,0.9027127822240194
D03P_POS__F1374,D03P_POS,multi,2,0,1,3,2,False,1,0.7087226212024689
D03P_POS__F1378,D03P_POS,multi,2,0,0,2,2,True,0,0.8918834626674652
D03P_POS__F1382,D03P_POS,multi,2,0,1,3,2,False,1,0.9556912183761597
D03P_POS__F1383,D03P_POS,multi,3,0,0,3,3,True,0,0.876012901465098
D03P_POS__F1384,D03P_POS,multi,1,1,2,3,2,False,1,0.921707034111023
D03P_POS__F1385,D03P_POS,single,1,1,0,1,2,False,1,0.6217211484909058
D03P_POS__F1386,D03P_POS,multi,4,0,0,4,4,True,0,0.8903264701366425
D03P_POS__F1391,D03P_POS,multi,2,0,0,2,2,True,0,0.9042606949806213
D03P_POS__F140,D03P_POS,single,1,0,0,1,1,True,0,0.9152945280075073
D03P_POS__F141,D03P_POS,single,0,1,1,1,1,True,0,0.0
D03P_POS__F145,D03P_POS,multi,3,0,0,3,3,True,0,0.8067362308502197
D03P_POS__F156,D03P_POS,multi,0,1,2,2,1,False,1,0.0
D03P_POS__F159,D03P_POS,single,1,0,0,1,1,True,0,0.893496036529541
D03P_POS__F16,D03P_POS,multi,3,0,0,3,3,True,0,0.9085899988810221
D03P_POS__F164,D03P_POS,multi,2,2,1,3,4,False,1,0.8544739782810211
D03P_POS__F168,D03P_POS,single,1,0,0,1,1,True,0,0.984799325466156
D03P_POS__F170,D03P_POS,multi,1,0,1,2,1,False,1,0.832061231136322
D03P_POS__F174,D03P_POS,multi,3,0,0,3,3,True,0,0.9209208289782206
D03P_POS__F179,D03P_POS,empty,0,0,0,0,0,True,0,0.0
D03P_POS__F182,D03P_POS,single,1,0,0,1,1,True,0,0.5317993760108948
D03P_POS__F184,D03P_POS,multi,1,1,1,2,2,True,0,0.9604571461677551
D03P_POS__F185,D03P_POS,multi,1,0,1,2,1,False,1,0.7304298281669617
D03P_POS__F19,D03P_POS,single,1,0,0,1,1,True,0,0.8179678916931152
D03P_POS__F193,D03P_POS,multi,2,0,0,2,2,True,0,0.904620885848999
D03P_POS__F194,D03P_POS,multi,2,0,0,2,2,True,0,0.7408990561962128
D03P_POS__F195,D03P_POS,single,1,0,0,1,1,True,0,0.9340696930885315
D03P_POS__F196,D03P_POS,single,1,0,0,1,1,True,0,0.9180469512939453
D03P_POS__F199,D03P_POS,multi,1,1,1,2,2,True,0,0.8624183535575867
D03P_POS__F200,D03P_POS,single,0,1,1,1,1,True,0,0.0
D03P_POS__F209,D03P_POS,multi,4,1,1,5,5,True,0,0.8558089882135391
D03P_POS__F210,D03P_POS,multi,3,0,0,3,3,True,0,0.8021901249885559
D03P_POS__F211,D03P_POS,multi,2,0,0,2,2,True,0,0.9008094668388367
D03P_POS__F212,D03P_POS,single,0,1,1,1,1,True,0,0.0
D03P_POS__F223,D03P_POS,multi,2,0,0,2,2,True,0,0.9253231883049011
D03P_POS__F224,D03P_POS,multi,3,0,0,3,3,True,0,0.8900205890337626
D03P_POS__F225,D03P_POS,single,1,0,0,1,1,True,0,0.6614115834236145
D03P_POS__F228,D03P_POS,single,1,0,0,1,1,True,0,0.9148156642913818
D03P_POS__F229,D03P_POS,single,1,0,0,1,1,True,0,0.9602880477905273
D03P_POS__F23,D03P_POS,single,1,0,0,1,1,True,0,0.8758439421653748
D03P_POS__F234,D03P_POS,single,1,0,0,1,1,True,0,0.933715283870697
D03P_POS__F237,D03P_POS,single,1,0,0,1,1,True,0,0.888460636138916
D03P_POS__F241,D03P_POS,multi,3,1,0,3,4,False,1,0.8962085048357645
D03P_POS__F248,D03P_POS,multi,1,0,1,2,1,False,1,0.9457941651344299
D03P_POS__F250,D03P_POS,multi,2,0,0,2,2,True,0,0.9220110774040222
D03P_POS__F256,D03P_POS,single,0,2,1,1,2,False,1,0.0
D03P_POS__F257,D03P_POS,multi,1,0,1,2,1,False,1,0.8611074686050415
D03P_POS__F258,D03P_POS,multi,2,0,0,2,2,True,0,0.8465020954608917
D03P_POS__F259,D03P_POS,multi,2,0,0,2,2,True,0,0.852874368429184
D03P_POS__F26,D03P_POS,empty,0,0,0,0,0,True,0,0.0
D03P_POS__F260,D03P_POS,multi,3,1,1,4,4,True,0,0.9092743198076884
D03P_POS__F262,D03P_POS,multi,3,1,1,4,4,True,0,0.9209165374437968
D03P_POS__F265,D03P_POS,single,1,0,0,1,1,True,0,0.9124693274497986
D03P_POS__F267,D03P_POS,single,1,0,0,1,1,True,0,0.9433375597000122
D03P_POS__F271,D03P_POS,multi,2,0,0,2,2,True,0,0.9318219423294067
D03P_POS__F279,D03P_POS,multi,2,0,2,4,2,False,2,0.9143913686275482
D03P_POS__F28,D03P_POS,single,1,0,0,1,1,True,0,0.9462922215461731
D03P_POS__F286,D03P_POS,empty,0,0,0,0,0,True,0,0.0
D03P_POS__F287,D03P_POS,multi,1,0,2,3,1,False,2,0.671362042427063
D03P_POS__F29,D03P_POS,empty,0,0,0,0,0,True,0,0.0
D03P_POS__F292,D03P_POS,empty,0,0,0,0,0,True,0,0.0
D03P_POS__F297,D03P_POS,empty,0,0,0,0,0,True,0,0.0
D03P_POS__F3,D03P_POS,multi,1,0,1,2,1,False,1,0.7619850039482117
D03P_POS__F300,D03P_POS,multi,1,1,1,2,2,True,0,0.9398505091667175
D03P_POS__F303,D03P_POS,multi,2,0,0,2,2,True,0,0.9121301174163818
D03P_POS__F306,D03P_POS,single,1,0,0,1,1,True,0,0.88573157787323
D03P_POS__F307,D03P_POS,multi,2,0,0,2,2,True,0,0.9202617406845093
D03P_POS__F310,D03P_POS,multi,2,0,1,3,2,False,1,0.7927536368370056
D03P_POS__F311,D03P_POS,multi,2,0,0,2,2,True,0,0.9281681776046753
D03P_POS__F313,D03P_POS,multi,2,1,0,2,3,False,1,0.7957939207553864
D03P_POS__F315,D03P_POS,multi,2,0,0,2,2,True,0,0.8650113344192505
D03P_POS__F319,D03P_POS,multi,2,0,0,2,2,True,0,0.9269947409629822
D03P_POS__F32,D03P_POS,single,1,0,0,1,1,True,0,0.9137598872184753
D03P_POS__F320,D03P_POS,multi,3,0,0,3,3,True,0,0.8475626508394877
D03P_POS__F323,D03P_POS,multi,2,0,1,3,2,False,1,0.7936096787452698
D03P_POS__F328,D03P_POS,multi,3,0,0,3,3,True,0,0.9379878044128418
D03P_POS__F33,D03P_POS,empty,0,0,0,0,0,True,0,0.0
D03P_POS__F330,D03P_POS,multi,2,0,0,2,2,True,0,0.9475860595703125
D03P_POS__F334,D03P_POS,multi,2,0,0,2,2,True,0,0.908359706401825
D03P_POS__F337,D03P_POS,single,1,0,0,1,1,True,0,0.6876302361488342
D03P_POS__F339,D03P_POS,multi,2,0,0,2,2,True,0,0.9191934466362
D03P_POS__F341,D03P_POS,multi,3,0,0,3,3,True,0,0.902604321638743
D03P_POS__F342,D03P_POS,multi,3,0,0,3,3,True,0,0.8904528021812439
D03P_POS__F343,D03P_POS,single,1,0,0,1,1,True,0,0.9248818755149841
D03P_POS__F347,D03P_POS,multi,3,0,0,3,3,True,0,0.731728176275889
D03P_POS__F350,D03P_POS,multi,4,0,0,4,4,True,0,0.8097712844610214
D03P_POS__F352,D03P_POS,multi,3,1,1,4,4,True,0,0.7750058174133301
D03P_POS__F353,D03P_POS,multi,3,0,1,4,3,False,1,0.8294940193494161
D03P_POS__F355,D03P_POS,multi,4,0,0,4,4,True,0,0.9108110517263412
D03P_POS__F360,D03P_POS,multi,2,0,0,2,2,True,0,0.8664402663707733
D03P_POS__F364,D03P_POS,single,1,0,0,1,1,True,0,0.9408293962478638
D03P_POS__F366,D03P_POS,single,1,0,0,1,1,True,0,0.898677408695221
D03P_POS__F369,D03P_POS,multi,3,0,0,3,3,True,0,0.9166295727094015
D03P_POS__F371,D03P_POS,multi,1,0,2,3,1,False,2,0.7541062235832214
D03P_POS__F372,D03P_POS,multi,2,0,1,3,2,False,1,0.8437641263008118
D03P_POS__F374,D03P_POS,multi,2,0,0,2,2,True,0,0.8638496100902557
D03P_POS__F375,D03P_POS,empty,0,0,0,0,0,True,0,0.0
D03P_POS__F376,D03P_POS,single,1,1,0,1,2,False,1,0.617857813835144
D03P_POS__F377,D03P_POS,single,1,0,0,1,1,True,0,0.9661086797714233
D03P_POS__F381,D03P_POS,multi,2,0,0,2,2,True,0,0.8615438044071198
D03P_POS__F383,D03P_POS,multi,2,0,0,2,2,True,0,0.8763217031955719
D03P_POS__F384,D03P_POS,multi,2,0,1,3,2,False,1,0.7057942450046539
D03P_POS__F390,D03P_POS,multi,2,0,1,3,2,False,1,0.6329999268054962
D03P_POS__F391,D03P_POS,multi,2,0,0,2,2,True,0,0.9073139131069183
D03P_POS__F394,D03P_POS,single,1,0,0,1,1,True,0,0.8873952627182007
D03P_POS__F395,D03P_POS,single,1,0,0,1,1,True,0,0.9148280620574951
D03P_POS__F396,D03P_POS,single,1,0,0,1,1,True,0,0.906943142414093
D03P_POS__F399,D03P_POS,multi,2,0,0,2,2,True,0,0.8728548586368561
D03P_POS__F40,D03P_POS,multi,2,0,0,2,2,True,0,0.830929696559906
D03P_POS__F406,D03P_POS,single,1,0,0,1,1,True,0,0.9507894515991211
D03P_POS__F409,D03P_POS,multi,3,0,0,3,3,True,0,0.9411242008209229
D03P_POS__F412,D03P_POS,multi,2,0,0,2,2,True,0,0.8170241415500641
D03P_POS__F413,D03P_POS,multi,1,0,2,3,1,False,2,0.892067551612854
D03P_POS__F414,D03P_POS,multi,2,1,0,2,3,False,1,0.8934151828289032
D03P_POS__F415,D03P_POS,single,1,0,0,1,1,True,0,0.9429299235343933
D03P_POS__F416,D03P_POS,single,1,0,0,1,1,True,0,0.8474131226539612
D03P_POS__F417,D03P_POS,single,1,0,0,1,1,True,0,0.9193079471588135
D03P_POS__F420,D03P_POS,multi,1,1,1,2,2,True,0,0.9097477793693542
D03P_POS__F425,D03P_POS,multi,1,1,3,4,2,False,2,0.6566398739814758
D03P_POS__F43,D03P_POS,single,1,1,0,1,2,False,1,0.7607433795928955
D03P_POS__F431,D03P_POS,single,1,0,0,1,1,True,0,0.95414137840271
D03P_POS__F433,D03P_POS,multi,1,1,2,3,2,False,1,0.9628600478172302
D03P_POS__F436,D03P_POS,single,1,1,0,1,2,False,1,0.6420425772666931
D03P_POS__F439,D03P_POS,single,1,0,0,1,1,True,0,0.5633029341697693
D03P_POS__F440,D03P_POS,multi,1,0,1,2,1,False,1,0.9563071727752686
D03P_POS__F441,D03P_POS,single,1,0,0,1,1,True,0,0.9296712279319763
D03P_POS__F443,D03P_POS,single,1,0,0,1,1,True,0,0.8866738677024841
D03P_POS__F447,D03P_POS,single,1,0,0,1,1,True,0,0.8850402235984802
D03P_POS__F448,D03P_POS,single,1,0,0,1,1,True,0,0.7509299516677856
D03P_POS__F449,D03P_POS,multi,1,0,2,3,1,False,2,0.922161340713501
D03P_POS__F45,D03P_POS,single,1,0,0,1,1,True,0,0.9468494653701782
D03P_POS__F451,D03P_POS,multi,2,0,1,3,2,False,1,0.929958701133728
D03P_POS__F452,D03P_POS,multi,1,0,1,2,1,False,1,0.8825680017471313
D03P_POS__F458,D03P_POS,single,1,0,0,1,1,True,0,0.9343513250350952
D03P_POS__F459,D03P_POS,multi,1,2,1,2,3,False,1,0.8305079340934753
D03P_POS__F46,D03P_POS,single,1,0,0,1,1,True,0,0.9006155133247375
D03P_POS__F462,D03P_POS,single,1,0,0,1,1,True,0,0.8812434673309326
D03P_POS__F463,D03P_POS,single,1,0,0,1,1,True,0,0.8482698202133179
D03P_POS__F465,D03P_POS,single,1,0,0,1,1,True,0,0.9368197321891785
D03P_POS__F468,D03P_POS,multi,2,0,0,2,2,True,0,0.6989098787307739
D03P_POS__F478,D03P_POS,multi,2,0,0,2,2,True,0,0.9251753389835358
D03P_POS__F480,D03P_POS,single,1,0,0,1,1,True,0,0.9865221977233887
D03P_POS__F482,D03P_POS,single,1,0,0,1,1,True,0,0.9642847180366516
D03P_POS__F483,D03P_POS,single,1,0,0,1,1,True,0,0.9356597661972046
D03P_POS__F487,D03P_POS,single,1,0,0,1,1,True,0,0.9674574732780457
D03P_POS__F491,D03P_POS,multi,0,1,2,2,1,False,1,0.0
D03P_POS__F494,D03P_POS,single,1,0,0,1,1,True,0,0.9406948089599609
D03P_POS__F495,D03P_POS,multi,2,0,0,2,2,True,0,0.8515314161777496
D03P_POS__F499,D03P_POS,multi,3,0,0,3,3,True,0,0.8943318327267965
D03P_POS__F501,D03P_POS,multi,1,0,1,2,1,False,1,0.7358301281929016
D03P_POS__F504,D03P_POS,single,1,0,0,1,1,True,0,0.9148651957511902
D03P_POS__F505,D03P_POS,single,1,0,0,1,1,True,0,0.8462736010551453
D03P_POS__F507,D03P_POS,single,1,0,0,1,1,True,0,0.9314157962799072
D03P_POS__F514,D03P_POS,single,1,0,0,1,1,True,0,0.9272069931030273
D03P_POS__F515,D03P_POS,single,1,0,0,1,1,True,0,0.9787963032722473
D03P_POS__F516,D03P_POS,multi,1,0,1,2,1,False,1,0.9237144589424133
D03P_POS__F522,D03P_POS,single,1,0,0,1,1,True,0,0.936654806137085
D03P_POS__F523,D03P_POS,single,1,0,0,1,1,True,0,0.9638932943344116
D03P_POS__F526,D03P_POS,single,1,0,0,1,1,True,0,0.9300322532653809
D03P_POS__F527,D03P_POS,single,1,0,0,1,1,True,0,0.8460347056388855
D03P_POS__F530,D03P_POS,multi,2,0,0,2,2,True,0,0.8890273571014404
D03P_POS__F532,D03P_POS,single,1,0,0,1,1,True,0,0.9165014624595642
D03P_POS__F534,D03P_POS,single,1,0,0,1,1,True,0,0.8750148415565491
D03P_POS__F537,D03P_POS,single,1,0,0,1,1,True,0,0.6266372799873352
D03P_POS__F545,D03P_POS,single,1,0,0,1,1,True,0,0.9158583283424377
D03P_POS__F546,D03P_POS,single,1,0,0,1,1,True,0,0.8926962018013
D03P_POS__F548,D03P_POS,single,1,0,0,1,1,True,0,0.9755775928497314
D03P_POS__F549,D03P_POS,multi,2,0,0,2,2,True,0,0.9474371075630188
D03P_POS__F553,D03P_POS,single,1,0,0,1,1,True,0,0.8161283731460571
D03P_POS__F554,D03P_POS,multi,2,0,0,2,2,True,0,0.9138876795768738
D03P_POS__F555,D03P_POS,single,0,1,1,1,1,True,0,0.0
D03P_POS__F556,D03P_POS,multi,2,0,0,2,2,True,0,0.8780608475208282
D03P_POS__F56,D03P_POS,multi,3,0,2,5,3,False,2,0.7914560039838155
D03P_POS__F561,D03P_POS,single,1,0,0,1,1,True,0,0.9026861786842346
D03P_POS__F562,D03P_POS,multi,3,0,0,3,3,True,0,0.8799116214116415
D03P_POS__F568,D03P_POS,single,1,0,0,1,1,True,0,0.9137959480285645
D03P_POS__F569,D03P_POS,multi,1,0,1,2,1,False,1,0.8299103379249573
D03P_POS__F571,D03P_POS,multi,3,0,1,4,3,False,1,0.9173741141955057
D03P_POS__F572,D03P_POS,multi,2,0,0,2,2,True,0,0.9389006197452545
D03P_POS__F573,D03P_POS,multi,1,0,1,2,1,False,1,0.91227787733078
D03P_POS__F574,D03P_POS,single,1,0,0,1,1,True,0,0.95376056432724
D03P_POS__F576,D03P_POS,single,1,0,0,1,1,True,0,0.9755208492279053
D03P_POS__F580,D03P_POS,single,1,0,0,1,1,True,0,0.9619420170783997
D03P_POS__F582,D03P_POS,single,1,0,0,1,1,True,0,0.96109539270401
D03P_POS__F583,D03P_POS,single,1,0,0,1,1,True,0,0.9453743696212769
D03P_POS__F584,D03P_POS,multi,2,0,1,3,2,False,1,0.9355969429016113
D03P_POS__F585,D03P_POS,single,1,0,0,1,1,True,0,0.535081684589386
D03P_POS__F586,D03P_POS,single,1,0,0,1,1,True,0,0.937429666519165
D03P_POS__F588,D03P_POS,multi,2,0,0,2,2,True,0,0.9592594504356384
D03P_POS__F590,D03P_POS,multi,3,0,1,4,3,False,1,0.7694620887438456
D03P_POS__F591,D03P_POS,single,1,0,0,1,1,True,0,0.8499486446380615
D03P_POS__F592,D03P_POS,single,1,0,0,1,1,True,0,0.5948676466941833
D03P_POS__F594,D03P_POS,single,1,0,0,1,1,True,0,0.8334947228431702
D03P_POS__F596,D03P_POS,single,1,0,0,1,1,True,0,0.866574764251709
D03P_POS__F598,D03P_POS,single,1,0,0,1,1,True,0,0.944655179977417
D03P_POS__F599,D03P_POS,single,1,0,0,1,1,True,0,0.9038671255111694
D03P_POS__F6,D03P_POS,empty,0,0,0,0,0,True,0,0.0
D03P_POS__F60,D03P_POS,multi,2,0,0,2,2,True,0,0.9042995274066925
D03P_POS__F600,D03P_POS,single,1,0,0,1,1,True,0,0.8121709227561951
D03P_POS__F604,D03P_POS,single,1,0,0,1,1,True,0,0.837628185749054
D03P_POS__F606,D03P_POS,multi,2,0,1,3,2,False,1,0.9247955679893494
D03P_POS__F608,D03P_POS,single,1,0,0,1,1,True,0,0.9305981397628784
D03P_POS__F610,D03P_POS,multi,1,1,1,2,2,True,0,0.7118253111839294
D03P_POS__F616,D03P_POS,multi,1,0,1,2,1,False,1,0.940536379814148
D03P_POS__F618,D03P_POS,multi,2,0,1,3,2,False,1,0.8606806993484497
D03P_POS__F620,D03P_POS,multi,2,0,0,2,2,True,0,0.7578373849391937
D03P_POS__F621,D03P_POS,multi,2,0,0,2,2,True,0,0.7543275058269501
D03P_POS__F622,D03P_POS,multi,3,0,0,3,3,True,0,0.9235548178354899
D03P_POS__F627,D03P_POS,multi,2,0,0,2,2,True,0,0.8215449452400208
D03P_POS__F632,D03P_POS,multi,3,0,0,3,3,True,0,0.9017296632130941
D03P_POS__F637,D03P_POS,multi,2,0,0,2,2,True,0,0.8865208029747009
D03P_POS__F638,D03P_POS,multi,3,0,0,3,3,True,0,0.8490233222643534
D03P_POS__F645,D03P_POS,multi,1,0,1,2,1,False,1,0.5601841807365417
D03P_POS__F651,D03P_POS,multi,1,0,2,3,1,False,2,0.9617031216621399
D03P_POS__F652,D03P_POS,single,1,0,0,1,1,True,0,0.636023759841919
D03P_POS__F66,D03P_POS,empty,0,0,0,0,0,True,0,0.0
D03P_POS__F661,D03P_POS,single,1,0,0,1,1,True,0,0.6194331645965576
D03P_POS__F662,D03P_POS,multi,2,1,1,3,3,True,0,0.8900097906589508
D03P_POS__F663,D03P_POS,multi,2,0,0,2,2,True,0,0.9226434528827667
D03P_POS__F665,D03P_POS,multi,2,0,0,2,2,True,0,0.9251223206520081
D03P_POS__F666,D03P_POS,multi,1,0,2,3,1,False,2,0.6679475903511047
D03P_POS__F667,D03P_POS,single,1,0,0,1,1,True,0,0.9158331155776978
D03P_POS__F668,D03P_POS,single,1,0,0,1,1,True,0,0.9190949201583862
D03P_POS__F669,D03P_POS,multi,2,0,0,2,2,True,0,0.9284657835960388
D03P_POS__F670,D03P_POS,single,1,0,0,1,1,True,0,0.8501772880554199
D03P_POS__F671,D03P_POS,multi,2,0,0,2,2,True,0,0.8485470116138458
D03P_POS__F672,D03P_POS,multi,2,0,0,2,2,True,0,0.6982600390911102
D03P_POS__F673,D03P_POS,multi,2,0,0,2,2,True,0,0.9311491847038269
D03P_POS__F674,D03P_POS,multi,2,0,0,2,2,True,0,0.9547715783119202
D03P_POS__F675,D03P_POS,multi,2,0,0,2,2,True,0,0.9371944665908813
D03P_POS__F679,D03P_POS,multi,4,0,0,4,4,True,0,0.912587583065033
D03P_POS__F680,D03P_POS,multi,3,0,1,4,3,False,1,0.9311018387476603
D03P_POS__F691,D03P_POS,multi,2,0,0,2,2,True,0,0.8791263699531555
D03P_POS__F692,D03P_POS,multi,2,0,0,2,2,True,0,0.9395826458930969
D03P_POS__F693,D03P_POS,multi,2,0,0,2,2,True,0,0.9331466257572174
D03P_POS__F694,D03P_POS,single,1,0,0,1,1,True,0,0.9482300281524658
D03P_POS__F695,D03P_POS,multi,1,0,1,2,1,False,1,0.8816073536872864
D03P_POS__F7,D03P_POS,empty,0,0,0,0,0,True,0,0.0
D03P_POS__F701,D03P_POS,multi,2,0,0,2,2,True,0,0.8536762893199921
D03P_POS__F702,D03P_POS,multi,1,0,2,3,1,False,2,0.6585138440132141
D03P_POS__F705,D03P_POS,multi,5,0,0,5,5,True,0,0.8548534512519836
D03P_POS__F706,D03P_POS,multi,3,0,0,3,3,True,0,0.8329763015111288
D03P_POS__F707,D03P_POS,multi,3,0,1,4,3,False,1,0.894984225432078
D03P_POS__F709,D03P_POS,multi,5,0,0,5,5,True,0,0.8365949988365173
D03P_POS__F712,D03P_POS,multi,2,0,0,2,2,True,0,0.9272871613502502
D03P_POS__F714,D03P_POS,multi,3,2,1,4,5,False,1,0.8133658568064371
D03P_POS__F715,D03P_POS,multi,3,1,1,4,4,True,0,0.9518166184425354
D03P_POS__F719,D03P_POS,single,1,0,0,1,1,True,0,0.7716532349586487
D03P_POS__F72,D03P_POS,single,1,0,0,1,1,True,0,0.8845255374908447
D03P_POS__F721,D03P_POS,single,1,0,0,1,1,True,0,0.9284411072731018
D03P_POS__F723,D03P_POS,multi,1,0,1,2,1,False,1,0.8677277565002441
D03P_POS__F724,D03P_POS,single,1,0,0,1,1,True,0,0.9331396222114563
D03P_POS__F725,D03P_POS,multi,2,0,0,2,2,True,0,0.9449130594730377
D03P_POS__F728,D03P_POS,multi,2,1,1,3,3,True,0,0.8367201685905457
D03P_POS__F73,D03P_POS,multi,2,0,0,2,2,True,0,0.889569878578186
D03P_POS__F735,D03P_POS,multi,2,0,0,2,2,True,0,0.860783576965332
D03P_POS__F736,D03P_POS,multi,1,0,1,2,1,False,1,0.9104849696159363
D03P_POS__F737,D03P_POS,multi,3,0,0,3,3,True,0,0.9211233258247375
D03P_POS__F738,D03P_POS,multi,4,0,0,4,4,True,0,0.9033546298742294
D03P_POS__F739,D03P_POS,multi,3,0,2,5,3,False,2,0.9336058100064596
D03P_POS__F740,D03P_POS,multi,4,0,1,5,4,False,1,0.9146692454814911
D03P_POS__F742,D03P_POS,multi,2,0,0,2,2,True,0,0.8864764273166656
D03P_POS__F747,D03P_POS,single,1,0,0,1,1,True,0,0.9357777833938599
D03P_POS__F751,D03P_POS,multi,3,0,0,3,3,True,0,0.6791584690411886
D03P_POS__F753,D03P_POS,multi,2,0,0,2,2,True,0,0.8445401191711426
D03P_POS__F755,D03P_POS,multi,4,0,1,5,4,False,1,0.8921230435371399
D03P_POS__F756,D03P_POS,multi,4,1,1,5,5,True,0,0.9313382804393768
D03P_POS__F758,D03P_POS,multi,3,0,0,3,3,True,0,0.9574920535087585
D03P_POS__F763,D03P_POS,multi,2,0,1,3,2,False,1,0.7890559136867523
D03P_POS__F765,D03P_POS,multi,2,0,1,3,2,False,1,0.8339782953262329
D03P_POS__F766,D03P_POS,multi,3,0,0,3,3,True,0,0.7735251386960348
D03P_POS__F768,D03P_POS,single,1,0,0,1,1,True,0,0.736249566078186
D03P_POS__F771,D03P_POS,multi,2,0,0,2,2,True,0,0.9306061267852783
D03P_POS__F779,D03P_POS,single,1,0,0,1,1,True,0,0.8401233553886414
D03P_POS__F78,D03P_POS,single,0,1,1,1,1,True,0,0.0
D03P_POS__F783,D03P_POS,multi,3,1,0,3,4,False,1,0.8715351025263468
D03P_POS__F784,D03P_POS,multi,3,0,0,3,3,True,0,0.9378193219502767
D03P_POS__F786,D03P_POS,single,1,0,0,1,1,True,0,0.8029507994651794
D03P_POS__F789,D03P_POS,multi,2,0,0,2,2,True,0,0.9196199178695679
D03P_POS__F793,D03P_POS,single,1,0,0,1,1,True,0,0.9242432117462158
D03P_POS__F799,D03P_POS,multi,2,0,1,3,2,False,1,0.8182860612869263
D03P_POS__F80,D03P_POS,multi,2,0,0,2,2,True,0,0.8645853102207184
D03P_POS__F803,D03P_POS,multi,2,0,0,2,2,True,0,0.892696887254715
D03P_POS__F808,D03P_POS,multi,2,0,0,2,2,True,0,0.8637679815292358
D03P_POS__F81,D03P_POS,multi,2,0,0,2,2,True,0,0.8776356875896454
D03P_POS__F811,D03P_POS,multi,2,0,1,3,2,False,1,0.937944233417511
D03P_POS__F812,D03P_POS,multi,2,0,0,2,2,True,0,0.6859228312969208
D03P_POS__F814,D03P_POS,multi,2,0,1,3,2,False,1,0.806831955909729
D03P_POS__F82,D03P_POS,empty,0,0,0,0,0,True,0,0.0
D03P_POS__F820,D03P_POS,multi,2,0,0,2,2,True,0,0.92752406001091
D03P_POS__F821,D03P_POS,multi,2,0,2,4,2,False,2,0.8275613486766815
D03P_POS__F824,D03P_POS,multi,2,0,0,2,2,True,0,0.8594745993614197
D03P_POS__F826,D03P_POS,multi,2,0,1,3,2,False,1,0.9398499727249146
D03P_POS__F827,D03P_POS,multi,2,0,1,3,2,False,1,0.9116717278957367
D03P_POS__F830,D03P_POS,multi,2,0,0,2,2,True,0,0.8542602062225342
D03P_POS__F833,D03P_POS,multi,3,0,0,3,3,True,0,0.932796041170756
D03P_POS__F840,D03P_POS,multi,3,0,2,5,3,False,2,0.847538431485494
D03P_POS__F842,D03P_POS,multi,2,0,0,2,2,True,0,0.8914795517921448
D03P_POS__F844,D03P_POS,multi,3,0,2,5,3,False,2,0.889767567316691
D03P_POS__F847,D03P_POS,multi,3,0,1,4,3,False,1,0.7919040322303772
D03P_POS__F849,D03P_POS,multi,2,0,0,2,2,True,0,0.8467057645320892
D03P_POS__F85,D03P_POS,single,1,0,0,1,1,True,0,0.7718676328659058
D03P_POS__F851,D03P_POS,multi,3,0,0,3,3,True,0,0.8767172495524088
D03P_POS__F856,D03P_POS,multi,2,0,0,2,2,True,0,0.8933291733264923
D03P_POS__F858,D03P_POS,multi,2,0,0,2,2,True,0,0.8724460899829865
D03P_POS__F859,D03P_POS,multi,2,0,0,2,2,True,0,0.9219169318675995
D03P_POS__F866,D03P_POS,multi,2,0,1,3,2,False,1,0.7899907827377319
D03P_POS__F869,D03P_POS,multi,4,0,0,4,4,True,0,0.8900064677000046
D03P_POS__F870,D03P_POS,multi,4,0,0,4,4,True,0,0.9156508445739746
D03P_POS__F875,D03P_POS,single,1,0,0,1,1,True,0,0.9546906352043152
D03P_POS__F876,D03P_POS,single,1,0,0,1,1,True,0,0.7236177325248718
D03P_POS__F880,D03P_POS,single,1,0,0,1,1,True,0,0.9812877178192139
D03P_POS__F882,D03P_POS,multi,3,0,2,5,3,False,2,0.8998784820238749
D03P_POS__F883,D03P_POS,single,1,0,0,1,1,True,0,0.9692530632019043
D03P_POS__F885,D03P_POS,multi,3,0,0,3,3,True,0,0.8458158175150553
D03P_POS__F886,D03P_POS,multi,1,0,1,2,1,False,1,0.9725823998451233
D03P_POS__F888,D03P_POS,single,1,0,0,1,1,True,0,0.8314634561538696
D03P_POS__F889,D03P_POS,multi,5,0,0,5,5,True,0,0.856773853302002
D03P_POS__F89,D03P_POS,multi,2,0,0,2,2,True,0,0.8731108903884888
D03P_POS__F899,D03P_POS,multi,2,1,0,2,3,False,1,0.8998380303382874
D03P_POS__F900,D03P_POS,single,1,0,0,1,1,True,0,0.9151145815849304
D03P_POS__F901,D03P_POS,multi,3,0,1,4,3,False,1,0.9007472197214762
D03P_POS__F907,D03P_POS,multi,4,0,0,4,4,True,0,0.8822089582681656
D03P_POS__F908,D03P_POS,multi,3,0,0,3,3,True,0,0.9168359438578287
D03P_POS__F91,D03P_POS,multi,3,0,0,3,3,True,0,0.8593654235204061
D03P_POS__F910,D03P_POS,multi,2,0,0,2,2,True,0,0.9218873083591461
D03P_POS__F911,D03P_POS,single,1,0,0,1,1,True,0,0.978564977645874
D03P_POS__F915,D03P_POS,multi,4,1,0,4,5,False,1,0.8479274362325668
D03P_POS__F916,D03P_POS,single,1,3,0,1,4,False,3,0.9388089179992676
D03P_POS__F922,D03P_POS,multi,2,0,0,2,2,True,0,0.9065181910991669
D03P_POS__F925,D03P_POS,multi,2,0,1,3,2,False,1,0.9151289463043213
D03P_POS__F93,D03P_POS,empty,0,0,0,0,0,True,0,0.0
D03P_POS__F931,D03P_POS,multi,2,0,1,3,2,False,1,0.8018712401390076
D03P_POS__F932,D03P_POS,multi,4,0,2,6,4,False,2,0.9195889979600906
D03P_POS__F933,D03P_POS,single,1,0,0,1,1,True,0,0.8951060175895691
D03P_POS__F934,D03P_POS,multi,2,0,0,2,2,True,0,0.9550337195396423
D03P_POS__F938,D03P_POS,multi,4,1,0,4,5,False,1,0.8043174892663956
D03P_POS__F940,D03P_POS,multi,2,0,0,2,2,True,0,0.8636778295040131
D03P_POS__F942,D03P_POS,multi,3,0,0,3,3,True,0,0.7114485502243042
D03P_POS__F945,D03P_POS,single,0,2,1,1,2,False,1,0.0
D03P_POS__F948,D03P_POS,multi,2,0,2,4,2,False,2,0.7834860682487488
D03P_POS__F95,D03P_POS,empty,0,0,0,0,0,True,0,0.0
D03P_POS__F950,D03P_POS,multi,2,0,0,2,2,True,0,0.873225748538971
D03P_POS__F959,D03P_POS,multi,2,0,0,2,2,True,0,0.8498656749725342
D03P_POS__F964,D03P_POS,multi,2,0,0,2,2,True,0,0.8667031824588776
D03P_POS__F965,D03P_POS,multi,3,0,0,3,3,True,0,0.9171530405680338
D03P_POS__F968,D03P_POS,multi,2,0,2,4,2,False,2,0.7586882710456848
D03P_POS__F969,D03P_POS,multi,2,0,0,2,2,True,0,0.9561019837856293
D03P_POS__F970,D03P_POS,multi,3,0,0,3,3,True,0,0.7695274154345194
D03P_POS__F975,D03P_POS,multi,2,0,1,3,2,False,1,0.9314061999320984
D03P_POS__F977,D03P_POS,multi,3,1,0,3,4,False,1,0.7733996510505676
D03P_POS__F978,D03P_POS,multi,1,0,1,2,1,False,1,0.8803272247314453
D03P_POS__F979,D03P_POS,single,1,0,0,1,1,True,0,0.9689406156539917
D03P_POS__F980,D03P_POS,single,1,0,0,1,1,True,0,0.9363811016082764
D03P_POS__F984,D03P_POS,single,1,0,0,1,1,True,0,0.9021444916725159
D03P_POS__F985,D03P_POS,single,1,0,0,1,1,True,0,0.9023805260658264
D03P_POS__F987,D03P_POS,single,1,0,0,1,1,True,0,0.9873849749565125
D03P_POS__F989,D03P_POS,multi,2,0,0,2,2,True,0,0.8878180980682373
D03P_POS__F994,D03P_POS,multi,2,0,0,2,2,True,0,0.8650391399860382
D03P_POS__F995,D03P_POS,multi,2,0,0,2,2,True,0,0.8779035806655884
NIST_Full scan_1_POS__F10005,NIST_Full scan_1_POS,single,1,0,0,1,1,True,0,0.9169135093688965
NIST_Full scan_1_POS__F10010,NIST_Full scan_1_POS,single,1,0,0,1,1,True,0,0.9013511538505554
NIST_Full scan_1_POS__F10011,NIST_Full scan_1_POS,single,1,0,0,1,1,True,0,0.8405078649520874
NIST_Full scan_1_POS__F10021,NIST_Full scan_1_POS,single,0,0,1,1,0,False,1,0.0
NIST_Full scan_1_POS__F10024,NIST_Full scan_1_POS,single,1,0,0,1,1,True,0,0.9070658087730408
NIST_Full scan_1_POS__F10038,NIST_Full scan_1_POS,single,1,0,0,1,1,True,0,0.9180802702903748
NIST_Full scan_1_POS__F10065,NIST_Full scan_1_POS,single,1,0,0,1,1,True,0,0.9211745262145996
NIST_Full scan_1_POS__F10075,NIST_Full scan_1_POS,empty,0,0,0,0,0,True,0,0.0
NIST_Full scan_1_POS__F10085,NIST_Full scan_1_POS,single,1,0,0,1,1,True,0,0.8803622722625732
NIST_Full scan_1_POS__F10086,NIST_Full scan_1_POS,single,1,0,0,1,1,True,0,0.7588810324668884
NIST_Full scan_1_POS__F10094,NIST_Full scan_1_POS,single,1,1,0,1,2,False,1,0.9505907893180847
NIST_Full scan_1_POS__F10099,NIST_Full scan_1_POS,empty,0,0,0,0,0,True,0,0.0
NIST_Full scan_1_POS__F10132,NIST_Full scan_1_POS,single,1,0,0,1,1,True,0,0.886711835861206
NIST_Full scan_1_POS__F10152,NIST_Full scan_1_POS,single,1,0,0,1,1,True,0,0.916219174861908
NIST_Full scan_1_POS__F102,NIST_Full scan_1_POS,empty,0,0,0,0,0,True,0,0.0
NIST_Full scan_1_POS__F10219,NIST_Full scan_1_POS,empty,0,0,0,0,0,True,0,0.0
NIST_Full scan_1_POS__F10230,NIST_Full scan_1_POS,single,1,0,0,1,1,True,0,0.9208654165267944
NIST_Full scan_1_POS__F10235,NIST_Full scan_1_POS,single,1,0,0,1,1,True,0,0.8629536032676697
NIST_Full scan_1_POS__F10255,NIST_Full scan_1_POS,single,1,0,0,1,1,True,0,0.9670197367668152
NIST_Full scan_1_POS__F10275,NIST_Full scan_1_POS,single,1,0,0,1,1,True,0,0.95838463306427
NIST_Full scan_1_POS__F10310,NIST_Full scan_1_POS,single,1,0,0,1,1,True,0,0.8863648772239685
NIST_Full scan_1_POS__F10346,NIST_Full scan_1_POS,single,1,0,0,1,1,True,0,0.5967610478401184
NIST_Full scan_1_POS__F10413,NIST_Full scan_1_POS,single,1,0,0,1,1,True,0,0.8950546383857727
NIST_Full scan_1_POS__F1042,NIST_Full scan_1_POS,empty,0,0,0,0,0,True,0,0.0
NIST_Full scan_1_POS__F10450,NIST_Full scan_1_POS,multi,2,0,1,3,2,False,1,0.9241762161254883
NIST_Full scan_1_POS__F10479,NIST_Full scan_1_POS,single,1,0,0,1,1,True,0,0.930977463722229
NIST_Full scan_1_POS__F10526,NIST_Full scan_1_POS,multi,2,0,0,2,2,True,0,0.9385401010513306
NIST_Full scan_1_POS__F10564,NIST_Full scan_1_POS,single,1,0,0,1,1,True,0,0.7942041158676147
NIST_Full scan_1_POS__F10569,NIST_Full scan_1_POS,single,1,0,0,1,1,True,0,0.8193442821502686
NIST_Full scan_1_POS__F10583,NIST_Full scan_1_POS,single,1,0,0,1,1,True,0,0.9036609530448914
NIST_Full scan_1_POS__F10600,NIST_Full scan_1_POS,multi,2,1,0,2,3,False,1,0.6750361025333405
NIST_Full scan_1_POS__F10625,NIST_Full scan_1_POS,multi,2,0,0,2,2,True,0,0.8033745288848877
NIST_Full scan_1_POS__F10635,NIST_Full scan_1_POS,multi,2,0,0,2,2,True,0,0.9140681326389313
NIST_Full scan_1_POS__F10660,NIST_Full scan_1_POS,multi,2,1,0,2,3,False,1,0.8111764192581177
NIST_Full scan_1_POS__F10665,NIST_Full scan_1_POS,multi,2,0,1,3,2,False,1,0.8861446678638458
NIST_Full scan_1_POS__F10668,NIST_Full scan_1_POS,multi,2,0,0,2,2,True,0,0.8735107183456421
NIST_Full scan_1_POS__F10672,NIST_Full scan_1_POS,multi,2,0,0,2,2,True,0,0.9057388007640839
NIST_Full scan_1_POS__F10673,NIST_Full scan_1_POS,multi,1,0,1,2,1,False,1,0.8072174191474915
NIST_Full scan_1_POS__F1069,NIST_Full scan_1_POS,empty,0,0,0,0,0,True,0,0.0
NIST_Full scan_1_POS__F10726,NIST_Full scan_1_POS,single,1,0,0,1,1,True,0,0.709142804145813
NIST_Full scan_1_POS__F10765,NIST_Full scan_1_POS,multi,2,0,0,2,2,True,0,0.8733752965927124
NIST_Full scan_1_POS__F10767,NIST_Full scan_1_POS,multi,3,0,0,3,3,True,0,0.9359645247459412
NIST_Full scan_1_POS__F10772,NIST_Full scan_1_POS,multi,2,0,0,2,2,True,0,0.8192657828330994
NIST_Full scan_1_POS__F10794,NIST_Full scan_1_POS,single,1,0,0,1,1,True,0,0.8515571355819702
NIST_Full scan_1_POS__F10798,NIST_Full scan_1_POS,single,1,0,0,1,1,True,0,0.9019774794578552
NIST_Full scan_1_POS__F108,NIST_Full scan_1_POS,empty,0,0,0,0,0,True,0,0.0
NIST_Full scan_1_POS__F10822,NIST_Full scan_1_POS,single,1,0,0,1,1,True,0,0.8509615659713745
NIST_Full scan_1_POS__F10834,NIST_Full scan_1_POS,multi,2,0,0,2,2,True,0,0.8978245854377747
NIST_Full scan_1_POS__F10844,NIST_Full scan_1_POS,multi,2,0,0,2,2,True,0,0.9070879817008972
NIST_Full scan_1_POS__F1085,NIST_Full scan_1_POS,empty,0,0,0,0,0,True,0,0.0
NIST_Full scan_1_POS__F10858,NIST_Full scan_1_POS,single,1,0,0,1,1,True,0,0.863572359085083
NIST_Full scan_1_POS__F10904,NIST_Full scan_1_POS,single,1,2,0,1,3,False,2,0.6761378645896912
NIST_Full scan_1_POS__F10929,NIST_Full scan_1_POS,single,1,0,0,1,1,True,0,0.8355423212051392
NIST_Full scan_1_POS__F10934,NIST_Full scan_1_POS,single,1,1,0,1,2,False,1,0.8276818990707397
NIST_Full scan_1_POS__F10952,NIST_Full scan_1_POS,multi,2,0,0,2,2,True,0,0.8531265556812286
NIST_Full scan_1_POS__F10959,NIST_Full scan_1_POS,single,1,0,0,1,1,True,0,0.9339252710342407
NIST_Full scan_1_POS__F1114,NIST_Full scan_1_POS,empty,0,0,0,0,0,True,0,0.0
NIST_Full scan_1_POS__F1119,NIST_Full scan_1_POS,single,1,0,0,1,1,True,0,0.8309847712516785
NIST_Full scan_1_POS__F1122,NIST_Full scan_1_POS,single,1,0,0,1,1,True,0,0.9248198866844177
NIST_Full scan_1_POS__F1124,NIST_Full scan_1_POS,empty,0,0,0,0,0,True,0,0.0
NIST_Full scan_1_POS__F1146,NIST_Full scan_1_POS,empty,0,0,0,0,0,True,0,0.0
NIST_Full scan_1_POS__F1179,NIST_Full scan_1_POS,empty,0,0,0,0,0,True,0,0.0
NIST_Full scan_1_POS__F1181,NIST_Full scan_1_POS,empty,0,0,0,0,0,True,0,0.0
NIST_Full scan_1_POS__F1184,NIST_Full scan_1_POS,empty,0,0,0,0,0,True,0,0.0
NIST_Full scan_1_POS__F1202,NIST_Full scan_1_POS,empty,0,0,0,0,0,True,0,0.0
NIST_Full scan_1_POS__F1214,NIST_Full scan_1_POS,empty,0,0,0,0,0,True,0,0.0
NIST_Full scan_1_POS__F1282,NIST_Full scan_1_POS,empty,0,0,0,0,0,True,0,0.0
NIST_Full scan_1_POS__F1285,NIST_Full scan_1_POS,empty,0,0,0,0,0,True,0,0.0
NIST_Full scan_1_POS__F1286,NIST_Full scan_1_POS,empty,0,0,0,0,0,True,0,0.0
NIST_Full scan_1_POS__F1351,NIST_Full scan_1_POS,empty,0,0,0,0,0,True,0,0.0
NIST_Full scan_1_POS__F136,NIST_Full scan_1_POS,empty,0,0,0,0,0,True,0,0.0
NIST_Full scan_1_POS__F1407,NIST_Full scan_1_POS,empty,0,0,0,0,0,True,0,0.0
NIST_Full scan_1_POS__F1414,NIST_Full scan_1_POS,empty,0,0,0,0,0,True,0,0.0
NIST_Full scan_1_POS__F1433,NIST_Full scan_1_POS,empty,0,0,0,0,0,True,0,0.0
NIST_Full scan_1_POS__F1455,NIST_Full scan_1_POS,empty,0,0,0,0,0,True,0,0.0
NIST_Full scan_1_POS__F1473,NIST_Full scan_1_POS,multi,1,0,1,2,1,False,1,0.7407770156860352
NIST_Full scan_1_POS__F1495,NIST_Full scan_1_POS,empty,0,0,0,0,0,True,0,0.0
NIST_Full scan_1_POS__F15,NIST_Full scan_1_POS,multi,2,0,1,3,2,False,1,0.799086719751358
NIST_Full scan_1_POS__F1517,NIST_Full scan_1_POS,empty,0,0,0,0,0,True,0,0.0
NIST_Full scan_1_POS__F1524,NIST_Full scan_1_POS,multi,3,0,1,4,3,False,1,0.8835442860921224
NIST_Full scan_1_POS__F1577,NIST_Full scan_1_POS,empty,0,0,0,0,0,True,0,0.0
NIST_Full scan_1_POS__F1580,NIST_Full scan_1_POS,empty,0,2,0,0,2,False,2,0.0
NIST_Full scan_1_POS__F1598,NIST_Full scan_1_POS,empty,0,0,0,0,0,True,0,0.0
NIST_Full scan_1_POS__F1635,NIST_Full scan_1_POS,single,1,0,0,1,1,True,0,0.90989089012146
NIST_Full scan_1_POS__F1651,NIST_Full scan_1_POS,empty,0,0,0,0,0,True,0,0.0
NIST_Full scan_1_POS__F1663,NIST_Full scan_1_POS,empty,0,0,0,0,0,True,0,0.0
NIST_Full scan_1_POS__F1670,NIST_Full scan_1_POS,empty,0,0,0,0,0,True,0,0.0
NIST_Full scan_1_POS__F1684,NIST_Full scan_1_POS,multi,2,1,0,2,3,False,1,0.8327591121196747
NIST_Full scan_1_POS__F1689,NIST_Full scan_1_POS,empty,0,0,0,0,0,True,0,0.0
NIST_Full scan_1_POS__F1692,NIST_Full scan_1_POS,single,0,0,1,1,0,False,1,0.0
NIST_Full scan_1_POS__F1714,NIST_Full scan_1_POS,empty,0,0,0,0,0,True,0,0.0
NIST_Full scan_1_POS__F1719,NIST_Full scan_1_POS,empty,0,0,0,0,0,True,0,0.0
NIST_Full scan_1_POS__F174,NIST_Full scan_1_POS,empty,0,0,0,0,0,True,0,0.0
NIST_Full scan_1_POS__F1747,NIST_Full scan_1_POS,single,1,0,0,1,1,True,0,0.8742454051971436
NIST_Full scan_1_POS__F1769,NIST_Full scan_1_POS,empty,0,0,0,0,0,True,0,0.0
NIST_Full scan_1_POS__F1845,NIST_Full scan_1_POS,empty,0,0,0,0,0,True,0,0.0
NIST_Full scan_1_POS__F1865,NIST_Full scan_1_POS,empty,0,0,0,0,0,True,0,0.0
NIST_Full scan_1_POS__F1884,NIST_Full scan_1_POS,empty,0,0,0,0,0,True,0,0.0
NIST_Full scan_1_POS__F1897,NIST_Full scan_1_POS,empty,0,0,0,0,0,True,0,0.0
NIST_Full scan_1_POS__F1936,NIST_Full scan_1_POS,empty,0,0,0,0,0,True,0,0.0
NIST_Full scan_1_POS__F1942,NIST_Full scan_1_POS,empty,0,0,0,0,0,True,0,0.0
NIST_Full scan_1_POS__F1965,NIST_Full scan_1_POS,multi,3,0,1,4,3,False,1,0.9411307772000631
NIST_Full scan_1_POS__F2019,NIST_Full scan_1_POS,multi,2,1,0,2,3,False,1,0.9125058948993683
NIST_Full scan_1_POS__F2031,NIST_Full scan_1_POS,empty,0,0,0,0,0,True,0,0.0
NIST_Full scan_1_POS__F2040,NIST_Full scan_1_POS,empty,0,0,0,0,0,True,0,0.0
NIST_Full scan_1_POS__F2108,NIST_Full scan_1_POS,multi,2,1,0,2,3,False,1,0.8153346478939056
NIST_Full scan_1_POS__F2120,NIST_Full scan_1_POS,empty,0,0,0,0,0,True,0,0.0
NIST_Full scan_1_POS__F2125,NIST_Full scan_1_POS,single,1,0,0,1,1,True,0,0.8899499177932739
NIST_Full scan_1_POS__F215,NIST_Full scan_1_POS,empty,0,0,0,0,0,True,0,0.0
NIST_Full scan_1_POS__F2151,NIST_Full scan_1_POS,single,1,1,0,1,2,False,1,0.8908860087394714
NIST_Full scan_1_POS__F2158,NIST_Full scan_1_POS,empty,0,0,0,0,0,True,0,0.0
NIST_Full scan_1_POS__F2184,NIST_Full scan_1_POS,single,1,0,0,1,1,True,0,0.8842733502388
NIST_Full scan_1_POS__F2185,NIST_Full scan_1_POS,single,1,0,0,1,1,True,0,0.8357798457145691
NIST_Full scan_1_POS__F2211,NIST_Full scan_1_POS,empty,0,0,0,0,0,True,0,0.0
NIST_Full scan_1_POS__F2222,NIST_Full scan_1_POS,empty,0,0,0,0,0,True,0,0.0
NIST_Full scan_1_POS__F2233,NIST_Full scan_1_POS,empty,0,0,0,0,0,True,0,0.0
NIST_Full scan_1_POS__F2250,NIST_Full scan_1_POS,empty,0,0,0,0,0,True,0,0.0
NIST_Full scan_1_POS__F2255,NIST_Full scan_1_POS,empty,0,0,0,0,0,True,0,0.0
NIST_Full scan_1_POS__F2302,NIST_Full scan_1_POS,empty,0,0,0,0,0,True,0,0.0
NIST_Full scan_1_POS__F2345,NIST_Full scan_1_POS,empty,0,0,0,0,0,True,0,0.0
NIST_Full scan_1_POS__F2352,NIST_Full scan_1_POS,single,1,0,0,1,1,True,0,0.8037460446357727
NIST_Full scan_1_POS__F2393,NIST_Full scan_1_POS,empty,0,0,0,0,0,True,0,0.0
NIST_Full scan_1_POS__F2418,NIST_Full scan_1_POS,empty,0,0,0,0,0,True,0,0.0
NIST_Full scan_1_POS__F2456,NIST_Full scan_1_POS,single,1,0,0,1,1,True,0,0.9428898692131042
NIST_Full scan_1_POS__F2459,NIST_Full scan_1_POS,single,1,0,0,1,1,True,0,0.5739660859107971
NIST_Full scan_1_POS__F2466,NIST_Full scan_1_POS,multi,3,0,0,3,3,True,0,0.8069048325220743
NIST_Full scan_1_POS__F2486,NIST_Full scan_1_POS,empty,0,0,0,0,0,True,0,0.0
NIST_Full scan_1_POS__F252,NIST_Full scan_1_POS,empty,0,0,0,0,0,True,0,0.0
NIST_Full scan_1_POS__F2589,NIST_Full scan_1_POS,empty,0,0,0,0,0,True,0,0.0
NIST_Full scan_1_POS__F2596,NIST_Full scan_1_POS,single,1,0,0,1,1,True,0,0.9423375129699707
NIST_Full scan_1_POS__F260,NIST_Full scan_1_POS,empty,0,0,0,0,0,True,0,0.0
NIST_Full scan_1_POS__F2615,NIST_Full scan_1_POS,empty,0,0,0,0,0,True,0,0.0
NIST_Full scan_1_POS__F2628,NIST_Full scan_1_POS,single,1,0,0,1,1,True,0,0.895510196685791
NIST_Full scan_1_POS__F2685,NIST_Full scan_1_POS,empty,0,0,0,0,0,True,0,0.0
NIST_Full scan_1_POS__F2692,NIST_Full scan_1_POS,empty,0,0,0,0,0,True,0,0.0
NIST_Full scan_1_POS__F2715,NIST_Full scan_1_POS,single,0,2,1,1,2,False,1,0.0
NIST_Full scan_1_POS__F2754,NIST_Full scan_1_POS,empty,0,0,0,0,0,True,0,0.0
NIST_Full scan_1_POS__F2763,NIST_Full scan_1_POS,empty,0,0,0,0,0,True,0,0.0
NIST_Full scan_1_POS__F2803,NIST_Full scan_1_POS,empty,0,0,0,0,0,True,0,0.0
NIST_Full scan_1_POS__F2817,NIST_Full scan_1_POS,empty,0,0,0,0,0,True,0,0.0
NIST_Full scan_1_POS__F2827,NIST_Full scan_1_POS,empty,0,0,0,0,0,True,0,0.0
NIST_Full scan_1_POS__F2849,NIST_Full scan_1_POS,empty,0,0,0,0,0,True,0,0.0
NIST_Full scan_1_POS__F2877,NIST_Full scan_1_POS,empty,0,0,0,0,0,True,0,0.0
NIST_Full scan_1_POS__F2910,NIST_Full scan_1_POS,single,1,0,0,1,1,True,0,0.9715930223464966
NIST_Full scan_1_POS__F292,NIST_Full scan_1_POS,empty,0,0,0,0,0,True,0,0.0
NIST_Full scan_1_POS__F2953,NIST_Full scan_1_POS,empty,0,0,0,0,0,True,0,0.0
NIST_Full scan_1_POS__F2955,NIST_Full scan_1_POS,empty,0,0,0,0,0,True,0,0.0
NIST_Full scan_1_POS__F2964,NIST_Full scan_1_POS,single,1,0,0,1,1,True,0,0.8596384525299072
NIST_Full scan_1_POS__F2975,NIST_Full scan_1_POS,empty,0,0,0,0,0,True,0,0.0
NIST_Full scan_1_POS__F3004,NIST_Full scan_1_POS,single,1,0,0,1,1,True,0,0.952884316444397
NIST_Full scan_1_POS__F3013,NIST_Full scan_1_POS,empty,0,1,0,0,1,False,1,0.0
NIST_Full scan_1_POS__F3018,NIST_Full scan_1_POS,empty,0,0,0,0,0,True,0,0.0
NIST_Full scan_1_POS__F3035,NIST_Full scan_1_POS,empty,0,0,0,0,0,True,0,0.0
NIST_Full scan_1_POS__F3039,NIST_Full scan_1_POS,empty,0,0,0,0,0,True,0,0.0
NIST_Full scan_1_POS__F304,NIST_Full scan_1_POS,empty,0,0,0,0,0,True,0,0.0
NIST_Full scan_1_POS__F3044,NIST_Full scan_1_POS,empty,0,0,0,0,0,True,0,0.0
NIST_Full scan_1_POS__F3048,NIST_Full scan_1_POS,empty,0,0,0,0,0,True,0,0.0
NIST_Full scan_1_POS__F305,NIST_Full scan_1_POS,empty,0,0,0,0,0,True,0,0.0
NIST_Full scan_1_POS__F3064,NIST_Full scan_1_POS,empty,0,0,0,0,0,True,0,0.0
NIST_Full scan_1_POS__F3080,NIST_Full scan_1_POS,empty,0,0,0,0,0,True,0,0.0
NIST_Full scan_1_POS__F312,NIST_Full scan_1_POS,empty,0,0,0,0,0,True,0,0.0
NIST_Full scan_1_POS__F3133,NIST_Full scan_1_POS,empty,0,1,0,0,1,False,1,0.0
NIST_Full scan_1_POS__F3149,NIST_Full scan_1_POS,empty,0,0,0,0,0,True,0,0.0
NIST_Full scan_1_POS__F3275,NIST_Full scan_1_POS,empty,0,0,0,0,0,True,0,0.0
NIST_Full scan_1_POS__F3285,NIST_Full scan_1_POS,empty,0,0,0,0,0,True,0,0.0
NIST_Full scan_1_POS__F3288,NIST_Full scan_1_POS,empty,0,0,0,0,0,True,0,0.0
NIST_Full scan_1_POS__F331,NIST_Full scan_1_POS,empty,0,0,0,0,0,True,0,0.0
NIST_Full scan_1_POS__F3313,NIST_Full scan_1_POS,empty,0,0,0,0,0,True,0,0.0
NIST_Full scan_1_POS__F3326,NIST_Full scan_1_POS,empty,0,0,0,0,0,True,0,0.0
NIST_Full scan_1_POS__F3380,NIST_Full scan_1_POS,empty,0,0,0,0,0,True,0,0.0
NIST_Full scan_1_POS__F3400,NIST_Full scan_1_POS,empty,0,0,0,0,0,True,0,0.0
NIST_Full scan_1_POS__F3405,NIST_Full scan_1_POS,empty,0,0,0,0,0,True,0,0.0
NIST_Full scan_1_POS__F3406,NIST_Full scan_1_POS,empty,0,0,0,0,0,True,0,0.0
NIST_Full scan_1_POS__F3456,NIST_Full scan_1_POS,empty,0,0,0,0,0,True,0,0.0
NIST_Full scan_1_POS__F3468,NIST_Full scan_1_POS,empty,0,0,0,0,0,True,0,0.0
NIST_Full scan_1_POS__F347,NIST_Full scan_1_POS,multi,2,0,0,2,2,True,0,0.8678929209709167
NIST_Full scan_1_POS__F3471,NIST_Full scan_1_POS,empty,0,0,0,0,0,True,0,0.0
NIST_Full scan_1_POS__F3545,NIST_Full scan_1_POS,empty,0,0,0,0,0,True,0,0.0
NIST_Full scan_1_POS__F3567,NIST_Full scan_1_POS,empty,0,0,0,0,0,True,0,0.0
NIST_Full scan_1_POS__F361,NIST_Full scan_1_POS,empty,0,0,0,0,0,True,0,0.0
NIST_Full scan_1_POS__F3615,NIST_Full scan_1_POS,empty,0,0,0,0,0,True,0,0.0
NIST_Full scan_1_POS__F3616,NIST_Full scan_1_POS,empty,0,0,0,0,0,True,0,0.0
NIST_Full scan_1_POS__F3622,NIST_Full scan_1_POS,empty,0,0,0,0,0,True,0,0.0
NIST_Full scan_1_POS__F3650,NIST_Full scan_1_POS,empty,0,2,0,0,2,False,2,0.0
NIST_Full scan_1_POS__F3651,NIST_Full scan_1_POS,empty,0,0,0,0,0,True,0,0.0
NIST_Full scan_1_POS__F368,NIST_Full scan_1_POS,empty,0,0,0,0,0,True,0,0.0
NIST_Full scan_1_POS__F3687,NIST_Full scan_1_POS,empty,0,0,0,0,0,True,0,0.0
NIST_Full scan_1_POS__F3694,NIST_Full scan_1_POS,empty,0,0,0,0,0,True,0,0.0
NIST_Full scan_1_POS__F3704,NIST_Full scan_1_POS,empty,0,0,0,0,0,True,0,0.0
NIST_Full scan_1_POS__F3707,NIST_Full scan_1_POS,empty,0,0,0,0,0,True,0,0.0
NIST_Full scan_1_POS__F3729,NIST_Full scan_1_POS,empty,0,0,0,0,0,True,0,0.0
NIST_Full scan_1_POS__F3738,NIST_Full scan_1_POS,single,1,0,0,1,1,True,0,0.7997837066650391
NIST_Full scan_1_POS__F3747,NIST_Full scan_1_POS,single,1,0,0,1,1,True,0,0.8789142370223999
NIST_Full scan_1_POS__F3750,NIST_Full scan_1_POS,empty,0,0,0,0,0,True,0,0.0
NIST_Full scan_1_POS__F3774,NIST_Full scan_1_POS,empty,0,0,0,0,0,True,0,0.0
NIST_Full scan_1_POS__F3838,NIST_Full scan_1_POS,single,1,0,0,1,1,True,0,0.8395837545394897
NIST_Full scan_1_POS__F3885,NIST_Full scan_1_POS,empty,0,0,0,0,0,True,0,0.0
NIST_Full scan_1_POS__F3896,NIST_Full scan_1_POS,empty,0,0,0,0,0,True,0,0.0
NIST_Full scan_1_POS__F3942,NIST_Full scan_1_POS,multi,2,1,0,2,3,False,1,0.7874373197555542
NIST_Full scan_1_POS__F3945,NIST_Full scan_1_POS,single,1,0,0,1,1,True,0,0.8556730151176453
NIST_Full scan_1_POS__F399,NIST_Full scan_1_POS,empty,0,0,0,0,0,True,0,0.0
NIST_Full scan_1_POS__F4,NIST_Full scan_1_POS,empty,0,0,0,0,0,True,0,0.0
NIST_Full scan_1_POS__F40,NIST_Full scan_1_POS,empty,0,0,0,0,0,True,0,0.0
NIST_Full scan_1_POS__F400,NIST_Full scan_1_POS,empty,0,0,0,0,0,True,0,0.0
NIST_Full scan_1_POS__F4025,NIST_Full scan_1_POS,empty,0,0,0,0,0,True,0,0.0
NIST_Full scan_1_POS__F4068,NIST_Full scan_1_POS,empty,0,2,0,0,2,False,2,0.0
NIST_Full scan_1_POS__F4077,NIST_Full scan_1_POS,empty,0,0,0,0,0,True,0,0.0
NIST_Full scan_1_POS__F4084,NIST_Full scan_1_POS,empty,0,0,0,0,0,True,0,0.0
NIST_Full scan_1_POS__F4093,NIST_Full scan_1_POS,empty,0,0,0,0,0,True,0,0.0
NIST_Full scan_1_POS__F4140,NIST_Full scan_1_POS,empty,0,0,0,0,0,True,0,0.0
NIST_Full scan_1_POS__F4163,NIST_Full scan_1_POS,single,1,1,0,1,2,False,1,0.7109318375587463
NIST_Full scan_1_POS__F4166,NIST_Full scan_1_POS,empty,0,0,0,0,0,True,0,0.0
NIST_Full scan_1_POS__F4194,NIST_Full scan_1_POS,multi,2,1,0,2,3,False,1,0.8711790442466736
NIST_Full scan_1_POS__F4247,NIST_Full scan_1_POS,empty,0,0,0,0,0,True,0,0.0
NIST_Full scan_1_POS__F4339,NIST_Full scan_1_POS,multi,2,0,0,2,2,True,0,0.8843104839324951
NIST_Full scan_1_POS__F4342,NIST_Full scan_1_POS,empty,0,0,0,0,0,True,0,0.0
NIST_Full scan_1_POS__F435,NIST_Full scan_1_POS,empty,0,0,0,0,0,True,0,0.0
NIST_Full scan_1_POS__F4353,NIST_Full scan_1_POS,empty,0,0,0,0,0,True,0,0.0
NIST_Full scan_1_POS__F4382,NIST_Full scan_1_POS,single,1,0,0,1,1,True,0,0.8222544193267822
NIST_Full scan_1_POS__F4485,NIST_Full scan_1_POS,empty,0,0,0,0,0,True,0,0.0
NIST_Full scan_1_POS__F4490,NIST_Full scan_1_POS,multi,2,0,0,2,2,True,0,0.8780341744422913
NIST_Full scan_1_POS__F4519,NIST_Full scan_1_POS,empty,0,0,0,0,0,True,0,0.0
NIST_Full scan_1_POS__F4537,NIST_Full scan_1_POS,single,1,0,0,1,1,True,0,0.9133353233337402
NIST_Full scan_1_POS__F4538,NIST_Full scan_1_POS,single,1,0,0,1,1,True,0,0.9690842032432556
NIST_Full scan_1_POS__F4552,NIST_Full scan_1_POS,empty,0,0,0,0,0,True,0,0.0
NIST_Full scan_1_POS__F4575,NIST_Full scan_1_POS,empty,0,0,0,0,0,True,0,0.0
NIST_Full scan_1_POS__F458,NIST_Full scan_1_POS,empty,0,0,0,0,0,True,0,0.0
NIST_Full scan_1_POS__F4583,NIST_Full scan_1_POS,empty,0,0,0,0,0,True,0,0.0
NIST_Full scan_1_POS__F4594,NIST_Full scan_1_POS,empty,0,0,0,0,0,True,0,0.0
NIST_Full scan_1_POS__F4608,NIST_Full scan_1_POS,empty,0,0,0,0,0,True,0,0.0
NIST_Full scan_1_POS__F462,NIST_Full scan_1_POS,empty,0,0,0,0,0,True,0,0.0
NIST_Full scan_1_POS__F4642,NIST_Full scan_1_POS,multi,1,0,1,2,1,False,1,0.9560723900794983
NIST_Full scan_1_POS__F4644,NIST_Full scan_1_POS,empty,0,0,0,0,0,True,0,0.0
NIST_Full scan_1_POS__F4673,NIST_Full scan_1_POS,empty,0,0,0,0,0,True,0,0.0
NIST_Full scan_1_POS__F4695,NIST_Full scan_1_POS,empty,0,0,0,0,0,True,0,0.0
NIST_Full scan_1_POS__F4699,NIST_Full scan_1_POS,empty,0,0,0,0,0,True,0,0.0
NIST_Full scan_1_POS__F470,NIST_Full scan_1_POS,empty,0,0,0,0,0,True,0,0.0
NIST_Full scan_1_POS__F4707,NIST_Full scan_1_POS,single,1,0,0,1,1,True,0,0.9477778077125549
NIST_Full scan_1_POS__F4708,NIST_Full scan_1_POS,single,1,0,0,1,1,True,0,0.8713735938072205
NIST_Full scan_1_POS__F4727,NIST_Full scan_1_POS,single,1,0,0,1,1,True,0,0.9233167767524719
NIST_Full scan_1_POS__F4755,NIST_Full scan_1_POS,empty,0,0,0,0,0,True,0,0.0
NIST_Full scan_1_POS__F4760,NIST_Full scan_1_POS,empty,0,1,0,0,1,False,1,0.0
NIST_Full scan_1_POS__F48,NIST_Full scan_1_POS,empty,0,0,0,0,0,True,0,0.0
NIST_Full scan_1_POS__F4831,NIST_Full scan_1_POS,multi,2,0,0,2,2,True,0,0.9237531423568726
NIST_Full scan_1_POS__F4869,NIST_Full scan_1_POS,single,1,0,0,1,1,True,0,0.9028630256652832
NIST_Full scan_1_POS__F488,NIST_Full scan_1_POS,empty,0,0,0,0,0,True,0,0.0
NIST_Full scan_1_POS__F4880,NIST_Full scan_1_POS,empty,0,0,0,0,0,True,0,0.0
NIST_Full scan_1_POS__F4908,NIST_Full scan_1_POS,empty,0,0,0,0,0,True,0,0.0
NIST_Full scan_1_POS__F4956,NIST_Full scan_1_POS,single,1,0,0,1,1,True,0,0.933982789516449
NIST_Full scan_1_POS__F4990,NIST_Full scan_1_POS,empty,0,0,0,0,0,True,0,0.0
NIST_Full scan_1_POS__F501,NIST_Full scan_1_POS,empty,0,0,0,0,0,True,0,0.0
NIST_Full scan_1_POS__F5010,NIST_Full scan_1_POS,empty,0,0,0,0,0,True,0,0.0
NIST_Full scan_1_POS__F5015,NIST_Full scan_1_POS,multi,2,0,0,2,2,True,0,0.8981150090694427
NIST_Full scan_1_POS__F5021,NIST_Full scan_1_POS,single,1,0,0,1,1,True,0,0.9493355751037598
NIST_Full scan_1_POS__F5027,NIST_Full scan_1_POS,multi,2,0,1,3,2,False,1,0.8829528093338013
NIST_Full scan_1_POS__F5035,NIST_Full scan_1_POS,empty,0,0,0,0,0,True,0,0.0
NIST_Full scan_1_POS__F5063,NIST_Full scan_1_POS,single,1,0,0,1,1,True,0,0.7526063919067383
NIST_Full scan_1_POS__F5099,NIST_Full scan_1_POS,empty,0,0,0,0,0,True,0,0.0
NIST_Full scan_1_POS__F5112,NIST_Full scan_1_POS,empty,0,0,0,0,0,True,0,0.0
NIST_Full scan_1_POS__F5126,NIST_Full scan_1_POS,empty,0,0,0,0,0,True,0,0.0
NIST_Full scan_1_POS__F5170,NIST_Full scan_1_POS,single,1,0,0,1,1,True,0,0.8306021690368652
NIST_Full scan_1_POS__F519,NIST_Full scan_1_POS,single,0,0,1,1,0,False,1,0.0
NIST_Full scan_1_POS__F5258,NIST_Full scan_1_POS,empty,0,0,0,0,0,True,0,0.0
NIST_Full scan_1_POS__F5262,NIST_Full scan_1_POS,empty,0,0,0,0,0,True,0,0.0
NIST_Full scan_1_POS__F5275,NIST_Full scan_1_POS,empty,0,1,0,0,1,False,1,0.0
NIST_Full scan_1_POS__F5280,NIST_Full scan_1_POS,empty,0,0,0,0,0,True,0,0.0
NIST_Full scan_1_POS__F5318,NIST_Full scan_1_POS,single,1,0,0,1,1,True,0,0.9361791610717773
NIST_Full scan_1_POS__F5332,NIST_Full scan_1_POS,empty,0,0,0,0,0,True,0,0.0
NIST_Full scan_1_POS__F5334,NIST_Full scan_1_POS,empty,0,0,0,0,0,True,0,0.0
NIST_Full scan_1_POS__F534,NIST_Full scan_1_POS,empty,0,0,0,0,0,True,0,0.0
NIST_Full scan_1_POS__F5340,NIST_Full scan_1_POS,empty,0,0,0,0,0,True,0,0.0
NIST_Full scan_1_POS__F5345,NIST_Full scan_1_POS,multi,2,0,0,2,2,True,0,0.8697436153888702
NIST_Full scan_1_POS__F5373,NIST_Full scan_1_POS,empty,0,0,0,0,0,True,0,0.0
NIST_Full scan_1_POS__F5404,NIST_Full scan_1_POS,empty,0,0,0,0,0,True,0,0.0
NIST_Full scan_1_POS__F5408,NIST_Full scan_1_POS,single,1,0,0,1,1,True,0,0.6963595747947693
NIST_Full scan_1_POS__F5418,NIST_Full scan_1_POS,empty,0,0,0,0,0,True,0,0.0
NIST_Full scan_1_POS__F544,NIST_Full scan_1_POS,empty,0,0,0,0,0,True,0,0.0
NIST_Full scan_1_POS__F5453,NIST_Full scan_1_POS,single,1,0,0,1,1,True,0,0.9169382452964783
NIST_Full scan_1_POS__F5460,NIST_Full scan_1_POS,single,1,1,0,1,2,False,1,0.5063526630401611
NIST_Full scan_1_POS__F5525,NIST_Full scan_1_POS,empty,0,0,0,0,0,True,0,0.0
NIST_Full scan_1_POS__F5530,NIST_Full scan_1_POS,single,1,0,0,1,1,True,0,0.7254597544670105
NIST_Full scan_1_POS__F5562,NIST_Full scan_1_POS,empty,0,0,0,0,0,True,0,0.0
NIST_Full scan_1_POS__F5564,NIST_Full scan_1_POS,single,1,0,0,1,1,True,0,0.8372293710708618
NIST_Full scan_1_POS__F5602,NIST_Full scan_1_POS,single,1,0,0,1,1,True,0,0.7414124608039856
NIST_Full scan_1_POS__F563,NIST_Full scan_1_POS,empty,0,0,0,0,0,True,0,0.0
NIST_Full scan_1_POS__F5642,NIST_Full scan_1_POS,empty,0,0,0,0,0,True,0,0.0
NIST_Full scan_1_POS__F5652,NIST_Full scan_1_POS,empty,0,0,0,0,0,True,0,0.0
NIST_Full scan_1_POS__F566,NIST_Full scan_1_POS,empty,0,0,0,0,0,True,0,0.0
NIST_Full scan_1_POS__F5663,NIST_Full scan_1_POS,empty,0,0,0,0,0,True,0,0.0
NIST_Full scan_1_POS__F5668,NIST_Full scan_1_POS,single,1,0,0,1,1,True,0,0.8918841481208801
NIST_Full scan_1_POS__F5719,NIST_Full scan_1_POS,empty,0,0,0,0,0,True,0,0.0
NIST_Full scan_1_POS__F5799,NIST_Full scan_1_POS,single,1,0,0,1,1,True,0,0.9027203321456909
NIST_Full scan_1_POS__F5803,NIST_Full scan_1_POS,empty,0,1,0,0,1,False,1,0.0
NIST_Full scan_1_POS__F5821,NIST_Full scan_1_POS,empty,0,0,0,0,0,True,0,0.0
NIST_Full scan_1_POS__F5823,NIST_Full scan_1_POS,single,1,0,0,1,1,True,0,0.8463549017906189
NIST_Full scan_1_POS__F5849,NIST_Full scan_1_POS,multi,2,0,0,2,2,True,0,0.8696916699409485
NIST_Full scan_1_POS__F5899,NIST_Full scan_1_POS,multi,5,1,0,5,6,False,1,0.8735829710960388
NIST_Full scan_1_POS__F5910,NIST_Full scan_1_POS,empty,0,0,0,0,0,True,0,0.0
NIST_Full scan_1_POS__F5917,NIST_Full scan_1_POS,multi,4,0,0,4,4,True,0,0.8910182565450668
NIST_Full scan_1_POS__F5925,NIST_Full scan_1_POS,single,1,0,0,1,1,True,0,0.8327651619911194
NIST_Full scan_1_POS__F593,NIST_Full scan_1_POS,empty,0,0,0,0,0,True,0,0.0
NIST_Full scan_1_POS__F5964,NIST_Full scan_1_POS,multi,1,1,2,3,2,False,1,0.8406427502632141
NIST_Full scan_1_POS__F5969,NIST_Full scan_1_POS,multi,2,0,0,2,2,True,0,0.9219336211681366
NIST_Full scan_1_POS__F5988,NIST_Full scan_1_POS,empty,0,3,0,0,3,False,3,0.0
NIST_Full scan_1_POS__F6014,NIST_Full scan_1_POS,empty,0,0,0,0,0,True,0,0.0
NIST_Full scan_1_POS__F6051,NIST_Full scan_1_POS,multi,1,0,1,2,1,False,1,0.8366848230361938
NIST_Full scan_1_POS__F6062,NIST_Full scan_1_POS,empty,0,0,0,0,0,True,0,0.0
NIST_Full scan_1_POS__F6068,NIST_Full scan_1_POS,empty,0,0,0,0,0,True,0,0.0
NIST_Full scan_1_POS__F6106,NIST_Full scan_1_POS,empty,0,0,0,0,0,True,0,0.0
NIST_Full scan_1_POS__F6139,NIST_Full scan_1_POS,single,1,0,0,1,1,True,0,0.9628829956054688
NIST_Full scan_1_POS__F6189,NIST_Full scan_1_POS,single,1,0,0,1,1,True,0,0.8977594971656799
NIST_Full scan_1_POS__F6201,NIST_Full scan_1_POS,empty,0,0,0,0,0,True,0,0.0
NIST_Full scan_1_POS__F622,NIST_Full scan_1_POS,empty,0,0,0,0,0,True,0,0.0
NIST_Full scan_1_POS__F6226,NIST_Full scan_1_POS,multi,1,0,2,3,1,False,2,0.9851216673851013
NIST_Full scan_1_POS__F6264,NIST_Full scan_1_POS,multi,2,0,1,3,2,False,1,0.9152391850948334
NIST_Full scan_1_POS__F6274,NIST_Full scan_1_POS,single,1,0,0,1,1,True,0,0.9735581278800964
NIST_Full scan_1_POS__F6307,NIST_Full scan_1_POS,single,1,0,0,1,1,True,0,0.9352375268936157
NIST_Full scan_1_POS__F6323,NIST_Full scan_1_POS,empty,0,0,0,0,0,True,0,0.0
NIST_Full scan_1_POS__F6350,NIST_Full scan_1_POS,empty,0,0,0,0,0,True,0,0.0
NIST_Full scan_1_POS__F6352,NIST_Full scan_1_POS,empty,0,0,0,0,0,True,0,0.0
NIST_Full scan_1_POS__F6391,NIST_Full scan_1_POS,single,1,0,0,1,1,True,0,0.9189308881759644
NIST_Full scan_1_POS__F6432,NIST_Full scan_1_POS,empty,0,1,0,0,1,False,1,0.0
NIST_Full scan_1_POS__F6464,NIST_Full scan_1_POS,empty,0,0,0,0,0,True,0,0.0
NIST_Full scan_1_POS__F6465,NIST_Full scan_1_POS,empty,0,0,0,0,0,True,0,0.0
NIST_Full scan_1_POS__F6467,NIST_Full scan_1_POS,empty,0,0,0,0,0,True,0,0.0
NIST_Full scan_1_POS__F6490,NIST_Full scan_1_POS,single,0,0,1,1,0,False,1,0.0
NIST_Full scan_1_POS__F6493,NIST_Full scan_1_POS,empty,0,0,0,0,0,True,0,0.0
NIST_Full scan_1_POS__F6503,NIST_Full scan_1_POS,empty,0,0,0,0,0,True,0,0.0
NIST_Full scan_1_POS__F6508,NIST_Full scan_1_POS,single,1,0,0,1,1,True,0,0.8844076991081238
NIST_Full scan_1_POS__F652,NIST_Full scan_1_POS,empty,0,0,0,0,0,True,0,0.0
NIST_Full scan_1_POS__F6534,NIST_Full scan_1_POS,multi,3,0,0,3,3,True,0,0.8331017891565958
NIST_Full scan_1_POS__F6602,NIST_Full scan_1_POS,empty,0,0,0,0,0,True,0,0.0
NIST_Full scan_1_POS__F6605,NIST_Full scan_1_POS,empty,0,1,0,0,1,False,1,0.0
NIST_Full scan_1_POS__F6650,NIST_Full scan_1_POS,empty,0,0,0,0,0,True,0,0.0
NIST_Full scan_1_POS__F669,NIST_Full scan_1_POS,multi,2,0,0,2,2,True,0,0.8813988566398621
NIST_Full scan_1_POS__F674,NIST_Full scan_1_POS,empty,0,0,0,0,0,True,0,0.0
NIST_Full scan_1_POS__F6743,NIST_Full scan_1_POS,empty,0,0,0,0,0,True,0,0.0
NIST_Full scan_1_POS__F6780,NIST_Full scan_1_POS,single,1,0,0,1,1,True,0,0.8955837488174438
NIST_Full scan_1_POS__F6827,NIST_Full scan_1_POS,multi,1,0,1,2,1,False,1,0.9030921459197998
NIST_Full scan_1_POS__F6833,NIST_Full scan_1_POS,empty,0,0,0,0,0,True,0,0.0
NIST_Full scan_1_POS__F6841,NIST_Full scan_1_POS,empty,0,1,0,0,1,False,1,0.0
NIST_Full scan_1_POS__F6871,NIST_Full scan_1_POS,single,1,0,0,1,1,True,0,0.9395532011985779
NIST_Full scan_1_POS__F6875,NIST_Full scan_1_POS,single,1,1,0,1,2,False,1,0.8255006670951843
NIST_Full scan_1_POS__F6888,NIST_Full scan_1_POS,multi,3,0,0,3,3,True,0,0.96097332239151
NIST_Full scan_1_POS__F6905,NIST_Full scan_1_POS,single,1,0,0,1,1,True,0,0.9404243230819702
NIST_Full scan_1_POS__F6912,NIST_Full scan_1_POS,single,1,1,0,1,2,False,1,0.9211222529411316
NIST_Full scan_1_POS__F6917,NIST_Full scan_1_POS,single,1,0,0,1,1,True,0,0.9061014652252197
NIST_Full scan_1_POS__F6922,NIST_Full scan_1_POS,multi,2,1,1,3,3,True,0,0.853606104850769
NIST_Full scan_1_POS__F6946,NIST_Full scan_1_POS,multi,2,0,0,2,2,True,0,0.8285942375659943
NIST_Full scan_1_POS__F695,NIST_Full scan_1_POS,empty,0,0,0,0,0,True,0,0.0
NIST_Full scan_1_POS__F6962,NIST_Full scan_1_POS,empty,0,2,0,0,2,False,2,0.0
NIST_Full scan_1_POS__F6965,NIST_Full scan_1_POS,multi,2,0,0,2,2,True,0,0.8834685683250427
NIST_Full scan_1_POS__F701,NIST_Full scan_1_POS,empty,0,0,0,0,0,True,0,0.0
NIST_Full scan_1_POS__F7020,NIST_Full scan_1_POS,single,1,0,0,1,1,True,0,0.9036240577697754
NIST_Full scan_1_POS__F7056,NIST_Full scan_1_POS,multi,2,0,0,2,2,True,0,0.8063102066516876
NIST_Full scan_1_POS__F7062,NIST_Full scan_1_POS,empty,0,0,0,0,0,True,0,0.0
NIST_Full scan_1_POS__F7072,NIST_Full scan_1_POS,multi,2,0,0,2,2,True,0,0.7478170394897461
NIST_Full scan_1_POS__F7079,NIST_Full scan_1_POS,empty,0,0,0,0,0,True,0,0.0
NIST_Full scan_1_POS__F7088,NIST_Full scan_1_POS,multi,3,0,0,3,3,True,0,0.8960080742835999
NIST_Full scan_1_POS__F7105,NIST_Full scan_1_POS,empty,0,1,0,0,1,False,1,0.0
NIST_Full scan_1_POS__F7112,NIST_Full scan_1_POS,empty,0,0,0,0,0,True,0,0.0
NIST_Full scan_1_POS__F7174,NIST_Full scan_1_POS,single,1,0,0,1,1,True,0,0.8486739993095398
NIST_Full scan_1_POS__F7201,NIST_Full scan_1_POS,single,1,1,0,1,2,False,1,0.8080350756645203
NIST_Full scan_1_POS__F7204,NIST_Full scan_1_POS,single,1,1,0,1,2,False,1,0.9542587995529175
NIST_Full scan_1_POS__F7235,NIST_Full scan_1_POS,empty,0,1,0,0,1,False,1,0.0
NIST_Full scan_1_POS__F7238,NIST_Full scan_1_POS,single,0,0,1,1,0,False,1,0.0
NIST_Full scan_1_POS__F7277,NIST_Full scan_1_POS,single,1,0,0,1,1,True,0,0.9352242350578308
NIST_Full scan_1_POS__F7334,NIST_Full scan_1_POS,empty,0,0,0,0,0,True,0,0.0
NIST_Full scan_1_POS__F7350,NIST_Full scan_1_POS,empty,0,1,0,0,1,False,1,0.0
NIST_Full scan_1_POS__F7373,NIST_Full scan_1_POS,empty,0,0,0,0,0,True,0,0.0
NIST_Full scan_1_POS__F7385,NIST_Full scan_1_POS,single,1,0,0,1,1,True,0,0.9028781652450562
NIST_Full scan_1_POS__F7394,NIST_Full scan_1_POS,single,1,0,0,1,1,True,0,0.9581156373023987
NIST_Full scan_1_POS__F7397,NIST_Full scan_1_POS,single,1,0,0,1,1,True,0,0.9678024053573608
NIST_Full scan_1_POS__F7400,NIST_Full scan_1_POS,multi,1,0,1,2,1,False,1,0.9091641902923584
NIST_Full scan_1_POS__F741,NIST_Full scan_1_POS,empty,0,0,0,0,0,True,0,0.0
NIST_Full scan_1_POS__F7441,NIST_Full scan_1_POS,multi,4,0,0,4,4,True,0,0.8884305357933044
NIST_Full scan_1_POS__F7444,NIST_Full scan_1_POS,single,1,1,0,1,2,False,1,0.8620840311050415
NIST_Full scan_1_POS__F7529,NIST_Full scan_1_POS,multi,2,0,0,2,2,True,0,0.9410919845104218
NIST_Full scan_1_POS__F7535,NIST_Full scan_1_POS,single,1,0,0,1,1,True,0,0.9819064140319824
NIST_Full scan_1_POS__F7567,NIST_Full scan_1_POS,single,1,0,0,1,1,True,0,0.674098014831543
NIST_Full scan_1_POS__F7586,NIST_Full scan_1_POS,empty,0,0,0,0,0,True,0,0.0
NIST_Full scan_1_POS__F7606,NIST_Full scan_1_POS,empty,0,0,0,0,0,True,0,0.0
NIST_Full scan_1_POS__F7647,NIST_Full scan_1_POS,empty,0,0,0,0,0,True,0,0.0
NIST_Full scan_1_POS__F7655,NIST_Full scan_1_POS,empty,0,1,0,0,1,False,1,0.0
NIST_Full scan_1_POS__F7660,NIST_Full scan_1_POS,single,1,0,0,1,1,True,0,0.9356949329376221
NIST_Full scan_1_POS__F7712,NIST_Full scan_1_POS,multi,4,0,0,4,4,True,0,0.7635053247213364
NIST_Full scan_1_POS__F775,NIST_Full scan_1_POS,empty,0,0,0,0,0,True,0,0.0
NIST_Full scan_1_POS__F7751,NIST_Full scan_1_POS,single,1,0,0,1,1,True,0,0.9441558718681335
NIST_Full scan_1_POS__F7764,NIST_Full scan_1_POS,single,1,0,0,1,1,True,0,0.8947610259056091
NIST_Full scan_1_POS__F7767,NIST_Full scan_1_POS,multi,2,0,0,2,2,True,0,0.9426760673522949
NIST_Full scan_1_POS__F7770,NIST_Full scan_1_POS,empty,0,0,0,0,0,True,0,0.0
NIST_Full scan_1_POS__F7830,NIST_Full scan_1_POS,empty,0,3,0,0,3,False,3,0.0
NIST_Full scan_1_POS__F7867,NIST_Full scan_1_POS,multi,3,1,0,3,4,False,1,0.9176377852757772
NIST_Full scan_1_POS__F7890,NIST_Full scan_1_POS,single,1,0,0,1,1,True,0,0.8495780825614929
NIST_Full scan_1_POS__F7924,NIST_Full scan_1_POS,empty,0,1,0,0,1,False,1,0.0
NIST_Full scan_1_POS__F7958,NIST_Full scan_1_POS,empty,0,2,0,0,2,False,2,0.0
NIST_Full scan_1_POS__F796,NIST_Full scan_1_POS,empty,0,0,0,0,0,True,0,0.0
NIST_Full scan_1_POS__F7961,NIST_Full scan_1_POS,multi,2,0,0,2,2,True,0,0.8985925316810608
NIST_Full scan_1_POS__F7991,NIST_Full scan_1_POS,single,1,0,0,1,1,True,0,0.9048325419425964
NIST_Full scan_1_POS__F8006,NIST_Full scan_1_POS,multi,2,0,0,2,2,True,0,0.9337987303733826
NIST_Full scan_1_POS__F8027,NIST_Full scan_1_POS,multi,2,0,0,2,2,True,0,0.9476670026779175
NIST_Full scan_1_POS__F8029,NIST_Full scan_1_POS,empty,0,0,0,0,0,True,0,0.0
NIST_Full scan_1_POS__F8038,NIST_Full scan_1_POS,multi,2,0,0,2,2,True,0,0.8664998710155487
NIST_Full scan_1_POS__F8080,NIST_Full scan_1_POS,single,1,0,0,1,1,True,0,0.9742737412452698
NIST_Full scan_1_POS__F8085,NIST_Full scan_1_POS,multi,4,0,0,4,4,True,0,0.9272021502256393
NIST_Full scan_1_POS__F8091,NIST_Full scan_1_POS,multi,2,0,0,2,2,True,0,0.945134162902832
NIST_Full scan_1_POS__F8095,NIST_Full scan_1_POS,multi,3,0,0,3,3,True,0,0.8594281474749247
NIST_Full scan_1_POS__F8146,NIST_Full scan_1_POS,single,1,0,0,1,1,True,0,0.8929352760314941
NIST_Full scan_1_POS__F8150,NIST_Full scan_1_POS,empty,0,0,0,0,0,True,0,0.0
NIST_Full scan_1_POS__F8223,NIST_Full scan_1_POS,multi,2,0,1,3,2,False,1,0.9126616418361664
NIST_Full scan_1_POS__F8256,NIST_Full scan_1_POS,single,1,0,0,1,1,True,0,0.954780101776123
NIST_Full scan_1_POS__F8283,NIST_Full scan_1_POS,multi,3,0,0,3,3,True,0,0.8661310275395712
NIST_Full scan_1_POS__F8303,NIST_Full scan_1_POS,single,1,0,0,1,1,True,0,0.9579957723617554
NIST_Full scan_1_POS__F8306,NIST_Full scan_1_POS,single,1,0,0,1,1,True,0,0.9174197316169739
NIST_Full scan_1_POS__F8317,NIST_Full scan_1_POS,empty,0,0,0,0,0,True,0,0.0
NIST_Full scan_1_POS__F8319,NIST_Full scan_1_POS,multi,4,0,0,4,4,True,0,0.8699617683887482
NIST_Full scan_1_POS__F840,NIST_Full scan_1_POS,empty,0,0,0,0,0,True,0,0.0
NIST_Full scan_1_POS__F8409,NIST_Full scan_1_POS,empty,0,0,0,0,0,True,0,0.0
NIST_Full scan_1_POS__F8433,NIST_Full scan_1_POS,single,1,0,0,1,1,True,0,0.9693012237548828
NIST_Full scan_1_POS__F8444,NIST_Full scan_1_POS,multi,5,1,0,5,6,False,1,0.8188610553741456
NIST_Full scan_1_POS__F8472,NIST_Full scan_1_POS,empty,0,1,0,0,1,False,1,0.0
NIST_Full scan_1_POS__F8476,NIST_Full scan_1_POS,single,1,0,0,1,1,True,0,0.925999641418457
NIST_Full scan_1_POS__F8481,NIST_Full scan_1_POS,multi,3,0,1,4,3,False,1,0.9463564952214559
NIST_Full scan_1_POS__F8492,NIST_Full scan_1_POS,single,1,0,0,1,1,True,0,0.7121122479438782
NIST_Full scan_1_POS__F8512,NIST_Full scan_1_POS,single,1,0,0,1,1,True,0,0.8575923442840576
NIST_Full scan_1_POS__F8560,NIST_Full scan_1_POS,single,1,0,0,1,1,True,0,0.7563123106956482
NIST_Full scan_1_POS__F8564,NIST_Full scan_1_POS,empty,0,0,0,0,0,True,0,0.0
NIST_Full scan_1_POS__F8566,NIST_Full scan_1_POS,empty,0,0,0,0,0,True,0,0.0
NIST_Full scan_1_POS__F8626,NIST_Full scan_1_POS,single,1,0,0,1,1,True,0,0.9519588947296143
NIST_Full scan_1_POS__F8630,NIST_Full scan_1_POS,multi,2,0,0,2,2,True,0,0.9306864142417908
NIST_Full scan_1_POS__F8666,NIST_Full scan_1_POS,single,1,0,0,1,1,True,0,0.8066962957382202
NIST_Full scan_1_POS__F867,NIST_Full scan_1_POS,empty,0,0,0,0,0,True,0,0.0
NIST_Full scan_1_POS__F8674,NIST_Full scan_1_POS,multi,0,1,2,2,1,False,1,0.0
NIST_Full scan_1_POS__F8678,NIST_Full scan_1_POS,multi,2,0,0,2,2,True,0,0.9369449317455292
NIST_Full scan_1_POS__F8740,NIST_Full scan_1_POS,multi,4,0,1,5,4,False,1,0.9374653100967407
NIST_Full scan_1_POS__F8761,NIST_Full scan_1_POS,empty,0,0,0,0,0,True,0,0.0
NIST_Full scan_1_POS__F8765,NIST_Full scan_1_POS,multi,2,0,1,3,2,False,1,0.8365509808063507
NIST_Full scan_1_POS__F8774,NIST_Full scan_1_POS,single,1,0,0,1,1,True,0,0.630266010761261
NIST_Full scan_1_POS__F8789,NIST_Full scan_1_POS,multi,2,0,0,2,2,True,0,0.9527785181999207
NIST_Full scan_1_POS__F8815,NIST_Full scan_1_POS,multi,2,0,0,2,2,True,0,0.8806661367416382
NIST_Full scan_1_POS__F8894,NIST_Full scan_1_POS,empty,0,0,0,0,0,True,0,0.0
NIST_Full scan_1_POS__F89,NIST_Full scan_1_POS,empty,0,0,0,0,0,True,0,0.0
NIST_Full scan_1_POS__F8918,NIST_Full scan_1_POS,empty,0,0,0,0,0,True,0,0.0
NIST_Full scan_1_POS__F8952,NIST_Full scan_1_POS,single,1,0,0,1,1,True,0,0.8983906507492065
NIST_Full scan_1_POS__F8960,NIST_Full scan_1_POS,single,1,0,0,1,1,True,0,0.9151169061660767
NIST_Full scan_1_POS__F8966,NIST_Full scan_1_POS,empty,0,2,0,0,2,False,2,0.0
NIST_Full scan_1_POS__F8987,NIST_Full scan_1_POS,empty,0,0,0,0,0,True,0,0.0
NIST_Full scan_1_POS__F9002,NIST_Full scan_1_POS,multi,2,0,0,2,2,True,0,0.928793728351593
NIST_Full scan_1_POS__F9007,NIST_Full scan_1_POS,multi,4,0,0,4,4,True,0,0.9168854653835297
NIST_Full scan_1_POS__F9013,NIST_Full scan_1_POS,empty,0,1,0,0,1,False,1,0.0
NIST_Full scan_1_POS__F9116,NIST_Full scan_1_POS,multi,3,0,0,3,3,True,0,0.8341373999913534
NIST_Full scan_1_POS__F9119,NIST_Full scan_1_POS,single,1,0,0,1,1,True,0,0.8655074834823608
NIST_Full scan_1_POS__F915,NIST_Full scan_1_POS,empty,0,0,0,0,0,True,0,0.0
NIST_Full scan_1_POS__F9195,NIST_Full scan_1_POS,multi,1,2,1,2,3,False,1,0.937212347984314
NIST_Full scan_1_POS__F9212,NIST_Full scan_1_POS,multi,2,0,0,2,2,True,0,0.9131643176078796
NIST_Full scan_1_POS__F9214,NIST_Full scan_1_POS,single,1,0,0,1,1,True,0,0.9540954232215881
NIST_Full scan_1_POS__F9245,NIST_Full scan_1_POS,single,1,0,0,1,1,True,0,0.9516440629959106
NIST_Full scan_1_POS__F9247,NIST_Full scan_1_POS,multi,3,0,0,3,3,True,0,0.870648980140686
NIST_Full scan_1_POS__F9254,NIST_Full scan_1_POS,multi,1,0,1,2,1,False,1,0.8029603958129883
NIST_Full scan_1_POS__F9282,NIST_Full scan_1_POS,multi,3,0,0,3,3,True,0,0.9242158929506937
NIST_Full scan_1_POS__F9288,NIST_Full scan_1_POS,empty,0,0,0,0,0,True,0,0.0
NIST_Full scan_1_POS__F9301,NIST_Full scan_1_POS,empty,0,0,0,0,0,True,0,0.0
NIST_Full scan_1_POS__F9347,NIST_Full scan_1_POS,multi,2,0,0,2,2,True,0,0.9527304768562317
NIST_Full scan_1_POS__F9352,NIST_Full scan_1_POS,multi,3,0,0,3,3,True,0,0.8632862170537313
NIST_Full scan_1_POS__F9390,NIST_Full scan_1_POS,multi,5,0,1,6,5,False,1,0.872270655632019
NIST_Full scan_1_POS__F9396,NIST_Full scan_1_POS,single,1,0,0,1,1,True,0,0.8229218125343323
NIST_Full scan_1_POS__F9413,NIST_Full scan_1_POS,multi,3,0,0,3,3,True,0,0.8804488380750021
NIST_Full scan_1_POS__F9441,NIST_Full scan_1_POS,empty,0,0,0,0,0,True,0,0.0
NIST_Full scan_1_POS__F9490,NIST_Full scan_1_POS,empty,0,1,0,0,1,False,1,0.0
NIST_Full scan_1_POS__F9492,NIST_Full scan_1_POS,single,1,0,0,1,1,True,0,0.9346564412117004
NIST_Full scan_1_POS__F9500,NIST_Full scan_1_POS,empty,0,0,0,0,0,True,0,0.0
NIST_Full scan_1_POS__F9510,NIST_Full scan_1_POS,empty,0,0,0,0,0,True,0,0.0
NIST_Full scan_1_POS__F9513,NIST_Full scan_1_POS,empty,0,0,0,0,0,True,0,0.0
NIST_Full scan_1_POS__F953,NIST_Full scan_1_POS,empty,0,0,0,0,0,True,0,0.0
NIST_Full scan_1_POS__F9537,NIST_Full scan_1_POS,multi,1,0,1,2,1,False,1,0.6250986456871033
NIST_Full scan_1_POS__F9546,NIST_Full scan_1_POS,empty,0,0,0,0,0,True,0,0.0
NIST_Full scan_1_POS__F9568,NIST_Full scan_1_POS,multi,2,0,1,3,2,False,1,0.9408875703811646
NIST_Full scan_1_POS__F9573,NIST_Full scan_1_POS,single,0,1,1,1,1,True,0,0.0
NIST_Full scan_1_POS__F9576,NIST_Full scan_1_POS,empty,0,0,0,0,0,True,0,0.0
NIST_Full scan_1_POS__F9587,NIST_Full scan_1_POS,empty,0,0,0,0,0,True,0,0.0
NIST_Full scan_1_POS__F9592,NIST_Full scan_1_POS,empty,0,0,0,0,0,True,0,0.0
NIST_Full scan_1_POS__F9607,NIST_Full scan_1_POS,empty,0,1,0,0,1,False,1,0.0
NIST_Full scan_1_POS__F961,NIST_Full scan_1_POS,empty,0,0,0,0,0,True,0,0.0
NIST_Full scan_1_POS__F9620,NIST_Full scan_1_POS,single,0,1,1,1,1,True,0,0.0
NIST_Full scan_1_POS__F9665,NIST_Full scan_1_POS,single,1,0,0,1,1,True,0,0.8924683332443237
NIST_Full scan_1_POS__F968,NIST_Full scan_1_POS,empty,0,0,0,0,0,True,0,0.0
NIST_Full scan_1_POS__F9705,NIST_Full scan_1_POS,single,1,0,0,1,1,True,0,0.8013336658477783
NIST_Full scan_1_POS__F9716,NIST_Full scan_1_POS,single,1,0,0,1,1,True,0,0.9128327965736389
NIST_Full scan_1_POS__F972,NIST_Full scan_1_POS,empty,0,0,0,0,0,True,0,0.0
NIST_Full scan_1_POS__F9746,NIST_Full scan_1_POS,multi,2,0,0,2,2,True,0,0.9309727549552917
NIST_Full scan_1_POS__F9778,NIST_Full scan_1_POS,single,1,0,0,1,1,True,0,0.8717890977859497
NIST_Full scan_1_POS__F9825,NIST_Full scan_1_POS,multi,4,0,1,5,4,False,1,0.8915117084980011
NIST_Full scan_1_POS__F9838,NIST_Full scan_1_POS,single,1,1,0,1,2,False,1,0.8598302602767944
NIST_Full scan_1_POS__F9846,NIST_Full scan_1_POS,multi,2,0,0,2,2,True,0,0.8680562078952789
NIST_Full scan_1_POS__F9850,NIST_Full scan_1_POS,empty,0,1,0,0,1,False,1,0.0
NIST_Full scan_1_POS__F9872,NIST_Full scan_1_POS,multi,2,0,0,2,2,True,0,0.8161912858486176
NIST_Full scan_1_POS__F9878,NIST_Full scan_1_POS,multi,1,0,1,2,1,False,1,0.9095383286476135
NIST_Full scan_1_POS__F9909,NIST_Full scan_1_POS,empty,0,0,0,0,0,True,0,0.0
NIST_Full scan_1_POS__F9918,NIST_Full scan_1_POS,single,1,0,0,1,1,True,0,0.9846839904785156
NIST_Full scan_1_POS__F9961,NIST_Full scan_1_POS,single,1,0,0,1,1,True,0,0.9288170337677002
NIST_Full scan_1_POS__F9964,NIST_Full scan_1_POS,single,1,0,0,1,1,True,0,0.6558732390403748
NIST_Full scan_1_POS__F9989,NIST_Full scan_1_POS,single,1,2,0,1,3,False,2,0.7880371809005737
