sample_id,source_file,true_peak_count_class,true_positive,false_positive,false_negative,target_count,prediction_count,exact_count,count_absolute_error,mean_matched_iou
20180321_S00033936_P__F1,20180321_S00033936_P,single,1,0,0,1,1,True,0,0.9066238403320312
20180321_S00033936_P__F10,20180321_S00033936_P,single,1,0,0,1,1,True,0,0.9076822400093079
20180321_S00033936_P__F100,20180321_S00033936_P,single,1,1,0,1,2,False,1,0.5687043070793152
20180321_S00033936_P__F101,20180321_S00033936_P,single,0,4,1,1,4,False,3,0.0
20180321_S00033936_P__F102,20180321_S00033936_P,multi,1,1,1,2,2,True,0,0.8457517623901367
20180321_S00033936_P__F103,20180321_S00033936_P,single,1,0,0,1,1,True,0,0.8401647210121155
20180321_S00033936_P__F104,20180321_S00033936_P,single,1,0,0,1,1,True,0,0.9481500387191772
20180321_S00033936_P__F105,20180321_S00033936_P,single,1,0,0,1,1,True,0,0.7345620393753052
20180321_S00033936_P__F106,20180321_S00033936_P,multi,3,0,0,3,3,True,0,0.87959223985672
20180321_S00033936_P__F107,20180321_S00033936_P,multi,2,0,2,4,2,False,2,0.9537943303585052
20180321_S00033936_P__F108,20180321_S00033936_P,multi,2,0,3,5,2,False,3,0.9133425951004028
20180321_S00033936_P__F109,20180321_S00033936_P,multi,1,0,1,2,1,False,1,0.9455595016479492
20180321_S00033936_P__F11,20180321_S00033936_P,single,1,0,0,1,1,True,0,0.9562756419181824
20180321_S00033936_P__F110,20180321_S00033936_P,multi,2,1,0,2,3,False,1,0.9052461385726929
20180321_S00033936_P__F111,20180321_S00033936_P,single,1,0,0,1,1,True,0,0.8974062204360962
20180321_S00033936_P__F112,20180321_S00033936_P,single,1,0,0,1,1,True,0,0.9632639288902283
20180321_S00033936_P__F113,20180321_S00033936_P,empty,0,2,0,0,2,False,2,0.0
20180321_S00033936_P__F114,20180321_S00033936_P,single,1,0,0,1,1,True,0,0.871903657913208
20180321_S00033936_P__F115,20180321_S00033936_P,single,0,4,1,1,4,False,3,0.0
20180321_S00033936_P__F116,20180321_S00033936_P,multi,2,0,0,2,2,True,0,0.8556099534034729
20180321_S00033936_P__F117,20180321_S00033936_P,multi,1,0,1,2,1,False,1,0.9485176205635071
20180321_S00033936_P__F118,20180321_S00033936_P,multi,2,0,0,2,2,True,0,0.8459557294845581
20180321_S00033936_P__F119,20180321_S00033936_P,single,1,0,0,1,1,True,0,0.9201427698135376
20180321_S00033936_P__F12,20180321_S00033936_P,empty,0,0,0,0,0,True,0,0.0
20180321_S00033936_P__F120,20180321_S00033936_P,multi,4,0,0,4,4,True,0,0.9039014428853989
20180321_S00033936_P__F121,20180321_S00033936_P,single,1,0,0,1,1,True,0,0.9012095332145691
20180321_S00033936_P__F122,20180321_S00033936_P,single,1,0,0,1,1,True,0,0.6049737930297852
20180321_S00033936_P__F123,20180321_S00033936_P,single,1,0,0,1,1,True,0,0.9088590741157532
20180321_S00033936_P__F124,20180321_S00033936_P,single,1,1,0,1,2,False,1,0.9209573268890381
20180321_S00033936_P__F125,20180321_S00033936_P,multi,0,1,2,2,1,False,1,0.0
20180321_S00033936_P__F126,20180321_S00033936_P,multi,4,0,0,4,4,True,0,0.8588632494211197
20180321_S00033936_P__F127,20180321_S00033936_P,single,1,0,0,1,1,True,0,0.9456673264503479
20180321_S00033936_P__F128,20180321_S00033936_P,single,1,1,0,1,2,False,1,0.9450047016143799
20180321_S00033936_P__F129,20180321_S00033936_P,empty,0,1,0,0,1,False,1,0.0
20180321_S00033936_P__F13,20180321_S00033936_P,single,1,0,0,1,1,True,0,0.9089754223823547
20180321_S00033936_P__F130,20180321_S00033936_P,multi,2,0,0,2,2,True,0,0.9063500165939331
20180321_S00033936_P__F131,20180321_S00033936_P,multi,2,0,0,2,2,True,0,0.9300624430179596
20180321_S00033936_P__F132,20180321_S00033936_P,single,1,1,0,1,2,False,1,0.8749992847442627
20180321_S00033936_P__F133,20180321_S00033936_P,single,1,0,0,1,1,True,0,0.9121741056442261
20180321_S00033936_P__F134,20180321_S00033936_P,single,1,0,0,1,1,True,0,0.7452223300933838
20180321_S00033936_P__F135,20180321_S00033936_P,single,1,0,0,1,1,True,0,0.9099329710006714
20180321_S00033936_P__F136,20180321_S00033936_P,multi,2,1,0,2,3,False,1,0.8882992267608643
20180321_S00033936_P__F137,20180321_S00033936_P,multi,2,0,0,2,2,True,0,0.7719044089317322
20180321_S00033936_P__F138,20180321_S00033936_P,multi,4,1,0,4,5,False,1,0.8425756841897964
20180321_S00033936_P__F139,20180321_S00033936_P,single,1,1,0,1,2,False,1,0.939677894115448
20180321_S00033936_P__F14,20180321_S00033936_P,single,1,0,0,1,1,True,0,0.8657386898994446
20180321_S00033936_P__F140,20180321_S00033936_P,empty,0,2,0,0,2,False,2,0.0
20180321_S00033936_P__F141,20180321_S00033936_P,multi,2,0,0,2,2,True,0,0.8344143927097321
20180321_S00033936_P__F142,20180321_S00033936_P,multi,3,0,1,4,3,False,1,0.8253609736760458
20180321_S00033936_P__F143,20180321_S00033936_P,single,1,0,0,1,1,True,0,0.9460948705673218
20180321_S00033936_P__F144,20180321_S00033936_P,multi,2,0,0,2,2,True,0,0.9007090032100677
20180321_S00033936_P__F145,20180321_S00033936_P,single,0,2,1,1,2,False,1,0.0
20180321_S00033936_P__F146,20180321_S00033936_P,multi,3,0,0,3,3,True,0,0.7870480219523112
20180321_S00033936_P__F147,20180321_S00033936_P,multi,2,0,0,2,2,True,0,0.9063056707382202
20180321_S00033936_P__F148,20180321_S00033936_P,multi,4,0,0,4,4,True,0,0.9032511413097382
20180321_S00033936_P__F15,20180321_S00033936_P,single,1,0,0,1,1,True,0,0.9689661860466003
20180321_S00033936_P__F150,20180321_S00033936_P,single,1,0,0,1,1,True,0,0.9183353781700134
20180321_S00033936_P__F151,20180321_S00033936_P,single,1,0,0,1,1,True,0,0.8479028940200806
20180321_S00033936_P__F152,20180321_S00033936_P,single,1,0,0,1,1,True,0,0.9838657975196838
20180321_S00033936_P__F153,20180321_S00033936_P,single,1,2,0,1,3,False,2,0.878679096698761
20180321_S00033936_P__F154,20180321_S00033936_P,multi,3,1,0,3,4,False,1,0.9090845386187235
20180321_S00033936_P__F155,20180321_S00033936_P,single,1,0,0,1,1,True,0,0.9159287214279175
20180321_S00033936_P__F156,20180321_S00033936_P,multi,2,0,0,2,2,True,0,0.8675453364849091
20180321_S00033936_P__F157,20180321_S00033936_P,single,1,0,0,1,1,True,0,0.906842052936554
20180321_S00033936_P__F158,20180321_S00033936_P,single,1,0,0,1,1,True,0,0.9105311036109924
20180321_S00033936_P__F159,20180321_S00033936_P,multi,2,0,0,2,2,True,0,0.8940194547176361
20180321_S00033936_P__F16,20180321_S00033936_P,multi,2,0,0,2,2,True,0,0.7225657999515533
20180321_S00033936_P__F160,20180321_S00033936_P,single,1,2,0,1,3,False,2,0.915107786655426
20180321_S00033936_P__F161,20180321_S00033936_P,single,1,0,0,1,1,True,0,0.8864204287528992
20180321_S00033936_P__F162,20180321_S00033936_P,multi,2,0,0,2,2,True,0,0.7618798315525055
20180321_S00033936_P__F163,20180321_S00033936_P,multi,3,0,0,3,3,True,0,0.8344738682111105
20180321_S00033936_P__F164,20180321_S00033936_P,single,1,0,0,1,1,True,0,0.9150040149688721
20180321_S00033936_P__F165,20180321_S00033936_P,single,1,0,0,1,1,True,0,0.8500452041625977
20180321_S00033936_P__F166,20180321_S00033936_P,single,1,0,0,1,1,True,0,0.8877145648002625
20180321_S00033936_P__F167,20180321_S00033936_P,single,1,1,0,1,2,False,1,0.9109583497047424
20180321_S00033936_P__F168,20180321_S00033936_P,single,1,1,0,1,2,False,1,0.9141334295272827
20180321_S00033936_P__F169,20180321_S00033936_P,multi,3,0,1,4,3,False,1,0.8236668904622396
20180321_S00033936_P__F17,20180321_S00033936_P,single,1,0,0,1,1,True,0,0.8799342513084412
20180321_S00033936_P__F170,20180321_S00033936_P,multi,2,2,0,2,4,False,2,0.7007819414138794
20180321_S00033936_P__F171,20180321_S00033936_P,multi,2,2,0,2,4,False,2,0.7851312160491943
20180321_S00033936_P__F172,20180321_S00033936_P,single,1,0,0,1,1,True,0,0.9482690095901489
20180321_S00033936_P__F173,20180321_S00033936_P,multi,3,1,0,3,4,False,1,0.6946603854497274
20180321_S00033936_P__F174,20180321_S00033936_P,multi,2,0,0,2,2,True,0,0.8852560222148895
20180321_S00033936_P__F175,20180321_S00033936_P,single,1,1,0,1,2,False,1,0.6989580392837524
20180321_S00033936_P__F176,20180321_S00033936_P,single,0,3,1,1,3,False,2,0.0
20180321_S00033936_P__F177,20180321_S00033936_P,multi,2,0,0,2,2,True,0,0.8102134466171265
20180321_S00033936_P__F178,20180321_S00033936_P,multi,2,1,0,2,3,False,1,0.7951275706291199
20180321_S00033936_P__F179,20180321_S00033936_P,multi,2,0,0,2,2,True,0,0.9000083804130554
20180321_S00033936_P__F18,20180321_S00033936_P,multi,3,0,0,3,3,True,0,0.7997108101844788
20180321_S00033936_P__F180,20180321_S00033936_P,single,1,0,0,1,1,True,0,0.8867893815040588
20180321_S00033936_P__F181,20180321_S00033936_P,single,1,0,0,1,1,True,0,0.8462004065513611
20180321_S00033936_P__F182,20180321_S00033936_P,multi,3,0,0,3,3,True,0,0.8848872383435568
20180321_S00033936_P__F183,20180321_S00033936_P,multi,2,0,0,2,2,True,0,0.9067709147930145
20180321_S00033936_P__F184,20180321_S00033936_P,single,1,0,0,1,1,True,0,0.7671300768852234
20180321_S00033936_P__F185,20180321_S00033936_P,multi,0,2,2,2,2,True,0,0.0
20180321_S00033936_P__F186,20180321_S00033936_P,single,1,1,0,1,2,False,1,0.8864262104034424
20180321_S00033936_P__F187,20180321_S00033936_P,single,1,1,0,1,2,False,1,0.5001857280731201
20180321_S00033936_P__F188,20180321_S00033936_P,multi,2,1,0,2,3,False,1,0.8882702589035034
20180321_S00033936_P__F189,20180321_S00033936_P,empty,0,0,0,0,0,True,0,0.0
20180321_S00033936_P__F19,20180321_S00033936_P,single,1,0,0,1,1,True,0,0.9365837574005127
20180321_S00033936_P__F190,20180321_S00033936_P,multi,2,1,1,3,3,True,0,0.911664754152298
20180321_S00033936_P__F191,20180321_S00033936_P,single,1,0,0,1,1,True,0,0.8816296458244324
20180321_S00033936_P__F192,20180321_S00033936_P,single,0,2,1,1,2,False,1,0.0
20180321_S00033936_P__F193,20180321_S00033936_P,multi,2,0,0,2,2,True,0,0.8478205502033234
20180321_S00033936_P__F194,20180321_S00033936_P,single,1,0,0,1,1,True,0,0.9158458113670349
20180321_S00033936_P__F195,20180321_S00033936_P,single,1,1,0,1,2,False,1,0.6559005975723267
20180321_S00033936_P__F196,20180321_S00033936_P,multi,2,0,0,2,2,True,0,0.903963178396225
20180321_S00033936_P__F197,20180321_S00033936_P,single,1,0,0,1,1,True,0,0.9114315509796143
20180321_S00033936_P__F198,20180321_S00033936_P,single,1,3,0,1,4,False,3,0.9194821715354919
20180321_S00033936_P__F199,20180321_S00033936_P,single,1,2,0,1,3,False,2,0.7614830136299133
20180321_S00033936_P__F2,20180321_S00033936_P,single,1,0,0,1,1,True,0,0.9785804152488708
20180321_S00033936_P__F20,20180321_S00033936_P,single,1,0,0,1,1,True,0,0.8876358270645142
20180321_S00033936_P__F200,20180321_S00033936_P,single,1,0,0,1,1,True,0,0.9266558289527893
20180321_S00033936_P__F201,20180321_S00033936_P,single,1,2,0,1,3,False,2,0.9131331443786621
20180321_S00033936_P__F202,20180321_S00033936_P,multi,2,3,0,2,5,False,3,0.8724259436130524
20180321_S00033936_P__F203,20180321_S00033936_P,single,1,1,0,1,2,False,1,0.5241739153862
20180321_S00033936_P__F204,20180321_S00033936_P,single,1,1,0,1,2,False,1,0.6576440334320068
20180321_S00033936_P__F205,20180321_S00033936_P,multi,3,0,0,3,3,True,0,0.9174660841623942
20180321_S00033936_P__F206,20180321_S00033936_P,multi,2,0,0,2,2,True,0,0.7675435543060303
20180321_S00033936_P__F207,20180321_S00033936_P,multi,2,0,0,2,2,True,0,0.8999698758125305
20180321_S00033936_P__F208,20180321_S00033936_P,multi,2,0,0,2,2,True,0,0.9604788720607758
20180321_S00033936_P__F209,20180321_S00033936_P,single,1,0,0,1,1,True,0,0.6975148320198059
20180321_S00033936_P__F21,20180321_S00033936_P,multi,2,0,0,2,2,True,0,0.8697966933250427
20180321_S00033936_P__F210,20180321_S00033936_P,single,0,2,1,1,2,False,1,0.0
20180321_S00033936_P__F211,20180321_S00033936_P,multi,2,1,0,2,3,False,1,0.911293089389801
20180321_S00033936_P__F212,20180321_S00033936_P,single,1,0,0,1,1,True,0,0.8186938166618347
20180321_S00033936_P__F213,20180321_S00033936_P,single,1,2,0,1,3,False,2,0.898814857006073
20180321_S00033936_P__F214,20180321_S00033936_P,multi,2,1,0,2,3,False,1,0.8723822236061096
20180321_S00033936_P__F215,20180321_S00033936_P,multi,2,0,0,2,2,True,0,0.9101262390613556
20180321_S00033936_P__F216,20180321_S00033936_P,single,1,1,0,1,2,False,1,0.9310142397880554
20180321_S00033936_P__F217,20180321_S00033936_P,single,0,2,1,1,2,False,1,0.0
20180321_S00033936_P__F218,20180321_S00033936_P,single,0,3,1,1,3,False,2,0.0
20180321_S00033936_P__F219,20180321_S00033936_P,multi,2,1,0,2,3,False,1,0.7647741436958313
20180321_S00033936_P__F22,20180321_S00033936_P,multi,2,0,0,2,2,True,0,0.9079170823097229
20180321_S00033936_P__F220,20180321_S00033936_P,multi,3,0,0,3,3,True,0,0.8322027722994486
20180321_S00033936_P__F221,20180321_S00033936_P,single,1,0,0,1,1,True,0,0.9048347473144531
20180321_S00033936_P__F222,20180321_S00033936_P,single,1,0,0,1,1,True,0,0.9456487894058228
20180321_S00033936_P__F223,20180321_S00033936_P,single,1,0,0,1,1,True,0,0.9845905900001526
20180321_S00033936_P__F224,20180321_S00033936_P,single,1,1,0,1,2,False,1,0.9364487528800964
20180321_S00033936_P__F225,20180321_S00033936_P,single,1,2,0,1,3,False,2,0.7069604396820068
20180321_S00033936_P__F226,20180321_S00033936_P,single,1,2,0,1,3,False,2,0.9613267779350281
20180321_S00033936_P__F227,20180321_S00033936_P,multi,2,0,0,2,2,True,0,0.930898129940033
20180321_S00033936_P__F228,20180321_S00033936_P,single,1,1,0,1,2,False,1,0.9282116889953613
20180321_S00033936_P__F229,20180321_S00033936_P,single,1,0,0,1,1,True,0,0.890110969543457
20180321_S00033936_P__F23,20180321_S00033936_P,single,1,2,0,1,3,False,2,0.8151760101318359
20180321_S00033936_P__F230,20180321_S00033936_P,single,1,1,0,1,2,False,1,0.9485557079315186
20180321_S00033936_P__F231,20180321_S00033936_P,single,1,1,0,1,2,False,1,0.9141099452972412
20180321_S00033936_P__F232,20180321_S00033936_P,empty,0,0,0,0,0,True,0,0.0
20180321_S00033936_P__F233,20180321_S00033936_P,single,1,0,0,1,1,True,0,0.9416939616203308
20180321_S00033936_P__F234,20180321_S00033936_P,single,1,1,0,1,2,False,1,0.942072331905365
20180321_S00033936_P__F235,20180321_S00033936_P,single,1,0,0,1,1,True,0,0.8271425366401672
20180321_S00033936_P__F236,20180321_S00033936_P,single,1,0,0,1,1,True,0,0.898452877998352
20180321_S00033936_P__F237,20180321_S00033936_P,single,1,1,0,1,2,False,1,0.8880150318145752
20180321_S00033936_P__F238,20180321_S00033936_P,single,1,0,0,1,1,True,0,0.9481720924377441
20180321_S00033936_P__F239,20180321_S00033936_P,single,1,0,0,1,1,True,0,0.8961634635925293
20180321_S00033936_P__F24,20180321_S00033936_P,multi,5,0,0,5,5,True,0,0.8980698347091675
20180321_S00033936_P__F240,20180321_S00033936_P,empty,0,1,0,0,1,False,1,0.0
20180321_S00033936_P__F241,20180321_S00033936_P,single,1,1,0,1,2,False,1,0.5624653697013855
20180321_S00033936_P__F242,20180321_S00033936_P,single,1,0,0,1,1,True,0,0.8430143594741821
20180321_S00033936_P__F243,20180321_S00033936_P,single,1,0,0,1,1,True,0,0.7162910103797913
20180321_S00033936_P__F244,20180321_S00033936_P,single,1,1,0,1,2,False,1,0.7882131934165955
20180321_S00033936_P__F245,20180321_S00033936_P,empty,0,0,0,0,0,True,0,0.0
20180321_S00033936_P__F246,20180321_S00033936_P,multi,1,2,1,2,3,False,1,0.6378476619720459
20180321_S00033936_P__F247,20180321_S00033936_P,multi,3,2,0,3,5,False,2,0.8637949426968893
20180321_S00033936_P__F248,20180321_S00033936_P,single,1,0,0,1,1,True,0,0.8725091218948364
20180321_S00033936_P__F249,20180321_S00033936_P,multi,2,0,0,2,2,True,0,0.7834012806415558
20180321_S00033936_P__F25,20180321_S00033936_P,single,1,1,0,1,2,False,1,0.7538972496986389
20180321_S00033936_P__F250,20180321_S00033936_P,single,1,1,0,1,2,False,1,0.8604329824447632
20180321_S00033936_P__F251,20180321_S00033936_P,single,1,0,0,1,1,True,0,0.8191080093383789
20180321_S00033936_P__F252,20180321_S00033936_P,empty,0,1,0,0,1,False,1,0.0
20180321_S00033936_P__F253,20180321_S00033936_P,multi,2,1,0,2,3,False,1,0.8967210948467255
20180321_S00033936_P__F254,20180321_S00033936_P,single,1,0,0,1,1,True,0,0.8643084168434143
20180321_S00033936_P__F255,20180321_S00033936_P,single,1,0,0,1,1,True,0,0.8080902099609375
20180321_S00033936_P__F256,20180321_S00033936_P,multi,2,0,0,2,2,True,0,0.9350501298904419
20180321_S00033936_P__F257,20180321_S00033936_P,single,1,0,0,1,1,True,0,0.8949646949768066
20180321_S00033936_P__F258,20180321_S00033936_P,single,1,1,0,1,2,False,1,0.6851832270622253
20180321_S00033936_P__F259,20180321_S00033936_P,multi,2,0,0,2,2,True,0,0.9188681244850159
20180321_S00033936_P__F26,20180321_S00033936_P,multi,2,2,1,3,4,False,1,0.8672167360782623
20180321_S00033936_P__F260,20180321_S00033936_P,single,1,0,0,1,1,True,0,0.71866774559021
20180321_S00033936_P__F261,20180321_S00033936_P,single,1,2,0,1,3,False,2,0.917980968952179
20180321_S00033936_P__F262,20180321_S00033936_P,single,1,1,0,1,2,False,1,0.9371317028999329
20180321_S00033936_P__F263,20180321_S00033936_P,empty,0,0,0,0,0,True,0,0.0
20180321_S00033936_P__F264,20180321_S00033936_P,single,1,0,0,1,1,True,0,0.7988352179527283
20180321_S00033936_P__F265,20180321_S00033936_P,multi,2,0,0,2,2,True,0,0.9096175134181976
20180321_S00033936_P__F266,20180321_S00033936_P,single,1,1,0,1,2,False,1,0.6815184354782104
20180321_S00033936_P__F267,20180321_S00033936_P,single,1,1,0,1,2,False,1,0.8502298593521118
20180321_S00033936_P__F268,20180321_S00033936_P,single,1,1,0,1,2,False,1,0.9084596037864685
20180321_S00033936_P__F269,20180321_S00033936_P,single,1,0,0,1,1,True,0,0.8603006601333618
20180321_S00033936_P__F27,20180321_S00033936_P,multi,3,1,0,3,4,False,1,0.7369636297225952
20180321_S00033936_P__F270,20180321_S00033936_P,multi,2,1,0,2,3,False,1,0.838651180267334
20180321_S00033936_P__F271,20180321_S00033936_P,multi,2,1,0,2,3,False,1,0.8564570844173431
20180321_S00033936_P__F272,20180321_S00033936_P,multi,1,0,2,3,1,False,2,0.5707002878189087
20180321_S00033936_P__F273,20180321_S00033936_P,single,1,0,0,1,1,True,0,0.6785284876823425
20180321_S00033936_P__F274,20180321_S00033936_P,multi,2,1,0,2,3,False,1,0.906731903553009
20180321_S00033936_P__F275,20180321_S00033936_P,multi,2,1,0,2,3,False,1,0.9214606583118439
20180321_S00033936_P__F276,20180321_S00033936_P,single,1,1,0,1,2,False,1,0.7201578617095947
20180321_S00033936_P__F277,20180321_S00033936_P,single,1,1,0,1,2,False,1,0.8627938032150269
20180321_S00033936_P__F278,20180321_S00033936_P,single,1,0,0,1,1,True,0,0.900874674320221
20180321_S00033936_P__F279,20180321_S00033936_P,multi,1,1,1,2,2,True,0,0.9826486706733704
20180321_S00033936_P__F28,20180321_S00033936_P,single,1,0,0,1,1,True,0,0.8797951936721802
20180321_S00033936_P__F280,20180321_S00033936_P,multi,2,2,0,2,4,False,2,0.7375406622886658
20180321_S00033936_P__F281,20180321_S00033936_P,multi,2,0,0,2,2,True,0,0.9242385625839233
20180321_S00033936_P__F282,20180321_S00033936_P,single,1,2,0,1,3,False,2,0.9022733569145203
20180321_S00033936_P__F283,20180321_S00033936_P,empty,0,1,0,0,1,False,1,0.0
20180321_S00033936_P__F284,20180321_S00033936_P,multi,2,0,1,3,2,False,1,0.8747875094413757
20180321_S00033936_P__F285,20180321_S00033936_P,single,0,1,1,1,1,True,0,0.0
20180321_S00033936_P__F286,20180321_S00033936_P,empty,0,0,0,0,0,True,0,0.0
20180321_S00033936_P__F287,20180321_S00033936_P,multi,2,0,0,2,2,True,0,0.6954142451286316
20180321_S00033936_P__F288,20180321_S00033936_P,multi,3,0,0,3,3,True,0,0.8012021780014038
20180321_S00033936_P__F289,20180321_S00033936_P,multi,3,0,0,3,3,True,0,0.7604050437609354
20180321_S00033936_P__F29,20180321_S00033936_P,single,0,2,1,1,2,False,1,0.0
20180321_S00033936_P__F290,20180321_S00033936_P,single,1,0,0,1,1,True,0,0.8611597418785095
20180321_S00033936_P__F291,20180321_S00033936_P,single,1,0,0,1,1,True,0,0.9490146636962891
20180321_S00033936_P__F292,20180321_S00033936_P,multi,1,0,1,2,1,False,1,0.7873854041099548
20180321_S00033936_P__F293,20180321_S00033936_P,multi,1,1,1,2,2,True,0,0.9626900553703308
20180321_S00033936_P__F294,20180321_S00033936_P,empty,0,1,0,0,1,False,1,0.0
20180321_S00033936_P__F295,20180321_S00033936_P,single,1,1,0,1,2,False,1,0.9481594562530518
20180321_S00033936_P__F296,20180321_S00033936_P,single,1,0,0,1,1,True,0,0.8994556665420532
20180321_S00033936_P__F297,20180321_S00033936_P,single,1,0,0,1,1,True,0,0.9881769418716431
20180321_S00033936_P__F298,20180321_S00033936_P,single,1,0,0,1,1,True,0,0.9210808873176575
20180321_S00033936_P__F299,20180321_S00033936_P,single,1,0,0,1,1,True,0,0.8192521929740906
20180321_S00033936_P__F3,20180321_S00033936_P,empty,0,3,0,0,3,False,3,0.0
20180321_S00033936_P__F30,20180321_S00033936_P,single,1,0,0,1,1,True,0,0.9500188827514648
20180321_S00033936_P__F300,20180321_S00033936_P,single,1,0,0,1,1,True,0,0.8652284145355225
20180321_S00033936_P__F301,20180321_S00033936_P,multi,2,0,1,3,2,False,1,0.8109475672245026
20180321_S00033936_P__F302,20180321_S00033936_P,multi,4,0,0,4,4,True,0,0.7770288437604904
20180321_S00033936_P__F303,20180321_S00033936_P,single,1,0,0,1,1,True,0,0.9140751361846924
20180321_S00033936_P__F304,20180321_S00033936_P,single,1,0,0,1,1,True,0,0.9037045240402222
20180321_S00033936_P__F305,20180321_S00033936_P,multi,3,0,1,4,3,False,1,0.904000441233317
20180321_S00033936_P__F306,20180321_S00033936_P,single,1,0,0,1,1,True,0,0.8798699378967285
20180321_S00033936_P__F307,20180321_S00033936_P,single,1,0,0,1,1,True,0,0.8963102698326111
20180321_S00033936_P__F308,20180321_S00033936_P,single,1,0,0,1,1,True,0,0.7954019904136658
20180321_S00033936_P__F309,20180321_S00033936_P,single,1,1,0,1,2,False,1,0.9150428771972656
20180321_S00033936_P__F31,20180321_S00033936_P,multi,2,0,0,2,2,True,0,0.9070378243923187
20180321_S00033936_P__F310,20180321_S00033936_P,single,1,0,0,1,1,True,0,0.9048035144805908
20180321_S00033936_P__F311,20180321_S00033936_P,single,1,0,0,1,1,True,0,0.8532610535621643
20180321_S00033936_P__F312,20180321_S00033936_P,multi,2,0,1,3,2,False,1,0.7208674252033234
20180321_S00033936_P__F313,20180321_S00033936_P,single,1,0,0,1,1,True,0,0.8974050879478455
20180321_S00033936_P__F314,20180321_S00033936_P,single,1,1,0,1,2,False,1,0.8957235813140869
20180321_S00033936_P__F315,20180321_S00033936_P,multi,2,1,0,2,3,False,1,0.824533998966217
20180321_S00033936_P__F316,20180321_S00033936_P,single,1,3,0,1,4,False,3,0.759249746799469
20180321_S00033936_P__F317,20180321_S00033936_P,multi,3,1,0,3,4,False,1,0.8129423062006632
20180321_S00033936_P__F318,20180321_S00033936_P,single,1,0,0,1,1,True,0,0.9136800765991211
20180321_S00033936_P__F319,20180321_S00033936_P,empty,0,3,0,0,3,False,3,0.0
20180321_S00033936_P__F32,20180321_S00033936_P,multi,0,1,2,2,1,False,1,0.0
20180321_S00033936_P__F320,20180321_S00033936_P,single,1,0,0,1,1,True,0,0.8428557515144348
20180321_S00033936_P__F321,20180321_S00033936_P,single,1,2,0,1,3,False,2,0.9161758422851562
20180321_S00033936_P__F322,20180321_S00033936_P,multi,2,0,0,2,2,True,0,0.9234742820262909
20180321_S00033936_P__F323,20180321_S00033936_P,empty,0,2,0,0,2,False,2,0.0
20180321_S00033936_P__F324,20180321_S00033936_P,single,1,0,0,1,1,True,0,0.8731939196586609
20180321_S00033936_P__F325,20180321_S00033936_P,multi,1,0,1,2,1,False,1,0.834803581237793
20180321_S00033936_P__F326,20180321_S00033936_P,multi,2,0,0,2,2,True,0,0.9142552018165588
20180321_S00033936_P__F327,20180321_S00033936_P,multi,2,0,0,2,2,True,0,0.8740236461162567
20180321_S00033936_P__F328,20180321_S00033936_P,single,1,0,0,1,1,True,0,0.965221107006073
20180321_S00033936_P__F329,20180321_S00033936_P,multi,2,2,0,2,4,False,2,0.7618643045425415
20180321_S00033936_P__F33,20180321_S00033936_P,single,1,0,0,1,1,True,0,0.9088916778564453
20180321_S00033936_P__F330,20180321_S00033936_P,multi,2,0,0,2,2,True,0,0.9253159165382385
20180321_S00033936_P__F331,20180321_S00033936_P,single,1,0,0,1,1,True,0,0.7986528277397156
20180321_S00033936_P__F332,20180321_S00033936_P,single,1,0,0,1,1,True,0,0.9808697700500488
20180321_S00033936_P__F333,20180321_S00033936_P,single,1,1,0,1,2,False,1,0.8518399596214294
20180321_S00033936_P__F334,20180321_S00033936_P,single,1,0,0,1,1,True,0,0.8389825820922852
20180321_S00033936_P__F335,20180321_S00033936_P,multi,3,0,0,3,3,True,0,0.7961491743723551
20180321_S00033936_P__F336,20180321_S00033936_P,empty,0,0,0,0,0,True,0,0.0
20180321_S00033936_P__F337,20180321_S00033936_P,multi,2,0,0,2,2,True,0,0.9075792133808136
20180321_S00033936_P__F338,20180321_S00033936_P,single,1,1,0,1,2,False,1,0.8200132250785828
20180321_S00033936_P__F339,20180321_S00033936_P,multi,1,0,1,2,1,False,1,0.9521118402481079
20180321_S00033936_P__F34,20180321_S00033936_P,multi,1,0,1,2,1,False,1,0.9493729472160339
20180321_S00033936_P__F340,20180321_S00033936_P,single,1,5,0,1,6,False,5,0.6250265836715698
20180321_S00033936_P__F341,20180321_S00033936_P,single,1,0,0,1,1,True,0,0.936122715473175
20180321_S00033936_P__F342,20180321_S00033936_P,single,1,0,0,1,1,True,0,0.9465721249580383
20180321_S00033936_P__F343,20180321_S00033936_P,single,1,0,0,1,1,True,0,0.8913801908493042
20180321_S00033936_P__F344,20180321_S00033936_P,multi,2,0,0,2,2,True,0,0.9620083868503571
20180321_S00033936_P__F345,20180321_S00033936_P,multi,1,1,1,2,2,True,0,0.6153277158737183
20180321_S00033936_P__F346,20180321_S00033936_P,empty,0,0,0,0,0,True,0,0.0
20180321_S00033936_P__F347,20180321_S00033936_P,multi,1,0,1,2,1,False,1,0.8926863670349121
20180321_S00033936_P__F348,20180321_S00033936_P,multi,2,2,1,3,4,False,1,0.7911557555198669
20180321_S00033936_P__F349,20180321_S00033936_P,single,1,1,0,1,2,False,1,0.9190694689750671
20180321_S00033936_P__F35,20180321_S00033936_P,single,1,0,0,1,1,True,0,0.8710240125656128
20180321_S00033936_P__F350,20180321_S00033936_P,single,1,0,0,1,1,True,0,0.9306235909461975
20180321_S00033936_P__F351,20180321_S00033936_P,single,1,0,0,1,1,True,0,0.8915733098983765
20180321_S00033936_P__F352,20180321_S00033936_P,multi,2,0,0,2,2,True,0,0.9472623467445374
20180321_S00033936_P__F353,20180321_S00033936_P,multi,3,1,0,3,4,False,1,0.8287031451861063
20180321_S00033936_P__F354,20180321_S00033936_P,single,1,0,0,1,1,True,0,0.8262814879417419
20180321_S00033936_P__F355,20180321_S00033936_P,single,0,2,1,1,2,False,1,0.0
20180321_S00033936_P__F356,20180321_S00033936_P,single,1,0,0,1,1,True,0,0.9246470928192139
20180321_S00033936_P__F357,20180321_S00033936_P,single,1,1,0,1,2,False,1,0.70287024974823
20180321_S00033936_P__F358,20180321_S00033936_P,multi,3,0,0,3,3,True,0,0.911692202091217
20180321_S00033936_P__F359,20180321_S00033936_P,multi,3,0,0,3,3,True,0,0.7598543961842855
20180321_S00033936_P__F36,20180321_S00033936_P,multi,2,2,0,2,4,False,2,0.7286699712276459
20180321_S00033936_P__F360,20180321_S00033936_P,single,1,0,0,1,1,True,0,0.9429436922073364
20180321_S00033936_P__F361,20180321_S00033936_P,single,1,0,0,1,1,True,0,0.8889223337173462
20180321_S00033936_P__F362,20180321_S00033936_P,single,1,0,0,1,1,True,0,0.9730691909790039
20180321_S00033936_P__F363,20180321_S00033936_P,multi,2,3,0,2,5,False,3,0.5854613184928894
20180321_S00033936_P__F364,20180321_S00033936_P,multi,2,0,0,2,2,True,0,0.7327341139316559
20180321_S00033936_P__F365,20180321_S00033936_P,multi,3,1,0,3,4,False,1,0.9120383659998575
20180321_S00033936_P__F366,20180321_S00033936_P,multi,2,0,0,2,2,True,0,0.9318205416202545
20180321_S00033936_P__F367,20180321_S00033936_P,multi,2,0,0,2,2,True,0,0.8281652927398682
20180321_S00033936_P__F368,20180321_S00033936_P,single,1,0,0,1,1,True,0,0.9268776178359985
20180321_S00033936_P__F369,20180321_S00033936_P,single,1,0,0,1,1,True,0,0.891488790512085
20180321_S00033936_P__F37,20180321_S00033936_P,multi,2,0,1,3,2,False,1,0.8988136351108551
20180321_S00033936_P__F370,20180321_S00033936_P,multi,2,0,1,3,2,False,1,0.8904137909412384
20180321_S00033936_P__F371,20180321_S00033936_P,single,1,0,0,1,1,True,0,0.9859753251075745
20180321_S00033936_P__F372,20180321_S00033936_P,single,1,0,0,1,1,True,0,0.786957323551178
20180321_S00033936_P__F373,20180321_S00033936_P,single,1,1,0,1,2,False,1,0.7277736067771912
20180321_S00033936_P__F374,20180321_S00033936_P,single,1,0,0,1,1,True,0,0.9513697028160095
20180321_S00033936_P__F375,20180321_S00033936_P,multi,2,1,0,2,3,False,1,0.896724671125412
20180321_S00033936_P__F376,20180321_S00033936_P,single,1,3,0,1,4,False,3,0.8588615655899048
20180321_S00033936_P__F377,20180321_S00033936_P,single,1,0,0,1,1,True,0,0.7703986763954163
20180321_S00033936_P__F378,20180321_S00033936_P,multi,2,0,0,2,2,True,0,0.8557880818843842
20180321_S00033936_P__F379,20180321_S00033936_P,single,1,0,0,1,1,True,0,0.8634689450263977
20180321_S00033936_P__F38,20180321_S00033936_P,multi,1,0,2,3,1,False,2,0.9453175663948059
20180321_S00033936_P__F380,20180321_S00033936_P,multi,2,1,0,2,3,False,1,0.9428361356258392
20180321_S00033936_P__F381,20180321_S00033936_P,multi,2,0,0,2,2,True,0,0.9451842606067657
20180321_S00033936_P__F382,20180321_S00033936_P,single,1,0,0,1,1,True,0,0.9329488277435303
20180321_S00033936_P__F383,20180321_S00033936_P,single,1,0,0,1,1,True,0,0.6068885922431946
20180321_S00033936_P__F384,20180321_S00033936_P,single,1,1,0,1,2,False,1,0.9753058552742004
20180321_S00033936_P__F385,20180321_S00033936_P,empty,0,1,0,0,1,False,1,0.0
20180321_S00033936_P__F386,20180321_S00033936_P,single,1,0,0,1,1,True,0,0.9230126142501831
20180321_S00033936_P__F387,20180321_S00033936_P,single,1,0,0,1,1,True,0,0.6811395883560181
20180321_S00033936_P__F388,20180321_S00033936_P,single,1,0,0,1,1,True,0,0.964306116104126
20180321_S00033936_P__F389,20180321_S00033936_P,single,1,0,0,1,1,True,0,0.8638995885848999
20180321_S00033936_P__F39,20180321_S00033936_P,single,1,0,0,1,1,True,0,0.9565132260322571
20180321_S00033936_P__F390,20180321_S00033936_P,single,1,0,0,1,1,True,0,0.7222317457199097
20180321_S00033936_P__F391,20180321_S00033936_P,single,1,0,0,1,1,True,0,0.9556442499160767
20180321_S00033936_P__F392,20180321_S00033936_P,multi,0,0,2,2,0,False,2,0.0
20180321_S00033936_P__F393,20180321_S00033936_P,single,1,1,0,1,2,False,1,0.9420298933982849
20180321_S00033936_P__F394,20180321_S00033936_P,single,1,1,0,1,2,False,1,0.9536720514297485
20180321_S00033936_P__F395,20180321_S00033936_P,multi,4,1,0,4,5,False,1,0.9137945622205734
20180321_S00033936_P__F396,20180321_S00033936_P,single,1,1,0,1,2,False,1,0.8545191287994385
20180321_S00033936_P__F397,20180321_S00033936_P,single,1,0,0,1,1,True,0,0.9209291338920593
20180321_S00033936_P__F398,20180321_S00033936_P,multi,2,0,0,2,2,True,0,0.9098454713821411
20180321_S00033936_P__F399,20180321_S00033936_P,empty,0,1,0,0,1,False,1,0.0
20180321_S00033936_P__F4,20180321_S00033936_P,multi,1,1,1,2,2,True,0,0.7695603966712952
20180321_S00033936_P__F40,20180321_S00033936_P,single,1,0,0,1,1,True,0,0.6647700071334839
20180321_S00033936_P__F400,20180321_S00033936_P,multi,1,2,1,2,3,False,1,0.8671068549156189
20180321_S00033936_P__F401,20180321_S00033936_P,single,1,0,0,1,1,True,0,0.8926591277122498
20180321_S00033936_P__F402,20180321_S00033936_P,empty,0,0,0,0,0,True,0,0.0
20180321_S00033936_P__F403,20180321_S00033936_P,single,1,1,0,1,2,False,1,0.5275302529335022
20180321_S00033936_P__F404,20180321_S00033936_P,multi,2,0,0,2,2,True,0,0.8532306849956512
20180321_S00033936_P__F405,20180321_S00033936_P,single,1,1,0,1,2,False,1,0.955998957157135
20180321_S00033936_P__F406,20180321_S00033936_P,single,1,0,0,1,1,True,0,0.7654443979263306
20180321_S00033936_P__F407,20180321_S00033936_P,multi,1,3,1,2,4,False,2,0.8706266283988953
20180321_S00033936_P__F408,20180321_S00033936_P,multi,2,0,1,3,2,False,1,0.9447089731693268
20180321_S00033936_P__F409,20180321_S00033936_P,multi,1,1,1,2,2,True,0,0.7638281583786011
20180321_S00033936_P__F41,20180321_S00033936_P,single,1,0,0,1,1,True,0,0.700846254825592
20180321_S00033936_P__F410,20180321_S00033936_P,multi,2,0,0,2,2,True,0,0.8712516129016876
20180321_S00033936_P__F411,20180321_S00033936_P,single,1,2,0,1,3,False,2,0.9749155044555664
20180321_S00033936_P__F412,20180321_S00033936_P,single,1,1,0,1,2,False,1,0.9244274497032166
20180321_S00033936_P__F413,20180321_S00033936_P,empty,0,0,0,0,0,True,0,0.0
20180321_S00033936_P__F414,20180321_S00033936_P,single,1,1,0,1,2,False,1,0.6834816932678223
20180321_S00033936_P__F415,20180321_S00033936_P,multi,2,2,0,2,4,False,2,0.8965204656124115
20180321_S00033936_P__F416,20180321_S00033936_P,multi,2,0,0,2,2,True,0,0.8308466374874115
20180321_S00033936_P__F417,20180321_S00033936_P,multi,2,1,0,2,3,False,1,0.9512017369270325
20180321_S00033936_P__F418,20180321_S00033936_P,single,1,0,0,1,1,True,0,0.9015204906463623
20180321_S00033936_P__F419,20180321_S00033936_P,single,1,0,0,1,1,True,0,0.6027336716651917
20180321_S00033936_P__F42,20180321_S00033936_P,single,1,0,0,1,1,True,0,0.9286558628082275
20180321_S00033936_P__F420,20180321_S00033936_P,single,1,0,0,1,1,True,0,0.8680789470672607
20180321_S00033936_P__F421,20180321_S00033936_P,single,1,0,0,1,1,True,0,0.9092340469360352
20180321_S00033936_P__F422,20180321_S00033936_P,multi,4,0,0,4,4,True,0,0.8861033022403717
20180321_S00033936_P__F423,20180321_S00033936_P,single,1,1,0,1,2,False,1,0.9206749796867371
20180321_S00033936_P__F424,20180321_S00033936_P,single,0,3,1,1,3,False,2,0.0
20180321_S00033936_P__F425,20180321_S00033936_P,single,1,0,0,1,1,True,0,0.836103081703186
20180321_S00033936_P__F426,20180321_S00033936_P,single,1,0,0,1,1,True,0,0.8659671545028687
20180321_S00033936_P__F427,20180321_S00033936_P,single,1,0,0,1,1,True,0,0.806021511554718
20180321_S00033936_P__F428,20180321_S00033936_P,multi,2,0,0,2,2,True,0,0.8378739356994629
20180321_S00033936_P__F429,20180321_S00033936_P,single,1,1,0,1,2,False,1,0.6605833172798157
20180321_S00033936_P__F43,20180321_S00033936_P,single,1,2,0,1,3,False,2,0.9441527724266052
20180321_S00033936_P__F430,20180321_S00033936_P,single,0,3,1,1,3,False,2,0.0
20180321_S00033936_P__F431,20180321_S00033936_P,single,1,0,0,1,1,True,0,0.916774332523346
20180321_S00033936_P__F432,20180321_S00033936_P,multi,2,0,0,2,2,True,0,0.8705135881900787
20180321_S00033936_P__F433,20180321_S00033936_P,single,1,0,0,1,1,True,0,0.7954270839691162
20180321_S00033936_P__F434,20180321_S00033936_P,multi,2,0,0,2,2,True,0,0.8129790723323822
20180321_S00033936_P__F435,20180321_S00033936_P,single,1,1,0,1,2,False,1,0.6087427735328674
20180321_S00033936_P__F436,20180321_S00033936_P,single,1,1,0,1,2,False,1,0.6123073697090149
20180321_S00033936_P__F437,20180321_S00033936_P,multi,2,1,0,2,3,False,1,0.9052646458148956
20180321_S00033936_P__F438,20180321_S00033936_P,single,1,2,0,1,3,False,2,0.6835405826568604
20180321_S00033936_P__F439,20180321_S00033936_P,single,0,2,1,1,2,False,1,0.0
20180321_S00033936_P__F44,20180321_S00033936_P,single,1,0,0,1,1,True,0,0.8173263669013977
20180321_S00033936_P__F440,20180321_S00033936_P,single,1,1,0,1,2,False,1,0.8846479058265686
20180321_S00033936_P__F441,20180321_S00033936_P,single,1,0,0,1,1,True,0,0.9597970843315125
20180321_S00033936_P__F442,20180321_S00033936_P,single,1,0,0,1,1,True,0,0.9760047793388367
20180321_S00033936_P__F443,20180321_S00033936_P,single,1,1,0,1,2,False,1,0.9282289147377014
20180321_S00033936_P__F444,20180321_S00033936_P,multi,2,0,0,2,2,True,0,0.7817045450210571
20180321_S00033936_P__F445,20180321_S00033936_P,single,0,4,1,1,4,False,3,0.0
20180321_S00033936_P__F446,20180321_S00033936_P,empty,0,0,0,0,0,True,0,0.0
20180321_S00033936_P__F447,20180321_S00033936_P,single,1,0,0,1,1,True,0,0.8645915985107422
20180321_S00033936_P__F448,20180321_S00033936_P,multi,3,1,0,3,4,False,1,0.8261202176411947
20180321_S00033936_P__F449,20180321_S00033936_P,single,1,0,0,1,1,True,0,0.8582398891448975
20180321_S00033936_P__F45,20180321_S00033936_P,multi,1,0,1,2,1,False,1,0.7060720324516296
20180321_S00033936_P__F450,20180321_S00033936_P,single,1,1,0,1,2,False,1,0.7182498574256897
20180321_S00033936_P__F451,20180321_S00033936_P,single,1,2,0,1,3,False,2,0.5636104941368103
20180321_S00033936_P__F452,20180321_S00033936_P,single,1,1,0,1,2,False,1,0.6059996485710144
20180321_S00033936_P__F453,20180321_S00033936_P,multi,2,0,0,2,2,True,0,0.8736729919910431
20180321_S00033936_P__F454,20180321_S00033936_P,single,1,0,0,1,1,True,0,0.5504991412162781
20180321_S00033936_P__F455,20180321_S00033936_P,single,1,1,0,1,2,False,1,0.8951815366744995
20180321_S00033936_P__F456,20180321_S00033936_P,empty,0,2,0,0,2,False,2,0.0
20180321_S00033936_P__F457,20180321_S00033936_P,single,1,1,0,1,2,False,1,0.9448598623275757
20180321_S00033936_P__F458,20180321_S00033936_P,single,1,0,0,1,1,True,0,0.8713764548301697
20180321_S00033936_P__F459,20180321_S00033936_P,multi,2,2,0,2,4,False,2,0.8533970415592194
20180321_S00033936_P__F46,20180321_S00033936_P,multi,4,0,0,4,4,True,0,0.8188147842884064
20180321_S00033936_P__F460,20180321_S00033936_P,single,0,3,1,1,3,False,2,0.0
20180321_S00033936_P__F461,20180321_S00033936_P,multi,3,0,0,3,3,True,0,0.9133184949556986
20180321_S00033936_P__F462,20180321_S00033936_P,single,0,1,1,1,1,True,0,0.0
20180321_S00033936_P__F463,20180321_S00033936_P,single,0,2,1,1,2,False,1,0.0
20180321_S00033936_P__F464,20180321_S00033936_P,multi,3,1,0,3,4,False,1,0.7839807073275248
20180321_S00033936_P__F465,20180321_S00033936_P,multi,2,0,0,2,2,True,0,0.7926475703716278
20180321_S00033936_P__F466,20180321_S00033936_P,multi,2,0,0,2,2,True,0,0.8962155878543854
20180321_S00033936_P__F467,20180321_S00033936_P,single,1,2,0,1,3,False,2,0.5658301115036011
20180321_S00033936_P__F468,20180321_S00033936_P,single,1,0,0,1,1,True,0,0.9602328538894653
20180321_S00033936_P__F469,20180321_S00033936_P,single,1,2,0,1,3,False,2,0.8558180928230286
20180321_S00033936_P__F47,20180321_S00033936_P,single,1,1,0,1,2,False,1,0.8701054453849792
20180321_S00033936_P__F470,20180321_S00033936_P,single,1,0,0,1,1,True,0,0.9184283018112183
20180321_S00033936_P__F471,20180321_S00033936_P,multi,2,0,0,2,2,True,0,0.946130096912384
20180321_S00033936_P__F472,20180321_S00033936_P,multi,2,0,0,2,2,True,0,0.9362040758132935
20180321_S00033936_P__F473,20180321_S00033936_P,multi,1,2,1,2,3,False,1,0.902609646320343
20180321_S00033936_P__F474,20180321_S00033936_P,single,0,6,1,1,6,False,5,0.0
20180321_S00033936_P__F475,20180321_S00033936_P,multi,2,2,0,2,4,False,2,0.8934884369373322
20180321_S00033936_P__F476,20180321_S00033936_P,single,1,1,0,1,2,False,1,0.5773820281028748
20180321_S00033936_P__F477,20180321_S00033936_P,single,1,0,0,1,1,True,0,0.9696748852729797
20180321_S00033936_P__F478,20180321_S00033936_P,single,1,0,0,1,1,True,0,0.8258023858070374
20180321_S00033936_P__F479,20180321_S00033936_P,single,1,1,0,1,2,False,1,0.8695266842842102
20180321_S00033936_P__F48,20180321_S00033936_P,single,1,1,0,1,2,False,1,0.93617844581604
20180321_S00033936_P__F480,20180321_S00033936_P,single,1,0,0,1,1,True,0,0.8897444009780884
20180321_S00033936_P__F481,20180321_S00033936_P,multi,0,3,2,2,3,False,1,0.0
20180321_S00033936_P__F482,20180321_S00033936_P,single,1,0,0,1,1,True,0,0.8678510189056396
20180321_S00033936_P__F483,20180321_S00033936_P,single,1,2,0,1,3,False,2,0.9028822183609009
20180321_S00033936_P__F484,20180321_S00033936_P,multi,2,1,0,2,3,False,1,0.933028370141983
20180321_S00033936_P__F485,20180321_S00033936_P,empty,0,0,0,0,0,True,0,0.0
20180321_S00033936_P__F486,20180321_S00033936_P,single,1,0,0,1,1,True,0,0.8833308815956116
20180321_S00033936_P__F487,20180321_S00033936_P,single,1,1,0,1,2,False,1,0.9301326274871826
20180321_S00033936_P__F488,20180321_S00033936_P,multi,3,0,0,3,3,True,0,0.8830954233805338
20180321_S00033936_P__F489,20180321_S00033936_P,multi,3,0,0,3,3,True,0,0.9084089398384094
20180321_S00033936_P__F49,20180321_S00033936_P,multi,2,0,0,2,2,True,0,0.8685370981693268
20180321_S00033936_P__F490,20180321_S00033936_P,single,1,1,0,1,2,False,1,0.6885472536087036
20180321_S00033936_P__F491,20180321_S00033936_P,multi,2,0,0,2,2,True,0,0.8943982422351837
20180321_S00033936_P__F492,20180321_S00033936_P,empty,0,1,0,0,1,False,1,0.0
20180321_S00033936_P__F493,20180321_S00033936_P,multi,3,0,0,3,3,True,0,0.8102845350901285
20180321_S00033936_P__F494,20180321_S00033936_P,multi,2,1,1,3,3,True,0,0.7184386253356934
20180321_S00033936_P__F495,20180321_S00033936_P,multi,4,0,0,4,4,True,0,0.8243445158004761
20180321_S00033936_P__F496,20180321_S00033936_P,single,1,1,0,1,2,False,1,0.8060232996940613
20180321_S00033936_P__F497,20180321_S00033936_P,single,0,1,1,1,1,True,0,0.0
20180321_S00033936_P__F498,20180321_S00033936_P,empty,0,0,0,0,0,True,0,0.0
20180321_S00033936_P__F499,20180321_S00033936_P,single,1,0,0,1,1,True,0,0.949924647808075
20180321_S00033936_P__F5,20180321_S00033936_P,multi,2,3,0,2,5,False,3,0.901162326335907
20180321_S00033936_P__F50,20180321_S00033936_P,single,1,0,0,1,1,True,0,0.9576447010040283
20180321_S00033936_P__F500,20180321_S00033936_P,empty,0,1,0,0,1,False,1,0.0
20180321_S00033936_P__F501,20180321_S00033936_P,single,1,0,0,1,1,True,0,0.8907252550125122
20180321_S00033936_P__F502,20180321_S00033936_P,empty,0,0,0,0,0,True,0,0.0
20180321_S00033936_P__F503,20180321_S00033936_P,multi,2,2,0,2,4,False,2,0.9134592413902283
20180321_S00033936_P__F504,20180321_S00033936_P,single,1,0,0,1,1,True,0,0.9476086497306824
20180321_S00033936_P__F505,20180321_S00033936_P,single,1,1,0,1,2,False,1,0.5479938983917236
20180321_S00033936_P__F506,20180321_S00033936_P,empty,0,0,0,0,0,True,0,0.0
20180321_S00033936_P__F507,20180321_S00033936_P,empty,0,2,0,0,2,False,2,0.0
20180321_S00033936_P__F508,20180321_S00033936_P,single,1,0,0,1,1,True,0,0.8969995975494385
20180321_S00033936_P__F509,20180321_S00033936_P,single,1,0,0,1,1,True,0,0.9768517017364502
20180321_S00033936_P__F51,20180321_S00033936_P,multi,2,1,0,2,3,False,1,0.8460443913936615
20180321_S00033936_P__F510,20180321_S00033936_P,single,1,1,0,1,2,False,1,0.5503907799720764
20180321_S00033936_P__F511,20180321_S00033936_P,multi,1,2,1,2,3,False,1,0.9533563256263733
20180321_S00033936_P__F512,20180321_S00033936_P,single,1,2,0,1,3,False,2,0.9007037878036499
20180321_S00033936_P__F513,20180321_S00033936_P,single,1,2,0,1,3,False,2,0.7114089727401733
20180321_S00033936_P__F514,20180321_S00033936_P,multi,2,0,0,2,2,True,0,0.8987694084644318
20180321_S00033936_P__F515,20180321_S00033936_P,empty,0,2,0,0,2,False,2,0.0
20180321_S00033936_P__F516,20180321_S00033936_P,empty,0,4,0,0,4,False,4,0.0
20180321_S00033936_P__F517,20180321_S00033936_P,single,1,0,0,1,1,True,0,0.6077455878257751
20180321_S00033936_P__F518,20180321_S00033936_P,empty,0,0,0,0,0,True,0,0.0
20180321_S00033936_P__F519,20180321_S00033936_P,multi,2,0,0,2,2,True,0,0.8722447156906128
20180321_S00033936_P__F52,20180321_S00033936_P,single,1,0,0,1,1,True,0,0.9090561866760254
20180321_S00033936_P__F520,20180321_S00033936_P,single,1,0,0,1,1,True,0,0.9400047063827515
20180321_S00033936_P__F521,20180321_S00033936_P,single,1,0,0,1,1,True,0,0.7714067101478577
20180321_S00033936_P__F522,20180321_S00033936_P,single,1,2,0,1,3,False,2,0.9680604338645935
20180321_S00033936_P__F523,20180321_S00033936_P,single,1,0,0,1,1,True,0,0.8453946709632874
20180321_S00033936_P__F524,20180321_S00033936_P,single,1,0,0,1,1,True,0,0.8725674748420715
20180321_S00033936_P__F525,20180321_S00033936_P,multi,2,0,0,2,2,True,0,0.7400633990764618
20180321_S00033936_P__F526,20180321_S00033936_P,single,1,0,0,1,1,True,0,0.8820522427558899
20180321_S00033936_P__F527,20180321_S00033936_P,single,1,1,0,1,2,False,1,0.9422406554222107
20180321_S00033936_P__F528,20180321_S00033936_P,single,1,0,0,1,1,True,0,0.9081382751464844
20180321_S00033936_P__F529,20180321_S00033936_P,single,1,0,0,1,1,True,0,0.969554603099823
20180321_S00033936_P__F53,20180321_S00033936_P,multi,2,3,0,2,5,False,3,0.5145659148693085
20180321_S00033936_P__F530,20180321_S00033936_P,single,1,0,0,1,1,True,0,0.9087494015693665
20180321_S00033936_P__F531,20180321_S00033936_P,multi,2,0,0,2,2,True,0,0.9260408580303192
20180321_S00033936_P__F532,20180321_S00033936_P,multi,1,0,1,2,1,False,1,0.8666338324546814
20180321_S00033936_P__F533,20180321_S00033936_P,multi,1,3,1,2,4,False,2,0.9697834849357605
20180321_S00033936_P__F534,20180321_S00033936_P,multi,1,2,1,2,3,False,1,0.9085100293159485
20180321_S00033936_P__F535,20180321_S00033936_P,single,1,1,0,1,2,False,1,0.8413810133934021
20180321_S00033936_P__F536,20180321_S00033936_P,single,0,1,1,1,1,True,0,0.0
20180321_S00033936_P__F537,20180321_S00033936_P,single,1,1,0,1,2,False,1,0.9698946475982666
20180321_S00033936_P__F538,20180321_S00033936_P,multi,3,0,0,3,3,True,0,0.8340430657068888
20180321_S00033936_P__F539,20180321_S00033936_P,single,1,2,0,1,3,False,2,0.5131154656410217
20180321_S00033936_P__F54,20180321_S00033936_P,single,1,0,0,1,1,True,0,0.7457060813903809
20180321_S00033936_P__F540,20180321_S00033936_P,single,1,0,0,1,1,True,0,0.7353768944740295
20180321_S00033936_P__F541,20180321_S00033936_P,single,1,0,0,1,1,True,0,0.9734578728675842
20180321_S00033936_P__F542,20180321_S00033936_P,multi,2,0,0,2,2,True,0,0.9312222301959991
20180321_S00033936_P__F543,20180321_S00033936_P,multi,2,0,0,2,2,True,0,0.8897218704223633
20180321_S00033936_P__F544,20180321_S00033936_P,single,1,1,0,1,2,False,1,0.7578808069229126
20180321_S00033936_P__F545,20180321_S00033936_P,single,1,0,0,1,1,True,0,0.6473695039749146
20180321_S00033936_P__F546,20180321_S00033936_P,empty,0,0,0,0,0,True,0,0.0
20180321_S00033936_P__F547,20180321_S00033936_P,single,1,0,0,1,1,True,0,0.7225548028945923
20180321_S00033936_P__F548,20180321_S00033936_P,single,1,0,0,1,1,True,0,0.9170426726341248
20180321_S00033936_P__F549,20180321_S00033936_P,single,1,0,0,1,1,True,0,0.9016838073730469
20180321_S00033936_P__F55,20180321_S00033936_P,multi,3,0,0,3,3,True,0,0.851850152015686
20180321_S00033936_P__F550,20180321_S00033936_P,multi,2,0,0,2,2,True,0,0.812130481004715
20180321_S00033936_P__F551,20180321_S00033936_P,single,1,0,0,1,1,True,0,0.9207831025123596
20180321_S00033936_P__F552,20180321_S00033936_P,single,1,0,0,1,1,True,0,0.8947783708572388
20180321_S00033936_P__F553,20180321_S00033936_P,multi,3,2,0,3,5,False,2,0.7824098865191141
20180321_S00033936_P__F554,20180321_S00033936_P,empty,0,1,0,0,1,False,1,0.0
20180321_S00033936_P__F555,20180321_S00033936_P,single,1,1,0,1,2,False,1,0.6034824252128601
20180321_S00033936_P__F556,20180321_S00033936_P,single,1,1,0,1,2,False,1,0.5688526630401611
20180321_S00033936_P__F557,20180321_S00033936_P,single,1,0,0,1,1,True,0,0.8721588253974915
20180321_S00033936_P__F558,20180321_S00033936_P,empty,0,0,0,0,0,True,0,0.0
20180321_S00033936_P__F559,20180321_S00033936_P,empty,0,0,0,0,0,True,0,0.0
20180321_S00033936_P__F56,20180321_S00033936_P,empty,0,2,0,0,2,False,2,0.0
20180321_S00033936_P__F560,20180321_S00033936_P,multi,3,1,0,3,4,False,1,0.9014724095662435
20180321_S00033936_P__F561,20180321_S00033936_P,multi,2,0,0,2,2,True,0,0.8776696920394897
20180321_S00033936_P__F562,20180321_S00033936_P,single,1,1,0,1,2,False,1,0.963298499584198
20180321_S00033936_P__F563,20180321_S00033936_P,multi,3,0,0,3,3,True,0,0.7650289138158163
20180321_S00033936_P__F564,20180321_S00033936_P,single,1,0,0,1,1,True,0,0.8907763957977295
20180321_S00033936_P__F565,20180321_S00033936_P,single,1,0,0,1,1,True,0,0.8794033527374268
20180321_S00033936_P__F566,20180321_S00033936_P,single,1,0,0,1,1,True,0,0.8053929209709167
20180321_S00033936_P__F567,20180321_S00033936_P,empty,0,0,0,0,0,True,0,0.0
20180321_S00033936_P__F568,20180321_S00033936_P,multi,2,2,0,2,4,False,2,0.9243175685405731
20180321_S00033936_P__F569,20180321_S00033936_P,single,1,0,0,1,1,True,0,0.9516812562942505
20180321_S00033936_P__F57,20180321_S00033936_P,single,1,0,0,1,1,True,0,0.8062346577644348
20180321_S00033936_P__F570,20180321_S00033936_P,single,1,1,0,1,2,False,1,0.9693941473960876
20180321_S00033936_P__F571,20180321_S00033936_P,single,1,1,0,1,2,False,1,0.8756938576698303
20180321_S00033936_P__F572,20180321_S00033936_P,empty,0,0,0,0,0,True,0,0.0
20180321_S00033936_P__F573,20180321_S00033936_P,single,1,1,0,1,2,False,1,0.8552144765853882
20180321_S00033936_P__F574,20180321_S00033936_P,single,1,0,0,1,1,True,0,0.9123431444168091
20180321_S00033936_P__F575,20180321_S00033936_P,single,1,1,0,1,2,False,1,0.9030314683914185
20180321_S00033936_P__F576,20180321_S00033936_P,single,1,0,0,1,1,True,0,0.7983168363571167
20180321_S00033936_P__F577,20180321_S00033936_P,single,1,0,0,1,1,True,0,0.9030024409294128
20180321_S00033936_P__F578,20180321_S00033936_P,multi,2,1,0,2,3,False,1,0.8031453788280487
20180321_S00033936_P__F579,20180321_S00033936_P,multi,3,0,0,3,3,True,0,0.8556963205337524
20180321_S00033936_P__F58,20180321_S00033936_P,multi,1,0,1,2,1,False,1,0.9280309677124023
20180321_S00033936_P__F580,20180321_S00033936_P,single,1,0,0,1,1,True,0,0.7084822058677673
20180321_S00033936_P__F581,20180321_S00033936_P,multi,2,1,0,2,3,False,1,0.7822689712047577
20180321_S00033936_P__F582,20180321_S00033936_P,single,1,0,0,1,1,True,0,0.7194262742996216
20180321_S00033936_P__F583,20180321_S00033936_P,single,1,0,0,1,1,True,0,0.896842896938324
20180321_S00033936_P__F584,20180321_S00033936_P,single,1,0,0,1,1,True,0,0.7611454129219055
20180321_S00033936_P__F585,20180321_S00033936_P,multi,1,1,1,2,2,True,0,0.9703168272972107
20180321_S00033936_P__F586,20180321_S00033936_P,single,1,0,0,1,1,True,0,0.9451017379760742
20180321_S00033936_P__F587,20180321_S00033936_P,empty,0,2,0,0,2,False,2,0.0
20180321_S00033936_P__F588,20180321_S00033936_P,single,1,1,0,1,2,False,1,0.718445360660553
20180321_S00033936_P__F589,20180321_S00033936_P,single,1,0,0,1,1,True,0,0.8244694471359253
20180321_S00033936_P__F59,20180321_S00033936_P,single,1,0,0,1,1,True,0,0.9228927493095398
20180321_S00033936_P__F590,20180321_S00033936_P,single,1,0,0,1,1,True,0,0.5858179330825806
20180321_S00033936_P__F591,20180321_S00033936_P,single,1,0,0,1,1,True,0,0.8743411302566528
20180321_S00033936_P__F592,20180321_S00033936_P,single,1,2,0,1,3,False,2,0.8139615654945374
20180321_S00033936_P__F593,20180321_S00033936_P,single,1,3,0,1,4,False,3,0.6001955270767212
20180321_S00033936_P__F594,20180321_S00033936_P,single,1,2,0,1,3,False,2,0.8408784866333008
20180321_S00033936_P__F595,20180321_S00033936_P,multi,2,1,0,2,3,False,1,0.8863053619861603
20180321_S00033936_P__F596,20180321_S00033936_P,empty,0,0,0,0,0,True,0,0.0
20180321_S00033936_P__F597,20180321_S00033936_P,empty,0,0,0,0,0,True,0,0.0
20180321_S00033936_P__F598,20180321_S00033936_P,single,1,0,0,1,1,True,0,0.8493471145629883
20180321_S00033936_P__F599,20180321_S00033936_P,single,1,0,0,1,1,True,0,0.9566138386726379
20180321_S00033936_P__F6,20180321_S00033936_P,single,1,0,0,1,1,True,0,0.8640179634094238
20180321_S00033936_P__F60,20180321_S00033936_P,single,1,0,0,1,1,True,0,0.7688823342323303
20180321_S00033936_P__F600,20180321_S00033936_P,multi,3,2,0,3,5,False,2,0.7598265012105306
20180321_S00033936_P__F601,20180321_S00033936_P,single,1,0,0,1,1,True,0,0.8557689785957336
20180321_S00033936_P__F602,20180321_S00033936_P,empty,0,1,0,0,1,False,1,0.0
20180321_S00033936_P__F603,20180321_S00033936_P,multi,2,0,0,2,2,True,0,0.906059980392456
20180321_S00033936_P__F604,20180321_S00033936_P,multi,3,1,0,3,4,False,1,0.7001427213350931
20180321_S00033936_P__F605,20180321_S00033936_P,single,1,1,0,1,2,False,1,0.89938884973526
20180321_S00033936_P__F606,20180321_S00033936_P,single,1,0,0,1,1,True,0,0.9340085387229919
20180321_S00033936_P__F607,20180321_S00033936_P,multi,2,1,0,2,3,False,1,0.9080495536327362
20180321_S00033936_P__F608,20180321_S00033936_P,single,1,0,0,1,1,True,0,0.8019862174987793
20180321_S00033936_P__F609,20180321_S00033936_P,multi,2,1,0,2,3,False,1,0.822260320186615
20180321_S00033936_P__F61,20180321_S00033936_P,multi,2,0,0,2,2,True,0,0.8064093589782715
20180321_S00033936_P__F610,20180321_S00033936_P,single,1,1,0,1,2,False,1,0.7975654602050781
20180321_S00033936_P__F611,20180321_S00033936_P,multi,1,2,1,2,3,False,1,0.9538361430168152
20180321_S00033936_P__F612,20180321_S00033936_P,single,1,1,0,1,2,False,1,0.6938148736953735
20180321_S00033936_P__F613,20180321_S00033936_P,multi,1,1,2,3,2,False,1,0.9296821355819702
20180321_S00033936_P__F614,20180321_S00033936_P,single,1,0,0,1,1,True,0,0.9202810525894165
20180321_S00033936_P__F615,20180321_S00033936_P,multi,3,1,0,3,4,False,1,0.9138007958730062
20180321_S00033936_P__F616,20180321_S00033936_P,multi,3,2,0,3,5,False,2,0.7874341408411661
20180321_S00033936_P__F617,20180321_S00033936_P,multi,2,1,0,2,3,False,1,0.7927780449390411
20180321_S00033936_P__F618,20180321_S00033936_P,single,1,1,0,1,2,False,1,0.9233317375183105
20180321_S00033936_P__F619,20180321_S00033936_P,multi,2,1,0,2,3,False,1,0.9082615375518799
20180321_S00033936_P__F62,20180321_S00033936_P,single,1,1,0,1,2,False,1,0.9552428722381592
20180321_S00033936_P__F620,20180321_S00033936_P,single,1,2,0,1,3,False,2,0.8750308156013489
20180321_S00033936_P__F621,20180321_S00033936_P,multi,2,0,1,3,2,False,1,0.8979304432868958
20180321_S00033936_P__F622,20180321_S00033936_P,multi,2,0,1,3,2,False,1,0.9360266327857971
20180321_S00033936_P__F623,20180321_S00033936_P,multi,3,0,0,3,3,True,0,0.7979115843772888
20180321_S00033936_P__F624,20180321_S00033936_P,single,1,0,0,1,1,True,0,0.8362614512443542
20180321_S00033936_P__F625,20180321_S00033936_P,empty,0,0,0,0,0,True,0,0.0
20180321_S00033936_P__F626,20180321_S00033936_P,single,1,0,0,1,1,True,0,0.7179712057113647
20180321_S00033936_P__F627,20180321_S00033936_P,empty,0,1,0,0,1,False,1,0.0
20180321_S00033936_P__F628,20180321_S00033936_P,single,1,0,0,1,1,True,0,0.9316094517707825
20180321_S00033936_P__F629,20180321_S00033936_P,single,1,0,0,1,1,True,0,0.9569657444953918
20180321_S00033936_P__F63,20180321_S00033936_P,single,1,2,0,1,3,False,2,0.8568878769874573
20180321_S00033936_P__F630,20180321_S00033936_P,single,1,3,0,1,4,False,3,0.7220335006713867
20180321_S00033936_P__F631,20180321_S00033936_P,single,1,1,0,1,2,False,1,0.9803171753883362
20180321_S00033936_P__F632,20180321_S00033936_P,single,1,1,0,1,2,False,1,0.7740229368209839
20180321_S00033936_P__F633,20180321_S00033936_P,single,1,1,0,1,2,False,1,0.9368991851806641
20180321_S00033936_P__F634,20180321_S00033936_P,single,1,0,0,1,1,True,0,0.8681826591491699
20180321_S00033936_P__F635,20180321_S00033936_P,single,1,0,0,1,1,True,0,0.9018924236297607
20180321_S00033936_P__F636,20180321_S00033936_P,multi,3,0,0,3,3,True,0,0.9379241665204366
20180321_S00033936_P__F637,20180321_S00033936_P,single,1,1,0,1,2,False,1,0.8950703144073486
20180321_S00033936_P__F638,20180321_S00033936_P,multi,1,1,1,2,2,True,0,0.8409867882728577
20180321_S00033936_P__F639,20180321_S00033936_P,single,1,0,0,1,1,True,0,0.960841178894043
20180321_S00033936_P__F64,20180321_S00033936_P,single,1,0,0,1,1,True,0,0.8765305876731873
20180321_S00033936_P__F640,20180321_S00033936_P,single,1,0,0,1,1,True,0,0.9658330678939819
20180321_S00033936_P__F641,20180321_S00033936_P,single,1,0,0,1,1,True,0,0.946002721786499
20180321_S00033936_P__F642,20180321_S00033936_P,multi,2,0,0,2,2,True,0,0.8972153961658478
20180321_S00033936_P__F643,20180321_S00033936_P,single,1,2,0,1,3,False,2,0.9465673565864563
20180321_S00033936_P__F644,20180321_S00033936_P,multi,2,0,0,2,2,True,0,0.8194135427474976
20180321_S00033936_P__F645,20180321_S00033936_P,single,1,1,0,1,2,False,1,0.9227296113967896
20180321_S00033936_P__F646,20180321_S00033936_P,single,1,0,0,1,1,True,0,0.8943191170692444
20180321_S00033936_P__F647,20180321_S00033936_P,single,1,0,0,1,1,True,0,0.8747142553329468
20180321_S00033936_P__F648,20180321_S00033936_P,single,1,1,0,1,2,False,1,0.789722740650177
20180321_S00033936_P__F649,20180321_S00033936_P,multi,2,0,0,2,2,True,0,0.7917286455631256
20180321_S00033936_P__F65,20180321_S00033936_P,single,1,0,0,1,1,True,0,0.9709740877151489
20180321_S00033936_P__F650,20180321_S00033936_P,single,1,0,0,1,1,True,0,0.9064664244651794
20180321_S00033936_P__F651,20180321_S00033936_P,multi,2,0,0,2,2,True,0,0.8489711880683899
20180321_S00033936_P__F652,20180321_S00033936_P,multi,2,2,0,2,4,False,2,0.8963921964168549
20180321_S00033936_P__F653,20180321_S00033936_P,single,1,0,0,1,1,True,0,0.5227245688438416
20180321_S00033936_P__F654,20180321_S00033936_P,multi,2,1,0,2,3,False,1,0.7424444556236267
20180321_S00033936_P__F655,20180321_S00033936_P,single,1,0,0,1,1,True,0,0.5226774215698242
20180321_S00033936_P__F656,20180321_S00033936_P,empty,0,2,0,0,2,False,2,0.0
20180321_S00033936_P__F657,20180321_S00033936_P,single,0,3,1,1,3,False,2,0.0
20180321_S00033936_P__F658,20180321_S00033936_P,single,0,2,1,1,2,False,1,0.0
20180321_S00033936_P__F659,20180321_S00033936_P,single,1,1,0,1,2,False,1,0.7686212658882141
20180321_S00033936_P__F66,20180321_S00033936_P,multi,3,2,1,4,5,False,1,0.892691969871521
20180321_S00033936_P__F660,20180321_S00033936_P,multi,1,4,1,2,5,False,3,0.8596799373626709
20180321_S00033936_P__F661,20180321_S00033936_P,empty,0,2,0,0,2,False,2,0.0
20180321_S00033936_P__F662,20180321_S00033936_P,single,1,1,0,1,2,False,1,0.7708148956298828
20180321_S00033936_P__F663,20180321_S00033936_P,single,1,0,0,1,1,True,0,0.8972512483596802
20180321_S00033936_P__F664,20180321_S00033936_P,single,1,1,0,1,2,False,1,0.6235474348068237
20180321_S00033936_P__F665,20180321_S00033936_P,single,1,0,0,1,1,True,0,0.9343904256820679
20180321_S00033936_P__F666,20180321_S00033936_P,empty,0,2,0,0,2,False,2,0.0
20180321_S00033936_P__F667,20180321_S00033936_P,single,1,1,0,1,2,False,1,0.8619468212127686
20180321_S00033936_P__F668,20180321_S00033936_P,single,1,1,0,1,2,False,1,0.9045577049255371
20180321_S00033936_P__F669,20180321_S00033936_P,single,1,0,0,1,1,True,0,0.8921895027160645
20180321_S00033936_P__F67,20180321_S00033936_P,multi,1,0,1,2,1,False,1,0.9517959356307983
20180321_S00033936_P__F670,20180321_S00033936_P,single,1,2,0,1,3,False,2,0.5763936042785645
20180321_S00033936_P__F671,20180321_S00033936_P,single,0,1,1,1,1,True,0,0.0
20180321_S00033936_P__F672,20180321_S00033936_P,empty,0,0,0,0,0,True,0,0.0
20180321_S00033936_P__F673,20180321_S00033936_P,multi,1,4,1,2,5,False,3,0.9147831201553345
20180321_S00033936_P__F674,20180321_S00033936_P,single,1,1,0,1,2,False,1,0.8787513971328735
20180321_S00033936_P__F675,20180321_S00033936_P,empty,0,1,0,0,1,False,1,0.0
20180321_S00033936_P__F676,20180321_S00033936_P,single,1,0,0,1,1,True,0,0.8573669791221619
20180321_S00033936_P__F677,20180321_S00033936_P,single,1,0,0,1,1,True,0,0.8724035620689392
20180321_S00033936_P__F678,20180321_S00033936_P,multi,4,0,0,4,4,True,0,0.894280731678009
20180321_S00033936_P__F679,20180321_S00033936_P,single,1,0,0,1,1,True,0,0.8842337727546692
20180321_S00033936_P__F68,20180321_S00033936_P,multi,2,0,0,2,2,True,0,0.9321368932723999
20180321_S00033936_P__F680,20180321_S00033936_P,single,1,0,0,1,1,True,0,0.8185123801231384
20180321_S00033936_P__F681,20180321_S00033936_P,single,1,1,0,1,2,False,1,0.7456294894218445
20180321_S00033936_P__F682,20180321_S00033936_P,multi,2,1,0,2,3,False,1,0.8046600520610809
20180321_S00033936_P__F683,20180321_S00033936_P,single,1,0,0,1,1,True,0,0.6405311822891235
20180321_S00033936_P__F684,20180321_S00033936_P,single,1,0,0,1,1,True,0,0.91617351770401
20180321_S00033936_P__F685,20180321_S00033936_P,single,1,0,0,1,1,True,0,0.761648416519165
20180321_S00033936_P__F686,20180321_S00033936_P,single,1,0,0,1,1,True,0,0.7607430815696716
20180321_S00033936_P__F687,20180321_S00033936_P,multi,1,0,1,2,1,False,1,0.9119484424591064
20180321_S00033936_P__F688,20180321_S00033936_P,single,1,0,0,1,1,True,0,0.885396420955658
20180321_S00033936_P__F689,20180321_S00033936_P,multi,2,0,0,2,2,True,0,0.9636456668376923
20180321_S00033936_P__F69,20180321_S00033936_P,multi,1,2,1,2,3,False,1,0.8678339719772339
20180321_S00033936_P__F690,20180321_S00033936_P,multi,3,0,0,3,3,True,0,0.8905655741691589
20180321_S00033936_P__F691,20180321_S00033936_P,single,1,1,0,1,2,False,1,0.8491454720497131
20180321_S00033936_P__F692,20180321_S00033936_P,single,1,0,0,1,1,True,0,0.7028788328170776
20180321_S00033936_P__F693,20180321_S00033936_P,single,1,0,0,1,1,True,0,0.9665394425392151
20180321_S00033936_P__F694,20180321_S00033936_P,multi,2,0,0,2,2,True,0,0.8515859842300415
20180321_S00033936_P__F695,20180321_S00033936_P,multi,2,1,0,2,3,False,1,0.8422063887119293
20180321_S00033936_P__F696,20180321_S00033936_P,single,0,2,1,1,2,False,1,0.0
20180321_S00033936_P__F697,20180321_S00033936_P,single,1,0,0,1,1,True,0,0.9347772002220154
20180321_S00033936_P__F698,20180321_S00033936_P,multi,2,0,0,2,2,True,0,0.8761062920093536
20180321_S00033936_P__F699,20180321_S00033936_P,single,1,0,0,1,1,True,0,0.8894674777984619
20180321_S00033936_P__F7,20180321_S00033936_P,multi,2,1,0,2,3,False,1,0.8769439160823822
20180321_S00033936_P__F70,20180321_S00033936_P,single,1,0,0,1,1,True,0,0.9291037321090698
20180321_S00033936_P__F700,20180321_S00033936_P,single,1,2,0,1,3,False,2,0.9216743111610413
20180321_S00033936_P__F701,20180321_S00033936_P,single,1,3,0,1,4,False,3,0.5488083362579346
20180321_S00033936_P__F702,20180321_S00033936_P,empty,0,2,0,0,2,False,2,0.0
20180321_S00033936_P__F703,20180321_S00033936_P,single,1,1,0,1,2,False,1,0.9122341871261597
20180321_S00033936_P__F704,20180321_S00033936_P,single,1,0,0,1,1,True,0,0.9672533869743347
20180321_S00033936_P__F705,20180321_S00033936_P,single,1,0,0,1,1,True,0,0.8216132521629333
20180321_S00033936_P__F706,20180321_S00033936_P,single,1,1,0,1,2,False,1,0.9037609696388245
20180321_S00033936_P__F707,20180321_S00033936_P,single,1,0,0,1,1,True,0,0.9372791647911072
20180321_S00033936_P__F708,20180321_S00033936_P,single,1,1,0,1,2,False,1,0.7652050256729126
20180321_S00033936_P__F709,20180321_S00033936_P,single,1,0,0,1,1,True,0,0.8171964883804321
20180321_S00033936_P__F71,20180321_S00033936_P,multi,2,0,0,2,2,True,0,0.8078031837940216
20180321_S00033936_P__F710,20180321_S00033936_P,single,1,0,0,1,1,True,0,0.897641658782959
20180321_S00033936_P__F711,20180321_S00033936_P,multi,3,1,0,3,4,False,1,0.8222658832867941
20180321_S00033936_P__F712,20180321_S00033936_P,multi,3,1,0,3,4,False,1,0.7661822438240051
20180321_S00033936_P__F713,20180321_S00033936_P,single,1,0,0,1,1,True,0,0.8475208282470703
20180321_S00033936_P__F714,20180321_S00033936_P,single,1,0,0,1,1,True,0,0.8942294716835022
20180321_S00033936_P__F715,20180321_S00033936_P,multi,2,1,0,2,3,False,1,0.9108111560344696
20180321_S00033936_P__F716,20180321_S00033936_P,empty,0,0,0,0,0,True,0,0.0
20180321_S00033936_P__F717,20180321_S00033936_P,single,1,2,0,1,3,False,2,0.9600764513015747
20180321_S00033936_P__F718,20180321_S00033936_P,multi,2,3,0,2,5,False,3,0.7272403240203857
20180321_S00033936_P__F719,20180321_S00033936_P,multi,3,1,0,3,4,False,1,0.9212894638379415
20180321_S00033936_P__F72,20180321_S00033936_P,empty,0,0,0,0,0,True,0,0.0
20180321_S00033936_P__F720,20180321_S00033936_P,multi,4,0,0,4,4,True,0,0.8662895709276199
20180321_S00033936_P__F721,20180321_S00033936_P,single,1,0,0,1,1,True,0,0.7564979791641235
20180321_S00033936_P__F722,20180321_S00033936_P,empty,0,1,0,0,1,False,1,0.0
20180321_S00033936_P__F723,20180321_S00033936_P,single,0,3,1,1,3,False,2,0.0
20180321_S00033936_P__F724,20180321_S00033936_P,single,1,0,0,1,1,True,0,0.9271455407142639
20180321_S00033936_P__F725,20180321_S00033936_P,multi,3,0,0,3,3,True,0,0.8183427651723226
20180321_S00033936_P__F726,20180321_S00033936_P,empty,0,0,0,0,0,True,0,0.0
20180321_S00033936_P__F727,20180321_S00033936_P,empty,0,1,0,0,1,False,1,0.0
20180321_S00033936_P__F728,20180321_S00033936_P,single,1,1,0,1,2,False,1,0.893245279788971
20180321_S00033936_P__F729,20180321_S00033936_P,single,1,2,0,1,3,False,2,0.7877100110054016
20180321_S00033936_P__F73,20180321_S00033936_P,multi,3,1,0,3,4,False,1,0.8908010125160217
20180321_S00033936_P__F730,20180321_S00033936_P,single,1,3,0,1,4,False,3,0.9118466377258301
20180321_S00033936_P__F731,20180321_S00033936_P,single,1,0,0,1,1,True,0,0.8896105885505676
20180321_S00033936_P__F732,20180321_S00033936_P,multi,2,0,0,2,2,True,0,0.9466010332107544
20180321_S00033936_P__F733,20180321_S00033936_P,multi,2,0,0,2,2,True,0,0.8528291583061218
20180321_S00033936_P__F734,20180321_S00033936_P,multi,2,0,0,2,2,True,0,0.7723172903060913
20180321_S00033936_P__F735,20180321_S00033936_P,single,1,0,0,1,1,True,0,0.8232811689376831
20180321_S00033936_P__F736,20180321_S00033936_P,single,1,0,0,1,1,True,0,0.7698481678962708
20180321_S00033936_P__F737,20180321_S00033936_P,empty,0,1,0,0,1,False,1,0.0
20180321_S00033936_P__F738,20180321_S00033936_P,single,1,0,0,1,1,True,0,0.9130899906158447
20180321_S00033936_P__F739,20180321_S00033936_P,single,0,1,1,1,1,True,0,0.0
20180321_S00033936_P__F74,20180321_S00033936_P,multi,2,2,1,3,4,False,1,0.8628130853176117
20180321_S00033936_P__F740,20180321_S00033936_P,multi,2,0,0,2,2,True,0,0.8949839472770691
20180321_S00033936_P__F741,20180321_S00033936_P,multi,2,0,0,2,2,True,0,0.8554759621620178
20180321_S00033936_P__F742,20180321_S00033936_P,single,1,0,0,1,1,True,0,0.9413653016090393
20180321_S00033936_P__F743,20180321_S00033936_P,multi,2,0,0,2,2,True,0,0.904837965965271
20180321_S00033936_P__F744,20180321_S00033936_P,multi,2,1,0,2,3,False,1,0.8677926361560822
20180321_S00033936_P__F745,20180321_S00033936_P,empty,0,3,0,0,3,False,3,0.0
20180321_S00033936_P__F746,20180321_S00033936_P,multi,2,1,0,2,3,False,1,0.9564997255802155
20180321_S00033936_P__F747,20180321_S00033936_P,empty,0,1,0,0,1,False,1,0.0
20180321_S00033936_P__F748,20180321_S00033936_P,multi,0,2,2,2,2,True,0,0.0
20180321_S00033936_P__F749,20180321_S00033936_P,multi,1,0,1,2,1,False,1,0.9454777836799622
20180321_S00033936_P__F75,20180321_S00033936_P,multi,2,0,0,2,2,True,0,0.8439710736274719
20180321_S00033936_P__F750,20180321_S00033936_P,single,1,2,0,1,3,False,2,0.8788700103759766
20180321_S00033936_P__F76,20180321_S00033936_P,single,0,0,1,1,0,False,1,0.0
20180321_S00033936_P__F77,20180321_S00033936_P,multi,3,0,1,4,3,False,1,0.8622622489929199
20180321_S00033936_P__F78,20180321_S00033936_P,multi,2,0,1,3,2,False,1,0.9221017360687256
20180321_S00033936_P__F79,20180321_S00033936_P,multi,3,0,0,3,3,True,0,0.874056359132131
20180321_S00033936_P__F8,20180321_S00033936_P,multi,2,1,0,2,3,False,1,0.8767313957214355
20180321_S00033936_P__F80,20180321_S00033936_P,multi,2,0,0,2,2,True,0,0.9159615635871887
20180321_S00033936_P__F81,20180321_S00033936_P,single,1,0,0,1,1,True,0,0.9125731587409973
20180321_S00033936_P__F82,20180321_S00033936_P,empty,0,3,0,0,3,False,3,0.0
20180321_S00033936_P__F83,20180321_S00033936_P,multi,1,0,1,2,1,False,1,0.9509850144386292
20180321_S00033936_P__F84,20180321_S00033936_P,single,1,1,0,1,2,False,1,0.9235153794288635
20180321_S00033936_P__F85,20180321_S00033936_P,single,1,3,0,1,4,False,3,0.6207653880119324
20180321_S00033936_P__F86,20180321_S00033936_P,single,1,0,0,1,1,True,0,0.5034616589546204
20180321_S00033936_P__F87,20180321_S00033936_P,single,1,0,0,1,1,True,0,0.5348725318908691
20180321_S00033936_P__F88,20180321_S00033936_P,multi,1,1,1,2,2,True,0,0.895149290561676
20180321_S00033936_P__F89,20180321_S00033936_P,empty,0,1,0,0,1,False,1,0.0
20180321_S00033936_P__F9,20180321_S00033936_P,single,1,0,0,1,1,True,0,0.9048365950584412
20180321_S00033936_P__F90,20180321_S00033936_P,multi,3,0,0,3,3,True,0,0.8497050603230795
20180321_S00033936_P__F91,20180321_S00033936_P,single,1,0,0,1,1,True,0,0.8360735774040222
20180321_S00033936_P__F92,20180321_S00033936_P,single,1,0,0,1,1,True,0,0.9526878595352173
20180321_S00033936_P__F93,20180321_S00033936_P,multi,2,0,2,4,2,False,2,0.807780534029007
20180321_S00033936_P__F94,20180321_S00033936_P,single,1,0,0,1,1,True,0,0.7893260717391968
20180321_S00033936_P__F95,20180321_S00033936_P,single,1,0,0,1,1,True,0,0.9452797770500183
20180321_S00033936_P__F96,20180321_S00033936_P,multi,3,0,0,3,3,True,0,0.8153534730275472
20180321_S00033936_P__F97,20180321_S00033936_P,multi,2,0,0,2,2,True,0,0.7665590941905975
20180321_S00033936_P__F98,20180321_S00033936_P,single,1,1,0,1,2,False,1,0.5940868258476257
20180321_S00033936_P__F99,20180321_S00033936_P,single,1,0,0,1,1,True,0,0.9043635129928589
AG-88-11_r12-__F1,AG-88-11_r12-,single,1,0,0,1,1,True,0,0.9469780921936035
AG-88-11_r12-__F10,AG-88-11_r12-,empty,0,0,0,0,0,True,0,0.0
AG-88-11_r12-__F100,AG-88-11_r12-,single,1,0,0,1,1,True,0,0.8176320791244507
AG-88-11_r12-__F101,AG-88-11_r12-,single,1,0,0,1,1,True,0,0.9155486822128296
AG-88-11_r12-__F102,AG-88-11_r12-,single,1,0,0,1,1,True,0,0.853667140007019
AG-88-11_r12-__F103,AG-88-11_r12-,multi,2,0,0,2,2,True,0,0.8104016482830048
AG-88-11_r12-__F104,AG-88-11_r12-,single,1,0,0,1,1,True,0,0.8997504115104675
AG-88-11_r12-__F105,AG-88-11_r12-,single,1,0,0,1,1,True,0,0.8149685263633728
AG-88-11_r12-__F106,AG-88-11_r12-,empty,0,0,0,0,0,True,0,0.0
AG-88-11_r12-__F107,AG-88-11_r12-,multi,2,0,0,2,2,True,0,0.8862021863460541
AG-88-11_r12-__F108,AG-88-11_r12-,multi,1,0,1,2,1,False,1,0.9647380113601685
AG-88-11_r12-__F109,AG-88-11_r12-,single,1,0,0,1,1,True,0,0.8238134980201721
AG-88-11_r12-__F11,AG-88-11_r12-,multi,2,0,0,2,2,True,0,0.6924137771129608
AG-88-11_r12-__F110,AG-88-11_r12-,single,1,0,0,1,1,True,0,0.7289223074913025
AG-88-11_r12-__F111,AG-88-11_r12-,multi,2,0,0,2,2,True,0,0.7739492654800415
AG-88-11_r12-__F112,AG-88-11_r12-,single,1,0,0,1,1,True,0,0.7756854295730591
AG-88-11_r12-__F113,AG-88-11_r12-,single,1,0,0,1,1,True,0,0.7981036901473999
AG-88-11_r12-__F114,AG-88-11_r12-,single,1,0,0,1,1,True,0,0.7645388841629028
AG-88-11_r12-__F115,AG-88-11_r12-,single,1,0,0,1,1,True,0,0.8693787455558777
AG-88-11_r12-__F116,AG-88-11_r12-,single,1,0,0,1,1,True,0,0.7992678880691528
AG-88-11_r12-__F117,AG-88-11_r12-,multi,2,0,0,2,2,True,0,0.7626106142997742
AG-88-11_r12-__F118,AG-88-11_r12-,single,1,0,0,1,1,True,0,0.6400333642959595
AG-88-11_r12-__F119,AG-88-11_r12-,single,1,0,0,1,1,True,0,0.6786502599716187
AG-88-11_r12-__F12,AG-88-11_r12-,single,1,0,0,1,1,True,0,0.8675812482833862
AG-88-11_r12-__F120,AG-88-11_r12-,single,1,0,0,1,1,True,0,0.8475230932235718
AG-88-11_r12-__F121,AG-88-11_r12-,single,1,0,0,1,1,True,0,0.9791451692581177
AG-88-11_r12-__F122,AG-88-11_r12-,multi,1,0,1,2,1,False,1,0.8763949871063232
AG-88-11_r12-__F123,AG-88-11_r12-,multi,1,0,1,2,1,False,1,0.9038991332054138
AG-88-11_r12-__F124,AG-88-11_r12-,single,0,1,1,1,1,True,0,0.0
AG-88-11_r12-__F125,AG-88-11_r12-,single,1,0,0,1,1,True,0,0.7925716638565063
AG-88-11_r12-__F126,AG-88-11_r12-,single,1,0,0,1,1,True,0,0.9008288383483887
AG-88-11_r12-__F127,AG-88-11_r12-,single,1,0,0,1,1,True,0,0.9024511575698853
AG-88-11_r12-__F128,AG-88-11_r12-,multi,1,0,1,2,1,False,1,0.8474124073982239
AG-88-11_r12-__F129,AG-88-11_r12-,single,1,0,0,1,1,True,0,0.8316748738288879
AG-88-11_r12-__F13,AG-88-11_r12-,single,1,0,0,1,1,True,0,0.6240169405937195
AG-88-11_r12-__F130,AG-88-11_r12-,multi,2,0,0,2,2,True,0,0.8336845338344574
AG-88-11_r12-__F131,AG-88-11_r12-,empty,0,0,0,0,0,True,0,0.0
AG-88-11_r12-__F132,AG-88-11_r12-,single,1,0,0,1,1,True,0,0.9233853220939636
AG-88-11_r12-__F133,AG-88-11_r12-,single,1,0,0,1,1,True,0,0.8608686327934265
AG-88-11_r12-__F134,AG-88-11_r12-,single,1,0,0,1,1,True,0,0.5717678666114807
AG-88-11_r12-__F135,AG-88-11_r12-,single,0,1,1,1,1,True,0,0.0
AG-88-11_r12-__F136,AG-88-11_r12-,single,1,0,0,1,1,True,0,0.9428073167800903
AG-88-11_r12-__F137,AG-88-11_r12-,single,1,0,0,1,1,True,0,0.8812259435653687
AG-88-11_r12-__F138,AG-88-11_r12-,single,1,0,0,1,1,True,0,0.8949044346809387
AG-88-11_r12-__F139,AG-88-11_r12-,single,1,0,0,1,1,True,0,0.7906469106674194
AG-88-11_r12-__F14,AG-88-11_r12-,single,1,0,0,1,1,True,0,0.9176327586174011
AG-88-11_r12-__F140,AG-88-11_r12-,multi,2,0,0,2,2,True,0,0.8392634689807892
AG-88-11_r12-__F141,AG-88-11_r12-,single,1,0,0,1,1,True,0,0.9322278499603271
AG-88-11_r12-__F142,AG-88-11_r12-,single,1,0,0,1,1,True,0,0.9867782592773438
AG-88-11_r12-__F143,AG-88-11_r12-,single,1,0,0,1,1,True,0,0.8482691645622253
AG-88-11_r12-__F144,AG-88-11_r12-,single,1,0,0,1,1,True,0,0.8486329913139343
AG-88-11_r12-__F145,AG-88-11_r12-,single,1,0,0,1,1,True,0,0.9505525231361389
AG-88-11_r12-__F146,AG-88-11_r12-,single,1,1,0,1,2,False,1,0.7513098120689392
AG-88-11_r12-__F147,AG-88-11_r12-,single,1,0,0,1,1,True,0,0.9535212516784668
AG-88-11_r12-__F148,AG-88-11_r12-,single,1,0,0,1,1,True,0,0.8479083776473999
AG-88-11_r12-__F149,AG-88-11_r12-,multi,1,0,1,2,1,False,1,0.7802518010139465
AG-88-11_r12-__F15,AG-88-11_r12-,single,1,0,0,1,1,True,0,0.8129050731658936
AG-88-11_r12-__F150,AG-88-11_r12-,single,1,0,0,1,1,True,0,0.9491420388221741
AG-88-11_r12-__F151,AG-88-11_r12-,empty,0,0,0,0,0,True,0,0.0
AG-88-11_r12-__F152,AG-88-11_r12-,multi,2,0,0,2,2,True,0,0.8360232710838318
AG-88-11_r12-__F153,AG-88-11_r12-,single,1,0,0,1,1,True,0,0.8565616607666016
AG-88-11_r12-__F154,AG-88-11_r12-,single,1,0,0,1,1,True,0,0.7371920943260193
AG-88-11_r12-__F155,AG-88-11_r12-,single,1,0,0,1,1,True,0,0.9103979468345642
AG-88-11_r12-__F156,AG-88-11_r12-,multi,1,0,1,2,1,False,1,0.8711634874343872
AG-88-11_r12-__F157,AG-88-11_r12-,single,1,0,0,1,1,True,0,0.8714243769645691
AG-88-11_r12-__F158,AG-88-11_r12-,single,1,0,0,1,1,True,0,0.9250845909118652
AG-88-11_r12-__F159,AG-88-11_r12-,single,1,0,0,1,1,True,0,0.8365989923477173
AG-88-11_r12-__F16,AG-88-11_r12-,multi,1,0,1,2,1,False,1,0.9004397988319397
AG-88-11_r12-__F160,AG-88-11_r12-,single,1,0,0,1,1,True,0,0.838119387626648
AG-88-11_r12-__F161,AG-88-11_r12-,multi,2,0,0,2,2,True,0,0.8015418946743011
AG-88-11_r12-__F162,AG-88-11_r12-,single,1,0,0,1,1,True,0,0.5927414298057556
AG-88-11_r12-__F163,AG-88-11_r12-,single,1,0,0,1,1,True,0,0.9248209595680237
AG-88-11_r12-__F164,AG-88-11_r12-,single,1,0,0,1,1,True,0,0.8235676288604736
AG-88-11_r12-__F165,AG-88-11_r12-,empty,0,0,0,0,0,True,0,0.0
AG-88-11_r12-__F166,AG-88-11_r12-,single,0,1,1,1,1,True,0,0.0
AG-88-11_r12-__F167,AG-88-11_r12-,single,1,0,0,1,1,True,0,0.8926689624786377
AG-88-11_r12-__F168,AG-88-11_r12-,single,1,0,0,1,1,True,0,0.8668553233146667
AG-88-11_r12-__F169,AG-88-11_r12-,single,0,1,1,1,1,True,0,0.0
AG-88-11_r12-__F17,AG-88-11_r12-,single,1,0,0,1,1,True,0,0.6899131536483765
AG-88-11_r12-__F170,AG-88-11_r12-,single,1,0,0,1,1,True,0,0.6638917326927185
AG-88-11_r12-__F171,AG-88-11_r12-,single,1,0,0,1,1,True,0,0.8741539120674133
AG-88-11_r12-__F172,AG-88-11_r12-,multi,1,0,1,2,1,False,1,0.8589202165603638
AG-88-11_r12-__F173,AG-88-11_r12-,single,1,0,0,1,1,True,0,0.7488285303115845
AG-88-11_r12-__F174,AG-88-11_r12-,empty,0,0,0,0,0,True,0,0.0
AG-88-11_r12-__F175,AG-88-11_r12-,single,1,0,0,1,1,True,0,0.8534508347511292
AG-88-11_r12-__F176,AG-88-11_r12-,single,1,0,0,1,1,True,0,0.8010661005973816
AG-88-11_r12-__F177,AG-88-11_r12-,single,1,0,0,1,1,True,0,0.8970435857772827
AG-88-11_r12-__F178,AG-88-11_r12-,single,1,0,0,1,1,True,0,0.820466160774231
AG-88-11_r12-__F179,AG-88-11_r12-,multi,2,0,0,2,2,True,0,0.6797047853469849
AG-88-11_r12-__F18,AG-88-11_r12-,single,1,0,0,1,1,True,0,0.8459733724594116
AG-88-11_r12-__F180,AG-88-11_r12-,single,1,0,0,1,1,True,0,0.85875004529953
AG-88-11_r12-__F181,AG-88-11_r12-,single,1,0,0,1,1,True,0,0.6358204483985901
AG-88-11_r12-__F182,AG-88-11_r12-,single,1,0,0,1,1,True,0,0.8365155458450317
AG-88-11_r12-__F183,AG-88-11_r12-,empty,0,1,0,0,1,False,1,0.0
AG-88-11_r12-__F184,AG-88-11_r12-,single,1,0,0,1,1,True,0,0.9532682299613953
AG-88-11_r12-__F185,AG-88-11_r12-,multi,1,0,1,2,1,False,1,0.5565024018287659
AG-88-11_r12-__F186,AG-88-11_r12-,multi,1,0,1,2,1,False,1,0.8421201109886169
AG-88-11_r12-__F187,AG-88-11_r12-,single,1,0,0,1,1,True,0,0.8160550594329834
AG-88-11_r12-__F188,AG-88-11_r12-,single,1,0,0,1,1,True,0,0.7734484076499939
AG-88-11_r12-__F189,AG-88-11_r12-,single,1,0,0,1,1,True,0,0.7340484261512756
AG-88-11_r12-__F19,AG-88-11_r12-,single,1,0,0,1,1,True,0,0.6902997493743896
AG-88-11_r12-__F190,AG-88-11_r12-,single,1,0,0,1,1,True,0,0.8464575409889221
AG-88-11_r12-__F191,AG-88-11_r12-,single,1,0,0,1,1,True,0,0.6455746293067932
AG-88-11_r12-__F192,AG-88-11_r12-,single,1,0,0,1,1,True,0,0.8584308624267578
AG-88-11_r12-__F193,AG-88-11_r12-,multi,2,0,0,2,2,True,0,0.9015564918518066
AG-88-11_r12-__F194,AG-88-11_r12-,single,1,0,0,1,1,True,0,0.6969418525695801
AG-88-11_r12-__F195,AG-88-11_r12-,multi,2,0,0,2,2,True,0,0.900278240442276
AG-88-11_r12-__F196,AG-88-11_r12-,single,1,0,0,1,1,True,0,0.8024054169654846
AG-88-11_r12-__F197,AG-88-11_r12-,single,1,0,0,1,1,True,0,0.9061154127120972
AG-88-11_r12-__F198,AG-88-11_r12-,single,1,0,0,1,1,True,0,0.6342990398406982
AG-88-11_r12-__F199,AG-88-11_r12-,single,1,0,0,1,1,True,0,0.9664890170097351
AG-88-11_r12-__F2,AG-88-11_r12-,single,1,0,0,1,1,True,0,0.6236386299133301
AG-88-11_r12-__F20,AG-88-11_r12-,multi,2,0,0,2,2,True,0,0.9179633259773254
AG-88-11_r12-__F200,AG-88-11_r12-,single,1,0,0,1,1,True,0,0.9019488096237183
AG-88-11_r12-__F201,AG-88-11_r12-,single,1,0,0,1,1,True,0,0.9032244682312012
AG-88-11_r12-__F202,AG-88-11_r12-,multi,1,0,2,3,1,False,2,0.9244548082351685
AG-88-11_r12-__F203,AG-88-11_r12-,single,1,0,0,1,1,True,0,0.8919697999954224
AG-88-11_r12-__F204,AG-88-11_r12-,single,0,0,1,1,0,False,1,0.0
AG-88-11_r12-__F205,AG-88-11_r12-,single,1,0,0,1,1,True,0,0.8115529417991638
AG-88-11_r12-__F206,AG-88-11_r12-,single,1,0,0,1,1,True,0,0.7624558210372925
AG-88-11_r12-__F207,AG-88-11_r12-,single,1,0,0,1,1,True,0,0.7858560681343079
AG-88-11_r12-__F208,AG-88-11_r12-,multi,2,0,2,4,2,False,2,0.7427507638931274
AG-88-11_r12-__F209,AG-88-11_r12-,multi,2,0,0,2,2,True,0,0.9401804804801941
AG-88-11_r12-__F21,AG-88-11_r12-,single,1,0,0,1,1,True,0,0.9289189577102661
AG-88-11_r12-__F210,AG-88-11_r12-,single,1,0,0,1,1,True,0,0.9119539856910706
AG-88-11_r12-__F211,AG-88-11_r12-,single,1,0,0,1,1,True,0,0.8680994510650635
AG-88-11_r12-__F212,AG-88-11_r12-,single,1,0,0,1,1,True,0,0.7793590426445007
AG-88-11_r12-__F213,AG-88-11_r12-,single,1,0,0,1,1,True,0,0.7854596376419067
AG-88-11_r12-__F214,AG-88-11_r12-,single,1,0,0,1,1,True,0,0.8953242301940918
AG-88-11_r12-__F215,AG-88-11_r12-,single,1,0,0,1,1,True,0,0.9359327554702759
AG-88-11_r12-__F216,AG-88-11_r12-,single,1,0,0,1,1,True,0,0.9236603379249573
AG-88-11_r12-__F217,AG-88-11_r12-,multi,1,0,1,2,1,False,1,0.8959848880767822
AG-88-11_r12-__F218,AG-88-11_r12-,single,1,0,0,1,1,True,0,0.8681060671806335
AG-88-11_r12-__F219,AG-88-11_r12-,multi,1,0,1,2,1,False,1,0.7777225971221924
AG-88-11_r12-__F22,AG-88-11_r12-,single,1,0,0,1,1,True,0,0.8985757231712341
AG-88-11_r12-__F220,AG-88-11_r12-,single,1,0,0,1,1,True,0,0.9397059679031372
AG-88-11_r12-__F221,AG-88-11_r12-,single,1,0,0,1,1,True,0,0.9830445647239685
AG-88-11_r12-__F222,AG-88-11_r12-,single,1,0,0,1,1,True,0,0.9474348425865173
AG-88-11_r12-__F223,AG-88-11_r12-,empty,0,0,0,0,0,True,0,0.0
AG-88-11_r12-__F224,AG-88-11_r12-,single,1,0,0,1,1,True,0,0.8962991237640381
AG-88-11_r12-__F225,AG-88-11_r12-,multi,1,0,1,2,1,False,1,0.832683801651001
AG-88-11_r12-__F226,AG-88-11_r12-,multi,2,0,1,3,2,False,1,0.7888938784599304
AG-88-11_r12-__F227,AG-88-11_r12-,multi,1,0,1,2,1,False,1,0.8304622769355774
AG-88-11_r12-__F228,AG-88-11_r12-,single,1,1,0,1,2,False,1,0.9836671948432922
AG-88-11_r12-__F229,AG-88-11_r12-,multi,2,0,0,2,2,True,0,0.7620790004730225
AG-88-11_r12-__F23,AG-88-11_r12-,single,1,0,0,1,1,True,0,0.9281831383705139
AG-88-11_r12-__F230,AG-88-11_r12-,multi,0,0,2,2,0,False,2,0.0
AG-88-11_r12-__F231,AG-88-11_r12-,single,1,0,0,1,1,True,0,0.8891641497612
AG-88-11_r12-__F232,AG-88-11_r12-,single,1,0,0,1,1,True,0,0.9240620136260986
AG-88-11_r12-__F233,AG-88-11_r12-,single,1,0,0,1,1,True,0,0.8322474360466003
AG-88-11_r12-__F234,AG-88-11_r12-,single,1,0,0,1,1,True,0,0.8154925107955933
AG-88-11_r12-__F235,AG-88-11_r12-,multi,1,0,1,2,1,False,1,0.5391547679901123
AG-88-11_r12-__F236,AG-88-11_r12-,single,1,0,0,1,1,True,0,0.8223663568496704
AG-88-11_r12-__F237,AG-88-11_r12-,single,1,0,0,1,1,True,0,0.6382459998130798
AG-88-11_r12-__F238,AG-88-11_r12-,multi,1,0,1,2,1,False,1,0.6810652017593384
AG-88-11_r12-__F239,AG-88-11_r12-,multi,2,0,0,2,2,True,0,0.9253917932510376
AG-88-11_r12-__F24,AG-88-11_r12-,single,1,0,0,1,1,True,0,0.8902280330657959
AG-88-11_r12-__F240,AG-88-11_r12-,single,1,0,0,1,1,True,0,0.85222989320755
AG-88-11_r12-__F241,AG-88-11_r12-,single,1,0,0,1,1,True,0,0.8867983818054199
AG-88-11_r12-__F242,AG-88-11_r12-,single,1,0,0,1,1,True,0,0.8843286633491516
AG-88-11_r12-__F243,AG-88-11_r12-,multi,1,0,1,2,1,False,1,0.8752495646476746
AG-88-11_r12-__F244,AG-88-11_r12-,single,1,0,0,1,1,True,0,0.9086702466011047
AG-88-11_r12-__F245,AG-88-11_r12-,single,1,0,0,1,1,True,0,0.9879726767539978
AG-88-11_r12-__F246,AG-88-11_r12-,single,1,0,0,1,1,True,0,0.8840047121047974
AG-88-11_r12-__F247,AG-88-11_r12-,single,1,0,0,1,1,True,0,0.8776807188987732
AG-88-11_r12-__F248,AG-88-11_r12-,empty,0,0,0,0,0,True,0,0.0
AG-88-11_r12-__F249,AG-88-11_r12-,single,1,0,0,1,1,True,0,0.9236283898353577
AG-88-11_r12-__F25,AG-88-11_r12-,single,1,0,0,1,1,True,0,0.7791779041290283
AG-88-11_r12-__F250,AG-88-11_r12-,multi,1,1,1,2,2,True,0,0.7594112753868103
AG-88-11_r12-__F251,AG-88-11_r12-,multi,0,1,2,2,1,False,1,0.0
AG-88-11_r12-__F253,AG-88-11_r12-,single,1,0,0,1,1,True,0,0.9582149982452393
AG-88-11_r12-__F254,AG-88-11_r12-,single,1,0,0,1,1,True,0,0.8728331327438354
AG-88-11_r12-__F255,AG-88-11_r12-,single,1,0,0,1,1,True,0,0.9320020079612732
AG-88-11_r12-__F256,AG-88-11_r12-,single,1,0,0,1,1,True,0,0.8533767461776733
AG-88-11_r12-__F257,AG-88-11_r12-,single,1,0,0,1,1,True,0,0.935391902923584
AG-88-11_r12-__F258,AG-88-11_r12-,multi,2,0,0,2,2,True,0,0.8426107466220856
AG-88-11_r12-__F259,AG-88-11_r12-,single,1,0,0,1,1,True,0,0.9362704157829285
AG-88-11_r12-__F26,AG-88-11_r12-,single,1,0,0,1,1,True,0,0.9306526184082031
AG-88-11_r12-__F260,AG-88-11_r12-,empty,0,0,0,0,0,True,0,0.0
AG-88-11_r12-__F261,AG-88-11_r12-,single,1,0,0,1,1,True,0,0.779930830001831
AG-88-11_r12-__F262,AG-88-11_r12-,single,1,0,0,1,1,True,0,0.8023596405982971
AG-88-11_r12-__F263,AG-88-11_r12-,single,1,0,0,1,1,True,0,0.8461293578147888
AG-88-11_r12-__F264,AG-88-11_r12-,single,1,0,0,1,1,True,0,0.867315411567688
AG-88-11_r12-__F265,AG-88-11_r12-,single,1,0,0,1,1,True,0,0.937768816947937
AG-88-11_r12-__F266,AG-88-11_r12-,single,1,0,0,1,1,True,0,0.9003971815109253
AG-88-11_r12-__F267,AG-88-11_r12-,single,1,0,0,1,1,True,0,0.8505947589874268
AG-88-11_r12-__F268,AG-88-11_r12-,single,1,0,0,1,1,True,0,0.8815147280693054
AG-88-11_r12-__F269,AG-88-11_r12-,multi,2,0,0,2,2,True,0,0.8394842743873596
AG-88-11_r12-__F27,AG-88-11_r12-,single,1,0,0,1,1,True,0,0.7486861348152161
AG-88-11_r12-__F270,AG-88-11_r12-,single,1,0,0,1,1,True,0,0.7894580364227295
AG-88-11_r12-__F271,AG-88-11_r12-,single,1,0,0,1,1,True,0,0.8885654211044312
AG-88-11_r12-__F272,AG-88-11_r12-,single,1,0,0,1,1,True,0,0.8327122926712036
AG-88-11_r12-__F273,AG-88-11_r12-,multi,2,0,0,2,2,True,0,0.9365077316761017
AG-88-11_r12-__F274,AG-88-11_r12-,empty,0,0,0,0,0,True,0,0.0
AG-88-11_r12-__F275,AG-88-11_r12-,empty,0,0,0,0,0,True,0,0.0
AG-88-11_r12-__F276,AG-88-11_r12-,multi,2,0,0,2,2,True,0,0.8407160043716431
AG-88-11_r12-__F277,AG-88-11_r12-,single,1,0,0,1,1,True,0,0.873602569103241
AG-88-11_r12-__F278,AG-88-11_r12-,single,1,0,0,1,1,True,0,0.8189509510993958
AG-88-11_r12-__F279,AG-88-11_r12-,multi,1,0,1,2,1,False,1,0.9821736216545105
AG-88-11_r12-__F28,AG-88-11_r12-,single,1,0,0,1,1,True,0,0.9031788110733032
AG-88-11_r12-__F280,AG-88-11_r12-,multi,2,0,0,2,2,True,0,0.75972980260849
AG-88-11_r12-__F281,AG-88-11_r12-,multi,1,0,1,2,1,False,1,0.8705497980117798
AG-88-11_r12-__F282,AG-88-11_r12-,single,1,0,0,1,1,True,0,0.8472303152084351
AG-88-11_r12-__F283,AG-88-11_r12-,single,1,0,0,1,1,True,0,0.7594438791275024
AG-88-11_r12-__F284,AG-88-11_r12-,multi,2,0,0,2,2,True,0,0.7976431548595428
AG-88-11_r12-__F285,AG-88-11_r12-,single,1,0,0,1,1,True,0,0.8848649263381958
AG-88-11_r12-__F286,AG-88-11_r12-,single,1,0,0,1,1,True,0,0.8585469126701355
AG-88-11_r12-__F287,AG-88-11_r12-,single,1,0,0,1,1,True,0,0.8433534502983093
AG-88-11_r12-__F288,AG-88-11_r12-,single,1,0,0,1,1,True,0,0.9221962690353394
AG-88-11_r12-__F289,AG-88-11_r12-,single,1,0,0,1,1,True,0,0.8450445532798767
AG-88-11_r12-__F29,AG-88-11_r12-,single,1,0,0,1,1,True,0,0.8617022633552551
AG-88-11_r12-__F290,AG-88-11_r12-,multi,2,0,0,2,2,True,0,0.8737786710262299
AG-88-11_r12-__F291,AG-88-11_r12-,single,1,0,0,1,1,True,0,0.7245150208473206
AG-88-11_r12-__F292,AG-88-11_r12-,single,1,1,0,1,2,False,1,0.8205157518386841
AG-88-11_r12-__F293,AG-88-11_r12-,single,1,0,0,1,1,True,0,0.8499653935432434
AG-88-11_r12-__F294,AG-88-11_r12-,empty,0,0,0,0,0,True,0,0.0
AG-88-11_r12-__F295,AG-88-11_r12-,single,1,0,0,1,1,True,0,0.805336594581604
AG-88-11_r12-__F296,AG-88-11_r12-,single,1,0,0,1,1,True,0,0.9154230952262878
AG-88-11_r12-__F297,AG-88-11_r12-,multi,2,0,0,2,2,True,0,0.9197451770305634
AG-88-11_r12-__F298,AG-88-11_r12-,single,1,1,0,1,2,False,1,0.8753865957260132
AG-88-11_r12-__F299,AG-88-11_r12-,multi,1,0,1,2,1,False,1,0.7661081552505493
AG-88-11_r12-__F3,AG-88-11_r12-,empty,0,0,0,0,0,True,0,0.0
AG-88-11_r12-__F30,AG-88-11_r12-,single,1,0,0,1,1,True,0,0.9301565289497375
AG-88-11_r12-__F300,AG-88-11_r12-,empty,0,0,0,0,0,True,0,0.0
AG-88-11_r12-__F301,AG-88-11_r12-,single,1,0,0,1,1,True,0,0.8803879022598267
AG-88-11_r12-__F302,AG-88-11_r12-,single,1,0,0,1,1,True,0,0.9421338438987732
AG-88-11_r12-__F303,AG-88-11_r12-,empty,0,0,0,0,0,True,0,0.0
AG-88-11_r12-__F304,AG-88-11_r12-,single,1,0,0,1,1,True,0,0.9083742499351501
AG-88-11_r12-__F305,AG-88-11_r12-,single,1,0,0,1,1,True,0,0.7009947896003723
AG-88-11_r12-__F306,AG-88-11_r12-,single,1,0,0,1,1,True,0,0.7994287014007568
AG-88-11_r12-__F307,AG-88-11_r12-,single,1,0,0,1,1,True,0,0.8428746461868286
AG-88-11_r12-__F308,AG-88-11_r12-,single,1,0,0,1,1,True,0,0.8570225238800049
AG-88-11_r12-__F309,AG-88-11_r12-,single,1,0,0,1,1,True,0,0.8050183057785034
AG-88-11_r12-__F310,AG-88-11_r12-,empty,0,1,0,0,1,False,1,0.0
AG-88-11_r12-__F311,AG-88-11_r12-,single,1,1,0,1,2,False,1,0.7159188985824585
AG-88-11_r12-__F312,AG-88-11_r12-,single,1,0,0,1,1,True,0,0.8844521045684814
AG-88-11_r12-__F313,AG-88-11_r12-,multi,1,0,1,2,1,False,1,0.8389952778816223
AG-88-11_r12-__F314,AG-88-11_r12-,single,1,0,0,1,1,True,0,0.9465704560279846
AG-88-11_r12-__F315,AG-88-11_r12-,single,1,0,0,1,1,True,0,0.8267880082130432
AG-88-11_r12-__F316,AG-88-11_r12-,single,1,0,0,1,1,True,0,0.9286196827888489
AG-88-11_r12-__F317,AG-88-11_r12-,multi,1,0,1,2,1,False,1,0.7016251087188721
AG-88-11_r12-__F318,AG-88-11_r12-,multi,2,0,0,2,2,True,0,0.8336817622184753
AG-88-11_r12-__F319,AG-88-11_r12-,single,1,1,0,1,2,False,1,0.6698768734931946
AG-88-11_r12-__F32,AG-88-11_r12-,single,1,0,0,1,1,True,0,0.6725230813026428
AG-88-11_r12-__F320,AG-88-11_r12-,single,1,0,0,1,1,True,0,0.8122764825820923
AG-88-11_r12-__F321,AG-88-11_r12-,single,0,1,1,1,1,True,0,0.0
AG-88-11_r12-__F322,AG-88-11_r12-,single,1,0,0,1,1,True,0,0.861124575138092
AG-88-11_r12-__F323,AG-88-11_r12-,single,1,0,0,1,1,True,0,0.8245152235031128
AG-88-11_r12-__F324,AG-88-11_r12-,single,1,0,0,1,1,True,0,0.7852534055709839
AG-88-11_r12-__F325,AG-88-11_r12-,multi,2,0,0,2,2,True,0,0.8738274574279785
AG-88-11_r12-__F326,AG-88-11_r12-,single,1,0,0,1,1,True,0,0.8569328784942627
AG-88-11_r12-__F327,AG-88-11_r12-,multi,2,0,0,2,2,True,0,0.8798178434371948
AG-88-11_r12-__F328,AG-88-11_r12-,multi,2,0,1,3,2,False,1,0.8850762248039246
AG-88-11_r12-__F329,AG-88-11_r12-,empty,0,1,0,0,1,False,1,0.0
AG-88-11_r12-__F33,AG-88-11_r12-,single,1,0,0,1,1,True,0,0.6426726579666138
AG-88-11_r12-__F330,AG-88-11_r12-,single,1,0,0,1,1,True,0,0.8523489236831665
AG-88-11_r12-__F331,AG-88-11_r12-,single,1,0,0,1,1,True,0,0.881639838218689
AG-88-11_r12-__F332,AG-88-11_r12-,single,1,0,0,1,1,True,0,0.9674934148788452
AG-88-11_r12-__F333,AG-88-11_r12-,single,1,0,0,1,1,True,0,0.831591010093689
AG-88-11_r12-__F334,AG-88-11_r12-,single,1,0,0,1,1,True,0,0.761378288269043
AG-88-11_r12-__F335,AG-88-11_r12-,single,1,0,0,1,1,True,0,0.799598217010498
AG-88-11_r12-__F336,AG-88-11_r12-,single,1,0,0,1,1,True,0,0.8909687995910645
AG-88-11_r12-__F337,AG-88-11_r12-,single,1,0,0,1,1,True,0,0.9138023853302002
AG-88-11_r12-__F338,AG-88-11_r12-,single,1,0,0,1,1,True,0,0.7297385334968567
AG-88-11_r12-__F339,AG-88-11_r12-,multi,1,0,1,2,1,False,1,0.927754282951355
AG-88-11_r12-__F34,AG-88-11_r12-,single,1,0,0,1,1,True,0,0.787900984287262
AG-88-11_r12-__F340,AG-88-11_r12-,single,1,0,0,1,1,True,0,0.8609394431114197
AG-88-11_r12-__F341,AG-88-11_r12-,multi,1,0,1,2,1,False,1,0.9176008105278015
AG-88-11_r12-__F342,AG-88-11_r12-,multi,2,0,0,2,2,True,0,0.8157728016376495
AG-88-11_r12-__F343,AG-88-11_r12-,single,1,0,0,1,1,True,0,0.867475688457489
AG-88-11_r12-__F344,AG-88-11_r12-,single,1,0,0,1,1,True,0,0.9705124497413635
AG-88-11_r12-__F345,AG-88-11_r12-,single,1,0,0,1,1,True,0,0.9561664462089539
AG-88-11_r12-__F346,AG-88-11_r12-,single,1,0,0,1,1,True,0,0.9635928273200989
AG-88-11_r12-__F347,AG-88-11_r12-,single,1,0,0,1,1,True,0,0.7178619503974915
AG-88-11_r12-__F348,AG-88-11_r12-,single,1,0,0,1,1,True,0,0.9789810180664062
AG-88-11_r12-__F349,AG-88-11_r12-,single,1,0,0,1,1,True,0,0.896997332572937
AG-88-11_r12-__F35,AG-88-11_r12-,single,1,0,0,1,1,True,0,0.8316575288772583
AG-88-11_r12-__F350,AG-88-11_r12-,multi,2,0,0,2,2,True,0,0.9236030578613281
AG-88-11_r12-__F351,AG-88-11_r12-,single,1,0,0,1,1,True,0,0.9107086062431335
AG-88-11_r12-__F352,AG-88-11_r12-,single,1,0,0,1,1,True,0,0.8321435451507568
AG-88-11_r12-__F353,AG-88-11_r12-,single,1,0,0,1,1,True,0,0.8792866468429565
AG-88-11_r12-__F354,AG-88-11_r12-,single,1,0,0,1,1,True,0,0.8393886089324951
AG-88-11_r12-__F355,AG-88-11_r12-,single,1,0,0,1,1,True,0,0.9145195484161377
AG-88-11_r12-__F356,AG-88-11_r12-,single,1,0,0,1,1,True,0,0.9748111367225647
AG-88-11_r12-__F357,AG-88-11_r12-,single,1,0,0,1,1,True,0,0.8842911124229431
AG-88-11_r12-__F358,AG-88-11_r12-,single,1,0,0,1,1,True,0,0.8285040855407715
AG-88-11_r12-__F359,AG-88-11_r12-,single,1,0,0,1,1,True,0,0.9560562372207642
AG-88-11_r12-__F36,AG-88-11_r12-,multi,2,0,0,2,2,True,0,0.7169483006000519
AG-88-11_r12-__F360,AG-88-11_r12-,single,1,0,0,1,1,True,0,0.6632311344146729
AG-88-11_r12-__F361,AG-88-11_r12-,multi,2,0,0,2,2,True,0,0.8633124828338623
AG-88-11_r12-__F362,AG-88-11_r12-,single,1,0,0,1,1,True,0,0.846058189868927
AG-88-11_r12-__F363,AG-88-11_r12-,single,1,0,0,1,1,True,0,0.9737247824668884
AG-88-11_r12-__F364,AG-88-11_r12-,single,1,0,0,1,1,True,0,0.9233711957931519
AG-88-11_r12-__F365,AG-88-11_r12-,single,1,0,0,1,1,True,0,0.92264723777771
AG-88-11_r12-__F366,AG-88-11_r12-,single,1,0,0,1,1,True,0,0.9034526348114014
AG-88-11_r12-__F367,AG-88-11_r12-,multi,2,0,0,2,2,True,0,0.865350991487503
AG-88-11_r12-__F368,AG-88-11_r12-,single,1,0,0,1,1,True,0,0.7909544110298157
AG-88-11_r12-__F369,AG-88-11_r12-,single,1,0,0,1,1,True,0,0.7920084595680237
AG-88-11_r12-__F37,AG-88-11_r12-,single,1,0,0,1,1,True,0,0.8593918085098267
AG-88-11_r12-__F370,AG-88-11_r12-,single,1,0,0,1,1,True,0,0.8953332304954529
AG-88-11_r12-__F371,AG-88-11_r12-,single,1,1,0,1,2,False,1,0.7087341547012329
AG-88-11_r12-__F372,AG-88-11_r12-,single,1,0,0,1,1,True,0,0.8803181648254395
AG-88-11_r12-__F373,AG-88-11_r12-,single,1,0,0,1,1,True,0,0.7624167799949646
AG-88-11_r12-__F374,AG-88-11_r12-,single,1,0,0,1,1,True,0,0.868971049785614
AG-88-11_r12-__F375,AG-88-11_r12-,multi,1,1,1,2,2,True,0,0.5343496203422546
AG-88-11_r12-__F376,AG-88-11_r12-,single,1,0,0,1,1,True,0,0.8726910948753357
AG-88-11_r12-__F377,AG-88-11_r12-,single,1,0,0,1,1,True,0,0.949152410030365
AG-88-11_r12-__F378,AG-88-11_r12-,single,1,0,0,1,1,True,0,0.8000542521476746
AG-88-11_r12-__F379,AG-88-11_r12-,single,1,0,0,1,1,True,0,0.9524253606796265
AG-88-11_r12-__F38,AG-88-11_r12-,single,1,0,0,1,1,True,0,0.8924940228462219
AG-88-11_r12-__F380,AG-88-11_r12-,single,1,0,0,1,1,True,0,0.786858856678009
AG-88-11_r12-__F381,AG-88-11_r12-,single,1,0,0,1,1,True,0,0.8002681732177734
AG-88-11_r12-__F382,AG-88-11_r12-,single,1,0,0,1,1,True,0,0.6653249859809875
AG-88-11_r12-__F383,AG-88-11_r12-,single,1,0,0,1,1,True,0,0.8805112242698669
AG-88-11_r12-__F384,AG-88-11_r12-,single,1,0,0,1,1,True,0,0.788723349571228
AG-88-11_r12-__F385,AG-88-11_r12-,single,1,0,0,1,1,True,0,0.8516290187835693
AG-88-11_r12-__F386,AG-88-11_r12-,multi,2,0,0,2,2,True,0,0.7956718504428864
AG-88-11_r12-__F387,AG-88-11_r12-,multi,2,0,0,2,2,True,0,0.8293209969997406
AG-88-11_r12-__F388,AG-88-11_r12-,single,1,0,0,1,1,True,0,0.8479692339897156
AG-88-11_r12-__F389,AG-88-11_r12-,single,1,0,0,1,1,True,0,0.7118662595748901
AG-88-11_r12-__F39,AG-88-11_r12-,single,1,0,0,1,1,True,0,0.8861416578292847
AG-88-11_r12-__F390,AG-88-11_r12-,single,1,0,0,1,1,True,0,0.9475817680358887
AG-88-11_r12-__F391,AG-88-11_r12-,multi,2,0,0,2,2,True,0,0.823557585477829
AG-88-11_r12-__F392,AG-88-11_r12-,single,1,0,0,1,1,True,0,0.7995613813400269
AG-88-11_r12-__F393,AG-88-11_r12-,single,1,0,0,1,1,True,0,0.8259586095809937
AG-88-11_r12-__F394,AG-88-11_r12-,single,1,0,0,1,1,True,0,0.8483044505119324
AG-88-11_r12-__F395,AG-88-11_r12-,multi,1,0,1,2,1,False,1,0.7952527403831482
AG-88-11_r12-__F396,AG-88-11_r12-,single,1,1,0,1,2,False,1,0.5019804835319519
AG-88-11_r12-__F397,AG-88-11_r12-,single,1,0,0,1,1,True,0,0.859156608581543
AG-88-11_r12-__F398,AG-88-11_r12-,empty,0,0,0,0,0,True,0,0.0
AG-88-11_r12-__F399,AG-88-11_r12-,single,1,0,0,1,1,True,0,0.6496183276176453
AG-88-11_r12-__F4,AG-88-11_r12-,multi,2,0,0,2,2,True,0,0.7914958894252777
AG-88-11_r12-__F40,AG-88-11_r12-,single,1,0,0,1,1,True,0,0.7575148344039917
AG-88-11_r12-__F400,AG-88-11_r12-,single,1,0,0,1,1,True,0,0.8412027955055237
AG-88-11_r12-__F401,AG-88-11_r12-,single,1,0,0,1,1,True,0,0.6536994576454163
AG-88-11_r12-__F402,AG-88-11_r12-,single,1,0,0,1,1,True,0,0.9328076243400574
AG-88-11_r12-__F403,AG-88-11_r12-,single,1,0,0,1,1,True,0,0.9220337867736816
AG-88-11_r12-__F404,AG-88-11_r12-,empty,0,0,0,0,0,True,0,0.0
AG-88-11_r12-__F405,AG-88-11_r12-,single,1,0,0,1,1,True,0,0.9194157719612122
AG-88-11_r12-__F406,AG-88-11_r12-,single,1,0,0,1,1,True,0,0.97625732421875
AG-88-11_r12-__F407,AG-88-11_r12-,single,1,0,0,1,1,True,0,0.791069746017456
AG-88-11_r12-__F408,AG-88-11_r12-,single,1,0,0,1,1,True,0,0.950191855430603
AG-88-11_r12-__F409,AG-88-11_r12-,multi,2,0,0,2,2,True,0,0.8158033788204193
AG-88-11_r12-__F41,AG-88-11_r12-,single,1,0,0,1,1,True,0,0.8257607221603394
AG-88-11_r12-__F410,AG-88-11_r12-,single,0,1,1,1,1,True,0,0.0
AG-88-11_r12-__F411,AG-88-11_r12-,single,1,0,0,1,1,True,0,0.8740752935409546
AG-88-11_r12-__F412,AG-88-11_r12-,multi,2,0,0,2,2,True,0,0.8639383018016815
AG-88-11_r12-__F413,AG-88-11_r12-,single,1,0,0,1,1,True,0,0.8753771185874939
AG-88-11_r12-__F414,AG-88-11_r12-,single,1,1,0,1,2,False,1,0.8211421966552734
AG-88-11_r12-__F415,AG-88-11_r12-,single,1,0,0,1,1,True,0,0.8399447798728943
AG-88-11_r12-__F416,AG-88-11_r12-,single,1,0,0,1,1,True,0,0.8773568272590637
AG-88-11_r12-__F417,AG-88-11_r12-,single,1,0,0,1,1,True,0,0.7951512336730957
AG-88-11_r12-__F418,AG-88-11_r12-,single,1,0,0,1,1,True,0,0.9428041577339172
AG-88-11_r12-__F419,AG-88-11_r12-,single,1,0,0,1,1,True,0,0.8000566959381104
AG-88-11_r12-__F42,AG-88-11_r12-,single,1,0,0,1,1,True,0,0.9114049077033997
AG-88-11_r12-__F420,AG-88-11_r12-,multi,3,0,1,4,3,False,1,0.8394656976064047
AG-88-11_r12-__F421,AG-88-11_r12-,multi,1,0,1,2,1,False,1,0.6926336288452148
AG-88-11_r12-__F422,AG-88-11_r12-,single,1,0,0,1,1,True,0,0.6695764064788818
AG-88-11_r12-__F423,AG-88-11_r12-,single,1,0,0,1,1,True,0,0.857077956199646
AG-88-11_r12-__F424,AG-88-11_r12-,single,1,0,0,1,1,True,0,0.9297335743904114
AG-88-11_r12-__F425,AG-88-11_r12-,single,1,0,0,1,1,True,0,0.8105858564376831
AG-88-11_r12-__F426,AG-88-11_r12-,single,1,0,0,1,1,True,0,0.8513445854187012
AG-88-11_r12-__F427,AG-88-11_r12-,single,1,0,0,1,1,True,0,0.9293538928031921
AG-88-11_r12-__F428,AG-88-11_r12-,single,1,0,0,1,1,True,0,0.9066946506500244
AG-88-11_r12-__F429,AG-88-11_r12-,single,1,0,0,1,1,True,0,0.9546783566474915
AG-88-11_r12-__F43,AG-88-11_r12-,single,1,0,0,1,1,True,0,0.7715773582458496
AG-88-11_r12-__F430,AG-88-11_r12-,single,1,0,0,1,1,True,0,0.813979983329773
AG-88-11_r12-__F431,AG-88-11_r12-,single,1,0,0,1,1,True,0,0.8395060896873474
AG-88-11_r12-__F432,AG-88-11_r12-,empty,0,0,0,0,0,True,0,0.0
AG-88-11_r12-__F433,AG-88-11_r12-,single,1,0,0,1,1,True,0,0.840172529220581
AG-88-11_r12-__F434,AG-88-11_r12-,single,1,0,0,1,1,True,0,0.5454134941101074
AG-88-11_r12-__F435,AG-88-11_r12-,single,1,0,0,1,1,True,0,0.8024968504905701
AG-88-11_r12-__F436,AG-88-11_r12-,single,1,1,0,1,2,False,1,0.8958145380020142
AG-88-11_r12-__F437,AG-88-11_r12-,single,1,0,0,1,1,True,0,0.9389531016349792
AG-88-11_r12-__F438,AG-88-11_r12-,single,1,0,0,1,1,True,0,0.9121031761169434
AG-88-11_r12-__F439,AG-88-11_r12-,multi,2,0,0,2,2,True,0,0.8755452036857605
AG-88-11_r12-__F44,AG-88-11_r12-,single,1,0,0,1,1,True,0,0.8446255922317505
AG-88-11_r12-__F440,AG-88-11_r12-,single,1,0,0,1,1,True,0,0.8911051750183105
AG-88-11_r12-__F441,AG-88-11_r12-,single,1,0,0,1,1,True,0,0.9261594414710999
AG-88-11_r12-__F442,AG-88-11_r12-,single,1,0,0,1,1,True,0,0.8044411540031433
AG-88-11_r12-__F443,AG-88-11_r12-,multi,2,0,0,2,2,True,0,0.7692508697509766
AG-88-11_r12-__F444,AG-88-11_r12-,single,1,0,0,1,1,True,0,0.6469323635101318
AG-88-11_r12-__F445,AG-88-11_r12-,single,1,0,0,1,1,True,0,0.8500954508781433
AG-88-11_r12-__F446,AG-88-11_r12-,multi,0,1,2,2,1,False,1,0.0
AG-88-11_r12-__F447,AG-88-11_r12-,single,1,0,0,1,1,True,0,0.7734416723251343
AG-88-11_r12-__F448,AG-88-11_r12-,single,1,0,0,1,1,True,0,0.9002841711044312
AG-88-11_r12-__F449,AG-88-11_r12-,single,1,0,0,1,1,True,0,0.8793184161186218
AG-88-11_r12-__F45,AG-88-11_r12-,single,1,0,0,1,1,True,0,0.8889361023902893
AG-88-11_r12-__F450,AG-88-11_r12-,single,1,0,0,1,1,True,0,0.9828751087188721
AG-88-11_r12-__F451,AG-88-11_r12-,single,1,0,0,1,1,True,0,0.6004835367202759
AG-88-11_r12-__F452,AG-88-11_r12-,single,1,0,0,1,1,True,0,0.9516699910163879
AG-88-11_r12-__F453,AG-88-11_r12-,multi,1,1,1,2,2,True,0,0.5107347369194031
AG-88-11_r12-__F454,AG-88-11_r12-,single,1,0,0,1,1,True,0,0.9743635654449463
AG-88-11_r12-__F455,AG-88-11_r12-,multi,1,0,1,2,1,False,1,0.9299371242523193
AG-88-11_r12-__F456,AG-88-11_r12-,single,1,0,0,1,1,True,0,0.7118341326713562
AG-88-11_r12-__F457,AG-88-11_r12-,empty,0,1,0,0,1,False,1,0.0
AG-88-11_r12-__F458,AG-88-11_r12-,single,1,0,0,1,1,True,0,0.9338054656982422
AG-88-11_r12-__F459,AG-88-11_r12-,single,1,0,0,1,1,True,0,0.847441554069519
AG-88-11_r12-__F46,AG-88-11_r12-,single,1,0,0,1,1,True,0,0.8718070387840271
AG-88-11_r12-__F460,AG-88-11_r12-,single,1,0,0,1,1,True,0,0.8222223520278931
AG-88-11_r12-__F461,AG-88-11_r12-,single,1,0,0,1,1,True,0,0.9399267435073853
AG-88-11_r12-__F462,AG-88-11_r12-,single,1,0,0,1,1,True,0,0.9006398916244507
AG-88-11_r12-__F463,AG-88-11_r12-,single,1,0,0,1,1,True,0,0.9314311742782593
AG-88-11_r12-__F464,AG-88-11_r12-,single,1,0,0,1,1,True,0,0.9386393427848816
AG-88-11_r12-__F465,AG-88-11_r12-,single,1,0,0,1,1,True,0,0.9701161980628967
AG-88-11_r12-__F466,AG-88-11_r12-,single,1,0,0,1,1,True,0,0.8501495718955994
AG-88-11_r12-__F467,AG-88-11_r12-,single,1,0,0,1,1,True,0,0.933016300201416
AG-88-11_r12-__F468,AG-88-11_r12-,single,1,0,0,1,1,True,0,0.9065833687782288
AG-88-11_r12-__F469,AG-88-11_r12-,single,1,0,0,1,1,True,0,0.8795244693756104
AG-88-11_r12-__F47,AG-88-11_r12-,single,1,0,0,1,1,True,0,0.880718469619751
AG-88-11_r12-__F470,AG-88-11_r12-,single,1,0,0,1,1,True,0,0.8890831470489502
AG-88-11_r12-__F471,AG-88-11_r12-,single,1,0,0,1,1,True,0,0.8798834085464478
AG-88-11_r12-__F472,AG-88-11_r12-,single,1,0,0,1,1,True,0,0.9426532983779907
AG-88-11_r12-__F473,AG-88-11_r12-,single,1,0,0,1,1,True,0,0.8263595104217529
AG-88-11_r12-__F474,AG-88-11_r12-,multi,1,1,1,2,2,True,0,0.7385621070861816
AG-88-11_r12-__F475,AG-88-11_r12-,single,1,0,0,1,1,True,0,0.679844856262207
AG-88-11_r12-__F476,AG-88-11_r12-,single,1,0,0,1,1,True,0,0.93081134557724
AG-88-11_r12-__F477,AG-88-11_r12-,single,1,0,0,1,1,True,0,0.8131154775619507
AG-88-11_r12-__F478,AG-88-11_r12-,empty,0,0,0,0,0,True,0,0.0
AG-88-11_r12-__F479,AG-88-11_r12-,single,0,0,1,1,0,False,1,0.0
AG-88-11_r12-__F48,AG-88-11_r12-,single,1,0,0,1,1,True,0,0.7574877738952637
AG-88-11_r12-__F480,AG-88-11_r12-,single,1,1,0,1,2,False,1,0.8276591300964355
AG-88-11_r12-__F481,AG-88-11_r12-,single,1,0,0,1,1,True,0,0.8740648031234741
AG-88-11_r12-__F482,AG-88-11_r12-,multi,1,0,1,2,1,False,1,0.9351994395256042
AG-88-11_r12-__F483,AG-88-11_r12-,single,1,0,0,1,1,True,0,0.8607790470123291
AG-88-11_r12-__F484,AG-88-11_r12-,single,1,0,0,1,1,True,0,0.8475925326347351
AG-88-11_r12-__F485,AG-88-11_r12-,single,1,0,0,1,1,True,0,0.8255427479743958
AG-88-11_r12-__F486,AG-88-11_r12-,single,1,0,0,1,1,True,0,0.8613712191581726
AG-88-11_r12-__F487,AG-88-11_r12-,multi,2,0,0,2,2,True,0,0.8402151167392731
AG-88-11_r12-__F488,AG-88-11_r12-,multi,1,2,1,2,3,False,1,0.809446394443512
AG-88-11_r12-__F489,AG-88-11_r12-,single,1,0,0,1,1,True,0,0.9430943727493286
AG-88-11_r12-__F49,AG-88-11_r12-,multi,1,0,1,2,1,False,1,0.9094170331954956
AG-88-11_r12-__F490,AG-88-11_r12-,multi,1,0,1,2,1,False,1,0.8089056611061096
AG-88-11_r12-__F491,AG-88-11_r12-,single,1,0,0,1,1,True,0,0.8330022692680359
AG-88-11_r12-__F492,AG-88-11_r12-,single,1,0,0,1,1,True,0,0.9566056728363037
AG-88-11_r12-__F493,AG-88-11_r12-,empty,0,0,0,0,0,True,0,0.0
AG-88-11_r12-__F494,AG-88-11_r12-,single,1,0,0,1,1,True,0,0.9564474821090698
AG-88-11_r12-__F495,AG-88-11_r12-,single,1,0,0,1,1,True,0,0.8135814070701599
AG-88-11_r12-__F496,AG-88-11_r12-,single,1,0,0,1,1,True,0,0.8571330904960632
AG-88-11_r12-__F497,AG-88-11_r12-,single,1,0,0,1,1,True,0,0.6039491295814514
AG-88-11_r12-__F498,AG-88-11_r12-,single,1,0,0,1,1,True,0,0.8309059739112854
AG-88-11_r12-__F499,AG-88-11_r12-,single,1,0,0,1,1,True,0,0.884392499923706
AG-88-11_r12-__F5,AG-88-11_r12-,single,1,0,0,1,1,True,0,0.823903501033783
AG-88-11_r12-__F50,AG-88-11_r12-,multi,1,0,1,2,1,False,1,0.7289645075798035
AG-88-11_r12-__F500,AG-88-11_r12-,single,1,1,0,1,2,False,1,0.8317654132843018
AG-88-11_r12-__F501,AG-88-11_r12-,single,1,0,0,1,1,True,0,0.9422237873077393
AG-88-11_r12-__F502,AG-88-11_r12-,single,1,0,0,1,1,True,0,0.5114470720291138
AG-88-11_r12-__F503,AG-88-11_r12-,single,1,0,0,1,1,True,0,0.8878345489501953
AG-88-11_r12-__F504,AG-88-11_r12-,single,1,0,0,1,1,True,0,0.8329480290412903
AG-88-11_r12-__F505,AG-88-11_r12-,multi,1,0,1,2,1,False,1,0.6333956718444824
AG-88-11_r12-__F506,AG-88-11_r12-,single,1,0,0,1,1,True,0,0.9328188896179199
AG-88-11_r12-__F507,AG-88-11_r12-,single,1,0,0,1,1,True,0,0.9310790300369263
AG-88-11_r12-__F508,AG-88-11_r12-,single,1,0,0,1,1,True,0,0.9505515694618225
AG-88-11_r12-__F509,AG-88-11_r12-,multi,2,0,1,3,2,False,1,0.7260264456272125
AG-88-11_r12-__F51,AG-88-11_r12-,single,1,0,0,1,1,True,0,0.8913330435752869
AG-88-11_r12-__F510,AG-88-11_r12-,single,1,0,0,1,1,True,0,0.9544535279273987
AG-88-11_r12-__F511,AG-88-11_r12-,multi,1,0,1,2,1,False,1,0.758773148059845
AG-88-11_r12-__F512,AG-88-11_r12-,single,1,0,0,1,1,True,0,0.9783380627632141
AG-88-11_r12-__F513,AG-88-11_r12-,single,1,0,0,1,1,True,0,0.631458044052124
AG-88-11_r12-__F514,AG-88-11_r12-,single,1,0,0,1,1,True,0,0.9162478446960449
AG-88-11_r12-__F515,AG-88-11_r12-,single,1,0,0,1,1,True,0,0.8389631509780884
AG-88-11_r12-__F516,AG-88-11_r12-,multi,1,0,1,2,1,False,1,0.8738323450088501
AG-88-11_r12-__F517,AG-88-11_r12-,multi,1,0,1,2,1,False,1,0.6139451265335083
AG-88-11_r12-__F518,AG-88-11_r12-,single,1,0,0,1,1,True,0,0.922213613986969
AG-88-11_r12-__F519,AG-88-11_r12-,single,1,0,0,1,1,True,0,0.7213631272315979
AG-88-11_r12-__F52,AG-88-11_r12-,single,1,0,0,1,1,True,0,0.8533841371536255
AG-88-11_r12-__F520,AG-88-11_r12-,single,1,0,0,1,1,True,0,0.9379483461380005
AG-88-11_r12-__F521,AG-88-11_r12-,single,1,0,0,1,1,True,0,0.8166143894195557
AG-88-11_r12-__F522,AG-88-11_r12-,multi,2,1,0,2,3,False,1,0.8698107898235321
AG-88-11_r12-__F523,AG-88-11_r12-,multi,1,0,1,2,1,False,1,0.9716442823410034
AG-88-11_r12-__F53,AG-88-11_r12-,single,1,0,0,1,1,True,0,0.8551076650619507
AG-88-11_r12-__F54,AG-88-11_r12-,single,1,0,0,1,1,True,0,0.9101659655570984
AG-88-11_r12-__F55,AG-88-11_r12-,single,1,0,0,1,1,True,0,0.7584027051925659
AG-88-11_r12-__F56,AG-88-11_r12-,empty,0,0,0,0,0,True,0,0.0
AG-88-11_r12-__F57,AG-88-11_r12-,single,1,0,0,1,1,True,0,0.8405308723449707
AG-88-11_r12-__F58,AG-88-11_r12-,single,1,0,0,1,1,True,0,0.7125726342201233
AG-88-11_r12-__F59,AG-88-11_r12-,single,1,0,0,1,1,True,0,0.8845150470733643
AG-88-11_r12-__F6,AG-88-11_r12-,single,1,0,0,1,1,True,0,0.8979966044425964
AG-88-11_r12-__F60,AG-88-11_r12-,multi,1,0,1,2,1,False,1,0.8100123405456543
AG-88-11_r12-__F61,AG-88-11_r12-,single,1,0,0,1,1,True,0,0.8022310137748718
AG-88-11_r12-__F62,AG-88-11_r12-,single,1,0,0,1,1,True,0,0.9034641981124878
AG-88-11_r12-__F63,AG-88-11_r12-,multi,1,0,1,2,1,False,1,0.7036787271499634
AG-88-11_r12-__F64,AG-88-11_r12-,single,1,0,0,1,1,True,0,0.9068713784217834
AG-88-11_r12-__F65,AG-88-11_r12-,single,1,0,0,1,1,True,0,0.7898585796356201
AG-88-11_r12-__F66,AG-88-11_r12-,single,1,0,0,1,1,True,0,0.9672077298164368
AG-88-11_r12-__F67,AG-88-11_r12-,single,1,0,0,1,1,True,0,0.928263783454895
AG-88-11_r12-__F68,AG-88-11_r12-,single,1,0,0,1,1,True,0,0.9387337565422058
AG-88-11_r12-__F69,AG-88-11_r12-,single,1,0,0,1,1,True,0,0.8512893915176392
AG-88-11_r12-__F7,AG-88-11_r12-,single,1,0,0,1,1,True,0,0.9064279198646545
AG-88-11_r12-__F70,AG-88-11_r12-,single,1,0,0,1,1,True,0,0.9207924008369446
AG-88-11_r12-__F71,AG-88-11_r12-,single,1,0,0,1,1,True,0,0.7504599690437317
AG-88-11_r12-__F72,AG-88-11_r12-,multi,2,0,0,2,2,True,0,0.8110720217227936
AG-88-11_r12-__F73,AG-88-11_r12-,single,1,0,0,1,1,True,0,0.8460720777511597
AG-88-11_r12-__F74,AG-88-11_r12-,single,1,0,0,1,1,True,0,0.8829795122146606
AG-88-11_r12-__F75,AG-88-11_r12-,single,1,0,0,1,1,True,0,0.724129855632782
AG-88-11_r12-__F76,AG-88-11_r12-,single,1,0,0,1,1,True,0,0.8575838208198547
AG-88-11_r12-__F77,AG-88-11_r12-,single,1,0,0,1,1,True,0,0.8472034931182861
AG-88-11_r12-__F78,AG-88-11_r12-,multi,1,0,1,2,1,False,1,0.8199719190597534
AG-88-11_r12-__F79,AG-88-11_r12-,single,1,0,0,1,1,True,0,0.8729866147041321
AG-88-11_r12-__F80,AG-88-11_r12-,multi,1,0,1,2,1,False,1,0.7584845423698425
AG-88-11_r12-__F81,AG-88-11_r12-,single,1,0,0,1,1,True,0,0.7574113011360168
AG-88-11_r12-__F82,AG-88-11_r12-,multi,0,0,2,2,0,False,2,0.0
AG-88-11_r12-__F83,AG-88-11_r12-,single,1,0,0,1,1,True,0,0.6670348048210144
AG-88-11_r12-__F84,AG-88-11_r12-,single,1,0,0,1,1,True,0,0.9625083208084106
AG-88-11_r12-__F85,AG-88-11_r12-,single,1,0,0,1,1,True,0,0.971153974533081
AG-88-11_r12-__F86,AG-88-11_r12-,single,1,0,0,1,1,True,0,0.7241374850273132
AG-88-11_r12-__F87,AG-88-11_r12-,single,1,0,0,1,1,True,0,0.8291050791740417
AG-88-11_r12-__F88,AG-88-11_r12-,empty,0,0,0,0,0,True,0,0.0
AG-88-11_r12-__F89,AG-88-11_r12-,single,1,0,0,1,1,True,0,0.7892200946807861
AG-88-11_r12-__F9,AG-88-11_r12-,single,1,0,0,1,1,True,0,0.8700658679008484
AG-88-11_r12-__F90,AG-88-11_r12-,single,1,0,0,1,1,True,0,0.8399478793144226
AG-88-11_r12-__F91,AG-88-11_r12-,single,1,0,0,1,1,True,0,0.9050651788711548
AG-88-11_r12-__F92,AG-88-11_r12-,single,1,0,0,1,1,True,0,0.8175035119056702
AG-88-11_r12-__F93,AG-88-11_r12-,single,1,0,0,1,1,True,0,0.8862343430519104
AG-88-11_r12-__F94,AG-88-11_r12-,single,1,0,0,1,1,True,0,0.8129829168319702
AG-88-11_r12-__F95,AG-88-11_r12-,single,1,0,0,1,1,True,0,0.7630438804626465
AG-88-11_r12-__F96,AG-88-11_r12-,single,1,0,0,1,1,True,0,0.7894816994667053
AG-88-11_r12-__F97,AG-88-11_r12-,multi,1,0,1,2,1,False,1,0.8448765277862549
AG-88-11_r12-__F98,AG-88-11_r12-,multi,2,0,0,2,2,True,0,0.7470649480819702
AG-88-11_r12-__F99,AG-88-11_r12-,single,0,1,1,1,1,True,0,0.0
