sample_id,source_file,true_peak_count_class,true_positive,false_positive,false_negative,target_count,prediction_count,exact_count,count_absolute_error,mean_matched_iou
Sphingolipid-BTSPT-Cell-pellet_1__F1,Sphingolipid-BTSPT-Cell-pellet_1,single,1,0,0,1,1,True,0,0.8911615014076233
Sphingolipid-BTSPT-Cell-pellet_1__F10,Sphingolipid-BTSPT-Cell-pellet_1,empty,0,1,0,0,1,False,1,0.0
Sphingolipid-BTSPT-Cell-pellet_1__F100,Sphingolipid-BTSPT-Cell-pellet_1,empty,0,0,0,0,0,True,0,0.0
Sphingolipid-BTSPT-Cell-pellet_1__F101,Sphingolipid-BTSPT-Cell-pellet_1,single,1,0,0,1,1,True,0,0.9225202798843384
Sphingolipid-BTSPT-Cell-pellet_1__F102,Sphingolipid-BTSPT-Cell-pellet_1,single,1,0,0,1,1,True,0,0.7806909084320068
Sphingolipid-BTSPT-Cell-pellet_1__F103,Sphingolipid-BTSPT-Cell-pellet_1,empty,0,1,0,0,1,False,1,0.0
Sphingolipid-BTSPT-Cell-pellet_1__F104,Sphingolipid-BTSPT-Cell-pellet_1,single,1,0,0,1,1,True,0,0.9587526917457581
Sphingolipid-BTSPT-Cell-pellet_1__F105,Sphingolipid-BTSPT-Cell-pellet_1,empty,0,0,0,0,0,True,0,0.0
Sphingolipid-BTSPT-Cell-pellet_1__F106,Sphingolipid-BTSPT-Cell-pellet_1,empty,0,0,0,0,0,True,0,0.0
Sphingolipid-BTSPT-Cell-pellet_1__F107,Sphingolipid-BTSPT-Cell-pellet_1,single,1,0,0,1,1,True,0,0.783132016658783
Sphingolipid-BTSPT-Cell-pellet_1__F108,Sphingolipid-BTSPT-Cell-pellet_1,empty,0,0,0,0,0,True,0,0.0
Sphingolipid-BTSPT-Cell-pellet_1__F109,Sphingolipid-BTSPT-Cell-pellet_1,single,1,0,0,1,1,True,0,0.9127116799354553
Sphingolipid-BTSPT-Cell-pellet_1__F11,Sphingolipid-BTSPT-Cell-pellet_1,single,1,0,0,1,1,True,0,0.8786827325820923
Sphingolipid-BTSPT-Cell-pellet_1__F110,Sphingolipid-BTSPT-Cell-pellet_1,empty,0,1,0,0,1,False,1,0.0
Sphingolipid-BTSPT-Cell-pellet_1__F111,Sphingolipid-BTSPT-Cell-pellet_1,empty,0,0,0,0,0,True,0,0.0
Sphingolipid-BTSPT-Cell-pellet_1__F112,Sphingolipid-BTSPT-Cell-pellet_1,empty,0,1,0,0,1,False,1,0.0
Sphingolipid-BTSPT-Cell-pellet_1__F113,Sphingolipid-BTSPT-Cell-pellet_1,multi,2,0,0,2,2,True,0,0.9325841963291168
Sphingolipid-BTSPT-Cell-pellet_1__F114,Sphingolipid-BTSPT-Cell-pellet_1,single,1,0,0,1,1,True,0,0.7558380961418152
Sphingolipid-BTSPT-Cell-pellet_1__F115,Sphingolipid-BTSPT-Cell-pellet_1,single,1,0,0,1,1,True,0,0.8238772749900818
Sphingolipid-BTSPT-Cell-pellet_1__F116,Sphingolipid-BTSPT-Cell-pellet_1,single,1,0,0,1,1,True,0,0.9162801504135132
Sphingolipid-BTSPT-Cell-pellet_1__F117,Sphingolipid-BTSPT-Cell-pellet_1,single,1,0,0,1,1,True,0,0.8862797617912292
Sphingolipid-BTSPT-Cell-pellet_1__F118,Sphingolipid-BTSPT-Cell-pellet_1,empty,0,1,0,0,1,False,1,0.0
Sphingolipid-BTSPT-Cell-pellet_1__F119,Sphingolipid-BTSPT-Cell-pellet_1,single,1,0,0,1,1,True,0,0.9650480151176453
Sphingolipid-BTSPT-Cell-pellet_1__F12,Sphingolipid-BTSPT-Cell-pellet_1,empty,0,0,0,0,0,True,0,0.0
Sphingolipid-BTSPT-Cell-pellet_1__F120,Sphingolipid-BTSPT-Cell-pellet_1,single,1,0,0,1,1,True,0,0.7182719111442566
Sphingolipid-BTSPT-Cell-pellet_1__F121,Sphingolipid-BTSPT-Cell-pellet_1,multi,2,0,0,2,2,True,0,0.7857138216495514
Sphingolipid-BTSPT-Cell-pellet_1__F122,Sphingolipid-BTSPT-Cell-pellet_1,single,1,0,0,1,1,True,0,0.9835919141769409
Sphingolipid-BTSPT-Cell-pellet_1__F123,Sphingolipid-BTSPT-Cell-pellet_1,single,1,0,0,1,1,True,0,0.9101360440254211
Sphingolipid-BTSPT-Cell-pellet_1__F124,Sphingolipid-BTSPT-Cell-pellet_1,empty,0,0,0,0,0,True,0,0.0
Sphingolipid-BTSPT-Cell-pellet_1__F125,Sphingolipid-BTSPT-Cell-pellet_1,single,0,1,1,1,1,True,0,0.0
Sphingolipid-BTSPT-Cell-pellet_1__F126,Sphingolipid-BTSPT-Cell-pellet_1,single,1,0,0,1,1,True,0,0.8742969036102295
Sphingolipid-BTSPT-Cell-pellet_1__F127,Sphingolipid-BTSPT-Cell-pellet_1,single,1,0,0,1,1,True,0,0.8776129484176636
Sphingolipid-BTSPT-Cell-pellet_1__F128,Sphingolipid-BTSPT-Cell-pellet_1,empty,0,0,0,0,0,True,0,0.0
Sphingolipid-BTSPT-Cell-pellet_1__F129,Sphingolipid-BTSPT-Cell-pellet_1,single,1,0,0,1,1,True,0,0.7794427275657654
Sphingolipid-BTSPT-Cell-pellet_1__F13,Sphingolipid-BTSPT-Cell-pellet_1,single,1,0,0,1,1,True,0,0.7923505306243896
Sphingolipid-BTSPT-Cell-pellet_1__F130,Sphingolipid-BTSPT-Cell-pellet_1,single,1,0,0,1,1,True,0,0.8307134509086609
Sphingolipid-BTSPT-Cell-pellet_1__F131,Sphingolipid-BTSPT-Cell-pellet_1,single,0,1,1,1,1,True,0,0.0
Sphingolipid-BTSPT-Cell-pellet_1__F132,Sphingolipid-BTSPT-Cell-pellet_1,empty,0,2,0,0,2,False,2,0.0
Sphingolipid-BTSPT-Cell-pellet_1__F133,Sphingolipid-BTSPT-Cell-pellet_1,single,1,0,0,1,1,True,0,0.8220438957214355
Sphingolipid-BTSPT-Cell-pellet_1__F134,Sphingolipid-BTSPT-Cell-pellet_1,single,1,0,0,1,1,True,0,0.8159687519073486
Sphingolipid-BTSPT-Cell-pellet_1__F135,Sphingolipid-BTSPT-Cell-pellet_1,single,1,0,0,1,1,True,0,0.8861399292945862
Sphingolipid-BTSPT-Cell-pellet_1__F136,Sphingolipid-BTSPT-Cell-pellet_1,single,1,0,0,1,1,True,0,0.8276793360710144
Sphingolipid-BTSPT-Cell-pellet_1__F137,Sphingolipid-BTSPT-Cell-pellet_1,single,1,0,0,1,1,True,0,0.9265491366386414
Sphingolipid-BTSPT-Cell-pellet_1__F138,Sphingolipid-BTSPT-Cell-pellet_1,multi,2,0,0,2,2,True,0,0.8810859024524689
Sphingolipid-BTSPT-Cell-pellet_1__F139,Sphingolipid-BTSPT-Cell-pellet_1,empty,0,2,0,0,2,False,2,0.0
Sphingolipid-BTSPT-Cell-pellet_1__F14,Sphingolipid-BTSPT-Cell-pellet_1,single,1,0,0,1,1,True,0,0.8784071803092957
Sphingolipid-BTSPT-Cell-pellet_1__F140,Sphingolipid-BTSPT-Cell-pellet_1,empty,0,1,0,0,1,False,1,0.0
Sphingolipid-BTSPT-Cell-pellet_1__F141,Sphingolipid-BTSPT-Cell-pellet_1,single,1,0,0,1,1,True,0,0.8644941449165344
Sphingolipid-BTSPT-Cell-pellet_1__F143,Sphingolipid-BTSPT-Cell-pellet_1,empty,0,0,0,0,0,True,0,0.0
Sphingolipid-BTSPT-Cell-pellet_1__F144,Sphingolipid-BTSPT-Cell-pellet_1,single,1,0,0,1,1,True,0,0.8391397595405579
Sphingolipid-BTSPT-Cell-pellet_1__F145,Sphingolipid-BTSPT-Cell-pellet_1,empty,0,1,0,0,1,False,1,0.0
Sphingolipid-BTSPT-Cell-pellet_1__F146,Sphingolipid-BTSPT-Cell-pellet_1,empty,0,0,0,0,0,True,0,0.0
Sphingolipid-BTSPT-Cell-pellet_1__F147,Sphingolipid-BTSPT-Cell-pellet_1,empty,0,1,0,0,1,False,1,0.0
Sphingolipid-BTSPT-Cell-pellet_1__F148,Sphingolipid-BTSPT-Cell-pellet_1,single,1,0,0,1,1,True,0,0.8475158214569092
Sphingolipid-BTSPT-Cell-pellet_1__F149,Sphingolipid-BTSPT-Cell-pellet_1,empty,0,0,0,0,0,True,0,0.0
Sphingolipid-BTSPT-Cell-pellet_1__F15,Sphingolipid-BTSPT-Cell-pellet_1,single,1,0,0,1,1,True,0,0.6772890090942383
Sphingolipid-BTSPT-Cell-pellet_1__F150,Sphingolipid-BTSPT-Cell-pellet_1,single,1,0,0,1,1,True,0,0.938099205493927
Sphingolipid-BTSPT-Cell-pellet_1__F151,Sphingolipid-BTSPT-Cell-pellet_1,multi,2,0,0,2,2,True,0,0.8884215354919434
Sphingolipid-BTSPT-Cell-pellet_1__F152,Sphingolipid-BTSPT-Cell-pellet_1,single,1,0,0,1,1,True,0,0.8763971924781799
Sphingolipid-BTSPT-Cell-pellet_1__F153,Sphingolipid-BTSPT-Cell-pellet_1,single,1,0,0,1,1,True,0,0.5707340240478516
Sphingolipid-BTSPT-Cell-pellet_1__F154,Sphingolipid-BTSPT-Cell-pellet_1,single,1,0,0,1,1,True,0,0.7535907030105591
Sphingolipid-BTSPT-Cell-pellet_1__F155,Sphingolipid-BTSPT-Cell-pellet_1,single,1,0,0,1,1,True,0,0.8959522843360901
Sphingolipid-BTSPT-Cell-pellet_1__F156,Sphingolipid-BTSPT-Cell-pellet_1,single,1,0,0,1,1,True,0,0.8469460606575012
Sphingolipid-BTSPT-Cell-pellet_1__F157,Sphingolipid-BTSPT-Cell-pellet_1,empty,0,1,0,0,1,False,1,0.0
Sphingolipid-BTSPT-Cell-pellet_1__F158,Sphingolipid-BTSPT-Cell-pellet_1,single,1,0,0,1,1,True,0,0.9296855926513672
Sphingolipid-BTSPT-Cell-pellet_1__F159,Sphingolipid-BTSPT-Cell-pellet_1,empty,0,0,0,0,0,True,0,0.0
Sphingolipid-BTSPT-Cell-pellet_1__F16,Sphingolipid-BTSPT-Cell-pellet_1,empty,0,0,0,0,0,True,0,0.0
Sphingolipid-BTSPT-Cell-pellet_1__F161,Sphingolipid-BTSPT-Cell-pellet_1,empty,0,0,0,0,0,True,0,0.0
Sphingolipid-BTSPT-Cell-pellet_1__F162,Sphingolipid-BTSPT-Cell-pellet_1,empty,0,1,0,0,1,False,1,0.0
Sphingolipid-BTSPT-Cell-pellet_1__F163,Sphingolipid-BTSPT-Cell-pellet_1,empty,0,1,0,0,1,False,1,0.0
Sphingolipid-BTSPT-Cell-pellet_1__F164,Sphingolipid-BTSPT-Cell-pellet_1,multi,0,2,2,2,2,True,0,0.0
Sphingolipid-BTSPT-Cell-pellet_1__F165,Sphingolipid-BTSPT-Cell-pellet_1,single,1,0,0,1,1,True,0,0.9380435347557068
Sphingolipid-BTSPT-Cell-pellet_1__F166,Sphingolipid-BTSPT-Cell-pellet_1,empty,0,1,0,0,1,False,1,0.0
Sphingolipid-BTSPT-Cell-pellet_1__F167,Sphingolipid-BTSPT-Cell-pellet_1,empty,0,0,0,0,0,True,0,0.0
Sphingolipid-BTSPT-Cell-pellet_1__F168,Sphingolipid-BTSPT-Cell-pellet_1,empty,0,1,0,0,1,False,1,0.0
Sphingolipid-BTSPT-Cell-pellet_1__F169,Sphingolipid-BTSPT-Cell-pellet_1,empty,0,1,0,0,1,False,1,0.0
Sphingolipid-BTSPT-Cell-pellet_1__F17,Sphingolipid-BTSPT-Cell-pellet_1,empty,0,1,0,0,1,False,1,0.0
Sphingolipid-BTSPT-Cell-pellet_1__F170,Sphingolipid-BTSPT-Cell-pellet_1,multi,2,0,0,2,2,True,0,0.7794389426708221
Sphingolipid-BTSPT-Cell-pellet_1__F171,Sphingolipid-BTSPT-Cell-pellet_1,single,1,0,0,1,1,True,0,0.9499989748001099
Sphingolipid-BTSPT-Cell-pellet_1__F172,Sphingolipid-BTSPT-Cell-pellet_1,empty,0,0,0,0,0,True,0,0.0
Sphingolipid-BTSPT-Cell-pellet_1__F173,Sphingolipid-BTSPT-Cell-pellet_1,single,1,0,0,1,1,True,0,0.8516735434532166
Sphingolipid-BTSPT-Cell-pellet_1__F175,Sphingolipid-BTSPT-Cell-pellet_1,multi,1,0,1,2,1,False,1,0.9531112909317017
Sphingolipid-BTSPT-Cell-pellet_1__F176,Sphingolipid-BTSPT-Cell-pellet_1,empty,0,0,0,0,0,True,0,0.0
Sphingolipid-BTSPT-Cell-pellet_1__F177,Sphingolipid-BTSPT-Cell-pellet_1,empty,0,1,0,0,1,False,1,0.0
Sphingolipid-BTSPT-Cell-pellet_1__F178,Sphingolipid-BTSPT-Cell-pellet_1,single,1,0,0,1,1,True,0,0.9100220799446106
Sphingolipid-BTSPT-Cell-pellet_1__F179,Sphingolipid-BTSPT-Cell-pellet_1,empty,0,1,0,0,1,False,1,0.0
Sphingolipid-BTSPT-Cell-pellet_1__F18,Sphingolipid-BTSPT-Cell-pellet_1,empty,0,0,0,0,0,True,0,0.0
Sphingolipid-BTSPT-Cell-pellet_1__F180,Sphingolipid-BTSPT-Cell-pellet_1,single,1,0,0,1,1,True,0,0.9400296211242676
Sphingolipid-BTSPT-Cell-pellet_1__F181,Sphingolipid-BTSPT-Cell-pellet_1,empty,0,0,0,0,0,True,0,0.0
Sphingolipid-BTSPT-Cell-pellet_1__F182,Sphingolipid-BTSPT-Cell-pellet_1,empty,0,0,0,0,0,True,0,0.0
Sphingolipid-BTSPT-Cell-pellet_1__F183,Sphingolipid-BTSPT-Cell-pellet_1,multi,1,0,2,3,1,False,2,0.8655673265457153
Sphingolipid-BTSPT-Cell-pellet_1__F184,Sphingolipid-BTSPT-Cell-pellet_1,single,1,0,0,1,1,True,0,0.9798372387886047
Sphingolipid-BTSPT-Cell-pellet_1__F186,Sphingolipid-BTSPT-Cell-pellet_1,single,1,0,0,1,1,True,0,0.9085826873779297
Sphingolipid-BTSPT-Cell-pellet_1__F187,Sphingolipid-BTSPT-Cell-pellet_1,empty,0,0,0,0,0,True,0,0.0
Sphingolipid-BTSPT-Cell-pellet_1__F188,Sphingolipid-BTSPT-Cell-pellet_1,single,1,0,0,1,1,True,0,0.6772365570068359
Sphingolipid-BTSPT-Cell-pellet_1__F189,Sphingolipid-BTSPT-Cell-pellet_1,multi,2,0,0,2,2,True,0,0.8551647067070007
Sphingolipid-BTSPT-Cell-pellet_1__F19,Sphingolipid-BTSPT-Cell-pellet_1,single,1,0,0,1,1,True,0,0.7496730089187622
Sphingolipid-BTSPT-Cell-pellet_1__F190,Sphingolipid-BTSPT-Cell-pellet_1,empty,0,1,0,0,1,False,1,0.0
Sphingolipid-BTSPT-Cell-pellet_1__F191,Sphingolipid-BTSPT-Cell-pellet_1,empty,0,0,0,0,0,True,0,0.0
Sphingolipid-BTSPT-Cell-pellet_1__F192,Sphingolipid-BTSPT-Cell-pellet_1,empty,0,1,0,0,1,False,1,0.0
Sphingolipid-BTSPT-Cell-pellet_1__F193,Sphingolipid-BTSPT-Cell-pellet_1,single,1,0,0,1,1,True,0,0.7713995575904846
Sphingolipid-BTSPT-Cell-pellet_1__F194,Sphingolipid-BTSPT-Cell-pellet_1,multi,1,0,1,2,1,False,1,0.7678585052490234
Sphingolipid-BTSPT-Cell-pellet_1__F195,Sphingolipid-BTSPT-Cell-pellet_1,empty,0,0,0,0,0,True,0,0.0
Sphingolipid-BTSPT-Cell-pellet_1__F196,Sphingolipid-BTSPT-Cell-pellet_1,single,0,1,1,1,1,True,0,0.0
Sphingolipid-BTSPT-Cell-pellet_1__F197,Sphingolipid-BTSPT-Cell-pellet_1,single,1,0,0,1,1,True,0,0.8092040419578552
Sphingolipid-BTSPT-Cell-pellet_1__F198,Sphingolipid-BTSPT-Cell-pellet_1,empty,0,0,0,0,0,True,0,0.0
Sphingolipid-BTSPT-Cell-pellet_1__F199,Sphingolipid-BTSPT-Cell-pellet_1,empty,0,1,0,0,1,False,1,0.0
Sphingolipid-BTSPT-Cell-pellet_1__F2,Sphingolipid-BTSPT-Cell-pellet_1,single,1,0,0,1,1,True,0,0.7384009957313538
Sphingolipid-BTSPT-Cell-pellet_1__F20,Sphingolipid-BTSPT-Cell-pellet_1,empty,0,0,0,0,0,True,0,0.0
Sphingolipid-BTSPT-Cell-pellet_1__F200,Sphingolipid-BTSPT-Cell-pellet_1,empty,0,0,0,0,0,True,0,0.0
Sphingolipid-BTSPT-Cell-pellet_1__F201,Sphingolipid-BTSPT-Cell-pellet_1,empty,0,1,0,0,1,False,1,0.0
Sphingolipid-BTSPT-Cell-pellet_1__F202,Sphingolipid-BTSPT-Cell-pellet_1,empty,0,1,0,0,1,False,1,0.0
Sphingolipid-BTSPT-Cell-pellet_1__F203,Sphingolipid-BTSPT-Cell-pellet_1,single,1,0,0,1,1,True,0,0.7049692273139954
Sphingolipid-BTSPT-Cell-pellet_1__F204,Sphingolipid-BTSPT-Cell-pellet_1,single,1,0,0,1,1,True,0,0.7479509711265564
Sphingolipid-BTSPT-Cell-pellet_1__F205,Sphingolipid-BTSPT-Cell-pellet_1,single,1,0,0,1,1,True,0,0.7988228797912598
Sphingolipid-BTSPT-Cell-pellet_1__F207,Sphingolipid-BTSPT-Cell-pellet_1,empty,0,0,0,0,0,True,0,0.0
Sphingolipid-BTSPT-Cell-pellet_1__F208,Sphingolipid-BTSPT-Cell-pellet_1,empty,0,0,0,0,0,True,0,0.0
Sphingolipid-BTSPT-Cell-pellet_1__F209,Sphingolipid-BTSPT-Cell-pellet_1,empty,0,0,0,0,0,True,0,0.0
Sphingolipid-BTSPT-Cell-pellet_1__F21,Sphingolipid-BTSPT-Cell-pellet_1,empty,0,0,0,0,0,True,0,0.0
Sphingolipid-BTSPT-Cell-pellet_1__F210,Sphingolipid-BTSPT-Cell-pellet_1,single,1,0,0,1,1,True,0,0.8707593083381653
Sphingolipid-BTSPT-Cell-pellet_1__F211,Sphingolipid-BTSPT-Cell-pellet_1,single,1,0,0,1,1,True,0,0.9206544756889343
Sphingolipid-BTSPT-Cell-pellet_1__F212,Sphingolipid-BTSPT-Cell-pellet_1,empty,0,0,0,0,0,True,0,0.0
Sphingolipid-BTSPT-Cell-pellet_1__F213,Sphingolipid-BTSPT-Cell-pellet_1,single,1,0,0,1,1,True,0,0.8909384608268738
Sphingolipid-BTSPT-Cell-pellet_1__F214,Sphingolipid-BTSPT-Cell-pellet_1,empty,0,0,0,0,0,True,0,0.0
Sphingolipid-BTSPT-Cell-pellet_1__F215,Sphingolipid-BTSPT-Cell-pellet_1,single,1,0,0,1,1,True,0,0.9326366782188416
Sphingolipid-BTSPT-Cell-pellet_1__F216,Sphingolipid-BTSPT-Cell-pellet_1,single,1,0,0,1,1,True,0,0.9082373976707458
Sphingolipid-BTSPT-Cell-pellet_1__F217,Sphingolipid-BTSPT-Cell-pellet_1,single,1,0,0,1,1,True,0,0.8097033500671387
Sphingolipid-BTSPT-Cell-pellet_1__F218,Sphingolipid-BTSPT-Cell-pellet_1,empty,0,0,0,0,0,True,0,0.0
Sphingolipid-BTSPT-Cell-pellet_1__F219,Sphingolipid-BTSPT-Cell-pellet_1,empty,0,1,0,0,1,False,1,0.0
Sphingolipid-BTSPT-Cell-pellet_1__F22,Sphingolipid-BTSPT-Cell-pellet_1,empty,0,1,0,0,1,False,1,0.0
Sphingolipid-BTSPT-Cell-pellet_1__F220,Sphingolipid-BTSPT-Cell-pellet_1,single,1,0,0,1,1,True,0,0.6614164113998413
Sphingolipid-BTSPT-Cell-pellet_1__F221,Sphingolipid-BTSPT-Cell-pellet_1,empty,0,0,0,0,0,True,0,0.0
Sphingolipid-BTSPT-Cell-pellet_1__F222,Sphingolipid-BTSPT-Cell-pellet_1,empty,0,0,0,0,0,True,0,0.0
Sphingolipid-BTSPT-Cell-pellet_1__F224,Sphingolipid-BTSPT-Cell-pellet_1,empty,0,1,0,0,1,False,1,0.0
Sphingolipid-BTSPT-Cell-pellet_1__F225,Sphingolipid-BTSPT-Cell-pellet_1,empty,0,0,0,0,0,True,0,0.0
Sphingolipid-BTSPT-Cell-pellet_1__F226,Sphingolipid-BTSPT-Cell-pellet_1,empty,0,0,0,0,0,True,0,0.0
Sphingolipid-BTSPT-Cell-pellet_1__F227,Sphingolipid-BTSPT-Cell-pellet_1,multi,2,0,0,2,2,True,0,0.9310809373855591
Sphingolipid-BTSPT-Cell-pellet_1__F228,Sphingolipid-BTSPT-Cell-pellet_1,single,1,0,0,1,1,True,0,0.9412459135055542
Sphingolipid-BTSPT-Cell-pellet_1__F229,Sphingolipid-BTSPT-Cell-pellet_1,single,1,0,0,1,1,True,0,0.621661365032196
Sphingolipid-BTSPT-Cell-pellet_1__F23,Sphingolipid-BTSPT-Cell-pellet_1,single,1,0,0,1,1,True,0,0.7609050273895264
Sphingolipid-BTSPT-Cell-pellet_1__F230,Sphingolipid-BTSPT-Cell-pellet_1,empty,0,0,0,0,0,True,0,0.0
Sphingolipid-BTSPT-Cell-pellet_1__F231,Sphingolipid-BTSPT-Cell-pellet_1,empty,0,0,0,0,0,True,0,0.0
Sphingolipid-BTSPT-Cell-pellet_1__F232,Sphingolipid-BTSPT-Cell-pellet_1,empty,0,0,0,0,0,True,0,0.0
Sphingolipid-BTSPT-Cell-pellet_1__F233,Sphingolipid-BTSPT-Cell-pellet_1,single,1,0,0,1,1,True,0,0.9379539489746094
Sphingolipid-BTSPT-Cell-pellet_1__F234,Sphingolipid-BTSPT-Cell-pellet_1,multi,1,0,2,3,1,False,2,0.916607677936554
Sphingolipid-BTSPT-Cell-pellet_1__F235,Sphingolipid-BTSPT-Cell-pellet_1,empty,0,0,0,0,0,True,0,0.0
Sphingolipid-BTSPT-Cell-pellet_1__F236,Sphingolipid-BTSPT-Cell-pellet_1,single,1,0,0,1,1,True,0,0.7651151418685913
Sphingolipid-BTSPT-Cell-pellet_1__F237,Sphingolipid-BTSPT-Cell-pellet_1,multi,2,0,0,2,2,True,0,0.9490397572517395
Sphingolipid-BTSPT-Cell-pellet_1__F238,Sphingolipid-BTSPT-Cell-pellet_1,single,1,0,0,1,1,True,0,0.8949084877967834
Sphingolipid-BTSPT-Cell-pellet_1__F239,Sphingolipid-BTSPT-Cell-pellet_1,single,1,0,0,1,1,True,0,0.946812093257904
Sphingolipid-BTSPT-Cell-pellet_1__F24,Sphingolipid-BTSPT-Cell-pellet_1,single,1,0,0,1,1,True,0,0.760322630405426
Sphingolipid-BTSPT-Cell-pellet_1__F240,Sphingolipid-BTSPT-Cell-pellet_1,single,1,0,0,1,1,True,0,0.8107064962387085
Sphingolipid-BTSPT-Cell-pellet_1__F241,Sphingolipid-BTSPT-Cell-pellet_1,single,1,0,0,1,1,True,0,0.889018714427948
Sphingolipid-BTSPT-Cell-pellet_1__F242,Sphingolipid-BTSPT-Cell-pellet_1,single,1,0,0,1,1,True,0,0.8200616240501404
Sphingolipid-BTSPT-Cell-pellet_1__F243,Sphingolipid-BTSPT-Cell-pellet_1,multi,2,1,0,2,3,False,1,0.8625874221324921
Sphingolipid-BTSPT-Cell-pellet_1__F244,Sphingolipid-BTSPT-Cell-pellet_1,single,0,0,1,1,0,False,1,0.0
Sphingolipid-BTSPT-Cell-pellet_1__F245,Sphingolipid-BTSPT-Cell-pellet_1,empty,0,1,0,0,1,False,1,0.0
Sphingolipid-BTSPT-Cell-pellet_1__F246,Sphingolipid-BTSPT-Cell-pellet_1,empty,0,1,0,0,1,False,1,0.0
Sphingolipid-BTSPT-Cell-pellet_1__F247,Sphingolipid-BTSPT-Cell-pellet_1,single,1,0,0,1,1,True,0,0.8842012286186218
Sphingolipid-BTSPT-Cell-pellet_1__F248,Sphingolipid-BTSPT-Cell-pellet_1,single,1,0,0,1,1,True,0,0.5816394090652466
Sphingolipid-BTSPT-Cell-pellet_1__F249,Sphingolipid-BTSPT-Cell-pellet_1,empty,0,0,0,0,0,True,0,0.0
Sphingolipid-BTSPT-Cell-pellet_1__F25,Sphingolipid-BTSPT-Cell-pellet_1,multi,2,0,0,2,2,True,0,0.8804672956466675
Sphingolipid-BTSPT-Cell-pellet_1__F250,Sphingolipid-BTSPT-Cell-pellet_1,empty,0,2,0,0,2,False,2,0.0
Sphingolipid-BTSPT-Cell-pellet_1__F251,Sphingolipid-BTSPT-Cell-pellet_1,empty,0,0,0,0,0,True,0,0.0
Sphingolipid-BTSPT-Cell-pellet_1__F252,Sphingolipid-BTSPT-Cell-pellet_1,single,1,0,0,1,1,True,0,0.8031765222549438
Sphingolipid-BTSPT-Cell-pellet_1__F253,Sphingolipid-BTSPT-Cell-pellet_1,empty,0,0,0,0,0,True,0,0.0
Sphingolipid-BTSPT-Cell-pellet_1__F254,Sphingolipid-BTSPT-Cell-pellet_1,single,1,0,0,1,1,True,0,0.6682969331741333
Sphingolipid-BTSPT-Cell-pellet_1__F255,Sphingolipid-BTSPT-Cell-pellet_1,single,1,0,0,1,1,True,0,0.7385752201080322
Sphingolipid-BTSPT-Cell-pellet_1__F256,Sphingolipid-BTSPT-Cell-pellet_1,empty,0,1,0,0,1,False,1,0.0
Sphingolipid-BTSPT-Cell-pellet_1__F257,Sphingolipid-BTSPT-Cell-pellet_1,empty,0,1,0,0,1,False,1,0.0
Sphingolipid-BTSPT-Cell-pellet_1__F258,Sphingolipid-BTSPT-Cell-pellet_1,empty,0,1,0,0,1,False,1,0.0
Sphingolipid-BTSPT-Cell-pellet_1__F259,Sphingolipid-BTSPT-Cell-pellet_1,single,1,0,0,1,1,True,0,0.9181808233261108
Sphingolipid-BTSPT-Cell-pellet_1__F26,Sphingolipid-BTSPT-Cell-pellet_1,single,1,0,0,1,1,True,0,0.9337469935417175
Sphingolipid-BTSPT-Cell-pellet_1__F260,Sphingolipid-BTSPT-Cell-pellet_1,empty,0,1,0,0,1,False,1,0.0
Sphingolipid-BTSPT-Cell-pellet_1__F261,Sphingolipid-BTSPT-Cell-pellet_1,multi,0,1,2,2,1,False,1,0.0
Sphingolipid-BTSPT-Cell-pellet_1__F262,Sphingolipid-BTSPT-Cell-pellet_1,single,1,0,0,1,1,True,0,0.849916934967041
Sphingolipid-BTSPT-Cell-pellet_1__F263,Sphingolipid-BTSPT-Cell-pellet_1,single,1,0,0,1,1,True,0,0.84174644947052
Sphingolipid-BTSPT-Cell-pellet_1__F264,Sphingolipid-BTSPT-Cell-pellet_1,single,1,0,0,1,1,True,0,0.8972083926200867
Sphingolipid-BTSPT-Cell-pellet_1__F265,Sphingolipid-BTSPT-Cell-pellet_1,empty,0,1,0,0,1,False,1,0.0
Sphingolipid-BTSPT-Cell-pellet_1__F266,Sphingolipid-BTSPT-Cell-pellet_1,single,1,0,0,1,1,True,0,0.8399797081947327
Sphingolipid-BTSPT-Cell-pellet_1__F267,Sphingolipid-BTSPT-Cell-pellet_1,single,1,0,0,1,1,True,0,0.9085810780525208
Sphingolipid-BTSPT-Cell-pellet_1__F268,Sphingolipid-BTSPT-Cell-pellet_1,empty,0,0,0,0,0,True,0,0.0
Sphingolipid-BTSPT-Cell-pellet_1__F27,Sphingolipid-BTSPT-Cell-pellet_1,empty,0,0,0,0,0,True,0,0.0
Sphingolipid-BTSPT-Cell-pellet_1__F270,Sphingolipid-BTSPT-Cell-pellet_1,empty,0,0,0,0,0,True,0,0.0
Sphingolipid-BTSPT-Cell-pellet_1__F271,Sphingolipid-BTSPT-Cell-pellet_1,single,1,0,0,1,1,True,0,0.9431886672973633
Sphingolipid-BTSPT-Cell-pellet_1__F272,Sphingolipid-BTSPT-Cell-pellet_1,single,1,0,0,1,1,True,0,0.8432072997093201
Sphingolipid-BTSPT-Cell-pellet_1__F273,Sphingolipid-BTSPT-Cell-pellet_1,empty,0,0,0,0,0,True,0,0.0
Sphingolipid-BTSPT-Cell-pellet_1__F274,Sphingolipid-BTSPT-Cell-pellet_1,empty,0,0,0,0,0,True,0,0.0
Sphingolipid-BTSPT-Cell-pellet_1__F275,Sphingolipid-BTSPT-Cell-pellet_1,single,1,0,0,1,1,True,0,0.9131630063056946
Sphingolipid-BTSPT-Cell-pellet_1__F276,Sphingolipid-BTSPT-Cell-pellet_1,empty,0,0,0,0,0,True,0,0.0
Sphingolipid-BTSPT-Cell-pellet_1__F277,Sphingolipid-BTSPT-Cell-pellet_1,empty,0,1,0,0,1,False,1,0.0
Sphingolipid-BTSPT-Cell-pellet_1__F278,Sphingolipid-BTSPT-Cell-pellet_1,single,1,0,0,1,1,True,0,0.9769735336303711
Sphingolipid-BTSPT-Cell-pellet_1__F279,Sphingolipid-BTSPT-Cell-pellet_1,single,1,0,0,1,1,True,0,0.9607985615730286
Sphingolipid-BTSPT-Cell-pellet_1__F28,Sphingolipid-BTSPT-Cell-pellet_1,single,1,0,0,1,1,True,0,0.9473570585250854
Sphingolipid-BTSPT-Cell-pellet_1__F280,Sphingolipid-BTSPT-Cell-pellet_1,empty,0,2,0,0,2,False,2,0.0
Sphingolipid-BTSPT-Cell-pellet_1__F281,Sphingolipid-BTSPT-Cell-pellet_1,empty,0,1,0,0,1,False,1,0.0
Sphingolipid-BTSPT-Cell-pellet_1__F282,Sphingolipid-BTSPT-Cell-pellet_1,empty,0,0,0,0,0,True,0,0.0
Sphingolipid-BTSPT-Cell-pellet_1__F283,Sphingolipid-BTSPT-Cell-pellet_1,empty,0,1,0,0,1,False,1,0.0
Sphingolipid-BTSPT-Cell-pellet_1__F284,Sphingolipid-BTSPT-Cell-pellet_1,empty,0,2,0,0,2,False,2,0.0
Sphingolipid-BTSPT-Cell-pellet_1__F285,Sphingolipid-BTSPT-Cell-pellet_1,empty,0,0,0,0,0,True,0,0.0
Sphingolipid-BTSPT-Cell-pellet_1__F286,Sphingolipid-BTSPT-Cell-pellet_1,single,1,0,0,1,1,True,0,0.8323928713798523
Sphingolipid-BTSPT-Cell-pellet_1__F287,Sphingolipid-BTSPT-Cell-pellet_1,single,1,0,0,1,1,True,0,0.9430569410324097
Sphingolipid-BTSPT-Cell-pellet_1__F288,Sphingolipid-BTSPT-Cell-pellet_1,multi,2,0,0,2,2,True,0,0.9293183088302612
Sphingolipid-BTSPT-Cell-pellet_1__F289,Sphingolipid-BTSPT-Cell-pellet_1,single,1,0,0,1,1,True,0,0.822915256023407
Sphingolipid-BTSPT-Cell-pellet_1__F29,Sphingolipid-BTSPT-Cell-pellet_1,empty,0,0,0,0,0,True,0,0.0
Sphingolipid-BTSPT-Cell-pellet_1__F290,Sphingolipid-BTSPT-Cell-pellet_1,empty,0,0,0,0,0,True,0,0.0
Sphingolipid-BTSPT-Cell-pellet_1__F291,Sphingolipid-BTSPT-Cell-pellet_1,single,1,0,0,1,1,True,0,0.7998465895652771
Sphingolipid-BTSPT-Cell-pellet_1__F292,Sphingolipid-BTSPT-Cell-pellet_1,single,1,0,0,1,1,True,0,0.9106836915016174
Sphingolipid-BTSPT-Cell-pellet_1__F293,Sphingolipid-BTSPT-Cell-pellet_1,empty,0,0,0,0,0,True,0,0.0
Sphingolipid-BTSPT-Cell-pellet_1__F294,Sphingolipid-BTSPT-Cell-pellet_1,empty,0,0,0,0,0,True,0,0.0
Sphingolipid-BTSPT-Cell-pellet_1__F296,Sphingolipid-BTSPT-Cell-pellet_1,empty,0,0,0,0,0,True,0,0.0
Sphingolipid-BTSPT-Cell-pellet_1__F297,Sphingolipid-BTSPT-Cell-pellet_1,empty,0,0,0,0,0,True,0,0.0
Sphingolipid-BTSPT-Cell-pellet_1__F298,Sphingolipid-BTSPT-Cell-pellet_1,empty,0,0,0,0,0,True,0,0.0
Sphingolipid-BTSPT-Cell-pellet_1__F299,Sphingolipid-BTSPT-Cell-pellet_1,empty,0,1,0,0,1,False,1,0.0
Sphingolipid-BTSPT-Cell-pellet_1__F3,Sphingolipid-BTSPT-Cell-pellet_1,single,1,0,0,1,1,True,0,0.8446646332740784
Sphingolipid-BTSPT-Cell-pellet_1__F30,Sphingolipid-BTSPT-Cell-pellet_1,empty,0,1,0,0,1,False,1,0.0
Sphingolipid-BTSPT-Cell-pellet_1__F300,Sphingolipid-BTSPT-Cell-pellet_1,empty,0,1,0,0,1,False,1,0.0
Sphingolipid-BTSPT-Cell-pellet_1__F301,Sphingolipid-BTSPT-Cell-pellet_1,single,1,0,0,1,1,True,0,0.9146427512168884
Sphingolipid-BTSPT-Cell-pellet_1__F302,Sphingolipid-BTSPT-Cell-pellet_1,single,1,0,0,1,1,True,0,0.9369771480560303
Sphingolipid-BTSPT-Cell-pellet_1__F303,Sphingolipid-BTSPT-Cell-pellet_1,empty,0,2,0,0,2,False,2,0.0
Sphingolipid-BTSPT-Cell-pellet_1__F304,Sphingolipid-BTSPT-Cell-pellet_1,single,1,0,0,1,1,True,0,0.7389879822731018
Sphingolipid-BTSPT-Cell-pellet_1__F305,Sphingolipid-BTSPT-Cell-pellet_1,empty,0,0,0,0,0,True,0,0.0
Sphingolipid-BTSPT-Cell-pellet_1__F306,Sphingolipid-BTSPT-Cell-pellet_1,empty,0,1,0,0,1,False,1,0.0
Sphingolipid-BTSPT-Cell-pellet_1__F307,Sphingolipid-BTSPT-Cell-pellet_1,single,1,0,0,1,1,True,0,0.9202145934104919
Sphingolipid-BTSPT-Cell-pellet_1__F308,Sphingolipid-BTSPT-Cell-pellet_1,single,1,0,0,1,1,True,0,0.7666005492210388
Sphingolipid-BTSPT-Cell-pellet_1__F309,Sphingolipid-BTSPT-Cell-pellet_1,empty,0,0,0,0,0,True,0,0.0
Sphingolipid-BTSPT-Cell-pellet_1__F31,Sphingolipid-BTSPT-Cell-pellet_1,single,1,0,0,1,1,True,0,0.6930121183395386
Sphingolipid-BTSPT-Cell-pellet_1__F310,Sphingolipid-BTSPT-Cell-pellet_1,empty,0,0,0,0,0,True,0,0.0
Sphingolipid-BTSPT-Cell-pellet_1__F311,Sphingolipid-BTSPT-Cell-pellet_1,empty,0,1,0,0,1,False,1,0.0
Sphingolipid-BTSPT-Cell-pellet_1__F312,Sphingolipid-BTSPT-Cell-pellet_1,single,1,0,0,1,1,True,0,0.857692539691925
Sphingolipid-BTSPT-Cell-pellet_1__F313,Sphingolipid-BTSPT-Cell-pellet_1,single,1,0,0,1,1,True,0,0.6721532940864563
Sphingolipid-BTSPT-Cell-pellet_1__F314,Sphingolipid-BTSPT-Cell-pellet_1,empty,0,0,0,0,0,True,0,0.0
Sphingolipid-BTSPT-Cell-pellet_1__F316,Sphingolipid-BTSPT-Cell-pellet_1,empty,0,0,0,0,0,True,0,0.0
Sphingolipid-BTSPT-Cell-pellet_1__F317,Sphingolipid-BTSPT-Cell-pellet_1,single,1,0,0,1,1,True,0,0.8418465852737427
Sphingolipid-BTSPT-Cell-pellet_1__F318,Sphingolipid-BTSPT-Cell-pellet_1,empty,0,0,0,0,0,True,0,0.0
Sphingolipid-BTSPT-Cell-pellet_1__F319,Sphingolipid-BTSPT-Cell-pellet_1,single,1,0,0,1,1,True,0,0.8094355463981628
Sphingolipid-BTSPT-Cell-pellet_1__F32,Sphingolipid-BTSPT-Cell-pellet_1,single,1,0,0,1,1,True,0,0.8278025388717651
Sphingolipid-BTSPT-Cell-pellet_1__F320,Sphingolipid-BTSPT-Cell-pellet_1,single,1,0,0,1,1,True,0,0.8750758171081543
Sphingolipid-BTSPT-Cell-pellet_1__F321,Sphingolipid-BTSPT-Cell-pellet_1,empty,0,1,0,0,1,False,1,0.0
Sphingolipid-BTSPT-Cell-pellet_1__F322,Sphingolipid-BTSPT-Cell-pellet_1,single,1,1,0,1,2,False,1,0.981637716293335
Sphingolipid-BTSPT-Cell-pellet_1__F323,Sphingolipid-BTSPT-Cell-pellet_1,empty,0,1,0,0,1,False,1,0.0
Sphingolipid-BTSPT-Cell-pellet_1__F324,Sphingolipid-BTSPT-Cell-pellet_1,empty,0,0,0,0,0,True,0,0.0
Sphingolipid-BTSPT-Cell-pellet_1__F325,Sphingolipid-BTSPT-Cell-pellet_1,multi,2,0,1,3,2,False,1,0.8657458424568176
Sphingolipid-BTSPT-Cell-pellet_1__F326,Sphingolipid-BTSPT-Cell-pellet_1,empty,0,0,0,0,0,True,0,0.0
Sphingolipid-BTSPT-Cell-pellet_1__F327,Sphingolipid-BTSPT-Cell-pellet_1,single,1,0,0,1,1,True,0,0.925281286239624
Sphingolipid-BTSPT-Cell-pellet_1__F328,Sphingolipid-BTSPT-Cell-pellet_1,empty,0,0,0,0,0,True,0,0.0
Sphingolipid-BTSPT-Cell-pellet_1__F329,Sphingolipid-BTSPT-Cell-pellet_1,single,1,0,0,1,1,True,0,0.7524780035018921
Sphingolipid-BTSPT-Cell-pellet_1__F33,Sphingolipid-BTSPT-Cell-pellet_1,single,1,0,0,1,1,True,0,0.842098593711853
Sphingolipid-BTSPT-Cell-pellet_1__F330,Sphingolipid-BTSPT-Cell-pellet_1,empty,0,1,0,0,1,False,1,0.0
Sphingolipid-BTSPT-Cell-pellet_1__F331,Sphingolipid-BTSPT-Cell-pellet_1,multi,2,0,0,2,2,True,0,0.8571009039878845
Sphingolipid-BTSPT-Cell-pellet_1__F332,Sphingolipid-BTSPT-Cell-pellet_1,multi,2,0,0,2,2,True,0,0.9412183165550232
Sphingolipid-BTSPT-Cell-pellet_1__F333,Sphingolipid-BTSPT-Cell-pellet_1,single,1,0,0,1,1,True,0,0.8714801669120789
Sphingolipid-BTSPT-Cell-pellet_1__F335,Sphingolipid-BTSPT-Cell-pellet_1,empty,0,0,0,0,0,True,0,0.0
Sphingolipid-BTSPT-Cell-pellet_1__F336,Sphingolipid-BTSPT-Cell-pellet_1,empty,0,0,0,0,0,True,0,0.0
Sphingolipid-BTSPT-Cell-pellet_1__F337,Sphingolipid-BTSPT-Cell-pellet_1,single,1,0,0,1,1,True,0,0.9204939603805542
Sphingolipid-BTSPT-Cell-pellet_1__F338,Sphingolipid-BTSPT-Cell-pellet_1,single,1,0,0,1,1,True,0,0.9043064117431641
Sphingolipid-BTSPT-Cell-pellet_1__F339,Sphingolipid-BTSPT-Cell-pellet_1,empty,0,0,0,0,0,True,0,0.0
Sphingolipid-BTSPT-Cell-pellet_1__F34,Sphingolipid-BTSPT-Cell-pellet_1,empty,0,0,0,0,0,True,0,0.0
Sphingolipid-BTSPT-Cell-pellet_1__F340,Sphingolipid-BTSPT-Cell-pellet_1,single,1,0,0,1,1,True,0,0.8461586833000183
Sphingolipid-BTSPT-Cell-pellet_1__F341,Sphingolipid-BTSPT-Cell-pellet_1,single,1,0,0,1,1,True,0,0.8700334429740906
Sphingolipid-BTSPT-Cell-pellet_1__F342,Sphingolipid-BTSPT-Cell-pellet_1,empty,0,0,0,0,0,True,0,0.0
Sphingolipid-BTSPT-Cell-pellet_1__F343,Sphingolipid-BTSPT-Cell-pellet_1,empty,0,0,0,0,0,True,0,0.0
Sphingolipid-BTSPT-Cell-pellet_1__F344,Sphingolipid-BTSPT-Cell-pellet_1,empty,0,0,0,0,0,True,0,0.0
Sphingolipid-BTSPT-Cell-pellet_1__F345,Sphingolipid-BTSPT-Cell-pellet_1,empty,0,1,0,0,1,False,1,0.0
Sphingolipid-BTSPT-Cell-pellet_1__F346,Sphingolipid-BTSPT-Cell-pellet_1,empty,0,0,0,0,0,True,0,0.0
Sphingolipid-BTSPT-Cell-pellet_1__F347,Sphingolipid-BTSPT-Cell-pellet_1,empty,0,0,0,0,0,True,0,0.0
Sphingolipid-BTSPT-Cell-pellet_1__F348,Sphingolipid-BTSPT-Cell-pellet_1,empty,0,1,0,0,1,False,1,0.0
Sphingolipid-BTSPT-Cell-pellet_1__F349,Sphingolipid-BTSPT-Cell-pellet_1,empty,0,0,0,0,0,True,0,0.0
Sphingolipid-BTSPT-Cell-pellet_1__F35,Sphingolipid-BTSPT-Cell-pellet_1,single,1,0,0,1,1,True,0,0.742382287979126
Sphingolipid-BTSPT-Cell-pellet_1__F350,Sphingolipid-BTSPT-Cell-pellet_1,single,1,0,0,1,1,True,0,0.8979747295379639
Sphingolipid-BTSPT-Cell-pellet_1__F351,Sphingolipid-BTSPT-Cell-pellet_1,empty,0,0,0,0,0,True,0,0.0
Sphingolipid-BTSPT-Cell-pellet_1__F352,Sphingolipid-BTSPT-Cell-pellet_1,empty,0,0,0,0,0,True,0,0.0
Sphingolipid-BTSPT-Cell-pellet_1__F353,Sphingolipid-BTSPT-Cell-pellet_1,single,1,0,0,1,1,True,0,0.8705940246582031
Sphingolipid-BTSPT-Cell-pellet_1__F354,Sphingolipid-BTSPT-Cell-pellet_1,empty,0,1,0,0,1,False,1,0.0
Sphingolipid-BTSPT-Cell-pellet_1__F355,Sphingolipid-BTSPT-Cell-pellet_1,single,1,0,0,1,1,True,0,0.9192550182342529
Sphingolipid-BTSPT-Cell-pellet_1__F356,Sphingolipid-BTSPT-Cell-pellet_1,single,1,0,0,1,1,True,0,0.8887029886245728
Sphingolipid-BTSPT-Cell-pellet_1__F357,Sphingolipid-BTSPT-Cell-pellet_1,single,1,0,0,1,1,True,0,0.5955588817596436
Sphingolipid-BTSPT-Cell-pellet_1__F358,Sphingolipid-BTSPT-Cell-pellet_1,empty,0,1,0,0,1,False,1,0.0
Sphingolipid-BTSPT-Cell-pellet_1__F359,Sphingolipid-BTSPT-Cell-pellet_1,single,1,0,0,1,1,True,0,0.7347257137298584
Sphingolipid-BTSPT-Cell-pellet_1__F36,Sphingolipid-BTSPT-Cell-pellet_1,empty,0,0,0,0,0,True,0,0.0
Sphingolipid-BTSPT-Cell-pellet_1__F360,Sphingolipid-BTSPT-Cell-pellet_1,empty,0,0,0,0,0,True,0,0.0
Sphingolipid-BTSPT-Cell-pellet_1__F361,Sphingolipid-BTSPT-Cell-pellet_1,single,1,0,0,1,1,True,0,0.9179661870002747
Sphingolipid-BTSPT-Cell-pellet_1__F362,Sphingolipid-BTSPT-Cell-pellet_1,empty,0,0,0,0,0,True,0,0.0
Sphingolipid-BTSPT-Cell-pellet_1__F363,Sphingolipid-BTSPT-Cell-pellet_1,empty,0,0,0,0,0,True,0,0.0
Sphingolipid-BTSPT-Cell-pellet_1__F364,Sphingolipid-BTSPT-Cell-pellet_1,empty,0,0,0,0,0,True,0,0.0
Sphingolipid-BTSPT-Cell-pellet_1__F365,Sphingolipid-BTSPT-Cell-pellet_1,single,1,0,0,1,1,True,0,0.7157664895057678
Sphingolipid-BTSPT-Cell-pellet_1__F366,Sphingolipid-BTSPT-Cell-pellet_1,empty,0,0,0,0,0,True,0,0.0
Sphingolipid-BTSPT-Cell-pellet_1__F367,Sphingolipid-BTSPT-Cell-pellet_1,empty,0,1,0,0,1,False,1,0.0
Sphingolipid-BTSPT-Cell-pellet_1__F368,Sphingolipid-BTSPT-Cell-pellet_1,single,1,0,0,1,1,True,0,0.8114176988601685
Sphingolipid-BTSPT-Cell-pellet_1__F369,Sphingolipid-BTSPT-Cell-pellet_1,single,1,0,0,1,1,True,0,0.8247120380401611
Sphingolipid-BTSPT-Cell-pellet_1__F37,Sphingolipid-BTSPT-Cell-pellet_1,single,1,0,0,1,1,True,0,0.8369028568267822
Sphingolipid-BTSPT-Cell-pellet_1__F370,Sphingolipid-BTSPT-Cell-pellet_1,single,1,0,0,1,1,True,0,0.7938868403434753
Sphingolipid-BTSPT-Cell-pellet_1__F371,Sphingolipid-BTSPT-Cell-pellet_1,multi,2,0,0,2,2,True,0,0.906173825263977
Sphingolipid-BTSPT-Cell-pellet_1__F372,Sphingolipid-BTSPT-Cell-pellet_1,single,1,0,0,1,1,True,0,0.6433106064796448
Sphingolipid-BTSPT-Cell-pellet_1__F373,Sphingolipid-BTSPT-Cell-pellet_1,single,1,0,0,1,1,True,0,0.7216784954071045
Sphingolipid-BTSPT-Cell-pellet_1__F374,Sphingolipid-BTSPT-Cell-pellet_1,empty,0,0,0,0,0,True,0,0.0
Sphingolipid-BTSPT-Cell-pellet_1__F375,Sphingolipid-BTSPT-Cell-pellet_1,empty,0,1,0,0,1,False,1,0.0
Sphingolipid-BTSPT-Cell-pellet_1__F376,Sphingolipid-BTSPT-Cell-pellet_1,single,1,0,0,1,1,True,0,0.9574401378631592
Sphingolipid-BTSPT-Cell-pellet_1__F377,Sphingolipid-BTSPT-Cell-pellet_1,empty,0,0,0,0,0,True,0,0.0
Sphingolipid-BTSPT-Cell-pellet_1__F378,Sphingolipid-BTSPT-Cell-pellet_1,empty,0,1,0,0,1,False,1,0.0
Sphingolipid-BTSPT-Cell-pellet_1__F379,Sphingolipid-BTSPT-Cell-pellet_1,single,0,1,1,1,1,True,0,0.0
Sphingolipid-BTSPT-Cell-pellet_1__F38,Sphingolipid-BTSPT-Cell-pellet_1,single,1,0,0,1,1,True,0,0.8435291051864624
Sphingolipid-BTSPT-Cell-pellet_1__F380,Sphingolipid-BTSPT-Cell-pellet_1,empty,0,0,0,0,0,True,0,0.0
Sphingolipid-BTSPT-Cell-pellet_1__F381,Sphingolipid-BTSPT-Cell-pellet_1,empty,0,1,0,0,1,False,1,0.0
Sphingolipid-BTSPT-Cell-pellet_1__F382,Sphingolipid-BTSPT-Cell-pellet_1,single,1,0,0,1,1,True,0,0.9308168888092041
Sphingolipid-BTSPT-Cell-pellet_1__F383,Sphingolipid-BTSPT-Cell-pellet_1,single,1,0,0,1,1,True,0,0.842741072177887
Sphingolipid-BTSPT-Cell-pellet_1__F384,Sphingolipid-BTSPT-Cell-pellet_1,empty,0,1,0,0,1,False,1,0.0
Sphingolipid-BTSPT-Cell-pellet_1__F385,Sphingolipid-BTSPT-Cell-pellet_1,empty,0,0,0,0,0,True,0,0.0
Sphingolipid-BTSPT-Cell-pellet_1__F386,Sphingolipid-BTSPT-Cell-pellet_1,empty,0,1,0,0,1,False,1,0.0
Sphingolipid-BTSPT-Cell-pellet_1__F387,Sphingolipid-BTSPT-Cell-pellet_1,empty,0,0,0,0,0,True,0,0.0
Sphingolipid-BTSPT-Cell-pellet_1__F388,Sphingolipid-BTSPT-Cell-pellet_1,single,1,0,0,1,1,True,0,0.9315131902694702
Sphingolipid-BTSPT-Cell-pellet_1__F389,Sphingolipid-BTSPT-Cell-pellet_1,single,1,0,0,1,1,True,0,0.923926591873169
Sphingolipid-BTSPT-Cell-pellet_1__F39,Sphingolipid-BTSPT-Cell-pellet_1,empty,0,0,0,0,0,True,0,0.0
Sphingolipid-BTSPT-Cell-pellet_1__F390,Sphingolipid-BTSPT-Cell-pellet_1,empty,0,1,0,0,1,False,1,0.0
Sphingolipid-BTSPT-Cell-pellet_1__F391,Sphingolipid-BTSPT-Cell-pellet_1,multi,0,2,2,2,2,True,0,0.0
Sphingolipid-BTSPT-Cell-pellet_1__F392,Sphingolipid-BTSPT-Cell-pellet_1,empty,0,0,0,0,0,True,0,0.0
Sphingolipid-BTSPT-Cell-pellet_1__F393,Sphingolipid-BTSPT-Cell-pellet_1,single,1,0,0,1,1,True,0,0.8548293709754944
Sphingolipid-BTSPT-Cell-pellet_1__F394,Sphingolipid-BTSPT-Cell-pellet_1,empty,0,0,0,0,0,True,0,0.0
Sphingolipid-BTSPT-Cell-pellet_1__F395,Sphingolipid-BTSPT-Cell-pellet_1,single,1,0,0,1,1,True,0,0.8715428709983826
Sphingolipid-BTSPT-Cell-pellet_1__F396,Sphingolipid-BTSPT-Cell-pellet_1,empty,0,0,0,0,0,True,0,0.0
Sphingolipid-BTSPT-Cell-pellet_1__F397,Sphingolipid-BTSPT-Cell-pellet_1,single,1,0,0,1,1,True,0,0.7563823461532593
Sphingolipid-BTSPT-Cell-pellet_1__F398,Sphingolipid-BTSPT-Cell-pellet_1,empty,0,0,0,0,0,True,0,0.0
Sphingolipid-BTSPT-Cell-pellet_1__F399,Sphingolipid-BTSPT-Cell-pellet_1,empty,0,0,0,0,0,True,0,0.0
Sphingolipid-BTSPT-Cell-pellet_1__F4,Sphingolipid-BTSPT-Cell-pellet_1,empty,0,0,0,0,0,True,0,0.0
Sphingolipid-BTSPT-Cell-pellet_1__F40,Sphingolipid-BTSPT-Cell-pellet_1,empty,0,1,0,0,1,False,1,0.0
Sphingolipid-BTSPT-Cell-pellet_1__F400,Sphingolipid-BTSPT-Cell-pellet_1,single,1,0,0,1,1,True,0,0.837817370891571
Sphingolipid-BTSPT-Cell-pellet_1__F401,Sphingolipid-BTSPT-Cell-pellet_1,single,1,0,0,1,1,True,0,0.8732550740242004
Sphingolipid-BTSPT-Cell-pellet_1__F402,Sphingolipid-BTSPT-Cell-pellet_1,single,1,0,0,1,1,True,0,0.9485974907875061
Sphingolipid-BTSPT-Cell-pellet_1__F403,Sphingolipid-BTSPT-Cell-pellet_1,multi,0,2,3,3,2,False,1,0.0
Sphingolipid-BTSPT-Cell-pellet_1__F404,Sphingolipid-BTSPT-Cell-pellet_1,single,1,0,0,1,1,True,0,0.8594370484352112
Sphingolipid-BTSPT-Cell-pellet_1__F405,Sphingolipid-BTSPT-Cell-pellet_1,empty,0,0,0,0,0,True,0,0.0
Sphingolipid-BTSPT-Cell-pellet_1__F406,Sphingolipid-BTSPT-Cell-pellet_1,multi,2,0,0,2,2,True,0,0.8292887806892395
Sphingolipid-BTSPT-Cell-pellet_1__F407,Sphingolipid-BTSPT-Cell-pellet_1,single,1,0,0,1,1,True,0,0.6897176504135132
Sphingolipid-BTSPT-Cell-pellet_1__F408,Sphingolipid-BTSPT-Cell-pellet_1,single,1,0,0,1,1,True,0,0.9452348351478577
Sphingolipid-BTSPT-Cell-pellet_1__F409,Sphingolipid-BTSPT-Cell-pellet_1,empty,0,0,0,0,0,True,0,0.0
Sphingolipid-BTSPT-Cell-pellet_1__F41,Sphingolipid-BTSPT-Cell-pellet_1,empty,0,0,0,0,0,True,0,0.0
Sphingolipid-BTSPT-Cell-pellet_1__F410,Sphingolipid-BTSPT-Cell-pellet_1,single,1,0,0,1,1,True,0,0.5460426211357117
Sphingolipid-BTSPT-Cell-pellet_1__F411,Sphingolipid-BTSPT-Cell-pellet_1,empty,0,1,0,0,1,False,1,0.0
Sphingolipid-BTSPT-Cell-pellet_1__F412,Sphingolipid-BTSPT-Cell-pellet_1,empty,0,1,0,0,1,False,1,0.0
Sphingolipid-BTSPT-Cell-pellet_1__F413,Sphingolipid-BTSPT-Cell-pellet_1,empty,0,1,0,0,1,False,1,0.0
Sphingolipid-BTSPT-Cell-pellet_1__F414,Sphingolipid-BTSPT-Cell-pellet_1,single,1,0,0,1,1,True,0,0.7128724455833435
Sphingolipid-BTSPT-Cell-pellet_1__F415,Sphingolipid-BTSPT-Cell-pellet_1,empty,0,0,0,0,0,True,0,0.0
Sphingolipid-BTSPT-Cell-pellet_1__F416,Sphingolipid-BTSPT-Cell-pellet_1,empty,0,1,0,0,1,False,1,0.0
Sphingolipid-BTSPT-Cell-pellet_1__F417,Sphingolipid-BTSPT-Cell-pellet_1,single,1,0,0,1,1,True,0,0.9149250984191895
Sphingolipid-BTSPT-Cell-pellet_1__F418,Sphingolipid-BTSPT-Cell-pellet_1,empty,0,1,0,0,1,False,1,0.0
Sphingolipid-BTSPT-Cell-pellet_1__F419,Sphingolipid-BTSPT-Cell-pellet_1,single,1,0,0,1,1,True,0,0.8774144649505615
Sphingolipid-BTSPT-Cell-pellet_1__F42,Sphingolipid-BTSPT-Cell-pellet_1,single,1,0,0,1,1,True,0,0.5028892755508423
Sphingolipid-BTSPT-Cell-pellet_1__F420,Sphingolipid-BTSPT-Cell-pellet_1,single,1,0,0,1,1,True,0,0.9374960660934448
Sphingolipid-BTSPT-Cell-pellet_1__F421,Sphingolipid-BTSPT-Cell-pellet_1,empty,0,0,0,0,0,True,0,0.0
Sphingolipid-BTSPT-Cell-pellet_1__F422,Sphingolipid-BTSPT-Cell-pellet_1,single,1,0,0,1,1,True,0,0.8642570972442627
Sphingolipid-BTSPT-Cell-pellet_1__F423,Sphingolipid-BTSPT-Cell-pellet_1,empty,0,1,0,0,1,False,1,0.0
Sphingolipid-BTSPT-Cell-pellet_1__F424,Sphingolipid-BTSPT-Cell-pellet_1,multi,1,1,1,2,2,True,0,0.7463306188583374
Sphingolipid-BTSPT-Cell-pellet_1__F425,Sphingolipid-BTSPT-Cell-pellet_1,empty,0,0,0,0,0,True,0,0.0
Sphingolipid-BTSPT-Cell-pellet_1__F426,Sphingolipid-BTSPT-Cell-pellet_1,single,1,0,0,1,1,True,0,0.8912711143493652
Sphingolipid-BTSPT-Cell-pellet_1__F427,Sphingolipid-BTSPT-Cell-pellet_1,empty,0,0,0,0,0,True,0,0.0
Sphingolipid-BTSPT-Cell-pellet_1__F428,Sphingolipid-BTSPT-Cell-pellet_1,single,1,0,0,1,1,True,0,0.8828068375587463
Sphingolipid-BTSPT-Cell-pellet_1__F429,Sphingolipid-BTSPT-Cell-pellet_1,single,1,0,0,1,1,True,0,0.884398877620697
Sphingolipid-BTSPT-Cell-pellet_1__F43,Sphingolipid-BTSPT-Cell-pellet_1,single,1,0,0,1,1,True,0,0.8950129747390747
Sphingolipid-BTSPT-Cell-pellet_1__F430,Sphingolipid-BTSPT-Cell-pellet_1,single,1,0,0,1,1,True,0,0.8446448445320129
Sphingolipid-BTSPT-Cell-pellet_1__F431,Sphingolipid-BTSPT-Cell-pellet_1,empty,0,0,0,0,0,True,0,0.0
Sphingolipid-BTSPT-Cell-pellet_1__F432,Sphingolipid-BTSPT-Cell-pellet_1,single,1,0,0,1,1,True,0,0.8297834992408752
Sphingolipid-BTSPT-Cell-pellet_1__F433,Sphingolipid-BTSPT-Cell-pellet_1,empty,0,0,0,0,0,True,0,0.0
Sphingolipid-BTSPT-Cell-pellet_1__F434,Sphingolipid-BTSPT-Cell-pellet_1,empty,0,1,0,0,1,False,1,0.0
Sphingolipid-BTSPT-Cell-pellet_1__F435,Sphingolipid-BTSPT-Cell-pellet_1,empty,0,1,0,0,1,False,1,0.0
Sphingolipid-BTSPT-Cell-pellet_1__F436,Sphingolipid-BTSPT-Cell-pellet_1,empty,0,1,0,0,1,False,1,0.0
Sphingolipid-BTSPT-Cell-pellet_1__F437,Sphingolipid-BTSPT-Cell-pellet_1,single,1,0,0,1,1,True,0,0.9039090871810913
Sphingolipid-BTSPT-Cell-pellet_1__F438,Sphingolipid-BTSPT-Cell-pellet_1,single,1,0,0,1,1,True,0,0.8982817530632019
Sphingolipid-BTSPT-Cell-pellet_1__F439,Sphingolipid-BTSPT-Cell-pellet_1,empty,0,1,0,0,1,False,1,0.0
Sphingolipid-BTSPT-Cell-pellet_1__F44,Sphingolipid-BTSPT-Cell-pellet_1,single,0,1,1,1,1,True,0,0.0
Sphingolipid-BTSPT-Cell-pellet_1__F440,Sphingolipid-BTSPT-Cell-pellet_1,empty,0,1,0,0,1,False,1,0.0
Sphingolipid-BTSPT-Cell-pellet_1__F441,Sphingolipid-BTSPT-Cell-pellet_1,single,1,0,0,1,1,True,0,0.887854814529419
Sphingolipid-BTSPT-Cell-pellet_1__F442,Sphingolipid-BTSPT-Cell-pellet_1,single,1,0,0,1,1,True,0,0.7163528203964233
Sphingolipid-BTSPT-Cell-pellet_1__F443,Sphingolipid-BTSPT-Cell-pellet_1,empty,0,1,0,0,1,False,1,0.0
Sphingolipid-BTSPT-Cell-pellet_1__F444,Sphingolipid-BTSPT-Cell-pellet_1,empty,0,0,0,0,0,True,0,0.0
Sphingolipid-BTSPT-Cell-pellet_1__F445,Sphingolipid-BTSPT-Cell-pellet_1,single,1,0,0,1,1,True,0,0.7101641297340393
Sphingolipid-BTSPT-Cell-pellet_1__F446,Sphingolipid-BTSPT-Cell-pellet_1,single,1,1,0,1,2,False,1,0.9310050010681152
Sphingolipid-BTSPT-Cell-pellet_1__F447,Sphingolipid-BTSPT-Cell-pellet_1,empty,0,2,0,0,2,False,2,0.0
Sphingolipid-BTSPT-Cell-pellet_1__F449,Sphingolipid-BTSPT-Cell-pellet_1,single,1,0,0,1,1,True,0,0.7753262519836426
Sphingolipid-BTSPT-Cell-pellet_1__F45,Sphingolipid-BTSPT-Cell-pellet_1,single,1,0,0,1,1,True,0,0.883941113948822
Sphingolipid-BTSPT-Cell-pellet_1__F450,Sphingolipid-BTSPT-Cell-pellet_1,single,1,0,0,1,1,True,0,0.9122686982154846
Sphingolipid-BTSPT-Cell-pellet_1__F451,Sphingolipid-BTSPT-Cell-pellet_1,empty,0,1,0,0,1,False,1,0.0
Sphingolipid-BTSPT-Cell-pellet_1__F452,Sphingolipid-BTSPT-Cell-pellet_1,single,1,0,0,1,1,True,0,0.803037703037262
Sphingolipid-BTSPT-Cell-pellet_1__F453,Sphingolipid-BTSPT-Cell-pellet_1,empty,0,0,0,0,0,True,0,0.0
Sphingolipid-BTSPT-Cell-pellet_1__F454,Sphingolipid-BTSPT-Cell-pellet_1,empty,0,0,0,0,0,True,0,0.0
Sphingolipid-BTSPT-Cell-pellet_1__F455,Sphingolipid-BTSPT-Cell-pellet_1,single,1,0,0,1,1,True,0,0.8540804386138916
Sphingolipid-BTSPT-Cell-pellet_1__F457,Sphingolipid-BTSPT-Cell-pellet_1,empty,0,0,0,0,0,True,0,0.0
Sphingolipid-BTSPT-Cell-pellet_1__F458,Sphingolipid-BTSPT-Cell-pellet_1,multi,2,0,0,2,2,True,0,0.794875293970108
Sphingolipid-BTSPT-Cell-pellet_1__F459,Sphingolipid-BTSPT-Cell-pellet_1,single,1,0,0,1,1,True,0,0.8495227098464966
Sphingolipid-BTSPT-Cell-pellet_1__F46,Sphingolipid-BTSPT-Cell-pellet_1,empty,0,1,0,0,1,False,1,0.0
Sphingolipid-BTSPT-Cell-pellet_1__F460,Sphingolipid-BTSPT-Cell-pellet_1,empty,0,0,0,0,0,True,0,0.0
Sphingolipid-BTSPT-Cell-pellet_1__F461,Sphingolipid-BTSPT-Cell-pellet_1,empty,0,1,0,0,1,False,1,0.0
Sphingolipid-BTSPT-Cell-pellet_1__F462,Sphingolipid-BTSPT-Cell-pellet_1,single,1,0,0,1,1,True,0,0.8843597769737244
Sphingolipid-BTSPT-Cell-pellet_1__F463,Sphingolipid-BTSPT-Cell-pellet_1,empty,0,0,0,0,0,True,0,0.0
Sphingolipid-BTSPT-Cell-pellet_1__F465,Sphingolipid-BTSPT-Cell-pellet_1,single,1,0,0,1,1,True,0,0.9339290857315063
Sphingolipid-BTSPT-Cell-pellet_1__F466,Sphingolipid-BTSPT-Cell-pellet_1,single,1,0,0,1,1,True,0,0.7546101212501526
Sphingolipid-BTSPT-Cell-pellet_1__F467,Sphingolipid-BTSPT-Cell-pellet_1,single,1,0,0,1,1,True,0,0.7458494305610657
Sphingolipid-BTSPT-Cell-pellet_1__F468,Sphingolipid-BTSPT-Cell-pellet_1,single,1,1,0,1,2,False,1,0.6827821731567383
Sphingolipid-BTSPT-Cell-pellet_1__F469,Sphingolipid-BTSPT-Cell-pellet_1,single,1,0,0,1,1,True,0,0.9725387096405029
Sphingolipid-BTSPT-Cell-pellet_1__F47,Sphingolipid-BTSPT-Cell-pellet_1,empty,0,0,0,0,0,True,0,0.0
Sphingolipid-BTSPT-Cell-pellet_1__F470,Sphingolipid-BTSPT-Cell-pellet_1,single,1,0,0,1,1,True,0,0.9241572618484497
Sphingolipid-BTSPT-Cell-pellet_1__F471,Sphingolipid-BTSPT-Cell-pellet_1,single,1,0,0,1,1,True,0,0.7805696725845337
Sphingolipid-BTSPT-Cell-pellet_1__F472,Sphingolipid-BTSPT-Cell-pellet_1,multi,3,0,0,3,3,True,0,0.8001199165980021
Sphingolipid-BTSPT-Cell-pellet_1__F473,Sphingolipid-BTSPT-Cell-pellet_1,empty,0,0,0,0,0,True,0,0.0
Sphingolipid-BTSPT-Cell-pellet_1__F474,Sphingolipid-BTSPT-Cell-pellet_1,empty,0,0,0,0,0,True,0,0.0
Sphingolipid-BTSPT-Cell-pellet_1__F475,Sphingolipid-BTSPT-Cell-pellet_1,single,1,0,0,1,1,True,0,0.8024618625640869
Sphingolipid-BTSPT-Cell-pellet_1__F476,Sphingolipid-BTSPT-Cell-pellet_1,empty,0,0,0,0,0,True,0,0.0
Sphingolipid-BTSPT-Cell-pellet_1__F477,Sphingolipid-BTSPT-Cell-pellet_1,single,1,0,0,1,1,True,0,0.8979743123054504
Sphingolipid-BTSPT-Cell-pellet_1__F478,Sphingolipid-BTSPT-Cell-pellet_1,single,1,0,0,1,1,True,0,0.8259433507919312
Sphingolipid-BTSPT-Cell-pellet_1__F479,Sphingolipid-BTSPT-Cell-pellet_1,empty,0,0,0,0,0,True,0,0.0
Sphingolipid-BTSPT-Cell-pellet_1__F48,Sphingolipid-BTSPT-Cell-pellet_1,empty,0,0,0,0,0,True,0,0.0
Sphingolipid-BTSPT-Cell-pellet_1__F480,Sphingolipid-BTSPT-Cell-pellet_1,single,1,0,0,1,1,True,0,0.930236279964447
Sphingolipid-BTSPT-Cell-pellet_1__F481,Sphingolipid-BTSPT-Cell-pellet_1,single,1,0,0,1,1,True,0,0.8896169662475586
Sphingolipid-BTSPT-Cell-pellet_1__F482,Sphingolipid-BTSPT-Cell-pellet_1,single,1,0,0,1,1,True,0,0.9311491847038269
Sphingolipid-BTSPT-Cell-pellet_1__F483,Sphingolipid-BTSPT-Cell-pellet_1,single,1,0,0,1,1,True,0,0.7817403674125671
Sphingolipid-BTSPT-Cell-pellet_1__F484,Sphingolipid-BTSPT-Cell-pellet_1,single,1,0,0,1,1,True,0,0.7888045310974121
Sphingolipid-BTSPT-Cell-pellet_1__F485,Sphingolipid-BTSPT-Cell-pellet_1,single,1,0,0,1,1,True,0,0.6682379841804504
Sphingolipid-BTSPT-Cell-pellet_1__F486,Sphingolipid-BTSPT-Cell-pellet_1,empty,0,0,0,0,0,True,0,0.0
Sphingolipid-BTSPT-Cell-pellet_1__F487,Sphingolipid-BTSPT-Cell-pellet_1,empty,0,1,0,0,1,False,1,0.0
Sphingolipid-BTSPT-Cell-pellet_1__F488,Sphingolipid-BTSPT-Cell-pellet_1,empty,0,1,0,0,1,False,1,0.0
Sphingolipid-BTSPT-Cell-pellet_1__F489,Sphingolipid-BTSPT-Cell-pellet_1,multi,2,0,0,2,2,True,0,0.7556532919406891
Sphingolipid-BTSPT-Cell-pellet_1__F49,Sphingolipid-BTSPT-Cell-pellet_1,single,1,0,0,1,1,True,0,0.7422749400138855
Sphingolipid-BTSPT-Cell-pellet_1__F490,Sphingolipid-BTSPT-Cell-pellet_1,single,1,0,0,1,1,True,0,0.7134547233581543
Sphingolipid-BTSPT-Cell-pellet_1__F491,Sphingolipid-BTSPT-Cell-pellet_1,empty,0,0,0,0,0,True,0,0.0
Sphingolipid-BTSPT-Cell-pellet_1__F492,Sphingolipid-BTSPT-Cell-pellet_1,single,1,0,0,1,1,True,0,0.9121741652488708
Sphingolipid-BTSPT-Cell-pellet_1__F493,Sphingolipid-BTSPT-Cell-pellet_1,single,1,0,0,1,1,True,0,0.714536726474762
Sphingolipid-BTSPT-Cell-pellet_1__F494,Sphingolipid-BTSPT-Cell-pellet_1,empty,0,1,0,0,1,False,1,0.0
Sphingolipid-BTSPT-Cell-pellet_1__F495,Sphingolipid-BTSPT-Cell-pellet_1,single,1,0,0,1,1,True,0,0.9196159839630127
Sphingolipid-BTSPT-Cell-pellet_1__F496,Sphingolipid-BTSPT-Cell-pellet_1,empty,0,0,0,0,0,True,0,0.0
Sphingolipid-BTSPT-Cell-pellet_1__F497,Sphingolipid-BTSPT-Cell-pellet_1,single,1,0,0,1,1,True,0,0.9244018793106079
Sphingolipid-BTSPT-Cell-pellet_1__F498,Sphingolipid-BTSPT-Cell-pellet_1,single,1,0,0,1,1,True,0,0.8780084848403931
Sphingolipid-BTSPT-Cell-pellet_1__F499,Sphingolipid-BTSPT-Cell-pellet_1,single,1,0,0,1,1,True,0,0.862358808517456
Sphingolipid-BTSPT-Cell-pellet_1__F5,Sphingolipid-BTSPT-Cell-pellet_1,multi,2,0,0,2,2,True,0,0.9151837825775146
Sphingolipid-BTSPT-Cell-pellet_1__F50,Sphingolipid-BTSPT-Cell-pellet_1,empty,0,1,0,0,1,False,1,0.0
Sphingolipid-BTSPT-Cell-pellet_1__F500,Sphingolipid-BTSPT-Cell-pellet_1,single,1,0,0,1,1,True,0,0.6914269924163818
Sphingolipid-BTSPT-Cell-pellet_1__F501,Sphingolipid-BTSPT-Cell-pellet_1,single,1,0,0,1,1,True,0,0.8273151516914368
Sphingolipid-BTSPT-Cell-pellet_1__F502,Sphingolipid-BTSPT-Cell-pellet_1,single,1,0,0,1,1,True,0,0.9111226797103882
Sphingolipid-BTSPT-Cell-pellet_1__F503,Sphingolipid-BTSPT-Cell-pellet_1,single,1,0,0,1,1,True,0,0.6963143944740295
Sphingolipid-BTSPT-Cell-pellet_1__F504,Sphingolipid-BTSPT-Cell-pellet_1,single,1,0,0,1,1,True,0,0.8889822959899902
Sphingolipid-BTSPT-Cell-pellet_1__F506,Sphingolipid-BTSPT-Cell-pellet_1,empty,0,1,0,0,1,False,1,0.0
Sphingolipid-BTSPT-Cell-pellet_1__F507,Sphingolipid-BTSPT-Cell-pellet_1,empty,0,0,0,0,0,True,0,0.0
Sphingolipid-BTSPT-Cell-pellet_1__F508,Sphingolipid-BTSPT-Cell-pellet_1,single,1,0,0,1,1,True,0,0.8837563991546631
Sphingolipid-BTSPT-Cell-pellet_1__F509,Sphingolipid-BTSPT-Cell-pellet_1,empty,0,0,0,0,0,True,0,0.0
Sphingolipid-BTSPT-Cell-pellet_1__F51,Sphingolipid-BTSPT-Cell-pellet_1,multi,2,0,0,2,2,True,0,0.8236405551433563
Sphingolipid-BTSPT-Cell-pellet_1__F510,Sphingolipid-BTSPT-Cell-pellet_1,empty,0,0,0,0,0,True,0,0.0
Sphingolipid-BTSPT-Cell-pellet_1__F511,Sphingolipid-BTSPT-Cell-pellet_1,single,1,0,0,1,1,True,0,0.8866618871688843
Sphingolipid-BTSPT-Cell-pellet_1__F512,Sphingolipid-BTSPT-Cell-pellet_1,single,1,0,0,1,1,True,0,0.6891545057296753
Sphingolipid-BTSPT-Cell-pellet_1__F513,Sphingolipid-BTSPT-Cell-pellet_1,multi,2,0,0,2,2,True,0,0.820639580488205
Sphingolipid-BTSPT-Cell-pellet_1__F514,Sphingolipid-BTSPT-Cell-pellet_1,single,1,0,0,1,1,True,0,0.8571552038192749
Sphingolipid-BTSPT-Cell-pellet_1__F515,Sphingolipid-BTSPT-Cell-pellet_1,empty,0,0,0,0,0,True,0,0.0
Sphingolipid-BTSPT-Cell-pellet_1__F517,Sphingolipid-BTSPT-Cell-pellet_1,single,1,0,0,1,1,True,0,0.8650426864624023
Sphingolipid-BTSPT-Cell-pellet_1__F518,Sphingolipid-BTSPT-Cell-pellet_1,empty,0,1,0,0,1,False,1,0.0
Sphingolipid-BTSPT-Cell-pellet_1__F519,Sphingolipid-BTSPT-Cell-pellet_1,multi,2,0,0,2,2,True,0,0.7868998944759369
Sphingolipid-BTSPT-Cell-pellet_1__F52,Sphingolipid-BTSPT-Cell-pellet_1,single,1,0,0,1,1,True,0,0.9836326241493225
Sphingolipid-BTSPT-Cell-pellet_1__F520,Sphingolipid-BTSPT-Cell-pellet_1,single,1,0,0,1,1,True,0,0.8619452118873596
Sphingolipid-BTSPT-Cell-pellet_1__F521,Sphingolipid-BTSPT-Cell-pellet_1,empty,0,0,0,0,0,True,0,0.0
Sphingolipid-BTSPT-Cell-pellet_1__F522,Sphingolipid-BTSPT-Cell-pellet_1,single,1,0,0,1,1,True,0,0.9579657912254333
Sphingolipid-BTSPT-Cell-pellet_1__F523,Sphingolipid-BTSPT-Cell-pellet_1,multi,0,2,2,2,2,True,0,0.0
Sphingolipid-BTSPT-Cell-pellet_1__F524,Sphingolipid-BTSPT-Cell-pellet_1,empty,0,0,0,0,0,True,0,0.0
Sphingolipid-BTSPT-Cell-pellet_1__F525,Sphingolipid-BTSPT-Cell-pellet_1,single,1,0,0,1,1,True,0,0.7873353362083435
Sphingolipid-BTSPT-Cell-pellet_1__F526,Sphingolipid-BTSPT-Cell-pellet_1,single,1,1,0,1,2,False,1,0.7922724485397339
Sphingolipid-BTSPT-Cell-pellet_1__F527,Sphingolipid-BTSPT-Cell-pellet_1,empty,0,0,0,0,0,True,0,0.0
Sphingolipid-BTSPT-Cell-pellet_1__F528,Sphingolipid-BTSPT-Cell-pellet_1,empty,0,0,0,0,0,True,0,0.0
Sphingolipid-BTSPT-Cell-pellet_1__F529,Sphingolipid-BTSPT-Cell-pellet_1,single,1,0,0,1,1,True,0,0.8129343390464783
Sphingolipid-BTSPT-Cell-pellet_1__F53,Sphingolipid-BTSPT-Cell-pellet_1,single,1,0,0,1,1,True,0,0.7049785852432251
Sphingolipid-BTSPT-Cell-pellet_1__F530,Sphingolipid-BTSPT-Cell-pellet_1,empty,0,1,0,0,1,False,1,0.0
Sphingolipid-BTSPT-Cell-pellet_1__F531,Sphingolipid-BTSPT-Cell-pellet_1,single,1,0,0,1,1,True,0,0.7770639061927795
Sphingolipid-BTSPT-Cell-pellet_1__F532,Sphingolipid-BTSPT-Cell-pellet_1,multi,1,0,1,2,1,False,1,0.8014855980873108
Sphingolipid-BTSPT-Cell-pellet_1__F533,Sphingolipid-BTSPT-Cell-pellet_1,empty,0,1,0,0,1,False,1,0.0
Sphingolipid-BTSPT-Cell-pellet_1__F534,Sphingolipid-BTSPT-Cell-pellet_1,single,1,0,0,1,1,True,0,0.8013321757316589
Sphingolipid-BTSPT-Cell-pellet_1__F535,Sphingolipid-BTSPT-Cell-pellet_1,single,1,0,0,1,1,True,0,0.9034992456436157
Sphingolipid-BTSPT-Cell-pellet_1__F536,Sphingolipid-BTSPT-Cell-pellet_1,multi,2,0,0,2,2,True,0,0.8509757220745087
Sphingolipid-BTSPT-Cell-pellet_1__F537,Sphingolipid-BTSPT-Cell-pellet_1,single,1,0,0,1,1,True,0,0.8451595902442932
Sphingolipid-BTSPT-Cell-pellet_1__F538,Sphingolipid-BTSPT-Cell-pellet_1,empty,0,0,0,0,0,True,0,0.0
Sphingolipid-BTSPT-Cell-pellet_1__F539,Sphingolipid-BTSPT-Cell-pellet_1,single,1,0,0,1,1,True,0,0.8666439056396484
Sphingolipid-BTSPT-Cell-pellet_1__F54,Sphingolipid-BTSPT-Cell-pellet_1,empty,0,0,0,0,0,True,0,0.0
Sphingolipid-BTSPT-Cell-pellet_1__F540,Sphingolipid-BTSPT-Cell-pellet_1,single,1,0,0,1,1,True,0,0.7265325784683228
Sphingolipid-BTSPT-Cell-pellet_1__F541,Sphingolipid-BTSPT-Cell-pellet_1,empty,0,0,0,0,0,True,0,0.0
Sphingolipid-BTSPT-Cell-pellet_1__F542,Sphingolipid-BTSPT-Cell-pellet_1,single,1,1,0,1,2,False,1,0.8126964569091797
Sphingolipid-BTSPT-Cell-pellet_1__F543,Sphingolipid-BTSPT-Cell-pellet_1,empty,0,0,0,0,0,True,0,0.0
Sphingolipid-BTSPT-Cell-pellet_1__F544,Sphingolipid-BTSPT-Cell-pellet_1,multi,1,0,1,2,1,False,1,0.9675652980804443
Sphingolipid-BTSPT-Cell-pellet_1__F545,Sphingolipid-BTSPT-Cell-pellet_1,single,1,0,0,1,1,True,0,0.8922710418701172
Sphingolipid-BTSPT-Cell-pellet_1__F546,Sphingolipid-BTSPT-Cell-pellet_1,empty,0,1,0,0,1,False,1,0.0
Sphingolipid-BTSPT-Cell-pellet_1__F547,Sphingolipid-BTSPT-Cell-pellet_1,empty,0,0,0,0,0,True,0,0.0
Sphingolipid-BTSPT-Cell-pellet_1__F548,Sphingolipid-BTSPT-Cell-pellet_1,single,1,0,0,1,1,True,0,0.942071795463562
Sphingolipid-BTSPT-Cell-pellet_1__F549,Sphingolipid-BTSPT-Cell-pellet_1,empty,0,1,0,0,1,False,1,0.0
Sphingolipid-BTSPT-Cell-pellet_1__F55,Sphingolipid-BTSPT-Cell-pellet_1,single,1,0,0,1,1,True,0,0.5448582768440247
Sphingolipid-BTSPT-Cell-pellet_1__F550,Sphingolipid-BTSPT-Cell-pellet_1,single,1,0,0,1,1,True,0,0.7920761108398438
Sphingolipid-BTSPT-Cell-pellet_1__F56,Sphingolipid-BTSPT-Cell-pellet_1,empty,0,0,0,0,0,True,0,0.0
Sphingolipid-BTSPT-Cell-pellet_1__F57,Sphingolipid-BTSPT-Cell-pellet_1,single,1,0,0,1,1,True,0,0.6187533736228943
Sphingolipid-BTSPT-Cell-pellet_1__F59,Sphingolipid-BTSPT-Cell-pellet_1,single,1,0,0,1,1,True,0,0.8540477156639099
Sphingolipid-BTSPT-Cell-pellet_1__F6,Sphingolipid-BTSPT-Cell-pellet_1,single,1,0,0,1,1,True,0,0.9874573945999146
Sphingolipid-BTSPT-Cell-pellet_1__F60,Sphingolipid-BTSPT-Cell-pellet_1,empty,0,0,0,0,0,True,0,0.0
Sphingolipid-BTSPT-Cell-pellet_1__F61,Sphingolipid-BTSPT-Cell-pellet_1,single,1,0,0,1,1,True,0,0.6401347517967224
Sphingolipid-BTSPT-Cell-pellet_1__F62,Sphingolipid-BTSPT-Cell-pellet_1,empty,0,0,0,0,0,True,0,0.0
Sphingolipid-BTSPT-Cell-pellet_1__F64,Sphingolipid-BTSPT-Cell-pellet_1,empty,0,0,0,0,0,True,0,0.0
Sphingolipid-BTSPT-Cell-pellet_1__F65,Sphingolipid-BTSPT-Cell-pellet_1,empty,0,1,0,0,1,False,1,0.0
Sphingolipid-BTSPT-Cell-pellet_1__F66,Sphingolipid-BTSPT-Cell-pellet_1,single,1,0,0,1,1,True,0,0.8081544041633606
Sphingolipid-BTSPT-Cell-pellet_1__F67,Sphingolipid-BTSPT-Cell-pellet_1,single,1,0,0,1,1,True,0,0.8287529349327087
Sphingolipid-BTSPT-Cell-pellet_1__F68,Sphingolipid-BTSPT-Cell-pellet_1,single,1,0,0,1,1,True,0,0.8207876086235046
Sphingolipid-BTSPT-Cell-pellet_1__F69,Sphingolipid-BTSPT-Cell-pellet_1,single,1,0,0,1,1,True,0,0.922747015953064
Sphingolipid-BTSPT-Cell-pellet_1__F7,Sphingolipid-BTSPT-Cell-pellet_1,empty,0,0,0,0,0,True,0,0.0
Sphingolipid-BTSPT-Cell-pellet_1__F70,Sphingolipid-BTSPT-Cell-pellet_1,single,1,0,0,1,1,True,0,0.7668611407279968
Sphingolipid-BTSPT-Cell-pellet_1__F71,Sphingolipid-BTSPT-Cell-pellet_1,single,1,0,0,1,1,True,0,0.8411011695861816
Sphingolipid-BTSPT-Cell-pellet_1__F72,Sphingolipid-BTSPT-Cell-pellet_1,single,1,0,0,1,1,True,0,0.9110730290412903
Sphingolipid-BTSPT-Cell-pellet_1__F73,Sphingolipid-BTSPT-Cell-pellet_1,empty,0,1,0,0,1,False,1,0.0
Sphingolipid-BTSPT-Cell-pellet_1__F74,Sphingolipid-BTSPT-Cell-pellet_1,empty,0,1,0,0,1,False,1,0.0
Sphingolipid-BTSPT-Cell-pellet_1__F75,Sphingolipid-BTSPT-Cell-pellet_1,empty,0,1,0,0,1,False,1,0.0
Sphingolipid-BTSPT-Cell-pellet_1__F76,Sphingolipid-BTSPT-Cell-pellet_1,single,1,0,0,1,1,True,0,0.7247771620750427
Sphingolipid-BTSPT-Cell-pellet_1__F77,Sphingolipid-BTSPT-Cell-pellet_1,empty,0,1,0,0,1,False,1,0.0
Sphingolipid-BTSPT-Cell-pellet_1__F78,Sphingolipid-BTSPT-Cell-pellet_1,empty,0,0,0,0,0,True,0,0.0
Sphingolipid-BTSPT-Cell-pellet_1__F79,Sphingolipid-BTSPT-Cell-pellet_1,empty,0,1,0,0,1,False,1,0.0
Sphingolipid-BTSPT-Cell-pellet_1__F8,Sphingolipid-BTSPT-Cell-pellet_1,empty,0,1,0,0,1,False,1,0.0
Sphingolipid-BTSPT-Cell-pellet_1__F80,Sphingolipid-BTSPT-Cell-pellet_1,single,1,0,0,1,1,True,0,0.7400741577148438
Sphingolipid-BTSPT-Cell-pellet_1__F81,Sphingolipid-BTSPT-Cell-pellet_1,empty,0,1,0,0,1,False,1,0.0
Sphingolipid-BTSPT-Cell-pellet_1__F82,Sphingolipid-BTSPT-Cell-pellet_1,empty,0,0,0,0,0,True,0,0.0
Sphingolipid-BTSPT-Cell-pellet_1__F83,Sphingolipid-BTSPT-Cell-pellet_1,single,1,0,0,1,1,True,0,0.9481188058853149
Sphingolipid-BTSPT-Cell-pellet_1__F84,Sphingolipid-BTSPT-Cell-pellet_1,single,1,0,0,1,1,True,0,0.9341356158256531
Sphingolipid-BTSPT-Cell-pellet_1__F85,Sphingolipid-BTSPT-Cell-pellet_1,empty,0,0,0,0,0,True,0,0.0
Sphingolipid-BTSPT-Cell-pellet_1__F86,Sphingolipid-BTSPT-Cell-pellet_1,empty,0,0,0,0,0,True,0,0.0
Sphingolipid-BTSPT-Cell-pellet_1__F87,Sphingolipid-BTSPT-Cell-pellet_1,single,1,0,0,1,1,True,0,0.9112131595611572
Sphingolipid-BTSPT-Cell-pellet_1__F88,Sphingolipid-BTSPT-Cell-pellet_1,single,1,0,0,1,1,True,0,0.7150827646255493
Sphingolipid-BTSPT-Cell-pellet_1__F89,Sphingolipid-BTSPT-Cell-pellet_1,single,1,0,0,1,1,True,0,0.9204462766647339
Sphingolipid-BTSPT-Cell-pellet_1__F9,Sphingolipid-BTSPT-Cell-pellet_1,empty,0,0,0,0,0,True,0,0.0
Sphingolipid-BTSPT-Cell-pellet_1__F90,Sphingolipid-BTSPT-Cell-pellet_1,empty,0,1,0,0,1,False,1,0.0
Sphingolipid-BTSPT-Cell-pellet_1__F91,Sphingolipid-BTSPT-Cell-pellet_1,single,1,0,0,1,1,True,0,0.7892552018165588
Sphingolipid-BTSPT-Cell-pellet_1__F92,Sphingolipid-BTSPT-Cell-pellet_1,empty,0,0,0,0,0,True,0,0.0
Sphingolipid-BTSPT-Cell-pellet_1__F93,Sphingolipid-BTSPT-Cell-pellet_1,empty,0,0,0,0,0,True,0,0.0
Sphingolipid-BTSPT-Cell-pellet_1__F94,Sphingolipid-BTSPT-Cell-pellet_1,empty,0,0,0,0,0,True,0,0.0
Sphingolipid-BTSPT-Cell-pellet_1__F95,Sphingolipid-BTSPT-Cell-pellet_1,empty,0,1,0,0,1,False,1,0.0
Sphingolipid-BTSPT-Cell-pellet_1__F96,Sphingolipid-BTSPT-Cell-pellet_1,single,1,0,0,1,1,True,0,0.826966404914856
Sphingolipid-BTSPT-Cell-pellet_1__F97,Sphingolipid-BTSPT-Cell-pellet_1,empty,0,1,0,0,1,False,1,0.0
Sphingolipid-BTSPT-Cell-pellet_1__F98,Sphingolipid-BTSPT-Cell-pellet_1,single,1,0,0,1,1,True,0,0.8979635834693909
Sphingolipid-BTSPT-Cell-pellet_1__F99,Sphingolipid-BTSPT-Cell-pellet_1,single,1,0,0,1,1,True,0,0.8379951119422913
Sphingolipid-BTSPT-OMV_1__F1,Sphingolipid-BTSPT-OMV_1,single,1,0,0,1,1,True,0,0.899506688117981
Sphingolipid-BTSPT-OMV_1__F10,Sphingolipid-BTSPT-OMV_1,empty,0,0,0,0,0,True,0,0.0
Sphingolipid-BTSPT-OMV_1__F100,Sphingolipid-BTSPT-OMV_1,empty,0,0,0,0,0,True,0,0.0
Sphingolipid-BTSPT-OMV_1__F101,Sphingolipid-BTSPT-OMV_1,single,1,0,0,1,1,True,0,0.8328146934509277
Sphingolipid-BTSPT-OMV_1__F102,Sphingolipid-BTSPT-OMV_1,single,1,0,0,1,1,True,0,0.8899810314178467
Sphingolipid-BTSPT-OMV_1__F103,Sphingolipid-BTSPT-OMV_1,empty,0,0,0,0,0,True,0,0.0
Sphingolipid-BTSPT-OMV_1__F104,Sphingolipid-BTSPT-OMV_1,single,1,1,0,1,2,False,1,0.8880277872085571
Sphingolipid-BTSPT-OMV_1__F105,Sphingolipid-BTSPT-OMV_1,empty,0,0,0,0,0,True,0,0.0
Sphingolipid-BTSPT-OMV_1__F106,Sphingolipid-BTSPT-OMV_1,single,1,0,0,1,1,True,0,0.874660074710846
Sphingolipid-BTSPT-OMV_1__F107,Sphingolipid-BTSPT-OMV_1,multi,2,0,0,2,2,True,0,0.8058940470218658
Sphingolipid-BTSPT-OMV_1__F108,Sphingolipid-BTSPT-OMV_1,single,1,0,0,1,1,True,0,0.8976824283599854
Sphingolipid-BTSPT-OMV_1__F109,Sphingolipid-BTSPT-OMV_1,single,1,0,0,1,1,True,0,0.8553759455680847
Sphingolipid-BTSPT-OMV_1__F11,Sphingolipid-BTSPT-OMV_1,single,1,0,0,1,1,True,0,0.8125032186508179
Sphingolipid-BTSPT-OMV_1__F110,Sphingolipid-BTSPT-OMV_1,single,1,0,0,1,1,True,0,0.870913565158844
Sphingolipid-BTSPT-OMV_1__F111,Sphingolipid-BTSPT-OMV_1,single,1,0,0,1,1,True,0,0.8800176978111267
Sphingolipid-BTSPT-OMV_1__F112,Sphingolipid-BTSPT-OMV_1,single,1,0,0,1,1,True,0,0.7699628472328186
Sphingolipid-BTSPT-OMV_1__F113,Sphingolipid-BTSPT-OMV_1,empty,0,0,0,0,0,True,0,0.0
Sphingolipid-BTSPT-OMV_1__F114,Sphingolipid-BTSPT-OMV_1,multi,1,0,1,2,1,False,1,0.843713104724884
Sphingolipid-BTSPT-OMV_1__F115,Sphingolipid-BTSPT-OMV_1,empty,0,0,0,0,0,True,0,0.0
Sphingolipid-BTSPT-OMV_1__F116,Sphingolipid-BTSPT-OMV_1,single,1,0,0,1,1,True,0,0.7412702441215515
Sphingolipid-BTSPT-OMV_1__F117,Sphingolipid-BTSPT-OMV_1,single,1,0,0,1,1,True,0,0.80143803358078
Sphingolipid-BTSPT-OMV_1__F118,Sphingolipid-BTSPT-OMV_1,single,1,0,0,1,1,True,0,0.8565844297409058
Sphingolipid-BTSPT-OMV_1__F119,Sphingolipid-BTSPT-OMV_1,single,1,0,0,1,1,True,0,0.9045292139053345
Sphingolipid-BTSPT-OMV_1__F12,Sphingolipid-BTSPT-OMV_1,empty,0,1,0,0,1,False,1,0.0
Sphingolipid-BTSPT-OMV_1__F120,Sphingolipid-BTSPT-OMV_1,single,1,0,0,1,1,True,0,0.7693228125572205
Sphingolipid-BTSPT-OMV_1__F121,Sphingolipid-BTSPT-OMV_1,empty,0,0,0,0,0,True,0,0.0
Sphingolipid-BTSPT-OMV_1__F122,Sphingolipid-BTSPT-OMV_1,empty,0,0,0,0,0,True,0,0.0
Sphingolipid-BTSPT-OMV_1__F123,Sphingolipid-BTSPT-OMV_1,empty,0,1,0,0,1,False,1,0.0
Sphingolipid-BTSPT-OMV_1__F124,Sphingolipid-BTSPT-OMV_1,empty,0,0,0,0,0,True,0,0.0
Sphingolipid-BTSPT-OMV_1__F125,Sphingolipid-BTSPT-OMV_1,empty,0,2,0,0,2,False,2,0.0
Sphingolipid-BTSPT-OMV_1__F126,Sphingolipid-BTSPT-OMV_1,multi,0,2,7,7,2,False,5,0.0
Sphingolipid-BTSPT-OMV_1__F127,Sphingolipid-BTSPT-OMV_1,empty,0,0,0,0,0,True,0,0.0
Sphingolipid-BTSPT-OMV_1__F128,Sphingolipid-BTSPT-OMV_1,empty,0,1,0,0,1,False,1,0.0
Sphingolipid-BTSPT-OMV_1__F129,Sphingolipid-BTSPT-OMV_1,empty,0,0,0,0,0,True,0,0.0
Sphingolipid-BTSPT-OMV_1__F13,Sphingolipid-BTSPT-OMV_1,empty,0,0,0,0,0,True,0,0.0
Sphingolipid-BTSPT-OMV_1__F130,Sphingolipid-BTSPT-OMV_1,single,1,0,0,1,1,True,0,0.8593103289604187
Sphingolipid-BTSPT-OMV_1__F131,Sphingolipid-BTSPT-OMV_1,empty,0,2,0,0,2,False,2,0.0
Sphingolipid-BTSPT-OMV_1__F132,Sphingolipid-BTSPT-OMV_1,empty,0,0,0,0,0,True,0,0.0
Sphingolipid-BTSPT-OMV_1__F133,Sphingolipid-BTSPT-OMV_1,single,1,0,0,1,1,True,0,0.9146371483802795
Sphingolipid-BTSPT-OMV_1__F134,Sphingolipid-BTSPT-OMV_1,empty,0,1,0,0,1,False,1,0.0
Sphingolipid-BTSPT-OMV_1__F135,Sphingolipid-BTSPT-OMV_1,empty,0,1,0,0,1,False,1,0.0
Sphingolipid-BTSPT-OMV_1__F136,Sphingolipid-BTSPT-OMV_1,single,1,0,0,1,1,True,0,0.9402260184288025
Sphingolipid-BTSPT-OMV_1__F137,Sphingolipid-BTSPT-OMV_1,single,1,0,0,1,1,True,0,0.8558247089385986
Sphingolipid-BTSPT-OMV_1__F138,Sphingolipid-BTSPT-OMV_1,single,1,0,0,1,1,True,0,0.6073712110519409
Sphingolipid-BTSPT-OMV_1__F139,Sphingolipid-BTSPT-OMV_1,empty,0,1,0,0,1,False,1,0.0
Sphingolipid-BTSPT-OMV_1__F14,Sphingolipid-BTSPT-OMV_1,empty,0,0,0,0,0,True,0,0.0
Sphingolipid-BTSPT-OMV_1__F140,Sphingolipid-BTSPT-OMV_1,single,1,0,0,1,1,True,0,0.9102648496627808
Sphingolipid-BTSPT-OMV_1__F141,Sphingolipid-BTSPT-OMV_1,single,1,0,0,1,1,True,0,0.9265840649604797
Sphingolipid-BTSPT-OMV_1__F142,Sphingolipid-BTSPT-OMV_1,empty,0,0,0,0,0,True,0,0.0
Sphingolipid-BTSPT-OMV_1__F143,Sphingolipid-BTSPT-OMV_1,single,1,0,0,1,1,True,0,0.814125120639801
Sphingolipid-BTSPT-OMV_1__F144,Sphingolipid-BTSPT-OMV_1,multi,1,1,2,3,2,False,1,0.9249676465988159
Sphingolipid-BTSPT-OMV_1__F146,Sphingolipid-BTSPT-OMV_1,multi,0,1,2,2,1,False,1,0.0
Sphingolipid-BTSPT-OMV_1__F148,Sphingolipid-BTSPT-OMV_1,single,1,0,0,1,1,True,0,0.8832860589027405
Sphingolipid-BTSPT-OMV_1__F149,Sphingolipid-BTSPT-OMV_1,empty,0,1,0,0,1,False,1,0.0
Sphingolipid-BTSPT-OMV_1__F15,Sphingolipid-BTSPT-OMV_1,multi,1,0,1,2,1,False,1,0.5254256725311279
Sphingolipid-BTSPT-OMV_1__F150,Sphingolipid-BTSPT-OMV_1,multi,2,0,0,2,2,True,0,0.7300924360752106
Sphingolipid-BTSPT-OMV_1__F151,Sphingolipid-BTSPT-OMV_1,single,1,0,0,1,1,True,0,0.9842962622642517
Sphingolipid-BTSPT-OMV_1__F152,Sphingolipid-BTSPT-OMV_1,single,1,0,0,1,1,True,0,0.6321132779121399
Sphingolipid-BTSPT-OMV_1__F153,Sphingolipid-BTSPT-OMV_1,single,1,0,0,1,1,True,0,0.7991204857826233
Sphingolipid-BTSPT-OMV_1__F154,Sphingolipid-BTSPT-OMV_1,single,1,0,0,1,1,True,0,0.9083187580108643
Sphingolipid-BTSPT-OMV_1__F155,Sphingolipid-BTSPT-OMV_1,single,1,0,0,1,1,True,0,0.7915266156196594
Sphingolipid-BTSPT-OMV_1__F156,Sphingolipid-BTSPT-OMV_1,empty,0,1,0,0,1,False,1,0.0
Sphingolipid-BTSPT-OMV_1__F157,Sphingolipid-BTSPT-OMV_1,empty,0,1,0,0,1,False,1,0.0
Sphingolipid-BTSPT-OMV_1__F158,Sphingolipid-BTSPT-OMV_1,empty,0,0,0,0,0,True,0,0.0
Sphingolipid-BTSPT-OMV_1__F159,Sphingolipid-BTSPT-OMV_1,single,1,0,0,1,1,True,0,0.9622817039489746
Sphingolipid-BTSPT-OMV_1__F16,Sphingolipid-BTSPT-OMV_1,single,1,0,0,1,1,True,0,0.6606461405754089
Sphingolipid-BTSPT-OMV_1__F160,Sphingolipid-BTSPT-OMV_1,single,1,0,0,1,1,True,0,0.8537273406982422
Sphingolipid-BTSPT-OMV_1__F161,Sphingolipid-BTSPT-OMV_1,single,1,1,0,1,2,False,1,0.9326117634773254
Sphingolipid-BTSPT-OMV_1__F162,Sphingolipid-BTSPT-OMV_1,empty,0,0,0,0,0,True,0,0.0
Sphingolipid-BTSPT-OMV_1__F163,Sphingolipid-BTSPT-OMV_1,empty,0,0,0,0,0,True,0,0.0
Sphingolipid-BTSPT-OMV_1__F164,Sphingolipid-BTSPT-OMV_1,empty,0,0,0,0,0,True,0,0.0
Sphingolipid-BTSPT-OMV_1__F165,Sphingolipid-BTSPT-OMV_1,multi,2,0,1,3,2,False,1,0.7751907706260681
Sphingolipid-BTSPT-OMV_1__F166,Sphingolipid-BTSPT-OMV_1,single,1,0,0,1,1,True,0,0.835079550743103
Sphingolipid-BTSPT-OMV_1__F167,Sphingolipid-BTSPT-OMV_1,single,1,1,0,1,2,False,1,0.8759551048278809
Sphingolipid-BTSPT-OMV_1__F168,Sphingolipid-BTSPT-OMV_1,empty,0,2,0,0,2,False,2,0.0
Sphingolipid-BTSPT-OMV_1__F169,Sphingolipid-BTSPT-OMV_1,empty,0,0,0,0,0,True,0,0.0
Sphingolipid-BTSPT-OMV_1__F17,Sphingolipid-BTSPT-OMV_1,single,1,0,0,1,1,True,0,0.8705483675003052
Sphingolipid-BTSPT-OMV_1__F170,Sphingolipid-BTSPT-OMV_1,multi,1,1,1,2,2,True,0,0.6681346297264099
Sphingolipid-BTSPT-OMV_1__F171,Sphingolipid-BTSPT-OMV_1,single,1,0,0,1,1,True,0,0.9594323635101318
Sphingolipid-BTSPT-OMV_1__F172,Sphingolipid-BTSPT-OMV_1,single,1,0,0,1,1,True,0,0.6465357542037964
Sphingolipid-BTSPT-OMV_1__F173,Sphingolipid-BTSPT-OMV_1,single,1,0,0,1,1,True,0,0.9130309820175171
Sphingolipid-BTSPT-OMV_1__F174,Sphingolipid-BTSPT-OMV_1,multi,1,0,1,2,1,False,1,0.5145432949066162
Sphingolipid-BTSPT-OMV_1__F175,Sphingolipid-BTSPT-OMV_1,single,1,0,0,1,1,True,0,0.8524029850959778
Sphingolipid-BTSPT-OMV_1__F176,Sphingolipid-BTSPT-OMV_1,empty,0,1,0,0,1,False,1,0.0
Sphingolipid-BTSPT-OMV_1__F177,Sphingolipid-BTSPT-OMV_1,single,1,0,0,1,1,True,0,0.9094151258468628
Sphingolipid-BTSPT-OMV_1__F178,Sphingolipid-BTSPT-OMV_1,single,1,0,0,1,1,True,0,0.9287531971931458
Sphingolipid-BTSPT-OMV_1__F179,Sphingolipid-BTSPT-OMV_1,multi,1,0,1,2,1,False,1,0.7592530846595764
Sphingolipid-BTSPT-OMV_1__F18,Sphingolipid-BTSPT-OMV_1,empty,0,1,0,0,1,False,1,0.0
Sphingolipid-BTSPT-OMV_1__F180,Sphingolipid-BTSPT-OMV_1,single,1,0,0,1,1,True,0,0.8893589973449707
Sphingolipid-BTSPT-OMV_1__F181,Sphingolipid-BTSPT-OMV_1,empty,0,1,0,0,1,False,1,0.0
Sphingolipid-BTSPT-OMV_1__F182,Sphingolipid-BTSPT-OMV_1,empty,0,0,0,0,0,True,0,0.0
Sphingolipid-BTSPT-OMV_1__F183,Sphingolipid-BTSPT-OMV_1,multi,1,0,1,2,1,False,1,0.6668283939361572
Sphingolipid-BTSPT-OMV_1__F184,Sphingolipid-BTSPT-OMV_1,single,1,0,0,1,1,True,0,0.8335383534431458
Sphingolipid-BTSPT-OMV_1__F185,Sphingolipid-BTSPT-OMV_1,multi,1,0,1,2,1,False,1,0.5243673920631409
Sphingolipid-BTSPT-OMV_1__F186,Sphingolipid-BTSPT-OMV_1,single,1,0,0,1,1,True,0,0.8871905207633972
Sphingolipid-BTSPT-OMV_1__F187,Sphingolipid-BTSPT-OMV_1,single,1,0,0,1,1,True,0,0.7071135640144348
Sphingolipid-BTSPT-OMV_1__F188,Sphingolipid-BTSPT-OMV_1,single,1,0,0,1,1,True,0,0.9525156617164612
Sphingolipid-BTSPT-OMV_1__F189,Sphingolipid-BTSPT-OMV_1,single,1,0,0,1,1,True,0,0.9175255298614502
Sphingolipid-BTSPT-OMV_1__F19,Sphingolipid-BTSPT-OMV_1,single,1,0,0,1,1,True,0,0.9620823860168457
Sphingolipid-BTSPT-OMV_1__F190,Sphingolipid-BTSPT-OMV_1,empty,0,0,0,0,0,True,0,0.0
Sphingolipid-BTSPT-OMV_1__F191,Sphingolipid-BTSPT-OMV_1,empty,0,1,0,0,1,False,1,0.0
Sphingolipid-BTSPT-OMV_1__F192,Sphingolipid-BTSPT-OMV_1,empty,0,0,0,0,0,True,0,0.0
Sphingolipid-BTSPT-OMV_1__F193,Sphingolipid-BTSPT-OMV_1,single,1,0,0,1,1,True,0,0.9222476482391357
Sphingolipid-BTSPT-OMV_1__F194,Sphingolipid-BTSPT-OMV_1,empty,0,0,0,0,0,True,0,0.0
Sphingolipid-BTSPT-OMV_1__F196,Sphingolipid-BTSPT-OMV_1,empty,0,0,0,0,0,True,0,0.0
Sphingolipid-BTSPT-OMV_1__F197,Sphingolipid-BTSPT-OMV_1,multi,0,2,2,2,2,True,0,0.0
Sphingolipid-BTSPT-OMV_1__F198,Sphingolipid-BTSPT-OMV_1,single,1,0,0,1,1,True,0,0.9034216403961182
Sphingolipid-BTSPT-OMV_1__F199,Sphingolipid-BTSPT-OMV_1,multi,0,0,2,2,0,False,2,0.0
Sphingolipid-BTSPT-OMV_1__F2,Sphingolipid-BTSPT-OMV_1,empty,0,1,0,0,1,False,1,0.0
Sphingolipid-BTSPT-OMV_1__F20,Sphingolipid-BTSPT-OMV_1,empty,0,1,0,0,1,False,1,0.0
Sphingolipid-BTSPT-OMV_1__F200,Sphingolipid-BTSPT-OMV_1,single,1,0,0,1,1,True,0,0.9554039835929871
Sphingolipid-BTSPT-OMV_1__F201,Sphingolipid-BTSPT-OMV_1,empty,0,0,0,0,0,True,0,0.0
Sphingolipid-BTSPT-OMV_1__F202,Sphingolipid-BTSPT-OMV_1,multi,1,0,1,2,1,False,1,0.9780637621879578
Sphingolipid-BTSPT-OMV_1__F203,Sphingolipid-BTSPT-OMV_1,single,1,0,0,1,1,True,0,0.8987236022949219
Sphingolipid-BTSPT-OMV_1__F204,Sphingolipid-BTSPT-OMV_1,single,1,0,0,1,1,True,0,0.770696222782135
Sphingolipid-BTSPT-OMV_1__F205,Sphingolipid-BTSPT-OMV_1,empty,0,1,0,0,1,False,1,0.0
Sphingolipid-BTSPT-OMV_1__F206,Sphingolipid-BTSPT-OMV_1,single,1,0,0,1,1,True,0,0.7677088379859924
Sphingolipid-BTSPT-OMV_1__F207,Sphingolipid-BTSPT-OMV_1,single,1,0,0,1,1,True,0,0.9108952283859253
Sphingolipid-BTSPT-OMV_1__F208,Sphingolipid-BTSPT-OMV_1,single,1,0,0,1,1,True,0,0.8391948342323303
Sphingolipid-BTSPT-OMV_1__F209,Sphingolipid-BTSPT-OMV_1,single,1,0,0,1,1,True,0,0.6707656979560852
Sphingolipid-BTSPT-OMV_1__F21,Sphingolipid-BTSPT-OMV_1,empty,0,0,0,0,0,True,0,0.0
Sphingolipid-BTSPT-OMV_1__F210,Sphingolipid-BTSPT-OMV_1,multi,0,1,2,2,1,False,1,0.0
Sphingolipid-BTSPT-OMV_1__F211,Sphingolipid-BTSPT-OMV_1,multi,2,0,0,2,2,True,0,0.7348014712333679
Sphingolipid-BTSPT-OMV_1__F212,Sphingolipid-BTSPT-OMV_1,empty,0,0,0,0,0,True,0,0.0
Sphingolipid-BTSPT-OMV_1__F213,Sphingolipid-BTSPT-OMV_1,single,1,0,0,1,1,True,0,0.936921238899231
Sphingolipid-BTSPT-OMV_1__F214,Sphingolipid-BTSPT-OMV_1,single,1,0,0,1,1,True,0,0.8399607539176941
Sphingolipid-BTSPT-OMV_1__F215,Sphingolipid-BTSPT-OMV_1,empty,0,0,0,0,0,True,0,0.0
Sphingolipid-BTSPT-OMV_1__F216,Sphingolipid-BTSPT-OMV_1,empty,0,0,0,0,0,True,0,0.0
Sphingolipid-BTSPT-OMV_1__F217,Sphingolipid-BTSPT-OMV_1,single,1,0,0,1,1,True,0,0.9272739887237549
Sphingolipid-BTSPT-OMV_1__F218,Sphingolipid-BTSPT-OMV_1,single,1,0,0,1,1,True,0,0.7747440338134766
Sphingolipid-BTSPT-OMV_1__F219,Sphingolipid-BTSPT-OMV_1,empty,0,0,0,0,0,True,0,0.0
Sphingolipid-BTSPT-OMV_1__F22,Sphingolipid-BTSPT-OMV_1,single,1,0,0,1,1,True,0,0.92682284116745
Sphingolipid-BTSPT-OMV_1__F220,Sphingolipid-BTSPT-OMV_1,single,1,0,0,1,1,True,0,0.8251413702964783
Sphingolipid-BTSPT-OMV_1__F221,Sphingolipid-BTSPT-OMV_1,empty,0,0,0,0,0,True,0,0.0
Sphingolipid-BTSPT-OMV_1__F222,Sphingolipid-BTSPT-OMV_1,single,1,0,0,1,1,True,0,0.8573249578475952
Sphingolipid-BTSPT-OMV_1__F223,Sphingolipid-BTSPT-OMV_1,single,1,0,0,1,1,True,0,0.8753276467323303
Sphingolipid-BTSPT-OMV_1__F224,Sphingolipid-BTSPT-OMV_1,empty,0,0,0,0,0,True,0,0.0
Sphingolipid-BTSPT-OMV_1__F225,Sphingolipid-BTSPT-OMV_1,empty,0,0,0,0,0,True,0,0.0
Sphingolipid-BTSPT-OMV_1__F226,Sphingolipid-BTSPT-OMV_1,single,1,0,0,1,1,True,0,0.9393007755279541
Sphingolipid-BTSPT-OMV_1__F227,Sphingolipid-BTSPT-OMV_1,empty,0,0,0,0,0,True,0,0.0
Sphingolipid-BTSPT-OMV_1__F228,Sphingolipid-BTSPT-OMV_1,empty,0,1,0,0,1,False,1,0.0
Sphingolipid-BTSPT-OMV_1__F229,Sphingolipid-BTSPT-OMV_1,empty,0,1,0,0,1,False,1,0.0
Sphingolipid-BTSPT-OMV_1__F230,Sphingolipid-BTSPT-OMV_1,multi,2,0,0,2,2,True,0,0.8494813740253448
Sphingolipid-BTSPT-OMV_1__F231,Sphingolipid-BTSPT-OMV_1,empty,0,0,0,0,0,True,0,0.0
Sphingolipid-BTSPT-OMV_1__F232,Sphingolipid-BTSPT-OMV_1,empty,0,0,0,0,0,True,0,0.0
Sphingolipid-BTSPT-OMV_1__F233,Sphingolipid-BTSPT-OMV_1,single,1,0,0,1,1,True,0,0.9010961651802063
Sphingolipid-BTSPT-OMV_1__F234,Sphingolipid-BTSPT-OMV_1,empty,0,0,0,0,0,True,0,0.0
Sphingolipid-BTSPT-OMV_1__F235,Sphingolipid-BTSPT-OMV_1,empty,0,1,0,0,1,False,1,0.0
Sphingolipid-BTSPT-OMV_1__F236,Sphingolipid-BTSPT-OMV_1,multi,2,0,1,3,2,False,1,0.852593332529068
Sphingolipid-BTSPT-OMV_1__F237,Sphingolipid-BTSPT-OMV_1,single,1,0,0,1,1,True,0,0.8534457087516785
Sphingolipid-BTSPT-OMV_1__F238,Sphingolipid-BTSPT-OMV_1,empty,0,1,0,0,1,False,1,0.0
Sphingolipid-BTSPT-OMV_1__F239,Sphingolipid-BTSPT-OMV_1,single,1,0,0,1,1,True,0,0.8471348881721497
Sphingolipid-BTSPT-OMV_1__F24,Sphingolipid-BTSPT-OMV_1,empty,0,0,0,0,0,True,0,0.0
Sphingolipid-BTSPT-OMV_1__F240,Sphingolipid-BTSPT-OMV_1,empty,0,0,0,0,0,True,0,0.0
Sphingolipid-BTSPT-OMV_1__F241,Sphingolipid-BTSPT-OMV_1,single,1,0,0,1,1,True,0,0.9014440178871155
Sphingolipid-BTSPT-OMV_1__F242,Sphingolipid-BTSPT-OMV_1,single,0,1,1,1,1,True,0,0.0
Sphingolipid-BTSPT-OMV_1__F243,Sphingolipid-BTSPT-OMV_1,multi,1,0,1,2,1,False,1,0.773583173751831
Sphingolipid-BTSPT-OMV_1__F244,Sphingolipid-BTSPT-OMV_1,empty,0,1,0,0,1,False,1,0.0
Sphingolipid-BTSPT-OMV_1__F245,Sphingolipid-BTSPT-OMV_1,empty,0,0,0,0,0,True,0,0.0
Sphingolipid-BTSPT-OMV_1__F246,Sphingolipid-BTSPT-OMV_1,multi,2,0,0,2,2,True,0,0.9143352508544922
Sphingolipid-BTSPT-OMV_1__F247,Sphingolipid-BTSPT-OMV_1,single,1,0,0,1,1,True,0,0.8291979432106018
Sphingolipid-BTSPT-OMV_1__F248,Sphingolipid-BTSPT-OMV_1,single,1,0,0,1,1,True,0,0.9031487703323364
Sphingolipid-BTSPT-OMV_1__F249,Sphingolipid-BTSPT-OMV_1,multi,0,2,2,2,2,True,0,0.0
Sphingolipid-BTSPT-OMV_1__F25,Sphingolipid-BTSPT-OMV_1,single,1,0,0,1,1,True,0,0.8414479494094849
Sphingolipid-BTSPT-OMV_1__F250,Sphingolipid-BTSPT-OMV_1,empty,0,0,0,0,0,True,0,0.0
Sphingolipid-BTSPT-OMV_1__F251,Sphingolipid-BTSPT-OMV_1,single,1,0,0,1,1,True,0,0.9007682800292969
Sphingolipid-BTSPT-OMV_1__F252,Sphingolipid-BTSPT-OMV_1,multi,2,0,0,2,2,True,0,0.943934291601181
Sphingolipid-BTSPT-OMV_1__F253,Sphingolipid-BTSPT-OMV_1,single,1,0,0,1,1,True,0,0.8377755880355835
Sphingolipid-BTSPT-OMV_1__F254,Sphingolipid-BTSPT-OMV_1,empty,0,1,0,0,1,False,1,0.0
Sphingolipid-BTSPT-OMV_1__F255,Sphingolipid-BTSPT-OMV_1,single,1,0,0,1,1,True,0,0.7593987584114075
Sphingolipid-BTSPT-OMV_1__F256,Sphingolipid-BTSPT-OMV_1,single,1,0,0,1,1,True,0,0.9364544749259949
Sphingolipid-BTSPT-OMV_1__F257,Sphingolipid-BTSPT-OMV_1,single,1,0,0,1,1,True,0,0.9587228298187256
Sphingolipid-BTSPT-OMV_1__F258,Sphingolipid-BTSPT-OMV_1,empty,0,0,0,0,0,True,0,0.0
Sphingolipid-BTSPT-OMV_1__F259,Sphingolipid-BTSPT-OMV_1,single,1,0,0,1,1,True,0,0.9274930953979492
Sphingolipid-BTSPT-OMV_1__F26,Sphingolipid-BTSPT-OMV_1,single,1,0,0,1,1,True,0,0.866447925567627
Sphingolipid-BTSPT-OMV_1__F260,Sphingolipid-BTSPT-OMV_1,single,1,0,0,1,1,True,0,0.8595049977302551
Sphingolipid-BTSPT-OMV_1__F261,Sphingolipid-BTSPT-OMV_1,empty,0,0,0,0,0,True,0,0.0
Sphingolipid-BTSPT-OMV_1__F262,Sphingolipid-BTSPT-OMV_1,single,1,0,0,1,1,True,0,0.8155764937400818
Sphingolipid-BTSPT-OMV_1__F263,Sphingolipid-BTSPT-OMV_1,single,1,0,0,1,1,True,0,0.8981892466545105
Sphingolipid-BTSPT-OMV_1__F264,Sphingolipid-BTSPT-OMV_1,empty,0,0,0,0,0,True,0,0.0
Sphingolipid-BTSPT-OMV_1__F265,Sphingolipid-BTSPT-OMV_1,single,1,0,0,1,1,True,0,0.7131858468055725
Sphingolipid-BTSPT-OMV_1__F266,Sphingolipid-BTSPT-OMV_1,empty,0,0,0,0,0,True,0,0.0
Sphingolipid-BTSPT-OMV_1__F267,Sphingolipid-BTSPT-OMV_1,multi,2,0,0,2,2,True,0,0.8237318694591522
Sphingolipid-BTSPT-OMV_1__F268,Sphingolipid-BTSPT-OMV_1,single,1,0,0,1,1,True,0,0.912966787815094
Sphingolipid-BTSPT-OMV_1__F269,Sphingolipid-BTSPT-OMV_1,single,1,0,0,1,1,True,0,0.930304765701294
Sphingolipid-BTSPT-OMV_1__F27,Sphingolipid-BTSPT-OMV_1,empty,0,0,0,0,0,True,0,0.0
Sphingolipid-BTSPT-OMV_1__F270,Sphingolipid-BTSPT-OMV_1,single,1,0,0,1,1,True,0,0.9364911317825317
Sphingolipid-BTSPT-OMV_1__F271,Sphingolipid-BTSPT-OMV_1,empty,0,0,0,0,0,True,0,0.0
Sphingolipid-BTSPT-OMV_1__F272,Sphingolipid-BTSPT-OMV_1,single,1,0,0,1,1,True,0,0.8799042701721191
Sphingolipid-BTSPT-OMV_1__F273,Sphingolipid-BTSPT-OMV_1,multi,2,0,0,2,2,True,0,0.842900961637497
Sphingolipid-BTSPT-OMV_1__F274,Sphingolipid-BTSPT-OMV_1,single,1,0,0,1,1,True,0,0.942170262336731
Sphingolipid-BTSPT-OMV_1__F275,Sphingolipid-BTSPT-OMV_1,empty,0,1,0,0,1,False,1,0.0
Sphingolipid-BTSPT-OMV_1__F276,Sphingolipid-BTSPT-OMV_1,single,1,0,0,1,1,True,0,0.9419518709182739
Sphingolipid-BTSPT-OMV_1__F277,Sphingolipid-BTSPT-OMV_1,multi,1,0,2,3,1,False,2,0.9264121055603027
Sphingolipid-BTSPT-OMV_1__F278,Sphingolipid-BTSPT-OMV_1,empty,0,1,0,0,1,False,1,0.0
Sphingolipid-BTSPT-OMV_1__F279,Sphingolipid-BTSPT-OMV_1,multi,2,0,0,2,2,True,0,0.9194402396678925
Sphingolipid-BTSPT-OMV_1__F28,Sphingolipid-BTSPT-OMV_1,empty,0,0,0,0,0,True,0,0.0
Sphingolipid-BTSPT-OMV_1__F280,Sphingolipid-BTSPT-OMV_1,single,1,0,0,1,1,True,0,0.897037923336029
Sphingolipid-BTSPT-OMV_1__F281,Sphingolipid-BTSPT-OMV_1,single,1,0,0,1,1,True,0,0.8234902024269104
Sphingolipid-BTSPT-OMV_1__F282,Sphingolipid-BTSPT-OMV_1,empty,0,1,0,0,1,False,1,0.0
Sphingolipid-BTSPT-OMV_1__F283,Sphingolipid-BTSPT-OMV_1,empty,0,0,0,0,0,True,0,0.0
Sphingolipid-BTSPT-OMV_1__F284,Sphingolipid-BTSPT-OMV_1,single,1,0,0,1,1,True,0,0.871115505695343
Sphingolipid-BTSPT-OMV_1__F285,Sphingolipid-BTSPT-OMV_1,single,1,0,0,1,1,True,0,0.9653924107551575
Sphingolipid-BTSPT-OMV_1__F286,Sphingolipid-BTSPT-OMV_1,single,1,0,0,1,1,True,0,0.7283782958984375
Sphingolipid-BTSPT-OMV_1__F287,Sphingolipid-BTSPT-OMV_1,empty,0,0,0,0,0,True,0,0.0
Sphingolipid-BTSPT-OMV_1__F288,Sphingolipid-BTSPT-OMV_1,empty,0,1,0,0,1,False,1,0.0
Sphingolipid-BTSPT-OMV_1__F289,Sphingolipid-BTSPT-OMV_1,multi,1,1,1,2,2,True,0,0.8497608304023743
Sphingolipid-BTSPT-OMV_1__F29,Sphingolipid-BTSPT-OMV_1,empty,0,0,0,0,0,True,0,0.0
Sphingolipid-BTSPT-OMV_1__F290,Sphingolipid-BTSPT-OMV_1,empty,0,0,0,0,0,True,0,0.0
Sphingolipid-BTSPT-OMV_1__F291,Sphingolipid-BTSPT-OMV_1,empty,0,0,0,0,0,True,0,0.0
Sphingolipid-BTSPT-OMV_1__F292,Sphingolipid-BTSPT-OMV_1,empty,0,2,0,0,2,False,2,0.0
Sphingolipid-BTSPT-OMV_1__F293,Sphingolipid-BTSPT-OMV_1,single,1,0,0,1,1,True,0,0.7906416058540344
Sphingolipid-BTSPT-OMV_1__F294,Sphingolipid-BTSPT-OMV_1,multi,0,1,2,2,1,False,1,0.0
Sphingolipid-BTSPT-OMV_1__F295,Sphingolipid-BTSPT-OMV_1,single,1,0,0,1,1,True,0,0.9270375370979309
Sphingolipid-BTSPT-OMV_1__F296,Sphingolipid-BTSPT-OMV_1,empty,0,0,0,0,0,True,0,0.0
Sphingolipid-BTSPT-OMV_1__F297,Sphingolipid-BTSPT-OMV_1,single,1,0,0,1,1,True,0,0.9210074543952942
Sphingolipid-BTSPT-OMV_1__F298,Sphingolipid-BTSPT-OMV_1,single,1,0,0,1,1,True,0,0.8649410009384155
Sphingolipid-BTSPT-OMV_1__F299,Sphingolipid-BTSPT-OMV_1,single,1,0,0,1,1,True,0,0.9086552858352661
Sphingolipid-BTSPT-OMV_1__F3,Sphingolipid-BTSPT-OMV_1,single,1,0,0,1,1,True,0,0.9138034582138062
Sphingolipid-BTSPT-OMV_1__F30,Sphingolipid-BTSPT-OMV_1,empty,0,0,0,0,0,True,0,0.0
Sphingolipid-BTSPT-OMV_1__F300,Sphingolipid-BTSPT-OMV_1,single,1,0,0,1,1,True,0,0.7302711009979248
Sphingolipid-BTSPT-OMV_1__F301,Sphingolipid-BTSPT-OMV_1,single,1,0,0,1,1,True,0,0.8970005512237549
Sphingolipid-BTSPT-OMV_1__F302,Sphingolipid-BTSPT-OMV_1,single,1,0,0,1,1,True,0,0.8323209881782532
Sphingolipid-BTSPT-OMV_1__F303,Sphingolipid-BTSPT-OMV_1,single,1,0,0,1,1,True,0,0.8940324783325195
Sphingolipid-BTSPT-OMV_1__F304,Sphingolipid-BTSPT-OMV_1,empty,0,0,0,0,0,True,0,0.0
Sphingolipid-BTSPT-OMV_1__F305,Sphingolipid-BTSPT-OMV_1,empty,0,0,0,0,0,True,0,0.0
Sphingolipid-BTSPT-OMV_1__F307,Sphingolipid-BTSPT-OMV_1,empty,0,0,0,0,0,True,0,0.0
Sphingolipid-BTSPT-OMV_1__F308,Sphingolipid-BTSPT-OMV_1,empty,0,1,0,0,1,False,1,0.0
Sphingolipid-BTSPT-OMV_1__F309,Sphingolipid-BTSPT-OMV_1,single,1,0,0,1,1,True,0,0.798677921295166
Sphingolipid-BTSPT-OMV_1__F31,Sphingolipid-BTSPT-OMV_1,empty,0,0,0,0,0,True,0,0.0
Sphingolipid-BTSPT-OMV_1__F310,Sphingolipid-BTSPT-OMV_1,multi,1,0,1,2,1,False,1,0.7103439569473267
Sphingolipid-BTSPT-OMV_1__F311,Sphingolipid-BTSPT-OMV_1,empty,0,0,0,0,0,True,0,0.0
Sphingolipid-BTSPT-OMV_1__F312,Sphingolipid-BTSPT-OMV_1,empty,0,1,0,0,1,False,1,0.0
Sphingolipid-BTSPT-OMV_1__F313,Sphingolipid-BTSPT-OMV_1,single,1,0,0,1,1,True,0,0.8004938960075378
Sphingolipid-BTSPT-OMV_1__F314,Sphingolipid-BTSPT-OMV_1,multi,3,0,0,3,3,True,0,0.8419855038324991
Sphingolipid-BTSPT-OMV_1__F315,Sphingolipid-BTSPT-OMV_1,empty,0,0,0,0,0,True,0,0.0
Sphingolipid-BTSPT-OMV_1__F316,Sphingolipid-BTSPT-OMV_1,empty,0,0,0,0,0,True,0,0.0
Sphingolipid-BTSPT-OMV_1__F317,Sphingolipid-BTSPT-OMV_1,multi,2,2,2,4,4,True,0,0.9219245910644531
Sphingolipid-BTSPT-OMV_1__F318,Sphingolipid-BTSPT-OMV_1,single,1,0,0,1,1,True,0,0.8593913912773132
Sphingolipid-BTSPT-OMV_1__F32,Sphingolipid-BTSPT-OMV_1,single,1,0,0,1,1,True,0,0.9463751912117004
Sphingolipid-BTSPT-OMV_1__F320,Sphingolipid-BTSPT-OMV_1,empty,0,1,0,0,1,False,1,0.0
Sphingolipid-BTSPT-OMV_1__F321,Sphingolipid-BTSPT-OMV_1,empty,0,0,0,0,0,True,0,0.0
Sphingolipid-BTSPT-OMV_1__F322,Sphingolipid-BTSPT-OMV_1,single,1,0,0,1,1,True,0,0.8360254168510437
Sphingolipid-BTSPT-OMV_1__F323,Sphingolipid-BTSPT-OMV_1,multi,2,0,0,2,2,True,0,0.9010117650032043
Sphingolipid-BTSPT-OMV_1__F324,Sphingolipid-BTSPT-OMV_1,single,1,0,0,1,1,True,0,0.9382832646369934
Sphingolipid-BTSPT-OMV_1__F325,Sphingolipid-BTSPT-OMV_1,single,1,0,0,1,1,True,0,0.6992135643959045
Sphingolipid-BTSPT-OMV_1__F326,Sphingolipid-BTSPT-OMV_1,empty,0,1,0,0,1,False,1,0.0
Sphingolipid-BTSPT-OMV_1__F327,Sphingolipid-BTSPT-OMV_1,multi,3,0,0,3,3,True,0,0.6551233927408854
Sphingolipid-BTSPT-OMV_1__F328,Sphingolipid-BTSPT-OMV_1,empty,0,0,0,0,0,True,0,0.0
Sphingolipid-BTSPT-OMV_1__F329,Sphingolipid-BTSPT-OMV_1,single,1,0,0,1,1,True,0,0.8481571078300476
Sphingolipid-BTSPT-OMV_1__F33,Sphingolipid-BTSPT-OMV_1,single,1,0,0,1,1,True,0,0.9075731635093689
Sphingolipid-BTSPT-OMV_1__F330,Sphingolipid-BTSPT-OMV_1,single,1,0,0,1,1,True,0,0.8590588569641113
Sphingolipid-BTSPT-OMV_1__F331,Sphingolipid-BTSPT-OMV_1,multi,1,0,4,5,1,False,4,0.7877002954483032
Sphingolipid-BTSPT-OMV_1__F332,Sphingolipid-BTSPT-OMV_1,empty,0,0,0,0,0,True,0,0.0
Sphingolipid-BTSPT-OMV_1__F333,Sphingolipid-BTSPT-OMV_1,single,1,0,0,1,1,True,0,0.9361366629600525
Sphingolipid-BTSPT-OMV_1__F334,Sphingolipid-BTSPT-OMV_1,empty,0,0,0,0,0,True,0,0.0
Sphingolipid-BTSPT-OMV_1__F335,Sphingolipid-BTSPT-OMV_1,single,1,0,0,1,1,True,0,0.8050733208656311
Sphingolipid-BTSPT-OMV_1__F336,Sphingolipid-BTSPT-OMV_1,multi,2,0,0,2,2,True,0,0.936387449502945
Sphingolipid-BTSPT-OMV_1__F337,Sphingolipid-BTSPT-OMV_1,empty,0,1,0,0,1,False,1,0.0
Sphingolipid-BTSPT-OMV_1__F338,Sphingolipid-BTSPT-OMV_1,multi,2,0,0,2,2,True,0,0.8207344114780426
Sphingolipid-BTSPT-OMV_1__F339,Sphingolipid-BTSPT-OMV_1,empty,0,0,0,0,0,True,0,0.0
Sphingolipid-BTSPT-OMV_1__F34,Sphingolipid-BTSPT-OMV_1,single,1,0,0,1,1,True,0,0.8285447955131531
Sphingolipid-BTSPT-OMV_1__F340,Sphingolipid-BTSPT-OMV_1,single,1,0,0,1,1,True,0,0.9153839945793152
Sphingolipid-BTSPT-OMV_1__F341,Sphingolipid-BTSPT-OMV_1,empty,0,1,0,0,1,False,1,0.0
Sphingolipid-BTSPT-OMV_1__F342,Sphingolipid-BTSPT-OMV_1,single,1,0,0,1,1,True,0,0.8286672830581665
Sphingolipid-BTSPT-OMV_1__F343,Sphingolipid-BTSPT-OMV_1,single,1,0,0,1,1,True,0,0.8601435422897339
Sphingolipid-BTSPT-OMV_1__F344,Sphingolipid-BTSPT-OMV_1,multi,1,0,1,2,1,False,1,0.5592354536056519
Sphingolipid-BTSPT-OMV_1__F345,Sphingolipid-BTSPT-OMV_1,empty,0,1,0,0,1,False,1,0.0
Sphingolipid-BTSPT-OMV_1__F346,Sphingolipid-BTSPT-OMV_1,multi,2,0,1,3,2,False,1,0.6803434193134308
Sphingolipid-BTSPT-OMV_1__F347,Sphingolipid-BTSPT-OMV_1,single,0,0,1,1,0,False,1,0.0
Sphingolipid-BTSPT-OMV_1__F348,Sphingolipid-BTSPT-OMV_1,empty,0,0,0,0,0,True,0,0.0
Sphingolipid-BTSPT-OMV_1__F349,Sphingolipid-BTSPT-OMV_1,single,1,0,0,1,1,True,0,0.7738440036773682
Sphingolipid-BTSPT-OMV_1__F35,Sphingolipid-BTSPT-OMV_1,single,0,1,1,1,1,True,0,0.0
Sphingolipid-BTSPT-OMV_1__F350,Sphingolipid-BTSPT-OMV_1,empty,0,0,0,0,0,True,0,0.0
Sphingolipid-BTSPT-OMV_1__F351,Sphingolipid-BTSPT-OMV_1,single,1,0,0,1,1,True,0,0.9006056189537048
Sphingolipid-BTSPT-OMV_1__F352,Sphingolipid-BTSPT-OMV_1,single,1,0,0,1,1,True,0,0.8351013660430908
Sphingolipid-BTSPT-OMV_1__F353,Sphingolipid-BTSPT-OMV_1,empty,0,0,0,0,0,True,0,0.0
Sphingolipid-BTSPT-OMV_1__F354,Sphingolipid-BTSPT-OMV_1,empty,0,0,0,0,0,True,0,0.0
Sphingolipid-BTSPT-OMV_1__F355,Sphingolipid-BTSPT-OMV_1,single,1,0,0,1,1,True,0,0.9035820364952087
Sphingolipid-BTSPT-OMV_1__F357,Sphingolipid-BTSPT-OMV_1,single,1,0,0,1,1,True,0,0.9644057154655457
Sphingolipid-BTSPT-OMV_1__F358,Sphingolipid-BTSPT-OMV_1,multi,1,0,1,2,1,False,1,0.5488947033882141
Sphingolipid-BTSPT-OMV_1__F359,Sphingolipid-BTSPT-OMV_1,single,1,0,0,1,1,True,0,0.8954401612281799
Sphingolipid-BTSPT-OMV_1__F36,Sphingolipid-BTSPT-OMV_1,empty,0,0,0,0,0,True,0,0.0
Sphingolipid-BTSPT-OMV_1__F360,Sphingolipid-BTSPT-OMV_1,single,1,0,0,1,1,True,0,0.6507022380828857
Sphingolipid-BTSPT-OMV_1__F362,Sphingolipid-BTSPT-OMV_1,multi,2,0,1,3,2,False,1,0.7707879841327667
Sphingolipid-BTSPT-OMV_1__F363,Sphingolipid-BTSPT-OMV_1,empty,0,0,0,0,0,True,0,0.0
Sphingolipid-BTSPT-OMV_1__F366,Sphingolipid-BTSPT-OMV_1,empty,0,1,0,0,1,False,1,0.0
Sphingolipid-BTSPT-OMV_1__F367,Sphingolipid-BTSPT-OMV_1,single,1,0,0,1,1,True,0,0.8387172222137451
Sphingolipid-BTSPT-OMV_1__F368,Sphingolipid-BTSPT-OMV_1,single,1,0,0,1,1,True,0,0.7282841205596924
Sphingolipid-BTSPT-OMV_1__F369,Sphingolipid-BTSPT-OMV_1,multi,0,0,3,3,0,False,3,0.0
Sphingolipid-BTSPT-OMV_1__F37,Sphingolipid-BTSPT-OMV_1,empty,0,0,0,0,0,True,0,0.0
Sphingolipid-BTSPT-OMV_1__F370,Sphingolipid-BTSPT-OMV_1,multi,0,1,2,2,1,False,1,0.0
Sphingolipid-BTSPT-OMV_1__F371,Sphingolipid-BTSPT-OMV_1,empty,0,1,0,0,1,False,1,0.0
Sphingolipid-BTSPT-OMV_1__F372,Sphingolipid-BTSPT-OMV_1,single,0,1,1,1,1,True,0,0.0
Sphingolipid-BTSPT-OMV_1__F373,Sphingolipid-BTSPT-OMV_1,empty,0,1,0,0,1,False,1,0.0
Sphingolipid-BTSPT-OMV_1__F374,Sphingolipid-BTSPT-OMV_1,empty,0,0,0,0,0,True,0,0.0
Sphingolipid-BTSPT-OMV_1__F375,Sphingolipid-BTSPT-OMV_1,single,1,0,0,1,1,True,0,0.8084906339645386
Sphingolipid-BTSPT-OMV_1__F376,Sphingolipid-BTSPT-OMV_1,single,1,0,0,1,1,True,0,0.7768813967704773
Sphingolipid-BTSPT-OMV_1__F377,Sphingolipid-BTSPT-OMV_1,empty,0,1,0,0,1,False,1,0.0
Sphingolipid-BTSPT-OMV_1__F378,Sphingolipid-BTSPT-OMV_1,single,1,0,0,1,1,True,0,0.9660118818283081
Sphingolipid-BTSPT-OMV_1__F379,Sphingolipid-BTSPT-OMV_1,single,1,0,0,1,1,True,0,0.9243091344833374
Sphingolipid-BTSPT-OMV_1__F38,Sphingolipid-BTSPT-OMV_1,empty,0,1,0,0,1,False,1,0.0
Sphingolipid-BTSPT-OMV_1__F380,Sphingolipid-BTSPT-OMV_1,single,1,0,0,1,1,True,0,0.9406843781471252
Sphingolipid-BTSPT-OMV_1__F381,Sphingolipid-BTSPT-OMV_1,single,1,0,0,1,1,True,0,0.9133161306381226
Sphingolipid-BTSPT-OMV_1__F382,Sphingolipid-BTSPT-OMV_1,multi,2,0,0,2,2,True,0,0.8173319697380066
Sphingolipid-BTSPT-OMV_1__F383,Sphingolipid-BTSPT-OMV_1,multi,2,0,0,2,2,True,0,0.880873292684555
Sphingolipid-BTSPT-OMV_1__F384,Sphingolipid-BTSPT-OMV_1,empty,0,1,0,0,1,False,1,0.0
Sphingolipid-BTSPT-OMV_1__F385,Sphingolipid-BTSPT-OMV_1,multi,1,0,1,2,1,False,1,0.7526804208755493
Sphingolipid-BTSPT-OMV_1__F386,Sphingolipid-BTSPT-OMV_1,single,1,0,0,1,1,True,0,0.6834842562675476
Sphingolipid-BTSPT-OMV_1__F387,Sphingolipid-BTSPT-OMV_1,single,1,0,0,1,1,True,0,0.5148098468780518
Sphingolipid-BTSPT-OMV_1__F388,Sphingolipid-BTSPT-OMV_1,multi,1,0,1,2,1,False,1,0.7519168257713318
Sphingolipid-BTSPT-OMV_1__F389,Sphingolipid-BTSPT-OMV_1,single,1,0,0,1,1,True,0,0.8345163464546204
Sphingolipid-BTSPT-OMV_1__F39,Sphingolipid-BTSPT-OMV_1,empty,0,0,0,0,0,True,0,0.0
Sphingolipid-BTSPT-OMV_1__F390,Sphingolipid-BTSPT-OMV_1,multi,2,0,0,2,2,True,0,0.8359389007091522
Sphingolipid-BTSPT-OMV_1__F391,Sphingolipid-BTSPT-OMV_1,single,1,0,0,1,1,True,0,0.9075155854225159
Sphingolipid-BTSPT-OMV_1__F392,Sphingolipid-BTSPT-OMV_1,multi,0,1,2,2,1,False,1,0.0
Sphingolipid-BTSPT-OMV_1__F393,Sphingolipid-BTSPT-OMV_1,empty,0,0,0,0,0,True,0,0.0
Sphingolipid-BTSPT-OMV_1__F394,Sphingolipid-BTSPT-OMV_1,empty,0,0,0,0,0,True,0,0.0
Sphingolipid-BTSPT-OMV_1__F395,Sphingolipid-BTSPT-OMV_1,empty,0,0,0,0,0,True,0,0.0
Sphingolipid-BTSPT-OMV_1__F396,Sphingolipid-BTSPT-OMV_1,multi,1,0,1,2,1,False,1,0.8122358918190002
Sphingolipid-BTSPT-OMV_1__F398,Sphingolipid-BTSPT-OMV_1,multi,2,0,0,2,2,True,0,0.9337652921676636
Sphingolipid-BTSPT-OMV_1__F399,Sphingolipid-BTSPT-OMV_1,empty,0,1,0,0,1,False,1,0.0
Sphingolipid-BTSPT-OMV_1__F4,Sphingolipid-BTSPT-OMV_1,single,1,0,0,1,1,True,0,0.894764244556427
Sphingolipid-BTSPT-OMV_1__F40,Sphingolipid-BTSPT-OMV_1,empty,0,1,0,0,1,False,1,0.0
Sphingolipid-BTSPT-OMV_1__F400,Sphingolipid-BTSPT-OMV_1,empty,0,0,0,0,0,True,0,0.0
Sphingolipid-BTSPT-OMV_1__F401,Sphingolipid-BTSPT-OMV_1,single,1,0,0,1,1,True,0,0.9182048439979553
Sphingolipid-BTSPT-OMV_1__F402,Sphingolipid-BTSPT-OMV_1,multi,2,0,0,2,2,True,0,0.7625360190868378
Sphingolipid-BTSPT-OMV_1__F403,Sphingolipid-BTSPT-OMV_1,empty,0,1,0,0,1,False,1,0.0
Sphingolipid-BTSPT-OMV_1__F404,Sphingolipid-BTSPT-OMV_1,single,1,0,0,1,1,True,0,0.853685200214386
Sphingolipid-BTSPT-OMV_1__F405,Sphingolipid-BTSPT-OMV_1,empty,0,2,0,0,2,False,2,0.0
Sphingolipid-BTSPT-OMV_1__F406,Sphingolipid-BTSPT-OMV_1,single,1,0,0,1,1,True,0,0.9230605959892273
Sphingolipid-BTSPT-OMV_1__F407,Sphingolipid-BTSPT-OMV_1,empty,0,0,0,0,0,True,0,0.0
Sphingolipid-BTSPT-OMV_1__F408,Sphingolipid-BTSPT-OMV_1,single,0,1,1,1,1,True,0,0.0
Sphingolipid-BTSPT-OMV_1__F409,Sphingolipid-BTSPT-OMV_1,single,1,0,0,1,1,True,0,0.8753504157066345
Sphingolipid-BTSPT-OMV_1__F41,Sphingolipid-BTSPT-OMV_1,multi,3,0,0,3,3,True,0,0.8577445149421692
Sphingolipid-BTSPT-OMV_1__F410,Sphingolipid-BTSPT-OMV_1,empty,0,0,0,0,0,True,0,0.0
Sphingolipid-BTSPT-OMV_1__F411,Sphingolipid-BTSPT-OMV_1,single,1,0,0,1,1,True,0,0.9131559133529663
Sphingolipid-BTSPT-OMV_1__F412,Sphingolipid-BTSPT-OMV_1,empty,0,1,0,0,1,False,1,0.0
Sphingolipid-BTSPT-OMV_1__F413,Sphingolipid-BTSPT-OMV_1,empty,0,0,0,0,0,True,0,0.0
Sphingolipid-BTSPT-OMV_1__F414,Sphingolipid-BTSPT-OMV_1,empty,0,0,0,0,0,True,0,0.0
Sphingolipid-BTSPT-OMV_1__F415,Sphingolipid-BTSPT-OMV_1,empty,0,1,0,0,1,False,1,0.0
Sphingolipid-BTSPT-OMV_1__F416,Sphingolipid-BTSPT-OMV_1,single,1,0,0,1,1,True,0,0.942147433757782
Sphingolipid-BTSPT-OMV_1__F417,Sphingolipid-BTSPT-OMV_1,single,1,0,0,1,1,True,0,0.9530922174453735
Sphingolipid-BTSPT-OMV_1__F418,Sphingolipid-BTSPT-OMV_1,single,1,0,0,1,1,True,0,0.8758053183555603
Sphingolipid-BTSPT-OMV_1__F419,Sphingolipid-BTSPT-OMV_1,empty,0,0,0,0,0,True,0,0.0
Sphingolipid-BTSPT-OMV_1__F42,Sphingolipid-BTSPT-OMV_1,multi,0,1,2,2,1,False,1,0.0
Sphingolipid-BTSPT-OMV_1__F420,Sphingolipid-BTSPT-OMV_1,single,1,0,0,1,1,True,0,0.8440946936607361
Sphingolipid-BTSPT-OMV_1__F421,Sphingolipid-BTSPT-OMV_1,multi,1,0,1,2,1,False,1,0.8787175416946411
Sphingolipid-BTSPT-OMV_1__F422,Sphingolipid-BTSPT-OMV_1,single,1,0,0,1,1,True,0,0.7798367738723755
Sphingolipid-BTSPT-OMV_1__F423,Sphingolipid-BTSPT-OMV_1,single,1,0,0,1,1,True,0,0.7475377917289734
Sphingolipid-BTSPT-OMV_1__F424,Sphingolipid-BTSPT-OMV_1,empty,0,1,0,0,1,False,1,0.0
Sphingolipid-BTSPT-OMV_1__F425,Sphingolipid-BTSPT-OMV_1,empty,0,0,0,0,0,True,0,0.0
Sphingolipid-BTSPT-OMV_1__F426,Sphingolipid-BTSPT-OMV_1,single,1,0,0,1,1,True,0,0.7237403392791748
Sphingolipid-BTSPT-OMV_1__F427,Sphingolipid-BTSPT-OMV_1,single,1,0,0,1,1,True,0,0.8051456809043884
Sphingolipid-BTSPT-OMV_1__F428,Sphingolipid-BTSPT-OMV_1,empty,0,1,0,0,1,False,1,0.0
Sphingolipid-BTSPT-OMV_1__F429,Sphingolipid-BTSPT-OMV_1,empty,0,1,0,0,1,False,1,0.0
Sphingolipid-BTSPT-OMV_1__F43,Sphingolipid-BTSPT-OMV_1,empty,0,1,0,0,1,False,1,0.0
Sphingolipid-BTSPT-OMV_1__F430,Sphingolipid-BTSPT-OMV_1,single,1,0,0,1,1,True,0,0.7194485664367676
Sphingolipid-BTSPT-OMV_1__F431,Sphingolipid-BTSPT-OMV_1,single,1,0,0,1,1,True,0,0.840090811252594
Sphingolipid-BTSPT-OMV_1__F432,Sphingolipid-BTSPT-OMV_1,single,1,0,0,1,1,True,0,0.6748820543289185
Sphingolipid-BTSPT-OMV_1__F433,Sphingolipid-BTSPT-OMV_1,single,1,0,0,1,1,True,0,0.9078876972198486
Sphingolipid-BTSPT-OMV_1__F434,Sphingolipid-BTSPT-OMV_1,multi,2,0,0,2,2,True,0,0.8892775774002075
Sphingolipid-BTSPT-OMV_1__F435,Sphingolipid-BTSPT-OMV_1,single,1,0,0,1,1,True,0,0.9845861792564392
Sphingolipid-BTSPT-OMV_1__F436,Sphingolipid-BTSPT-OMV_1,empty,0,0,0,0,0,True,0,0.0
Sphingolipid-BTSPT-OMV_1__F437,Sphingolipid-BTSPT-OMV_1,single,1,0,0,1,1,True,0,0.7708212733268738
Sphingolipid-BTSPT-OMV_1__F438,Sphingolipid-BTSPT-OMV_1,single,1,0,0,1,1,True,0,0.6306304931640625
Sphingolipid-BTSPT-OMV_1__F439,Sphingolipid-BTSPT-OMV_1,multi,1,0,2,3,1,False,2,0.6147549748420715
Sphingolipid-BTSPT-OMV_1__F44,Sphingolipid-BTSPT-OMV_1,single,1,0,0,1,1,True,0,0.7772377133369446
Sphingolipid-BTSPT-OMV_1__F440,Sphingolipid-BTSPT-OMV_1,single,1,0,0,1,1,True,0,0.8571930527687073
Sphingolipid-BTSPT-OMV_1__F441,Sphingolipid-BTSPT-OMV_1,empty,0,0,0,0,0,True,0,0.0
Sphingolipid-BTSPT-OMV_1__F442,Sphingolipid-BTSPT-OMV_1,single,1,0,0,1,1,True,0,0.8790971636772156
Sphingolipid-BTSPT-OMV_1__F443,Sphingolipid-BTSPT-OMV_1,single,1,0,0,1,1,True,0,0.7558451890945435
Sphingolipid-BTSPT-OMV_1__F444,Sphingolipid-BTSPT-OMV_1,empty,0,1,0,0,1,False,1,0.0
Sphingolipid-BTSPT-OMV_1__F445,Sphingolipid-BTSPT-OMV_1,single,1,0,0,1,1,True,0,0.934991717338562
Sphingolipid-BTSPT-OMV_1__F446,Sphingolipid-BTSPT-OMV_1,empty,0,0,0,0,0,True,0,0.0
Sphingolipid-BTSPT-OMV_1__F447,Sphingolipid-BTSPT-OMV_1,single,1,0,0,1,1,True,0,0.8123993873596191
Sphingolipid-BTSPT-OMV_1__F448,Sphingolipid-BTSPT-OMV_1,multi,0,0,3,3,0,False,3,0.0
Sphingolipid-BTSPT-OMV_1__F449,Sphingolipid-BTSPT-OMV_1,empty,0,0,0,0,0,True,0,0.0
Sphingolipid-BTSPT-OMV_1__F45,Sphingolipid-BTSPT-OMV_1,single,1,0,0,1,1,True,0,0.9346184134483337
Sphingolipid-BTSPT-OMV_1__F450,Sphingolipid-BTSPT-OMV_1,multi,1,0,1,2,1,False,1,0.7716115117073059
Sphingolipid-BTSPT-OMV_1__F451,Sphingolipid-BTSPT-OMV_1,empty,0,0,0,0,0,True,0,0.0
Sphingolipid-BTSPT-OMV_1__F452,Sphingolipid-BTSPT-OMV_1,multi,0,1,2,2,1,False,1,0.0
Sphingolipid-BTSPT-OMV_1__F453,Sphingolipid-BTSPT-OMV_1,single,1,0,0,1,1,True,0,0.8608940839767456
Sphingolipid-BTSPT-OMV_1__F454,Sphingolipid-BTSPT-OMV_1,single,1,0,0,1,1,True,0,0.8862737417221069
Sphingolipid-BTSPT-OMV_1__F455,Sphingolipid-BTSPT-OMV_1,single,1,0,0,1,1,True,0,0.8245784044265747
Sphingolipid-BTSPT-OMV_1__F456,Sphingolipid-BTSPT-OMV_1,empty,0,1,0,0,1,False,1,0.0
Sphingolipid-BTSPT-OMV_1__F457,Sphingolipid-BTSPT-OMV_1,single,1,0,0,1,1,True,0,0.7918130159378052
Sphingolipid-BTSPT-OMV_1__F458,Sphingolipid-BTSPT-OMV_1,single,1,0,0,1,1,True,0,0.9090577960014343
Sphingolipid-BTSPT-OMV_1__F459,Sphingolipid-BTSPT-OMV_1,multi,1,0,1,2,1,False,1,0.7719277143478394
Sphingolipid-BTSPT-OMV_1__F46,Sphingolipid-BTSPT-OMV_1,empty,0,1,0,0,1,False,1,0.0
Sphingolipid-BTSPT-OMV_1__F460,Sphingolipid-BTSPT-OMV_1,single,1,0,0,1,1,True,0,0.8655173778533936
Sphingolipid-BTSPT-OMV_1__F461,Sphingolipid-BTSPT-OMV_1,single,1,0,0,1,1,True,0,0.9103967547416687
Sphingolipid-BTSPT-OMV_1__F462,Sphingolipid-BTSPT-OMV_1,single,1,0,0,1,1,True,0,0.8504175543785095
Sphingolipid-BTSPT-OMV_1__F463,Sphingolipid-BTSPT-OMV_1,single,1,0,0,1,1,True,0,0.853069543838501
Sphingolipid-BTSPT-OMV_1__F464,Sphingolipid-BTSPT-OMV_1,multi,2,0,0,2,2,True,0,0.9433229863643646
Sphingolipid-BTSPT-OMV_1__F465,Sphingolipid-BTSPT-OMV_1,single,1,0,0,1,1,True,0,0.7062715291976929
Sphingolipid-BTSPT-OMV_1__F466,Sphingolipid-BTSPT-OMV_1,multi,1,1,2,3,2,False,1,0.9384618401527405
Sphingolipid-BTSPT-OMV_1__F467,Sphingolipid-BTSPT-OMV_1,single,1,0,0,1,1,True,0,0.883641242980957
Sphingolipid-BTSPT-OMV_1__F468,Sphingolipid-BTSPT-OMV_1,empty,0,0,0,0,0,True,0,0.0
Sphingolipid-BTSPT-OMV_1__F469,Sphingolipid-BTSPT-OMV_1,single,1,0,0,1,1,True,0,0.7264816164970398
Sphingolipid-BTSPT-OMV_1__F47,Sphingolipid-BTSPT-OMV_1,single,1,0,0,1,1,True,0,0.8766977787017822
Sphingolipid-BTSPT-OMV_1__F470,Sphingolipid-BTSPT-OMV_1,single,1,0,0,1,1,True,0,0.9130100607872009
Sphingolipid-BTSPT-OMV_1__F471,Sphingolipid-BTSPT-OMV_1,multi,2,0,0,2,2,True,0,0.8700293600559235
Sphingolipid-BTSPT-OMV_1__F472,Sphingolipid-BTSPT-OMV_1,empty,0,0,0,0,0,True,0,0.0
Sphingolipid-BTSPT-OMV_1__F473,Sphingolipid-BTSPT-OMV_1,empty,0,0,0,0,0,True,0,0.0
Sphingolipid-BTSPT-OMV_1__F474,Sphingolipid-BTSPT-OMV_1,empty,0,1,0,0,1,False,1,0.0
Sphingolipid-BTSPT-OMV_1__F475,Sphingolipid-BTSPT-OMV_1,empty,0,1,0,0,1,False,1,0.0
Sphingolipid-BTSPT-OMV_1__F476,Sphingolipid-BTSPT-OMV_1,single,1,0,0,1,1,True,0,0.850697934627533
Sphingolipid-BTSPT-OMV_1__F477,Sphingolipid-BTSPT-OMV_1,single,1,0,0,1,1,True,0,0.8677406907081604
Sphingolipid-BTSPT-OMV_1__F478,Sphingolipid-BTSPT-OMV_1,empty,0,0,0,0,0,True,0,0.0
Sphingolipid-BTSPT-OMV_1__F479,Sphingolipid-BTSPT-OMV_1,empty,0,0,0,0,0,True,0,0.0
Sphingolipid-BTSPT-OMV_1__F48,Sphingolipid-BTSPT-OMV_1,single,1,0,0,1,1,True,0,0.9836507439613342
Sphingolipid-BTSPT-OMV_1__F480,Sphingolipid-BTSPT-OMV_1,empty,0,1,0,0,1,False,1,0.0
Sphingolipid-BTSPT-OMV_1__F481,Sphingolipid-BTSPT-OMV_1,empty,0,0,0,0,0,True,0,0.0
Sphingolipid-BTSPT-OMV_1__F482,Sphingolipid-BTSPT-OMV_1,single,1,0,0,1,1,True,0,0.5837108492851257
Sphingolipid-BTSPT-OMV_1__F483,Sphingolipid-BTSPT-OMV_1,single,1,0,0,1,1,True,0,0.8550878763198853
Sphingolipid-BTSPT-OMV_1__F484,Sphingolipid-BTSPT-OMV_1,empty,0,0,0,0,0,True,0,0.0
Sphingolipid-BTSPT-OMV_1__F485,Sphingolipid-BTSPT-OMV_1,empty,0,0,0,0,0,True,0,0.0
Sphingolipid-BTSPT-OMV_1__F487,Sphingolipid-BTSPT-OMV_1,empty,0,0,0,0,0,True,0,0.0
Sphingolipid-BTSPT-OMV_1__F488,Sphingolipid-BTSPT-OMV_1,single,1,0,0,1,1,True,0,0.8651314377784729
Sphingolipid-BTSPT-OMV_1__F489,Sphingolipid-BTSPT-OMV_1,empty,0,1,0,0,1,False,1,0.0
Sphingolipid-BTSPT-OMV_1__F49,Sphingolipid-BTSPT-OMV_1,empty,0,1,0,0,1,False,1,0.0
Sphingolipid-BTSPT-OMV_1__F490,Sphingolipid-BTSPT-OMV_1,single,1,0,0,1,1,True,0,0.8219360113143921
Sphingolipid-BTSPT-OMV_1__F491,Sphingolipid-BTSPT-OMV_1,single,1,0,0,1,1,True,0,0.9230399131774902
Sphingolipid-BTSPT-OMV_1__F492,Sphingolipid-BTSPT-OMV_1,single,1,0,0,1,1,True,0,0.8827637434005737
Sphingolipid-BTSPT-OMV_1__F493,Sphingolipid-BTSPT-OMV_1,single,1,0,0,1,1,True,0,0.8809929490089417
Sphingolipid-BTSPT-OMV_1__F494,Sphingolipid-BTSPT-OMV_1,empty,0,0,0,0,0,True,0,0.0
Sphingolipid-BTSPT-OMV_1__F495,Sphingolipid-BTSPT-OMV_1,single,1,0,0,1,1,True,0,0.9403366446495056
Sphingolipid-BTSPT-OMV_1__F497,Sphingolipid-BTSPT-OMV_1,single,1,0,0,1,1,True,0,0.8840988278388977
Sphingolipid-BTSPT-OMV_1__F498,Sphingolipid-BTSPT-OMV_1,single,1,0,0,1,1,True,0,0.8194417953491211
Sphingolipid-BTSPT-OMV_1__F499,Sphingolipid-BTSPT-OMV_1,single,1,0,0,1,1,True,0,0.8354785442352295
Sphingolipid-BTSPT-OMV_1__F5,Sphingolipid-BTSPT-OMV_1,single,1,0,0,1,1,True,0,0.8292207717895508
Sphingolipid-BTSPT-OMV_1__F50,Sphingolipid-BTSPT-OMV_1,single,1,0,0,1,1,True,0,0.8580842614173889
Sphingolipid-BTSPT-OMV_1__F500,Sphingolipid-BTSPT-OMV_1,multi,1,0,1,2,1,False,1,0.6729341745376587
Sphingolipid-BTSPT-OMV_1__F501,Sphingolipid-BTSPT-OMV_1,single,1,0,0,1,1,True,0,0.6281529068946838
Sphingolipid-BTSPT-OMV_1__F502,Sphingolipid-BTSPT-OMV_1,single,1,0,0,1,1,True,0,0.765225350856781
Sphingolipid-BTSPT-OMV_1__F503,Sphingolipid-BTSPT-OMV_1,single,1,1,0,1,2,False,1,0.9119663834571838
Sphingolipid-BTSPT-OMV_1__F504,Sphingolipid-BTSPT-OMV_1,multi,2,0,0,2,2,True,0,0.7757700979709625
Sphingolipid-BTSPT-OMV_1__F505,Sphingolipid-BTSPT-OMV_1,single,1,0,0,1,1,True,0,0.9462359547615051
Sphingolipid-BTSPT-OMV_1__F506,Sphingolipid-BTSPT-OMV_1,single,1,0,0,1,1,True,0,0.9140180349349976
Sphingolipid-BTSPT-OMV_1__F507,Sphingolipid-BTSPT-OMV_1,empty,0,0,0,0,0,True,0,0.0
Sphingolipid-BTSPT-OMV_1__F508,Sphingolipid-BTSPT-OMV_1,single,1,0,0,1,1,True,0,0.8244651556015015
Sphingolipid-BTSPT-OMV_1__F509,Sphingolipid-BTSPT-OMV_1,empty,0,0,0,0,0,True,0,0.0
Sphingolipid-BTSPT-OMV_1__F51,Sphingolipid-BTSPT-OMV_1,empty,0,1,0,0,1,False,1,0.0
Sphingolipid-BTSPT-OMV_1__F510,Sphingolipid-BTSPT-OMV_1,empty,0,0,0,0,0,True,0,0.0
Sphingolipid-BTSPT-OMV_1__F511,Sphingolipid-BTSPT-OMV_1,multi,2,1,0,2,3,False,1,0.6832066178321838
Sphingolipid-BTSPT-OMV_1__F512,Sphingolipid-BTSPT-OMV_1,single,1,0,0,1,1,True,0,0.8355118036270142
Sphingolipid-BTSPT-OMV_1__F513,Sphingolipid-BTSPT-OMV_1,single,1,0,0,1,1,True,0,0.9404823184013367
Sphingolipid-BTSPT-OMV_1__F514,Sphingolipid-BTSPT-OMV_1,single,1,0,0,1,1,True,0,0.9220220446586609
Sphingolipid-BTSPT-OMV_1__F515,Sphingolipid-BTSPT-OMV_1,empty,0,0,0,0,0,True,0,0.0
Sphingolipid-BTSPT-OMV_1__F516,Sphingolipid-BTSPT-OMV_1,multi,2,0,0,2,2,True,0,0.9451576471328735
Sphingolipid-BTSPT-OMV_1__F517,Sphingolipid-BTSPT-OMV_1,empty,0,0,0,0,0,True,0,0.0
Sphingolipid-BTSPT-OMV_1__F518,Sphingolipid-BTSPT-OMV_1,empty,0,1,0,0,1,False,1,0.0
Sphingolipid-BTSPT-OMV_1__F519,Sphingolipid-BTSPT-OMV_1,single,1,0,0,1,1,True,0,0.8525198101997375
Sphingolipid-BTSPT-OMV_1__F52,Sphingolipid-BTSPT-OMV_1,multi,1,0,1,2,1,False,1,0.8553377389907837
Sphingolipid-BTSPT-OMV_1__F520,Sphingolipid-BTSPT-OMV_1,empty,0,0,0,0,0,True,0,0.0
Sphingolipid-BTSPT-OMV_1__F521,Sphingolipid-BTSPT-OMV_1,empty,0,0,0,0,0,True,0,0.0
Sphingolipid-BTSPT-OMV_1__F522,Sphingolipid-BTSPT-OMV_1,empty,0,1,0,0,1,False,1,0.0
Sphingolipid-BTSPT-OMV_1__F523,Sphingolipid-BTSPT-OMV_1,empty,0,0,0,0,0,True,0,0.0
Sphingolipid-BTSPT-OMV_1__F524,Sphingolipid-BTSPT-OMV_1,multi,1,0,1,2,1,False,1,0.6064040660858154
Sphingolipid-BTSPT-OMV_1__F525,Sphingolipid-BTSPT-OMV_1,single,1,0,0,1,1,True,0,0.7267255783081055
Sphingolipid-BTSPT-OMV_1__F526,Sphingolipid-BTSPT-OMV_1,empty,0,1,0,0,1,False,1,0.0
Sphingolipid-BTSPT-OMV_1__F527,Sphingolipid-BTSPT-OMV_1,empty,0,1,0,0,1,False,1,0.0
Sphingolipid-BTSPT-OMV_1__F528,Sphingolipid-BTSPT-OMV_1,multi,2,0,0,2,2,True,0,0.9075115919113159
Sphingolipid-BTSPT-OMV_1__F529,Sphingolipid-BTSPT-OMV_1,single,1,0,0,1,1,True,0,0.6527808308601379
Sphingolipid-BTSPT-OMV_1__F53,Sphingolipid-BTSPT-OMV_1,empty,0,1,0,0,1,False,1,0.0
Sphingolipid-BTSPT-OMV_1__F530,Sphingolipid-BTSPT-OMV_1,empty,0,1,0,0,1,False,1,0.0
Sphingolipid-BTSPT-OMV_1__F531,Sphingolipid-BTSPT-OMV_1,single,1,0,0,1,1,True,0,0.8106734752655029
Sphingolipid-BTSPT-OMV_1__F532,Sphingolipid-BTSPT-OMV_1,single,1,0,0,1,1,True,0,0.8482741117477417
Sphingolipid-BTSPT-OMV_1__F533,Sphingolipid-BTSPT-OMV_1,multi,2,0,0,2,2,True,0,0.8453538119792938
Sphingolipid-BTSPT-OMV_1__F534,Sphingolipid-BTSPT-OMV_1,multi,2,0,0,2,2,True,0,0.864894688129425
Sphingolipid-BTSPT-OMV_1__F535,Sphingolipid-BTSPT-OMV_1,empty,0,0,0,0,0,True,0,0.0
Sphingolipid-BTSPT-OMV_1__F536,Sphingolipid-BTSPT-OMV_1,empty,0,0,0,0,0,True,0,0.0
Sphingolipid-BTSPT-OMV_1__F537,Sphingolipid-BTSPT-OMV_1,empty,0,0,0,0,0,True,0,0.0
Sphingolipid-BTSPT-OMV_1__F538,Sphingolipid-BTSPT-OMV_1,single,1,0,0,1,1,True,0,0.8763478398323059
Sphingolipid-BTSPT-OMV_1__F539,Sphingolipid-BTSPT-OMV_1,empty,0,1,0,0,1,False,1,0.0
Sphingolipid-BTSPT-OMV_1__F540,Sphingolipid-BTSPT-OMV_1,empty,0,1,0,0,1,False,1,0.0
Sphingolipid-BTSPT-OMV_1__F541,Sphingolipid-BTSPT-OMV_1,multi,0,2,2,2,2,True,0,0.0
Sphingolipid-BTSPT-OMV_1__F542,Sphingolipid-BTSPT-OMV_1,empty,0,0,0,0,0,True,0,0.0
Sphingolipid-BTSPT-OMV_1__F543,Sphingolipid-BTSPT-OMV_1,single,1,0,0,1,1,True,0,0.9459072947502136
Sphingolipid-BTSPT-OMV_1__F544,Sphingolipid-BTSPT-OMV_1,single,1,0,0,1,1,True,0,0.8404989838600159
Sphingolipid-BTSPT-OMV_1__F545,Sphingolipid-BTSPT-OMV_1,single,1,0,0,1,1,True,0,0.8352231979370117
Sphingolipid-BTSPT-OMV_1__F546,Sphingolipid-BTSPT-OMV_1,multi,2,0,0,2,2,True,0,0.8666661381721497
Sphingolipid-BTSPT-OMV_1__F547,Sphingolipid-BTSPT-OMV_1,single,1,0,0,1,1,True,0,0.8525683283805847
Sphingolipid-BTSPT-OMV_1__F548,Sphingolipid-BTSPT-OMV_1,single,1,0,0,1,1,True,0,0.7720451354980469
Sphingolipid-BTSPT-OMV_1__F549,Sphingolipid-BTSPT-OMV_1,empty,0,1,0,0,1,False,1,0.0
Sphingolipid-BTSPT-OMV_1__F55,Sphingolipid-BTSPT-OMV_1,empty,0,0,0,0,0,True,0,0.0
Sphingolipid-BTSPT-OMV_1__F550,Sphingolipid-BTSPT-OMV_1,empty,0,0,0,0,0,True,0,0.0
Sphingolipid-BTSPT-OMV_1__F56,Sphingolipid-BTSPT-OMV_1,single,1,0,0,1,1,True,0,0.8832754492759705
Sphingolipid-BTSPT-OMV_1__F57,Sphingolipid-BTSPT-OMV_1,single,1,0,0,1,1,True,0,0.9422478079795837
Sphingolipid-BTSPT-OMV_1__F58,Sphingolipid-BTSPT-OMV_1,empty,0,0,0,0,0,True,0,0.0
Sphingolipid-BTSPT-OMV_1__F59,Sphingolipid-BTSPT-OMV_1,single,1,0,0,1,1,True,0,0.9081147313117981
Sphingolipid-BTSPT-OMV_1__F6,Sphingolipid-BTSPT-OMV_1,single,1,0,0,1,1,True,0,0.9473094344139099
Sphingolipid-BTSPT-OMV_1__F60,Sphingolipid-BTSPT-OMV_1,empty,0,1,0,0,1,False,1,0.0
Sphingolipid-BTSPT-OMV_1__F61,Sphingolipid-BTSPT-OMV_1,empty,0,0,0,0,0,True,0,0.0
Sphingolipid-BTSPT-OMV_1__F62,Sphingolipid-BTSPT-OMV_1,empty,0,0,0,0,0,True,0,0.0
Sphingolipid-BTSPT-OMV_1__F63,Sphingolipid-BTSPT-OMV_1,empty,0,0,0,0,0,True,0,0.0
Sphingolipid-BTSPT-OMV_1__F64,Sphingolipid-BTSPT-OMV_1,empty,0,0,0,0,0,True,0,0.0
Sphingolipid-BTSPT-OMV_1__F65,Sphingolipid-BTSPT-OMV_1,multi,2,0,0,2,2,True,0,0.8781695067882538
Sphingolipid-BTSPT-OMV_1__F66,Sphingolipid-BTSPT-OMV_1,empty,0,1,0,0,1,False,1,0.0
Sphingolipid-BTSPT-OMV_1__F67,Sphingolipid-BTSPT-OMV_1,empty,0,0,0,0,0,True,0,0.0
Sphingolipid-BTSPT-OMV_1__F68,Sphingolipid-BTSPT-OMV_1,empty,0,1,0,0,1,False,1,0.0
Sphingolipid-BTSPT-OMV_1__F69,Sphingolipid-BTSPT-OMV_1,single,1,0,0,1,1,True,0,0.7435587644577026
Sphingolipid-BTSPT-OMV_1__F7,Sphingolipid-BTSPT-OMV_1,single,1,0,0,1,1,True,0,0.9379372596740723
Sphingolipid-BTSPT-OMV_1__F70,Sphingolipid-BTSPT-OMV_1,single,1,0,0,1,1,True,0,0.9066503047943115
Sphingolipid-BTSPT-OMV_1__F71,Sphingolipid-BTSPT-OMV_1,empty,0,1,0,0,1,False,1,0.0
Sphingolipid-BTSPT-OMV_1__F72,Sphingolipid-BTSPT-OMV_1,empty,0,0,0,0,0,True,0,0.0
Sphingolipid-BTSPT-OMV_1__F73,Sphingolipid-BTSPT-OMV_1,empty,0,1,0,0,1,False,1,0.0
Sphingolipid-BTSPT-OMV_1__F74,Sphingolipid-BTSPT-OMV_1,multi,2,0,0,2,2,True,0,0.7329526841640472
Sphingolipid-BTSPT-OMV_1__F75,Sphingolipid-BTSPT-OMV_1,single,1,0,0,1,1,True,0,0.9601463675498962
Sphingolipid-BTSPT-OMV_1__F76,Sphingolipid-BTSPT-OMV_1,multi,1,0,1,2,1,False,1,0.9161055088043213
Sphingolipid-BTSPT-OMV_1__F78,Sphingolipid-BTSPT-OMV_1,empty,0,0,0,0,0,True,0,0.0
Sphingolipid-BTSPT-OMV_1__F79,Sphingolipid-BTSPT-OMV_1,empty,0,0,0,0,0,True,0,0.0
Sphingolipid-BTSPT-OMV_1__F8,Sphingolipid-BTSPT-OMV_1,single,1,0,0,1,1,True,0,0.8748856782913208
Sphingolipid-BTSPT-OMV_1__F80,Sphingolipid-BTSPT-OMV_1,empty,0,0,0,0,0,True,0,0.0
Sphingolipid-BTSPT-OMV_1__F81,Sphingolipid-BTSPT-OMV_1,empty,0,1,0,0,1,False,1,0.0
Sphingolipid-BTSPT-OMV_1__F82,Sphingolipid-BTSPT-OMV_1,empty,0,0,0,0,0,True,0,0.0
Sphingolipid-BTSPT-OMV_1__F83,Sphingolipid-BTSPT-OMV_1,single,1,0,0,1,1,True,0,0.6994575262069702
Sphingolipid-BTSPT-OMV_1__F84,Sphingolipid-BTSPT-OMV_1,multi,4,0,0,4,4,True,0,0.8737746030092239
Sphingolipid-BTSPT-OMV_1__F85,Sphingolipid-BTSPT-OMV_1,single,1,0,0,1,1,True,0,0.8836915493011475
Sphingolipid-BTSPT-OMV_1__F86,Sphingolipid-BTSPT-OMV_1,single,1,0,0,1,1,True,0,0.9366700649261475
Sphingolipid-BTSPT-OMV_1__F87,Sphingolipid-BTSPT-OMV_1,empty,0,0,0,0,0,True,0,0.0
Sphingolipid-BTSPT-OMV_1__F88,Sphingolipid-BTSPT-OMV_1,single,1,0,0,1,1,True,0,0.8183414936065674
Sphingolipid-BTSPT-OMV_1__F89,Sphingolipid-BTSPT-OMV_1,single,1,0,0,1,1,True,0,0.8194532990455627
Sphingolipid-BTSPT-OMV_1__F9,Sphingolipid-BTSPT-OMV_1,single,1,0,0,1,1,True,0,0.7821105718612671
Sphingolipid-BTSPT-OMV_1__F90,Sphingolipid-BTSPT-OMV_1,single,1,0,0,1,1,True,0,0.907216489315033
Sphingolipid-BTSPT-OMV_1__F91,Sphingolipid-BTSPT-OMV_1,single,1,0,0,1,1,True,0,0.9096226096153259
Sphingolipid-BTSPT-OMV_1__F92,Sphingolipid-BTSPT-OMV_1,single,1,0,0,1,1,True,0,0.7966552376747131
Sphingolipid-BTSPT-OMV_1__F93,Sphingolipid-BTSPT-OMV_1,single,0,1,1,1,1,True,0,0.0
Sphingolipid-BTSPT-OMV_1__F94,Sphingolipid-BTSPT-OMV_1,empty,0,1,0,0,1,False,1,0.0
Sphingolipid-BTSPT-OMV_1__F95,Sphingolipid-BTSPT-OMV_1,multi,0,1,2,2,1,False,1,0.0
Sphingolipid-BTSPT-OMV_1__F96,Sphingolipid-BTSPT-OMV_1,empty,0,1,0,0,1,False,1,0.0
Sphingolipid-BTSPT-OMV_1__F97,Sphingolipid-BTSPT-OMV_1,single,1,0,0,1,1,True,0,0.9572228193283081
Sphingolipid-BTSPT-OMV_1__F98,Sphingolipid-BTSPT-OMV_1,empty,0,0,0,0,0,True,0,0.0
Sphingolipid-BTSPT-OMV_1__F99,Sphingolipid-BTSPT-OMV_1,multi,0,1,2,2,1,False,1,0.0
Sphingolipid-BTWT-Cell-pellet_1__F1,Sphingolipid-BTWT-Cell-pellet_1,single,1,0,0,1,1,True,0,0.9575678706169128
Sphingolipid-BTWT-Cell-pellet_1__F10,Sphingolipid-BTWT-Cell-pellet_1,single,1,0,0,1,1,True,0,0.9151584506034851
Sphingolipid-BTWT-Cell-pellet_1__F100,Sphingolipid-BTWT-Cell-pellet_1,single,1,0,0,1,1,True,0,0.8419870138168335
Sphingolipid-BTWT-Cell-pellet_1__F101,Sphingolipid-BTWT-Cell-pellet_1,single,0,1,1,1,1,True,0,0.0
Sphingolipid-BTWT-Cell-pellet_1__F102,Sphingolipid-BTWT-Cell-pellet_1,empty,0,0,0,0,0,True,0,0.0
Sphingolipid-BTWT-Cell-pellet_1__F103,Sphingolipid-BTWT-Cell-pellet_1,multi,1,0,1,2,1,False,1,0.5069012641906738
Sphingolipid-BTWT-Cell-pellet_1__F104,Sphingolipid-BTWT-Cell-pellet_1,single,1,0,0,1,1,True,0,0.9694933295249939
Sphingolipid-BTWT-Cell-pellet_1__F105,Sphingolipid-BTWT-Cell-pellet_1,single,1,0,0,1,1,True,0,0.9734510779380798
Sphingolipid-BTWT-Cell-pellet_1__F106,Sphingolipid-BTWT-Cell-pellet_1,empty,0,0,0,0,0,True,0,0.0
Sphingolipid-BTWT-Cell-pellet_1__F107,Sphingolipid-BTWT-Cell-pellet_1,empty,0,0,0,0,0,True,0,0.0
Sphingolipid-BTWT-Cell-pellet_1__F108,Sphingolipid-BTWT-Cell-pellet_1,empty,0,0,0,0,0,True,0,0.0
Sphingolipid-BTWT-Cell-pellet_1__F109,Sphingolipid-BTWT-Cell-pellet_1,single,1,0,0,1,1,True,0,0.9750138521194458
Sphingolipid-BTWT-Cell-pellet_1__F11,Sphingolipid-BTWT-Cell-pellet_1,multi,2,0,1,3,2,False,1,0.6861358880996704
Sphingolipid-BTWT-Cell-pellet_1__F110,Sphingolipid-BTWT-Cell-pellet_1,single,1,0,0,1,1,True,0,0.7324923276901245
Sphingolipid-BTWT-Cell-pellet_1__F111,Sphingolipid-BTWT-Cell-pellet_1,single,1,0,0,1,1,True,0,0.8202345371246338
Sphingolipid-BTWT-Cell-pellet_1__F112,Sphingolipid-BTWT-Cell-pellet_1,single,0,0,1,1,0,False,1,0.0
Sphingolipid-BTWT-Cell-pellet_1__F113,Sphingolipid-BTWT-Cell-pellet_1,single,1,0,0,1,1,True,0,0.8353879451751709
Sphingolipid-BTWT-Cell-pellet_1__F114,Sphingolipid-BTWT-Cell-pellet_1,single,1,0,0,1,1,True,0,0.8330126404762268
Sphingolipid-BTWT-Cell-pellet_1__F115,Sphingolipid-BTWT-Cell-pellet_1,single,1,0,0,1,1,True,0,0.9332107901573181
Sphingolipid-BTWT-Cell-pellet_1__F116,Sphingolipid-BTWT-Cell-pellet_1,multi,2,0,0,2,2,True,0,0.9372712969779968
Sphingolipid-BTWT-Cell-pellet_1__F117,Sphingolipid-BTWT-Cell-pellet_1,empty,0,0,0,0,0,True,0,0.0
Sphingolipid-BTWT-Cell-pellet_1__F118,Sphingolipid-BTWT-Cell-pellet_1,single,1,0,0,1,1,True,0,0.7689369320869446
Sphingolipid-BTWT-Cell-pellet_1__F119,Sphingolipid-BTWT-Cell-pellet_1,multi,2,0,0,2,2,True,0,0.8826797902584076
Sphingolipid-BTWT-Cell-pellet_1__F12,Sphingolipid-BTWT-Cell-pellet_1,single,1,0,0,1,1,True,0,0.9429501891136169
Sphingolipid-BTWT-Cell-pellet_1__F120,Sphingolipid-BTWT-Cell-pellet_1,single,0,1,1,1,1,True,0,0.0
Sphingolipid-BTWT-Cell-pellet_1__F121,Sphingolipid-BTWT-Cell-pellet_1,multi,2,0,0,2,2,True,0,0.8945603966712952
Sphingolipid-BTWT-Cell-pellet_1__F122,Sphingolipid-BTWT-Cell-pellet_1,single,1,0,0,1,1,True,0,0.7017984390258789
Sphingolipid-BTWT-Cell-pellet_1__F123,Sphingolipid-BTWT-Cell-pellet_1,empty,0,0,0,0,0,True,0,0.0
Sphingolipid-BTWT-Cell-pellet_1__F124,Sphingolipid-BTWT-Cell-pellet_1,single,1,0,0,1,1,True,0,0.9469882845878601
Sphingolipid-BTWT-Cell-pellet_1__F125,Sphingolipid-BTWT-Cell-pellet_1,empty,0,0,0,0,0,True,0,0.0
Sphingolipid-BTWT-Cell-pellet_1__F126,Sphingolipid-BTWT-Cell-pellet_1,single,1,0,0,1,1,True,0,0.7541443705558777
Sphingolipid-BTWT-Cell-pellet_1__F127,Sphingolipid-BTWT-Cell-pellet_1,single,1,0,0,1,1,True,0,0.9578508138656616
Sphingolipid-BTWT-Cell-pellet_1__F128,Sphingolipid-BTWT-Cell-pellet_1,empty,0,0,0,0,0,True,0,0.0
Sphingolipid-BTWT-Cell-pellet_1__F129,Sphingolipid-BTWT-Cell-pellet_1,single,1,0,0,1,1,True,0,0.7994676232337952
Sphingolipid-BTWT-Cell-pellet_1__F130,Sphingolipid-BTWT-Cell-pellet_1,single,1,0,0,1,1,True,0,0.954243004322052
Sphingolipid-BTWT-Cell-pellet_1__F131,Sphingolipid-BTWT-Cell-pellet_1,single,1,0,0,1,1,True,0,0.8287969827651978
Sphingolipid-BTWT-Cell-pellet_1__F132,Sphingolipid-BTWT-Cell-pellet_1,empty,0,0,0,0,0,True,0,0.0
Sphingolipid-BTWT-Cell-pellet_1__F133,Sphingolipid-BTWT-Cell-pellet_1,single,1,0,0,1,1,True,0,0.5648757219314575
Sphingolipid-BTWT-Cell-pellet_1__F134,Sphingolipid-BTWT-Cell-pellet_1,multi,0,1,2,2,1,False,1,0.0
Sphingolipid-BTWT-Cell-pellet_1__F135,Sphingolipid-BTWT-Cell-pellet_1,single,1,0,0,1,1,True,0,0.8788090348243713
Sphingolipid-BTWT-Cell-pellet_1__F136,Sphingolipid-BTWT-Cell-pellet_1,empty,0,0,0,0,0,True,0,0.0
Sphingolipid-BTWT-Cell-pellet_1__F137,Sphingolipid-BTWT-Cell-pellet_1,single,1,0,0,1,1,True,0,0.874241292476654
Sphingolipid-BTWT-Cell-pellet_1__F138,Sphingolipid-BTWT-Cell-pellet_1,single,1,0,0,1,1,True,0,0.8890885710716248
Sphingolipid-BTWT-Cell-pellet_1__F139,Sphingolipid-BTWT-Cell-pellet_1,empty,0,0,0,0,0,True,0,0.0
Sphingolipid-BTWT-Cell-pellet_1__F14,Sphingolipid-BTWT-Cell-pellet_1,empty,0,0,0,0,0,True,0,0.0
Sphingolipid-BTWT-Cell-pellet_1__F140,Sphingolipid-BTWT-Cell-pellet_1,single,0,0,1,1,0,False,1,0.0
Sphingolipid-BTWT-Cell-pellet_1__F141,Sphingolipid-BTWT-Cell-pellet_1,single,0,1,1,1,1,True,0,0.0
Sphingolipid-BTWT-Cell-pellet_1__F142,Sphingolipid-BTWT-Cell-pellet_1,multi,1,0,1,2,1,False,1,0.5465062260627747
Sphingolipid-BTWT-Cell-pellet_1__F143,Sphingolipid-BTWT-Cell-pellet_1,empty,0,0,0,0,0,True,0,0.0
Sphingolipid-BTWT-Cell-pellet_1__F144,Sphingolipid-BTWT-Cell-pellet_1,single,1,0,0,1,1,True,0,0.8718264698982239
Sphingolipid-BTWT-Cell-pellet_1__F145,Sphingolipid-BTWT-Cell-pellet_1,single,1,0,0,1,1,True,0,0.8922834396362305
Sphingolipid-BTWT-Cell-pellet_1__F146,Sphingolipid-BTWT-Cell-pellet_1,single,1,0,0,1,1,True,0,0.9307977557182312
Sphingolipid-BTWT-Cell-pellet_1__F147,Sphingolipid-BTWT-Cell-pellet_1,single,1,0,0,1,1,True,0,0.6678274869918823
Sphingolipid-BTWT-Cell-pellet_1__F148,Sphingolipid-BTWT-Cell-pellet_1,empty,0,0,0,0,0,True,0,0.0
Sphingolipid-BTWT-Cell-pellet_1__F149,Sphingolipid-BTWT-Cell-pellet_1,empty,0,0,0,0,0,True,0,0.0
Sphingolipid-BTWT-Cell-pellet_1__F15,Sphingolipid-BTWT-Cell-pellet_1,single,1,0,0,1,1,True,0,0.7554396986961365
Sphingolipid-BTWT-Cell-pellet_1__F150,Sphingolipid-BTWT-Cell-pellet_1,empty,0,0,0,0,0,True,0,0.0
Sphingolipid-BTWT-Cell-pellet_1__F151,Sphingolipid-BTWT-Cell-pellet_1,single,1,0,0,1,1,True,0,0.936098039150238
Sphingolipid-BTWT-Cell-pellet_1__F152,Sphingolipid-BTWT-Cell-pellet_1,single,1,0,0,1,1,True,0,0.881676435470581
Sphingolipid-BTWT-Cell-pellet_1__F153,Sphingolipid-BTWT-Cell-pellet_1,single,1,0,0,1,1,True,0,0.8800159096717834
Sphingolipid-BTWT-Cell-pellet_1__F154,Sphingolipid-BTWT-Cell-pellet_1,multi,0,1,4,4,1,False,3,0.0
Sphingolipid-BTWT-Cell-pellet_1__F155,Sphingolipid-BTWT-Cell-pellet_1,single,1,0,0,1,1,True,0,0.8859980702400208
Sphingolipid-BTWT-Cell-pellet_1__F156,Sphingolipid-BTWT-Cell-pellet_1,multi,2,0,0,2,2,True,0,0.9263072609901428
Sphingolipid-BTWT-Cell-pellet_1__F157,Sphingolipid-BTWT-Cell-pellet_1,single,1,0,0,1,1,True,0,0.9521400928497314
Sphingolipid-BTWT-Cell-pellet_1__F158,Sphingolipid-BTWT-Cell-pellet_1,empty,0,0,0,0,0,True,0,0.0
Sphingolipid-BTWT-Cell-pellet_1__F159,Sphingolipid-BTWT-Cell-pellet_1,single,1,0,0,1,1,True,0,0.9672160744667053
Sphingolipid-BTWT-Cell-pellet_1__F16,Sphingolipid-BTWT-Cell-pellet_1,empty,0,0,0,0,0,True,0,0.0
Sphingolipid-BTWT-Cell-pellet_1__F160,Sphingolipid-BTWT-Cell-pellet_1,single,1,0,0,1,1,True,0,0.9628755450248718
Sphingolipid-BTWT-Cell-pellet_1__F162,Sphingolipid-BTWT-Cell-pellet_1,single,1,0,0,1,1,True,0,0.8743785619735718
Sphingolipid-BTWT-Cell-pellet_1__F163,Sphingolipid-BTWT-Cell-pellet_1,empty,0,0,0,0,0,True,0,0.0
Sphingolipid-BTWT-Cell-pellet_1__F164,Sphingolipid-BTWT-Cell-pellet_1,single,1,0,0,1,1,True,0,0.8006874322891235
Sphingolipid-BTWT-Cell-pellet_1__F166,Sphingolipid-BTWT-Cell-pellet_1,multi,2,0,0,2,2,True,0,0.7033168375492096
Sphingolipid-BTWT-Cell-pellet_1__F167,Sphingolipid-BTWT-Cell-pellet_1,empty,0,0,0,0,0,True,0,0.0
Sphingolipid-BTWT-Cell-pellet_1__F168,Sphingolipid-BTWT-Cell-pellet_1,single,1,0,0,1,1,True,0,0.9085272550582886
Sphingolipid-BTWT-Cell-pellet_1__F169,Sphingolipid-BTWT-Cell-pellet_1,empty,0,0,0,0,0,True,0,0.0
Sphingolipid-BTWT-Cell-pellet_1__F170,Sphingolipid-BTWT-Cell-pellet_1,empty,0,0,0,0,0,True,0,0.0
Sphingolipid-BTWT-Cell-pellet_1__F171,Sphingolipid-BTWT-Cell-pellet_1,multi,1,0,1,2,1,False,1,0.9227972030639648
Sphingolipid-BTWT-Cell-pellet_1__F172,Sphingolipid-BTWT-Cell-pellet_1,empty,0,0,0,0,0,True,0,0.0
Sphingolipid-BTWT-Cell-pellet_1__F173,Sphingolipid-BTWT-Cell-pellet_1,single,1,0,0,1,1,True,0,0.9165197610855103
Sphingolipid-BTWT-Cell-pellet_1__F174,Sphingolipid-BTWT-Cell-pellet_1,multi,1,1,2,3,2,False,1,0.5587099194526672
Sphingolipid-BTWT-Cell-pellet_1__F175,Sphingolipid-BTWT-Cell-pellet_1,single,1,0,0,1,1,True,0,0.826741099357605
Sphingolipid-BTWT-Cell-pellet_1__F176,Sphingolipid-BTWT-Cell-pellet_1,empty,0,1,0,0,1,False,1,0.0
Sphingolipid-BTWT-Cell-pellet_1__F177,Sphingolipid-BTWT-Cell-pellet_1,empty,0,0,0,0,0,True,0,0.0
Sphingolipid-BTWT-Cell-pellet_1__F178,Sphingolipid-BTWT-Cell-pellet_1,empty,0,0,0,0,0,True,0,0.0
Sphingolipid-BTWT-Cell-pellet_1__F179,Sphingolipid-BTWT-Cell-pellet_1,empty,0,0,0,0,0,True,0,0.0
Sphingolipid-BTWT-Cell-pellet_1__F18,Sphingolipid-BTWT-Cell-pellet_1,single,0,1,1,1,1,True,0,0.0
Sphingolipid-BTWT-Cell-pellet_1__F180,Sphingolipid-BTWT-Cell-pellet_1,empty,0,0,0,0,0,True,0,0.0
Sphingolipid-BTWT-Cell-pellet_1__F181,Sphingolipid-BTWT-Cell-pellet_1,single,1,0,0,1,1,True,0,0.8149086833000183
Sphingolipid-BTWT-Cell-pellet_1__F182,Sphingolipid-BTWT-Cell-pellet_1,multi,1,0,1,2,1,False,1,0.8948231339454651
Sphingolipid-BTWT-Cell-pellet_1__F183,Sphingolipid-BTWT-Cell-pellet_1,single,1,0,0,1,1,True,0,0.8667839765548706
Sphingolipid-BTWT-Cell-pellet_1__F184,Sphingolipid-BTWT-Cell-pellet_1,empty,0,0,0,0,0,True,0,0.0
Sphingolipid-BTWT-Cell-pellet_1__F185,Sphingolipid-BTWT-Cell-pellet_1,single,1,0,0,1,1,True,0,0.9625331163406372
Sphingolipid-BTWT-Cell-pellet_1__F186,Sphingolipid-BTWT-Cell-pellet_1,single,1,0,0,1,1,True,0,0.7992298603057861
Sphingolipid-BTWT-Cell-pellet_1__F187,Sphingolipid-BTWT-Cell-pellet_1,multi,1,0,1,2,1,False,1,0.5100402235984802
Sphingolipid-BTWT-Cell-pellet_1__F188,Sphingolipid-BTWT-Cell-pellet_1,single,0,1,1,1,1,True,0,0.0
Sphingolipid-BTWT-Cell-pellet_1__F189,Sphingolipid-BTWT-Cell-pellet_1,multi,1,0,1,2,1,False,1,0.8150103092193604
Sphingolipid-BTWT-Cell-pellet_1__F19,Sphingolipid-BTWT-Cell-pellet_1,single,1,0,0,1,1,True,0,0.7026434540748596
Sphingolipid-BTWT-Cell-pellet_1__F190,Sphingolipid-BTWT-Cell-pellet_1,single,1,0,0,1,1,True,0,0.9474377632141113
Sphingolipid-BTWT-Cell-pellet_1__F191,Sphingolipid-BTWT-Cell-pellet_1,single,1,0,0,1,1,True,0,0.9243406057357788
Sphingolipid-BTWT-Cell-pellet_1__F192,Sphingolipid-BTWT-Cell-pellet_1,single,1,0,0,1,1,True,0,0.761288046836853
Sphingolipid-BTWT-Cell-pellet_1__F193,Sphingolipid-BTWT-Cell-pellet_1,single,1,0,0,1,1,True,0,0.9290843605995178
Sphingolipid-BTWT-Cell-pellet_1__F194,Sphingolipid-BTWT-Cell-pellet_1,single,1,0,0,1,1,True,0,0.8973454833030701
Sphingolipid-BTWT-Cell-pellet_1__F195,Sphingolipid-BTWT-Cell-pellet_1,single,1,0,0,1,1,True,0,0.862993061542511
Sphingolipid-BTWT-Cell-pellet_1__F196,Sphingolipid-BTWT-Cell-pellet_1,multi,2,0,2,4,2,False,2,0.9424340724945068
Sphingolipid-BTWT-Cell-pellet_1__F197,Sphingolipid-BTWT-Cell-pellet_1,single,1,0,0,1,1,True,0,0.9295276999473572
Sphingolipid-BTWT-Cell-pellet_1__F198,Sphingolipid-BTWT-Cell-pellet_1,single,1,0,0,1,1,True,0,0.828833818435669
Sphingolipid-BTWT-Cell-pellet_1__F199,Sphingolipid-BTWT-Cell-pellet_1,empty,0,0,0,0,0,True,0,0.0
Sphingolipid-BTWT-Cell-pellet_1__F2,Sphingolipid-BTWT-Cell-pellet_1,single,1,0,0,1,1,True,0,0.7378082275390625
Sphingolipid-BTWT-Cell-pellet_1__F20,Sphingolipid-BTWT-Cell-pellet_1,empty,0,1,0,0,1,False,1,0.0
Sphingolipid-BTWT-Cell-pellet_1__F200,Sphingolipid-BTWT-Cell-pellet_1,empty,0,0,0,0,0,True,0,0.0
Sphingolipid-BTWT-Cell-pellet_1__F201,Sphingolipid-BTWT-Cell-pellet_1,empty,0,0,0,0,0,True,0,0.0
Sphingolipid-BTWT-Cell-pellet_1__F202,Sphingolipid-BTWT-Cell-pellet_1,empty,0,1,0,0,1,False,1,0.0
Sphingolipid-BTWT-Cell-pellet_1__F203,Sphingolipid-BTWT-Cell-pellet_1,multi,2,0,0,2,2,True,0,0.8776265680789948
Sphingolipid-BTWT-Cell-pellet_1__F204,Sphingolipid-BTWT-Cell-pellet_1,single,1,0,0,1,1,True,0,0.5248618721961975
Sphingolipid-BTWT-Cell-pellet_1__F205,Sphingolipid-BTWT-Cell-pellet_1,multi,2,0,0,2,2,True,0,0.8214256763458252
Sphingolipid-BTWT-Cell-pellet_1__F206,Sphingolipid-BTWT-Cell-pellet_1,multi,0,1,2,2,1,False,1,0.0
Sphingolipid-BTWT-Cell-pellet_1__F207,Sphingolipid-BTWT-Cell-pellet_1,single,1,0,0,1,1,True,0,0.8445976972579956
Sphingolipid-BTWT-Cell-pellet_1__F208,Sphingolipid-BTWT-Cell-pellet_1,single,1,0,0,1,1,True,0,0.9190896153450012
Sphingolipid-BTWT-Cell-pellet_1__F209,Sphingolipid-BTWT-Cell-pellet_1,single,1,0,0,1,1,True,0,0.8836202025413513
Sphingolipid-BTWT-Cell-pellet_1__F21,Sphingolipid-BTWT-Cell-pellet_1,single,1,0,0,1,1,True,0,0.9316766262054443
Sphingolipid-BTWT-Cell-pellet_1__F210,Sphingolipid-BTWT-Cell-pellet_1,single,1,0,0,1,1,True,0,0.7675257921218872
Sphingolipid-BTWT-Cell-pellet_1__F211,Sphingolipid-BTWT-Cell-pellet_1,empty,0,0,0,0,0,True,0,0.0
Sphingolipid-BTWT-Cell-pellet_1__F212,Sphingolipid-BTWT-Cell-pellet_1,single,1,0,0,1,1,True,0,0.7076039910316467
Sphingolipid-BTWT-Cell-pellet_1__F213,Sphingolipid-BTWT-Cell-pellet_1,multi,2,0,0,2,2,True,0,0.8960808217525482
Sphingolipid-BTWT-Cell-pellet_1__F214,Sphingolipid-BTWT-Cell-pellet_1,single,1,0,0,1,1,True,0,0.9420705437660217
Sphingolipid-BTWT-Cell-pellet_1__F215,Sphingolipid-BTWT-Cell-pellet_1,empty,0,0,0,0,0,True,0,0.0
Sphingolipid-BTWT-Cell-pellet_1__F216,Sphingolipid-BTWT-Cell-pellet_1,empty,0,0,0,0,0,True,0,0.0
Sphingolipid-BTWT-Cell-pellet_1__F217,Sphingolipid-BTWT-Cell-pellet_1,single,1,0,0,1,1,True,0,0.9091194272041321
Sphingolipid-BTWT-Cell-pellet_1__F218,Sphingolipid-BTWT-Cell-pellet_1,single,1,0,0,1,1,True,0,0.964483916759491
Sphingolipid-BTWT-Cell-pellet_1__F219,Sphingolipid-BTWT-Cell-pellet_1,single,1,0,0,1,1,True,0,0.8863077163696289
Sphingolipid-BTWT-Cell-pellet_1__F22,Sphingolipid-BTWT-Cell-pellet_1,single,1,0,0,1,1,True,0,0.9209744930267334
Sphingolipid-BTWT-Cell-pellet_1__F220,Sphingolipid-BTWT-Cell-pellet_1,multi,1,0,1,2,1,False,1,0.6586229801177979
Sphingolipid-BTWT-Cell-pellet_1__F221,Sphingolipid-BTWT-Cell-pellet_1,single,1,0,0,1,1,True,0,0.9511713981628418
Sphingolipid-BTWT-Cell-pellet_1__F222,Sphingolipid-BTWT-Cell-pellet_1,empty,0,0,0,0,0,True,0,0.0
Sphingolipid-BTWT-Cell-pellet_1__F223,Sphingolipid-BTWT-Cell-pellet_1,single,1,0,0,1,1,True,0,0.9506612420082092
Sphingolipid-BTWT-Cell-pellet_1__F224,Sphingolipid-BTWT-Cell-pellet_1,single,1,0,0,1,1,True,0,0.7787958979606628
Sphingolipid-BTWT-Cell-pellet_1__F225,Sphingolipid-BTWT-Cell-pellet_1,single,1,1,0,1,2,False,1,0.8784282207489014
Sphingolipid-BTWT-Cell-pellet_1__F226,Sphingolipid-BTWT-Cell-pellet_1,single,1,0,0,1,1,True,0,0.8755752444267273
Sphingolipid-BTWT-Cell-pellet_1__F227,Sphingolipid-BTWT-Cell-pellet_1,multi,1,1,1,2,2,True,0,0.5881689786911011
Sphingolipid-BTWT-Cell-pellet_1__F228,Sphingolipid-BTWT-Cell-pellet_1,single,1,0,0,1,1,True,0,0.8215711712837219
Sphingolipid-BTWT-Cell-pellet_1__F229,Sphingolipid-BTWT-Cell-pellet_1,single,1,0,0,1,1,True,0,0.858525812625885
Sphingolipid-BTWT-Cell-pellet_1__F23,Sphingolipid-BTWT-Cell-pellet_1,empty,0,0,0,0,0,True,0,0.0
Sphingolipid-BTWT-Cell-pellet_1__F230,Sphingolipid-BTWT-Cell-pellet_1,single,1,0,0,1,1,True,0,0.7883586883544922
Sphingolipid-BTWT-Cell-pellet_1__F231,Sphingolipid-BTWT-Cell-pellet_1,empty,0,0,0,0,0,True,0,0.0
Sphingolipid-BTWT-Cell-pellet_1__F232,Sphingolipid-BTWT-Cell-pellet_1,single,1,0,0,1,1,True,0,0.8598301410675049
Sphingolipid-BTWT-Cell-pellet_1__F233,Sphingolipid-BTWT-Cell-pellet_1,multi,1,1,3,4,2,False,2,0.8501880168914795
Sphingolipid-BTWT-Cell-pellet_1__F234,Sphingolipid-BTWT-Cell-pellet_1,empty,0,0,0,0,0,True,0,0.0
Sphingolipid-BTWT-Cell-pellet_1__F235,Sphingolipid-BTWT-Cell-pellet_1,single,1,0,0,1,1,True,0,0.8530519604682922
Sphingolipid-BTWT-Cell-pellet_1__F236,Sphingolipid-BTWT-Cell-pellet_1,multi,0,0,2,2,0,False,2,0.0
Sphingolipid-BTWT-Cell-pellet_1__F237,Sphingolipid-BTWT-Cell-pellet_1,empty,0,0,0,0,0,True,0,0.0
Sphingolipid-BTWT-Cell-pellet_1__F238,Sphingolipid-BTWT-Cell-pellet_1,single,0,0,1,1,0,False,1,0.0
Sphingolipid-BTWT-Cell-pellet_1__F239,Sphingolipid-BTWT-Cell-pellet_1,single,1,0,0,1,1,True,0,0.8607416152954102
Sphingolipid-BTWT-Cell-pellet_1__F24,Sphingolipid-BTWT-Cell-pellet_1,empty,0,0,0,0,0,True,0,0.0
Sphingolipid-BTWT-Cell-pellet_1__F240,Sphingolipid-BTWT-Cell-pellet_1,single,1,0,0,1,1,True,0,0.8635280728340149
Sphingolipid-BTWT-Cell-pellet_1__F241,Sphingolipid-BTWT-Cell-pellet_1,single,1,1,0,1,2,False,1,0.9066252708435059
Sphingolipid-BTWT-Cell-pellet_1__F242,Sphingolipid-BTWT-Cell-pellet_1,single,1,0,0,1,1,True,0,0.8354616761207581
Sphingolipid-BTWT-Cell-pellet_1__F243,Sphingolipid-BTWT-Cell-pellet_1,single,1,0,0,1,1,True,0,0.9720971584320068
Sphingolipid-BTWT-Cell-pellet_1__F244,Sphingolipid-BTWT-Cell-pellet_1,single,1,0,0,1,1,True,0,0.8691075444221497
Sphingolipid-BTWT-Cell-pellet_1__F245,Sphingolipid-BTWT-Cell-pellet_1,single,1,0,0,1,1,True,0,0.8820124864578247
Sphingolipid-BTWT-Cell-pellet_1__F246,Sphingolipid-BTWT-Cell-pellet_1,empty,0,1,0,0,1,False,1,0.0
Sphingolipid-BTWT-Cell-pellet_1__F247,Sphingolipid-BTWT-Cell-pellet_1,single,1,0,0,1,1,True,0,0.71769118309021
Sphingolipid-BTWT-Cell-pellet_1__F248,Sphingolipid-BTWT-Cell-pellet_1,empty,0,0,0,0,0,True,0,0.0
Sphingolipid-BTWT-Cell-pellet_1__F249,Sphingolipid-BTWT-Cell-pellet_1,multi,2,0,0,2,2,True,0,0.7506116330623627
Sphingolipid-BTWT-Cell-pellet_1__F25,Sphingolipid-BTWT-Cell-pellet_1,empty,0,1,0,0,1,False,1,0.0
Sphingolipid-BTWT-Cell-pellet_1__F250,Sphingolipid-BTWT-Cell-pellet_1,empty,0,0,0,0,0,True,0,0.0
Sphingolipid-BTWT-Cell-pellet_1__F251,Sphingolipid-BTWT-Cell-pellet_1,empty,0,0,0,0,0,True,0,0.0
Sphingolipid-BTWT-Cell-pellet_1__F252,Sphingolipid-BTWT-Cell-pellet_1,empty,0,0,0,0,0,True,0,0.0
Sphingolipid-BTWT-Cell-pellet_1__F253,Sphingolipid-BTWT-Cell-pellet_1,single,1,0,0,1,1,True,0,0.9639983177185059
Sphingolipid-BTWT-Cell-pellet_1__F254,Sphingolipid-BTWT-Cell-pellet_1,multi,0,1,3,3,1,False,2,0.0
Sphingolipid-BTWT-Cell-pellet_1__F255,Sphingolipid-BTWT-Cell-pellet_1,single,1,0,0,1,1,True,0,0.7492585182189941
Sphingolipid-BTWT-Cell-pellet_1__F256,Sphingolipid-BTWT-Cell-pellet_1,single,0,0,1,1,0,False,1,0.0
Sphingolipid-BTWT-Cell-pellet_1__F257,Sphingolipid-BTWT-Cell-pellet_1,single,1,0,0,1,1,True,0,0.7429116368293762
Sphingolipid-BTWT-Cell-pellet_1__F258,Sphingolipid-BTWT-Cell-pellet_1,empty,0,1,0,0,1,False,1,0.0
Sphingolipid-BTWT-Cell-pellet_1__F259,Sphingolipid-BTWT-Cell-pellet_1,multi,2,0,1,3,2,False,1,0.9013976156711578
Sphingolipid-BTWT-Cell-pellet_1__F26,Sphingolipid-BTWT-Cell-pellet_1,single,1,0,0,1,1,True,0,0.824116587638855
Sphingolipid-BTWT-Cell-pellet_1__F260,Sphingolipid-BTWT-Cell-pellet_1,multi,1,0,1,2,1,False,1,0.8160598278045654
Sphingolipid-BTWT-Cell-pellet_1__F261,Sphingolipid-BTWT-Cell-pellet_1,multi,1,0,2,3,1,False,2,0.7631962299346924
Sphingolipid-BTWT-Cell-pellet_1__F262,Sphingolipid-BTWT-Cell-pellet_1,single,1,0,0,1,1,True,0,0.9495395421981812
Sphingolipid-BTWT-Cell-pellet_1__F263,Sphingolipid-BTWT-Cell-pellet_1,single,1,0,0,1,1,True,0,0.8709620237350464
Sphingolipid-BTWT-Cell-pellet_1__F264,Sphingolipid-BTWT-Cell-pellet_1,multi,0,1,3,3,1,False,2,0.0
Sphingolipid-BTWT-Cell-pellet_1__F265,Sphingolipid-BTWT-Cell-pellet_1,empty,0,0,0,0,0,True,0,0.0
Sphingolipid-BTWT-Cell-pellet_1__F266,Sphingolipid-BTWT-Cell-pellet_1,multi,2,0,0,2,2,True,0,0.9249523282051086
Sphingolipid-BTWT-Cell-pellet_1__F267,Sphingolipid-BTWT-Cell-pellet_1,empty,0,0,0,0,0,True,0,0.0
Sphingolipid-BTWT-Cell-pellet_1__F268,Sphingolipid-BTWT-Cell-pellet_1,empty,0,0,0,0,0,True,0,0.0
Sphingolipid-BTWT-Cell-pellet_1__F269,Sphingolipid-BTWT-Cell-pellet_1,single,1,0,0,1,1,True,0,0.8234878778457642
Sphingolipid-BTWT-Cell-pellet_1__F27,Sphingolipid-BTWT-Cell-pellet_1,single,1,0,0,1,1,True,0,0.940128743648529
Sphingolipid-BTWT-Cell-pellet_1__F270,Sphingolipid-BTWT-Cell-pellet_1,single,1,0,0,1,1,True,0,0.9430092573165894
Sphingolipid-BTWT-Cell-pellet_1__F271,Sphingolipid-BTWT-Cell-pellet_1,empty,0,1,0,0,1,False,1,0.0
Sphingolipid-BTWT-Cell-pellet_1__F272,Sphingolipid-BTWT-Cell-pellet_1,multi,1,0,1,2,1,False,1,0.7190578579902649
Sphingolipid-BTWT-Cell-pellet_1__F273,Sphingolipid-BTWT-Cell-pellet_1,single,1,0,0,1,1,True,0,0.818497896194458
Sphingolipid-BTWT-Cell-pellet_1__F274,Sphingolipid-BTWT-Cell-pellet_1,single,1,0,0,1,1,True,0,0.8743026256561279
Sphingolipid-BTWT-Cell-pellet_1__F275,Sphingolipid-BTWT-Cell-pellet_1,single,1,0,0,1,1,True,0,0.83583003282547
Sphingolipid-BTWT-Cell-pellet_1__F276,Sphingolipid-BTWT-Cell-pellet_1,single,1,0,0,1,1,True,0,0.9122801423072815
Sphingolipid-BTWT-Cell-pellet_1__F277,Sphingolipid-BTWT-Cell-pellet_1,empty,0,0,0,0,0,True,0,0.0
Sphingolipid-BTWT-Cell-pellet_1__F278,Sphingolipid-BTWT-Cell-pellet_1,empty,0,0,0,0,0,True,0,0.0
Sphingolipid-BTWT-Cell-pellet_1__F279,Sphingolipid-BTWT-Cell-pellet_1,multi,0,1,3,3,1,False,2,0.0
Sphingolipid-BTWT-Cell-pellet_1__F280,Sphingolipid-BTWT-Cell-pellet_1,single,1,0,0,1,1,True,0,0.9514567255973816
Sphingolipid-BTWT-Cell-pellet_1__F281,Sphingolipid-BTWT-Cell-pellet_1,empty,0,0,0,0,0,True,0,0.0
Sphingolipid-BTWT-Cell-pellet_1__F282,Sphingolipid-BTWT-Cell-pellet_1,single,1,0,0,1,1,True,0,0.9432656764984131
Sphingolipid-BTWT-Cell-pellet_1__F283,Sphingolipid-BTWT-Cell-pellet_1,single,1,0,0,1,1,True,0,0.9366960525512695
Sphingolipid-BTWT-Cell-pellet_1__F284,Sphingolipid-BTWT-Cell-pellet_1,single,1,0,0,1,1,True,0,0.948549211025238
Sphingolipid-BTWT-Cell-pellet_1__F285,Sphingolipid-BTWT-Cell-pellet_1,single,1,0,0,1,1,True,0,0.8224407434463501
Sphingolipid-BTWT-Cell-pellet_1__F286,Sphingolipid-BTWT-Cell-pellet_1,single,1,0,0,1,1,True,0,0.6535515189170837
Sphingolipid-BTWT-Cell-pellet_1__F287,Sphingolipid-BTWT-Cell-pellet_1,single,1,0,0,1,1,True,0,0.848512589931488
Sphingolipid-BTWT-Cell-pellet_1__F288,Sphingolipid-BTWT-Cell-pellet_1,single,1,0,0,1,1,True,0,0.8380352258682251
Sphingolipid-BTWT-Cell-pellet_1__F289,Sphingolipid-BTWT-Cell-pellet_1,single,1,0,0,1,1,True,0,0.6965474486351013
Sphingolipid-BTWT-Cell-pellet_1__F29,Sphingolipid-BTWT-Cell-pellet_1,empty,0,0,0,0,0,True,0,0.0
Sphingolipid-BTWT-Cell-pellet_1__F290,Sphingolipid-BTWT-Cell-pellet_1,empty,0,0,0,0,0,True,0,0.0
Sphingolipid-BTWT-Cell-pellet_1__F291,Sphingolipid-BTWT-Cell-pellet_1,empty,0,0,0,0,0,True,0,0.0
Sphingolipid-BTWT-Cell-pellet_1__F292,Sphingolipid-BTWT-Cell-pellet_1,single,1,0,0,1,1,True,0,0.8016363382339478
Sphingolipid-BTWT-Cell-pellet_1__F293,Sphingolipid-BTWT-Cell-pellet_1,single,1,0,0,1,1,True,0,0.7149706482887268
Sphingolipid-BTWT-Cell-pellet_1__F294,Sphingolipid-BTWT-Cell-pellet_1,multi,1,0,1,2,1,False,1,0.9131839275360107
Sphingolipid-BTWT-Cell-pellet_1__F295,Sphingolipid-BTWT-Cell-pellet_1,single,1,0,0,1,1,True,0,0.9889193177223206
Sphingolipid-BTWT-Cell-pellet_1__F296,Sphingolipid-BTWT-Cell-pellet_1,single,1,0,0,1,1,True,0,0.7627928256988525
Sphingolipid-BTWT-Cell-pellet_1__F297,Sphingolipid-BTWT-Cell-pellet_1,multi,2,0,0,2,2,True,0,0.7018024325370789
Sphingolipid-BTWT-Cell-pellet_1__F298,Sphingolipid-BTWT-Cell-pellet_1,empty,0,0,0,0,0,True,0,0.0
Sphingolipid-BTWT-Cell-pellet_1__F299,Sphingolipid-BTWT-Cell-pellet_1,single,1,0,0,1,1,True,0,0.8694759011268616
Sphingolipid-BTWT-Cell-pellet_1__F3,Sphingolipid-BTWT-Cell-pellet_1,single,0,0,1,1,0,False,1,0.0
Sphingolipid-BTWT-Cell-pellet_1__F30,Sphingolipid-BTWT-Cell-pellet_1,empty,0,0,0,0,0,True,0,0.0
Sphingolipid-BTWT-Cell-pellet_1__F300,Sphingolipid-BTWT-Cell-pellet_1,empty,0,0,0,0,0,True,0,0.0
Sphingolipid-BTWT-Cell-pellet_1__F301,Sphingolipid-BTWT-Cell-pellet_1,single,1,0,0,1,1,True,0,0.8807356357574463
Sphingolipid-BTWT-Cell-pellet_1__F302,Sphingolipid-BTWT-Cell-pellet_1,single,1,0,0,1,1,True,0,0.9258230924606323
Sphingolipid-BTWT-Cell-pellet_1__F303,Sphingolipid-BTWT-Cell-pellet_1,multi,0,4,3,3,4,False,1,0.0
Sphingolipid-BTWT-Cell-pellet_1__F304,Sphingolipid-BTWT-Cell-pellet_1,single,1,0,0,1,1,True,0,0.923481822013855
Sphingolipid-BTWT-Cell-pellet_1__F305,Sphingolipid-BTWT-Cell-pellet_1,empty,0,0,0,0,0,True,0,0.0
Sphingolipid-BTWT-Cell-pellet_1__F306,Sphingolipid-BTWT-Cell-pellet_1,single,1,0,0,1,1,True,0,0.9233133792877197
Sphingolipid-BTWT-Cell-pellet_1__F307,Sphingolipid-BTWT-Cell-pellet_1,single,1,0,0,1,1,True,0,0.7817108035087585
Sphingolipid-BTWT-Cell-pellet_1__F308,Sphingolipid-BTWT-Cell-pellet_1,single,1,0,0,1,1,True,0,0.7042455673217773
Sphingolipid-BTWT-Cell-pellet_1__F309,Sphingolipid-BTWT-Cell-pellet_1,single,1,0,0,1,1,True,0,0.907415509223938
Sphingolipid-BTWT-Cell-pellet_1__F31,Sphingolipid-BTWT-Cell-pellet_1,multi,0,0,2,2,0,False,2,0.0
Sphingolipid-BTWT-Cell-pellet_1__F310,Sphingolipid-BTWT-Cell-pellet_1,empty,0,0,0,0,0,True,0,0.0
Sphingolipid-BTWT-Cell-pellet_1__F311,Sphingolipid-BTWT-Cell-pellet_1,single,1,0,0,1,1,True,0,0.9341499209403992
Sphingolipid-BTWT-Cell-pellet_1__F312,Sphingolipid-BTWT-Cell-pellet_1,single,1,0,0,1,1,True,0,0.9185224175453186
Sphingolipid-BTWT-Cell-pellet_1__F313,Sphingolipid-BTWT-Cell-pellet_1,single,1,0,0,1,1,True,0,0.8999195694923401
Sphingolipid-BTWT-Cell-pellet_1__F314,Sphingolipid-BTWT-Cell-pellet_1,empty,0,0,0,0,0,True,0,0.0
Sphingolipid-BTWT-Cell-pellet_1__F315,Sphingolipid-BTWT-Cell-pellet_1,empty,0,0,0,0,0,True,0,0.0
Sphingolipid-BTWT-Cell-pellet_1__F316,Sphingolipid-BTWT-Cell-pellet_1,single,1,0,0,1,1,True,0,0.9391991496086121
Sphingolipid-BTWT-Cell-pellet_1__F317,Sphingolipid-BTWT-Cell-pellet_1,single,1,0,0,1,1,True,0,0.6095777153968811
Sphingolipid-BTWT-Cell-pellet_1__F318,Sphingolipid-BTWT-Cell-pellet_1,single,1,0,0,1,1,True,0,0.8095343112945557
Sphingolipid-BTWT-Cell-pellet_1__F319,Sphingolipid-BTWT-Cell-pellet_1,empty,0,0,0,0,0,True,0,0.0
Sphingolipid-BTWT-Cell-pellet_1__F32,Sphingolipid-BTWT-Cell-pellet_1,empty,0,1,0,0,1,False,1,0.0
Sphingolipid-BTWT-Cell-pellet_1__F320,Sphingolipid-BTWT-Cell-pellet_1,multi,3,0,0,3,3,True,0,0.6655540863672892
Sphingolipid-BTWT-Cell-pellet_1__F321,Sphingolipid-BTWT-Cell-pellet_1,multi,1,0,1,2,1,False,1,0.629451334476471
Sphingolipid-BTWT-Cell-pellet_1__F322,Sphingolipid-BTWT-Cell-pellet_1,single,1,0,0,1,1,True,0,0.8644728660583496
Sphingolipid-BTWT-Cell-pellet_1__F323,Sphingolipid-BTWT-Cell-pellet_1,single,1,0,0,1,1,True,0,0.9255203604698181
Sphingolipid-BTWT-Cell-pellet_1__F324,Sphingolipid-BTWT-Cell-pellet_1,single,1,1,0,1,2,False,1,0.8100218772888184
Sphingolipid-BTWT-Cell-pellet_1__F325,Sphingolipid-BTWT-Cell-pellet_1,single,1,0,0,1,1,True,0,0.9539060592651367
Sphingolipid-BTWT-Cell-pellet_1__F326,Sphingolipid-BTWT-Cell-pellet_1,empty,0,0,0,0,0,True,0,0.0
Sphingolipid-BTWT-Cell-pellet_1__F327,Sphingolipid-BTWT-Cell-pellet_1,single,1,0,0,1,1,True,0,0.8293349742889404
Sphingolipid-BTWT-Cell-pellet_1__F328,Sphingolipid-BTWT-Cell-pellet_1,single,1,0,0,1,1,True,0,0.7265486717224121
Sphingolipid-BTWT-Cell-pellet_1__F329,Sphingolipid-BTWT-Cell-pellet_1,single,1,0,0,1,1,True,0,0.8719853758811951
Sphingolipid-BTWT-Cell-pellet_1__F33,Sphingolipid-BTWT-Cell-pellet_1,single,1,0,0,1,1,True,0,0.9500366449356079
Sphingolipid-BTWT-Cell-pellet_1__F330,Sphingolipid-BTWT-Cell-pellet_1,empty,0,0,0,0,0,True,0,0.0
Sphingolipid-BTWT-Cell-pellet_1__F331,Sphingolipid-BTWT-Cell-pellet_1,multi,1,0,2,3,1,False,2,0.6886640191078186
Sphingolipid-BTWT-Cell-pellet_1__F332,Sphingolipid-BTWT-Cell-pellet_1,empty,0,1,0,0,1,False,1,0.0
Sphingolipid-BTWT-Cell-pellet_1__F333,Sphingolipid-BTWT-Cell-pellet_1,empty,0,1,0,0,1,False,1,0.0
Sphingolipid-BTWT-Cell-pellet_1__F334,Sphingolipid-BTWT-Cell-pellet_1,empty,0,0,0,0,0,True,0,0.0
Sphingolipid-BTWT-Cell-pellet_1__F335,Sphingolipid-BTWT-Cell-pellet_1,single,1,0,0,1,1,True,0,0.8445881605148315
Sphingolipid-BTWT-Cell-pellet_1__F336,Sphingolipid-BTWT-Cell-pellet_1,single,1,0,0,1,1,True,0,0.8243927359580994
Sphingolipid-BTWT-Cell-pellet_1__F337,Sphingolipid-BTWT-Cell-pellet_1,empty,0,0,0,0,0,True,0,0.0
Sphingolipid-BTWT-Cell-pellet_1__F338,Sphingolipid-BTWT-Cell-pellet_1,multi,2,0,0,2,2,True,0,0.9079955220222473
Sphingolipid-BTWT-Cell-pellet_1__F339,Sphingolipid-BTWT-Cell-pellet_1,empty,0,1,0,0,1,False,1,0.0
Sphingolipid-BTWT-Cell-pellet_1__F34,Sphingolipid-BTWT-Cell-pellet_1,empty,0,0,0,0,0,True,0,0.0
Sphingolipid-BTWT-Cell-pellet_1__F341,Sphingolipid-BTWT-Cell-pellet_1,empty,0,0,0,0,0,True,0,0.0
Sphingolipid-BTWT-Cell-pellet_1__F342,Sphingolipid-BTWT-Cell-pellet_1,empty,0,0,0,0,0,True,0,0.0
Sphingolipid-BTWT-Cell-pellet_1__F343,Sphingolipid-BTWT-Cell-pellet_1,empty,0,2,0,0,2,False,2,0.0
Sphingolipid-BTWT-Cell-pellet_1__F344,Sphingolipid-BTWT-Cell-pellet_1,single,1,0,0,1,1,True,0,0.7054028511047363
Sphingolipid-BTWT-Cell-pellet_1__F345,Sphingolipid-BTWT-Cell-pellet_1,empty,0,0,0,0,0,True,0,0.0
Sphingolipid-BTWT-Cell-pellet_1__F346,Sphingolipid-BTWT-Cell-pellet_1,single,1,0,0,1,1,True,0,0.9572909474372864
Sphingolipid-BTWT-Cell-pellet_1__F347,Sphingolipid-BTWT-Cell-pellet_1,single,1,0,0,1,1,True,0,0.8343327641487122
Sphingolipid-BTWT-Cell-pellet_1__F348,Sphingolipid-BTWT-Cell-pellet_1,empty,0,1,0,0,1,False,1,0.0
Sphingolipid-BTWT-Cell-pellet_1__F349,Sphingolipid-BTWT-Cell-pellet_1,empty,0,0,0,0,0,True,0,0.0
Sphingolipid-BTWT-Cell-pellet_1__F35,Sphingolipid-BTWT-Cell-pellet_1,empty,0,0,0,0,0,True,0,0.0
Sphingolipid-BTWT-Cell-pellet_1__F350,Sphingolipid-BTWT-Cell-pellet_1,single,1,0,0,1,1,True,0,0.8925555348396301
Sphingolipid-BTWT-Cell-pellet_1__F351,Sphingolipid-BTWT-Cell-pellet_1,empty,0,1,0,0,1,False,1,0.0
Sphingolipid-BTWT-Cell-pellet_1__F352,Sphingolipid-BTWT-Cell-pellet_1,multi,2,0,0,2,2,True,0,0.8258949220180511
Sphingolipid-BTWT-Cell-pellet_1__F353,Sphingolipid-BTWT-Cell-pellet_1,single,1,0,0,1,1,True,0,0.8633537888526917
Sphingolipid-BTWT-Cell-pellet_1__F354,Sphingolipid-BTWT-Cell-pellet_1,single,1,0,0,1,1,True,0,0.9302436113357544
Sphingolipid-BTWT-Cell-pellet_1__F355,Sphingolipid-BTWT-Cell-pellet_1,empty,0,1,0,0,1,False,1,0.0
Sphingolipid-BTWT-Cell-pellet_1__F356,Sphingolipid-BTWT-Cell-pellet_1,single,1,0,0,1,1,True,0,0.820782482624054
Sphingolipid-BTWT-Cell-pellet_1__F357,Sphingolipid-BTWT-Cell-pellet_1,empty,0,0,0,0,0,True,0,0.0
Sphingolipid-BTWT-Cell-pellet_1__F358,Sphingolipid-BTWT-Cell-pellet_1,empty,0,0,0,0,0,True,0,0.0
Sphingolipid-BTWT-Cell-pellet_1__F359,Sphingolipid-BTWT-Cell-pellet_1,empty,0,0,0,0,0,True,0,0.0
Sphingolipid-BTWT-Cell-pellet_1__F36,Sphingolipid-BTWT-Cell-pellet_1,empty,0,0,0,0,0,True,0,0.0
Sphingolipid-BTWT-Cell-pellet_1__F360,Sphingolipid-BTWT-Cell-pellet_1,empty,0,0,0,0,0,True,0,0.0
Sphingolipid-BTWT-Cell-pellet_1__F361,Sphingolipid-BTWT-Cell-pellet_1,single,1,0,0,1,1,True,0,0.8732548952102661
Sphingolipid-BTWT-Cell-pellet_1__F362,Sphingolipid-BTWT-Cell-pellet_1,multi,2,0,2,4,2,False,2,0.7668401300907135
Sphingolipid-BTWT-Cell-pellet_1__F363,Sphingolipid-BTWT-Cell-pellet_1,single,1,0,0,1,1,True,0,0.8923174142837524
Sphingolipid-BTWT-Cell-pellet_1__F364,Sphingolipid-BTWT-Cell-pellet_1,empty,0,1,0,0,1,False,1,0.0
Sphingolipid-BTWT-Cell-pellet_1__F365,Sphingolipid-BTWT-Cell-pellet_1,multi,2,0,0,2,2,True,0,0.8320428133010864
Sphingolipid-BTWT-Cell-pellet_1__F366,Sphingolipid-BTWT-Cell-pellet_1,single,1,1,0,1,2,False,1,0.6936382055282593
Sphingolipid-BTWT-Cell-pellet_1__F367,Sphingolipid-BTWT-Cell-pellet_1,empty,0,0,0,0,0,True,0,0.0
Sphingolipid-BTWT-Cell-pellet_1__F368,Sphingolipid-BTWT-Cell-pellet_1,single,1,0,0,1,1,True,0,0.8156545162200928
Sphingolipid-BTWT-Cell-pellet_1__F369,Sphingolipid-BTWT-Cell-pellet_1,single,1,0,0,1,1,True,0,0.8969050645828247
Sphingolipid-BTWT-Cell-pellet_1__F37,Sphingolipid-BTWT-Cell-pellet_1,single,1,0,0,1,1,True,0,0.951317310333252
Sphingolipid-BTWT-Cell-pellet_1__F370,Sphingolipid-BTWT-Cell-pellet_1,multi,2,0,0,2,2,True,0,0.8402312099933624
Sphingolipid-BTWT-Cell-pellet_1__F371,Sphingolipid-BTWT-Cell-pellet_1,multi,1,0,1,2,1,False,1,0.5251673460006714
Sphingolipid-BTWT-Cell-pellet_1__F372,Sphingolipid-BTWT-Cell-pellet_1,empty,0,0,0,0,0,True,0,0.0
Sphingolipid-BTWT-Cell-pellet_1__F373,Sphingolipid-BTWT-Cell-pellet_1,single,1,0,0,1,1,True,0,0.8900285959243774
Sphingolipid-BTWT-Cell-pellet_1__F374,Sphingolipid-BTWT-Cell-pellet_1,single,1,0,0,1,1,True,0,0.8874894380569458
Sphingolipid-BTWT-Cell-pellet_1__F375,Sphingolipid-BTWT-Cell-pellet_1,single,1,0,0,1,1,True,0,0.8054412007331848
Sphingolipid-BTWT-Cell-pellet_1__F376,Sphingolipid-BTWT-Cell-pellet_1,empty,0,0,0,0,0,True,0,0.0
Sphingolipid-BTWT-Cell-pellet_1__F377,Sphingolipid-BTWT-Cell-pellet_1,single,1,0,0,1,1,True,0,0.9621601700782776
Sphingolipid-BTWT-Cell-pellet_1__F378,Sphingolipid-BTWT-Cell-pellet_1,single,1,0,0,1,1,True,0,0.8535582423210144
Sphingolipid-BTWT-Cell-pellet_1__F379,Sphingolipid-BTWT-Cell-pellet_1,multi,1,0,1,2,1,False,1,0.7395174503326416
Sphingolipid-BTWT-Cell-pellet_1__F38,Sphingolipid-BTWT-Cell-pellet_1,empty,0,1,0,0,1,False,1,0.0
Sphingolipid-BTWT-Cell-pellet_1__F380,Sphingolipid-BTWT-Cell-pellet_1,single,1,0,0,1,1,True,0,0.8431342840194702
Sphingolipid-BTWT-Cell-pellet_1__F381,Sphingolipid-BTWT-Cell-pellet_1,single,1,0,0,1,1,True,0,0.9284653663635254
Sphingolipid-BTWT-Cell-pellet_1__F382,Sphingolipid-BTWT-Cell-pellet_1,multi,1,0,1,2,1,False,1,0.5557323694229126
Sphingolipid-BTWT-Cell-pellet_1__F383,Sphingolipid-BTWT-Cell-pellet_1,empty,0,0,0,0,0,True,0,0.0
Sphingolipid-BTWT-Cell-pellet_1__F384,Sphingolipid-BTWT-Cell-pellet_1,empty,0,0,0,0,0,True,0,0.0
Sphingolipid-BTWT-Cell-pellet_1__F385,Sphingolipid-BTWT-Cell-pellet_1,single,1,0,0,1,1,True,0,0.9224588871002197
Sphingolipid-BTWT-Cell-pellet_1__F386,Sphingolipid-BTWT-Cell-pellet_1,single,1,0,0,1,1,True,0,0.9073418378829956
Sphingolipid-BTWT-Cell-pellet_1__F387,Sphingolipid-BTWT-Cell-pellet_1,empty,0,0,0,0,0,True,0,0.0
Sphingolipid-BTWT-Cell-pellet_1__F388,Sphingolipid-BTWT-Cell-pellet_1,single,1,0,0,1,1,True,0,0.6991406679153442
Sphingolipid-BTWT-Cell-pellet_1__F389,Sphingolipid-BTWT-Cell-pellet_1,single,1,0,0,1,1,True,0,0.782511830329895
Sphingolipid-BTWT-Cell-pellet_1__F39,Sphingolipid-BTWT-Cell-pellet_1,single,1,0,0,1,1,True,0,0.6236581802368164
Sphingolipid-BTWT-Cell-pellet_1__F390,Sphingolipid-BTWT-Cell-pellet_1,empty,0,0,0,0,0,True,0,0.0
Sphingolipid-BTWT-Cell-pellet_1__F391,Sphingolipid-BTWT-Cell-pellet_1,single,1,0,0,1,1,True,0,0.8947722911834717
Sphingolipid-BTWT-Cell-pellet_1__F392,Sphingolipid-BTWT-Cell-pellet_1,single,1,0,0,1,1,True,0,0.7948335409164429
Sphingolipid-BTWT-Cell-pellet_1__F393,Sphingolipid-BTWT-Cell-pellet_1,empty,0,0,0,0,0,True,0,0.0
Sphingolipid-BTWT-Cell-pellet_1__F394,Sphingolipid-BTWT-Cell-pellet_1,single,1,0,0,1,1,True,0,0.8594347834587097
Sphingolipid-BTWT-Cell-pellet_1__F395,Sphingolipid-BTWT-Cell-pellet_1,single,1,0,0,1,1,True,0,0.7936109900474548
Sphingolipid-BTWT-Cell-pellet_1__F396,Sphingolipid-BTWT-Cell-pellet_1,single,1,0,0,1,1,True,0,0.8885775804519653
Sphingolipid-BTWT-Cell-pellet_1__F397,Sphingolipid-BTWT-Cell-pellet_1,single,1,0,0,1,1,True,0,0.9200735688209534
Sphingolipid-BTWT-Cell-pellet_1__F398,Sphingolipid-BTWT-Cell-pellet_1,single,1,0,0,1,1,True,0,0.6408558487892151
Sphingolipid-BTWT-Cell-pellet_1__F399,Sphingolipid-BTWT-Cell-pellet_1,single,1,0,0,1,1,True,0,0.8628720641136169
Sphingolipid-BTWT-Cell-pellet_1__F4,Sphingolipid-BTWT-Cell-pellet_1,empty,0,0,0,0,0,True,0,0.0
Sphingolipid-BTWT-Cell-pellet_1__F40,Sphingolipid-BTWT-Cell-pellet_1,single,1,0,0,1,1,True,0,0.808674156665802
Sphingolipid-BTWT-Cell-pellet_1__F400,Sphingolipid-BTWT-Cell-pellet_1,multi,2,0,0,2,2,True,0,0.7386022508144379
Sphingolipid-BTWT-Cell-pellet_1__F401,Sphingolipid-BTWT-Cell-pellet_1,multi,1,0,1,2,1,False,1,0.7163251042366028
Sphingolipid-BTWT-Cell-pellet_1__F402,Sphingolipid-BTWT-Cell-pellet_1,single,1,0,0,1,1,True,0,0.879669189453125
Sphingolipid-BTWT-Cell-pellet_1__F403,Sphingolipid-BTWT-Cell-pellet_1,single,1,0,0,1,1,True,0,0.9057759046554565
Sphingolipid-BTWT-Cell-pellet_1__F404,Sphingolipid-BTWT-Cell-pellet_1,multi,2,0,1,3,2,False,1,0.9059735536575317
Sphingolipid-BTWT-Cell-pellet_1__F405,Sphingolipid-BTWT-Cell-pellet_1,multi,1,1,4,5,2,False,3,0.5329651832580566
Sphingolipid-BTWT-Cell-pellet_1__F406,Sphingolipid-BTWT-Cell-pellet_1,empty,0,0,0,0,0,True,0,0.0
Sphingolipid-BTWT-Cell-pellet_1__F407,Sphingolipid-BTWT-Cell-pellet_1,multi,2,0,2,4,2,False,2,0.7425747215747833
Sphingolipid-BTWT-Cell-pellet_1__F408,Sphingolipid-BTWT-Cell-pellet_1,single,1,0,0,1,1,True,0,0.9184485673904419
Sphingolipid-BTWT-Cell-pellet_1__F409,Sphingolipid-BTWT-Cell-pellet_1,single,1,0,0,1,1,True,0,0.9069423079490662
Sphingolipid-BTWT-Cell-pellet_1__F41,Sphingolipid-BTWT-Cell-pellet_1,multi,2,0,0,2,2,True,0,0.7120098173618317
Sphingolipid-BTWT-Cell-pellet_1__F410,Sphingolipid-BTWT-Cell-pellet_1,empty,0,0,0,0,0,True,0,0.0
Sphingolipid-BTWT-Cell-pellet_1__F411,Sphingolipid-BTWT-Cell-pellet_1,single,1,0,0,1,1,True,0,0.659920871257782
Sphingolipid-BTWT-Cell-pellet_1__F412,Sphingolipid-BTWT-Cell-pellet_1,empty,0,0,0,0,0,True,0,0.0
Sphingolipid-BTWT-Cell-pellet_1__F413,Sphingolipid-BTWT-Cell-pellet_1,single,1,0,0,1,1,True,0,0.9494907259941101
Sphingolipid-BTWT-Cell-pellet_1__F414,Sphingolipid-BTWT-Cell-pellet_1,single,1,0,0,1,1,True,0,0.7808662056922913
Sphingolipid-BTWT-Cell-pellet_1__F415,Sphingolipid-BTWT-Cell-pellet_1,empty,0,0,0,0,0,True,0,0.0
Sphingolipid-BTWT-Cell-pellet_1__F416,Sphingolipid-BTWT-Cell-pellet_1,single,1,0,0,1,1,True,0,0.8422823548316956
Sphingolipid-BTWT-Cell-pellet_1__F417,Sphingolipid-BTWT-Cell-pellet_1,single,1,0,0,1,1,True,0,0.9437440633773804
Sphingolipid-BTWT-Cell-pellet_1__F418,Sphingolipid-BTWT-Cell-pellet_1,multi,2,0,0,2,2,True,0,0.9133641123771667
Sphingolipid-BTWT-Cell-pellet_1__F419,Sphingolipid-BTWT-Cell-pellet_1,single,1,0,0,1,1,True,0,0.9403834939002991
Sphingolipid-BTWT-Cell-pellet_1__F42,Sphingolipid-BTWT-Cell-pellet_1,empty,0,0,0,0,0,True,0,0.0
Sphingolipid-BTWT-Cell-pellet_1__F420,Sphingolipid-BTWT-Cell-pellet_1,single,1,0,0,1,1,True,0,0.9475097060203552
Sphingolipid-BTWT-Cell-pellet_1__F421,Sphingolipid-BTWT-Cell-pellet_1,single,1,0,0,1,1,True,0,0.5361762642860413
Sphingolipid-BTWT-Cell-pellet_1__F422,Sphingolipid-BTWT-Cell-pellet_1,single,1,0,0,1,1,True,0,0.9435557723045349
Sphingolipid-BTWT-Cell-pellet_1__F423,Sphingolipid-BTWT-Cell-pellet_1,multi,1,0,1,2,1,False,1,0.5042955279350281
Sphingolipid-BTWT-Cell-pellet_1__F424,Sphingolipid-BTWT-Cell-pellet_1,single,1,0,0,1,1,True,0,0.9150253534317017
Sphingolipid-BTWT-Cell-pellet_1__F425,Sphingolipid-BTWT-Cell-pellet_1,empty,0,0,0,0,0,True,0,0.0
Sphingolipid-BTWT-Cell-pellet_1__F426,Sphingolipid-BTWT-Cell-pellet_1,single,0,1,1,1,1,True,0,0.0
Sphingolipid-BTWT-Cell-pellet_1__F427,Sphingolipid-BTWT-Cell-pellet_1,single,1,0,0,1,1,True,0,0.7185776829719543
Sphingolipid-BTWT-Cell-pellet_1__F428,Sphingolipid-BTWT-Cell-pellet_1,empty,0,0,0,0,0,True,0,0.0
Sphingolipid-BTWT-Cell-pellet_1__F429,Sphingolipid-BTWT-Cell-pellet_1,single,1,0,0,1,1,True,0,0.9289032220840454
Sphingolipid-BTWT-Cell-pellet_1__F43,Sphingolipid-BTWT-Cell-pellet_1,multi,2,0,0,2,2,True,0,0.8401897549629211
Sphingolipid-BTWT-Cell-pellet_1__F431,Sphingolipid-BTWT-Cell-pellet_1,multi,1,0,1,2,1,False,1,0.9060078859329224
Sphingolipid-BTWT-Cell-pellet_1__F432,Sphingolipid-BTWT-Cell-pellet_1,empty,0,0,0,0,0,True,0,0.0
Sphingolipid-BTWT-Cell-pellet_1__F433,Sphingolipid-BTWT-Cell-pellet_1,empty,0,0,0,0,0,True,0,0.0
Sphingolipid-BTWT-Cell-pellet_1__F434,Sphingolipid-BTWT-Cell-pellet_1,empty,0,0,0,0,0,True,0,0.0
Sphingolipid-BTWT-Cell-pellet_1__F435,Sphingolipid-BTWT-Cell-pellet_1,single,1,0,0,1,1,True,0,0.8677791953086853
Sphingolipid-BTWT-Cell-pellet_1__F436,Sphingolipid-BTWT-Cell-pellet_1,multi,1,1,2,3,2,False,1,0.830778181552887
Sphingolipid-BTWT-Cell-pellet_1__F437,Sphingolipid-BTWT-Cell-pellet_1,multi,1,0,1,2,1,False,1,0.6134985685348511
Sphingolipid-BTWT-Cell-pellet_1__F438,Sphingolipid-BTWT-Cell-pellet_1,empty,0,1,0,0,1,False,1,0.0
Sphingolipid-BTWT-Cell-pellet_1__F439,Sphingolipid-BTWT-Cell-pellet_1,empty,0,0,0,0,0,True,0,0.0
Sphingolipid-BTWT-Cell-pellet_1__F44,Sphingolipid-BTWT-Cell-pellet_1,empty,0,0,0,0,0,True,0,0.0
Sphingolipid-BTWT-Cell-pellet_1__F440,Sphingolipid-BTWT-Cell-pellet_1,single,1,0,0,1,1,True,0,0.8803315758705139
Sphingolipid-BTWT-Cell-pellet_1__F441,Sphingolipid-BTWT-Cell-pellet_1,empty,0,0,0,0,0,True,0,0.0
Sphingolipid-BTWT-Cell-pellet_1__F442,Sphingolipid-BTWT-Cell-pellet_1,empty,0,0,0,0,0,True,0,0.0
Sphingolipid-BTWT-Cell-pellet_1__F443,Sphingolipid-BTWT-Cell-pellet_1,single,1,0,0,1,1,True,0,0.8541405200958252
Sphingolipid-BTWT-Cell-pellet_1__F444,Sphingolipid-BTWT-Cell-pellet_1,empty,0,0,0,0,0,True,0,0.0
Sphingolipid-BTWT-Cell-pellet_1__F445,Sphingolipid-BTWT-Cell-pellet_1,single,1,0,0,1,1,True,0,0.8318619728088379
Sphingolipid-BTWT-Cell-pellet_1__F446,Sphingolipid-BTWT-Cell-pellet_1,single,0,1,1,1,1,True,0,0.0
Sphingolipid-BTWT-Cell-pellet_1__F447,Sphingolipid-BTWT-Cell-pellet_1,empty,0,0,0,0,0,True,0,0.0
Sphingolipid-BTWT-Cell-pellet_1__F448,Sphingolipid-BTWT-Cell-pellet_1,single,1,0,0,1,1,True,0,0.8042768239974976
Sphingolipid-BTWT-Cell-pellet_1__F449,Sphingolipid-BTWT-Cell-pellet_1,single,1,0,0,1,1,True,0,0.9154884219169617
Sphingolipid-BTWT-Cell-pellet_1__F45,Sphingolipid-BTWT-Cell-pellet_1,single,1,0,0,1,1,True,0,0.8083930015563965
Sphingolipid-BTWT-Cell-pellet_1__F450,Sphingolipid-BTWT-Cell-pellet_1,empty,0,0,0,0,0,True,0,0.0
Sphingolipid-BTWT-Cell-pellet_1__F451,Sphingolipid-BTWT-Cell-pellet_1,single,1,0,0,1,1,True,0,0.75567227602005
Sphingolipid-BTWT-Cell-pellet_1__F452,Sphingolipid-BTWT-Cell-pellet_1,single,1,0,0,1,1,True,0,0.8918439149856567
Sphingolipid-BTWT-Cell-pellet_1__F453,Sphingolipid-BTWT-Cell-pellet_1,single,1,0,0,1,1,True,0,0.7580352425575256
Sphingolipid-BTWT-Cell-pellet_1__F454,Sphingolipid-BTWT-Cell-pellet_1,single,1,0,0,1,1,True,0,0.8985337615013123
Sphingolipid-BTWT-Cell-pellet_1__F455,Sphingolipid-BTWT-Cell-pellet_1,empty,0,0,0,0,0,True,0,0.0
Sphingolipid-BTWT-Cell-pellet_1__F456,Sphingolipid-BTWT-Cell-pellet_1,single,1,0,0,1,1,True,0,0.9023385047912598
Sphingolipid-BTWT-Cell-pellet_1__F457,Sphingolipid-BTWT-Cell-pellet_1,empty,0,0,0,0,0,True,0,0.0
Sphingolipid-BTWT-Cell-pellet_1__F458,Sphingolipid-BTWT-Cell-pellet_1,single,1,0,0,1,1,True,0,0.9521973133087158
Sphingolipid-BTWT-Cell-pellet_1__F459,Sphingolipid-BTWT-Cell-pellet_1,empty,0,0,0,0,0,True,0,0.0
Sphingolipid-BTWT-Cell-pellet_1__F46,Sphingolipid-BTWT-Cell-pellet_1,empty,0,0,0,0,0,True,0,0.0
Sphingolipid-BTWT-Cell-pellet_1__F460,Sphingolipid-BTWT-Cell-pellet_1,multi,0,0,2,2,0,False,2,0.0
Sphingolipid-BTWT-Cell-pellet_1__F461,Sphingolipid-BTWT-Cell-pellet_1,empty,0,1,0,0,1,False,1,0.0
Sphingolipid-BTWT-Cell-pellet_1__F462,Sphingolipid-BTWT-Cell-pellet_1,single,1,0,0,1,1,True,0,0.9041023850440979
Sphingolipid-BTWT-Cell-pellet_1__F463,Sphingolipid-BTWT-Cell-pellet_1,single,1,0,0,1,1,True,0,0.9059531092643738
Sphingolipid-BTWT-Cell-pellet_1__F464,Sphingolipid-BTWT-Cell-pellet_1,empty,0,0,0,0,0,True,0,0.0
Sphingolipid-BTWT-Cell-pellet_1__F465,Sphingolipid-BTWT-Cell-pellet_1,empty,0,0,0,0,0,True,0,0.0
Sphingolipid-BTWT-Cell-pellet_1__F466,Sphingolipid-BTWT-Cell-pellet_1,empty,0,1,0,0,1,False,1,0.0
Sphingolipid-BTWT-Cell-pellet_1__F467,Sphingolipid-BTWT-Cell-pellet_1,single,1,0,0,1,1,True,0,0.7242227792739868
Sphingolipid-BTWT-Cell-pellet_1__F468,Sphingolipid-BTWT-Cell-pellet_1,multi,2,0,0,2,2,True,0,0.8434438705444336
Sphingolipid-BTWT-Cell-pellet_1__F469,Sphingolipid-BTWT-Cell-pellet_1,single,1,0,0,1,1,True,0,0.8500938415527344
Sphingolipid-BTWT-Cell-pellet_1__F47,Sphingolipid-BTWT-Cell-pellet_1,single,1,0,0,1,1,True,0,0.848785400390625
Sphingolipid-BTWT-Cell-pellet_1__F470,Sphingolipid-BTWT-Cell-pellet_1,empty,0,0,0,0,0,True,0,0.0
Sphingolipid-BTWT-Cell-pellet_1__F471,Sphingolipid-BTWT-Cell-pellet_1,single,1,0,0,1,1,True,0,0.8246315121650696
Sphingolipid-BTWT-Cell-pellet_1__F472,Sphingolipid-BTWT-Cell-pellet_1,empty,0,0,0,0,0,True,0,0.0
Sphingolipid-BTWT-Cell-pellet_1__F473,Sphingolipid-BTWT-Cell-pellet_1,single,1,0,0,1,1,True,0,0.8541481494903564
Sphingolipid-BTWT-Cell-pellet_1__F474,Sphingolipid-BTWT-Cell-pellet_1,multi,0,0,3,3,0,False,3,0.0
Sphingolipid-BTWT-Cell-pellet_1__F475,Sphingolipid-BTWT-Cell-pellet_1,single,1,0,0,1,1,True,0,0.7556911706924438
Sphingolipid-BTWT-Cell-pellet_1__F476,Sphingolipid-BTWT-Cell-pellet_1,empty,0,0,0,0,0,True,0,0.0
Sphingolipid-BTWT-Cell-pellet_1__F477,Sphingolipid-BTWT-Cell-pellet_1,empty,0,0,0,0,0,True,0,0.0
Sphingolipid-BTWT-Cell-pellet_1__F478,Sphingolipid-BTWT-Cell-pellet_1,single,1,0,0,1,1,True,0,0.6335469484329224
Sphingolipid-BTWT-Cell-pellet_1__F479,Sphingolipid-BTWT-Cell-pellet_1,single,1,0,0,1,1,True,0,0.9107485413551331
Sphingolipid-BTWT-Cell-pellet_1__F48,Sphingolipid-BTWT-Cell-pellet_1,single,1,0,0,1,1,True,0,0.9237099289894104
Sphingolipid-BTWT-Cell-pellet_1__F480,Sphingolipid-BTWT-Cell-pellet_1,single,0,0,1,1,0,False,1,0.0
Sphingolipid-BTWT-Cell-pellet_1__F481,Sphingolipid-BTWT-Cell-pellet_1,empty,0,0,0,0,0,True,0,0.0
Sphingolipid-BTWT-Cell-pellet_1__F482,Sphingolipid-BTWT-Cell-pellet_1,single,1,0,0,1,1,True,0,0.9762151837348938
Sphingolipid-BTWT-Cell-pellet_1__F483,Sphingolipid-BTWT-Cell-pellet_1,single,1,0,0,1,1,True,0,0.8260027170181274
Sphingolipid-BTWT-Cell-pellet_1__F484,Sphingolipid-BTWT-Cell-pellet_1,empty,0,0,0,0,0,True,0,0.0
Sphingolipid-BTWT-Cell-pellet_1__F485,Sphingolipid-BTWT-Cell-pellet_1,single,1,0,0,1,1,True,0,0.8964486122131348
Sphingolipid-BTWT-Cell-pellet_1__F486,Sphingolipid-BTWT-Cell-pellet_1,single,1,0,0,1,1,True,0,0.9420544505119324
Sphingolipid-BTWT-Cell-pellet_1__F487,Sphingolipid-BTWT-Cell-pellet_1,empty,0,0,0,0,0,True,0,0.0
Sphingolipid-BTWT-Cell-pellet_1__F488,Sphingolipid-BTWT-Cell-pellet_1,empty,0,0,0,0,0,True,0,0.0
Sphingolipid-BTWT-Cell-pellet_1__F489,Sphingolipid-BTWT-Cell-pellet_1,empty,0,0,0,0,0,True,0,0.0
Sphingolipid-BTWT-Cell-pellet_1__F49,Sphingolipid-BTWT-Cell-pellet_1,multi,1,0,1,2,1,False,1,0.6943599581718445
Sphingolipid-BTWT-Cell-pellet_1__F490,Sphingolipid-BTWT-Cell-pellet_1,empty,0,0,0,0,0,True,0,0.0
Sphingolipid-BTWT-Cell-pellet_1__F491,Sphingolipid-BTWT-Cell-pellet_1,empty,0,0,0,0,0,True,0,0.0
Sphingolipid-BTWT-Cell-pellet_1__F492,Sphingolipid-BTWT-Cell-pellet_1,single,1,0,0,1,1,True,0,0.9503741264343262
Sphingolipid-BTWT-Cell-pellet_1__F493,Sphingolipid-BTWT-Cell-pellet_1,single,1,0,0,1,1,True,0,0.8746799230575562
Sphingolipid-BTWT-Cell-pellet_1__F494,Sphingolipid-BTWT-Cell-pellet_1,empty,0,2,0,0,2,False,2,0.0
Sphingolipid-BTWT-Cell-pellet_1__F495,Sphingolipid-BTWT-Cell-pellet_1,single,1,0,0,1,1,True,0,0.9507817029953003
Sphingolipid-BTWT-Cell-pellet_1__F496,Sphingolipid-BTWT-Cell-pellet_1,single,1,0,0,1,1,True,0,0.7318524122238159
Sphingolipid-BTWT-Cell-pellet_1__F497,Sphingolipid-BTWT-Cell-pellet_1,single,1,0,0,1,1,True,0,0.9224510192871094
Sphingolipid-BTWT-Cell-pellet_1__F498,Sphingolipid-BTWT-Cell-pellet_1,empty,0,0,0,0,0,True,0,0.0
Sphingolipid-BTWT-Cell-pellet_1__F499,Sphingolipid-BTWT-Cell-pellet_1,single,1,0,0,1,1,True,0,0.8357003927230835
Sphingolipid-BTWT-Cell-pellet_1__F5,Sphingolipid-BTWT-Cell-pellet_1,single,1,0,0,1,1,True,0,0.7984174489974976
Sphingolipid-BTWT-Cell-pellet_1__F50,Sphingolipid-BTWT-Cell-pellet_1,empty,0,0,0,0,0,True,0,0.0
Sphingolipid-BTWT-Cell-pellet_1__F500,Sphingolipid-BTWT-Cell-pellet_1,single,1,0,0,1,1,True,0,0.7197237610816956
Sphingolipid-BTWT-Cell-pellet_1__F501,Sphingolipid-BTWT-Cell-pellet_1,empty,0,0,0,0,0,True,0,0.0
Sphingolipid-BTWT-Cell-pellet_1__F502,Sphingolipid-BTWT-Cell-pellet_1,single,1,0,0,1,1,True,0,0.9330565929412842
Sphingolipid-BTWT-Cell-pellet_1__F503,Sphingolipid-BTWT-Cell-pellet_1,empty,0,0,0,0,0,True,0,0.0
Sphingolipid-BTWT-Cell-pellet_1__F505,Sphingolipid-BTWT-Cell-pellet_1,single,1,0,0,1,1,True,0,0.7857407331466675
Sphingolipid-BTWT-Cell-pellet_1__F506,Sphingolipid-BTWT-Cell-pellet_1,single,1,0,0,1,1,True,0,0.8987908959388733
Sphingolipid-BTWT-Cell-pellet_1__F507,Sphingolipid-BTWT-Cell-pellet_1,multi,2,0,1,3,2,False,1,0.8311880826950073
Sphingolipid-BTWT-Cell-pellet_1__F508,Sphingolipid-BTWT-Cell-pellet_1,single,1,0,0,1,1,True,0,0.8359127640724182
Sphingolipid-BTWT-Cell-pellet_1__F509,Sphingolipid-BTWT-Cell-pellet_1,single,1,0,0,1,1,True,0,0.954397439956665
Sphingolipid-BTWT-Cell-pellet_1__F51,Sphingolipid-BTWT-Cell-pellet_1,single,1,0,0,1,1,True,0,0.9040678143501282
Sphingolipid-BTWT-Cell-pellet_1__F510,Sphingolipid-BTWT-Cell-pellet_1,single,0,0,1,1,0,False,1,0.0
Sphingolipid-BTWT-Cell-pellet_1__F511,Sphingolipid-BTWT-Cell-pellet_1,single,1,0,0,1,1,True,0,0.8030596971511841
Sphingolipid-BTWT-Cell-pellet_1__F512,Sphingolipid-BTWT-Cell-pellet_1,single,1,0,0,1,1,True,0,0.7382851243019104
Sphingolipid-BTWT-Cell-pellet_1__F513,Sphingolipid-BTWT-Cell-pellet_1,single,1,0,0,1,1,True,0,0.9687384366989136
Sphingolipid-BTWT-Cell-pellet_1__F514,Sphingolipid-BTWT-Cell-pellet_1,multi,0,1,2,2,1,False,1,0.0
Sphingolipid-BTWT-Cell-pellet_1__F515,Sphingolipid-BTWT-Cell-pellet_1,empty,0,0,0,0,0,True,0,0.0
Sphingolipid-BTWT-Cell-pellet_1__F516,Sphingolipid-BTWT-Cell-pellet_1,single,1,0,0,1,1,True,0,0.7157160043716431
Sphingolipid-BTWT-Cell-pellet_1__F517,Sphingolipid-BTWT-Cell-pellet_1,single,1,0,0,1,1,True,0,0.8854820132255554
Sphingolipid-BTWT-Cell-pellet_1__F518,Sphingolipid-BTWT-Cell-pellet_1,single,1,0,0,1,1,True,0,0.9570271372795105
Sphingolipid-BTWT-Cell-pellet_1__F519,Sphingolipid-BTWT-Cell-pellet_1,empty,0,0,0,0,0,True,0,0.0
Sphingolipid-BTWT-Cell-pellet_1__F52,Sphingolipid-BTWT-Cell-pellet_1,single,1,0,0,1,1,True,0,0.7804919481277466
Sphingolipid-BTWT-Cell-pellet_1__F520,Sphingolipid-BTWT-Cell-pellet_1,multi,1,0,2,3,1,False,2,0.8001164197921753
Sphingolipid-BTWT-Cell-pellet_1__F521,Sphingolipid-BTWT-Cell-pellet_1,empty,0,0,0,0,0,True,0,0.0
Sphingolipid-BTWT-Cell-pellet_1__F522,Sphingolipid-BTWT-Cell-pellet_1,single,0,0,1,1,0,False,1,0.0
Sphingolipid-BTWT-Cell-pellet_1__F523,Sphingolipid-BTWT-Cell-pellet_1,empty,0,0,0,0,0,True,0,0.0
Sphingolipid-BTWT-Cell-pellet_1__F524,Sphingolipid-BTWT-Cell-pellet_1,single,1,0,0,1,1,True,0,0.798780620098114
Sphingolipid-BTWT-Cell-pellet_1__F525,Sphingolipid-BTWT-Cell-pellet_1,single,1,0,0,1,1,True,0,0.7986478209495544
Sphingolipid-BTWT-Cell-pellet_1__F526,Sphingolipid-BTWT-Cell-pellet_1,empty,0,0,0,0,0,True,0,0.0
Sphingolipid-BTWT-Cell-pellet_1__F527,Sphingolipid-BTWT-Cell-pellet_1,empty,0,1,0,0,1,False,1,0.0
Sphingolipid-BTWT-Cell-pellet_1__F528,Sphingolipid-BTWT-Cell-pellet_1,empty,0,0,0,0,0,True,0,0.0
Sphingolipid-BTWT-Cell-pellet_1__F529,Sphingolipid-BTWT-Cell-pellet_1,single,1,0,0,1,1,True,0,0.8468381762504578
Sphingolipid-BTWT-Cell-pellet_1__F53,Sphingolipid-BTWT-Cell-pellet_1,empty,0,0,0,0,0,True,0,0.0
Sphingolipid-BTWT-Cell-pellet_1__F530,Sphingolipid-BTWT-Cell-pellet_1,empty,0,0,0,0,0,True,0,0.0
Sphingolipid-BTWT-Cell-pellet_1__F531,Sphingolipid-BTWT-Cell-pellet_1,single,1,0,0,1,1,True,0,0.9498693346977234
Sphingolipid-BTWT-Cell-pellet_1__F532,Sphingolipid-BTWT-Cell-pellet_1,single,1,0,0,1,1,True,0,0.7743977904319763
Sphingolipid-BTWT-Cell-pellet_1__F533,Sphingolipid-BTWT-Cell-pellet_1,empty,0,0,0,0,0,True,0,0.0
Sphingolipid-BTWT-Cell-pellet_1__F534,Sphingolipid-BTWT-Cell-pellet_1,single,0,0,1,1,0,False,1,0.0
Sphingolipid-BTWT-Cell-pellet_1__F535,Sphingolipid-BTWT-Cell-pellet_1,single,1,0,0,1,1,True,0,0.8783853054046631
Sphingolipid-BTWT-Cell-pellet_1__F536,Sphingolipid-BTWT-Cell-pellet_1,single,1,0,0,1,1,True,0,0.9614537954330444
Sphingolipid-BTWT-Cell-pellet_1__F537,Sphingolipid-BTWT-Cell-pellet_1,single,1,0,0,1,1,True,0,0.893589973449707
Sphingolipid-BTWT-Cell-pellet_1__F538,Sphingolipid-BTWT-Cell-pellet_1,empty,0,0,0,0,0,True,0,0.0
Sphingolipid-BTWT-Cell-pellet_1__F539,Sphingolipid-BTWT-Cell-pellet_1,empty,0,0,0,0,0,True,0,0.0
Sphingolipid-BTWT-Cell-pellet_1__F54,Sphingolipid-BTWT-Cell-pellet_1,multi,2,0,0,2,2,True,0,0.8266872465610504
Sphingolipid-BTWT-Cell-pellet_1__F540,Sphingolipid-BTWT-Cell-pellet_1,multi,3,0,0,3,3,True,0,0.7094708283742269
Sphingolipid-BTWT-Cell-pellet_1__F541,Sphingolipid-BTWT-Cell-pellet_1,empty,0,0,0,0,0,True,0,0.0
Sphingolipid-BTWT-Cell-pellet_1__F542,Sphingolipid-BTWT-Cell-pellet_1,single,1,0,0,1,1,True,0,0.8623561859130859
Sphingolipid-BTWT-Cell-pellet_1__F543,Sphingolipid-BTWT-Cell-pellet_1,single,1,0,0,1,1,True,0,0.6146949529647827
Sphingolipid-BTWT-Cell-pellet_1__F544,Sphingolipid-BTWT-Cell-pellet_1,multi,2,0,0,2,2,True,0,0.8641108572483063
Sphingolipid-BTWT-Cell-pellet_1__F545,Sphingolipid-BTWT-Cell-pellet_1,single,0,0,1,1,0,False,1,0.0
Sphingolipid-BTWT-Cell-pellet_1__F546,Sphingolipid-BTWT-Cell-pellet_1,single,1,0,0,1,1,True,0,0.9636660218238831
Sphingolipid-BTWT-Cell-pellet_1__F547,Sphingolipid-BTWT-Cell-pellet_1,empty,0,0,0,0,0,True,0,0.0
Sphingolipid-BTWT-Cell-pellet_1__F548,Sphingolipid-BTWT-Cell-pellet_1,empty,0,0,0,0,0,True,0,0.0
Sphingolipid-BTWT-Cell-pellet_1__F549,Sphingolipid-BTWT-Cell-pellet_1,empty,0,0,0,0,0,True,0,0.0
Sphingolipid-BTWT-Cell-pellet_1__F55,Sphingolipid-BTWT-Cell-pellet_1,single,1,0,0,1,1,True,0,0.9267114400863647
Sphingolipid-BTWT-Cell-pellet_1__F550,Sphingolipid-BTWT-Cell-pellet_1,empty,0,1,0,0,1,False,1,0.0
Sphingolipid-BTWT-Cell-pellet_1__F56,Sphingolipid-BTWT-Cell-pellet_1,multi,2,0,0,2,2,True,0,0.8786452114582062
Sphingolipid-BTWT-Cell-pellet_1__F57,Sphingolipid-BTWT-Cell-pellet_1,single,1,0,0,1,1,True,0,0.9538764357566833
Sphingolipid-BTWT-Cell-pellet_1__F58,Sphingolipid-BTWT-Cell-pellet_1,single,0,1,1,1,1,True,0,0.0
Sphingolipid-BTWT-Cell-pellet_1__F59,Sphingolipid-BTWT-Cell-pellet_1,empty,0,0,0,0,0,True,0,0.0
Sphingolipid-BTWT-Cell-pellet_1__F6,Sphingolipid-BTWT-Cell-pellet_1,multi,0,1,3,3,1,False,2,0.0
Sphingolipid-BTWT-Cell-pellet_1__F60,Sphingolipid-BTWT-Cell-pellet_1,single,1,0,0,1,1,True,0,0.9284334778785706
Sphingolipid-BTWT-Cell-pellet_1__F61,Sphingolipid-BTWT-Cell-pellet_1,single,1,0,0,1,1,True,0,0.8923330307006836
Sphingolipid-BTWT-Cell-pellet_1__F62,Sphingolipid-BTWT-Cell-pellet_1,single,1,0,0,1,1,True,0,0.7334427237510681
Sphingolipid-BTWT-Cell-pellet_1__F63,Sphingolipid-BTWT-Cell-pellet_1,single,1,0,0,1,1,True,0,0.8760936856269836
Sphingolipid-BTWT-Cell-pellet_1__F64,Sphingolipid-BTWT-Cell-pellet_1,single,1,1,0,1,2,False,1,0.8527262806892395
Sphingolipid-BTWT-Cell-pellet_1__F65,Sphingolipid-BTWT-Cell-pellet_1,single,1,0,0,1,1,True,0,0.926457405090332
Sphingolipid-BTWT-Cell-pellet_1__F66,Sphingolipid-BTWT-Cell-pellet_1,single,1,0,0,1,1,True,0,0.9399592280387878
Sphingolipid-BTWT-Cell-pellet_1__F67,Sphingolipid-BTWT-Cell-pellet_1,empty,0,1,0,0,1,False,1,0.0
Sphingolipid-BTWT-Cell-pellet_1__F68,Sphingolipid-BTWT-Cell-pellet_1,empty,0,0,0,0,0,True,0,0.0
Sphingolipid-BTWT-Cell-pellet_1__F69,Sphingolipid-BTWT-Cell-pellet_1,multi,3,0,0,3,3,True,0,0.8191015323003134
Sphingolipid-BTWT-Cell-pellet_1__F7,Sphingolipid-BTWT-Cell-pellet_1,single,1,0,0,1,1,True,0,0.7912153601646423
Sphingolipid-BTWT-Cell-pellet_1__F70,Sphingolipid-BTWT-Cell-pellet_1,single,1,0,0,1,1,True,0,0.7706270217895508
Sphingolipid-BTWT-Cell-pellet_1__F71,Sphingolipid-BTWT-Cell-pellet_1,single,0,1,1,1,1,True,0,0.0
Sphingolipid-BTWT-Cell-pellet_1__F72,Sphingolipid-BTWT-Cell-pellet_1,empty,0,1,0,0,1,False,1,0.0
Sphingolipid-BTWT-Cell-pellet_1__F73,Sphingolipid-BTWT-Cell-pellet_1,single,1,0,0,1,1,True,0,0.7034630179405212
Sphingolipid-BTWT-Cell-pellet_1__F74,Sphingolipid-BTWT-Cell-pellet_1,empty,0,1,0,0,1,False,1,0.0
Sphingolipid-BTWT-Cell-pellet_1__F75,Sphingolipid-BTWT-Cell-pellet_1,multi,2,0,1,3,2,False,1,0.8037373125553131
Sphingolipid-BTWT-Cell-pellet_1__F76,Sphingolipid-BTWT-Cell-pellet_1,single,1,0,0,1,1,True,0,0.9267061352729797
Sphingolipid-BTWT-Cell-pellet_1__F77,Sphingolipid-BTWT-Cell-pellet_1,single,1,0,0,1,1,True,0,0.8740561604499817
Sphingolipid-BTWT-Cell-pellet_1__F78,Sphingolipid-BTWT-Cell-pellet_1,single,1,0,0,1,1,True,0,0.903384268283844
Sphingolipid-BTWT-Cell-pellet_1__F79,Sphingolipid-BTWT-Cell-pellet_1,single,1,0,0,1,1,True,0,0.7444358468055725
Sphingolipid-BTWT-Cell-pellet_1__F8,Sphingolipid-BTWT-Cell-pellet_1,single,1,0,0,1,1,True,0,0.9279139041900635
Sphingolipid-BTWT-Cell-pellet_1__F80,Sphingolipid-BTWT-Cell-pellet_1,empty,0,1,0,0,1,False,1,0.0
Sphingolipid-BTWT-Cell-pellet_1__F81,Sphingolipid-BTWT-Cell-pellet_1,single,0,0,1,1,0,False,1,0.0
Sphingolipid-BTWT-Cell-pellet_1__F82,Sphingolipid-BTWT-Cell-pellet_1,single,1,0,0,1,1,True,0,0.8852474689483643
Sphingolipid-BTWT-Cell-pellet_1__F83,Sphingolipid-BTWT-Cell-pellet_1,empty,0,0,0,0,0,True,0,0.0
Sphingolipid-BTWT-Cell-pellet_1__F84,Sphingolipid-BTWT-Cell-pellet_1,empty,0,0,0,0,0,True,0,0.0
Sphingolipid-BTWT-Cell-pellet_1__F85,Sphingolipid-BTWT-Cell-pellet_1,single,1,0,0,1,1,True,0,0.8241761326789856
Sphingolipid-BTWT-Cell-pellet_1__F86,Sphingolipid-BTWT-Cell-pellet_1,single,1,0,0,1,1,True,0,0.8542641997337341
Sphingolipid-BTWT-Cell-pellet_1__F87,Sphingolipid-BTWT-Cell-pellet_1,empty,0,0,0,0,0,True,0,0.0
Sphingolipid-BTWT-Cell-pellet_1__F88,Sphingolipid-BTWT-Cell-pellet_1,single,1,0,0,1,1,True,0,0.9036084413528442
Sphingolipid-BTWT-Cell-pellet_1__F89,Sphingolipid-BTWT-Cell-pellet_1,multi,1,0,1,2,1,False,1,0.5270389914512634
Sphingolipid-BTWT-Cell-pellet_1__F9,Sphingolipid-BTWT-Cell-pellet_1,single,0,0,1,1,0,False,1,0.0
Sphingolipid-BTWT-Cell-pellet_1__F90,Sphingolipid-BTWT-Cell-pellet_1,single,0,0,1,1,0,False,1,0.0
Sphingolipid-BTWT-Cell-pellet_1__F91,Sphingolipid-BTWT-Cell-pellet_1,single,0,0,1,1,0,False,1,0.0
Sphingolipid-BTWT-Cell-pellet_1__F92,Sphingolipid-BTWT-Cell-pellet_1,empty,0,0,0,0,0,True,0,0.0
Sphingolipid-BTWT-Cell-pellet_1__F93,Sphingolipid-BTWT-Cell-pellet_1,multi,0,2,3,3,2,False,1,0.0
Sphingolipid-BTWT-Cell-pellet_1__F94,Sphingolipid-BTWT-Cell-pellet_1,single,1,0,0,1,1,True,0,0.9111873507499695
Sphingolipid-BTWT-Cell-pellet_1__F95,Sphingolipid-BTWT-Cell-pellet_1,single,1,0,0,1,1,True,0,0.8494453430175781
Sphingolipid-BTWT-Cell-pellet_1__F96,Sphingolipid-BTWT-Cell-pellet_1,single,0,1,1,1,1,True,0,0.0
Sphingolipid-BTWT-Cell-pellet_1__F97,Sphingolipid-BTWT-Cell-pellet_1,empty,0,0,0,0,0,True,0,0.0
Sphingolipid-BTWT-Cell-pellet_1__F98,Sphingolipid-BTWT-Cell-pellet_1,multi,1,0,1,2,1,False,1,0.9238156676292419
Sphingolipid-BTWT-Cell-pellet_1__F99,Sphingolipid-BTWT-Cell-pellet_1,empty,0,0,0,0,0,True,0,0.0
