sample_id,source_file,true_peak_count_class,true_positive,false_positive,false_negative,target_count,prediction_count,exact_count,count_absolute_error,mean_matched_iou
D04P_NEG__F1,D04P_NEG,empty,0,0,0,0,0,True,0,0.0
D04P_NEG__F10,D04P_NEG,single,1,0,0,1,1,True,0,0.5616958737373352
D04P_NEG__F102,D04P_NEG,empty,0,0,0,0,0,True,0,0.0
D04P_NEG__F104,D04P_NEG,multi,2,0,0,2,2,True,0,0.7436262965202332
D04P_NEG__F105,D04P_NEG,multi,2,0,0,2,2,True,0,0.8320953547954559
D04P_NEG__F109,D04P_NEG,single,1,0,0,1,1,True,0,0.9053058624267578
D04P_NEG__F11,D04P_NEG,empty,0,0,0,0,0,True,0,0.0
D04P_NEG__F110,D04P_NEG,single,1,0,0,1,1,True,0,0.8847518563270569
D04P_NEG__F111,D04P_NEG,single,1,0,0,1,1,True,0,0.832706093788147
D04P_NEG__F114,D04P_NEG,empty,0,0,0,0,0,True,0,0.0
D04P_NEG__F115,D04P_NEG,empty,0,0,0,0,0,True,0,0.0
D04P_NEG__F117,D04P_NEG,empty,0,0,0,0,0,True,0,0.0
D04P_NEG__F118,D04P_NEG,empty,0,1,0,0,1,False,1,0.0
D04P_NEG__F119,D04P_NEG,empty,0,0,0,0,0,True,0,0.0
D04P_NEG__F12,D04P_NEG,single,1,0,0,1,1,True,0,0.6179165244102478
D04P_NEG__F125,D04P_NEG,multi,2,0,0,2,2,True,0,0.9293776750564575
D04P_NEG__F127,D04P_NEG,single,1,0,0,1,1,True,0,0.9305410981178284
D04P_NEG__F132,D04P_NEG,single,1,0,0,1,1,True,0,0.8080511689186096
D04P_NEG__F133,D04P_NEG,single,1,0,0,1,1,True,0,0.8478071093559265
D04P_NEG__F138,D04P_NEG,single,1,0,0,1,1,True,0,0.977615237236023
D04P_NEG__F141,D04P_NEG,single,1,0,0,1,1,True,0,0.8893970847129822
D04P_NEG__F142,D04P_NEG,single,1,0,0,1,1,True,0,0.9493429660797119
D04P_NEG__F145,D04P_NEG,single,1,0,0,1,1,True,0,0.9211731553077698
D04P_NEG__F146,D04P_NEG,multi,3,0,0,3,3,True,0,0.8696457942326864
D04P_NEG__F149,D04P_NEG,multi,2,0,0,2,2,True,0,0.8836080729961395
D04P_NEG__F150,D04P_NEG,single,1,0,0,1,1,True,0,0.9184744358062744
D04P_NEG__F153,D04P_NEG,single,1,0,0,1,1,True,0,0.9072642922401428
D04P_NEG__F154,D04P_NEG,multi,2,0,1,3,2,False,1,0.8521011471748352
D04P_NEG__F155,D04P_NEG,multi,2,0,1,3,2,False,1,0.8403644561767578
D04P_NEG__F156,D04P_NEG,single,1,0,0,1,1,True,0,0.9262036085128784
D04P_NEG__F158,D04P_NEG,single,1,0,0,1,1,True,0,0.8577553033828735
D04P_NEG__F159,D04P_NEG,single,1,0,0,1,1,True,0,0.8923120498657227
D04P_NEG__F16,D04P_NEG,single,1,0,0,1,1,True,0,0.8532491326332092
D04P_NEG__F164,D04P_NEG,single,1,0,0,1,1,True,0,0.9451709985733032
D04P_NEG__F166,D04P_NEG,empty,0,0,0,0,0,True,0,0.0
D04P_NEG__F168,D04P_NEG,multi,1,0,1,2,1,False,1,0.8936305046081543
D04P_NEG__F169,D04P_NEG,multi,2,0,0,2,2,True,0,0.9086998105049133
D04P_NEG__F17,D04P_NEG,single,1,0,0,1,1,True,0,0.8951470851898193
D04P_NEG__F173,D04P_NEG,single,1,0,0,1,1,True,0,0.8905506134033203
D04P_NEG__F174,D04P_NEG,single,1,0,0,1,1,True,0,0.7783737182617188
D04P_NEG__F175,D04P_NEG,single,1,1,0,1,2,False,1,0.7999717593193054
D04P_NEG__F176,D04P_NEG,single,1,0,0,1,1,True,0,0.7457733154296875
D04P_NEG__F177,D04P_NEG,single,1,0,0,1,1,True,0,0.8047733902931213
D04P_NEG__F178,D04P_NEG,single,1,0,0,1,1,True,0,0.776587963104248
D04P_NEG__F18,D04P_NEG,empty,0,0,0,0,0,True,0,0.0
D04P_NEG__F181,D04P_NEG,single,1,0,0,1,1,True,0,0.8966700434684753
D04P_NEG__F182,D04P_NEG,single,1,0,0,1,1,True,0,0.8894017934799194
D04P_NEG__F183,D04P_NEG,single,1,0,0,1,1,True,0,0.904792845249176
D04P_NEG__F185,D04P_NEG,single,1,0,0,1,1,True,0,0.7997494339942932
D04P_NEG__F186,D04P_NEG,single,1,1,0,1,2,False,1,0.911870002746582
D04P_NEG__F189,D04P_NEG,empty,0,0,0,0,0,True,0,0.0
D04P_NEG__F19,D04P_NEG,empty,0,0,0,0,0,True,0,0.0
D04P_NEG__F191,D04P_NEG,single,1,0,0,1,1,True,0,0.9087649583816528
D04P_NEG__F193,D04P_NEG,empty,0,0,0,0,0,True,0,0.0
D04P_NEG__F194,D04P_NEG,single,1,0,0,1,1,True,0,0.9339473247528076
D04P_NEG__F195,D04P_NEG,multi,2,0,0,2,2,True,0,0.9098307490348816
D04P_NEG__F196,D04P_NEG,multi,2,0,0,2,2,True,0,0.9125955700874329
D04P_NEG__F197,D04P_NEG,single,1,0,0,1,1,True,0,0.9404062628746033
D04P_NEG__F20,D04P_NEG,single,1,0,0,1,1,True,0,0.8147407174110413
D04P_NEG__F200,D04P_NEG,single,1,0,0,1,1,True,0,0.7890744209289551
D04P_NEG__F204,D04P_NEG,multi,2,0,0,2,2,True,0,0.8202283978462219
D04P_NEG__F205,D04P_NEG,multi,2,0,0,2,2,True,0,0.8394776284694672
D04P_NEG__F209,D04P_NEG,empty,0,0,0,0,0,True,0,0.0
D04P_NEG__F210,D04P_NEG,single,1,0,0,1,1,True,0,0.7182869911193848
D04P_NEG__F211,D04P_NEG,empty,0,0,0,0,0,True,0,0.0
D04P_NEG__F212,D04P_NEG,empty,0,0,0,0,0,True,0,0.0
D04P_NEG__F213,D04P_NEG,multi,2,0,0,2,2,True,0,0.8002968430519104
D04P_NEG__F219,D04P_NEG,empty,0,2,0,0,2,False,2,0.0
D04P_NEG__F221,D04P_NEG,multi,2,0,0,2,2,True,0,0.9185871779918671
D04P_NEG__F223,D04P_NEG,multi,2,0,0,2,2,True,0,0.7461994886398315
D04P_NEG__F226,D04P_NEG,empty,0,0,0,0,0,True,0,0.0
D04P_NEG__F228,D04P_NEG,multi,2,0,0,2,2,True,0,0.8173052966594696
D04P_NEG__F229,D04P_NEG,multi,2,0,0,2,2,True,0,0.8918400704860687
D04P_NEG__F23,D04P_NEG,single,1,0,0,1,1,True,0,0.8159934878349304
D04P_NEG__F230,D04P_NEG,multi,2,0,0,2,2,True,0,0.8806087672710419
D04P_NEG__F232,D04P_NEG,empty,0,0,0,0,0,True,0,0.0
D04P_NEG__F235,D04P_NEG,empty,0,0,0,0,0,True,0,0.0
D04P_NEG__F236,D04P_NEG,empty,0,0,0,0,0,True,0,0.0
D04P_NEG__F238,D04P_NEG,empty,0,0,0,0,0,True,0,0.0
D04P_NEG__F239,D04P_NEG,empty,0,1,0,0,1,False,1,0.0
D04P_NEG__F24,D04P_NEG,empty,0,0,0,0,0,True,0,0.0
D04P_NEG__F245,D04P_NEG,empty,0,1,0,0,1,False,1,0.0
D04P_NEG__F246,D04P_NEG,multi,2,0,0,2,2,True,0,0.8950411379337311
D04P_NEG__F248,D04P_NEG,empty,0,0,0,0,0,True,0,0.0
D04P_NEG__F249,D04P_NEG,empty,0,0,0,0,0,True,0,0.0
D04P_NEG__F25,D04P_NEG,empty,0,0,0,0,0,True,0,0.0
D04P_NEG__F250,D04P_NEG,multi,2,0,0,2,2,True,0,0.9308021068572998
D04P_NEG__F251,D04P_NEG,multi,2,0,0,2,2,True,0,0.8448677361011505
D04P_NEG__F256,D04P_NEG,single,1,0,0,1,1,True,0,0.8368873000144958
D04P_NEG__F258,D04P_NEG,empty,0,3,0,0,3,False,3,0.0
D04P_NEG__F26,D04P_NEG,empty,0,0,0,0,0,True,0,0.0
D04P_NEG__F260,D04P_NEG,single,1,0,0,1,1,True,0,0.9390600323677063
D04P_NEG__F262,D04P_NEG,empty,0,2,0,0,2,False,2,0.0
D04P_NEG__F264,D04P_NEG,empty,0,1,0,0,1,False,1,0.0
D04P_NEG__F265,D04P_NEG,single,1,0,0,1,1,True,0,0.624313473701477
D04P_NEG__F266,D04P_NEG,empty,0,0,0,0,0,True,0,0.0
D04P_NEG__F269,D04P_NEG,single,1,0,0,1,1,True,0,0.7135956287384033
D04P_NEG__F27,D04P_NEG,single,1,0,0,1,1,True,0,0.8257518410682678
D04P_NEG__F272,D04P_NEG,single,0,0,1,1,0,False,1,0.0
D04P_NEG__F273,D04P_NEG,single,1,0,0,1,1,True,0,0.856381356716156
D04P_NEG__F275,D04P_NEG,single,1,0,0,1,1,True,0,0.9460970163345337
D04P_NEG__F276,D04P_NEG,single,1,0,0,1,1,True,0,0.6806344389915466
D04P_NEG__F278,D04P_NEG,multi,2,0,0,2,2,True,0,0.7475073039531708
D04P_NEG__F279,D04P_NEG,multi,3,0,1,4,3,False,1,0.8909735083580017
D04P_NEG__F281,D04P_NEG,single,1,0,0,1,1,True,0,0.9267318248748779
D04P_NEG__F282,D04P_NEG,single,0,1,1,1,1,True,0,0.0
D04P_NEG__F285,D04P_NEG,multi,2,0,0,2,2,True,0,0.8117079436779022
D04P_NEG__F287,D04P_NEG,single,1,0,0,1,1,True,0,0.7545623183250427
D04P_NEG__F288,D04P_NEG,empty,0,1,0,0,1,False,1,0.0
D04P_NEG__F290,D04P_NEG,empty,0,0,0,0,0,True,0,0.0
D04P_NEG__F291,D04P_NEG,single,1,0,0,1,1,True,0,0.9132846593856812
D04P_NEG__F292,D04P_NEG,multi,2,0,0,2,2,True,0,0.8913953900337219
D04P_NEG__F297,D04P_NEG,multi,3,0,0,3,3,True,0,0.9196887214978536
D04P_NEG__F299,D04P_NEG,single,1,0,0,1,1,True,0,0.8965604305267334
D04P_NEG__F3,D04P_NEG,empty,0,0,0,0,0,True,0,0.0
D04P_NEG__F30,D04P_NEG,empty,0,0,0,0,0,True,0,0.0
D04P_NEG__F300,D04P_NEG,single,1,1,0,1,2,False,1,0.6844843029975891
D04P_NEG__F302,D04P_NEG,empty,0,0,0,0,0,True,0,0.0
D04P_NEG__F303,D04P_NEG,multi,2,0,0,2,2,True,0,0.8870080709457397
D04P_NEG__F305,D04P_NEG,single,1,1,0,1,2,False,1,0.9061049818992615
D04P_NEG__F306,D04P_NEG,single,1,0,0,1,1,True,0,0.787368655204773
D04P_NEG__F31,D04P_NEG,empty,0,0,0,0,0,True,0,0.0
D04P_NEG__F310,D04P_NEG,single,1,0,0,1,1,True,0,0.8468316793441772
D04P_NEG__F311,D04P_NEG,single,1,0,0,1,1,True,0,0.8167068362236023
D04P_NEG__F312,D04P_NEG,multi,2,0,0,2,2,True,0,0.8941344618797302
D04P_NEG__F313,D04P_NEG,single,1,0,0,1,1,True,0,0.8835740685462952
D04P_NEG__F317,D04P_NEG,multi,1,0,1,2,1,False,1,0.8502262234687805
D04P_NEG__F319,D04P_NEG,single,1,0,0,1,1,True,0,0.8781337141990662
D04P_NEG__F32,D04P_NEG,empty,0,2,0,0,2,False,2,0.0
D04P_NEG__F321,D04P_NEG,single,1,0,0,1,1,True,0,0.9189797043800354
D04P_NEG__F322,D04P_NEG,single,1,0,0,1,1,True,0,0.7988650798797607
D04P_NEG__F323,D04P_NEG,empty,0,2,0,0,2,False,2,0.0
D04P_NEG__F329,D04P_NEG,single,1,0,0,1,1,True,0,0.6771972179412842
D04P_NEG__F330,D04P_NEG,single,1,0,0,1,1,True,0,0.9259818196296692
D04P_NEG__F332,D04P_NEG,single,1,0,0,1,1,True,0,0.8727903962135315
D04P_NEG__F333,D04P_NEG,single,1,0,0,1,1,True,0,0.7833263874053955
D04P_NEG__F334,D04P_NEG,single,1,0,0,1,1,True,0,0.8723869323730469
D04P_NEG__F335,D04P_NEG,single,1,0,0,1,1,True,0,0.9567520022392273
D04P_NEG__F336,D04P_NEG,multi,1,1,3,4,2,False,2,0.8712477684020996
D04P_NEG__F34,D04P_NEG,empty,0,0,0,0,0,True,0,0.0
D04P_NEG__F341,D04P_NEG,single,1,0,0,1,1,True,0,0.9348934292793274
D04P_NEG__F342,D04P_NEG,multi,2,1,2,4,3,False,1,0.8292153179645538
D04P_NEG__F347,D04P_NEG,multi,0,1,2,2,1,False,1,0.0
D04P_NEG__F349,D04P_NEG,single,1,0,0,1,1,True,0,0.8060858249664307
D04P_NEG__F350,D04P_NEG,single,1,0,0,1,1,True,0,0.7805210947990417
D04P_NEG__F351,D04P_NEG,multi,3,0,0,3,3,True,0,0.7952744762102762
D04P_NEG__F353,D04P_NEG,single,1,0,0,1,1,True,0,0.8436683416366577
D04P_NEG__F354,D04P_NEG,multi,2,0,0,2,2,True,0,0.8970283269882202
D04P_NEG__F355,D04P_NEG,multi,2,0,0,2,2,True,0,0.623835027217865
D04P_NEG__F356,D04P_NEG,multi,2,0,0,2,2,True,0,0.6802537441253662
D04P_NEG__F357,D04P_NEG,single,1,0,0,1,1,True,0,0.7971664071083069
D04P_NEG__F358,D04P_NEG,multi,2,2,0,2,4,False,2,0.8292607665061951
D04P_NEG__F361,D04P_NEG,multi,3,0,1,4,3,False,1,0.8881573677062988
D04P_NEG__F362,D04P_NEG,multi,3,0,1,4,3,False,1,0.8639880220095316
D04P_NEG__F363,D04P_NEG,multi,2,0,1,3,2,False,1,0.817340075969696
D04P_NEG__F364,D04P_NEG,multi,2,0,1,3,2,False,1,0.8561827838420868
D04P_NEG__F365,D04P_NEG,multi,3,0,1,4,3,False,1,0.8910722335179647
D04P_NEG__F368,D04P_NEG,single,1,0,0,1,1,True,0,0.8748464584350586
D04P_NEG__F370,D04P_NEG,multi,4,0,0,4,4,True,0,0.8777945935726166
D04P_NEG__F375,D04P_NEG,single,1,0,0,1,1,True,0,0.8906141519546509
D04P_NEG__F38,D04P_NEG,single,1,0,0,1,1,True,0,0.9222520589828491
D04P_NEG__F381,D04P_NEG,multi,3,0,0,3,3,True,0,0.8784987926483154
D04P_NEG__F382,D04P_NEG,single,1,0,0,1,1,True,0,0.8602443933486938
D04P_NEG__F384,D04P_NEG,multi,2,0,0,2,2,True,0,0.9182115197181702
D04P_NEG__F389,D04P_NEG,single,1,0,0,1,1,True,0,0.9078961610794067
D04P_NEG__F395,D04P_NEG,single,1,0,0,1,1,True,0,0.8434518575668335
D04P_NEG__F397,D04P_NEG,single,1,1,0,1,2,False,1,0.9084963798522949
D04P_NEG__F4,D04P_NEG,empty,0,0,0,0,0,True,0,0.0
D04P_NEG__F40,D04P_NEG,empty,0,0,0,0,0,True,0,0.0
D04P_NEG__F403,D04P_NEG,single,1,0,0,1,1,True,0,0.9182369709014893
D04P_NEG__F404,D04P_NEG,single,1,0,0,1,1,True,0,0.9235956072807312
D04P_NEG__F405,D04P_NEG,single,1,0,0,1,1,True,0,0.9074069857597351
D04P_NEG__F408,D04P_NEG,single,1,0,0,1,1,True,0,0.893269419670105
D04P_NEG__F409,D04P_NEG,single,1,0,0,1,1,True,0,0.9226890802383423
D04P_NEG__F412,D04P_NEG,single,1,0,0,1,1,True,0,0.9130268692970276
D04P_NEG__F413,D04P_NEG,single,1,1,0,1,2,False,1,0.9294036030769348
D04P_NEG__F415,D04P_NEG,multi,3,0,0,3,3,True,0,0.9168158570925394
D04P_NEG__F416,D04P_NEG,single,1,0,0,1,1,True,0,0.8574811816215515
D04P_NEG__F417,D04P_NEG,single,1,0,0,1,1,True,0,0.8980453610420227
D04P_NEG__F420,D04P_NEG,single,1,0,0,1,1,True,0,0.8158771991729736
D04P_NEG__F421,D04P_NEG,single,1,0,0,1,1,True,0,0.8934712409973145
D04P_NEG__F422,D04P_NEG,single,1,0,0,1,1,True,0,0.9343112707138062
D04P_NEG__F423,D04P_NEG,single,1,1,0,1,2,False,1,0.8529857993125916
D04P_NEG__F425,D04P_NEG,multi,2,0,0,2,2,True,0,0.8300907909870148
D04P_NEG__F426,D04P_NEG,single,1,0,0,1,1,True,0,0.9391298890113831
D04P_NEG__F43,D04P_NEG,empty,0,0,0,0,0,True,0,0.0
D04P_NEG__F430,D04P_NEG,multi,2,0,0,2,2,True,0,0.9099639356136322
D04P_NEG__F432,D04P_NEG,multi,1,0,1,2,1,False,1,0.8889942169189453
D04P_NEG__F433,D04P_NEG,single,1,0,0,1,1,True,0,0.9179888963699341
D04P_NEG__F434,D04P_NEG,single,1,0,0,1,1,True,0,0.8435614705085754
D04P_NEG__F435,D04P_NEG,multi,2,0,0,2,2,True,0,0.9064036309719086
D04P_NEG__F438,D04P_NEG,multi,2,0,0,2,2,True,0,0.909971684217453
D04P_NEG__F444,D04P_NEG,multi,3,0,0,3,3,True,0,0.916083296140035
D04P_NEG__F445,D04P_NEG,multi,3,0,0,3,3,True,0,0.9208043018976847
D04P_NEG__F446,D04P_NEG,multi,4,0,1,5,4,False,1,0.9524297416210175
D04P_NEG__F447,D04P_NEG,multi,2,0,0,2,2,True,0,0.9023649990558624
D04P_NEG__F448,D04P_NEG,multi,2,0,0,2,2,True,0,0.8768822550773621
D04P_NEG__F450,D04P_NEG,multi,2,0,0,2,2,True,0,0.8879063427448273
D04P_NEG__F451,D04P_NEG,single,1,0,0,1,1,True,0,0.8747004866600037
D04P_NEG__F452,D04P_NEG,single,1,0,0,1,1,True,0,0.8719444870948792
D04P_NEG__F458,D04P_NEG,single,1,0,0,1,1,True,0,0.8014530539512634
D04P_NEG__F46,D04P_NEG,single,1,0,0,1,1,True,0,0.8153830766677856
D04P_NEG__F461,D04P_NEG,empty,0,0,0,0,0,True,0,0.0
D04P_NEG__F463,D04P_NEG,multi,2,0,0,2,2,True,0,0.8779836297035217
D04P_NEG__F465,D04P_NEG,multi,3,0,0,3,3,True,0,0.9187827706336975
D04P_NEG__F466,D04P_NEG,multi,2,0,1,3,2,False,1,0.7652482986450195
D04P_NEG__F47,D04P_NEG,single,1,0,0,1,1,True,0,0.7949910759925842
D04P_NEG__F470,D04P_NEG,single,1,0,0,1,1,True,0,0.8972424268722534
D04P_NEG__F471,D04P_NEG,multi,2,0,0,2,2,True,0,0.8913298547267914
D04P_NEG__F474,D04P_NEG,multi,4,0,0,4,4,True,0,0.8998154550790787
D04P_NEG__F478,D04P_NEG,single,1,0,0,1,1,True,0,0.824693500995636
D04P_NEG__F480,D04P_NEG,multi,2,0,0,2,2,True,0,0.8691842257976532
D04P_NEG__F482,D04P_NEG,multi,2,0,0,2,2,True,0,0.8522457182407379
D04P_NEG__F484,D04P_NEG,single,1,2,0,1,3,False,2,0.6492398977279663
D04P_NEG__F486,D04P_NEG,multi,2,0,0,2,2,True,0,0.7704398036003113
D04P_NEG__F487,D04P_NEG,multi,2,0,0,2,2,True,0,0.9369044303894043
D04P_NEG__F488,D04P_NEG,single,1,0,0,1,1,True,0,0.9257077574729919
D04P_NEG__F489,D04P_NEG,single,1,1,0,1,2,False,1,0.8293452858924866
D04P_NEG__F49,D04P_NEG,single,0,1,1,1,1,True,0,0.0
D04P_NEG__F491,D04P_NEG,multi,2,0,0,2,2,True,0,0.8985679149627686
D04P_NEG__F494,D04P_NEG,single,1,0,0,1,1,True,0,0.8140271902084351
D04P_NEG__F497,D04P_NEG,single,1,0,0,1,1,True,0,0.9236020445823669
D04P_NEG__F50,D04P_NEG,single,1,0,0,1,1,True,0,0.6228483319282532
D04P_NEG__F500,D04P_NEG,single,1,0,0,1,1,True,0,0.9426482915878296
D04P_NEG__F501,D04P_NEG,single,1,0,0,1,1,True,0,0.9349302053451538
D04P_NEG__F502,D04P_NEG,single,1,0,0,1,1,True,0,0.9040067195892334
D04P_NEG__F504,D04P_NEG,multi,2,0,0,2,2,True,0,0.9042799770832062
D04P_NEG__F508,D04P_NEG,multi,2,0,0,2,2,True,0,0.9190366566181183
D04P_NEG__F51,D04P_NEG,single,1,0,0,1,1,True,0,0.880779504776001
D04P_NEG__F510,D04P_NEG,multi,2,0,0,2,2,True,0,0.8043467998504639
D04P_NEG__F515,D04P_NEG,multi,2,0,0,2,2,True,0,0.8917364478111267
D04P_NEG__F519,D04P_NEG,single,1,0,0,1,1,True,0,0.7759441137313843
D04P_NEG__F520,D04P_NEG,multi,2,0,0,2,2,True,0,0.9196955561637878
D04P_NEG__F521,D04P_NEG,multi,2,0,0,2,2,True,0,0.9026957154273987
D04P_NEG__F522,D04P_NEG,single,1,0,0,1,1,True,0,0.8901069760322571
D04P_NEG__F523,D04P_NEG,single,1,0,0,1,1,True,0,0.923709511756897
D04P_NEG__F525,D04P_NEG,multi,2,0,0,2,2,True,0,0.9100674092769623
D04P_NEG__F530,D04P_NEG,single,1,0,0,1,1,True,0,0.8745583295822144
D04P_NEG__F535,D04P_NEG,single,1,0,0,1,1,True,0,0.9055459499359131
D04P_NEG__F536,D04P_NEG,multi,2,0,1,3,2,False,1,0.7415177524089813
D04P_NEG__F539,D04P_NEG,multi,2,0,0,2,2,True,0,0.9081494212150574
D04P_NEG__F540,D04P_NEG,multi,3,0,0,3,3,True,0,0.8966034452120463
D04P_NEG__F541,D04P_NEG,multi,2,0,0,2,2,True,0,0.8570918142795563
D04P_NEG__F543,D04P_NEG,multi,3,0,0,3,3,True,0,0.9400131503740946
D04P_NEG__F544,D04P_NEG,multi,2,0,0,2,2,True,0,0.7853451073169708
D04P_NEG__F545,D04P_NEG,multi,3,0,0,3,3,True,0,0.9062830408414205
D04P_NEG__F546,D04P_NEG,multi,2,0,0,2,2,True,0,0.9156516492366791
D04P_NEG__F549,D04P_NEG,multi,2,0,0,2,2,True,0,0.8980310261249542
D04P_NEG__F55,D04P_NEG,single,1,0,0,1,1,True,0,0.8103014826774597
D04P_NEG__F551,D04P_NEG,single,1,0,0,1,1,True,0,0.9369808435440063
D04P_NEG__F552,D04P_NEG,single,1,0,0,1,1,True,0,0.8655009269714355
D04P_NEG__F553,D04P_NEG,single,1,0,0,1,1,True,0,0.8752354383468628
D04P_NEG__F554,D04P_NEG,single,1,0,0,1,1,True,0,0.8168937563896179
D04P_NEG__F555,D04P_NEG,multi,2,0,0,2,2,True,0,0.8564073145389557
D04P_NEG__F556,D04P_NEG,multi,2,0,0,2,2,True,0,0.8955141007900238
D04P_NEG__F557,D04P_NEG,multi,2,0,1,3,2,False,1,0.8023236095905304
D04P_NEG__F56,D04P_NEG,single,1,0,0,1,1,True,0,0.8506520390510559
D04P_NEG__F560,D04P_NEG,single,1,0,0,1,1,True,0,0.974370539188385
D04P_NEG__F561,D04P_NEG,single,1,0,0,1,1,True,0,0.9246195554733276
D04P_NEG__F562,D04P_NEG,single,1,0,0,1,1,True,0,0.921251654624939
D04P_NEG__F563,D04P_NEG,single,1,0,0,1,1,True,0,0.875953733921051
D04P_NEG__F566,D04P_NEG,multi,2,0,0,2,2,True,0,0.921351283788681
D04P_NEG__F568,D04P_NEG,single,1,0,0,1,1,True,0,0.8437557816505432
D04P_NEG__F569,D04P_NEG,single,1,0,0,1,1,True,0,0.8309685587882996
D04P_NEG__F57,D04P_NEG,single,1,0,0,1,1,True,0,0.9117881655693054
D04P_NEG__F570,D04P_NEG,single,1,0,0,1,1,True,0,0.8788097500801086
D04P_NEG__F571,D04P_NEG,multi,2,0,0,2,2,True,0,0.9112547636032104
D04P_NEG__F573,D04P_NEG,multi,2,0,0,2,2,True,0,0.841170459985733
D04P_NEG__F575,D04P_NEG,single,1,0,0,1,1,True,0,0.8678630590438843
D04P_NEG__F577,D04P_NEG,multi,2,0,0,2,2,True,0,0.9394687116146088
D04P_NEG__F578,D04P_NEG,single,1,0,0,1,1,True,0,0.8979142904281616
D04P_NEG__F58,D04P_NEG,single,1,0,0,1,1,True,0,0.6270235180854797
D04P_NEG__F581,D04P_NEG,single,1,0,0,1,1,True,0,0.9070566296577454
D04P_NEG__F6,D04P_NEG,empty,0,0,0,0,0,True,0,0.0
D04P_NEG__F61,D04P_NEG,single,1,0,0,1,1,True,0,0.7673583626747131
D04P_NEG__F64,D04P_NEG,single,1,0,0,1,1,True,0,0.782558023929596
D04P_NEG__F67,D04P_NEG,empty,0,1,0,0,1,False,1,0.0
D04P_NEG__F68,D04P_NEG,empty,0,0,0,0,0,True,0,0.0
D04P_NEG__F69,D04P_NEG,empty,0,0,0,0,0,True,0,0.0
D04P_NEG__F7,D04P_NEG,single,1,0,0,1,1,True,0,0.8742827773094177
D04P_NEG__F70,D04P_NEG,empty,0,0,0,0,0,True,0,0.0
D04P_NEG__F71,D04P_NEG,empty,0,0,0,0,0,True,0,0.0
D04P_NEG__F73,D04P_NEG,single,1,0,0,1,1,True,0,0.8290551900863647
D04P_NEG__F74,D04P_NEG,multi,2,0,0,2,2,True,0,0.8285967707633972
D04P_NEG__F75,D04P_NEG,single,1,0,0,1,1,True,0,0.9361830353736877
D04P_NEG__F76,D04P_NEG,single,1,0,0,1,1,True,0,0.7596659660339355
D04P_NEG__F77,D04P_NEG,single,1,0,0,1,1,True,0,0.7517648339271545
D04P_NEG__F78,D04P_NEG,empty,0,1,0,0,1,False,1,0.0
D04P_NEG__F79,D04P_NEG,empty,0,1,0,0,1,False,1,0.0
D04P_NEG__F8,D04P_NEG,single,0,0,1,1,0,False,1,0.0
D04P_NEG__F80,D04P_NEG,single,1,0,0,1,1,True,0,0.8323343992233276
D04P_NEG__F82,D04P_NEG,single,1,0,0,1,1,True,0,0.9320837259292603
D04P_NEG__F83,D04P_NEG,multi,1,0,2,3,1,False,2,0.7126753926277161
D04P_NEG__F84,D04P_NEG,single,1,0,0,1,1,True,0,0.857825517654419
D04P_NEG__F85,D04P_NEG,single,1,0,0,1,1,True,0,0.6429257392883301
D04P_NEG__F87,D04P_NEG,empty,0,0,0,0,0,True,0,0.0
D04P_NEG__F89,D04P_NEG,multi,2,0,0,2,2,True,0,0.7824086248874664
D04P_NEG__F90,D04P_NEG,single,0,0,1,1,0,False,1,0.0
D04P_NEG__F91,D04P_NEG,single,1,0,0,1,1,True,0,0.9709616303443909
D04P_NEG__F93,D04P_NEG,empty,0,0,0,0,0,True,0,0.0
D04P_NEG__F94,D04P_NEG,single,1,0,0,1,1,True,0,0.9833462238311768
D04P_NEG__F95,D04P_NEG,single,1,0,0,1,1,True,0,0.8716614842414856
D06P_POS__F1003,D06P_POS,multi,2,0,0,2,2,True,0,0.8690009415149689
D06P_POS__F1004,D06P_POS,single,1,0,0,1,1,True,0,0.9476158618927002
D06P_POS__F1006,D06P_POS,single,1,0,0,1,1,True,0,0.8598611950874329
D06P_POS__F1007,D06P_POS,multi,3,0,0,3,3,True,0,0.8985184033711752
D06P_POS__F1009,D06P_POS,multi,3,1,0,3,4,False,1,0.89199827114741
D06P_POS__F101,D06P_POS,empty,0,0,0,0,0,True,0,0.0
D06P_POS__F1012,D06P_POS,multi,2,0,1,3,2,False,1,0.9291808307170868
D06P_POS__F1014,D06P_POS,multi,2,0,0,2,2,True,0,0.8508203625679016
D06P_POS__F1015,D06P_POS,multi,3,0,0,3,3,True,0,0.936623195807139
D06P_POS__F1019,D06P_POS,multi,3,0,0,3,3,True,0,0.8977727691332499
D06P_POS__F102,D06P_POS,empty,0,0,0,0,0,True,0,0.0
D06P_POS__F1020,D06P_POS,multi,2,0,1,3,2,False,1,0.81334587931633
D06P_POS__F1023,D06P_POS,multi,4,0,0,4,4,True,0,0.9133889973163605
D06P_POS__F1024,D06P_POS,multi,4,0,0,4,4,True,0,0.913350373506546
D06P_POS__F1025,D06P_POS,multi,2,0,0,2,2,True,0,0.8339899778366089
D06P_POS__F1027,D06P_POS,multi,3,0,0,3,3,True,0,0.9212756156921387
D06P_POS__F1028,D06P_POS,multi,2,0,0,2,2,True,0,0.8475075662136078
D06P_POS__F1030,D06P_POS,multi,2,0,0,2,2,True,0,0.9084513485431671
D06P_POS__F1031,D06P_POS,multi,3,1,1,4,4,True,0,0.8764846523602804
D06P_POS__F1033,D06P_POS,single,1,1,0,1,2,False,1,0.896960437297821
D06P_POS__F1034,D06P_POS,multi,2,0,0,2,2,True,0,0.9109647572040558
D06P_POS__F1036,D06P_POS,multi,2,0,0,2,2,True,0,0.871831089258194
D06P_POS__F1037,D06P_POS,multi,2,0,0,2,2,True,0,0.8597361147403717
D06P_POS__F1038,D06P_POS,single,1,0,0,1,1,True,0,0.8990697264671326
D06P_POS__F104,D06P_POS,multi,2,0,0,2,2,True,0,0.8730303347110748
D06P_POS__F1040,D06P_POS,single,1,0,0,1,1,True,0,0.9316657781600952
D06P_POS__F1044,D06P_POS,multi,4,0,0,4,4,True,0,0.9300948679447174
D06P_POS__F1046,D06P_POS,multi,2,0,0,2,2,True,0,0.92917400598526
D06P_POS__F1047,D06P_POS,multi,2,0,0,2,2,True,0,0.9277268052101135
D06P_POS__F1048,D06P_POS,multi,3,0,1,4,3,False,1,0.8741032878557841
D06P_POS__F1053,D06P_POS,single,1,0,0,1,1,True,0,0.9262624979019165
D06P_POS__F1056,D06P_POS,single,1,0,0,1,1,True,0,0.8143864870071411
D06P_POS__F1059,D06P_POS,multi,2,0,1,3,2,False,1,0.8678912818431854
D06P_POS__F1062,D06P_POS,multi,2,0,0,2,2,True,0,0.8974877893924713
D06P_POS__F1063,D06P_POS,single,1,0,0,1,1,True,0,0.8755896091461182
D06P_POS__F1064,D06P_POS,single,1,1,0,1,2,False,1,0.902872622013092
D06P_POS__F1068,D06P_POS,multi,2,0,0,2,2,True,0,0.8383362591266632
D06P_POS__F1069,D06P_POS,multi,3,0,0,3,3,True,0,0.9170646270116171
D06P_POS__F1071,D06P_POS,multi,4,0,0,4,4,True,0,0.8967215418815613
D06P_POS__F1078,D06P_POS,multi,4,1,0,4,5,False,1,0.9182875901460648
D06P_POS__F1079,D06P_POS,multi,4,1,0,4,5,False,1,0.8796907067298889
D06P_POS__F108,D06P_POS,empty,0,0,0,0,0,True,0,0.0
D06P_POS__F1082,D06P_POS,multi,4,1,0,4,5,False,1,0.8772720843553543
D06P_POS__F1085,D06P_POS,multi,4,0,0,4,4,True,0,0.8469659388065338
D06P_POS__F1088,D06P_POS,multi,2,0,0,2,2,True,0,0.8645846247673035
D06P_POS__F109,D06P_POS,empty,0,0,0,0,0,True,0,0.0
D06P_POS__F1090,D06P_POS,single,1,0,0,1,1,True,0,0.9198108911514282
D06P_POS__F1093,D06P_POS,multi,2,0,0,2,2,True,0,0.8911521136760712
D06P_POS__F1094,D06P_POS,multi,3,3,0,3,6,False,3,0.9230451385180155
D06P_POS__F1095,D06P_POS,multi,3,0,0,3,3,True,0,0.90964408715566
D06P_POS__F1097,D06P_POS,multi,4,0,0,4,4,True,0,0.8776099979877472
D06P_POS__F1099,D06P_POS,multi,2,0,0,2,2,True,0,0.9113296568393707
D06P_POS__F11,D06P_POS,multi,4,1,0,4,5,False,1,0.847890630364418
D06P_POS__F110,D06P_POS,multi,2,0,0,2,2,True,0,0.9278611540794373
D06P_POS__F1100,D06P_POS,multi,2,0,0,2,2,True,0,0.817095011472702
D06P_POS__F1102,D06P_POS,multi,5,2,0,5,7,False,2,0.8397368311882019
D06P_POS__F1104,D06P_POS,multi,3,0,1,4,3,False,1,0.8947156469027201
D06P_POS__F1106,D06P_POS,multi,6,1,0,6,7,False,1,0.8705313205718994
D06P_POS__F111,D06P_POS,empty,0,1,0,0,1,False,1,0.0
D06P_POS__F1110,D06P_POS,multi,2,0,0,2,2,True,0,0.9050651788711548
D06P_POS__F1113,D06P_POS,multi,1,2,1,2,3,False,1,0.948218047618866
D06P_POS__F1114,D06P_POS,multi,3,0,0,3,3,True,0,0.9354108174641927
D06P_POS__F1117,D06P_POS,single,1,1,0,1,2,False,1,0.789860188961029
D06P_POS__F1119,D06P_POS,multi,3,1,0,3,4,False,1,0.9163773655891418
D06P_POS__F1120,D06P_POS,multi,3,0,0,3,3,True,0,0.9039903879165649
D06P_POS__F1122,D06P_POS,multi,2,1,0,2,3,False,1,0.9240005910396576
D06P_POS__F1126,D06P_POS,multi,3,0,0,3,3,True,0,0.8869914412498474
D06P_POS__F1135,D06P_POS,multi,3,0,1,4,3,False,1,0.9128058552742004
D06P_POS__F1139,D06P_POS,multi,3,0,0,3,3,True,0,0.8029672900835673
D06P_POS__F1140,D06P_POS,multi,4,0,0,4,4,True,0,0.9043770730495453
D06P_POS__F1141,D06P_POS,multi,3,0,0,3,3,True,0,0.8239447275797526
D06P_POS__F1142,D06P_POS,multi,2,0,0,2,2,True,0,0.9237465262413025
D06P_POS__F1145,D06P_POS,multi,2,0,0,2,2,True,0,0.9070901870727539
D06P_POS__F1146,D06P_POS,multi,4,0,1,5,4,False,1,0.8846729546785355
D06P_POS__F1147,D06P_POS,multi,2,1,1,3,3,True,0,0.7970952987670898
D06P_POS__F1148,D06P_POS,multi,3,0,0,3,3,True,0,0.8893630504608154
D06P_POS__F1149,D06P_POS,multi,3,0,1,4,3,False,1,0.7773703535397848
D06P_POS__F115,D06P_POS,single,1,0,0,1,1,True,0,0.9102166891098022
D06P_POS__F1150,D06P_POS,multi,3,0,0,3,3,True,0,0.8793854912122091
D06P_POS__F1151,D06P_POS,single,1,0,0,1,1,True,0,0.7769786715507507
D06P_POS__F1152,D06P_POS,multi,2,1,0,2,3,False,1,0.9301391541957855
D06P_POS__F1153,D06P_POS,single,1,2,0,1,3,False,2,0.8621401786804199
D06P_POS__F1156,D06P_POS,multi,3,0,0,3,3,True,0,0.9378396272659302
D06P_POS__F1157,D06P_POS,multi,3,0,0,3,3,True,0,0.8625562985738119
D06P_POS__F1158,D06P_POS,multi,3,0,0,3,3,True,0,0.8998483816782633
D06P_POS__F1159,D06P_POS,multi,2,0,0,2,2,True,0,0.8918977677822113
D06P_POS__F1160,D06P_POS,multi,3,0,0,3,3,True,0,0.8878729740778605
D06P_POS__F1168,D06P_POS,multi,2,1,0,2,3,False,1,0.9176315069198608
D06P_POS__F1170,D06P_POS,multi,2,1,0,2,3,False,1,0.7822566330432892
D06P_POS__F1174,D06P_POS,multi,2,0,0,2,2,True,0,0.8656795024871826
D06P_POS__F1178,D06P_POS,multi,3,0,0,3,3,True,0,0.9510352611541748
D06P_POS__F1179,D06P_POS,multi,3,0,0,3,3,True,0,0.9271491169929504
D06P_POS__F1180,D06P_POS,multi,3,0,0,3,3,True,0,0.9143116474151611
D06P_POS__F1181,D06P_POS,multi,3,0,0,3,3,True,0,0.8650631308555603
D06P_POS__F1182,D06P_POS,multi,2,0,0,2,2,True,0,0.8468734920024872
D06P_POS__F1184,D06P_POS,multi,4,3,0,4,7,False,3,0.8720450103282928
D06P_POS__F1185,D06P_POS,multi,2,0,1,3,2,False,1,0.9263431131839752
D06P_POS__F1186,D06P_POS,multi,3,0,0,3,3,True,0,0.853631873925527
D06P_POS__F1190,D06P_POS,multi,1,0,1,2,1,False,1,0.8863127827644348
D06P_POS__F1191,D06P_POS,multi,2,0,0,2,2,True,0,0.9451501667499542
D06P_POS__F12,D06P_POS,multi,3,0,0,3,3,True,0,0.9029960433642069
D06P_POS__F126,D06P_POS,multi,2,0,0,2,2,True,0,0.9170885682106018
D06P_POS__F129,D06P_POS,empty,0,1,0,0,1,False,1,0.0
D06P_POS__F13,D06P_POS,multi,5,1,0,5,6,False,1,0.8937809944152832
D06P_POS__F130,D06P_POS,empty,0,1,0,0,1,False,1,0.0
D06P_POS__F132,D06P_POS,empty,0,1,0,0,1,False,1,0.0
D06P_POS__F134,D06P_POS,empty,0,0,0,0,0,True,0,0.0
D06P_POS__F139,D06P_POS,single,1,0,0,1,1,True,0,0.8777531981468201
D06P_POS__F141,D06P_POS,single,1,0,0,1,1,True,0,0.803902804851532
D06P_POS__F145,D06P_POS,multi,2,0,1,3,2,False,1,0.8620968461036682
D06P_POS__F153,D06P_POS,multi,2,0,0,2,2,True,0,0.8615096211433411
D06P_POS__F156,D06P_POS,multi,2,0,0,2,2,True,0,0.8961443305015564
D06P_POS__F16,D06P_POS,multi,5,1,0,5,6,False,1,0.8936372518539428
D06P_POS__F166,D06P_POS,multi,2,0,0,2,2,True,0,0.8930867314338684
D06P_POS__F17,D06P_POS,multi,4,1,1,5,5,True,0,0.8642856031656265
D06P_POS__F170,D06P_POS,multi,1,0,1,2,1,False,1,0.8355686068534851
D06P_POS__F173,D06P_POS,multi,2,0,0,2,2,True,0,0.9594250917434692
D06P_POS__F174,D06P_POS,single,0,1,1,1,1,True,0,0.0
D06P_POS__F175,D06P_POS,multi,1,1,1,2,2,True,0,0.5353982448577881
D06P_POS__F178,D06P_POS,single,1,0,0,1,1,True,0,0.8588294982910156
D06P_POS__F179,D06P_POS,multi,5,0,0,5,5,True,0,0.894956624507904
D06P_POS__F181,D06P_POS,multi,6,0,0,6,6,True,0,0.8786656359831492
D06P_POS__F182,D06P_POS,multi,1,1,1,2,2,True,0,0.7210735082626343
D06P_POS__F184,D06P_POS,single,0,1,1,1,1,True,0,0.0
D06P_POS__F189,D06P_POS,multi,2,0,0,2,2,True,0,0.8730495870113373
D06P_POS__F191,D06P_POS,single,1,0,0,1,1,True,0,0.8143826127052307
D06P_POS__F192,D06P_POS,single,1,0,0,1,1,True,0,0.9667724967002869
D06P_POS__F193,D06P_POS,multi,2,0,0,2,2,True,0,0.909371942281723
D06P_POS__F195,D06P_POS,single,0,1,1,1,1,True,0,0.0
D06P_POS__F196,D06P_POS,single,1,0,0,1,1,True,0,0.8726168870925903
D06P_POS__F197,D06P_POS,empty,0,0,0,0,0,True,0,0.0
D06P_POS__F20,D06P_POS,single,1,0,0,1,1,True,0,0.8848109245300293
D06P_POS__F200,D06P_POS,single,1,1,0,1,2,False,1,0.5042403340339661
D06P_POS__F208,D06P_POS,empty,0,0,0,0,0,True,0,0.0
D06P_POS__F211,D06P_POS,single,1,0,0,1,1,True,0,0.8095375299453735
D06P_POS__F214,D06P_POS,single,0,0,1,1,0,False,1,0.0
D06P_POS__F216,D06P_POS,single,1,0,0,1,1,True,0,0.9386071562767029
D06P_POS__F221,D06P_POS,multi,3,0,0,3,3,True,0,0.8349740306536356
D06P_POS__F222,D06P_POS,multi,2,0,0,2,2,True,0,0.8755180537700653
D06P_POS__F223,D06P_POS,single,1,0,0,1,1,True,0,0.8210024833679199
D06P_POS__F224,D06P_POS,multi,2,0,0,2,2,True,0,0.8781092166900635
D06P_POS__F225,D06P_POS,single,1,0,0,1,1,True,0,0.9141806960105896
D06P_POS__F229,D06P_POS,multi,2,0,0,2,2,True,0,0.8971121609210968
D06P_POS__F230,D06P_POS,multi,3,0,0,3,3,True,0,0.8536885778109232
D06P_POS__F234,D06P_POS,multi,1,0,1,2,1,False,1,0.80816251039505
D06P_POS__F235,D06P_POS,empty,0,0,0,0,0,True,0,0.0
D06P_POS__F236,D06P_POS,empty,0,0,0,0,0,True,0,0.0
D06P_POS__F240,D06P_POS,multi,2,0,0,2,2,True,0,0.9703754186630249
D06P_POS__F246,D06P_POS,empty,0,1,0,0,1,False,1,0.0
D06P_POS__F251,D06P_POS,multi,1,0,1,2,1,False,1,0.8183243870735168
D06P_POS__F252,D06P_POS,single,1,0,0,1,1,True,0,0.8909949064254761
D06P_POS__F254,D06P_POS,empty,0,1,0,0,1,False,1,0.0
D06P_POS__F255,D06P_POS,empty,0,0,0,0,0,True,0,0.0
D06P_POS__F258,D06P_POS,single,0,0,1,1,0,False,1,0.0
D06P_POS__F261,D06P_POS,single,0,2,1,1,2,False,1,0.0
D06P_POS__F264,D06P_POS,single,1,0,0,1,1,True,0,0.5806448459625244
D06P_POS__F266,D06P_POS,single,0,1,1,1,1,True,0,0.0
D06P_POS__F271,D06P_POS,empty,0,1,0,0,1,False,1,0.0
D06P_POS__F274,D06P_POS,multi,2,0,0,2,2,True,0,0.9224484264850616
D06P_POS__F275,D06P_POS,single,1,0,0,1,1,True,0,0.9505103826522827
D06P_POS__F278,D06P_POS,single,1,0,0,1,1,True,0,0.8924276828765869
D06P_POS__F282,D06P_POS,multi,2,0,0,2,2,True,0,0.8771124482154846
D06P_POS__F283,D06P_POS,single,1,0,0,1,1,True,0,0.8442217707633972
D06P_POS__F284,D06P_POS,multi,3,0,0,3,3,True,0,0.8769614696502686
D06P_POS__F286,D06P_POS,multi,3,0,0,3,3,True,0,0.8609725038210551
D06P_POS__F290,D06P_POS,single,1,0,0,1,1,True,0,0.9159578680992126
D06P_POS__F292,D06P_POS,multi,2,0,0,2,2,True,0,0.8794686794281006
D06P_POS__F293,D06P_POS,multi,2,0,0,2,2,True,0,0.736678808927536
D06P_POS__F295,D06P_POS,multi,2,0,0,2,2,True,0,0.9590210914611816
D06P_POS__F297,D06P_POS,multi,2,0,0,2,2,True,0,0.8715861737728119
D06P_POS__F300,D06P_POS,multi,2,0,0,2,2,True,0,0.8882714509963989
D06P_POS__F301,D06P_POS,multi,2,0,0,2,2,True,0,0.8440796732902527
D06P_POS__F302,D06P_POS,multi,2,0,0,2,2,True,0,0.9228166937828064
D06P_POS__F305,D06P_POS,multi,2,0,0,2,2,True,0,0.8522832691669464
D06P_POS__F307,D06P_POS,multi,2,0,0,2,2,True,0,0.8977929353713989
D06P_POS__F308,D06P_POS,single,0,2,1,1,2,False,1,0.0
D06P_POS__F312,D06P_POS,single,1,1,0,1,2,False,1,0.5294824242591858
D06P_POS__F313,D06P_POS,multi,3,0,0,3,3,True,0,0.9243375460306803
D06P_POS__F317,D06P_POS,multi,4,0,0,4,4,True,0,0.8813091665506363
D06P_POS__F324,D06P_POS,multi,4,0,0,4,4,True,0,0.9140321761369705
D06P_POS__F327,D06P_POS,multi,4,0,1,5,4,False,1,0.8982077240943909
D06P_POS__F328,D06P_POS,single,1,0,0,1,1,True,0,0.8209402561187744
D06P_POS__F329,D06P_POS,single,0,1,1,1,1,True,0,0.0
D06P_POS__F33,D06P_POS,single,0,2,1,1,2,False,1,0.0
D06P_POS__F330,D06P_POS,multi,2,0,0,2,2,True,0,0.9212827384471893
D06P_POS__F332,D06P_POS,multi,2,0,1,3,2,False,1,0.8422942757606506
D06P_POS__F333,D06P_POS,multi,2,0,0,2,2,True,0,0.9572994112968445
D06P_POS__F335,D06P_POS,single,1,0,0,1,1,True,0,0.7652019262313843
D06P_POS__F336,D06P_POS,empty,0,0,0,0,0,True,0,0.0
D06P_POS__F337,D06P_POS,empty,0,1,0,0,1,False,1,0.0
D06P_POS__F339,D06P_POS,single,0,2,1,1,2,False,1,0.0
D06P_POS__F34,D06P_POS,single,1,1,0,1,2,False,1,0.5789952874183655
D06P_POS__F340,D06P_POS,single,1,0,0,1,1,True,0,0.8545838594436646
D06P_POS__F343,D06P_POS,multi,2,1,0,2,3,False,1,0.892065703868866
D06P_POS__F347,D06P_POS,multi,3,0,0,3,3,True,0,0.8840321699778239
D06P_POS__F348,D06P_POS,single,1,0,0,1,1,True,0,0.8483065366744995
D06P_POS__F351,D06P_POS,empty,0,0,0,0,0,True,0,0.0
D06P_POS__F352,D06P_POS,single,1,0,0,1,1,True,0,0.9059059023857117
D06P_POS__F353,D06P_POS,single,1,1,0,1,2,False,1,0.8583858013153076
D06P_POS__F354,D06P_POS,empty,0,0,0,0,0,True,0,0.0
D06P_POS__F355,D06P_POS,single,1,0,0,1,1,True,0,0.9137227535247803
D06P_POS__F358,D06P_POS,multi,1,0,1,2,1,False,1,0.7039290070533752
D06P_POS__F36,D06P_POS,empty,0,0,0,0,0,True,0,0.0
D06P_POS__F361,D06P_POS,multi,2,0,0,2,2,True,0,0.8859685957431793
D06P_POS__F362,D06P_POS,empty,0,6,0,0,6,False,6,0.0
D06P_POS__F363,D06P_POS,empty,0,5,0,0,5,False,5,0.0
D06P_POS__F365,D06P_POS,multi,2,0,0,2,2,True,0,0.923353523015976
D06P_POS__F366,D06P_POS,single,1,0,0,1,1,True,0,0.8591575622558594
D06P_POS__F368,D06P_POS,multi,3,0,0,3,3,True,0,0.9298977653185526
D06P_POS__F370,D06P_POS,single,0,2,1,1,2,False,1,0.0
D06P_POS__F371,D06P_POS,empty,0,2,0,0,2,False,2,0.0
D06P_POS__F372,D06P_POS,empty,0,2,0,0,2,False,2,0.0
D06P_POS__F374,D06P_POS,multi,2,0,0,2,2,True,0,0.7259996235370636
D06P_POS__F377,D06P_POS,single,1,1,0,1,2,False,1,0.7801207900047302
D06P_POS__F382,D06P_POS,single,0,1,1,1,1,True,0,0.0
D06P_POS__F383,D06P_POS,single,1,0,0,1,1,True,0,0.9123846292495728
D06P_POS__F387,D06P_POS,single,1,0,0,1,1,True,0,0.5751539468765259
D06P_POS__F389,D06P_POS,single,1,3,0,1,4,False,3,0.7872276902198792
D06P_POS__F390,D06P_POS,single,1,4,0,1,5,False,4,0.9569873213768005
D06P_POS__F394,D06P_POS,multi,3,0,0,3,3,True,0,0.8740299344062805
D06P_POS__F395,D06P_POS,multi,3,0,0,3,3,True,0,0.9032480716705322
D06P_POS__F397,D06P_POS,single,1,0,0,1,1,True,0,0.8129409551620483
D06P_POS__F399,D06P_POS,single,1,0,0,1,1,True,0,0.9428881406784058
D06P_POS__F4,D06P_POS,multi,1,0,1,2,1,False,1,0.8756865859031677
D06P_POS__F405,D06P_POS,single,1,0,0,1,1,True,0,0.9188061952590942
D06P_POS__F406,D06P_POS,single,1,0,0,1,1,True,0,0.9428974986076355
D06P_POS__F413,D06P_POS,single,1,0,0,1,1,True,0,0.8462186455726624
D06P_POS__F415,D06P_POS,multi,2,0,0,2,2,True,0,0.8933610022068024
D06P_POS__F416,D06P_POS,single,1,0,0,1,1,True,0,0.9330979585647583
D06P_POS__F42,D06P_POS,multi,1,0,1,2,1,False,1,0.9062383770942688
D06P_POS__F420,D06P_POS,single,1,0,0,1,1,True,0,0.9818732142448425
D06P_POS__F421,D06P_POS,multi,2,0,0,2,2,True,0,0.9321493804454803
D06P_POS__F422,D06P_POS,multi,2,0,0,2,2,True,0,0.9051302373409271
D06P_POS__F423,D06P_POS,single,1,0,0,1,1,True,0,0.9261826276779175
D06P_POS__F426,D06P_POS,single,1,0,0,1,1,True,0,0.940936803817749
D06P_POS__F431,D06P_POS,multi,1,0,1,2,1,False,1,0.7777445912361145
D06P_POS__F433,D06P_POS,single,1,0,0,1,1,True,0,0.9889799356460571
D06P_POS__F434,D06P_POS,multi,3,0,0,3,3,True,0,0.8276880582173666
D06P_POS__F435,D06P_POS,multi,3,1,0,3,4,False,1,0.8887068430582682
D06P_POS__F438,D06P_POS,multi,3,0,0,3,3,True,0,0.9188326994578043
D06P_POS__F439,D06P_POS,single,1,0,0,1,1,True,0,0.8831475377082825
D06P_POS__F44,D06P_POS,single,1,0,0,1,1,True,0,0.9133615493774414
D06P_POS__F440,D06P_POS,multi,2,0,0,2,2,True,0,0.9114773869514465
D06P_POS__F443,D06P_POS,single,1,0,0,1,1,True,0,0.8705781698226929
D06P_POS__F445,D06P_POS,multi,2,0,1,3,2,False,1,0.812821090221405
D06P_POS__F447,D06P_POS,empty,0,0,0,0,0,True,0,0.0
D06P_POS__F448,D06P_POS,single,1,2,0,1,3,False,2,0.7170777320861816
D06P_POS__F45,D06P_POS,single,1,0,0,1,1,True,0,0.8430969715118408
D06P_POS__F450,D06P_POS,single,1,0,0,1,1,True,0,0.8991199731826782
D06P_POS__F451,D06P_POS,single,1,1,0,1,2,False,1,0.8549990653991699
D06P_POS__F458,D06P_POS,single,1,0,0,1,1,True,0,0.9769378900527954
D06P_POS__F46,D06P_POS,single,0,2,1,1,2,False,1,0.0
D06P_POS__F461,D06P_POS,single,1,0,0,1,1,True,0,0.7022416591644287
D06P_POS__F462,D06P_POS,multi,2,0,0,2,2,True,0,0.9308611750602722
D06P_POS__F463,D06P_POS,single,1,0,0,1,1,True,0,0.9512704610824585
D06P_POS__F465,D06P_POS,single,1,0,0,1,1,True,0,0.974544107913971
D06P_POS__F469,D06P_POS,single,1,0,0,1,1,True,0,0.892504096031189
D06P_POS__F470,D06P_POS,single,1,0,0,1,1,True,0,0.9126580357551575
D06P_POS__F471,D06P_POS,multi,1,0,1,2,1,False,1,0.9656698107719421
D06P_POS__F472,D06P_POS,single,1,0,0,1,1,True,0,0.9196347594261169
D06P_POS__F473,D06P_POS,single,1,0,0,1,1,True,0,0.9387198686599731
D06P_POS__F476,D06P_POS,multi,2,0,0,2,2,True,0,0.9261949956417084
D06P_POS__F479,D06P_POS,multi,2,0,0,2,2,True,0,0.9185002744197845
D06P_POS__F48,D06P_POS,empty,0,0,0,0,0,True,0,0.0
D06P_POS__F480,D06P_POS,multi,3,0,0,3,3,True,0,0.8975841403007507
D06P_POS__F484,D06P_POS,single,1,0,0,1,1,True,0,0.8626226782798767
D06P_POS__F488,D06P_POS,single,1,0,0,1,1,True,0,0.8382120132446289
D06P_POS__F489,D06P_POS,single,1,0,0,1,1,True,0,0.764952540397644
D06P_POS__F49,D06P_POS,single,1,0,0,1,1,True,0,0.7663054466247559
D06P_POS__F491,D06P_POS,single,0,2,1,1,2,False,1,0.0
D06P_POS__F492,D06P_POS,single,1,0,0,1,1,True,0,0.8714985251426697
D06P_POS__F494,D06P_POS,single,1,0,0,1,1,True,0,0.9622865319252014
D06P_POS__F496,D06P_POS,single,1,0,0,1,1,True,0,0.9488470554351807
D06P_POS__F497,D06P_POS,multi,4,0,0,4,4,True,0,0.9347486048936844
D06P_POS__F5,D06P_POS,empty,0,0,0,0,0,True,0,0.0
D06P_POS__F502,D06P_POS,single,1,0,0,1,1,True,0,0.8748937845230103
D06P_POS__F504,D06P_POS,single,1,1,0,1,2,False,1,0.9112668037414551
D06P_POS__F506,D06P_POS,single,1,0,0,1,1,True,0,0.8912330269813538
D06P_POS__F51,D06P_POS,single,0,1,1,1,1,True,0,0.0
D06P_POS__F510,D06P_POS,single,1,0,0,1,1,True,0,0.6468587517738342
D06P_POS__F512,D06P_POS,single,1,1,0,1,2,False,1,0.9229391813278198
D06P_POS__F514,D06P_POS,single,1,0,0,1,1,True,0,0.7753351926803589
D06P_POS__F515,D06P_POS,single,1,0,0,1,1,True,0,0.8383926153182983
D06P_POS__F52,D06P_POS,empty,0,1,0,0,1,False,1,0.0
D06P_POS__F520,D06P_POS,multi,2,0,0,2,2,True,0,0.9044958353042603
D06P_POS__F523,D06P_POS,multi,2,0,0,2,2,True,0,0.8796066641807556
D06P_POS__F529,D06P_POS,single,1,0,0,1,1,True,0,0.8570995330810547
D06P_POS__F53,D06P_POS,empty,0,0,0,0,0,True,0,0.0
D06P_POS__F530,D06P_POS,single,1,0,0,1,1,True,0,0.9688761234283447
D06P_POS__F531,D06P_POS,multi,2,0,0,2,2,True,0,0.838175505399704
D06P_POS__F532,D06P_POS,multi,2,1,0,2,3,False,1,0.7879835069179535
D06P_POS__F533,D06P_POS,multi,2,0,0,2,2,True,0,0.9204157590866089
D06P_POS__F534,D06P_POS,multi,2,0,0,2,2,True,0,0.8977322280406952
D06P_POS__F535,D06P_POS,single,1,0,0,1,1,True,0,0.9162172675132751
D06P_POS__F536,D06P_POS,single,1,0,0,1,1,True,0,0.9504919052124023
D06P_POS__F54,D06P_POS,empty,0,0,0,0,0,True,0,0.0
D06P_POS__F542,D06P_POS,single,1,1,0,1,2,False,1,0.6814908385276794
D06P_POS__F545,D06P_POS,multi,4,0,0,4,4,True,0,0.9059648811817169
D06P_POS__F546,D06P_POS,multi,5,0,0,5,5,True,0,0.8559325933456421
D06P_POS__F547,D06P_POS,single,1,1,0,1,2,False,1,0.8802877068519592
D06P_POS__F548,D06P_POS,single,1,0,0,1,1,True,0,0.8103530406951904
D06P_POS__F549,D06P_POS,multi,2,1,0,2,3,False,1,0.864365965127945
D06P_POS__F55,D06P_POS,empty,0,0,0,0,0,True,0,0.0
D06P_POS__F550,D06P_POS,single,1,0,0,1,1,True,0,0.8386607766151428
D06P_POS__F552,D06P_POS,single,1,0,0,1,1,True,0,0.9045551419258118
D06P_POS__F553,D06P_POS,single,1,0,0,1,1,True,0,0.7995367050170898
D06P_POS__F554,D06P_POS,multi,2,0,0,2,2,True,0,0.9296581745147705
D06P_POS__F555,D06P_POS,single,1,0,0,1,1,True,0,0.8368386030197144
D06P_POS__F556,D06P_POS,multi,2,0,0,2,2,True,0,0.9296792447566986
D06P_POS__F558,D06P_POS,multi,3,0,0,3,3,True,0,0.9010869065920512
D06P_POS__F559,D06P_POS,multi,2,1,0,2,3,False,1,0.8441027700901031
D06P_POS__F56,D06P_POS,single,1,0,0,1,1,True,0,0.7302165627479553
D06P_POS__F560,D06P_POS,multi,2,0,0,2,2,True,0,0.9139008224010468
D06P_POS__F568,D06P_POS,single,1,0,0,1,1,True,0,0.9378973841667175
D06P_POS__F569,D06P_POS,single,1,0,0,1,1,True,0,0.9164659976959229
D06P_POS__F572,D06P_POS,single,1,0,0,1,1,True,0,0.964803159236908
D06P_POS__F579,D06P_POS,multi,2,0,0,2,2,True,0,0.7432492077350616
D06P_POS__F58,D06P_POS,empty,0,0,0,0,0,True,0,0.0
D06P_POS__F59,D06P_POS,empty,0,0,0,0,0,True,0,0.0
D06P_POS__F591,D06P_POS,single,1,0,0,1,1,True,0,0.9693964719772339
D06P_POS__F592,D06P_POS,multi,3,0,0,3,3,True,0,0.903915286064148
D06P_POS__F6,D06P_POS,empty,0,0,0,0,0,True,0,0.0
D06P_POS__F60,D06P_POS,single,1,0,0,1,1,True,0,0.7013492584228516
D06P_POS__F603,D06P_POS,multi,5,1,0,5,6,False,1,0.875561249256134
D06P_POS__F604,D06P_POS,multi,2,0,0,2,2,True,0,0.8673666417598724
D06P_POS__F605,D06P_POS,multi,2,0,0,2,2,True,0,0.8738529682159424
D06P_POS__F606,D06P_POS,multi,3,0,0,3,3,True,0,0.8479451735814413
D06P_POS__F607,D06P_POS,multi,3,1,0,3,4,False,1,0.8221222162246704
D06P_POS__F61,D06P_POS,empty,0,0,0,0,0,True,0,0.0
D06P_POS__F610,D06P_POS,single,1,0,0,1,1,True,0,0.7968737483024597
D06P_POS__F614,D06P_POS,multi,4,0,0,4,4,True,0,0.9196561723947525
D06P_POS__F615,D06P_POS,multi,2,0,0,2,2,True,0,0.8677990436553955
D06P_POS__F616,D06P_POS,multi,2,0,0,2,2,True,0,0.9398336410522461
D06P_POS__F621,D06P_POS,multi,2,0,0,2,2,True,0,0.8576675355434418
D06P_POS__F622,D06P_POS,multi,3,3,0,3,6,False,3,0.7332922220230103
D06P_POS__F625,D06P_POS,multi,2,0,1,3,2,False,1,0.8460395038127899
D06P_POS__F629,D06P_POS,multi,2,0,1,3,2,False,1,0.8367668688297272
D06P_POS__F630,D06P_POS,multi,2,3,0,2,5,False,3,0.7855003476142883
D06P_POS__F634,D06P_POS,multi,2,0,0,2,2,True,0,0.8250953853130341
D06P_POS__F637,D06P_POS,single,1,0,0,1,1,True,0,0.9042713046073914
D06P_POS__F64,D06P_POS,empty,0,0,0,0,0,True,0,0.0
D06P_POS__F640,D06P_POS,multi,2,0,0,2,2,True,0,0.9256390333175659
D06P_POS__F641,D06P_POS,multi,2,0,0,2,2,True,0,0.9210014939308167
D06P_POS__F644,D06P_POS,single,1,1,0,1,2,False,1,0.8374056816101074
D06P_POS__F645,D06P_POS,multi,2,0,2,4,2,False,2,0.8291523456573486
D06P_POS__F653,D06P_POS,multi,2,0,0,2,2,True,0,0.8303563296794891
D06P_POS__F654,D06P_POS,multi,2,0,0,2,2,True,0,0.7862071990966797
D06P_POS__F656,D06P_POS,multi,3,0,0,3,3,True,0,0.906511147816976
D06P_POS__F658,D06P_POS,multi,2,1,0,2,3,False,1,0.8997802436351776
D06P_POS__F663,D06P_POS,multi,3,0,0,3,3,True,0,0.8994077245394388
D06P_POS__F667,D06P_POS,multi,2,0,1,3,2,False,1,0.9237327873706818
D06P_POS__F668,D06P_POS,single,1,0,0,1,1,True,0,0.9723274111747742
D06P_POS__F669,D06P_POS,multi,3,0,0,3,3,True,0,0.7333774964014689
D06P_POS__F67,D06P_POS,empty,0,0,0,0,0,True,0,0.0
D06P_POS__F672,D06P_POS,multi,5,0,0,5,5,True,0,0.9440449833869934
D06P_POS__F674,D06P_POS,single,1,1,0,1,2,False,1,0.9248602986335754
D06P_POS__F675,D06P_POS,multi,3,1,0,3,4,False,1,0.9129252632459005
D06P_POS__F679,D06P_POS,multi,2,1,0,2,3,False,1,0.7624061405658722
D06P_POS__F68,D06P_POS,empty,0,0,0,0,0,True,0,0.0
D06P_POS__F683,D06P_POS,single,1,0,0,1,1,True,0,0.8808723092079163
D06P_POS__F685,D06P_POS,multi,2,0,0,2,2,True,0,0.8489290475845337
D06P_POS__F686,D06P_POS,multi,3,1,0,3,4,False,1,0.8371135393778483
D06P_POS__F689,D06P_POS,multi,4,0,0,4,4,True,0,0.8444992303848267
D06P_POS__F69,D06P_POS,single,1,0,0,1,1,True,0,0.8556730151176453
D06P_POS__F691,D06P_POS,single,1,0,0,1,1,True,0,0.9021000862121582
D06P_POS__F692,D06P_POS,single,1,0,0,1,1,True,0,0.8753736615180969
D06P_POS__F694,D06P_POS,multi,4,0,0,4,4,True,0,0.9017429053783417
D06P_POS__F695,D06P_POS,multi,4,0,0,4,4,True,0,0.8691339045763016
D06P_POS__F696,D06P_POS,multi,4,0,0,4,4,True,0,0.8931695222854614
D06P_POS__F7,D06P_POS,multi,2,0,0,2,2,True,0,0.8702106475830078
D06P_POS__F70,D06P_POS,empty,0,1,0,0,1,False,1,0.0
D06P_POS__F706,D06P_POS,multi,2,0,0,2,2,True,0,0.8108108341693878
D06P_POS__F708,D06P_POS,multi,3,0,1,4,3,False,1,0.8690367937088013
D06P_POS__F71,D06P_POS,single,1,0,0,1,1,True,0,0.6513071656227112
D06P_POS__F712,D06P_POS,multi,2,0,0,2,2,True,0,0.8422957956790924
D06P_POS__F715,D06P_POS,multi,1,0,1,2,1,False,1,0.8602397441864014
D06P_POS__F716,D06P_POS,multi,2,0,0,2,2,True,0,0.864864706993103
D06P_POS__F717,D06P_POS,multi,2,0,1,3,2,False,1,0.8624801933765411
D06P_POS__F718,D06P_POS,multi,2,0,0,2,2,True,0,0.8941467702388763
D06P_POS__F719,D06P_POS,multi,2,0,0,2,2,True,0,0.9061596989631653
D06P_POS__F72,D06P_POS,single,1,0,0,1,1,True,0,0.8779900074005127
D06P_POS__F721,D06P_POS,multi,2,0,0,2,2,True,0,0.8547007143497467
D06P_POS__F722,D06P_POS,multi,2,0,0,2,2,True,0,0.8958706557750702
D06P_POS__F727,D06P_POS,single,1,0,0,1,1,True,0,0.8302052021026611
D06P_POS__F73,D06P_POS,single,1,1,0,1,2,False,1,0.8570327758789062
D06P_POS__F731,D06P_POS,multi,2,1,1,3,3,True,0,0.9062709808349609
D06P_POS__F733,D06P_POS,single,1,0,0,1,1,True,0,0.9624621272087097
D06P_POS__F736,D06P_POS,single,1,0,0,1,1,True,0,0.9617929458618164
D06P_POS__F738,D06P_POS,single,1,0,0,1,1,True,0,0.9163854718208313
D06P_POS__F739,D06P_POS,single,1,0,0,1,1,True,0,0.8625549077987671
D06P_POS__F74,D06P_POS,empty,0,0,0,0,0,True,0,0.0
D06P_POS__F740,D06P_POS,multi,3,0,0,3,3,True,0,0.896026074886322
D06P_POS__F742,D06P_POS,multi,2,0,0,2,2,True,0,0.7712024450302124
D06P_POS__F744,D06P_POS,multi,2,0,0,2,2,True,0,0.8399929702281952
D06P_POS__F745,D06P_POS,multi,2,0,0,2,2,True,0,0.870892733335495
D06P_POS__F747,D06P_POS,multi,2,0,0,2,2,True,0,0.922408401966095
D06P_POS__F75,D06P_POS,empty,0,0,0,0,0,True,0,0.0
D06P_POS__F750,D06P_POS,multi,2,0,0,2,2,True,0,0.8184433579444885
D06P_POS__F753,D06P_POS,multi,0,2,4,4,2,False,2,0.0
D06P_POS__F757,D06P_POS,single,1,0,0,1,1,True,0,0.8749895095825195
D06P_POS__F758,D06P_POS,multi,2,0,0,2,2,True,0,0.929541826248169
D06P_POS__F762,D06P_POS,multi,3,0,1,4,3,False,1,0.8413675626118978
D06P_POS__F766,D06P_POS,multi,2,0,1,3,2,False,1,0.827582985162735
D06P_POS__F769,D06P_POS,multi,2,0,0,2,2,True,0,0.9179658591747284
D06P_POS__F773,D06P_POS,multi,3,0,0,3,3,True,0,0.8438714742660522
D06P_POS__F775,D06P_POS,multi,2,0,0,2,2,True,0,0.7901535332202911
D06P_POS__F778,D06P_POS,multi,4,0,0,4,4,True,0,0.9159057140350342
D06P_POS__F779,D06P_POS,multi,3,0,0,3,3,True,0,0.9081409374872843
D06P_POS__F78,D06P_POS,single,1,0,0,1,1,True,0,0.9399351477622986
D06P_POS__F783,D06P_POS,multi,2,2,0,2,4,False,2,0.8159925639629364
D06P_POS__F788,D06P_POS,multi,1,0,1,2,1,False,1,0.8904904127120972
D06P_POS__F790,D06P_POS,multi,2,0,1,3,2,False,1,0.8900641798973083
D06P_POS__F794,D06P_POS,multi,4,1,0,4,5,False,1,0.8919678330421448
D06P_POS__F798,D06P_POS,multi,2,0,0,2,2,True,0,0.8868969976902008
D06P_POS__F799,D06P_POS,empty,0,3,0,0,3,False,3,0.0
D06P_POS__F8,D06P_POS,empty,0,0,0,0,0,True,0,0.0
D06P_POS__F801,D06P_POS,multi,2,0,0,2,2,True,0,0.911639928817749
D06P_POS__F802,D06P_POS,multi,2,0,0,2,2,True,0,0.899367481470108
D06P_POS__F803,D06P_POS,single,1,0,0,1,1,True,0,0.7962610125541687
D06P_POS__F804,D06P_POS,single,1,0,0,1,1,True,0,0.8894056081771851
D06P_POS__F807,D06P_POS,multi,2,0,0,2,2,True,0,0.8945186734199524
D06P_POS__F808,D06P_POS,single,1,0,0,1,1,True,0,0.7514244318008423
D06P_POS__F811,D06P_POS,multi,4,0,0,4,4,True,0,0.7884605824947357
D06P_POS__F814,D06P_POS,single,1,0,0,1,1,True,0,0.8226797580718994
D06P_POS__F817,D06P_POS,single,1,0,0,1,1,True,0,0.7922482490539551
D06P_POS__F818,D06P_POS,single,1,0,0,1,1,True,0,0.878868818283081
D06P_POS__F819,D06P_POS,multi,1,0,2,3,1,False,2,0.931904673576355
D06P_POS__F820,D06P_POS,multi,0,1,2,2,1,False,1,0.0
D06P_POS__F823,D06P_POS,multi,2,0,0,2,2,True,0,0.866237074136734
D06P_POS__F826,D06P_POS,multi,3,0,0,3,3,True,0,0.8224833210309347
D06P_POS__F827,D06P_POS,multi,2,0,0,2,2,True,0,0.930904358625412
D06P_POS__F828,D06P_POS,multi,3,0,0,3,3,True,0,0.8817694584528605
D06P_POS__F83,D06P_POS,empty,0,0,0,0,0,True,0,0.0
D06P_POS__F830,D06P_POS,single,1,0,0,1,1,True,0,0.910167396068573
D06P_POS__F833,D06P_POS,multi,3,0,0,3,3,True,0,0.7987144788106283
D06P_POS__F834,D06P_POS,multi,3,1,0,3,4,False,1,0.83832186460495
D06P_POS__F837,D06P_POS,multi,3,0,1,4,3,False,1,0.8908706903457642
D06P_POS__F839,D06P_POS,multi,3,0,0,3,3,True,0,0.7721408208211263
D06P_POS__F84,D06P_POS,empty,0,0,0,0,0,True,0,0.0
D06P_POS__F843,D06P_POS,multi,2,1,0,2,3,False,1,0.8265122771263123
D06P_POS__F844,D06P_POS,multi,4,0,0,4,4,True,0,0.9191585183143616
D06P_POS__F846,D06P_POS,multi,3,0,0,3,3,True,0,0.9071401158968607
D06P_POS__F847,D06P_POS,single,1,0,0,1,1,True,0,0.8973447680473328
D06P_POS__F848,D06P_POS,single,1,0,0,1,1,True,0,0.9773183465003967
D06P_POS__F852,D06P_POS,multi,2,0,0,2,2,True,0,0.8938743770122528
D06P_POS__F856,D06P_POS,single,1,0,0,1,1,True,0,0.9173133969306946
D06P_POS__F859,D06P_POS,single,1,1,0,1,2,False,1,0.8346797823905945
D06P_POS__F860,D06P_POS,single,1,0,0,1,1,True,0,0.8859597444534302
D06P_POS__F862,D06P_POS,multi,3,2,0,3,5,False,2,0.8582963744799296
D06P_POS__F865,D06P_POS,single,1,0,0,1,1,True,0,0.9094162583351135
D06P_POS__F867,D06P_POS,multi,3,1,0,3,4,False,1,0.8980755011240641
D06P_POS__F868,D06P_POS,multi,3,1,0,3,4,False,1,0.904246985912323
D06P_POS__F869,D06P_POS,single,1,0,0,1,1,True,0,0.8823069334030151
D06P_POS__F870,D06P_POS,multi,2,0,0,2,2,True,0,0.8311605453491211
D06P_POS__F876,D06P_POS,multi,2,0,1,3,2,False,1,0.79258131980896
D06P_POS__F877,D06P_POS,multi,2,0,1,3,2,False,1,0.7924435436725616
D06P_POS__F878,D06P_POS,multi,2,0,0,2,2,True,0,0.8442604541778564
D06P_POS__F880,D06P_POS,multi,2,0,0,2,2,True,0,0.9179831445217133
D06P_POS__F881,D06P_POS,multi,2,0,0,2,2,True,0,0.9176710844039917
D06P_POS__F883,D06P_POS,multi,2,0,0,2,2,True,0,0.8639317154884338
D06P_POS__F886,D06P_POS,single,1,0,0,1,1,True,0,0.8614439964294434
D06P_POS__F887,D06P_POS,multi,3,0,0,3,3,True,0,0.8563132087389628
D06P_POS__F888,D06P_POS,multi,2,0,0,2,2,True,0,0.8588919937610626
D06P_POS__F89,D06P_POS,empty,0,0,0,0,0,True,0,0.0
D06P_POS__F890,D06P_POS,single,1,3,0,1,4,False,3,0.8149755001068115
D06P_POS__F891,D06P_POS,multi,2,0,0,2,2,True,0,0.9130648076534271
D06P_POS__F893,D06P_POS,multi,2,0,1,3,2,False,1,0.853671669960022
D06P_POS__F894,D06P_POS,multi,2,0,0,2,2,True,0,0.9027670919895172
D06P_POS__F895,D06P_POS,single,1,0,0,1,1,True,0,0.9177980422973633
D06P_POS__F896,D06P_POS,single,1,0,0,1,1,True,0,0.8754130601882935
D06P_POS__F901,D06P_POS,single,1,0,0,1,1,True,0,0.6687290668487549
D06P_POS__F905,D06P_POS,single,1,0,0,1,1,True,0,0.89823979139328
D06P_POS__F908,D06P_POS,multi,4,0,0,4,4,True,0,0.9045559167861938
D06P_POS__F91,D06P_POS,multi,2,0,0,2,2,True,0,0.8632009327411652
D06P_POS__F910,D06P_POS,multi,2,0,0,2,2,True,0,0.9028685986995697
D06P_POS__F911,D06P_POS,multi,2,0,0,2,2,True,0,0.8896474838256836
D06P_POS__F913,D06P_POS,single,1,0,0,1,1,True,0,0.8072671294212341
D06P_POS__F915,D06P_POS,multi,2,2,0,2,4,False,2,0.78402179479599
D06P_POS__F916,D06P_POS,single,1,1,0,1,2,False,1,0.6323385238647461
D06P_POS__F918,D06P_POS,multi,2,0,0,2,2,True,0,0.7422002851963043
D06P_POS__F919,D06P_POS,single,1,0,0,1,1,True,0,0.8793205618858337
D06P_POS__F922,D06P_POS,multi,1,0,1,2,1,False,1,0.89723140001297
D06P_POS__F925,D06P_POS,multi,3,1,4,7,4,False,3,0.8445536692937216
D06P_POS__F926,D06P_POS,multi,5,0,2,7,5,False,2,0.8643099784851074
D06P_POS__F927,D06P_POS,multi,2,0,0,2,2,True,0,0.8978317081928253
D06P_POS__F928,D06P_POS,multi,5,0,1,6,5,False,1,0.8565993666648865
D06P_POS__F933,D06P_POS,multi,2,0,0,2,2,True,0,0.8633144199848175
D06P_POS__F935,D06P_POS,multi,2,0,0,2,2,True,0,0.831121951341629
D06P_POS__F936,D06P_POS,single,1,0,0,1,1,True,0,0.9382591247558594
D06P_POS__F937,D06P_POS,multi,3,0,0,3,3,True,0,0.7501745025316874
D06P_POS__F938,D06P_POS,multi,2,0,0,2,2,True,0,0.864806056022644
D06P_POS__F940,D06P_POS,single,1,0,0,1,1,True,0,0.9183543920516968
D06P_POS__F941,D06P_POS,multi,3,0,0,3,3,True,0,0.9254215955734253
D06P_POS__F942,D06P_POS,multi,2,0,0,2,2,True,0,0.8386661410331726
D06P_POS__F946,D06P_POS,multi,2,0,0,2,2,True,0,0.8381383419036865
D06P_POS__F947,D06P_POS,multi,2,0,0,2,2,True,0,0.8844220042228699
D06P_POS__F949,D06P_POS,multi,3,0,1,4,3,False,1,0.95213516553243
D06P_POS__F95,D06P_POS,single,1,0,0,1,1,True,0,0.936053454875946
D06P_POS__F954,D06P_POS,multi,2,1,1,3,3,True,0,0.8554675877094269
D06P_POS__F957,D06P_POS,multi,3,0,0,3,3,True,0,0.8954610824584961
D06P_POS__F959,D06P_POS,multi,4,0,1,5,4,False,1,0.844490721821785
D06P_POS__F960,D06P_POS,multi,3,0,0,3,3,True,0,0.929180900255839
D06P_POS__F962,D06P_POS,multi,2,0,0,2,2,True,0,0.9065852463245392
D06P_POS__F965,D06P_POS,multi,2,0,0,2,2,True,0,0.8794568777084351
D06P_POS__F970,D06P_POS,single,1,1,0,1,2,False,1,0.8685500025749207
D06P_POS__F974,D06P_POS,multi,4,0,0,4,4,True,0,0.9261100441217422
D06P_POS__F980,D06P_POS,multi,2,0,0,2,2,True,0,0.9075076580047607
D06P_POS__F985,D06P_POS,single,1,0,0,1,1,True,0,0.8755793571472168
D06P_POS__F986,D06P_POS,single,1,0,0,1,1,True,0,0.8728910684585571
D06P_POS__F987,D06P_POS,single,1,2,0,1,3,False,2,0.5992045998573303
D06P_POS__F988,D06P_POS,single,1,0,0,1,1,True,0,0.9282782673835754
D06P_POS__F989,D06P_POS,multi,2,0,0,2,2,True,0,0.8739625811576843
D06P_POS__F992,D06P_POS,multi,3,0,0,3,3,True,0,0.9248027205467224
D06P_POS__F993,D06P_POS,multi,3,0,0,3,3,True,0,0.8720380266507467
D06P_POS__F994,D06P_POS,multi,3,1,0,3,4,False,1,0.8682120045026144
D06P_POS__F997,D06P_POS,multi,3,0,0,3,3,True,0,0.8356881737709045
D06P_POS__F999,D06P_POS,multi,4,0,0,4,4,True,0,0.9051235914230347
NIST_Full scan_2_NEG__F100,NIST_Full scan_2_NEG,multi,2,0,1,3,2,False,1,0.5482310354709625
NIST_Full scan_2_NEG__F1005,NIST_Full scan_2_NEG,empty,0,0,0,0,0,True,0,0.0
NIST_Full scan_2_NEG__F1011,NIST_Full scan_2_NEG,single,1,1,0,1,2,False,1,0.7080719470977783
NIST_Full scan_2_NEG__F1018,NIST_Full scan_2_NEG,single,1,0,0,1,1,True,0,0.9373336434364319
NIST_Full scan_2_NEG__F1019,NIST_Full scan_2_NEG,single,1,0,0,1,1,True,0,0.7396895289421082
NIST_Full scan_2_NEG__F1026,NIST_Full scan_2_NEG,single,1,0,0,1,1,True,0,0.556015133857727
NIST_Full scan_2_NEG__F1034,NIST_Full scan_2_NEG,single,1,0,0,1,1,True,0,0.8033589124679565
NIST_Full scan_2_NEG__F1035,NIST_Full scan_2_NEG,single,1,0,0,1,1,True,0,0.8695062398910522
NIST_Full scan_2_NEG__F1038,NIST_Full scan_2_NEG,single,1,0,0,1,1,True,0,0.8971481919288635
NIST_Full scan_2_NEG__F1042,NIST_Full scan_2_NEG,single,1,0,0,1,1,True,0,0.8784414529800415
NIST_Full scan_2_NEG__F1045,NIST_Full scan_2_NEG,single,1,0,0,1,1,True,0,0.809983491897583
NIST_Full scan_2_NEG__F1048,NIST_Full scan_2_NEG,single,0,1,1,1,1,True,0,0.0
NIST_Full scan_2_NEG__F1051,NIST_Full scan_2_NEG,empty,0,0,0,0,0,True,0,0.0
NIST_Full scan_2_NEG__F1055,NIST_Full scan_2_NEG,single,1,0,0,1,1,True,0,0.808127224445343
NIST_Full scan_2_NEG__F1058,NIST_Full scan_2_NEG,single,1,0,0,1,1,True,0,0.7900204658508301
NIST_Full scan_2_NEG__F1062,NIST_Full scan_2_NEG,single,1,0,0,1,1,True,0,0.8867191076278687
NIST_Full scan_2_NEG__F1072,NIST_Full scan_2_NEG,single,1,0,0,1,1,True,0,0.7651168704032898
NIST_Full scan_2_NEG__F1084,NIST_Full scan_2_NEG,empty,0,0,0,0,0,True,0,0.0
NIST_Full scan_2_NEG__F1085,NIST_Full scan_2_NEG,empty,0,1,0,0,1,False,1,0.0
NIST_Full scan_2_NEG__F1086,NIST_Full scan_2_NEG,multi,1,0,1,2,1,False,1,0.8604519963264465
NIST_Full scan_2_NEG__F1090,NIST_Full scan_2_NEG,multi,2,0,0,2,2,True,0,0.8478314578533173
NIST_Full scan_2_NEG__F1095,NIST_Full scan_2_NEG,multi,1,0,1,2,1,False,1,0.7765083909034729
NIST_Full scan_2_NEG__F1101,NIST_Full scan_2_NEG,empty,0,0,0,0,0,True,0,0.0
NIST_Full scan_2_NEG__F1105,NIST_Full scan_2_NEG,single,1,0,0,1,1,True,0,0.9432072043418884
NIST_Full scan_2_NEG__F1110,NIST_Full scan_2_NEG,multi,2,0,0,2,2,True,0,0.892704427242279
NIST_Full scan_2_NEG__F1111,NIST_Full scan_2_NEG,multi,2,0,0,2,2,True,0,0.8201796412467957
NIST_Full scan_2_NEG__F1113,NIST_Full scan_2_NEG,single,1,0,0,1,1,True,0,0.7409297823905945
NIST_Full scan_2_NEG__F1114,NIST_Full scan_2_NEG,multi,2,0,0,2,2,True,0,0.8982626497745514
NIST_Full scan_2_NEG__F1118,NIST_Full scan_2_NEG,single,1,0,0,1,1,True,0,0.9613192081451416
NIST_Full scan_2_NEG__F112,NIST_Full scan_2_NEG,multi,1,0,2,3,1,False,2,0.9198699593544006
NIST_Full scan_2_NEG__F1122,NIST_Full scan_2_NEG,single,1,1,0,1,2,False,1,0.9766991138458252
NIST_Full scan_2_NEG__F1125,NIST_Full scan_2_NEG,single,1,0,0,1,1,True,0,0.7204398512840271
NIST_Full scan_2_NEG__F1126,NIST_Full scan_2_NEG,single,1,0,0,1,1,True,0,0.9088221192359924
NIST_Full scan_2_NEG__F1132,NIST_Full scan_2_NEG,single,1,1,0,1,2,False,1,0.939458966255188
NIST_Full scan_2_NEG__F1134,NIST_Full scan_2_NEG,multi,2,0,0,2,2,True,0,0.8884259760379791
NIST_Full scan_2_NEG__F1147,NIST_Full scan_2_NEG,empty,0,0,0,0,0,True,0,0.0
NIST_Full scan_2_NEG__F1152,NIST_Full scan_2_NEG,empty,0,0,0,0,0,True,0,0.0
NIST_Full scan_2_NEG__F1160,NIST_Full scan_2_NEG,multi,1,0,1,2,1,False,1,0.9246010780334473
NIST_Full scan_2_NEG__F1171,NIST_Full scan_2_NEG,empty,0,0,0,0,0,True,0,0.0
NIST_Full scan_2_NEG__F1174,NIST_Full scan_2_NEG,single,1,0,0,1,1,True,0,0.8621750473976135
NIST_Full scan_2_NEG__F1177,NIST_Full scan_2_NEG,multi,2,0,0,2,2,True,0,0.898068904876709
NIST_Full scan_2_NEG__F1178,NIST_Full scan_2_NEG,single,0,1,1,1,1,True,0,0.0
NIST_Full scan_2_NEG__F1179,NIST_Full scan_2_NEG,empty,0,1,0,0,1,False,1,0.0
NIST_Full scan_2_NEG__F1182,NIST_Full scan_2_NEG,empty,0,0,0,0,0,True,0,0.0
NIST_Full scan_2_NEG__F119,NIST_Full scan_2_NEG,empty,0,0,0,0,0,True,0,0.0
NIST_Full scan_2_NEG__F1191,NIST_Full scan_2_NEG,empty,0,0,0,0,0,True,0,0.0
NIST_Full scan_2_NEG__F1195,NIST_Full scan_2_NEG,single,1,0,0,1,1,True,0,0.8775196075439453
NIST_Full scan_2_NEG__F1197,NIST_Full scan_2_NEG,multi,2,0,0,2,2,True,0,0.9265962541103363
NIST_Full scan_2_NEG__F121,NIST_Full scan_2_NEG,single,1,0,0,1,1,True,0,0.7774397134780884
NIST_Full scan_2_NEG__F1212,NIST_Full scan_2_NEG,empty,0,0,0,0,0,True,0,0.0
NIST_Full scan_2_NEG__F1217,NIST_Full scan_2_NEG,multi,3,0,0,3,3,True,0,0.9053761760393778
NIST_Full scan_2_NEG__F1221,NIST_Full scan_2_NEG,empty,0,0,0,0,0,True,0,0.0
NIST_Full scan_2_NEG__F1222,NIST_Full scan_2_NEG,multi,2,0,0,2,2,True,0,0.8511138558387756
NIST_Full scan_2_NEG__F1224,NIST_Full scan_2_NEG,empty,0,0,0,0,0,True,0,0.0
NIST_Full scan_2_NEG__F1229,NIST_Full scan_2_NEG,single,1,0,0,1,1,True,0,0.9585336446762085
NIST_Full scan_2_NEG__F1233,NIST_Full scan_2_NEG,empty,0,0,0,0,0,True,0,0.0
NIST_Full scan_2_NEG__F1238,NIST_Full scan_2_NEG,empty,0,0,0,0,0,True,0,0.0
NIST_Full scan_2_NEG__F1242,NIST_Full scan_2_NEG,empty,0,0,0,0,0,True,0,0.0
NIST_Full scan_2_NEG__F1259,NIST_Full scan_2_NEG,multi,2,1,0,2,3,False,1,0.804516077041626
NIST_Full scan_2_NEG__F1261,NIST_Full scan_2_NEG,empty,0,0,0,0,0,True,0,0.0
NIST_Full scan_2_NEG__F1262,NIST_Full scan_2_NEG,single,1,0,0,1,1,True,0,0.7608245015144348
NIST_Full scan_2_NEG__F1265,NIST_Full scan_2_NEG,empty,0,0,0,0,0,True,0,0.0
NIST_Full scan_2_NEG__F1267,NIST_Full scan_2_NEG,empty,0,1,0,0,1,False,1,0.0
NIST_Full scan_2_NEG__F1272,NIST_Full scan_2_NEG,multi,1,1,1,2,2,True,0,0.8625056147575378
NIST_Full scan_2_NEG__F129,NIST_Full scan_2_NEG,single,1,0,0,1,1,True,0,0.9100310802459717
NIST_Full scan_2_NEG__F1290,NIST_Full scan_2_NEG,single,1,0,0,1,1,True,0,0.7652984261512756
NIST_Full scan_2_NEG__F1293,NIST_Full scan_2_NEG,multi,1,1,1,2,2,True,0,0.8914685845375061
NIST_Full scan_2_NEG__F1294,NIST_Full scan_2_NEG,multi,1,1,1,2,2,True,0,0.8196590542793274
NIST_Full scan_2_NEG__F1299,NIST_Full scan_2_NEG,multi,2,0,0,2,2,True,0,0.900325208902359
NIST_Full scan_2_NEG__F1302,NIST_Full scan_2_NEG,multi,1,2,1,2,3,False,1,0.9160476326942444
NIST_Full scan_2_NEG__F1309,NIST_Full scan_2_NEG,multi,1,3,1,2,4,False,2,0.919540524482727
NIST_Full scan_2_NEG__F1310,NIST_Full scan_2_NEG,single,1,0,0,1,1,True,0,0.9584428071975708
NIST_Full scan_2_NEG__F1311,NIST_Full scan_2_NEG,empty,0,1,0,0,1,False,1,0.0
NIST_Full scan_2_NEG__F1314,NIST_Full scan_2_NEG,empty,0,0,0,0,0,True,0,0.0
NIST_Full scan_2_NEG__F1317,NIST_Full scan_2_NEG,empty,0,0,0,0,0,True,0,0.0
NIST_Full scan_2_NEG__F1321,NIST_Full scan_2_NEG,single,1,0,0,1,1,True,0,0.9164047837257385
NIST_Full scan_2_NEG__F1337,NIST_Full scan_2_NEG,multi,2,0,2,4,2,False,2,0.888076514005661
NIST_Full scan_2_NEG__F1339,NIST_Full scan_2_NEG,multi,2,0,0,2,2,True,0,0.8720635771751404
NIST_Full scan_2_NEG__F1341,NIST_Full scan_2_NEG,single,1,0,0,1,1,True,0,0.8684282898902893
NIST_Full scan_2_NEG__F1345,NIST_Full scan_2_NEG,multi,2,0,0,2,2,True,0,0.9076968431472778
NIST_Full scan_2_NEG__F1352,NIST_Full scan_2_NEG,single,1,1,0,1,2,False,1,0.9721813201904297
NIST_Full scan_2_NEG__F1353,NIST_Full scan_2_NEG,multi,3,1,0,3,4,False,1,0.8859626849492391
NIST_Full scan_2_NEG__F1362,NIST_Full scan_2_NEG,single,1,0,0,1,1,True,0,0.8607251048088074
NIST_Full scan_2_NEG__F1367,NIST_Full scan_2_NEG,single,1,0,0,1,1,True,0,0.8554869294166565
NIST_Full scan_2_NEG__F1380,NIST_Full scan_2_NEG,multi,3,0,0,3,3,True,0,0.8811938166618347
NIST_Full scan_2_NEG__F1381,NIST_Full scan_2_NEG,multi,1,0,1,2,1,False,1,0.969735860824585
NIST_Full scan_2_NEG__F1394,NIST_Full scan_2_NEG,multi,3,0,0,3,3,True,0,0.8944401741027832
NIST_Full scan_2_NEG__F1395,NIST_Full scan_2_NEG,empty,0,0,0,0,0,True,0,0.0
NIST_Full scan_2_NEG__F14,NIST_Full scan_2_NEG,empty,0,0,0,0,0,True,0,0.0
NIST_Full scan_2_NEG__F1402,NIST_Full scan_2_NEG,multi,2,0,0,2,2,True,0,0.89253830909729
NIST_Full scan_2_NEG__F1403,NIST_Full scan_2_NEG,multi,2,0,0,2,2,True,0,0.8306500613689423
NIST_Full scan_2_NEG__F1404,NIST_Full scan_2_NEG,multi,1,0,1,2,1,False,1,0.9109055399894714
NIST_Full scan_2_NEG__F1406,NIST_Full scan_2_NEG,single,1,1,0,1,2,False,1,0.6092886924743652
NIST_Full scan_2_NEG__F1411,NIST_Full scan_2_NEG,single,1,0,0,1,1,True,0,0.7983017563819885
NIST_Full scan_2_NEG__F1412,NIST_Full scan_2_NEG,multi,0,1,2,2,1,False,1,0.0
NIST_Full scan_2_NEG__F1422,NIST_Full scan_2_NEG,empty,0,0,0,0,0,True,0,0.0
NIST_Full scan_2_NEG__F1424,NIST_Full scan_2_NEG,multi,4,0,0,4,4,True,0,0.8549196422100067
NIST_Full scan_2_NEG__F1430,NIST_Full scan_2_NEG,multi,2,0,0,2,2,True,0,0.8807812929153442
NIST_Full scan_2_NEG__F1431,NIST_Full scan_2_NEG,single,1,0,0,1,1,True,0,0.9512453079223633
NIST_Full scan_2_NEG__F1436,NIST_Full scan_2_NEG,single,0,0,1,1,0,False,1,0.0
NIST_Full scan_2_NEG__F1438,NIST_Full scan_2_NEG,single,1,0,0,1,1,True,0,0.8841468095779419
NIST_Full scan_2_NEG__F1442,NIST_Full scan_2_NEG,single,0,2,1,1,2,False,1,0.0
NIST_Full scan_2_NEG__F1448,NIST_Full scan_2_NEG,empty,0,0,0,0,0,True,0,0.0
NIST_Full scan_2_NEG__F1453,NIST_Full scan_2_NEG,empty,0,0,0,0,0,True,0,0.0
NIST_Full scan_2_NEG__F1454,NIST_Full scan_2_NEG,single,1,2,0,1,3,False,2,0.8556067943572998
NIST_Full scan_2_NEG__F1457,NIST_Full scan_2_NEG,single,0,1,1,1,1,True,0,0.0
NIST_Full scan_2_NEG__F1458,NIST_Full scan_2_NEG,single,1,0,0,1,1,True,0,0.6318291425704956
NIST_Full scan_2_NEG__F1459,NIST_Full scan_2_NEG,multi,3,1,0,3,4,False,1,0.9279049436251322
NIST_Full scan_2_NEG__F1460,NIST_Full scan_2_NEG,multi,0,0,2,2,0,False,2,0.0
NIST_Full scan_2_NEG__F1462,NIST_Full scan_2_NEG,multi,1,0,1,2,1,False,1,0.7666820287704468
NIST_Full scan_2_NEG__F1473,NIST_Full scan_2_NEG,single,1,0,0,1,1,True,0,0.8284873366355896
NIST_Full scan_2_NEG__F1476,NIST_Full scan_2_NEG,empty,0,0,0,0,0,True,0,0.0
NIST_Full scan_2_NEG__F1477,NIST_Full scan_2_NEG,single,1,0,0,1,1,True,0,0.8896846175193787
NIST_Full scan_2_NEG__F1481,NIST_Full scan_2_NEG,single,1,0,0,1,1,True,0,0.7953532338142395
NIST_Full scan_2_NEG__F1484,NIST_Full scan_2_NEG,single,1,0,0,1,1,True,0,0.8425478935241699
NIST_Full scan_2_NEG__F1495,NIST_Full scan_2_NEG,multi,3,0,0,3,3,True,0,0.9182313084602356
NIST_Full scan_2_NEG__F150,NIST_Full scan_2_NEG,empty,0,0,0,0,0,True,0,0.0
NIST_Full scan_2_NEG__F1502,NIST_Full scan_2_NEG,empty,0,0,0,0,0,True,0,0.0
NIST_Full scan_2_NEG__F1504,NIST_Full scan_2_NEG,single,1,0,0,1,1,True,0,0.8070093989372253
NIST_Full scan_2_NEG__F1509,NIST_Full scan_2_NEG,multi,1,0,1,2,1,False,1,0.8600941896438599
NIST_Full scan_2_NEG__F1511,NIST_Full scan_2_NEG,single,1,2,0,1,3,False,2,0.5330163240432739
NIST_Full scan_2_NEG__F1513,NIST_Full scan_2_NEG,single,0,3,1,1,3,False,2,0.0
NIST_Full scan_2_NEG__F1522,NIST_Full scan_2_NEG,single,1,0,0,1,1,True,0,0.9647662043571472
NIST_Full scan_2_NEG__F1533,NIST_Full scan_2_NEG,multi,3,0,0,3,3,True,0,0.7783025900522867
NIST_Full scan_2_NEG__F1534,NIST_Full scan_2_NEG,multi,3,0,0,3,3,True,0,0.7886610627174377
NIST_Full scan_2_NEG__F1536,NIST_Full scan_2_NEG,single,1,0,0,1,1,True,0,0.8742926120758057
NIST_Full scan_2_NEG__F1538,NIST_Full scan_2_NEG,multi,2,0,1,3,2,False,1,0.9286943078041077
NIST_Full scan_2_NEG__F1539,NIST_Full scan_2_NEG,single,1,0,0,1,1,True,0,0.9237025380134583
NIST_Full scan_2_NEG__F1542,NIST_Full scan_2_NEG,empty,0,0,0,0,0,True,0,0.0
NIST_Full scan_2_NEG__F1552,NIST_Full scan_2_NEG,empty,0,0,0,0,0,True,0,0.0
NIST_Full scan_2_NEG__F1559,NIST_Full scan_2_NEG,single,1,1,0,1,2,False,1,0.8792881965637207
NIST_Full scan_2_NEG__F1563,NIST_Full scan_2_NEG,single,1,0,0,1,1,True,0,0.9459165930747986
NIST_Full scan_2_NEG__F1564,NIST_Full scan_2_NEG,empty,0,0,0,0,0,True,0,0.0
NIST_Full scan_2_NEG__F1566,NIST_Full scan_2_NEG,single,0,2,1,1,2,False,1,0.0
NIST_Full scan_2_NEG__F1567,NIST_Full scan_2_NEG,multi,2,0,0,2,2,True,0,0.8737183511257172
NIST_Full scan_2_NEG__F1568,NIST_Full scan_2_NEG,empty,0,0,0,0,0,True,0,0.0
NIST_Full scan_2_NEG__F1576,NIST_Full scan_2_NEG,single,0,1,1,1,1,True,0,0.0
NIST_Full scan_2_NEG__F1578,NIST_Full scan_2_NEG,single,1,0,0,1,1,True,0,0.8921003937721252
NIST_Full scan_2_NEG__F158,NIST_Full scan_2_NEG,empty,0,0,0,0,0,True,0,0.0
NIST_Full scan_2_NEG__F1581,NIST_Full scan_2_NEG,empty,0,0,0,0,0,True,0,0.0
NIST_Full scan_2_NEG__F1585,NIST_Full scan_2_NEG,single,1,0,0,1,1,True,0,0.8911587595939636
NIST_Full scan_2_NEG__F1594,NIST_Full scan_2_NEG,empty,0,1,0,0,1,False,1,0.0
NIST_Full scan_2_NEG__F1602,NIST_Full scan_2_NEG,empty,0,0,0,0,0,True,0,0.0
NIST_Full scan_2_NEG__F1603,NIST_Full scan_2_NEG,multi,2,0,0,2,2,True,0,0.9386768639087677
NIST_Full scan_2_NEG__F1605,NIST_Full scan_2_NEG,single,1,0,0,1,1,True,0,0.8350409269332886
NIST_Full scan_2_NEG__F1609,NIST_Full scan_2_NEG,multi,2,1,0,2,3,False,1,0.9282846748828888
NIST_Full scan_2_NEG__F1613,NIST_Full scan_2_NEG,multi,2,0,0,2,2,True,0,0.862345278263092
NIST_Full scan_2_NEG__F1627,NIST_Full scan_2_NEG,multi,2,0,0,2,2,True,0,0.9284159541130066
NIST_Full scan_2_NEG__F1629,NIST_Full scan_2_NEG,single,1,0,0,1,1,True,0,0.9378274083137512
NIST_Full scan_2_NEG__F163,NIST_Full scan_2_NEG,single,1,0,0,1,1,True,0,0.5575048327445984
NIST_Full scan_2_NEG__F1630,NIST_Full scan_2_NEG,single,1,0,0,1,1,True,0,0.8284667134284973
NIST_Full scan_2_NEG__F164,NIST_Full scan_2_NEG,single,1,0,0,1,1,True,0,0.9016276001930237
NIST_Full scan_2_NEG__F1640,NIST_Full scan_2_NEG,empty,0,0,0,0,0,True,0,0.0
NIST_Full scan_2_NEG__F1646,NIST_Full scan_2_NEG,empty,0,1,0,0,1,False,1,0.0
NIST_Full scan_2_NEG__F1653,NIST_Full scan_2_NEG,single,1,0,0,1,1,True,0,0.8717330098152161
NIST_Full scan_2_NEG__F1666,NIST_Full scan_2_NEG,single,1,0,0,1,1,True,0,0.9455443620681763
NIST_Full scan_2_NEG__F1674,NIST_Full scan_2_NEG,single,0,2,1,1,2,False,1,0.0
NIST_Full scan_2_NEG__F1675,NIST_Full scan_2_NEG,single,1,0,0,1,1,True,0,0.8601083755493164
NIST_Full scan_2_NEG__F1678,NIST_Full scan_2_NEG,single,1,0,0,1,1,True,0,0.8828786015510559
NIST_Full scan_2_NEG__F169,NIST_Full scan_2_NEG,single,1,0,0,1,1,True,0,0.8264768123626709
NIST_Full scan_2_NEG__F1690,NIST_Full scan_2_NEG,empty,0,0,0,0,0,True,0,0.0
NIST_Full scan_2_NEG__F1691,NIST_Full scan_2_NEG,single,1,0,0,1,1,True,0,0.5495556592941284
NIST_Full scan_2_NEG__F1692,NIST_Full scan_2_NEG,single,1,0,0,1,1,True,0,0.9127136468887329
NIST_Full scan_2_NEG__F1698,NIST_Full scan_2_NEG,single,1,0,0,1,1,True,0,0.903537392616272
NIST_Full scan_2_NEG__F1712,NIST_Full scan_2_NEG,single,0,1,1,1,1,True,0,0.0
NIST_Full scan_2_NEG__F1722,NIST_Full scan_2_NEG,single,1,0,0,1,1,True,0,0.9425322413444519
NIST_Full scan_2_NEG__F1725,NIST_Full scan_2_NEG,single,1,0,0,1,1,True,0,0.940768301486969
NIST_Full scan_2_NEG__F1726,NIST_Full scan_2_NEG,empty,0,0,0,0,0,True,0,0.0
NIST_Full scan_2_NEG__F1730,NIST_Full scan_2_NEG,multi,3,0,0,3,3,True,0,0.9250202576319376
NIST_Full scan_2_NEG__F1731,NIST_Full scan_2_NEG,single,1,0,0,1,1,True,0,0.7387871146202087
NIST_Full scan_2_NEG__F1732,NIST_Full scan_2_NEG,single,1,0,0,1,1,True,0,0.9232857823371887
NIST_Full scan_2_NEG__F1736,NIST_Full scan_2_NEG,multi,1,0,1,2,1,False,1,0.7973133325576782
NIST_Full scan_2_NEG__F1737,NIST_Full scan_2_NEG,multi,2,0,0,2,2,True,0,0.8076190054416656
NIST_Full scan_2_NEG__F174,NIST_Full scan_2_NEG,single,1,0,0,1,1,True,0,0.8938009142875671
NIST_Full scan_2_NEG__F1744,NIST_Full scan_2_NEG,multi,2,0,0,2,2,True,0,0.9453685581684113
NIST_Full scan_2_NEG__F1753,NIST_Full scan_2_NEG,multi,2,1,0,2,3,False,1,0.8887633383274078
NIST_Full scan_2_NEG__F1755,NIST_Full scan_2_NEG,single,1,0,0,1,1,True,0,0.8956848978996277
NIST_Full scan_2_NEG__F1756,NIST_Full scan_2_NEG,multi,2,0,0,2,2,True,0,0.9404662251472473
NIST_Full scan_2_NEG__F1757,NIST_Full scan_2_NEG,multi,1,0,1,2,1,False,1,0.9257010817527771
NIST_Full scan_2_NEG__F176,NIST_Full scan_2_NEG,empty,0,0,0,0,0,True,0,0.0
NIST_Full scan_2_NEG__F1761,NIST_Full scan_2_NEG,empty,0,2,0,0,2,False,2,0.0
NIST_Full scan_2_NEG__F1766,NIST_Full scan_2_NEG,single,1,0,0,1,1,True,0,0.9462669491767883
NIST_Full scan_2_NEG__F1770,NIST_Full scan_2_NEG,single,0,2,1,1,2,False,1,0.0
NIST_Full scan_2_NEG__F1776,NIST_Full scan_2_NEG,multi,3,0,0,3,3,True,0,0.8437354763348898
NIST_Full scan_2_NEG__F178,NIST_Full scan_2_NEG,single,1,0,0,1,1,True,0,0.8796277642250061
NIST_Full scan_2_NEG__F1784,NIST_Full scan_2_NEG,multi,2,0,0,2,2,True,0,0.9059356451034546
NIST_Full scan_2_NEG__F1798,NIST_Full scan_2_NEG,single,1,0,0,1,1,True,0,0.9348476529121399
NIST_Full scan_2_NEG__F180,NIST_Full scan_2_NEG,single,0,0,1,1,0,False,1,0.0
NIST_Full scan_2_NEG__F1802,NIST_Full scan_2_NEG,multi,3,0,1,4,3,False,1,0.911385695139567
NIST_Full scan_2_NEG__F1805,NIST_Full scan_2_NEG,single,1,0,0,1,1,True,0,0.9556193351745605
NIST_Full scan_2_NEG__F1808,NIST_Full scan_2_NEG,multi,3,0,0,3,3,True,0,0.8228172659873962
NIST_Full scan_2_NEG__F1809,NIST_Full scan_2_NEG,empty,0,1,0,0,1,False,1,0.0
NIST_Full scan_2_NEG__F1816,NIST_Full scan_2_NEG,multi,2,0,0,2,2,True,0,0.8960782289505005
NIST_Full scan_2_NEG__F1831,NIST_Full scan_2_NEG,multi,2,0,0,2,2,True,0,0.8498371243476868
NIST_Full scan_2_NEG__F1832,NIST_Full scan_2_NEG,empty,0,0,0,0,0,True,0,0.0
NIST_Full scan_2_NEG__F1833,NIST_Full scan_2_NEG,single,1,0,0,1,1,True,0,0.9333703517913818
NIST_Full scan_2_NEG__F1843,NIST_Full scan_2_NEG,single,1,0,0,1,1,True,0,0.7656481266021729
NIST_Full scan_2_NEG__F1850,NIST_Full scan_2_NEG,empty,0,1,0,0,1,False,1,0.0
NIST_Full scan_2_NEG__F1855,NIST_Full scan_2_NEG,single,1,0,0,1,1,True,0,0.9422444105148315
NIST_Full scan_2_NEG__F1860,NIST_Full scan_2_NEG,multi,2,1,0,2,3,False,1,0.7742961645126343
NIST_Full scan_2_NEG__F1862,NIST_Full scan_2_NEG,single,1,1,0,1,2,False,1,0.5903100371360779
NIST_Full scan_2_NEG__F1863,NIST_Full scan_2_NEG,single,1,1,0,1,2,False,1,0.9036734700202942
NIST_Full scan_2_NEG__F1869,NIST_Full scan_2_NEG,multi,2,0,0,2,2,True,0,0.8672785460948944
NIST_Full scan_2_NEG__F1871,NIST_Full scan_2_NEG,single,1,0,0,1,1,True,0,0.9194079041481018
NIST_Full scan_2_NEG__F1872,NIST_Full scan_2_NEG,single,1,0,0,1,1,True,0,0.9464383125305176
NIST_Full scan_2_NEG__F1878,NIST_Full scan_2_NEG,empty,0,0,0,0,0,True,0,0.0
NIST_Full scan_2_NEG__F189,NIST_Full scan_2_NEG,empty,0,0,0,0,0,True,0,0.0
NIST_Full scan_2_NEG__F1890,NIST_Full scan_2_NEG,multi,2,0,0,2,2,True,0,0.8038224577903748
NIST_Full scan_2_NEG__F1897,NIST_Full scan_2_NEG,single,1,0,0,1,1,True,0,0.9586291313171387
NIST_Full scan_2_NEG__F1898,NIST_Full scan_2_NEG,single,1,0,0,1,1,True,0,0.8735685348510742
NIST_Full scan_2_NEG__F19,NIST_Full scan_2_NEG,single,1,0,0,1,1,True,0,0.883987307548523
NIST_Full scan_2_NEG__F1903,NIST_Full scan_2_NEG,multi,2,0,0,2,2,True,0,0.9181955456733704
NIST_Full scan_2_NEG__F1908,NIST_Full scan_2_NEG,multi,1,0,1,2,1,False,1,0.9418314695358276
NIST_Full scan_2_NEG__F1913,NIST_Full scan_2_NEG,single,1,0,0,1,1,True,0,0.8696508407592773
NIST_Full scan_2_NEG__F1919,NIST_Full scan_2_NEG,single,1,0,0,1,1,True,0,0.8558641672134399
NIST_Full scan_2_NEG__F1921,NIST_Full scan_2_NEG,single,1,0,0,1,1,True,0,0.8962644934654236
NIST_Full scan_2_NEG__F1929,NIST_Full scan_2_NEG,empty,0,1,0,0,1,False,1,0.0
NIST_Full scan_2_NEG__F1934,NIST_Full scan_2_NEG,multi,2,0,0,2,2,True,0,0.8017164468765259
NIST_Full scan_2_NEG__F1935,NIST_Full scan_2_NEG,multi,2,1,4,6,3,False,3,0.8429452776908875
NIST_Full scan_2_NEG__F1936,NIST_Full scan_2_NEG,multi,2,1,4,6,3,False,3,0.828078955411911
NIST_Full scan_2_NEG__F1938,NIST_Full scan_2_NEG,single,1,0,0,1,1,True,0,0.9469344019889832
NIST_Full scan_2_NEG__F1942,NIST_Full scan_2_NEG,multi,2,1,0,2,3,False,1,0.8291077315807343
NIST_Full scan_2_NEG__F1949,NIST_Full scan_2_NEG,single,1,0,0,1,1,True,0,0.8360204100608826
NIST_Full scan_2_NEG__F195,NIST_Full scan_2_NEG,single,1,0,0,1,1,True,0,0.8867658972740173
NIST_Full scan_2_NEG__F1959,NIST_Full scan_2_NEG,single,1,0,0,1,1,True,0,0.9579155445098877
NIST_Full scan_2_NEG__F1964,NIST_Full scan_2_NEG,multi,3,0,1,4,3,False,1,0.8638538519541422
NIST_Full scan_2_NEG__F1966,NIST_Full scan_2_NEG,multi,2,0,0,2,2,True,0,0.7910236120223999
NIST_Full scan_2_NEG__F197,NIST_Full scan_2_NEG,empty,0,0,0,0,0,True,0,0.0
NIST_Full scan_2_NEG__F1971,NIST_Full scan_2_NEG,multi,2,0,0,2,2,True,0,0.9362596869468689
NIST_Full scan_2_NEG__F1972,NIST_Full scan_2_NEG,multi,2,0,0,2,2,True,0,0.8476635813713074
NIST_Full scan_2_NEG__F1973,NIST_Full scan_2_NEG,single,1,0,0,1,1,True,0,0.9657068252563477
NIST_Full scan_2_NEG__F1984,NIST_Full scan_2_NEG,single,1,0,0,1,1,True,0,0.9083918333053589
NIST_Full scan_2_NEG__F2002,NIST_Full scan_2_NEG,empty,0,0,0,0,0,True,0,0.0
NIST_Full scan_2_NEG__F2009,NIST_Full scan_2_NEG,single,1,0,0,1,1,True,0,0.9389262795448303
NIST_Full scan_2_NEG__F2010,NIST_Full scan_2_NEG,single,1,0,0,1,1,True,0,0.9360970258712769
NIST_Full scan_2_NEG__F2012,NIST_Full scan_2_NEG,multi,2,0,0,2,2,True,0,0.8505472838878632
NIST_Full scan_2_NEG__F2013,NIST_Full scan_2_NEG,empty,0,1,0,0,1,False,1,0.0
NIST_Full scan_2_NEG__F2014,NIST_Full scan_2_NEG,single,1,0,0,1,1,True,0,0.9487811326980591
NIST_Full scan_2_NEG__F2021,NIST_Full scan_2_NEG,multi,3,0,0,3,3,True,0,0.9272986849149069
NIST_Full scan_2_NEG__F2031,NIST_Full scan_2_NEG,single,1,0,0,1,1,True,0,0.885949969291687
NIST_Full scan_2_NEG__F2032,NIST_Full scan_2_NEG,empty,0,0,0,0,0,True,0,0.0
NIST_Full scan_2_NEG__F2059,NIST_Full scan_2_NEG,multi,2,1,0,2,3,False,1,0.9456193149089813
NIST_Full scan_2_NEG__F206,NIST_Full scan_2_NEG,single,1,0,0,1,1,True,0,0.7906440496444702
NIST_Full scan_2_NEG__F2060,NIST_Full scan_2_NEG,multi,2,0,0,2,2,True,0,0.9220678508281708
NIST_Full scan_2_NEG__F2076,NIST_Full scan_2_NEG,multi,2,0,0,2,2,True,0,0.9253977239131927
NIST_Full scan_2_NEG__F2081,NIST_Full scan_2_NEG,single,1,0,0,1,1,True,0,0.9625971913337708
NIST_Full scan_2_NEG__F2084,NIST_Full scan_2_NEG,single,1,0,0,1,1,True,0,0.7412030100822449
NIST_Full scan_2_NEG__F2087,NIST_Full scan_2_NEG,single,1,0,0,1,1,True,0,0.9335324168205261
NIST_Full scan_2_NEG__F2088,NIST_Full scan_2_NEG,single,1,0,0,1,1,True,0,0.9011632204055786
NIST_Full scan_2_NEG__F2092,NIST_Full scan_2_NEG,single,1,0,0,1,1,True,0,0.8356294631958008
NIST_Full scan_2_NEG__F21,NIST_Full scan_2_NEG,empty,0,0,0,0,0,True,0,0.0
NIST_Full scan_2_NEG__F2101,NIST_Full scan_2_NEG,multi,2,0,1,3,2,False,1,0.8386383652687073
NIST_Full scan_2_NEG__F2107,NIST_Full scan_2_NEG,single,1,0,0,1,1,True,0,0.9409463405609131
NIST_Full scan_2_NEG__F2112,NIST_Full scan_2_NEG,empty,0,0,0,0,0,True,0,0.0
NIST_Full scan_2_NEG__F2113,NIST_Full scan_2_NEG,empty,0,1,0,0,1,False,1,0.0
NIST_Full scan_2_NEG__F2115,NIST_Full scan_2_NEG,empty,0,0,0,0,0,True,0,0.0
NIST_Full scan_2_NEG__F212,NIST_Full scan_2_NEG,multi,3,0,1,4,3,False,1,0.882792592048645
NIST_Full scan_2_NEG__F2120,NIST_Full scan_2_NEG,empty,0,1,0,0,1,False,1,0.0
NIST_Full scan_2_NEG__F2122,NIST_Full scan_2_NEG,single,0,1,1,1,1,True,0,0.0
NIST_Full scan_2_NEG__F2130,NIST_Full scan_2_NEG,single,1,0,0,1,1,True,0,0.7916809320449829
NIST_Full scan_2_NEG__F2131,NIST_Full scan_2_NEG,multi,2,0,0,2,2,True,0,0.9215434491634369
NIST_Full scan_2_NEG__F2132,NIST_Full scan_2_NEG,single,1,0,0,1,1,True,0,0.9001523852348328
NIST_Full scan_2_NEG__F2134,NIST_Full scan_2_NEG,multi,2,1,0,2,3,False,1,0.8616546392440796
NIST_Full scan_2_NEG__F2141,NIST_Full scan_2_NEG,multi,2,0,0,2,2,True,0,0.7718104720115662
NIST_Full scan_2_NEG__F2144,NIST_Full scan_2_NEG,multi,2,0,2,4,2,False,2,0.9129208922386169
NIST_Full scan_2_NEG__F2145,NIST_Full scan_2_NEG,multi,1,0,2,3,1,False,2,0.9377549290657043
NIST_Full scan_2_NEG__F2148,NIST_Full scan_2_NEG,multi,0,0,2,2,0,False,2,0.0
NIST_Full scan_2_NEG__F2149,NIST_Full scan_2_NEG,multi,4,0,0,4,4,True,0,0.8563930094242096
NIST_Full scan_2_NEG__F2152,NIST_Full scan_2_NEG,multi,2,1,0,2,3,False,1,0.758515477180481
NIST_Full scan_2_NEG__F2154,NIST_Full scan_2_NEG,multi,3,0,0,3,3,True,0,0.8707939982414246
NIST_Full scan_2_NEG__F2155,NIST_Full scan_2_NEG,multi,2,0,0,2,2,True,0,0.8980477750301361
NIST_Full scan_2_NEG__F2164,NIST_Full scan_2_NEG,single,1,0,0,1,1,True,0,0.7993631362915039
NIST_Full scan_2_NEG__F2165,NIST_Full scan_2_NEG,multi,2,0,0,2,2,True,0,0.9203614294528961
NIST_Full scan_2_NEG__F2167,NIST_Full scan_2_NEG,single,1,0,0,1,1,True,0,0.9707015752792358
NIST_Full scan_2_NEG__F2168,NIST_Full scan_2_NEG,multi,2,0,0,2,2,True,0,0.8226454257965088
NIST_Full scan_2_NEG__F2189,NIST_Full scan_2_NEG,single,1,0,0,1,1,True,0,0.79728102684021
NIST_Full scan_2_NEG__F219,NIST_Full scan_2_NEG,empty,0,0,0,0,0,True,0,0.0
NIST_Full scan_2_NEG__F2197,NIST_Full scan_2_NEG,single,1,0,0,1,1,True,0,0.7915785908699036
NIST_Full scan_2_NEG__F2204,NIST_Full scan_2_NEG,multi,2,0,0,2,2,True,0,0.848692923784256
NIST_Full scan_2_NEG__F2206,NIST_Full scan_2_NEG,single,1,0,0,1,1,True,0,0.6109229326248169
NIST_Full scan_2_NEG__F2207,NIST_Full scan_2_NEG,single,1,0,0,1,1,True,0,0.8657891750335693
NIST_Full scan_2_NEG__F2209,NIST_Full scan_2_NEG,multi,1,0,1,2,1,False,1,0.7182878851890564
NIST_Full scan_2_NEG__F2213,NIST_Full scan_2_NEG,single,1,0,0,1,1,True,0,0.9259768128395081
NIST_Full scan_2_NEG__F2214,NIST_Full scan_2_NEG,single,1,0,0,1,1,True,0,0.8638520836830139
NIST_Full scan_2_NEG__F2218,NIST_Full scan_2_NEG,multi,3,1,1,4,4,True,0,0.727796216805776
NIST_Full scan_2_NEG__F2219,NIST_Full scan_2_NEG,multi,3,0,1,4,3,False,1,0.8608124454816183
NIST_Full scan_2_NEG__F222,NIST_Full scan_2_NEG,single,1,0,0,1,1,True,0,0.8894946575164795
NIST_Full scan_2_NEG__F2220,NIST_Full scan_2_NEG,multi,4,0,0,4,4,True,0,0.8316446542739868
NIST_Full scan_2_NEG__F2226,NIST_Full scan_2_NEG,multi,1,0,1,2,1,False,1,0.8615144491195679
NIST_Full scan_2_NEG__F2230,NIST_Full scan_2_NEG,multi,2,0,0,2,2,True,0,0.8926444053649902
NIST_Full scan_2_NEG__F2234,NIST_Full scan_2_NEG,single,1,0,0,1,1,True,0,0.9760723114013672
NIST_Full scan_2_NEG__F2241,NIST_Full scan_2_NEG,multi,1,0,1,2,1,False,1,0.6301036477088928
NIST_Full scan_2_NEG__F2246,NIST_Full scan_2_NEG,single,0,0,1,1,0,False,1,0.0
NIST_Full scan_2_NEG__F2247,NIST_Full scan_2_NEG,single,1,0,0,1,1,True,0,0.8652456402778625
NIST_Full scan_2_NEG__F2249,NIST_Full scan_2_NEG,single,1,0,0,1,1,True,0,0.7519823908805847
NIST_Full scan_2_NEG__F2255,NIST_Full scan_2_NEG,single,1,0,0,1,1,True,0,0.8215013146400452
NIST_Full scan_2_NEG__F2260,NIST_Full scan_2_NEG,single,1,0,0,1,1,True,0,0.8766660094261169
NIST_Full scan_2_NEG__F227,NIST_Full scan_2_NEG,empty,0,0,0,0,0,True,0,0.0
NIST_Full scan_2_NEG__F2271,NIST_Full scan_2_NEG,single,1,0,0,1,1,True,0,0.9007367491722107
NIST_Full scan_2_NEG__F2273,NIST_Full scan_2_NEG,multi,2,0,0,2,2,True,0,0.9055346250534058
NIST_Full scan_2_NEG__F2277,NIST_Full scan_2_NEG,single,1,0,0,1,1,True,0,0.8940514326095581
NIST_Full scan_2_NEG__F2281,NIST_Full scan_2_NEG,multi,2,0,0,2,2,True,0,0.8023559749126434
NIST_Full scan_2_NEG__F2287,NIST_Full scan_2_NEG,single,1,0,0,1,1,True,0,0.8643272519111633
NIST_Full scan_2_NEG__F230,NIST_Full scan_2_NEG,empty,0,0,0,0,0,True,0,0.0
NIST_Full scan_2_NEG__F2305,NIST_Full scan_2_NEG,multi,1,2,2,3,3,True,0,0.9118621945381165
NIST_Full scan_2_NEG__F2307,NIST_Full scan_2_NEG,single,1,0,0,1,1,True,0,0.7372463941574097
NIST_Full scan_2_NEG__F2309,NIST_Full scan_2_NEG,multi,1,0,1,2,1,False,1,0.903440535068512
NIST_Full scan_2_NEG__F231,NIST_Full scan_2_NEG,empty,0,0,0,0,0,True,0,0.0
NIST_Full scan_2_NEG__F2310,NIST_Full scan_2_NEG,single,1,0,0,1,1,True,0,0.9355469346046448
NIST_Full scan_2_NEG__F2316,NIST_Full scan_2_NEG,single,0,1,1,1,1,True,0,0.0
NIST_Full scan_2_NEG__F232,NIST_Full scan_2_NEG,empty,0,0,0,0,0,True,0,0.0
NIST_Full scan_2_NEG__F2323,NIST_Full scan_2_NEG,single,1,0,0,1,1,True,0,0.8993569016456604
NIST_Full scan_2_NEG__F2324,NIST_Full scan_2_NEG,single,1,0,0,1,1,True,0,0.8739296197891235
NIST_Full scan_2_NEG__F2330,NIST_Full scan_2_NEG,single,1,0,0,1,1,True,0,0.8774297833442688
NIST_Full scan_2_NEG__F2340,NIST_Full scan_2_NEG,single,1,0,0,1,1,True,0,0.888611912727356
NIST_Full scan_2_NEG__F2345,NIST_Full scan_2_NEG,single,1,0,0,1,1,True,0,0.8405489325523376
NIST_Full scan_2_NEG__F2350,NIST_Full scan_2_NEG,single,1,0,0,1,1,True,0,0.8614195585250854
NIST_Full scan_2_NEG__F2363,NIST_Full scan_2_NEG,single,1,1,0,1,2,False,1,0.7455318570137024
NIST_Full scan_2_NEG__F2367,NIST_Full scan_2_NEG,multi,2,0,0,2,2,True,0,0.9031479060649872
NIST_Full scan_2_NEG__F2383,NIST_Full scan_2_NEG,single,1,0,0,1,1,True,0,0.8528223037719727
NIST_Full scan_2_NEG__F2397,NIST_Full scan_2_NEG,single,1,0,0,1,1,True,0,0.877038300037384
NIST_Full scan_2_NEG__F24,NIST_Full scan_2_NEG,empty,0,0,0,0,0,True,0,0.0
NIST_Full scan_2_NEG__F2401,NIST_Full scan_2_NEG,multi,2,0,0,2,2,True,0,0.8587367832660675
NIST_Full scan_2_NEG__F2405,NIST_Full scan_2_NEG,single,1,0,0,1,1,True,0,0.8621008992195129
NIST_Full scan_2_NEG__F2409,NIST_Full scan_2_NEG,single,1,0,0,1,1,True,0,0.9420093297958374
NIST_Full scan_2_NEG__F241,NIST_Full scan_2_NEG,empty,0,0,0,0,0,True,0,0.0
NIST_Full scan_2_NEG__F2410,NIST_Full scan_2_NEG,single,1,0,0,1,1,True,0,0.8982072472572327
NIST_Full scan_2_NEG__F2412,NIST_Full scan_2_NEG,single,1,0,0,1,1,True,0,0.860565185546875
NIST_Full scan_2_NEG__F2418,NIST_Full scan_2_NEG,single,1,0,0,1,1,True,0,0.9172402024269104
NIST_Full scan_2_NEG__F251,NIST_Full scan_2_NEG,single,1,0,0,1,1,True,0,0.6264224648475647
NIST_Full scan_2_NEG__F255,NIST_Full scan_2_NEG,empty,0,0,0,0,0,True,0,0.0
NIST_Full scan_2_NEG__F26,NIST_Full scan_2_NEG,empty,0,0,0,0,0,True,0,0.0
NIST_Full scan_2_NEG__F260,NIST_Full scan_2_NEG,empty,0,0,0,0,0,True,0,0.0
NIST_Full scan_2_NEG__F267,NIST_Full scan_2_NEG,empty,0,0,0,0,0,True,0,0.0
NIST_Full scan_2_NEG__F271,NIST_Full scan_2_NEG,multi,2,0,0,2,2,True,0,0.742578387260437
NIST_Full scan_2_NEG__F272,NIST_Full scan_2_NEG,multi,2,0,0,2,2,True,0,0.7008008360862732
NIST_Full scan_2_NEG__F276,NIST_Full scan_2_NEG,empty,0,0,0,0,0,True,0,0.0
NIST_Full scan_2_NEG__F282,NIST_Full scan_2_NEG,empty,0,0,0,0,0,True,0,0.0
NIST_Full scan_2_NEG__F287,NIST_Full scan_2_NEG,empty,0,0,0,0,0,True,0,0.0
NIST_Full scan_2_NEG__F288,NIST_Full scan_2_NEG,single,1,0,0,1,1,True,0,0.9192482233047485
NIST_Full scan_2_NEG__F290,NIST_Full scan_2_NEG,multi,1,0,1,2,1,False,1,0.8325720429420471
NIST_Full scan_2_NEG__F291,NIST_Full scan_2_NEG,multi,1,0,1,2,1,False,1,0.7741864919662476
NIST_Full scan_2_NEG__F3,NIST_Full scan_2_NEG,multi,2,0,0,2,2,True,0,0.8552633821964264
NIST_Full scan_2_NEG__F30,NIST_Full scan_2_NEG,empty,0,0,0,0,0,True,0,0.0
NIST_Full scan_2_NEG__F300,NIST_Full scan_2_NEG,single,1,2,0,1,3,False,2,0.6237727999687195
NIST_Full scan_2_NEG__F304,NIST_Full scan_2_NEG,empty,0,0,0,0,0,True,0,0.0
NIST_Full scan_2_NEG__F307,NIST_Full scan_2_NEG,empty,0,0,0,0,0,True,0,0.0
NIST_Full scan_2_NEG__F308,NIST_Full scan_2_NEG,multi,2,0,0,2,2,True,0,0.8504078388214111
NIST_Full scan_2_NEG__F310,NIST_Full scan_2_NEG,empty,0,0,0,0,0,True,0,0.0
NIST_Full scan_2_NEG__F312,NIST_Full scan_2_NEG,empty,0,0,0,0,0,True,0,0.0
NIST_Full scan_2_NEG__F319,NIST_Full scan_2_NEG,empty,0,0,0,0,0,True,0,0.0
NIST_Full scan_2_NEG__F322,NIST_Full scan_2_NEG,single,1,0,0,1,1,True,0,0.8969523906707764
NIST_Full scan_2_NEG__F332,NIST_Full scan_2_NEG,single,1,0,0,1,1,True,0,0.7603241205215454
NIST_Full scan_2_NEG__F333,NIST_Full scan_2_NEG,single,1,0,0,1,1,True,0,0.8676463961601257
NIST_Full scan_2_NEG__F345,NIST_Full scan_2_NEG,single,1,0,0,1,1,True,0,0.7398521900177002
NIST_Full scan_2_NEG__F351,NIST_Full scan_2_NEG,single,0,0,1,1,0,False,1,0.0
NIST_Full scan_2_NEG__F352,NIST_Full scan_2_NEG,empty,0,0,0,0,0,True,0,0.0
NIST_Full scan_2_NEG__F353,NIST_Full scan_2_NEG,single,1,0,0,1,1,True,0,0.8121518492698669
NIST_Full scan_2_NEG__F355,NIST_Full scan_2_NEG,single,1,0,0,1,1,True,0,0.7358530759811401
NIST_Full scan_2_NEG__F362,NIST_Full scan_2_NEG,empty,0,0,0,0,0,True,0,0.0
NIST_Full scan_2_NEG__F367,NIST_Full scan_2_NEG,multi,2,0,1,3,2,False,1,0.8103807866573334
NIST_Full scan_2_NEG__F369,NIST_Full scan_2_NEG,single,1,1,0,1,2,False,1,0.9130759835243225
NIST_Full scan_2_NEG__F375,NIST_Full scan_2_NEG,single,1,0,0,1,1,True,0,0.8591984510421753
NIST_Full scan_2_NEG__F378,NIST_Full scan_2_NEG,empty,0,1,0,0,1,False,1,0.0
NIST_Full scan_2_NEG__F382,NIST_Full scan_2_NEG,empty,0,0,0,0,0,True,0,0.0
NIST_Full scan_2_NEG__F384,NIST_Full scan_2_NEG,empty,0,0,0,0,0,True,0,0.0
NIST_Full scan_2_NEG__F388,NIST_Full scan_2_NEG,single,1,0,0,1,1,True,0,0.847541093826294
NIST_Full scan_2_NEG__F394,NIST_Full scan_2_NEG,single,1,0,0,1,1,True,0,0.917164146900177
NIST_Full scan_2_NEG__F399,NIST_Full scan_2_NEG,single,1,0,0,1,1,True,0,0.8996894955635071
NIST_Full scan_2_NEG__F403,NIST_Full scan_2_NEG,single,0,0,1,1,0,False,1,0.0
NIST_Full scan_2_NEG__F411,NIST_Full scan_2_NEG,single,1,0,0,1,1,True,0,0.8939353227615356
NIST_Full scan_2_NEG__F412,NIST_Full scan_2_NEG,empty,0,0,0,0,0,True,0,0.0
NIST_Full scan_2_NEG__F415,NIST_Full scan_2_NEG,single,1,0,0,1,1,True,0,0.8976500630378723
NIST_Full scan_2_NEG__F416,NIST_Full scan_2_NEG,single,1,0,0,1,1,True,0,0.8730102777481079
NIST_Full scan_2_NEG__F417,NIST_Full scan_2_NEG,single,1,0,0,1,1,True,0,0.9034403562545776
NIST_Full scan_2_NEG__F423,NIST_Full scan_2_NEG,single,1,0,0,1,1,True,0,0.9556291699409485
NIST_Full scan_2_NEG__F424,NIST_Full scan_2_NEG,single,1,0,0,1,1,True,0,0.815996527671814
NIST_Full scan_2_NEG__F434,NIST_Full scan_2_NEG,empty,0,0,0,0,0,True,0,0.0
NIST_Full scan_2_NEG__F437,NIST_Full scan_2_NEG,empty,0,0,0,0,0,True,0,0.0
NIST_Full scan_2_NEG__F439,NIST_Full scan_2_NEG,single,1,0,0,1,1,True,0,0.9076065421104431
NIST_Full scan_2_NEG__F44,NIST_Full scan_2_NEG,empty,0,0,0,0,0,True,0,0.0
NIST_Full scan_2_NEG__F441,NIST_Full scan_2_NEG,empty,0,0,0,0,0,True,0,0.0
NIST_Full scan_2_NEG__F446,NIST_Full scan_2_NEG,empty,0,0,0,0,0,True,0,0.0
NIST_Full scan_2_NEG__F448,NIST_Full scan_2_NEG,single,1,0,0,1,1,True,0,0.8803343176841736
NIST_Full scan_2_NEG__F451,NIST_Full scan_2_NEG,single,1,0,0,1,1,True,0,0.8743497729301453
NIST_Full scan_2_NEG__F462,NIST_Full scan_2_NEG,empty,0,0,0,0,0,True,0,0.0
NIST_Full scan_2_NEG__F465,NIST_Full scan_2_NEG,empty,0,0,0,0,0,True,0,0.0
NIST_Full scan_2_NEG__F477,NIST_Full scan_2_NEG,single,1,0,0,1,1,True,0,0.8467288613319397
NIST_Full scan_2_NEG__F479,NIST_Full scan_2_NEG,empty,0,0,0,0,0,True,0,0.0
NIST_Full scan_2_NEG__F483,NIST_Full scan_2_NEG,empty,0,0,0,0,0,True,0,0.0
NIST_Full scan_2_NEG__F487,NIST_Full scan_2_NEG,single,0,0,1,1,0,False,1,0.0
NIST_Full scan_2_NEG__F49,NIST_Full scan_2_NEG,multi,3,0,0,3,3,True,0,0.9421162406603495
NIST_Full scan_2_NEG__F495,NIST_Full scan_2_NEG,single,1,0,0,1,1,True,0,0.8880736827850342
NIST_Full scan_2_NEG__F498,NIST_Full scan_2_NEG,empty,0,0,0,0,0,True,0,0.0
NIST_Full scan_2_NEG__F50,NIST_Full scan_2_NEG,multi,2,0,0,2,2,True,0,0.8945475518703461
NIST_Full scan_2_NEG__F501,NIST_Full scan_2_NEG,empty,0,1,0,0,1,False,1,0.0
NIST_Full scan_2_NEG__F506,NIST_Full scan_2_NEG,empty,0,0,0,0,0,True,0,0.0
NIST_Full scan_2_NEG__F509,NIST_Full scan_2_NEG,single,1,0,0,1,1,True,0,0.8955005407333374
NIST_Full scan_2_NEG__F510,NIST_Full scan_2_NEG,empty,0,1,0,0,1,False,1,0.0
NIST_Full scan_2_NEG__F515,NIST_Full scan_2_NEG,single,0,0,1,1,0,False,1,0.0
NIST_Full scan_2_NEG__F519,NIST_Full scan_2_NEG,empty,0,0,0,0,0,True,0,0.0
NIST_Full scan_2_NEG__F52,NIST_Full scan_2_NEG,empty,0,0,0,0,0,True,0,0.0
NIST_Full scan_2_NEG__F528,NIST_Full scan_2_NEG,single,1,0,0,1,1,True,0,0.7406466007232666
NIST_Full scan_2_NEG__F529,NIST_Full scan_2_NEG,empty,0,0,0,0,0,True,0,0.0
NIST_Full scan_2_NEG__F530,NIST_Full scan_2_NEG,single,1,0,0,1,1,True,0,0.9004550576210022
NIST_Full scan_2_NEG__F531,NIST_Full scan_2_NEG,single,1,0,0,1,1,True,0,0.9248138070106506
NIST_Full scan_2_NEG__F535,NIST_Full scan_2_NEG,single,1,0,0,1,1,True,0,0.9021192193031311
NIST_Full scan_2_NEG__F536,NIST_Full scan_2_NEG,single,1,0,0,1,1,True,0,0.8941605687141418
NIST_Full scan_2_NEG__F539,NIST_Full scan_2_NEG,single,1,0,0,1,1,True,0,0.8005141615867615
NIST_Full scan_2_NEG__F54,NIST_Full scan_2_NEG,empty,0,0,0,0,0,True,0,0.0
NIST_Full scan_2_NEG__F544,NIST_Full scan_2_NEG,empty,0,0,0,0,0,True,0,0.0
NIST_Full scan_2_NEG__F545,NIST_Full scan_2_NEG,single,1,0,0,1,1,True,0,0.9479343295097351
NIST_Full scan_2_NEG__F549,NIST_Full scan_2_NEG,empty,0,0,0,0,0,True,0,0.0
NIST_Full scan_2_NEG__F556,NIST_Full scan_2_NEG,single,1,0,0,1,1,True,0,0.8381059765815735
NIST_Full scan_2_NEG__F557,NIST_Full scan_2_NEG,empty,0,0,0,0,0,True,0,0.0
NIST_Full scan_2_NEG__F562,NIST_Full scan_2_NEG,single,1,0,0,1,1,True,0,0.8681032061576843
NIST_Full scan_2_NEG__F57,NIST_Full scan_2_NEG,empty,0,0,0,0,0,True,0,0.0
NIST_Full scan_2_NEG__F571,NIST_Full scan_2_NEG,single,1,0,0,1,1,True,0,0.8998067378997803
NIST_Full scan_2_NEG__F573,NIST_Full scan_2_NEG,single,1,0,0,1,1,True,0,0.7642284631729126
NIST_Full scan_2_NEG__F576,NIST_Full scan_2_NEG,single,1,0,0,1,1,True,0,0.8226190805435181
NIST_Full scan_2_NEG__F580,NIST_Full scan_2_NEG,single,1,0,0,1,1,True,0,0.9147982597351074
NIST_Full scan_2_NEG__F583,NIST_Full scan_2_NEG,empty,0,0,0,0,0,True,0,0.0
NIST_Full scan_2_NEG__F584,NIST_Full scan_2_NEG,empty,0,0,0,0,0,True,0,0.0
NIST_Full scan_2_NEG__F585,NIST_Full scan_2_NEG,single,1,0,0,1,1,True,0,0.8860835433006287
NIST_Full scan_2_NEG__F591,NIST_Full scan_2_NEG,empty,0,0,0,0,0,True,0,0.0
NIST_Full scan_2_NEG__F600,NIST_Full scan_2_NEG,empty,0,0,0,0,0,True,0,0.0
NIST_Full scan_2_NEG__F606,NIST_Full scan_2_NEG,single,1,0,0,1,1,True,0,0.8033227324485779
NIST_Full scan_2_NEG__F608,NIST_Full scan_2_NEG,empty,0,0,0,0,0,True,0,0.0
NIST_Full scan_2_NEG__F614,NIST_Full scan_2_NEG,empty,0,0,0,0,0,True,0,0.0
NIST_Full scan_2_NEG__F619,NIST_Full scan_2_NEG,empty,0,0,0,0,0,True,0,0.0
NIST_Full scan_2_NEG__F621,NIST_Full scan_2_NEG,empty,0,0,0,0,0,True,0,0.0
NIST_Full scan_2_NEG__F622,NIST_Full scan_2_NEG,empty,0,0,0,0,0,True,0,0.0
NIST_Full scan_2_NEG__F631,NIST_Full scan_2_NEG,single,1,0,0,1,1,True,0,0.8646345138549805
NIST_Full scan_2_NEG__F635,NIST_Full scan_2_NEG,single,1,0,0,1,1,True,0,0.9208069443702698
NIST_Full scan_2_NEG__F64,NIST_Full scan_2_NEG,multi,1,0,1,2,1,False,1,0.8211023211479187
NIST_Full scan_2_NEG__F648,NIST_Full scan_2_NEG,single,1,0,0,1,1,True,0,0.766165554523468
NIST_Full scan_2_NEG__F650,NIST_Full scan_2_NEG,multi,2,1,0,2,3,False,1,0.8282850384712219
NIST_Full scan_2_NEG__F655,NIST_Full scan_2_NEG,empty,0,0,0,0,0,True,0,0.0
NIST_Full scan_2_NEG__F66,NIST_Full scan_2_NEG,empty,0,0,0,0,0,True,0,0.0
NIST_Full scan_2_NEG__F679,NIST_Full scan_2_NEG,empty,0,0,0,0,0,True,0,0.0
NIST_Full scan_2_NEG__F68,NIST_Full scan_2_NEG,empty,0,0,0,0,0,True,0,0.0
NIST_Full scan_2_NEG__F681,NIST_Full scan_2_NEG,single,1,0,0,1,1,True,0,0.8864913582801819
NIST_Full scan_2_NEG__F686,NIST_Full scan_2_NEG,single,1,0,0,1,1,True,0,0.8759926557540894
NIST_Full scan_2_NEG__F694,NIST_Full scan_2_NEG,single,1,0,0,1,1,True,0,0.9650038480758667
NIST_Full scan_2_NEG__F695,NIST_Full scan_2_NEG,single,0,0,1,1,0,False,1,0.0
NIST_Full scan_2_NEG__F697,NIST_Full scan_2_NEG,empty,0,1,0,0,1,False,1,0.0
NIST_Full scan_2_NEG__F70,NIST_Full scan_2_NEG,empty,0,0,0,0,0,True,0,0.0
NIST_Full scan_2_NEG__F701,NIST_Full scan_2_NEG,single,1,0,0,1,1,True,0,0.9416975975036621
NIST_Full scan_2_NEG__F705,NIST_Full scan_2_NEG,single,1,0,0,1,1,True,0,0.594903290271759
NIST_Full scan_2_NEG__F706,NIST_Full scan_2_NEG,empty,0,1,0,0,1,False,1,0.0
NIST_Full scan_2_NEG__F708,NIST_Full scan_2_NEG,empty,0,0,0,0,0,True,0,0.0
NIST_Full scan_2_NEG__F720,NIST_Full scan_2_NEG,multi,2,0,0,2,2,True,0,0.7993056178092957
NIST_Full scan_2_NEG__F734,NIST_Full scan_2_NEG,empty,0,0,0,0,0,True,0,0.0
NIST_Full scan_2_NEG__F743,NIST_Full scan_2_NEG,single,1,0,0,1,1,True,0,0.7633618116378784
NIST_Full scan_2_NEG__F745,NIST_Full scan_2_NEG,empty,0,0,0,0,0,True,0,0.0
NIST_Full scan_2_NEG__F749,NIST_Full scan_2_NEG,empty,0,0,0,0,0,True,0,0.0
NIST_Full scan_2_NEG__F760,NIST_Full scan_2_NEG,empty,0,0,0,0,0,True,0,0.0
NIST_Full scan_2_NEG__F77,NIST_Full scan_2_NEG,single,1,0,0,1,1,True,0,0.8394495844841003
NIST_Full scan_2_NEG__F772,NIST_Full scan_2_NEG,empty,0,0,0,0,0,True,0,0.0
NIST_Full scan_2_NEG__F773,NIST_Full scan_2_NEG,single,1,0,0,1,1,True,0,0.9360355138778687
NIST_Full scan_2_NEG__F781,NIST_Full scan_2_NEG,single,1,0,0,1,1,True,0,0.7545105218887329
NIST_Full scan_2_NEG__F791,NIST_Full scan_2_NEG,single,1,0,0,1,1,True,0,0.9060298204421997
NIST_Full scan_2_NEG__F799,NIST_Full scan_2_NEG,single,1,0,0,1,1,True,0,0.8530262112617493
NIST_Full scan_2_NEG__F809,NIST_Full scan_2_NEG,single,1,0,0,1,1,True,0,0.6131206154823303
NIST_Full scan_2_NEG__F810,NIST_Full scan_2_NEG,empty,0,0,0,0,0,True,0,0.0
NIST_Full scan_2_NEG__F811,NIST_Full scan_2_NEG,single,0,1,1,1,1,True,0,0.0
NIST_Full scan_2_NEG__F820,NIST_Full scan_2_NEG,empty,0,0,0,0,0,True,0,0.0
NIST_Full scan_2_NEG__F830,NIST_Full scan_2_NEG,empty,0,0,0,0,0,True,0,0.0
NIST_Full scan_2_NEG__F832,NIST_Full scan_2_NEG,empty,0,0,0,0,0,True,0,0.0
NIST_Full scan_2_NEG__F84,NIST_Full scan_2_NEG,empty,0,0,0,0,0,True,0,0.0
NIST_Full scan_2_NEG__F840,NIST_Full scan_2_NEG,empty,0,0,0,0,0,True,0,0.0
NIST_Full scan_2_NEG__F841,NIST_Full scan_2_NEG,empty,0,0,0,0,0,True,0,0.0
NIST_Full scan_2_NEG__F842,NIST_Full scan_2_NEG,single,0,1,1,1,1,True,0,0.0
NIST_Full scan_2_NEG__F846,NIST_Full scan_2_NEG,single,1,0,0,1,1,True,0,0.8899890184402466
NIST_Full scan_2_NEG__F85,NIST_Full scan_2_NEG,empty,0,0,0,0,0,True,0,0.0
NIST_Full scan_2_NEG__F856,NIST_Full scan_2_NEG,empty,0,0,0,0,0,True,0,0.0
NIST_Full scan_2_NEG__F857,NIST_Full scan_2_NEG,single,1,0,0,1,1,True,0,0.8248147964477539
NIST_Full scan_2_NEG__F858,NIST_Full scan_2_NEG,empty,0,0,0,0,0,True,0,0.0
NIST_Full scan_2_NEG__F860,NIST_Full scan_2_NEG,single,0,1,1,1,1,True,0,0.0
NIST_Full scan_2_NEG__F868,NIST_Full scan_2_NEG,empty,0,0,0,0,0,True,0,0.0
NIST_Full scan_2_NEG__F874,NIST_Full scan_2_NEG,single,1,0,0,1,1,True,0,0.7389453053474426
NIST_Full scan_2_NEG__F875,NIST_Full scan_2_NEG,single,1,0,0,1,1,True,0,0.8082984685897827
NIST_Full scan_2_NEG__F880,NIST_Full scan_2_NEG,empty,0,0,0,0,0,True,0,0.0
NIST_Full scan_2_NEG__F884,NIST_Full scan_2_NEG,single,1,0,0,1,1,True,0,0.8777899742126465
NIST_Full scan_2_NEG__F887,NIST_Full scan_2_NEG,empty,0,0,0,0,0,True,0,0.0
NIST_Full scan_2_NEG__F890,NIST_Full scan_2_NEG,empty,0,0,0,0,0,True,0,0.0
NIST_Full scan_2_NEG__F892,NIST_Full scan_2_NEG,single,1,0,0,1,1,True,0,0.7492170333862305
NIST_Full scan_2_NEG__F893,NIST_Full scan_2_NEG,empty,0,0,0,0,0,True,0,0.0
NIST_Full scan_2_NEG__F894,NIST_Full scan_2_NEG,multi,2,0,0,2,2,True,0,0.9284676611423492
NIST_Full scan_2_NEG__F9,NIST_Full scan_2_NEG,single,0,0,1,1,0,False,1,0.0
NIST_Full scan_2_NEG__F903,NIST_Full scan_2_NEG,empty,0,0,0,0,0,True,0,0.0
NIST_Full scan_2_NEG__F904,NIST_Full scan_2_NEG,empty,0,1,0,0,1,False,1,0.0
NIST_Full scan_2_NEG__F914,NIST_Full scan_2_NEG,empty,0,0,0,0,0,True,0,0.0
NIST_Full scan_2_NEG__F916,NIST_Full scan_2_NEG,single,1,1,0,1,2,False,1,0.8688564896583557
NIST_Full scan_2_NEG__F924,NIST_Full scan_2_NEG,empty,0,0,0,0,0,True,0,0.0
NIST_Full scan_2_NEG__F927,NIST_Full scan_2_NEG,empty,0,0,0,0,0,True,0,0.0
NIST_Full scan_2_NEG__F930,NIST_Full scan_2_NEG,empty,0,0,0,0,0,True,0,0.0
NIST_Full scan_2_NEG__F932,NIST_Full scan_2_NEG,single,1,0,0,1,1,True,0,0.731309175491333
NIST_Full scan_2_NEG__F933,NIST_Full scan_2_NEG,empty,0,0,0,0,0,True,0,0.0
NIST_Full scan_2_NEG__F943,NIST_Full scan_2_NEG,single,1,0,0,1,1,True,0,0.9128905534744263
NIST_Full scan_2_NEG__F949,NIST_Full scan_2_NEG,single,1,0,0,1,1,True,0,0.8536261916160583
NIST_Full scan_2_NEG__F950,NIST_Full scan_2_NEG,single,0,0,1,1,0,False,1,0.0
NIST_Full scan_2_NEG__F963,NIST_Full scan_2_NEG,single,1,0,0,1,1,True,0,0.5488376617431641
NIST_Full scan_2_NEG__F964,NIST_Full scan_2_NEG,single,1,0,0,1,1,True,0,0.8907657861709595
NIST_Full scan_2_NEG__F965,NIST_Full scan_2_NEG,single,1,0,0,1,1,True,0,0.60870361328125
NIST_Full scan_2_NEG__F975,NIST_Full scan_2_NEG,single,1,0,0,1,1,True,0,0.9068391919136047
NIST_Full scan_2_NEG__F980,NIST_Full scan_2_NEG,empty,0,0,0,0,0,True,0,0.0
NIST_Full scan_2_NEG__F987,NIST_Full scan_2_NEG,empty,0,0,0,0,0,True,0,0.0
NIST_Full scan_2_NEG__F989,NIST_Full scan_2_NEG,multi,2,0,1,3,2,False,1,0.8411770164966583
NIST_Full scan_2_NEG__F991,NIST_Full scan_2_NEG,empty,0,0,0,0,0,True,0,0.0
NIST_Full scan_2_NEG__F994,NIST_Full scan_2_NEG,empty,0,0,0,0,0,True,0,0.0
D07P_NEG__F1,D07P_NEG,empty,0,0,0,0,0,True,0,0.0
D07P_NEG__F10,D07P_NEG,empty,0,0,0,0,0,True,0,0.0
D07P_NEG__F102,D07P_NEG,multi,2,0,0,2,2,True,0,0.8607529401779175
D07P_NEG__F104,D07P_NEG,single,1,1,0,1,2,False,1,0.8473765850067139
D07P_NEG__F105,D07P_NEG,single,1,0,0,1,1,True,0,0.818146824836731
D07P_NEG__F109,D07P_NEG,multi,2,0,0,2,2,True,0,0.8555328547954559
D07P_NEG__F11,D07P_NEG,multi,2,0,0,2,2,True,0,0.8370823860168457
D07P_NEG__F110,D07P_NEG,multi,2,0,0,2,2,True,0,0.8295941650867462
D07P_NEG__F111,D07P_NEG,single,1,0,0,1,1,True,0,0.8116092681884766
D07P_NEG__F112,D07P_NEG,single,1,0,0,1,1,True,0,0.7994233965873718
D07P_NEG__F114,D07P_NEG,single,1,0,0,1,1,True,0,0.8059492707252502
D07P_NEG__F115,D07P_NEG,single,1,0,0,1,1,True,0,0.9310483336448669
D07P_NEG__F117,D07P_NEG,single,0,2,1,1,2,False,1,0.0
D07P_NEG__F118,D07P_NEG,single,1,2,0,1,3,False,2,0.5585746765136719
D07P_NEG__F119,D07P_NEG,single,1,0,0,1,1,True,0,0.8469055891036987
D07P_NEG__F12,D07P_NEG,multi,2,0,0,2,2,True,0,0.7328190803527832
D07P_NEG__F120,D07P_NEG,single,1,1,0,1,2,False,1,0.593657374382019
D07P_NEG__F125,D07P_NEG,single,1,1,0,1,2,False,1,0.847278892993927
D07P_NEG__F127,D07P_NEG,single,1,0,0,1,1,True,0,0.8396653532981873
D07P_NEG__F132,D07P_NEG,single,1,0,0,1,1,True,0,0.8754057884216309
D07P_NEG__F133,D07P_NEG,single,1,1,0,1,2,False,1,0.9618064165115356
D07P_NEG__F138,D07P_NEG,multi,2,0,0,2,2,True,0,0.8926233649253845
D07P_NEG__F140,D07P_NEG,single,1,0,0,1,1,True,0,0.8900102376937866
D07P_NEG__F141,D07P_NEG,single,1,0,0,1,1,True,0,0.8822777271270752
D07P_NEG__F142,D07P_NEG,single,1,0,0,1,1,True,0,0.8965262770652771
D07P_NEG__F145,D07P_NEG,single,1,0,0,1,1,True,0,0.8774684071540833
D07P_NEG__F146,D07P_NEG,multi,2,0,0,2,2,True,0,0.9022216498851776
D07P_NEG__F149,D07P_NEG,single,1,0,0,1,1,True,0,0.7456153631210327
D07P_NEG__F150,D07P_NEG,single,1,0,0,1,1,True,0,0.7014932036399841
D07P_NEG__F151,D07P_NEG,single,1,1,0,1,2,False,1,0.8564198017120361
D07P_NEG__F153,D07P_NEG,single,1,0,0,1,1,True,0,0.8107073307037354
D07P_NEG__F154,D07P_NEG,single,1,0,0,1,1,True,0,0.8965464234352112
D07P_NEG__F155,D07P_NEG,single,1,0,0,1,1,True,0,0.6075463891029358
D07P_NEG__F156,D07P_NEG,single,1,0,0,1,1,True,0,0.8959285020828247
D07P_NEG__F158,D07P_NEG,single,1,0,0,1,1,True,0,0.8584296107292175
D07P_NEG__F159,D07P_NEG,single,1,0,0,1,1,True,0,0.8366784453392029
D07P_NEG__F16,D07P_NEG,empty,0,0,0,0,0,True,0,0.0
D07P_NEG__F164,D07P_NEG,single,1,0,0,1,1,True,0,0.7454972863197327
D07P_NEG__F166,D07P_NEG,single,1,0,0,1,1,True,0,0.8479102253913879
D07P_NEG__F168,D07P_NEG,single,1,0,0,1,1,True,0,0.8175174593925476
D07P_NEG__F169,D07P_NEG,single,1,0,0,1,1,True,0,0.8178826570510864
D07P_NEG__F17,D07P_NEG,empty,0,0,0,0,0,True,0,0.0
D07P_NEG__F173,D07P_NEG,multi,2,0,0,2,2,True,0,0.8873524069786072
D07P_NEG__F174,D07P_NEG,multi,2,0,0,2,2,True,0,0.9137107133865356
D07P_NEG__F176,D07P_NEG,empty,0,0,0,0,0,True,0,0.0
D07P_NEG__F177,D07P_NEG,single,1,0,0,1,1,True,0,0.6679030060768127
D07P_NEG__F178,D07P_NEG,single,1,1,0,1,2,False,1,0.8714806437492371
D07P_NEG__F18,D07P_NEG,empty,0,0,0,0,0,True,0,0.0
D07P_NEG__F181,D07P_NEG,multi,2,0,1,3,2,False,1,0.8675334453582764
D07P_NEG__F182,D07P_NEG,multi,2,0,0,2,2,True,0,0.9133445918560028
D07P_NEG__F183,D07P_NEG,multi,2,0,0,2,2,True,0,0.8674811124801636
D07P_NEG__F185,D07P_NEG,single,1,0,0,1,1,True,0,0.8450693488121033
D07P_NEG__F186,D07P_NEG,empty,0,0,0,0,0,True,0,0.0
D07P_NEG__F189,D07P_NEG,empty,0,0,0,0,0,True,0,0.0
D07P_NEG__F19,D07P_NEG,single,1,0,0,1,1,True,0,0.7987455725669861
D07P_NEG__F193,D07P_NEG,multi,2,0,0,2,2,True,0,0.8978956341743469
D07P_NEG__F194,D07P_NEG,empty,0,0,0,0,0,True,0,0.0
D07P_NEG__F195,D07P_NEG,empty,0,2,0,0,2,False,2,0.0
D07P_NEG__F196,D07P_NEG,empty,0,2,0,0,2,False,2,0.0
D07P_NEG__F197,D07P_NEG,empty,0,0,0,0,0,True,0,0.0
D07P_NEG__F20,D07P_NEG,single,0,1,1,1,1,True,0,0.0
D07P_NEG__F200,D07P_NEG,multi,2,0,0,2,2,True,0,0.8105245232582092
D07P_NEG__F204,D07P_NEG,multi,2,0,0,2,2,True,0,0.848005473613739
D07P_NEG__F205,D07P_NEG,multi,2,0,0,2,2,True,0,0.8791876137256622
D07P_NEG__F209,D07P_NEG,empty,0,1,0,0,1,False,1,0.0
D07P_NEG__F210,D07P_NEG,single,1,0,0,1,1,True,0,0.8948297500610352
D07P_NEG__F211,D07P_NEG,empty,0,1,0,0,1,False,1,0.0
D07P_NEG__F212,D07P_NEG,empty,0,2,0,0,2,False,2,0.0
D07P_NEG__F219,D07P_NEG,single,1,0,0,1,1,True,0,0.8142657279968262
D07P_NEG__F221,D07P_NEG,empty,0,1,0,0,1,False,1,0.0
D07P_NEG__F223,D07P_NEG,empty,0,1,0,0,1,False,1,0.0
D07P_NEG__F226,D07P_NEG,empty,0,0,0,0,0,True,0,0.0
D07P_NEG__F228,D07P_NEG,multi,2,0,0,2,2,True,0,0.8765348792076111
D07P_NEG__F229,D07P_NEG,multi,2,1,0,2,3,False,1,0.8316845595836639
D07P_NEG__F23,D07P_NEG,empty,0,0,0,0,0,True,0,0.0
D07P_NEG__F230,D07P_NEG,multi,2,0,0,2,2,True,0,0.8609840571880341
D07P_NEG__F232,D07P_NEG,single,1,0,0,1,1,True,0,0.740928590297699
D07P_NEG__F235,D07P_NEG,single,1,0,0,1,1,True,0,0.8932080268859863
D07P_NEG__F236,D07P_NEG,single,1,0,0,1,1,True,0,0.8729861974716187
D07P_NEG__F238,D07P_NEG,empty,0,2,0,0,2,False,2,0.0
D07P_NEG__F239,D07P_NEG,empty,0,1,0,0,1,False,1,0.0
D07P_NEG__F24,D07P_NEG,single,1,0,0,1,1,True,0,0.6405267119407654
D07P_NEG__F245,D07P_NEG,multi,2,0,0,2,2,True,0,0.8519439101219177
D07P_NEG__F246,D07P_NEG,multi,2,0,0,2,2,True,0,0.9369820356369019
D07P_NEG__F248,D07P_NEG,single,1,0,0,1,1,True,0,0.795250654220581
D07P_NEG__F249,D07P_NEG,empty,0,0,0,0,0,True,0,0.0
D07P_NEG__F25,D07P_NEG,single,1,0,0,1,1,True,0,0.8558357954025269
D07P_NEG__F250,D07P_NEG,empty,0,1,0,0,1,False,1,0.0
D07P_NEG__F251,D07P_NEG,single,1,1,0,1,2,False,1,0.9226661920547485
D07P_NEG__F254,D07P_NEG,empty,0,0,0,0,0,True,0,0.0
D07P_NEG__F256,D07P_NEG,single,1,0,0,1,1,True,0,0.8982079029083252
D07P_NEG__F258,D07P_NEG,single,1,0,0,1,1,True,0,0.847539484500885
D07P_NEG__F26,D07P_NEG,single,1,0,0,1,1,True,0,0.8936223983764648
D07P_NEG__F262,D07P_NEG,single,1,0,0,1,1,True,0,0.9256043434143066
D07P_NEG__F263,D07P_NEG,single,1,1,0,1,2,False,1,0.5414580702781677
D07P_NEG__F266,D07P_NEG,single,0,2,1,1,2,False,1,0.0
D07P_NEG__F267,D07P_NEG,single,0,2,1,1,2,False,1,0.0
D07P_NEG__F269,D07P_NEG,single,0,1,1,1,1,True,0,0.0
D07P_NEG__F27,D07P_NEG,empty,0,0,0,0,0,True,0,0.0
D07P_NEG__F272,D07P_NEG,multi,2,0,0,2,2,True,0,0.8793713748455048
D07P_NEG__F273,D07P_NEG,multi,2,1,0,2,3,False,1,0.8711165189743042
D07P_NEG__F275,D07P_NEG,multi,2,0,1,3,2,False,1,0.5749353468418121
D07P_NEG__F276,D07P_NEG,single,1,1,0,1,2,False,1,0.5023196935653687
D07P_NEG__F278,D07P_NEG,empty,0,0,0,0,0,True,0,0.0
D07P_NEG__F279,D07P_NEG,empty,0,0,0,0,0,True,0,0.0
D07P_NEG__F281,D07P_NEG,single,1,0,0,1,1,True,0,0.9699761271476746
D07P_NEG__F282,D07P_NEG,multi,2,0,0,2,2,True,0,0.9052853286266327
D07P_NEG__F285,D07P_NEG,empty,0,4,0,0,4,False,4,0.0
D07P_NEG__F287,D07P_NEG,multi,2,3,0,2,5,False,3,0.7316807806491852
D07P_NEG__F288,D07P_NEG,empty,0,1,0,0,1,False,1,0.0
D07P_NEG__F291,D07P_NEG,multi,2,1,0,2,3,False,1,0.8922272622585297
D07P_NEG__F292,D07P_NEG,multi,2,1,0,2,3,False,1,0.836319625377655
D07P_NEG__F297,D07P_NEG,single,1,0,0,1,1,True,0,0.7559647560119629
D07P_NEG__F298,D07P_NEG,multi,2,0,0,2,2,True,0,0.8733812272548676
D07P_NEG__F299,D07P_NEG,single,1,0,0,1,1,True,0,0.9212549328804016
D07P_NEG__F3,D07P_NEG,empty,0,2,0,0,2,False,2,0.0
D07P_NEG__F30,D07P_NEG,empty,0,3,0,0,3,False,3,0.0
D07P_NEG__F300,D07P_NEG,empty,0,1,0,0,1,False,1,0.0
D07P_NEG__F302,D07P_NEG,multi,3,0,0,3,3,True,0,0.887653132279714
D07P_NEG__F303,D07P_NEG,single,1,0,0,1,1,True,0,0.8811174631118774
D07P_NEG__F305,D07P_NEG,single,1,0,0,1,1,True,0,0.8042217493057251
D07P_NEG__F306,D07P_NEG,single,1,0,0,1,1,True,0,0.7420516610145569
D07P_NEG__F308,D07P_NEG,single,1,0,0,1,1,True,0,0.9168858528137207
D07P_NEG__F31,D07P_NEG,empty,0,1,0,0,1,False,1,0.0
D07P_NEG__F311,D07P_NEG,single,1,1,0,1,2,False,1,0.5429792404174805
D07P_NEG__F312,D07P_NEG,single,1,0,0,1,1,True,0,0.8884849548339844
D07P_NEG__F313,D07P_NEG,multi,2,0,0,2,2,True,0,0.9068476855754852
D07P_NEG__F317,D07P_NEG,single,1,0,0,1,1,True,0,0.619157075881958
D07P_NEG__F319,D07P_NEG,single,1,0,0,1,1,True,0,0.9687526226043701
D07P_NEG__F32,D07P_NEG,empty,0,0,0,0,0,True,0,0.0
D07P_NEG__F322,D07P_NEG,single,1,0,0,1,1,True,0,0.7455787062644958
D07P_NEG__F324,D07P_NEG,multi,2,0,0,2,2,True,0,0.8163824379444122
D07P_NEG__F326,D07P_NEG,multi,1,0,1,2,1,False,1,0.8901976943016052
D07P_NEG__F332,D07P_NEG,single,1,0,0,1,1,True,0,0.8914207220077515
D07P_NEG__F333,D07P_NEG,single,1,0,0,1,1,True,0,0.9114791750907898
D07P_NEG__F335,D07P_NEG,multi,1,0,1,2,1,False,1,0.5575736165046692
D07P_NEG__F336,D07P_NEG,single,1,0,0,1,1,True,0,0.9109649658203125
D07P_NEG__F34,D07P_NEG,empty,0,0,0,0,0,True,0,0.0
D07P_NEG__F341,D07P_NEG,single,1,0,0,1,1,True,0,0.7761566042900085
D07P_NEG__F343,D07P_NEG,single,1,0,0,1,1,True,0,0.9047904014587402
D07P_NEG__F347,D07P_NEG,multi,2,0,0,2,2,True,0,0.7027483284473419
D07P_NEG__F349,D07P_NEG,single,1,0,0,1,1,True,0,0.8622965812683105
D07P_NEG__F353,D07P_NEG,multi,2,1,0,2,3,False,1,0.9130869507789612
D07P_NEG__F355,D07P_NEG,single,1,0,0,1,1,True,0,0.9117259979248047
D07P_NEG__F356,D07P_NEG,single,1,1,0,1,2,False,1,0.6093145608901978
D07P_NEG__F358,D07P_NEG,single,1,0,0,1,1,True,0,0.8921247124671936
D07P_NEG__F361,D07P_NEG,multi,2,0,0,2,2,True,0,0.8610482811927795
D07P_NEG__F362,D07P_NEG,single,1,1,0,1,2,False,1,0.919764518737793
D07P_NEG__F363,D07P_NEG,single,1,0,0,1,1,True,0,0.9070744514465332
D07P_NEG__F365,D07P_NEG,single,1,1,0,1,2,False,1,0.9542872309684753
D07P_NEG__F366,D07P_NEG,multi,3,0,0,3,3,True,0,0.7922557989756266
D07P_NEG__F368,D07P_NEG,single,1,0,0,1,1,True,0,0.9512755274772644
D07P_NEG__F369,D07P_NEG,single,1,0,0,1,1,True,0,0.8916594982147217
D07P_NEG__F37,D07P_NEG,single,1,0,0,1,1,True,0,0.7407703399658203
D07P_NEG__F371,D07P_NEG,single,1,0,0,1,1,True,0,0.8906204700469971
D07P_NEG__F374,D07P_NEG,single,1,0,0,1,1,True,0,0.9299566745758057
D07P_NEG__F375,D07P_NEG,single,1,0,0,1,1,True,0,0.8866993188858032
D07P_NEG__F376,D07P_NEG,empty,0,0,0,0,0,True,0,0.0
D07P_NEG__F377,D07P_NEG,empty,0,0,0,0,0,True,0,0.0
D07P_NEG__F378,D07P_NEG,multi,2,0,0,2,2,True,0,0.8531752228736877
D07P_NEG__F38,D07P_NEG,empty,0,0,0,0,0,True,0,0.0
D07P_NEG__F383,D07P_NEG,single,1,0,0,1,1,True,0,0.8474498391151428
D07P_NEG__F385,D07P_NEG,single,1,0,0,1,1,True,0,0.9077619910240173
D07P_NEG__F387,D07P_NEG,single,1,0,0,1,1,True,0,0.845165491104126
D07P_NEG__F389,D07P_NEG,single,1,0,0,1,1,True,0,0.9531884789466858
D07P_NEG__F39,D07P_NEG,empty,0,0,0,0,0,True,0,0.0
D07P_NEG__F391,D07P_NEG,single,1,0,0,1,1,True,0,0.7230344414710999
D07P_NEG__F394,D07P_NEG,multi,2,0,0,2,2,True,0,0.899875670671463
D07P_NEG__F397,D07P_NEG,multi,3,1,0,3,4,False,1,0.7824129859606425
D07P_NEG__F398,D07P_NEG,multi,3,1,0,3,4,False,1,0.8550251921017965
D07P_NEG__F399,D07P_NEG,single,1,0,0,1,1,True,0,0.8949834704399109
D07P_NEG__F4,D07P_NEG,empty,0,1,0,0,1,False,1,0.0
D07P_NEG__F40,D07P_NEG,empty,0,0,0,0,0,True,0,0.0
D07P_NEG__F401,D07P_NEG,single,1,0,0,1,1,True,0,0.9534677267074585
D07P_NEG__F403,D07P_NEG,single,1,0,0,1,1,True,0,0.921566903591156
D07P_NEG__F404,D07P_NEG,single,1,0,0,1,1,True,0,0.912401556968689
D07P_NEG__F406,D07P_NEG,single,1,0,0,1,1,True,0,0.9132276773452759
D07P_NEG__F408,D07P_NEG,single,1,0,0,1,1,True,0,0.8398507833480835
D07P_NEG__F411,D07P_NEG,single,1,1,0,1,2,False,1,0.9527112245559692
D07P_NEG__F412,D07P_NEG,single,1,0,0,1,1,True,0,0.9038585424423218
D07P_NEG__F416,D07P_NEG,empty,0,0,0,0,0,True,0,0.0
D07P_NEG__F418,D07P_NEG,multi,2,0,0,2,2,True,0,0.8173848390579224
D07P_NEG__F422,D07P_NEG,multi,2,2,0,2,4,False,2,0.9493155181407928
D07P_NEG__F424,D07P_NEG,single,1,1,0,1,2,False,1,0.8463829755783081
D07P_NEG__F425,D07P_NEG,multi,2,0,0,2,2,True,0,0.6638748943805695
D07P_NEG__F427,D07P_NEG,single,1,0,0,1,1,True,0,0.8590998649597168
D07P_NEG__F429,D07P_NEG,single,1,0,0,1,1,True,0,0.876955509185791
D07P_NEG__F43,D07P_NEG,single,1,0,0,1,1,True,0,0.6846414804458618
D07P_NEG__F430,D07P_NEG,multi,2,0,0,2,2,True,0,0.7926899194717407
D07P_NEG__F432,D07P_NEG,single,1,0,0,1,1,True,0,0.9131966829299927
D07P_NEG__F435,D07P_NEG,multi,1,0,1,2,1,False,1,0.8796043395996094
D07P_NEG__F438,D07P_NEG,multi,2,0,0,2,2,True,0,0.9056384265422821
D07P_NEG__F441,D07P_NEG,single,1,0,0,1,1,True,0,0.9454436302185059
D07P_NEG__F443,D07P_NEG,multi,2,0,0,2,2,True,0,0.916943371295929
D07P_NEG__F448,D07P_NEG,multi,2,1,1,3,3,True,0,0.89333575963974
D07P_NEG__F450,D07P_NEG,single,1,1,0,1,2,False,1,0.6506873965263367
D07P_NEG__F451,D07P_NEG,single,1,0,0,1,1,True,0,0.8781052827835083
D07P_NEG__F452,D07P_NEG,multi,1,0,1,2,1,False,1,0.8356873989105225
D07P_NEG__F456,D07P_NEG,multi,2,0,0,2,2,True,0,0.8954789638519287
D07P_NEG__F457,D07P_NEG,single,1,2,0,1,3,False,2,0.8672263622283936
D07P_NEG__F458,D07P_NEG,multi,2,1,0,2,3,False,1,0.8558166921138763
D07P_NEG__F46,D07P_NEG,single,1,0,0,1,1,True,0,0.9294359087944031
D07P_NEG__F461,D07P_NEG,single,1,0,0,1,1,True,0,0.717373251914978
D07P_NEG__F462,D07P_NEG,single,1,0,0,1,1,True,0,0.9193394184112549
D07P_NEG__F465,D07P_NEG,single,1,0,0,1,1,True,0,0.9230751395225525
D07P_NEG__F466,D07P_NEG,single,1,1,0,1,2,False,1,0.9155868887901306
D07P_NEG__F468,D07P_NEG,single,1,0,0,1,1,True,0,0.8766292333602905
D07P_NEG__F469,D07P_NEG,single,1,0,0,1,1,True,0,0.8644222617149353
D07P_NEG__F47,D07P_NEG,single,1,0,0,1,1,True,0,0.7529263496398926
D07P_NEG__F473,D07P_NEG,multi,3,0,0,3,3,True,0,0.9044169386227926
D07P_NEG__F478,D07P_NEG,single,1,1,0,1,2,False,1,0.7942659258842468
D07P_NEG__F481,D07P_NEG,single,1,0,0,1,1,True,0,0.8805750608444214
D07P_NEG__F483,D07P_NEG,empty,0,0,0,0,0,True,0,0.0
D07P_NEG__F484,D07P_NEG,single,1,0,0,1,1,True,0,0.8560252785682678
D07P_NEG__F486,D07P_NEG,multi,2,0,0,2,2,True,0,0.9482278525829315
D07P_NEG__F488,D07P_NEG,single,1,0,0,1,1,True,0,0.9715977311134338
D07P_NEG__F49,D07P_NEG,single,1,0,0,1,1,True,0,0.9051876664161682
D07P_NEG__F491,D07P_NEG,multi,2,0,0,2,2,True,0,0.9300858974456787
D07P_NEG__F493,D07P_NEG,multi,2,0,0,2,2,True,0,0.8965940475463867
D07P_NEG__F494,D07P_NEG,single,1,0,0,1,1,True,0,0.8084622025489807
D07P_NEG__F495,D07P_NEG,single,1,1,0,1,2,False,1,0.9556481838226318
D07P_NEG__F497,D07P_NEG,single,1,0,0,1,1,True,0,0.9206465482711792
D07P_NEG__F498,D07P_NEG,empty,0,0,0,0,0,True,0,0.0
D07P_NEG__F500,D07P_NEG,single,1,0,0,1,1,True,0,0.9275801777839661
D07P_NEG__F505,D07P_NEG,multi,3,0,0,3,3,True,0,0.9373013377189636
D07P_NEG__F506,D07P_NEG,multi,3,0,0,3,3,True,0,0.9204418857892355
D07P_NEG__F507,D07P_NEG,single,1,1,0,1,2,False,1,0.8645477294921875
D07P_NEG__F508,D07P_NEG,multi,3,0,0,3,3,True,0,0.8707367181777954
D07P_NEG__F509,D07P_NEG,multi,2,0,0,2,2,True,0,0.8929101824760437
D07P_NEG__F514,D07P_NEG,single,1,1,0,1,2,False,1,0.9533102512359619
D07P_NEG__F515,D07P_NEG,multi,2,0,0,2,2,True,0,0.8937723338603973
D07P_NEG__F516,D07P_NEG,multi,2,0,0,2,2,True,0,0.924757331609726
D07P_NEG__F517,D07P_NEG,multi,2,0,0,2,2,True,0,0.8943578004837036
D07P_NEG__F518,D07P_NEG,multi,1,0,1,2,1,False,1,0.8294029235839844
D07P_NEG__F519,D07P_NEG,multi,1,0,1,2,1,False,1,0.873935878276825
D07P_NEG__F520,D07P_NEG,single,1,0,0,1,1,True,0,0.8500344753265381
D07P_NEG__F522,D07P_NEG,single,1,0,0,1,1,True,0,0.8454651236534119
D07P_NEG__F523,D07P_NEG,multi,3,0,0,3,3,True,0,0.8955164750417074
D07P_NEG__F524,D07P_NEG,multi,2,0,0,2,2,True,0,0.8711860477924347
D07P_NEG__F526,D07P_NEG,single,1,0,0,1,1,True,0,0.8925125598907471
D07P_NEG__F527,D07P_NEG,multi,2,0,0,2,2,True,0,0.8925878703594208
D07P_NEG__F529,D07P_NEG,single,1,0,0,1,1,True,0,0.9005275964736938
D07P_NEG__F531,D07P_NEG,multi,2,0,0,2,2,True,0,0.8871383666992188
D07P_NEG__F532,D07P_NEG,multi,2,0,0,2,2,True,0,0.8542303442955017
D07P_NEG__F533,D07P_NEG,multi,3,0,0,3,3,True,0,0.8928225835164388
D07P_NEG__F534,D07P_NEG,multi,2,0,0,2,2,True,0,0.8315476477146149
D07P_NEG__F537,D07P_NEG,multi,2,0,0,2,2,True,0,0.9051005244255066
D07P_NEG__F538,D07P_NEG,single,1,0,0,1,1,True,0,0.8739317655563354
D07P_NEG__F540,D07P_NEG,single,1,0,0,1,1,True,0,0.8916944265365601
D07P_NEG__F541,D07P_NEG,multi,1,0,1,2,1,False,1,0.8473494648933411
D07P_NEG__F543,D07P_NEG,single,1,0,0,1,1,True,0,0.9261517524719238
D07P_NEG__F544,D07P_NEG,single,1,0,0,1,1,True,0,0.9212673902511597
D07P_NEG__F56,D07P_NEG,single,1,0,0,1,1,True,0,0.8534267544746399
D07P_NEG__F57,D07P_NEG,single,1,0,0,1,1,True,0,0.8486520648002625
D07P_NEG__F58,D07P_NEG,empty,0,0,0,0,0,True,0,0.0
D07P_NEG__F6,D07P_NEG,empty,0,0,0,0,0,True,0,0.0
D07P_NEG__F60,D07P_NEG,empty,0,1,0,0,1,False,1,0.0
D07P_NEG__F61,D07P_NEG,single,1,0,0,1,1,True,0,0.9213194847106934
D07P_NEG__F64,D07P_NEG,empty,0,0,0,0,0,True,0,0.0
D07P_NEG__F67,D07P_NEG,single,1,0,0,1,1,True,0,0.7214283347129822
D07P_NEG__F68,D07P_NEG,single,1,0,0,1,1,True,0,0.5424516201019287
D07P_NEG__F69,D07P_NEG,single,1,0,0,1,1,True,0,0.9677308201789856
D07P_NEG__F7,D07P_NEG,empty,0,0,0,0,0,True,0,0.0
D07P_NEG__F70,D07P_NEG,single,1,0,0,1,1,True,0,0.8835849165916443
D07P_NEG__F71,D07P_NEG,single,1,0,0,1,1,True,0,0.6084352731704712
D07P_NEG__F73,D07P_NEG,single,1,0,0,1,1,True,0,0.9636263251304626
D07P_NEG__F74,D07P_NEG,single,1,0,0,1,1,True,0,0.8807364106178284
D07P_NEG__F75,D07P_NEG,empty,0,0,0,0,0,True,0,0.0
D07P_NEG__F76,D07P_NEG,single,1,0,0,1,1,True,0,0.9078231453895569
D07P_NEG__F77,D07P_NEG,multi,2,0,0,2,2,True,0,0.8525515198707581
D07P_NEG__F78,D07P_NEG,single,0,0,1,1,0,False,1,0.0
D07P_NEG__F79,D07P_NEG,multi,1,0,1,2,1,False,1,0.5444616079330444
D07P_NEG__F8,D07P_NEG,empty,0,0,0,0,0,True,0,0.0
D07P_NEG__F80,D07P_NEG,empty,0,0,0,0,0,True,0,0.0
D07P_NEG__F82,D07P_NEG,single,1,0,0,1,1,True,0,0.8875510096549988
D07P_NEG__F83,D07P_NEG,empty,0,0,0,0,0,True,0,0.0
D07P_NEG__F84,D07P_NEG,single,1,0,0,1,1,True,0,0.9046759605407715
D07P_NEG__F85,D07P_NEG,single,1,0,0,1,1,True,0,0.7966278195381165
D07P_NEG__F87,D07P_NEG,empty,0,0,0,0,0,True,0,0.0
D07P_NEG__F90,D07P_NEG,multi,2,0,0,2,2,True,0,0.7783156633377075
D07P_NEG__F91,D07P_NEG,multi,2,0,0,2,2,True,0,0.795378714799881
D07P_NEG__F93,D07P_NEG,empty,0,0,0,0,0,True,0,0.0
D07P_NEG__F94,D07P_NEG,empty,0,0,0,0,0,True,0,0.0
D07P_NEG__F95,D07P_NEG,single,1,0,0,1,1,True,0,0.6757817268371582
D03P_POS__F1,D03P_POS,single,1,0,0,1,1,True,0,0.7581363320350647
D03P_POS__F10,D03P_POS,empty,0,0,0,0,0,True,0,0.0
D03P_POS__F100,D03P_POS,multi,2,0,0,2,2,True,0,0.8135128021240234
D03P_POS__F1000,D03P_POS,multi,4,0,0,4,4,True,0,0.882992684841156
D03P_POS__F1001,D03P_POS,multi,2,0,1,3,2,False,1,0.749477207660675
D03P_POS__F1002,D03P_POS,multi,3,0,0,3,3,True,0,0.8638382951418558
D03P_POS__F1006,D03P_POS,multi,2,2,0,2,4,False,2,0.7432249486446381
D03P_POS__F1007,D03P_POS,multi,3,0,0,3,3,True,0,0.9066176215807596
D03P_POS__F1008,D03P_POS,single,1,0,0,1,1,True,0,0.5356055498123169
D03P_POS__F1010,D03P_POS,multi,3,0,0,3,3,True,0,0.8983347018559774
D03P_POS__F1019,D03P_POS,multi,1,0,1,2,1,False,1,0.8357657194137573
D03P_POS__F1024,D03P_POS,multi,2,0,0,2,2,True,0,0.8707399070262909
D03P_POS__F103,D03P_POS,empty,0,0,0,0,0,True,0,0.0
D03P_POS__F1030,D03P_POS,single,1,0,0,1,1,True,0,0.8738356232643127
D03P_POS__F1034,D03P_POS,multi,2,0,0,2,2,True,0,0.7514464855194092
D03P_POS__F1036,D03P_POS,multi,2,0,0,2,2,True,0,0.8897138237953186
D03P_POS__F1037,D03P_POS,single,1,0,0,1,1,True,0,0.8929834961891174
D03P_POS__F1038,D03P_POS,multi,3,0,0,3,3,True,0,0.8944834073384603
D03P_POS__F1040,D03P_POS,multi,3,0,1,4,3,False,1,0.8655157883961996
D03P_POS__F1044,D03P_POS,multi,1,1,1,2,2,True,0,0.7902218103408813
D03P_POS__F105,D03P_POS,multi,2,0,0,2,2,True,0,0.6829366087913513
D03P_POS__F1050,D03P_POS,multi,4,2,1,5,6,False,1,0.8944291472434998
D03P_POS__F1051,D03P_POS,multi,3,0,0,3,3,True,0,0.9340679049491882
D03P_POS__F1053,D03P_POS,multi,2,0,1,3,2,False,1,0.876455694437027
D03P_POS__F1054,D03P_POS,multi,3,0,0,3,3,True,0,0.8357484738032023
D03P_POS__F1058,D03P_POS,multi,2,0,0,2,2,True,0,0.9143342077732086
D03P_POS__F1059,D03P_POS,multi,3,0,1,4,3,False,1,0.938153068224589
D03P_POS__F106,D03P_POS,single,1,0,0,1,1,True,0,0.7936086654663086
D03P_POS__F1062,D03P_POS,multi,2,0,0,2,2,True,0,0.931639701128006
D03P_POS__F1068,D03P_POS,multi,5,0,0,5,5,True,0,0.8821934342384339
D03P_POS__F1069,D03P_POS,multi,2,1,1,3,3,True,0,0.9292366206645966
D03P_POS__F107,D03P_POS,single,1,0,0,1,1,True,0,0.9178750514984131
D03P_POS__F1074,D03P_POS,multi,4,0,0,4,4,True,0,0.909558430314064
D03P_POS__F1075,D03P_POS,multi,4,0,0,4,4,True,0,0.9100613445043564
D03P_POS__F1076,D03P_POS,multi,3,1,1,4,4,True,0,0.8478719194730123
D03P_POS__F1079,D03P_POS,multi,2,0,0,2,2,True,0,0.6630502939224243
D03P_POS__F1081,D03P_POS,multi,2,1,1,3,3,True,0,0.9188612401485443
D03P_POS__F1086,D03P_POS,multi,3,0,0,3,3,True,0,0.8646173278490702
D03P_POS__F1090,D03P_POS,multi,3,0,0,3,3,True,0,0.8928075631459554
D03P_POS__F1091,D03P_POS,multi,2,0,1,3,2,False,1,0.9019144475460052
D03P_POS__F1093,D03P_POS,multi,2,0,0,2,2,True,0,0.914167046546936
D03P_POS__F1094,D03P_POS,multi,6,0,0,6,6,True,0,0.8596239487330118
D03P_POS__F1097,D03P_POS,single,1,0,0,1,1,True,0,0.8946753740310669
D03P_POS__F1099,D03P_POS,multi,3,0,0,3,3,True,0,0.894426147143046
D03P_POS__F11,D03P_POS,single,1,0,0,1,1,True,0,0.9206163883209229
D03P_POS__F1100,D03P_POS,multi,2,0,0,2,2,True,0,0.872493177652359
D03P_POS__F1101,D03P_POS,multi,3,0,0,3,3,True,0,0.920379638671875
D03P_POS__F1104,D03P_POS,multi,3,0,1,4,3,False,1,0.901585578918457
D03P_POS__F1106,D03P_POS,multi,3,0,0,3,3,True,0,0.9354661504427592
D03P_POS__F1107,D03P_POS,multi,2,0,1,3,2,False,1,0.910303920507431
D03P_POS__F1112,D03P_POS,single,0,2,1,1,2,False,1,0.0
D03P_POS__F1114,D03P_POS,single,1,0,0,1,1,True,0,0.9121819734573364
D03P_POS__F1115,D03P_POS,multi,4,0,0,4,4,True,0,0.8862552493810654
D03P_POS__F1117,D03P_POS,multi,2,0,1,3,2,False,1,0.885225236415863
D03P_POS__F1121,D03P_POS,multi,4,0,0,4,4,True,0,0.8839511722326279
D03P_POS__F1125,D03P_POS,multi,3,0,0,3,3,True,0,0.853638768196106
D03P_POS__F1128,D03P_POS,multi,2,0,0,2,2,True,0,0.8908312320709229
D03P_POS__F1129,D03P_POS,multi,4,0,0,4,4,True,0,0.8646001368761063
D03P_POS__F1132,D03P_POS,multi,3,0,0,3,3,True,0,0.8285937309265137
D03P_POS__F1135,D03P_POS,single,1,0,0,1,1,True,0,0.9124155640602112
D03P_POS__F1139,D03P_POS,multi,2,0,1,3,2,False,1,0.8824789822101593
D03P_POS__F1140,D03P_POS,multi,2,0,0,2,2,True,0,0.72893425822258
D03P_POS__F1149,D03P_POS,multi,2,0,0,2,2,True,0,0.9052549302577972
D03P_POS__F1157,D03P_POS,multi,3,0,1,4,3,False,1,0.8555473883946737
D03P_POS__F1158,D03P_POS,multi,2,0,0,2,2,True,0,0.7390002608299255
D03P_POS__F1159,D03P_POS,multi,2,0,0,2,2,True,0,0.9082322120666504
D03P_POS__F116,D03P_POS,single,1,0,0,1,1,True,0,0.8616982102394104
D03P_POS__F1160,D03P_POS,multi,2,0,0,2,2,True,0,0.8759416341781616
D03P_POS__F1164,D03P_POS,multi,2,0,0,2,2,True,0,0.9131324291229248
D03P_POS__F1166,D03P_POS,single,1,0,0,1,1,True,0,0.8916763067245483
D03P_POS__F1173,D03P_POS,multi,3,1,1,4,4,True,0,0.8492135206858317
D03P_POS__F1175,D03P_POS,multi,4,0,0,4,4,True,0,0.831273227930069
D03P_POS__F1176,D03P_POS,multi,4,0,0,4,4,True,0,0.7834125608205795
D03P_POS__F1177,D03P_POS,multi,4,0,0,4,4,True,0,0.8111457228660583
D03P_POS__F1182,D03P_POS,multi,1,0,1,2,1,False,1,0.8266150951385498
D03P_POS__F1187,D03P_POS,multi,1,0,1,2,1,False,1,0.8845790028572083
D03P_POS__F1188,D03P_POS,multi,4,0,0,4,4,True,0,0.8565853089094162
D03P_POS__F119,D03P_POS,multi,1,1,1,2,2,True,0,0.9682753086090088
D03P_POS__F1190,D03P_POS,single,1,0,0,1,1,True,0,0.7824233174324036
D03P_POS__F1196,D03P_POS,multi,2,0,0,2,2,True,0,0.9231360852718353
D03P_POS__F1198,D03P_POS,multi,2,1,0,2,3,False,1,0.903351366519928
D03P_POS__F1201,D03P_POS,multi,2,0,0,2,2,True,0,0.8622383773326874
D03P_POS__F1205,D03P_POS,empty,0,0,0,0,0,True,0,0.0
D03P_POS__F1206,D03P_POS,empty,0,0,0,0,0,True,0,0.0
D03P_POS__F1209,D03P_POS,multi,2,0,0,2,2,True,0,0.8480456471443176
D03P_POS__F1213,D03P_POS,multi,3,1,0,3,4,False,1,0.8691274126370748
D03P_POS__F1215,D03P_POS,multi,5,0,0,5,5,True,0,0.8231491208076477
D03P_POS__F1219,D03P_POS,multi,4,0,1,5,4,False,1,0.8970238119363785
D03P_POS__F1223,D03P_POS,multi,5,1,0,5,6,False,1,0.9162439227104187
D03P_POS__F1224,D03P_POS,multi,4,0,2,6,4,False,2,0.8987975418567657
D03P_POS__F1225,D03P_POS,multi,6,1,0,6,7,False,1,0.7713738481203715
D03P_POS__F1226,D03P_POS,multi,6,1,1,7,7,True,0,0.8426228165626526
D03P_POS__F1230,D03P_POS,multi,5,1,0,5,6,False,1,0.8453900694847107
D03P_POS__F1232,D03P_POS,multi,4,0,0,4,4,True,0,0.8897148370742798
D03P_POS__F1233,D03P_POS,multi,4,0,1,5,4,False,1,0.8996382653713226
D03P_POS__F1236,D03P_POS,multi,3,0,1,4,3,False,1,0.8946126699447632
D03P_POS__F1237,D03P_POS,multi,3,0,0,3,3,True,0,0.8853193521499634
D03P_POS__F1238,D03P_POS,multi,3,0,2,5,3,False,2,0.8919044335683187
D03P_POS__F124,D03P_POS,empty,0,0,0,0,0,True,0,0.0
D03P_POS__F1240,D03P_POS,multi,5,0,0,5,5,True,0,0.8621662616729736
D03P_POS__F1244,D03P_POS,multi,2,0,1,3,2,False,1,0.9096991121768951
D03P_POS__F1248,D03P_POS,multi,2,0,1,3,2,False,1,0.8518386483192444
D03P_POS__F1250,D03P_POS,single,1,0,0,1,1,True,0,0.9142208099365234
D03P_POS__F1254,D03P_POS,multi,2,0,0,2,2,True,0,0.9386352002620697
D03P_POS__F1255,D03P_POS,single,1,0,0,1,1,True,0,0.9219411015510559
D03P_POS__F1257,D03P_POS,multi,4,0,0,4,4,True,0,0.8658661097288132
D03P_POS__F1259,D03P_POS,multi,3,0,0,3,3,True,0,0.8339937726656595
D03P_POS__F126,D03P_POS,multi,2,0,0,2,2,True,0,0.9183855950832367
D03P_POS__F1260,D03P_POS,multi,3,0,0,3,3,True,0,0.885342538356781
D03P_POS__F1263,D03P_POS,multi,2,0,0,2,2,True,0,0.9264484345912933
D03P_POS__F1264,D03P_POS,multi,2,0,0,2,2,True,0,0.8065606653690338
D03P_POS__F1267,D03P_POS,multi,4,0,0,4,4,True,0,0.8705861121416092
D03P_POS__F1269,D03P_POS,multi,2,0,0,2,2,True,0,0.854559063911438
D03P_POS__F1270,D03P_POS,multi,1,1,1,2,2,True,0,0.9325799942016602
D03P_POS__F1272,D03P_POS,multi,2,0,1,3,2,False,1,0.7748507261276245
D03P_POS__F1273,D03P_POS,multi,2,0,1,3,2,False,1,0.9264763593673706
D03P_POS__F1277,D03P_POS,multi,2,0,1,3,2,False,1,0.8798963129520416
D03P_POS__F1279,D03P_POS,multi,3,0,0,3,3,True,0,0.6719571948051453
D03P_POS__F1281,D03P_POS,multi,3,0,0,3,3,True,0,0.9266010324160258
D03P_POS__F1283,D03P_POS,multi,3,0,0,3,3,True,0,0.9102664987246195
D03P_POS__F1284,D03P_POS,multi,2,2,0,2,4,False,2,0.7225867211818695
D03P_POS__F1290,D03P_POS,multi,3,0,2,5,3,False,2,0.9173276225725809
D03P_POS__F1291,D03P_POS,multi,3,0,0,3,3,True,0,0.914408802986145
D03P_POS__F1294,D03P_POS,multi,3,0,1,4,3,False,1,0.8555974165598551
D03P_POS__F1296,D03P_POS,multi,3,0,0,3,3,True,0,0.8405591448148092
D03P_POS__F1297,D03P_POS,multi,2,0,1,3,2,False,1,0.8855980038642883
D03P_POS__F1299,D03P_POS,multi,3,2,0,3,5,False,2,0.8202487031618754
D03P_POS__F1303,D03P_POS,multi,1,0,2,3,1,False,2,0.9052570462226868
D03P_POS__F1304,D03P_POS,multi,1,2,1,2,3,False,1,0.8830062747001648
D03P_POS__F1305,D03P_POS,multi,1,1,1,2,2,True,0,0.5515979528427124
D03P_POS__F1307,D03P_POS,single,1,1,0,1,2,False,1,0.7825263738632202
D03P_POS__F1308,D03P_POS,multi,1,2,1,2,3,False,1,0.9218217134475708
D03P_POS__F1312,D03P_POS,multi,2,2,0,2,4,False,2,0.8367352187633514
D03P_POS__F1313,D03P_POS,multi,2,2,0,2,4,False,2,0.9161637127399445
D03P_POS__F1315,D03P_POS,multi,3,0,0,3,3,True,0,0.9079209168752035
D03P_POS__F1316,D03P_POS,multi,2,0,0,2,2,True,0,0.8874663710594177
D03P_POS__F1317,D03P_POS,multi,3,0,0,3,3,True,0,0.7247610886891683
D03P_POS__F1319,D03P_POS,multi,2,0,1,3,2,False,1,0.9272443354129791
D03P_POS__F1320,D03P_POS,multi,3,1,0,3,4,False,1,0.8743513027826945
D03P_POS__F1321,D03P_POS,multi,2,0,0,2,2,True,0,0.8943864405155182
D03P_POS__F1325,D03P_POS,single,1,0,0,1,1,True,0,0.949781596660614
D03P_POS__F1326,D03P_POS,multi,2,0,1,3,2,False,1,0.9161466658115387
D03P_POS__F1331,D03P_POS,multi,2,1,0,2,3,False,1,0.8226060569286346
D03P_POS__F1332,D03P_POS,single,1,0,0,1,1,True,0,0.9509081840515137
D03P_POS__F1340,D03P_POS,single,1,1,0,1,2,False,1,0.883103609085083
D03P_POS__F1342,D03P_POS,single,1,0,0,1,1,True,0,0.8141742944717407
D03P_POS__F1346,D03P_POS,multi,3,1,0,3,4,False,1,0.8463412523269653
D03P_POS__F1348,D03P_POS,multi,3,1,1,4,4,True,0,0.911568284034729
D03P_POS__F1355,D03P_POS,single,1,1,0,1,2,False,1,0.6222735643386841
D03P_POS__F1358,D03P_POS,single,1,1,0,1,2,False,1,0.5394675135612488
D03P_POS__F1360,D03P_POS,multi,2,0,0,2,2,True,0,0.8847118318080902
D03P_POS__F1369,D03P_POS,single,1,2,0,1,3,False,2,0.9830819368362427
D03P_POS__F137,D03P_POS,single,1,0,0,1,1,True,0,0.8776519298553467
D03P_POS__F1370,D03P_POS,multi,2,0,0,2,2,True,0,0.9390874803066254
D03P_POS__F1373,D03P_POS,multi,3,0,0,3,3,True,0,0.9017691016197205
D03P_POS__F1374,D03P_POS,multi,3,0,0,3,3,True,0,0.9376728137334188
D03P_POS__F1378,D03P_POS,multi,2,0,0,2,2,True,0,0.9129835963249207
D03P_POS__F1382,D03P_POS,multi,2,0,1,3,2,False,1,0.8322223126888275
D03P_POS__F1383,D03P_POS,multi,3,0,0,3,3,True,0,0.8817463119824728
D03P_POS__F1384,D03P_POS,multi,1,1,2,3,2,False,1,0.8723562359809875
D03P_POS__F1385,D03P_POS,single,1,1,0,1,2,False,1,0.5826928615570068
D03P_POS__F1386,D03P_POS,multi,4,1,0,4,5,False,1,0.9244188070297241
D03P_POS__F1391,D03P_POS,multi,2,0,0,2,2,True,0,0.8691701889038086
D03P_POS__F140,D03P_POS,single,1,0,0,1,1,True,0,0.709804117679596
D03P_POS__F141,D03P_POS,single,1,1,0,1,2,False,1,0.8846182823181152
D03P_POS__F145,D03P_POS,multi,3,0,0,3,3,True,0,0.8872663378715515
D03P_POS__F156,D03P_POS,multi,0,0,2,2,0,False,2,0.0
D03P_POS__F159,D03P_POS,single,1,0,0,1,1,True,0,0.8924943804740906
D03P_POS__F16,D03P_POS,multi,2,0,1,3,2,False,1,0.8887041807174683
D03P_POS__F164,D03P_POS,multi,2,2,1,3,4,False,1,0.9007723331451416
D03P_POS__F168,D03P_POS,single,1,0,0,1,1,True,0,0.9745398163795471
D03P_POS__F170,D03P_POS,multi,1,0,1,2,1,False,1,0.893762469291687
D03P_POS__F174,D03P_POS,multi,3,0,0,3,3,True,0,0.8863162597020467
D03P_POS__F179,D03P_POS,empty,0,0,0,0,0,True,0,0.0
D03P_POS__F182,D03P_POS,single,1,0,0,1,1,True,0,0.9087994694709778
D03P_POS__F184,D03P_POS,multi,1,0,1,2,1,False,1,0.958302915096283
D03P_POS__F185,D03P_POS,multi,1,0,1,2,1,False,1,0.7987025380134583
D03P_POS__F19,D03P_POS,single,1,0,0,1,1,True,0,0.8297144770622253
D03P_POS__F193,D03P_POS,multi,2,0,0,2,2,True,0,0.8922596573829651
D03P_POS__F194,D03P_POS,multi,2,0,0,2,2,True,0,0.818727970123291
D03P_POS__F195,D03P_POS,single,1,0,0,1,1,True,0,0.9033078551292419
D03P_POS__F196,D03P_POS,single,1,0,0,1,1,True,0,0.9329251646995544
D03P_POS__F199,D03P_POS,multi,1,0,1,2,1,False,1,0.9011355638504028
D03P_POS__F200,D03P_POS,single,0,1,1,1,1,True,0,0.0
D03P_POS__F209,D03P_POS,multi,3,1,2,5,4,False,1,0.9119333624839783
D03P_POS__F210,D03P_POS,multi,2,0,1,3,2,False,1,0.8694177567958832
D03P_POS__F211,D03P_POS,multi,2,0,0,2,2,True,0,0.8876433372497559
D03P_POS__F212,D03P_POS,single,0,1,1,1,1,True,0,0.0
D03P_POS__F223,D03P_POS,multi,2,0,0,2,2,True,0,0.9297049641609192
D03P_POS__F224,D03P_POS,multi,3,0,0,3,3,True,0,0.9210063417752584
D03P_POS__F225,D03P_POS,single,1,0,0,1,1,True,0,0.8100515007972717
D03P_POS__F228,D03P_POS,single,1,0,0,1,1,True,0,0.9364967346191406
D03P_POS__F229,D03P_POS,single,1,0,0,1,1,True,0,0.920211672782898
D03P_POS__F23,D03P_POS,single,1,0,0,1,1,True,0,0.855927050113678
D03P_POS__F234,D03P_POS,single,1,0,0,1,1,True,0,0.9215407371520996
D03P_POS__F237,D03P_POS,single,1,0,0,1,1,True,0,0.890781044960022
D03P_POS__F241,D03P_POS,multi,3,0,0,3,3,True,0,0.8518674572308859
D03P_POS__F248,D03P_POS,multi,1,0,1,2,1,False,1,0.9127066731452942
D03P_POS__F250,D03P_POS,multi,2,0,0,2,2,True,0,0.9171988070011139
D03P_POS__F256,D03P_POS,single,1,1,0,1,2,False,1,0.5301904678344727
D03P_POS__F257,D03P_POS,multi,0,0,2,2,0,False,2,0.0
D03P_POS__F258,D03P_POS,multi,2,0,0,2,2,True,0,0.8557784855365753
D03P_POS__F259,D03P_POS,multi,2,0,0,2,2,True,0,0.8894547820091248
D03P_POS__F26,D03P_POS,empty,0,0,0,0,0,True,0,0.0
D03P_POS__F260,D03P_POS,multi,3,0,1,4,3,False,1,0.9008191823959351
D03P_POS__F262,D03P_POS,multi,3,0,1,4,3,False,1,0.8879663348197937
D03P_POS__F265,D03P_POS,single,1,0,0,1,1,True,0,0.8469337224960327
D03P_POS__F267,D03P_POS,single,1,0,0,1,1,True,0,0.8836554884910583
D03P_POS__F271,D03P_POS,multi,2,0,0,2,2,True,0,0.9103443324565887
D03P_POS__F279,D03P_POS,multi,1,0,3,4,1,False,3,0.8991293907165527
D03P_POS__F28,D03P_POS,single,1,0,0,1,1,True,0,0.7189608216285706
D03P_POS__F286,D03P_POS,empty,0,0,0,0,0,True,0,0.0
D03P_POS__F287,D03P_POS,multi,1,0,2,3,1,False,2,0.689015805721283
D03P_POS__F29,D03P_POS,empty,0,0,0,0,0,True,0,0.0
D03P_POS__F292,D03P_POS,empty,0,0,0,0,0,True,0,0.0
D03P_POS__F297,D03P_POS,empty,0,0,0,0,0,True,0,0.0
D03P_POS__F3,D03P_POS,multi,1,0,1,2,1,False,1,0.7567071914672852
D03P_POS__F300,D03P_POS,multi,1,0,1,2,1,False,1,0.8346430659294128
D03P_POS__F303,D03P_POS,multi,2,0,0,2,2,True,0,0.8899319171905518
D03P_POS__F306,D03P_POS,single,1,0,0,1,1,True,0,0.894814670085907
D03P_POS__F307,D03P_POS,multi,2,0,0,2,2,True,0,0.9235422015190125
D03P_POS__F310,D03P_POS,multi,3,0,0,3,3,True,0,0.8682149847348531
D03P_POS__F311,D03P_POS,multi,2,0,0,2,2,True,0,0.9073554277420044
D03P_POS__F313,D03P_POS,multi,2,1,0,2,3,False,1,0.867438793182373
D03P_POS__F315,D03P_POS,multi,2,0,0,2,2,True,0,0.8733703792095184
D03P_POS__F319,D03P_POS,multi,2,0,0,2,2,True,0,0.9412039220333099
D03P_POS__F32,D03P_POS,single,1,0,0,1,1,True,0,0.8300461173057556
D03P_POS__F320,D03P_POS,multi,3,0,0,3,3,True,0,0.8707308769226074
D03P_POS__F323,D03P_POS,multi,2,0,1,3,2,False,1,0.7942135035991669
D03P_POS__F328,D03P_POS,multi,3,0,0,3,3,True,0,0.8581555684407552
D03P_POS__F33,D03P_POS,empty,0,0,0,0,0,True,0,0.0
D03P_POS__F330,D03P_POS,multi,2,0,0,2,2,True,0,0.9288899302482605
D03P_POS__F334,D03P_POS,multi,2,0,0,2,2,True,0,0.8983363807201385
D03P_POS__F337,D03P_POS,single,1,0,0,1,1,True,0,0.7076672911643982
D03P_POS__F339,D03P_POS,multi,2,0,0,2,2,True,0,0.8739131689071655
D03P_POS__F341,D03P_POS,multi,3,0,0,3,3,True,0,0.9137259920438131
D03P_POS__F342,D03P_POS,multi,3,0,0,3,3,True,0,0.9377196431159973
D03P_POS__F343,D03P_POS,single,1,0,0,1,1,True,0,0.9099476933479309
D03P_POS__F347,D03P_POS,multi,3,0,0,3,3,True,0,0.729837973912557
D03P_POS__F350,D03P_POS,multi,4,0,0,4,4,True,0,0.8416871875524521
D03P_POS__F352,D03P_POS,multi,4,0,0,4,4,True,0,0.7203595638275146
D03P_POS__F353,D03P_POS,multi,3,0,1,4,3,False,1,0.8897974292437235
D03P_POS__F355,D03P_POS,multi,4,0,0,4,4,True,0,0.8963848352432251
D03P_POS__F360,D03P_POS,multi,2,0,0,2,2,True,0,0.87350994348526
D03P_POS__F364,D03P_POS,single,1,0,0,1,1,True,0,0.8023394346237183
D03P_POS__F366,D03P_POS,single,1,0,0,1,1,True,0,0.844243586063385
D03P_POS__F369,D03P_POS,multi,3,0,0,3,3,True,0,0.9178110957145691
D03P_POS__F371,D03P_POS,multi,1,1,2,3,2,False,1,0.8400119543075562
D03P_POS__F372,D03P_POS,multi,3,0,0,3,3,True,0,0.905936598777771
D03P_POS__F374,D03P_POS,multi,2,0,0,2,2,True,0,0.8794745802879333
D03P_POS__F375,D03P_POS,empty,0,0,0,0,0,True,0,0.0
D03P_POS__F376,D03P_POS,single,1,1,0,1,2,False,1,0.614801824092865
D03P_POS__F377,D03P_POS,single,1,0,0,1,1,True,0,0.9126714468002319
D03P_POS__F381,D03P_POS,multi,1,0,1,2,1,False,1,0.8679490685462952
D03P_POS__F383,D03P_POS,multi,2,0,0,2,2,True,0,0.9043898284435272
D03P_POS__F384,D03P_POS,multi,1,0,2,3,1,False,2,0.5213632583618164
D03P_POS__F390,D03P_POS,multi,3,0,0,3,3,True,0,0.7623917857805887
D03P_POS__F391,D03P_POS,multi,2,0,0,2,2,True,0,0.9301603138446808
D03P_POS__F394,D03P_POS,single,1,0,0,1,1,True,0,0.8715142607688904
D03P_POS__F395,D03P_POS,single,1,0,0,1,1,True,0,0.8928293585777283
D03P_POS__F396,D03P_POS,single,1,0,0,1,1,True,0,0.8629658818244934
D03P_POS__F399,D03P_POS,multi,2,0,0,2,2,True,0,0.8414663374423981
D03P_POS__F40,D03P_POS,multi,2,0,0,2,2,True,0,0.8417118489742279
D03P_POS__F406,D03P_POS,single,1,0,0,1,1,True,0,0.920537531375885
D03P_POS__F409,D03P_POS,multi,3,0,0,3,3,True,0,0.8885890444119772
D03P_POS__F412,D03P_POS,multi,2,0,0,2,2,True,0,0.8362524211406708
D03P_POS__F413,D03P_POS,multi,2,0,1,3,2,False,1,0.8807559907436371
D03P_POS__F414,D03P_POS,multi,1,0,1,2,1,False,1,0.766925573348999
D03P_POS__F415,D03P_POS,single,0,1,1,1,1,True,0,0.0
D03P_POS__F416,D03P_POS,single,1,0,0,1,1,True,0,0.90610271692276
D03P_POS__F417,D03P_POS,single,1,0,0,1,1,True,0,0.8539800643920898
D03P_POS__F420,D03P_POS,multi,1,1,1,2,2,True,0,0.8898535370826721
D03P_POS__F425,D03P_POS,multi,1,0,3,4,1,False,3,0.7496387958526611
D03P_POS__F43,D03P_POS,single,1,0,0,1,1,True,0,0.8665906190872192
D03P_POS__F431,D03P_POS,single,1,0,0,1,1,True,0,0.9173948764801025
D03P_POS__F433,D03P_POS,multi,1,0,2,3,1,False,2,0.8244702219963074
D03P_POS__F436,D03P_POS,single,1,0,0,1,1,True,0,0.7250896692276001
D03P_POS__F439,D03P_POS,single,1,0,0,1,1,True,0,0.6323310136795044
D03P_POS__F440,D03P_POS,multi,2,0,0,2,2,True,0,0.8729548454284668
D03P_POS__F441,D03P_POS,single,1,0,0,1,1,True,0,0.9434847831726074
D03P_POS__F443,D03P_POS,single,1,0,0,1,1,True,0,0.8226571083068848
D03P_POS__F447,D03P_POS,single,1,0,0,1,1,True,0,0.8726120591163635
D03P_POS__F448,D03P_POS,single,1,0,0,1,1,True,0,0.7373761534690857
D03P_POS__F449,D03P_POS,multi,1,0,2,3,1,False,2,0.8090915679931641
D03P_POS__F45,D03P_POS,single,1,0,0,1,1,True,0,0.9511064887046814
D03P_POS__F451,D03P_POS,multi,2,0,1,3,2,False,1,0.8596739768981934
D03P_POS__F452,D03P_POS,multi,1,0,1,2,1,False,1,0.7784647941589355
D03P_POS__F458,D03P_POS,single,1,0,0,1,1,True,0,0.9391170740127563
D03P_POS__F459,D03P_POS,multi,1,1,1,2,2,True,0,0.6949461698532104
D03P_POS__F46,D03P_POS,single,1,0,0,1,1,True,0,0.8752760887145996
D03P_POS__F462,D03P_POS,single,1,0,0,1,1,True,0,0.875015377998352
D03P_POS__F463,D03P_POS,single,1,0,0,1,1,True,0,0.8651650547981262
D03P_POS__F465,D03P_POS,single,1,0,0,1,1,True,0,0.8809987306594849
D03P_POS__F468,D03P_POS,multi,2,0,0,2,2,True,0,0.5842913091182709
D03P_POS__F478,D03P_POS,multi,2,0,0,2,2,True,0,0.892285168170929
D03P_POS__F480,D03P_POS,single,1,0,0,1,1,True,0,0.8749013543128967
D03P_POS__F482,D03P_POS,single,1,0,0,1,1,True,0,0.8800126910209656
D03P_POS__F483,D03P_POS,single,1,0,0,1,1,True,0,0.9622644186019897
D03P_POS__F487,D03P_POS,single,1,0,0,1,1,True,0,0.9153242707252502
D03P_POS__F491,D03P_POS,multi,2,0,0,2,2,True,0,0.8974865972995758
D03P_POS__F494,D03P_POS,single,1,0,0,1,1,True,0,0.842497706413269
D03P_POS__F495,D03P_POS,multi,1,0,1,2,1,False,1,0.8870316743850708
D03P_POS__F499,D03P_POS,multi,2,0,1,3,2,False,1,0.885478675365448
D03P_POS__F501,D03P_POS,multi,0,2,2,2,2,True,0,0.0
D03P_POS__F504,D03P_POS,single,1,0,0,1,1,True,0,0.9428805112838745
D03P_POS__F505,D03P_POS,single,1,0,0,1,1,True,0,0.9368420243263245
D03P_POS__F507,D03P_POS,single,1,0,0,1,1,True,0,0.8741911053657532
D03P_POS__F514,D03P_POS,single,1,2,0,1,3,False,2,0.9288932085037231
D03P_POS__F515,D03P_POS,single,1,0,0,1,1,True,0,0.8544372320175171
D03P_POS__F516,D03P_POS,multi,2,0,0,2,2,True,0,0.8880504369735718
D03P_POS__F522,D03P_POS,single,1,0,0,1,1,True,0,0.9002319574356079
D03P_POS__F523,D03P_POS,single,1,2,0,1,3,False,2,0.8080412149429321
D03P_POS__F526,D03P_POS,single,1,0,0,1,1,True,0,0.7647842168807983
D03P_POS__F527,D03P_POS,single,1,0,0,1,1,True,0,0.8579574823379517
D03P_POS__F530,D03P_POS,multi,2,0,0,2,2,True,0,0.877608597278595
D03P_POS__F532,D03P_POS,single,1,0,0,1,1,True,0,0.9458253979682922
D03P_POS__F534,D03P_POS,single,1,0,0,1,1,True,0,0.876740574836731
D03P_POS__F537,D03P_POS,single,1,0,0,1,1,True,0,0.6852214932441711
D03P_POS__F545,D03P_POS,single,1,0,0,1,1,True,0,0.899016261100769
D03P_POS__F546,D03P_POS,single,1,0,0,1,1,True,0,0.8768466114997864
D03P_POS__F548,D03P_POS,single,1,0,0,1,1,True,0,0.8925884962081909
D03P_POS__F549,D03P_POS,multi,2,0,0,2,2,True,0,0.875503659248352
D03P_POS__F553,D03P_POS,single,1,0,0,1,1,True,0,0.8214702010154724
D03P_POS__F554,D03P_POS,multi,2,0,0,2,2,True,0,0.9140065610408783
D03P_POS__F555,D03P_POS,single,0,1,1,1,1,True,0,0.0
D03P_POS__F556,D03P_POS,multi,2,0,0,2,2,True,0,0.878803551197052
D03P_POS__F56,D03P_POS,multi,2,1,3,5,3,False,2,0.9388825595378876
D03P_POS__F561,D03P_POS,single,1,0,0,1,1,True,0,0.8709063529968262
D03P_POS__F562,D03P_POS,multi,3,0,0,3,3,True,0,0.923016627629598
D03P_POS__F568,D03P_POS,single,1,0,0,1,1,True,0,0.9279952049255371
D03P_POS__F569,D03P_POS,multi,1,0,1,2,1,False,1,0.9212365746498108
D03P_POS__F571,D03P_POS,multi,4,0,0,4,4,True,0,0.9190493524074554
D03P_POS__F572,D03P_POS,multi,2,0,0,2,2,True,0,0.9592965543270111
D03P_POS__F573,D03P_POS,multi,1,0,1,2,1,False,1,0.8670039176940918
D03P_POS__F574,D03P_POS,single,1,0,0,1,1,True,0,0.9073126316070557
D03P_POS__F576,D03P_POS,single,1,1,0,1,2,False,1,0.5545169115066528
D03P_POS__F580,D03P_POS,single,1,0,0,1,1,True,0,0.863479733467102
D03P_POS__F582,D03P_POS,single,1,0,0,1,1,True,0,0.9279318451881409
D03P_POS__F583,D03P_POS,single,1,0,0,1,1,True,0,0.8480166792869568
D03P_POS__F584,D03P_POS,multi,2,0,1,3,2,False,1,0.9119694232940674
D03P_POS__F585,D03P_POS,single,1,0,0,1,1,True,0,0.6068918704986572
D03P_POS__F586,D03P_POS,single,1,0,0,1,1,True,0,0.9186842441558838
D03P_POS__F588,D03P_POS,multi,2,0,0,2,2,True,0,0.8358129858970642
D03P_POS__F590,D03P_POS,multi,4,0,0,4,4,True,0,0.8282450288534164
D03P_POS__F591,D03P_POS,single,1,0,0,1,1,True,0,0.8430899381637573
D03P_POS__F592,D03P_POS,single,1,0,0,1,1,True,0,0.6651809811592102
D03P_POS__F594,D03P_POS,single,1,0,0,1,1,True,0,0.8287858366966248
D03P_POS__F596,D03P_POS,single,1,0,0,1,1,True,0,0.9489272236824036
D03P_POS__F598,D03P_POS,single,1,0,0,1,1,True,0,0.9345540404319763
D03P_POS__F599,D03P_POS,single,1,0,0,1,1,True,0,0.8594028353691101
D03P_POS__F6,D03P_POS,empty,0,0,0,0,0,True,0,0.0
D03P_POS__F60,D03P_POS,multi,2,0,0,2,2,True,0,0.863168478012085
D03P_POS__F600,D03P_POS,single,1,0,0,1,1,True,0,0.8026944398880005
D03P_POS__F604,D03P_POS,single,1,0,0,1,1,True,0,0.9359580874443054
D03P_POS__F606,D03P_POS,multi,2,0,1,3,2,False,1,0.9055891931056976
D03P_POS__F608,D03P_POS,single,1,0,0,1,1,True,0,0.8959387540817261
D03P_POS__F610,D03P_POS,multi,1,1,1,2,2,True,0,0.725217878818512
D03P_POS__F616,D03P_POS,multi,2,0,0,2,2,True,0,0.8924734592437744
D03P_POS__F618,D03P_POS,multi,3,0,0,3,3,True,0,0.8677485386530558
D03P_POS__F620,D03P_POS,multi,2,0,0,2,2,True,0,0.8475922048091888
D03P_POS__F621,D03P_POS,multi,2,0,0,2,2,True,0,0.7754706740379333
D03P_POS__F622,D03P_POS,multi,3,0,0,3,3,True,0,0.9080098072687784
D03P_POS__F627,D03P_POS,multi,1,0,1,2,1,False,1,0.8148067593574524
D03P_POS__F632,D03P_POS,multi,3,0,0,3,3,True,0,0.9141711195309957
D03P_POS__F637,D03P_POS,multi,2,0,0,2,2,True,0,0.8770178556442261
D03P_POS__F638,D03P_POS,multi,3,0,0,3,3,True,0,0.7929695248603821
D03P_POS__F645,D03P_POS,multi,0,1,2,2,1,False,1,0.0
D03P_POS__F651,D03P_POS,multi,3,0,0,3,3,True,0,0.8855936129887899
D03P_POS__F652,D03P_POS,single,1,0,0,1,1,True,0,0.801061749458313
D03P_POS__F66,D03P_POS,empty,0,0,0,0,0,True,0,0.0
D03P_POS__F661,D03P_POS,single,1,0,0,1,1,True,0,0.7835338115692139
D03P_POS__F662,D03P_POS,multi,2,1,1,3,3,True,0,0.9132610261440277
D03P_POS__F663,D03P_POS,multi,2,0,0,2,2,True,0,0.8932727575302124
D03P_POS__F665,D03P_POS,multi,2,0,0,2,2,True,0,0.9153934419155121
D03P_POS__F666,D03P_POS,multi,3,0,0,3,3,True,0,0.9098645250002543
D03P_POS__F667,D03P_POS,single,1,0,0,1,1,True,0,0.9384464025497437
D03P_POS__F668,D03P_POS,single,1,0,0,1,1,True,0,0.8920444250106812
D03P_POS__F669,D03P_POS,multi,2,0,0,2,2,True,0,0.9146513640880585
D03P_POS__F670,D03P_POS,single,1,0,0,1,1,True,0,0.8425299525260925
D03P_POS__F671,D03P_POS,multi,2,0,0,2,2,True,0,0.7851330935955048
D03P_POS__F672,D03P_POS,multi,2,0,0,2,2,True,0,0.7192776203155518
D03P_POS__F673,D03P_POS,multi,2,0,0,2,2,True,0,0.9088450968265533
D03P_POS__F674,D03P_POS,multi,2,0,0,2,2,True,0,0.8951200842857361
D03P_POS__F675,D03P_POS,multi,2,0,0,2,2,True,0,0.7580897510051727
D03P_POS__F679,D03P_POS,multi,4,0,0,4,4,True,0,0.8883125931024551
D03P_POS__F680,D03P_POS,multi,3,0,1,4,3,False,1,0.869904359181722
D03P_POS__F691,D03P_POS,multi,2,0,0,2,2,True,0,0.8561314046382904
D03P_POS__F692,D03P_POS,multi,2,0,0,2,2,True,0,0.8932244181632996
D03P_POS__F693,D03P_POS,multi,2,0,0,2,2,True,0,0.8653278946876526
D03P_POS__F694,D03P_POS,single,1,0,0,1,1,True,0,0.8787789940834045
D03P_POS__F695,D03P_POS,multi,1,0,1,2,1,False,1,0.9097625017166138
D03P_POS__F7,D03P_POS,empty,0,0,0,0,0,True,0,0.0
D03P_POS__F701,D03P_POS,multi,2,0,0,2,2,True,0,0.8252474069595337
D03P_POS__F702,D03P_POS,multi,1,0,2,3,1,False,2,0.6839572787284851
D03P_POS__F705,D03P_POS,multi,5,0,0,5,5,True,0,0.9039588451385498
D03P_POS__F706,D03P_POS,multi,3,1,0,3,4,False,1,0.7997144063313802
D03P_POS__F707,D03P_POS,multi,4,0,0,4,4,True,0,0.8842672854661942
D03P_POS__F709,D03P_POS,multi,5,1,0,5,6,False,1,0.8394334197044373
D03P_POS__F712,D03P_POS,multi,2,0,0,2,2,True,0,0.8856419622898102
D03P_POS__F714,D03P_POS,multi,4,2,0,4,6,False,2,0.8943654894828796
D03P_POS__F715,D03P_POS,multi,2,2,2,4,4,True,0,0.9238835871219635
D03P_POS__F719,D03P_POS,single,1,0,0,1,1,True,0,0.97221839427948
D03P_POS__F72,D03P_POS,single,1,0,0,1,1,True,0,0.87764573097229
D03P_POS__F721,D03P_POS,single,1,0,0,1,1,True,0,0.8574662208557129
D03P_POS__F723,D03P_POS,multi,1,0,1,2,1,False,1,0.9097093343734741
D03P_POS__F724,D03P_POS,single,1,0,0,1,1,True,0,0.8815025091171265
D03P_POS__F725,D03P_POS,multi,2,0,0,2,2,True,0,0.9450472295284271
D03P_POS__F728,D03P_POS,multi,3,1,0,3,4,False,1,0.7705328067143759
D03P_POS__F73,D03P_POS,multi,2,0,0,2,2,True,0,0.8079094886779785
D03P_POS__F735,D03P_POS,multi,2,0,0,2,2,True,0,0.7896799147129059
D03P_POS__F736,D03P_POS,multi,1,0,1,2,1,False,1,0.8508123755455017
D03P_POS__F737,D03P_POS,multi,3,0,0,3,3,True,0,0.8908308347066244
D03P_POS__F738,D03P_POS,multi,4,0,0,4,4,True,0,0.896467462182045
D03P_POS__F739,D03P_POS,multi,4,0,1,5,4,False,1,0.9044786393642426
D03P_POS__F740,D03P_POS,multi,4,0,1,5,4,False,1,0.9175125360488892
D03P_POS__F742,D03P_POS,multi,2,0,0,2,2,True,0,0.8905866742134094
D03P_POS__F747,D03P_POS,single,1,0,0,1,1,True,0,0.8960776329040527
D03P_POS__F751,D03P_POS,multi,2,0,1,3,2,False,1,0.6765527725219727
D03P_POS__F753,D03P_POS,multi,2,0,0,2,2,True,0,0.8547756671905518
D03P_POS__F755,D03P_POS,multi,4,0,1,5,4,False,1,0.8818564862012863
D03P_POS__F756,D03P_POS,multi,4,1,1,5,5,True,0,0.9191927909851074
D03P_POS__F758,D03P_POS,multi,2,0,1,3,2,False,1,0.8998911082744598
D03P_POS__F763,D03P_POS,multi,2,0,1,3,2,False,1,0.8120509386062622
D03P_POS__F765,D03P_POS,multi,2,0,1,3,2,False,1,0.7902359664440155
D03P_POS__F766,D03P_POS,multi,3,0,0,3,3,True,0,0.8252091606458029
D03P_POS__F768,D03P_POS,single,1,0,0,1,1,True,0,0.7203346490859985
D03P_POS__F771,D03P_POS,multi,2,0,0,2,2,True,0,0.8906925916671753
D03P_POS__F779,D03P_POS,single,1,0,0,1,1,True,0,0.8779518008232117
D03P_POS__F78,D03P_POS,single,0,1,1,1,1,True,0,0.0
D03P_POS__F783,D03P_POS,multi,3,0,0,3,3,True,0,0.8117786447207133
D03P_POS__F784,D03P_POS,multi,3,0,0,3,3,True,0,0.9251214861869812
D03P_POS__F786,D03P_POS,single,1,0,0,1,1,True,0,0.8352010250091553
D03P_POS__F789,D03P_POS,multi,2,0,0,2,2,True,0,0.8721170425415039
D03P_POS__F793,D03P_POS,single,1,0,0,1,1,True,0,0.955219566822052
D03P_POS__F799,D03P_POS,multi,2,0,1,3,2,False,1,0.7857217788696289
D03P_POS__F80,D03P_POS,multi,2,0,0,2,2,True,0,0.865286260843277
D03P_POS__F803,D03P_POS,multi,2,0,0,2,2,True,0,0.8308974802494049
D03P_POS__F808,D03P_POS,multi,2,1,0,2,3,False,1,0.8701021075248718
D03P_POS__F81,D03P_POS,multi,2,0,0,2,2,True,0,0.8769660294055939
D03P_POS__F811,D03P_POS,multi,2,0,1,3,2,False,1,0.9372216165065765
D03P_POS__F812,D03P_POS,multi,2,0,0,2,2,True,0,0.8118710517883301
D03P_POS__F814,D03P_POS,multi,2,0,1,3,2,False,1,0.800801157951355
D03P_POS__F82,D03P_POS,empty,0,0,0,0,0,True,0,0.0
D03P_POS__F820,D03P_POS,multi,2,0,0,2,2,True,0,0.893105149269104
D03P_POS__F821,D03P_POS,multi,2,0,2,4,2,False,2,0.7956676781177521
D03P_POS__F824,D03P_POS,multi,2,0,0,2,2,True,0,0.848344624042511
D03P_POS__F826,D03P_POS,multi,2,0,1,3,2,False,1,0.91166952252388
D03P_POS__F827,D03P_POS,multi,2,0,1,3,2,False,1,0.8613197803497314
D03P_POS__F830,D03P_POS,multi,2,0,0,2,2,True,0,0.854115903377533
D03P_POS__F833,D03P_POS,multi,3,0,0,3,3,True,0,0.9379030267397562
D03P_POS__F840,D03P_POS,multi,4,0,1,5,4,False,1,0.8214786499738693
D03P_POS__F842,D03P_POS,multi,2,0,0,2,2,True,0,0.886131078004837
D03P_POS__F844,D03P_POS,multi,2,0,3,5,2,False,3,0.9193579256534576
D03P_POS__F847,D03P_POS,multi,4,0,0,4,4,True,0,0.8066965341567993
D03P_POS__F849,D03P_POS,multi,2,0,0,2,2,True,0,0.8180256187915802
D03P_POS__F85,D03P_POS,single,1,0,0,1,1,True,0,0.787527859210968
D03P_POS__F851,D03P_POS,multi,3,0,0,3,3,True,0,0.8311519225438436
D03P_POS__F856,D03P_POS,multi,1,0,1,2,1,False,1,0.936877429485321
D03P_POS__F858,D03P_POS,multi,2,0,0,2,2,True,0,0.888066291809082
D03P_POS__F859,D03P_POS,multi,2,0,0,2,2,True,0,0.9447038173675537
D03P_POS__F866,D03P_POS,multi,2,1,1,3,3,True,0,0.7691367268562317
D03P_POS__F869,D03P_POS,multi,4,0,0,4,4,True,0,0.8492172807455063
D03P_POS__F870,D03P_POS,multi,4,0,0,4,4,True,0,0.8680135756731033
D03P_POS__F875,D03P_POS,single,1,0,0,1,1,True,0,0.9487781524658203
D03P_POS__F876,D03P_POS,single,1,0,0,1,1,True,0,0.8157426714897156
D03P_POS__F880,D03P_POS,single,1,0,0,1,1,True,0,0.9487021565437317
D03P_POS__F882,D03P_POS,multi,2,1,3,5,3,False,2,0.8812430799007416
D03P_POS__F883,D03P_POS,single,1,0,0,1,1,True,0,0.8683660626411438
D03P_POS__F885,D03P_POS,multi,3,0,0,3,3,True,0,0.8964268366495768
D03P_POS__F886,D03P_POS,multi,1,0,1,2,1,False,1,0.8716410994529724
D03P_POS__F888,D03P_POS,single,1,0,0,1,1,True,0,0.8649995923042297
D03P_POS__F889,D03P_POS,multi,4,0,1,5,4,False,1,0.8361553996801376
D03P_POS__F89,D03P_POS,multi,2,0,0,2,2,True,0,0.8592614829540253
D03P_POS__F899,D03P_POS,multi,2,0,0,2,2,True,0,0.9010751247406006
D03P_POS__F900,D03P_POS,single,1,0,0,1,1,True,0,0.8640300631523132
D03P_POS__F901,D03P_POS,multi,3,1,1,4,4,True,0,0.8198257486025492
D03P_POS__F907,D03P_POS,multi,4,0,0,4,4,True,0,0.8373446315526962
D03P_POS__F908,D03P_POS,multi,3,0,0,3,3,True,0,0.8848178188006083
D03P_POS__F91,D03P_POS,multi,2,0,1,3,2,False,1,0.8846659660339355
D03P_POS__F910,D03P_POS,multi,2,1,0,2,3,False,1,0.6703471839427948
D03P_POS__F911,D03P_POS,single,1,0,0,1,1,True,0,0.8710536956787109
D03P_POS__F915,D03P_POS,multi,4,2,0,4,6,False,2,0.833172395825386
D03P_POS__F916,D03P_POS,single,1,1,0,1,2,False,1,0.8915937542915344
D03P_POS__F922,D03P_POS,multi,2,0,0,2,2,True,0,0.8764142990112305
D03P_POS__F925,D03P_POS,multi,2,0,1,3,2,False,1,0.9299415349960327
D03P_POS__F93,D03P_POS,empty,0,0,0,0,0,True,0,0.0
D03P_POS__F931,D03P_POS,multi,3,0,0,3,3,True,0,0.8596487840016683
D03P_POS__F932,D03P_POS,multi,5,0,1,6,5,False,1,0.9274594783782959
D03P_POS__F933,D03P_POS,single,1,0,0,1,1,True,0,0.951290488243103
D03P_POS__F934,D03P_POS,multi,2,0,0,2,2,True,0,0.8496214151382446
D03P_POS__F938,D03P_POS,multi,4,1,0,4,5,False,1,0.847460612654686
D03P_POS__F940,D03P_POS,multi,2,0,0,2,2,True,0,0.77712282538414
D03P_POS__F942,D03P_POS,multi,1,0,2,3,1,False,2,0.561738908290863
D03P_POS__F945,D03P_POS,single,0,2,1,1,2,False,1,0.0
D03P_POS__F948,D03P_POS,multi,3,1,1,4,4,True,0,0.8867517113685608
D03P_POS__F95,D03P_POS,empty,0,0,0,0,0,True,0,0.0
D03P_POS__F950,D03P_POS,multi,2,0,0,2,2,True,0,0.8524966537952423
D03P_POS__F959,D03P_POS,multi,2,0,0,2,2,True,0,0.8002016246318817
D03P_POS__F964,D03P_POS,multi,2,0,0,2,2,True,0,0.9474903047084808
D03P_POS__F965,D03P_POS,multi,3,1,0,3,4,False,1,0.9275615215301514
D03P_POS__F968,D03P_POS,multi,2,0,2,4,2,False,2,0.686305969953537
D03P_POS__F969,D03P_POS,multi,2,0,0,2,2,True,0,0.8886721134185791
D03P_POS__F970,D03P_POS,multi,3,0,0,3,3,True,0,0.7626500527064005
D03P_POS__F975,D03P_POS,multi,2,0,1,3,2,False,1,0.8597382009029388
D03P_POS__F977,D03P_POS,multi,3,1,0,3,4,False,1,0.8126779397328695
D03P_POS__F978,D03P_POS,multi,2,0,0,2,2,True,0,0.888407826423645
D03P_POS__F979,D03P_POS,single,1,0,0,1,1,True,0,0.9466603398323059
D03P_POS__F980,D03P_POS,single,1,0,0,1,1,True,0,0.8960216641426086
D03P_POS__F984,D03P_POS,single,1,0,0,1,1,True,0,0.878471851348877
D03P_POS__F985,D03P_POS,single,1,0,0,1,1,True,0,0.9016097784042358
D03P_POS__F987,D03P_POS,single,1,0,0,1,1,True,0,0.8941638469696045
D03P_POS__F989,D03P_POS,multi,2,0,0,2,2,True,0,0.8960804045200348
D03P_POS__F994,D03P_POS,multi,2,0,0,2,2,True,0,0.8130998909473419
D03P_POS__F995,D03P_POS,multi,2,0,0,2,2,True,0,0.8926955461502075
NIST_Full scan_1_POS__F10005,NIST_Full scan_1_POS,single,1,0,0,1,1,True,0,0.8731856346130371
NIST_Full scan_1_POS__F10010,NIST_Full scan_1_POS,single,1,0,0,1,1,True,0,0.9357753396034241
NIST_Full scan_1_POS__F10011,NIST_Full scan_1_POS,single,1,0,0,1,1,True,0,0.9719511270523071
NIST_Full scan_1_POS__F10021,NIST_Full scan_1_POS,single,0,0,1,1,0,False,1,0.0
NIST_Full scan_1_POS__F10024,NIST_Full scan_1_POS,single,1,0,0,1,1,True,0,0.9193222522735596
NIST_Full scan_1_POS__F10038,NIST_Full scan_1_POS,single,1,0,0,1,1,True,0,0.8609947562217712
NIST_Full scan_1_POS__F10065,NIST_Full scan_1_POS,single,1,0,0,1,1,True,0,0.8773239850997925
NIST_Full scan_1_POS__F10075,NIST_Full scan_1_POS,empty,0,0,0,0,0,True,0,0.0
NIST_Full scan_1_POS__F10085,NIST_Full scan_1_POS,single,1,0,0,1,1,True,0,0.8296090960502625
NIST_Full scan_1_POS__F10086,NIST_Full scan_1_POS,single,1,0,0,1,1,True,0,0.792763352394104
NIST_Full scan_1_POS__F10094,NIST_Full scan_1_POS,single,1,0,0,1,1,True,0,0.9144726991653442
NIST_Full scan_1_POS__F10099,NIST_Full scan_1_POS,empty,0,0,0,0,0,True,0,0.0
NIST_Full scan_1_POS__F10132,NIST_Full scan_1_POS,single,1,0,0,1,1,True,0,0.8821520805358887
NIST_Full scan_1_POS__F10152,NIST_Full scan_1_POS,single,1,0,0,1,1,True,0,0.9043930172920227
NIST_Full scan_1_POS__F102,NIST_Full scan_1_POS,empty,0,0,0,0,0,True,0,0.0
NIST_Full scan_1_POS__F10219,NIST_Full scan_1_POS,empty,0,0,0,0,0,True,0,0.0
NIST_Full scan_1_POS__F10230,NIST_Full scan_1_POS,single,1,0,0,1,1,True,0,0.9280027747154236
NIST_Full scan_1_POS__F10235,NIST_Full scan_1_POS,single,1,0,0,1,1,True,0,0.8495162129402161
NIST_Full scan_1_POS__F10255,NIST_Full scan_1_POS,single,1,0,0,1,1,True,0,0.9007325768470764
NIST_Full scan_1_POS__F10275,NIST_Full scan_1_POS,single,1,0,0,1,1,True,0,0.8816689252853394
NIST_Full scan_1_POS__F10310,NIST_Full scan_1_POS,single,1,0,0,1,1,True,0,0.8147677779197693
NIST_Full scan_1_POS__F10346,NIST_Full scan_1_POS,single,1,0,0,1,1,True,0,0.6013363599777222
NIST_Full scan_1_POS__F10413,NIST_Full scan_1_POS,single,1,0,0,1,1,True,0,0.9114784598350525
NIST_Full scan_1_POS__F1042,NIST_Full scan_1_POS,empty,0,0,0,0,0,True,0,0.0
NIST_Full scan_1_POS__F10450,NIST_Full scan_1_POS,multi,3,0,0,3,3,True,0,0.7613106767336527
NIST_Full scan_1_POS__F10479,NIST_Full scan_1_POS,single,1,0,0,1,1,True,0,0.8858942985534668
NIST_Full scan_1_POS__F10526,NIST_Full scan_1_POS,multi,2,0,0,2,2,True,0,0.8905501961708069
NIST_Full scan_1_POS__F10564,NIST_Full scan_1_POS,single,1,0,0,1,1,True,0,0.8578429222106934
NIST_Full scan_1_POS__F10569,NIST_Full scan_1_POS,single,1,0,0,1,1,True,0,0.8523966670036316
NIST_Full scan_1_POS__F10583,NIST_Full scan_1_POS,single,1,0,0,1,1,True,0,0.9522451162338257
NIST_Full scan_1_POS__F10600,NIST_Full scan_1_POS,multi,2,0,0,2,2,True,0,0.6925966441631317
NIST_Full scan_1_POS__F10625,NIST_Full scan_1_POS,multi,2,0,0,2,2,True,0,0.8025713562965393
NIST_Full scan_1_POS__F10635,NIST_Full scan_1_POS,multi,2,0,0,2,2,True,0,0.8295342922210693
NIST_Full scan_1_POS__F10660,NIST_Full scan_1_POS,multi,2,0,0,2,2,True,0,0.862561970949173
NIST_Full scan_1_POS__F10665,NIST_Full scan_1_POS,multi,3,0,0,3,3,True,0,0.8277216951052347
NIST_Full scan_1_POS__F10668,NIST_Full scan_1_POS,multi,2,0,0,2,2,True,0,0.8000380098819733
NIST_Full scan_1_POS__F10672,NIST_Full scan_1_POS,multi,2,0,0,2,2,True,0,0.8110378384590149
NIST_Full scan_1_POS__F10673,NIST_Full scan_1_POS,multi,1,0,1,2,1,False,1,0.8960484266281128
NIST_Full scan_1_POS__F1069,NIST_Full scan_1_POS,empty,0,0,0,0,0,True,0,0.0
NIST_Full scan_1_POS__F10726,NIST_Full scan_1_POS,single,1,0,0,1,1,True,0,0.8459324836730957
NIST_Full scan_1_POS__F10765,NIST_Full scan_1_POS,multi,2,0,0,2,2,True,0,0.8335527777671814
NIST_Full scan_1_POS__F10767,NIST_Full scan_1_POS,multi,3,0,0,3,3,True,0,0.8882341583569845
NIST_Full scan_1_POS__F10772,NIST_Full scan_1_POS,multi,2,0,0,2,2,True,0,0.6960200667381287
NIST_Full scan_1_POS__F10794,NIST_Full scan_1_POS,single,1,0,0,1,1,True,0,0.9162086248397827
NIST_Full scan_1_POS__F10798,NIST_Full scan_1_POS,single,1,0,0,1,1,True,0,0.9194241762161255
NIST_Full scan_1_POS__F108,NIST_Full scan_1_POS,empty,0,0,0,0,0,True,0,0.0
NIST_Full scan_1_POS__F10822,NIST_Full scan_1_POS,single,1,0,0,1,1,True,0,0.8360053300857544
NIST_Full scan_1_POS__F10834,NIST_Full scan_1_POS,multi,2,0,0,2,2,True,0,0.9140500426292419
NIST_Full scan_1_POS__F10844,NIST_Full scan_1_POS,multi,2,0,0,2,2,True,0,0.8081735968589783
NIST_Full scan_1_POS__F1085,NIST_Full scan_1_POS,empty,0,0,0,0,0,True,0,0.0
NIST_Full scan_1_POS__F10858,NIST_Full scan_1_POS,single,1,0,0,1,1,True,0,0.8384382724761963
NIST_Full scan_1_POS__F10904,NIST_Full scan_1_POS,single,1,1,0,1,2,False,1,0.707947313785553
NIST_Full scan_1_POS__F10929,NIST_Full scan_1_POS,single,1,0,0,1,1,True,0,0.8455495238304138
NIST_Full scan_1_POS__F10934,NIST_Full scan_1_POS,single,1,1,0,1,2,False,1,0.7858478426933289
NIST_Full scan_1_POS__F10952,NIST_Full scan_1_POS,multi,2,0,0,2,2,True,0,0.8659894168376923
NIST_Full scan_1_POS__F10959,NIST_Full scan_1_POS,single,1,0,0,1,1,True,0,0.9407085180282593
NIST_Full scan_1_POS__F1114,NIST_Full scan_1_POS,empty,0,0,0,0,0,True,0,0.0
NIST_Full scan_1_POS__F1119,NIST_Full scan_1_POS,single,1,0,0,1,1,True,0,0.7336974740028381
NIST_Full scan_1_POS__F1122,NIST_Full scan_1_POS,single,1,0,0,1,1,True,0,0.9490075707435608
NIST_Full scan_1_POS__F1124,NIST_Full scan_1_POS,empty,0,0,0,0,0,True,0,0.0
NIST_Full scan_1_POS__F1146,NIST_Full scan_1_POS,empty,0,0,0,0,0,True,0,0.0
NIST_Full scan_1_POS__F1179,NIST_Full scan_1_POS,empty,0,0,0,0,0,True,0,0.0
NIST_Full scan_1_POS__F1181,NIST_Full scan_1_POS,empty,0,0,0,0,0,True,0,0.0
NIST_Full scan_1_POS__F1184,NIST_Full scan_1_POS,empty,0,0,0,0,0,True,0,0.0
NIST_Full scan_1_POS__F1202,NIST_Full scan_1_POS,empty,0,0,0,0,0,True,0,0.0
NIST_Full scan_1_POS__F1214,NIST_Full scan_1_POS,empty,0,0,0,0,0,True,0,0.0
NIST_Full scan_1_POS__F1282,NIST_Full scan_1_POS,empty,0,0,0,0,0,True,0,0.0
NIST_Full scan_1_POS__F1285,NIST_Full scan_1_POS,empty,0,0,0,0,0,True,0,0.0
NIST_Full scan_1_POS__F1286,NIST_Full scan_1_POS,empty,0,0,0,0,0,True,0,0.0
NIST_Full scan_1_POS__F1351,NIST_Full scan_1_POS,empty,0,0,0,0,0,True,0,0.0
NIST_Full scan_1_POS__F136,NIST_Full scan_1_POS,empty,0,0,0,0,0,True,0,0.0
NIST_Full scan_1_POS__F1407,NIST_Full scan_1_POS,empty,0,0,0,0,0,True,0,0.0
NIST_Full scan_1_POS__F1414,NIST_Full scan_1_POS,empty,0,0,0,0,0,True,0,0.0
NIST_Full scan_1_POS__F1433,NIST_Full scan_1_POS,empty,0,0,0,0,0,True,0,0.0
NIST_Full scan_1_POS__F1455,NIST_Full scan_1_POS,empty,0,0,0,0,0,True,0,0.0
NIST_Full scan_1_POS__F1473,NIST_Full scan_1_POS,multi,1,0,1,2,1,False,1,0.8292757272720337
NIST_Full scan_1_POS__F1495,NIST_Full scan_1_POS,empty,0,0,0,0,0,True,0,0.0
NIST_Full scan_1_POS__F15,NIST_Full scan_1_POS,multi,2,1,1,3,3,True,0,0.8478502333164215
NIST_Full scan_1_POS__F1517,NIST_Full scan_1_POS,empty,0,0,0,0,0,True,0,0.0
NIST_Full scan_1_POS__F1524,NIST_Full scan_1_POS,multi,4,0,0,4,4,True,0,0.7586669325828552
NIST_Full scan_1_POS__F1577,NIST_Full scan_1_POS,empty,0,0,0,0,0,True,0,0.0
NIST_Full scan_1_POS__F1580,NIST_Full scan_1_POS,empty,0,1,0,0,1,False,1,0.0
NIST_Full scan_1_POS__F1598,NIST_Full scan_1_POS,empty,0,0,0,0,0,True,0,0.0
NIST_Full scan_1_POS__F1635,NIST_Full scan_1_POS,single,1,0,0,1,1,True,0,0.9065295457839966
NIST_Full scan_1_POS__F1651,NIST_Full scan_1_POS,empty,0,0,0,0,0,True,0,0.0
NIST_Full scan_1_POS__F1663,NIST_Full scan_1_POS,empty,0,0,0,0,0,True,0,0.0
NIST_Full scan_1_POS__F1670,NIST_Full scan_1_POS,empty,0,0,0,0,0,True,0,0.0
NIST_Full scan_1_POS__F1684,NIST_Full scan_1_POS,multi,2,0,0,2,2,True,0,0.8459379374980927
NIST_Full scan_1_POS__F1689,NIST_Full scan_1_POS,empty,0,0,0,0,0,True,0,0.0
NIST_Full scan_1_POS__F1692,NIST_Full scan_1_POS,single,1,0,0,1,1,True,0,0.8691518306732178
NIST_Full scan_1_POS__F1714,NIST_Full scan_1_POS,empty,0,0,0,0,0,True,0,0.0
NIST_Full scan_1_POS__F1719,NIST_Full scan_1_POS,empty,0,0,0,0,0,True,0,0.0
NIST_Full scan_1_POS__F174,NIST_Full scan_1_POS,empty,0,0,0,0,0,True,0,0.0
NIST_Full scan_1_POS__F1747,NIST_Full scan_1_POS,single,1,0,0,1,1,True,0,0.82818204164505
NIST_Full scan_1_POS__F1769,NIST_Full scan_1_POS,empty,0,0,0,0,0,True,0,0.0
NIST_Full scan_1_POS__F1845,NIST_Full scan_1_POS,empty,0,0,0,0,0,True,0,0.0
NIST_Full scan_1_POS__F1865,NIST_Full scan_1_POS,empty,0,0,0,0,0,True,0,0.0
NIST_Full scan_1_POS__F1884,NIST_Full scan_1_POS,empty,0,0,0,0,0,True,0,0.0
NIST_Full scan_1_POS__F1897,NIST_Full scan_1_POS,empty,0,0,0,0,0,True,0,0.0
NIST_Full scan_1_POS__F1936,NIST_Full scan_1_POS,empty,0,0,0,0,0,True,0,0.0
NIST_Full scan_1_POS__F1942,NIST_Full scan_1_POS,empty,0,0,0,0,0,True,0,0.0
NIST_Full scan_1_POS__F1965,NIST_Full scan_1_POS,multi,4,0,0,4,4,True,0,0.8549341112375259
NIST_Full scan_1_POS__F2019,NIST_Full scan_1_POS,multi,2,0,0,2,2,True,0,0.8631631433963776
NIST_Full scan_1_POS__F2031,NIST_Full scan_1_POS,empty,0,0,0,0,0,True,0,0.0
NIST_Full scan_1_POS__F2040,NIST_Full scan_1_POS,empty,0,0,0,0,0,True,0,0.0
NIST_Full scan_1_POS__F2108,NIST_Full scan_1_POS,multi,2,0,0,2,2,True,0,0.9309865832328796
NIST_Full scan_1_POS__F2120,NIST_Full scan_1_POS,empty,0,0,0,0,0,True,0,0.0
NIST_Full scan_1_POS__F2125,NIST_Full scan_1_POS,single,1,0,0,1,1,True,0,0.8387129902839661
NIST_Full scan_1_POS__F215,NIST_Full scan_1_POS,empty,0,0,0,0,0,True,0,0.0
NIST_Full scan_1_POS__F2151,NIST_Full scan_1_POS,single,1,1,0,1,2,False,1,0.8633967041969299
NIST_Full scan_1_POS__F2158,NIST_Full scan_1_POS,empty,0,0,0,0,0,True,0,0.0
NIST_Full scan_1_POS__F2184,NIST_Full scan_1_POS,single,1,0,0,1,1,True,0,0.9172434210777283
NIST_Full scan_1_POS__F2185,NIST_Full scan_1_POS,single,1,0,0,1,1,True,0,0.8082517385482788
NIST_Full scan_1_POS__F2211,NIST_Full scan_1_POS,empty,0,0,0,0,0,True,0,0.0
NIST_Full scan_1_POS__F2222,NIST_Full scan_1_POS,empty,0,0,0,0,0,True,0,0.0
NIST_Full scan_1_POS__F2233,NIST_Full scan_1_POS,empty,0,0,0,0,0,True,0,0.0
NIST_Full scan_1_POS__F2250,NIST_Full scan_1_POS,empty,0,0,0,0,0,True,0,0.0
NIST_Full scan_1_POS__F2255,NIST_Full scan_1_POS,empty,0,0,0,0,0,True,0,0.0
NIST_Full scan_1_POS__F2302,NIST_Full scan_1_POS,empty,0,0,0,0,0,True,0,0.0
NIST_Full scan_1_POS__F2345,NIST_Full scan_1_POS,empty,0,0,0,0,0,True,0,0.0
NIST_Full scan_1_POS__F2352,NIST_Full scan_1_POS,single,1,0,0,1,1,True,0,0.7841370701789856
NIST_Full scan_1_POS__F2393,NIST_Full scan_1_POS,empty,0,0,0,0,0,True,0,0.0
NIST_Full scan_1_POS__F2418,NIST_Full scan_1_POS,empty,0,0,0,0,0,True,0,0.0
NIST_Full scan_1_POS__F2456,NIST_Full scan_1_POS,single,1,0,0,1,1,True,0,0.9302365779876709
NIST_Full scan_1_POS__F2459,NIST_Full scan_1_POS,single,0,1,1,1,1,True,0,0.0
NIST_Full scan_1_POS__F2466,NIST_Full scan_1_POS,multi,3,0,0,3,3,True,0,0.7896015445391337
NIST_Full scan_1_POS__F2486,NIST_Full scan_1_POS,empty,0,0,0,0,0,True,0,0.0
NIST_Full scan_1_POS__F252,NIST_Full scan_1_POS,empty,0,0,0,0,0,True,0,0.0
NIST_Full scan_1_POS__F2589,NIST_Full scan_1_POS,empty,0,0,0,0,0,True,0,0.0
NIST_Full scan_1_POS__F2596,NIST_Full scan_1_POS,single,1,0,0,1,1,True,0,0.8744664788246155
NIST_Full scan_1_POS__F260,NIST_Full scan_1_POS,empty,0,0,0,0,0,True,0,0.0
NIST_Full scan_1_POS__F2615,NIST_Full scan_1_POS,empty,0,0,0,0,0,True,0,0.0
NIST_Full scan_1_POS__F2628,NIST_Full scan_1_POS,single,1,0,0,1,1,True,0,0.8424452543258667
NIST_Full scan_1_POS__F2685,NIST_Full scan_1_POS,empty,0,0,0,0,0,True,0,0.0
NIST_Full scan_1_POS__F2692,NIST_Full scan_1_POS,empty,0,0,0,0,0,True,0,0.0
NIST_Full scan_1_POS__F2715,NIST_Full scan_1_POS,single,0,1,1,1,1,True,0,0.0
NIST_Full scan_1_POS__F2754,NIST_Full scan_1_POS,empty,0,0,0,0,0,True,0,0.0
NIST_Full scan_1_POS__F2763,NIST_Full scan_1_POS,empty,0,0,0,0,0,True,0,0.0
NIST_Full scan_1_POS__F2803,NIST_Full scan_1_POS,empty,0,0,0,0,0,True,0,0.0
NIST_Full scan_1_POS__F2817,NIST_Full scan_1_POS,empty,0,0,0,0,0,True,0,0.0
NIST_Full scan_1_POS__F2827,NIST_Full scan_1_POS,empty,0,0,0,0,0,True,0,0.0
NIST_Full scan_1_POS__F2849,NIST_Full scan_1_POS,empty,0,0,0,0,0,True,0,0.0
NIST_Full scan_1_POS__F2877,NIST_Full scan_1_POS,empty,0,0,0,0,0,True,0,0.0
NIST_Full scan_1_POS__F2910,NIST_Full scan_1_POS,single,1,0,0,1,1,True,0,0.9674970507621765
NIST_Full scan_1_POS__F292,NIST_Full scan_1_POS,empty,0,0,0,0,0,True,0,0.0
NIST_Full scan_1_POS__F2953,NIST_Full scan_1_POS,empty,0,0,0,0,0,True,0,0.0
NIST_Full scan_1_POS__F2955,NIST_Full scan_1_POS,empty,0,0,0,0,0,True,0,0.0
NIST_Full scan_1_POS__F2964,NIST_Full scan_1_POS,single,1,0,0,1,1,True,0,0.8435173034667969
NIST_Full scan_1_POS__F2975,NIST_Full scan_1_POS,empty,0,0,0,0,0,True,0,0.0
NIST_Full scan_1_POS__F3004,NIST_Full scan_1_POS,single,1,0,0,1,1,True,0,0.9520214796066284
NIST_Full scan_1_POS__F3013,NIST_Full scan_1_POS,empty,0,1,0,0,1,False,1,0.0
NIST_Full scan_1_POS__F3018,NIST_Full scan_1_POS,empty,0,0,0,0,0,True,0,0.0
NIST_Full scan_1_POS__F3035,NIST_Full scan_1_POS,empty,0,0,0,0,0,True,0,0.0
NIST_Full scan_1_POS__F3039,NIST_Full scan_1_POS,empty,0,0,0,0,0,True,0,0.0
NIST_Full scan_1_POS__F304,NIST_Full scan_1_POS,empty,0,0,0,0,0,True,0,0.0
NIST_Full scan_1_POS__F3044,NIST_Full scan_1_POS,empty,0,0,0,0,0,True,0,0.0
NIST_Full scan_1_POS__F3048,NIST_Full scan_1_POS,empty,0,0,0,0,0,True,0,0.0
NIST_Full scan_1_POS__F305,NIST_Full scan_1_POS,empty,0,0,0,0,0,True,0,0.0
NIST_Full scan_1_POS__F3064,NIST_Full scan_1_POS,empty,0,0,0,0,0,True,0,0.0
NIST_Full scan_1_POS__F3080,NIST_Full scan_1_POS,empty,0,0,0,0,0,True,0,0.0
NIST_Full scan_1_POS__F312,NIST_Full scan_1_POS,empty,0,0,0,0,0,True,0,0.0
NIST_Full scan_1_POS__F3133,NIST_Full scan_1_POS,empty,0,0,0,0,0,True,0,0.0
NIST_Full scan_1_POS__F3149,NIST_Full scan_1_POS,empty,0,0,0,0,0,True,0,0.0
NIST_Full scan_1_POS__F3275,NIST_Full scan_1_POS,empty,0,0,0,0,0,True,0,0.0
NIST_Full scan_1_POS__F3285,NIST_Full scan_1_POS,empty,0,0,0,0,0,True,0,0.0
NIST_Full scan_1_POS__F3288,NIST_Full scan_1_POS,empty,0,0,0,0,0,True,0,0.0
NIST_Full scan_1_POS__F331,NIST_Full scan_1_POS,empty,0,0,0,0,0,True,0,0.0
NIST_Full scan_1_POS__F3313,NIST_Full scan_1_POS,empty,0,0,0,0,0,True,0,0.0
NIST_Full scan_1_POS__F3326,NIST_Full scan_1_POS,empty,0,0,0,0,0,True,0,0.0
NIST_Full scan_1_POS__F3380,NIST_Full scan_1_POS,empty,0,0,0,0,0,True,0,0.0
NIST_Full scan_1_POS__F3400,NIST_Full scan_1_POS,empty,0,0,0,0,0,True,0,0.0
NIST_Full scan_1_POS__F3405,NIST_Full scan_1_POS,empty,0,0,0,0,0,True,0,0.0
NIST_Full scan_1_POS__F3406,NIST_Full scan_1_POS,empty,0,0,0,0,0,True,0,0.0
NIST_Full scan_1_POS__F3456,NIST_Full scan_1_POS,empty,0,0,0,0,0,True,0,0.0
NIST_Full scan_1_POS__F3468,NIST_Full scan_1_POS,empty,0,0,0,0,0,True,0,0.0
NIST_Full scan_1_POS__F347,NIST_Full scan_1_POS,multi,2,1,0,2,3,False,1,0.7862960696220398
NIST_Full scan_1_POS__F3471,NIST_Full scan_1_POS,empty,0,0,0,0,0,True,0,0.0
NIST_Full scan_1_POS__F3545,NIST_Full scan_1_POS,empty,0,0,0,0,0,True,0,0.0
NIST_Full scan_1_POS__F3567,NIST_Full scan_1_POS,empty,0,0,0,0,0,True,0,0.0
NIST_Full scan_1_POS__F361,NIST_Full scan_1_POS,empty,0,0,0,0,0,True,0,0.0
NIST_Full scan_1_POS__F3615,NIST_Full scan_1_POS,empty,0,0,0,0,0,True,0,0.0
NIST_Full scan_1_POS__F3616,NIST_Full scan_1_POS,empty,0,0,0,0,0,True,0,0.0
NIST_Full scan_1_POS__F3622,NIST_Full scan_1_POS,empty,0,0,0,0,0,True,0,0.0
NIST_Full scan_1_POS__F3650,NIST_Full scan_1_POS,empty,0,1,0,0,1,False,1,0.0
NIST_Full scan_1_POS__F3651,NIST_Full scan_1_POS,empty,0,0,0,0,0,True,0,0.0
NIST_Full scan_1_POS__F368,NIST_Full scan_1_POS,empty,0,0,0,0,0,True,0,0.0
NIST_Full scan_1_POS__F3687,NIST_Full scan_1_POS,empty,0,0,0,0,0,True,0,0.0
NIST_Full scan_1_POS__F3694,NIST_Full scan_1_POS,empty,0,0,0,0,0,True,0,0.0
NIST_Full scan_1_POS__F3704,NIST_Full scan_1_POS,empty,0,0,0,0,0,True,0,0.0
NIST_Full scan_1_POS__F3707,NIST_Full scan_1_POS,empty,0,0,0,0,0,True,0,0.0
NIST_Full scan_1_POS__F3729,NIST_Full scan_1_POS,empty,0,0,0,0,0,True,0,0.0
NIST_Full scan_1_POS__F3738,NIST_Full scan_1_POS,single,1,2,0,1,3,False,2,0.9411677718162537
NIST_Full scan_1_POS__F3747,NIST_Full scan_1_POS,single,1,0,0,1,1,True,0,0.8590658903121948
NIST_Full scan_1_POS__F3750,NIST_Full scan_1_POS,empty,0,0,0,0,0,True,0,0.0
NIST_Full scan_1_POS__F3774,NIST_Full scan_1_POS,empty,0,0,0,0,0,True,0,0.0
NIST_Full scan_1_POS__F3838,NIST_Full scan_1_POS,single,1,0,0,1,1,True,0,0.9373136162757874
NIST_Full scan_1_POS__F3885,NIST_Full scan_1_POS,empty,0,0,0,0,0,True,0,0.0
NIST_Full scan_1_POS__F3896,NIST_Full scan_1_POS,empty,0,0,0,0,0,True,0,0.0
NIST_Full scan_1_POS__F3942,NIST_Full scan_1_POS,multi,2,1,0,2,3,False,1,0.7877802848815918
NIST_Full scan_1_POS__F3945,NIST_Full scan_1_POS,single,1,0,0,1,1,True,0,0.8363457918167114
NIST_Full scan_1_POS__F399,NIST_Full scan_1_POS,empty,0,0,0,0,0,True,0,0.0
NIST_Full scan_1_POS__F4,NIST_Full scan_1_POS,empty,0,0,0,0,0,True,0,0.0
NIST_Full scan_1_POS__F40,NIST_Full scan_1_POS,empty,0,0,0,0,0,True,0,0.0
NIST_Full scan_1_POS__F400,NIST_Full scan_1_POS,empty,0,0,0,0,0,True,0,0.0
NIST_Full scan_1_POS__F4025,NIST_Full scan_1_POS,empty,0,0,0,0,0,True,0,0.0
NIST_Full scan_1_POS__F4068,NIST_Full scan_1_POS,empty,0,1,0,0,1,False,1,0.0
NIST_Full scan_1_POS__F4077,NIST_Full scan_1_POS,empty,0,0,0,0,0,True,0,0.0
NIST_Full scan_1_POS__F4084,NIST_Full scan_1_POS,empty,0,0,0,0,0,True,0,0.0
NIST_Full scan_1_POS__F4093,NIST_Full scan_1_POS,empty,0,0,0,0,0,True,0,0.0
NIST_Full scan_1_POS__F4140,NIST_Full scan_1_POS,empty,0,0,0,0,0,True,0,0.0
NIST_Full scan_1_POS__F4163,NIST_Full scan_1_POS,single,1,1,0,1,2,False,1,0.6993802189826965
NIST_Full scan_1_POS__F4166,NIST_Full scan_1_POS,empty,0,0,0,0,0,True,0,0.0
NIST_Full scan_1_POS__F4194,NIST_Full scan_1_POS,multi,2,1,0,2,3,False,1,0.8390273451805115
NIST_Full scan_1_POS__F4247,NIST_Full scan_1_POS,empty,0,0,0,0,0,True,0,0.0
NIST_Full scan_1_POS__F4339,NIST_Full scan_1_POS,multi,2,0,0,2,2,True,0,0.9074087738990784
NIST_Full scan_1_POS__F4342,NIST_Full scan_1_POS,empty,0,0,0,0,0,True,0,0.0
NIST_Full scan_1_POS__F435,NIST_Full scan_1_POS,empty,0,0,0,0,0,True,0,0.0
NIST_Full scan_1_POS__F4353,NIST_Full scan_1_POS,empty,0,0,0,0,0,True,0,0.0
NIST_Full scan_1_POS__F4382,NIST_Full scan_1_POS,single,1,0,0,1,1,True,0,0.8635973930358887
NIST_Full scan_1_POS__F4485,NIST_Full scan_1_POS,empty,0,0,0,0,0,True,0,0.0
NIST_Full scan_1_POS__F4490,NIST_Full scan_1_POS,multi,2,0,0,2,2,True,0,0.9151109158992767
NIST_Full scan_1_POS__F4519,NIST_Full scan_1_POS,empty,0,0,0,0,0,True,0,0.0
NIST_Full scan_1_POS__F4537,NIST_Full scan_1_POS,single,1,0,0,1,1,True,0,0.9056406617164612
NIST_Full scan_1_POS__F4538,NIST_Full scan_1_POS,single,1,0,0,1,1,True,0,0.9659644365310669
NIST_Full scan_1_POS__F4552,NIST_Full scan_1_POS,empty,0,0,0,0,0,True,0,0.0
NIST_Full scan_1_POS__F4575,NIST_Full scan_1_POS,empty,0,0,0,0,0,True,0,0.0
NIST_Full scan_1_POS__F458,NIST_Full scan_1_POS,empty,0,0,0,0,0,True,0,0.0
NIST_Full scan_1_POS__F4583,NIST_Full scan_1_POS,empty,0,0,0,0,0,True,0,0.0
NIST_Full scan_1_POS__F4594,NIST_Full scan_1_POS,empty,0,0,0,0,0,True,0,0.0
NIST_Full scan_1_POS__F4608,NIST_Full scan_1_POS,empty,0,0,0,0,0,True,0,0.0
NIST_Full scan_1_POS__F462,NIST_Full scan_1_POS,empty,0,0,0,0,0,True,0,0.0
NIST_Full scan_1_POS__F4642,NIST_Full scan_1_POS,multi,2,0,0,2,2,True,0,0.9013386368751526
NIST_Full scan_1_POS__F4644,NIST_Full scan_1_POS,empty,0,0,0,0,0,True,0,0.0
NIST_Full scan_1_POS__F4673,NIST_Full scan_1_POS,empty,0,0,0,0,0,True,0,0.0
NIST_Full scan_1_POS__F4695,NIST_Full scan_1_POS,empty,0,0,0,0,0,True,0,0.0
NIST_Full scan_1_POS__F4699,NIST_Full scan_1_POS,empty,0,0,0,0,0,True,0,0.0
NIST_Full scan_1_POS__F470,NIST_Full scan_1_POS,empty,0,0,0,0,0,True,0,0.0
NIST_Full scan_1_POS__F4707,NIST_Full scan_1_POS,single,1,0,0,1,1,True,0,0.9353986382484436
NIST_Full scan_1_POS__F4708,NIST_Full scan_1_POS,single,1,0,0,1,1,True,0,0.8607789874076843
NIST_Full scan_1_POS__F4727,NIST_Full scan_1_POS,single,1,0,0,1,1,True,0,0.9536462426185608
NIST_Full scan_1_POS__F4755,NIST_Full scan_1_POS,empty,0,0,0,0,0,True,0,0.0
NIST_Full scan_1_POS__F4760,NIST_Full scan_1_POS,empty,0,0,0,0,0,True,0,0.0
NIST_Full scan_1_POS__F48,NIST_Full scan_1_POS,empty,0,0,0,0,0,True,0,0.0
NIST_Full scan_1_POS__F4831,NIST_Full scan_1_POS,multi,2,0,0,2,2,True,0,0.9075461328029633
NIST_Full scan_1_POS__F4869,NIST_Full scan_1_POS,single,1,0,0,1,1,True,0,0.8848071098327637
NIST_Full scan_1_POS__F488,NIST_Full scan_1_POS,empty,0,0,0,0,0,True,0,0.0
NIST_Full scan_1_POS__F4880,NIST_Full scan_1_POS,empty,0,0,0,0,0,True,0,0.0
NIST_Full scan_1_POS__F4908,NIST_Full scan_1_POS,empty,0,0,0,0,0,True,0,0.0
NIST_Full scan_1_POS__F4956,NIST_Full scan_1_POS,single,1,0,0,1,1,True,0,0.8746637105941772
NIST_Full scan_1_POS__F4990,NIST_Full scan_1_POS,empty,0,0,0,0,0,True,0,0.0
NIST_Full scan_1_POS__F501,NIST_Full scan_1_POS,empty,0,0,0,0,0,True,0,0.0
NIST_Full scan_1_POS__F5010,NIST_Full scan_1_POS,empty,0,0,0,0,0,True,0,0.0
NIST_Full scan_1_POS__F5015,NIST_Full scan_1_POS,multi,2,0,0,2,2,True,0,0.8119724988937378
NIST_Full scan_1_POS__F5021,NIST_Full scan_1_POS,single,1,0,0,1,1,True,0,0.9040252566337585
NIST_Full scan_1_POS__F5027,NIST_Full scan_1_POS,multi,0,0,3,3,0,False,3,0.0
NIST_Full scan_1_POS__F5035,NIST_Full scan_1_POS,empty,0,0,0,0,0,True,0,0.0
NIST_Full scan_1_POS__F5063,NIST_Full scan_1_POS,single,1,0,0,1,1,True,0,0.754004955291748
NIST_Full scan_1_POS__F5099,NIST_Full scan_1_POS,empty,0,0,0,0,0,True,0,0.0
NIST_Full scan_1_POS__F5112,NIST_Full scan_1_POS,empty,0,0,0,0,0,True,0,0.0
NIST_Full scan_1_POS__F5126,NIST_Full scan_1_POS,empty,0,0,0,0,0,True,0,0.0
NIST_Full scan_1_POS__F5170,NIST_Full scan_1_POS,single,0,2,1,1,2,False,1,0.0
NIST_Full scan_1_POS__F519,NIST_Full scan_1_POS,single,0,0,1,1,0,False,1,0.0
NIST_Full scan_1_POS__F5258,NIST_Full scan_1_POS,empty,0,0,0,0,0,True,0,0.0
NIST_Full scan_1_POS__F5262,NIST_Full scan_1_POS,empty,0,0,0,0,0,True,0,0.0
NIST_Full scan_1_POS__F5275,NIST_Full scan_1_POS,empty,0,1,0,0,1,False,1,0.0
NIST_Full scan_1_POS__F5280,NIST_Full scan_1_POS,empty,0,0,0,0,0,True,0,0.0
NIST_Full scan_1_POS__F5318,NIST_Full scan_1_POS,single,1,0,0,1,1,True,0,0.8599070906639099
NIST_Full scan_1_POS__F5332,NIST_Full scan_1_POS,empty,0,0,0,0,0,True,0,0.0
NIST_Full scan_1_POS__F5334,NIST_Full scan_1_POS,empty,0,0,0,0,0,True,0,0.0
NIST_Full scan_1_POS__F534,NIST_Full scan_1_POS,empty,0,0,0,0,0,True,0,0.0
NIST_Full scan_1_POS__F5340,NIST_Full scan_1_POS,empty,0,0,0,0,0,True,0,0.0
NIST_Full scan_1_POS__F5345,NIST_Full scan_1_POS,multi,2,0,0,2,2,True,0,0.9373486638069153
NIST_Full scan_1_POS__F5373,NIST_Full scan_1_POS,empty,0,0,0,0,0,True,0,0.0
NIST_Full scan_1_POS__F5404,NIST_Full scan_1_POS,empty,0,0,0,0,0,True,0,0.0
NIST_Full scan_1_POS__F5408,NIST_Full scan_1_POS,single,1,0,0,1,1,True,0,0.6630507707595825
NIST_Full scan_1_POS__F5418,NIST_Full scan_1_POS,empty,0,0,0,0,0,True,0,0.0
NIST_Full scan_1_POS__F544,NIST_Full scan_1_POS,empty,0,0,0,0,0,True,0,0.0
NIST_Full scan_1_POS__F5453,NIST_Full scan_1_POS,single,1,0,0,1,1,True,0,0.6503962278366089
NIST_Full scan_1_POS__F5460,NIST_Full scan_1_POS,single,1,1,0,1,2,False,1,0.5983463525772095
NIST_Full scan_1_POS__F5525,NIST_Full scan_1_POS,empty,0,0,0,0,0,True,0,0.0
NIST_Full scan_1_POS__F5530,NIST_Full scan_1_POS,single,1,0,0,1,1,True,0,0.8197202682495117
NIST_Full scan_1_POS__F5562,NIST_Full scan_1_POS,empty,0,0,0,0,0,True,0,0.0
NIST_Full scan_1_POS__F5564,NIST_Full scan_1_POS,single,1,0,0,1,1,True,0,0.8758605718612671
NIST_Full scan_1_POS__F5602,NIST_Full scan_1_POS,single,0,0,1,1,0,False,1,0.0
NIST_Full scan_1_POS__F563,NIST_Full scan_1_POS,empty,0,0,0,0,0,True,0,0.0
NIST_Full scan_1_POS__F5642,NIST_Full scan_1_POS,empty,0,0,0,0,0,True,0,0.0
NIST_Full scan_1_POS__F5652,NIST_Full scan_1_POS,empty,0,0,0,0,0,True,0,0.0
NIST_Full scan_1_POS__F566,NIST_Full scan_1_POS,empty,0,0,0,0,0,True,0,0.0
NIST_Full scan_1_POS__F5663,NIST_Full scan_1_POS,empty,0,0,0,0,0,True,0,0.0
NIST_Full scan_1_POS__F5668,NIST_Full scan_1_POS,single,0,0,1,1,0,False,1,0.0
NIST_Full scan_1_POS__F5719,NIST_Full scan_1_POS,empty,0,0,0,0,0,True,0,0.0
NIST_Full scan_1_POS__F5799,NIST_Full scan_1_POS,single,1,0,0,1,1,True,0,0.8691088557243347
NIST_Full scan_1_POS__F5803,NIST_Full scan_1_POS,empty,0,1,0,0,1,False,1,0.0
NIST_Full scan_1_POS__F5821,NIST_Full scan_1_POS,empty,0,1,0,0,1,False,1,0.0
NIST_Full scan_1_POS__F5823,NIST_Full scan_1_POS,single,1,0,0,1,1,True,0,0.9230417013168335
NIST_Full scan_1_POS__F5849,NIST_Full scan_1_POS,multi,2,0,0,2,2,True,0,0.917005330324173
NIST_Full scan_1_POS__F5899,NIST_Full scan_1_POS,multi,5,0,0,5,5,True,0,0.9026346683502198
NIST_Full scan_1_POS__F5910,NIST_Full scan_1_POS,empty,0,0,0,0,0,True,0,0.0
NIST_Full scan_1_POS__F5917,NIST_Full scan_1_POS,multi,3,0,1,4,3,False,1,0.888865053653717
NIST_Full scan_1_POS__F5925,NIST_Full scan_1_POS,single,1,0,0,1,1,True,0,0.8778098225593567
NIST_Full scan_1_POS__F593,NIST_Full scan_1_POS,empty,0,0,0,0,0,True,0,0.0
NIST_Full scan_1_POS__F5964,NIST_Full scan_1_POS,multi,1,1,2,3,2,False,1,0.7640275955200195
NIST_Full scan_1_POS__F5969,NIST_Full scan_1_POS,multi,2,0,0,2,2,True,0,0.8914441168308258
NIST_Full scan_1_POS__F5988,NIST_Full scan_1_POS,empty,0,0,0,0,0,True,0,0.0
NIST_Full scan_1_POS__F6014,NIST_Full scan_1_POS,empty,0,0,0,0,0,True,0,0.0
NIST_Full scan_1_POS__F6051,NIST_Full scan_1_POS,multi,2,1,0,2,3,False,1,0.7618896067142487
NIST_Full scan_1_POS__F6062,NIST_Full scan_1_POS,empty,0,0,0,0,0,True,0,0.0
NIST_Full scan_1_POS__F6068,NIST_Full scan_1_POS,empty,0,0,0,0,0,True,0,0.0
NIST_Full scan_1_POS__F6106,NIST_Full scan_1_POS,empty,0,0,0,0,0,True,0,0.0
NIST_Full scan_1_POS__F6139,NIST_Full scan_1_POS,single,1,0,0,1,1,True,0,0.8240269422531128
NIST_Full scan_1_POS__F6189,NIST_Full scan_1_POS,single,1,0,0,1,1,True,0,0.8827200531959534
NIST_Full scan_1_POS__F6201,NIST_Full scan_1_POS,empty,0,0,0,0,0,True,0,0.0
NIST_Full scan_1_POS__F622,NIST_Full scan_1_POS,empty,0,0,0,0,0,True,0,0.0
NIST_Full scan_1_POS__F6226,NIST_Full scan_1_POS,multi,2,0,1,3,2,False,1,0.9228663444519043
NIST_Full scan_1_POS__F6264,NIST_Full scan_1_POS,multi,2,0,1,3,2,False,1,0.8719496130943298
NIST_Full scan_1_POS__F6274,NIST_Full scan_1_POS,single,1,0,0,1,1,True,0,0.9315465092658997
NIST_Full scan_1_POS__F6307,NIST_Full scan_1_POS,single,1,0,0,1,1,True,0,0.818274736404419
NIST_Full scan_1_POS__F6323,NIST_Full scan_1_POS,empty,0,0,0,0,0,True,0,0.0
NIST_Full scan_1_POS__F6350,NIST_Full scan_1_POS,empty,0,1,0,0,1,False,1,0.0
NIST_Full scan_1_POS__F6352,NIST_Full scan_1_POS,empty,0,0,0,0,0,True,0,0.0
NIST_Full scan_1_POS__F6391,NIST_Full scan_1_POS,single,1,0,0,1,1,True,0,0.9110301733016968
NIST_Full scan_1_POS__F6432,NIST_Full scan_1_POS,empty,0,1,0,0,1,False,1,0.0
NIST_Full scan_1_POS__F6464,NIST_Full scan_1_POS,empty,0,0,0,0,0,True,0,0.0
NIST_Full scan_1_POS__F6465,NIST_Full scan_1_POS,empty,0,0,0,0,0,True,0,0.0
NIST_Full scan_1_POS__F6467,NIST_Full scan_1_POS,empty,0,0,0,0,0,True,0,0.0
NIST_Full scan_1_POS__F6490,NIST_Full scan_1_POS,single,1,0,0,1,1,True,0,0.9283331632614136
NIST_Full scan_1_POS__F6493,NIST_Full scan_1_POS,empty,0,0,0,0,0,True,0,0.0
NIST_Full scan_1_POS__F6503,NIST_Full scan_1_POS,empty,0,0,0,0,0,True,0,0.0
NIST_Full scan_1_POS__F6508,NIST_Full scan_1_POS,single,1,0,0,1,1,True,0,0.9651247262954712
NIST_Full scan_1_POS__F652,NIST_Full scan_1_POS,empty,0,0,0,0,0,True,0,0.0
NIST_Full scan_1_POS__F6534,NIST_Full scan_1_POS,multi,3,0,0,3,3,True,0,0.8113079865773519
NIST_Full scan_1_POS__F6602,NIST_Full scan_1_POS,empty,0,0,0,0,0,True,0,0.0
NIST_Full scan_1_POS__F6605,NIST_Full scan_1_POS,empty,0,0,0,0,0,True,0,0.0
NIST_Full scan_1_POS__F6650,NIST_Full scan_1_POS,empty,0,0,0,0,0,True,0,0.0
NIST_Full scan_1_POS__F669,NIST_Full scan_1_POS,multi,2,0,0,2,2,True,0,0.8787236213684082
NIST_Full scan_1_POS__F674,NIST_Full scan_1_POS,empty,0,0,0,0,0,True,0,0.0
NIST_Full scan_1_POS__F6743,NIST_Full scan_1_POS,empty,0,0,0,0,0,True,0,0.0
NIST_Full scan_1_POS__F6780,NIST_Full scan_1_POS,single,1,0,0,1,1,True,0,0.9423251748085022
NIST_Full scan_1_POS__F6827,NIST_Full scan_1_POS,multi,2,0,0,2,2,True,0,0.9184693694114685
NIST_Full scan_1_POS__F6833,NIST_Full scan_1_POS,empty,0,0,0,0,0,True,0,0.0
NIST_Full scan_1_POS__F6841,NIST_Full scan_1_POS,empty,0,1,0,0,1,False,1,0.0
NIST_Full scan_1_POS__F6871,NIST_Full scan_1_POS,single,0,0,1,1,0,False,1,0.0
NIST_Full scan_1_POS__F6875,NIST_Full scan_1_POS,single,1,0,0,1,1,True,0,0.7200435400009155
NIST_Full scan_1_POS__F6888,NIST_Full scan_1_POS,multi,3,0,0,3,3,True,0,0.8238880038261414
NIST_Full scan_1_POS__F6905,NIST_Full scan_1_POS,single,1,0,0,1,1,True,0,0.9331507086753845
NIST_Full scan_1_POS__F6912,NIST_Full scan_1_POS,single,1,0,0,1,1,True,0,0.9195411801338196
NIST_Full scan_1_POS__F6917,NIST_Full scan_1_POS,single,1,0,0,1,1,True,0,0.8677787184715271
NIST_Full scan_1_POS__F6922,NIST_Full scan_1_POS,multi,3,1,0,3,4,False,1,0.8807979226112366
NIST_Full scan_1_POS__F6946,NIST_Full scan_1_POS,multi,2,0,0,2,2,True,0,0.8220238983631134
NIST_Full scan_1_POS__F695,NIST_Full scan_1_POS,empty,0,0,0,0,0,True,0,0.0
NIST_Full scan_1_POS__F6962,NIST_Full scan_1_POS,empty,0,2,0,0,2,False,2,0.0
NIST_Full scan_1_POS__F6965,NIST_Full scan_1_POS,multi,2,0,0,2,2,True,0,0.9172606766223907
NIST_Full scan_1_POS__F701,NIST_Full scan_1_POS,empty,0,0,0,0,0,True,0,0.0
NIST_Full scan_1_POS__F7020,NIST_Full scan_1_POS,single,1,0,0,1,1,True,0,0.9346352815628052
NIST_Full scan_1_POS__F7056,NIST_Full scan_1_POS,multi,2,0,0,2,2,True,0,0.8068124651908875
NIST_Full scan_1_POS__F7062,NIST_Full scan_1_POS,empty,0,0,0,0,0,True,0,0.0
NIST_Full scan_1_POS__F7072,NIST_Full scan_1_POS,multi,2,0,0,2,2,True,0,0.8038181662559509
NIST_Full scan_1_POS__F7079,NIST_Full scan_1_POS,empty,0,0,0,0,0,True,0,0.0
NIST_Full scan_1_POS__F7088,NIST_Full scan_1_POS,multi,3,0,0,3,3,True,0,0.8395437399546305
NIST_Full scan_1_POS__F7105,NIST_Full scan_1_POS,empty,0,1,0,0,1,False,1,0.0
NIST_Full scan_1_POS__F7112,NIST_Full scan_1_POS,empty,0,0,0,0,0,True,0,0.0
NIST_Full scan_1_POS__F7174,NIST_Full scan_1_POS,single,1,0,0,1,1,True,0,0.8588414788246155
NIST_Full scan_1_POS__F7201,NIST_Full scan_1_POS,single,1,0,0,1,1,True,0,0.820400059223175
NIST_Full scan_1_POS__F7204,NIST_Full scan_1_POS,single,1,1,0,1,2,False,1,0.8793392777442932
NIST_Full scan_1_POS__F7235,NIST_Full scan_1_POS,empty,0,1,0,0,1,False,1,0.0
NIST_Full scan_1_POS__F7238,NIST_Full scan_1_POS,single,1,0,0,1,1,True,0,0.8049723505973816
NIST_Full scan_1_POS__F7277,NIST_Full scan_1_POS,single,1,1,0,1,2,False,1,0.9424203038215637
NIST_Full scan_1_POS__F7334,NIST_Full scan_1_POS,empty,0,0,0,0,0,True,0,0.0
NIST_Full scan_1_POS__F7350,NIST_Full scan_1_POS,empty,0,1,0,0,1,False,1,0.0
NIST_Full scan_1_POS__F7373,NIST_Full scan_1_POS,empty,0,0,0,0,0,True,0,0.0
NIST_Full scan_1_POS__F7385,NIST_Full scan_1_POS,single,1,0,0,1,1,True,0,0.8647844791412354
NIST_Full scan_1_POS__F7394,NIST_Full scan_1_POS,single,1,0,0,1,1,True,0,0.8830885291099548
NIST_Full scan_1_POS__F7397,NIST_Full scan_1_POS,single,1,0,0,1,1,True,0,0.9365332126617432
NIST_Full scan_1_POS__F7400,NIST_Full scan_1_POS,multi,1,0,1,2,1,False,1,0.9608665108680725
NIST_Full scan_1_POS__F741,NIST_Full scan_1_POS,empty,0,0,0,0,0,True,0,0.0
NIST_Full scan_1_POS__F7441,NIST_Full scan_1_POS,multi,4,0,0,4,4,True,0,0.8630403280258179
NIST_Full scan_1_POS__F7444,NIST_Full scan_1_POS,single,1,1,0,1,2,False,1,0.8649244904518127
NIST_Full scan_1_POS__F7529,NIST_Full scan_1_POS,multi,2,0,0,2,2,True,0,0.8776305019855499
NIST_Full scan_1_POS__F7535,NIST_Full scan_1_POS,single,1,0,0,1,1,True,0,0.9738388061523438
NIST_Full scan_1_POS__F7567,NIST_Full scan_1_POS,single,1,0,0,1,1,True,0,0.9317428469657898
NIST_Full scan_1_POS__F7586,NIST_Full scan_1_POS,empty,0,0,0,0,0,True,0,0.0
NIST_Full scan_1_POS__F7606,NIST_Full scan_1_POS,empty,0,0,0,0,0,True,0,0.0
NIST_Full scan_1_POS__F7647,NIST_Full scan_1_POS,empty,0,0,0,0,0,True,0,0.0
NIST_Full scan_1_POS__F7655,NIST_Full scan_1_POS,empty,0,1,0,0,1,False,1,0.0
NIST_Full scan_1_POS__F7660,NIST_Full scan_1_POS,single,1,0,0,1,1,True,0,0.8425284624099731
NIST_Full scan_1_POS__F7712,NIST_Full scan_1_POS,multi,4,0,0,4,4,True,0,0.8086631298065186
NIST_Full scan_1_POS__F775,NIST_Full scan_1_POS,empty,0,0,0,0,0,True,0,0.0
NIST_Full scan_1_POS__F7751,NIST_Full scan_1_POS,single,1,0,0,1,1,True,0,0.8744770884513855
NIST_Full scan_1_POS__F7764,NIST_Full scan_1_POS,single,1,0,0,1,1,True,0,0.9567291140556335
NIST_Full scan_1_POS__F7767,NIST_Full scan_1_POS,multi,2,0,0,2,2,True,0,0.9034592509269714
NIST_Full scan_1_POS__F7770,NIST_Full scan_1_POS,empty,0,0,0,0,0,True,0,0.0
NIST_Full scan_1_POS__F7830,NIST_Full scan_1_POS,empty,0,1,0,0,1,False,1,0.0
NIST_Full scan_1_POS__F7867,NIST_Full scan_1_POS,multi,3,0,0,3,3,True,0,0.879183034102122
NIST_Full scan_1_POS__F7890,NIST_Full scan_1_POS,single,1,0,0,1,1,True,0,0.8306533098220825
NIST_Full scan_1_POS__F7924,NIST_Full scan_1_POS,empty,0,1,0,0,1,False,1,0.0
NIST_Full scan_1_POS__F7958,NIST_Full scan_1_POS,empty,0,1,0,0,1,False,1,0.0
NIST_Full scan_1_POS__F796,NIST_Full scan_1_POS,empty,0,0,0,0,0,True,0,0.0
NIST_Full scan_1_POS__F7961,NIST_Full scan_1_POS,multi,2,0,0,2,2,True,0,0.7946691513061523
NIST_Full scan_1_POS__F7991,NIST_Full scan_1_POS,single,1,0,0,1,1,True,0,0.7652655243873596
NIST_Full scan_1_POS__F8006,NIST_Full scan_1_POS,multi,2,0,0,2,2,True,0,0.923376590013504
NIST_Full scan_1_POS__F8027,NIST_Full scan_1_POS,multi,2,0,0,2,2,True,0,0.9403234422206879
NIST_Full scan_1_POS__F8029,NIST_Full scan_1_POS,empty,0,0,0,0,0,True,0,0.0
NIST_Full scan_1_POS__F8038,NIST_Full scan_1_POS,multi,2,0,0,2,2,True,0,0.8485580086708069
NIST_Full scan_1_POS__F8080,NIST_Full scan_1_POS,single,1,0,0,1,1,True,0,0.9251795411109924
NIST_Full scan_1_POS__F8085,NIST_Full scan_1_POS,multi,4,0,0,4,4,True,0,0.8813954889774323
NIST_Full scan_1_POS__F8091,NIST_Full scan_1_POS,multi,2,0,0,2,2,True,0,0.9204946160316467
NIST_Full scan_1_POS__F8095,NIST_Full scan_1_POS,multi,1,0,2,3,1,False,2,0.8664783835411072
NIST_Full scan_1_POS__F8146,NIST_Full scan_1_POS,single,1,0,0,1,1,True,0,0.9325341582298279
NIST_Full scan_1_POS__F8150,NIST_Full scan_1_POS,empty,0,0,0,0,0,True,0,0.0
NIST_Full scan_1_POS__F8223,NIST_Full scan_1_POS,multi,3,0,0,3,3,True,0,0.8514523903528849
NIST_Full scan_1_POS__F8256,NIST_Full scan_1_POS,single,1,0,0,1,1,True,0,0.9235045909881592
NIST_Full scan_1_POS__F8283,NIST_Full scan_1_POS,multi,3,0,0,3,3,True,0,0.8360103964805603
NIST_Full scan_1_POS__F8303,NIST_Full scan_1_POS,single,1,1,0,1,2,False,1,0.8993590474128723
NIST_Full scan_1_POS__F8306,NIST_Full scan_1_POS,single,1,0,0,1,1,True,0,0.9131127595901489
NIST_Full scan_1_POS__F8317,NIST_Full scan_1_POS,empty,0,0,0,0,0,True,0,0.0
NIST_Full scan_1_POS__F8319,NIST_Full scan_1_POS,multi,4,0,0,4,4,True,0,0.8818021565675735
NIST_Full scan_1_POS__F840,NIST_Full scan_1_POS,empty,0,0,0,0,0,True,0,0.0
NIST_Full scan_1_POS__F8409,NIST_Full scan_1_POS,empty,0,0,0,0,0,True,0,0.0
NIST_Full scan_1_POS__F8433,NIST_Full scan_1_POS,single,1,0,0,1,1,True,0,0.9517242908477783
NIST_Full scan_1_POS__F8444,NIST_Full scan_1_POS,multi,5,0,0,5,5,True,0,0.857089364528656
NIST_Full scan_1_POS__F8472,NIST_Full scan_1_POS,empty,0,0,0,0,0,True,0,0.0
NIST_Full scan_1_POS__F8476,NIST_Full scan_1_POS,single,1,0,0,1,1,True,0,0.9434969425201416
NIST_Full scan_1_POS__F8481,NIST_Full scan_1_POS,multi,3,0,1,4,3,False,1,0.8995106021563212
NIST_Full scan_1_POS__F8492,NIST_Full scan_1_POS,single,1,0,0,1,1,True,0,0.7741175889968872
NIST_Full scan_1_POS__F8512,NIST_Full scan_1_POS,single,1,0,0,1,1,True,0,0.9528754949569702
NIST_Full scan_1_POS__F8560,NIST_Full scan_1_POS,single,1,0,0,1,1,True,0,0.8627581596374512
NIST_Full scan_1_POS__F8564,NIST_Full scan_1_POS,empty,0,0,0,0,0,True,0,0.0
NIST_Full scan_1_POS__F8566,NIST_Full scan_1_POS,empty,0,0,0,0,0,True,0,0.0
NIST_Full scan_1_POS__F8626,NIST_Full scan_1_POS,single,1,0,0,1,1,True,0,0.9610815644264221
NIST_Full scan_1_POS__F8630,NIST_Full scan_1_POS,multi,2,0,0,2,2,True,0,0.9108690917491913
NIST_Full scan_1_POS__F8666,NIST_Full scan_1_POS,single,1,0,0,1,1,True,0,0.7594518065452576
NIST_Full scan_1_POS__F867,NIST_Full scan_1_POS,empty,0,0,0,0,0,True,0,0.0
NIST_Full scan_1_POS__F8674,NIST_Full scan_1_POS,multi,1,0,1,2,1,False,1,0.5003526210784912
NIST_Full scan_1_POS__F8678,NIST_Full scan_1_POS,multi,2,0,0,2,2,True,0,0.8839746117591858
NIST_Full scan_1_POS__F8740,NIST_Full scan_1_POS,multi,4,0,1,5,4,False,1,0.8978090882301331
NIST_Full scan_1_POS__F8761,NIST_Full scan_1_POS,empty,0,0,0,0,0,True,0,0.0
NIST_Full scan_1_POS__F8765,NIST_Full scan_1_POS,multi,2,0,1,3,2,False,1,0.8647689521312714
NIST_Full scan_1_POS__F8774,NIST_Full scan_1_POS,single,1,0,0,1,1,True,0,0.5072404146194458
NIST_Full scan_1_POS__F8789,NIST_Full scan_1_POS,multi,2,0,0,2,2,True,0,0.8753988146781921
NIST_Full scan_1_POS__F8815,NIST_Full scan_1_POS,multi,2,0,0,2,2,True,0,0.9266478419303894
NIST_Full scan_1_POS__F8894,NIST_Full scan_1_POS,empty,0,1,0,0,1,False,1,0.0
NIST_Full scan_1_POS__F89,NIST_Full scan_1_POS,empty,0,0,0,0,0,True,0,0.0
NIST_Full scan_1_POS__F8918,NIST_Full scan_1_POS,empty,0,1,0,0,1,False,1,0.0
NIST_Full scan_1_POS__F8952,NIST_Full scan_1_POS,single,1,0,0,1,1,True,0,0.8385804295539856
NIST_Full scan_1_POS__F8960,NIST_Full scan_1_POS,single,1,0,0,1,1,True,0,0.9204981923103333
NIST_Full scan_1_POS__F8966,NIST_Full scan_1_POS,empty,0,0,0,0,0,True,0,0.0
NIST_Full scan_1_POS__F8987,NIST_Full scan_1_POS,empty,0,0,0,0,0,True,0,0.0
NIST_Full scan_1_POS__F9002,NIST_Full scan_1_POS,multi,2,0,0,2,2,True,0,0.9085535407066345
NIST_Full scan_1_POS__F9007,NIST_Full scan_1_POS,multi,4,0,0,4,4,True,0,0.864202007651329
NIST_Full scan_1_POS__F9013,NIST_Full scan_1_POS,empty,0,0,0,0,0,True,0,0.0
NIST_Full scan_1_POS__F9116,NIST_Full scan_1_POS,multi,3,0,0,3,3,True,0,0.806659460067749
NIST_Full scan_1_POS__F9119,NIST_Full scan_1_POS,single,1,0,0,1,1,True,0,0.9617937207221985
NIST_Full scan_1_POS__F915,NIST_Full scan_1_POS,empty,0,0,0,0,0,True,0,0.0
NIST_Full scan_1_POS__F9195,NIST_Full scan_1_POS,multi,1,0,1,2,1,False,1,0.9285780191421509
NIST_Full scan_1_POS__F9212,NIST_Full scan_1_POS,multi,2,2,0,2,4,False,2,0.9086968004703522
NIST_Full scan_1_POS__F9214,NIST_Full scan_1_POS,single,1,0,0,1,1,True,0,0.9275491833686829
NIST_Full scan_1_POS__F9245,NIST_Full scan_1_POS,single,1,0,0,1,1,True,0,0.9051830172538757
NIST_Full scan_1_POS__F9247,NIST_Full scan_1_POS,multi,3,0,0,3,3,True,0,0.8510598738988241
NIST_Full scan_1_POS__F9254,NIST_Full scan_1_POS,multi,2,0,0,2,2,True,0,0.8144026696681976
NIST_Full scan_1_POS__F9282,NIST_Full scan_1_POS,multi,3,0,0,3,3,True,0,0.8575820525487264
NIST_Full scan_1_POS__F9288,NIST_Full scan_1_POS,empty,0,0,0,0,0,True,0,0.0
NIST_Full scan_1_POS__F9301,NIST_Full scan_1_POS,empty,0,0,0,0,0,True,0,0.0
NIST_Full scan_1_POS__F9347,NIST_Full scan_1_POS,multi,2,0,0,2,2,True,0,0.9272487163543701
NIST_Full scan_1_POS__F9352,NIST_Full scan_1_POS,multi,3,1,0,3,4,False,1,0.7719125350316366
NIST_Full scan_1_POS__F9390,NIST_Full scan_1_POS,multi,6,0,0,6,6,True,0,0.8265231649080912
NIST_Full scan_1_POS__F9396,NIST_Full scan_1_POS,single,1,0,0,1,1,True,0,0.8289307951927185
NIST_Full scan_1_POS__F9413,NIST_Full scan_1_POS,multi,3,1,0,3,4,False,1,0.903788169225057
NIST_Full scan_1_POS__F9441,NIST_Full scan_1_POS,empty,0,0,0,0,0,True,0,0.0
NIST_Full scan_1_POS__F9490,NIST_Full scan_1_POS,empty,0,1,0,0,1,False,1,0.0
NIST_Full scan_1_POS__F9492,NIST_Full scan_1_POS,single,1,0,0,1,1,True,0,0.8715044856071472
NIST_Full scan_1_POS__F9500,NIST_Full scan_1_POS,empty,0,0,0,0,0,True,0,0.0
NIST_Full scan_1_POS__F9510,NIST_Full scan_1_POS,empty,0,0,0,0,0,True,0,0.0
NIST_Full scan_1_POS__F9513,NIST_Full scan_1_POS,empty,0,0,0,0,0,True,0,0.0
NIST_Full scan_1_POS__F953,NIST_Full scan_1_POS,empty,0,0,0,0,0,True,0,0.0
NIST_Full scan_1_POS__F9537,NIST_Full scan_1_POS,multi,2,0,0,2,2,True,0,0.872242271900177
NIST_Full scan_1_POS__F9546,NIST_Full scan_1_POS,empty,0,0,0,0,0,True,0,0.0
NIST_Full scan_1_POS__F9568,NIST_Full scan_1_POS,multi,3,0,0,3,3,True,0,0.8470063408215841
NIST_Full scan_1_POS__F9573,NIST_Full scan_1_POS,single,0,1,1,1,1,True,0,0.0
NIST_Full scan_1_POS__F9576,NIST_Full scan_1_POS,empty,0,0,0,0,0,True,0,0.0
NIST_Full scan_1_POS__F9587,NIST_Full scan_1_POS,empty,0,1,0,0,1,False,1,0.0
NIST_Full scan_1_POS__F9592,NIST_Full scan_1_POS,empty,0,0,0,0,0,True,0,0.0
NIST_Full scan_1_POS__F9607,NIST_Full scan_1_POS,empty,0,1,0,0,1,False,1,0.0
NIST_Full scan_1_POS__F961,NIST_Full scan_1_POS,empty,0,0,0,0,0,True,0,0.0
NIST_Full scan_1_POS__F9620,NIST_Full scan_1_POS,single,1,0,0,1,1,True,0,0.5176405906677246
NIST_Full scan_1_POS__F9665,NIST_Full scan_1_POS,single,1,0,0,1,1,True,0,0.9784988760948181
NIST_Full scan_1_POS__F968,NIST_Full scan_1_POS,empty,0,0,0,0,0,True,0,0.0
NIST_Full scan_1_POS__F9705,NIST_Full scan_1_POS,single,1,0,0,1,1,True,0,0.7415626645088196
NIST_Full scan_1_POS__F9716,NIST_Full scan_1_POS,single,1,3,0,1,4,False,3,0.9388494491577148
NIST_Full scan_1_POS__F972,NIST_Full scan_1_POS,empty,0,0,0,0,0,True,0,0.0
NIST_Full scan_1_POS__F9746,NIST_Full scan_1_POS,multi,2,0,0,2,2,True,0,0.8857639133930206
NIST_Full scan_1_POS__F9778,NIST_Full scan_1_POS,single,1,0,0,1,1,True,0,0.9155632257461548
NIST_Full scan_1_POS__F9825,NIST_Full scan_1_POS,multi,4,0,1,5,4,False,1,0.8618700951337814
NIST_Full scan_1_POS__F9838,NIST_Full scan_1_POS,single,1,1,0,1,2,False,1,0.7770686745643616
NIST_Full scan_1_POS__F9846,NIST_Full scan_1_POS,multi,2,0,0,2,2,True,0,0.8991898596286774
NIST_Full scan_1_POS__F9850,NIST_Full scan_1_POS,empty,0,1,0,0,1,False,1,0.0
NIST_Full scan_1_POS__F9872,NIST_Full scan_1_POS,multi,2,0,0,2,2,True,0,0.790343165397644
NIST_Full scan_1_POS__F9878,NIST_Full scan_1_POS,multi,1,0,1,2,1,False,1,0.7749348878860474
NIST_Full scan_1_POS__F9909,NIST_Full scan_1_POS,empty,0,0,0,0,0,True,0,0.0
NIST_Full scan_1_POS__F9918,NIST_Full scan_1_POS,single,1,0,0,1,1,True,0,0.8952186703681946
NIST_Full scan_1_POS__F9961,NIST_Full scan_1_POS,single,1,0,0,1,1,True,0,0.8319629430770874
NIST_Full scan_1_POS__F9964,NIST_Full scan_1_POS,single,1,0,0,1,1,True,0,0.5463402271270752
NIST_Full scan_1_POS__F9989,NIST_Full scan_1_POS,single,1,1,0,1,2,False,1,0.9578356742858887
