sample_id,source_file,true_peak_count_class,seed_label,seed_probability,seed_prediction,correct
D04P_NEG__F1,D04P_NEG,empty,0,8.940696716308594e-06,0,True
D04P_NEG__F10,D04P_NEG,single,1,1.0,1,True
D04P_NEG__F102,D04P_NEG,empty,0,0.0,0,True
D04P_NEG__F104,D04P_NEG,multi,1,1.0,1,True
D04P_NEG__F105,D04P_NEG,multi,1,1.0,1,True
D04P_NEG__F109,D04P_NEG,single,1,1.0,1,True
D04P_NEG__F11,D04P_NEG,empty,0,0.0,0,True
D04P_NEG__F110,D04P_NEG,single,0,0.00070953369140625,0,True
D04P_NEG__F111,D04P_NEG,single,1,1.0,1,True
D04P_NEG__F114,D04P_NEG,empty,0,0.0,0,True
D04P_NEG__F115,D04P_NEG,empty,0,1.7881393432617188e-07,0,True
D04P_NEG__F117,D04P_NEG,empty,0,8.344650268554688e-06,0,True
D04P_NEG__F118,D04P_NEG,empty,0,0.00021147727966308594,0,True
D04P_NEG__F119,D04P_NEG,empty,0,0.0,0,True
D04P_NEG__F12,D04P_NEG,single,1,0.97705078125,1,True
D04P_NEG__F125,D04P_NEG,multi,1,1.0,1,True
D04P_NEG__F127,D04P_NEG,single,1,0.99951171875,1,True
D04P_NEG__F132,D04P_NEG,single,1,1.0,1,True
D04P_NEG__F133,D04P_NEG,single,1,1.0,1,True
D04P_NEG__F138,D04P_NEG,single,1,1.0,1,True
D04P_NEG__F141,D04P_NEG,single,1,1.0,1,True
D04P_NEG__F142,D04P_NEG,single,1,1.0,1,True
D04P_NEG__F145,D04P_NEG,single,1,0.99072265625,1,True
D04P_NEG__F146,D04P_NEG,multi,1,1.0,1,True
D04P_NEG__F149,D04P_NEG,multi,1,1.0,1,True
D04P_NEG__F150,D04P_NEG,single,1,1.0,1,True
D04P_NEG__F153,D04P_NEG,single,1,0.99267578125,1,True
D04P_NEG__F154,D04P_NEG,multi,1,1.0,1,True
D04P_NEG__F155,D04P_NEG,multi,1,1.0,1,True
D04P_NEG__F156,D04P_NEG,single,1,1.0,1,True
D04P_NEG__F158,D04P_NEG,single,1,1.0,1,True
D04P_NEG__F159,D04P_NEG,single,1,1.0,1,True
D04P_NEG__F16,D04P_NEG,single,1,0.99609375,1,True
D04P_NEG__F164,D04P_NEG,single,1,1.0,1,True
D04P_NEG__F166,D04P_NEG,empty,0,0.0,0,True
D04P_NEG__F168,D04P_NEG,multi,1,1.0,1,True
D04P_NEG__F169,D04P_NEG,multi,1,1.0,1,True
D04P_NEG__F17,D04P_NEG,single,1,1.0,1,True
D04P_NEG__F173,D04P_NEG,single,1,1.0,1,True
D04P_NEG__F174,D04P_NEG,single,1,0.86328125,1,True
D04P_NEG__F175,D04P_NEG,single,1,1.0,1,True
D04P_NEG__F176,D04P_NEG,single,1,0.99951171875,1,True
D04P_NEG__F177,D04P_NEG,single,1,1.0,1,True
D04P_NEG__F178,D04P_NEG,single,1,1.0,1,True
D04P_NEG__F18,D04P_NEG,empty,0,6.556510925292969e-07,0,True
D04P_NEG__F181,D04P_NEG,single,1,1.0,1,True
D04P_NEG__F182,D04P_NEG,single,1,1.0,1,True
D04P_NEG__F183,D04P_NEG,single,1,1.0,1,True
D04P_NEG__F185,D04P_NEG,single,1,1.0,1,True
D04P_NEG__F186,D04P_NEG,single,1,1.0,1,True
D04P_NEG__F189,D04P_NEG,empty,0,3.0994415283203125e-06,0,True
D04P_NEG__F19,D04P_NEG,empty,0,0.0,0,True
D04P_NEG__F191,D04P_NEG,single,1,1.0,1,True
D04P_NEG__F193,D04P_NEG,empty,0,3.5762786865234375e-07,0,True
D04P_NEG__F194,D04P_NEG,single,1,1.0,1,True
D04P_NEG__F195,D04P_NEG,multi,1,1.0,1,True
D04P_NEG__F196,D04P_NEG,multi,1,1.0,1,True
D04P_NEG__F197,D04P_NEG,single,1,1.0,1,True
D04P_NEG__F20,D04P_NEG,single,1,1.0,1,True
D04P_NEG__F200,D04P_NEG,single,1,1.0,1,True
D04P_NEG__F204,D04P_NEG,multi,1,1.0,1,True
D04P_NEG__F205,D04P_NEG,multi,1,1.0,1,True
D04P_NEG__F209,D04P_NEG,empty,0,0.0,0,True
D04P_NEG__F210,D04P_NEG,single,1,0.01395416259765625,0,False
D04P_NEG__F211,D04P_NEG,empty,0,0.0775146484375,0,True
D04P_NEG__F212,D04P_NEG,empty,0,0.0,0,True
D04P_NEG__F213,D04P_NEG,multi,1,1.0,1,True
D04P_NEG__F219,D04P_NEG,empty,0,5.960464477539063e-08,0,True
D04P_NEG__F221,D04P_NEG,multi,1,1.0,1,True
D04P_NEG__F223,D04P_NEG,multi,1,1.0,1,True
D04P_NEG__F226,D04P_NEG,empty,0,0.007488250732421875,0,True
D04P_NEG__F228,D04P_NEG,multi,1,1.0,1,True
D04P_NEG__F229,D04P_NEG,multi,1,1.0,1,True
D04P_NEG__F23,D04P_NEG,single,1,1.0,1,True
D04P_NEG__F230,D04P_NEG,multi,1,1.0,1,True
D04P_NEG__F232,D04P_NEG,empty,0,9.059906005859375e-06,0,True
D04P_NEG__F235,D04P_NEG,empty,0,0.0,0,True
D04P_NEG__F236,D04P_NEG,empty,0,0.6181640625,0,True
D04P_NEG__F238,D04P_NEG,empty,0,0.95166015625,1,False
D04P_NEG__F239,D04P_NEG,empty,0,2.980232238769531e-07,0,True
D04P_NEG__F24,D04P_NEG,empty,0,0.0,0,True
D04P_NEG__F245,D04P_NEG,empty,0,7.599592208862305e-05,0,True
D04P_NEG__F246,D04P_NEG,multi,1,1.0,1,True
D04P_NEG__F248,D04P_NEG,empty,0,3.933906555175781e-06,0,True
D04P_NEG__F249,D04P_NEG,empty,0,0.0204925537109375,0,True
D04P_NEG__F25,D04P_NEG,empty,0,0.0,0,True
D04P_NEG__F250,D04P_NEG,multi,1,1.0,1,True
D04P_NEG__F251,D04P_NEG,multi,1,1.0,1,True
D04P_NEG__F256,D04P_NEG,single,1,0.9580078125,1,True
D04P_NEG__F258,D04P_NEG,empty,0,0.0002415180206298828,0,True
D04P_NEG__F26,D04P_NEG,empty,0,5.960464477539063e-08,0,True
D04P_NEG__F260,D04P_NEG,single,1,0.9970703125,1,True
D04P_NEG__F262,D04P_NEG,empty,0,5.960464477539063e-08,0,True
D04P_NEG__F264,D04P_NEG,empty,0,0.0,0,True
D04P_NEG__F265,D04P_NEG,single,1,1.0,1,True
D04P_NEG__F266,D04P_NEG,empty,0,7.152557373046875e-07,0,True
D04P_NEG__F269,D04P_NEG,single,1,0.96728515625,1,True
D04P_NEG__F27,D04P_NEG,single,1,0.51416015625,0,False
D04P_NEG__F272,D04P_NEG,single,1,2.7418136596679688e-06,0,False
D04P_NEG__F273,D04P_NEG,single,1,0.98974609375,1,True
D04P_NEG__F275,D04P_NEG,single,1,1.0,1,True
D04P_NEG__F276,D04P_NEG,single,1,1.0,1,True
D04P_NEG__F278,D04P_NEG,multi,1,1.0,1,True
D04P_NEG__F279,D04P_NEG,multi,1,0.99462890625,1,True
D04P_NEG__F281,D04P_NEG,single,1,1.0,1,True
D04P_NEG__F282,D04P_NEG,single,1,1.0,1,True
D04P_NEG__F285,D04P_NEG,multi,1,1.0,1,True
D04P_NEG__F287,D04P_NEG,single,1,1.0,1,True
D04P_NEG__F288,D04P_NEG,empty,0,0.14404296875,0,True
D04P_NEG__F290,D04P_NEG,empty,0,0.0,0,True
D04P_NEG__F291,D04P_NEG,single,1,1.0,1,True
D04P_NEG__F292,D04P_NEG,multi,1,1.0,1,True
D04P_NEG__F297,D04P_NEG,multi,1,0.99951171875,1,True
D04P_NEG__F299,D04P_NEG,single,1,1.0,1,True
D04P_NEG__F3,D04P_NEG,empty,0,0.01507568359375,0,True
D04P_NEG__F30,D04P_NEG,empty,0,0.0,0,True
D04P_NEG__F300,D04P_NEG,single,1,1.0,1,True
D04P_NEG__F302,D04P_NEG,empty,0,0.0,0,True
D04P_NEG__F303,D04P_NEG,multi,1,1.0,1,True
D04P_NEG__F305,D04P_NEG,single,1,1.0,1,True
D04P_NEG__F306,D04P_NEG,single,1,0.0254669189453125,0,False
D04P_NEG__F31,D04P_NEG,empty,0,1.2516975402832031e-06,0,True
D04P_NEG__F310,D04P_NEG,single,1,1.0,1,True
D04P_NEG__F311,D04P_NEG,single,1,1.0,1,True
D04P_NEG__F312,D04P_NEG,multi,1,1.0,1,True
D04P_NEG__F313,D04P_NEG,single,1,1.0,1,True
D04P_NEG__F317,D04P_NEG,multi,1,1.0,1,True
D04P_NEG__F319,D04P_NEG,single,1,1.0,1,True
D04P_NEG__F32,D04P_NEG,empty,0,0.300048828125,0,True
D04P_NEG__F321,D04P_NEG,single,1,1.0,1,True
D04P_NEG__F322,D04P_NEG,single,1,1.0,1,True
D04P_NEG__F323,D04P_NEG,empty,0,5.364418029785156e-07,0,True
D04P_NEG__F329,D04P_NEG,single,1,1.0,1,True
D04P_NEG__F330,D04P_NEG,single,1,1.0,1,True
D04P_NEG__F332,D04P_NEG,single,1,1.0,1,True
D04P_NEG__F333,D04P_NEG,single,1,1.0,1,True
D04P_NEG__F334,D04P_NEG,single,1,1.0,1,True
D04P_NEG__F335,D04P_NEG,single,1,1.0,1,True
D04P_NEG__F336,D04P_NEG,multi,1,0.9990234375,1,True
D04P_NEG__F34,D04P_NEG,empty,0,6.920099258422852e-05,0,True
D04P_NEG__F341,D04P_NEG,single,1,1.0,1,True
D04P_NEG__F342,D04P_NEG,multi,1,1.0,1,True
D04P_NEG__F347,D04P_NEG,multi,1,1.0,1,True
D04P_NEG__F349,D04P_NEG,single,1,1.0,1,True
D04P_NEG__F350,D04P_NEG,single,1,1.0,1,True
D04P_NEG__F351,D04P_NEG,multi,1,9.763240814208984e-05,0,False
D04P_NEG__F353,D04P_NEG,single,1,1.0,1,True
D04P_NEG__F354,D04P_NEG,multi,1,1.0,1,True
D04P_NEG__F355,D04P_NEG,multi,1,0.001628875732421875,0,False
D04P_NEG__F356,D04P_NEG,multi,1,0.54443359375,0,False
D04P_NEG__F357,D04P_NEG,single,1,1.0,1,True
D04P_NEG__F358,D04P_NEG,multi,1,0.99755859375,1,True
D04P_NEG__F361,D04P_NEG,multi,1,1.0,1,True
D04P_NEG__F362,D04P_NEG,multi,1,1.0,1,True
D04P_NEG__F363,D04P_NEG,multi,1,1.0,1,True
D04P_NEG__F364,D04P_NEG,multi,1,0.301513671875,0,False
D04P_NEG__F365,D04P_NEG,multi,1,1.0,1,True
D04P_NEG__F368,D04P_NEG,single,1,1.0,1,True
D04P_NEG__F370,D04P_NEG,multi,1,1.0,1,True
D04P_NEG__F375,D04P_NEG,single,1,1.0,1,True
D04P_NEG__F38,D04P_NEG,single,1,0.6044921875,0,False
D04P_NEG__F381,D04P_NEG,multi,1,1.0,1,True
D04P_NEG__F382,D04P_NEG,single,1,1.0,1,True
D04P_NEG__F384,D04P_NEG,multi,1,1.0,1,True
D04P_NEG__F389,D04P_NEG,single,1,0.99951171875,1,True
D04P_NEG__F395,D04P_NEG,single,1,1.0,1,True
D04P_NEG__F397,D04P_NEG,single,1,1.0,1,True
D04P_NEG__F4,D04P_NEG,empty,0,0.1763916015625,0,True
D04P_NEG__F40,D04P_NEG,empty,0,0.0,0,True
D04P_NEG__F403,D04P_NEG,single,1,1.0,1,True
D04P_NEG__F404,D04P_NEG,single,1,1.0,1,True
D04P_NEG__F405,D04P_NEG,single,1,1.0,1,True
D04P_NEG__F408,D04P_NEG,single,1,1.0,1,True
D04P_NEG__F409,D04P_NEG,single,1,1.0,1,True
D04P_NEG__F412,D04P_NEG,single,1,1.0,1,True
D04P_NEG__F413,D04P_NEG,single,1,1.0,1,True
D04P_NEG__F415,D04P_NEG,multi,1,0.80419921875,1,True
D04P_NEG__F416,D04P_NEG,single,1,1.0,1,True
D04P_NEG__F417,D04P_NEG,single,1,1.0,1,True
D04P_NEG__F420,D04P_NEG,single,1,1.0,1,True
D04P_NEG__F421,D04P_NEG,single,1,1.0,1,True
D04P_NEG__F422,D04P_NEG,single,1,1.0,1,True
D04P_NEG__F423,D04P_NEG,single,1,1.0,1,True
D04P_NEG__F425,D04P_NEG,multi,1,1.0,1,True
D04P_NEG__F426,D04P_NEG,single,1,1.0,1,True
D04P_NEG__F43,D04P_NEG,empty,0,0.0,0,True
D04P_NEG__F430,D04P_NEG,multi,1,1.0,1,True
D04P_NEG__F432,D04P_NEG,multi,1,1.0,1,True
D04P_NEG__F433,D04P_NEG,single,1,1.0,1,True
D04P_NEG__F434,D04P_NEG,single,1,1.0,1,True
D04P_NEG__F435,D04P_NEG,multi,1,1.0,1,True
D04P_NEG__F438,D04P_NEG,multi,1,0.99951171875,1,True
D04P_NEG__F444,D04P_NEG,multi,1,1.0,1,True
D04P_NEG__F445,D04P_NEG,multi,1,1.0,1,True
D04P_NEG__F446,D04P_NEG,multi,1,1.0,1,True
D04P_NEG__F447,D04P_NEG,multi,1,1.0,1,True
D04P_NEG__F448,D04P_NEG,multi,1,1.0,1,True
D04P_NEG__F450,D04P_NEG,multi,1,1.0,1,True
D04P_NEG__F451,D04P_NEG,single,1,1.0,1,True
D04P_NEG__F452,D04P_NEG,single,1,0.96728515625,1,True
D04P_NEG__F458,D04P_NEG,single,1,1.0,1,True
D04P_NEG__F46,D04P_NEG,single,1,4.0531158447265625e-06,0,False
D04P_NEG__F461,D04P_NEG,empty,0,0.0,0,True
D04P_NEG__F463,D04P_NEG,multi,1,1.0,1,True
D04P_NEG__F465,D04P_NEG,multi,1,0.9990234375,1,True
D04P_NEG__F466,D04P_NEG,multi,1,1.0,1,True
D04P_NEG__F47,D04P_NEG,single,1,0.99951171875,1,True
D04P_NEG__F470,D04P_NEG,single,1,1.0,1,True
D04P_NEG__F471,D04P_NEG,multi,1,1.0,1,True
D04P_NEG__F474,D04P_NEG,multi,1,1.0,1,True
D04P_NEG__F478,D04P_NEG,single,1,1.0,1,True
D04P_NEG__F480,D04P_NEG,multi,1,0.00955963134765625,0,False
D04P_NEG__F482,D04P_NEG,multi,1,1.0,1,True
D04P_NEG__F484,D04P_NEG,single,1,1.0,1,True
D04P_NEG__F486,D04P_NEG,multi,1,1.0,1,True
D04P_NEG__F487,D04P_NEG,multi,1,1.0,1,True
D04P_NEG__F488,D04P_NEG,single,1,0.99951171875,1,True
D04P_NEG__F489,D04P_NEG,single,1,1.0,1,True
D04P_NEG__F49,D04P_NEG,single,1,1.0,1,True
D04P_NEG__F491,D04P_NEG,multi,1,1.0,1,True
D04P_NEG__F494,D04P_NEG,single,1,1.0,1,True
D04P_NEG__F497,D04P_NEG,single,1,1.0,1,True
D04P_NEG__F50,D04P_NEG,single,1,1.0,1,True
D04P_NEG__F500,D04P_NEG,single,1,1.0,1,True
D04P_NEG__F501,D04P_NEG,single,1,1.0,1,True
D04P_NEG__F502,D04P_NEG,single,1,1.0,1,True
D04P_NEG__F504,D04P_NEG,multi,1,1.0,1,True
D04P_NEG__F508,D04P_NEG,multi,1,1.0,1,True
D04P_NEG__F51,D04P_NEG,single,1,1.0,1,True
D04P_NEG__F510,D04P_NEG,multi,1,1.0,1,True
D04P_NEG__F515,D04P_NEG,multi,1,1.0,1,True
D04P_NEG__F519,D04P_NEG,single,1,1.0,1,True
D04P_NEG__F520,D04P_NEG,multi,1,1.0,1,True
D04P_NEG__F521,D04P_NEG,multi,1,1.0,1,True
D04P_NEG__F522,D04P_NEG,single,1,1.0,1,True
D04P_NEG__F523,D04P_NEG,single,1,1.0,1,True
D04P_NEG__F525,D04P_NEG,multi,1,1.0,1,True
D04P_NEG__F530,D04P_NEG,single,1,1.0,1,True
D04P_NEG__F535,D04P_NEG,single,1,1.0,1,True
D04P_NEG__F536,D04P_NEG,multi,1,1.0,1,True
D04P_NEG__F539,D04P_NEG,multi,1,1.0,1,True
D04P_NEG__F540,D04P_NEG,multi,1,0.9853515625,1,True
D04P_NEG__F541,D04P_NEG,multi,1,1.0,1,True
D04P_NEG__F543,D04P_NEG,multi,1,0.99951171875,1,True
D04P_NEG__F544,D04P_NEG,multi,1,1.0,1,True
D04P_NEG__F545,D04P_NEG,multi,1,1.0,1,True
D04P_NEG__F546,D04P_NEG,multi,1,1.0,1,True
D04P_NEG__F549,D04P_NEG,multi,1,0.99951171875,1,True
D04P_NEG__F55,D04P_NEG,single,1,1.0,1,True
D04P_NEG__F551,D04P_NEG,single,1,1.0,1,True
D04P_NEG__F552,D04P_NEG,single,1,1.0,1,True
D04P_NEG__F553,D04P_NEG,single,1,1.0,1,True
D04P_NEG__F554,D04P_NEG,single,1,1.0,1,True
D04P_NEG__F555,D04P_NEG,multi,1,1.0,1,True
D04P_NEG__F556,D04P_NEG,multi,1,1.0,1,True
D04P_NEG__F557,D04P_NEG,multi,1,1.0,1,True
D04P_NEG__F56,D04P_NEG,single,1,1.0,1,True
D04P_NEG__F560,D04P_NEG,single,1,1.0,1,True
D04P_NEG__F561,D04P_NEG,single,1,1.0,1,True
D04P_NEG__F562,D04P_NEG,single,1,1.0,1,True
D04P_NEG__F563,D04P_NEG,single,1,1.0,1,True
D04P_NEG__F566,D04P_NEG,multi,1,1.0,1,True
D04P_NEG__F568,D04P_NEG,single,1,1.0,1,True
D04P_NEG__F569,D04P_NEG,single,1,1.0,1,True
D04P_NEG__F57,D04P_NEG,single,1,1.0,1,True
D04P_NEG__F570,D04P_NEG,single,1,1.0,1,True
D04P_NEG__F571,D04P_NEG,multi,1,1.0,1,True
D04P_NEG__F573,D04P_NEG,multi,1,1.0,1,True
D04P_NEG__F575,D04P_NEG,single,1,1.0,1,True
D04P_NEG__F577,D04P_NEG,multi,1,1.0,1,True
D04P_NEG__F578,D04P_NEG,single,1,1.0,1,True
D04P_NEG__F58,D04P_NEG,single,1,0.007724761962890625,0,False
D04P_NEG__F581,D04P_NEG,single,1,1.0,1,True
D04P_NEG__F6,D04P_NEG,empty,0,5.960464477539063e-08,0,True
D04P_NEG__F61,D04P_NEG,single,1,0.9990234375,1,True
D04P_NEG__F64,D04P_NEG,single,1,1.0,1,True
D04P_NEG__F67,D04P_NEG,empty,0,5.960464477539062e-07,0,True
D04P_NEG__F68,D04P_NEG,empty,0,0.0,0,True
D04P_NEG__F69,D04P_NEG,empty,0,0.0,0,True
D04P_NEG__F7,D04P_NEG,single,1,0.6552734375,0,False
D04P_NEG__F70,D04P_NEG,empty,0,0.0,0,True
D04P_NEG__F71,D04P_NEG,empty,0,0.0,0,True
D04P_NEG__F73,D04P_NEG,single,1,1.0,1,True
D04P_NEG__F74,D04P_NEG,multi,1,1.0,1,True
D04P_NEG__F75,D04P_NEG,single,1,1.0,1,True
D04P_NEG__F76,D04P_NEG,single,1,1.0,1,True
D04P_NEG__F77,D04P_NEG,single,1,1.0,1,True
D04P_NEG__F78,D04P_NEG,empty,0,0.0,0,True
D04P_NEG__F79,D04P_NEG,empty,0,0.0006537437438964844,0,True
D04P_NEG__F8,D04P_NEG,single,1,5.960464477539063e-08,0,False
D04P_NEG__F80,D04P_NEG,single,1,1.0,1,True
D04P_NEG__F82,D04P_NEG,single,1,1.0,1,True
D04P_NEG__F83,D04P_NEG,multi,1,0.333251953125,0,False
D04P_NEG__F84,D04P_NEG,single,1,1.0,1,True
D04P_NEG__F85,D04P_NEG,single,1,1.0,1,True
D04P_NEG__F87,D04P_NEG,empty,0,8.64267349243164e-06,0,True
D04P_NEG__F89,D04P_NEG,multi,1,0.953125,1,True
D04P_NEG__F90,D04P_NEG,single,1,3.7610530853271484e-05,0,False
D04P_NEG__F91,D04P_NEG,single,1,1.0,1,True
D04P_NEG__F93,D04P_NEG,empty,0,0.0,0,True
D04P_NEG__F94,D04P_NEG,single,1,1.0,1,True
D04P_NEG__F95,D04P_NEG,single,1,0.99951171875,1,True
D06P_POS__F1003,D06P_POS,multi,1,1.0,1,True
D06P_POS__F1004,D06P_POS,single,1,1.0,1,True
D06P_POS__F1006,D06P_POS,single,1,1.0,1,True
D06P_POS__F1007,D06P_POS,multi,1,1.0,1,True
D06P_POS__F1009,D06P_POS,multi,1,1.0,1,True
D06P_POS__F101,D06P_POS,empty,0,0.0,0,True
D06P_POS__F1012,D06P_POS,multi,1,1.0,1,True
D06P_POS__F1014,D06P_POS,multi,1,1.0,1,True
D06P_POS__F1015,D06P_POS,multi,1,1.0,1,True
D06P_POS__F1019,D06P_POS,multi,1,1.0,1,True
D06P_POS__F102,D06P_POS,empty,0,0.0101318359375,0,True
D06P_POS__F1020,D06P_POS,multi,1,1.0,1,True
D06P_POS__F1023,D06P_POS,multi,1,1.0,1,True
D06P_POS__F1024,D06P_POS,multi,1,1.0,1,True
D06P_POS__F1025,D06P_POS,multi,0,0.07904052734375,0,True
D06P_POS__F1027,D06P_POS,multi,1,0.99951171875,1,True
D06P_POS__F1028,D06P_POS,multi,1,1.0,1,True
D06P_POS__F1030,D06P_POS,multi,1,1.0,1,True
D06P_POS__F1031,D06P_POS,multi,1,1.0,1,True
D06P_POS__F1033,D06P_POS,single,1,1.0,1,True
D06P_POS__F1034,D06P_POS,multi,1,1.0,1,True
D06P_POS__F1036,D06P_POS,multi,1,1.0,1,True
D06P_POS__F1037,D06P_POS,multi,1,1.0,1,True
D06P_POS__F1038,D06P_POS,single,1,1.0,1,True
D06P_POS__F104,D06P_POS,multi,1,1.0,1,True
D06P_POS__F1040,D06P_POS,single,1,1.0,1,True
D06P_POS__F1044,D06P_POS,multi,1,0.99658203125,1,True
D06P_POS__F1046,D06P_POS,multi,1,1.0,1,True
D06P_POS__F1047,D06P_POS,multi,1,0.99951171875,1,True
D06P_POS__F1048,D06P_POS,multi,1,1.0,1,True
D06P_POS__F1053,D06P_POS,single,1,1.0,1,True
D06P_POS__F1056,D06P_POS,single,1,1.0,1,True
D06P_POS__F1059,D06P_POS,multi,1,0.0038852691650390625,0,False
D06P_POS__F1062,D06P_POS,multi,1,1.0,1,True
D06P_POS__F1063,D06P_POS,single,1,1.0,1,True
D06P_POS__F1064,D06P_POS,single,1,1.0,1,True
D06P_POS__F1068,D06P_POS,multi,1,1.0,1,True
D06P_POS__F1069,D06P_POS,multi,1,1.0,1,True
D06P_POS__F1071,D06P_POS,multi,1,1.0,1,True
D06P_POS__F1078,D06P_POS,multi,1,1.0,1,True
D06P_POS__F1079,D06P_POS,multi,1,1.0,1,True
D06P_POS__F108,D06P_POS,empty,0,0.0,0,True
D06P_POS__F1082,D06P_POS,multi,1,0.99658203125,1,True
D06P_POS__F1085,D06P_POS,multi,1,1.0,1,True
D06P_POS__F1088,D06P_POS,multi,1,1.0,1,True
D06P_POS__F109,D06P_POS,empty,0,0.019561767578125,0,True
D06P_POS__F1090,D06P_POS,single,1,1.0,1,True
D06P_POS__F1093,D06P_POS,multi,1,1.0,1,True
D06P_POS__F1094,D06P_POS,multi,1,1.0,1,True
D06P_POS__F1095,D06P_POS,multi,1,1.0,1,True
D06P_POS__F1097,D06P_POS,multi,1,1.0,1,True
D06P_POS__F1099,D06P_POS,multi,1,1.0,1,True
D06P_POS__F11,D06P_POS,multi,1,1.0,1,True
D06P_POS__F110,D06P_POS,multi,1,1.0,1,True
D06P_POS__F1100,D06P_POS,multi,1,1.0,1,True
D06P_POS__F1102,D06P_POS,multi,1,1.0,1,True
D06P_POS__F1104,D06P_POS,multi,1,1.0,1,True
D06P_POS__F1106,D06P_POS,multi,1,1.0,1,True
D06P_POS__F111,D06P_POS,empty,0,0.0,0,True
D06P_POS__F1110,D06P_POS,multi,1,1.0,1,True
D06P_POS__F1113,D06P_POS,multi,1,0.9990234375,1,True
D06P_POS__F1114,D06P_POS,multi,1,1.0,1,True
D06P_POS__F1117,D06P_POS,single,1,1.0,1,True
D06P_POS__F1119,D06P_POS,multi,1,1.0,1,True
D06P_POS__F1120,D06P_POS,multi,1,0.98779296875,1,True
D06P_POS__F1122,D06P_POS,multi,1,1.0,1,True
D06P_POS__F1126,D06P_POS,multi,1,1.0,1,True
D06P_POS__F1135,D06P_POS,multi,1,1.0,1,True
D06P_POS__F1139,D06P_POS,multi,1,1.0,1,True
D06P_POS__F1140,D06P_POS,multi,1,1.0,1,True
D06P_POS__F1141,D06P_POS,multi,1,0.685546875,0,False
D06P_POS__F1142,D06P_POS,multi,1,1.0,1,True
D06P_POS__F1145,D06P_POS,multi,1,1.0,1,True
D06P_POS__F1146,D06P_POS,multi,1,0.0018749237060546875,0,False
D06P_POS__F1147,D06P_POS,multi,1,0.74658203125,1,True
D06P_POS__F1148,D06P_POS,multi,1,1.0,1,True
D06P_POS__F1149,D06P_POS,multi,1,1.0,1,True
D06P_POS__F115,D06P_POS,single,1,1.0,1,True
D06P_POS__F1150,D06P_POS,multi,1,1.0,1,True
D06P_POS__F1151,D06P_POS,single,1,1.0,1,True
D06P_POS__F1152,D06P_POS,multi,1,1.0,1,True
D06P_POS__F1153,D06P_POS,single,1,1.0,1,True
D06P_POS__F1156,D06P_POS,multi,1,1.0,1,True
D06P_POS__F1157,D06P_POS,multi,1,1.0,1,True
D06P_POS__F1158,D06P_POS,multi,1,1.0,1,True
D06P_POS__F1159,D06P_POS,multi,1,1.0,1,True
D06P_POS__F1160,D06P_POS,multi,1,1.0,1,True
D06P_POS__F1168,D06P_POS,multi,1,0.9541015625,1,True
D06P_POS__F1170,D06P_POS,multi,1,1.0,1,True
D06P_POS__F1174,D06P_POS,multi,1,1.0,1,True
D06P_POS__F1178,D06P_POS,multi,1,1.0,1,True
D06P_POS__F1179,D06P_POS,multi,1,1.0,1,True
D06P_POS__F1180,D06P_POS,multi,1,1.0,1,True
D06P_POS__F1181,D06P_POS,multi,1,1.0,1,True
D06P_POS__F1182,D06P_POS,multi,1,1.0,1,True
D06P_POS__F1184,D06P_POS,multi,1,1.0,1,True
D06P_POS__F1185,D06P_POS,multi,1,0.0197906494140625,0,False
D06P_POS__F1186,D06P_POS,multi,1,1.0,1,True
D06P_POS__F1190,D06P_POS,multi,1,1.0,1,True
D06P_POS__F1191,D06P_POS,multi,1,1.0,1,True
D06P_POS__F12,D06P_POS,multi,1,1.0,1,True
D06P_POS__F126,D06P_POS,multi,1,1.0,1,True
D06P_POS__F129,D06P_POS,empty,0,0.0241851806640625,0,True
D06P_POS__F13,D06P_POS,multi,1,1.0,1,True
D06P_POS__F130,D06P_POS,empty,0,1.0,1,False
D06P_POS__F132,D06P_POS,empty,0,0.0,0,True
D06P_POS__F134,D06P_POS,empty,0,0.99365234375,1,False
D06P_POS__F139,D06P_POS,single,1,1.0,1,True
D06P_POS__F141,D06P_POS,single,1,1.0,1,True
D06P_POS__F145,D06P_POS,multi,1,0.232666015625,0,False
D06P_POS__F153,D06P_POS,multi,1,1.0,1,True
D06P_POS__F156,D06P_POS,multi,1,1.0,1,True
D06P_POS__F16,D06P_POS,multi,1,1.0,1,True
D06P_POS__F166,D06P_POS,multi,1,1.0,1,True
D06P_POS__F17,D06P_POS,multi,1,1.0,1,True
D06P_POS__F170,D06P_POS,multi,1,0.0001780986785888672,0,False
D06P_POS__F173,D06P_POS,multi,1,1.0,1,True
D06P_POS__F174,D06P_POS,single,1,0.9990234375,1,True
D06P_POS__F175,D06P_POS,multi,0,0.98681640625,1,False
D06P_POS__F178,D06P_POS,single,1,1.0,1,True
D06P_POS__F179,D06P_POS,multi,1,1.0,1,True
D06P_POS__F181,D06P_POS,multi,1,1.0,1,True
D06P_POS__F182,D06P_POS,multi,1,1.0,1,True
D06P_POS__F184,D06P_POS,single,1,0.9990234375,1,True
D06P_POS__F189,D06P_POS,multi,1,0.9892578125,1,True
D06P_POS__F191,D06P_POS,single,1,1.0,1,True
D06P_POS__F192,D06P_POS,single,1,1.0,1,True
D06P_POS__F193,D06P_POS,multi,1,1.0,1,True
D06P_POS__F195,D06P_POS,single,1,1.0,1,True
D06P_POS__F196,D06P_POS,single,1,0.9990234375,1,True
D06P_POS__F197,D06P_POS,empty,0,0.305419921875,0,True
D06P_POS__F20,D06P_POS,single,1,1.0,1,True
D06P_POS__F200,D06P_POS,single,1,1.0,1,True
D06P_POS__F208,D06P_POS,empty,0,5.364418029785156e-07,0,True
D06P_POS__F211,D06P_POS,single,1,1.0,1,True
D06P_POS__F214,D06P_POS,single,1,8.165836334228516e-06,0,False
D06P_POS__F216,D06P_POS,single,1,1.0,1,True
D06P_POS__F221,D06P_POS,multi,1,1.0,1,True
D06P_POS__F222,D06P_POS,multi,1,1.0,1,True
D06P_POS__F223,D06P_POS,single,1,1.0,1,True
D06P_POS__F224,D06P_POS,multi,1,1.0,1,True
D06P_POS__F225,D06P_POS,single,1,1.0,1,True
D06P_POS__F229,D06P_POS,multi,1,1.0,1,True
D06P_POS__F230,D06P_POS,multi,1,1.0,1,True
D06P_POS__F234,D06P_POS,multi,1,0.998046875,1,True
D06P_POS__F235,D06P_POS,empty,0,0.0,0,True
D06P_POS__F236,D06P_POS,empty,0,0.0,0,True
D06P_POS__F240,D06P_POS,multi,1,1.0,1,True
D06P_POS__F246,D06P_POS,empty,0,0.0,0,True
D06P_POS__F251,D06P_POS,multi,1,0.396240234375,0,False
D06P_POS__F252,D06P_POS,single,1,0.01953125,0,False
D06P_POS__F254,D06P_POS,empty,0,5.739927291870117e-05,0,True
D06P_POS__F255,D06P_POS,empty,0,0.0,0,True
D06P_POS__F258,D06P_POS,single,1,0.0004820823669433594,0,False
D06P_POS__F261,D06P_POS,single,1,1.0,1,True
D06P_POS__F264,D06P_POS,single,1,0.0008106231689453125,0,False
D06P_POS__F266,D06P_POS,single,1,1.0,1,True
D06P_POS__F271,D06P_POS,empty,0,2.384185791015625e-07,0,True
D06P_POS__F274,D06P_POS,multi,1,1.0,1,True
D06P_POS__F275,D06P_POS,single,1,1.0,1,True
D06P_POS__F278,D06P_POS,single,1,1.0,1,True
D06P_POS__F282,D06P_POS,multi,1,1.0,1,True
D06P_POS__F283,D06P_POS,single,1,1.0,1,True
D06P_POS__F284,D06P_POS,multi,1,1.0,1,True
D06P_POS__F286,D06P_POS,multi,1,1.0,1,True
D06P_POS__F290,D06P_POS,single,1,1.0,1,True
D06P_POS__F292,D06P_POS,multi,1,1.0,1,True
D06P_POS__F293,D06P_POS,multi,1,1.0,1,True
D06P_POS__F295,D06P_POS,multi,1,1.0,1,True
D06P_POS__F297,D06P_POS,multi,1,1.0,1,True
D06P_POS__F300,D06P_POS,multi,1,1.0,1,True
D06P_POS__F301,D06P_POS,multi,0,0.1312255859375,0,True
D06P_POS__F302,D06P_POS,multi,1,1.0,1,True
D06P_POS__F305,D06P_POS,multi,0,0.0255126953125,0,True
D06P_POS__F307,D06P_POS,multi,1,1.0,1,True
D06P_POS__F308,D06P_POS,single,1,1.0,1,True
D06P_POS__F312,D06P_POS,single,1,1.0,1,True
D06P_POS__F313,D06P_POS,multi,1,1.0,1,True
D06P_POS__F317,D06P_POS,multi,1,1.0,1,True
D06P_POS__F324,D06P_POS,multi,1,1.0,1,True
D06P_POS__F327,D06P_POS,multi,1,1.0,1,True
D06P_POS__F328,D06P_POS,single,1,1.0,1,True
D06P_POS__F329,D06P_POS,single,1,1.0,1,True
D06P_POS__F33,D06P_POS,single,1,1.0,1,True
D06P_POS__F330,D06P_POS,multi,1,1.0,1,True
D06P_POS__F332,D06P_POS,multi,1,1.0,1,True
D06P_POS__F333,D06P_POS,multi,1,1.0,1,True
D06P_POS__F335,D06P_POS,single,1,1.0,1,True
D06P_POS__F336,D06P_POS,empty,0,0.0,0,True
D06P_POS__F337,D06P_POS,empty,0,0.0129241943359375,0,True
D06P_POS__F339,D06P_POS,single,1,1.0,1,True
D06P_POS__F34,D06P_POS,single,1,1.0,1,True
D06P_POS__F340,D06P_POS,single,1,1.0,1,True
D06P_POS__F343,D06P_POS,multi,1,1.0,1,True
D06P_POS__F347,D06P_POS,multi,1,0.9990234375,1,True
D06P_POS__F348,D06P_POS,single,1,0.438720703125,0,False
D06P_POS__F351,D06P_POS,empty,0,1.7881393432617188e-07,0,True
D06P_POS__F352,D06P_POS,single,1,1.0,1,True
D06P_POS__F353,D06P_POS,single,1,0.92578125,1,True
D06P_POS__F354,D06P_POS,empty,0,9.5367431640625e-07,0,True
D06P_POS__F355,D06P_POS,single,1,1.0,1,True
D06P_POS__F358,D06P_POS,multi,0,0.0,0,True
D06P_POS__F36,D06P_POS,empty,0,0.0,0,True
D06P_POS__F361,D06P_POS,multi,1,1.0,1,True
D06P_POS__F362,D06P_POS,empty,0,0.0023784637451171875,0,True
D06P_POS__F363,D06P_POS,empty,0,3.9458274841308594e-05,0,True
D06P_POS__F365,D06P_POS,multi,1,1.0,1,True
D06P_POS__F366,D06P_POS,single,1,1.0,1,True
D06P_POS__F368,D06P_POS,multi,1,1.0,1,True
D06P_POS__F370,D06P_POS,single,1,1.0,1,True
D06P_POS__F371,D06P_POS,empty,0,0.00948333740234375,0,True
D06P_POS__F372,D06P_POS,empty,0,0.058013916015625,0,True
D06P_POS__F374,D06P_POS,multi,1,1.0,1,True
D06P_POS__F377,D06P_POS,single,1,1.0,1,True
D06P_POS__F382,D06P_POS,single,1,1.0,1,True
D06P_POS__F383,D06P_POS,single,1,1.0,1,True
D06P_POS__F387,D06P_POS,single,1,1.0,1,True
D06P_POS__F389,D06P_POS,single,0,0.4072265625,0,True
D06P_POS__F390,D06P_POS,single,1,1.0,1,True
D06P_POS__F394,D06P_POS,multi,1,0.9775390625,1,True
D06P_POS__F395,D06P_POS,multi,1,1.0,1,True
D06P_POS__F397,D06P_POS,single,0,5.960464477539062e-07,0,True
D06P_POS__F399,D06P_POS,single,1,1.0,1,True
D06P_POS__F4,D06P_POS,multi,1,1.0,1,True
D06P_POS__F405,D06P_POS,single,1,1.0,1,True
D06P_POS__F406,D06P_POS,single,1,1.0,1,True
D06P_POS__F413,D06P_POS,single,1,1.0,1,True
D06P_POS__F415,D06P_POS,multi,1,1.0,1,True
D06P_POS__F416,D06P_POS,single,1,1.0,1,True
D06P_POS__F42,D06P_POS,multi,1,0.986328125,1,True
D06P_POS__F420,D06P_POS,single,1,1.0,1,True
D06P_POS__F421,D06P_POS,multi,1,1.0,1,True
D06P_POS__F422,D06P_POS,multi,1,1.0,1,True
D06P_POS__F423,D06P_POS,single,1,1.0,1,True
D06P_POS__F426,D06P_POS,single,1,1.0,1,True
D06P_POS__F431,D06P_POS,multi,1,1.0,1,True
D06P_POS__F433,D06P_POS,single,1,1.0,1,True
D06P_POS__F434,D06P_POS,multi,1,0.036285400390625,0,False
D06P_POS__F435,D06P_POS,multi,1,1.0,1,True
D06P_POS__F438,D06P_POS,multi,1,1.0,1,True
D06P_POS__F439,D06P_POS,single,1,1.0,1,True
D06P_POS__F44,D06P_POS,single,1,1.0,1,True
D06P_POS__F440,D06P_POS,multi,1,1.0,1,True
D06P_POS__F443,D06P_POS,single,1,1.0,1,True
D06P_POS__F445,D06P_POS,multi,1,1.0,1,True
D06P_POS__F447,D06P_POS,empty,0,0.0,0,True
D06P_POS__F448,D06P_POS,single,1,1.0,1,True
D06P_POS__F45,D06P_POS,single,1,1.0,1,True
D06P_POS__F450,D06P_POS,single,1,1.0,1,True
D06P_POS__F451,D06P_POS,single,0,6.079673767089844e-06,0,True
D06P_POS__F458,D06P_POS,single,0,0.0021648406982421875,0,True
D06P_POS__F46,D06P_POS,single,1,0.74169921875,1,True
D06P_POS__F461,D06P_POS,single,1,1.0,1,True
D06P_POS__F462,D06P_POS,multi,1,1.0,1,True
D06P_POS__F463,D06P_POS,single,1,1.0,1,True
D06P_POS__F465,D06P_POS,single,1,1.0,1,True
D06P_POS__F469,D06P_POS,single,1,1.0,1,True
D06P_POS__F470,D06P_POS,single,1,1.0,1,True
D06P_POS__F471,D06P_POS,multi,1,1.0,1,True
D06P_POS__F472,D06P_POS,single,1,1.0,1,True
D06P_POS__F473,D06P_POS,single,1,1.0,1,True
D06P_POS__F476,D06P_POS,multi,1,1.0,1,True
D06P_POS__F479,D06P_POS,multi,1,1.0,1,True
D06P_POS__F48,D06P_POS,empty,0,2.4318695068359375e-05,0,True
D06P_POS__F480,D06P_POS,multi,1,1.0,1,True
D06P_POS__F484,D06P_POS,single,1,1.0,1,True
D06P_POS__F488,D06P_POS,single,1,1.0,1,True
D06P_POS__F489,D06P_POS,single,1,1.0,1,True
D06P_POS__F49,D06P_POS,single,1,1.0,1,True
D06P_POS__F491,D06P_POS,single,1,1.0,1,True
D06P_POS__F492,D06P_POS,single,1,0.99951171875,1,True
D06P_POS__F494,D06P_POS,single,1,1.0,1,True
D06P_POS__F496,D06P_POS,single,1,1.0,1,True
D06P_POS__F497,D06P_POS,multi,1,1.0,1,True
D06P_POS__F5,D06P_POS,empty,0,0.986328125,1,False
D06P_POS__F502,D06P_POS,single,1,1.0,1,True
D06P_POS__F504,D06P_POS,single,1,1.0,1,True
D06P_POS__F506,D06P_POS,single,1,1.0,1,True
D06P_POS__F51,D06P_POS,single,1,0.99853515625,1,True
D06P_POS__F510,D06P_POS,single,1,1.0,1,True
D06P_POS__F512,D06P_POS,single,1,1.0,1,True
D06P_POS__F514,D06P_POS,single,1,0.00010722875595092773,0,False
D06P_POS__F515,D06P_POS,single,1,1.0,1,True
D06P_POS__F52,D06P_POS,empty,0,0.1353759765625,0,True
D06P_POS__F520,D06P_POS,multi,1,1.0,1,True
D06P_POS__F523,D06P_POS,multi,1,1.0,1,True
D06P_POS__F529,D06P_POS,single,1,1.0,1,True
D06P_POS__F53,D06P_POS,empty,0,0.0,0,True
D06P_POS__F530,D06P_POS,single,1,1.0,1,True
D06P_POS__F531,D06P_POS,multi,1,1.0,1,True
D06P_POS__F532,D06P_POS,multi,1,1.0,1,True
D06P_POS__F533,D06P_POS,multi,1,1.0,1,True
D06P_POS__F534,D06P_POS,multi,1,1.0,1,True
D06P_POS__F535,D06P_POS,single,1,1.0,1,True
D06P_POS__F536,D06P_POS,single,1,0.98876953125,1,True
D06P_POS__F54,D06P_POS,empty,0,0.0,0,True
D06P_POS__F542,D06P_POS,single,1,1.0,1,True
D06P_POS__F545,D06P_POS,multi,1,0.97998046875,1,True
D06P_POS__F546,D06P_POS,multi,1,1.0,1,True
D06P_POS__F547,D06P_POS,single,1,1.0,1,True
D06P_POS__F548,D06P_POS,single,1,1.0,1,True
D06P_POS__F549,D06P_POS,multi,1,1.0,1,True
D06P_POS__F55,D06P_POS,empty,0,0.0,0,True
D06P_POS__F550,D06P_POS,single,1,1.0,1,True
D06P_POS__F552,D06P_POS,single,1,1.0,1,True
D06P_POS__F553,D06P_POS,single,1,1.0,1,True
D06P_POS__F554,D06P_POS,multi,1,1.0,1,True
D06P_POS__F555,D06P_POS,single,1,1.0,1,True
D06P_POS__F556,D06P_POS,multi,1,1.0,1,True
D06P_POS__F558,D06P_POS,multi,1,0.9716796875,1,True
D06P_POS__F559,D06P_POS,multi,1,1.0,1,True
D06P_POS__F56,D06P_POS,single,1,0.9892578125,1,True
D06P_POS__F560,D06P_POS,multi,1,1.0,1,True
D06P_POS__F568,D06P_POS,single,1,0.99951171875,1,True
D06P_POS__F569,D06P_POS,single,1,1.0,1,True
D06P_POS__F572,D06P_POS,single,1,1.0,1,True
D06P_POS__F579,D06P_POS,multi,1,1.0,1,True
D06P_POS__F58,D06P_POS,empty,0,0.0,0,True
D06P_POS__F59,D06P_POS,empty,0,0.0,0,True
D06P_POS__F591,D06P_POS,single,1,1.0,1,True
D06P_POS__F592,D06P_POS,multi,1,0.99951171875,1,True
D06P_POS__F6,D06P_POS,empty,0,0.0,0,True
D06P_POS__F60,D06P_POS,single,1,1.0,1,True
D06P_POS__F603,D06P_POS,multi,1,1.0,1,True
D06P_POS__F604,D06P_POS,multi,1,1.0,1,True
D06P_POS__F605,D06P_POS,multi,1,1.0,1,True
D06P_POS__F606,D06P_POS,multi,1,1.0,1,True
D06P_POS__F607,D06P_POS,multi,1,1.0,1,True
D06P_POS__F61,D06P_POS,empty,0,0.0,0,True
D06P_POS__F610,D06P_POS,single,1,1.0,1,True
D06P_POS__F614,D06P_POS,multi,1,1.0,1,True
D06P_POS__F615,D06P_POS,multi,1,1.0,1,True
D06P_POS__F616,D06P_POS,multi,1,1.0,1,True
D06P_POS__F621,D06P_POS,multi,1,1.0,1,True
D06P_POS__F622,D06P_POS,multi,1,1.0,1,True
D06P_POS__F625,D06P_POS,multi,1,0.0014667510986328125,0,False
D06P_POS__F629,D06P_POS,multi,1,1.0,1,True
D06P_POS__F630,D06P_POS,multi,1,1.0,1,True
D06P_POS__F634,D06P_POS,multi,1,0.998046875,1,True
D06P_POS__F637,D06P_POS,single,1,1.0,1,True
D06P_POS__F64,D06P_POS,empty,0,0.0012598037719726562,0,True
D06P_POS__F640,D06P_POS,multi,1,1.0,1,True
D06P_POS__F641,D06P_POS,multi,1,0.9990234375,1,True
D06P_POS__F644,D06P_POS,single,1,1.0,1,True
D06P_POS__F645,D06P_POS,multi,1,0.0472412109375,0,False
D06P_POS__F653,D06P_POS,multi,1,1.0,1,True
D06P_POS__F654,D06P_POS,multi,1,1.0,1,True
D06P_POS__F656,D06P_POS,multi,1,1.0,1,True
D06P_POS__F658,D06P_POS,multi,1,1.0,1,True
D06P_POS__F663,D06P_POS,multi,1,0.98486328125,1,True
D06P_POS__F667,D06P_POS,multi,1,1.0,1,True
D06P_POS__F668,D06P_POS,single,1,0.99951171875,1,True
D06P_POS__F669,D06P_POS,multi,1,0.99853515625,1,True
D06P_POS__F67,D06P_POS,empty,0,0.0,0,True
D06P_POS__F672,D06P_POS,multi,1,0.99755859375,1,True
D06P_POS__F674,D06P_POS,single,1,1.0,1,True
D06P_POS__F675,D06P_POS,multi,1,1.0,1,True
D06P_POS__F679,D06P_POS,multi,1,1.0,1,True
D06P_POS__F68,D06P_POS,empty,0,5.900859832763672e-06,0,True
D06P_POS__F683,D06P_POS,single,1,1.0,1,True
D06P_POS__F685,D06P_POS,multi,1,1.0,1,True
D06P_POS__F686,D06P_POS,multi,1,0.9970703125,1,True
D06P_POS__F689,D06P_POS,multi,1,1.0,1,True
D06P_POS__F69,D06P_POS,single,1,0.6708984375,0,False
D06P_POS__F691,D06P_POS,single,1,0.99951171875,1,True
D06P_POS__F692,D06P_POS,single,1,1.0,1,True
D06P_POS__F694,D06P_POS,multi,1,0.99169921875,1,True
D06P_POS__F695,D06P_POS,multi,1,0.99951171875,1,True
D06P_POS__F696,D06P_POS,multi,1,1.0,1,True
D06P_POS__F7,D06P_POS,multi,1,1.0,1,True
D06P_POS__F70,D06P_POS,empty,0,1.1920928955078125e-07,0,True
D06P_POS__F706,D06P_POS,multi,1,1.0,1,True
D06P_POS__F708,D06P_POS,multi,1,0.0012493133544921875,0,False
D06P_POS__F71,D06P_POS,single,1,1.0,1,True
D06P_POS__F712,D06P_POS,multi,1,1.0,1,True
D06P_POS__F715,D06P_POS,multi,1,1.0,1,True
D06P_POS__F716,D06P_POS,multi,1,1.0,1,True
D06P_POS__F717,D06P_POS,multi,1,1.0,1,True
D06P_POS__F718,D06P_POS,multi,1,1.0,1,True
D06P_POS__F719,D06P_POS,multi,1,1.0,1,True
D06P_POS__F72,D06P_POS,single,1,0.9814453125,1,True
D06P_POS__F721,D06P_POS,multi,1,1.0,1,True
D06P_POS__F722,D06P_POS,multi,1,1.0,1,True
D06P_POS__F727,D06P_POS,single,1,1.0,1,True
D06P_POS__F73,D06P_POS,single,1,1.0,1,True
D06P_POS__F731,D06P_POS,multi,1,0.99609375,1,True
D06P_POS__F733,D06P_POS,single,1,1.0,1,True
D06P_POS__F736,D06P_POS,single,1,1.0,1,True
D06P_POS__F738,D06P_POS,single,1,1.0,1,True
D06P_POS__F739,D06P_POS,single,1,1.0,1,True
D06P_POS__F74,D06P_POS,empty,0,0.0,0,True
D06P_POS__F740,D06P_POS,multi,1,0.994140625,1,True
D06P_POS__F742,D06P_POS,multi,1,1.0,1,True
D06P_POS__F744,D06P_POS,multi,1,0.99951171875,1,True
D06P_POS__F745,D06P_POS,multi,1,1.0,1,True
D06P_POS__F747,D06P_POS,multi,1,1.0,1,True
D06P_POS__F75,D06P_POS,empty,0,0.0,0,True
D06P_POS__F750,D06P_POS,multi,1,1.0,1,True
D06P_POS__F753,D06P_POS,multi,1,1.0,1,True
D06P_POS__F757,D06P_POS,single,1,1.0,1,True
D06P_POS__F758,D06P_POS,multi,1,1.0,1,True
D06P_POS__F762,D06P_POS,multi,1,0.99609375,1,True
D06P_POS__F766,D06P_POS,multi,1,1.0,1,True
D06P_POS__F769,D06P_POS,multi,1,1.0,1,True
D06P_POS__F773,D06P_POS,multi,1,1.0,1,True
D06P_POS__F775,D06P_POS,multi,1,1.0,1,True
D06P_POS__F778,D06P_POS,multi,1,1.0,1,True
D06P_POS__F779,D06P_POS,multi,1,1.0,1,True
D06P_POS__F78,D06P_POS,single,1,1.0,1,True
D06P_POS__F783,D06P_POS,multi,1,1.0,1,True
D06P_POS__F788,D06P_POS,multi,1,0.99951171875,1,True
D06P_POS__F790,D06P_POS,multi,1,1.0,1,True
D06P_POS__F794,D06P_POS,multi,1,1.0,1,True
D06P_POS__F798,D06P_POS,multi,1,1.0,1,True
D06P_POS__F799,D06P_POS,empty,0,0.0005421638488769531,0,True
D06P_POS__F8,D06P_POS,empty,0,0.0,0,True
D06P_POS__F801,D06P_POS,multi,1,1.0,1,True
D06P_POS__F802,D06P_POS,multi,1,0.57568359375,0,False
D06P_POS__F803,D06P_POS,single,1,1.0,1,True
D06P_POS__F804,D06P_POS,single,1,1.0,1,True
D06P_POS__F807,D06P_POS,multi,1,1.0,1,True
D06P_POS__F808,D06P_POS,single,1,1.0,1,True
D06P_POS__F811,D06P_POS,multi,1,1.0,1,True
D06P_POS__F814,D06P_POS,single,1,1.0,1,True
D06P_POS__F817,D06P_POS,single,1,1.0,1,True
D06P_POS__F818,D06P_POS,single,1,1.0,1,True
D06P_POS__F819,D06P_POS,multi,1,1.0,1,True
D06P_POS__F820,D06P_POS,multi,1,0.6904296875,0,False
D06P_POS__F823,D06P_POS,multi,1,1.0,1,True
D06P_POS__F826,D06P_POS,multi,1,1.0,1,True
D06P_POS__F827,D06P_POS,multi,1,1.0,1,True
D06P_POS__F828,D06P_POS,multi,1,1.0,1,True
D06P_POS__F83,D06P_POS,empty,0,0.0,0,True
D06P_POS__F830,D06P_POS,single,1,1.0,1,True
D06P_POS__F833,D06P_POS,multi,1,1.0,1,True
D06P_POS__F834,D06P_POS,multi,1,1.0,1,True
D06P_POS__F837,D06P_POS,multi,1,1.0,1,True
D06P_POS__F839,D06P_POS,multi,1,1.0,1,True
D06P_POS__F84,D06P_POS,empty,0,0.1334228515625,0,True
D06P_POS__F843,D06P_POS,multi,1,1.0,1,True
D06P_POS__F844,D06P_POS,multi,1,1.0,1,True
D06P_POS__F846,D06P_POS,multi,1,1.0,1,True
D06P_POS__F847,D06P_POS,single,1,1.0,1,True
D06P_POS__F848,D06P_POS,single,1,1.0,1,True
D06P_POS__F852,D06P_POS,multi,1,1.0,1,True
D06P_POS__F856,D06P_POS,single,1,1.0,1,True
D06P_POS__F859,D06P_POS,single,1,1.0,1,True
D06P_POS__F860,D06P_POS,single,1,1.0,1,True
D06P_POS__F862,D06P_POS,multi,1,1.0,1,True
D06P_POS__F865,D06P_POS,single,1,1.0,1,True
D06P_POS__F867,D06P_POS,multi,1,0.0203399658203125,0,False
D06P_POS__F868,D06P_POS,multi,1,1.0,1,True
D06P_POS__F869,D06P_POS,single,1,1.0,1,True
D06P_POS__F870,D06P_POS,multi,1,1.0,1,True
D06P_POS__F876,D06P_POS,multi,1,0.83203125,1,True
D06P_POS__F877,D06P_POS,multi,1,1.0,1,True
D06P_POS__F878,D06P_POS,multi,1,1.0,1,True
D06P_POS__F880,D06P_POS,multi,1,1.0,1,True
D06P_POS__F881,D06P_POS,multi,1,1.0,1,True
D06P_POS__F883,D06P_POS,multi,1,1.0,1,True
D06P_POS__F886,D06P_POS,single,1,1.0,1,True
D06P_POS__F887,D06P_POS,multi,1,1.0,1,True
D06P_POS__F888,D06P_POS,multi,1,1.0,1,True
D06P_POS__F89,D06P_POS,empty,0,5.960464477539063e-08,0,True
D06P_POS__F890,D06P_POS,single,1,1.0,1,True
D06P_POS__F891,D06P_POS,multi,1,1.0,1,True
D06P_POS__F893,D06P_POS,multi,1,1.0,1,True
D06P_POS__F894,D06P_POS,multi,1,1.0,1,True
D06P_POS__F895,D06P_POS,single,1,1.0,1,True
D06P_POS__F896,D06P_POS,single,1,1.0,1,True
D06P_POS__F901,D06P_POS,single,1,1.0,1,True
D06P_POS__F905,D06P_POS,single,1,1.0,1,True
D06P_POS__F908,D06P_POS,multi,1,1.0,1,True
D06P_POS__F91,D06P_POS,multi,1,1.0,1,True
D06P_POS__F910,D06P_POS,multi,1,1.0,1,True
D06P_POS__F911,D06P_POS,multi,1,1.0,1,True
D06P_POS__F913,D06P_POS,single,1,1.0,1,True
D06P_POS__F915,D06P_POS,multi,1,1.0,1,True
D06P_POS__F916,D06P_POS,single,1,1.0,1,True
D06P_POS__F918,D06P_POS,multi,1,1.0,1,True
D06P_POS__F919,D06P_POS,single,1,1.0,1,True
D06P_POS__F922,D06P_POS,multi,1,1.0,1,True
D06P_POS__F925,D06P_POS,multi,1,0.0101318359375,0,False
D06P_POS__F926,D06P_POS,multi,1,0.97900390625,1,True
D06P_POS__F927,D06P_POS,multi,1,1.0,1,True
D06P_POS__F928,D06P_POS,multi,1,0.0299835205078125,0,False
D06P_POS__F933,D06P_POS,multi,1,1.0,1,True
D06P_POS__F935,D06P_POS,multi,1,1.0,1,True
D06P_POS__F936,D06P_POS,single,1,1.0,1,True
D06P_POS__F937,D06P_POS,multi,1,1.0,1,True
D06P_POS__F938,D06P_POS,multi,1,1.0,1,True
D06P_POS__F940,D06P_POS,single,1,1.0,1,True
D06P_POS__F941,D06P_POS,multi,1,1.0,1,True
D06P_POS__F942,D06P_POS,multi,1,1.0,1,True
D06P_POS__F946,D06P_POS,multi,1,1.0,1,True
D06P_POS__F947,D06P_POS,multi,1,1.0,1,True
D06P_POS__F949,D06P_POS,multi,1,0.9990234375,1,True
D06P_POS__F95,D06P_POS,single,1,1.0,1,True
D06P_POS__F954,D06P_POS,multi,1,1.0,1,True
D06P_POS__F957,D06P_POS,multi,1,1.0,1,True
D06P_POS__F959,D06P_POS,multi,1,1.0,1,True
D06P_POS__F960,D06P_POS,multi,1,1.0,1,True
D06P_POS__F962,D06P_POS,multi,1,1.0,1,True
D06P_POS__F965,D06P_POS,multi,1,1.0,1,True
D06P_POS__F970,D06P_POS,single,1,1.0,1,True
D06P_POS__F974,D06P_POS,multi,1,0.9990234375,1,True
D06P_POS__F980,D06P_POS,multi,1,1.0,1,True
D06P_POS__F985,D06P_POS,single,1,1.0,1,True
D06P_POS__F986,D06P_POS,single,1,1.0,1,True
D06P_POS__F987,D06P_POS,single,1,1.0,1,True
D06P_POS__F988,D06P_POS,single,1,1.0,1,True
D06P_POS__F989,D06P_POS,multi,1,0.2763671875,0,False
D06P_POS__F992,D06P_POS,multi,1,1.0,1,True
D06P_POS__F993,D06P_POS,multi,1,0.99853515625,1,True
D06P_POS__F994,D06P_POS,multi,1,1.0,1,True
D06P_POS__F997,D06P_POS,multi,1,0.99951171875,1,True
D06P_POS__F999,D06P_POS,multi,1,1.0,1,True
NIST_Full scan_2_NEG__F100,NIST_Full scan_2_NEG,multi,1,1.0,1,True
NIST_Full scan_2_NEG__F1005,NIST_Full scan_2_NEG,empty,0,7.748603820800781e-07,0,True
NIST_Full scan_2_NEG__F1011,NIST_Full scan_2_NEG,single,1,1.0,1,True
NIST_Full scan_2_NEG__F1018,NIST_Full scan_2_NEG,single,1,1.0,1,True
NIST_Full scan_2_NEG__F1019,NIST_Full scan_2_NEG,single,1,0.99609375,1,True
NIST_Full scan_2_NEG__F1026,NIST_Full scan_2_NEG,single,1,0.9990234375,1,True
NIST_Full scan_2_NEG__F1034,NIST_Full scan_2_NEG,single,1,1.0,1,True
NIST_Full scan_2_NEG__F1035,NIST_Full scan_2_NEG,single,1,1.0,1,True
NIST_Full scan_2_NEG__F1038,NIST_Full scan_2_NEG,single,1,1.0,1,True
NIST_Full scan_2_NEG__F1042,NIST_Full scan_2_NEG,single,1,1.0,1,True
NIST_Full scan_2_NEG__F1045,NIST_Full scan_2_NEG,single,1,1.0,1,True
NIST_Full scan_2_NEG__F1048,NIST_Full scan_2_NEG,single,1,0.363037109375,0,False
NIST_Full scan_2_NEG__F1051,NIST_Full scan_2_NEG,empty,0,0.0,0,True
NIST_Full scan_2_NEG__F1055,NIST_Full scan_2_NEG,single,1,1.0,1,True
NIST_Full scan_2_NEG__F1058,NIST_Full scan_2_NEG,single,1,0.81494140625,1,True
NIST_Full scan_2_NEG__F1062,NIST_Full scan_2_NEG,single,1,1.0,1,True
NIST_Full scan_2_NEG__F1072,NIST_Full scan_2_NEG,single,1,0.11614990234375,0,False
NIST_Full scan_2_NEG__F1084,NIST_Full scan_2_NEG,empty,0,0.0,0,True
NIST_Full scan_2_NEG__F1085,NIST_Full scan_2_NEG,empty,0,0.00025916099548339844,0,True
NIST_Full scan_2_NEG__F1086,NIST_Full scan_2_NEG,multi,1,0.59912109375,0,False
NIST_Full scan_2_NEG__F1090,NIST_Full scan_2_NEG,multi,1,1.0,1,True
NIST_Full scan_2_NEG__F1095,NIST_Full scan_2_NEG,multi,1,0.00787353515625,0,False
NIST_Full scan_2_NEG__F1101,NIST_Full scan_2_NEG,empty,0,0.0,0,True
NIST_Full scan_2_NEG__F1105,NIST_Full scan_2_NEG,single,1,0.99365234375,1,True
NIST_Full scan_2_NEG__F1110,NIST_Full scan_2_NEG,multi,0,0.13623046875,0,True
NIST_Full scan_2_NEG__F1111,NIST_Full scan_2_NEG,multi,1,0.99951171875,1,True
NIST_Full scan_2_NEG__F1113,NIST_Full scan_2_NEG,single,1,1.0,1,True
NIST_Full scan_2_NEG__F1114,NIST_Full scan_2_NEG,multi,1,1.0,1,True
NIST_Full scan_2_NEG__F1118,NIST_Full scan_2_NEG,single,1,1.0,1,True
NIST_Full scan_2_NEG__F112,NIST_Full scan_2_NEG,multi,1,9.387731552124023e-05,0,False
NIST_Full scan_2_NEG__F1122,NIST_Full scan_2_NEG,single,1,1.0,1,True
NIST_Full scan_2_NEG__F1125,NIST_Full scan_2_NEG,single,1,1.0,1,True
NIST_Full scan_2_NEG__F1126,NIST_Full scan_2_NEG,single,1,1.0,1,True
NIST_Full scan_2_NEG__F1132,NIST_Full scan_2_NEG,single,1,1.0,1,True
NIST_Full scan_2_NEG__F1134,NIST_Full scan_2_NEG,multi,1,1.0,1,True
NIST_Full scan_2_NEG__F1147,NIST_Full scan_2_NEG,empty,0,5.960464477539063e-08,0,True
NIST_Full scan_2_NEG__F1152,NIST_Full scan_2_NEG,empty,0,0.0,0,True
NIST_Full scan_2_NEG__F1160,NIST_Full scan_2_NEG,multi,1,1.0,1,True
NIST_Full scan_2_NEG__F1171,NIST_Full scan_2_NEG,empty,0,0.0,0,True
NIST_Full scan_2_NEG__F1174,NIST_Full scan_2_NEG,single,1,1.0,1,True
NIST_Full scan_2_NEG__F1177,NIST_Full scan_2_NEG,multi,1,1.0,1,True
NIST_Full scan_2_NEG__F1178,NIST_Full scan_2_NEG,single,1,1.0,1,True
NIST_Full scan_2_NEG__F1179,NIST_Full scan_2_NEG,empty,0,5.066394805908203e-06,0,True
NIST_Full scan_2_NEG__F1182,NIST_Full scan_2_NEG,empty,0,0.0,0,True
NIST_Full scan_2_NEG__F119,NIST_Full scan_2_NEG,empty,0,0.0,0,True
NIST_Full scan_2_NEG__F1191,NIST_Full scan_2_NEG,empty,0,0.0,0,True
NIST_Full scan_2_NEG__F1195,NIST_Full scan_2_NEG,single,1,1.0,1,True
NIST_Full scan_2_NEG__F1197,NIST_Full scan_2_NEG,multi,1,1.0,1,True
NIST_Full scan_2_NEG__F121,NIST_Full scan_2_NEG,single,1,1.0,1,True
NIST_Full scan_2_NEG__F1212,NIST_Full scan_2_NEG,empty,0,0.0,0,True
NIST_Full scan_2_NEG__F1217,NIST_Full scan_2_NEG,multi,1,1.0,1,True
NIST_Full scan_2_NEG__F1221,NIST_Full scan_2_NEG,empty,0,4.827976226806641e-06,0,True
NIST_Full scan_2_NEG__F1222,NIST_Full scan_2_NEG,multi,1,1.0,1,True
NIST_Full scan_2_NEG__F1224,NIST_Full scan_2_NEG,empty,0,0.0,0,True
NIST_Full scan_2_NEG__F1229,NIST_Full scan_2_NEG,single,1,0.0127716064453125,0,False
NIST_Full scan_2_NEG__F1233,NIST_Full scan_2_NEG,empty,0,0.0,0,True
NIST_Full scan_2_NEG__F1238,NIST_Full scan_2_NEG,empty,0,5.960464477539063e-08,0,True
NIST_Full scan_2_NEG__F1242,NIST_Full scan_2_NEG,empty,0,0.0,0,True
NIST_Full scan_2_NEG__F1259,NIST_Full scan_2_NEG,multi,1,1.0,1,True
NIST_Full scan_2_NEG__F1261,NIST_Full scan_2_NEG,empty,0,3.5762786865234375e-07,0,True
NIST_Full scan_2_NEG__F1262,NIST_Full scan_2_NEG,single,1,0.00020825862884521484,0,False
NIST_Full scan_2_NEG__F1265,NIST_Full scan_2_NEG,empty,0,6.35385513305664e-05,0,True
NIST_Full scan_2_NEG__F1267,NIST_Full scan_2_NEG,empty,0,5.829334259033203e-05,0,True
NIST_Full scan_2_NEG__F1272,NIST_Full scan_2_NEG,multi,1,1.0,1,True
NIST_Full scan_2_NEG__F129,NIST_Full scan_2_NEG,single,1,1.0,1,True
NIST_Full scan_2_NEG__F1290,NIST_Full scan_2_NEG,single,1,0.00997161865234375,0,False
NIST_Full scan_2_NEG__F1293,NIST_Full scan_2_NEG,multi,1,0.053192138671875,0,False
NIST_Full scan_2_NEG__F1294,NIST_Full scan_2_NEG,multi,1,0.50244140625,0,False
NIST_Full scan_2_NEG__F1299,NIST_Full scan_2_NEG,multi,1,1.0,1,True
NIST_Full scan_2_NEG__F1302,NIST_Full scan_2_NEG,multi,1,1.0,1,True
NIST_Full scan_2_NEG__F1309,NIST_Full scan_2_NEG,multi,1,1.0,1,True
NIST_Full scan_2_NEG__F1310,NIST_Full scan_2_NEG,single,1,1.0,1,True
NIST_Full scan_2_NEG__F1311,NIST_Full scan_2_NEG,empty,0,5.960464477539063e-08,0,True
NIST_Full scan_2_NEG__F1314,NIST_Full scan_2_NEG,empty,0,0.0,0,True
NIST_Full scan_2_NEG__F1317,NIST_Full scan_2_NEG,empty,0,8.887052536010742e-05,0,True
NIST_Full scan_2_NEG__F1321,NIST_Full scan_2_NEG,single,1,0.314208984375,0,False
NIST_Full scan_2_NEG__F1337,NIST_Full scan_2_NEG,multi,1,0.9697265625,1,True
NIST_Full scan_2_NEG__F1339,NIST_Full scan_2_NEG,multi,1,0.79296875,1,True
NIST_Full scan_2_NEG__F1341,NIST_Full scan_2_NEG,single,1,0.0094146728515625,0,False
NIST_Full scan_2_NEG__F1345,NIST_Full scan_2_NEG,multi,1,1.0,1,True
NIST_Full scan_2_NEG__F1352,NIST_Full scan_2_NEG,single,0,3.933906555175781e-06,0,True
NIST_Full scan_2_NEG__F1353,NIST_Full scan_2_NEG,multi,1,0.1015625,0,False
NIST_Full scan_2_NEG__F1362,NIST_Full scan_2_NEG,single,1,1.0,1,True
NIST_Full scan_2_NEG__F1367,NIST_Full scan_2_NEG,single,1,0.8681640625,1,True
NIST_Full scan_2_NEG__F1380,NIST_Full scan_2_NEG,multi,1,1.0,1,True
NIST_Full scan_2_NEG__F1381,NIST_Full scan_2_NEG,multi,1,0.814453125,1,True
NIST_Full scan_2_NEG__F1394,NIST_Full scan_2_NEG,multi,1,0.9609375,1,True
NIST_Full scan_2_NEG__F1395,NIST_Full scan_2_NEG,empty,0,4.827976226806641e-06,0,True
NIST_Full scan_2_NEG__F14,NIST_Full scan_2_NEG,empty,0,0.0,0,True
NIST_Full scan_2_NEG__F1402,NIST_Full scan_2_NEG,multi,1,1.0,1,True
NIST_Full scan_2_NEG__F1403,NIST_Full scan_2_NEG,multi,1,0.99951171875,1,True
NIST_Full scan_2_NEG__F1404,NIST_Full scan_2_NEG,multi,1,0.00039196014404296875,0,False
NIST_Full scan_2_NEG__F1406,NIST_Full scan_2_NEG,single,1,1.0,1,True
NIST_Full scan_2_NEG__F1411,NIST_Full scan_2_NEG,single,1,0.260986328125,0,False
NIST_Full scan_2_NEG__F1412,NIST_Full scan_2_NEG,multi,1,0.2841796875,0,False
NIST_Full scan_2_NEG__F1422,NIST_Full scan_2_NEG,empty,0,0.0,0,True
NIST_Full scan_2_NEG__F1424,NIST_Full scan_2_NEG,multi,1,0.00010889768600463867,0,False
NIST_Full scan_2_NEG__F1430,NIST_Full scan_2_NEG,multi,1,0.99951171875,1,True
NIST_Full scan_2_NEG__F1431,NIST_Full scan_2_NEG,single,1,1.0,1,True
NIST_Full scan_2_NEG__F1436,NIST_Full scan_2_NEG,single,1,0.99853515625,1,True
NIST_Full scan_2_NEG__F1438,NIST_Full scan_2_NEG,single,1,0.9990234375,1,True
NIST_Full scan_2_NEG__F1442,NIST_Full scan_2_NEG,single,1,1.0,1,True
NIST_Full scan_2_NEG__F1448,NIST_Full scan_2_NEG,empty,0,0.0,0,True
NIST_Full scan_2_NEG__F1453,NIST_Full scan_2_NEG,empty,0,0.0001442432403564453,0,True
NIST_Full scan_2_NEG__F1454,NIST_Full scan_2_NEG,single,1,1.0,1,True
NIST_Full scan_2_NEG__F1457,NIST_Full scan_2_NEG,single,1,0.04840087890625,0,False
NIST_Full scan_2_NEG__F1458,NIST_Full scan_2_NEG,single,1,1.0,1,True
NIST_Full scan_2_NEG__F1459,NIST_Full scan_2_NEG,multi,1,1.0,1,True
NIST_Full scan_2_NEG__F1460,NIST_Full scan_2_NEG,multi,1,0.00020992755889892578,0,False
NIST_Full scan_2_NEG__F1462,NIST_Full scan_2_NEG,multi,1,2.6226043701171875e-06,0,False
NIST_Full scan_2_NEG__F1473,NIST_Full scan_2_NEG,single,1,1.0,1,True
NIST_Full scan_2_NEG__F1476,NIST_Full scan_2_NEG,empty,0,0.0,0,True
NIST_Full scan_2_NEG__F1477,NIST_Full scan_2_NEG,single,1,1.0,1,True
NIST_Full scan_2_NEG__F1481,NIST_Full scan_2_NEG,single,1,5.0067901611328125e-06,0,False
NIST_Full scan_2_NEG__F1484,NIST_Full scan_2_NEG,single,1,0.98876953125,1,True
NIST_Full scan_2_NEG__F1495,NIST_Full scan_2_NEG,multi,1,1.0,1,True
NIST_Full scan_2_NEG__F150,NIST_Full scan_2_NEG,empty,0,0.0,0,True
NIST_Full scan_2_NEG__F1502,NIST_Full scan_2_NEG,empty,0,0.0,0,True
NIST_Full scan_2_NEG__F1504,NIST_Full scan_2_NEG,single,1,1.0,1,True
NIST_Full scan_2_NEG__F1509,NIST_Full scan_2_NEG,multi,1,3.933906555175781e-06,0,False
NIST_Full scan_2_NEG__F1511,NIST_Full scan_2_NEG,single,1,1.0,1,True
NIST_Full scan_2_NEG__F1513,NIST_Full scan_2_NEG,single,1,1.0,1,True
NIST_Full scan_2_NEG__F1522,NIST_Full scan_2_NEG,single,1,0.93359375,1,True
NIST_Full scan_2_NEG__F1533,NIST_Full scan_2_NEG,multi,1,0.469970703125,0,False
NIST_Full scan_2_NEG__F1534,NIST_Full scan_2_NEG,multi,1,1.0,1,True
NIST_Full scan_2_NEG__F1536,NIST_Full scan_2_NEG,single,1,1.0,1,True
NIST_Full scan_2_NEG__F1538,NIST_Full scan_2_NEG,multi,1,0.99853515625,1,True
NIST_Full scan_2_NEG__F1539,NIST_Full scan_2_NEG,single,1,1.0,1,True
NIST_Full scan_2_NEG__F1542,NIST_Full scan_2_NEG,empty,0,0.0,0,True
NIST_Full scan_2_NEG__F1552,NIST_Full scan_2_NEG,empty,0,0.0,0,True
NIST_Full scan_2_NEG__F1559,NIST_Full scan_2_NEG,single,1,1.0,1,True
NIST_Full scan_2_NEG__F1563,NIST_Full scan_2_NEG,single,1,1.0,1,True
NIST_Full scan_2_NEG__F1564,NIST_Full scan_2_NEG,empty,0,0.0,0,True
NIST_Full scan_2_NEG__F1566,NIST_Full scan_2_NEG,single,1,1.0,1,True
NIST_Full scan_2_NEG__F1567,NIST_Full scan_2_NEG,multi,1,1.0,1,True
NIST_Full scan_2_NEG__F1568,NIST_Full scan_2_NEG,empty,0,0.0,0,True
NIST_Full scan_2_NEG__F1576,NIST_Full scan_2_NEG,single,1,0.06622314453125,0,False
NIST_Full scan_2_NEG__F1578,NIST_Full scan_2_NEG,single,1,1.0,1,True
NIST_Full scan_2_NEG__F158,NIST_Full scan_2_NEG,empty,0,0.0,0,True
NIST_Full scan_2_NEG__F1581,NIST_Full scan_2_NEG,empty,0,0.0,0,True
NIST_Full scan_2_NEG__F1585,NIST_Full scan_2_NEG,single,1,0.93701171875,1,True
NIST_Full scan_2_NEG__F1594,NIST_Full scan_2_NEG,empty,0,3.159046173095703e-06,0,True
NIST_Full scan_2_NEG__F1602,NIST_Full scan_2_NEG,empty,0,0.0,0,True
NIST_Full scan_2_NEG__F1603,NIST_Full scan_2_NEG,multi,1,1.0,1,True
NIST_Full scan_2_NEG__F1605,NIST_Full scan_2_NEG,single,1,1.0,1,True
NIST_Full scan_2_NEG__F1609,NIST_Full scan_2_NEG,multi,1,1.0,1,True
NIST_Full scan_2_NEG__F1613,NIST_Full scan_2_NEG,multi,1,0.26708984375,0,False
NIST_Full scan_2_NEG__F1627,NIST_Full scan_2_NEG,multi,1,1.0,1,True
NIST_Full scan_2_NEG__F1629,NIST_Full scan_2_NEG,single,1,1.0,1,True
NIST_Full scan_2_NEG__F163,NIST_Full scan_2_NEG,single,1,0.99951171875,1,True
NIST_Full scan_2_NEG__F1630,NIST_Full scan_2_NEG,single,1,1.0,1,True
NIST_Full scan_2_NEG__F164,NIST_Full scan_2_NEG,single,1,1.0,1,True
NIST_Full scan_2_NEG__F1640,NIST_Full scan_2_NEG,empty,0,0.0,0,True
NIST_Full scan_2_NEG__F1646,NIST_Full scan_2_NEG,empty,0,6.854534149169922e-06,0,True
NIST_Full scan_2_NEG__F1653,NIST_Full scan_2_NEG,single,1,1.0,1,True
NIST_Full scan_2_NEG__F1666,NIST_Full scan_2_NEG,single,1,0.00731658935546875,0,False
NIST_Full scan_2_NEG__F1674,NIST_Full scan_2_NEG,single,1,1.0,1,True
NIST_Full scan_2_NEG__F1675,NIST_Full scan_2_NEG,single,1,0.99951171875,1,True
NIST_Full scan_2_NEG__F1678,NIST_Full scan_2_NEG,single,1,0.9970703125,1,True
NIST_Full scan_2_NEG__F169,NIST_Full scan_2_NEG,single,1,1.0,1,True
NIST_Full scan_2_NEG__F1690,NIST_Full scan_2_NEG,empty,0,0.0,0,True
NIST_Full scan_2_NEG__F1691,NIST_Full scan_2_NEG,single,1,0.99462890625,1,True
NIST_Full scan_2_NEG__F1692,NIST_Full scan_2_NEG,single,1,1.0,1,True
NIST_Full scan_2_NEG__F1698,NIST_Full scan_2_NEG,single,1,1.0,1,True
NIST_Full scan_2_NEG__F1712,NIST_Full scan_2_NEG,single,1,0.96337890625,1,True
NIST_Full scan_2_NEG__F1722,NIST_Full scan_2_NEG,single,1,1.0,1,True
NIST_Full scan_2_NEG__F1725,NIST_Full scan_2_NEG,single,1,1.0,1,True
NIST_Full scan_2_NEG__F1726,NIST_Full scan_2_NEG,empty,0,1.7881393432617188e-07,0,True
NIST_Full scan_2_NEG__F1730,NIST_Full scan_2_NEG,multi,1,1.0,1,True
NIST_Full scan_2_NEG__F1731,NIST_Full scan_2_NEG,single,0,0.0,0,True
NIST_Full scan_2_NEG__F1732,NIST_Full scan_2_NEG,single,0,5.960464477539063e-08,0,True
NIST_Full scan_2_NEG__F1736,NIST_Full scan_2_NEG,multi,1,0.0005297660827636719,0,False
NIST_Full scan_2_NEG__F1737,NIST_Full scan_2_NEG,multi,1,0.337646484375,0,False
NIST_Full scan_2_NEG__F174,NIST_Full scan_2_NEG,single,1,1.0,1,True
NIST_Full scan_2_NEG__F1744,NIST_Full scan_2_NEG,multi,1,1.0,1,True
NIST_Full scan_2_NEG__F1753,NIST_Full scan_2_NEG,multi,1,1.0,1,True
NIST_Full scan_2_NEG__F1755,NIST_Full scan_2_NEG,single,1,1.0,1,True
NIST_Full scan_2_NEG__F1756,NIST_Full scan_2_NEG,multi,1,0.006984710693359375,0,False
NIST_Full scan_2_NEG__F1757,NIST_Full scan_2_NEG,multi,1,1.0,1,True
NIST_Full scan_2_NEG__F176,NIST_Full scan_2_NEG,empty,0,0.0,0,True
NIST_Full scan_2_NEG__F1761,NIST_Full scan_2_NEG,empty,0,1.7285346984863281e-06,0,True
NIST_Full scan_2_NEG__F1766,NIST_Full scan_2_NEG,single,1,1.0,1,True
NIST_Full scan_2_NEG__F1770,NIST_Full scan_2_NEG,single,1,0.8759765625,1,True
NIST_Full scan_2_NEG__F1776,NIST_Full scan_2_NEG,multi,1,0.99951171875,1,True
NIST_Full scan_2_NEG__F178,NIST_Full scan_2_NEG,single,1,1.0,1,True
NIST_Full scan_2_NEG__F1784,NIST_Full scan_2_NEG,multi,1,0.97265625,1,True
NIST_Full scan_2_NEG__F1798,NIST_Full scan_2_NEG,single,1,1.0,1,True
NIST_Full scan_2_NEG__F180,NIST_Full scan_2_NEG,single,1,0.86669921875,1,True
NIST_Full scan_2_NEG__F1802,NIST_Full scan_2_NEG,multi,1,4.589557647705078e-06,0,False
NIST_Full scan_2_NEG__F1805,NIST_Full scan_2_NEG,single,1,1.0,1,True
NIST_Full scan_2_NEG__F1808,NIST_Full scan_2_NEG,multi,1,0.99951171875,1,True
NIST_Full scan_2_NEG__F1809,NIST_Full scan_2_NEG,empty,0,0.0,0,True
NIST_Full scan_2_NEG__F1816,NIST_Full scan_2_NEG,multi,1,1.0,1,True
NIST_Full scan_2_NEG__F1831,NIST_Full scan_2_NEG,multi,1,0.5419921875,0,False
NIST_Full scan_2_NEG__F1832,NIST_Full scan_2_NEG,empty,0,0.0,0,True
NIST_Full scan_2_NEG__F1833,NIST_Full scan_2_NEG,single,1,0.99951171875,1,True
NIST_Full scan_2_NEG__F1843,NIST_Full scan_2_NEG,single,0,3.5762786865234375e-06,0,True
NIST_Full scan_2_NEG__F1850,NIST_Full scan_2_NEG,empty,0,0.0,0,True
NIST_Full scan_2_NEG__F1855,NIST_Full scan_2_NEG,single,1,1.0,1,True
NIST_Full scan_2_NEG__F1860,NIST_Full scan_2_NEG,multi,1,1.0,1,True
NIST_Full scan_2_NEG__F1862,NIST_Full scan_2_NEG,single,1,1.0,1,True
NIST_Full scan_2_NEG__F1863,NIST_Full scan_2_NEG,single,1,0.99951171875,1,True
NIST_Full scan_2_NEG__F1869,NIST_Full scan_2_NEG,multi,1,1.0,1,True
NIST_Full scan_2_NEG__F1871,NIST_Full scan_2_NEG,single,1,1.0,1,True
NIST_Full scan_2_NEG__F1872,NIST_Full scan_2_NEG,single,1,1.0,1,True
NIST_Full scan_2_NEG__F1878,NIST_Full scan_2_NEG,empty,0,0.0,0,True
NIST_Full scan_2_NEG__F189,NIST_Full scan_2_NEG,empty,0,0.0,0,True
NIST_Full scan_2_NEG__F1890,NIST_Full scan_2_NEG,multi,1,1.0,1,True
NIST_Full scan_2_NEG__F1897,NIST_Full scan_2_NEG,single,1,1.0,1,True
NIST_Full scan_2_NEG__F1898,NIST_Full scan_2_NEG,single,1,0.00013446807861328125,0,False
NIST_Full scan_2_NEG__F19,NIST_Full scan_2_NEG,single,1,0.99072265625,1,True
NIST_Full scan_2_NEG__F1903,NIST_Full scan_2_NEG,multi,1,1.0,1,True
NIST_Full scan_2_NEG__F1908,NIST_Full scan_2_NEG,multi,1,6.198883056640625e-06,0,False
NIST_Full scan_2_NEG__F1913,NIST_Full scan_2_NEG,single,1,1.0,1,True
NIST_Full scan_2_NEG__F1919,NIST_Full scan_2_NEG,single,1,1.0,1,True
NIST_Full scan_2_NEG__F1921,NIST_Full scan_2_NEG,single,1,1.0,1,True
NIST_Full scan_2_NEG__F1929,NIST_Full scan_2_NEG,empty,0,0.0,0,True
NIST_Full scan_2_NEG__F1934,NIST_Full scan_2_NEG,multi,1,0.64501953125,0,False
NIST_Full scan_2_NEG__F1935,NIST_Full scan_2_NEG,multi,1,1.0,1,True
NIST_Full scan_2_NEG__F1936,NIST_Full scan_2_NEG,multi,1,0.00547027587890625,0,False
NIST_Full scan_2_NEG__F1938,NIST_Full scan_2_NEG,single,1,1.0,1,True
NIST_Full scan_2_NEG__F1942,NIST_Full scan_2_NEG,multi,1,1.0,1,True
NIST_Full scan_2_NEG__F1949,NIST_Full scan_2_NEG,single,1,1.0,1,True
NIST_Full scan_2_NEG__F195,NIST_Full scan_2_NEG,single,1,0.998046875,1,True
NIST_Full scan_2_NEG__F1959,NIST_Full scan_2_NEG,single,1,1.0,1,True
NIST_Full scan_2_NEG__F1964,NIST_Full scan_2_NEG,multi,1,0.99853515625,1,True
NIST_Full scan_2_NEG__F1966,NIST_Full scan_2_NEG,multi,0,0.0,0,True
NIST_Full scan_2_NEG__F197,NIST_Full scan_2_NEG,empty,0,0.0,0,True
NIST_Full scan_2_NEG__F1971,NIST_Full scan_2_NEG,multi,1,0.93603515625,1,True
NIST_Full scan_2_NEG__F1972,NIST_Full scan_2_NEG,multi,1,1.0,1,True
NIST_Full scan_2_NEG__F1973,NIST_Full scan_2_NEG,single,1,0.005664825439453125,0,False
NIST_Full scan_2_NEG__F1984,NIST_Full scan_2_NEG,single,1,0.0009436607360839844,0,False
NIST_Full scan_2_NEG__F2002,NIST_Full scan_2_NEG,empty,0,0.0,0,True
NIST_Full scan_2_NEG__F2009,NIST_Full scan_2_NEG,single,1,0.76904296875,1,True
NIST_Full scan_2_NEG__F2010,NIST_Full scan_2_NEG,single,1,1.0,1,True
NIST_Full scan_2_NEG__F2012,NIST_Full scan_2_NEG,multi,1,1.0,1,True
NIST_Full scan_2_NEG__F2013,NIST_Full scan_2_NEG,empty,0,0.0031108856201171875,0,True
NIST_Full scan_2_NEG__F2014,NIST_Full scan_2_NEG,single,1,0.004116058349609375,0,False
NIST_Full scan_2_NEG__F2021,NIST_Full scan_2_NEG,multi,1,1.0,1,True
NIST_Full scan_2_NEG__F2031,NIST_Full scan_2_NEG,single,1,1.0,1,True
NIST_Full scan_2_NEG__F2032,NIST_Full scan_2_NEG,empty,0,0.00017952919006347656,0,True
NIST_Full scan_2_NEG__F2059,NIST_Full scan_2_NEG,multi,1,1.0,1,True
NIST_Full scan_2_NEG__F206,NIST_Full scan_2_NEG,single,1,0.450927734375,0,False
NIST_Full scan_2_NEG__F2060,NIST_Full scan_2_NEG,multi,1,1.0,1,True
NIST_Full scan_2_NEG__F2076,NIST_Full scan_2_NEG,multi,1,0.87744140625,1,True
NIST_Full scan_2_NEG__F2081,NIST_Full scan_2_NEG,single,1,0.98828125,1,True
NIST_Full scan_2_NEG__F2084,NIST_Full scan_2_NEG,single,1,1.0,1,True
NIST_Full scan_2_NEG__F2087,NIST_Full scan_2_NEG,single,1,1.0,1,True
NIST_Full scan_2_NEG__F2088,NIST_Full scan_2_NEG,single,1,1.0,1,True
NIST_Full scan_2_NEG__F2092,NIST_Full scan_2_NEG,single,1,1.0,1,True
NIST_Full scan_2_NEG__F21,NIST_Full scan_2_NEG,empty,0,0.0,0,True
NIST_Full scan_2_NEG__F2101,NIST_Full scan_2_NEG,multi,1,1.0,1,True
NIST_Full scan_2_NEG__F2107,NIST_Full scan_2_NEG,single,1,1.0,1,True
NIST_Full scan_2_NEG__F2112,NIST_Full scan_2_NEG,empty,0,0.94580078125,1,False
NIST_Full scan_2_NEG__F2113,NIST_Full scan_2_NEG,empty,0,0.000690460205078125,0,True
NIST_Full scan_2_NEG__F2115,NIST_Full scan_2_NEG,empty,0,0.0,0,True
NIST_Full scan_2_NEG__F212,NIST_Full scan_2_NEG,multi,1,0.00011414289474487305,0,False
NIST_Full scan_2_NEG__F2120,NIST_Full scan_2_NEG,empty,0,1.1920928955078125e-07,0,True
NIST_Full scan_2_NEG__F2122,NIST_Full scan_2_NEG,single,1,0.99658203125,1,True
NIST_Full scan_2_NEG__F2130,NIST_Full scan_2_NEG,single,1,1.0,1,True
NIST_Full scan_2_NEG__F2131,NIST_Full scan_2_NEG,multi,1,1.0,1,True
NIST_Full scan_2_NEG__F2132,NIST_Full scan_2_NEG,single,1,1.0,1,True
NIST_Full scan_2_NEG__F2134,NIST_Full scan_2_NEG,multi,1,1.0,1,True
NIST_Full scan_2_NEG__F2141,NIST_Full scan_2_NEG,multi,1,0.99951171875,1,True
NIST_Full scan_2_NEG__F2144,NIST_Full scan_2_NEG,multi,1,9.715557098388672e-06,0,False
NIST_Full scan_2_NEG__F2145,NIST_Full scan_2_NEG,multi,1,0.001495361328125,0,False
NIST_Full scan_2_NEG__F2148,NIST_Full scan_2_NEG,multi,1,0.0,0,False
NIST_Full scan_2_NEG__F2149,NIST_Full scan_2_NEG,multi,1,0.94091796875,1,True
NIST_Full scan_2_NEG__F2152,NIST_Full scan_2_NEG,multi,1,0.50537109375,0,False
NIST_Full scan_2_NEG__F2154,NIST_Full scan_2_NEG,multi,1,1.0,1,True
NIST_Full scan_2_NEG__F2155,NIST_Full scan_2_NEG,multi,1,0.0025806427001953125,0,False
NIST_Full scan_2_NEG__F2164,NIST_Full scan_2_NEG,single,1,1.0,1,True
NIST_Full scan_2_NEG__F2165,NIST_Full scan_2_NEG,multi,1,0.9658203125,1,True
NIST_Full scan_2_NEG__F2167,NIST_Full scan_2_NEG,single,1,1.0,1,True
NIST_Full scan_2_NEG__F2168,NIST_Full scan_2_NEG,multi,1,0.99853515625,1,True
NIST_Full scan_2_NEG__F2189,NIST_Full scan_2_NEG,single,1,0.28662109375,0,False
NIST_Full scan_2_NEG__F219,NIST_Full scan_2_NEG,empty,0,5.960464477539063e-08,0,True
NIST_Full scan_2_NEG__F2197,NIST_Full scan_2_NEG,single,1,1.0,1,True
NIST_Full scan_2_NEG__F2204,NIST_Full scan_2_NEG,multi,1,0.02203369140625,0,False
NIST_Full scan_2_NEG__F2206,NIST_Full scan_2_NEG,single,1,0.22900390625,0,False
NIST_Full scan_2_NEG__F2207,NIST_Full scan_2_NEG,single,1,1.0,1,True
NIST_Full scan_2_NEG__F2209,NIST_Full scan_2_NEG,multi,1,0.86669921875,1,True
NIST_Full scan_2_NEG__F2213,NIST_Full scan_2_NEG,single,1,1.0,1,True
NIST_Full scan_2_NEG__F2214,NIST_Full scan_2_NEG,single,1,1.0,1,True
NIST_Full scan_2_NEG__F2218,NIST_Full scan_2_NEG,multi,1,1.7285346984863281e-06,0,False
NIST_Full scan_2_NEG__F2219,NIST_Full scan_2_NEG,multi,1,1.0,1,True
NIST_Full scan_2_NEG__F222,NIST_Full scan_2_NEG,single,1,1.0,1,True
NIST_Full scan_2_NEG__F2220,NIST_Full scan_2_NEG,multi,1,1.0,1,True
NIST_Full scan_2_NEG__F2226,NIST_Full scan_2_NEG,multi,1,0.98193359375,1,True
NIST_Full scan_2_NEG__F2230,NIST_Full scan_2_NEG,multi,1,0.374267578125,0,False
NIST_Full scan_2_NEG__F2234,NIST_Full scan_2_NEG,single,1,1.0,1,True
NIST_Full scan_2_NEG__F2241,NIST_Full scan_2_NEG,multi,1,3.516674041748047e-06,0,False
NIST_Full scan_2_NEG__F2246,NIST_Full scan_2_NEG,single,0,7.748603820800781e-07,0,True
NIST_Full scan_2_NEG__F2247,NIST_Full scan_2_NEG,single,1,1.0,1,True
NIST_Full scan_2_NEG__F2249,NIST_Full scan_2_NEG,single,1,0.63330078125,0,False
NIST_Full scan_2_NEG__F2255,NIST_Full scan_2_NEG,single,1,0.31298828125,0,False
NIST_Full scan_2_NEG__F2260,NIST_Full scan_2_NEG,single,1,0.4169921875,0,False
NIST_Full scan_2_NEG__F227,NIST_Full scan_2_NEG,empty,0,0.0,0,True
NIST_Full scan_2_NEG__F2271,NIST_Full scan_2_NEG,single,1,0.99951171875,1,True
NIST_Full scan_2_NEG__F2273,NIST_Full scan_2_NEG,multi,1,1.0,1,True
NIST_Full scan_2_NEG__F2277,NIST_Full scan_2_NEG,single,1,0.99853515625,1,True
NIST_Full scan_2_NEG__F2281,NIST_Full scan_2_NEG,multi,1,1.0,1,True
NIST_Full scan_2_NEG__F2287,NIST_Full scan_2_NEG,single,1,1.0,1,True
NIST_Full scan_2_NEG__F230,NIST_Full scan_2_NEG,empty,0,0.0,0,True
NIST_Full scan_2_NEG__F2305,NIST_Full scan_2_NEG,multi,1,1.0,1,True
NIST_Full scan_2_NEG__F2307,NIST_Full scan_2_NEG,single,1,1.0,1,True
NIST_Full scan_2_NEG__F2309,NIST_Full scan_2_NEG,multi,1,0.0182342529296875,0,False
NIST_Full scan_2_NEG__F231,NIST_Full scan_2_NEG,empty,0,0.0,0,True
NIST_Full scan_2_NEG__F2310,NIST_Full scan_2_NEG,single,1,0.9970703125,1,True
NIST_Full scan_2_NEG__F2316,NIST_Full scan_2_NEG,single,1,0.2958984375,0,False
NIST_Full scan_2_NEG__F232,NIST_Full scan_2_NEG,empty,0,0.0,0,True
NIST_Full scan_2_NEG__F2323,NIST_Full scan_2_NEG,single,1,1.0,1,True
NIST_Full scan_2_NEG__F2324,NIST_Full scan_2_NEG,single,1,1.0,1,True
NIST_Full scan_2_NEG__F2330,NIST_Full scan_2_NEG,single,1,0.99951171875,1,True
NIST_Full scan_2_NEG__F2340,NIST_Full scan_2_NEG,single,1,1.0,1,True
NIST_Full scan_2_NEG__F2345,NIST_Full scan_2_NEG,single,1,1.0,1,True
NIST_Full scan_2_NEG__F2350,NIST_Full scan_2_NEG,single,1,1.0,1,True
NIST_Full scan_2_NEG__F2363,NIST_Full scan_2_NEG,single,1,1.0,1,True
NIST_Full scan_2_NEG__F2367,NIST_Full scan_2_NEG,multi,1,1.0,1,True
NIST_Full scan_2_NEG__F2383,NIST_Full scan_2_NEG,single,1,1.0,1,True
NIST_Full scan_2_NEG__F2397,NIST_Full scan_2_NEG,single,1,1.0,1,True
NIST_Full scan_2_NEG__F24,NIST_Full scan_2_NEG,empty,0,0.0,0,True
NIST_Full scan_2_NEG__F2401,NIST_Full scan_2_NEG,multi,1,1.0,1,True
NIST_Full scan_2_NEG__F2405,NIST_Full scan_2_NEG,single,1,1.0,1,True
NIST_Full scan_2_NEG__F2409,NIST_Full scan_2_NEG,single,1,1.0,1,True
NIST_Full scan_2_NEG__F241,NIST_Full scan_2_NEG,empty,0,7.867813110351562e-06,0,True
NIST_Full scan_2_NEG__F2410,NIST_Full scan_2_NEG,single,1,1.0,1,True
NIST_Full scan_2_NEG__F2412,NIST_Full scan_2_NEG,single,1,1.0,1,True
NIST_Full scan_2_NEG__F2418,NIST_Full scan_2_NEG,single,1,1.0,1,True
NIST_Full scan_2_NEG__F251,NIST_Full scan_2_NEG,single,1,1.0,1,True
NIST_Full scan_2_NEG__F255,NIST_Full scan_2_NEG,empty,0,5.960464477539063e-08,0,True
NIST_Full scan_2_NEG__F26,NIST_Full scan_2_NEG,empty,0,0.0,0,True
NIST_Full scan_2_NEG__F260,NIST_Full scan_2_NEG,empty,0,0.0,0,True
NIST_Full scan_2_NEG__F267,NIST_Full scan_2_NEG,empty,0,0.0,0,True
NIST_Full scan_2_NEG__F271,NIST_Full scan_2_NEG,multi,1,1.0,1,True
NIST_Full scan_2_NEG__F272,NIST_Full scan_2_NEG,multi,1,1.0,1,True
NIST_Full scan_2_NEG__F276,NIST_Full scan_2_NEG,empty,0,0.0,0,True
NIST_Full scan_2_NEG__F282,NIST_Full scan_2_NEG,empty,0,0.0,0,True
NIST_Full scan_2_NEG__F287,NIST_Full scan_2_NEG,empty,0,0.0,0,True
NIST_Full scan_2_NEG__F288,NIST_Full scan_2_NEG,single,1,1.0,1,True
NIST_Full scan_2_NEG__F290,NIST_Full scan_2_NEG,multi,1,1.150369644165039e-05,0,False
NIST_Full scan_2_NEG__F291,NIST_Full scan_2_NEG,multi,0,0.0,0,True
NIST_Full scan_2_NEG__F3,NIST_Full scan_2_NEG,multi,1,1.0,1,True
NIST_Full scan_2_NEG__F30,NIST_Full scan_2_NEG,empty,0,0.0,0,True
NIST_Full scan_2_NEG__F300,NIST_Full scan_2_NEG,single,1,1.0,1,True
NIST_Full scan_2_NEG__F304,NIST_Full scan_2_NEG,empty,0,0.0,0,True
NIST_Full scan_2_NEG__F307,NIST_Full scan_2_NEG,empty,0,0.0,0,True
NIST_Full scan_2_NEG__F308,NIST_Full scan_2_NEG,multi,1,1.0,1,True
NIST_Full scan_2_NEG__F310,NIST_Full scan_2_NEG,empty,0,0.0,0,True
NIST_Full scan_2_NEG__F312,NIST_Full scan_2_NEG,empty,0,0.0,0,True
NIST_Full scan_2_NEG__F319,NIST_Full scan_2_NEG,empty,0,0.0,0,True
NIST_Full scan_2_NEG__F322,NIST_Full scan_2_NEG,single,1,1.0,1,True
NIST_Full scan_2_NEG__F332,NIST_Full scan_2_NEG,single,1,0.78271484375,1,True
NIST_Full scan_2_NEG__F333,NIST_Full scan_2_NEG,single,1,1.0,1,True
NIST_Full scan_2_NEG__F345,NIST_Full scan_2_NEG,single,1,5.960464477539063e-08,0,False
NIST_Full scan_2_NEG__F351,NIST_Full scan_2_NEG,single,1,7.152557373046875e-07,0,False
NIST_Full scan_2_NEG__F352,NIST_Full scan_2_NEG,empty,0,0.0,0,True
NIST_Full scan_2_NEG__F353,NIST_Full scan_2_NEG,single,1,0.0009889602661132812,0,False
NIST_Full scan_2_NEG__F355,NIST_Full scan_2_NEG,single,1,0.73876953125,1,True
NIST_Full scan_2_NEG__F362,NIST_Full scan_2_NEG,empty,0,0.00400543212890625,0,True
NIST_Full scan_2_NEG__F367,NIST_Full scan_2_NEG,multi,1,0.188720703125,0,False
NIST_Full scan_2_NEG__F369,NIST_Full scan_2_NEG,single,0,0.982421875,1,False
NIST_Full scan_2_NEG__F375,NIST_Full scan_2_NEG,single,1,1.0,1,True
NIST_Full scan_2_NEG__F378,NIST_Full scan_2_NEG,empty,0,0.0,0,True
NIST_Full scan_2_NEG__F382,NIST_Full scan_2_NEG,empty,0,0.0,0,True
NIST_Full scan_2_NEG__F384,NIST_Full scan_2_NEG,empty,0,0.0,0,True
NIST_Full scan_2_NEG__F388,NIST_Full scan_2_NEG,single,1,0.9814453125,1,True
NIST_Full scan_2_NEG__F394,NIST_Full scan_2_NEG,single,1,0.99951171875,1,True
NIST_Full scan_2_NEG__F399,NIST_Full scan_2_NEG,single,1,1.0,1,True
NIST_Full scan_2_NEG__F403,NIST_Full scan_2_NEG,single,1,0.0033512115478515625,0,False
NIST_Full scan_2_NEG__F411,NIST_Full scan_2_NEG,single,1,1.0,1,True
NIST_Full scan_2_NEG__F412,NIST_Full scan_2_NEG,empty,0,0.0,0,True
NIST_Full scan_2_NEG__F415,NIST_Full scan_2_NEG,single,1,1.0,1,True
NIST_Full scan_2_NEG__F416,NIST_Full scan_2_NEG,single,1,1.0,1,True
NIST_Full scan_2_NEG__F417,NIST_Full scan_2_NEG,single,1,1.0,1,True
NIST_Full scan_2_NEG__F423,NIST_Full scan_2_NEG,single,1,0.96142578125,1,True
NIST_Full scan_2_NEG__F424,NIST_Full scan_2_NEG,single,1,1.0,1,True
NIST_Full scan_2_NEG__F434,NIST_Full scan_2_NEG,empty,0,0.0,0,True
NIST_Full scan_2_NEG__F437,NIST_Full scan_2_NEG,empty,0,0.0,0,True
NIST_Full scan_2_NEG__F439,NIST_Full scan_2_NEG,single,1,1.0,1,True
NIST_Full scan_2_NEG__F44,NIST_Full scan_2_NEG,empty,0,7.748603820800781e-07,0,True
NIST_Full scan_2_NEG__F441,NIST_Full scan_2_NEG,empty,0,0.0,0,True
NIST_Full scan_2_NEG__F446,NIST_Full scan_2_NEG,empty,0,0.0,0,True
NIST_Full scan_2_NEG__F448,NIST_Full scan_2_NEG,single,1,1.0,1,True
NIST_Full scan_2_NEG__F451,NIST_Full scan_2_NEG,single,1,0.99951171875,1,True
NIST_Full scan_2_NEG__F462,NIST_Full scan_2_NEG,empty,0,0.0,0,True
NIST_Full scan_2_NEG__F465,NIST_Full scan_2_NEG,empty,0,0.0,0,True
NIST_Full scan_2_NEG__F477,NIST_Full scan_2_NEG,single,1,1.0,1,True
NIST_Full scan_2_NEG__F479,NIST_Full scan_2_NEG,empty,0,3.5762786865234375e-07,0,True
NIST_Full scan_2_NEG__F483,NIST_Full scan_2_NEG,empty,0,8.761882781982422e-06,0,True
NIST_Full scan_2_NEG__F487,NIST_Full scan_2_NEG,single,1,0.00046181678771972656,0,False
NIST_Full scan_2_NEG__F49,NIST_Full scan_2_NEG,multi,1,0.98974609375,1,True
NIST_Full scan_2_NEG__F495,NIST_Full scan_2_NEG,single,1,1.0,1,True
NIST_Full scan_2_NEG__F498,NIST_Full scan_2_NEG,empty,0,0.0,0,True
NIST_Full scan_2_NEG__F50,NIST_Full scan_2_NEG,multi,1,1.0,1,True
NIST_Full scan_2_NEG__F501,NIST_Full scan_2_NEG,empty,0,0.1590576171875,0,True
NIST_Full scan_2_NEG__F506,NIST_Full scan_2_NEG,empty,0,0.0,0,True
NIST_Full scan_2_NEG__F509,NIST_Full scan_2_NEG,single,1,0.99951171875,1,True
NIST_Full scan_2_NEG__F510,NIST_Full scan_2_NEG,empty,0,5.960464477539063e-08,0,True
NIST_Full scan_2_NEG__F515,NIST_Full scan_2_NEG,single,1,7.450580596923828e-06,0,False
NIST_Full scan_2_NEG__F519,NIST_Full scan_2_NEG,empty,0,0.0,0,True
NIST_Full scan_2_NEG__F52,NIST_Full scan_2_NEG,empty,0,0.0,0,True
NIST_Full scan_2_NEG__F528,NIST_Full scan_2_NEG,single,1,0.50048828125,0,False
NIST_Full scan_2_NEG__F529,NIST_Full scan_2_NEG,empty,0,0.0,0,True
NIST_Full scan_2_NEG__F530,NIST_Full scan_2_NEG,single,1,0.9267578125,1,True
NIST_Full scan_2_NEG__F531,NIST_Full scan_2_NEG,single,1,1.0,1,True
NIST_Full scan_2_NEG__F535,NIST_Full scan_2_NEG,single,1,0.99951171875,1,True
NIST_Full scan_2_NEG__F536,NIST_Full scan_2_NEG,single,1,1.0,1,True
NIST_Full scan_2_NEG__F539,NIST_Full scan_2_NEG,single,1,0.99853515625,1,True
NIST_Full scan_2_NEG__F54,NIST_Full scan_2_NEG,empty,0,0.0,0,True
NIST_Full scan_2_NEG__F544,NIST_Full scan_2_NEG,empty,0,0.0,0,True
NIST_Full scan_2_NEG__F545,NIST_Full scan_2_NEG,single,1,0.99267578125,1,True
NIST_Full scan_2_NEG__F549,NIST_Full scan_2_NEG,empty,0,0.0,0,True
NIST_Full scan_2_NEG__F556,NIST_Full scan_2_NEG,single,1,0.9775390625,1,True
NIST_Full scan_2_NEG__F557,NIST_Full scan_2_NEG,empty,0,0.0,0,True
NIST_Full scan_2_NEG__F562,NIST_Full scan_2_NEG,single,1,1.0,1,True
NIST_Full scan_2_NEG__F57,NIST_Full scan_2_NEG,empty,0,0.0,0,True
NIST_Full scan_2_NEG__F571,NIST_Full scan_2_NEG,single,1,1.0,1,True
NIST_Full scan_2_NEG__F573,NIST_Full scan_2_NEG,single,1,0.99853515625,1,True
NIST_Full scan_2_NEG__F576,NIST_Full scan_2_NEG,single,1,1.0,1,True
NIST_Full scan_2_NEG__F580,NIST_Full scan_2_NEG,single,1,1.0,1,True
NIST_Full scan_2_NEG__F583,NIST_Full scan_2_NEG,empty,0,0.0,0,True
NIST_Full scan_2_NEG__F584,NIST_Full scan_2_NEG,empty,0,2.2113323211669922e-05,0,True
NIST_Full scan_2_NEG__F585,NIST_Full scan_2_NEG,single,1,1.0,1,True
NIST_Full scan_2_NEG__F591,NIST_Full scan_2_NEG,empty,0,0.0,0,True
NIST_Full scan_2_NEG__F600,NIST_Full scan_2_NEG,empty,0,0.0,0,True
NIST_Full scan_2_NEG__F606,NIST_Full scan_2_NEG,single,1,0.0282135009765625,0,False
NIST_Full scan_2_NEG__F608,NIST_Full scan_2_NEG,empty,0,0.0,0,True
NIST_Full scan_2_NEG__F614,NIST_Full scan_2_NEG,empty,0,0.0,0,True
NIST_Full scan_2_NEG__F619,NIST_Full scan_2_NEG,empty,0,0.0,0,True
NIST_Full scan_2_NEG__F621,NIST_Full scan_2_NEG,empty,0,0.0,0,True
NIST_Full scan_2_NEG__F622,NIST_Full scan_2_NEG,empty,0,0.0,0,True
NIST_Full scan_2_NEG__F631,NIST_Full scan_2_NEG,single,1,1.0,1,True
NIST_Full scan_2_NEG__F635,NIST_Full scan_2_NEG,single,1,0.96923828125,1,True
NIST_Full scan_2_NEG__F64,NIST_Full scan_2_NEG,multi,1,0.358154296875,0,False
NIST_Full scan_2_NEG__F648,NIST_Full scan_2_NEG,single,1,1.0,1,True
NIST_Full scan_2_NEG__F650,NIST_Full scan_2_NEG,multi,1,1.0,1,True
NIST_Full scan_2_NEG__F655,NIST_Full scan_2_NEG,empty,0,5.960464477539063e-08,0,True
NIST_Full scan_2_NEG__F66,NIST_Full scan_2_NEG,empty,0,0.0,0,True
NIST_Full scan_2_NEG__F679,NIST_Full scan_2_NEG,empty,0,0.0,0,True
NIST_Full scan_2_NEG__F68,NIST_Full scan_2_NEG,empty,0,0.0,0,True
NIST_Full scan_2_NEG__F681,NIST_Full scan_2_NEG,single,1,0.99755859375,1,True
NIST_Full scan_2_NEG__F686,NIST_Full scan_2_NEG,single,1,1.0,1,True
NIST_Full scan_2_NEG__F694,NIST_Full scan_2_NEG,single,1,1.0,1,True
NIST_Full scan_2_NEG__F695,NIST_Full scan_2_NEG,single,1,0.62646484375,0,False
NIST_Full scan_2_NEG__F697,NIST_Full scan_2_NEG,empty,0,0.9169921875,1,False
NIST_Full scan_2_NEG__F70,NIST_Full scan_2_NEG,empty,0,0.0,0,True
NIST_Full scan_2_NEG__F701,NIST_Full scan_2_NEG,single,1,1.0,1,True
NIST_Full scan_2_NEG__F705,NIST_Full scan_2_NEG,single,1,0.0010986328125,0,False
NIST_Full scan_2_NEG__F706,NIST_Full scan_2_NEG,empty,0,2.980232238769531e-07,0,True
NIST_Full scan_2_NEG__F708,NIST_Full scan_2_NEG,empty,0,0.0,0,True
NIST_Full scan_2_NEG__F720,NIST_Full scan_2_NEG,multi,1,0.93017578125,1,True
NIST_Full scan_2_NEG__F734,NIST_Full scan_2_NEG,empty,0,0.0,0,True
NIST_Full scan_2_NEG__F743,NIST_Full scan_2_NEG,single,1,1.0,1,True
NIST_Full scan_2_NEG__F745,NIST_Full scan_2_NEG,empty,0,0.0,0,True
NIST_Full scan_2_NEG__F749,NIST_Full scan_2_NEG,empty,0,0.0,0,True
NIST_Full scan_2_NEG__F760,NIST_Full scan_2_NEG,empty,0,0.0,0,True
NIST_Full scan_2_NEG__F77,NIST_Full scan_2_NEG,single,1,1.0,1,True
NIST_Full scan_2_NEG__F772,NIST_Full scan_2_NEG,empty,0,0.0,0,True
NIST_Full scan_2_NEG__F773,NIST_Full scan_2_NEG,single,1,1.0,1,True
NIST_Full scan_2_NEG__F781,NIST_Full scan_2_NEG,single,1,0.99462890625,1,True
NIST_Full scan_2_NEG__F791,NIST_Full scan_2_NEG,single,1,1.0,1,True
NIST_Full scan_2_NEG__F799,NIST_Full scan_2_NEG,single,1,1.0,1,True
NIST_Full scan_2_NEG__F809,NIST_Full scan_2_NEG,single,1,0.9970703125,1,True
NIST_Full scan_2_NEG__F810,NIST_Full scan_2_NEG,empty,0,0.0,0,True
NIST_Full scan_2_NEG__F811,NIST_Full scan_2_NEG,single,1,1.0,1,True
NIST_Full scan_2_NEG__F820,NIST_Full scan_2_NEG,empty,0,0.0,0,True
NIST_Full scan_2_NEG__F830,NIST_Full scan_2_NEG,empty,0,2.980232238769531e-07,0,True
NIST_Full scan_2_NEG__F832,NIST_Full scan_2_NEG,empty,0,0.0,0,True
NIST_Full scan_2_NEG__F84,NIST_Full scan_2_NEG,empty,0,0.0,0,True
NIST_Full scan_2_NEG__F840,NIST_Full scan_2_NEG,empty,0,0.0,0,True
NIST_Full scan_2_NEG__F841,NIST_Full scan_2_NEG,empty,0,0.0,0,True
NIST_Full scan_2_NEG__F842,NIST_Full scan_2_NEG,single,1,1.0,1,True
NIST_Full scan_2_NEG__F846,NIST_Full scan_2_NEG,single,1,0.99853515625,1,True
NIST_Full scan_2_NEG__F85,NIST_Full scan_2_NEG,empty,0,0.0,0,True
NIST_Full scan_2_NEG__F856,NIST_Full scan_2_NEG,empty,0,0.0,0,True
NIST_Full scan_2_NEG__F857,NIST_Full scan_2_NEG,single,1,0.8671875,1,True
NIST_Full scan_2_NEG__F858,NIST_Full scan_2_NEG,empty,0,0.0,0,True
NIST_Full scan_2_NEG__F860,NIST_Full scan_2_NEG,single,1,1.0,1,True
NIST_Full scan_2_NEG__F868,NIST_Full scan_2_NEG,empty,0,0.0,0,True
NIST_Full scan_2_NEG__F874,NIST_Full scan_2_NEG,single,1,0.0005769729614257812,0,False
NIST_Full scan_2_NEG__F875,NIST_Full scan_2_NEG,single,1,1.0,1,True
NIST_Full scan_2_NEG__F880,NIST_Full scan_2_NEG,empty,0,0.0,0,True
NIST_Full scan_2_NEG__F884,NIST_Full scan_2_NEG,single,1,0.78369140625,1,True
NIST_Full scan_2_NEG__F887,NIST_Full scan_2_NEG,empty,0,1.3709068298339844e-06,0,True
NIST_Full scan_2_NEG__F890,NIST_Full scan_2_NEG,empty,0,0.0,0,True
NIST_Full scan_2_NEG__F892,NIST_Full scan_2_NEG,single,1,0.9951171875,1,True
NIST_Full scan_2_NEG__F893,NIST_Full scan_2_NEG,empty,0,1.0728836059570312e-06,0,True
NIST_Full scan_2_NEG__F894,NIST_Full scan_2_NEG,multi,1,0.8486328125,1,True
NIST_Full scan_2_NEG__F9,NIST_Full scan_2_NEG,single,1,0.0263519287109375,0,False
NIST_Full scan_2_NEG__F903,NIST_Full scan_2_NEG,empty,0,0.0,0,True
NIST_Full scan_2_NEG__F904,NIST_Full scan_2_NEG,empty,0,1.0,1,False
NIST_Full scan_2_NEG__F914,NIST_Full scan_2_NEG,empty,0,0.0,0,True
NIST_Full scan_2_NEG__F916,NIST_Full scan_2_NEG,single,1,1.0,1,True
NIST_Full scan_2_NEG__F924,NIST_Full scan_2_NEG,empty,0,0.0,0,True
NIST_Full scan_2_NEG__F927,NIST_Full scan_2_NEG,empty,0,3.5762786865234375e-07,0,True
NIST_Full scan_2_NEG__F930,NIST_Full scan_2_NEG,empty,0,0.0,0,True
NIST_Full scan_2_NEG__F932,NIST_Full scan_2_NEG,single,1,0.71240234375,1,True
NIST_Full scan_2_NEG__F933,NIST_Full scan_2_NEG,empty,0,0.0,0,True
NIST_Full scan_2_NEG__F943,NIST_Full scan_2_NEG,single,1,1.0,1,True
NIST_Full scan_2_NEG__F949,NIST_Full scan_2_NEG,single,1,0.8603515625,1,True
NIST_Full scan_2_NEG__F950,NIST_Full scan_2_NEG,single,1,0.83056640625,1,True
NIST_Full scan_2_NEG__F963,NIST_Full scan_2_NEG,single,1,1.0,1,True
NIST_Full scan_2_NEG__F964,NIST_Full scan_2_NEG,single,1,1.0,1,True
NIST_Full scan_2_NEG__F965,NIST_Full scan_2_NEG,single,1,0.033477783203125,0,False
NIST_Full scan_2_NEG__F975,NIST_Full scan_2_NEG,single,1,1.0,1,True
NIST_Full scan_2_NEG__F980,NIST_Full scan_2_NEG,empty,0,7.748603820800781e-07,0,True
NIST_Full scan_2_NEG__F987,NIST_Full scan_2_NEG,empty,0,0.0,0,True
NIST_Full scan_2_NEG__F989,NIST_Full scan_2_NEG,multi,1,1.0,1,True
NIST_Full scan_2_NEG__F991,NIST_Full scan_2_NEG,empty,0,0.0,0,True
NIST_Full scan_2_NEG__F994,NIST_Full scan_2_NEG,empty,0,0.0,0,True
D07P_NEG__F1,D07P_NEG,empty,0,1.7881393432617188e-06,0,True
D07P_NEG__F10,D07P_NEG,empty,0,0.0,0,True
D07P_NEG__F102,D07P_NEG,multi,1,0.70361328125,0,False
D07P_NEG__F104,D07P_NEG,single,1,1.0,1,True
D07P_NEG__F105,D07P_NEG,single,1,1.0,1,True
D07P_NEG__F109,D07P_NEG,multi,1,0.22119140625,0,False
D07P_NEG__F11,D07P_NEG,multi,1,1.0,1,True
D07P_NEG__F110,D07P_NEG,multi,1,1.0,1,True
D07P_NEG__F111,D07P_NEG,single,1,1.0,1,True
D07P_NEG__F112,D07P_NEG,single,1,1.0,1,True
D07P_NEG__F114,D07P_NEG,single,1,1.0,1,True
D07P_NEG__F115,D07P_NEG,single,1,1.0,1,True
D07P_NEG__F117,D07P_NEG,single,0,0.947265625,1,False
D07P_NEG__F118,D07P_NEG,single,1,1.0,1,True
D07P_NEG__F119,D07P_NEG,single,1,1.0,1,True
D07P_NEG__F12,D07P_NEG,multi,1,1.0,1,True
D07P_NEG__F120,D07P_NEG,single,0,5.4776668548583984e-05,0,True
D07P_NEG__F125,D07P_NEG,single,1,1.0,1,True
D07P_NEG__F127,D07P_NEG,single,1,1.0,1,True
D07P_NEG__F132,D07P_NEG,single,1,0.9345703125,1,True
D07P_NEG__F133,D07P_NEG,single,1,0.9990234375,1,True
D07P_NEG__F138,D07P_NEG,multi,1,1.0,1,True
D07P_NEG__F140,D07P_NEG,single,1,1.0,1,True
D07P_NEG__F141,D07P_NEG,single,1,1.0,1,True
D07P_NEG__F142,D07P_NEG,single,1,1.0,1,True
D07P_NEG__F145,D07P_NEG,single,1,1.0,1,True
D07P_NEG__F146,D07P_NEG,multi,1,1.0,1,True
D07P_NEG__F149,D07P_NEG,single,1,1.0,1,True
D07P_NEG__F150,D07P_NEG,single,1,0.44921875,0,False
D07P_NEG__F151,D07P_NEG,single,1,1.0,1,True
D07P_NEG__F153,D07P_NEG,single,1,1.0,1,True
D07P_NEG__F154,D07P_NEG,single,1,1.0,1,True
D07P_NEG__F155,D07P_NEG,single,1,1.0,1,True
D07P_NEG__F156,D07P_NEG,single,1,1.0,1,True
D07P_NEG__F158,D07P_NEG,single,1,1.0,1,True
D07P_NEG__F159,D07P_NEG,single,1,1.0,1,True
D07P_NEG__F16,D07P_NEG,empty,0,0.0,0,True
D07P_NEG__F164,D07P_NEG,single,1,0.99365234375,1,True
D07P_NEG__F166,D07P_NEG,single,1,1.0,1,True
D07P_NEG__F168,D07P_NEG,single,1,1.0,1,True
D07P_NEG__F169,D07P_NEG,single,1,1.0,1,True
D07P_NEG__F17,D07P_NEG,empty,0,1.7523765563964844e-05,0,True
D07P_NEG__F173,D07P_NEG,multi,1,1.0,1,True
D07P_NEG__F174,D07P_NEG,multi,1,1.0,1,True
D07P_NEG__F176,D07P_NEG,empty,0,2.6881694793701172e-05,0,True
D07P_NEG__F177,D07P_NEG,single,1,1.0,1,True
D07P_NEG__F178,D07P_NEG,single,1,1.0,1,True
D07P_NEG__F18,D07P_NEG,empty,0,0.0,0,True
D07P_NEG__F181,D07P_NEG,multi,1,1.0,1,True
D07P_NEG__F182,D07P_NEG,multi,1,1.0,1,True
D07P_NEG__F183,D07P_NEG,multi,1,0.9990234375,1,True
D07P_NEG__F185,D07P_NEG,single,1,1.0,1,True
D07P_NEG__F186,D07P_NEG,empty,0,5.960464477539063e-08,0,True
D07P_NEG__F189,D07P_NEG,empty,0,8.344650268554688e-07,0,True
D07P_NEG__F19,D07P_NEG,single,1,1.0,1,True
D07P_NEG__F193,D07P_NEG,multi,1,1.0,1,True
D07P_NEG__F194,D07P_NEG,empty,0,1.0,1,False
D07P_NEG__F195,D07P_NEG,empty,0,9.5367431640625e-07,0,True
D07P_NEG__F196,D07P_NEG,empty,0,7.152557373046875e-07,0,True
D07P_NEG__F197,D07P_NEG,empty,0,0.0,0,True
D07P_NEG__F20,D07P_NEG,single,1,1.0,1,True
D07P_NEG__F200,D07P_NEG,multi,1,1.0,1,True
D07P_NEG__F204,D07P_NEG,multi,1,0.9970703125,1,True
D07P_NEG__F205,D07P_NEG,multi,1,1.0,1,True
D07P_NEG__F209,D07P_NEG,empty,0,4.351139068603516e-06,0,True
D07P_NEG__F210,D07P_NEG,single,1,0.9716796875,1,True
D07P_NEG__F211,D07P_NEG,empty,0,0.1689453125,0,True
D07P_NEG__F212,D07P_NEG,empty,0,0.007904052734375,0,True
D07P_NEG__F219,D07P_NEG,single,1,1.0,1,True
D07P_NEG__F221,D07P_NEG,empty,0,0.0002868175506591797,0,True
D07P_NEG__F223,D07P_NEG,empty,0,5.543231964111328e-06,0,True
D07P_NEG__F226,D07P_NEG,empty,0,0.00345611572265625,0,True
D07P_NEG__F228,D07P_NEG,multi,1,1.0,1,True
D07P_NEG__F229,D07P_NEG,multi,1,0.9912109375,1,True
D07P_NEG__F23,D07P_NEG,empty,0,0.0,0,True
D07P_NEG__F230,D07P_NEG,multi,1,1.0,1,True
D07P_NEG__F232,D07P_NEG,single,1,0.007205963134765625,0,False
D07P_NEG__F235,D07P_NEG,single,0,0.0,0,True
D07P_NEG__F236,D07P_NEG,single,1,0.97607421875,1,True
D07P_NEG__F238,D07P_NEG,empty,0,4.708766937255859e-06,0,True
D07P_NEG__F239,D07P_NEG,empty,0,4.76837158203125e-07,0,True
D07P_NEG__F24,D07P_NEG,single,1,0.67626953125,0,False
D07P_NEG__F245,D07P_NEG,multi,1,1.0,1,True
D07P_NEG__F246,D07P_NEG,multi,1,1.0,1,True
D07P_NEG__F248,D07P_NEG,single,1,0.9873046875,1,True
D07P_NEG__F249,D07P_NEG,empty,0,7.510185241699219e-06,0,True
D07P_NEG__F25,D07P_NEG,single,1,1.0,1,True
D07P_NEG__F250,D07P_NEG,empty,0,0.0,0,True
D07P_NEG__F251,D07P_NEG,single,1,0.771484375,1,True
D07P_NEG__F254,D07P_NEG,empty,0,6.204843521118164e-05,0,True
D07P_NEG__F256,D07P_NEG,single,1,1.0,1,True
D07P_NEG__F258,D07P_NEG,single,1,1.0,1,True
D07P_NEG__F26,D07P_NEG,single,1,1.0,1,True
D07P_NEG__F262,D07P_NEG,single,1,1.0,1,True
D07P_NEG__F263,D07P_NEG,single,1,1.0,1,True
D07P_NEG__F266,D07P_NEG,single,1,1.0,1,True
D07P_NEG__F267,D07P_NEG,single,1,0.994140625,1,True
D07P_NEG__F269,D07P_NEG,single,1,0.9951171875,1,True
D07P_NEG__F27,D07P_NEG,empty,0,1.1920928955078125e-07,0,True
D07P_NEG__F272,D07P_NEG,multi,1,1.0,1,True
D07P_NEG__F273,D07P_NEG,multi,1,1.0,1,True
D07P_NEG__F275,D07P_NEG,multi,1,0.99951171875,1,True
D07P_NEG__F276,D07P_NEG,single,1,1.0,1,True
D07P_NEG__F278,D07P_NEG,empty,0,0.0,0,True
D07P_NEG__F279,D07P_NEG,empty,0,0.0,0,True
D07P_NEG__F281,D07P_NEG,single,1,1.0,1,True
D07P_NEG__F282,D07P_NEG,multi,1,1.0,1,True
D07P_NEG__F285,D07P_NEG,empty,0,0.7548828125,1,False
D07P_NEG__F287,D07P_NEG,multi,1,0.97314453125,1,True
D07P_NEG__F288,D07P_NEG,empty,0,6.556510925292969e-07,0,True
D07P_NEG__F291,D07P_NEG,multi,1,0.99951171875,1,True
D07P_NEG__F292,D07P_NEG,multi,1,0.99951171875,1,True
D07P_NEG__F297,D07P_NEG,single,1,1.0,1,True
D07P_NEG__F298,D07P_NEG,multi,1,1.0,1,True
D07P_NEG__F299,D07P_NEG,single,1,1.0,1,True
D07P_NEG__F3,D07P_NEG,empty,0,0.01094818115234375,0,True
D07P_NEG__F30,D07P_NEG,empty,0,0.8486328125,1,False
D07P_NEG__F300,D07P_NEG,empty,0,0.0057525634765625,0,True
D07P_NEG__F302,D07P_NEG,multi,1,1.0,1,True
D07P_NEG__F303,D07P_NEG,single,1,1.0,1,True
D07P_NEG__F305,D07P_NEG,single,1,1.0,1,True
D07P_NEG__F306,D07P_NEG,single,1,1.0,1,True
D07P_NEG__F308,D07P_NEG,single,1,1.0,1,True
D07P_NEG__F31,D07P_NEG,empty,0,6.198883056640625e-06,0,True
D07P_NEG__F311,D07P_NEG,single,1,1.0,1,True
D07P_NEG__F312,D07P_NEG,single,1,1.0,1,True
D07P_NEG__F313,D07P_NEG,multi,1,1.0,1,True
D07P_NEG__F317,D07P_NEG,single,1,0.94189453125,1,True
D07P_NEG__F319,D07P_NEG,single,1,1.0,1,True
D07P_NEG__F32,D07P_NEG,empty,0,0.0,0,True
D07P_NEG__F322,D07P_NEG,single,1,1.0,1,True
D07P_NEG__F324,D07P_NEG,multi,1,1.0,1,True
D07P_NEG__F326,D07P_NEG,multi,1,1.0,1,True
D07P_NEG__F332,D07P_NEG,single,1,1.0,1,True
D07P_NEG__F333,D07P_NEG,single,1,1.0,1,True
D07P_NEG__F335,D07P_NEG,multi,1,0.30126953125,0,False
D07P_NEG__F336,D07P_NEG,single,1,1.0,1,True
D07P_NEG__F34,D07P_NEG,empty,0,0.0,0,True
D07P_NEG__F341,D07P_NEG,single,1,1.0,1,True
D07P_NEG__F343,D07P_NEG,single,0,0.83984375,1,False
D07P_NEG__F347,D07P_NEG,multi,1,0.0,0,False
D07P_NEG__F349,D07P_NEG,single,1,1.0,1,True
D07P_NEG__F353,D07P_NEG,multi,1,1.0,1,True
D07P_NEG__F355,D07P_NEG,single,1,1.0,1,True
D07P_NEG__F356,D07P_NEG,single,1,1.0,1,True
D07P_NEG__F358,D07P_NEG,single,1,1.0,1,True
D07P_NEG__F361,D07P_NEG,multi,1,1.0,1,True
D07P_NEG__F362,D07P_NEG,single,1,1.0,1,True
D07P_NEG__F363,D07P_NEG,single,1,1.0,1,True
D07P_NEG__F365,D07P_NEG,single,1,1.0,1,True
D07P_NEG__F366,D07P_NEG,multi,1,0.9619140625,1,True
D07P_NEG__F368,D07P_NEG,single,1,1.0,1,True
D07P_NEG__F369,D07P_NEG,single,1,1.0,1,True
D07P_NEG__F37,D07P_NEG,single,1,0.8515625,1,True
D07P_NEG__F371,D07P_NEG,single,1,1.0,1,True
D07P_NEG__F374,D07P_NEG,single,1,1.0,1,True
D07P_NEG__F375,D07P_NEG,single,1,1.0,1,True
D07P_NEG__F376,D07P_NEG,empty,0,3.218650817871094e-05,0,True
D07P_NEG__F377,D07P_NEG,empty,0,0.0,0,True
D07P_NEG__F378,D07P_NEG,multi,1,1.0,1,True
D07P_NEG__F38,D07P_NEG,empty,0,0.0,0,True
D07P_NEG__F383,D07P_NEG,single,1,1.0,1,True
D07P_NEG__F385,D07P_NEG,single,1,1.0,1,True
D07P_NEG__F387,D07P_NEG,single,1,1.0,1,True
D07P_NEG__F389,D07P_NEG,single,1,1.0,1,True
D07P_NEG__F39,D07P_NEG,empty,0,0.0,0,True
D07P_NEG__F391,D07P_NEG,single,1,1.0,1,True
D07P_NEG__F394,D07P_NEG,multi,1,1.0,1,True
D07P_NEG__F397,D07P_NEG,multi,1,0.57763671875,0,False
D07P_NEG__F398,D07P_NEG,multi,1,1.0,1,True
D07P_NEG__F399,D07P_NEG,single,1,1.0,1,True
D07P_NEG__F4,D07P_NEG,empty,0,1.0311603546142578e-05,0,True
D07P_NEG__F40,D07P_NEG,empty,0,1.1920928955078125e-07,0,True
D07P_NEG__F401,D07P_NEG,single,1,1.0,1,True
D07P_NEG__F403,D07P_NEG,single,1,1.0,1,True
D07P_NEG__F404,D07P_NEG,single,1,1.0,1,True
D07P_NEG__F406,D07P_NEG,single,1,1.0,1,True
D07P_NEG__F408,D07P_NEG,single,1,1.0,1,True
D07P_NEG__F411,D07P_NEG,single,1,1.0,1,True
D07P_NEG__F412,D07P_NEG,single,1,1.0,1,True
D07P_NEG__F416,D07P_NEG,empty,0,0.0,0,True
D07P_NEG__F418,D07P_NEG,multi,1,1.0,1,True
D07P_NEG__F422,D07P_NEG,multi,1,1.0,1,True
D07P_NEG__F424,D07P_NEG,single,1,1.0,1,True
D07P_NEG__F425,D07P_NEG,multi,1,1.0,1,True
D07P_NEG__F427,D07P_NEG,single,1,1.0,1,True
D07P_NEG__F429,D07P_NEG,single,1,1.0,1,True
D07P_NEG__F43,D07P_NEG,single,1,0.9990234375,1,True
D07P_NEG__F430,D07P_NEG,multi,1,1.0,1,True
D07P_NEG__F432,D07P_NEG,single,1,1.0,1,True
D07P_NEG__F435,D07P_NEG,multi,1,1.0,1,True
D07P_NEG__F438,D07P_NEG,multi,1,1.0,1,True
D07P_NEG__F441,D07P_NEG,single,1,1.0,1,True
D07P_NEG__F443,D07P_NEG,multi,1,1.0,1,True
D07P_NEG__F448,D07P_NEG,multi,1,1.0,1,True
D07P_NEG__F450,D07P_NEG,single,1,1.0,1,True
D07P_NEG__F451,D07P_NEG,single,1,1.0,1,True
D07P_NEG__F452,D07P_NEG,multi,1,1.0,1,True
D07P_NEG__F456,D07P_NEG,multi,1,1.0,1,True
D07P_NEG__F457,D07P_NEG,single,1,1.0,1,True
D07P_NEG__F458,D07P_NEG,multi,1,1.0,1,True
D07P_NEG__F46,D07P_NEG,single,1,1.0,1,True
D07P_NEG__F461,D07P_NEG,single,1,1.0,1,True
D07P_NEG__F462,D07P_NEG,single,1,1.0,1,True
D07P_NEG__F465,D07P_NEG,single,1,1.0,1,True
D07P_NEG__F466,D07P_NEG,single,1,1.0,1,True
D07P_NEG__F468,D07P_NEG,single,1,1.0,1,True
D07P_NEG__F469,D07P_NEG,single,1,1.0,1,True
D07P_NEG__F47,D07P_NEG,single,1,0.99951171875,1,True
D07P_NEG__F473,D07P_NEG,multi,1,0.99951171875,1,True
D07P_NEG__F478,D07P_NEG,single,1,1.0,1,True
D07P_NEG__F481,D07P_NEG,single,1,0.95458984375,1,True
D07P_NEG__F483,D07P_NEG,empty,0,0.0,0,True
D07P_NEG__F484,D07P_NEG,single,1,1.0,1,True
D07P_NEG__F486,D07P_NEG,multi,1,1.0,1,True
D07P_NEG__F488,D07P_NEG,single,1,1.0,1,True
D07P_NEG__F49,D07P_NEG,single,1,1.0,1,True
D07P_NEG__F491,D07P_NEG,multi,1,1.0,1,True
D07P_NEG__F493,D07P_NEG,multi,1,1.0,1,True
D07P_NEG__F494,D07P_NEG,single,1,1.0,1,True
D07P_NEG__F495,D07P_NEG,single,1,1.0,1,True
D07P_NEG__F497,D07P_NEG,single,1,1.0,1,True
D07P_NEG__F498,D07P_NEG,empty,0,0.0,0,True
D07P_NEG__F500,D07P_NEG,single,1,1.0,1,True
D07P_NEG__F505,D07P_NEG,multi,1,1.0,1,True
D07P_NEG__F506,D07P_NEG,multi,1,0.99951171875,1,True
D07P_NEG__F507,D07P_NEG,single,1,1.0,1,True
D07P_NEG__F508,D07P_NEG,multi,1,1.0,1,True
D07P_NEG__F509,D07P_NEG,multi,1,1.0,1,True
D07P_NEG__F514,D07P_NEG,single,1,1.0,1,True
D07P_NEG__F515,D07P_NEG,multi,1,1.0,1,True
D07P_NEG__F516,D07P_NEG,multi,1,1.0,1,True
D07P_NEG__F517,D07P_NEG,multi,1,1.0,1,True
D07P_NEG__F518,D07P_NEG,multi,1,1.0,1,True
D07P_NEG__F519,D07P_NEG,multi,1,1.0,1,True
D07P_NEG__F520,D07P_NEG,single,1,1.0,1,True
D07P_NEG__F522,D07P_NEG,single,1,1.0,1,True
D07P_NEG__F523,D07P_NEG,multi,1,1.0,1,True
D07P_NEG__F524,D07P_NEG,multi,1,1.0,1,True
D07P_NEG__F526,D07P_NEG,single,1,1.0,1,True
D07P_NEG__F527,D07P_NEG,multi,1,1.0,1,True
D07P_NEG__F529,D07P_NEG,single,1,1.0,1,True
D07P_NEG__F531,D07P_NEG,multi,1,1.0,1,True
D07P_NEG__F532,D07P_NEG,multi,1,1.0,1,True
D07P_NEG__F533,D07P_NEG,multi,1,1.0,1,True
D07P_NEG__F534,D07P_NEG,multi,1,1.0,1,True
D07P_NEG__F537,D07P_NEG,multi,1,1.0,1,True
D07P_NEG__F538,D07P_NEG,single,1,1.0,1,True
D07P_NEG__F540,D07P_NEG,single,1,1.0,1,True
D07P_NEG__F541,D07P_NEG,multi,1,1.0,1,True
D07P_NEG__F543,D07P_NEG,single,1,1.0,1,True
D07P_NEG__F544,D07P_NEG,single,1,1.0,1,True
D07P_NEG__F56,D07P_NEG,single,1,1.0,1,True
D07P_NEG__F57,D07P_NEG,single,1,1.0,1,True
D07P_NEG__F58,D07P_NEG,empty,0,0.0,0,True
D07P_NEG__F6,D07P_NEG,empty,0,0.0,0,True
D07P_NEG__F60,D07P_NEG,empty,0,5.960464477539063e-08,0,True
D07P_NEG__F61,D07P_NEG,single,1,0.99853515625,1,True
D07P_NEG__F64,D07P_NEG,empty,0,0.0,0,True
D07P_NEG__F67,D07P_NEG,single,1,1.0,1,True
D07P_NEG__F68,D07P_NEG,single,1,1.0,1,True
D07P_NEG__F69,D07P_NEG,single,1,1.0,1,True
D07P_NEG__F7,D07P_NEG,empty,0,0.0,0,True
D07P_NEG__F70,D07P_NEG,single,1,1.0,1,True
D07P_NEG__F71,D07P_NEG,single,1,0.398681640625,0,False
D07P_NEG__F73,D07P_NEG,single,1,1.0,1,True
D07P_NEG__F74,D07P_NEG,single,1,1.0,1,True
D07P_NEG__F75,D07P_NEG,empty,0,0.0,0,True
D07P_NEG__F76,D07P_NEG,single,1,1.0,1,True
D07P_NEG__F77,D07P_NEG,multi,1,0.765625,1,True
D07P_NEG__F78,D07P_NEG,single,1,2.682209014892578e-06,0,False
D07P_NEG__F79,D07P_NEG,multi,1,1.0,1,True
D07P_NEG__F8,D07P_NEG,empty,0,0.0,0,True
D07P_NEG__F80,D07P_NEG,empty,0,0.0,0,True
D07P_NEG__F82,D07P_NEG,single,1,1.0,1,True
D07P_NEG__F83,D07P_NEG,empty,0,0.0,0,True
D07P_NEG__F84,D07P_NEG,single,1,1.0,1,True
D07P_NEG__F85,D07P_NEG,single,1,1.0,1,True
D07P_NEG__F87,D07P_NEG,empty,0,0.0,0,True
D07P_NEG__F90,D07P_NEG,multi,1,1.0,1,True
D07P_NEG__F91,D07P_NEG,multi,1,1.0,1,True
D07P_NEG__F93,D07P_NEG,empty,0,0.0,0,True
D07P_NEG__F94,D07P_NEG,empty,0,0.0,0,True
D07P_NEG__F95,D07P_NEG,single,1,1.0,1,True
D03P_POS__F1,D03P_POS,single,1,1.0,1,True
D03P_POS__F10,D03P_POS,empty,0,0.0,0,True
D03P_POS__F100,D03P_POS,multi,1,1.0,1,True
D03P_POS__F1000,D03P_POS,multi,1,1.0,1,True
D03P_POS__F1001,D03P_POS,multi,1,0.1798095703125,0,False
D03P_POS__F1002,D03P_POS,multi,1,1.0,1,True
D03P_POS__F1006,D03P_POS,multi,1,1.0,1,True
D03P_POS__F1007,D03P_POS,multi,1,1.0,1,True
D03P_POS__F1008,D03P_POS,single,1,1.0,1,True
D03P_POS__F1010,D03P_POS,multi,1,1.0,1,True
D03P_POS__F1019,D03P_POS,multi,1,1.0,1,True
D03P_POS__F1024,D03P_POS,multi,1,1.0,1,True
D03P_POS__F103,D03P_POS,empty,0,4.172325134277344e-07,0,True
D03P_POS__F1030,D03P_POS,single,1,1.0,1,True
D03P_POS__F1034,D03P_POS,multi,1,1.0,1,True
D03P_POS__F1036,D03P_POS,multi,1,0.99951171875,1,True
D03P_POS__F1037,D03P_POS,single,1,1.0,1,True
D03P_POS__F1038,D03P_POS,multi,1,1.0,1,True
D03P_POS__F1040,D03P_POS,multi,1,0.99951171875,1,True
D03P_POS__F1044,D03P_POS,multi,1,1.0,1,True
D03P_POS__F105,D03P_POS,multi,1,1.0,1,True
D03P_POS__F1050,D03P_POS,multi,1,1.0,1,True
D03P_POS__F1051,D03P_POS,multi,1,1.0,1,True
D03P_POS__F1053,D03P_POS,multi,1,1.0,1,True
D03P_POS__F1054,D03P_POS,multi,1,1.0,1,True
D03P_POS__F1058,D03P_POS,multi,1,1.0,1,True
D03P_POS__F1059,D03P_POS,multi,1,1.0,1,True
D03P_POS__F106,D03P_POS,single,1,1.0,1,True
D03P_POS__F1062,D03P_POS,multi,1,1.0,1,True
D03P_POS__F1068,D03P_POS,multi,1,1.0,1,True
D03P_POS__F1069,D03P_POS,multi,1,1.0,1,True
D03P_POS__F107,D03P_POS,single,1,1.0,1,True
D03P_POS__F1074,D03P_POS,multi,1,0.99169921875,1,True
D03P_POS__F1075,D03P_POS,multi,1,1.0,1,True
D03P_POS__F1076,D03P_POS,multi,1,1.0,1,True
D03P_POS__F1079,D03P_POS,multi,1,1.0,1,True
D03P_POS__F1081,D03P_POS,multi,1,1.0,1,True
D03P_POS__F1086,D03P_POS,multi,1,1.0,1,True
D03P_POS__F1090,D03P_POS,multi,1,1.0,1,True
D03P_POS__F1091,D03P_POS,multi,1,1.0,1,True
D03P_POS__F1093,D03P_POS,multi,1,1.0,1,True
D03P_POS__F1094,D03P_POS,multi,1,0.779296875,1,True
D03P_POS__F1097,D03P_POS,single,1,1.0,1,True
D03P_POS__F1099,D03P_POS,multi,1,1.0,1,True
D03P_POS__F11,D03P_POS,single,1,1.0,1,True
D03P_POS__F1100,D03P_POS,multi,1,1.0,1,True
D03P_POS__F1101,D03P_POS,multi,1,1.0,1,True
D03P_POS__F1104,D03P_POS,multi,1,1.0,1,True
D03P_POS__F1106,D03P_POS,multi,1,1.0,1,True
D03P_POS__F1107,D03P_POS,multi,1,1.0,1,True
D03P_POS__F1112,D03P_POS,single,1,1.0,1,True
D03P_POS__F1114,D03P_POS,single,1,1.0,1,True
D03P_POS__F1115,D03P_POS,multi,1,1.0,1,True
D03P_POS__F1117,D03P_POS,multi,1,1.0,1,True
D03P_POS__F1121,D03P_POS,multi,1,1.0,1,True
D03P_POS__F1125,D03P_POS,multi,1,1.0,1,True
D03P_POS__F1128,D03P_POS,multi,1,1.0,1,True
D03P_POS__F1129,D03P_POS,multi,1,1.0,1,True
D03P_POS__F1132,D03P_POS,multi,1,0.95556640625,1,True
D03P_POS__F1135,D03P_POS,single,1,1.0,1,True
D03P_POS__F1139,D03P_POS,multi,1,1.0,1,True
D03P_POS__F1140,D03P_POS,multi,1,1.0,1,True
D03P_POS__F1149,D03P_POS,multi,1,1.0,1,True
D03P_POS__F1157,D03P_POS,multi,1,0.64404296875,0,False
D03P_POS__F1158,D03P_POS,multi,1,0.9541015625,1,True
D03P_POS__F1159,D03P_POS,multi,1,1.0,1,True
D03P_POS__F116,D03P_POS,single,1,1.0,1,True
D03P_POS__F1160,D03P_POS,multi,1,1.0,1,True
D03P_POS__F1164,D03P_POS,multi,1,1.0,1,True
D03P_POS__F1166,D03P_POS,single,1,1.0,1,True
D03P_POS__F1173,D03P_POS,multi,1,1.0,1,True
D03P_POS__F1175,D03P_POS,multi,1,0.00498199462890625,0,False
D03P_POS__F1176,D03P_POS,multi,1,1.0,1,True
D03P_POS__F1177,D03P_POS,multi,1,0.99951171875,1,True
D03P_POS__F1182,D03P_POS,multi,1,0.02386474609375,0,False
D03P_POS__F1187,D03P_POS,multi,1,1.0,1,True
D03P_POS__F1188,D03P_POS,multi,1,1.0,1,True
D03P_POS__F119,D03P_POS,multi,1,1.0,1,True
D03P_POS__F1190,D03P_POS,single,1,1.0,1,True
D03P_POS__F1196,D03P_POS,multi,1,1.0,1,True
D03P_POS__F1198,D03P_POS,multi,1,1.0,1,True
D03P_POS__F1201,D03P_POS,multi,1,0.99951171875,1,True
D03P_POS__F1205,D03P_POS,empty,0,0.0,0,True
D03P_POS__F1206,D03P_POS,empty,0,0.0,0,True
D03P_POS__F1209,D03P_POS,multi,1,1.0,1,True
D03P_POS__F1213,D03P_POS,multi,1,1.0,1,True
D03P_POS__F1215,D03P_POS,multi,1,1.0,1,True
D03P_POS__F1219,D03P_POS,multi,1,1.0,1,True
D03P_POS__F1223,D03P_POS,multi,1,1.0,1,True
D03P_POS__F1224,D03P_POS,multi,1,1.0,1,True
D03P_POS__F1225,D03P_POS,multi,1,0.99951171875,1,True
D03P_POS__F1226,D03P_POS,multi,1,1.0,1,True
D03P_POS__F1230,D03P_POS,multi,1,1.0,1,True
D03P_POS__F1232,D03P_POS,multi,1,1.0,1,True
D03P_POS__F1233,D03P_POS,multi,1,0.9990234375,1,True
D03P_POS__F1236,D03P_POS,multi,1,1.0,1,True
D03P_POS__F1237,D03P_POS,multi,1,1.0,1,True
D03P_POS__F1238,D03P_POS,multi,1,1.0,1,True
D03P_POS__F124,D03P_POS,empty,0,0.0,0,True
D03P_POS__F1240,D03P_POS,multi,1,0.732421875,1,True
D03P_POS__F1244,D03P_POS,multi,1,1.0,1,True
D03P_POS__F1248,D03P_POS,multi,1,1.0,1,True
D03P_POS__F1250,D03P_POS,single,1,1.0,1,True
D03P_POS__F1254,D03P_POS,multi,1,1.0,1,True
D03P_POS__F1255,D03P_POS,single,1,1.0,1,True
D03P_POS__F1257,D03P_POS,multi,1,1.0,1,True
D03P_POS__F1259,D03P_POS,multi,1,1.0,1,True
D03P_POS__F126,D03P_POS,multi,1,1.0,1,True
D03P_POS__F1260,D03P_POS,multi,1,1.0,1,True
D03P_POS__F1263,D03P_POS,multi,1,1.0,1,True
D03P_POS__F1264,D03P_POS,multi,1,1.0,1,True
D03P_POS__F1267,D03P_POS,multi,1,1.0,1,True
D03P_POS__F1269,D03P_POS,multi,1,1.0,1,True
D03P_POS__F1270,D03P_POS,multi,1,0.99951171875,1,True
D03P_POS__F1272,D03P_POS,multi,1,0.99365234375,1,True
D03P_POS__F1273,D03P_POS,multi,1,1.0,1,True
D03P_POS__F1277,D03P_POS,multi,1,1.0,1,True
D03P_POS__F1279,D03P_POS,multi,1,1.0,1,True
D03P_POS__F1281,D03P_POS,multi,1,1.0,1,True
D03P_POS__F1283,D03P_POS,multi,1,1.0,1,True
D03P_POS__F1284,D03P_POS,multi,1,1.0,1,True
D03P_POS__F1290,D03P_POS,multi,1,1.0,1,True
D03P_POS__F1291,D03P_POS,multi,1,1.0,1,True
D03P_POS__F1294,D03P_POS,multi,1,0.9873046875,1,True
D03P_POS__F1296,D03P_POS,multi,1,1.0,1,True
D03P_POS__F1297,D03P_POS,multi,1,1.0,1,True
D03P_POS__F1299,D03P_POS,multi,1,1.0,1,True
D03P_POS__F1303,D03P_POS,multi,1,1.0,1,True
D03P_POS__F1304,D03P_POS,multi,1,1.0,1,True
D03P_POS__F1305,D03P_POS,multi,1,0.99951171875,1,True
D03P_POS__F1307,D03P_POS,single,1,1.0,1,True
D03P_POS__F1308,D03P_POS,multi,1,1.0,1,True
D03P_POS__F1312,D03P_POS,multi,1,0.99853515625,1,True
D03P_POS__F1313,D03P_POS,multi,1,1.0,1,True
D03P_POS__F1315,D03P_POS,multi,1,1.0,1,True
D03P_POS__F1316,D03P_POS,multi,1,1.0,1,True
D03P_POS__F1317,D03P_POS,multi,1,1.0,1,True
D03P_POS__F1319,D03P_POS,multi,1,0.9990234375,1,True
D03P_POS__F1320,D03P_POS,multi,1,1.0,1,True
D03P_POS__F1321,D03P_POS,multi,1,1.0,1,True
D03P_POS__F1325,D03P_POS,single,1,1.0,1,True
D03P_POS__F1326,D03P_POS,multi,1,1.0,1,True
D03P_POS__F1331,D03P_POS,multi,1,1.0,1,True
D03P_POS__F1332,D03P_POS,single,1,1.0,1,True
D03P_POS__F1340,D03P_POS,single,1,1.0,1,True
D03P_POS__F1342,D03P_POS,single,1,1.0,1,True
D03P_POS__F1346,D03P_POS,multi,1,1.0,1,True
D03P_POS__F1348,D03P_POS,multi,1,0.99853515625,1,True
D03P_POS__F1355,D03P_POS,single,1,1.0,1,True
D03P_POS__F1358,D03P_POS,single,1,1.0,1,True
D03P_POS__F1360,D03P_POS,multi,1,1.0,1,True
D03P_POS__F1369,D03P_POS,single,1,1.0,1,True
D03P_POS__F137,D03P_POS,single,1,1.0,1,True
D03P_POS__F1370,D03P_POS,multi,1,1.0,1,True
D03P_POS__F1373,D03P_POS,multi,1,1.0,1,True
D03P_POS__F1374,D03P_POS,multi,1,1.0,1,True
D03P_POS__F1378,D03P_POS,multi,1,1.0,1,True
D03P_POS__F1382,D03P_POS,multi,1,0.89404296875,1,True
D03P_POS__F1383,D03P_POS,multi,1,1.0,1,True
D03P_POS__F1384,D03P_POS,multi,1,1.0,1,True
D03P_POS__F1385,D03P_POS,single,1,1.0,1,True
D03P_POS__F1386,D03P_POS,multi,1,0.998046875,1,True
D03P_POS__F1391,D03P_POS,multi,1,1.0,1,True
D03P_POS__F140,D03P_POS,single,1,1.0,1,True
D03P_POS__F141,D03P_POS,single,1,1.0,1,True
D03P_POS__F145,D03P_POS,multi,1,1.0,1,True
D03P_POS__F156,D03P_POS,multi,1,0.004451751708984375,0,False
D03P_POS__F159,D03P_POS,single,1,1.0,1,True
D03P_POS__F16,D03P_POS,multi,1,1.0,1,True
D03P_POS__F164,D03P_POS,multi,1,1.0,1,True
D03P_POS__F168,D03P_POS,single,1,1.0,1,True
D03P_POS__F170,D03P_POS,multi,1,1.0,1,True
D03P_POS__F174,D03P_POS,multi,1,1.0,1,True
D03P_POS__F179,D03P_POS,empty,0,0.0,0,True
D03P_POS__F182,D03P_POS,single,1,0.96630859375,1,True
D03P_POS__F184,D03P_POS,multi,1,0.0204925537109375,0,False
D03P_POS__F185,D03P_POS,multi,1,1.0,1,True
D03P_POS__F19,D03P_POS,single,1,1.0,1,True
D03P_POS__F193,D03P_POS,multi,1,1.0,1,True
D03P_POS__F194,D03P_POS,multi,1,1.0,1,True
D03P_POS__F195,D03P_POS,single,1,1.0,1,True
D03P_POS__F196,D03P_POS,single,1,1.0,1,True
D03P_POS__F199,D03P_POS,multi,1,1.0,1,True
D03P_POS__F200,D03P_POS,single,1,0.94873046875,1,True
D03P_POS__F209,D03P_POS,multi,1,1.0,1,True
D03P_POS__F210,D03P_POS,multi,1,1.0,1,True
D03P_POS__F211,D03P_POS,multi,1,1.0,1,True
D03P_POS__F212,D03P_POS,single,1,1.0,1,True
D03P_POS__F223,D03P_POS,multi,1,1.0,1,True
D03P_POS__F224,D03P_POS,multi,1,1.0,1,True
D03P_POS__F225,D03P_POS,single,1,1.0,1,True
D03P_POS__F228,D03P_POS,single,1,1.0,1,True
D03P_POS__F229,D03P_POS,single,1,0.0005793571472167969,0,False
D03P_POS__F23,D03P_POS,single,1,1.0,1,True
D03P_POS__F234,D03P_POS,single,1,1.0,1,True
D03P_POS__F237,D03P_POS,single,1,1.0,1,True
D03P_POS__F241,D03P_POS,multi,1,1.0,1,True
D03P_POS__F248,D03P_POS,multi,1,1.0,1,True
D03P_POS__F250,D03P_POS,multi,1,1.0,1,True
D03P_POS__F256,D03P_POS,single,1,1.0,1,True
D03P_POS__F257,D03P_POS,multi,1,0.00023055076599121094,0,False
D03P_POS__F258,D03P_POS,multi,1,1.0,1,True
D03P_POS__F259,D03P_POS,multi,1,1.0,1,True
D03P_POS__F26,D03P_POS,empty,0,0.0,0,True
D03P_POS__F260,D03P_POS,multi,1,1.0,1,True
D03P_POS__F262,D03P_POS,multi,1,1.0,1,True
D03P_POS__F265,D03P_POS,single,1,0.05780029296875,0,False
D03P_POS__F267,D03P_POS,single,1,1.0,1,True
D03P_POS__F271,D03P_POS,multi,1,1.0,1,True
D03P_POS__F279,D03P_POS,multi,1,0.9892578125,1,True
D03P_POS__F28,D03P_POS,single,1,1.0,1,True
D03P_POS__F286,D03P_POS,empty,0,4.76837158203125e-07,0,True
D03P_POS__F287,D03P_POS,multi,1,0.354248046875,0,False
D03P_POS__F29,D03P_POS,empty,0,0.0,0,True
D03P_POS__F292,D03P_POS,empty,0,0.0007886886596679688,0,True
D03P_POS__F297,D03P_POS,empty,0,9.316205978393555e-05,0,True
D03P_POS__F3,D03P_POS,multi,1,2.384185791015625e-07,0,False
D03P_POS__F300,D03P_POS,multi,1,1.0,1,True
D03P_POS__F303,D03P_POS,multi,1,1.0,1,True
D03P_POS__F306,D03P_POS,single,1,1.0,1,True
D03P_POS__F307,D03P_POS,multi,1,1.0,1,True
D03P_POS__F310,D03P_POS,multi,1,1.0,1,True
D03P_POS__F311,D03P_POS,multi,1,1.0,1,True
D03P_POS__F313,D03P_POS,multi,1,1.0,1,True
D03P_POS__F315,D03P_POS,multi,1,1.0,1,True
D03P_POS__F319,D03P_POS,multi,1,1.0,1,True
D03P_POS__F32,D03P_POS,single,1,1.0,1,True
D03P_POS__F320,D03P_POS,multi,1,1.0,1,True
D03P_POS__F323,D03P_POS,multi,1,1.0,1,True
D03P_POS__F328,D03P_POS,multi,1,1.0,1,True
D03P_POS__F33,D03P_POS,empty,0,1.0,1,False
D03P_POS__F330,D03P_POS,multi,1,1.0,1,True
D03P_POS__F334,D03P_POS,multi,1,1.0,1,True
D03P_POS__F337,D03P_POS,single,1,0.0019044876098632812,0,False
D03P_POS__F339,D03P_POS,multi,1,1.0,1,True
D03P_POS__F341,D03P_POS,multi,1,1.0,1,True
D03P_POS__F342,D03P_POS,multi,1,1.0,1,True
D03P_POS__F343,D03P_POS,single,1,1.0,1,True
D03P_POS__F347,D03P_POS,multi,1,1.0,1,True
D03P_POS__F350,D03P_POS,multi,1,1.0,1,True
D03P_POS__F352,D03P_POS,multi,1,1.0,1,True
D03P_POS__F353,D03P_POS,multi,1,1.0,1,True
D03P_POS__F355,D03P_POS,multi,1,1.0,1,True
D03P_POS__F360,D03P_POS,multi,1,1.0,1,True
D03P_POS__F364,D03P_POS,single,1,1.0,1,True
D03P_POS__F366,D03P_POS,single,1,1.0,1,True
D03P_POS__F369,D03P_POS,multi,1,1.0,1,True
D03P_POS__F371,D03P_POS,multi,1,1.0,1,True
D03P_POS__F372,D03P_POS,multi,1,1.0,1,True
D03P_POS__F374,D03P_POS,multi,1,1.0,1,True
D03P_POS__F375,D03P_POS,empty,0,2.3245811462402344e-06,0,True
D03P_POS__F376,D03P_POS,single,1,1.0,1,True
D03P_POS__F377,D03P_POS,single,1,1.0,1,True
D03P_POS__F381,D03P_POS,multi,1,1.0,1,True
D03P_POS__F383,D03P_POS,multi,1,1.0,1,True
D03P_POS__F384,D03P_POS,multi,1,1.0,1,True
D03P_POS__F390,D03P_POS,multi,1,1.0,1,True
D03P_POS__F391,D03P_POS,multi,1,1.0,1,True
D03P_POS__F394,D03P_POS,single,1,1.0,1,True
D03P_POS__F395,D03P_POS,single,1,1.0,1,True
D03P_POS__F396,D03P_POS,single,1,1.0,1,True
D03P_POS__F399,D03P_POS,multi,1,1.0,1,True
D03P_POS__F40,D03P_POS,multi,1,1.0,1,True
D03P_POS__F406,D03P_POS,single,1,1.0,1,True
D03P_POS__F409,D03P_POS,multi,1,1.0,1,True
D03P_POS__F412,D03P_POS,multi,1,1.0,1,True
D03P_POS__F413,D03P_POS,multi,1,1.0,1,True
D03P_POS__F414,D03P_POS,multi,1,1.0,1,True
D03P_POS__F415,D03P_POS,single,1,1.0,1,True
D03P_POS__F416,D03P_POS,single,1,1.0,1,True
D03P_POS__F417,D03P_POS,single,1,1.0,1,True
D03P_POS__F420,D03P_POS,multi,1,1.0,1,True
D03P_POS__F425,D03P_POS,multi,1,1.0,1,True
D03P_POS__F43,D03P_POS,single,1,1.0,1,True
D03P_POS__F431,D03P_POS,single,1,1.0,1,True
D03P_POS__F433,D03P_POS,multi,1,0.693359375,0,False
D03P_POS__F436,D03P_POS,single,1,1.0,1,True
D03P_POS__F439,D03P_POS,single,1,1.0,1,True
D03P_POS__F440,D03P_POS,multi,1,1.0,1,True
D03P_POS__F441,D03P_POS,single,1,1.0,1,True
D03P_POS__F443,D03P_POS,single,1,1.0,1,True
D03P_POS__F447,D03P_POS,single,1,1.0,1,True
D03P_POS__F448,D03P_POS,single,1,1.0,1,True
D03P_POS__F449,D03P_POS,multi,1,1.0,1,True
D03P_POS__F45,D03P_POS,single,1,1.0,1,True
D03P_POS__F451,D03P_POS,multi,1,1.0,1,True
D03P_POS__F452,D03P_POS,multi,1,1.0,1,True
D03P_POS__F458,D03P_POS,single,1,1.0,1,True
D03P_POS__F459,D03P_POS,multi,1,1.0,1,True
D03P_POS__F46,D03P_POS,single,1,1.0,1,True
D03P_POS__F462,D03P_POS,single,1,1.0,1,True
D03P_POS__F463,D03P_POS,single,1,1.0,1,True
D03P_POS__F465,D03P_POS,single,1,1.0,1,True
D03P_POS__F468,D03P_POS,multi,1,1.0,1,True
D03P_POS__F478,D03P_POS,multi,1,1.0,1,True
D03P_POS__F480,D03P_POS,single,1,1.0,1,True
D03P_POS__F482,D03P_POS,single,1,1.0,1,True
D03P_POS__F483,D03P_POS,single,1,1.0,1,True
D03P_POS__F487,D03P_POS,single,1,1.0,1,True
D03P_POS__F491,D03P_POS,multi,1,1.0,1,True
D03P_POS__F494,D03P_POS,single,1,1.0,1,True
D03P_POS__F495,D03P_POS,multi,1,1.0,1,True
D03P_POS__F499,D03P_POS,multi,1,1.0,1,True
D03P_POS__F501,D03P_POS,multi,1,1.0,1,True
D03P_POS__F504,D03P_POS,single,1,1.0,1,True
D03P_POS__F505,D03P_POS,single,1,1.0,1,True
D03P_POS__F507,D03P_POS,single,1,1.0,1,True
D03P_POS__F514,D03P_POS,single,1,1.0,1,True
D03P_POS__F515,D03P_POS,single,1,1.0,1,True
D03P_POS__F516,D03P_POS,multi,1,1.0,1,True
D03P_POS__F522,D03P_POS,single,1,1.0,1,True
D03P_POS__F523,D03P_POS,single,1,1.0,1,True
D03P_POS__F526,D03P_POS,single,1,1.0,1,True
D03P_POS__F527,D03P_POS,single,1,1.0,1,True
D03P_POS__F530,D03P_POS,multi,1,1.0,1,True
D03P_POS__F532,D03P_POS,single,1,1.0,1,True
D03P_POS__F534,D03P_POS,single,1,0.9990234375,1,True
D03P_POS__F537,D03P_POS,single,1,1.0,1,True
D03P_POS__F545,D03P_POS,single,1,1.0,1,True
D03P_POS__F546,D03P_POS,single,1,0.9423828125,1,True
D03P_POS__F548,D03P_POS,single,1,1.0,1,True
D03P_POS__F549,D03P_POS,multi,1,1.0,1,True
D03P_POS__F553,D03P_POS,single,1,0.0293731689453125,0,False
D03P_POS__F554,D03P_POS,multi,1,1.0,1,True
D03P_POS__F555,D03P_POS,single,1,1.0,1,True
D03P_POS__F556,D03P_POS,multi,1,1.0,1,True
D03P_POS__F56,D03P_POS,multi,1,1.0,1,True
D03P_POS__F561,D03P_POS,single,1,1.0,1,True
D03P_POS__F562,D03P_POS,multi,1,1.0,1,True
D03P_POS__F568,D03P_POS,single,1,1.0,1,True
D03P_POS__F569,D03P_POS,multi,1,1.0,1,True
D03P_POS__F571,D03P_POS,multi,1,1.0,1,True
D03P_POS__F572,D03P_POS,multi,1,1.0,1,True
D03P_POS__F573,D03P_POS,multi,1,1.0,1,True
D03P_POS__F574,D03P_POS,single,1,0.84912109375,1,True
D03P_POS__F576,D03P_POS,single,1,1.0,1,True
D03P_POS__F580,D03P_POS,single,1,1.0,1,True
D03P_POS__F582,D03P_POS,single,1,1.0,1,True
D03P_POS__F583,D03P_POS,single,1,1.0,1,True
D03P_POS__F584,D03P_POS,multi,1,1.0,1,True
D03P_POS__F585,D03P_POS,single,1,1.0,1,True
D03P_POS__F586,D03P_POS,single,1,1.0,1,True
D03P_POS__F588,D03P_POS,multi,1,1.0,1,True
D03P_POS__F590,D03P_POS,multi,1,1.0,1,True
D03P_POS__F591,D03P_POS,single,1,1.0,1,True
D03P_POS__F592,D03P_POS,single,1,1.0,1,True
D03P_POS__F594,D03P_POS,single,1,0.99951171875,1,True
D03P_POS__F596,D03P_POS,single,1,0.99951171875,1,True
D03P_POS__F598,D03P_POS,single,1,0.99951171875,1,True
D03P_POS__F599,D03P_POS,single,1,1.0,1,True
D03P_POS__F6,D03P_POS,empty,0,0.0,0,True
D03P_POS__F60,D03P_POS,multi,1,3.5762786865234375e-07,0,False
D03P_POS__F600,D03P_POS,single,1,1.0,1,True
D03P_POS__F604,D03P_POS,single,1,1.0,1,True
D03P_POS__F606,D03P_POS,multi,1,1.0,1,True
D03P_POS__F608,D03P_POS,single,1,1.0,1,True
D03P_POS__F610,D03P_POS,multi,1,1.0,1,True
D03P_POS__F616,D03P_POS,multi,1,1.0,1,True
D03P_POS__F618,D03P_POS,multi,1,1.0,1,True
D03P_POS__F620,D03P_POS,multi,1,1.0,1,True
D03P_POS__F621,D03P_POS,multi,1,1.0,1,True
D03P_POS__F622,D03P_POS,multi,1,1.0,1,True
D03P_POS__F627,D03P_POS,multi,1,1.0,1,True
D03P_POS__F632,D03P_POS,multi,1,0.99951171875,1,True
D03P_POS__F637,D03P_POS,multi,1,1.0,1,True
D03P_POS__F638,D03P_POS,multi,1,1.0,1,True
D03P_POS__F645,D03P_POS,multi,1,1.0,1,True
D03P_POS__F651,D03P_POS,multi,1,1.0,1,True
D03P_POS__F652,D03P_POS,single,1,1.0,1,True
D03P_POS__F66,D03P_POS,empty,0,1.7881393432617188e-07,0,True
D03P_POS__F661,D03P_POS,single,1,0.99853515625,1,True
D03P_POS__F662,D03P_POS,multi,1,1.0,1,True
D03P_POS__F663,D03P_POS,multi,1,1.0,1,True
D03P_POS__F665,D03P_POS,multi,1,1.0,1,True
D03P_POS__F666,D03P_POS,multi,1,1.0,1,True
D03P_POS__F667,D03P_POS,single,1,1.0,1,True
D03P_POS__F668,D03P_POS,single,1,1.0,1,True
D03P_POS__F669,D03P_POS,multi,1,1.0,1,True
D03P_POS__F670,D03P_POS,single,1,1.0,1,True
D03P_POS__F671,D03P_POS,multi,1,1.0,1,True
D03P_POS__F672,D03P_POS,multi,1,1.0,1,True
D03P_POS__F673,D03P_POS,multi,1,1.0,1,True
D03P_POS__F674,D03P_POS,multi,1,1.0,1,True
D03P_POS__F675,D03P_POS,multi,1,1.0,1,True
D03P_POS__F679,D03P_POS,multi,1,1.0,1,True
D03P_POS__F680,D03P_POS,multi,1,1.0,1,True
D03P_POS__F691,D03P_POS,multi,1,1.0,1,True
D03P_POS__F692,D03P_POS,multi,1,0.9990234375,1,True
D03P_POS__F693,D03P_POS,multi,1,1.0,1,True
D03P_POS__F694,D03P_POS,single,1,1.0,1,True
D03P_POS__F695,D03P_POS,multi,1,0.01129150390625,0,False
D03P_POS__F7,D03P_POS,empty,0,0.0,0,True
D03P_POS__F701,D03P_POS,multi,1,1.0,1,True
D03P_POS__F702,D03P_POS,multi,1,0.1397705078125,0,False
D03P_POS__F705,D03P_POS,multi,1,1.0,1,True
D03P_POS__F706,D03P_POS,multi,1,0.99267578125,1,True
D03P_POS__F707,D03P_POS,multi,1,1.0,1,True
D03P_POS__F709,D03P_POS,multi,1,0.97900390625,1,True
D03P_POS__F712,D03P_POS,multi,1,1.0,1,True
D03P_POS__F714,D03P_POS,multi,1,0.99853515625,1,True
D03P_POS__F715,D03P_POS,multi,1,1.0,1,True
D03P_POS__F719,D03P_POS,single,1,1.0,1,True
D03P_POS__F72,D03P_POS,single,1,0.06890869140625,0,False
D03P_POS__F721,D03P_POS,single,1,1.0,1,True
D03P_POS__F723,D03P_POS,multi,1,1.0,1,True
D03P_POS__F724,D03P_POS,single,1,1.0,1,True
D03P_POS__F725,D03P_POS,multi,1,1.0,1,True
D03P_POS__F728,D03P_POS,multi,1,0.59033203125,0,False
D03P_POS__F73,D03P_POS,multi,1,1.0,1,True
D03P_POS__F735,D03P_POS,multi,1,1.0,1,True
D03P_POS__F736,D03P_POS,multi,1,1.0,1,True
D03P_POS__F737,D03P_POS,multi,1,1.0,1,True
D03P_POS__F738,D03P_POS,multi,1,1.0,1,True
D03P_POS__F739,D03P_POS,multi,1,1.0,1,True
D03P_POS__F740,D03P_POS,multi,1,1.0,1,True
D03P_POS__F742,D03P_POS,multi,1,1.0,1,True
D03P_POS__F747,D03P_POS,single,1,1.0,1,True
D03P_POS__F751,D03P_POS,multi,1,1.0,1,True
D03P_POS__F753,D03P_POS,multi,1,1.0,1,True
D03P_POS__F755,D03P_POS,multi,1,1.0,1,True
D03P_POS__F756,D03P_POS,multi,1,1.0,1,True
D03P_POS__F758,D03P_POS,multi,1,1.0,1,True
D03P_POS__F763,D03P_POS,multi,1,1.0,1,True
D03P_POS__F765,D03P_POS,multi,1,1.0,1,True
D03P_POS__F766,D03P_POS,multi,1,1.0,1,True
D03P_POS__F768,D03P_POS,single,1,1.0,1,True
D03P_POS__F771,D03P_POS,multi,1,1.0,1,True
D03P_POS__F779,D03P_POS,single,1,1.0,1,True
D03P_POS__F78,D03P_POS,single,1,1.0,1,True
D03P_POS__F783,D03P_POS,multi,1,1.0,1,True
D03P_POS__F784,D03P_POS,multi,1,1.0,1,True
D03P_POS__F786,D03P_POS,single,1,1.0,1,True
D03P_POS__F789,D03P_POS,multi,1,1.0,1,True
D03P_POS__F793,D03P_POS,single,1,1.0,1,True
D03P_POS__F799,D03P_POS,multi,1,0.9990234375,1,True
D03P_POS__F80,D03P_POS,multi,1,1.0,1,True
D03P_POS__F803,D03P_POS,multi,1,1.0,1,True
D03P_POS__F808,D03P_POS,multi,1,1.0,1,True
D03P_POS__F81,D03P_POS,multi,1,1.0,1,True
D03P_POS__F811,D03P_POS,multi,1,1.0,1,True
D03P_POS__F812,D03P_POS,multi,1,1.0,1,True
D03P_POS__F814,D03P_POS,multi,1,1.0,1,True
D03P_POS__F82,D03P_POS,empty,0,0.0,0,True
D03P_POS__F820,D03P_POS,multi,1,1.0,1,True
D03P_POS__F821,D03P_POS,multi,1,1.0,1,True
D03P_POS__F824,D03P_POS,multi,1,1.0,1,True
D03P_POS__F826,D03P_POS,multi,1,1.0,1,True
D03P_POS__F827,D03P_POS,multi,1,1.0,1,True
D03P_POS__F830,D03P_POS,multi,1,1.0,1,True
D03P_POS__F833,D03P_POS,multi,1,1.0,1,True
D03P_POS__F840,D03P_POS,multi,1,1.0,1,True
D03P_POS__F842,D03P_POS,multi,1,1.0,1,True
D03P_POS__F844,D03P_POS,multi,1,0.97021484375,1,True
D03P_POS__F847,D03P_POS,multi,1,1.0,1,True
D03P_POS__F849,D03P_POS,multi,1,0.9990234375,1,True
D03P_POS__F85,D03P_POS,single,1,1.0,1,True
D03P_POS__F851,D03P_POS,multi,1,0.998046875,1,True
D03P_POS__F856,D03P_POS,multi,1,1.0,1,True
D03P_POS__F858,D03P_POS,multi,1,0.998046875,1,True
D03P_POS__F859,D03P_POS,multi,1,1.0,1,True
D03P_POS__F866,D03P_POS,multi,1,1.0,1,True
D03P_POS__F869,D03P_POS,multi,1,1.0,1,True
D03P_POS__F870,D03P_POS,multi,1,1.0,1,True
D03P_POS__F875,D03P_POS,single,1,1.0,1,True
D03P_POS__F876,D03P_POS,single,1,1.0,1,True
D03P_POS__F880,D03P_POS,single,1,1.0,1,True
D03P_POS__F882,D03P_POS,multi,1,1.0,1,True
D03P_POS__F883,D03P_POS,single,1,1.0,1,True
D03P_POS__F885,D03P_POS,multi,1,1.0,1,True
D03P_POS__F886,D03P_POS,multi,1,1.0,1,True
D03P_POS__F888,D03P_POS,single,1,1.0,1,True
D03P_POS__F889,D03P_POS,multi,1,1.0,1,True
D03P_POS__F89,D03P_POS,multi,1,1.0,1,True
D03P_POS__F899,D03P_POS,multi,1,1.0,1,True
D03P_POS__F900,D03P_POS,single,1,1.0,1,True
D03P_POS__F901,D03P_POS,multi,1,1.0,1,True
D03P_POS__F907,D03P_POS,multi,1,0.99365234375,1,True
D03P_POS__F908,D03P_POS,multi,1,1.0,1,True
D03P_POS__F91,D03P_POS,multi,1,1.0,1,True
D03P_POS__F910,D03P_POS,multi,1,1.0,1,True
D03P_POS__F911,D03P_POS,single,1,1.0,1,True
D03P_POS__F915,D03P_POS,multi,1,1.0,1,True
D03P_POS__F916,D03P_POS,single,1,1.0,1,True
D03P_POS__F922,D03P_POS,multi,1,1.0,1,True
D03P_POS__F925,D03P_POS,multi,1,1.0,1,True
D03P_POS__F93,D03P_POS,empty,0,0.0,0,True
D03P_POS__F931,D03P_POS,multi,1,1.0,1,True
D03P_POS__F932,D03P_POS,multi,1,0.99951171875,1,True
D03P_POS__F933,D03P_POS,single,1,1.0,1,True
D03P_POS__F934,D03P_POS,multi,1,1.0,1,True
D03P_POS__F938,D03P_POS,multi,1,1.0,1,True
D03P_POS__F940,D03P_POS,multi,1,1.0,1,True
D03P_POS__F942,D03P_POS,multi,1,1.0,1,True
D03P_POS__F945,D03P_POS,single,1,1.0,1,True
D03P_POS__F948,D03P_POS,multi,1,1.0,1,True
D03P_POS__F95,D03P_POS,empty,0,0.0,0,True
D03P_POS__F950,D03P_POS,multi,1,0.0003554821014404297,0,False
D03P_POS__F959,D03P_POS,multi,1,1.0,1,True
D03P_POS__F964,D03P_POS,multi,1,0.83203125,1,True
D03P_POS__F965,D03P_POS,multi,1,1.0,1,True
D03P_POS__F968,D03P_POS,multi,1,1.0,1,True
D03P_POS__F969,D03P_POS,multi,1,1.0,1,True
D03P_POS__F970,D03P_POS,multi,1,1.0,1,True
D03P_POS__F975,D03P_POS,multi,1,1.0,1,True
D03P_POS__F977,D03P_POS,multi,1,1.0,1,True
D03P_POS__F978,D03P_POS,multi,1,1.0,1,True
D03P_POS__F979,D03P_POS,single,1,1.0,1,True
D03P_POS__F980,D03P_POS,single,1,1.0,1,True
D03P_POS__F984,D03P_POS,single,1,1.0,1,True
D03P_POS__F985,D03P_POS,single,1,1.0,1,True
D03P_POS__F987,D03P_POS,single,1,1.0,1,True
D03P_POS__F989,D03P_POS,multi,1,1.0,1,True
D03P_POS__F994,D03P_POS,multi,1,1.0,1,True
D03P_POS__F995,D03P_POS,multi,1,1.0,1,True
NIST_Full scan_1_POS__F10005,NIST_Full scan_1_POS,single,1,0.99853515625,1,True
NIST_Full scan_1_POS__F10010,NIST_Full scan_1_POS,single,1,0.006565093994140625,0,False
NIST_Full scan_1_POS__F10011,NIST_Full scan_1_POS,single,1,0.779296875,1,True
NIST_Full scan_1_POS__F10021,NIST_Full scan_1_POS,single,1,1.2218952178955078e-05,0,False
NIST_Full scan_1_POS__F10024,NIST_Full scan_1_POS,single,1,1.0,1,True
NIST_Full scan_1_POS__F10038,NIST_Full scan_1_POS,single,1,1.0,1,True
NIST_Full scan_1_POS__F10065,NIST_Full scan_1_POS,single,1,0.99951171875,1,True
NIST_Full scan_1_POS__F10075,NIST_Full scan_1_POS,empty,0,0.0,0,True
NIST_Full scan_1_POS__F10085,NIST_Full scan_1_POS,single,1,1.0,1,True
NIST_Full scan_1_POS__F10086,NIST_Full scan_1_POS,single,1,1.0,1,True
NIST_Full scan_1_POS__F10094,NIST_Full scan_1_POS,single,1,1.0,1,True
NIST_Full scan_1_POS__F10099,NIST_Full scan_1_POS,empty,0,1.2516975402832031e-06,0,True
NIST_Full scan_1_POS__F10132,NIST_Full scan_1_POS,single,1,1.0,1,True
NIST_Full scan_1_POS__F10152,NIST_Full scan_1_POS,single,1,1.0,1,True
NIST_Full scan_1_POS__F102,NIST_Full scan_1_POS,empty,0,0.0,0,True
NIST_Full scan_1_POS__F10219,NIST_Full scan_1_POS,empty,0,0.0,0,True
NIST_Full scan_1_POS__F10230,NIST_Full scan_1_POS,single,1,0.9951171875,1,True
NIST_Full scan_1_POS__F10235,NIST_Full scan_1_POS,single,1,0.74951171875,1,True
NIST_Full scan_1_POS__F10255,NIST_Full scan_1_POS,single,1,1.0,1,True
NIST_Full scan_1_POS__F10275,NIST_Full scan_1_POS,single,1,1.0,1,True
NIST_Full scan_1_POS__F10310,NIST_Full scan_1_POS,single,1,0.98486328125,1,True
NIST_Full scan_1_POS__F10346,NIST_Full scan_1_POS,single,1,1.0,1,True
NIST_Full scan_1_POS__F10413,NIST_Full scan_1_POS,single,1,1.0,1,True
NIST_Full scan_1_POS__F1042,NIST_Full scan_1_POS,empty,0,0.0,0,True
NIST_Full scan_1_POS__F10450,NIST_Full scan_1_POS,multi,1,1.0,1,True
NIST_Full scan_1_POS__F10479,NIST_Full scan_1_POS,single,1,1.0,1,True
NIST_Full scan_1_POS__F10526,NIST_Full scan_1_POS,multi,1,1.0,1,True
NIST_Full scan_1_POS__F10564,NIST_Full scan_1_POS,single,1,1.0,1,True
NIST_Full scan_1_POS__F10569,NIST_Full scan_1_POS,single,1,1.0,1,True
NIST_Full scan_1_POS__F10583,NIST_Full scan_1_POS,single,1,1.0,1,True
NIST_Full scan_1_POS__F10600,NIST_Full scan_1_POS,multi,1,1.0,1,True
NIST_Full scan_1_POS__F10625,NIST_Full scan_1_POS,multi,1,1.0,1,True
NIST_Full scan_1_POS__F10635,NIST_Full scan_1_POS,multi,1,0.006412506103515625,0,False
NIST_Full scan_1_POS__F10660,NIST_Full scan_1_POS,multi,1,1.0,1,True
NIST_Full scan_1_POS__F10665,NIST_Full scan_1_POS,multi,1,1.0,1,True
NIST_Full scan_1_POS__F10668,NIST_Full scan_1_POS,multi,1,1.0,1,True
NIST_Full scan_1_POS__F10672,NIST_Full scan_1_POS,multi,1,1.0,1,True
NIST_Full scan_1_POS__F10673,NIST_Full scan_1_POS,multi,1,1.0,1,True
NIST_Full scan_1_POS__F1069,NIST_Full scan_1_POS,empty,0,0.0,0,True
NIST_Full scan_1_POS__F10726,NIST_Full scan_1_POS,single,1,1.0,1,True
NIST_Full scan_1_POS__F10765,NIST_Full scan_1_POS,multi,1,1.0,1,True
NIST_Full scan_1_POS__F10767,NIST_Full scan_1_POS,multi,1,1.0,1,True
NIST_Full scan_1_POS__F10772,NIST_Full scan_1_POS,multi,1,1.0,1,True
NIST_Full scan_1_POS__F10794,NIST_Full scan_1_POS,single,1,1.0,1,True
NIST_Full scan_1_POS__F10798,NIST_Full scan_1_POS,single,1,1.0,1,True
NIST_Full scan_1_POS__F108,NIST_Full scan_1_POS,empty,0,0.0,0,True
NIST_Full scan_1_POS__F10822,NIST_Full scan_1_POS,single,1,1.0,1,True
NIST_Full scan_1_POS__F10834,NIST_Full scan_1_POS,multi,1,1.0,1,True
NIST_Full scan_1_POS__F10844,NIST_Full scan_1_POS,multi,1,1.0,1,True
NIST_Full scan_1_POS__F1085,NIST_Full scan_1_POS,empty,0,0.0,0,True
NIST_Full scan_1_POS__F10858,NIST_Full scan_1_POS,single,1,1.0,1,True
NIST_Full scan_1_POS__F10904,NIST_Full scan_1_POS,single,1,1.0,1,True
NIST_Full scan_1_POS__F10929,NIST_Full scan_1_POS,single,1,1.0,1,True
NIST_Full scan_1_POS__F10934,NIST_Full scan_1_POS,single,1,1.0,1,True
NIST_Full scan_1_POS__F10952,NIST_Full scan_1_POS,multi,1,0.02447509765625,0,False
NIST_Full scan_1_POS__F10959,NIST_Full scan_1_POS,single,1,1.0,1,True
NIST_Full scan_1_POS__F1114,NIST_Full scan_1_POS,empty,0,0.0,0,True
NIST_Full scan_1_POS__F1119,NIST_Full scan_1_POS,single,1,1.0,1,True
NIST_Full scan_1_POS__F1122,NIST_Full scan_1_POS,single,1,1.0,1,True
NIST_Full scan_1_POS__F1124,NIST_Full scan_1_POS,empty,0,0.0,0,True
NIST_Full scan_1_POS__F1146,NIST_Full scan_1_POS,empty,0,0.0,0,True
NIST_Full scan_1_POS__F1179,NIST_Full scan_1_POS,empty,0,0.0,0,True
NIST_Full scan_1_POS__F1181,NIST_Full scan_1_POS,empty,0,0.0,0,True
NIST_Full scan_1_POS__F1184,NIST_Full scan_1_POS,empty,0,0.0,0,True
NIST_Full scan_1_POS__F1202,NIST_Full scan_1_POS,empty,0,0.0,0,True
NIST_Full scan_1_POS__F1214,NIST_Full scan_1_POS,empty,0,0.0,0,True
NIST_Full scan_1_POS__F1282,NIST_Full scan_1_POS,empty,0,0.0,0,True
NIST_Full scan_1_POS__F1285,NIST_Full scan_1_POS,empty,0,0.0,0,True
NIST_Full scan_1_POS__F1286,NIST_Full scan_1_POS,empty,0,0.0,0,True
NIST_Full scan_1_POS__F1351,NIST_Full scan_1_POS,empty,0,0.0,0,True
NIST_Full scan_1_POS__F136,NIST_Full scan_1_POS,empty,0,0.0,0,True
NIST_Full scan_1_POS__F1407,NIST_Full scan_1_POS,empty,0,0.0,0,True
NIST_Full scan_1_POS__F1414,NIST_Full scan_1_POS,empty,0,0.0,0,True
NIST_Full scan_1_POS__F1433,NIST_Full scan_1_POS,empty,0,0.0,0,True
NIST_Full scan_1_POS__F1455,NIST_Full scan_1_POS,empty,0,0.0,0,True
NIST_Full scan_1_POS__F1473,NIST_Full scan_1_POS,multi,1,1.0,1,True
NIST_Full scan_1_POS__F1495,NIST_Full scan_1_POS,empty,0,0.0,0,True
NIST_Full scan_1_POS__F15,NIST_Full scan_1_POS,multi,1,0.093505859375,0,False
NIST_Full scan_1_POS__F1517,NIST_Full scan_1_POS,empty,0,0.0,0,True
NIST_Full scan_1_POS__F1524,NIST_Full scan_1_POS,multi,1,1.0,1,True
NIST_Full scan_1_POS__F1577,NIST_Full scan_1_POS,empty,0,0.0,0,True
NIST_Full scan_1_POS__F1580,NIST_Full scan_1_POS,empty,0,0.00021314620971679688,0,True
NIST_Full scan_1_POS__F1598,NIST_Full scan_1_POS,empty,0,0.0,0,True
NIST_Full scan_1_POS__F1635,NIST_Full scan_1_POS,single,1,0.9990234375,1,True
NIST_Full scan_1_POS__F1651,NIST_Full scan_1_POS,empty,0,0.0,0,True
NIST_Full scan_1_POS__F1663,NIST_Full scan_1_POS,empty,0,0.0,0,True
NIST_Full scan_1_POS__F1670,NIST_Full scan_1_POS,empty,0,0.0,0,True
NIST_Full scan_1_POS__F1684,NIST_Full scan_1_POS,multi,1,0.9951171875,1,True
NIST_Full scan_1_POS__F1689,NIST_Full scan_1_POS,empty,0,0.0,0,True
NIST_Full scan_1_POS__F1692,NIST_Full scan_1_POS,single,1,1.0,1,True
NIST_Full scan_1_POS__F1714,NIST_Full scan_1_POS,empty,0,3.2782554626464844e-06,0,True
NIST_Full scan_1_POS__F1719,NIST_Full scan_1_POS,empty,0,0.0,0,True
NIST_Full scan_1_POS__F174,NIST_Full scan_1_POS,empty,0,0.0,0,True
NIST_Full scan_1_POS__F1747,NIST_Full scan_1_POS,single,1,1.0,1,True
NIST_Full scan_1_POS__F1769,NIST_Full scan_1_POS,empty,0,0.0,0,True
NIST_Full scan_1_POS__F1845,NIST_Full scan_1_POS,empty,0,0.0,0,True
NIST_Full scan_1_POS__F1865,NIST_Full scan_1_POS,empty,0,0.0,0,True
NIST_Full scan_1_POS__F1884,NIST_Full scan_1_POS,empty,0,0.0,0,True
NIST_Full scan_1_POS__F1897,NIST_Full scan_1_POS,empty,0,0.0,0,True
NIST_Full scan_1_POS__F1936,NIST_Full scan_1_POS,empty,0,0.0,0,True
NIST_Full scan_1_POS__F1942,NIST_Full scan_1_POS,empty,0,0.0,0,True
NIST_Full scan_1_POS__F1965,NIST_Full scan_1_POS,multi,1,1.0,1,True
NIST_Full scan_1_POS__F2019,NIST_Full scan_1_POS,multi,1,1.0,1,True
NIST_Full scan_1_POS__F2031,NIST_Full scan_1_POS,empty,0,0.0,0,True
NIST_Full scan_1_POS__F2040,NIST_Full scan_1_POS,empty,0,0.0,0,True
NIST_Full scan_1_POS__F2108,NIST_Full scan_1_POS,multi,1,1.0,1,True
NIST_Full scan_1_POS__F2120,NIST_Full scan_1_POS,empty,0,0.0,0,True
NIST_Full scan_1_POS__F2125,NIST_Full scan_1_POS,single,1,1.0,1,True
NIST_Full scan_1_POS__F215,NIST_Full scan_1_POS,empty,0,0.0,0,True
NIST_Full scan_1_POS__F2151,NIST_Full scan_1_POS,single,1,1.0,1,True
NIST_Full scan_1_POS__F2158,NIST_Full scan_1_POS,empty,0,0.0,0,True
NIST_Full scan_1_POS__F2184,NIST_Full scan_1_POS,single,1,1.0,1,True
NIST_Full scan_1_POS__F2185,NIST_Full scan_1_POS,single,1,1.0,1,True
NIST_Full scan_1_POS__F2211,NIST_Full scan_1_POS,empty,0,0.0,0,True
NIST_Full scan_1_POS__F2222,NIST_Full scan_1_POS,empty,0,0.0,0,True
NIST_Full scan_1_POS__F2233,NIST_Full scan_1_POS,empty,0,0.0,0,True
NIST_Full scan_1_POS__F2250,NIST_Full scan_1_POS,empty,0,0.0,0,True
NIST_Full scan_1_POS__F2255,NIST_Full scan_1_POS,empty,0,0.0,0,True
NIST_Full scan_1_POS__F2302,NIST_Full scan_1_POS,empty,0,0.0,0,True
NIST_Full scan_1_POS__F2345,NIST_Full scan_1_POS,empty,0,0.0,0,True
NIST_Full scan_1_POS__F2352,NIST_Full scan_1_POS,single,1,0.9970703125,1,True
NIST_Full scan_1_POS__F2393,NIST_Full scan_1_POS,empty,0,1.1920928955078125e-07,0,True
NIST_Full scan_1_POS__F2418,NIST_Full scan_1_POS,empty,0,0.0,0,True
NIST_Full scan_1_POS__F2456,NIST_Full scan_1_POS,single,1,1.0,1,True
NIST_Full scan_1_POS__F2459,NIST_Full scan_1_POS,single,1,0.00392913818359375,0,False
NIST_Full scan_1_POS__F2466,NIST_Full scan_1_POS,multi,1,1.0,1,True
NIST_Full scan_1_POS__F2486,NIST_Full scan_1_POS,empty,0,0.0,0,True
NIST_Full scan_1_POS__F252,NIST_Full scan_1_POS,empty,0,0.0,0,True
NIST_Full scan_1_POS__F2589,NIST_Full scan_1_POS,empty,0,0.0,0,True
NIST_Full scan_1_POS__F2596,NIST_Full scan_1_POS,single,1,0.9990234375,1,True
NIST_Full scan_1_POS__F260,NIST_Full scan_1_POS,empty,0,0.0,0,True
NIST_Full scan_1_POS__F2615,NIST_Full scan_1_POS,empty,0,0.0,0,True
NIST_Full scan_1_POS__F2628,NIST_Full scan_1_POS,single,1,1.0,1,True
NIST_Full scan_1_POS__F2685,NIST_Full scan_1_POS,empty,0,0.0,0,True
NIST_Full scan_1_POS__F2692,NIST_Full scan_1_POS,empty,0,0.0,0,True
NIST_Full scan_1_POS__F2715,NIST_Full scan_1_POS,single,1,0.0002758502960205078,0,False
NIST_Full scan_1_POS__F2754,NIST_Full scan_1_POS,empty,0,0.0,0,True
NIST_Full scan_1_POS__F2763,NIST_Full scan_1_POS,empty,0,0.0,0,True
NIST_Full scan_1_POS__F2803,NIST_Full scan_1_POS,empty,0,0.0,0,True
NIST_Full scan_1_POS__F2817,NIST_Full scan_1_POS,empty,0,0.0,0,True
NIST_Full scan_1_POS__F2827,NIST_Full scan_1_POS,empty,0,0.0,0,True
NIST_Full scan_1_POS__F2849,NIST_Full scan_1_POS,empty,0,0.0,0,True
NIST_Full scan_1_POS__F2877,NIST_Full scan_1_POS,empty,0,0.0,0,True
NIST_Full scan_1_POS__F2910,NIST_Full scan_1_POS,single,1,0.99365234375,1,True
NIST_Full scan_1_POS__F292,NIST_Full scan_1_POS,empty,0,0.0,0,True
NIST_Full scan_1_POS__F2953,NIST_Full scan_1_POS,empty,0,0.0,0,True
NIST_Full scan_1_POS__F2955,NIST_Full scan_1_POS,empty,0,0.0,0,True
NIST_Full scan_1_POS__F2964,NIST_Full scan_1_POS,single,1,1.0,1,True
NIST_Full scan_1_POS__F2975,NIST_Full scan_1_POS,empty,0,0.0,0,True
NIST_Full scan_1_POS__F3004,NIST_Full scan_1_POS,single,1,1.0,1,True
NIST_Full scan_1_POS__F3013,NIST_Full scan_1_POS,empty,0,1.1920928955078125e-07,0,True
NIST_Full scan_1_POS__F3018,NIST_Full scan_1_POS,empty,0,0.0,0,True
NIST_Full scan_1_POS__F3035,NIST_Full scan_1_POS,empty,0,0.0,0,True
NIST_Full scan_1_POS__F3039,NIST_Full scan_1_POS,empty,0,0.0,0,True
NIST_Full scan_1_POS__F304,NIST_Full scan_1_POS,empty,0,0.0,0,True
NIST_Full scan_1_POS__F3044,NIST_Full scan_1_POS,empty,0,0.0,0,True
NIST_Full scan_1_POS__F3048,NIST_Full scan_1_POS,empty,0,0.0,0,True
NIST_Full scan_1_POS__F305,NIST_Full scan_1_POS,empty,0,0.0,0,True
NIST_Full scan_1_POS__F3064,NIST_Full scan_1_POS,empty,0,0.0,0,True
NIST_Full scan_1_POS__F3080,NIST_Full scan_1_POS,empty,0,0.0,0,True
NIST_Full scan_1_POS__F312,NIST_Full scan_1_POS,empty,0,0.0,0,True
NIST_Full scan_1_POS__F3133,NIST_Full scan_1_POS,empty,0,0.0,0,True
NIST_Full scan_1_POS__F3149,NIST_Full scan_1_POS,empty,0,0.0,0,True
NIST_Full scan_1_POS__F3275,NIST_Full scan_1_POS,empty,0,0.0,0,True
NIST_Full scan_1_POS__F3285,NIST_Full scan_1_POS,empty,0,0.0,0,True
NIST_Full scan_1_POS__F3288,NIST_Full scan_1_POS,empty,0,5.960464477539063e-08,0,True
NIST_Full scan_1_POS__F331,NIST_Full scan_1_POS,empty,0,0.0,0,True
NIST_Full scan_1_POS__F3313,NIST_Full scan_1_POS,empty,0,0.0,0,True
NIST_Full scan_1_POS__F3326,NIST_Full scan_1_POS,empty,0,0.0,0,True
NIST_Full scan_1_POS__F3380,NIST_Full scan_1_POS,empty,0,0.0,0,True
NIST_Full scan_1_POS__F3400,NIST_Full scan_1_POS,empty,0,0.0,0,True
NIST_Full scan_1_POS__F3405,NIST_Full scan_1_POS,empty,0,0.0,0,True
NIST_Full scan_1_POS__F3406,NIST_Full scan_1_POS,empty,0,0.0,0,True
NIST_Full scan_1_POS__F3456,NIST_Full scan_1_POS,empty,0,0.0,0,True
NIST_Full scan_1_POS__F3468,NIST_Full scan_1_POS,empty,0,0.0,0,True
NIST_Full scan_1_POS__F347,NIST_Full scan_1_POS,multi,1,1.0,1,True
NIST_Full scan_1_POS__F3471,NIST_Full scan_1_POS,empty,0,0.0,0,True
NIST_Full scan_1_POS__F3545,NIST_Full scan_1_POS,empty,0,0.0,0,True
NIST_Full scan_1_POS__F3567,NIST_Full scan_1_POS,empty,0,0.0,0,True
NIST_Full scan_1_POS__F361,NIST_Full scan_1_POS,empty,0,1.6570091247558594e-05,0,True
NIST_Full scan_1_POS__F3615,NIST_Full scan_1_POS,empty,0,0.0261077880859375,0,True
NIST_Full scan_1_POS__F3616,NIST_Full scan_1_POS,empty,0,1.0728836059570312e-06,0,True
NIST_Full scan_1_POS__F3622,NIST_Full scan_1_POS,empty,0,0.0,0,True
NIST_Full scan_1_POS__F3650,NIST_Full scan_1_POS,empty,0,0.0225830078125,0,True
NIST_Full scan_1_POS__F3651,NIST_Full scan_1_POS,empty,0,0.0,0,True
NIST_Full scan_1_POS__F368,NIST_Full scan_1_POS,empty,0,0.0,0,True
NIST_Full scan_1_POS__F3687,NIST_Full scan_1_POS,empty,0,0.0,0,True
NIST_Full scan_1_POS__F3694,NIST_Full scan_1_POS,empty,0,0.0,0,True
NIST_Full scan_1_POS__F3704,NIST_Full scan_1_POS,empty,0,0.0,0,True
NIST_Full scan_1_POS__F3707,NIST_Full scan_1_POS,empty,0,0.0,0,True
NIST_Full scan_1_POS__F3729,NIST_Full scan_1_POS,empty,0,0.0,0,True
NIST_Full scan_1_POS__F3738,NIST_Full scan_1_POS,single,1,1.0,1,True
NIST_Full scan_1_POS__F3747,NIST_Full scan_1_POS,single,1,2.682209014892578e-06,0,False
NIST_Full scan_1_POS__F3750,NIST_Full scan_1_POS,empty,0,0.0,0,True
NIST_Full scan_1_POS__F3774,NIST_Full scan_1_POS,empty,0,0.0,0,True
NIST_Full scan_1_POS__F3838,NIST_Full scan_1_POS,single,1,1.0,1,True
NIST_Full scan_1_POS__F3885,NIST_Full scan_1_POS,empty,0,0.0,0,True
NIST_Full scan_1_POS__F3896,NIST_Full scan_1_POS,empty,0,0.0,0,True
NIST_Full scan_1_POS__F3942,NIST_Full scan_1_POS,multi,1,1.0,1,True
NIST_Full scan_1_POS__F3945,NIST_Full scan_1_POS,single,1,1.0,1,True
NIST_Full scan_1_POS__F399,NIST_Full scan_1_POS,empty,0,0.0,0,True
NIST_Full scan_1_POS__F4,NIST_Full scan_1_POS,empty,0,0.0,0,True
NIST_Full scan_1_POS__F40,NIST_Full scan_1_POS,empty,0,0.0,0,True
NIST_Full scan_1_POS__F400,NIST_Full scan_1_POS,empty,0,0.0,0,True
NIST_Full scan_1_POS__F4025,NIST_Full scan_1_POS,empty,0,0.0,0,True
NIST_Full scan_1_POS__F4068,NIST_Full scan_1_POS,empty,0,0.0,0,True
NIST_Full scan_1_POS__F4077,NIST_Full scan_1_POS,empty,0,0.0,0,True
NIST_Full scan_1_POS__F4084,NIST_Full scan_1_POS,empty,0,0.0,0,True
NIST_Full scan_1_POS__F4093,NIST_Full scan_1_POS,empty,0,0.0,0,True
NIST_Full scan_1_POS__F4140,NIST_Full scan_1_POS,empty,0,0.0,0,True
NIST_Full scan_1_POS__F4163,NIST_Full scan_1_POS,single,1,0.99755859375,1,True
NIST_Full scan_1_POS__F4166,NIST_Full scan_1_POS,empty,0,0.0,0,True
NIST_Full scan_1_POS__F4194,NIST_Full scan_1_POS,multi,1,1.0,1,True
NIST_Full scan_1_POS__F4247,NIST_Full scan_1_POS,empty,0,0.0,0,True
NIST_Full scan_1_POS__F4339,NIST_Full scan_1_POS,multi,1,1.0,1,True
NIST_Full scan_1_POS__F4342,NIST_Full scan_1_POS,empty,0,0.0,0,True
NIST_Full scan_1_POS__F435,NIST_Full scan_1_POS,empty,0,0.0,0,True
NIST_Full scan_1_POS__F4353,NIST_Full scan_1_POS,empty,0,0.0,0,True
NIST_Full scan_1_POS__F4382,NIST_Full scan_1_POS,single,1,0.0011739730834960938,0,False
NIST_Full scan_1_POS__F4485,NIST_Full scan_1_POS,empty,0,0.0,0,True
NIST_Full scan_1_POS__F4490,NIST_Full scan_1_POS,multi,1,1.0,1,True
NIST_Full scan_1_POS__F4519,NIST_Full scan_1_POS,empty,0,0.0,0,True
NIST_Full scan_1_POS__F4537,NIST_Full scan_1_POS,single,1,1.0,1,True
NIST_Full scan_1_POS__F4538,NIST_Full scan_1_POS,single,1,1.0,1,True
NIST_Full scan_1_POS__F4552,NIST_Full scan_1_POS,empty,0,0.0,0,True
NIST_Full scan_1_POS__F4575,NIST_Full scan_1_POS,empty,0,0.0,0,True
NIST_Full scan_1_POS__F458,NIST_Full scan_1_POS,empty,0,0.0,0,True
NIST_Full scan_1_POS__F4583,NIST_Full scan_1_POS,empty,0,0.0,0,True
NIST_Full scan_1_POS__F4594,NIST_Full scan_1_POS,empty,0,0.0,0,True
NIST_Full scan_1_POS__F4608,NIST_Full scan_1_POS,empty,0,0.0,0,True
NIST_Full scan_1_POS__F462,NIST_Full scan_1_POS,empty,0,0.0,0,True
NIST_Full scan_1_POS__F4642,NIST_Full scan_1_POS,multi,1,1.0,1,True
NIST_Full scan_1_POS__F4644,NIST_Full scan_1_POS,empty,0,0.0,0,True
NIST_Full scan_1_POS__F4673,NIST_Full scan_1_POS,empty,0,0.0,0,True
NIST_Full scan_1_POS__F4695,NIST_Full scan_1_POS,empty,0,0.0,0,True
NIST_Full scan_1_POS__F4699,NIST_Full scan_1_POS,empty,0,0.0,0,True
NIST_Full scan_1_POS__F470,NIST_Full scan_1_POS,empty,0,0.0,0,True
NIST_Full scan_1_POS__F4707,NIST_Full scan_1_POS,single,1,1.0,1,True
NIST_Full scan_1_POS__F4708,NIST_Full scan_1_POS,single,1,1.0,1,True
NIST_Full scan_1_POS__F4727,NIST_Full scan_1_POS,single,1,1.0,1,True
NIST_Full scan_1_POS__F4755,NIST_Full scan_1_POS,empty,0,0.0,0,True
NIST_Full scan_1_POS__F4760,NIST_Full scan_1_POS,empty,0,0.0,0,True
NIST_Full scan_1_POS__F48,NIST_Full scan_1_POS,empty,0,0.0,0,True
NIST_Full scan_1_POS__F4831,NIST_Full scan_1_POS,multi,1,1.0,1,True
NIST_Full scan_1_POS__F4869,NIST_Full scan_1_POS,single,1,0.99951171875,1,True
NIST_Full scan_1_POS__F488,NIST_Full scan_1_POS,empty,0,0.0,0,True
NIST_Full scan_1_POS__F4880,NIST_Full scan_1_POS,empty,0,0.00038743019104003906,0,True
NIST_Full scan_1_POS__F4908,NIST_Full scan_1_POS,empty,0,0.0,0,True
NIST_Full scan_1_POS__F4956,NIST_Full scan_1_POS,single,1,1.0,1,True
NIST_Full scan_1_POS__F4990,NIST_Full scan_1_POS,empty,0,0.0,0,True
NIST_Full scan_1_POS__F501,NIST_Full scan_1_POS,empty,0,0.0,0,True
NIST_Full scan_1_POS__F5010,NIST_Full scan_1_POS,empty,0,0.0,0,True
NIST_Full scan_1_POS__F5015,NIST_Full scan_1_POS,multi,1,0.0765380859375,0,False
NIST_Full scan_1_POS__F5021,NIST_Full scan_1_POS,single,1,1.0,1,True
NIST_Full scan_1_POS__F5027,NIST_Full scan_1_POS,multi,1,1.0132789611816406e-06,0,False
NIST_Full scan_1_POS__F5035,NIST_Full scan_1_POS,empty,0,0.0,0,True
NIST_Full scan_1_POS__F5063,NIST_Full scan_1_POS,single,0,4.5299530029296875e-06,0,True
NIST_Full scan_1_POS__F5099,NIST_Full scan_1_POS,empty,0,0.0,0,True
NIST_Full scan_1_POS__F5112,NIST_Full scan_1_POS,empty,0,0.0,0,True
NIST_Full scan_1_POS__F5126,NIST_Full scan_1_POS,empty,0,5.960464477539063e-08,0,True
NIST_Full scan_1_POS__F5170,NIST_Full scan_1_POS,single,0,0.0,0,True
NIST_Full scan_1_POS__F519,NIST_Full scan_1_POS,single,1,0.00010311603546142578,0,False
NIST_Full scan_1_POS__F5258,NIST_Full scan_1_POS,empty,0,0.0,0,True
NIST_Full scan_1_POS__F5262,NIST_Full scan_1_POS,empty,0,0.0,0,True
NIST_Full scan_1_POS__F5275,NIST_Full scan_1_POS,empty,0,5.960464477539063e-08,0,True
NIST_Full scan_1_POS__F5280,NIST_Full scan_1_POS,empty,0,0.0,0,True
NIST_Full scan_1_POS__F5318,NIST_Full scan_1_POS,single,1,1.0,1,True
NIST_Full scan_1_POS__F5332,NIST_Full scan_1_POS,empty,0,0.0,0,True
NIST_Full scan_1_POS__F5334,NIST_Full scan_1_POS,empty,0,1.7881393432617188e-07,0,True
NIST_Full scan_1_POS__F534,NIST_Full scan_1_POS,empty,0,0.0,0,True
NIST_Full scan_1_POS__F5340,NIST_Full scan_1_POS,empty,0,0.0,0,True
NIST_Full scan_1_POS__F5345,NIST_Full scan_1_POS,multi,1,1.0,1,True
NIST_Full scan_1_POS__F5373,NIST_Full scan_1_POS,empty,0,0.0,0,True
NIST_Full scan_1_POS__F5404,NIST_Full scan_1_POS,empty,0,0.0,0,True
NIST_Full scan_1_POS__F5408,NIST_Full scan_1_POS,single,1,0.2425537109375,0,False
NIST_Full scan_1_POS__F5418,NIST_Full scan_1_POS,empty,0,0.0,0,True
NIST_Full scan_1_POS__F544,NIST_Full scan_1_POS,empty,0,0.0,0,True
NIST_Full scan_1_POS__F5453,NIST_Full scan_1_POS,single,1,1.0,1,True
NIST_Full scan_1_POS__F5460,NIST_Full scan_1_POS,single,1,1.0,1,True
NIST_Full scan_1_POS__F5525,NIST_Full scan_1_POS,empty,0,0.0,0,True
NIST_Full scan_1_POS__F5530,NIST_Full scan_1_POS,single,1,1.0,1,True
NIST_Full scan_1_POS__F5562,NIST_Full scan_1_POS,empty,0,0.0,0,True
NIST_Full scan_1_POS__F5564,NIST_Full scan_1_POS,single,1,1.0,1,True
NIST_Full scan_1_POS__F5602,NIST_Full scan_1_POS,single,1,0.19091796875,0,False
NIST_Full scan_1_POS__F563,NIST_Full scan_1_POS,empty,0,0.0,0,True
NIST_Full scan_1_POS__F5642,NIST_Full scan_1_POS,empty,0,0.0,0,True
NIST_Full scan_1_POS__F5652,NIST_Full scan_1_POS,empty,0,0.0,0,True
NIST_Full scan_1_POS__F566,NIST_Full scan_1_POS,empty,0,0.0,0,True
NIST_Full scan_1_POS__F5663,NIST_Full scan_1_POS,empty,0,0.0,0,True
NIST_Full scan_1_POS__F5668,NIST_Full scan_1_POS,single,0,0.0,0,True
NIST_Full scan_1_POS__F5719,NIST_Full scan_1_POS,empty,0,0.0,0,True
NIST_Full scan_1_POS__F5799,NIST_Full scan_1_POS,single,1,1.0,1,True
NIST_Full scan_1_POS__F5803,NIST_Full scan_1_POS,empty,0,0.0014896392822265625,0,True
NIST_Full scan_1_POS__F5821,NIST_Full scan_1_POS,empty,0,0.00012433528900146484,0,True
NIST_Full scan_1_POS__F5823,NIST_Full scan_1_POS,single,0,0.0,0,True
NIST_Full scan_1_POS__F5849,NIST_Full scan_1_POS,multi,1,1.0,1,True
NIST_Full scan_1_POS__F5899,NIST_Full scan_1_POS,multi,1,1.0,1,True
NIST_Full scan_1_POS__F5910,NIST_Full scan_1_POS,empty,0,0.0,0,True
NIST_Full scan_1_POS__F5917,NIST_Full scan_1_POS,multi,1,1.0,1,True
NIST_Full scan_1_POS__F5925,NIST_Full scan_1_POS,single,1,1.0,1,True
NIST_Full scan_1_POS__F593,NIST_Full scan_1_POS,empty,0,0.0,0,True
NIST_Full scan_1_POS__F5964,NIST_Full scan_1_POS,multi,1,1.0,1,True
NIST_Full scan_1_POS__F5969,NIST_Full scan_1_POS,multi,1,1.0,1,True
NIST_Full scan_1_POS__F5988,NIST_Full scan_1_POS,empty,0,0.00035834312438964844,0,True
NIST_Full scan_1_POS__F6014,NIST_Full scan_1_POS,empty,0,0.0,0,True
NIST_Full scan_1_POS__F6051,NIST_Full scan_1_POS,multi,1,0.9208984375,1,True
NIST_Full scan_1_POS__F6062,NIST_Full scan_1_POS,empty,0,1.7881393432617188e-07,0,True
NIST_Full scan_1_POS__F6068,NIST_Full scan_1_POS,empty,0,0.0,0,True
NIST_Full scan_1_POS__F6106,NIST_Full scan_1_POS,empty,0,0.0,0,True
NIST_Full scan_1_POS__F6139,NIST_Full scan_1_POS,single,1,1.0,1,True
NIST_Full scan_1_POS__F6189,NIST_Full scan_1_POS,single,1,1.0,1,True
NIST_Full scan_1_POS__F6201,NIST_Full scan_1_POS,empty,0,0.0,0,True
NIST_Full scan_1_POS__F622,NIST_Full scan_1_POS,empty,0,0.0,0,True
NIST_Full scan_1_POS__F6226,NIST_Full scan_1_POS,multi,1,3.170967102050781e-05,0,False
NIST_Full scan_1_POS__F6264,NIST_Full scan_1_POS,multi,1,0.0106964111328125,0,False
NIST_Full scan_1_POS__F6274,NIST_Full scan_1_POS,single,1,1.0,1,True
NIST_Full scan_1_POS__F6307,NIST_Full scan_1_POS,single,0,0.0,0,True
NIST_Full scan_1_POS__F6323,NIST_Full scan_1_POS,empty,0,0.0,0,True
NIST_Full scan_1_POS__F6350,NIST_Full scan_1_POS,empty,0,0.0002033710479736328,0,True
NIST_Full scan_1_POS__F6352,NIST_Full scan_1_POS,empty,0,0.0,0,True
NIST_Full scan_1_POS__F6391,NIST_Full scan_1_POS,single,1,1.0,1,True
NIST_Full scan_1_POS__F6432,NIST_Full scan_1_POS,empty,0,0.00023412704467773438,0,True
NIST_Full scan_1_POS__F6464,NIST_Full scan_1_POS,empty,0,0.0,0,True
NIST_Full scan_1_POS__F6465,NIST_Full scan_1_POS,empty,0,0.0,0,True
NIST_Full scan_1_POS__F6467,NIST_Full scan_1_POS,empty,0,0.0,0,True
NIST_Full scan_1_POS__F6490,NIST_Full scan_1_POS,single,1,3.647804260253906e-05,0,False
NIST_Full scan_1_POS__F6493,NIST_Full scan_1_POS,empty,0,0.0,0,True
NIST_Full scan_1_POS__F6503,NIST_Full scan_1_POS,empty,0,5.960464477539063e-08,0,True
NIST_Full scan_1_POS__F6508,NIST_Full scan_1_POS,single,1,1.0,1,True
NIST_Full scan_1_POS__F652,NIST_Full scan_1_POS,empty,0,0.0,0,True
NIST_Full scan_1_POS__F6534,NIST_Full scan_1_POS,multi,1,1.0,1,True
NIST_Full scan_1_POS__F6602,NIST_Full scan_1_POS,empty,0,0.0,0,True
NIST_Full scan_1_POS__F6605,NIST_Full scan_1_POS,empty,0,0.0,0,True
NIST_Full scan_1_POS__F6650,NIST_Full scan_1_POS,empty,0,1.233816146850586e-05,0,True
NIST_Full scan_1_POS__F669,NIST_Full scan_1_POS,multi,1,1.0,1,True
NIST_Full scan_1_POS__F674,NIST_Full scan_1_POS,empty,0,0.0,0,True
NIST_Full scan_1_POS__F6743,NIST_Full scan_1_POS,empty,0,0.0,0,True
NIST_Full scan_1_POS__F6780,NIST_Full scan_1_POS,single,1,0.998046875,1,True
NIST_Full scan_1_POS__F6827,NIST_Full scan_1_POS,multi,1,0.097412109375,0,False
NIST_Full scan_1_POS__F6833,NIST_Full scan_1_POS,empty,0,0.0,0,True
NIST_Full scan_1_POS__F6841,NIST_Full scan_1_POS,empty,0,2.980232238769531e-07,0,True
NIST_Full scan_1_POS__F6871,NIST_Full scan_1_POS,single,0,5.960464477539063e-08,0,True
NIST_Full scan_1_POS__F6875,NIST_Full scan_1_POS,single,1,1.0,1,True
NIST_Full scan_1_POS__F6888,NIST_Full scan_1_POS,multi,1,1.0,1,True
NIST_Full scan_1_POS__F6905,NIST_Full scan_1_POS,single,1,1.0,1,True
NIST_Full scan_1_POS__F6912,NIST_Full scan_1_POS,single,0,0.00595855712890625,0,True
NIST_Full scan_1_POS__F6917,NIST_Full scan_1_POS,single,1,1.0,1,True
NIST_Full scan_1_POS__F6922,NIST_Full scan_1_POS,multi,1,1.0,1,True
NIST_Full scan_1_POS__F6946,NIST_Full scan_1_POS,multi,1,1.0,1,True
NIST_Full scan_1_POS__F695,NIST_Full scan_1_POS,empty,0,0.0,0,True
NIST_Full scan_1_POS__F6962,NIST_Full scan_1_POS,empty,0,0.00025725364685058594,0,True
NIST_Full scan_1_POS__F6965,NIST_Full scan_1_POS,multi,1,0.00019109249114990234,0,False
NIST_Full scan_1_POS__F701,NIST_Full scan_1_POS,empty,0,0.0,0,True
NIST_Full scan_1_POS__F7020,NIST_Full scan_1_POS,single,1,0.9072265625,1,True
NIST_Full scan_1_POS__F7056,NIST_Full scan_1_POS,multi,1,1.0,1,True
NIST_Full scan_1_POS__F7062,NIST_Full scan_1_POS,empty,0,0.0,0,True
NIST_Full scan_1_POS__F7072,NIST_Full scan_1_POS,multi,1,1.0,1,True
NIST_Full scan_1_POS__F7079,NIST_Full scan_1_POS,empty,0,0.0,0,True
NIST_Full scan_1_POS__F7088,NIST_Full scan_1_POS,multi,1,1.0,1,True
NIST_Full scan_1_POS__F7105,NIST_Full scan_1_POS,empty,0,0.00017130374908447266,0,True
NIST_Full scan_1_POS__F7112,NIST_Full scan_1_POS,empty,0,0.0,0,True
NIST_Full scan_1_POS__F7174,NIST_Full scan_1_POS,single,1,1.0,1,True
NIST_Full scan_1_POS__F7201,NIST_Full scan_1_POS,single,1,0.98876953125,1,True
NIST_Full scan_1_POS__F7204,NIST_Full scan_1_POS,single,1,1.0,1,True
NIST_Full scan_1_POS__F7235,NIST_Full scan_1_POS,empty,0,0.00028014183044433594,0,True
NIST_Full scan_1_POS__F7238,NIST_Full scan_1_POS,single,1,5.424022674560547e-06,0,False
NIST_Full scan_1_POS__F7277,NIST_Full scan_1_POS,single,0,2.682209014892578e-06,0,True
NIST_Full scan_1_POS__F7334,NIST_Full scan_1_POS,empty,0,1.1920928955078125e-07,0,True
NIST_Full scan_1_POS__F7350,NIST_Full scan_1_POS,empty,0,0.0,0,True
NIST_Full scan_1_POS__F7373,NIST_Full scan_1_POS,empty,0,0.0,0,True
NIST_Full scan_1_POS__F7385,NIST_Full scan_1_POS,single,1,1.0,1,True
NIST_Full scan_1_POS__F7394,NIST_Full scan_1_POS,single,1,1.0,1,True
NIST_Full scan_1_POS__F7397,NIST_Full scan_1_POS,single,1,1.0,1,True
NIST_Full scan_1_POS__F7400,NIST_Full scan_1_POS,multi,1,0.0005660057067871094,0,False
NIST_Full scan_1_POS__F741,NIST_Full scan_1_POS,empty,0,0.0,0,True
NIST_Full scan_1_POS__F7441,NIST_Full scan_1_POS,multi,1,1.0,1,True
NIST_Full scan_1_POS__F7444,NIST_Full scan_1_POS,single,1,1.0,1,True
NIST_Full scan_1_POS__F7529,NIST_Full scan_1_POS,multi,0,1.3709068298339844e-05,0,True
NIST_Full scan_1_POS__F7535,NIST_Full scan_1_POS,single,0,6.496906280517578e-06,0,True
NIST_Full scan_1_POS__F7567,NIST_Full scan_1_POS,single,1,1.0,1,True
NIST_Full scan_1_POS__F7586,NIST_Full scan_1_POS,empty,0,0.0,0,True
NIST_Full scan_1_POS__F7606,NIST_Full scan_1_POS,empty,0,0.0,0,True
NIST_Full scan_1_POS__F7647,NIST_Full scan_1_POS,empty,0,0.0,0,True
NIST_Full scan_1_POS__F7655,NIST_Full scan_1_POS,empty,0,0.001201629638671875,0,True
NIST_Full scan_1_POS__F7660,NIST_Full scan_1_POS,single,1,1.0,1,True
NIST_Full scan_1_POS__F7712,NIST_Full scan_1_POS,multi,1,0.99658203125,1,True
NIST_Full scan_1_POS__F775,NIST_Full scan_1_POS,empty,0,0.0,0,True
NIST_Full scan_1_POS__F7751,NIST_Full scan_1_POS,single,1,1.0,1,True
NIST_Full scan_1_POS__F7764,NIST_Full scan_1_POS,single,1,0.578125,0,False
NIST_Full scan_1_POS__F7767,NIST_Full scan_1_POS,multi,1,8.350610733032227e-05,0,False
NIST_Full scan_1_POS__F7770,NIST_Full scan_1_POS,empty,0,0.0,0,True
NIST_Full scan_1_POS__F7830,NIST_Full scan_1_POS,empty,0,0.00263214111328125,0,True
NIST_Full scan_1_POS__F7867,NIST_Full scan_1_POS,multi,1,1.0,1,True
NIST_Full scan_1_POS__F7890,NIST_Full scan_1_POS,single,1,1.0,1,True
NIST_Full scan_1_POS__F7924,NIST_Full scan_1_POS,empty,0,1.4603137969970703e-05,0,True
NIST_Full scan_1_POS__F7958,NIST_Full scan_1_POS,empty,0,0.0,0,True
NIST_Full scan_1_POS__F796,NIST_Full scan_1_POS,empty,0,0.0,0,True
NIST_Full scan_1_POS__F7961,NIST_Full scan_1_POS,multi,1,0.892578125,1,True
NIST_Full scan_1_POS__F7991,NIST_Full scan_1_POS,single,0,0.0,0,True
NIST_Full scan_1_POS__F8006,NIST_Full scan_1_POS,multi,1,1.0,1,True
NIST_Full scan_1_POS__F8027,NIST_Full scan_1_POS,multi,1,0.00033545494079589844,0,False
NIST_Full scan_1_POS__F8029,NIST_Full scan_1_POS,empty,0,0.0,0,True
NIST_Full scan_1_POS__F8038,NIST_Full scan_1_POS,multi,1,0.9990234375,1,True
NIST_Full scan_1_POS__F8080,NIST_Full scan_1_POS,single,1,1.0,1,True
NIST_Full scan_1_POS__F8085,NIST_Full scan_1_POS,multi,1,1.0,1,True
NIST_Full scan_1_POS__F8091,NIST_Full scan_1_POS,multi,1,1.0,1,True
NIST_Full scan_1_POS__F8095,NIST_Full scan_1_POS,multi,1,0.071044921875,0,False
NIST_Full scan_1_POS__F8146,NIST_Full scan_1_POS,single,1,1.0,1,True
NIST_Full scan_1_POS__F8150,NIST_Full scan_1_POS,empty,0,0.0,0,True
NIST_Full scan_1_POS__F8223,NIST_Full scan_1_POS,multi,1,0.73974609375,1,True
NIST_Full scan_1_POS__F8256,NIST_Full scan_1_POS,single,1,1.0,1,True
NIST_Full scan_1_POS__F8283,NIST_Full scan_1_POS,multi,1,1.0,1,True
NIST_Full scan_1_POS__F8303,NIST_Full scan_1_POS,single,0,7.152557373046875e-07,0,True
NIST_Full scan_1_POS__F8306,NIST_Full scan_1_POS,single,1,1.0,1,True
NIST_Full scan_1_POS__F8317,NIST_Full scan_1_POS,empty,0,0.0,0,True
NIST_Full scan_1_POS__F8319,NIST_Full scan_1_POS,multi,1,1.0,1,True
NIST_Full scan_1_POS__F840,NIST_Full scan_1_POS,empty,0,0.0,0,True
NIST_Full scan_1_POS__F8409,NIST_Full scan_1_POS,empty,0,7.152557373046875e-07,0,True
NIST_Full scan_1_POS__F8433,NIST_Full scan_1_POS,single,1,0.97412109375,1,True
NIST_Full scan_1_POS__F8444,NIST_Full scan_1_POS,multi,1,1.0,1,True
NIST_Full scan_1_POS__F8472,NIST_Full scan_1_POS,empty,0,0.0,0,True
NIST_Full scan_1_POS__F8476,NIST_Full scan_1_POS,single,1,1.0,1,True
NIST_Full scan_1_POS__F8481,NIST_Full scan_1_POS,multi,1,1.0,1,True
NIST_Full scan_1_POS__F8492,NIST_Full scan_1_POS,single,1,1.0,1,True
NIST_Full scan_1_POS__F8512,NIST_Full scan_1_POS,single,0,2.390146255493164e-05,0,True
NIST_Full scan_1_POS__F8560,NIST_Full scan_1_POS,single,1,1.0,1,True
NIST_Full scan_1_POS__F8564,NIST_Full scan_1_POS,empty,0,0.0,0,True
NIST_Full scan_1_POS__F8566,NIST_Full scan_1_POS,empty,0,0.0,0,True
NIST_Full scan_1_POS__F8626,NIST_Full scan_1_POS,single,1,1.0,1,True
NIST_Full scan_1_POS__F8630,NIST_Full scan_1_POS,multi,1,0.744140625,1,True
NIST_Full scan_1_POS__F8666,NIST_Full scan_1_POS,single,1,1.0,1,True
NIST_Full scan_1_POS__F867,NIST_Full scan_1_POS,empty,0,0.0,0,True
NIST_Full scan_1_POS__F8674,NIST_Full scan_1_POS,multi,1,0.9462890625,1,True
NIST_Full scan_1_POS__F8678,NIST_Full scan_1_POS,multi,1,1.0,1,True
NIST_Full scan_1_POS__F8740,NIST_Full scan_1_POS,multi,1,1.0,1,True
NIST_Full scan_1_POS__F8761,NIST_Full scan_1_POS,empty,0,0.0,0,True
NIST_Full scan_1_POS__F8765,NIST_Full scan_1_POS,multi,1,1.0,1,True
NIST_Full scan_1_POS__F8774,NIST_Full scan_1_POS,single,1,1.0,1,True
NIST_Full scan_1_POS__F8789,NIST_Full scan_1_POS,multi,1,1.0,1,True
NIST_Full scan_1_POS__F8815,NIST_Full scan_1_POS,multi,1,1.0,1,True
NIST_Full scan_1_POS__F8894,NIST_Full scan_1_POS,empty,0,5.662441253662109e-06,0,True
NIST_Full scan_1_POS__F89,NIST_Full scan_1_POS,empty,0,0.0,0,True
NIST_Full scan_1_POS__F8918,NIST_Full scan_1_POS,empty,0,0.0,0,True
NIST_Full scan_1_POS__F8952,NIST_Full scan_1_POS,single,0,1.138448715209961e-05,0,True
NIST_Full scan_1_POS__F8960,NIST_Full scan_1_POS,single,1,1.0,1,True
NIST_Full scan_1_POS__F8966,NIST_Full scan_1_POS,empty,0,0.0,0,True
NIST_Full scan_1_POS__F8987,NIST_Full scan_1_POS,empty,0,9.715557098388672e-06,0,True
NIST_Full scan_1_POS__F9002,NIST_Full scan_1_POS,multi,1,1.0,1,True
NIST_Full scan_1_POS__F9007,NIST_Full scan_1_POS,multi,1,1.0,1,True
NIST_Full scan_1_POS__F9013,NIST_Full scan_1_POS,empty,0,3.039836883544922e-06,0,True
NIST_Full scan_1_POS__F9116,NIST_Full scan_1_POS,multi,1,0.9931640625,1,True
NIST_Full scan_1_POS__F9119,NIST_Full scan_1_POS,single,0,0.0,0,True
NIST_Full scan_1_POS__F915,NIST_Full scan_1_POS,empty,0,0.0,0,True
NIST_Full scan_1_POS__F9195,NIST_Full scan_1_POS,multi,1,0.043365478515625,0,False
NIST_Full scan_1_POS__F9212,NIST_Full scan_1_POS,multi,1,0.970703125,1,True
NIST_Full scan_1_POS__F9214,NIST_Full scan_1_POS,single,1,0.9990234375,1,True
NIST_Full scan_1_POS__F9245,NIST_Full scan_1_POS,single,1,0.99853515625,1,True
NIST_Full scan_1_POS__F9247,NIST_Full scan_1_POS,multi,1,1.0,1,True
NIST_Full scan_1_POS__F9254,NIST_Full scan_1_POS,multi,1,0.0121002197265625,0,False
NIST_Full scan_1_POS__F9282,NIST_Full scan_1_POS,multi,1,1.0,1,True
NIST_Full scan_1_POS__F9288,NIST_Full scan_1_POS,empty,0,0.0,0,True
NIST_Full scan_1_POS__F9301,NIST_Full scan_1_POS,empty,0,0.0,0,True
NIST_Full scan_1_POS__F9347,NIST_Full scan_1_POS,multi,1,1.0,1,True
NIST_Full scan_1_POS__F9352,NIST_Full scan_1_POS,multi,1,1.0,1,True
NIST_Full scan_1_POS__F9390,NIST_Full scan_1_POS,multi,1,1.0,1,True
NIST_Full scan_1_POS__F9396,NIST_Full scan_1_POS,single,1,0.99853515625,1,True
NIST_Full scan_1_POS__F9413,NIST_Full scan_1_POS,multi,1,1.0,1,True
NIST_Full scan_1_POS__F9441,NIST_Full scan_1_POS,empty,0,0.00022518634796142578,0,True
NIST_Full scan_1_POS__F9490,NIST_Full scan_1_POS,empty,0,0.0,0,True
NIST_Full scan_1_POS__F9492,NIST_Full scan_1_POS,single,1,1.0,1,True
NIST_Full scan_1_POS__F9500,NIST_Full scan_1_POS,empty,0,0.0,0,True
NIST_Full scan_1_POS__F9510,NIST_Full scan_1_POS,empty,0,0.0,0,True
NIST_Full scan_1_POS__F9513,NIST_Full scan_1_POS,empty,0,0.0,0,True
NIST_Full scan_1_POS__F953,NIST_Full scan_1_POS,empty,0,0.0,0,True
NIST_Full scan_1_POS__F9537,NIST_Full scan_1_POS,multi,1,1.0,1,True
NIST_Full scan_1_POS__F9546,NIST_Full scan_1_POS,empty,0,0.0,0,True
NIST_Full scan_1_POS__F9568,NIST_Full scan_1_POS,multi,1,3.1948089599609375e-05,0,False
NIST_Full scan_1_POS__F9573,NIST_Full scan_1_POS,single,1,0.006717681884765625,0,False
NIST_Full scan_1_POS__F9576,NIST_Full scan_1_POS,empty,0,1.7285346984863281e-06,0,True
NIST_Full scan_1_POS__F9587,NIST_Full scan_1_POS,empty,0,0.002834320068359375,0,True
NIST_Full scan_1_POS__F9592,NIST_Full scan_1_POS,empty,0,0.0,0,True
NIST_Full scan_1_POS__F9607,NIST_Full scan_1_POS,empty,0,2.384185791015625e-07,0,True
NIST_Full scan_1_POS__F961,NIST_Full scan_1_POS,empty,0,0.0,0,True
NIST_Full scan_1_POS__F9620,NIST_Full scan_1_POS,single,1,0.99560546875,1,True
NIST_Full scan_1_POS__F9665,NIST_Full scan_1_POS,single,1,1.0,1,True
NIST_Full scan_1_POS__F968,NIST_Full scan_1_POS,empty,0,0.0,0,True
NIST_Full scan_1_POS__F9705,NIST_Full scan_1_POS,single,1,0.99853515625,1,True
NIST_Full scan_1_POS__F9716,NIST_Full scan_1_POS,single,0,5.960464477539063e-08,0,True
NIST_Full scan_1_POS__F972,NIST_Full scan_1_POS,empty,0,0.0,0,True
NIST_Full scan_1_POS__F9746,NIST_Full scan_1_POS,multi,1,1.0,1,True
NIST_Full scan_1_POS__F9778,NIST_Full scan_1_POS,single,1,0.974609375,1,True
NIST_Full scan_1_POS__F9825,NIST_Full scan_1_POS,multi,1,1.0,1,True
NIST_Full scan_1_POS__F9838,NIST_Full scan_1_POS,single,1,1.0,1,True
NIST_Full scan_1_POS__F9846,NIST_Full scan_1_POS,multi,1,1.0,1,True
NIST_Full scan_1_POS__F9850,NIST_Full scan_1_POS,empty,0,6.157159805297852e-05,0,True
NIST_Full scan_1_POS__F9872,NIST_Full scan_1_POS,multi,1,0.0640869140625,0,False
NIST_Full scan_1_POS__F9878,NIST_Full scan_1_POS,multi,1,0.0016040802001953125,0,False
NIST_Full scan_1_POS__F9909,NIST_Full scan_1_POS,empty,0,0.0,0,True
NIST_Full scan_1_POS__F9918,NIST_Full scan_1_POS,single,1,0.99951171875,1,True
NIST_Full scan_1_POS__F9961,NIST_Full scan_1_POS,single,1,1.0,1,True
NIST_Full scan_1_POS__F9964,NIST_Full scan_1_POS,single,1,0.002124786376953125,0,False
NIST_Full scan_1_POS__F9989,NIST_Full scan_1_POS,single,1,1.0,1,True
